<?xml version="1.0" encoding="UTF-8"?>

<!-- generated on 2025-08-07 19:23:47 by Eclipse SUMO sumo Version 1.23.1
<sumoConfiguration xmlns:xsi="http://www.w3.org/2001/XMLSchema-instance" xsi:noNamespaceSchemaLocation="http://sumo.dlr.de/xsd/sumoConfiguration.xsd">

    <input>
        <net-file value="Desktop\Master Thesis\Network_fin.net.xml"/>
        <route-files value="Desktop\Master Thesis\demand_model_amsterdam.rou.xml"/>
        <additional-files value="Desktop\Master Thesis\Additionnal.add.xml"/>
    </input>

    <output>
        <summary-output value="outputf/summary_coor_alinea_1neigh_method1_K80_target5_44835.xml"/>
        <summary-output.period value="300"/>
        <tripinfo-output value="outputf/tripinfo_coor_alinea_1neigh_method1_K80_target5_44835.xml"/>
    </output>

    <time>
        <begin value="0"/>
        <end value="82800"/>
        <step-length value="1"/>
    </time>

    <processing>
        <time-to-teleport value="-1"/>
    </processing>

    <report>
        <verbose value="true"/>
        <no-step-log value="true"/>
    </report>

    <emissions>
        <device.emissions.period value="10"/>
    </emissions>

    <traci_server>
        <remote-port value="64651"/>
    </traci_server>

    <random_number>
        <seed value="44835"/>
    </random_number>

</sumoConfiguration>
-->

<summary xmlns:xsi="http://www.w3.org/2001/XMLSchema-instance" xsi:noNamespaceSchemaLocation="http://sumo.dlr.de/xsd/summary_file.xsd">
    <step time="0.00" loaded="2" inserted="2" running="2" waiting="0" ended="0" arrived="0" collisions="0" teleports="0" halting="2" stopped="0" meanWaitingTime="0.00" meanTravelTime="-1.00" meanSpeed="0.00" meanSpeedRelative="0.00" duration="1"/>
    <step time="300.00" loaded="182" inserted="182" running="111" waiting="0" ended="71" arrived="71" collisions="0" teleports="0" halting="1" stopped="0" meanWaitingTime="0.24" meanTravelTime="106.62" meanSpeed="25.18" meanSpeedRelative="0.79" duration="1"/>
    <step time="600.00" loaded="397" inserted="397" running="164" waiting="0" ended="233" arrived="233" collisions="0" teleports="0" halting="0" stopped="0" meanWaitingTime="0.42" meanTravelTime="161.18" meanSpeed="25.70" meanSpeedRelative="0.80" duration="2"/>
    <step time="900.00" loaded="570" inserted="570" running="162" waiting="0" ended="408" arrived="408" collisions="2" teleports="2" halting="1" stopped="0" meanWaitingTime="0.39" meanTravelTime="187.78" meanSpeed="24.30" meanSpeedRelative="0.76" duration="2"/>
    <step time="1200.00" loaded="735" inserted="735" running="151" waiting="0" ended="584" arrived="584" collisions="2" teleports="2" halting="2" stopped="0" meanWaitingTime="0.38" meanTravelTime="213.22" meanSpeed="25.46" meanSpeedRelative="0.80" duration="1"/>
    <step time="1500.00" loaded="904" inserted="902" running="150" waiting="2" ended="752" arrived="752" collisions="2" teleports="2" halting="1" stopped="0" meanWaitingTime="0.39" meanTravelTime="228.34" meanSpeed="24.95" meanSpeedRelative="0.78" duration="1"/>
    <step time="1800.00" loaded="1087" inserted="1087" running="155" waiting="0" ended="932" arrived="932" collisions="2" teleports="2" halting="0" stopped="0" meanWaitingTime="0.39" meanTravelTime="228.31" meanSpeed="24.64" meanSpeedRelative="0.77" duration="1"/>
    <step time="2100.00" loaded="1266" inserted="1265" running="168" waiting="1" ended="1097" arrived="1097" collisions="2" teleports="2" halting="1" stopped="0" meanWaitingTime="0.39" meanTravelTime="234.39" meanSpeed="24.70" meanSpeedRelative="0.77" duration="1"/>
    <step time="2400.00" loaded="1450" inserted="1450" running="156" waiting="0" ended="1294" arrived="1294" collisions="2" teleports="2" halting="1" stopped="0" meanWaitingTime="0.40" meanTravelTime="240.79" meanSpeed="25.15" meanSpeedRelative="0.79" duration="1"/>
    <step time="2700.00" loaded="1625" inserted="1625" running="144" waiting="0" ended="1481" arrived="1481" collisions="2" teleports="2" halting="0" stopped="0" meanWaitingTime="0.39" meanTravelTime="240.90" meanSpeed="25.13" meanSpeedRelative="0.79" duration="1"/>
    <step time="3000.00" loaded="1807" inserted="1807" running="144" waiting="0" ended="1663" arrived="1663" collisions="3" teleports="3" halting="0" stopped="0" meanWaitingTime="0.37" meanTravelTime="243.10" meanSpeed="25.29" meanSpeedRelative="0.79" duration="0"/>
    <step time="3300.00" loaded="2006" inserted="1999" running="158" waiting="7" ended="1841" arrived="1841" collisions="3" teleports="3" halting="2" stopped="0" meanWaitingTime="0.69" meanTravelTime="244.75" meanSpeed="23.95" meanSpeedRelative="0.75" duration="1"/>
    <step time="3600.00" loaded="2159" inserted="2142" running="151" waiting="17" ended="1991" arrived="1991" collisions="3" teleports="3" halting="2" stopped="0" meanWaitingTime="2.03" meanTravelTime="248.59" meanSpeed="24.04" meanSpeedRelative="0.75" duration="84"/>
    <step time="3900.00" loaded="2260" inserted="2248" running="108" waiting="12" ended="2140" arrived="2140" collisions="3" teleports="3" halting="2" stopped="0" meanWaitingTime="4.16" meanTravelTime="251.85" meanSpeed="23.87" meanSpeedRelative="0.75" duration="1"/>
    <step time="4200.00" loaded="2365" inserted="2353" running="105" waiting="12" ended="2248" arrived="2248" collisions="3" teleports="3" halting="0" stopped="0" meanWaitingTime="5.22" meanTravelTime="254.58" meanSpeed="24.49" meanSpeedRelative="0.77" duration="1"/>
    <step time="4500.00" loaded="2493" inserted="2483" running="118" waiting="10" ended="2365" arrived="2365" collisions="3" teleports="3" halting="1" stopped="0" meanWaitingTime="6.71" meanTravelTime="254.20" meanSpeed="24.51" meanSpeedRelative="0.77" duration="1"/>
    <step time="4800.00" loaded="2619" inserted="2612" running="109" waiting="7" ended="2503" arrived="2503" collisions="3" teleports="3" halting="5" stopped="0" meanWaitingTime="7.64" meanTravelTime="256.08" meanSpeed="24.77" meanSpeedRelative="0.77" duration="0"/>
    <step time="5100.00" loaded="2714" inserted="2711" running="87" waiting="3" ended="2624" arrived="2624" collisions="3" teleports="3" halting="1" stopped="0" meanWaitingTime="8.08" meanTravelTime="257.40" meanSpeed="24.00" meanSpeedRelative="0.75" duration="1"/>
    <step time="5400.00" loaded="2828" inserted="2828" running="116" waiting="0" ended="2712" arrived="2712" collisions="3" teleports="3" halting="0" stopped="0" meanWaitingTime="7.84" meanTravelTime="258.09" meanSpeed="25.68" meanSpeedRelative="0.80" duration="0"/>
    <step time="5700.00" loaded="2933" inserted="2933" running="90" waiting="0" ended="2843" arrived="2843" collisions="3" teleports="3" halting="3" stopped="0" meanWaitingTime="7.58" meanTravelTime="258.69" meanSpeed="24.70" meanSpeedRelative="0.77" duration="0"/>
    <step time="6000.00" loaded="3046" inserted="3046" running="95" waiting="0" ended="2951" arrived="2951" collisions="3" teleports="3" halting="1" stopped="0" meanWaitingTime="7.31" meanTravelTime="258.23" meanSpeed="26.73" meanSpeedRelative="0.84" duration="1"/>
    <step time="6300.00" loaded="3143" inserted="3142" running="91" waiting="1" ended="3051" arrived="3051" collisions="3" teleports="3" halting="2" stopped="0" meanWaitingTime="7.10" meanTravelTime="258.97" meanSpeed="24.79" meanSpeedRelative="0.77" duration="1"/>
    <step time="6600.00" loaded="3259" inserted="3259" running="95" waiting="0" ended="3164" arrived="3164" collisions="3" teleports="3" halting="1" stopped="0" meanWaitingTime="6.87" meanTravelTime="259.16" meanSpeed="24.63" meanSpeedRelative="0.77" duration="1"/>
    <step time="6900.00" loaded="3386" inserted="3386" running="100" waiting="0" ended="3286" arrived="3286" collisions="3" teleports="3" halting="0" stopped="0" meanWaitingTime="6.63" meanTravelTime="258.44" meanSpeed="25.29" meanSpeedRelative="0.79" duration="1"/>
    <step time="7200.00" loaded="3496" inserted="3496" running="101" waiting="0" ended="3395" arrived="3395" collisions="3" teleports="3" halting="2" stopped="0" meanWaitingTime="6.43" meanTravelTime="258.72" meanSpeed="24.76" meanSpeedRelative="0.77" duration="86"/>
    <step time="7500.00" loaded="3628" inserted="3624" running="120" waiting="4" ended="3504" arrived="3504" collisions="3" teleports="3" halting="0" stopped="0" meanWaitingTime="6.29" meanTravelTime="258.48" meanSpeed="24.11" meanSpeedRelative="0.75" duration="1"/>
    <step time="7800.00" loaded="3785" inserted="3767" running="134" waiting="18" ended="3633" arrived="3633" collisions="3" teleports="3" halting="4" stopped="0" meanWaitingTime="6.61" meanTravelTime="258.35" meanSpeed="24.14" meanSpeedRelative="0.75" duration="0"/>
    <step time="8100.00" loaded="3953" inserted="3936" running="150" waiting="17" ended="3786" arrived="3786" collisions="3" teleports="3" halting="6" stopped="0" meanWaitingTime="7.64" meanTravelTime="259.12" meanSpeed="24.01" meanSpeedRelative="0.75" duration="1"/>
    <step time="8400.00" loaded="4103" inserted="4091" running="140" waiting="12" ended="3951" arrived="3951" collisions="3" teleports="3" halting="1" stopped="0" meanWaitingTime="8.36" meanTravelTime="259.47" meanSpeed="23.93" meanSpeedRelative="0.75" duration="1"/>
    <step time="8700.00" loaded="4244" inserted="4236" running="135" waiting="8" ended="4101" arrived="4101" collisions="3" teleports="3" halting="3" stopped="0" meanWaitingTime="8.74" meanTravelTime="260.42" meanSpeed="24.39" meanSpeedRelative="0.76" duration="1"/>
    <step time="9000.00" loaded="4409" inserted="4394" running="139" waiting="15" ended="4255" arrived="4255" collisions="3" teleports="3" halting="6" stopped="0" meanWaitingTime="9.21" meanTravelTime="260.54" meanSpeed="24.88" meanSpeedRelative="0.78" duration="1"/>
    <step time="9300.00" loaded="4558" inserted="4547" running="149" waiting="11" ended="4398" arrived="4398" collisions="3" teleports="3" halting="1" stopped="0" meanWaitingTime="9.66" meanTravelTime="260.26" meanSpeed="24.48" meanSpeedRelative="0.77" duration="1"/>
    <step time="9600.00" loaded="4714" inserted="4705" running="128" waiting="9" ended="4577" arrived="4577" collisions="3" teleports="3" halting="0" stopped="0" meanWaitingTime="10.04" meanTravelTime="261.15" meanSpeed="25.32" meanSpeedRelative="0.79" duration="1"/>
    <step time="9900.00" loaded="4872" inserted="4861" running="126" waiting="11" ended="4735" arrived="4735" collisions="3" teleports="3" halting="2" stopped="0" meanWaitingTime="10.30" meanTravelTime="260.69" meanSpeed="24.27" meanSpeedRelative="0.76" duration="1"/>
    <step time="10200.00" loaded="5049" inserted="5033" running="146" waiting="16" ended="4887" arrived="4887" collisions="3" teleports="3" halting="4" stopped="0" meanWaitingTime="10.76" meanTravelTime="260.53" meanSpeed="23.19" meanSpeedRelative="0.72" duration="0"/>
    <step time="10500.00" loaded="5211" inserted="5195" running="132" waiting="16" ended="5063" arrived="5063" collisions="3" teleports="3" halting="1" stopped="0" meanWaitingTime="11.26" meanTravelTime="259.86" meanSpeed="24.70" meanSpeedRelative="0.77" duration="1"/>
    <step time="10800.00" loaded="5379" inserted="5355" running="132" waiting="24" ended="5223" arrived="5223" collisions="5" teleports="5" halting="0" stopped="0" meanWaitingTime="11.84" meanTravelTime="259.38" meanSpeed="24.70" meanSpeedRelative="0.77" duration="86"/>
    <step time="11100.00" loaded="5535" inserted="5507" running="123" waiting="28" ended="5384" arrived="5384" collisions="5" teleports="5" halting="3" stopped="0" meanWaitingTime="12.89" meanTravelTime="259.82" meanSpeed="24.54" meanSpeedRelative="0.77" duration="1"/>
    <step time="11400.00" loaded="5682" inserted="5651" running="117" waiting="31" ended="5534" arrived="5534" collisions="5" teleports="5" halting="1" stopped="0" meanWaitingTime="13.84" meanTravelTime="260.08" meanSpeed="23.51" meanSpeedRelative="0.73" duration="2"/>
    <step time="11700.00" loaded="5829" inserted="5793" running="112" waiting="36" ended="5681" arrived="5681" collisions="5" teleports="5" halting="2" stopped="0" meanWaitingTime="15.16" meanTravelTime="258.62" meanSpeed="24.08" meanSpeedRelative="0.75" duration="1"/>
    <step time="12000.00" loaded="5964" inserted="5923" running="112" waiting="41" ended="5811" arrived="5811" collisions="5" teleports="5" halting="2" stopped="0" meanWaitingTime="16.29" meanTravelTime="258.88" meanSpeed="23.84" meanSpeedRelative="0.74" duration="1"/>
    <step time="12300.00" loaded="6112" inserted="6062" running="102" waiting="50" ended="5960" arrived="5960" collisions="6" teleports="6" halting="0" stopped="0" meanWaitingTime="17.74" meanTravelTime="258.83" meanSpeed="24.38" meanSpeedRelative="0.76" duration="0"/>
    <step time="12600.00" loaded="6250" inserted="6204" running="113" waiting="46" ended="6091" arrived="6091" collisions="6" teleports="6" halting="2" stopped="0" meanWaitingTime="19.59" meanTravelTime="258.03" meanSpeed="23.97" meanSpeedRelative="0.75" duration="0"/>
    <step time="12900.00" loaded="6380" inserted="6337" running="97" waiting="43" ended="6240" arrived="6240" collisions="6" teleports="6" halting="3" stopped="0" meanWaitingTime="21.22" meanTravelTime="257.00" meanSpeed="22.94" meanSpeedRelative="0.72" duration="1"/>
    <step time="13200.00" loaded="6525" inserted="6478" running="118" waiting="47" ended="6360" arrived="6360" collisions="6" teleports="6" halting="3" stopped="0" meanWaitingTime="23.10" meanTravelTime="256.15" meanSpeed="24.79" meanSpeedRelative="0.77" duration="1"/>
    <step time="13500.00" loaded="6662" inserted="6605" running="119" waiting="57" ended="6486" arrived="6486" collisions="6" teleports="6" halting="2" stopped="0" meanWaitingTime="24.53" meanTravelTime="255.93" meanSpeed="24.25" meanSpeedRelative="0.76" duration="1"/>
    <step time="13800.00" loaded="6824" inserted="6764" running="130" waiting="60" ended="6634" arrived="6634" collisions="6" teleports="6" halting="2" stopped="0" meanWaitingTime="26.02" meanTravelTime="255.93" meanSpeed="24.51" meanSpeedRelative="0.77" duration="1"/>
    <step time="14100.00" loaded="6976" inserted="6902" running="119" waiting="74" ended="6783" arrived="6783" collisions="6" teleports="6" halting="1" stopped="0" meanWaitingTime="27.83" meanTravelTime="256.13" meanSpeed="24.09" meanSpeedRelative="0.75" duration="1"/>
    <step time="14400.00" loaded="7121" inserted="7043" running="120" waiting="78" ended="6923" arrived="6923" collisions="6" teleports="6" halting="2" stopped="0" meanWaitingTime="29.79" meanTravelTime="255.69" meanSpeed="24.62" meanSpeedRelative="0.77" duration="86"/>
    <step time="14700.00" loaded="7213" inserted="7143" running="75" waiting="70" ended="7068" arrived="7068" collisions="6" teleports="6" halting="5" stopped="0" meanWaitingTime="32.00" meanTravelTime="255.61" meanSpeed="24.40" meanSpeedRelative="0.76" duration="1"/>
    <step time="15000.00" loaded="7316" inserted="7248" running="88" waiting="68" ended="7160" arrived="7160" collisions="6" teleports="6" halting="1" stopped="0" meanWaitingTime="34.48" meanTravelTime="255.67" meanSpeed="25.14" meanSpeedRelative="0.79" duration="1"/>
    <step time="15300.00" loaded="7425" inserted="7365" running="84" waiting="60" ended="7281" arrived="7281" collisions="6" teleports="6" halting="3" stopped="0" meanWaitingTime="37.34" meanTravelTime="255.14" meanSpeed="23.79" meanSpeedRelative="0.74" duration="0"/>
    <step time="15600.00" loaded="7518" inserted="7460" running="70" waiting="58" ended="7390" arrived="7390" collisions="6" teleports="6" halting="3" stopped="0" meanWaitingTime="39.32" meanTravelTime="254.89" meanSpeed="24.14" meanSpeedRelative="0.75" duration="0"/>
    <step time="15900.00" loaded="7607" inserted="7551" running="66" waiting="56" ended="7485" arrived="7485" collisions="6" teleports="6" halting="1" stopped="0" meanWaitingTime="41.23" meanTravelTime="254.49" meanSpeed="23.72" meanSpeedRelative="0.74" duration="0"/>
    <step time="16200.00" loaded="7710" inserted="7658" running="90" waiting="52" ended="7568" arrived="7568" collisions="6" teleports="6" halting="2" stopped="0" meanWaitingTime="43.16" meanTravelTime="253.94" meanSpeed="24.65" meanSpeedRelative="0.77" duration="1"/>
    <step time="16500.00" loaded="7817" inserted="7767" running="75" waiting="50" ended="7692" arrived="7692" collisions="6" teleports="6" halting="3" stopped="0" meanWaitingTime="44.81" meanTravelTime="254.10" meanSpeed="24.58" meanSpeedRelative="0.77" duration="1"/>
    <step time="16800.00" loaded="7916" inserted="7870" running="81" waiting="46" ended="7789" arrived="7789" collisions="6" teleports="6" halting="1" stopped="0" meanWaitingTime="46.03" meanTravelTime="253.71" meanSpeed="24.11" meanSpeedRelative="0.75" duration="0"/>
    <step time="17100.00" loaded="8009" inserted="7966" running="75" waiting="43" ended="7891" arrived="7891" collisions="6" teleports="6" halting="1" stopped="0" meanWaitingTime="47.67" meanTravelTime="253.41" meanSpeed="25.30" meanSpeedRelative="0.79" duration="0"/>
    <step time="17400.00" loaded="8100" inserted="8056" running="65" waiting="44" ended="7991" arrived="7991" collisions="6" teleports="6" halting="5" stopped="0" meanWaitingTime="48.83" meanTravelTime="253.04" meanSpeed="23.43" meanSpeedRelative="0.73" duration="0"/>
    <step time="17700.00" loaded="8197" inserted="8151" running="63" waiting="46" ended="8088" arrived="8088" collisions="6" teleports="6" halting="3" stopped="0" meanWaitingTime="49.75" meanTravelTime="252.77" meanSpeed="23.75" meanSpeedRelative="0.74" duration="1"/>
    <step time="18000.00" loaded="8293" inserted="8250" running="73" waiting="43" ended="8177" arrived="8177" collisions="6" teleports="6" halting="2" stopped="0" meanWaitingTime="50.91" meanTravelTime="252.32" meanSpeed="24.53" meanSpeedRelative="0.77" duration="80"/>
    <step time="18300.00" loaded="8491" inserted="8437" running="115" waiting="54" ended="8322" arrived="8322" collisions="6" teleports="6" halting="3" stopped="0" meanWaitingTime="51.52" meanTravelTime="251.15" meanSpeed="23.78" meanSpeedRelative="0.74" duration="1"/>
    <step time="18600.00" loaded="8684" inserted="8625" running="138" waiting="59" ended="8487" arrived="8487" collisions="6" teleports="6" halting="5" stopped="0" meanWaitingTime="51.96" meanTravelTime="250.08" meanSpeed="24.46" meanSpeedRelative="0.76" duration="1"/>
    <step time="18900.00" loaded="8902" inserted="8822" running="165" waiting="80" ended="8657" arrived="8657" collisions="6" teleports="6" halting="1" stopped="0" meanWaitingTime="52.36" meanTravelTime="249.95" meanSpeed="23.28" meanSpeedRelative="0.73" duration="1"/>
    <step time="19200.00" loaded="9093" inserted="8999" running="148" waiting="94" ended="8851" arrived="8851" collisions="6" teleports="6" halting="1" stopped="0" meanWaitingTime="53.25" meanTravelTime="249.47" meanSpeed="24.30" meanSpeedRelative="0.76" duration="1"/>
    <step time="19500.00" loaded="9276" inserted="9173" running="129" waiting="103" ended="9044" arrived="9044" collisions="6" teleports="6" halting="1" stopped="0" meanWaitingTime="54.35" meanTravelTime="249.68" meanSpeed="25.92" meanSpeedRelative="0.81" duration="1"/>
    <step time="19800.00" loaded="9476" inserted="9351" running="140" waiting="125" ended="9211" arrived="9211" collisions="6" teleports="6" halting="3" stopped="0" meanWaitingTime="55.56" meanTravelTime="249.67" meanSpeed="23.67" meanSpeedRelative="0.74" duration="1"/>
    <step time="20100.00" loaded="9692" inserted="9545" running="157" waiting="147" ended="9388" arrived="9388" collisions="6" teleports="6" halting="4" stopped="0" meanWaitingTime="56.95" meanTravelTime="249.54" meanSpeed="23.95" meanSpeedRelative="0.75" duration="1"/>
    <step time="20400.00" loaded="9861" inserted="9704" running="129" waiting="157" ended="9575" arrived="9575" collisions="6" teleports="6" halting="4" stopped="0" meanWaitingTime="58.86" meanTravelTime="249.18" meanSpeed="24.44" meanSpeedRelative="0.76" duration="0"/>
    <step time="20700.00" loaded="10069" inserted="9890" running="151" waiting="179" ended="9739" arrived="9739" collisions="7" teleports="7" halting="1" stopped="0" meanWaitingTime="60.62" meanTravelTime="249.27" meanSpeed="24.08" meanSpeedRelative="0.75" duration="1"/>
    <step time="21000.00" loaded="10259" inserted="10067" running="146" waiting="192" ended="9921" arrived="9921" collisions="7" teleports="7" halting="2" stopped="0" meanWaitingTime="63.26" meanTravelTime="249.18" meanSpeed="23.73" meanSpeedRelative="0.74" duration="1"/>
    <step time="21300.00" loaded="10450" inserted="10253" running="143" waiting="197" ended="10110" arrived="10110" collisions="8" teleports="8" halting="4" stopped="0" meanWaitingTime="66.05" meanTravelTime="249.56" meanSpeed="24.25" meanSpeedRelative="0.76" duration="1"/>
    <step time="21600.00" loaded="10630" inserted="10416" running="141" waiting="214" ended="10275" arrived="10275" collisions="8" teleports="8" halting="6" stopped="0" meanWaitingTime="68.32" meanTravelTime="249.20" meanSpeed="23.11" meanSpeedRelative="0.72" duration="79"/>
    <step time="21900.00" loaded="11091" inserted="10803" running="312" waiting="288" ended="10491" arrived="10491" collisions="9" teleports="9" halting="6" stopped="0" meanWaitingTime="72.38" meanTravelTime="248.45" meanSpeed="21.86" meanSpeedRelative="0.68" duration="2"/>
    <step time="22200.00" loaded="11574" inserted="11210" running="382" waiting="364" ended="10828" arrived="10828" collisions="9" teleports="9" halting="10" stopped="0" meanWaitingTime="78.25" meanTravelTime="248.19" meanSpeed="21.49" meanSpeedRelative="0.67" duration="2"/>
    <step time="22500.00" loaded="12050" inserted="11596" running="391" waiting="454" ended="11205" arrived="11205" collisions="9" teleports="9" halting="6" stopped="0" meanWaitingTime="84.53" meanTravelTime="249.73" meanSpeed="21.18" meanSpeedRelative="0.66" duration="2"/>
    <step time="22800.00" loaded="12503" inserted="11969" running="401" waiting="534" ended="11568" arrived="11568" collisions="9" teleports="9" halting="2" stopped="0" meanWaitingTime="90.39" meanTravelTime="251.21" meanSpeed="21.52" meanSpeedRelative="0.67" duration="3"/>
    <step time="23100.00" loaded="12959" inserted="12379" running="425" waiting="580" ended="11954" arrived="11954" collisions="10" teleports="10" halting="8" stopped="0" meanWaitingTime="97.51" meanTravelTime="252.99" meanSpeed="20.01" meanSpeedRelative="0.63" duration="2"/>
    <step time="23400.00" loaded="13407" inserted="12764" running="427" waiting="643" ended="12337" arrived="12337" collisions="11" teleports="11" halting="10" stopped="0" meanWaitingTime="104.78" meanTravelTime="254.53" meanSpeed="20.39" meanSpeedRelative="0.64" duration="5"/>
    <step time="23700.00" loaded="13903" inserted="13170" running="459" waiting="733" ended="12711" arrived="12711" collisions="14" teleports="14" halting="4" stopped="0" meanWaitingTime="112.47" meanTravelTime="256.91" meanSpeed="20.72" meanSpeedRelative="0.65" duration="3"/>
    <step time="24000.00" loaded="14382" inserted="13564" running="454" waiting="818" ended="13110" arrived="13110" collisions="16" teleports="16" halting="3" stopped="0" meanWaitingTime="120.92" meanTravelTime="259.45" meanSpeed="20.84" meanSpeedRelative="0.65" duration="3"/>
    <step time="24300.00" loaded="14810" inserted="13943" running="437" waiting="867" ended="13506" arrived="13506" collisions="19" teleports="19" halting="8" stopped="0" meanWaitingTime="130.32" meanTravelTime="261.67" meanSpeed="19.87" meanSpeedRelative="0.62" duration="4"/>
    <step time="24600.00" loaded="15270" inserted="14345" running="470" waiting="925" ended="13875" arrived="13875" collisions="19" teleports="19" halting="8" stopped="0" meanWaitingTime="140.30" meanTravelTime="263.45" meanSpeed="19.29" meanSpeedRelative="0.60" duration="2"/>
    <step time="24900.00" loaded="15708" inserted="14750" running="507" waiting="958" ended="14243" arrived="14243" collisions="20" teleports="20" halting="13" stopped="0" meanWaitingTime="151.23" meanTravelTime="265.88" meanSpeed="18.04" meanSpeedRelative="0.56" duration="2"/>
    <step time="25200.00" loaded="16163" inserted="15143" running="464" waiting="1020" ended="14679" arrived="14679" collisions="21" teleports="21" halting="3" stopped="0" meanWaitingTime="162.75" meanTravelTime="269.12" meanSpeed="19.99" meanSpeedRelative="0.62" duration="86"/>
    <step time="25500.00" loaded="16673" inserted="15577" running="455" waiting="1096" ended="15122" arrived="15122" collisions="23" teleports="23" halting="7" stopped="0" meanWaitingTime="174.09" meanTravelTime="271.33" meanSpeed="20.52" meanSpeedRelative="0.64" duration="3"/>
    <step time="25800.00" loaded="17217" inserted="16026" running="489" waiting="1191" ended="15537" arrived="15537" collisions="24" teleports="24" halting="5" stopped="0" meanWaitingTime="185.26" meanTravelTime="272.29" meanSpeed="20.00" meanSpeedRelative="0.62" duration="2"/>
    <step time="26100.00" loaded="17785" inserted="16485" running="511" waiting="1300" ended="15974" arrived="15974" collisions="24" teleports="24" halting="2" stopped="0" meanWaitingTime="197.38" meanTravelTime="273.97" meanSpeed="19.81" meanSpeedRelative="0.62" duration="3"/>
    <step time="26400.00" loaded="18350" inserted="16950" running="517" waiting="1400" ended="16433" arrived="16433" collisions="26" teleports="26" halting="4" stopped="0" meanWaitingTime="208.99" meanTravelTime="275.48" meanSpeed="19.15" meanSpeedRelative="0.60" duration="4"/>
    <step time="26700.00" loaded="18878" inserted="17410" running="544" waiting="1468" ended="16866" arrived="16866" collisions="26" teleports="26" halting="9" stopped="0" meanWaitingTime="222.55" meanTravelTime="277.56" meanSpeed="18.34" meanSpeedRelative="0.57" duration="4"/>
    <step time="27000.00" loaded="19478" inserted="17860" running="521" waiting="1618" ended="17339" arrived="17339" collisions="29" teleports="29" halting="6" stopped="0" meanWaitingTime="235.76" meanTravelTime="279.47" meanSpeed="18.90" meanSpeedRelative="0.59" duration="4"/>
    <step time="27300.00" loaded="20014" inserted="18310" running="507" waiting="1704" ended="17803" arrived="17803" collisions="29" teleports="29" halting="5" stopped="0" meanWaitingTime="249.27" meanTravelTime="281.18" meanSpeed="19.11" meanSpeedRelative="0.60" duration="4"/>
    <step time="27600.00" loaded="20544" inserted="18761" running="507" waiting="1783" ended="18254" arrived="18254" collisions="30" teleports="30" halting="4" stopped="0" meanWaitingTime="265.04" meanTravelTime="282.44" meanSpeed="18.90" meanSpeedRelative="0.59" duration="3"/>
    <step time="27900.00" loaded="21116" inserted="19240" running="526" waiting="1876" ended="18714" arrived="18714" collisions="30" teleports="30" halting="5" stopped="0" meanWaitingTime="281.36" meanTravelTime="283.46" meanSpeed="18.92" meanSpeedRelative="0.59" duration="4"/>
    <step time="28200.00" loaded="21651" inserted="19690" running="499" waiting="1961" ended="19191" arrived="19191" collisions="31" teleports="31" halting="10" stopped="0" meanWaitingTime="296.06" meanTravelTime="284.81" meanSpeed="18.47" meanSpeedRelative="0.58" duration="4"/>
    <step time="28500.00" loaded="22228" inserted="20149" running="537" waiting="2079" ended="19612" arrived="19612" collisions="33" teleports="33" halting="9" stopped="0" meanWaitingTime="312.36" meanTravelTime="286.02" meanSpeed="18.73" meanSpeedRelative="0.59" duration="3"/>
    <step time="28800.00" loaded="22776" inserted="20581" running="506" waiting="2195" ended="20075" arrived="20075" collisions="36" teleports="36" halting="4" stopped="0" meanWaitingTime="327.37" meanTravelTime="287.24" meanSpeed="18.27" meanSpeedRelative="0.57" duration="91"/>
    <step time="29100.00" loaded="23125" inserted="20995" running="488" waiting="2130" ended="20507" arrived="20507" collisions="36" teleports="36" halting="4" stopped="0" meanWaitingTime="343.85" meanTravelTime="288.76" meanSpeed="19.91" meanSpeedRelative="0.62" duration="3"/>
    <step time="29400.00" loaded="23507" inserted="21456" running="494" waiting="2051" ended="20962" arrived="20962" collisions="36" teleports="36" halting="10" stopped="0" meanWaitingTime="361.17" meanTravelTime="289.77" meanSpeed="19.72" meanSpeedRelative="0.62" duration="3"/>
    <step time="29700.00" loaded="23888" inserted="21885" running="463" waiting="2003" ended="21422" arrived="21422" collisions="37" teleports="37" halting="5" stopped="0" meanWaitingTime="376.85" meanTravelTime="290.71" meanSpeed="19.78" meanSpeedRelative="0.62" duration="4"/>
    <step time="30000.00" loaded="24250" inserted="22289" running="433" waiting="1961" ended="21856" arrived="21856" collisions="37" teleports="37" halting="5" stopped="0" meanWaitingTime="391.02" meanTravelTime="291.44" meanSpeed="19.65" meanSpeedRelative="0.61" duration="3"/>
    <step time="30300.00" loaded="24619" inserted="22685" running="424" waiting="1934" ended="22261" arrived="22261" collisions="37" teleports="37" halting="6" stopped="0" meanWaitingTime="404.85" meanTravelTime="292.13" meanSpeed="20.26" meanSpeedRelative="0.63" duration="4"/>
    <step time="30600.00" loaded="24960" inserted="23080" running="409" waiting="1880" ended="22671" arrived="22671" collisions="37" teleports="37" halting="5" stopped="0" meanWaitingTime="419.12" meanTravelTime="292.58" meanSpeed="21.25" meanSpeedRelative="0.66" duration="4"/>
    <step time="30900.00" loaded="25350" inserted="23497" running="412" waiting="1853" ended="23085" arrived="23085" collisions="39" teleports="39" halting="7" stopped="0" meanWaitingTime="433.00" meanTravelTime="292.83" meanSpeed="20.10" meanSpeedRelative="0.63" duration="4"/>
    <step time="31200.00" loaded="25712" inserted="23900" running="413" waiting="1812" ended="23487" arrived="23487" collisions="39" teleports="39" halting="5" stopped="0" meanWaitingTime="445.86" meanTravelTime="292.89" meanSpeed="20.91" meanSpeedRelative="0.65" duration="3"/>
    <step time="31500.00" loaded="26064" inserted="24305" running="396" waiting="1759" ended="23909" arrived="23909" collisions="39" teleports="39" halting="9" stopped="0" meanWaitingTime="458.21" meanTravelTime="293.33" meanSpeed="21.34" meanSpeedRelative="0.67" duration="3"/>
    <step time="31800.00" loaded="26404" inserted="24683" running="384" waiting="1721" ended="24299" arrived="24299" collisions="40" teleports="40" halting="3" stopped="0" meanWaitingTime="470.83" meanTravelTime="293.38" meanSpeed="21.05" meanSpeedRelative="0.66" duration="2"/>
    <step time="32100.00" loaded="26782" inserted="25079" running="376" waiting="1703" ended="24703" arrived="24703" collisions="40" teleports="40" halting="8" stopped="0" meanWaitingTime="482.36" meanTravelTime="293.63" meanSpeed="21.65" meanSpeedRelative="0.68" duration="3"/>
    <step time="32400.00" loaded="27140" inserted="25441" running="369" waiting="1699" ended="25072" arrived="25072" collisions="40" teleports="40" halting="12" stopped="0" meanWaitingTime="493.41" meanTravelTime="293.53" meanSpeed="20.91" meanSpeedRelative="0.65" duration="90"/>
    <step time="32700.00" loaded="27392" inserted="25764" running="308" waiting="1628" ended="25456" arrived="25456" collisions="40" teleports="40" halting="8" stopped="0" meanWaitingTime="505.67" meanTravelTime="293.53" meanSpeed="21.39" meanSpeedRelative="0.67" duration="3"/>
    <step time="33000.00" loaded="27639" inserted="26089" running="320" waiting="1550" ended="25769" arrived="25769" collisions="40" teleports="40" halting="7" stopped="0" meanWaitingTime="516.06" meanTravelTime="293.38" meanSpeed="20.76" meanSpeedRelative="0.65" duration="3"/>
    <step time="33300.00" loaded="27923" inserted="26421" running="316" waiting="1502" ended="26105" arrived="26105" collisions="40" teleports="40" halting="5" stopped="0" meanWaitingTime="526.88" meanTravelTime="293.38" meanSpeed="21.64" meanSpeedRelative="0.68" duration="3"/>
    <step time="33600.00" loaded="28190" inserted="26722" running="295" waiting="1468" ended="26427" arrived="26427" collisions="40" teleports="40" halting="6" stopped="0" meanWaitingTime="537.20" meanTravelTime="293.46" meanSpeed="21.73" meanSpeedRelative="0.68" duration="2"/>
    <step time="33900.00" loaded="28466" inserted="27042" running="306" waiting="1424" ended="26736" arrived="26736" collisions="41" teleports="41" halting="3" stopped="0" meanWaitingTime="547.51" meanTravelTime="293.22" meanSpeed="22.09" meanSpeedRelative="0.69" duration="2"/>
    <step time="34200.00" loaded="28740" inserted="27362" running="299" waiting="1378" ended="27063" arrived="27063" collisions="41" teleports="41" halting="4" stopped="0" meanWaitingTime="558.97" meanTravelTime="292.91" meanSpeed="21.38" meanSpeedRelative="0.67" duration="1"/>
    <step time="34500.00" loaded="29001" inserted="27657" running="276" waiting="1344" ended="27381" arrived="27381" collisions="41" teleports="41" halting="5" stopped="0" meanWaitingTime="569.44" meanTravelTime="292.78" meanSpeed="21.58" meanSpeedRelative="0.67" duration="2"/>
    <step time="34800.00" loaded="29262" inserted="27943" running="262" waiting="1319" ended="27681" arrived="27681" collisions="41" teleports="41" halting="2" stopped="0" meanWaitingTime="579.59" meanTravelTime="292.60" meanSpeed="21.94" meanSpeedRelative="0.69" duration="1"/>
    <step time="35100.00" loaded="29507" inserted="28230" running="268" waiting="1277" ended="27962" arrived="27962" collisions="41" teleports="41" halting="5" stopped="0" meanWaitingTime="589.79" meanTravelTime="292.49" meanSpeed="21.97" meanSpeedRelative="0.69" duration="5"/>
    <step time="35400.00" loaded="29762" inserted="28522" running="283" waiting="1240" ended="28239" arrived="28239" collisions="41" teleports="41" halting="11" stopped="0" meanWaitingTime="598.08" meanTravelTime="292.44" meanSpeed="22.46" meanSpeedRelative="0.70" duration="2"/>
    <step time="35700.00" loaded="30008" inserted="28808" running="261" waiting="1200" ended="28547" arrived="28547" collisions="41" teleports="41" halting="5" stopped="0" meanWaitingTime="606.38" meanTravelTime="292.38" meanSpeed="21.40" meanSpeedRelative="0.67" duration="2"/>
    <step time="36000.00" loaded="30258" inserted="29106" running="275" waiting="1152" ended="28831" arrived="28831" collisions="42" teleports="42" halting="3" stopped="0" meanWaitingTime="614.99" meanTravelTime="292.20" meanSpeed="21.49" meanSpeedRelative="0.67" duration="86"/>
    <step time="36300.00" loaded="30730" inserted="29535" running="383" waiting="1195" ended="29152" arrived="29152" collisions="42" teleports="42" halting="9" stopped="0" meanWaitingTime="621.32" meanTravelTime="291.89" meanSpeed="20.22" meanSpeedRelative="0.63" duration="2"/>
    <step time="36600.00" loaded="31229" inserted="29992" running="448" waiting="1237" ended="29544" arrived="29544" collisions="44" teleports="44" halting="2" stopped="0" meanWaitingTime="627.68" meanTravelTime="291.65" meanSpeed="20.14" meanSpeedRelative="0.63" duration="3"/>
    <step time="36900.00" loaded="31730" inserted="30437" running="452" waiting="1293" ended="29985" arrived="29985" collisions="45" teleports="45" halting="4" stopped="0" meanWaitingTime="632.36" meanTravelTime="291.48" meanSpeed="20.93" meanSpeedRelative="0.65" duration="3"/>
    <step time="37200.00" loaded="32220" inserted="30875" running="464" waiting="1345" ended="30411" arrived="30411" collisions="46" teleports="46" halting="8" stopped="0" meanWaitingTime="637.34" meanTravelTime="291.46" meanSpeed="20.48" meanSpeedRelative="0.64" duration="2"/>
    <step time="37500.00" loaded="32649" inserted="31289" running="448" waiting="1360" ended="30841" arrived="30841" collisions="47" teleports="47" halting="10" stopped="0" meanWaitingTime="642.51" meanTravelTime="292.12" meanSpeed="20.29" meanSpeedRelative="0.63" duration="3"/>
    <step time="37800.00" loaded="33061" inserted="31687" running="427" waiting="1374" ended="31260" arrived="31260" collisions="48" teleports="48" halting="5" stopped="0" meanWaitingTime="647.62" meanTravelTime="292.46" meanSpeed="20.65" meanSpeedRelative="0.65" duration="2"/>
    <step time="38100.00" loaded="33561" inserted="32140" running="471" waiting="1421" ended="31669" arrived="31669" collisions="48" teleports="48" halting="3" stopped="0" meanWaitingTime="653.42" meanTravelTime="292.78" meanSpeed="20.73" meanSpeedRelative="0.65" duration="4"/>
    <step time="38400.00" loaded="34071" inserted="32578" running="495" waiting="1493" ended="32083" arrived="32083" collisions="50" teleports="50" halting="9" stopped="0" meanWaitingTime="658.37" meanTravelTime="293.17" meanSpeed="19.96" meanSpeedRelative="0.62" duration="4"/>
    <step time="38700.00" loaded="34545" inserted="32992" running="479" waiting="1553" ended="32513" arrived="32513" collisions="50" teleports="50" halting="11" stopped="0" meanWaitingTime="663.11" meanTravelTime="293.67" meanSpeed="20.85" meanSpeedRelative="0.65" duration="4"/>
    <step time="39000.00" loaded="35047" inserted="33437" running="496" waiting="1610" ended="32941" arrived="32941" collisions="51" teleports="51" halting="6" stopped="0" meanWaitingTime="666.94" meanTravelTime="294.16" meanSpeed="19.99" meanSpeedRelative="0.62" duration="4"/>
    <step time="39300.00" loaded="35527" inserted="33875" running="500" waiting="1652" ended="33375" arrived="33375" collisions="53" teleports="53" halting="6" stopped="0" meanWaitingTime="671.87" meanTravelTime="294.71" meanSpeed="19.86" meanSpeedRelative="0.62" duration="4"/>
    <step time="39600.00" loaded="35997" inserted="34284" running="472" waiting="1713" ended="33812" arrived="33812" collisions="56" teleports="56" halting="5" stopped="0" meanWaitingTime="676.37" meanTravelTime="295.44" meanSpeed="20.33" meanSpeedRelative="0.64" duration="88"/>
    <step time="39900.00" loaded="36534" inserted="34741" running="521" waiting="1793" ended="34220" arrived="34220" collisions="56" teleports="56" halting="6" stopped="0" meanWaitingTime="680.71" meanTravelTime="296.03" meanSpeed="19.47" meanSpeedRelative="0.61" duration="3"/>
    <step time="40200.00" loaded="37073" inserted="35235" running="552" waiting="1838" ended="34683" arrived="34683" collisions="56" teleports="56" halting="6" stopped="0" meanWaitingTime="685.48" meanTravelTime="296.59" meanSpeed="19.48" meanSpeedRelative="0.61" duration="3"/>
    <step time="40500.00" loaded="37600" inserted="35708" running="543" waiting="1892" ended="35165" arrived="35165" collisions="57" teleports="57" halting="8" stopped="0" meanWaitingTime="690.72" meanTravelTime="297.28" meanSpeed="19.26" meanSpeedRelative="0.60" duration="4"/>
    <step time="40800.00" loaded="38143" inserted="36190" running="563" waiting="1953" ended="35627" arrived="35627" collisions="57" teleports="57" halting="3" stopped="0" meanWaitingTime="695.71" meanTravelTime="297.88" meanSpeed="18.95" meanSpeedRelative="0.59" duration="5"/>
    <step time="41100.00" loaded="38685" inserted="36644" running="557" waiting="2041" ended="36087" arrived="36087" collisions="58" teleports="58" halting="5" stopped="0" meanWaitingTime="701.04" meanTravelTime="298.39" meanSpeed="18.66" meanSpeedRelative="0.58" duration="5"/>
    <step time="41400.00" loaded="39234" inserted="37123" running="566" waiting="2111" ended="36557" arrived="36557" collisions="60" teleports="60" halting="6" stopped="0" meanWaitingTime="706.41" meanTravelTime="299.20" meanSpeed="17.87" meanSpeedRelative="0.56" duration="5"/>
    <step time="41700.00" loaded="39724" inserted="37563" running="543" waiting="2161" ended="37020" arrived="37020" collisions="60" teleports="60" halting="5" stopped="0" meanWaitingTime="711.65" meanTravelTime="300.35" meanSpeed="18.22" meanSpeedRelative="0.57" duration="4"/>
    <step time="42000.00" loaded="40250" inserted="38041" running="570" waiting="2209" ended="37471" arrived="37471" collisions="61" teleports="61" halting="8" stopped="0" meanWaitingTime="717.36" meanTravelTime="301.00" meanSpeed="18.22" meanSpeedRelative="0.57" duration="4"/>
    <step time="42300.00" loaded="40759" inserted="38501" running="563" waiting="2258" ended="37938" arrived="37938" collisions="61" teleports="61" halting="8" stopped="0" meanWaitingTime="723.13" meanTravelTime="301.50" meanSpeed="18.08" meanSpeedRelative="0.56" duration="5"/>
    <step time="42600.00" loaded="41277" inserted="38982" running="569" waiting="2295" ended="38413" arrived="38413" collisions="63" teleports="63" halting="2" stopped="0" meanWaitingTime="729.28" meanTravelTime="302.02" meanSpeed="19.46" meanSpeedRelative="0.61" duration="5"/>
    <step time="42900.00" loaded="41805" inserted="39428" running="540" waiting="2377" ended="38888" arrived="38888" collisions="69" teleports="69" halting="5" stopped="0" meanWaitingTime="735.75" meanTravelTime="302.80" meanSpeed="19.50" meanSpeedRelative="0.61" duration="3"/>
    <step time="43200.00" loaded="42337" inserted="39901" running="559" waiting="2436" ended="39342" arrived="39342" collisions="71" teleports="71" halting="7" stopped="0" meanWaitingTime="741.46" meanTravelTime="303.51" meanSpeed="18.39" meanSpeedRelative="0.57" duration="96"/>
    <step time="43500.00" loaded="42886" inserted="40382" running="570" waiting="2504" ended="39812" arrived="39812" collisions="74" teleports="74" halting="6" stopped="0" meanWaitingTime="747.94" meanTravelTime="304.09" meanSpeed="18.25" meanSpeedRelative="0.57" duration="4"/>
    <step time="43800.00" loaded="43433" inserted="40865" running="596" waiting="2568" ended="40269" arrived="40269" collisions="75" teleports="75" halting="4" stopped="0" meanWaitingTime="754.75" meanTravelTime="304.57" meanSpeed="18.53" meanSpeedRelative="0.58" duration="5"/>
    <step time="44100.00" loaded="43972" inserted="41341" running="607" waiting="2631" ended="40734" arrived="40734" collisions="78" teleports="78" halting="5" stopped="0" meanWaitingTime="761.05" meanTravelTime="305.16" meanSpeed="18.52" meanSpeedRelative="0.58" duration="4"/>
    <step time="44400.00" loaded="44531" inserted="41829" running="609" waiting="2702" ended="41220" arrived="41220" collisions="78" teleports="78" halting="12" stopped="0" meanWaitingTime="767.37" meanTravelTime="306.27" meanSpeed="16.97" meanSpeedRelative="0.53" duration="5"/>
    <step time="44700.00" loaded="45109" inserted="42334" running="639" waiting="2775" ended="41695" arrived="41695" collisions="78" teleports="78" halting="3" stopped="0" meanWaitingTime="773.40" meanTravelTime="307.14" meanSpeed="17.58" meanSpeedRelative="0.55" duration="4"/>
    <step time="45000.00" loaded="45682" inserted="42822" running="635" waiting="2860" ended="42187" arrived="42187" collisions="79" teleports="79" halting="8" stopped="0" meanWaitingTime="779.86" meanTravelTime="308.01" meanSpeed="17.60" meanSpeedRelative="0.55" duration="4"/>
    <step time="45300.00" loaded="46206" inserted="43306" running="659" waiting="2900" ended="42647" arrived="42647" collisions="82" teleports="82" halting="9" stopped="0" meanWaitingTime="787.42" meanTravelTime="308.83" meanSpeed="17.07" meanSpeedRelative="0.53" duration="7"/>
    <step time="45600.00" loaded="46732" inserted="43790" running="663" waiting="2942" ended="43127" arrived="43127" collisions="86" teleports="86" halting="3" stopped="0" meanWaitingTime="794.63" meanTravelTime="309.72" meanSpeed="17.79" meanSpeedRelative="0.56" duration="7"/>
    <step time="45900.00" loaded="47269" inserted="44256" running="652" waiting="3013" ended="43604" arrived="43604" collisions="91" teleports="91" halting="9" stopped="0" meanWaitingTime="801.25" meanTravelTime="310.75" meanSpeed="16.81" meanSpeedRelative="0.53" duration="6"/>
    <step time="46200.00" loaded="47817" inserted="44741" running="643" waiting="3076" ended="44098" arrived="44098" collisions="95" teleports="95" halting="6" stopped="0" meanWaitingTime="808.46" meanTravelTime="312.14" meanSpeed="17.84" meanSpeedRelative="0.56" duration="6"/>
    <step time="46500.00" loaded="48381" inserted="45216" running="608" waiting="3165" ended="44608" arrived="44608" collisions="96" teleports="96" halting="4" stopped="0" meanWaitingTime="816.75" meanTravelTime="313.11" meanSpeed="18.71" meanSpeedRelative="0.58" duration="5"/>
    <step time="46800.00" loaded="48919" inserted="45682" running="614" waiting="3237" ended="45068" arrived="45068" collisions="97" teleports="97" halting="3" stopped="0" meanWaitingTime="825.08" meanTravelTime="313.99" meanSpeed="17.32" meanSpeedRelative="0.54" duration="93"/>
    <step time="47100.00" loaded="49429" inserted="46143" running="588" waiting="3286" ended="45555" arrived="45555" collisions="98" teleports="98" halting="5" stopped="0" meanWaitingTime="833.95" meanTravelTime="314.63" meanSpeed="18.65" meanSpeedRelative="0.58" duration="4"/>
    <step time="47400.00" loaded="49985" inserted="46636" running="612" waiting="3349" ended="46024" arrived="46024" collisions="99" teleports="99" halting="12" stopped="0" meanWaitingTime="842.65" meanTravelTime="315.41" meanSpeed="18.48" meanSpeedRelative="0.58" duration="6"/>
    <step time="47700.00" loaded="50522" inserted="47109" running="623" waiting="3413" ended="46486" arrived="46486" collisions="100" teleports="100" halting="5" stopped="0" meanWaitingTime="851.61" meanTravelTime="316.14" meanSpeed="18.29" meanSpeedRelative="0.57" duration="7"/>
    <step time="48000.00" loaded="51052" inserted="47579" running="616" waiting="3473" ended="46963" arrived="46963" collisions="102" teleports="102" halting="10" stopped="0" meanWaitingTime="861.10" meanTravelTime="316.71" meanSpeed="17.86" meanSpeedRelative="0.56" duration="6"/>
    <step time="48300.00" loaded="51559" inserted="48045" running="625" waiting="3514" ended="47420" arrived="47420" collisions="103" teleports="103" halting="12" stopped="0" meanWaitingTime="869.56" meanTravelTime="317.36" meanSpeed="18.31" meanSpeedRelative="0.57" duration="5"/>
    <step time="48600.00" loaded="52097" inserted="48547" running="646" waiting="3550" ended="47901" arrived="47901" collisions="106" teleports="106" halting="11" stopped="0" meanWaitingTime="879.63" meanTravelTime="317.85" meanSpeed="17.55" meanSpeedRelative="0.55" duration="7"/>
    <step time="48900.00" loaded="52624" inserted="49026" running="648" waiting="3598" ended="48378" arrived="48378" collisions="108" teleports="108" halting="6" stopped="0" meanWaitingTime="888.19" meanTravelTime="318.97" meanSpeed="17.31" meanSpeedRelative="0.54" duration="5"/>
    <step time="49200.00" loaded="53168" inserted="49527" running="675" waiting="3641" ended="48852" arrived="48852" collisions="110" teleports="110" halting="13" stopped="0" meanWaitingTime="897.23" meanTravelTime="319.72" meanSpeed="16.91" meanSpeedRelative="0.53" duration="6"/>
    <step time="49500.00" loaded="53656" inserted="49951" running="681" waiting="3705" ended="49270" arrived="49270" collisions="111" teleports="111" halting="11" stopped="0" meanWaitingTime="906.09" meanTravelTime="320.49" meanSpeed="16.38" meanSpeedRelative="0.51" duration="6"/>
    <step time="49800.00" loaded="54179" inserted="50388" running="664" waiting="3791" ended="49724" arrived="49724" collisions="113" teleports="113" halting="11" stopped="0" meanWaitingTime="914.08" meanTravelTime="321.57" meanSpeed="16.77" meanSpeedRelative="0.52" duration="4"/>
    <step time="50100.00" loaded="54711" inserted="50821" running="623" waiting="3890" ended="50198" arrived="50198" collisions="117" teleports="117" halting="15" stopped="0" meanWaitingTime="922.00" meanTravelTime="322.74" meanSpeed="17.29" meanSpeedRelative="0.54" duration="7"/>
    <step time="50400.00" loaded="55242" inserted="51289" running="615" waiting="3953" ended="50674" arrived="50674" collisions="119" teleports="119" halting="9" stopped="0" meanWaitingTime="930.11" meanTravelTime="323.92" meanSpeed="17.49" meanSpeedRelative="0.55" duration="97"/>
    <step time="50700.00" loaded="55975" inserted="51824" running="644" waiting="4151" ended="51180" arrived="51180" collisions="120" teleports="120" halting="4" stopped="0" meanWaitingTime="938.04" meanTravelTime="324.62" meanSpeed="17.87" meanSpeedRelative="0.56" duration="6"/>
    <step time="51000.00" loaded="56684" inserted="52356" running="703" waiting="4328" ended="51653" arrived="51653" collisions="120" teleports="120" halting="6" stopped="0" meanWaitingTime="947.09" meanTravelTime="325.00" meanSpeed="17.22" meanSpeedRelative="0.54" duration="7"/>
    <step time="51300.00" loaded="57413" inserted="52908" running="749" waiting="4505" ended="52159" arrived="52159" collisions="121" teleports="121" halting="8" stopped="0" meanWaitingTime="956.49" meanTravelTime="325.72" meanSpeed="15.96" meanSpeedRelative="0.50" duration="7"/>
    <step time="51600.00" loaded="58097" inserted="53414" running="740" waiting="4683" ended="52674" arrived="52674" collisions="124" teleports="124" halting="6" stopped="0" meanWaitingTime="966.29" meanTravelTime="326.49" meanSpeed="15.89" meanSpeedRelative="0.50" duration="7"/>
    <step time="51900.00" loaded="58828" inserted="53935" running="755" waiting="4893" ended="53180" arrived="53180" collisions="128" teleports="128" halting="8" stopped="0" meanWaitingTime="976.42" meanTravelTime="327.55" meanSpeed="16.48" meanSpeedRelative="0.52" duration="7"/>
    <step time="52200.00" loaded="59518" inserted="54449" running="734" waiting="5069" ended="53715" arrived="53715" collisions="131" teleports="131" halting="10" stopped="0" meanWaitingTime="986.82" meanTravelTime="328.50" meanSpeed="15.69" meanSpeedRelative="0.49" duration="8"/>
    <step time="52500.00" loaded="60260" inserted="54964" running="741" waiting="5296" ended="54223" arrived="54223" collisions="131" teleports="131" halting="3" stopped="0" meanWaitingTime="997.52" meanTravelTime="329.58" meanSpeed="16.11" meanSpeedRelative="0.50" duration="7"/>
    <step time="52800.00" loaded="60963" inserted="55505" running="780" waiting="5458" ended="54725" arrived="54725" collisions="136" teleports="136" halting="6" stopped="0" meanWaitingTime="1007.99" meanTravelTime="330.55" meanSpeed="14.80" meanSpeedRelative="0.46" duration="8"/>
    <step time="53100.00" loaded="61725" inserted="56063" running="826" waiting="5662" ended="55237" arrived="55237" collisions="136" teleports="136" halting="7" stopped="0" meanWaitingTime="1018.19" meanTravelTime="331.73" meanSpeed="14.54" meanSpeedRelative="0.45" duration="9"/>
    <step time="53400.00" loaded="62437" inserted="56606" running="864" waiting="5831" ended="55742" arrived="55742" collisions="140" teleports="140" halting="16" stopped="0" meanWaitingTime="1029.61" meanTravelTime="332.68" meanSpeed="14.16" meanSpeedRelative="0.44" duration="9"/>
    <step time="53700.00" loaded="63130" inserted="57158" running="906" waiting="5972" ended="56252" arrived="56252" collisions="143" teleports="143" halting="7" stopped="0" meanWaitingTime="1040.55" meanTravelTime="334.13" meanSpeed="14.13" meanSpeedRelative="0.44" duration="9"/>
    <step time="54000.00" loaded="63834" inserted="57715" running="935" waiting="6119" ended="56780" arrived="56780" collisions="149" teleports="149" halting="6" stopped="0" meanWaitingTime="1051.96" meanTravelTime="335.42" meanSpeed="13.23" meanSpeedRelative="0.41" duration="94"/>
    <step time="54300.00" loaded="64263" inserted="58169" running="889" waiting="6094" ended="57280" arrived="57280" collisions="152" teleports="152" halting="10" stopped="0" meanWaitingTime="1062.98" meanTravelTime="336.97" meanSpeed="13.80" meanSpeedRelative="0.43" duration="9"/>
    <step time="54600.00" loaded="64723" inserted="58603" running="851" waiting="6120" ended="57752" arrived="57752" collisions="156" teleports="156" halting="12" stopped="0" meanWaitingTime="1073.51" meanTravelTime="338.61" meanSpeed="14.12" meanSpeedRelative="0.44" duration="8"/>
    <step time="54900.00" loaded="65155" inserted="59040" running="812" waiting="6115" ended="58228" arrived="58228" collisions="158" teleports="158" halting="13" stopped="0" meanWaitingTime="1085.28" meanTravelTime="340.37" meanSpeed="13.71" meanSpeedRelative="0.43" duration="8"/>
    <step time="55200.00" loaded="65590" inserted="59503" running="783" waiting="6087" ended="58720" arrived="58720" collisions="159" teleports="159" halting="14" stopped="0" meanWaitingTime="1098.77" meanTravelTime="342.14" meanSpeed="14.18" meanSpeedRelative="0.44" duration="9"/>
    <step time="55500.00" loaded="66055" inserted="59964" running="745" waiting="6091" ended="59219" arrived="59219" collisions="161" teleports="161" halting="3" stopped="0" meanWaitingTime="1112.42" meanTravelTime="343.57" meanSpeed="15.12" meanSpeedRelative="0.47" duration="8"/>
    <step time="55800.00" loaded="66501" inserted="60426" running="711" waiting="6075" ended="59715" arrived="59715" collisions="163" teleports="163" halting="6" stopped="0" meanWaitingTime="1126.81" meanTravelTime="344.58" meanSpeed="15.79" meanSpeedRelative="0.49" duration="7"/>
    <step time="56100.00" loaded="67003" inserted="60912" running="745" waiting="6091" ended="60167" arrived="60167" collisions="164" teleports="164" halting="7" stopped="0" meanWaitingTime="1141.27" meanTravelTime="345.55" meanSpeed="15.52" meanSpeedRelative="0.48" duration="9"/>
    <step time="56400.00" loaded="67467" inserted="61376" running="735" waiting="6091" ended="60641" arrived="60641" collisions="165" teleports="165" halting="5" stopped="0" meanWaitingTime="1155.11" meanTravelTime="346.42" meanSpeed="15.17" meanSpeedRelative="0.47" duration="6"/>
    <step time="56700.00" loaded="67938" inserted="61867" running="762" waiting="6071" ended="61105" arrived="61105" collisions="168" teleports="168" halting="6" stopped="0" meanWaitingTime="1169.37" meanTravelTime="347.63" meanSpeed="15.16" meanSpeedRelative="0.47" duration="5"/>
    <step time="57000.00" loaded="68391" inserted="62340" running="733" waiting="6051" ended="61607" arrived="61607" collisions="169" teleports="169" halting="4" stopped="0" meanWaitingTime="1183.44" meanTravelTime="348.45" meanSpeed="15.23" meanSpeedRelative="0.48" duration="4"/>
    <step time="57300.00" loaded="68808" inserted="62779" running="692" waiting="6029" ended="62087" arrived="62087" collisions="172" teleports="172" halting="5" stopped="0" meanWaitingTime="1197.13" meanTravelTime="349.52" meanSpeed="15.92" meanSpeedRelative="0.50" duration="7"/>
    <step time="57600.00" loaded="69257" inserted="63242" running="715" waiting="6015" ended="62527" arrived="62527" collisions="175" teleports="175" halting="6" stopped="0" meanWaitingTime="1211.20" meanTravelTime="350.22" meanSpeed="15.61" meanSpeedRelative="0.49" duration="84"/>
    <step time="57900.00" loaded="69851" inserted="63760" running="759" waiting="6091" ended="63001" arrived="63001" collisions="178" teleports="178" halting="4" stopped="0" meanWaitingTime="1224.26" meanTravelTime="351.02" meanSpeed="15.53" meanSpeedRelative="0.49" duration="9"/>
    <step time="58200.00" loaded="70432" inserted="64266" running="748" waiting="6166" ended="63518" arrived="63518" collisions="180" teleports="180" halting="11" stopped="0" meanWaitingTime="1236.55" meanTravelTime="351.62" meanSpeed="14.90" meanSpeedRelative="0.47" duration="6"/>
    <step time="58500.00" loaded="70987" inserted="64757" running="747" waiting="6230" ended="64010" arrived="64010" collisions="183" teleports="183" halting="10" stopped="0" meanWaitingTime="1249.62" meanTravelTime="352.33" meanSpeed="15.03" meanSpeedRelative="0.47" duration="9"/>
    <step time="58800.00" loaded="71556" inserted="65271" running="790" waiting="6285" ended="64481" arrived="64481" collisions="186" teleports="186" halting="6" stopped="0" meanWaitingTime="1263.80" meanTravelTime="353.12" meanSpeed="14.85" meanSpeedRelative="0.46" duration="9"/>
    <step time="59100.00" loaded="72084" inserted="65759" running="781" waiting="6325" ended="64978" arrived="64978" collisions="188" teleports="188" halting="5" stopped="0" meanWaitingTime="1277.80" meanTravelTime="354.05" meanSpeed="14.95" meanSpeedRelative="0.47" duration="9"/>
    <step time="59400.00" loaded="72661" inserted="66249" running="799" waiting="6412" ended="65450" arrived="65450" collisions="190" teleports="190" halting="4" stopped="0" meanWaitingTime="1292.03" meanTravelTime="354.89" meanSpeed="15.19" meanSpeedRelative="0.47" duration="8"/>
    <step time="59700.00" loaded="73226" inserted="66731" running="773" waiting="6495" ended="65958" arrived="65958" collisions="192" teleports="192" halting="7" stopped="0" meanWaitingTime="1305.09" meanTravelTime="355.85" meanSpeed="14.96" meanSpeedRelative="0.47" duration="9"/>
    <step time="60000.00" loaded="73793" inserted="67214" running="740" waiting="6579" ended="66474" arrived="66474" collisions="192" teleports="192" halting="10" stopped="0" meanWaitingTime="1319.17" meanTravelTime="356.96" meanSpeed="15.45" meanSpeedRelative="0.48" duration="9"/>
    <step time="60300.00" loaded="74349" inserted="67691" running="730" waiting="6658" ended="66961" arrived="66961" collisions="196" teleports="196" halting="8" stopped="0" meanWaitingTime="1332.51" meanTravelTime="357.78" meanSpeed="15.67" meanSpeedRelative="0.49" duration="8"/>
    <step time="60600.00" loaded="74911" inserted="68193" running="758" waiting="6718" ended="67435" arrived="67435" collisions="199" teleports="199" halting="9" stopped="0" meanWaitingTime="1347.32" meanTravelTime="358.56" meanSpeed="15.33" meanSpeedRelative="0.48" duration="6"/>
    <step time="60900.00" loaded="75518" inserted="68699" running="766" waiting="6819" ended="67933" arrived="67933" collisions="203" teleports="203" halting="6" stopped="0" meanWaitingTime="1359.72" meanTravelTime="359.28" meanSpeed="15.63" meanSpeedRelative="0.49" duration="10"/>
    <step time="61200.00" loaded="76019" inserted="69188" running="743" waiting="6831" ended="68445" arrived="68445" collisions="205" teleports="205" halting="5" stopped="0" meanWaitingTime="1374.95" meanTravelTime="360.04" meanSpeed="15.79" meanSpeedRelative="0.49" duration="86"/>
    <step time="61500.00" loaded="76101" inserted="69528" running="655" waiting="6573" ended="68873" arrived="68873" collisions="205" teleports="205" halting="2" stopped="0" meanWaitingTime="1391.80" meanTravelTime="360.81" meanSpeed="15.08" meanSpeedRelative="0.47" duration="8"/>
    <step time="61800.00" loaded="76176" inserted="69864" running="598" waiting="6312" ended="69266" arrived="69266" collisions="207" teleports="207" halting="8" stopped="0" meanWaitingTime="1409.49" meanTravelTime="361.81" meanSpeed="15.62" meanSpeedRelative="0.49" duration="8"/>
    <step time="62100.00" loaded="76239" inserted="70217" running="599" waiting="6022" ended="69618" arrived="69618" collisions="210" teleports="210" halting="6" stopped="0" meanWaitingTime="1428.61" meanTravelTime="362.64" meanSpeed="15.99" meanSpeedRelative="0.50" duration="4"/>
    <step time="62400.00" loaded="76308" inserted="70577" running="570" waiting="5731" ended="70007" arrived="70007" collisions="212" teleports="212" halting="2" stopped="0" meanWaitingTime="1447.65" meanTravelTime="363.45" meanSpeed="15.92" meanSpeedRelative="0.50" duration="7"/>
    <step time="62700.00" loaded="76368" inserted="70928" running="547" waiting="5440" ended="70381" arrived="70381" collisions="213" teleports="213" halting="4" stopped="0" meanWaitingTime="1467.12" meanTravelTime="364.08" meanSpeed="15.97" meanSpeedRelative="0.50" duration="6"/>
    <step time="63000.00" loaded="76437" inserted="71284" running="542" waiting="5153" ended="70742" arrived="70742" collisions="213" teleports="213" halting="7" stopped="0" meanWaitingTime="1485.97" meanTravelTime="364.78" meanSpeed="15.92" meanSpeedRelative="0.50" duration="4"/>
    <step time="63300.00" loaded="76512" inserted="71631" running="513" waiting="4881" ended="71118" arrived="71118" collisions="214" teleports="214" halting="2" stopped="0" meanWaitingTime="1504.58" meanTravelTime="365.12" meanSpeed="16.28" meanSpeedRelative="0.51" duration="6"/>
    <step time="63600.00" loaded="76587" inserted="71961" running="495" waiting="4626" ended="71466" arrived="71466" collisions="215" teleports="215" halting="2" stopped="0" meanWaitingTime="1522.84" meanTravelTime="365.49" meanSpeed="16.26" meanSpeedRelative="0.51" duration="6"/>
    <step time="63900.00" loaded="76662" inserted="72260" running="420" waiting="4402" ended="71840" arrived="71840" collisions="215" teleports="215" halting="4" stopped="0" meanWaitingTime="1540.69" meanTravelTime="365.85" meanSpeed="17.24" meanSpeedRelative="0.54" duration="5"/>
    <step time="64200.00" loaded="76736" inserted="72561" running="413" waiting="4175" ended="72148" arrived="72148" collisions="215" teleports="215" halting="6" stopped="0" meanWaitingTime="1559.16" meanTravelTime="366.04" meanSpeed="17.04" meanSpeedRelative="0.53" duration="5"/>
    <step time="64500.00" loaded="76810" inserted="72864" running="417" waiting="3946" ended="72447" arrived="72447" collisions="215" teleports="215" halting="6" stopped="0" meanWaitingTime="1576.58" meanTravelTime="366.13" meanSpeed="17.16" meanSpeedRelative="0.54" duration="4"/>
    <step time="64800.00" loaded="76884" inserted="73099" running="341" waiting="3785" ended="72758" arrived="72758" collisions="217" teleports="217" halting="3" stopped="0" meanWaitingTime="1591.88" meanTravelTime="366.44" meanSpeed="17.96" meanSpeedRelative="0.56" duration="98"/>
    <step time="65100.00" loaded="76938" inserted="73350" running="305" waiting="3588" ended="73045" arrived="73045" collisions="217" teleports="217" halting="7" stopped="0" meanWaitingTime="1609.05" meanTravelTime="366.70" meanSpeed="19.41" meanSpeedRelative="0.61" duration="3"/>
    <step time="65400.00" loaded="76986" inserted="73561" running="249" waiting="3425" ended="73312" arrived="73312" collisions="217" teleports="217" halting="2" stopped="0" meanWaitingTime="1623.35" meanTravelTime="366.75" meanSpeed="20.81" meanSpeedRelative="0.65" duration="3"/>
    <step time="65700.00" loaded="77043" inserted="73792" running="229" waiting="3251" ended="73563" arrived="73563" collisions="217" teleports="217" halting="3" stopped="0" meanWaitingTime="1638.81" meanTravelTime="366.71" meanSpeed="21.28" meanSpeedRelative="0.66" duration="4"/>
    <step time="66000.00" loaded="77096" inserted="74025" running="225" waiting="3071" ended="73800" arrived="73800" collisions="217" teleports="217" halting="3" stopped="0" meanWaitingTime="1654.26" meanTravelTime="366.55" meanSpeed="20.82" meanSpeedRelative="0.65" duration="2"/>
    <step time="66300.00" loaded="77139" inserted="74257" running="228" waiting="2882" ended="74029" arrived="74029" collisions="217" teleports="217" halting="5" stopped="0" meanWaitingTime="1668.27" meanTravelTime="366.31" meanSpeed="21.49" meanSpeedRelative="0.67" duration="3"/>
    <step time="66600.00" loaded="77187" inserted="74470" running="212" waiting="2717" ended="74258" arrived="74258" collisions="217" teleports="217" halting="0" stopped="0" meanWaitingTime="1679.48" meanTravelTime="366.10" meanSpeed="23.18" meanSpeedRelative="0.72" duration="2"/>
    <step time="66900.00" loaded="77252" inserted="74631" running="146" waiting="2621" ended="74485" arrived="74485" collisions="217" teleports="217" halting="1" stopped="0" meanWaitingTime="1691.39" meanTravelTime="365.89" meanSpeed="20.95" meanSpeedRelative="0.65" duration="2"/>
    <step time="67200.00" loaded="77303" inserted="74802" running="122" waiting="2501" ended="74680" arrived="74680" collisions="217" teleports="217" halting="2" stopped="0" meanWaitingTime="1704.36" meanTravelTime="365.66" meanSpeed="21.90" meanSpeedRelative="0.68" duration="1"/>
    <step time="67500.00" loaded="77357" inserted="74979" running="134" waiting="2378" ended="74845" arrived="74845" collisions="217" teleports="217" halting="6" stopped="0" meanWaitingTime="1717.25" meanTravelTime="365.38" meanSpeed="21.11" meanSpeedRelative="0.66" duration="1"/>
    <step time="67800.00" loaded="77413" inserted="75147" running="135" waiting="2266" ended="75012" arrived="75012" collisions="217" teleports="217" halting="1" stopped="0" meanWaitingTime="1728.74" meanTravelTime="365.09" meanSpeed="22.55" meanSpeedRelative="0.70" duration="1"/>
    <step time="68100.00" loaded="77450" inserted="75331" running="132" waiting="2119" ended="75199" arrived="75199" collisions="217" teleports="217" halting="6" stopped="0" meanWaitingTime="1743.84" meanTravelTime="364.70" meanSpeed="21.40" meanSpeedRelative="0.67" duration="1"/>
    <step time="68400.00" loaded="77504" inserted="75499" running="127" waiting="2005" ended="75372" arrived="75372" collisions="217" teleports="217" halting="5" stopped="0" meanWaitingTime="1756.28" meanTravelTime="364.40" meanSpeed="21.76" meanSpeedRelative="0.68" duration="90"/>
    <step time="68700.00" loaded="77675" inserted="75754" running="183" waiting="1921" ended="75571" arrived="75571" collisions="217" teleports="217" halting="0" stopped="0" meanWaitingTime="1766.73" meanTravelTime="363.98" meanSpeed="21.85" meanSpeedRelative="0.68" duration="1"/>
    <step time="69000.00" loaded="77817" inserted="75976" running="196" waiting="1841" ended="75780" arrived="75780" collisions="217" teleports="217" halting="3" stopped="0" meanWaitingTime="1776.43" meanTravelTime="363.60" meanSpeed="22.13" meanSpeedRelative="0.69" duration="1"/>
    <step time="69300.00" loaded="77979" inserted="76199" running="190" waiting="1780" ended="76009" arrived="76009" collisions="217" teleports="217" halting="5" stopped="0" meanWaitingTime="1782.48" meanTravelTime="363.24" meanSpeed="22.46" meanSpeedRelative="0.70" duration="2"/>
    <step time="69600.00" loaded="78141" inserted="76435" running="201" waiting="1706" ended="76234" arrived="76234" collisions="217" teleports="217" halting="4" stopped="0" meanWaitingTime="1788.66" meanTravelTime="362.98" meanSpeed="21.34" meanSpeedRelative="0.67" duration="2"/>
    <step time="69900.00" loaded="78311" inserted="76634" running="180" waiting="1677" ended="76454" arrived="76454" collisions="218" teleports="218" halting="3" stopped="0" meanWaitingTime="1792.93" meanTravelTime="362.73" meanSpeed="23.12" meanSpeedRelative="0.72" duration="2"/>
    <step time="70200.00" loaded="78467" inserted="76804" running="188" waiting="1663" ended="76616" arrived="76616" collisions="219" teleports="219" halting="4" stopped="0" meanWaitingTime="1796.01" meanTravelTime="362.63" meanSpeed="23.40" meanSpeedRelative="0.73" duration="2"/>
    <step time="70500.00" loaded="78632" inserted="76982" running="192" waiting="1650" ended="76790" arrived="76790" collisions="219" teleports="219" halting="7" stopped="0" meanWaitingTime="1799.58" meanTravelTime="362.53" meanSpeed="23.36" meanSpeedRelative="0.73" duration="2"/>
    <step time="70800.00" loaded="78794" inserted="77161" running="170" waiting="1633" ended="76991" arrived="76991" collisions="219" teleports="219" halting="3" stopped="0" meanWaitingTime="1804.19" meanTravelTime="362.37" meanSpeed="22.23" meanSpeedRelative="0.69" duration="2"/>
    <step time="71100.00" loaded="78940" inserted="77322" running="154" waiting="1618" ended="77168" arrived="77168" collisions="220" teleports="220" halting="6" stopped="0" meanWaitingTime="1808.48" meanTravelTime="362.30" meanSpeed="22.81" meanSpeedRelative="0.71" duration="1"/>
    <step time="71400.00" loaded="79104" inserted="77498" running="158" waiting="1606" ended="77340" arrived="77340" collisions="220" teleports="220" halting="5" stopped="0" meanWaitingTime="1812.54" meanTravelTime="362.07" meanSpeed="23.13" meanSpeedRelative="0.72" duration="1"/>
    <step time="71700.00" loaded="79266" inserted="77672" running="164" waiting="1594" ended="77508" arrived="77508" collisions="220" teleports="220" halting="6" stopped="0" meanWaitingTime="1816.26" meanTravelTime="361.86" meanSpeed="23.30" meanSpeedRelative="0.73" duration="2"/>
    <step time="72000.00" loaded="79436" inserted="77848" running="160" waiting="1588" ended="77688" arrived="77688" collisions="220" teleports="220" halting="4" stopped="0" meanWaitingTime="1820.36" meanTravelTime="361.74" meanSpeed="22.95" meanSpeedRelative="0.72" duration="83"/>
    <step time="72300.00" loaded="79566" inserted="77990" running="152" waiting="1576" ended="77838" arrived="77838" collisions="220" teleports="220" halting="3" stopped="0" meanWaitingTime="1824.32" meanTravelTime="361.59" meanSpeed="22.60" meanSpeedRelative="0.71" duration="1"/>
    <step time="72600.00" loaded="79708" inserted="78146" running="154" waiting="1562" ended="77992" arrived="77992" collisions="220" teleports="220" halting="5" stopped="0" meanWaitingTime="1828.89" meanTravelTime="361.47" meanSpeed="22.85" meanSpeedRelative="0.71" duration="1"/>
    <step time="72900.00" loaded="79840" inserted="78295" running="156" waiting="1545" ended="78139" arrived="78139" collisions="220" teleports="220" halting="10" stopped="0" meanWaitingTime="1832.97" meanTravelTime="361.34" meanSpeed="22.58" meanSpeedRelative="0.71" duration="2"/>
    <step time="73200.00" loaded="79960" inserted="78430" running="141" waiting="1530" ended="78289" arrived="78289" collisions="220" teleports="220" halting="3" stopped="0" meanWaitingTime="1837.57" meanTravelTime="361.25" meanSpeed="21.69" meanSpeedRelative="0.68" duration="1"/>
    <step time="73500.00" loaded="80101" inserted="78583" running="154" waiting="1518" ended="78429" arrived="78429" collisions="220" teleports="220" halting="2" stopped="0" meanWaitingTime="1842.20" meanTravelTime="361.16" meanSpeed="22.57" meanSpeedRelative="0.71" duration="1"/>
    <step time="73800.00" loaded="80259" inserted="78760" running="186" waiting="1499" ended="78574" arrived="78574" collisions="220" teleports="220" halting="4" stopped="0" meanWaitingTime="1846.68" meanTravelTime="361.03" meanSpeed="22.99" meanSpeedRelative="0.72" duration="2"/>
    <step time="74100.00" loaded="80383" inserted="78901" running="157" waiting="1482" ended="78744" arrived="78744" collisions="220" teleports="220" halting="12" stopped="0" meanWaitingTime="1851.70" meanTravelTime="360.89" meanSpeed="22.02" meanSpeedRelative="0.69" duration="1"/>
    <step time="74400.00" loaded="80501" inserted="79036" running="129" waiting="1465" ended="78907" arrived="78907" collisions="221" teleports="221" halting="0" stopped="0" meanWaitingTime="1857.38" meanTravelTime="360.79" meanSpeed="22.68" meanSpeedRelative="0.71" duration="1"/>
    <step time="74700.00" loaded="80653" inserted="79200" running="144" waiting="1453" ended="79056" arrived="79056" collisions="221" teleports="221" halting="2" stopped="0" meanWaitingTime="1862.72" meanTravelTime="360.69" meanSpeed="23.50" meanSpeedRelative="0.73" duration="1"/>
    <step time="75000.00" loaded="80785" inserted="79348" running="141" waiting="1437" ended="79207" arrived="79207" collisions="221" teleports="221" halting="7" stopped="0" meanWaitingTime="1867.69" meanTravelTime="360.56" meanSpeed="22.28" meanSpeedRelative="0.70" duration="0"/>
    <step time="75300.00" loaded="80905" inserted="79484" running="136" waiting="1421" ended="79348" arrived="79348" collisions="221" teleports="221" halting="4" stopped="0" meanWaitingTime="1872.97" meanTravelTime="360.44" meanSpeed="22.66" meanSpeedRelative="0.71" duration="1"/>
    <step time="75600.00" loaded="81033" inserted="79635" running="162" waiting="1398" ended="79473" arrived="79473" collisions="221" teleports="221" halting="3" stopped="0" meanWaitingTime="1877.45" meanTravelTime="360.33" meanSpeed="23.09" meanSpeedRelative="0.72" duration="82"/>
    <step time="75900.00" loaded="81228" inserted="79835" running="193" waiting="1393" ended="79642" arrived="79642" collisions="221" teleports="221" halting="6" stopped="0" meanWaitingTime="1880.87" meanTravelTime="360.15" meanSpeed="22.34" meanSpeedRelative="0.70" duration="1"/>
    <step time="76200.00" loaded="81423" inserted="80031" running="183" waiting="1392" ended="79848" arrived="79848" collisions="222" teleports="222" halting="5" stopped="0" meanWaitingTime="1884.86" meanTravelTime="360.00" meanSpeed="22.46" meanSpeedRelative="0.70" duration="1"/>
    <step time="76500.00" loaded="81600" inserted="80213" running="174" waiting="1387" ended="80039" arrived="80039" collisions="222" teleports="222" halting="2" stopped="0" meanWaitingTime="1888.54" meanTravelTime="359.83" meanSpeed="22.60" meanSpeedRelative="0.71" duration="1"/>
    <step time="76800.00" loaded="81790" inserted="80408" running="185" waiting="1382" ended="80223" arrived="80223" collisions="222" teleports="222" halting="5" stopped="0" meanWaitingTime="1892.73" meanTravelTime="359.67" meanSpeed="22.68" meanSpeedRelative="0.71" duration="1"/>
    <step time="77100.00" loaded="81999" inserted="80610" running="200" waiting="1389" ended="80410" arrived="80410" collisions="223" teleports="223" halting="8" stopped="0" meanWaitingTime="1895.82" meanTravelTime="359.45" meanSpeed="22.40" meanSpeedRelative="0.70" duration="2"/>
    <step time="77400.00" loaded="82193" inserted="80800" running="172" waiting="1393" ended="80628" arrived="80628" collisions="223" teleports="223" halting="0" stopped="0" meanWaitingTime="1899.12" meanTravelTime="359.26" meanSpeed="22.57" meanSpeedRelative="0.71" duration="1"/>
    <step time="77700.00" loaded="82398" inserted="81011" running="187" waiting="1387" ended="80824" arrived="80824" collisions="223" teleports="223" halting="2" stopped="0" meanWaitingTime="1901.73" meanTravelTime="359.05" meanSpeed="22.53" meanSpeedRelative="0.70" duration="1"/>
    <step time="78000.00" loaded="82596" inserted="81221" running="198" waiting="1375" ended="81023" arrived="81023" collisions="223" teleports="223" halting="5" stopped="0" meanWaitingTime="1905.24" meanTravelTime="358.85" meanSpeed="21.65" meanSpeedRelative="0.68" duration="1"/>
    <step time="78300.00" loaded="82796" inserted="81436" running="213" waiting="1360" ended="81223" arrived="81223" collisions="223" teleports="223" halting="2" stopped="0" meanWaitingTime="1908.08" meanTravelTime="358.69" meanSpeed="23.18" meanSpeedRelative="0.72" duration="1"/>
    <step time="78600.00" loaded="82981" inserted="81636" running="206" waiting="1345" ended="81430" arrived="81430" collisions="223" teleports="223" halting="1" stopped="0" meanWaitingTime="1911.15" meanTravelTime="358.49" meanSpeed="23.67" meanSpeedRelative="0.74" duration="2"/>
    <step time="78900.00" loaded="83165" inserted="81839" running="178" waiting="1326" ended="81661" arrived="81661" collisions="223" teleports="223" halting="7" stopped="0" meanWaitingTime="1915.07" meanTravelTime="358.30" meanSpeed="21.76" meanSpeedRelative="0.68" duration="1"/>
    <step time="79200.00" loaded="83358" inserted="82036" running="179" waiting="1322" ended="81857" arrived="81857" collisions="223" teleports="223" halting="10" stopped="0" meanWaitingTime="1918.83" meanTravelTime="358.13" meanSpeed="22.27" meanSpeedRelative="0.70" duration="83"/>
    <step time="79500.00" loaded="83533" inserted="82220" running="180" waiting="1313" ended="82040" arrived="82040" collisions="223" teleports="223" halting="1" stopped="0" meanWaitingTime="1922.01" meanTravelTime="357.99" meanSpeed="22.87" meanSpeedRelative="0.71" duration="1"/>
    <step time="79800.00" loaded="83714" inserted="82403" running="183" waiting="1311" ended="82220" arrived="82220" collisions="223" teleports="223" halting="3" stopped="0" meanWaitingTime="1925.74" meanTravelTime="357.83" meanSpeed="24.10" meanSpeedRelative="0.75" duration="1"/>
    <step time="80100.00" loaded="83885" inserted="82578" running="183" waiting="1307" ended="82395" arrived="82395" collisions="224" teleports="224" halting="10" stopped="0" meanWaitingTime="1928.85" meanTravelTime="357.68" meanSpeed="22.81" meanSpeedRelative="0.71" duration="2"/>
    <step time="80400.00" loaded="84069" inserted="82766" running="183" waiting="1303" ended="82583" arrived="82583" collisions="224" teleports="224" halting="9" stopped="0" meanWaitingTime="1931.75" meanTravelTime="357.61" meanSpeed="22.71" meanSpeedRelative="0.71" duration="1"/>
    <step time="80700.00" loaded="84230" inserted="82924" running="176" waiting="1306" ended="82748" arrived="82748" collisions="224" teleports="224" halting="4" stopped="0" meanWaitingTime="1934.51" meanTravelTime="357.44" meanSpeed="22.29" meanSpeedRelative="0.70" duration="2"/>
    <step time="81000.00" loaded="84396" inserted="83096" running="159" waiting="1300" ended="82937" arrived="82937" collisions="224" teleports="224" halting="5" stopped="0" meanWaitingTime="1937.04" meanTravelTime="357.36" meanSpeed="23.07" meanSpeedRelative="0.72" duration="1"/>
    <step time="81300.00" loaded="84555" inserted="83266" running="162" waiting="1289" ended="83104" arrived="83104" collisions="224" teleports="224" halting="12" stopped="0" meanWaitingTime="1939.37" meanTravelTime="357.27" meanSpeed="22.77" meanSpeedRelative="0.71" duration="1"/>
    <step time="81600.00" loaded="84735" inserted="83455" running="189" waiting="1280" ended="83266" arrived="83266" collisions="224" teleports="224" halting="2" stopped="0" meanWaitingTime="1940.88" meanTravelTime="357.11" meanSpeed="23.49" meanSpeedRelative="0.73" duration="1"/>
    <step time="81900.00" loaded="84893" inserted="83635" running="185" waiting="1258" ended="83450" arrived="83450" collisions="224" teleports="224" halting="4" stopped="0" meanWaitingTime="1942.93" meanTravelTime="356.99" meanSpeed="23.50" meanSpeedRelative="0.73" duration="1"/>
    <step time="82200.00" loaded="85069" inserted="83826" running="175" waiting="1243" ended="83651" arrived="83651" collisions="224" teleports="224" halting="5" stopped="0" meanWaitingTime="1944.64" meanTravelTime="356.83" meanSpeed="23.33" meanSpeedRelative="0.73" duration="2"/>
    <step time="82500.00" loaded="85221" inserted="83984" running="152" waiting="1237" ended="83832" arrived="83832" collisions="224" teleports="224" halting="5" stopped="0" meanWaitingTime="1946.92" meanTravelTime="356.69" meanSpeed="22.33" meanSpeedRelative="0.70" duration="1"/>
</summary>
