<?xml version="1.0" encoding="UTF-8"?>

<!-- generated on 2025-08-07 19:40:30 by Eclipse SUMO sumo Version 1.23.1
<sumoConfiguration xmlns:xsi="http://www.w3.org/2001/XMLSchema-instance" xsi:noNamespaceSchemaLocation="http://sumo.dlr.de/xsd/sumoConfiguration.xsd">

    <input>
        <net-file value="Desktop\Master Thesis\Network_fin.net.xml"/>
        <route-files value="Desktop\Master Thesis\demand_model_amsterdam.rou.xml"/>
        <additional-files value="Desktop\Master Thesis\Additionnal.add.xml"/>
    </input>

    <output>
        <summary-output value="outputf/summary_coor_alinea_1neigh_method1_K80_target5_22644.xml"/>
        <summary-output.period value="300"/>
        <tripinfo-output value="outputf/tripinfo_coor_alinea_1neigh_method1_K80_target5_22644.xml"/>
    </output>

    <time>
        <begin value="0"/>
        <end value="82800"/>
        <step-length value="1"/>
    </time>

    <processing>
        <time-to-teleport value="-1"/>
    </processing>

    <report>
        <verbose value="true"/>
        <no-step-log value="true"/>
    </report>

    <emissions>
        <device.emissions.period value="10"/>
    </emissions>

    <traci_server>
        <remote-port value="64698"/>
    </traci_server>

    <random_number>
        <seed value="22644"/>
    </random_number>

</sumoConfiguration>
-->

<summary xmlns:xsi="http://www.w3.org/2001/XMLSchema-instance" xsi:noNamespaceSchemaLocation="http://sumo.dlr.de/xsd/summary_file.xsd">
    <step time="0.00" loaded="0" inserted="0" running="0" waiting="0" ended="0" arrived="0" collisions="0" teleports="0" halting="0" stopped="0" meanWaitingTime="-1.00" meanTravelTime="-1.00" meanSpeed="-1.00" meanSpeedRelative="-1.00" duration="1"/>
    <step time="300.00" loaded="175" inserted="175" running="106" waiting="0" ended="69" arrived="69" collisions="0" teleports="0" halting="1" stopped="0" meanWaitingTime="0.31" meanTravelTime="98.09" meanSpeed="25.29" meanSpeedRelative="0.79" duration="1"/>
    <step time="600.00" loaded="339" inserted="339" running="141" waiting="0" ended="198" arrived="198" collisions="0" teleports="0" halting="1" stopped="0" meanWaitingTime="0.34" meanTravelTime="154.49" meanSpeed="24.91" meanSpeedRelative="0.78" duration="1"/>
    <step time="900.00" loaded="523" inserted="523" running="153" waiting="0" ended="370" arrived="370" collisions="1" teleports="1" halting="2" stopped="0" meanWaitingTime="0.48" meanTravelTime="184.34" meanSpeed="24.86" meanSpeedRelative="0.78" duration="1"/>
    <step time="1200.00" loaded="711" inserted="711" running="161" waiting="0" ended="550" arrived="550" collisions="1" teleports="1" halting="1" stopped="0" meanWaitingTime="0.46" meanTravelTime="212.04" meanSpeed="25.05" meanSpeedRelative="0.78" duration="1"/>
    <step time="1500.00" loaded="910" inserted="910" running="178" waiting="0" ended="732" arrived="732" collisions="1" teleports="1" halting="1" stopped="0" meanWaitingTime="0.46" meanTravelTime="223.66" meanSpeed="25.23" meanSpeedRelative="0.79" duration="1"/>
    <step time="1800.00" loaded="1107" inserted="1107" running="179" waiting="0" ended="928" arrived="928" collisions="1" teleports="1" halting="1" stopped="0" meanWaitingTime="0.46" meanTravelTime="231.91" meanSpeed="24.74" meanSpeedRelative="0.77" duration="1"/>
    <step time="2100.00" loaded="1270" inserted="1270" running="154" waiting="0" ended="1116" arrived="1116" collisions="1" teleports="1" halting="0" stopped="0" meanWaitingTime="0.44" meanTravelTime="238.55" meanSpeed="25.16" meanSpeedRelative="0.79" duration="2"/>
    <step time="2400.00" loaded="1443" inserted="1443" running="159" waiting="0" ended="1284" arrived="1284" collisions="1" teleports="1" halting="0" stopped="0" meanWaitingTime="0.43" meanTravelTime="242.14" meanSpeed="24.56" meanSpeedRelative="0.77" duration="0"/>
    <step time="2700.00" loaded="1617" inserted="1616" running="139" waiting="1" ended="1477" arrived="1477" collisions="1" teleports="1" halting="1" stopped="0" meanWaitingTime="0.41" meanTravelTime="248.42" meanSpeed="25.18" meanSpeedRelative="0.79" duration="1"/>
    <step time="3000.00" loaded="1799" inserted="1799" running="166" waiting="0" ended="1633" arrived="1633" collisions="1" teleports="1" halting="0" stopped="0" meanWaitingTime="0.42" meanTravelTime="248.64" meanSpeed="24.41" meanSpeedRelative="0.76" duration="1"/>
    <step time="3300.00" loaded="1961" inserted="1961" running="157" waiting="0" ended="1804" arrived="1804" collisions="1" teleports="1" halting="1" stopped="0" meanWaitingTime="0.45" meanTravelTime="249.86" meanSpeed="24.28" meanSpeedRelative="0.76" duration="1"/>
    <step time="3600.00" loaded="2150" inserted="2143" running="165" waiting="7" ended="1978" arrived="1978" collisions="1" teleports="1" halting="3" stopped="0" meanWaitingTime="0.55" meanTravelTime="251.57" meanSpeed="25.02" meanSpeedRelative="0.78" duration="85"/>
    <step time="3900.00" loaded="2276" inserted="2270" running="117" waiting="6" ended="2153" arrived="2153" collisions="1" teleports="1" halting="2" stopped="0" meanWaitingTime="1.63" meanTravelTime="256.28" meanSpeed="23.79" meanSpeedRelative="0.74" duration="0"/>
    <step time="4200.00" loaded="2398" inserted="2396" running="121" waiting="2" ended="2275" arrived="2275" collisions="1" teleports="1" halting="0" stopped="0" meanWaitingTime="2.07" meanTravelTime="258.74" meanSpeed="25.59" meanSpeedRelative="0.80" duration="1"/>
    <step time="4500.00" loaded="2530" inserted="2529" running="115" waiting="1" ended="2414" arrived="2414" collisions="1" teleports="1" halting="4" stopped="0" meanWaitingTime="2.00" meanTravelTime="259.15" meanSpeed="24.65" meanSpeedRelative="0.77" duration="1"/>
    <step time="4800.00" loaded="2632" inserted="2632" running="91" waiting="0" ended="2541" arrived="2541" collisions="1" teleports="1" halting="0" stopped="0" meanWaitingTime="1.93" meanTravelTime="260.65" meanSpeed="24.99" meanSpeedRelative="0.78" duration="0"/>
    <step time="5100.00" loaded="2730" inserted="2730" running="83" waiting="0" ended="2647" arrived="2647" collisions="1" teleports="1" halting="0" stopped="0" meanWaitingTime="1.87" meanTravelTime="260.91" meanSpeed="25.96" meanSpeedRelative="0.81" duration="0"/>
    <step time="5400.00" loaded="2824" inserted="2824" running="79" waiting="0" ended="2745" arrived="2745" collisions="1" teleports="1" halting="0" stopped="0" meanWaitingTime="1.81" meanTravelTime="260.02" meanSpeed="25.73" meanSpeedRelative="0.80" duration="1"/>
    <step time="5700.00" loaded="2940" inserted="2935" running="87" waiting="5" ended="2848" arrived="2848" collisions="1" teleports="1" halting="0" stopped="0" meanWaitingTime="1.85" meanTravelTime="259.58" meanSpeed="24.50" meanSpeedRelative="0.77" duration="1"/>
    <step time="6000.00" loaded="3044" inserted="3044" running="70" waiting="0" ended="2974" arrived="2974" collisions="1" teleports="1" halting="1" stopped="0" meanWaitingTime="2.04" meanTravelTime="258.63" meanSpeed="25.28" meanSpeedRelative="0.79" duration="0"/>
    <step time="6300.00" loaded="3166" inserted="3166" running="104" waiting="0" ended="3062" arrived="3062" collisions="1" teleports="1" halting="3" stopped="0" meanWaitingTime="2.00" meanTravelTime="257.20" meanSpeed="24.93" meanSpeedRelative="0.78" duration="1"/>
    <step time="6600.00" loaded="3286" inserted="3286" running="106" waiting="0" ended="3180" arrived="3180" collisions="1" teleports="1" halting="1" stopped="0" meanWaitingTime="2.02" meanTravelTime="257.31" meanSpeed="23.72" meanSpeedRelative="0.74" duration="0"/>
    <step time="6900.00" loaded="3415" inserted="3412" running="116" waiting="3" ended="3296" arrived="3296" collisions="1" teleports="1" halting="2" stopped="0" meanWaitingTime="2.09" meanTravelTime="256.16" meanSpeed="24.42" meanSpeedRelative="0.76" duration="1"/>
    <step time="7200.00" loaded="3543" inserted="3536" running="118" waiting="7" ended="3418" arrived="3418" collisions="1" teleports="1" halting="4" stopped="0" meanWaitingTime="2.30" meanTravelTime="257.06" meanSpeed="23.50" meanSpeedRelative="0.73" duration="86"/>
    <step time="7500.00" loaded="3692" inserted="3687" running="133" waiting="5" ended="3554" arrived="3554" collisions="1" teleports="1" halting="1" stopped="0" meanWaitingTime="2.50" meanTravelTime="257.10" meanSpeed="23.91" meanSpeedRelative="0.75" duration="1"/>
    <step time="7800.00" loaded="3842" inserted="3835" running="133" waiting="7" ended="3702" arrived="3702" collisions="1" teleports="1" halting="3" stopped="0" meanWaitingTime="2.95" meanTravelTime="257.08" meanSpeed="24.65" meanSpeedRelative="0.77" duration="1"/>
    <step time="8100.00" loaded="3983" inserted="3972" running="122" waiting="11" ended="3850" arrived="3850" collisions="1" teleports="1" halting="1" stopped="0" meanWaitingTime="3.49" meanTravelTime="258.79" meanSpeed="23.44" meanSpeedRelative="0.73" duration="1"/>
    <step time="8400.00" loaded="4152" inserted="4146" running="142" waiting="6" ended="4004" arrived="4004" collisions="1" teleports="1" halting="4" stopped="0" meanWaitingTime="4.04" meanTravelTime="257.60" meanSpeed="23.04" meanSpeedRelative="0.72" duration="1"/>
    <step time="8700.00" loaded="4326" inserted="4308" running="153" waiting="18" ended="4155" arrived="4155" collisions="1" teleports="1" halting="0" stopped="0" meanWaitingTime="4.56" meanTravelTime="257.61" meanSpeed="25.34" meanSpeedRelative="0.79" duration="1"/>
    <step time="9000.00" loaded="4483" inserted="4449" running="120" waiting="34" ended="4329" arrived="4329" collisions="2" teleports="2" halting="3" stopped="0" meanWaitingTime="5.63" meanTravelTime="258.16" meanSpeed="24.60" meanSpeedRelative="0.77" duration="1"/>
    <step time="9300.00" loaded="4612" inserted="4575" running="124" waiting="37" ended="4451" arrived="4451" collisions="2" teleports="2" halting="3" stopped="0" meanWaitingTime="7.19" meanTravelTime="257.70" meanSpeed="24.33" meanSpeedRelative="0.76" duration="1"/>
    <step time="9600.00" loaded="4758" inserted="4721" running="129" waiting="37" ended="4592" arrived="4592" collisions="2" teleports="2" halting="0" stopped="0" meanWaitingTime="9.16" meanTravelTime="258.79" meanSpeed="23.61" meanSpeedRelative="0.74" duration="1"/>
    <step time="9900.00" loaded="4908" inserted="4866" running="126" waiting="42" ended="4740" arrived="4740" collisions="2" teleports="2" halting="4" stopped="0" meanWaitingTime="11.33" meanTravelTime="259.10" meanSpeed="23.96" meanSpeedRelative="0.75" duration="1"/>
    <step time="10200.00" loaded="5058" inserted="5006" running="124" waiting="52" ended="4882" arrived="4882" collisions="2" teleports="2" halting="6" stopped="0" meanWaitingTime="13.16" meanTravelTime="259.11" meanSpeed="24.59" meanSpeedRelative="0.77" duration="0"/>
    <step time="10500.00" loaded="5221" inserted="5173" running="135" waiting="48" ended="5038" arrived="5038" collisions="2" teleports="2" halting="0" stopped="0" meanWaitingTime="15.33" meanTravelTime="259.17" meanSpeed="25.17" meanSpeedRelative="0.79" duration="1"/>
    <step time="10800.00" loaded="5380" inserted="5327" running="138" waiting="53" ended="5189" arrived="5189" collisions="2" teleports="2" halting="1" stopped="0" meanWaitingTime="17.64" meanTravelTime="258.96" meanSpeed="24.80" meanSpeedRelative="0.77" duration="87"/>
    <step time="11100.00" loaded="5522" inserted="5461" running="113" waiting="61" ended="5348" arrived="5348" collisions="2" teleports="2" halting="4" stopped="0" meanWaitingTime="19.54" meanTravelTime="259.33" meanSpeed="24.51" meanSpeedRelative="0.77" duration="1"/>
    <step time="11400.00" loaded="5674" inserted="5605" running="113" waiting="69" ended="5492" arrived="5492" collisions="2" teleports="2" halting="0" stopped="0" meanWaitingTime="21.85" meanTravelTime="258.92" meanSpeed="24.49" meanSpeedRelative="0.77" duration="1"/>
    <step time="11700.00" loaded="5838" inserted="5766" running="115" waiting="72" ended="5651" arrived="5651" collisions="2" teleports="2" halting="2" stopped="0" meanWaitingTime="24.53" meanTravelTime="258.15" meanSpeed="24.51" meanSpeedRelative="0.77" duration="0"/>
    <step time="12000.00" loaded="5978" inserted="5901" running="110" waiting="77" ended="5791" arrived="5791" collisions="2" teleports="2" halting="1" stopped="0" meanWaitingTime="26.96" meanTravelTime="257.70" meanSpeed="23.78" meanSpeedRelative="0.74" duration="1"/>
    <step time="12300.00" loaded="6140" inserted="6060" running="123" waiting="80" ended="5937" arrived="5937" collisions="2" teleports="2" halting="5" stopped="0" meanWaitingTime="29.80" meanTravelTime="257.29" meanSpeed="24.05" meanSpeedRelative="0.75" duration="1"/>
    <step time="12600.00" loaded="6267" inserted="6182" running="107" waiting="85" ended="6075" arrived="6075" collisions="2" teleports="2" halting="0" stopped="0" meanWaitingTime="32.21" meanTravelTime="256.76" meanSpeed="24.56" meanSpeedRelative="0.77" duration="1"/>
    <step time="12900.00" loaded="6417" inserted="6323" running="99" waiting="94" ended="6224" arrived="6224" collisions="2" teleports="2" halting="1" stopped="0" meanWaitingTime="35.16" meanTravelTime="256.65" meanSpeed="24.88" meanSpeedRelative="0.78" duration="1"/>
    <step time="13200.00" loaded="6564" inserted="6469" running="112" waiting="95" ended="6357" arrived="6357" collisions="2" teleports="2" halting="3" stopped="0" meanWaitingTime="38.26" meanTravelTime="256.24" meanSpeed="24.13" meanSpeedRelative="0.75" duration="1"/>
    <step time="13500.00" loaded="6693" inserted="6593" running="90" waiting="100" ended="6503" arrived="6503" collisions="2" teleports="2" halting="2" stopped="0" meanWaitingTime="40.92" meanTravelTime="255.15" meanSpeed="23.62" meanSpeedRelative="0.74" duration="0"/>
    <step time="13800.00" loaded="6825" inserted="6719" running="103" waiting="106" ended="6616" arrived="6616" collisions="2" teleports="2" halting="2" stopped="0" meanWaitingTime="44.07" meanTravelTime="254.64" meanSpeed="23.33" meanSpeedRelative="0.73" duration="1"/>
    <step time="14100.00" loaded="6960" inserted="6856" running="98" waiting="104" ended="6758" arrived="6758" collisions="2" teleports="2" halting="5" stopped="0" meanWaitingTime="47.38" meanTravelTime="253.55" meanSpeed="24.01" meanSpeedRelative="0.75" duration="0"/>
    <step time="14400.00" loaded="7120" inserted="7013" running="121" waiting="107" ended="6892" arrived="6892" collisions="2" teleports="2" halting="0" stopped="0" meanWaitingTime="50.09" meanTravelTime="253.67" meanSpeed="23.87" meanSpeedRelative="0.75" duration="86"/>
    <step time="14700.00" loaded="7227" inserted="7121" running="93" waiting="106" ended="7028" arrived="7028" collisions="2" teleports="2" halting="1" stopped="0" meanWaitingTime="53.41" meanTravelTime="253.42" meanSpeed="24.23" meanSpeedRelative="0.76" duration="0"/>
    <step time="15000.00" loaded="7328" inserted="7224" running="84" waiting="104" ended="7140" arrived="7140" collisions="2" teleports="2" halting="5" stopped="0" meanWaitingTime="56.78" meanTravelTime="253.57" meanSpeed="23.92" meanSpeedRelative="0.75" duration="0"/>
    <step time="15300.00" loaded="7417" inserted="7320" running="79" waiting="97" ended="7241" arrived="7241" collisions="2" teleports="2" halting="2" stopped="0" meanWaitingTime="59.97" meanTravelTime="253.50" meanSpeed="23.81" meanSpeedRelative="0.74" duration="1"/>
    <step time="15600.00" loaded="7507" inserted="7417" running="78" waiting="90" ended="7339" arrived="7339" collisions="2" teleports="2" halting="2" stopped="0" meanWaitingTime="63.40" meanTravelTime="253.60" meanSpeed="24.47" meanSpeedRelative="0.76" duration="0"/>
    <step time="15900.00" loaded="7588" inserted="7514" running="75" waiting="74" ended="7439" arrived="7439" collisions="2" teleports="2" halting="3" stopped="0" meanWaitingTime="67.11" meanTravelTime="253.33" meanSpeed="24.01" meanSpeedRelative="0.75" duration="0"/>
    <step time="16200.00" loaded="7676" inserted="7605" running="74" waiting="71" ended="7531" arrived="7531" collisions="2" teleports="2" halting="6" stopped="0" meanWaitingTime="70.49" meanTravelTime="253.16" meanSpeed="21.87" meanSpeedRelative="0.68" duration="1"/>
    <step time="16500.00" loaded="7786" inserted="7712" running="83" waiting="74" ended="7629" arrived="7629" collisions="2" teleports="2" halting="1" stopped="0" meanWaitingTime="73.25" meanTravelTime="253.08" meanSpeed="23.14" meanSpeedRelative="0.72" duration="0"/>
    <step time="16800.00" loaded="7905" inserted="7840" running="87" waiting="65" ended="7753" arrived="7753" collisions="2" teleports="2" halting="1" stopped="0" meanWaitingTime="75.72" meanTravelTime="252.21" meanSpeed="25.68" meanSpeedRelative="0.80" duration="0"/>
    <step time="17100.00" loaded="7998" inserted="7936" running="65" waiting="62" ended="7871" arrived="7871" collisions="2" teleports="2" halting="3" stopped="0" meanWaitingTime="77.27" meanTravelTime="251.76" meanSpeed="23.59" meanSpeedRelative="0.74" duration="0"/>
    <step time="17400.00" loaded="8096" inserted="8043" running="71" waiting="53" ended="7972" arrived="7972" collisions="2" teleports="2" halting="2" stopped="0" meanWaitingTime="78.71" meanTravelTime="251.32" meanSpeed="22.94" meanSpeedRelative="0.72" duration="0"/>
    <step time="17700.00" loaded="8193" inserted="8147" running="74" waiting="46" ended="8073" arrived="8073" collisions="2" teleports="2" halting="0" stopped="0" meanWaitingTime="79.97" meanTravelTime="250.69" meanSpeed="24.48" meanSpeedRelative="0.76" duration="1"/>
    <step time="18000.00" loaded="8297" inserted="8256" running="82" waiting="41" ended="8174" arrived="8174" collisions="2" teleports="2" halting="2" stopped="0" meanWaitingTime="81.25" meanTravelTime="250.23" meanSpeed="24.99" meanSpeedRelative="0.78" duration="81"/>
    <step time="18300.00" loaded="8474" inserted="8420" running="126" waiting="54" ended="8294" arrived="8294" collisions="4" teleports="4" halting="5" stopped="0" meanWaitingTime="81.52" meanTravelTime="249.43" meanSpeed="24.56" meanSpeedRelative="0.77" duration="1"/>
    <step time="18600.00" loaded="8676" inserted="8600" running="149" waiting="76" ended="8451" arrived="8451" collisions="4" teleports="4" halting="1" stopped="0" meanWaitingTime="81.17" meanTravelTime="249.15" meanSpeed="24.29" meanSpeedRelative="0.76" duration="1"/>
    <step time="18900.00" loaded="8850" inserted="8766" running="138" waiting="84" ended="8628" arrived="8628" collisions="5" teleports="5" halting="2" stopped="0" meanWaitingTime="81.56" meanTravelTime="248.93" meanSpeed="24.96" meanSpeedRelative="0.78" duration="0"/>
    <step time="19200.00" loaded="9035" inserted="8933" running="142" waiting="102" ended="8791" arrived="8791" collisions="5" teleports="5" halting="3" stopped="0" meanWaitingTime="81.84" meanTravelTime="249.29" meanSpeed="23.60" meanSpeedRelative="0.74" duration="0"/>
    <step time="19500.00" loaded="9226" inserted="9114" running="150" waiting="112" ended="8964" arrived="8964" collisions="5" teleports="5" halting="3" stopped="0" meanWaitingTime="82.46" meanTravelTime="249.16" meanSpeed="24.48" meanSpeedRelative="0.76" duration="1"/>
    <step time="19800.00" loaded="9416" inserted="9290" running="148" waiting="126" ended="9142" arrived="9142" collisions="5" teleports="5" halting="3" stopped="0" meanWaitingTime="83.50" meanTravelTime="249.19" meanSpeed="24.52" meanSpeedRelative="0.77" duration="1"/>
    <step time="20100.00" loaded="9608" inserted="9475" running="146" waiting="133" ended="9329" arrived="9329" collisions="6" teleports="6" halting="4" stopped="0" meanWaitingTime="84.92" meanTravelTime="249.01" meanSpeed="24.00" meanSpeedRelative="0.75" duration="1"/>
    <step time="20400.00" loaded="9803" inserted="9662" running="145" waiting="141" ended="9517" arrived="9517" collisions="6" teleports="6" halting="5" stopped="0" meanWaitingTime="86.56" meanTravelTime="248.50" meanSpeed="23.96" meanSpeedRelative="0.75" duration="1"/>
    <step time="20700.00" loaded="10003" inserted="9852" running="162" waiting="151" ended="9690" arrived="9690" collisions="6" teleports="6" halting="0" stopped="0" meanWaitingTime="87.86" meanTravelTime="248.59" meanSpeed="24.06" meanSpeedRelative="0.75" duration="1"/>
    <step time="21000.00" loaded="10212" inserted="10046" running="157" waiting="166" ended="9889" arrived="9889" collisions="6" teleports="6" halting="3" stopped="0" meanWaitingTime="89.62" meanTravelTime="248.61" meanSpeed="24.05" meanSpeedRelative="0.75" duration="1"/>
    <step time="21300.00" loaded="10394" inserted="10222" running="152" waiting="172" ended="10070" arrived="10070" collisions="6" teleports="6" halting="3" stopped="0" meanWaitingTime="91.79" meanTravelTime="248.64" meanSpeed="24.19" meanSpeedRelative="0.76" duration="0"/>
    <step time="21600.00" loaded="10614" inserted="10416" running="143" waiting="198" ended="10273" arrived="10273" collisions="6" teleports="6" halting="4" stopped="0" meanWaitingTime="94.00" meanTravelTime="248.50" meanSpeed="24.05" meanSpeedRelative="0.75" duration="79"/>
    <step time="21900.00" loaded="11069" inserted="10795" running="299" waiting="274" ended="10496" arrived="10496" collisions="6" teleports="6" halting="4" stopped="0" meanWaitingTime="96.85" meanTravelTime="247.81" meanSpeed="21.98" meanSpeedRelative="0.69" duration="1"/>
    <step time="22200.00" loaded="11548" inserted="11187" running="381" waiting="361" ended="10806" arrived="10806" collisions="6" teleports="6" halting="7" stopped="0" meanWaitingTime="100.35" meanTravelTime="247.43" meanSpeed="21.41" meanSpeedRelative="0.67" duration="3"/>
    <step time="22500.00" loaded="11989" inserted="11568" running="415" waiting="421" ended="11153" arrived="11153" collisions="7" teleports="7" halting="5" stopped="0" meanWaitingTime="104.66" meanTravelTime="248.51" meanSpeed="20.79" meanSpeedRelative="0.65" duration="2"/>
    <step time="22800.00" loaded="12477" inserted="11971" running="443" waiting="506" ended="11528" arrived="11528" collisions="7" teleports="7" halting="7" stopped="0" meanWaitingTime="109.20" meanTravelTime="250.56" meanSpeed="20.50" meanSpeedRelative="0.64" duration="3"/>
    <step time="23100.00" loaded="12936" inserted="12354" running="427" waiting="582" ended="11927" arrived="11927" collisions="7" teleports="7" halting="7" stopped="0" meanWaitingTime="114.85" meanTravelTime="253.22" meanSpeed="21.15" meanSpeedRelative="0.66" duration="2"/>
    <step time="23400.00" loaded="13418" inserted="12753" running="433" waiting="665" ended="12320" arrived="12320" collisions="9" teleports="9" halting="10" stopped="0" meanWaitingTime="121.49" meanTravelTime="255.98" meanSpeed="20.90" meanSpeedRelative="0.65" duration="2"/>
    <step time="23700.00" loaded="13828" inserted="13133" running="422" waiting="695" ended="12711" arrived="12711" collisions="11" teleports="11" halting="11" stopped="0" meanWaitingTime="128.89" meanTravelTime="257.78" meanSpeed="21.02" meanSpeedRelative="0.66" duration="3"/>
    <step time="24000.00" loaded="14334" inserted="13525" running="440" waiting="809" ended="13085" arrived="13085" collisions="12" teleports="12" halting="4" stopped="0" meanWaitingTime="135.38" meanTravelTime="260.13" meanSpeed="21.15" meanSpeedRelative="0.66" duration="3"/>
    <step time="24300.00" loaded="14790" inserted="13913" running="443" waiting="877" ended="13470" arrived="13470" collisions="13" teleports="13" halting="8" stopped="0" meanWaitingTime="143.31" meanTravelTime="261.81" meanSpeed="20.38" meanSpeedRelative="0.64" duration="4"/>
    <step time="24600.00" loaded="15241" inserted="14292" running="420" waiting="949" ended="13872" arrived="13872" collisions="13" teleports="13" halting="6" stopped="0" meanWaitingTime="152.03" meanTravelTime="263.83" meanSpeed="20.52" meanSpeedRelative="0.64" duration="3"/>
    <step time="24900.00" loaded="15695" inserted="14673" running="415" waiting="1022" ended="14258" arrived="14258" collisions="14" teleports="14" halting="2" stopped="0" meanWaitingTime="161.03" meanTravelTime="266.11" meanSpeed="21.14" meanSpeedRelative="0.66" duration="2"/>
    <step time="25200.00" loaded="16150" inserted="15078" running="430" waiting="1072" ended="14648" arrived="14648" collisions="15" teleports="15" halting="4" stopped="0" meanWaitingTime="171.86" meanTravelTime="267.71" meanSpeed="20.82" meanSpeedRelative="0.65" duration="85"/>
    <step time="25500.00" loaded="16709" inserted="15541" running="491" waiting="1168" ended="15050" arrived="15050" collisions="15" teleports="15" halting="5" stopped="0" meanWaitingTime="182.43" meanTravelTime="268.85" meanSpeed="20.12" meanSpeedRelative="0.63" duration="3"/>
    <step time="25800.00" loaded="17262" inserted="15974" running="474" waiting="1288" ended="15500" arrived="15500" collisions="15" teleports="15" halting="6" stopped="0" meanWaitingTime="193.42" meanTravelTime="270.33" meanSpeed="19.40" meanSpeedRelative="0.61" duration="4"/>
    <step time="26100.00" loaded="17846" inserted="16430" running="524" waiting="1416" ended="15906" arrived="15906" collisions="15" teleports="15" halting="10" stopped="0" meanWaitingTime="204.69" meanTravelTime="272.43" meanSpeed="18.35" meanSpeedRelative="0.57" duration="4"/>
    <step time="26400.00" loaded="18392" inserted="16877" running="522" waiting="1515" ended="16355" arrived="16355" collisions="15" teleports="15" halting="11" stopped="0" meanWaitingTime="217.03" meanTravelTime="274.17" meanSpeed="19.12" meanSpeedRelative="0.60" duration="5"/>
    <step time="26700.00" loaded="18929" inserted="17299" running="492" waiting="1630" ended="16807" arrived="16807" collisions="17" teleports="17" halting="8" stopped="0" meanWaitingTime="229.91" meanTravelTime="275.97" meanSpeed="18.64" meanSpeedRelative="0.58" duration="4"/>
    <step time="27000.00" loaded="19488" inserted="17758" running="523" waiting="1730" ended="17235" arrived="17235" collisions="19" teleports="19" halting="9" stopped="0" meanWaitingTime="243.42" meanTravelTime="277.81" meanSpeed="18.82" meanSpeedRelative="0.59" duration="5"/>
    <step time="27300.00" loaded="20043" inserted="18184" running="513" waiting="1859" ended="17671" arrived="17671" collisions="20" teleports="20" halting="5" stopped="0" meanWaitingTime="256.21" meanTravelTime="279.56" meanSpeed="19.01" meanSpeedRelative="0.59" duration="3"/>
    <step time="27600.00" loaded="20605" inserted="18624" running="491" waiting="1981" ended="18133" arrived="18133" collisions="21" teleports="21" halting="2" stopped="0" meanWaitingTime="269.53" meanTravelTime="281.45" meanSpeed="20.45" meanSpeedRelative="0.64" duration="4"/>
    <step time="27900.00" loaded="21167" inserted="19105" running="521" waiting="2062" ended="18584" arrived="18584" collisions="22" teleports="22" halting="9" stopped="0" meanWaitingTime="283.42" meanTravelTime="282.65" meanSpeed="19.51" meanSpeedRelative="0.61" duration="4"/>
    <step time="28200.00" loaded="21713" inserted="19562" running="526" waiting="2151" ended="19036" arrived="19036" collisions="23" teleports="23" halting="8" stopped="0" meanWaitingTime="298.10" meanTravelTime="283.97" meanSpeed="18.97" meanSpeedRelative="0.59" duration="7"/>
    <step time="28500.00" loaded="22277" inserted="20001" running="503" waiting="2276" ended="19498" arrived="19498" collisions="23" teleports="23" halting="7" stopped="0" meanWaitingTime="313.58" meanTravelTime="285.58" meanSpeed="19.56" meanSpeedRelative="0.61" duration="2"/>
    <step time="28800.00" loaded="22807" inserted="20414" running="477" waiting="2393" ended="19937" arrived="19937" collisions="23" teleports="23" halting="10" stopped="0" meanWaitingTime="328.25" meanTravelTime="286.79" meanSpeed="19.25" meanSpeedRelative="0.60" duration="93"/>
    <step time="29100.00" loaded="23154" inserted="20786" running="465" waiting="2368" ended="20321" arrived="20321" collisions="24" teleports="24" halting="7" stopped="0" meanWaitingTime="342.44" meanTravelTime="287.74" meanSpeed="18.68" meanSpeedRelative="0.58" duration="4"/>
    <step time="29400.00" loaded="23513" inserted="21163" running="471" waiting="2350" ended="20692" arrived="20692" collisions="25" teleports="25" halting="7" stopped="0" meanWaitingTime="357.23" meanTravelTime="289.26" meanSpeed="18.36" meanSpeedRelative="0.57" duration="3"/>
    <step time="29700.00" loaded="23844" inserted="21543" running="490" waiting="2301" ended="21053" arrived="21053" collisions="25" teleports="25" halting="9" stopped="0" meanWaitingTime="372.26" meanTravelTime="290.56" meanSpeed="17.51" meanSpeedRelative="0.55" duration="4"/>
    <step time="30000.00" loaded="24201" inserted="21950" running="509" waiting="2251" ended="21441" arrived="21441" collisions="27" teleports="27" halting="7" stopped="0" meanWaitingTime="387.99" meanTravelTime="292.16" meanSpeed="16.94" meanSpeedRelative="0.53" duration="3"/>
    <step time="30300.00" loaded="24573" inserted="22363" running="536" waiting="2210" ended="21827" arrived="21827" collisions="28" teleports="28" halting="12" stopped="0" meanWaitingTime="404.80" meanTravelTime="293.25" meanSpeed="16.17" meanSpeedRelative="0.51" duration="5"/>
    <step time="30600.00" loaded="24932" inserted="22769" running="491" waiting="2163" ended="22278" arrived="22278" collisions="29" teleports="29" halting="4" stopped="0" meanWaitingTime="419.51" meanTravelTime="296.19" meanSpeed="18.52" meanSpeedRelative="0.58" duration="3"/>
    <step time="30900.00" loaded="25291" inserted="23138" running="393" waiting="2153" ended="22745" arrived="22745" collisions="29" teleports="29" halting="10" stopped="0" meanWaitingTime="434.60" meanTravelTime="297.31" meanSpeed="21.25" meanSpeedRelative="0.66" duration="3"/>
    <step time="31200.00" loaded="25636" inserted="23510" running="376" waiting="2126" ended="23134" arrived="23134" collisions="30" teleports="30" halting="9" stopped="0" meanWaitingTime="448.78" meanTravelTime="297.54" meanSpeed="21.18" meanSpeedRelative="0.66" duration="5"/>
    <step time="31500.00" loaded="25966" inserted="23875" running="363" waiting="2091" ended="23512" arrived="23512" collisions="31" teleports="31" halting="2" stopped="0" meanWaitingTime="462.33" meanTravelTime="297.51" meanSpeed="21.83" meanSpeedRelative="0.68" duration="3"/>
    <step time="31800.00" loaded="26340" inserted="24253" running="378" waiting="2087" ended="23875" arrived="23875" collisions="31" teleports="31" halting="7" stopped="0" meanWaitingTime="477.57" meanTravelTime="297.69" meanSpeed="21.58" meanSpeedRelative="0.67" duration="3"/>
    <step time="32100.00" loaded="26699" inserted="24615" running="360" waiting="2084" ended="24255" arrived="24255" collisions="33" teleports="33" halting="7" stopped="0" meanWaitingTime="492.65" meanTravelTime="297.67" meanSpeed="22.00" meanSpeedRelative="0.69" duration="3"/>
    <step time="32400.00" loaded="27063" inserted="24971" running="353" waiting="2092" ended="24618" arrived="24618" collisions="36" teleports="36" halting="3" stopped="0" meanWaitingTime="506.79" meanTravelTime="297.70" meanSpeed="22.14" meanSpeedRelative="0.69" duration="88"/>
    <step time="32700.00" loaded="27311" inserted="25263" running="291" waiting="2048" ended="24972" arrived="24972" collisions="37" teleports="37" halting="8" stopped="0" meanWaitingTime="522.73" meanTravelTime="297.62" meanSpeed="21.61" meanSpeedRelative="0.68" duration="3"/>
    <step time="33000.00" loaded="27603" inserted="25574" running="284" waiting="2029" ended="25290" arrived="25290" collisions="38" teleports="38" halting="5" stopped="0" meanWaitingTime="537.32" meanTravelTime="297.63" meanSpeed="22.10" meanSpeedRelative="0.69" duration="3"/>
    <step time="33300.00" loaded="27870" inserted="25872" running="285" waiting="1998" ended="25587" arrived="25587" collisions="38" teleports="38" halting="3" stopped="0" meanWaitingTime="552.08" meanTravelTime="297.23" meanSpeed="22.27" meanSpeedRelative="0.70" duration="2"/>
    <step time="33600.00" loaded="28148" inserted="26202" running="301" waiting="1946" ended="25901" arrived="25901" collisions="38" teleports="38" halting="5" stopped="0" meanWaitingTime="566.74" meanTravelTime="297.14" meanSpeed="22.04" meanSpeedRelative="0.69" duration="2"/>
    <step time="33900.00" loaded="28433" inserted="26505" running="297" waiting="1928" ended="26208" arrived="26208" collisions="38" teleports="38" halting="6" stopped="0" meanWaitingTime="581.19" meanTravelTime="296.93" meanSpeed="21.77" meanSpeedRelative="0.68" duration="2"/>
    <step time="34200.00" loaded="28701" inserted="26797" running="269" waiting="1904" ended="26528" arrived="26528" collisions="38" teleports="38" halting="4" stopped="0" meanWaitingTime="595.02" meanTravelTime="296.75" meanSpeed="21.50" meanSpeedRelative="0.67" duration="3"/>
    <step time="34500.00" loaded="28969" inserted="27103" running="279" waiting="1866" ended="26824" arrived="26824" collisions="38" teleports="38" halting="4" stopped="0" meanWaitingTime="608.75" meanTravelTime="296.60" meanSpeed="22.00" meanSpeedRelative="0.69" duration="2"/>
    <step time="34800.00" loaded="29222" inserted="27391" running="269" waiting="1831" ended="27122" arrived="27122" collisions="38" teleports="38" halting="7" stopped="0" meanWaitingTime="622.71" meanTravelTime="296.41" meanSpeed="21.50" meanSpeedRelative="0.67" duration="1"/>
    <step time="35100.00" loaded="29490" inserted="27698" running="272" waiting="1792" ended="27426" arrived="27426" collisions="39" teleports="39" halting="7" stopped="0" meanWaitingTime="638.12" meanTravelTime="296.18" meanSpeed="21.98" meanSpeedRelative="0.69" duration="2"/>
    <step time="35400.00" loaded="29765" inserted="27983" running="275" waiting="1782" ended="27708" arrived="27708" collisions="39" teleports="39" halting="5" stopped="0" meanWaitingTime="651.68" meanTravelTime="295.93" meanSpeed="22.44" meanSpeedRelative="0.70" duration="2"/>
    <step time="35700.00" loaded="30007" inserted="28270" running="268" waiting="1737" ended="28002" arrived="28002" collisions="39" teleports="39" halting="7" stopped="0" meanWaitingTime="666.17" meanTravelTime="295.71" meanSpeed="21.21" meanSpeedRelative="0.66" duration="2"/>
    <step time="36000.00" loaded="30273" inserted="28581" running="282" waiting="1692" ended="28299" arrived="28299" collisions="39" teleports="39" halting="7" stopped="0" meanWaitingTime="679.41" meanTravelTime="295.52" meanSpeed="21.84" meanSpeedRelative="0.68" duration="83"/>
    <step time="36300.00" loaded="30739" inserted="29034" running="407" waiting="1705" ended="28627" arrived="28627" collisions="40" teleports="40" halting="5" stopped="0" meanWaitingTime="690.86" meanTravelTime="295.07" meanSpeed="21.12" meanSpeedRelative="0.66" duration="3"/>
    <step time="36600.00" loaded="31229" inserted="29457" running="448" waiting="1772" ended="29009" arrived="29009" collisions="40" teleports="40" halting="7" stopped="0" meanWaitingTime="701.21" meanTravelTime="294.86" meanSpeed="20.67" meanSpeedRelative="0.65" duration="3"/>
    <step time="36900.00" loaded="31717" inserted="29882" running="444" waiting="1835" ended="29438" arrived="29438" collisions="40" teleports="40" halting="7" stopped="0" meanWaitingTime="712.25" meanTravelTime="294.93" meanSpeed="20.08" meanSpeedRelative="0.63" duration="4"/>
    <step time="37200.00" loaded="32184" inserted="30296" running="432" waiting="1888" ended="29864" arrived="29864" collisions="44" teleports="44" halting="8" stopped="0" meanWaitingTime="722.51" meanTravelTime="294.95" meanSpeed="21.28" meanSpeedRelative="0.67" duration="3"/>
    <step time="37500.00" loaded="32703" inserted="30753" running="471" waiting="1950" ended="30282" arrived="30282" collisions="45" teleports="45" halting="3" stopped="0" meanWaitingTime="732.56" meanTravelTime="295.28" meanSpeed="19.66" meanSpeedRelative="0.61" duration="2"/>
    <step time="37800.00" loaded="33123" inserted="31158" running="438" waiting="1965" ended="30720" arrived="30720" collisions="45" teleports="45" halting="6" stopped="0" meanWaitingTime="742.74" meanTravelTime="295.50" meanSpeed="20.41" meanSpeedRelative="0.64" duration="4"/>
    <step time="38100.00" loaded="33581" inserted="31594" running="445" waiting="1987" ended="31149" arrived="31149" collisions="46" teleports="46" halting="5" stopped="0" meanWaitingTime="752.97" meanTravelTime="296.01" meanSpeed="20.35" meanSpeedRelative="0.64" duration="4"/>
    <step time="38400.00" loaded="34066" inserted="32039" running="472" waiting="2027" ended="31567" arrived="31567" collisions="47" teleports="47" halting="7" stopped="0" meanWaitingTime="763.51" meanTravelTime="296.31" meanSpeed="19.90" meanSpeedRelative="0.62" duration="4"/>
    <step time="38700.00" loaded="34526" inserted="32465" running="468" waiting="2061" ended="31997" arrived="31997" collisions="50" teleports="50" halting="7" stopped="0" meanWaitingTime="773.10" meanTravelTime="296.63" meanSpeed="19.44" meanSpeedRelative="0.61" duration="3"/>
    <step time="39000.00" loaded="35007" inserted="32893" running="451" waiting="2114" ended="32442" arrived="32442" collisions="51" teleports="51" halting="7" stopped="0" meanWaitingTime="781.30" meanTravelTime="297.05" meanSpeed="18.81" meanSpeedRelative="0.59" duration="5"/>
    <step time="39300.00" loaded="35470" inserted="33313" running="465" waiting="2157" ended="32848" arrived="32848" collisions="52" teleports="52" halting="2" stopped="0" meanWaitingTime="790.54" meanTravelTime="297.25" meanSpeed="19.88" meanSpeedRelative="0.62" duration="2"/>
    <step time="39600.00" loaded="35957" inserted="33750" running="464" waiting="2207" ended="33286" arrived="33286" collisions="52" teleports="52" halting="8" stopped="0" meanWaitingTime="798.84" meanTravelTime="297.88" meanSpeed="19.65" meanSpeedRelative="0.61" duration="95"/>
    <step time="39900.00" loaded="36462" inserted="34193" running="481" waiting="2269" ended="33712" arrived="33712" collisions="52" teleports="52" halting="4" stopped="0" meanWaitingTime="807.11" meanTravelTime="297.99" meanSpeed="20.21" meanSpeedRelative="0.63" duration="3"/>
    <step time="40200.00" loaded="36966" inserted="34655" running="516" waiting="2311" ended="34139" arrived="34139" collisions="52" teleports="52" halting="4" stopped="0" meanWaitingTime="813.99" meanTravelTime="298.09" meanSpeed="20.20" meanSpeedRelative="0.63" duration="4"/>
    <step time="40500.00" loaded="37443" inserted="35077" running="487" waiting="2366" ended="34590" arrived="34590" collisions="55" teleports="55" halting="9" stopped="0" meanWaitingTime="821.19" meanTravelTime="298.81" meanSpeed="19.80" meanSpeedRelative="0.62" duration="2"/>
    <step time="40800.00" loaded="37958" inserted="35515" running="479" waiting="2443" ended="35036" arrived="35036" collisions="55" teleports="55" halting="7" stopped="0" meanWaitingTime="827.91" meanTravelTime="299.24" meanSpeed="20.48" meanSpeedRelative="0.64" duration="5"/>
    <step time="41100.00" loaded="38514" inserted="36004" running="520" waiting="2510" ended="35484" arrived="35484" collisions="56" teleports="56" halting="12" stopped="0" meanWaitingTime="835.08" meanTravelTime="299.47" meanSpeed="19.88" meanSpeedRelative="0.62" duration="5"/>
    <step time="41400.00" loaded="39030" inserted="36437" running="495" waiting="2593" ended="35942" arrived="35942" collisions="57" teleports="57" halting="4" stopped="0" meanWaitingTime="840.94" meanTravelTime="300.18" meanSpeed="19.50" meanSpeedRelative="0.61" duration="3"/>
    <step time="41700.00" loaded="39543" inserted="36880" running="489" waiting="2663" ended="36391" arrived="36391" collisions="58" teleports="58" halting="5" stopped="0" meanWaitingTime="847.19" meanTravelTime="300.52" meanSpeed="19.53" meanSpeedRelative="0.61" duration="3"/>
    <step time="42000.00" loaded="40061" inserted="37320" running="499" waiting="2741" ended="36821" arrived="36821" collisions="59" teleports="59" halting="6" stopped="0" meanWaitingTime="853.28" meanTravelTime="300.82" meanSpeed="20.13" meanSpeedRelative="0.63" duration="4"/>
    <step time="42300.00" loaded="40590" inserted="37782" running="498" waiting="2808" ended="37284" arrived="37284" collisions="59" teleports="59" halting="6" stopped="0" meanWaitingTime="859.72" meanTravelTime="301.28" meanSpeed="20.05" meanSpeedRelative="0.63" duration="5"/>
    <step time="42600.00" loaded="41114" inserted="38259" running="531" waiting="2855" ended="37728" arrived="37728" collisions="60" teleports="60" halting="4" stopped="0" meanWaitingTime="866.70" meanTravelTime="301.70" meanSpeed="19.45" meanSpeedRelative="0.61" duration="8"/>
    <step time="42900.00" loaded="41675" inserted="38713" running="530" waiting="2962" ended="38183" arrived="38183" collisions="61" teleports="61" halting="6" stopped="0" meanWaitingTime="873.54" meanTravelTime="302.02" meanSpeed="19.75" meanSpeedRelative="0.62" duration="6"/>
    <step time="43200.00" loaded="42174" inserted="39165" running="530" waiting="3009" ended="38635" arrived="38635" collisions="64" teleports="64" halting="7" stopped="0" meanWaitingTime="881.62" meanTravelTime="302.57" meanSpeed="19.19" meanSpeedRelative="0.60" duration="94"/>
    <step time="43500.00" loaded="42739" inserted="39648" running="548" waiting="3091" ended="39100" arrived="39100" collisions="65" teleports="65" halting="13" stopped="0" meanWaitingTime="890.01" meanTravelTime="303.01" meanSpeed="18.89" meanSpeedRelative="0.59" duration="6"/>
    <step time="43800.00" loaded="43285" inserted="40114" running="585" waiting="3171" ended="39529" arrived="39529" collisions="67" teleports="67" halting="7" stopped="0" meanWaitingTime="898.85" meanTravelTime="303.61" meanSpeed="17.99" meanSpeedRelative="0.56" duration="5"/>
    <step time="44100.00" loaded="43831" inserted="40595" running="581" waiting="3236" ended="40014" arrived="40014" collisions="72" teleports="72" halting="1" stopped="0" meanWaitingTime="908.00" meanTravelTime="304.40" meanSpeed="18.20" meanSpeedRelative="0.57" duration="4"/>
    <step time="44400.00" loaded="44358" inserted="41069" running="591" waiting="3289" ended="40478" arrived="40478" collisions="76" teleports="76" halting="4" stopped="0" meanWaitingTime="916.94" meanTravelTime="305.21" meanSpeed="18.47" meanSpeedRelative="0.58" duration="3"/>
    <step time="44700.00" loaded="44890" inserted="41546" running="579" waiting="3344" ended="40967" arrived="40967" collisions="80" teleports="80" halting="6" stopped="0" meanWaitingTime="926.39" meanTravelTime="305.88" meanSpeed="18.62" meanSpeedRelative="0.58" duration="4"/>
    <step time="45000.00" loaded="45412" inserted="42025" running="603" waiting="3387" ended="41422" arrived="41422" collisions="82" teleports="82" halting="6" stopped="0" meanWaitingTime="935.89" meanTravelTime="306.42" meanSpeed="19.05" meanSpeedRelative="0.60" duration="7"/>
    <step time="45300.00" loaded="45953" inserted="42512" running="626" waiting="3441" ended="41886" arrived="41886" collisions="83" teleports="83" halting="4" stopped="0" meanWaitingTime="945.61" meanTravelTime="307.12" meanSpeed="17.53" meanSpeedRelative="0.55" duration="5"/>
    <step time="45600.00" loaded="46475" inserted="42984" running="641" waiting="3491" ended="42343" arrived="42343" collisions="84" teleports="84" halting="4" stopped="0" meanWaitingTime="955.42" meanTravelTime="308.16" meanSpeed="17.45" meanSpeedRelative="0.55" duration="4"/>
    <step time="45900.00" loaded="46984" inserted="43426" running="617" waiting="3558" ended="42809" arrived="42809" collisions="84" teleports="84" halting="10" stopped="0" meanWaitingTime="964.52" meanTravelTime="309.29" meanSpeed="17.33" meanSpeedRelative="0.54" duration="4"/>
    <step time="46200.00" loaded="47553" inserted="43913" running="617" waiting="3640" ended="43296" arrived="43296" collisions="84" teleports="84" halting="9" stopped="0" meanWaitingTime="973.38" meanTravelTime="310.44" meanSpeed="17.63" meanSpeedRelative="0.55" duration="7"/>
    <step time="46500.00" loaded="48062" inserted="44402" running="629" waiting="3660" ended="43773" arrived="43773" collisions="84" teleports="84" halting="12" stopped="0" meanWaitingTime="984.44" meanTravelTime="310.93" meanSpeed="17.57" meanSpeedRelative="0.55" duration="5"/>
    <step time="46800.00" loaded="48638" inserted="44917" running="673" waiting="3721" ended="44244" arrived="44244" collisions="88" teleports="88" halting="3" stopped="0" meanWaitingTime="993.03" meanTravelTime="311.95" meanSpeed="17.08" meanSpeedRelative="0.53" duration="97"/>
    <step time="47100.00" loaded="49163" inserted="45402" running="641" waiting="3761" ended="44761" arrived="44761" collisions="88" teleports="88" halting="8" stopped="0" meanWaitingTime="1002.96" meanTravelTime="312.98" meanSpeed="17.11" meanSpeedRelative="0.53" duration="6"/>
    <step time="47400.00" loaded="49746" inserted="45864" running="633" waiting="3882" ended="45231" arrived="45231" collisions="88" teleports="88" halting="9" stopped="0" meanWaitingTime="1012.31" meanTravelTime="313.92" meanSpeed="17.42" meanSpeedRelative="0.54" duration="5"/>
    <step time="47700.00" loaded="50290" inserted="46330" running="621" waiting="3960" ended="45709" arrived="45709" collisions="89" teleports="89" halting="5" stopped="0" meanWaitingTime="1020.91" meanTravelTime="314.96" meanSpeed="18.44" meanSpeedRelative="0.58" duration="7"/>
    <step time="48000.00" loaded="50812" inserted="46832" running="640" waiting="3980" ended="46192" arrived="46192" collisions="89" teleports="89" halting="5" stopped="0" meanWaitingTime="1031.96" meanTravelTime="315.70" meanSpeed="17.82" meanSpeedRelative="0.56" duration="7"/>
    <step time="48300.00" loaded="51325" inserted="47289" running="636" waiting="4036" ended="46653" arrived="46653" collisions="90" teleports="90" halting="9" stopped="0" meanWaitingTime="1042.08" meanTravelTime="316.65" meanSpeed="18.21" meanSpeedRelative="0.57" duration="4"/>
    <step time="48600.00" loaded="51872" inserted="47794" running="646" waiting="4078" ended="47148" arrived="47148" collisions="90" teleports="90" halting="7" stopped="0" meanWaitingTime="1052.61" meanTravelTime="317.59" meanSpeed="17.62" meanSpeedRelative="0.55" duration="6"/>
    <step time="48900.00" loaded="52411" inserted="48279" running="653" waiting="4132" ended="47626" arrived="47626" collisions="92" teleports="92" halting="10" stopped="0" meanWaitingTime="1062.73" meanTravelTime="318.17" meanSpeed="17.18" meanSpeedRelative="0.54" duration="7"/>
    <step time="49200.00" loaded="52917" inserted="48723" running="615" waiting="4194" ended="48108" arrived="48108" collisions="95" teleports="95" halting="9" stopped="0" meanWaitingTime="1072.10" meanTravelTime="319.16" meanSpeed="18.17" meanSpeedRelative="0.57" duration="5"/>
    <step time="49500.00" loaded="53395" inserted="49197" running="626" waiting="4198" ended="48571" arrived="48571" collisions="98" teleports="98" halting="8" stopped="0" meanWaitingTime="1083.58" meanTravelTime="319.96" meanSpeed="17.59" meanSpeedRelative="0.55" duration="7"/>
    <step time="49800.00" loaded="53920" inserted="49677" running="618" waiting="4243" ended="49059" arrived="49059" collisions="99" teleports="99" halting="8" stopped="0" meanWaitingTime="1093.77" meanTravelTime="320.75" meanSpeed="17.73" meanSpeedRelative="0.55" duration="7"/>
    <step time="50100.00" loaded="54447" inserted="50156" running="613" waiting="4291" ended="49543" arrived="49543" collisions="102" teleports="102" halting="4" stopped="0" meanWaitingTime="1104.85" meanTravelTime="321.25" meanSpeed="18.82" meanSpeedRelative="0.59" duration="7"/>
    <step time="50400.00" loaded="55029" inserted="50663" running="641" waiting="4366" ended="50022" arrived="50022" collisions="104" teleports="104" halting="8" stopped="0" meanWaitingTime="1115.27" meanTravelTime="321.92" meanSpeed="17.62" meanSpeedRelative="0.55" duration="97"/>
    <step time="50700.00" loaded="55725" inserted="51197" running="687" waiting="4528" ended="50510" arrived="50510" collisions="106" teleports="106" halting="11" stopped="0" meanWaitingTime="1125.05" meanTravelTime="322.44" meanSpeed="17.75" meanSpeedRelative="0.55" duration="6"/>
    <step time="51000.00" loaded="56388" inserted="51702" running="716" waiting="4686" ended="50986" arrived="50986" collisions="109" teleports="109" halting="8" stopped="0" meanWaitingTime="1133.96" meanTravelTime="323.12" meanSpeed="17.01" meanSpeedRelative="0.53" duration="8"/>
    <step time="51300.00" loaded="57124" inserted="52252" running="786" waiting="4872" ended="51466" arrived="51466" collisions="110" teleports="110" halting="7" stopped="0" meanWaitingTime="1143.43" meanTravelTime="324.20" meanSpeed="15.81" meanSpeedRelative="0.49" duration="8"/>
    <step time="51600.00" loaded="57851" inserted="52777" running="829" waiting="5074" ended="51948" arrived="51948" collisions="110" teleports="110" halting="9" stopped="0" meanWaitingTime="1151.85" meanTravelTime="325.19" meanSpeed="15.04" meanSpeedRelative="0.47" duration="8"/>
    <step time="51900.00" loaded="58566" inserted="53286" running="815" waiting="5280" ended="52471" arrived="52471" collisions="112" teleports="112" halting="7" stopped="0" meanWaitingTime="1161.16" meanTravelTime="326.57" meanSpeed="15.30" meanSpeedRelative="0.48" duration="6"/>
    <step time="52200.00" loaded="59294" inserted="53849" running="847" waiting="5445" ended="53002" arrived="53002" collisions="113" teleports="113" halting="11" stopped="0" meanWaitingTime="1170.25" meanTravelTime="328.21" meanSpeed="14.73" meanSpeedRelative="0.46" duration="7"/>
    <step time="52500.00" loaded="60026" inserted="54394" running="867" waiting="5632" ended="53527" arrived="53527" collisions="114" teleports="114" halting="10" stopped="0" meanWaitingTime="1178.53" meanTravelTime="329.50" meanSpeed="14.37" meanSpeedRelative="0.45" duration="9"/>
    <step time="52800.00" loaded="60740" inserted="54932" running="888" waiting="5808" ended="54044" arrived="54044" collisions="115" teleports="115" halting="7" stopped="0" meanWaitingTime="1188.01" meanTravelTime="330.91" meanSpeed="14.42" meanSpeedRelative="0.45" duration="10"/>
    <step time="53100.00" loaded="61457" inserted="55479" running="917" waiting="5978" ended="54562" arrived="54562" collisions="119" teleports="119" halting="10" stopped="0" meanWaitingTime="1198.03" meanTravelTime="332.26" meanSpeed="13.61" meanSpeedRelative="0.43" duration="9"/>
    <step time="53400.00" loaded="62171" inserted="56015" running="951" waiting="6156" ended="55064" arrived="55064" collisions="120" teleports="120" halting="17" stopped="0" meanWaitingTime="1208.35" meanTravelTime="333.97" meanSpeed="13.65" meanSpeedRelative="0.43" duration="10"/>
    <step time="53700.00" loaded="62885" inserted="56589" running="1000" waiting="6296" ended="55589" arrived="55589" collisions="123" teleports="123" halting="9" stopped="0" meanWaitingTime="1218.56" meanTravelTime="335.85" meanSpeed="13.00" meanSpeedRelative="0.41" duration="12"/>
    <step time="54000.00" loaded="63626" inserted="57145" running="1072" waiting="6481" ended="56073" arrived="56073" collisions="126" teleports="126" halting="26" stopped="0" meanWaitingTime="1229.06" meanTravelTime="337.61" meanSpeed="12.25" meanSpeedRelative="0.38" duration="93"/>
    <step time="54300.00" loaded="64081" inserted="57604" running="1026" waiting="6477" ended="56578" arrived="56578" collisions="137" teleports="137" halting="10" stopped="0" meanWaitingTime="1239.80" meanTravelTime="339.71" meanSpeed="11.89" meanSpeedRelative="0.37" duration="10"/>
    <step time="54600.00" loaded="64584" inserted="58071" running="987" waiting="6513" ended="57084" arrived="57084" collisions="138" teleports="138" halting="13" stopped="0" meanWaitingTime="1249.71" meanTravelTime="342.22" meanSpeed="12.47" meanSpeedRelative="0.39" duration="9"/>
    <step time="54900.00" loaded="65042" inserted="58506" running="920" waiting="6536" ended="57586" arrived="57586" collisions="142" teleports="142" halting="8" stopped="0" meanWaitingTime="1261.48" meanTravelTime="344.73" meanSpeed="13.34" meanSpeedRelative="0.42" duration="10"/>
    <step time="55200.00" loaded="65486" inserted="58936" running="831" waiting="6550" ended="58105" arrived="58105" collisions="146" teleports="146" halting="13" stopped="0" meanWaitingTime="1272.48" meanTravelTime="346.94" meanSpeed="13.89" meanSpeedRelative="0.43" duration="7"/>
    <step time="55500.00" loaded="65944" inserted="59376" running="787" waiting="6568" ended="58589" arrived="58589" collisions="148" teleports="148" halting="8" stopped="0" meanWaitingTime="1283.66" meanTravelTime="348.91" meanSpeed="14.29" meanSpeedRelative="0.45" duration="8"/>
    <step time="55800.00" loaded="66409" inserted="59841" running="758" waiting="6568" ended="59083" arrived="59083" collisions="148" teleports="148" halting="5" stopped="0" meanWaitingTime="1296.79" meanTravelTime="350.54" meanSpeed="14.61" meanSpeedRelative="0.46" duration="8"/>
    <step time="56100.00" loaded="66914" inserted="60319" running="760" waiting="6595" ended="59559" arrived="59559" collisions="149" teleports="149" halting="12" stopped="0" meanWaitingTime="1310.37" meanTravelTime="351.64" meanSpeed="15.11" meanSpeedRelative="0.47" duration="9"/>
    <step time="56400.00" loaded="67357" inserted="60773" running="704" waiting="6584" ended="60069" arrived="60069" collisions="150" teleports="150" halting="6" stopped="0" meanWaitingTime="1325.22" meanTravelTime="352.70" meanSpeed="15.43" meanSpeedRelative="0.48" duration="6"/>
    <step time="56700.00" loaded="67824" inserted="61247" running="721" waiting="6577" ended="60526" arrived="60526" collisions="153" teleports="153" halting="12" stopped="0" meanWaitingTime="1340.93" meanTravelTime="353.39" meanSpeed="15.55" meanSpeedRelative="0.49" duration="7"/>
    <step time="57000.00" loaded="68264" inserted="61716" running="710" waiting="6548" ended="61006" arrived="61006" collisions="153" teleports="153" halting="9" stopped="0" meanWaitingTime="1355.27" meanTravelTime="354.11" meanSpeed="15.25" meanSpeedRelative="0.48" duration="9"/>
    <step time="57300.00" loaded="68733" inserted="62179" running="710" waiting="6554" ended="61469" arrived="61469" collisions="154" teleports="154" halting="8" stopped="0" meanWaitingTime="1367.99" meanTravelTime="354.88" meanSpeed="15.02" meanSpeedRelative="0.47" duration="8"/>
    <step time="57600.00" loaded="69202" inserted="62646" running="719" waiting="6556" ended="61927" arrived="61927" collisions="154" teleports="154" halting="10" stopped="0" meanWaitingTime="1382.81" meanTravelTime="355.50" meanSpeed="15.45" meanSpeedRelative="0.48" duration="87"/>
    <step time="57900.00" loaded="69766" inserted="63152" running="759" waiting="6614" ended="62393" arrived="62393" collisions="155" teleports="155" halting="14" stopped="0" meanWaitingTime="1396.61" meanTravelTime="356.14" meanSpeed="15.29" meanSpeedRelative="0.48" duration="9"/>
    <step time="58200.00" loaded="70310" inserted="63637" running="752" waiting="6673" ended="62885" arrived="62885" collisions="157" teleports="157" halting="7" stopped="0" meanWaitingTime="1411.62" meanTravelTime="357.01" meanSpeed="15.90" meanSpeedRelative="0.50" duration="8"/>
    <step time="58500.00" loaded="70869" inserted="64118" running="750" waiting="6751" ended="63368" arrived="63368" collisions="158" teleports="158" halting="5" stopped="0" meanWaitingTime="1425.00" meanTravelTime="357.86" meanSpeed="15.43" meanSpeedRelative="0.48" duration="10"/>
    <step time="58800.00" loaded="71403" inserted="64578" running="753" waiting="6825" ended="63825" arrived="63825" collisions="161" teleports="161" halting="6" stopped="0" meanWaitingTime="1437.29" meanTravelTime="358.60" meanSpeed="14.84" meanSpeedRelative="0.46" duration="9"/>
    <step time="59100.00" loaded="71955" inserted="65078" running="791" waiting="6877" ended="64287" arrived="64287" collisions="161" teleports="161" halting="9" stopped="0" meanWaitingTime="1450.61" meanTravelTime="359.39" meanSpeed="14.41" meanSpeedRelative="0.45" duration="8"/>
    <step time="59400.00" loaded="72518" inserted="65576" running="818" waiting="6942" ended="64758" arrived="64758" collisions="164" teleports="164" halting="10" stopped="0" meanWaitingTime="1464.85" meanTravelTime="360.42" meanSpeed="14.26" meanSpeedRelative="0.45" duration="9"/>
    <step time="59700.00" loaded="73071" inserted="66069" running="805" waiting="7002" ended="65264" arrived="65264" collisions="167" teleports="167" halting="9" stopped="0" meanWaitingTime="1478.00" meanTravelTime="361.43" meanSpeed="14.91" meanSpeedRelative="0.47" duration="9"/>
    <step time="60000.00" loaded="73721" inserted="66561" running="790" waiting="7160" ended="65771" arrived="65771" collisions="168" teleports="168" halting="9" stopped="0" meanWaitingTime="1490.22" meanTravelTime="362.43" meanSpeed="15.48" meanSpeedRelative="0.48" duration="8"/>
    <step time="60300.00" loaded="74334" inserted="67083" running="819" waiting="7251" ended="66264" arrived="66264" collisions="174" teleports="174" halting="13" stopped="0" meanWaitingTime="1502.72" meanTravelTime="363.21" meanSpeed="15.21" meanSpeedRelative="0.48" duration="10"/>
    <step time="60600.00" loaded="74904" inserted="67577" running="822" waiting="7327" ended="66755" arrived="66755" collisions="176" teleports="176" halting="11" stopped="0" meanWaitingTime="1515.18" meanTravelTime="364.26" meanSpeed="15.13" meanSpeedRelative="0.47" duration="9"/>
    <step time="60900.00" loaded="75500" inserted="68081" running="823" waiting="7419" ended="67258" arrived="67258" collisions="177" teleports="177" halting="7" stopped="0" meanWaitingTime="1528.12" meanTravelTime="365.22" meanSpeed="14.58" meanSpeedRelative="0.46" duration="8"/>
    <step time="61200.00" loaded="76089" inserted="68615" running="839" waiting="7474" ended="67776" arrived="67776" collisions="181" teleports="181" halting="10" stopped="0" meanWaitingTime="1542.11" meanTravelTime="366.08" meanSpeed="14.82" meanSpeedRelative="0.46" duration="89"/>
    <step time="61500.00" loaded="76157" inserted="68959" running="703" waiting="7198" ended="68256" arrived="68256" collisions="182" teleports="182" halting="12" stopped="0" meanWaitingTime="1559.20" meanTravelTime="367.00" meanSpeed="15.44" meanSpeedRelative="0.48" duration="9"/>
    <step time="61800.00" loaded="76234" inserted="69309" running="618" waiting="6925" ended="68691" arrived="68691" collisions="186" teleports="186" halting="7" stopped="0" meanWaitingTime="1576.58" meanTravelTime="368.13" meanSpeed="15.54" meanSpeedRelative="0.49" duration="8"/>
    <step time="62100.00" loaded="76313" inserted="69665" running="557" waiting="6648" ended="69108" arrived="69108" collisions="187" teleports="187" halting="4" stopped="0" meanWaitingTime="1595.28" meanTravelTime="369.05" meanSpeed="15.64" meanSpeedRelative="0.49" duration="5"/>
    <step time="62400.00" loaded="76388" inserted="70012" running="519" waiting="6376" ended="69493" arrived="69493" collisions="188" teleports="188" halting="6" stopped="0" meanWaitingTime="1614.51" meanTravelTime="369.63" meanSpeed="16.35" meanSpeedRelative="0.51" duration="6"/>
    <step time="62700.00" loaded="76466" inserted="70368" running="501" waiting="6098" ended="69867" arrived="69867" collisions="189" teleports="189" halting="6" stopped="0" meanWaitingTime="1635.40" meanTravelTime="370.01" meanSpeed="17.98" meanSpeedRelative="0.56" duration="5"/>
    <step time="63000.00" loaded="76531" inserted="70736" running="493" waiting="5795" ended="70243" arrived="70243" collisions="190" teleports="190" halting="3" stopped="0" meanWaitingTime="1656.82" meanTravelTime="370.35" meanSpeed="17.47" meanSpeedRelative="0.55" duration="5"/>
    <step time="63300.00" loaded="76602" inserted="71085" running="465" waiting="5517" ended="70620" arrived="70620" collisions="190" teleports="190" halting="8" stopped="0" meanWaitingTime="1676.88" meanTravelTime="370.69" meanSpeed="17.97" meanSpeedRelative="0.56" duration="6"/>
    <step time="63600.00" loaded="76679" inserted="71416" running="444" waiting="5263" ended="70972" arrived="70972" collisions="191" teleports="191" halting="3" stopped="0" meanWaitingTime="1695.64" meanTravelTime="370.84" meanSpeed="17.86" meanSpeedRelative="0.56" duration="5"/>
    <step time="63900.00" loaded="76751" inserted="71707" running="376" waiting="5044" ended="71331" arrived="71331" collisions="191" teleports="191" halting="4" stopped="0" meanWaitingTime="1715.22" meanTravelTime="370.91" meanSpeed="18.65" meanSpeedRelative="0.58" duration="4"/>
    <step time="64200.00" loaded="76828" inserted="71964" running="310" waiting="4864" ended="71654" arrived="71654" collisions="191" teleports="191" halting="6" stopped="0" meanWaitingTime="1734.19" meanTravelTime="370.95" meanSpeed="19.17" meanSpeedRelative="0.60" duration="3"/>
    <step time="64500.00" loaded="76907" inserted="72197" running="276" waiting="4710" ended="71921" arrived="71921" collisions="191" teleports="191" halting="3" stopped="0" meanWaitingTime="1749.77" meanTravelTime="370.95" meanSpeed="21.12" meanSpeedRelative="0.66" duration="2"/>
    <step time="64800.00" loaded="76975" inserted="72430" running="239" waiting="4545" ended="72191" arrived="72191" collisions="191" teleports="191" halting="4" stopped="0" meanWaitingTime="1768.25" meanTravelTime="370.80" meanSpeed="21.83" meanSpeedRelative="0.68" duration="92"/>
    <step time="65100.00" loaded="77033" inserted="72642" running="219" waiting="4391" ended="72423" arrived="72423" collisions="191" teleports="191" halting="6" stopped="0" meanWaitingTime="1784.71" meanTravelTime="370.68" meanSpeed="21.37" meanSpeedRelative="0.67" duration="2"/>
    <step time="65400.00" loaded="77087" inserted="72882" running="235" waiting="4205" ended="72647" arrived="72647" collisions="191" teleports="191" halting="1" stopped="0" meanWaitingTime="1802.90" meanTravelTime="370.55" meanSpeed="21.67" meanSpeedRelative="0.68" duration="3"/>
    <step time="65700.00" loaded="77150" inserted="73128" running="228" waiting="4022" ended="72900" arrived="72900" collisions="191" teleports="191" halting="3" stopped="0" meanWaitingTime="1820.91" meanTravelTime="370.23" meanSpeed="22.43" meanSpeedRelative="0.70" duration="2"/>
    <step time="66000.00" loaded="77206" inserted="73370" running="232" waiting="3836" ended="73138" arrived="73138" collisions="191" teleports="191" halting="4" stopped="0" meanWaitingTime="1838.59" meanTravelTime="370.00" meanSpeed="21.98" meanSpeedRelative="0.69" duration="5"/>
    <step time="66300.00" loaded="77254" inserted="73614" running="227" waiting="3640" ended="73387" arrived="73387" collisions="191" teleports="191" halting="2" stopped="0" meanWaitingTime="1855.91" meanTravelTime="369.70" meanSpeed="22.57" meanSpeedRelative="0.71" duration="2"/>
    <step time="66600.00" loaded="77310" inserted="73863" running="237" waiting="3447" ended="73626" arrived="73626" collisions="191" teleports="191" halting="1" stopped="0" meanWaitingTime="1872.09" meanTravelTime="369.43" meanSpeed="21.19" meanSpeedRelative="0.66" duration="4"/>
    <step time="66900.00" loaded="77373" inserted="74036" running="159" waiting="3337" ended="73877" arrived="73877" collisions="191" teleports="191" halting="6" stopped="0" meanWaitingTime="1885.84" meanTravelTime="369.15" meanSpeed="22.59" meanSpeedRelative="0.71" duration="2"/>
    <step time="67200.00" loaded="77413" inserted="74207" running="130" waiting="3206" ended="74077" arrived="74077" collisions="191" teleports="191" halting="4" stopped="0" meanWaitingTime="1901.33" meanTravelTime="368.83" meanSpeed="21.45" meanSpeedRelative="0.67" duration="1"/>
    <step time="67500.00" loaded="77468" inserted="74372" running="135" waiting="3096" ended="74237" arrived="74237" collisions="191" teleports="191" halting="0" stopped="0" meanWaitingTime="1915.14" meanTravelTime="368.59" meanSpeed="22.79" meanSpeedRelative="0.71" duration="2"/>
    <step time="67800.00" loaded="77507" inserted="74543" running="133" waiting="2964" ended="74410" arrived="74410" collisions="191" teleports="191" halting="3" stopped="0" meanWaitingTime="1930.79" meanTravelTime="368.29" meanSpeed="21.17" meanSpeedRelative="0.66" duration="2"/>
    <step time="68100.00" loaded="77559" inserted="74710" running="123" waiting="2849" ended="74587" arrived="74587" collisions="191" teleports="191" halting="5" stopped="0" meanWaitingTime="1945.39" meanTravelTime="367.97" meanSpeed="20.11" meanSpeedRelative="0.63" duration="1"/>
    <step time="68400.00" loaded="77595" inserted="74857" running="118" waiting="2738" ended="74739" arrived="74739" collisions="191" teleports="191" halting="5" stopped="0" meanWaitingTime="1958.55" meanTravelTime="367.72" meanSpeed="19.16" meanSpeedRelative="0.60" duration="89"/>
    <step time="68700.00" loaded="77754" inserted="75093" running="168" waiting="2661" ended="74925" arrived="74925" collisions="191" teleports="191" halting="1" stopped="0" meanWaitingTime="1971.19" meanTravelTime="367.29" meanSpeed="22.73" meanSpeedRelative="0.71" duration="1"/>
    <step time="69000.00" loaded="77889" inserted="75324" running="193" waiting="2565" ended="75131" arrived="75131" collisions="192" teleports="192" halting="5" stopped="0" meanWaitingTime="1984.48" meanTravelTime="366.93" meanSpeed="22.45" meanSpeedRelative="0.70" duration="3"/>
    <step time="69300.00" loaded="78033" inserted="75555" running="191" waiting="2478" ended="75364" arrived="75364" collisions="192" teleports="192" halting="5" stopped="0" meanWaitingTime="1995.96" meanTravelTime="366.49" meanSpeed="22.88" meanSpeedRelative="0.71" duration="2"/>
    <step time="69600.00" loaded="78184" inserted="75781" running="195" waiting="2403" ended="75586" arrived="75586" collisions="193" teleports="193" halting="0" stopped="0" meanWaitingTime="2007.16" meanTravelTime="366.18" meanSpeed="22.66" meanSpeedRelative="0.71" duration="2"/>
    <step time="69900.00" loaded="78367" inserted="76040" running="214" waiting="2327" ended="75826" arrived="75826" collisions="193" teleports="193" halting="4" stopped="0" meanWaitingTime="2019.14" meanTravelTime="365.83" meanSpeed="22.34" meanSpeedRelative="0.70" duration="2"/>
    <step time="70200.00" loaded="78530" inserted="76285" running="212" waiting="2245" ended="76073" arrived="76073" collisions="193" teleports="193" halting="3" stopped="0" meanWaitingTime="2031.13" meanTravelTime="365.45" meanSpeed="21.80" meanSpeedRelative="0.68" duration="1"/>
    <step time="70500.00" loaded="78674" inserted="76513" running="209" waiting="2161" ended="76304" arrived="76304" collisions="193" teleports="193" halting="6" stopped="0" meanWaitingTime="2043.00" meanTravelTime="365.16" meanSpeed="21.88" meanSpeedRelative="0.68" duration="3"/>
    <step time="70800.00" loaded="78843" inserted="76731" running="189" waiting="2112" ended="76542" arrived="76542" collisions="193" teleports="193" halting="3" stopped="0" meanWaitingTime="2051.92" meanTravelTime="364.86" meanSpeed="22.46" meanSpeedRelative="0.70" duration="1"/>
    <step time="71100.00" loaded="79015" inserted="76972" running="204" waiting="2043" ended="76768" arrived="76768" collisions="193" teleports="193" halting="1" stopped="0" meanWaitingTime="2059.13" meanTravelTime="364.59" meanSpeed="22.79" meanSpeedRelative="0.71" duration="2"/>
    <step time="71400.00" loaded="79178" inserted="77209" running="212" waiting="1969" ended="76997" arrived="76997" collisions="194" teleports="194" halting="3" stopped="0" meanWaitingTime="2065.50" meanTravelTime="364.30" meanSpeed="22.47" meanSpeedRelative="0.70" duration="2"/>
    <step time="71700.00" loaded="79332" inserted="77428" running="188" waiting="1904" ended="77240" arrived="77240" collisions="194" teleports="194" halting="6" stopped="0" meanWaitingTime="2071.62" meanTravelTime="363.95" meanSpeed="21.99" meanSpeedRelative="0.69" duration="2"/>
    <step time="72000.00" loaded="79486" inserted="77641" running="193" waiting="1845" ended="77448" arrived="77448" collisions="195" teleports="195" halting="1" stopped="0" meanWaitingTime="2078.23" meanTravelTime="363.73" meanSpeed="23.39" meanSpeedRelative="0.73" duration="84"/>
    <step time="72300.00" loaded="79631" inserted="77798" running="166" waiting="1833" ended="77632" arrived="77632" collisions="195" teleports="195" halting="5" stopped="0" meanWaitingTime="2082.87" meanTravelTime="363.51" meanSpeed="22.40" meanSpeedRelative="0.70" duration="1"/>
    <step time="72600.00" loaded="79770" inserted="77957" running="144" waiting="1813" ended="77813" arrived="77813" collisions="195" teleports="195" halting="5" stopped="0" meanWaitingTime="2087.60" meanTravelTime="363.45" meanSpeed="22.76" meanSpeedRelative="0.71" duration="2"/>
    <step time="72900.00" loaded="79914" inserted="78113" running="158" waiting="1801" ended="77955" arrived="77955" collisions="195" teleports="195" halting="0" stopped="0" meanWaitingTime="2092.06" meanTravelTime="363.36" meanSpeed="23.02" meanSpeedRelative="0.72" duration="1"/>
    <step time="73200.00" loaded="80047" inserted="78266" running="156" waiting="1781" ended="78110" arrived="78110" collisions="195" teleports="195" halting="3" stopped="0" meanWaitingTime="2097.01" meanTravelTime="363.18" meanSpeed="23.26" meanSpeedRelative="0.73" duration="1"/>
    <step time="73500.00" loaded="80183" inserted="78425" running="160" waiting="1758" ended="78265" arrived="78265" collisions="195" teleports="195" halting="7" stopped="0" meanWaitingTime="2101.57" meanTravelTime="363.13" meanSpeed="22.21" meanSpeedRelative="0.69" duration="2"/>
    <step time="73800.00" loaded="80311" inserted="78566" running="143" waiting="1745" ended="78423" arrived="78423" collisions="196" teleports="196" halting="6" stopped="0" meanWaitingTime="2106.50" meanTravelTime="362.99" meanSpeed="22.29" meanSpeedRelative="0.70" duration="2"/>
    <step time="74100.00" loaded="80440" inserted="78715" running="148" waiting="1725" ended="78567" arrived="78567" collisions="196" teleports="196" halting="1" stopped="0" meanWaitingTime="2111.74" meanTravelTime="362.89" meanSpeed="23.00" meanSpeedRelative="0.72" duration="1"/>
    <step time="74400.00" loaded="80583" inserted="78873" running="139" waiting="1710" ended="78734" arrived="78734" collisions="196" teleports="196" halting="3" stopped="0" meanWaitingTime="2117.12" meanTravelTime="362.67" meanSpeed="23.88" meanSpeedRelative="0.75" duration="2"/>
    <step time="74700.00" loaded="80712" inserted="79025" running="150" waiting="1687" ended="78875" arrived="78875" collisions="196" teleports="196" halting="7" stopped="0" meanWaitingTime="2121.70" meanTravelTime="362.55" meanSpeed="22.62" meanSpeedRelative="0.71" duration="2"/>
    <step time="75000.00" loaded="80835" inserted="79164" running="135" waiting="1671" ended="79029" arrived="79029" collisions="196" teleports="196" halting="5" stopped="0" meanWaitingTime="2126.32" meanTravelTime="362.41" meanSpeed="22.32" meanSpeedRelative="0.70" duration="1"/>
    <step time="75300.00" loaded="80986" inserted="79322" running="142" waiting="1664" ended="79180" arrived="79180" collisions="196" teleports="196" halting="2" stopped="0" meanWaitingTime="2131.22" meanTravelTime="362.27" meanSpeed="22.65" meanSpeedRelative="0.71" duration="1"/>
    <step time="75600.00" loaded="81112" inserted="79472" running="160" waiting="1640" ended="79312" arrived="79312" collisions="196" teleports="196" halting="5" stopped="0" meanWaitingTime="2137.04" meanTravelTime="362.13" meanSpeed="22.97" meanSpeedRelative="0.72" duration="82"/>
    <step time="75900.00" loaded="81313" inserted="79674" running="201" waiting="1639" ended="79473" arrived="79473" collisions="197" teleports="197" halting="10" stopped="0" meanWaitingTime="2140.94" meanTravelTime="361.95" meanSpeed="22.39" meanSpeedRelative="0.70" duration="1"/>
    <step time="76200.00" loaded="81530" inserted="79891" running="208" waiting="1639" ended="79683" arrived="79683" collisions="197" teleports="197" halting="3" stopped="0" meanWaitingTime="2145.27" meanTravelTime="361.83" meanSpeed="23.00" meanSpeedRelative="0.72" duration="3"/>
    <step time="76500.00" loaded="81728" inserted="80086" running="197" waiting="1642" ended="79889" arrived="79889" collisions="197" teleports="197" halting="7" stopped="0" meanWaitingTime="2149.88" meanTravelTime="361.68" meanSpeed="22.46" meanSpeedRelative="0.70" duration="1"/>
    <step time="76800.00" loaded="81911" inserted="80279" running="187" waiting="1632" ended="80092" arrived="80092" collisions="197" teleports="197" halting="4" stopped="0" meanWaitingTime="2154.24" meanTravelTime="361.50" meanSpeed="22.68" meanSpeedRelative="0.71" duration="1"/>
    <step time="77100.00" loaded="82112" inserted="80483" running="190" waiting="1629" ended="80293" arrived="80293" collisions="198" teleports="198" halting="3" stopped="0" meanWaitingTime="2158.58" meanTravelTime="361.31" meanSpeed="22.68" meanSpeedRelative="0.71" duration="1"/>
    <step time="77400.00" loaded="82293" inserted="80672" running="166" waiting="1621" ended="80506" arrived="80506" collisions="198" teleports="198" halting="6" stopped="0" meanWaitingTime="2163.88" meanTravelTime="361.05" meanSpeed="22.29" meanSpeedRelative="0.70" duration="1"/>
    <step time="77700.00" loaded="82491" inserted="80878" running="209" waiting="1613" ended="80669" arrived="80669" collisions="198" teleports="198" halting="5" stopped="0" meanWaitingTime="2168.18" meanTravelTime="360.90" meanSpeed="22.27" meanSpeedRelative="0.70" duration="1"/>
    <step time="78000.00" loaded="82677" inserted="81072" running="199" waiting="1605" ended="80873" arrived="80873" collisions="198" teleports="198" halting="5" stopped="0" meanWaitingTime="2173.50" meanTravelTime="360.77" meanSpeed="22.60" meanSpeedRelative="0.71" duration="1"/>
    <step time="78300.00" loaded="82868" inserted="81275" running="194" waiting="1593" ended="81081" arrived="81081" collisions="198" teleports="198" halting="4" stopped="0" meanWaitingTime="2178.60" meanTravelTime="360.62" meanSpeed="22.71" meanSpeedRelative="0.71" duration="1"/>
    <step time="78600.00" loaded="83066" inserted="81473" running="172" waiting="1593" ended="81301" arrived="81301" collisions="198" teleports="198" halting="3" stopped="0" meanWaitingTime="2183.32" meanTravelTime="360.38" meanSpeed="21.52" meanSpeedRelative="0.67" duration="1"/>
    <step time="78900.00" loaded="83270" inserted="81669" running="166" waiting="1601" ended="81503" arrived="81503" collisions="198" teleports="198" halting="5" stopped="0" meanWaitingTime="2188.33" meanTravelTime="360.17" meanSpeed="22.21" meanSpeedRelative="0.69" duration="2"/>
    <step time="79200.00" loaded="83500" inserted="81907" running="222" waiting="1593" ended="81685" arrived="81685" collisions="199" teleports="199" halting="2" stopped="0" meanWaitingTime="2191.51" meanTravelTime="359.92" meanSpeed="23.03" meanSpeedRelative="0.72" duration="82"/>
    <step time="79500.00" loaded="83671" inserted="82095" running="184" waiting="1576" ended="81911" arrived="81911" collisions="200" teleports="200" halting="6" stopped="0" meanWaitingTime="2195.36" meanTravelTime="359.77" meanSpeed="23.45" meanSpeedRelative="0.73" duration="1"/>
    <step time="79800.00" loaded="83834" inserted="82269" running="158" waiting="1565" ended="82111" arrived="82111" collisions="200" teleports="200" halting="4" stopped="0" meanWaitingTime="2199.05" meanTravelTime="359.57" meanSpeed="22.64" meanSpeedRelative="0.71" duration="2"/>
    <step time="80100.00" loaded="83997" inserted="82448" running="150" waiting="1549" ended="82298" arrived="82298" collisions="200" teleports="200" halting="3" stopped="0" meanWaitingTime="2203.13" meanTravelTime="359.45" meanSpeed="22.15" meanSpeedRelative="0.69" duration="1"/>
    <step time="80400.00" loaded="84178" inserted="82643" running="180" waiting="1535" ended="82463" arrived="82463" collisions="200" teleports="200" halting="3" stopped="0" meanWaitingTime="2206.76" meanTravelTime="359.22" meanSpeed="22.91" meanSpeedRelative="0.72" duration="1"/>
    <step time="80700.00" loaded="84338" inserted="82813" running="162" waiting="1525" ended="82651" arrived="82651" collisions="200" teleports="200" halting="11" stopped="0" meanWaitingTime="2210.73" meanTravelTime="358.98" meanSpeed="22.30" meanSpeedRelative="0.70" duration="1"/>
    <step time="81000.00" loaded="84501" inserted="82982" running="147" waiting="1519" ended="82835" arrived="82835" collisions="201" teleports="201" halting="6" stopped="0" meanWaitingTime="2214.73" meanTravelTime="358.85" meanSpeed="22.17" meanSpeedRelative="0.69" duration="2"/>
    <step time="81300.00" loaded="84676" inserted="83171" running="167" waiting="1505" ended="83004" arrived="83004" collisions="201" teleports="201" halting="6" stopped="0" meanWaitingTime="2217.14" meanTravelTime="358.73" meanSpeed="22.16" meanSpeedRelative="0.69" duration="1"/>
    <step time="81600.00" loaded="84830" inserted="83330" running="164" waiting="1500" ended="83166" arrived="83166" collisions="201" teleports="201" halting="8" stopped="0" meanWaitingTime="2219.98" meanTravelTime="358.62" meanSpeed="22.04" meanSpeedRelative="0.69" duration="2"/>
    <step time="81900.00" loaded="85020" inserted="83534" running="193" waiting="1486" ended="83341" arrived="83341" collisions="201" teleports="201" halting="4" stopped="0" meanWaitingTime="2222.08" meanTravelTime="358.45" meanSpeed="23.20" meanSpeedRelative="0.73" duration="2"/>
    <step time="82200.00" loaded="85196" inserted="83711" running="192" waiting="1485" ended="83519" arrived="83519" collisions="201" teleports="201" halting="8" stopped="0" meanWaitingTime="2224.02" meanTravelTime="358.31" meanSpeed="23.29" meanSpeedRelative="0.73" duration="1"/>
    <step time="82500.00" loaded="85351" inserted="83877" running="167" waiting="1474" ended="83710" arrived="83710" collisions="201" teleports="201" halting="8" stopped="0" meanWaitingTime="2226.27" meanTravelTime="358.21" meanSpeed="22.62" meanSpeedRelative="0.71" duration="1"/>
</summary>
