<?xml version="1.0" encoding="UTF-8"?>

<!-- generated on 2025-08-07 19:57:28 by Eclipse SUMO sumo Version 1.23.1
<sumoConfiguration xmlns:xsi="http://www.w3.org/2001/XMLSchema-instance" xsi:noNamespaceSchemaLocation="http://sumo.dlr.de/xsd/sumoConfiguration.xsd">

    <input>
        <net-file value="Desktop\Master Thesis\Network_fin.net.xml"/>
        <route-files value="Desktop\Master Thesis\demand_model_amsterdam.rou.xml"/>
        <additional-files value="Desktop\Master Thesis\Additionnal.add.xml"/>
    </input>

    <output>
        <summary-output value="outputf/summary_coor_alinea_1neigh_method1_K80_target5_40036.xml"/>
        <summary-output.period value="300"/>
        <tripinfo-output value="outputf/tripinfo_coor_alinea_1neigh_method1_K80_target5_40036.xml"/>
    </output>

    <time>
        <begin value="0"/>
        <end value="82800"/>
        <step-length value="1"/>
    </time>

    <processing>
        <time-to-teleport value="-1"/>
    </processing>

    <report>
        <verbose value="true"/>
        <no-step-log value="true"/>
    </report>

    <emissions>
        <device.emissions.period value="10"/>
    </emissions>

    <traci_server>
        <remote-port value="64755"/>
    </traci_server>

    <random_number>
        <seed value="40036"/>
    </random_number>

</sumoConfiguration>
-->

<summary xmlns:xsi="http://www.w3.org/2001/XMLSchema-instance" xsi:noNamespaceSchemaLocation="http://sumo.dlr.de/xsd/summary_file.xsd">
    <step time="0.00" loaded="0" inserted="0" running="0" waiting="0" ended="0" arrived="0" collisions="0" teleports="0" halting="0" stopped="0" meanWaitingTime="-1.00" meanTravelTime="-1.00" meanSpeed="-1.00" meanSpeedRelative="-1.00" duration="0"/>
    <step time="300.00" loaded="151" inserted="151" running="90" waiting="0" ended="61" arrived="61" collisions="0" teleports="0" halting="1" stopped="0" meanWaitingTime="0.32" meanTravelTime="101.31" meanSpeed="25.54" meanSpeedRelative="0.80" duration="1"/>
    <step time="600.00" loaded="316" inserted="316" running="132" waiting="0" ended="184" arrived="184" collisions="0" teleports="0" halting="0" stopped="0" meanWaitingTime="0.40" meanTravelTime="156.13" meanSpeed="24.75" meanSpeedRelative="0.77" duration="1"/>
    <step time="900.00" loaded="467" inserted="467" running="140" waiting="0" ended="327" arrived="327" collisions="0" teleports="0" halting="1" stopped="0" meanWaitingTime="0.39" meanTravelTime="185.46" meanSpeed="25.85" meanSpeedRelative="0.81" duration="2"/>
    <step time="1200.00" loaded="643" inserted="643" running="143" waiting="0" ended="500" arrived="500" collisions="0" teleports="0" halting="1" stopped="0" meanWaitingTime="0.34" meanTravelTime="207.11" meanSpeed="26.14" meanSpeedRelative="0.82" duration="2"/>
    <step time="1500.00" loaded="804" inserted="804" running="131" waiting="0" ended="673" arrived="673" collisions="0" teleports="0" halting="1" stopped="0" meanWaitingTime="0.33" meanTravelTime="218.17" meanSpeed="26.17" meanSpeedRelative="0.82" duration="1"/>
    <step time="1800.00" loaded="982" inserted="982" running="145" waiting="0" ended="837" arrived="837" collisions="0" teleports="0" halting="0" stopped="0" meanWaitingTime="0.32" meanTravelTime="223.65" meanSpeed="26.22" meanSpeedRelative="0.82" duration="1"/>
    <step time="2100.00" loaded="1171" inserted="1171" running="160" waiting="0" ended="1011" arrived="1011" collisions="0" teleports="0" halting="2" stopped="0" meanWaitingTime="0.35" meanTravelTime="227.99" meanSpeed="24.67" meanSpeedRelative="0.77" duration="1"/>
    <step time="2400.00" loaded="1348" inserted="1348" running="154" waiting="0" ended="1194" arrived="1194" collisions="0" teleports="0" halting="0" stopped="0" meanWaitingTime="0.37" meanTravelTime="231.94" meanSpeed="24.85" meanSpeedRelative="0.78" duration="1"/>
    <step time="2700.00" loaded="1528" inserted="1528" running="154" waiting="0" ended="1374" arrived="1374" collisions="1" teleports="1" halting="2" stopped="0" meanWaitingTime="0.35" meanTravelTime="235.49" meanSpeed="25.00" meanSpeedRelative="0.78" duration="1"/>
    <step time="3000.00" loaded="1697" inserted="1697" running="148" waiting="0" ended="1549" arrived="1549" collisions="2" teleports="2" halting="0" stopped="0" meanWaitingTime="0.37" meanTravelTime="240.89" meanSpeed="25.62" meanSpeedRelative="0.80" duration="1"/>
    <step time="3300.00" loaded="1861" inserted="1860" running="143" waiting="1" ended="1717" arrived="1717" collisions="2" teleports="2" halting="4" stopped="0" meanWaitingTime="0.40" meanTravelTime="246.70" meanSpeed="24.98" meanSpeedRelative="0.78" duration="1"/>
    <step time="3600.00" loaded="2039" inserted="2039" running="162" waiting="0" ended="1877" arrived="1877" collisions="2" teleports="2" halting="0" stopped="0" meanWaitingTime="0.41" meanTravelTime="247.53" meanSpeed="24.71" meanSpeedRelative="0.77" duration="87"/>
    <step time="3900.00" loaded="2141" inserted="2141" running="112" waiting="0" ended="2029" arrived="2029" collisions="2" teleports="2" halting="0" stopped="0" meanWaitingTime="0.40" meanTravelTime="251.22" meanSpeed="25.59" meanSpeedRelative="0.80" duration="1"/>
    <step time="4200.00" loaded="2263" inserted="2262" running="115" waiting="1" ended="2147" arrived="2147" collisions="3" teleports="3" halting="1" stopped="0" meanWaitingTime="0.39" meanTravelTime="255.42" meanSpeed="25.83" meanSpeedRelative="0.81" duration="1"/>
    <step time="4500.00" loaded="2392" inserted="2391" running="113" waiting="1" ended="2278" arrived="2278" collisions="3" teleports="3" halting="0" stopped="0" meanWaitingTime="0.38" meanTravelTime="255.48" meanSpeed="24.47" meanSpeedRelative="0.76" duration="1"/>
    <step time="4800.00" loaded="2501" inserted="2501" running="83" waiting="0" ended="2418" arrived="2418" collisions="3" teleports="3" halting="0" stopped="0" meanWaitingTime="0.37" meanTravelTime="257.28" meanSpeed="25.32" meanSpeedRelative="0.79" duration="1"/>
    <step time="5100.00" loaded="2609" inserted="2609" running="87" waiting="0" ended="2522" arrived="2522" collisions="3" teleports="3" halting="1" stopped="0" meanWaitingTime="0.37" meanTravelTime="257.98" meanSpeed="25.71" meanSpeedRelative="0.80" duration="1"/>
    <step time="5400.00" loaded="2717" inserted="2717" running="91" waiting="0" ended="2626" arrived="2626" collisions="3" teleports="3" halting="0" stopped="0" meanWaitingTime="0.36" meanTravelTime="257.08" meanSpeed="25.15" meanSpeedRelative="0.79" duration="1"/>
    <step time="5700.00" loaded="2812" inserted="2812" running="95" waiting="0" ended="2717" arrived="2717" collisions="3" teleports="3" halting="0" stopped="0" meanWaitingTime="0.35" meanTravelTime="257.00" meanSpeed="26.02" meanSpeedRelative="0.81" duration="0"/>
    <step time="6000.00" loaded="2916" inserted="2916" running="80" waiting="0" ended="2836" arrived="2836" collisions="3" teleports="3" halting="1" stopped="0" meanWaitingTime="0.35" meanTravelTime="257.77" meanSpeed="26.61" meanSpeedRelative="0.83" duration="0"/>
    <step time="6300.00" loaded="3017" inserted="3017" running="78" waiting="0" ended="2939" arrived="2939" collisions="3" teleports="3" halting="0" stopped="0" meanWaitingTime="0.35" meanTravelTime="257.91" meanSpeed="25.73" meanSpeedRelative="0.80" duration="0"/>
    <step time="6600.00" loaded="3130" inserted="3130" running="87" waiting="0" ended="3043" arrived="3043" collisions="3" teleports="3" halting="1" stopped="0" meanWaitingTime="0.34" meanTravelTime="257.05" meanSpeed="26.27" meanSpeedRelative="0.82" duration="0"/>
    <step time="6900.00" loaded="3228" inserted="3228" running="94" waiting="0" ended="3134" arrived="3134" collisions="3" teleports="3" halting="1" stopped="0" meanWaitingTime="0.34" meanTravelTime="256.34" meanSpeed="25.77" meanSpeedRelative="0.81" duration="0"/>
    <step time="7200.00" loaded="3341" inserted="3341" running="103" waiting="0" ended="3238" arrived="3238" collisions="3" teleports="3" halting="1" stopped="0" meanWaitingTime="0.33" meanTravelTime="256.70" meanSpeed="26.16" meanSpeedRelative="0.82" duration="86"/>
    <step time="7500.00" loaded="3502" inserted="3499" running="138" waiting="3" ended="3361" arrived="3361" collisions="3" teleports="3" halting="2" stopped="0" meanWaitingTime="0.36" meanTravelTime="255.51" meanSpeed="24.64" meanSpeedRelative="0.77" duration="1"/>
    <step time="7800.00" loaded="3651" inserted="3641" running="121" waiting="10" ended="3520" arrived="3520" collisions="3" teleports="3" halting="3" stopped="0" meanWaitingTime="0.80" meanTravelTime="257.01" meanSpeed="23.79" meanSpeedRelative="0.74" duration="1"/>
    <step time="8100.00" loaded="3809" inserted="3791" running="138" waiting="18" ended="3653" arrived="3653" collisions="3" teleports="3" halting="1" stopped="0" meanWaitingTime="1.61" meanTravelTime="257.67" meanSpeed="24.08" meanSpeedRelative="0.75" duration="1"/>
    <step time="8400.00" loaded="3951" inserted="3942" running="136" waiting="9" ended="3806" arrived="3806" collisions="3" teleports="3" halting="2" stopped="0" meanWaitingTime="2.63" meanTravelTime="257.83" meanSpeed="25.07" meanSpeedRelative="0.78" duration="1"/>
    <step time="8700.00" loaded="4105" inserted="4087" running="124" waiting="18" ended="3963" arrived="3963" collisions="3" teleports="3" halting="3" stopped="0" meanWaitingTime="3.32" meanTravelTime="257.83" meanSpeed="23.81" meanSpeedRelative="0.74" duration="0"/>
    <step time="9000.00" loaded="4274" inserted="4257" running="133" waiting="17" ended="4124" arrived="4124" collisions="3" teleports="3" halting="1" stopped="0" meanWaitingTime="4.38" meanTravelTime="257.36" meanSpeed="23.79" meanSpeedRelative="0.74" duration="1"/>
    <step time="9300.00" loaded="4408" inserted="4384" running="117" waiting="24" ended="4267" arrived="4267" collisions="3" teleports="3" halting="1" stopped="0" meanWaitingTime="5.37" meanTravelTime="257.22" meanSpeed="24.50" meanSpeedRelative="0.77" duration="1"/>
    <step time="9600.00" loaded="4552" inserted="4524" running="119" waiting="28" ended="4405" arrived="4405" collisions="3" teleports="3" halting="3" stopped="0" meanWaitingTime="6.60" meanTravelTime="257.17" meanSpeed="24.10" meanSpeedRelative="0.75" duration="1"/>
    <step time="9900.00" loaded="4736" inserted="4700" running="149" waiting="36" ended="4551" arrived="4551" collisions="4" teleports="4" halting="0" stopped="0" meanWaitingTime="8.03" meanTravelTime="256.98" meanSpeed="24.24" meanSpeedRelative="0.76" duration="1"/>
    <step time="10200.00" loaded="4874" inserted="4832" running="131" waiting="42" ended="4701" arrived="4701" collisions="4" teleports="4" halting="1" stopped="0" meanWaitingTime="9.80" meanTravelTime="257.78" meanSpeed="24.60" meanSpeedRelative="0.77" duration="1"/>
    <step time="10500.00" loaded="5032" inserted="4984" running="141" waiting="48" ended="4843" arrived="4843" collisions="4" teleports="4" halting="1" stopped="0" meanWaitingTime="11.81" meanTravelTime="257.76" meanSpeed="24.22" meanSpeedRelative="0.76" duration="1"/>
    <step time="10800.00" loaded="5199" inserted="5147" running="143" waiting="52" ended="5004" arrived="5004" collisions="4" teleports="4" halting="5" stopped="0" meanWaitingTime="14.09" meanTravelTime="259.25" meanSpeed="24.00" meanSpeedRelative="0.75" duration="87"/>
    <step time="11100.00" loaded="5363" inserted="5304" running="162" waiting="59" ended="5142" arrived="5142" collisions="4" teleports="4" halting="1" stopped="0" meanWaitingTime="16.33" meanTravelTime="258.86" meanSpeed="24.59" meanSpeedRelative="0.77" duration="1"/>
    <step time="11400.00" loaded="5514" inserted="5454" running="122" waiting="60" ended="5332" arrived="5332" collisions="4" teleports="4" halting="1" stopped="0" meanWaitingTime="18.80" meanTravelTime="259.47" meanSpeed="24.85" meanSpeedRelative="0.78" duration="1"/>
    <step time="11700.00" loaded="5650" inserted="5591" running="131" waiting="59" ended="5460" arrived="5460" collisions="4" teleports="4" halting="4" stopped="0" meanWaitingTime="21.05" meanTravelTime="259.01" meanSpeed="23.72" meanSpeedRelative="0.74" duration="1"/>
    <step time="12000.00" loaded="5797" inserted="5728" running="108" waiting="69" ended="5620" arrived="5620" collisions="4" teleports="4" halting="0" stopped="0" meanWaitingTime="23.47" meanTravelTime="259.92" meanSpeed="23.42" meanSpeedRelative="0.73" duration="1"/>
    <step time="12300.00" loaded="5931" inserted="5856" running="100" waiting="75" ended="5756" arrived="5756" collisions="4" teleports="4" halting="4" stopped="0" meanWaitingTime="25.82" meanTravelTime="259.78" meanSpeed="23.47" meanSpeedRelative="0.73" duration="0"/>
    <step time="12600.00" loaded="6080" inserted="5994" running="101" waiting="86" ended="5893" arrived="5893" collisions="4" teleports="4" halting="0" stopped="0" meanWaitingTime="28.25" meanTravelTime="259.23" meanSpeed="23.61" meanSpeedRelative="0.74" duration="0"/>
    <step time="12900.00" loaded="6207" inserted="6119" running="105" waiting="88" ended="6014" arrived="6014" collisions="4" teleports="4" halting="1" stopped="0" meanWaitingTime="31.22" meanTravelTime="258.63" meanSpeed="24.56" meanSpeedRelative="0.77" duration="1"/>
    <step time="13200.00" loaded="6339" inserted="6254" running="99" waiting="85" ended="6155" arrived="6155" collisions="4" teleports="4" halting="3" stopped="0" meanWaitingTime="34.36" meanTravelTime="258.06" meanSpeed="24.03" meanSpeedRelative="0.75" duration="0"/>
    <step time="13500.00" loaded="6474" inserted="6383" running="107" waiting="91" ended="6276" arrived="6276" collisions="4" teleports="4" halting="5" stopped="0" meanWaitingTime="37.17" meanTravelTime="257.69" meanSpeed="24.05" meanSpeedRelative="0.75" duration="1"/>
    <step time="13800.00" loaded="6631" inserted="6537" running="125" waiting="94" ended="6412" arrived="6412" collisions="4" teleports="4" halting="2" stopped="0" meanWaitingTime="40.08" meanTravelTime="257.60" meanSpeed="23.85" meanSpeedRelative="0.75" duration="1"/>
    <step time="14100.00" loaded="6774" inserted="6676" running="122" waiting="98" ended="6554" arrived="6554" collisions="4" teleports="4" halting="2" stopped="0" meanWaitingTime="43.14" meanTravelTime="257.23" meanSpeed="24.10" meanSpeedRelative="0.75" duration="1"/>
    <step time="14400.00" loaded="6897" inserted="6796" running="102" waiting="101" ended="6694" arrived="6694" collisions="4" teleports="4" halting="4" stopped="0" meanWaitingTime="46.38" meanTravelTime="256.96" meanSpeed="23.91" meanSpeedRelative="0.75" duration="85"/>
    <step time="14700.00" loaded="7011" inserted="6912" running="91" waiting="99" ended="6821" arrived="6821" collisions="4" teleports="4" halting="0" stopped="0" meanWaitingTime="49.28" meanTravelTime="256.98" meanSpeed="24.15" meanSpeedRelative="0.75" duration="1"/>
    <step time="15000.00" loaded="7102" inserted="7000" running="82" waiting="102" ended="6918" arrived="6918" collisions="4" teleports="4" halting="1" stopped="0" meanWaitingTime="52.89" meanTravelTime="257.53" meanSpeed="24.20" meanSpeedRelative="0.76" duration="1"/>
    <step time="15300.00" loaded="7216" inserted="7113" running="81" waiting="103" ended="7032" arrived="7032" collisions="4" teleports="4" halting="4" stopped="0" meanWaitingTime="55.77" meanTravelTime="257.48" meanSpeed="23.87" meanSpeedRelative="0.75" duration="0"/>
    <step time="15600.00" loaded="7309" inserted="7216" running="83" waiting="93" ended="7133" arrived="7133" collisions="4" teleports="4" halting="6" stopped="0" meanWaitingTime="59.00" meanTravelTime="257.50" meanSpeed="24.95" meanSpeedRelative="0.78" duration="1"/>
    <step time="15900.00" loaded="7409" inserted="7313" running="82" waiting="96" ended="7231" arrived="7231" collisions="4" teleports="4" halting="3" stopped="0" meanWaitingTime="61.92" meanTravelTime="257.28" meanSpeed="24.29" meanSpeedRelative="0.76" duration="1"/>
    <step time="16200.00" loaded="7510" inserted="7416" running="81" waiting="94" ended="7335" arrived="7335" collisions="4" teleports="4" halting="5" stopped="0" meanWaitingTime="65.84" meanTravelTime="256.66" meanSpeed="23.28" meanSpeedRelative="0.73" duration="1"/>
    <step time="16500.00" loaded="7629" inserted="7534" running="88" waiting="95" ended="7446" arrived="7446" collisions="4" teleports="4" halting="3" stopped="0" meanWaitingTime="68.67" meanTravelTime="256.46" meanSpeed="24.46" meanSpeedRelative="0.76" duration="0"/>
    <step time="16800.00" loaded="7731" inserted="7642" running="86" waiting="89" ended="7556" arrived="7556" collisions="4" teleports="4" halting="0" stopped="0" meanWaitingTime="71.15" meanTravelTime="255.76" meanSpeed="25.23" meanSpeedRelative="0.79" duration="0"/>
    <step time="17100.00" loaded="7826" inserted="7743" running="80" waiting="83" ended="7663" arrived="7663" collisions="4" teleports="4" halting="1" stopped="0" meanWaitingTime="73.86" meanTravelTime="255.74" meanSpeed="24.90" meanSpeedRelative="0.78" duration="0"/>
    <step time="17400.00" loaded="7923" inserted="7849" running="80" waiting="74" ended="7769" arrived="7769" collisions="4" teleports="4" halting="2" stopped="0" meanWaitingTime="76.80" meanTravelTime="255.53" meanSpeed="23.64" meanSpeedRelative="0.74" duration="0"/>
    <step time="17700.00" loaded="8032" inserted="7956" running="79" waiting="76" ended="7877" arrived="7877" collisions="4" teleports="4" halting="2" stopped="0" meanWaitingTime="78.96" meanTravelTime="255.25" meanSpeed="24.31" meanSpeedRelative="0.76" duration="1"/>
    <step time="18000.00" loaded="8124" inserted="8051" running="70" waiting="73" ended="7981" arrived="7981" collisions="4" teleports="4" halting="1" stopped="0" meanWaitingTime="81.27" meanTravelTime="255.00" meanSpeed="24.54" meanSpeedRelative="0.77" duration="81"/>
    <step time="18300.00" loaded="8325" inserted="8242" running="136" waiting="83" ended="8106" arrived="8106" collisions="5" teleports="5" halting="2" stopped="0" meanWaitingTime="82.78" meanTravelTime="253.99" meanSpeed="24.97" meanSpeedRelative="0.78" duration="0"/>
    <step time="18600.00" loaded="8536" inserted="8443" running="153" waiting="93" ended="8290" arrived="8290" collisions="6" teleports="6" halting="2" stopped="0" meanWaitingTime="83.47" meanTravelTime="253.06" meanSpeed="24.41" meanSpeedRelative="0.76" duration="1"/>
    <step time="18900.00" loaded="8747" inserted="8640" running="171" waiting="107" ended="8469" arrived="8469" collisions="6" teleports="6" halting="1" stopped="0" meanWaitingTime="84.40" meanTravelTime="252.69" meanSpeed="23.97" meanSpeedRelative="0.75" duration="1"/>
    <step time="19200.00" loaded="8951" inserted="8826" running="168" waiting="125" ended="8658" arrived="8658" collisions="6" teleports="6" halting="3" stopped="0" meanWaitingTime="85.15" meanTravelTime="252.54" meanSpeed="23.74" meanSpeedRelative="0.74" duration="1"/>
    <step time="19500.00" loaded="9168" inserted="9027" running="160" waiting="141" ended="8867" arrived="8867" collisions="6" teleports="6" halting="4" stopped="0" meanWaitingTime="86.21" meanTravelTime="252.80" meanSpeed="23.31" meanSpeedRelative="0.73" duration="1"/>
    <step time="19800.00" loaded="9395" inserted="9237" running="160" waiting="158" ended="9077" arrived="9077" collisions="6" teleports="6" halting="0" stopped="0" meanWaitingTime="87.61" meanTravelTime="253.39" meanSpeed="24.83" meanSpeedRelative="0.78" duration="1"/>
    <step time="20100.00" loaded="9575" inserted="9414" running="154" waiting="161" ended="9260" arrived="9260" collisions="7" teleports="7" halting="2" stopped="0" meanWaitingTime="89.47" meanTravelTime="253.25" meanSpeed="24.13" meanSpeedRelative="0.75" duration="1"/>
    <step time="20400.00" loaded="9781" inserted="9596" running="139" waiting="185" ended="9457" arrived="9457" collisions="7" teleports="7" halting="1" stopped="0" meanWaitingTime="91.12" meanTravelTime="252.73" meanSpeed="24.41" meanSpeedRelative="0.76" duration="1"/>
    <step time="20700.00" loaded="9957" inserted="9763" running="136" waiting="194" ended="9627" arrived="9627" collisions="7" teleports="7" halting="2" stopped="0" meanWaitingTime="93.76" meanTravelTime="252.99" meanSpeed="24.77" meanSpeedRelative="0.77" duration="1"/>
    <step time="21000.00" loaded="10149" inserted="9944" running="140" waiting="205" ended="9804" arrived="9804" collisions="7" teleports="7" halting="2" stopped="0" meanWaitingTime="96.28" meanTravelTime="252.70" meanSpeed="24.35" meanSpeedRelative="0.76" duration="1"/>
    <step time="21300.00" loaded="10358" inserted="10140" running="137" waiting="218" ended="10003" arrived="10003" collisions="7" teleports="7" halting="3" stopped="0" meanWaitingTime="99.26" meanTravelTime="252.45" meanSpeed="24.02" meanSpeedRelative="0.75" duration="1"/>
    <step time="21600.00" loaded="10551" inserted="10318" running="148" waiting="233" ended="10170" arrived="10170" collisions="7" teleports="7" halting="3" stopped="0" meanWaitingTime="101.62" meanTravelTime="252.26" meanSpeed="24.47" meanSpeedRelative="0.76" duration="80"/>
    <step time="21900.00" loaded="11030" inserted="10713" running="320" waiting="317" ended="10393" arrived="10393" collisions="8" teleports="8" halting="4" stopped="0" meanWaitingTime="105.35" meanTravelTime="251.43" meanSpeed="22.73" meanSpeedRelative="0.71" duration="2"/>
    <step time="22200.00" loaded="11511" inserted="11117" running="390" waiting="394" ended="10727" arrived="10727" collisions="9" teleports="9" halting="10" stopped="0" meanWaitingTime="110.89" meanTravelTime="251.16" meanSpeed="20.61" meanSpeedRelative="0.64" duration="2"/>
    <step time="22500.00" loaded="11950" inserted="11504" running="401" waiting="446" ended="11103" arrived="11103" collisions="11" teleports="11" halting="7" stopped="0" meanWaitingTime="115.61" meanTravelTime="252.41" meanSpeed="21.46" meanSpeedRelative="0.67" duration="2"/>
    <step time="22800.00" loaded="12394" inserted="11907" running="431" waiting="487" ended="11476" arrived="11476" collisions="14" teleports="14" halting="8" stopped="0" meanWaitingTime="120.66" meanTravelTime="253.88" meanSpeed="20.81" meanSpeedRelative="0.65" duration="3"/>
    <step time="23100.00" loaded="12856" inserted="12294" running="420" waiting="562" ended="11874" arrived="11874" collisions="14" teleports="14" halting="6" stopped="0" meanWaitingTime="125.54" meanTravelTime="256.09" meanSpeed="19.93" meanSpeedRelative="0.62" duration="2"/>
    <step time="23400.00" loaded="13278" inserted="12702" running="471" waiting="576" ended="12231" arrived="12231" collisions="17" teleports="17" halting="2" stopped="0" meanWaitingTime="131.01" meanTravelTime="258.28" meanSpeed="20.90" meanSpeedRelative="0.65" duration="4"/>
    <step time="23700.00" loaded="13743" inserted="13105" running="451" waiting="638" ended="12654" arrived="12654" collisions="17" teleports="17" halting="8" stopped="0" meanWaitingTime="136.04" meanTravelTime="260.82" meanSpeed="20.45" meanSpeedRelative="0.64" duration="3"/>
    <step time="24000.00" loaded="14227" inserted="13510" running="452" waiting="717" ended="13058" arrived="13058" collisions="17" teleports="17" halting="8" stopped="0" meanWaitingTime="142.99" meanTravelTime="263.51" meanSpeed="20.09" meanSpeedRelative="0.63" duration="4"/>
    <step time="24300.00" loaded="14679" inserted="13905" running="437" waiting="774" ended="13468" arrived="13468" collisions="18" teleports="18" halting="7" stopped="0" meanWaitingTime="149.94" meanTravelTime="265.52" meanSpeed="20.60" meanSpeedRelative="0.64" duration="3"/>
    <step time="24600.00" loaded="15124" inserted="14271" running="420" waiting="853" ended="13851" arrived="13851" collisions="19" teleports="19" halting="5" stopped="0" meanWaitingTime="156.92" meanTravelTime="267.59" meanSpeed="20.00" meanSpeedRelative="0.62" duration="3"/>
    <step time="24900.00" loaded="15556" inserted="14669" running="441" waiting="887" ended="14228" arrived="14228" collisions="19" teleports="19" halting="3" stopped="0" meanWaitingTime="165.61" meanTravelTime="269.36" meanSpeed="20.75" meanSpeedRelative="0.65" duration="3"/>
    <step time="25200.00" loaded="16006" inserted="15054" running="409" waiting="952" ended="14645" arrived="14645" collisions="19" teleports="19" halting="9" stopped="0" meanWaitingTime="174.22" meanTravelTime="271.06" meanSpeed="20.83" meanSpeedRelative="0.65" duration="88"/>
    <step time="25500.00" loaded="16546" inserted="15478" running="445" waiting="1068" ended="15033" arrived="15033" collisions="19" teleports="19" halting="4" stopped="0" meanWaitingTime="182.75" meanTravelTime="272.05" meanSpeed="19.96" meanSpeedRelative="0.62" duration="4"/>
    <step time="25800.00" loaded="17073" inserted="15907" running="456" waiting="1166" ended="15451" arrived="15451" collisions="19" teleports="19" halting="3" stopped="0" meanWaitingTime="192.47" meanTravelTime="273.29" meanSpeed="20.67" meanSpeedRelative="0.65" duration="3"/>
    <step time="26100.00" loaded="17635" inserted="16316" running="451" waiting="1319" ended="15865" arrived="15865" collisions="20" teleports="20" halting="5" stopped="0" meanWaitingTime="201.50" meanTravelTime="274.46" meanSpeed="19.53" meanSpeedRelative="0.61" duration="4"/>
    <step time="26400.00" loaded="18180" inserted="16773" running="526" waiting="1407" ended="16247" arrived="16247" collisions="21" teleports="21" halting="6" stopped="0" meanWaitingTime="212.20" meanTravelTime="276.33" meanSpeed="19.32" meanSpeedRelative="0.60" duration="3"/>
    <step time="26700.00" loaded="18738" inserted="17214" running="502" waiting="1524" ended="16712" arrived="16712" collisions="22" teleports="22" halting="10" stopped="0" meanWaitingTime="223.02" meanTravelTime="278.16" meanSpeed="19.04" meanSpeedRelative="0.59" duration="4"/>
    <step time="27000.00" loaded="19300" inserted="17667" running="512" waiting="1633" ended="17155" arrived="17155" collisions="22" teleports="22" halting="3" stopped="0" meanWaitingTime="237.53" meanTravelTime="279.43" meanSpeed="18.96" meanSpeedRelative="0.59" duration="3"/>
    <step time="27300.00" loaded="19864" inserted="18135" running="531" waiting="1729" ended="17604" arrived="17604" collisions="23" teleports="23" halting="4" stopped="0" meanWaitingTime="252.26" meanTravelTime="280.93" meanSpeed="19.03" meanSpeedRelative="0.59" duration="3"/>
    <step time="27600.00" loaded="20413" inserted="18581" running="519" waiting="1832" ended="18062" arrived="18062" collisions="23" teleports="23" halting="9" stopped="0" meanWaitingTime="266.62" meanTravelTime="282.88" meanSpeed="19.58" meanSpeedRelative="0.61" duration="5"/>
    <step time="27900.00" loaded="20968" inserted="19062" running="530" waiting="1906" ended="18532" arrived="18532" collisions="29" teleports="29" halting="7" stopped="0" meanWaitingTime="281.70" meanTravelTime="284.25" meanSpeed="19.11" meanSpeedRelative="0.60" duration="4"/>
    <step time="28200.00" loaded="21530" inserted="19519" running="535" waiting="2011" ended="18984" arrived="18984" collisions="29" teleports="29" halting="7" stopped="0" meanWaitingTime="297.43" meanTravelTime="285.65" meanSpeed="19.10" meanSpeedRelative="0.60" duration="4"/>
    <step time="28500.00" loaded="22085" inserted="19971" running="514" waiting="2114" ended="19457" arrived="19457" collisions="31" teleports="31" halting="6" stopped="0" meanWaitingTime="312.71" meanTravelTime="286.84" meanSpeed="19.00" meanSpeedRelative="0.59" duration="4"/>
    <step time="28800.00" loaded="22600" inserted="20408" running="525" waiting="2192" ended="19883" arrived="19883" collisions="32" teleports="32" halting="6" stopped="0" meanWaitingTime="327.52" meanTravelTime="288.30" meanSpeed="19.15" meanSpeedRelative="0.60" duration="89"/>
    <step time="29100.00" loaded="22963" inserted="20843" running="509" waiting="2120" ended="20334" arrived="20334" collisions="32" teleports="32" halting="12" stopped="0" meanWaitingTime="343.26" meanTravelTime="289.50" meanSpeed="18.49" meanSpeedRelative="0.58" duration="5"/>
    <step time="29400.00" loaded="23302" inserted="21273" running="495" waiting="2029" ended="20778" arrived="20778" collisions="33" teleports="33" halting="8" stopped="0" meanWaitingTime="360.15" meanTravelTime="291.06" meanSpeed="18.85" meanSpeedRelative="0.59" duration="3"/>
    <step time="29700.00" loaded="23662" inserted="21704" running="487" waiting="1958" ended="21217" arrived="21217" collisions="35" teleports="35" halting="5" stopped="0" meanWaitingTime="376.16" meanTravelTime="292.14" meanSpeed="19.90" meanSpeedRelative="0.62" duration="3"/>
    <step time="30000.00" loaded="23987" inserted="22139" running="497" waiting="1848" ended="21642" arrived="21642" collisions="37" teleports="37" halting="9" stopped="0" meanWaitingTime="392.28" meanTravelTime="293.01" meanSpeed="19.44" meanSpeedRelative="0.61" duration="5"/>
    <step time="30300.00" loaded="24374" inserted="22558" running="484" waiting="1816" ended="22074" arrived="22074" collisions="38" teleports="38" halting="10" stopped="0" meanWaitingTime="407.26" meanTravelTime="294.19" meanSpeed="18.47" meanSpeedRelative="0.58" duration="3"/>
    <step time="30600.00" loaded="24754" inserted="22978" running="499" waiting="1776" ended="22479" arrived="22479" collisions="40" teleports="40" halting="3" stopped="0" meanWaitingTime="422.12" meanTravelTime="295.30" meanSpeed="18.54" meanSpeedRelative="0.58" duration="4"/>
    <step time="30900.00" loaded="25138" inserted="23422" running="498" waiting="1716" ended="22924" arrived="22924" collisions="41" teleports="41" halting="5" stopped="0" meanWaitingTime="436.99" meanTravelTime="296.16" meanSpeed="18.22" meanSpeedRelative="0.57" duration="3"/>
    <step time="31200.00" loaded="25486" inserted="23813" running="464" waiting="1673" ended="23349" arrived="23349" collisions="41" teleports="41" halting="15" stopped="0" meanWaitingTime="452.00" meanTravelTime="296.82" meanSpeed="17.72" meanSpeedRelative="0.55" duration="4"/>
    <step time="31500.00" loaded="25802" inserted="24170" running="434" waiting="1632" ended="23736" arrived="23736" collisions="42" teleports="42" halting="6" stopped="0" meanWaitingTime="465.88" meanTravelTime="297.57" meanSpeed="18.14" meanSpeedRelative="0.57" duration="3"/>
    <step time="31800.00" loaded="26180" inserted="24554" running="409" waiting="1626" ended="24145" arrived="24145" collisions="44" teleports="44" halting="3" stopped="0" meanWaitingTime="476.81" meanTravelTime="298.82" meanSpeed="19.48" meanSpeedRelative="0.61" duration="2"/>
    <step time="32100.00" loaded="26561" inserted="24938" running="410" waiting="1623" ended="24528" arrived="24528" collisions="44" teleports="44" halting="4" stopped="0" meanWaitingTime="487.25" meanTravelTime="299.14" meanSpeed="20.17" meanSpeedRelative="0.63" duration="3"/>
    <step time="32400.00" loaded="26911" inserted="25293" running="365" waiting="1618" ended="24928" arrived="24928" collisions="44" teleports="44" halting="5" stopped="0" meanWaitingTime="498.17" meanTravelTime="299.62" meanSpeed="21.74" meanSpeedRelative="0.68" duration="86"/>
    <step time="32700.00" loaded="27178" inserted="25581" running="297" waiting="1597" ended="25284" arrived="25284" collisions="45" teleports="45" halting="11" stopped="0" meanWaitingTime="508.73" meanTravelTime="299.99" meanSpeed="21.13" meanSpeedRelative="0.66" duration="3"/>
    <step time="33000.00" loaded="27452" inserted="25881" running="293" waiting="1571" ended="25588" arrived="25588" collisions="46" teleports="46" halting="3" stopped="0" meanWaitingTime="519.09" meanTravelTime="299.82" meanSpeed="22.38" meanSpeedRelative="0.70" duration="2"/>
    <step time="33300.00" loaded="27680" inserted="26164" running="253" waiting="1516" ended="25911" arrived="25911" collisions="46" teleports="46" halting="5" stopped="0" meanWaitingTime="530.47" meanTravelTime="299.78" meanSpeed="21.73" meanSpeedRelative="0.68" duration="2"/>
    <step time="33600.00" loaded="27956" inserted="26480" running="276" waiting="1476" ended="26204" arrived="26204" collisions="47" teleports="47" halting="11" stopped="0" meanWaitingTime="541.95" meanTravelTime="299.44" meanSpeed="21.71" meanSpeedRelative="0.68" duration="1"/>
    <step time="33900.00" loaded="28196" inserted="26767" running="254" waiting="1429" ended="26513" arrived="26513" collisions="47" teleports="47" halting="7" stopped="0" meanWaitingTime="552.94" meanTravelTime="299.08" meanSpeed="22.06" meanSpeedRelative="0.69" duration="2"/>
    <step time="34200.00" loaded="28458" inserted="27063" running="265" waiting="1395" ended="26798" arrived="26798" collisions="47" teleports="47" halting="4" stopped="0" meanWaitingTime="564.26" meanTravelTime="298.66" meanSpeed="22.25" meanSpeedRelative="0.70" duration="2"/>
    <step time="34500.00" loaded="28708" inserted="27343" running="259" waiting="1365" ended="27084" arrived="27084" collisions="47" teleports="47" halting="5" stopped="0" meanWaitingTime="573.88" meanTravelTime="298.67" meanSpeed="21.60" meanSpeedRelative="0.68" duration="2"/>
    <step time="34800.00" loaded="28979" inserted="27629" running="245" waiting="1350" ended="27384" arrived="27384" collisions="47" teleports="47" halting="5" stopped="0" meanWaitingTime="583.93" meanTravelTime="298.46" meanSpeed="21.39" meanSpeedRelative="0.67" duration="2"/>
    <step time="35100.00" loaded="29249" inserted="27948" running="286" waiting="1301" ended="27662" arrived="27662" collisions="47" teleports="47" halting="8" stopped="0" meanWaitingTime="594.03" meanTravelTime="298.09" meanSpeed="20.95" meanSpeedRelative="0.65" duration="2"/>
    <step time="35400.00" loaded="29502" inserted="28227" running="270" waiting="1275" ended="27957" arrived="27957" collisions="47" teleports="47" halting="9" stopped="0" meanWaitingTime="602.71" meanTravelTime="297.86" meanSpeed="22.88" meanSpeedRelative="0.72" duration="3"/>
    <step time="35700.00" loaded="29765" inserted="28520" running="274" waiting="1245" ended="28246" arrived="28246" collisions="47" teleports="47" halting="1" stopped="0" meanWaitingTime="612.14" meanTravelTime="297.73" meanSpeed="22.39" meanSpeedRelative="0.70" duration="3"/>
    <step time="36000.00" loaded="30017" inserted="28813" running="268" waiting="1204" ended="28545" arrived="28545" collisions="47" teleports="47" halting="3" stopped="0" meanWaitingTime="620.01" meanTravelTime="297.43" meanSpeed="23.75" meanSpeedRelative="0.74" duration="82"/>
    <step time="36300.00" loaded="30491" inserted="29231" running="362" waiting="1260" ended="28869" arrived="28869" collisions="47" teleports="47" halting="5" stopped="0" meanWaitingTime="627.02" meanTravelTime="297.23" meanSpeed="22.06" meanSpeedRelative="0.69" duration="3"/>
    <step time="36600.00" loaded="30946" inserted="29639" running="402" waiting="1307" ended="29237" arrived="29237" collisions="49" teleports="49" halting="2" stopped="0" meanWaitingTime="632.34" meanTravelTime="296.83" meanSpeed="21.91" meanSpeedRelative="0.68" duration="3"/>
    <step time="36900.00" loaded="31421" inserted="30069" running="428" waiting="1352" ended="29641" arrived="29641" collisions="51" teleports="51" halting="4" stopped="0" meanWaitingTime="637.89" meanTravelTime="296.79" meanSpeed="20.54" meanSpeedRelative="0.64" duration="2"/>
    <step time="37200.00" loaded="31881" inserted="30480" running="422" waiting="1401" ended="30058" arrived="30058" collisions="51" teleports="51" halting="7" stopped="0" meanWaitingTime="643.43" meanTravelTime="296.95" meanSpeed="20.37" meanSpeedRelative="0.64" duration="3"/>
    <step time="37500.00" loaded="32349" inserted="30897" running="443" waiting="1452" ended="30454" arrived="30454" collisions="51" teleports="51" halting="10" stopped="0" meanWaitingTime="648.74" meanTravelTime="296.82" meanSpeed="20.68" meanSpeedRelative="0.65" duration="5"/>
    <step time="37800.00" loaded="32804" inserted="31314" running="437" waiting="1490" ended="30877" arrived="30877" collisions="51" teleports="51" halting="2" stopped="0" meanWaitingTime="654.44" meanTravelTime="296.79" meanSpeed="21.00" meanSpeedRelative="0.66" duration="3"/>
    <step time="38100.00" loaded="33279" inserted="31759" running="449" waiting="1520" ended="31310" arrived="31310" collisions="52" teleports="52" halting="5" stopped="0" meanWaitingTime="659.39" meanTravelTime="297.32" meanSpeed="20.60" meanSpeedRelative="0.64" duration="2"/>
    <step time="38400.00" loaded="33775" inserted="32184" running="450" waiting="1591" ended="31734" arrived="31734" collisions="53" teleports="53" halting="12" stopped="0" meanWaitingTime="663.61" meanTravelTime="297.44" meanSpeed="20.46" meanSpeedRelative="0.64" duration="3"/>
    <step time="38700.00" loaded="34208" inserted="32594" running="443" waiting="1614" ended="32151" arrived="32151" collisions="53" teleports="53" halting="3" stopped="0" meanWaitingTime="668.84" meanTravelTime="297.56" meanSpeed="21.08" meanSpeedRelative="0.66" duration="4"/>
    <step time="39000.00" loaded="34649" inserted="33015" running="443" waiting="1634" ended="32572" arrived="32572" collisions="54" teleports="54" halting="5" stopped="0" meanWaitingTime="674.41" meanTravelTime="297.81" meanSpeed="20.61" meanSpeedRelative="0.64" duration="4"/>
    <step time="39300.00" loaded="35132" inserted="33447" running="456" waiting="1685" ended="32991" arrived="32991" collisions="54" teleports="54" halting="7" stopped="0" meanWaitingTime="679.31" meanTravelTime="298.14" meanSpeed="20.35" meanSpeedRelative="0.64" duration="3"/>
    <step time="39600.00" loaded="35587" inserted="33841" running="433" waiting="1746" ended="33408" arrived="33408" collisions="56" teleports="56" halting="1" stopped="0" meanWaitingTime="684.13" meanTravelTime="298.28" meanSpeed="21.41" meanSpeedRelative="0.67" duration="90"/>
    <step time="39900.00" loaded="36087" inserted="34313" running="476" waiting="1774" ended="33837" arrived="33837" collisions="57" teleports="57" halting="2" stopped="0" meanWaitingTime="688.98" meanTravelTime="298.60" meanSpeed="20.75" meanSpeedRelative="0.65" duration="3"/>
    <step time="40200.00" loaded="36638" inserted="34803" running="506" waiting="1835" ended="34297" arrived="34297" collisions="58" teleports="58" halting="8" stopped="0" meanWaitingTime="695.26" meanTravelTime="298.84" meanSpeed="18.81" meanSpeedRelative="0.59" duration="4"/>
    <step time="40500.00" loaded="37157" inserted="35277" running="516" waiting="1880" ended="34761" arrived="34761" collisions="60" teleports="60" halting="4" stopped="0" meanWaitingTime="701.27" meanTravelTime="298.83" meanSpeed="18.87" meanSpeedRelative="0.59" duration="5"/>
    <step time="40800.00" loaded="37627" inserted="35744" running="533" waiting="1883" ended="35211" arrived="35211" collisions="61" teleports="61" halting="8" stopped="0" meanWaitingTime="707.45" meanTravelTime="299.20" meanSpeed="18.49" meanSpeedRelative="0.58" duration="5"/>
    <step time="41100.00" loaded="38129" inserted="36200" running="528" waiting="1929" ended="35672" arrived="35672" collisions="61" teleports="61" halting="9" stopped="0" meanWaitingTime="713.33" meanTravelTime="299.80" meanSpeed="18.32" meanSpeedRelative="0.57" duration="3"/>
    <step time="41400.00" loaded="38655" inserted="36674" running="526" waiting="1981" ended="36148" arrived="36148" collisions="64" teleports="64" halting="4" stopped="0" meanWaitingTime="719.25" meanTravelTime="300.28" meanSpeed="18.63" meanSpeedRelative="0.58" duration="4"/>
    <step time="41700.00" loaded="39208" inserted="37168" running="533" waiting="2040" ended="36635" arrived="36635" collisions="65" teleports="65" halting="9" stopped="0" meanWaitingTime="724.63" meanTravelTime="300.78" meanSpeed="20.15" meanSpeedRelative="0.63" duration="4"/>
    <step time="42000.00" loaded="39679" inserted="37633" running="520" waiting="2046" ended="37113" arrived="37113" collisions="65" teleports="65" halting="8" stopped="0" meanWaitingTime="731.21" meanTravelTime="300.96" meanSpeed="18.64" meanSpeedRelative="0.58" duration="5"/>
    <step time="42300.00" loaded="40194" inserted="38103" running="557" waiting="2091" ended="37546" arrived="37546" collisions="67" teleports="67" halting="6" stopped="0" meanWaitingTime="737.15" meanTravelTime="301.50" meanSpeed="18.79" meanSpeedRelative="0.59" duration="4"/>
    <step time="42600.00" loaded="40713" inserted="38530" running="524" waiting="2183" ended="38006" arrived="38006" collisions="69" teleports="69" halting="4" stopped="0" meanWaitingTime="742.25" meanTravelTime="302.13" meanSpeed="18.87" meanSpeedRelative="0.59" duration="4"/>
    <step time="42900.00" loaded="41227" inserted="38998" running="544" waiting="2229" ended="38454" arrived="38454" collisions="70" teleports="70" halting="3" stopped="0" meanWaitingTime="748.96" meanTravelTime="302.66" meanSpeed="18.84" meanSpeedRelative="0.59" duration="4"/>
    <step time="43200.00" loaded="41782" inserted="39482" running="569" waiting="2300" ended="38913" arrived="38913" collisions="70" teleports="70" halting="5" stopped="0" meanWaitingTime="755.38" meanTravelTime="303.35" meanSpeed="18.72" meanSpeedRelative="0.58" duration="97"/>
    <step time="43500.00" loaded="42304" inserted="39976" running="602" waiting="2328" ended="39374" arrived="39374" collisions="76" teleports="76" halting="10" stopped="0" meanWaitingTime="761.91" meanTravelTime="303.89" meanSpeed="18.37" meanSpeedRelative="0.57" duration="5"/>
    <step time="43800.00" loaded="42895" inserted="40474" running="628" waiting="2421" ended="39846" arrived="39846" collisions="77" teleports="77" halting="5" stopped="0" meanWaitingTime="767.64" meanTravelTime="304.60" meanSpeed="18.60" meanSpeedRelative="0.58" duration="6"/>
    <step time="44100.00" loaded="43448" inserted="40936" running="589" waiting="2512" ended="40347" arrived="40347" collisions="79" teleports="79" halting="8" stopped="0" meanWaitingTime="773.69" meanTravelTime="305.50" meanSpeed="18.59" meanSpeedRelative="0.58" duration="6"/>
    <step time="44400.00" loaded="43981" inserted="41412" running="605" waiting="2569" ended="40807" arrived="40807" collisions="81" teleports="81" halting="4" stopped="0" meanWaitingTime="779.64" meanTravelTime="306.65" meanSpeed="18.19" meanSpeedRelative="0.57" duration="5"/>
    <step time="44700.00" loaded="44535" inserted="41901" running="614" waiting="2634" ended="41287" arrived="41287" collisions="83" teleports="83" halting="10" stopped="0" meanWaitingTime="785.78" meanTravelTime="307.33" meanSpeed="17.80" meanSpeedRelative="0.56" duration="6"/>
    <step time="45000.00" loaded="45057" inserted="42373" running="614" waiting="2684" ended="41759" arrived="41759" collisions="83" teleports="83" halting="9" stopped="0" meanWaitingTime="792.00" meanTravelTime="308.21" meanSpeed="17.80" meanSpeedRelative="0.56" duration="5"/>
    <step time="45300.00" loaded="45604" inserted="42840" running="605" waiting="2764" ended="42235" arrived="42235" collisions="83" teleports="83" halting="5" stopped="0" meanWaitingTime="798.31" meanTravelTime="309.11" meanSpeed="18.09" meanSpeedRelative="0.57" duration="5"/>
    <step time="45600.00" loaded="46122" inserted="43312" running="610" waiting="2810" ended="42702" arrived="42702" collisions="85" teleports="85" halting="5" stopped="0" meanWaitingTime="804.79" meanTravelTime="309.83" meanSpeed="18.42" meanSpeedRelative="0.58" duration="6"/>
    <step time="45900.00" loaded="46659" inserted="43802" running="622" waiting="2857" ended="43180" arrived="43180" collisions="86" teleports="86" halting="16" stopped="0" meanWaitingTime="812.34" meanTravelTime="310.48" meanSpeed="18.06" meanSpeedRelative="0.56" duration="4"/>
    <step time="46200.00" loaded="47193" inserted="44252" running="613" waiting="2941" ended="43639" arrived="43639" collisions="87" teleports="87" halting="11" stopped="0" meanWaitingTime="819.37" meanTravelTime="311.36" meanSpeed="17.69" meanSpeedRelative="0.55" duration="6"/>
    <step time="46500.00" loaded="47716" inserted="44708" running="588" waiting="3008" ended="44120" arrived="44120" collisions="88" teleports="88" halting="6" stopped="0" meanWaitingTime="826.25" meanTravelTime="312.49" meanSpeed="18.90" meanSpeedRelative="0.59" duration="6"/>
    <step time="46800.00" loaded="48213" inserted="45149" running="563" waiting="3064" ended="44586" arrived="44586" collisions="89" teleports="89" halting="8" stopped="0" meanWaitingTime="833.45" meanTravelTime="313.27" meanSpeed="18.46" meanSpeedRelative="0.58" duration="91"/>
    <step time="47100.00" loaded="48769" inserted="45672" running="625" waiting="3097" ended="45047" arrived="45047" collisions="89" teleports="89" halting="5" stopped="0" meanWaitingTime="840.46" meanTravelTime="313.89" meanSpeed="18.35" meanSpeedRelative="0.57" duration="7"/>
    <step time="47400.00" loaded="49312" inserted="46153" running="612" waiting="3159" ended="45541" arrived="45541" collisions="92" teleports="92" halting="5" stopped="0" meanWaitingTime="848.34" meanTravelTime="314.52" meanSpeed="18.11" meanSpeedRelative="0.57" duration="6"/>
    <step time="47700.00" loaded="49829" inserted="46618" running="596" waiting="3211" ended="46022" arrived="46022" collisions="94" teleports="94" halting="7" stopped="0" meanWaitingTime="855.89" meanTravelTime="315.03" meanSpeed="18.76" meanSpeedRelative="0.59" duration="6"/>
    <step time="48000.00" loaded="50345" inserted="47076" running="578" waiting="3269" ended="46498" arrived="46498" collisions="97" teleports="97" halting="12" stopped="0" meanWaitingTime="863.75" meanTravelTime="315.85" meanSpeed="18.36" meanSpeedRelative="0.57" duration="4"/>
    <step time="48300.00" loaded="50853" inserted="47584" running="608" waiting="3269" ended="46976" arrived="46976" collisions="99" teleports="99" halting="8" stopped="0" meanWaitingTime="873.22" meanTravelTime="316.45" meanSpeed="18.16" meanSpeedRelative="0.57" duration="7"/>
    <step time="48600.00" loaded="51408" inserted="48057" running="617" waiting="3351" ended="47440" arrived="47440" collisions="102" teleports="102" halting="2" stopped="0" meanWaitingTime="881.42" meanTravelTime="317.00" meanSpeed="17.72" meanSpeedRelative="0.55" duration="5"/>
    <step time="48900.00" loaded="51928" inserted="48526" running="612" waiting="3402" ended="47914" arrived="47914" collisions="105" teleports="105" halting="10" stopped="0" meanWaitingTime="889.81" meanTravelTime="317.86" meanSpeed="17.82" meanSpeedRelative="0.56" duration="7"/>
    <step time="49200.00" loaded="52505" inserted="49025" running="649" waiting="3480" ended="48376" arrived="48376" collisions="108" teleports="108" halting="12" stopped="0" meanWaitingTime="898.36" meanTravelTime="318.37" meanSpeed="17.13" meanSpeedRelative="0.54" duration="7"/>
    <step time="49500.00" loaded="53027" inserted="49508" running="640" waiting="3519" ended="48868" arrived="48868" collisions="110" teleports="110" halting="2" stopped="0" meanWaitingTime="907.80" meanTravelTime="319.15" meanSpeed="17.67" meanSpeedRelative="0.55" duration="6"/>
    <step time="49800.00" loaded="53540" inserted="49973" running="600" waiting="3567" ended="49373" arrived="49373" collisions="112" teleports="112" halting="7" stopped="0" meanWaitingTime="917.06" meanTravelTime="319.93" meanSpeed="18.45" meanSpeedRelative="0.58" duration="6"/>
    <step time="50100.00" loaded="54058" inserted="50440" running="582" waiting="3618" ended="49858" arrived="49858" collisions="114" teleports="114" halting="7" stopped="0" meanWaitingTime="925.19" meanTravelTime="320.51" meanSpeed="19.09" meanSpeedRelative="0.60" duration="6"/>
    <step time="50400.00" loaded="54606" inserted="50911" running="594" waiting="3695" ended="50317" arrived="50317" collisions="115" teleports="115" halting="9" stopped="0" meanWaitingTime="934.03" meanTravelTime="320.95" meanSpeed="18.64" meanSpeedRelative="0.58" duration="94"/>
    <step time="50700.00" loaded="55336" inserted="51429" running="628" waiting="3907" ended="50801" arrived="50801" collisions="116" teleports="116" halting="12" stopped="0" meanWaitingTime="941.25" meanTravelTime="321.54" meanSpeed="18.51" meanSpeedRelative="0.58" duration="7"/>
    <step time="51000.00" loaded="56013" inserted="51961" running="666" waiting="4052" ended="51295" arrived="51295" collisions="117" teleports="117" halting="4" stopped="0" meanWaitingTime="949.62" meanTravelTime="322.08" meanSpeed="17.70" meanSpeedRelative="0.55" duration="5"/>
    <step time="51300.00" loaded="56768" inserted="52527" running="747" waiting="4241" ended="51780" arrived="51780" collisions="121" teleports="121" halting="11" stopped="0" meanWaitingTime="958.00" meanTravelTime="322.67" meanSpeed="16.28" meanSpeedRelative="0.51" duration="6"/>
    <step time="51600.00" loaded="57519" inserted="53073" running="786" waiting="4446" ended="52287" arrived="52287" collisions="123" teleports="123" halting="3" stopped="0" meanWaitingTime="966.42" meanTravelTime="323.49" meanSpeed="15.39" meanSpeedRelative="0.48" duration="8"/>
    <step time="51900.00" loaded="58236" inserted="53601" running="794" waiting="4635" ended="52807" arrived="52807" collisions="125" teleports="125" halting="9" stopped="0" meanWaitingTime="975.00" meanTravelTime="324.57" meanSpeed="15.19" meanSpeedRelative="0.47" duration="6"/>
    <step time="52200.00" loaded="58964" inserted="54128" running="811" waiting="4836" ended="53317" arrived="53317" collisions="126" teleports="126" halting="12" stopped="0" meanWaitingTime="984.20" meanTravelTime="325.43" meanSpeed="14.80" meanSpeedRelative="0.46" duration="9"/>
    <step time="52500.00" loaded="59673" inserted="54672" running="845" waiting="5001" ended="53827" arrived="53827" collisions="128" teleports="128" halting="17" stopped="0" meanWaitingTime="993.28" meanTravelTime="326.67" meanSpeed="14.41" meanSpeedRelative="0.45" duration="9"/>
    <step time="52800.00" loaded="60419" inserted="55239" running="900" waiting="5180" ended="54339" arrived="54339" collisions="131" teleports="131" halting="4" stopped="0" meanWaitingTime="1002.73" meanTravelTime="328.02" meanSpeed="13.87" meanSpeedRelative="0.43" duration="8"/>
    <step time="53100.00" loaded="61104" inserted="55748" running="917" waiting="5356" ended="54831" arrived="54831" collisions="132" teleports="132" halting="9" stopped="0" meanWaitingTime="1011.77" meanTravelTime="329.58" meanSpeed="13.62" meanSpeedRelative="0.43" duration="7"/>
    <step time="53400.00" loaded="61839" inserted="56277" running="919" waiting="5562" ended="55358" arrived="55358" collisions="133" teleports="133" halting="18" stopped="0" meanWaitingTime="1020.95" meanTravelTime="331.45" meanSpeed="13.34" meanSpeedRelative="0.42" duration="8"/>
    <step time="53700.00" loaded="62557" inserted="56761" running="872" waiting="5796" ended="55889" arrived="55889" collisions="137" teleports="137" halting="12" stopped="0" meanWaitingTime="1030.37" meanTravelTime="333.37" meanSpeed="13.75" meanSpeedRelative="0.43" duration="9"/>
    <step time="54000.00" loaded="63291" inserted="57305" running="907" waiting="5986" ended="56398" arrived="56398" collisions="142" teleports="142" halting="10" stopped="0" meanWaitingTime="1040.91" meanTravelTime="335.17" meanSpeed="13.57" meanSpeedRelative="0.42" duration="94"/>
    <step time="54300.00" loaded="63723" inserted="57782" running="878" waiting="5941" ended="56904" arrived="56904" collisions="143" teleports="143" halting="5" stopped="0" meanWaitingTime="1052.64" meanTravelTime="336.66" meanSpeed="13.61" meanSpeedRelative="0.43" duration="11"/>
    <step time="54600.00" loaded="64181" inserted="58235" running="829" waiting="5946" ended="57406" arrived="57406" collisions="146" teleports="146" halting="9" stopped="0" meanWaitingTime="1064.52" meanTravelTime="338.47" meanSpeed="14.45" meanSpeedRelative="0.45" duration="9"/>
    <step time="54900.00" loaded="64666" inserted="58682" running="794" waiting="5984" ended="57888" arrived="57888" collisions="148" teleports="148" halting="13" stopped="0" meanWaitingTime="1074.37" meanTravelTime="340.22" meanSpeed="14.42" meanSpeedRelative="0.45" duration="9"/>
    <step time="55200.00" loaded="65098" inserted="59109" running="722" waiting="5989" ended="58387" arrived="58387" collisions="150" teleports="150" halting="3" stopped="0" meanWaitingTime="1086.12" meanTravelTime="341.76" meanSpeed="15.79" meanSpeedRelative="0.49" duration="9"/>
    <step time="55500.00" loaded="65547" inserted="59569" running="694" waiting="5978" ended="58875" arrived="58875" collisions="153" teleports="153" halting="8" stopped="0" meanWaitingTime="1098.83" meanTravelTime="342.78" meanSpeed="16.13" meanSpeedRelative="0.50" duration="9"/>
    <step time="55800.00" loaded="66033" inserted="60048" running="720" waiting="5985" ended="59328" arrived="59328" collisions="153" teleports="153" halting="7" stopped="0" meanWaitingTime="1111.16" meanTravelTime="343.69" meanSpeed="16.38" meanSpeedRelative="0.51" duration="9"/>
    <step time="56100.00" loaded="66492" inserted="60510" running="687" waiting="5982" ended="59823" arrived="59823" collisions="155" teleports="155" halting="6" stopped="0" meanWaitingTime="1124.38" meanTravelTime="344.65" meanSpeed="16.07" meanSpeedRelative="0.50" duration="8"/>
    <step time="56400.00" loaded="66907" inserted="60971" running="660" waiting="5936" ended="60311" arrived="60311" collisions="156" teleports="156" halting="14" stopped="0" meanWaitingTime="1137.85" meanTravelTime="345.43" meanSpeed="16.25" meanSpeedRelative="0.51" duration="7"/>
    <step time="56700.00" loaded="67329" inserted="61429" running="650" waiting="5900" ended="60779" arrived="60779" collisions="158" teleports="158" halting="4" stopped="0" meanWaitingTime="1151.64" meanTravelTime="346.12" meanSpeed="16.84" meanSpeedRelative="0.53" duration="5"/>
    <step time="57000.00" loaded="67793" inserted="61918" running="672" waiting="5875" ended="61246" arrived="61246" collisions="158" teleports="158" halting="5" stopped="0" meanWaitingTime="1165.53" meanTravelTime="346.74" meanSpeed="16.05" meanSpeedRelative="0.50" duration="7"/>
    <step time="57300.00" loaded="68258" inserted="62392" running="648" waiting="5866" ended="61744" arrived="61744" collisions="161" teleports="161" halting="11" stopped="0" meanWaitingTime="1179.28" meanTravelTime="347.45" meanSpeed="16.20" meanSpeedRelative="0.51" duration="9"/>
    <step time="57600.00" loaded="68679" inserted="62848" running="662" waiting="5831" ended="62186" arrived="62186" collisions="163" teleports="163" halting="10" stopped="0" meanWaitingTime="1192.91" meanTravelTime="347.92" meanSpeed="15.85" meanSpeedRelative="0.50" duration="88"/>
    <step time="57900.00" loaded="69256" inserted="63381" running="734" waiting="5875" ended="62647" arrived="62647" collisions="167" teleports="167" halting="4" stopped="0" meanWaitingTime="1206.98" meanTravelTime="348.40" meanSpeed="16.41" meanSpeedRelative="0.51" duration="9"/>
    <step time="58200.00" loaded="69793" inserted="63876" running="730" waiting="5917" ended="63146" arrived="63146" collisions="170" teleports="170" halting="9" stopped="0" meanWaitingTime="1220.24" meanTravelTime="348.90" meanSpeed="16.18" meanSpeedRelative="0.51" duration="7"/>
    <step time="58500.00" loaded="70375" inserted="64375" running="736" waiting="6000" ended="63639" arrived="63639" collisions="170" teleports="170" halting="6" stopped="0" meanWaitingTime="1232.90" meanTravelTime="349.64" meanSpeed="16.08" meanSpeedRelative="0.50" duration="5"/>
    <step time="58800.00" loaded="70921" inserted="64860" running="734" waiting="6061" ended="64126" arrived="64126" collisions="170" teleports="170" halting="7" stopped="0" meanWaitingTime="1245.33" meanTravelTime="350.32" meanSpeed="15.56" meanSpeedRelative="0.49" duration="8"/>
    <step time="59100.00" loaded="71501" inserted="65362" running="761" waiting="6139" ended="64601" arrived="64601" collisions="172" teleports="172" halting="8" stopped="0" meanWaitingTime="1258.15" meanTravelTime="350.97" meanSpeed="15.37" meanSpeedRelative="0.48" duration="9"/>
    <step time="59400.00" loaded="72063" inserted="65843" running="753" waiting="6220" ended="65090" arrived="65090" collisions="176" teleports="176" halting="10" stopped="0" meanWaitingTime="1270.98" meanTravelTime="351.76" meanSpeed="15.57" meanSpeedRelative="0.49" duration="6"/>
    <step time="59700.00" loaded="72594" inserted="66349" running="750" waiting="6245" ended="65599" arrived="65599" collisions="177" teleports="177" halting="6" stopped="0" meanWaitingTime="1283.94" meanTravelTime="352.62" meanSpeed="15.43" meanSpeedRelative="0.48" duration="9"/>
    <step time="60000.00" loaded="73176" inserted="66866" running="761" waiting="6310" ended="66105" arrived="66105" collisions="178" teleports="178" halting="8" stopped="0" meanWaitingTime="1297.36" meanTravelTime="353.50" meanSpeed="15.68" meanSpeedRelative="0.49" duration="9"/>
    <step time="60300.00" loaded="73742" inserted="67341" running="727" waiting="6401" ended="66614" arrived="66614" collisions="178" teleports="178" halting="3" stopped="0" meanWaitingTime="1309.32" meanTravelTime="354.37" meanSpeed="16.44" meanSpeedRelative="0.51" duration="7"/>
    <step time="60600.00" loaded="74309" inserted="67852" running="734" waiting="6457" ended="67118" arrived="67118" collisions="180" teleports="180" halting="7" stopped="0" meanWaitingTime="1321.74" meanTravelTime="354.93" meanSpeed="16.19" meanSpeedRelative="0.51" duration="10"/>
    <step time="60900.00" loaded="74865" inserted="68346" running="737" waiting="6519" ended="67609" arrived="67609" collisions="181" teleports="181" halting="4" stopped="0" meanWaitingTime="1334.78" meanTravelTime="355.63" meanSpeed="15.93" meanSpeedRelative="0.50" duration="6"/>
    <step time="61200.00" loaded="75426" inserted="68842" running="728" waiting="6584" ended="68114" arrived="68114" collisions="181" teleports="181" halting="3" stopped="0" meanWaitingTime="1348.67" meanTravelTime="356.31" meanSpeed="16.75" meanSpeedRelative="0.52" duration="88"/>
    <step time="61500.00" loaded="75496" inserted="69190" running="625" waiting="6306" ended="68565" arrived="68565" collisions="183" teleports="183" halting="10" stopped="0" meanWaitingTime="1363.40" meanTravelTime="357.17" meanSpeed="15.93" meanSpeedRelative="0.50" duration="8"/>
    <step time="61800.00" loaded="75559" inserted="69528" running="568" waiting="6031" ended="68960" arrived="68960" collisions="184" teleports="184" halting="6" stopped="0" meanWaitingTime="1379.02" meanTravelTime="358.14" meanSpeed="15.92" meanSpeedRelative="0.50" duration="5"/>
    <step time="62100.00" loaded="75632" inserted="69854" running="493" waiting="5778" ended="69361" arrived="69361" collisions="184" teleports="184" halting="4" stopped="0" meanWaitingTime="1395.10" meanTravelTime="358.90" meanSpeed="16.62" meanSpeedRelative="0.52" duration="5"/>
    <step time="62400.00" loaded="75710" inserted="70223" running="502" waiting="5487" ended="69721" arrived="69721" collisions="184" teleports="184" halting="4" stopped="0" meanWaitingTime="1414.68" meanTravelTime="359.19" meanSpeed="16.41" meanSpeedRelative="0.51" duration="5"/>
    <step time="62700.00" loaded="75772" inserted="70572" running="499" waiting="5200" ended="70073" arrived="70073" collisions="184" teleports="184" halting="5" stopped="0" meanWaitingTime="1433.83" meanTravelTime="359.47" meanSpeed="16.52" meanSpeedRelative="0.52" duration="5"/>
    <step time="63000.00" loaded="75842" inserted="70889" running="445" waiting="4953" ended="70444" arrived="70444" collisions="185" teleports="185" halting="7" stopped="0" meanWaitingTime="1452.50" meanTravelTime="359.79" meanSpeed="17.00" meanSpeedRelative="0.53" duration="3"/>
    <step time="63300.00" loaded="75912" inserted="71175" running="394" waiting="4737" ended="70781" arrived="70781" collisions="185" teleports="185" halting="4" stopped="0" meanWaitingTime="1470.90" meanTravelTime="360.09" meanSpeed="16.88" meanSpeedRelative="0.53" duration="3"/>
    <step time="63600.00" loaded="75988" inserted="71476" running="388" waiting="4512" ended="71088" arrived="71088" collisions="185" teleports="185" halting="3" stopped="0" meanWaitingTime="1489.21" meanTravelTime="360.32" meanSpeed="16.84" meanSpeedRelative="0.53" duration="3"/>
    <step time="63900.00" loaded="76056" inserted="71780" running="369" waiting="4276" ended="71411" arrived="71411" collisions="186" teleports="186" halting="6" stopped="0" meanWaitingTime="1508.10" meanTravelTime="360.38" meanSpeed="17.88" meanSpeedRelative="0.56" duration="3"/>
    <step time="64200.00" loaded="76137" inserted="72084" running="339" waiting="4053" ended="71745" arrived="71745" collisions="188" teleports="188" halting="7" stopped="0" meanWaitingTime="1526.56" meanTravelTime="360.28" meanSpeed="19.41" meanSpeedRelative="0.61" duration="2"/>
    <step time="64500.00" loaded="76210" inserted="72379" running="323" waiting="3831" ended="72056" arrived="72056" collisions="188" teleports="188" halting="2" stopped="0" meanWaitingTime="1543.93" meanTravelTime="360.29" meanSpeed="19.05" meanSpeedRelative="0.60" duration="4"/>
    <step time="64800.00" loaded="76271" inserted="72630" running="282" waiting="3641" ended="72348" arrived="72348" collisions="190" teleports="190" halting="3" stopped="0" meanWaitingTime="1560.45" meanTravelTime="360.20" meanSpeed="21.16" meanSpeedRelative="0.66" duration="97"/>
    <step time="65100.00" loaded="76312" inserted="72865" running="260" waiting="3447" ended="72605" arrived="72605" collisions="190" teleports="190" halting="7" stopped="0" meanWaitingTime="1576.59" meanTravelTime="360.13" meanSpeed="21.53" meanSpeedRelative="0.67" duration="3"/>
    <step time="65400.00" loaded="76356" inserted="73099" running="232" waiting="3257" ended="72867" arrived="72867" collisions="190" teleports="190" halting="3" stopped="0" meanWaitingTime="1592.32" meanTravelTime="359.93" meanSpeed="22.19" meanSpeedRelative="0.69" duration="3"/>
    <step time="65700.00" loaded="76406" inserted="73326" running="213" waiting="3080" ended="73113" arrived="73113" collisions="190" teleports="190" halting="2" stopped="0" meanWaitingTime="1607.11" meanTravelTime="359.87" meanSpeed="21.82" meanSpeedRelative="0.68" duration="2"/>
    <step time="66000.00" loaded="76451" inserted="73565" running="225" waiting="2886" ended="73340" arrived="73340" collisions="190" teleports="190" halting="5" stopped="0" meanWaitingTime="1622.26" meanTravelTime="359.66" meanSpeed="21.92" meanSpeedRelative="0.69" duration="2"/>
    <step time="66300.00" loaded="76500" inserted="73814" running="246" waiting="2686" ended="73568" arrived="73568" collisions="190" teleports="190" halting="7" stopped="0" meanWaitingTime="1637.11" meanTravelTime="359.36" meanSpeed="21.66" meanSpeedRelative="0.68" duration="3"/>
    <step time="66600.00" loaded="76542" inserted="74010" running="202" waiting="2532" ended="73808" arrived="73808" collisions="190" teleports="190" halting="3" stopped="0" meanWaitingTime="1648.70" meanTravelTime="359.20" meanSpeed="21.65" meanSpeedRelative="0.68" duration="1"/>
    <step time="66900.00" loaded="76594" inserted="74196" running="149" waiting="2398" ended="74047" arrived="74047" collisions="190" teleports="190" halting="4" stopped="0" meanWaitingTime="1661.62" meanTravelTime="359.00" meanSpeed="22.35" meanSpeedRelative="0.70" duration="3"/>
    <step time="67200.00" loaded="76659" inserted="74374" running="137" waiting="2285" ended="74237" arrived="74237" collisions="190" teleports="190" halting="7" stopped="0" meanWaitingTime="1674.15" meanTravelTime="358.71" meanSpeed="20.24" meanSpeedRelative="0.63" duration="1"/>
    <step time="67500.00" loaded="76707" inserted="74531" running="113" waiting="2176" ended="74418" arrived="74418" collisions="190" teleports="190" halting="1" stopped="0" meanWaitingTime="1685.08" meanTravelTime="358.46" meanSpeed="21.66" meanSpeedRelative="0.68" duration="1"/>
    <step time="67800.00" loaded="76763" inserted="74706" running="123" waiting="2057" ended="74583" arrived="74583" collisions="190" teleports="190" halting="4" stopped="0" meanWaitingTime="1697.43" meanTravelTime="358.10" meanSpeed="21.33" meanSpeedRelative="0.67" duration="3"/>
    <step time="68100.00" loaded="76821" inserted="74880" running="118" waiting="1941" ended="74762" arrived="74762" collisions="190" teleports="190" halting="6" stopped="0" meanWaitingTime="1708.29" meanTravelTime="357.77" meanSpeed="20.11" meanSpeedRelative="0.63" duration="1"/>
    <step time="68400.00" loaded="76875" inserted="75049" running="126" waiting="1826" ended="74923" arrived="74923" collisions="190" teleports="190" halting="5" stopped="0" meanWaitingTime="1717.80" meanTravelTime="357.51" meanSpeed="19.99" meanSpeedRelative="0.62" duration="92"/>
    <step time="68700.00" loaded="77054" inserted="75281" running="176" waiting="1773" ended="75105" arrived="75105" collisions="190" teleports="190" halting="2" stopped="0" meanWaitingTime="1722.69" meanTravelTime="357.12" meanSpeed="22.61" meanSpeedRelative="0.71" duration="1"/>
    <step time="69000.00" loaded="77208" inserted="75451" running="168" waiting="1757" ended="75283" arrived="75283" collisions="190" teleports="190" halting="5" stopped="0" meanWaitingTime="1725.89" meanTravelTime="356.92" meanSpeed="23.97" meanSpeedRelative="0.75" duration="2"/>
    <step time="69300.00" loaded="77373" inserted="75609" running="144" waiting="1764" ended="75465" arrived="75465" collisions="190" teleports="190" halting="7" stopped="0" meanWaitingTime="1729.78" meanTravelTime="356.76" meanSpeed="22.16" meanSpeedRelative="0.69" duration="1"/>
    <step time="69600.00" loaded="77520" inserted="75767" running="139" waiting="1753" ended="75628" arrived="75628" collisions="190" teleports="190" halting="7" stopped="0" meanWaitingTime="1733.09" meanTravelTime="356.64" meanSpeed="22.90" meanSpeedRelative="0.72" duration="1"/>
    <step time="69900.00" loaded="77658" inserted="75922" running="144" waiting="1736" ended="75778" arrived="75778" collisions="190" teleports="190" halting="4" stopped="0" meanWaitingTime="1737.12" meanTravelTime="356.43" meanSpeed="23.48" meanSpeedRelative="0.73" duration="3"/>
    <step time="70200.00" loaded="77818" inserted="76104" running="177" waiting="1714" ended="75927" arrived="75927" collisions="191" teleports="191" halting="6" stopped="0" meanWaitingTime="1740.76" meanTravelTime="356.28" meanSpeed="23.03" meanSpeedRelative="0.72" duration="1"/>
    <step time="70500.00" loaded="77980" inserted="76283" running="179" waiting="1697" ended="76104" arrived="76104" collisions="191" teleports="191" halting="4" stopped="0" meanWaitingTime="1744.75" meanTravelTime="356.07" meanSpeed="22.64" meanSpeedRelative="0.71" duration="2"/>
    <step time="70800.00" loaded="78136" inserted="76457" running="161" waiting="1679" ended="76296" arrived="76296" collisions="191" teleports="191" halting="2" stopped="0" meanWaitingTime="1748.26" meanTravelTime="355.92" meanSpeed="23.55" meanSpeedRelative="0.74" duration="2"/>
    <step time="71100.00" loaded="78291" inserted="76633" running="178" waiting="1658" ended="76455" arrived="76455" collisions="191" teleports="191" halting="6" stopped="0" meanWaitingTime="1752.77" meanTravelTime="355.76" meanSpeed="22.42" meanSpeedRelative="0.70" duration="2"/>
    <step time="71400.00" loaded="78433" inserted="76796" running="155" waiting="1637" ended="76641" arrived="76641" collisions="192" teleports="192" halting="3" stopped="0" meanWaitingTime="1756.63" meanTravelTime="355.61" meanSpeed="22.26" meanSpeedRelative="0.70" duration="1"/>
    <step time="71700.00" loaded="78600" inserted="76980" running="169" waiting="1620" ended="76811" arrived="76811" collisions="192" teleports="192" halting="5" stopped="0" meanWaitingTime="1761.10" meanTravelTime="355.43" meanSpeed="22.25" meanSpeedRelative="0.70" duration="3"/>
    <step time="72000.00" loaded="78743" inserted="77126" running="145" waiting="1617" ended="76981" arrived="76981" collisions="192" teleports="192" halting="4" stopped="0" meanWaitingTime="1765.35" meanTravelTime="355.32" meanSpeed="21.42" meanSpeedRelative="0.67" duration="84"/>
    <step time="72300.00" loaded="78882" inserted="77287" running="161" waiting="1595" ended="77126" arrived="77126" collisions="193" teleports="193" halting="7" stopped="0" meanWaitingTime="1770.33" meanTravelTime="355.23" meanSpeed="22.90" meanSpeedRelative="0.72" duration="1"/>
    <step time="72600.00" loaded="79012" inserted="77426" running="140" waiting="1586" ended="77286" arrived="77286" collisions="193" teleports="193" halting="5" stopped="0" meanWaitingTime="1774.25" meanTravelTime="355.12" meanSpeed="22.56" meanSpeedRelative="0.71" duration="1"/>
    <step time="72900.00" loaded="79149" inserted="77582" running="149" waiting="1567" ended="77433" arrived="77433" collisions="193" teleports="193" halting="2" stopped="0" meanWaitingTime="1778.47" meanTravelTime="355.06" meanSpeed="23.42" meanSpeedRelative="0.73" duration="1"/>
    <step time="73200.00" loaded="79290" inserted="77735" running="156" waiting="1555" ended="77579" arrived="77579" collisions="193" teleports="193" halting="5" stopped="0" meanWaitingTime="1783.05" meanTravelTime="354.93" meanSpeed="22.58" meanSpeedRelative="0.71" duration="1"/>
    <step time="73500.00" loaded="79423" inserted="77889" running="139" waiting="1534" ended="77750" arrived="77750" collisions="193" teleports="193" halting="1" stopped="0" meanWaitingTime="1788.40" meanTravelTime="354.78" meanSpeed="22.31" meanSpeedRelative="0.70" duration="1"/>
    <step time="73800.00" loaded="79545" inserted="78032" running="129" waiting="1513" ended="77903" arrived="77903" collisions="193" teleports="193" halting="4" stopped="0" meanWaitingTime="1794.27" meanTravelTime="354.64" meanSpeed="22.42" meanSpeedRelative="0.70" duration="1"/>
    <step time="74100.00" loaded="79682" inserted="78186" running="150" waiting="1496" ended="78036" arrived="78036" collisions="193" teleports="193" halting="7" stopped="0" meanWaitingTime="1798.88" meanTravelTime="354.54" meanSpeed="22.66" meanSpeedRelative="0.71" duration="1"/>
    <step time="74400.00" loaded="79819" inserted="78343" running="148" waiting="1476" ended="78195" arrived="78195" collisions="193" teleports="193" halting="5" stopped="0" meanWaitingTime="1803.49" meanTravelTime="354.40" meanSpeed="22.58" meanSpeedRelative="0.71" duration="2"/>
    <step time="74700.00" loaded="79950" inserted="78489" running="146" waiting="1461" ended="78343" arrived="78343" collisions="193" teleports="193" halting="1" stopped="0" meanWaitingTime="1808.54" meanTravelTime="354.28" meanSpeed="23.82" meanSpeedRelative="0.74" duration="1"/>
    <step time="75000.00" loaded="80096" inserted="78647" running="141" waiting="1449" ended="78506" arrived="78506" collisions="193" teleports="193" halting="5" stopped="0" meanWaitingTime="1813.57" meanTravelTime="354.20" meanSpeed="23.46" meanSpeedRelative="0.73" duration="1"/>
    <step time="75300.00" loaded="80237" inserted="78805" running="156" waiting="1432" ended="78649" arrived="78649" collisions="193" teleports="193" halting="4" stopped="0" meanWaitingTime="1818.66" meanTravelTime="354.07" meanSpeed="22.01" meanSpeedRelative="0.69" duration="1"/>
    <step time="75600.00" loaded="80380" inserted="78959" running="159" waiting="1421" ended="78800" arrived="78800" collisions="193" teleports="193" halting="5" stopped="0" meanWaitingTime="1823.57" meanTravelTime="353.93" meanSpeed="23.08" meanSpeedRelative="0.72" duration="82"/>
    <step time="75900.00" loaded="80572" inserted="79161" running="193" waiting="1411" ended="78968" arrived="78968" collisions="193" teleports="193" halting="5" stopped="0" meanWaitingTime="1828.46" meanTravelTime="353.79" meanSpeed="23.80" meanSpeedRelative="0.74" duration="1"/>
    <step time="76200.00" loaded="80768" inserted="79367" running="190" waiting="1401" ended="79177" arrived="79177" collisions="193" teleports="193" halting="1" stopped="0" meanWaitingTime="1833.27" meanTravelTime="353.60" meanSpeed="23.46" meanSpeedRelative="0.73" duration="1"/>
    <step time="76500.00" loaded="80940" inserted="79542" running="163" waiting="1398" ended="79379" arrived="79379" collisions="193" teleports="193" halting="3" stopped="0" meanWaitingTime="1838.06" meanTravelTime="353.38" meanSpeed="23.39" meanSpeedRelative="0.73" duration="2"/>
    <step time="76800.00" loaded="81127" inserted="79714" running="167" waiting="1413" ended="79547" arrived="79547" collisions="193" teleports="193" halting="4" stopped="0" meanWaitingTime="1842.64" meanTravelTime="353.25" meanSpeed="22.90" meanSpeedRelative="0.72" duration="2"/>
    <step time="77100.00" loaded="81307" inserted="79905" running="160" waiting="1402" ended="79745" arrived="79745" collisions="193" teleports="193" halting="6" stopped="0" meanWaitingTime="1846.65" meanTravelTime="353.04" meanSpeed="22.24" meanSpeedRelative="0.69" duration="2"/>
    <step time="77400.00" loaded="81490" inserted="80098" running="187" waiting="1392" ended="79911" arrived="79911" collisions="193" teleports="193" halting="3" stopped="0" meanWaitingTime="1850.60" meanTravelTime="352.95" meanSpeed="22.77" meanSpeedRelative="0.71" duration="2"/>
    <step time="77700.00" loaded="81671" inserted="80289" running="188" waiting="1382" ended="80101" arrived="80101" collisions="194" teleports="194" halting="4" stopped="0" meanWaitingTime="1854.40" meanTravelTime="352.76" meanSpeed="22.62" meanSpeedRelative="0.71" duration="1"/>
    <step time="78000.00" loaded="81887" inserted="80517" running="205" waiting="1370" ended="80312" arrived="80312" collisions="194" teleports="194" halting="6" stopped="0" meanWaitingTime="1857.44" meanTravelTime="352.51" meanSpeed="22.17" meanSpeedRelative="0.69" duration="2"/>
    <step time="78300.00" loaded="82074" inserted="80710" running="190" waiting="1364" ended="80520" arrived="80520" collisions="195" teleports="195" halting="0" stopped="0" meanWaitingTime="1860.72" meanTravelTime="352.34" meanSpeed="23.22" meanSpeedRelative="0.73" duration="2"/>
    <step time="78600.00" loaded="82277" inserted="80923" running="202" waiting="1354" ended="80721" arrived="80721" collisions="195" teleports="195" halting="1" stopped="0" meanWaitingTime="1863.69" meanTravelTime="352.20" meanSpeed="23.26" meanSpeedRelative="0.73" duration="3"/>
    <step time="78900.00" loaded="82457" inserted="81114" running="166" waiting="1343" ended="80948" arrived="80948" collisions="195" teleports="195" halting="7" stopped="0" meanWaitingTime="1867.70" meanTravelTime="351.95" meanSpeed="22.33" meanSpeedRelative="0.70" duration="2"/>
    <step time="79200.00" loaded="82661" inserted="81317" running="188" waiting="1344" ended="81129" arrived="81129" collisions="196" teleports="196" halting="4" stopped="0" meanWaitingTime="1871.00" meanTravelTime="351.83" meanSpeed="23.30" meanSpeedRelative="0.73" duration="82"/>
    <step time="79500.00" loaded="82842" inserted="81506" running="169" waiting="1336" ended="81337" arrived="81337" collisions="196" teleports="196" halting="3" stopped="0" meanWaitingTime="1874.63" meanTravelTime="351.65" meanSpeed="23.77" meanSpeedRelative="0.74" duration="1"/>
    <step time="79800.00" loaded="83015" inserted="81690" running="170" waiting="1325" ended="81520" arrived="81520" collisions="196" teleports="196" halting="5" stopped="0" meanWaitingTime="1878.74" meanTravelTime="351.49" meanSpeed="23.06" meanSpeedRelative="0.72" duration="2"/>
    <step time="80100.00" loaded="83180" inserted="81860" running="161" waiting="1320" ended="81699" arrived="81699" collisions="196" teleports="196" halting="9" stopped="0" meanWaitingTime="1882.70" meanTravelTime="351.36" meanSpeed="22.23" meanSpeedRelative="0.69" duration="1"/>
    <step time="80400.00" loaded="83352" inserted="82038" running="182" waiting="1314" ended="81856" arrived="81856" collisions="197" teleports="197" halting="1" stopped="0" meanWaitingTime="1885.79" meanTravelTime="351.24" meanSpeed="23.03" meanSpeedRelative="0.72" duration="1"/>
    <step time="80700.00" loaded="83511" inserted="82215" running="179" waiting="1296" ended="82036" arrived="82036" collisions="197" teleports="197" halting="4" stopped="0" meanWaitingTime="1889.17" meanTravelTime="351.10" meanSpeed="23.38" meanSpeedRelative="0.73" duration="2"/>
    <step time="81000.00" loaded="83687" inserted="82393" running="165" waiting="1294" ended="82228" arrived="82228" collisions="197" teleports="197" halting="9" stopped="0" meanWaitingTime="1892.30" meanTravelTime="350.92" meanSpeed="23.13" meanSpeedRelative="0.72" duration="1"/>
    <step time="81300.00" loaded="83863" inserted="82577" running="168" waiting="1286" ended="82409" arrived="82409" collisions="197" teleports="197" halting="0" stopped="0" meanWaitingTime="1894.98" meanTravelTime="350.80" meanSpeed="22.66" meanSpeedRelative="0.71" duration="1"/>
    <step time="81600.00" loaded="84053" inserted="82774" running="171" waiting="1279" ended="82603" arrived="82603" collisions="197" teleports="197" halting="3" stopped="0" meanWaitingTime="1897.36" meanTravelTime="350.59" meanSpeed="23.67" meanSpeedRelative="0.74" duration="1"/>
    <step time="81900.00" loaded="84224" inserted="82955" running="156" waiting="1269" ended="82799" arrived="82799" collisions="197" teleports="197" halting="5" stopped="0" meanWaitingTime="1899.30" meanTravelTime="350.37" meanSpeed="22.93" meanSpeedRelative="0.72" duration="2"/>
    <step time="82200.00" loaded="84389" inserted="83141" running="167" waiting="1248" ended="82974" arrived="82974" collisions="197" teleports="197" halting="8" stopped="0" meanWaitingTime="1901.40" meanTravelTime="350.16" meanSpeed="22.68" meanSpeedRelative="0.71" duration="2"/>
    <step time="82500.00" loaded="84555" inserted="83302" running="153" waiting="1253" ended="83149" arrived="83149" collisions="197" teleports="197" halting="5" stopped="0" meanWaitingTime="1903.08" meanTravelTime="350.03" meanSpeed="21.61" meanSpeedRelative="0.68" duration="1"/>
</summary>
