<?xml version="1.0" encoding="UTF-8"?>

<!-- generated on 2025-08-07 20:50:19 by Eclipse SUMO sumo Version 1.23.1
<sumoConfiguration xmlns:xsi="http://www.w3.org/2001/XMLSchema-instance" xsi:noNamespaceSchemaLocation="http://sumo.dlr.de/xsd/sumoConfiguration.xsd">

    <input>
        <net-file value="Desktop\Master Thesis\Network_fin.net.xml"/>
        <route-files value="Desktop\Master Thesis\demand_model_amsterdam.rou.xml"/>
        <additional-files value="Desktop\Master Thesis\Additionnal.add.xml"/>
    </input>

    <output>
        <summary-output value="outputf/summary_coor_alinea_1neigh_method1_K80_target5_20120.xml"/>
        <summary-output.period value="300"/>
        <tripinfo-output value="outputf/tripinfo_coor_alinea_1neigh_method1_K80_target5_20120.xml"/>
    </output>

    <time>
        <begin value="0"/>
        <end value="82800"/>
        <step-length value="1"/>
    </time>

    <processing>
        <time-to-teleport value="-1"/>
    </processing>

    <report>
        <verbose value="true"/>
        <no-step-log value="true"/>
    </report>

    <emissions>
        <device.emissions.period value="10"/>
    </emissions>

    <traci_server>
        <remote-port value="64977"/>
    </traci_server>

    <random_number>
        <seed value="20120"/>
    </random_number>

</sumoConfiguration>
-->

<summary xmlns:xsi="http://www.w3.org/2001/XMLSchema-instance" xsi:noNamespaceSchemaLocation="http://sumo.dlr.de/xsd/summary_file.xsd">
    <step time="0.00" loaded="0" inserted="0" running="0" waiting="0" ended="0" arrived="0" collisions="0" teleports="0" halting="0" stopped="0" meanWaitingTime="-1.00" meanTravelTime="-1.00" meanSpeed="-1.00" meanSpeedRelative="-1.00" duration="1"/>
    <step time="300.00" loaded="178" inserted="178" running="117" waiting="0" ended="61" arrived="61" collisions="0" teleports="0" halting="3" stopped="0" meanWaitingTime="0.57" meanTravelTime="103.44" meanSpeed="25.81" meanSpeedRelative="0.81" duration="3"/>
    <step time="600.00" loaded="350" inserted="349" running="128" waiting="1" ended="221" arrived="221" collisions="0" teleports="0" halting="0" stopped="0" meanWaitingTime="0.43" meanTravelTime="168.64" meanSpeed="25.35" meanSpeedRelative="0.79" duration="1"/>
    <step time="900.00" loaded="516" inserted="516" running="130" waiting="0" ended="386" arrived="386" collisions="0" teleports="0" halting="0" stopped="0" meanWaitingTime="0.41" meanTravelTime="190.71" meanSpeed="25.59" meanSpeedRelative="0.80" duration="1"/>
    <step time="1200.00" loaded="708" inserted="708" running="161" waiting="0" ended="547" arrived="547" collisions="0" teleports="0" halting="0" stopped="0" meanWaitingTime="0.42" meanTravelTime="201.38" meanSpeed="25.09" meanSpeedRelative="0.78" duration="1"/>
    <step time="1500.00" loaded="886" inserted="886" running="148" waiting="0" ended="738" arrived="738" collisions="1" teleports="1" halting="1" stopped="0" meanWaitingTime="0.39" meanTravelTime="208.99" meanSpeed="25.53" meanSpeedRelative="0.80" duration="1"/>
    <step time="1800.00" loaded="1061" inserted="1061" running="161" waiting="0" ended="900" arrived="900" collisions="1" teleports="1" halting="0" stopped="0" meanWaitingTime="0.37" meanTravelTime="214.82" meanSpeed="25.19" meanSpeedRelative="0.79" duration="1"/>
    <step time="2100.00" loaded="1231" inserted="1231" running="157" waiting="0" ended="1074" arrived="1074" collisions="1" teleports="1" halting="0" stopped="0" meanWaitingTime="0.36" meanTravelTime="225.25" meanSpeed="25.42" meanSpeedRelative="0.79" duration="1"/>
    <step time="2400.00" loaded="1431" inserted="1431" running="168" waiting="0" ended="1263" arrived="1263" collisions="1" teleports="1" halting="1" stopped="0" meanWaitingTime="0.37" meanTravelTime="230.44" meanSpeed="25.44" meanSpeedRelative="0.79" duration="2"/>
    <step time="2700.00" loaded="1604" inserted="1603" running="152" waiting="1" ended="1451" arrived="1451" collisions="1" teleports="1" halting="2" stopped="0" meanWaitingTime="0.40" meanTravelTime="235.81" meanSpeed="25.56" meanSpeedRelative="0.80" duration="1"/>
    <step time="3000.00" loaded="1787" inserted="1787" running="154" waiting="0" ended="1633" arrived="1633" collisions="1" teleports="1" halting="1" stopped="0" meanWaitingTime="0.41" meanTravelTime="235.04" meanSpeed="25.54" meanSpeedRelative="0.80" duration="1"/>
    <step time="3300.00" loaded="1955" inserted="1951" running="158" waiting="4" ended="1793" arrived="1793" collisions="1" teleports="1" halting="0" stopped="0" meanWaitingTime="0.77" meanTravelTime="237.07" meanSpeed="24.12" meanSpeedRelative="0.75" duration="1"/>
    <step time="3600.00" loaded="2150" inserted="2145" running="181" waiting="5" ended="1964" arrived="1964" collisions="2" teleports="2" halting="0" stopped="0" meanWaitingTime="1.13" meanTravelTime="239.87" meanSpeed="24.53" meanSpeedRelative="0.77" duration="85"/>
    <step time="3900.00" loaded="2257" inserted="2257" running="117" waiting="0" ended="2140" arrived="2140" collisions="2" teleports="2" halting="1" stopped="0" meanWaitingTime="1.43" meanTravelTime="244.70" meanSpeed="25.72" meanSpeedRelative="0.80" duration="1"/>
    <step time="4200.00" loaded="2385" inserted="2382" running="100" waiting="3" ended="2282" arrived="2282" collisions="2" teleports="2" halting="0" stopped="0" meanWaitingTime="1.44" meanTravelTime="248.03" meanSpeed="24.23" meanSpeedRelative="0.76" duration="1"/>
    <step time="4500.00" loaded="2482" inserted="2482" running="80" waiting="0" ended="2402" arrived="2402" collisions="2" teleports="2" halting="0" stopped="0" meanWaitingTime="1.62" meanTravelTime="249.47" meanSpeed="26.86" meanSpeedRelative="0.84" duration="0"/>
    <step time="4800.00" loaded="2581" inserted="2580" running="87" waiting="1" ended="2493" arrived="2493" collisions="2" teleports="2" halting="5" stopped="0" meanWaitingTime="1.64" meanTravelTime="251.46" meanSpeed="24.23" meanSpeedRelative="0.76" duration="0"/>
    <step time="5100.00" loaded="2700" inserted="2700" running="84" waiting="0" ended="2616" arrived="2616" collisions="2" teleports="2" halting="0" stopped="0" meanWaitingTime="1.59" meanTravelTime="251.36" meanSpeed="26.87" meanSpeedRelative="0.84" duration="0"/>
    <step time="5400.00" loaded="2825" inserted="2823" running="109" waiting="2" ended="2714" arrived="2714" collisions="2" teleports="2" halting="0" stopped="0" meanWaitingTime="1.63" meanTravelTime="250.90" meanSpeed="24.62" meanSpeedRelative="0.77" duration="1"/>
    <step time="5700.00" loaded="2938" inserted="2938" running="100" waiting="0" ended="2838" arrived="2838" collisions="2" teleports="2" halting="0" stopped="0" meanWaitingTime="1.59" meanTravelTime="250.78" meanSpeed="25.18" meanSpeedRelative="0.79" duration="1"/>
    <step time="6000.00" loaded="3054" inserted="3054" running="97" waiting="0" ended="2957" arrived="2957" collisions="2" teleports="2" halting="1" stopped="0" meanWaitingTime="1.54" meanTravelTime="250.63" meanSpeed="25.19" meanSpeedRelative="0.79" duration="0"/>
    <step time="6300.00" loaded="3155" inserted="3155" running="103" waiting="0" ended="3052" arrived="3052" collisions="2" teleports="2" halting="1" stopped="0" meanWaitingTime="1.50" meanTravelTime="252.10" meanSpeed="25.29" meanSpeedRelative="0.79" duration="1"/>
    <step time="6600.00" loaded="3262" inserted="3262" running="108" waiting="0" ended="3154" arrived="3154" collisions="2" teleports="2" halting="1" stopped="0" meanWaitingTime="1.45" meanTravelTime="252.68" meanSpeed="25.20" meanSpeedRelative="0.79" duration="0"/>
    <step time="6900.00" loaded="3382" inserted="3382" running="107" waiting="0" ended="3275" arrived="3275" collisions="2" teleports="2" halting="0" stopped="0" meanWaitingTime="1.41" meanTravelTime="253.29" meanSpeed="26.35" meanSpeedRelative="0.82" duration="1"/>
    <step time="7200.00" loaded="3488" inserted="3488" running="99" waiting="0" ended="3389" arrived="3389" collisions="2" teleports="2" halting="0" stopped="0" meanWaitingTime="1.37" meanTravelTime="254.39" meanSpeed="24.96" meanSpeedRelative="0.78" duration="85"/>
    <step time="7500.00" loaded="3638" inserted="3630" running="123" waiting="8" ended="3507" arrived="3507" collisions="2" teleports="2" halting="2" stopped="0" meanWaitingTime="1.43" meanTravelTime="254.60" meanSpeed="25.02" meanSpeedRelative="0.78" duration="1"/>
    <step time="7800.00" loaded="3797" inserted="3795" running="135" waiting="2" ended="3660" arrived="3660" collisions="2" teleports="2" halting="4" stopped="0" meanWaitingTime="1.71" meanTravelTime="254.22" meanSpeed="25.23" meanSpeedRelative="0.79" duration="1"/>
    <step time="8100.00" loaded="3960" inserted="3957" running="138" waiting="3" ended="3819" arrived="3819" collisions="2" teleports="2" halting="2" stopped="0" meanWaitingTime="1.84" meanTravelTime="253.31" meanSpeed="23.76" meanSpeedRelative="0.74" duration="0"/>
    <step time="8400.00" loaded="4099" inserted="4095" running="134" waiting="4" ended="3961" arrived="3961" collisions="2" teleports="2" halting="3" stopped="0" meanWaitingTime="1.97" meanTravelTime="253.58" meanSpeed="24.56" meanSpeedRelative="0.77" duration="1"/>
    <step time="8700.00" loaded="4234" inserted="4228" running="118" waiting="6" ended="4110" arrived="4110" collisions="2" teleports="2" halting="4" stopped="0" meanWaitingTime="2.34" meanTravelTime="254.61" meanSpeed="24.32" meanSpeedRelative="0.76" duration="1"/>
    <step time="9000.00" loaded="4385" inserted="4368" running="115" waiting="17" ended="4253" arrived="4253" collisions="2" teleports="2" halting="1" stopped="0" meanWaitingTime="2.74" meanTravelTime="255.64" meanSpeed="25.67" meanSpeedRelative="0.80" duration="1"/>
    <step time="9300.00" loaded="4537" inserted="4514" running="124" waiting="23" ended="4390" arrived="4390" collisions="2" teleports="2" halting="1" stopped="0" meanWaitingTime="3.79" meanTravelTime="255.51" meanSpeed="24.48" meanSpeedRelative="0.76" duration="1"/>
    <step time="9600.00" loaded="4672" inserted="4653" running="119" waiting="19" ended="4534" arrived="4534" collisions="3" teleports="3" halting="3" stopped="0" meanWaitingTime="5.08" meanTravelTime="254.76" meanSpeed="25.00" meanSpeedRelative="0.78" duration="0"/>
    <step time="9900.00" loaded="4829" inserted="4799" running="122" waiting="30" ended="4677" arrived="4677" collisions="3" teleports="3" halting="1" stopped="0" meanWaitingTime="6.24" meanTravelTime="254.34" meanSpeed="24.58" meanSpeedRelative="0.77" duration="1"/>
    <step time="10200.00" loaded="4984" inserted="4945" running="133" waiting="39" ended="4812" arrived="4812" collisions="3" teleports="3" halting="1" stopped="0" meanWaitingTime="7.67" meanTravelTime="253.68" meanSpeed="24.57" meanSpeedRelative="0.77" duration="1"/>
    <step time="10500.00" loaded="5121" inserted="5070" running="118" waiting="51" ended="4952" arrived="4952" collisions="3" teleports="3" halting="6" stopped="0" meanWaitingTime="9.25" meanTravelTime="254.38" meanSpeed="24.02" meanSpeedRelative="0.75" duration="0"/>
    <step time="10800.00" loaded="5263" inserted="5199" running="127" waiting="64" ended="5072" arrived="5072" collisions="3" teleports="3" halting="2" stopped="0" meanWaitingTime="11.19" meanTravelTime="255.59" meanSpeed="25.27" meanSpeedRelative="0.79" duration="99"/>
    <step time="11100.00" loaded="5411" inserted="5336" running="112" waiting="75" ended="5224" arrived="5224" collisions="3" teleports="3" halting="0" stopped="0" meanWaitingTime="13.88" meanTravelTime="255.96" meanSpeed="25.31" meanSpeedRelative="0.79" duration="1"/>
    <step time="11400.00" loaded="5553" inserted="5479" running="128" waiting="74" ended="5351" arrived="5351" collisions="3" teleports="3" halting="3" stopped="0" meanWaitingTime="16.77" meanTravelTime="255.91" meanSpeed="24.78" meanSpeedRelative="0.77" duration="1"/>
    <step time="11700.00" loaded="5709" inserted="5641" running="119" waiting="68" ended="5522" arrived="5522" collisions="3" teleports="3" halting="0" stopped="0" meanWaitingTime="19.82" meanTravelTime="255.41" meanSpeed="25.01" meanSpeedRelative="0.78" duration="0"/>
    <step time="12000.00" loaded="5854" inserted="5778" running="104" waiting="76" ended="5674" arrived="5674" collisions="3" teleports="3" halting="1" stopped="0" meanWaitingTime="22.82" meanTravelTime="254.60" meanSpeed="24.69" meanSpeedRelative="0.77" duration="1"/>
    <step time="12300.00" loaded="5993" inserted="5919" running="112" waiting="74" ended="5807" arrived="5807" collisions="3" teleports="3" halting="2" stopped="0" meanWaitingTime="25.99" meanTravelTime="254.40" meanSpeed="24.16" meanSpeedRelative="0.76" duration="1"/>
    <step time="12600.00" loaded="6143" inserted="6056" running="118" waiting="87" ended="5938" arrived="5938" collisions="3" teleports="3" halting="2" stopped="0" meanWaitingTime="28.46" meanTravelTime="254.18" meanSpeed="24.72" meanSpeedRelative="0.77" duration="0"/>
    <step time="12900.00" loaded="6295" inserted="6203" running="115" waiting="92" ended="6088" arrived="6088" collisions="3" teleports="3" halting="3" stopped="0" meanWaitingTime="31.59" meanTravelTime="253.60" meanSpeed="24.42" meanSpeedRelative="0.76" duration="1"/>
    <step time="13200.00" loaded="6437" inserted="6351" running="113" waiting="86" ended="6238" arrived="6238" collisions="4" teleports="4" halting="4" stopped="0" meanWaitingTime="34.72" meanTravelTime="253.43" meanSpeed="23.50" meanSpeedRelative="0.73" duration="1"/>
    <step time="13500.00" loaded="6579" inserted="6499" running="117" waiting="80" ended="6382" arrived="6382" collisions="4" teleports="4" halting="2" stopped="0" meanWaitingTime="37.63" meanTravelTime="253.06" meanSpeed="24.14" meanSpeedRelative="0.75" duration="1"/>
    <step time="13800.00" loaded="6715" inserted="6647" running="113" waiting="68" ended="6534" arrived="6534" collisions="4" teleports="4" halting="1" stopped="0" meanWaitingTime="40.97" meanTravelTime="252.15" meanSpeed="25.20" meanSpeedRelative="0.79" duration="1"/>
    <step time="14100.00" loaded="6844" inserted="6774" running="98" waiting="70" ended="6676" arrived="6676" collisions="4" teleports="4" halting="4" stopped="0" meanWaitingTime="44.22" meanTravelTime="252.15" meanSpeed="24.96" meanSpeedRelative="0.78" duration="1"/>
    <step time="14400.00" loaded="6969" inserted="6902" running="103" waiting="67" ended="6799" arrived="6799" collisions="4" teleports="4" halting="4" stopped="0" meanWaitingTime="46.81" meanTravelTime="251.73" meanSpeed="24.84" meanSpeedRelative="0.78" duration="86"/>
    <step time="14700.00" loaded="7084" inserted="7015" running="91" waiting="69" ended="6924" arrived="6924" collisions="4" teleports="4" halting="0" stopped="0" meanWaitingTime="48.95" meanTravelTime="251.23" meanSpeed="24.92" meanSpeedRelative="0.78" duration="1"/>
    <step time="15000.00" loaded="7183" inserted="7112" running="81" waiting="71" ended="7031" arrived="7031" collisions="4" teleports="4" halting="2" stopped="0" meanWaitingTime="51.02" meanTravelTime="251.85" meanSpeed="23.73" meanSpeedRelative="0.74" duration="1"/>
    <step time="15300.00" loaded="7289" inserted="7217" running="87" waiting="72" ended="7130" arrived="7130" collisions="4" teleports="4" halting="2" stopped="0" meanWaitingTime="52.97" meanTravelTime="251.52" meanSpeed="24.05" meanSpeedRelative="0.75" duration="0"/>
    <step time="15600.00" loaded="7380" inserted="7310" running="69" waiting="70" ended="7241" arrived="7241" collisions="4" teleports="4" halting="7" stopped="0" meanWaitingTime="54.86" meanTravelTime="251.47" meanSpeed="23.03" meanSpeedRelative="0.72" duration="1"/>
    <step time="15900.00" loaded="7475" inserted="7412" running="73" waiting="63" ended="7339" arrived="7339" collisions="4" teleports="4" halting="0" stopped="0" meanWaitingTime="57.00" meanTravelTime="250.97" meanSpeed="23.37" meanSpeedRelative="0.73" duration="0"/>
    <step time="16200.00" loaded="7583" inserted="7528" running="75" waiting="55" ended="7453" arrived="7453" collisions="4" teleports="4" halting="0" stopped="0" meanWaitingTime="59.37" meanTravelTime="250.41" meanSpeed="25.14" meanSpeedRelative="0.79" duration="0"/>
    <step time="16500.00" loaded="7685" inserted="7629" running="82" waiting="56" ended="7547" arrived="7547" collisions="4" teleports="4" halting="2" stopped="0" meanWaitingTime="61.26" meanTravelTime="250.13" meanSpeed="24.35" meanSpeedRelative="0.76" duration="1"/>
    <step time="16800.00" loaded="7763" inserted="7723" running="66" waiting="40" ended="7657" arrived="7657" collisions="4" teleports="4" halting="4" stopped="0" meanWaitingTime="63.02" meanTravelTime="249.70" meanSpeed="22.97" meanSpeedRelative="0.72" duration="1"/>
    <step time="17100.00" loaded="7855" inserted="7821" running="65" waiting="34" ended="7756" arrived="7756" collisions="4" teleports="4" halting="2" stopped="0" meanWaitingTime="64.27" meanTravelTime="249.51" meanSpeed="24.34" meanSpeedRelative="0.76" duration="1"/>
    <step time="17400.00" loaded="7956" inserted="7927" running="68" waiting="29" ended="7859" arrived="7859" collisions="4" teleports="4" halting="3" stopped="0" meanWaitingTime="65.21" meanTravelTime="248.75" meanSpeed="24.42" meanSpeedRelative="0.76" duration="0"/>
    <step time="17700.00" loaded="8059" inserted="8035" running="81" waiting="24" ended="7954" arrived="7954" collisions="4" teleports="4" halting="6" stopped="0" meanWaitingTime="65.39" meanTravelTime="248.17" meanSpeed="23.33" meanSpeedRelative="0.73" duration="1"/>
    <step time="18000.00" loaded="8162" inserted="8133" running="67" waiting="29" ended="8066" arrived="8066" collisions="4" teleports="4" halting="0" stopped="0" meanWaitingTime="65.63" meanTravelTime="248.11" meanSpeed="23.77" meanSpeedRelative="0.74" duration="80"/>
    <step time="18300.00" loaded="8353" inserted="8314" running="118" waiting="39" ended="8196" arrived="8196" collisions="4" teleports="4" halting="1" stopped="0" meanWaitingTime="65.24" meanTravelTime="247.05" meanSpeed="24.40" meanSpeedRelative="0.76" duration="0"/>
    <step time="18600.00" loaded="8572" inserted="8523" running="153" waiting="49" ended="8370" arrived="8370" collisions="4" teleports="4" halting="3" stopped="0" meanWaitingTime="64.75" meanTravelTime="245.82" meanSpeed="25.20" meanSpeedRelative="0.79" duration="1"/>
    <step time="18900.00" loaded="8775" inserted="8720" running="161" waiting="55" ended="8559" arrived="8559" collisions="4" teleports="4" halting="0" stopped="0" meanWaitingTime="64.67" meanTravelTime="245.86" meanSpeed="24.73" meanSpeedRelative="0.77" duration="1"/>
    <step time="19200.00" loaded="8977" inserted="8914" running="143" waiting="63" ended="8771" arrived="8771" collisions="4" teleports="4" halting="1" stopped="0" meanWaitingTime="64.88" meanTravelTime="245.38" meanSpeed="24.75" meanSpeedRelative="0.77" duration="1"/>
    <step time="19500.00" loaded="9204" inserted="9116" running="164" waiting="88" ended="8952" arrived="8952" collisions="4" teleports="4" halting="6" stopped="0" meanWaitingTime="65.14" meanTravelTime="244.97" meanSpeed="22.94" meanSpeedRelative="0.72" duration="1"/>
    <step time="19800.00" loaded="9390" inserted="9287" running="133" waiting="103" ended="9154" arrived="9154" collisions="4" teleports="4" halting="1" stopped="0" meanWaitingTime="65.52" meanTravelTime="244.83" meanSpeed="24.23" meanSpeedRelative="0.76" duration="0"/>
    <step time="20100.00" loaded="9620" inserted="9502" running="157" waiting="118" ended="9345" arrived="9345" collisions="4" teleports="4" halting="2" stopped="0" meanWaitingTime="66.51" meanTravelTime="244.33" meanSpeed="24.63" meanSpeedRelative="0.77" duration="1"/>
    <step time="20400.00" loaded="9834" inserted="9712" running="165" waiting="122" ended="9547" arrived="9547" collisions="5" teleports="5" halting="4" stopped="0" meanWaitingTime="68.03" meanTravelTime="243.81" meanSpeed="23.45" meanSpeedRelative="0.73" duration="1"/>
    <step time="20700.00" loaded="10020" inserted="9883" running="157" waiting="137" ended="9726" arrived="9726" collisions="5" teleports="5" halting="6" stopped="0" meanWaitingTime="69.34" meanTravelTime="243.84" meanSpeed="24.17" meanSpeedRelative="0.76" duration="1"/>
    <step time="21000.00" loaded="10229" inserted="10084" running="171" waiting="145" ended="9913" arrived="9913" collisions="5" teleports="5" halting="5" stopped="0" meanWaitingTime="70.90" meanTravelTime="244.20" meanSpeed="23.03" meanSpeedRelative="0.72" duration="0"/>
    <step time="21300.00" loaded="10413" inserted="10253" running="141" waiting="160" ended="10112" arrived="10112" collisions="5" teleports="5" halting="3" stopped="0" meanWaitingTime="72.71" meanTravelTime="244.54" meanSpeed="23.64" meanSpeedRelative="0.74" duration="1"/>
    <step time="21600.00" loaded="10616" inserted="10453" running="143" waiting="163" ended="10310" arrived="10310" collisions="5" teleports="5" halting="6" stopped="0" meanWaitingTime="75.01" meanTravelTime="244.22" meanSpeed="23.41" meanSpeedRelative="0.73" duration="81"/>
    <step time="21900.00" loaded="11080" inserted="10859" running="327" waiting="221" ended="10532" arrived="10532" collisions="5" teleports="5" halting="3" stopped="0" meanWaitingTime="77.42" meanTravelTime="243.66" meanSpeed="23.05" meanSpeedRelative="0.72" duration="2"/>
    <step time="22200.00" loaded="11554" inserted="11256" running="387" waiting="298" ended="10869" arrived="10869" collisions="5" teleports="5" halting="7" stopped="0" meanWaitingTime="80.60" meanTravelTime="243.48" meanSpeed="22.03" meanSpeedRelative="0.69" duration="3"/>
    <step time="22500.00" loaded="12007" inserted="11631" running="391" waiting="376" ended="11240" arrived="11240" collisions="5" teleports="5" halting="9" stopped="0" meanWaitingTime="83.15" meanTravelTime="244.42" meanSpeed="22.05" meanSpeedRelative="0.69" duration="2"/>
    <step time="22800.00" loaded="12455" inserted="12026" running="401" waiting="429" ended="11625" arrived="11625" collisions="5" teleports="5" halting="7" stopped="0" meanWaitingTime="87.22" meanTravelTime="246.66" meanSpeed="20.23" meanSpeedRelative="0.63" duration="3"/>
    <step time="23100.00" loaded="12890" inserted="12416" running="422" waiting="474" ended="11994" arrived="11994" collisions="5" teleports="5" halting="5" stopped="0" meanWaitingTime="92.85" meanTravelTime="248.91" meanSpeed="19.99" meanSpeedRelative="0.62" duration="2"/>
    <step time="23400.00" loaded="13373" inserted="12828" running="436" waiting="545" ended="12392" arrived="12392" collisions="5" teleports="5" halting="6" stopped="0" meanWaitingTime="98.61" meanTravelTime="250.96" meanSpeed="20.99" meanSpeedRelative="0.66" duration="3"/>
    <step time="23700.00" loaded="13801" inserted="13207" running="426" waiting="594" ended="12781" arrived="12781" collisions="5" teleports="5" halting="9" stopped="0" meanWaitingTime="105.08" meanTravelTime="253.04" meanSpeed="20.49" meanSpeedRelative="0.64" duration="3"/>
    <step time="24000.00" loaded="14239" inserted="13588" running="425" waiting="651" ended="13163" arrived="13163" collisions="7" teleports="7" halting="7" stopped="0" meanWaitingTime="112.23" meanTravelTime="255.56" meanSpeed="20.62" meanSpeedRelative="0.64" duration="2"/>
    <step time="24300.00" loaded="14672" inserted="13957" running="407" waiting="715" ended="13550" arrived="13550" collisions="9" teleports="9" halting="12" stopped="0" meanWaitingTime="120.02" meanTravelTime="257.74" meanSpeed="21.34" meanSpeedRelative="0.67" duration="2"/>
    <step time="24600.00" loaded="15140" inserted="14368" running="449" waiting="772" ended="13919" arrived="13919" collisions="10" teleports="10" halting="7" stopped="0" meanWaitingTime="127.81" meanTravelTime="259.57" meanSpeed="20.92" meanSpeedRelative="0.65" duration="3"/>
    <step time="24900.00" loaded="15608" inserted="14770" running="443" waiting="838" ended="14327" arrived="14327" collisions="10" teleports="10" halting="5" stopped="0" meanWaitingTime="135.17" meanTravelTime="261.46" meanSpeed="20.55" meanSpeedRelative="0.64" duration="3"/>
    <step time="25200.00" loaded="16054" inserted="15167" running="447" waiting="887" ended="14720" arrived="14720" collisions="10" teleports="10" halting="5" stopped="0" meanWaitingTime="143.90" meanTravelTime="263.39" meanSpeed="20.01" meanSpeedRelative="0.63" duration="91"/>
    <step time="25500.00" loaded="16635" inserted="15603" running="480" waiting="1032" ended="15123" arrived="15123" collisions="10" teleports="10" halting="4" stopped="0" meanWaitingTime="152.44" meanTravelTime="265.79" meanSpeed="20.06" meanSpeedRelative="0.63" duration="2"/>
    <step time="25800.00" loaded="17158" inserted="16055" running="487" waiting="1103" ended="15568" arrived="15568" collisions="13" teleports="13" halting="6" stopped="0" meanWaitingTime="162.08" meanTravelTime="267.19" meanSpeed="19.76" meanSpeedRelative="0.62" duration="3"/>
    <step time="26100.00" loaded="17744" inserted="16549" running="528" waiting="1195" ended="16021" arrived="16021" collisions="13" teleports="13" halting="5" stopped="0" meanWaitingTime="172.86" meanTravelTime="268.87" meanSpeed="19.46" meanSpeedRelative="0.61" duration="4"/>
    <step time="26400.00" loaded="18290" inserted="17010" running="545" waiting="1280" ended="16465" arrived="16465" collisions="13" teleports="13" halting="7" stopped="0" meanWaitingTime="182.97" meanTravelTime="270.93" meanSpeed="18.52" meanSpeedRelative="0.58" duration="3"/>
    <step time="26700.00" loaded="18830" inserted="17454" running="560" waiting="1376" ended="16894" arrived="16894" collisions="16" teleports="16" halting="1" stopped="0" meanWaitingTime="193.84" meanTravelTime="272.94" meanSpeed="18.27" meanSpeedRelative="0.57" duration="4"/>
    <step time="27000.00" loaded="19383" inserted="17889" running="528" waiting="1494" ended="17361" arrived="17361" collisions="18" teleports="18" halting="5" stopped="0" meanWaitingTime="204.87" meanTravelTime="275.17" meanSpeed="18.62" meanSpeedRelative="0.58" duration="4"/>
    <step time="27300.00" loaded="19945" inserted="18359" running="538" waiting="1586" ended="17821" arrived="17821" collisions="19" teleports="19" halting="5" stopped="0" meanWaitingTime="218.32" meanTravelTime="277.51" meanSpeed="19.28" meanSpeedRelative="0.60" duration="3"/>
    <step time="27600.00" loaded="20503" inserted="18815" running="541" waiting="1688" ended="18274" arrived="18274" collisions="21" teleports="21" halting="9" stopped="0" meanWaitingTime="230.65" meanTravelTime="279.49" meanSpeed="18.64" meanSpeedRelative="0.58" duration="4"/>
    <step time="27900.00" loaded="21063" inserted="19277" running="530" waiting="1786" ended="18747" arrived="18747" collisions="21" teleports="21" halting="4" stopped="0" meanWaitingTime="244.92" meanTravelTime="281.27" meanSpeed="18.99" meanSpeedRelative="0.59" duration="4"/>
    <step time="28200.00" loaded="21643" inserted="19737" running="547" waiting="1906" ended="19190" arrived="19190" collisions="21" teleports="21" halting="3" stopped="0" meanWaitingTime="258.66" meanTravelTime="283.13" meanSpeed="18.41" meanSpeedRelative="0.58" duration="4"/>
    <step time="28500.00" loaded="22236" inserted="20216" running="572" waiting="2020" ended="19644" arrived="19644" collisions="24" teleports="24" halting="7" stopped="0" meanWaitingTime="273.84" meanTravelTime="284.52" meanSpeed="17.73" meanSpeedRelative="0.55" duration="4"/>
    <step time="28800.00" loaded="22798" inserted="20660" running="563" waiting="2138" ended="20097" arrived="20097" collisions="27" teleports="27" halting="5" stopped="0" meanWaitingTime="288.18" meanTravelTime="286.57" meanSpeed="17.84" meanSpeedRelative="0.56" duration="89"/>
    <step time="29100.00" loaded="23157" inserted="21095" running="531" waiting="2062" ended="20564" arrived="20564" collisions="27" teleports="27" halting="5" stopped="0" meanWaitingTime="304.49" meanTravelTime="288.36" meanSpeed="17.75" meanSpeedRelative="0.55" duration="4"/>
    <step time="29400.00" loaded="23526" inserted="21531" running="513" waiting="1995" ended="21018" arrived="21018" collisions="30" teleports="30" halting="6" stopped="0" meanWaitingTime="320.67" meanTravelTime="289.82" meanSpeed="18.72" meanSpeedRelative="0.59" duration="4"/>
    <step time="29700.00" loaded="23898" inserted="21958" running="481" waiting="1940" ended="21477" arrived="21477" collisions="32" teleports="32" halting="6" stopped="0" meanWaitingTime="337.03" meanTravelTime="291.15" meanSpeed="19.35" meanSpeedRelative="0.60" duration="4"/>
    <step time="30000.00" loaded="24259" inserted="22381" running="470" waiting="1878" ended="21911" arrived="21911" collisions="32" teleports="32" halting="4" stopped="0" meanWaitingTime="352.24" meanTravelTime="292.58" meanSpeed="20.12" meanSpeedRelative="0.63" duration="5"/>
    <step time="30300.00" loaded="24592" inserted="22760" running="441" waiting="1832" ended="22319" arrived="22319" collisions="33" teleports="33" halting="5" stopped="0" meanWaitingTime="364.88" meanTravelTime="293.37" meanSpeed="20.09" meanSpeedRelative="0.63" duration="4"/>
    <step time="30600.00" loaded="24944" inserted="23141" running="389" waiting="1803" ended="22752" arrived="22752" collisions="34" teleports="34" halting="11" stopped="0" meanWaitingTime="377.38" meanTravelTime="294.29" meanSpeed="21.10" meanSpeedRelative="0.66" duration="3"/>
    <step time="30900.00" loaded="25313" inserted="23530" running="394" waiting="1783" ended="23136" arrived="23136" collisions="34" teleports="34" halting="14" stopped="0" meanWaitingTime="390.15" meanTravelTime="294.41" meanSpeed="19.98" meanSpeedRelative="0.62" duration="3"/>
    <step time="31200.00" loaded="25665" inserted="23922" running="382" waiting="1743" ended="23540" arrived="23540" collisions="36" teleports="36" halting="5" stopped="0" meanWaitingTime="402.67" meanTravelTime="294.53" meanSpeed="21.71" meanSpeedRelative="0.68" duration="3"/>
    <step time="31500.00" loaded="25985" inserted="24277" running="361" waiting="1708" ended="23916" arrived="23916" collisions="36" teleports="36" halting="7" stopped="0" meanWaitingTime="413.89" meanTravelTime="294.58" meanSpeed="21.57" meanSpeedRelative="0.67" duration="4"/>
    <step time="31800.00" loaded="26355" inserted="24660" running="370" waiting="1695" ended="24290" arrived="24290" collisions="36" teleports="36" halting="14" stopped="0" meanWaitingTime="426.00" meanTravelTime="294.56" meanSpeed="21.26" meanSpeedRelative="0.66" duration="3"/>
    <step time="32100.00" loaded="26726" inserted="25008" running="336" waiting="1718" ended="24672" arrived="24672" collisions="37" teleports="37" halting="3" stopped="0" meanWaitingTime="437.05" meanTravelTime="294.62" meanSpeed="22.07" meanSpeedRelative="0.69" duration="2"/>
    <step time="32400.00" loaded="27070" inserted="25362" running="335" waiting="1708" ended="25027" arrived="25027" collisions="37" teleports="37" halting="1" stopped="0" meanWaitingTime="449.41" meanTravelTime="294.33" meanSpeed="22.21" meanSpeedRelative="0.69" duration="87"/>
    <step time="32700.00" loaded="27346" inserted="25660" running="293" waiting="1686" ended="25367" arrived="25367" collisions="37" teleports="37" halting="5" stopped="0" meanWaitingTime="460.61" meanTravelTime="294.55" meanSpeed="21.81" meanSpeedRelative="0.68" duration="3"/>
    <step time="33000.00" loaded="27627" inserted="25960" running="287" waiting="1667" ended="25673" arrived="25673" collisions="37" teleports="37" halting="8" stopped="0" meanWaitingTime="471.30" meanTravelTime="294.57" meanSpeed="22.02" meanSpeedRelative="0.69" duration="2"/>
    <step time="33300.00" loaded="27885" inserted="26256" running="282" waiting="1629" ended="25974" arrived="25974" collisions="37" teleports="37" halting="5" stopped="0" meanWaitingTime="482.27" meanTravelTime="294.20" meanSpeed="22.45" meanSpeedRelative="0.70" duration="2"/>
    <step time="33600.00" loaded="28154" inserted="26580" running="270" waiting="1574" ended="26310" arrived="26310" collisions="37" teleports="37" halting="5" stopped="0" meanWaitingTime="493.98" meanTravelTime="294.00" meanSpeed="21.85" meanSpeedRelative="0.68" duration="1"/>
    <step time="33900.00" loaded="28382" inserted="26862" running="265" waiting="1520" ended="26597" arrived="26597" collisions="37" teleports="37" halting="8" stopped="0" meanWaitingTime="506.44" meanTravelTime="293.72" meanSpeed="21.21" meanSpeedRelative="0.66" duration="3"/>
    <step time="34200.00" loaded="28643" inserted="27172" running="269" waiting="1471" ended="26903" arrived="26903" collisions="37" teleports="37" halting="1" stopped="0" meanWaitingTime="516.56" meanTravelTime="293.74" meanSpeed="21.48" meanSpeedRelative="0.67" duration="2"/>
    <step time="34500.00" loaded="28891" inserted="27481" running="286" waiting="1410" ended="27195" arrived="27195" collisions="37" teleports="37" halting="4" stopped="0" meanWaitingTime="528.31" meanTravelTime="293.38" meanSpeed="21.27" meanSpeedRelative="0.66" duration="1"/>
    <step time="34800.00" loaded="29182" inserted="27779" running="288" waiting="1403" ended="27491" arrived="27491" collisions="37" teleports="37" halting="12" stopped="0" meanWaitingTime="539.44" meanTravelTime="293.18" meanSpeed="20.83" meanSpeedRelative="0.65" duration="2"/>
    <step time="35100.00" loaded="29439" inserted="28057" running="266" waiting="1382" ended="27791" arrived="27791" collisions="37" teleports="37" halting="2" stopped="0" meanWaitingTime="549.26" meanTravelTime="293.19" meanSpeed="21.20" meanSpeedRelative="0.66" duration="2"/>
    <step time="35400.00" loaded="29686" inserted="28351" running="257" waiting="1335" ended="28094" arrived="28094" collisions="37" teleports="37" halting="4" stopped="0" meanWaitingTime="560.12" meanTravelTime="293.06" meanSpeed="22.28" meanSpeedRelative="0.70" duration="2"/>
    <step time="35700.00" loaded="29928" inserted="28625" running="251" waiting="1303" ended="28374" arrived="28374" collisions="37" teleports="37" halting="5" stopped="0" meanWaitingTime="570.73" meanTravelTime="292.82" meanSpeed="22.31" meanSpeedRelative="0.70" duration="2"/>
    <step time="36000.00" loaded="30195" inserted="28915" running="245" waiting="1280" ended="28670" arrived="28670" collisions="37" teleports="37" halting="3" stopped="0" meanWaitingTime="579.71" meanTravelTime="292.68" meanSpeed="22.82" meanSpeedRelative="0.71" duration="84"/>
    <step time="36300.00" loaded="30650" inserted="29345" running="352" waiting="1305" ended="28993" arrived="28993" collisions="37" teleports="37" halting="5" stopped="0" meanWaitingTime="587.06" meanTravelTime="292.16" meanSpeed="22.00" meanSpeedRelative="0.69" duration="2"/>
    <step time="36600.00" loaded="31126" inserted="29797" running="405" waiting="1329" ended="29392" arrived="29392" collisions="39" teleports="39" halting="9" stopped="0" meanWaitingTime="595.80" meanTravelTime="291.56" meanSpeed="20.74" meanSpeedRelative="0.65" duration="3"/>
    <step time="36900.00" loaded="31631" inserted="30233" running="440" waiting="1398" ended="29793" arrived="29793" collisions="40" teleports="40" halting="5" stopped="0" meanWaitingTime="602.07" meanTravelTime="291.43" meanSpeed="20.77" meanSpeedRelative="0.65" duration="3"/>
    <step time="37200.00" loaded="32110" inserted="30658" running="461" waiting="1452" ended="30197" arrived="30197" collisions="41" teleports="41" halting="7" stopped="0" meanWaitingTime="608.71" meanTravelTime="291.54" meanSpeed="20.91" meanSpeedRelative="0.65" duration="3"/>
    <step time="37500.00" loaded="32581" inserted="31076" running="447" waiting="1505" ended="30629" arrived="30629" collisions="41" teleports="41" halting="5" stopped="0" meanWaitingTime="614.79" meanTravelTime="291.97" meanSpeed="20.42" meanSpeedRelative="0.64" duration="3"/>
    <step time="37800.00" loaded="33041" inserted="31500" running="454" waiting="1541" ended="31046" arrived="31046" collisions="42" teleports="42" halting="2" stopped="0" meanWaitingTime="621.83" meanTravelTime="292.37" meanSpeed="20.18" meanSpeedRelative="0.63" duration="3"/>
    <step time="38100.00" loaded="33500" inserted="31930" running="449" waiting="1570" ended="31481" arrived="31481" collisions="43" teleports="43" halting="5" stopped="0" meanWaitingTime="627.85" meanTravelTime="292.81" meanSpeed="20.47" meanSpeedRelative="0.64" duration="5"/>
    <step time="38400.00" loaded="33994" inserted="32376" running="475" waiting="1618" ended="31901" arrived="31901" collisions="44" teleports="44" halting="12" stopped="0" meanWaitingTime="634.27" meanTravelTime="293.10" meanSpeed="20.27" meanSpeedRelative="0.63" duration="3"/>
    <step time="38700.00" loaded="34451" inserted="32779" running="454" waiting="1672" ended="32325" arrived="32325" collisions="45" teleports="45" halting="7" stopped="0" meanWaitingTime="640.17" meanTravelTime="293.55" meanSpeed="19.94" meanSpeedRelative="0.62" duration="3"/>
    <step time="39000.00" loaded="34898" inserted="33197" running="452" waiting="1701" ended="32745" arrived="32745" collisions="46" teleports="46" halting="3" stopped="0" meanWaitingTime="645.37" meanTravelTime="293.94" meanSpeed="20.62" meanSpeedRelative="0.64" duration="3"/>
    <step time="39300.00" loaded="35390" inserted="33627" running="465" waiting="1763" ended="33162" arrived="33162" collisions="46" teleports="46" halting="6" stopped="0" meanWaitingTime="651.08" meanTravelTime="294.35" meanSpeed="20.28" meanSpeedRelative="0.63" duration="5"/>
    <step time="39600.00" loaded="35888" inserted="34048" running="479" waiting="1840" ended="33569" arrived="33569" collisions="46" teleports="46" halting="8" stopped="0" meanWaitingTime="656.85" meanTravelTime="294.55" meanSpeed="20.55" meanSpeedRelative="0.64" duration="90"/>
    <step time="39900.00" loaded="36454" inserted="34510" running="507" waiting="1944" ended="34003" arrived="34003" collisions="47" teleports="47" halting="9" stopped="0" meanWaitingTime="661.54" meanTravelTime="295.16" meanSpeed="19.69" meanSpeedRelative="0.62" duration="4"/>
    <step time="40200.00" loaded="36954" inserted="34921" running="480" waiting="2033" ended="34441" arrived="34441" collisions="47" teleports="47" halting="6" stopped="0" meanWaitingTime="666.22" meanTravelTime="295.89" meanSpeed="19.35" meanSpeedRelative="0.60" duration="3"/>
    <step time="40500.00" loaded="37510" inserted="35394" running="519" waiting="2116" ended="34875" arrived="34875" collisions="49" teleports="49" halting="6" stopped="0" meanWaitingTime="671.12" meanTravelTime="296.37" meanSpeed="19.76" meanSpeedRelative="0.62" duration="5"/>
    <step time="40800.00" loaded="38057" inserted="35859" running="517" waiting="2198" ended="35342" arrived="35342" collisions="50" teleports="50" halting="5" stopped="0" meanWaitingTime="676.62" meanTravelTime="296.78" meanSpeed="19.05" meanSpeedRelative="0.60" duration="4"/>
    <step time="41100.00" loaded="38608" inserted="36319" running="540" waiting="2289" ended="35779" arrived="35779" collisions="51" teleports="51" halting="7" stopped="0" meanWaitingTime="681.73" meanTravelTime="297.12" meanSpeed="19.41" meanSpeedRelative="0.61" duration="4"/>
    <step time="41400.00" loaded="39167" inserted="36781" running="572" waiting="2386" ended="36209" arrived="36209" collisions="51" teleports="51" halting="5" stopped="0" meanWaitingTime="687.35" meanTravelTime="297.67" meanSpeed="18.62" meanSpeedRelative="0.58" duration="4"/>
    <step time="41700.00" loaded="39729" inserted="37261" running="575" waiting="2468" ended="36686" arrived="36686" collisions="53" teleports="53" halting="3" stopped="0" meanWaitingTime="693.74" meanTravelTime="298.39" meanSpeed="18.46" meanSpeedRelative="0.58" duration="4"/>
    <step time="42000.00" loaded="40228" inserted="37686" running="510" waiting="2542" ended="37176" arrived="37176" collisions="54" teleports="54" halting="8" stopped="0" meanWaitingTime="699.75" meanTravelTime="299.33" meanSpeed="19.06" meanSpeedRelative="0.60" duration="4"/>
    <step time="42300.00" loaded="40773" inserted="38144" running="530" waiting="2629" ended="37614" arrived="37614" collisions="54" teleports="54" halting="5" stopped="0" meanWaitingTime="708.28" meanTravelTime="300.06" meanSpeed="19.78" meanSpeedRelative="0.62" duration="4"/>
    <step time="42600.00" loaded="41317" inserted="38596" running="536" waiting="2721" ended="38060" arrived="38060" collisions="55" teleports="55" halting="9" stopped="0" meanWaitingTime="714.52" meanTravelTime="300.80" meanSpeed="19.25" meanSpeedRelative="0.60" duration="5"/>
    <step time="42900.00" loaded="41808" inserted="39029" running="516" waiting="2779" ended="38513" arrived="38513" collisions="56" teleports="56" halting="6" stopped="0" meanWaitingTime="721.82" meanTravelTime="301.26" meanSpeed="19.60" meanSpeedRelative="0.61" duration="5"/>
    <step time="43200.00" loaded="42315" inserted="39483" running="532" waiting="2832" ended="38951" arrived="38951" collisions="59" teleports="59" halting="7" stopped="0" meanWaitingTime="728.66" meanTravelTime="301.82" meanSpeed="19.19" meanSpeedRelative="0.60" duration="92"/>
    <step time="43500.00" loaded="42875" inserted="39958" running="567" waiting="2917" ended="39391" arrived="39391" collisions="60" teleports="60" halting="7" stopped="0" meanWaitingTime="735.99" meanTravelTime="302.49" meanSpeed="19.38" meanSpeedRelative="0.61" duration="6"/>
    <step time="43800.00" loaded="43387" inserted="40437" running="576" waiting="2950" ended="39861" arrived="39861" collisions="62" teleports="62" halting="11" stopped="0" meanWaitingTime="745.02" meanTravelTime="302.89" meanSpeed="18.03" meanSpeedRelative="0.56" duration="5"/>
    <step time="44100.00" loaded="43915" inserted="40884" running="567" waiting="3031" ended="40317" arrived="40317" collisions="63" teleports="63" halting="6" stopped="0" meanWaitingTime="753.86" meanTravelTime="303.69" meanSpeed="18.86" meanSpeedRelative="0.59" duration="4"/>
    <step time="44400.00" loaded="44424" inserted="41357" running="591" waiting="3067" ended="40766" arrived="40766" collisions="63" teleports="63" halting="1" stopped="0" meanWaitingTime="763.51" meanTravelTime="304.52" meanSpeed="18.62" meanSpeedRelative="0.58" duration="4"/>
    <step time="44700.00" loaded="44955" inserted="41833" running="610" waiting="3122" ended="41223" arrived="41223" collisions="63" teleports="63" halting="9" stopped="0" meanWaitingTime="772.50" meanTravelTime="305.38" meanSpeed="17.59" meanSpeedRelative="0.55" duration="4"/>
    <step time="45000.00" loaded="45457" inserted="42284" running="573" waiting="3173" ended="41711" arrived="41711" collisions="65" teleports="65" halting="8" stopped="0" meanWaitingTime="782.04" meanTravelTime="306.17" meanSpeed="17.97" meanSpeedRelative="0.56" duration="4"/>
    <step time="45300.00" loaded="45964" inserted="42745" running="554" waiting="3219" ended="42191" arrived="42191" collisions="65" teleports="65" halting="3" stopped="0" meanWaitingTime="791.05" meanTravelTime="307.13" meanSpeed="19.10" meanSpeedRelative="0.60" duration="5"/>
    <step time="45600.00" loaded="46487" inserted="43218" running="565" waiting="3269" ended="42653" arrived="42653" collisions="65" teleports="65" halting="7" stopped="0" meanWaitingTime="800.74" meanTravelTime="307.65" meanSpeed="19.46" meanSpeedRelative="0.61" duration="3"/>
    <step time="45900.00" loaded="47022" inserted="43675" running="578" waiting="3347" ended="43097" arrived="43097" collisions="66" teleports="66" halting="8" stopped="0" meanWaitingTime="810.11" meanTravelTime="308.17" meanSpeed="18.83" meanSpeedRelative="0.59" duration="9"/>
    <step time="46200.00" loaded="47553" inserted="44143" running="570" waiting="3410" ended="43573" arrived="43573" collisions="66" teleports="66" halting="5" stopped="0" meanWaitingTime="820.42" meanTravelTime="308.97" meanSpeed="18.27" meanSpeedRelative="0.57" duration="5"/>
    <step time="46500.00" loaded="48103" inserted="44624" running="571" waiting="3479" ended="44053" arrived="44053" collisions="70" teleports="70" halting="4" stopped="0" meanWaitingTime="829.49" meanTravelTime="309.45" meanSpeed="18.95" meanSpeedRelative="0.59" duration="5"/>
    <step time="46800.00" loaded="48625" inserted="45103" running="589" waiting="3522" ended="44514" arrived="44514" collisions="73" teleports="73" halting="5" stopped="0" meanWaitingTime="840.29" meanTravelTime="309.94" meanSpeed="18.42" meanSpeedRelative="0.58" duration="93"/>
    <step time="47100.00" loaded="49173" inserted="45606" running="611" waiting="3567" ended="44995" arrived="44995" collisions="75" teleports="75" halting="9" stopped="0" meanWaitingTime="849.48" meanTravelTime="310.56" meanSpeed="18.65" meanSpeedRelative="0.58" duration="5"/>
    <step time="47400.00" loaded="49681" inserted="46063" running="600" waiting="3618" ended="45463" arrived="45463" collisions="76" teleports="76" halting="5" stopped="0" meanWaitingTime="858.65" meanTravelTime="311.25" meanSpeed="18.42" meanSpeedRelative="0.58" duration="3"/>
    <step time="47700.00" loaded="50194" inserted="46554" running="616" waiting="3640" ended="45938" arrived="45938" collisions="76" teleports="76" halting="6" stopped="0" meanWaitingTime="868.78" meanTravelTime="311.98" meanSpeed="18.53" meanSpeedRelative="0.58" duration="6"/>
    <step time="48000.00" loaded="50714" inserted="47008" running="626" waiting="3706" ended="46382" arrived="46382" collisions="76" teleports="76" halting="6" stopped="0" meanWaitingTime="878.70" meanTravelTime="312.65" meanSpeed="17.95" meanSpeedRelative="0.56" duration="7"/>
    <step time="48300.00" loaded="51201" inserted="47464" running="592" waiting="3737" ended="46872" arrived="46872" collisions="77" teleports="77" halting="5" stopped="0" meanWaitingTime="889.15" meanTravelTime="313.56" meanSpeed="17.98" meanSpeedRelative="0.56" duration="5"/>
    <step time="48600.00" loaded="51752" inserted="47989" running="655" waiting="3763" ended="47334" arrived="47334" collisions="78" teleports="78" halting="3" stopped="0" meanWaitingTime="900.20" meanTravelTime="314.21" meanSpeed="17.98" meanSpeedRelative="0.56" duration="6"/>
    <step time="48900.00" loaded="52267" inserted="48465" running="633" waiting="3802" ended="47832" arrived="47832" collisions="81" teleports="81" halting="13" stopped="0" meanWaitingTime="909.93" meanTravelTime="314.92" meanSpeed="17.31" meanSpeedRelative="0.54" duration="5"/>
    <step time="49200.00" loaded="52801" inserted="48941" running="628" waiting="3860" ended="48313" arrived="48313" collisions="82" teleports="82" halting="6" stopped="0" meanWaitingTime="919.77" meanTravelTime="315.73" meanSpeed="17.99" meanSpeedRelative="0.56" duration="6"/>
    <step time="49500.00" loaded="53302" inserted="49421" running="657" waiting="3881" ended="48764" arrived="48764" collisions="84" teleports="84" halting="3" stopped="0" meanWaitingTime="930.40" meanTravelTime="316.51" meanSpeed="17.01" meanSpeedRelative="0.53" duration="5"/>
    <step time="49800.00" loaded="53816" inserted="49887" running="646" waiting="3929" ended="49241" arrived="49241" collisions="84" teleports="84" halting="4" stopped="0" meanWaitingTime="941.19" meanTravelTime="317.62" meanSpeed="17.04" meanSpeedRelative="0.53" duration="5"/>
    <step time="50100.00" loaded="54388" inserted="50344" running="652" waiting="4044" ended="49692" arrived="49692" collisions="85" teleports="85" halting="22" stopped="0" meanWaitingTime="950.46" meanTravelTime="318.38" meanSpeed="17.02" meanSpeedRelative="0.53" duration="4"/>
    <step time="50400.00" loaded="54947" inserted="50818" running="672" waiting="4129" ended="50146" arrived="50146" collisions="87" teleports="87" halting="12" stopped="0" meanWaitingTime="960.43" meanTravelTime="319.40" meanSpeed="17.00" meanSpeedRelative="0.53" duration="95"/>
    <step time="50700.00" loaded="55610" inserted="51339" running="701" waiting="4271" ended="50638" arrived="50638" collisions="91" teleports="91" halting="7" stopped="0" meanWaitingTime="970.61" meanTravelTime="320.37" meanSpeed="16.72" meanSpeedRelative="0.52" duration="6"/>
    <step time="51000.00" loaded="56365" inserted="51889" running="748" waiting="4476" ended="51141" arrived="51141" collisions="92" teleports="92" halting="8" stopped="0" meanWaitingTime="980.02" meanTravelTime="321.21" meanSpeed="16.16" meanSpeedRelative="0.51" duration="7"/>
    <step time="51300.00" loaded="57110" inserted="52404" running="751" waiting="4706" ended="51653" arrived="51653" collisions="93" teleports="93" halting="5" stopped="0" meanWaitingTime="988.99" meanTravelTime="322.07" meanSpeed="16.57" meanSpeedRelative="0.52" duration="6"/>
    <step time="51600.00" loaded="57861" inserted="52940" running="764" waiting="4921" ended="52176" arrived="52176" collisions="96" teleports="96" halting="8" stopped="0" meanWaitingTime="998.68" meanTravelTime="323.20" meanSpeed="16.18" meanSpeedRelative="0.51" duration="6"/>
    <step time="51900.00" loaded="58575" inserted="53509" running="796" waiting="5066" ended="52713" arrived="52713" collisions="97" teleports="97" halting="9" stopped="0" meanWaitingTime="1009.67" meanTravelTime="324.16" meanSpeed="15.99" meanSpeedRelative="0.50" duration="7"/>
    <step time="52200.00" loaded="59317" inserted="54072" running="853" waiting="5245" ended="53219" arrived="53219" collisions="98" teleports="98" halting="11" stopped="0" meanWaitingTime="1019.85" meanTravelTime="325.28" meanSpeed="14.59" meanSpeedRelative="0.46" duration="7"/>
    <step time="52500.00" loaded="60055" inserted="54658" running="934" waiting="5397" ended="53724" arrived="53724" collisions="100" teleports="100" halting="8" stopped="0" meanWaitingTime="1029.12" meanTravelTime="326.49" meanSpeed="13.50" meanSpeedRelative="0.42" duration="9"/>
    <step time="52800.00" loaded="60784" inserted="55188" running="948" waiting="5596" ended="54240" arrived="54240" collisions="104" teleports="104" halting="14" stopped="0" meanWaitingTime="1038.59" meanTravelTime="327.98" meanSpeed="13.36" meanSpeedRelative="0.42" duration="8"/>
    <step time="53100.00" loaded="61528" inserted="55748" running="960" waiting="5780" ended="54788" arrived="54788" collisions="109" teleports="109" halting="10" stopped="0" meanWaitingTime="1048.81" meanTravelTime="330.10" meanSpeed="13.13" meanSpeedRelative="0.41" duration="8"/>
    <step time="53400.00" loaded="62294" inserted="56292" running="961" waiting="6002" ended="55331" arrived="55331" collisions="113" teleports="113" halting="17" stopped="0" meanWaitingTime="1059.39" meanTravelTime="331.83" meanSpeed="13.35" meanSpeedRelative="0.42" duration="8"/>
    <step time="53700.00" loaded="62993" inserted="56822" running="966" waiting="6171" ended="55856" arrived="55856" collisions="115" teleports="115" halting="13" stopped="0" meanWaitingTime="1068.55" meanTravelTime="333.72" meanSpeed="12.84" meanSpeedRelative="0.40" duration="7"/>
    <step time="54000.00" loaded="63683" inserted="57332" running="980" waiting="6351" ended="56352" arrived="56352" collisions="118" teleports="118" halting="12" stopped="0" meanWaitingTime="1079.15" meanTravelTime="335.66" meanSpeed="12.34" meanSpeedRelative="0.39" duration="92"/>
    <step time="54300.00" loaded="64160" inserted="57784" running="913" waiting="6376" ended="56871" arrived="56871" collisions="119" teleports="119" halting="13" stopped="0" meanWaitingTime="1090.14" meanTravelTime="337.89" meanSpeed="12.87" meanSpeedRelative="0.40" duration="10"/>
    <step time="54600.00" loaded="64603" inserted="58235" running="873" waiting="6368" ended="57362" arrived="57362" collisions="122" teleports="122" halting="8" stopped="0" meanWaitingTime="1102.63" meanTravelTime="339.71" meanSpeed="13.44" meanSpeedRelative="0.42" duration="7"/>
    <step time="54900.00" loaded="65081" inserted="58712" running="846" waiting="6369" ended="57866" arrived="57866" collisions="126" teleports="126" halting="7" stopped="0" meanWaitingTime="1117.19" meanTravelTime="341.55" meanSpeed="14.30" meanSpeedRelative="0.45" duration="6"/>
    <step time="55200.00" loaded="65550" inserted="59186" running="805" waiting="6364" ended="58381" arrived="58381" collisions="128" teleports="128" halting="11" stopped="0" meanWaitingTime="1130.51" meanTravelTime="343.43" meanSpeed="14.34" meanSpeedRelative="0.45" duration="8"/>
    <step time="55500.00" loaded="66006" inserted="59662" running="772" waiting="6344" ended="58890" arrived="58890" collisions="128" teleports="128" halting="7" stopped="0" meanWaitingTime="1144.25" meanTravelTime="345.14" meanSpeed="15.03" meanSpeedRelative="0.47" duration="8"/>
    <step time="55800.00" loaded="66467" inserted="60133" running="754" waiting="6334" ended="59379" arrived="59379" collisions="128" teleports="128" halting="16" stopped="0" meanWaitingTime="1157.11" meanTravelTime="346.28" meanSpeed="14.58" meanSpeedRelative="0.46" duration="9"/>
    <step time="56100.00" loaded="66922" inserted="60553" running="697" waiting="6369" ended="59856" arrived="59856" collisions="130" teleports="130" halting="16" stopped="0" meanWaitingTime="1168.80" meanTravelTime="347.33" meanSpeed="16.91" meanSpeedRelative="0.53" duration="7"/>
    <step time="56400.00" loaded="67401" inserted="61020" running="662" waiting="6381" ended="60358" arrived="60358" collisions="132" teleports="132" halting="3" stopped="0" meanWaitingTime="1182.15" meanTravelTime="348.20" meanSpeed="17.29" meanSpeedRelative="0.54" duration="7"/>
    <step time="56700.00" loaded="67821" inserted="61466" running="627" waiting="6355" ended="60839" arrived="60839" collisions="132" teleports="132" halting="5" stopped="0" meanWaitingTime="1195.93" meanTravelTime="348.83" meanSpeed="17.46" meanSpeedRelative="0.55" duration="6"/>
    <step time="57000.00" loaded="68253" inserted="61937" running="616" waiting="6316" ended="61321" arrived="61321" collisions="134" teleports="134" halting="5" stopped="0" meanWaitingTime="1210.08" meanTravelTime="349.45" meanSpeed="17.56" meanSpeedRelative="0.55" duration="6"/>
    <step time="57300.00" loaded="68718" inserted="62388" running="587" waiting="6330" ended="61801" arrived="61801" collisions="136" teleports="136" halting="7" stopped="0" meanWaitingTime="1223.26" meanTravelTime="349.80" meanSpeed="17.95" meanSpeedRelative="0.56" duration="8"/>
    <step time="57600.00" loaded="69172" inserted="62859" running="589" waiting="6313" ended="62270" arrived="62270" collisions="137" teleports="137" halting="14" stopped="0" meanWaitingTime="1237.83" meanTravelTime="350.00" meanSpeed="17.82" meanSpeedRelative="0.56" duration="87"/>
    <step time="57900.00" loaded="69727" inserted="63348" running="638" waiting="6379" ended="62710" arrived="62710" collisions="140" teleports="140" halting="8" stopped="0" meanWaitingTime="1252.27" meanTravelTime="350.27" meanSpeed="17.59" meanSpeedRelative="0.55" duration="8"/>
    <step time="58200.00" loaded="70251" inserted="63823" running="634" waiting="6428" ended="63189" arrived="63189" collisions="141" teleports="141" halting="6" stopped="0" meanWaitingTime="1266.46" meanTravelTime="350.70" meanSpeed="16.99" meanSpeedRelative="0.53" duration="7"/>
    <step time="58500.00" loaded="70815" inserted="64316" running="651" waiting="6499" ended="63665" arrived="63665" collisions="143" teleports="143" halting="15" stopped="0" meanWaitingTime="1280.87" meanTravelTime="350.96" meanSpeed="16.88" meanSpeedRelative="0.53" duration="7"/>
    <step time="58800.00" loaded="71391" inserted="64824" running="681" waiting="6567" ended="64143" arrived="64143" collisions="145" teleports="145" halting="4" stopped="0" meanWaitingTime="1294.48" meanTravelTime="351.22" meanSpeed="17.13" meanSpeedRelative="0.54" duration="6"/>
    <step time="59100.00" loaded="71949" inserted="65331" running="717" waiting="6618" ended="64614" arrived="64614" collisions="145" teleports="145" halting="6" stopped="0" meanWaitingTime="1309.63" meanTravelTime="351.51" meanSpeed="16.83" meanSpeedRelative="0.53" duration="7"/>
    <step time="59400.00" loaded="72508" inserted="65837" running="732" waiting="6671" ended="65105" arrived="65105" collisions="145" teleports="145" halting="6" stopped="0" meanWaitingTime="1325.57" meanTravelTime="352.07" meanSpeed="16.14" meanSpeedRelative="0.50" duration="9"/>
    <step time="59700.00" loaded="73089" inserted="66344" running="731" waiting="6745" ended="65613" arrived="65613" collisions="147" teleports="147" halting="5" stopped="0" meanWaitingTime="1339.43" meanTravelTime="352.73" meanSpeed="15.86" meanSpeedRelative="0.50" duration="6"/>
    <step time="60000.00" loaded="73652" inserted="66831" running="714" waiting="6821" ended="66117" arrived="66117" collisions="149" teleports="149" halting="8" stopped="0" meanWaitingTime="1352.61" meanTravelTime="353.25" meanSpeed="16.36" meanSpeedRelative="0.51" duration="7"/>
    <step time="60300.00" loaded="74200" inserted="67342" running="745" waiting="6858" ended="66597" arrived="66597" collisions="150" teleports="150" halting="9" stopped="0" meanWaitingTime="1367.50" meanTravelTime="353.95" meanSpeed="16.35" meanSpeedRelative="0.51" duration="8"/>
    <step time="60600.00" loaded="74762" inserted="67851" running="774" waiting="6911" ended="67077" arrived="67077" collisions="152" teleports="152" halting="6" stopped="0" meanWaitingTime="1382.37" meanTravelTime="354.50" meanSpeed="16.22" meanSpeedRelative="0.51" duration="10"/>
    <step time="60900.00" loaded="75286" inserted="68368" running="771" waiting="6918" ended="67597" arrived="67597" collisions="152" teleports="152" halting="9" stopped="0" meanWaitingTime="1397.73" meanTravelTime="355.18" meanSpeed="15.53" meanSpeedRelative="0.49" duration="8"/>
    <step time="61200.00" loaded="75875" inserted="68873" running="787" waiting="7002" ended="68086" arrived="68086" collisions="153" teleports="153" halting="5" stopped="0" meanWaitingTime="1412.76" meanTravelTime="355.81" meanSpeed="15.17" meanSpeedRelative="0.47" duration="84"/>
    <step time="61500.00" loaded="75941" inserted="69218" running="652" waiting="6723" ended="68566" arrived="68566" collisions="156" teleports="156" halting="6" stopped="0" meanWaitingTime="1431.09" meanTravelTime="356.73" meanSpeed="16.25" meanSpeedRelative="0.51" duration="7"/>
    <step time="61800.00" loaded="76014" inserted="69579" running="580" waiting="6435" ended="68999" arrived="68999" collisions="157" teleports="157" halting="6" stopped="0" meanWaitingTime="1449.68" meanTravelTime="357.60" meanSpeed="16.03" meanSpeedRelative="0.50" duration="8"/>
    <step time="62100.00" loaded="76087" inserted="69932" running="535" waiting="6155" ended="69397" arrived="69397" collisions="159" teleports="159" halting="8" stopped="0" meanWaitingTime="1468.82" meanTravelTime="358.52" meanSpeed="17.70" meanSpeedRelative="0.55" duration="7"/>
    <step time="62400.00" loaded="76171" inserted="70290" running="508" waiting="5881" ended="69782" arrived="69782" collisions="159" teleports="159" halting="5" stopped="0" meanWaitingTime="1488.07" meanTravelTime="359.08" meanSpeed="17.75" meanSpeedRelative="0.55" duration="6"/>
    <step time="62700.00" loaded="76244" inserted="70628" running="475" waiting="5616" ended="70153" arrived="70153" collisions="162" teleports="162" halting="4" stopped="0" meanWaitingTime="1505.98" meanTravelTime="359.58" meanSpeed="18.13" meanSpeedRelative="0.57" duration="4"/>
    <step time="63000.00" loaded="76311" inserted="70923" running="406" waiting="5388" ended="70517" arrived="70517" collisions="162" teleports="162" halting="6" stopped="0" meanWaitingTime="1525.90" meanTravelTime="359.92" meanSpeed="16.46" meanSpeedRelative="0.51" duration="5"/>
    <step time="63300.00" loaded="76381" inserted="71226" running="358" waiting="5155" ended="70868" arrived="70868" collisions="164" teleports="164" halting="6" stopped="0" meanWaitingTime="1545.08" meanTravelTime="360.08" meanSpeed="17.05" meanSpeedRelative="0.53" duration="5"/>
    <step time="63600.00" loaded="76455" inserted="71486" running="341" waiting="4969" ended="71145" arrived="71145" collisions="165" teleports="165" halting="2" stopped="0" meanWaitingTime="1564.15" meanTravelTime="360.15" meanSpeed="18.24" meanSpeedRelative="0.57" duration="3"/>
    <step time="63900.00" loaded="76515" inserted="71720" running="294" waiting="4795" ended="71426" arrived="71426" collisions="165" teleports="165" halting="5" stopped="0" meanWaitingTime="1581.39" meanTravelTime="360.12" meanSpeed="20.27" meanSpeedRelative="0.63" duration="2"/>
    <step time="64200.00" loaded="76592" inserted="71948" running="259" waiting="4644" ended="71689" arrived="71689" collisions="165" teleports="165" halting="4" stopped="0" meanWaitingTime="1596.75" meanTravelTime="360.19" meanSpeed="20.73" meanSpeedRelative="0.65" duration="4"/>
    <step time="64500.00" loaded="76653" inserted="72178" running="234" waiting="4475" ended="71944" arrived="71944" collisions="165" teleports="165" halting="1" stopped="0" meanWaitingTime="1613.10" meanTravelTime="360.16" meanSpeed="22.34" meanSpeedRelative="0.70" duration="3"/>
    <step time="64800.00" loaded="76747" inserted="72432" running="242" waiting="4315" ended="72190" arrived="72190" collisions="166" teleports="166" halting="6" stopped="0" meanWaitingTime="1629.78" meanTravelTime="360.04" meanSpeed="22.22" meanSpeedRelative="0.69" duration="93"/>
    <step time="65100.00" loaded="76788" inserted="72655" running="221" waiting="4133" ended="72434" arrived="72434" collisions="166" teleports="166" halting="8" stopped="0" meanWaitingTime="1647.03" meanTravelTime="359.90" meanSpeed="21.07" meanSpeedRelative="0.66" duration="3"/>
    <step time="65400.00" loaded="76863" inserted="72885" running="230" waiting="3978" ended="72655" arrived="72655" collisions="166" teleports="166" halting="2" stopped="0" meanWaitingTime="1663.12" meanTravelTime="359.67" meanSpeed="21.51" meanSpeedRelative="0.67" duration="3"/>
    <step time="65700.00" loaded="76923" inserted="73121" running="228" waiting="3802" ended="72893" arrived="72893" collisions="166" teleports="166" halting="3" stopped="0" meanWaitingTime="1679.98" meanTravelTime="359.46" meanSpeed="22.10" meanSpeedRelative="0.69" duration="2"/>
    <step time="66000.00" loaded="76968" inserted="73368" running="251" waiting="3600" ended="73117" arrived="73117" collisions="166" teleports="166" halting="6" stopped="0" meanWaitingTime="1699.86" meanTravelTime="359.24" meanSpeed="21.18" meanSpeedRelative="0.66" duration="2"/>
    <step time="66300.00" loaded="77016" inserted="73581" running="236" waiting="3435" ended="73345" arrived="73345" collisions="166" teleports="166" halting="3" stopped="0" meanWaitingTime="1714.38" meanTravelTime="359.08" meanSpeed="21.79" meanSpeedRelative="0.68" duration="2"/>
    <step time="66600.00" loaded="77069" inserted="73837" running="236" waiting="3232" ended="73601" arrived="73601" collisions="166" teleports="166" halting="3" stopped="0" meanWaitingTime="1730.99" meanTravelTime="358.88" meanSpeed="22.35" meanSpeedRelative="0.70" duration="2"/>
    <step time="66900.00" loaded="77122" inserted="74028" running="174" waiting="3094" ended="73854" arrived="73854" collisions="167" teleports="167" halting="5" stopped="0" meanWaitingTime="1745.94" meanTravelTime="358.61" meanSpeed="21.23" meanSpeedRelative="0.66" duration="2"/>
    <step time="67200.00" loaded="77163" inserted="74195" running="134" waiting="2968" ended="74061" arrived="74061" collisions="167" teleports="167" halting="5" stopped="0" meanWaitingTime="1761.52" meanTravelTime="358.37" meanSpeed="21.03" meanSpeedRelative="0.66" duration="2"/>
    <step time="67500.00" loaded="77216" inserted="74364" running="142" waiting="2852" ended="74222" arrived="74222" collisions="167" teleports="167" halting="3" stopped="0" meanWaitingTime="1775.06" meanTravelTime="358.14" meanSpeed="20.86" meanSpeedRelative="0.65" duration="1"/>
    <step time="67800.00" loaded="77265" inserted="74517" running="123" waiting="2748" ended="74394" arrived="74394" collisions="167" teleports="167" halting="4" stopped="0" meanWaitingTime="1787.27" meanTravelTime="357.94" meanSpeed="21.40" meanSpeedRelative="0.67" duration="1"/>
    <step time="68100.00" loaded="77318" inserted="74686" running="119" waiting="2632" ended="74567" arrived="74567" collisions="167" teleports="167" halting="5" stopped="0" meanWaitingTime="1801.11" meanTravelTime="357.67" meanSpeed="22.22" meanSpeedRelative="0.69" duration="1"/>
    <step time="68400.00" loaded="77363" inserted="74856" running="130" waiting="2507" ended="74726" arrived="74726" collisions="167" teleports="167" halting="4" stopped="0" meanWaitingTime="1815.65" meanTravelTime="357.36" meanSpeed="20.93" meanSpeedRelative="0.65" duration="92"/>
    <step time="68700.00" loaded="77519" inserted="75088" running="169" waiting="2431" ended="74919" arrived="74919" collisions="167" teleports="167" halting="2" stopped="0" meanWaitingTime="1827.06" meanTravelTime="357.02" meanSpeed="22.51" meanSpeedRelative="0.70" duration="1"/>
    <step time="69000.00" loaded="77678" inserted="75309" running="197" waiting="2369" ended="75112" arrived="75112" collisions="167" teleports="167" halting="4" stopped="0" meanWaitingTime="1836.91" meanTravelTime="356.64" meanSpeed="23.21" meanSpeedRelative="0.73" duration="2"/>
    <step time="69300.00" loaded="77821" inserted="75519" running="189" waiting="2302" ended="75330" arrived="75330" collisions="167" teleports="167" halting="6" stopped="0" meanWaitingTime="1847.41" meanTravelTime="356.39" meanSpeed="22.73" meanSpeedRelative="0.71" duration="1"/>
    <step time="69600.00" loaded="77954" inserted="75731" running="185" waiting="2223" ended="75546" arrived="75546" collisions="167" teleports="167" halting="1" stopped="0" meanWaitingTime="1856.84" meanTravelTime="356.14" meanSpeed="22.20" meanSpeedRelative="0.69" duration="4"/>
    <step time="69900.00" loaded="78112" inserted="75969" running="203" waiting="2143" ended="75766" arrived="75766" collisions="168" teleports="168" halting="2" stopped="0" meanWaitingTime="1864.34" meanTravelTime="355.90" meanSpeed="22.38" meanSpeedRelative="0.70" duration="2"/>
    <step time="70200.00" loaded="78259" inserted="76200" running="212" waiting="2059" ended="75988" arrived="75988" collisions="168" teleports="168" halting="7" stopped="0" meanWaitingTime="1871.10" meanTravelTime="355.58" meanSpeed="22.71" meanSpeedRelative="0.71" duration="2"/>
    <step time="70500.00" loaded="78396" inserted="76406" running="174" waiting="1990" ended="76232" arrived="76232" collisions="168" teleports="168" halting="5" stopped="0" meanWaitingTime="1878.72" meanTravelTime="355.26" meanSpeed="22.85" meanSpeedRelative="0.71" duration="1"/>
    <step time="70800.00" loaded="78555" inserted="76572" running="165" waiting="1983" ended="76407" arrived="76407" collisions="168" teleports="168" halting="4" stopped="0" meanWaitingTime="1882.59" meanTravelTime="355.11" meanSpeed="23.00" meanSpeedRelative="0.72" duration="2"/>
    <step time="71100.00" loaded="78702" inserted="76731" running="160" waiting="1971" ended="76571" arrived="76571" collisions="168" teleports="168" halting="3" stopped="0" meanWaitingTime="1886.44" meanTravelTime="355.04" meanSpeed="23.61" meanSpeedRelative="0.74" duration="1"/>
    <step time="71400.00" loaded="78858" inserted="76896" running="167" waiting="1962" ended="76729" arrived="76729" collisions="169" teleports="169" halting="5" stopped="0" meanWaitingTime="1890.51" meanTravelTime="354.95" meanSpeed="22.70" meanSpeedRelative="0.71" duration="2"/>
    <step time="71700.00" loaded="79020" inserted="77060" running="155" waiting="1960" ended="76905" arrived="76905" collisions="170" teleports="170" halting="4" stopped="0" meanWaitingTime="1895.05" meanTravelTime="354.78" meanSpeed="22.61" meanSpeedRelative="0.71" duration="2"/>
    <step time="72000.00" loaded="79167" inserted="77223" running="154" waiting="1944" ended="77069" arrived="77069" collisions="170" teleports="170" halting="3" stopped="0" meanWaitingTime="1899.45" meanTravelTime="354.64" meanSpeed="22.37" meanSpeedRelative="0.70" duration="83"/>
    <step time="72300.00" loaded="79308" inserted="77383" running="166" waiting="1925" ended="77217" arrived="77217" collisions="171" teleports="171" halting="9" stopped="0" meanWaitingTime="1904.10" meanTravelTime="354.55" meanSpeed="22.21" meanSpeedRelative="0.69" duration="1"/>
    <step time="72600.00" loaded="79433" inserted="77531" running="154" waiting="1902" ended="77377" arrived="77377" collisions="171" teleports="171" halting="4" stopped="0" meanWaitingTime="1908.93" meanTravelTime="354.43" meanSpeed="22.11" meanSpeedRelative="0.69" duration="1"/>
    <step time="72900.00" loaded="79586" inserted="77695" running="154" waiting="1891" ended="77541" arrived="77541" collisions="171" teleports="171" halting="3" stopped="0" meanWaitingTime="1912.91" meanTravelTime="354.33" meanSpeed="23.34" meanSpeedRelative="0.73" duration="2"/>
    <step time="73200.00" loaded="79731" inserted="77872" running="167" waiting="1859" ended="77705" arrived="77705" collisions="171" teleports="171" halting="4" stopped="0" meanWaitingTime="1918.66" meanTravelTime="354.18" meanSpeed="22.92" meanSpeedRelative="0.72" duration="1"/>
    <step time="73500.00" loaded="79879" inserted="78038" running="161" waiting="1841" ended="77877" arrived="77877" collisions="171" teleports="171" halting="8" stopped="0" meanWaitingTime="1923.14" meanTravelTime="354.01" meanSpeed="22.78" meanSpeedRelative="0.71" duration="2"/>
    <step time="73800.00" loaded="80025" inserted="78200" running="154" waiting="1825" ended="78046" arrived="78046" collisions="171" teleports="171" halting="4" stopped="0" meanWaitingTime="1927.40" meanTravelTime="353.88" meanSpeed="22.85" meanSpeedRelative="0.71" duration="1"/>
    <step time="74100.00" loaded="80160" inserted="78345" running="145" waiting="1815" ended="78200" arrived="78200" collisions="171" teleports="171" halting="3" stopped="0" meanWaitingTime="1932.58" meanTravelTime="353.78" meanSpeed="23.18" meanSpeedRelative="0.72" duration="1"/>
    <step time="74400.00" loaded="80317" inserted="78515" running="161" waiting="1802" ended="78354" arrived="78354" collisions="171" teleports="171" halting="8" stopped="0" meanWaitingTime="1937.40" meanTravelTime="353.63" meanSpeed="21.54" meanSpeedRelative="0.67" duration="1"/>
    <step time="74700.00" loaded="80441" inserted="78656" running="149" waiting="1785" ended="78507" arrived="78507" collisions="171" teleports="171" halting="6" stopped="0" meanWaitingTime="1943.01" meanTravelTime="353.54" meanSpeed="23.00" meanSpeedRelative="0.72" duration="1"/>
    <step time="75000.00" loaded="80572" inserted="78815" running="133" waiting="1757" ended="78682" arrived="78682" collisions="171" teleports="171" halting="3" stopped="0" meanWaitingTime="1949.06" meanTravelTime="353.37" meanSpeed="21.76" meanSpeedRelative="0.68" duration="1"/>
    <step time="75300.00" loaded="80705" inserted="78962" running="143" waiting="1743" ended="78819" arrived="78819" collisions="171" teleports="171" halting="9" stopped="0" meanWaitingTime="1955.47" meanTravelTime="353.26" meanSpeed="21.52" meanSpeedRelative="0.67" duration="1"/>
    <step time="75600.00" loaded="80841" inserted="79116" running="159" waiting="1725" ended="78957" arrived="78957" collisions="171" teleports="171" halting="4" stopped="0" meanWaitingTime="1960.82" meanTravelTime="353.08" meanSpeed="22.85" meanSpeedRelative="0.71" duration="82"/>
    <step time="75900.00" loaded="81035" inserted="79307" running="178" waiting="1728" ended="79129" arrived="79129" collisions="171" teleports="171" halting="10" stopped="0" meanWaitingTime="1965.53" meanTravelTime="352.89" meanSpeed="22.11" meanSpeedRelative="0.69" duration="1"/>
    <step time="76200.00" loaded="81208" inserted="79483" running="161" waiting="1725" ended="79322" arrived="79322" collisions="171" teleports="171" halting="7" stopped="0" meanWaitingTime="1970.73" meanTravelTime="352.75" meanSpeed="22.73" meanSpeedRelative="0.71" duration="1"/>
    <step time="76500.00" loaded="81404" inserted="79686" running="183" waiting="1718" ended="79503" arrived="79503" collisions="171" teleports="171" halting="3" stopped="0" meanWaitingTime="1975.95" meanTravelTime="352.55" meanSpeed="23.05" meanSpeedRelative="0.72" duration="2"/>
    <step time="76800.00" loaded="81586" inserted="79874" running="178" waiting="1712" ended="79696" arrived="79696" collisions="171" teleports="171" halting="7" stopped="0" meanWaitingTime="1981.61" meanTravelTime="352.38" meanSpeed="22.22" meanSpeedRelative="0.69" duration="1"/>
    <step time="77100.00" loaded="81797" inserted="80083" running="185" waiting="1714" ended="79898" arrived="79898" collisions="173" teleports="173" halting="5" stopped="0" meanWaitingTime="1986.23" meanTravelTime="352.22" meanSpeed="23.75" meanSpeedRelative="0.74" duration="2"/>
    <step time="77400.00" loaded="81995" inserted="80287" running="188" waiting="1708" ended="80099" arrived="80099" collisions="173" teleports="173" halting="1" stopped="0" meanWaitingTime="1991.69" meanTravelTime="352.03" meanSpeed="22.96" meanSpeedRelative="0.72" duration="2"/>
    <step time="77700.00" loaded="82177" inserted="80481" running="185" waiting="1696" ended="80296" arrived="80296" collisions="174" teleports="174" halting="2" stopped="0" meanWaitingTime="1997.07" meanTravelTime="351.81" meanSpeed="23.28" meanSpeedRelative="0.73" duration="2"/>
    <step time="78000.00" loaded="82399" inserted="80706" running="218" waiting="1693" ended="80488" arrived="80488" collisions="175" teleports="175" halting="2" stopped="0" meanWaitingTime="2001.52" meanTravelTime="351.67" meanSpeed="23.39" meanSpeedRelative="0.73" duration="2"/>
    <step time="78300.00" loaded="82605" inserted="80918" running="206" waiting="1687" ended="80712" arrived="80712" collisions="175" teleports="175" halting="5" stopped="0" meanWaitingTime="2007.28" meanTravelTime="351.48" meanSpeed="23.32" meanSpeedRelative="0.73" duration="1"/>
    <step time="78600.00" loaded="82819" inserted="81144" running="217" waiting="1675" ended="80927" arrived="80927" collisions="175" teleports="175" halting="6" stopped="0" meanWaitingTime="2012.71" meanTravelTime="351.27" meanSpeed="22.70" meanSpeedRelative="0.71" duration="2"/>
    <step time="78900.00" loaded="82995" inserted="81341" running="198" waiting="1654" ended="81143" arrived="81143" collisions="175" teleports="175" halting="3" stopped="0" meanWaitingTime="2017.92" meanTravelTime="351.13" meanSpeed="23.18" meanSpeedRelative="0.72" duration="1"/>
    <step time="79200.00" loaded="83180" inserted="81522" running="191" waiting="1658" ended="81331" arrived="81331" collisions="175" teleports="175" halting="6" stopped="0" meanWaitingTime="2024.33" meanTravelTime="351.06" meanSpeed="23.28" meanSpeedRelative="0.73" duration="82"/>
    <step time="79500.00" loaded="83350" inserted="81698" running="171" waiting="1652" ended="81527" arrived="81527" collisions="175" teleports="175" halting="1" stopped="0" meanWaitingTime="2030.34" meanTravelTime="350.96" meanSpeed="22.31" meanSpeedRelative="0.70" duration="1"/>
    <step time="79800.00" loaded="83529" inserted="81889" running="165" waiting="1640" ended="81724" arrived="81724" collisions="175" teleports="175" halting="6" stopped="0" meanWaitingTime="2035.17" meanTravelTime="350.79" meanSpeed="22.77" meanSpeedRelative="0.71" duration="2"/>
    <step time="80100.00" loaded="83706" inserted="82072" running="176" waiting="1634" ended="81896" arrived="81896" collisions="175" teleports="175" halting="4" stopped="0" meanWaitingTime="2040.72" meanTravelTime="350.65" meanSpeed="23.55" meanSpeedRelative="0.74" duration="1"/>
    <step time="80400.00" loaded="83884" inserted="82256" running="178" waiting="1628" ended="82078" arrived="82078" collisions="175" teleports="175" halting="8" stopped="0" meanWaitingTime="2045.67" meanTravelTime="350.48" meanSpeed="21.75" meanSpeedRelative="0.68" duration="1"/>
    <step time="80700.00" loaded="84064" inserted="82441" running="178" waiting="1623" ended="82263" arrived="82263" collisions="175" teleports="175" halting="4" stopped="0" meanWaitingTime="2050.24" meanTravelTime="350.37" meanSpeed="22.94" meanSpeedRelative="0.72" duration="2"/>
    <step time="81000.00" loaded="84245" inserted="82623" running="176" waiting="1622" ended="82447" arrived="82447" collisions="175" teleports="175" halting="6" stopped="0" meanWaitingTime="2054.74" meanTravelTime="350.25" meanSpeed="22.67" meanSpeedRelative="0.71" duration="2"/>
    <step time="81300.00" loaded="84416" inserted="82809" running="167" waiting="1607" ended="82642" arrived="82642" collisions="175" teleports="175" halting="5" stopped="0" meanWaitingTime="2059.14" meanTravelTime="350.12" meanSpeed="23.05" meanSpeedRelative="0.72" duration="2"/>
    <step time="81600.00" loaded="84566" inserted="82985" running="169" waiting="1581" ended="82816" arrived="82816" collisions="175" teleports="175" halting="0" stopped="0" meanWaitingTime="2063.13" meanTravelTime="349.93" meanSpeed="23.45" meanSpeedRelative="0.73" duration="3"/>
    <step time="81900.00" loaded="84723" inserted="83148" running="168" waiting="1575" ended="82980" arrived="82980" collisions="175" teleports="175" halting="3" stopped="0" meanWaitingTime="2066.89" meanTravelTime="349.86" meanSpeed="23.22" meanSpeedRelative="0.73" duration="2"/>
    <step time="82200.00" loaded="84884" inserted="83309" running="161" waiting="1575" ended="83148" arrived="83148" collisions="175" teleports="175" halting="6" stopped="0" meanWaitingTime="2070.52" meanTravelTime="349.76" meanSpeed="22.78" meanSpeedRelative="0.71" duration="2"/>
    <step time="82500.00" loaded="85056" inserted="83485" running="174" waiting="1571" ended="83311" arrived="83311" collisions="176" teleports="176" halting="4" stopped="0" meanWaitingTime="2073.13" meanTravelTime="349.67" meanSpeed="22.37" meanSpeedRelative="0.70" duration="1"/>
</summary>
