<?xml version="1.0" encoding="UTF-8"?>

<!-- generated on 2025-08-07 21:24:37 by Eclipse SUMO sumo Version 1.23.1
<sumoConfiguration xmlns:xsi="http://www.w3.org/2001/XMLSchema-instance" xsi:noNamespaceSchemaLocation="http://sumo.dlr.de/xsd/sumoConfiguration.xsd">

    <input>
        <net-file value="Desktop\Master Thesis\Network_fin.net.xml"/>
        <route-files value="Desktop\Master Thesis\demand_model_amsterdam.rou.xml"/>
        <additional-files value="Desktop\Master Thesis\Additionnal.add.xml"/>
    </input>

    <output>
        <summary-output value="outputf/summary_coor_alinea_1neigh_method1_K80_target5_72390.xml"/>
        <summary-output.period value="300"/>
        <tripinfo-output value="outputf/tripinfo_coor_alinea_1neigh_method1_K80_target5_72390.xml"/>
    </output>

    <time>
        <begin value="0"/>
        <end value="82800"/>
        <step-length value="1"/>
    </time>

    <processing>
        <time-to-teleport value="-1"/>
    </processing>

    <report>
        <verbose value="true"/>
        <no-step-log value="true"/>
    </report>

    <emissions>
        <device.emissions.period value="10"/>
    </emissions>

    <traci_server>
        <remote-port value="65085"/>
    </traci_server>

    <random_number>
        <seed value="72390"/>
    </random_number>

</sumoConfiguration>
-->

<summary xmlns:xsi="http://www.w3.org/2001/XMLSchema-instance" xsi:noNamespaceSchemaLocation="http://sumo.dlr.de/xsd/summary_file.xsd">
    <step time="0.00" loaded="1" inserted="1" running="1" waiting="0" ended="0" arrived="0" collisions="0" teleports="0" halting="1" stopped="0" meanWaitingTime="0.00" meanTravelTime="-1.00" meanSpeed="0.00" meanSpeedRelative="0.00" duration="0"/>
    <step time="300.00" loaded="188" inserted="188" running="115" waiting="0" ended="73" arrived="73" collisions="0" teleports="0" halting="0" stopped="0" meanWaitingTime="0.41" meanTravelTime="90.78" meanSpeed="25.29" meanSpeedRelative="0.79" duration="0"/>
    <step time="600.00" loaded="368" inserted="368" running="162" waiting="0" ended="206" arrived="206" collisions="0" teleports="0" halting="0" stopped="0" meanWaitingTime="0.37" meanTravelTime="151.39" meanSpeed="25.51" meanSpeedRelative="0.80" duration="1"/>
    <step time="900.00" loaded="533" inserted="533" running="152" waiting="0" ended="381" arrived="381" collisions="0" teleports="0" halting="0" stopped="0" meanWaitingTime="0.38" meanTravelTime="199.27" meanSpeed="24.81" meanSpeedRelative="0.78" duration="1"/>
    <step time="1200.00" loaded="720" inserted="720" running="164" waiting="0" ended="556" arrived="556" collisions="1" teleports="1" halting="0" stopped="0" meanWaitingTime="0.36" meanTravelTime="216.79" meanSpeed="25.44" meanSpeedRelative="0.79" duration="1"/>
    <step time="1500.00" loaded="905" inserted="905" running="149" waiting="0" ended="756" arrived="756" collisions="1" teleports="1" halting="0" stopped="0" meanWaitingTime="0.43" meanTravelTime="226.28" meanSpeed="25.55" meanSpeedRelative="0.80" duration="2"/>
    <step time="1800.00" loaded="1069" inserted="1069" running="142" waiting="0" ended="927" arrived="927" collisions="2" teleports="2" halting="0" stopped="0" meanWaitingTime="0.43" meanTravelTime="238.38" meanSpeed="25.99" meanSpeedRelative="0.81" duration="1"/>
    <step time="2100.00" loaded="1244" inserted="1244" running="144" waiting="0" ended="1100" arrived="1100" collisions="2" teleports="2" halting="0" stopped="0" meanWaitingTime="0.41" meanTravelTime="240.77" meanSpeed="26.35" meanSpeedRelative="0.82" duration="0"/>
    <step time="2400.00" loaded="1438" inserted="1437" running="146" waiting="1" ended="1291" arrived="1291" collisions="2" teleports="2" halting="2" stopped="0" meanWaitingTime="0.41" meanTravelTime="244.56" meanSpeed="24.21" meanSpeedRelative="0.76" duration="1"/>
    <step time="2700.00" loaded="1610" inserted="1610" running="150" waiting="0" ended="1460" arrived="1460" collisions="2" teleports="2" halting="3" stopped="0" meanWaitingTime="0.41" meanTravelTime="243.48" meanSpeed="25.50" meanSpeedRelative="0.80" duration="1"/>
    <step time="3000.00" loaded="1799" inserted="1799" running="147" waiting="0" ended="1652" arrived="1652" collisions="2" teleports="2" halting="1" stopped="0" meanWaitingTime="0.42" meanTravelTime="241.81" meanSpeed="24.77" meanSpeedRelative="0.77" duration="1"/>
    <step time="3300.00" loaded="2004" inserted="1995" running="173" waiting="9" ended="1822" arrived="1822" collisions="2" teleports="2" halting="2" stopped="0" meanWaitingTime="0.69" meanTravelTime="244.14" meanSpeed="24.31" meanSpeedRelative="0.76" duration="1"/>
    <step time="3600.00" loaded="2170" inserted="2143" running="143" waiting="27" ended="2000" arrived="2000" collisions="2" teleports="2" halting="5" stopped="0" meanWaitingTime="1.94" meanTravelTime="247.32" meanSpeed="24.15" meanSpeedRelative="0.75" duration="85"/>
    <step time="3900.00" loaded="2281" inserted="2261" running="106" waiting="20" ended="2155" arrived="2155" collisions="2" teleports="2" halting="1" stopped="0" meanWaitingTime="4.67" meanTravelTime="252.62" meanSpeed="25.63" meanSpeedRelative="0.80" duration="0"/>
    <step time="4200.00" loaded="2402" inserted="2392" running="112" waiting="10" ended="2280" arrived="2280" collisions="2" teleports="2" halting="2" stopped="0" meanWaitingTime="7.38" meanTravelTime="254.06" meanSpeed="24.49" meanSpeedRelative="0.77" duration="1"/>
    <step time="4500.00" loaded="2493" inserted="2488" running="99" waiting="5" ended="2389" arrived="2389" collisions="2" teleports="2" halting="5" stopped="0" meanWaitingTime="8.32" meanTravelTime="255.41" meanSpeed="24.88" meanSpeedRelative="0.78" duration="0"/>
    <step time="4800.00" loaded="2604" inserted="2603" running="107" waiting="1" ended="2496" arrived="2496" collisions="2" teleports="2" halting="5" stopped="0" meanWaitingTime="8.32" meanTravelTime="257.08" meanSpeed="24.30" meanSpeedRelative="0.76" duration="1"/>
    <step time="5100.00" loaded="2720" inserted="2720" running="90" waiting="0" ended="2630" arrived="2630" collisions="2" teleports="2" halting="3" stopped="0" meanWaitingTime="7.98" meanTravelTime="257.58" meanSpeed="25.11" meanSpeedRelative="0.78" duration="0"/>
    <step time="5400.00" loaded="2823" inserted="2823" running="86" waiting="0" ended="2737" arrived="2737" collisions="2" teleports="2" halting="0" stopped="0" meanWaitingTime="7.70" meanTravelTime="259.13" meanSpeed="25.18" meanSpeedRelative="0.79" duration="1"/>
    <step time="5700.00" loaded="2925" inserted="2925" running="72" waiting="0" ended="2853" arrived="2853" collisions="2" teleports="2" halting="0" stopped="0" meanWaitingTime="7.44" meanTravelTime="256.34" meanSpeed="26.07" meanSpeedRelative="0.81" duration="1"/>
    <step time="6000.00" loaded="3024" inserted="3024" running="80" waiting="0" ended="2944" arrived="2944" collisions="2" teleports="2" halting="0" stopped="0" meanWaitingTime="7.20" meanTravelTime="256.45" meanSpeed="26.38" meanSpeedRelative="0.82" duration="0"/>
    <step time="6300.00" loaded="3119" inserted="3119" running="83" waiting="0" ended="3036" arrived="3036" collisions="2" teleports="2" halting="0" stopped="0" meanWaitingTime="6.98" meanTravelTime="256.39" meanSpeed="26.29" meanSpeedRelative="0.82" duration="1"/>
    <step time="6600.00" loaded="3242" inserted="3242" running="102" waiting="0" ended="3140" arrived="3140" collisions="2" teleports="2" halting="0" stopped="0" meanWaitingTime="6.73" meanTravelTime="256.45" meanSpeed="25.36" meanSpeedRelative="0.79" duration="1"/>
    <step time="6900.00" loaded="3342" inserted="3342" running="106" waiting="0" ended="3236" arrived="3236" collisions="2" teleports="2" halting="0" stopped="0" meanWaitingTime="6.53" meanTravelTime="256.82" meanSpeed="25.79" meanSpeedRelative="0.81" duration="1"/>
    <step time="7200.00" loaded="3460" inserted="3460" running="99" waiting="0" ended="3361" arrived="3361" collisions="3" teleports="3" halting="1" stopped="0" meanWaitingTime="6.31" meanTravelTime="257.65" meanSpeed="25.29" meanSpeedRelative="0.79" duration="86"/>
    <step time="7500.00" loaded="3604" inserted="3602" running="123" waiting="2" ended="3479" arrived="3479" collisions="3" teleports="3" halting="2" stopped="0" meanWaitingTime="6.17" meanTravelTime="257.21" meanSpeed="25.01" meanSpeedRelative="0.78" duration="0"/>
    <step time="7800.00" loaded="3779" inserted="3762" running="145" waiting="17" ended="3617" arrived="3617" collisions="3" teleports="3" halting="8" stopped="0" meanWaitingTime="6.47" meanTravelTime="257.18" meanSpeed="23.91" meanSpeedRelative="0.75" duration="1"/>
    <step time="8100.00" loaded="3929" inserted="3907" running="131" waiting="22" ended="3776" arrived="3776" collisions="3" teleports="3" halting="1" stopped="0" meanWaitingTime="7.43" meanTravelTime="256.83" meanSpeed="24.88" meanSpeedRelative="0.78" duration="1"/>
    <step time="8400.00" loaded="4074" inserted="4050" running="114" waiting="24" ended="3936" arrived="3936" collisions="3" teleports="3" halting="1" stopped="0" meanWaitingTime="8.79" meanTravelTime="257.31" meanSpeed="25.95" meanSpeedRelative="0.81" duration="1"/>
    <step time="8700.00" loaded="4230" inserted="4207" running="135" waiting="23" ended="4072" arrived="4072" collisions="3" teleports="3" halting="3" stopped="0" meanWaitingTime="9.92" meanTravelTime="256.69" meanSpeed="23.99" meanSpeedRelative="0.75" duration="1"/>
    <step time="9000.00" loaded="4386" inserted="4361" running="139" waiting="25" ended="4222" arrived="4222" collisions="3" teleports="3" halting="4" stopped="0" meanWaitingTime="11.17" meanTravelTime="256.68" meanSpeed="24.58" meanSpeedRelative="0.77" duration="1"/>
    <step time="9300.00" loaded="4560" inserted="4527" running="142" waiting="33" ended="4385" arrived="4385" collisions="3" teleports="3" halting="0" stopped="0" meanWaitingTime="12.30" meanTravelTime="257.48" meanSpeed="23.52" meanSpeedRelative="0.73" duration="1"/>
    <step time="9600.00" loaded="4706" inserted="4674" running="139" waiting="32" ended="4535" arrived="4535" collisions="3" teleports="3" halting="3" stopped="0" meanWaitingTime="13.94" meanTravelTime="257.50" meanSpeed="24.20" meanSpeedRelative="0.76" duration="1"/>
    <step time="9900.00" loaded="4847" inserted="4805" running="102" waiting="42" ended="4703" arrived="4703" collisions="3" teleports="3" halting="0" stopped="0" meanWaitingTime="15.36" meanTravelTime="258.13" meanSpeed="23.66" meanSpeedRelative="0.74" duration="1"/>
    <step time="10200.00" loaded="4993" inserted="4954" running="125" waiting="39" ended="4829" arrived="4829" collisions="3" teleports="3" halting="1" stopped="0" meanWaitingTime="17.19" meanTravelTime="257.00" meanSpeed="24.60" meanSpeedRelative="0.77" duration="1"/>
    <step time="10500.00" loaded="5126" inserted="5086" running="114" waiting="40" ended="4972" arrived="4972" collisions="3" teleports="3" halting="2" stopped="0" meanWaitingTime="19.35" meanTravelTime="256.63" meanSpeed="24.79" meanSpeedRelative="0.77" duration="1"/>
    <step time="10800.00" loaded="5278" inserted="5236" running="134" waiting="42" ended="5102" arrived="5102" collisions="3" teleports="3" halting="1" stopped="0" meanWaitingTime="20.72" meanTravelTime="257.06" meanSpeed="24.35" meanSpeedRelative="0.76" duration="89"/>
    <step time="11100.00" loaded="5418" inserted="5381" running="121" waiting="37" ended="5260" arrived="5260" collisions="3" teleports="3" halting="1" stopped="0" meanWaitingTime="22.49" meanTravelTime="256.93" meanSpeed="24.19" meanSpeedRelative="0.76" duration="1"/>
    <step time="11400.00" loaded="5571" inserted="5523" running="107" waiting="48" ended="5416" arrived="5416" collisions="3" teleports="3" halting="2" stopped="0" meanWaitingTime="24.04" meanTravelTime="256.82" meanSpeed="23.60" meanSpeedRelative="0.74" duration="0"/>
    <step time="11700.00" loaded="5728" inserted="5669" running="109" waiting="59" ended="5560" arrived="5560" collisions="3" teleports="3" halting="0" stopped="0" meanWaitingTime="25.32" meanTravelTime="255.88" meanSpeed="24.13" meanSpeedRelative="0.75" duration="1"/>
    <step time="12000.00" loaded="5865" inserted="5814" running="106" waiting="51" ended="5708" arrived="5708" collisions="3" teleports="3" halting="2" stopped="0" meanWaitingTime="27.56" meanTravelTime="254.87" meanSpeed="24.92" meanSpeedRelative="0.78" duration="0"/>
    <step time="12300.00" loaded="6016" inserted="5953" running="104" waiting="63" ended="5849" arrived="5849" collisions="3" teleports="3" halting="2" stopped="0" meanWaitingTime="29.55" meanTravelTime="254.33" meanSpeed="24.69" meanSpeedRelative="0.77" duration="0"/>
    <step time="12600.00" loaded="6178" inserted="6105" running="103" waiting="73" ended="6002" arrived="6002" collisions="3" teleports="3" halting="0" stopped="0" meanWaitingTime="31.08" meanTravelTime="253.92" meanSpeed="24.44" meanSpeedRelative="0.76" duration="1"/>
    <step time="12900.00" loaded="6326" inserted="6243" running="97" waiting="83" ended="6146" arrived="6146" collisions="3" teleports="3" halting="7" stopped="0" meanWaitingTime="33.01" meanTravelTime="252.81" meanSpeed="22.88" meanSpeedRelative="0.72" duration="1"/>
    <step time="13200.00" loaded="6474" inserted="6381" running="107" waiting="93" ended="6274" arrived="6274" collisions="3" teleports="3" halting="1" stopped="0" meanWaitingTime="35.26" meanTravelTime="252.39" meanSpeed="23.99" meanSpeedRelative="0.75" duration="1"/>
    <step time="13500.00" loaded="6622" inserted="6531" running="123" waiting="91" ended="6408" arrived="6408" collisions="3" teleports="3" halting="1" stopped="0" meanWaitingTime="38.04" meanTravelTime="252.00" meanSpeed="25.01" meanSpeedRelative="0.78" duration="0"/>
    <step time="13800.00" loaded="6751" inserted="6666" running="105" waiting="85" ended="6561" arrived="6561" collisions="3" teleports="3" halting="5" stopped="0" meanWaitingTime="40.54" meanTravelTime="251.44" meanSpeed="23.80" meanSpeedRelative="0.74" duration="0"/>
    <step time="14100.00" loaded="6912" inserted="6817" running="108" waiting="95" ended="6709" arrived="6709" collisions="3" teleports="3" halting="0" stopped="0" meanWaitingTime="43.24" meanTravelTime="251.10" meanSpeed="24.00" meanSpeedRelative="0.75" duration="0"/>
    <step time="14400.00" loaded="7065" inserted="6972" running="119" waiting="93" ended="6853" arrived="6853" collisions="3" teleports="3" halting="2" stopped="0" meanWaitingTime="46.43" meanTravelTime="250.15" meanSpeed="23.31" meanSpeedRelative="0.73" duration="86"/>
    <step time="14700.00" loaded="7163" inserted="7071" running="94" waiting="92" ended="6977" arrived="6977" collisions="3" teleports="3" halting="2" stopped="0" meanWaitingTime="49.03" meanTravelTime="250.07" meanSpeed="23.72" meanSpeedRelative="0.74" duration="0"/>
    <step time="15000.00" loaded="7276" inserted="7181" running="93" waiting="95" ended="7088" arrived="7088" collisions="3" teleports="3" halting="1" stopped="0" meanWaitingTime="51.76" meanTravelTime="250.35" meanSpeed="24.10" meanSpeedRelative="0.75" duration="1"/>
    <step time="15300.00" loaded="7389" inserted="7298" running="84" waiting="91" ended="7214" arrived="7214" collisions="3" teleports="3" halting="2" stopped="0" meanWaitingTime="54.74" meanTravelTime="250.47" meanSpeed="24.48" meanSpeedRelative="0.77" duration="0"/>
    <step time="15600.00" loaded="7490" inserted="7401" running="80" waiting="89" ended="7321" arrived="7321" collisions="3" teleports="3" halting="4" stopped="0" meanWaitingTime="57.98" meanTravelTime="250.02" meanSpeed="24.31" meanSpeedRelative="0.76" duration="1"/>
    <step time="15900.00" loaded="7599" inserted="7503" running="79" waiting="96" ended="7424" arrived="7424" collisions="3" teleports="3" halting="1" stopped="0" meanWaitingTime="60.44" meanTravelTime="249.75" meanSpeed="23.84" meanSpeedRelative="0.75" duration="1"/>
    <step time="16200.00" loaded="7703" inserted="7615" running="77" waiting="88" ended="7538" arrived="7538" collisions="3" teleports="3" halting="0" stopped="0" meanWaitingTime="63.21" meanTravelTime="249.22" meanSpeed="25.37" meanSpeedRelative="0.79" duration="0"/>
    <step time="16500.00" loaded="7809" inserted="7723" running="76" waiting="86" ended="7647" arrived="7647" collisions="3" teleports="3" halting="3" stopped="0" meanWaitingTime="65.59" meanTravelTime="249.21" meanSpeed="24.48" meanSpeedRelative="0.76" duration="1"/>
    <step time="16800.00" loaded="7897" inserted="7811" running="72" waiting="86" ended="7739" arrived="7739" collisions="3" teleports="3" halting="3" stopped="0" meanWaitingTime="68.64" meanTravelTime="249.04" meanSpeed="24.59" meanSpeedRelative="0.77" duration="0"/>
    <step time="17100.00" loaded="7998" inserted="7914" running="79" waiting="84" ended="7835" arrived="7835" collisions="3" teleports="3" halting="5" stopped="0" meanWaitingTime="70.96" meanTravelTime="248.46" meanSpeed="23.80" meanSpeedRelative="0.74" duration="1"/>
    <step time="17400.00" loaded="8113" inserted="8027" running="78" waiting="86" ended="7949" arrived="7949" collisions="3" teleports="3" halting="0" stopped="0" meanWaitingTime="73.30" meanTravelTime="248.00" meanSpeed="24.12" meanSpeedRelative="0.75" duration="1"/>
    <step time="17700.00" loaded="8219" inserted="8136" running="81" waiting="83" ended="8055" arrived="8055" collisions="3" teleports="3" halting="1" stopped="0" meanWaitingTime="75.65" meanTravelTime="248.10" meanSpeed="24.75" meanSpeedRelative="0.77" duration="1"/>
    <step time="18000.00" loaded="8317" inserted="8241" running="75" waiting="76" ended="8166" arrived="8166" collisions="3" teleports="3" halting="4" stopped="0" meanWaitingTime="78.27" meanTravelTime="247.99" meanSpeed="24.20" meanSpeedRelative="0.76" duration="80"/>
    <step time="18300.00" loaded="8506" inserted="8415" running="114" waiting="91" ended="8301" arrived="8301" collisions="3" teleports="3" halting="2" stopped="0" meanWaitingTime="79.71" meanTravelTime="246.90" meanSpeed="24.05" meanSpeedRelative="0.75" duration="0"/>
    <step time="18600.00" loaded="8706" inserted="8596" running="141" waiting="110" ended="8455" arrived="8455" collisions="3" teleports="3" halting="2" stopped="0" meanWaitingTime="81.30" meanTravelTime="246.20" meanSpeed="24.75" meanSpeedRelative="0.77" duration="1"/>
    <step time="18900.00" loaded="8885" inserted="8769" running="135" waiting="116" ended="8634" arrived="8634" collisions="3" teleports="3" halting="3" stopped="0" meanWaitingTime="82.23" meanTravelTime="246.27" meanSpeed="24.80" meanSpeedRelative="0.78" duration="1"/>
    <step time="19200.00" loaded="9054" inserted="8932" running="124" waiting="122" ended="8808" arrived="8808" collisions="3" teleports="3" halting="0" stopped="0" meanWaitingTime="83.76" meanTravelTime="245.65" meanSpeed="24.71" meanSpeedRelative="0.77" duration="1"/>
    <step time="19500.00" loaded="9242" inserted="9110" running="153" waiting="132" ended="8957" arrived="8957" collisions="3" teleports="3" halting="3" stopped="0" meanWaitingTime="85.40" meanTravelTime="245.64" meanSpeed="24.40" meanSpeedRelative="0.76" duration="1"/>
    <step time="19800.00" loaded="9456" inserted="9314" running="158" waiting="142" ended="9156" arrived="9156" collisions="5" teleports="5" halting="7" stopped="0" meanWaitingTime="87.23" meanTravelTime="245.27" meanSpeed="23.12" meanSpeedRelative="0.72" duration="1"/>
    <step time="20100.00" loaded="9666" inserted="9505" running="162" waiting="161" ended="9343" arrived="9343" collisions="5" teleports="5" halting="1" stopped="0" meanWaitingTime="89.05" meanTravelTime="245.19" meanSpeed="24.69" meanSpeedRelative="0.77" duration="1"/>
    <step time="20400.00" loaded="9859" inserted="9687" running="147" waiting="172" ended="9540" arrived="9540" collisions="5" teleports="5" halting="2" stopped="0" meanWaitingTime="91.25" meanTravelTime="245.35" meanSpeed="24.40" meanSpeedRelative="0.76" duration="1"/>
    <step time="20700.00" loaded="10056" inserted="9863" running="160" waiting="193" ended="9703" arrived="9703" collisions="5" teleports="5" halting="3" stopped="0" meanWaitingTime="93.13" meanTravelTime="245.35" meanSpeed="23.49" meanSpeedRelative="0.73" duration="1"/>
    <step time="21000.00" loaded="10294" inserted="10077" running="176" waiting="217" ended="9901" arrived="9901" collisions="5" teleports="5" halting="1" stopped="0" meanWaitingTime="95.18" meanTravelTime="245.74" meanSpeed="23.33" meanSpeedRelative="0.73" duration="2"/>
    <step time="21300.00" loaded="10479" inserted="10248" running="145" waiting="231" ended="10103" arrived="10103" collisions="5" teleports="5" halting="4" stopped="0" meanWaitingTime="97.75" meanTravelTime="245.46" meanSpeed="24.45" meanSpeedRelative="0.76" duration="1"/>
    <step time="21600.00" loaded="10670" inserted="10432" running="145" waiting="238" ended="10287" arrived="10287" collisions="5" teleports="5" halting="0" stopped="0" meanWaitingTime="99.83" meanTravelTime="245.60" meanSpeed="24.37" meanSpeedRelative="0.76" duration="80"/>
    <step time="21900.00" loaded="11117" inserted="10812" running="297" waiting="305" ended="10515" arrived="10515" collisions="5" teleports="5" halting="7" stopped="0" meanWaitingTime="103.07" meanTravelTime="244.63" meanSpeed="22.41" meanSpeedRelative="0.70" duration="2"/>
    <step time="22200.00" loaded="11537" inserted="11173" running="333" waiting="364" ended="10840" arrived="10840" collisions="5" teleports="5" halting="4" stopped="0" meanWaitingTime="107.79" meanTravelTime="244.35" meanSpeed="22.83" meanSpeedRelative="0.71" duration="2"/>
    <step time="22500.00" loaded="12024" inserted="11572" running="378" waiting="452" ended="11194" arrived="11194" collisions="6" teleports="6" halting="2" stopped="0" meanWaitingTime="112.97" meanTravelTime="245.37" meanSpeed="21.50" meanSpeedRelative="0.67" duration="3"/>
    <step time="22800.00" loaded="12478" inserted="11955" running="385" waiting="523" ended="11570" arrived="11570" collisions="6" teleports="6" halting="5" stopped="0" meanWaitingTime="118.29" meanTravelTime="246.67" meanSpeed="21.00" meanSpeedRelative="0.66" duration="2"/>
    <step time="23100.00" loaded="12980" inserted="12365" running="385" waiting="615" ended="11980" arrived="11980" collisions="6" teleports="6" halting="4" stopped="0" meanWaitingTime="123.34" meanTravelTime="248.49" meanSpeed="21.26" meanSpeedRelative="0.66" duration="2"/>
    <step time="23400.00" loaded="13458" inserted="12771" running="415" waiting="687" ended="12356" arrived="12356" collisions="6" teleports="6" halting="8" stopped="0" meanWaitingTime="129.67" meanTravelTime="249.92" meanSpeed="20.72" meanSpeedRelative="0.65" duration="3"/>
    <step time="23700.00" loaded="13920" inserted="13165" running="417" waiting="755" ended="12748" arrived="12748" collisions="6" teleports="6" halting="8" stopped="0" meanWaitingTime="136.26" meanTravelTime="251.26" meanSpeed="20.74" meanSpeedRelative="0.65" duration="4"/>
    <step time="24000.00" loaded="14406" inserted="13555" running="416" waiting="851" ended="13139" arrived="13139" collisions="7" teleports="7" halting="2" stopped="0" meanWaitingTime="142.67" meanTravelTime="252.93" meanSpeed="21.00" meanSpeedRelative="0.66" duration="3"/>
    <step time="24300.00" loaded="14870" inserted="13966" running="435" waiting="904" ended="13531" arrived="13531" collisions="7" teleports="7" halting="8" stopped="0" meanWaitingTime="151.23" meanTravelTime="255.38" meanSpeed="21.29" meanSpeedRelative="0.67" duration="3"/>
    <step time="24600.00" loaded="15334" inserted="14341" running="410" waiting="993" ended="13931" arrived="13931" collisions="8" teleports="8" halting="9" stopped="0" meanWaitingTime="159.80" meanTravelTime="257.43" meanSpeed="20.92" meanSpeedRelative="0.65" duration="2"/>
    <step time="24900.00" loaded="15789" inserted="14709" running="394" waiting="1080" ended="14315" arrived="14315" collisions="10" teleports="10" halting="6" stopped="0" meanWaitingTime="168.33" meanTravelTime="259.23" meanSpeed="21.99" meanSpeedRelative="0.69" duration="2"/>
    <step time="25200.00" loaded="16242" inserted="15122" running="435" waiting="1120" ended="14687" arrived="14687" collisions="10" teleports="10" halting="3" stopped="0" meanWaitingTime="178.29" meanTravelTime="260.32" meanSpeed="20.58" meanSpeedRelative="0.64" duration="85"/>
    <step time="25500.00" loaded="16808" inserted="15556" running="466" waiting="1252" ended="15090" arrived="15090" collisions="11" teleports="11" halting="10" stopped="0" meanWaitingTime="188.96" meanTravelTime="262.11" meanSpeed="20.44" meanSpeedRelative="0.64" duration="3"/>
    <step time="25800.00" loaded="17399" inserted="16017" running="523" waiting="1382" ended="15494" arrived="15494" collisions="11" teleports="11" halting="1" stopped="0" meanWaitingTime="200.67" meanTravelTime="263.71" meanSpeed="19.76" meanSpeedRelative="0.62" duration="3"/>
    <step time="26100.00" loaded="18003" inserted="16478" running="527" waiting="1525" ended="15951" arrived="15951" collisions="13" teleports="13" halting="5" stopped="0" meanWaitingTime="213.71" meanTravelTime="266.16" meanSpeed="19.85" meanSpeedRelative="0.62" duration="3"/>
    <step time="26400.00" loaded="18562" inserted="16918" running="507" waiting="1644" ended="16411" arrived="16411" collisions="15" teleports="15" halting="4" stopped="0" meanWaitingTime="225.95" meanTravelTime="268.22" meanSpeed="19.36" meanSpeedRelative="0.60" duration="3"/>
    <step time="26700.00" loaded="19106" inserted="17365" running="494" waiting="1741" ended="16871" arrived="16871" collisions="15" teleports="15" halting="3" stopped="0" meanWaitingTime="239.04" meanTravelTime="269.97" meanSpeed="19.31" meanSpeedRelative="0.60" duration="3"/>
    <step time="27000.00" loaded="19655" inserted="17815" running="503" waiting="1840" ended="17312" arrived="17312" collisions="17" teleports="17" halting="7" stopped="0" meanWaitingTime="253.68" meanTravelTime="271.35" meanSpeed="19.47" meanSpeedRelative="0.61" duration="4"/>
    <step time="27300.00" loaded="20261" inserted="18298" running="553" waiting="1963" ended="17745" arrived="17745" collisions="20" teleports="20" halting="4" stopped="0" meanWaitingTime="268.92" meanTravelTime="273.46" meanSpeed="18.31" meanSpeedRelative="0.57" duration="4"/>
    <step time="27600.00" loaded="20809" inserted="18736" running="522" waiting="2073" ended="18214" arrived="18214" collisions="20" teleports="20" halting="5" stopped="0" meanWaitingTime="282.88" meanTravelTime="275.25" meanSpeed="18.90" meanSpeedRelative="0.59" duration="3"/>
    <step time="27900.00" loaded="21387" inserted="19204" running="532" waiting="2183" ended="18672" arrived="18672" collisions="23" teleports="23" halting="9" stopped="0" meanWaitingTime="297.87" meanTravelTime="276.96" meanSpeed="18.22" meanSpeedRelative="0.57" duration="4"/>
    <step time="28200.00" loaded="21941" inserted="19666" running="524" waiting="2275" ended="19142" arrived="19142" collisions="24" teleports="24" halting="3" stopped="0" meanWaitingTime="312.35" meanTravelTime="278.64" meanSpeed="18.49" meanSpeedRelative="0.58" duration="4"/>
    <step time="28500.00" loaded="22540" inserted="20142" running="511" waiting="2398" ended="19631" arrived="19631" collisions="25" teleports="25" halting="4" stopped="0" meanWaitingTime="330.47" meanTravelTime="279.83" meanSpeed="18.81" meanSpeedRelative="0.59" duration="4"/>
    <step time="28800.00" loaded="23053" inserted="20565" running="513" waiting="2488" ended="20052" arrived="20052" collisions="27" teleports="27" halting="11" stopped="0" meanWaitingTime="346.80" meanTravelTime="281.17" meanSpeed="18.52" meanSpeedRelative="0.58" duration="88"/>
    <step time="29100.00" loaded="23438" inserted="20971" running="476" waiting="2467" ended="20495" arrived="20495" collisions="30" teleports="30" halting="2" stopped="0" meanWaitingTime="363.02" meanTravelTime="282.81" meanSpeed="19.19" meanSpeedRelative="0.60" duration="3"/>
    <step time="29400.00" loaded="23779" inserted="21367" running="441" waiting="2412" ended="20926" arrived="20926" collisions="31" teleports="31" halting="4" stopped="0" meanWaitingTime="379.57" meanTravelTime="284.13" meanSpeed="20.46" meanSpeedRelative="0.64" duration="3"/>
    <step time="29700.00" loaded="24151" inserted="21764" running="443" waiting="2387" ended="21321" arrived="21321" collisions="31" teleports="31" halting="3" stopped="0" meanWaitingTime="396.08" meanTravelTime="285.13" meanSpeed="20.37" meanSpeedRelative="0.64" duration="3"/>
    <step time="30000.00" loaded="24505" inserted="22166" running="430" waiting="2339" ended="21736" arrived="21736" collisions="32" teleports="32" halting="6" stopped="0" meanWaitingTime="412.19" meanTravelTime="285.76" meanSpeed="20.66" meanSpeedRelative="0.65" duration="3"/>
    <step time="30300.00" loaded="24864" inserted="22572" running="424" waiting="2292" ended="22148" arrived="22148" collisions="32" teleports="32" halting="16" stopped="0" meanWaitingTime="427.79" meanTravelTime="286.72" meanSpeed="20.39" meanSpeedRelative="0.64" duration="4"/>
    <step time="30600.00" loaded="25240" inserted="22978" running="420" waiting="2262" ended="22558" arrived="22558" collisions="32" teleports="32" halting="3" stopped="0" meanWaitingTime="444.73" meanTravelTime="287.18" meanSpeed="20.70" meanSpeedRelative="0.65" duration="2"/>
    <step time="30900.00" loaded="25617" inserted="23380" running="435" waiting="2237" ended="22945" arrived="22945" collisions="32" teleports="32" halting="4" stopped="0" meanWaitingTime="458.79" meanTravelTime="287.60" meanSpeed="20.81" meanSpeedRelative="0.65" duration="3"/>
    <step time="31200.00" loaded="25967" inserted="23760" running="386" waiting="2207" ended="23374" arrived="23374" collisions="32" teleports="32" halting="7" stopped="0" meanWaitingTime="474.30" meanTravelTime="287.97" meanSpeed="21.22" meanSpeedRelative="0.66" duration="3"/>
    <step time="31500.00" loaded="26350" inserted="24147" running="395" waiting="2203" ended="23752" arrived="23752" collisions="33" teleports="33" halting="5" stopped="0" meanWaitingTime="488.50" meanTravelTime="288.41" meanSpeed="21.38" meanSpeedRelative="0.67" duration="3"/>
    <step time="31800.00" loaded="26690" inserted="24533" running="364" waiting="2157" ended="24169" arrived="24169" collisions="33" teleports="33" halting="3" stopped="0" meanWaitingTime="503.43" meanTravelTime="288.61" meanSpeed="21.21" meanSpeedRelative="0.66" duration="3"/>
    <step time="32100.00" loaded="27025" inserted="24897" running="352" waiting="2128" ended="24545" arrived="24545" collisions="33" teleports="33" halting="10" stopped="0" meanWaitingTime="517.98" meanTravelTime="288.70" meanSpeed="21.41" meanSpeedRelative="0.67" duration="3"/>
    <step time="32400.00" loaded="27371" inserted="25269" running="354" waiting="2102" ended="24915" arrived="24915" collisions="34" teleports="34" halting="7" stopped="0" meanWaitingTime="533.56" meanTravelTime="288.71" meanSpeed="21.19" meanSpeedRelative="0.66" duration="91"/>
    <step time="32700.00" loaded="27636" inserted="25573" running="308" waiting="2063" ended="25265" arrived="25265" collisions="35" teleports="35" halting="2" stopped="0" meanWaitingTime="547.32" meanTravelTime="288.89" meanSpeed="21.73" meanSpeedRelative="0.68" duration="2"/>
    <step time="33000.00" loaded="27907" inserted="25864" running="274" waiting="2043" ended="25590" arrived="25590" collisions="35" teleports="35" halting="5" stopped="0" meanWaitingTime="563.31" meanTravelTime="288.79" meanSpeed="22.71" meanSpeedRelative="0.71" duration="2"/>
    <step time="33300.00" loaded="28192" inserted="26181" running="299" waiting="2011" ended="25882" arrived="25882" collisions="35" teleports="35" halting="12" stopped="0" meanWaitingTime="578.93" meanTravelTime="288.70" meanSpeed="21.37" meanSpeedRelative="0.67" duration="2"/>
    <step time="33600.00" loaded="28458" inserted="26469" running="275" waiting="1989" ended="26194" arrived="26194" collisions="35" teleports="35" halting="4" stopped="0" meanWaitingTime="593.12" meanTravelTime="288.79" meanSpeed="22.54" meanSpeedRelative="0.70" duration="2"/>
    <step time="33900.00" loaded="28712" inserted="26753" running="249" waiting="1959" ended="26504" arrived="26504" collisions="35" teleports="35" halting="3" stopped="0" meanWaitingTime="608.29" meanTravelTime="288.68" meanSpeed="21.54" meanSpeedRelative="0.67" duration="2"/>
    <step time="34200.00" loaded="28994" inserted="27073" running="275" waiting="1921" ended="26798" arrived="26798" collisions="35" teleports="35" halting="5" stopped="0" meanWaitingTime="622.45" meanTravelTime="288.47" meanSpeed="22.38" meanSpeedRelative="0.70" duration="2"/>
    <step time="34500.00" loaded="29243" inserted="27361" running="262" waiting="1882" ended="27099" arrived="27099" collisions="35" teleports="35" halting="7" stopped="0" meanWaitingTime="636.37" meanTravelTime="288.25" meanSpeed="22.01" meanSpeedRelative="0.69" duration="2"/>
    <step time="34800.00" loaded="29542" inserted="27694" running="300" waiting="1848" ended="27394" arrived="27394" collisions="35" teleports="35" halting="1" stopped="0" meanWaitingTime="649.27" meanTravelTime="287.97" meanSpeed="22.18" meanSpeedRelative="0.69" duration="2"/>
    <step time="35100.00" loaded="29815" inserted="28010" running="300" waiting="1805" ended="27710" arrived="27710" collisions="35" teleports="35" halting="5" stopped="0" meanWaitingTime="664.12" meanTravelTime="287.72" meanSpeed="22.63" meanSpeedRelative="0.71" duration="2"/>
    <step time="35400.00" loaded="30089" inserted="28325" running="282" waiting="1764" ended="28043" arrived="28043" collisions="36" teleports="36" halting="8" stopped="0" meanWaitingTime="677.50" meanTravelTime="287.60" meanSpeed="21.55" meanSpeedRelative="0.67" duration="2"/>
    <step time="35700.00" loaded="30358" inserted="28648" running="282" waiting="1710" ended="28366" arrived="28366" collisions="36" teleports="36" halting="4" stopped="0" meanWaitingTime="690.47" meanTravelTime="287.34" meanSpeed="21.74" meanSpeedRelative="0.68" duration="2"/>
    <step time="36000.00" loaded="30613" inserted="28953" running="289" waiting="1660" ended="28664" arrived="28664" collisions="36" teleports="36" halting="6" stopped="0" meanWaitingTime="702.49" meanTravelTime="287.21" meanSpeed="22.32" meanSpeedRelative="0.70" duration="84"/>
    <step time="36300.00" loaded="31109" inserted="29384" running="370" waiting="1725" ended="29014" arrived="29014" collisions="36" teleports="36" halting="5" stopped="0" meanWaitingTime="711.21" meanTravelTime="286.97" meanSpeed="21.84" meanSpeedRelative="0.68" duration="2"/>
    <step time="36600.00" loaded="31614" inserted="29853" running="457" waiting="1761" ended="29396" arrived="29396" collisions="37" teleports="37" halting="9" stopped="0" meanWaitingTime="723.13" meanTravelTime="286.89" meanSpeed="20.28" meanSpeedRelative="0.63" duration="3"/>
    <step time="36900.00" loaded="32049" inserted="30270" running="471" waiting="1779" ended="29799" arrived="29799" collisions="37" teleports="37" halting="4" stopped="0" meanWaitingTime="735.05" meanTravelTime="287.00" meanSpeed="19.48" meanSpeedRelative="0.61" duration="4"/>
    <step time="37200.00" loaded="32520" inserted="30695" running="482" waiting="1825" ended="30213" arrived="30213" collisions="37" teleports="37" halting="2" stopped="0" meanWaitingTime="743.18" meanTravelTime="287.61" meanSpeed="19.87" meanSpeedRelative="0.62" duration="3"/>
    <step time="37500.00" loaded="32956" inserted="31127" running="467" waiting="1829" ended="30660" arrived="30660" collisions="39" teleports="39" halting="7" stopped="0" meanWaitingTime="752.28" meanTravelTime="287.97" meanSpeed="20.28" meanSpeedRelative="0.63" duration="3"/>
    <step time="37800.00" loaded="33411" inserted="31567" running="475" waiting="1844" ended="31092" arrived="31092" collisions="41" teleports="41" halting="6" stopped="0" meanWaitingTime="759.89" meanTravelTime="288.40" meanSpeed="19.97" meanSpeedRelative="0.62" duration="3"/>
    <step time="38100.00" loaded="33869" inserted="32001" running="486" waiting="1868" ended="31515" arrived="31515" collisions="41" teleports="41" halting="11" stopped="0" meanWaitingTime="767.05" meanTravelTime="288.96" meanSpeed="19.51" meanSpeedRelative="0.61" duration="3"/>
    <step time="38400.00" loaded="34372" inserted="32423" running="485" waiting="1949" ended="31938" arrived="31938" collisions="42" teleports="42" halting="2" stopped="0" meanWaitingTime="772.64" meanTravelTime="289.65" meanSpeed="20.39" meanSpeedRelative="0.64" duration="3"/>
    <step time="38700.00" loaded="34864" inserted="32876" running="482" waiting="1988" ended="32394" arrived="32394" collisions="42" teleports="42" halting="5" stopped="0" meanWaitingTime="780.99" meanTravelTime="290.32" meanSpeed="19.89" meanSpeedRelative="0.62" duration="3"/>
    <step time="39000.00" loaded="35313" inserted="33283" running="459" waiting="2030" ended="32824" arrived="32824" collisions="42" teleports="42" halting="8" stopped="0" meanWaitingTime="788.61" meanTravelTime="290.82" meanSpeed="19.91" meanSpeedRelative="0.62" duration="3"/>
    <step time="39300.00" loaded="35809" inserted="33729" running="469" waiting="2080" ended="33260" arrived="33260" collisions="42" teleports="42" halting="8" stopped="0" meanWaitingTime="793.99" meanTravelTime="291.36" meanSpeed="20.36" meanSpeedRelative="0.64" duration="3"/>
    <step time="39600.00" loaded="36285" inserted="34144" running="466" waiting="2141" ended="33678" arrived="33678" collisions="43" teleports="43" halting="3" stopped="0" meanWaitingTime="800.57" meanTravelTime="291.86" meanSpeed="20.34" meanSpeedRelative="0.64" duration="89"/>
    <step time="39900.00" loaded="36819" inserted="34607" running="491" waiting="2212" ended="34116" arrived="34116" collisions="45" teleports="45" halting="7" stopped="0" meanWaitingTime="806.92" meanTravelTime="292.23" meanSpeed="19.69" meanSpeedRelative="0.62" duration="4"/>
    <step time="40200.00" loaded="37331" inserted="35087" running="545" waiting="2244" ended="34542" arrived="34542" collisions="45" teleports="45" halting="11" stopped="0" meanWaitingTime="813.13" meanTravelTime="292.87" meanSpeed="18.51" meanSpeedRelative="0.58" duration="4"/>
    <step time="40500.00" loaded="37868" inserted="35542" running="541" waiting="2326" ended="35001" arrived="35001" collisions="46" teleports="46" halting="4" stopped="0" meanWaitingTime="819.93" meanTravelTime="293.47" meanSpeed="19.72" meanSpeedRelative="0.62" duration="3"/>
    <step time="40800.00" loaded="38388" inserted="35968" running="519" waiting="2420" ended="35449" arrived="35449" collisions="48" teleports="48" halting="4" stopped="0" meanWaitingTime="825.70" meanTravelTime="294.25" meanSpeed="19.27" meanSpeedRelative="0.60" duration="4"/>
    <step time="41100.00" loaded="38952" inserted="36442" running="517" waiting="2510" ended="35925" arrived="35925" collisions="48" teleports="48" halting="10" stopped="0" meanWaitingTime="830.31" meanTravelTime="295.08" meanSpeed="19.31" meanSpeedRelative="0.60" duration="4"/>
    <step time="41400.00" loaded="39463" inserted="36897" running="510" waiting="2566" ended="36387" arrived="36387" collisions="49" teleports="49" halting="3" stopped="0" meanWaitingTime="836.37" meanTravelTime="295.75" meanSpeed="19.84" meanSpeedRelative="0.62" duration="4"/>
    <step time="41700.00" loaded="39957" inserted="37337" running="494" waiting="2620" ended="36843" arrived="36843" collisions="49" teleports="49" halting="7" stopped="0" meanWaitingTime="841.71" meanTravelTime="296.22" meanSpeed="20.29" meanSpeedRelative="0.63" duration="4"/>
    <step time="42000.00" loaded="40461" inserted="37779" running="489" waiting="2682" ended="37290" arrived="37290" collisions="50" teleports="50" halting="4" stopped="0" meanWaitingTime="847.26" meanTravelTime="296.46" meanSpeed="19.99" meanSpeedRelative="0.62" duration="4"/>
    <step time="42300.00" loaded="40946" inserted="38217" running="499" waiting="2729" ended="37718" arrived="37718" collisions="52" teleports="52" halting="6" stopped="0" meanWaitingTime="853.56" meanTravelTime="296.99" meanSpeed="20.37" meanSpeedRelative="0.64" duration="4"/>
    <step time="42600.00" loaded="41460" inserted="38665" running="479" waiting="2795" ended="38186" arrived="38186" collisions="52" teleports="52" halting="6" stopped="0" meanWaitingTime="859.84" meanTravelTime="297.49" meanSpeed="20.18" meanSpeedRelative="0.63" duration="3"/>
    <step time="42900.00" loaded="41983" inserted="39127" running="499" waiting="2856" ended="38628" arrived="38628" collisions="53" teleports="53" halting="14" stopped="0" meanWaitingTime="867.35" meanTravelTime="297.82" meanSpeed="18.90" meanSpeedRelative="0.59" duration="3"/>
    <step time="43200.00" loaded="42481" inserted="39534" running="475" waiting="2947" ended="39059" arrived="39059" collisions="53" teleports="53" halting="6" stopped="0" meanWaitingTime="873.77" meanTravelTime="298.40" meanSpeed="19.95" meanSpeedRelative="0.62" duration="91"/>
    <step time="43500.00" loaded="43012" inserted="40006" running="510" waiting="3006" ended="39496" arrived="39496" collisions="53" teleports="53" halting="9" stopped="0" meanWaitingTime="881.00" meanTravelTime="298.68" meanSpeed="19.48" meanSpeedRelative="0.61" duration="3"/>
    <step time="43800.00" loaded="43553" inserted="40483" running="531" waiting="3070" ended="39952" arrived="39952" collisions="53" teleports="53" halting="5" stopped="0" meanWaitingTime="888.35" meanTravelTime="298.87" meanSpeed="19.80" meanSpeedRelative="0.62" duration="3"/>
    <step time="44100.00" loaded="44066" inserted="40947" running="542" waiting="3119" ended="40405" arrived="40405" collisions="55" teleports="55" halting="2" stopped="0" meanWaitingTime="896.61" meanTravelTime="299.28" meanSpeed="19.19" meanSpeedRelative="0.60" duration="5"/>
    <step time="44400.00" loaded="44614" inserted="41421" running="548" waiting="3193" ended="40873" arrived="40873" collisions="55" teleports="55" halting="3" stopped="0" meanWaitingTime="904.03" meanTravelTime="299.89" meanSpeed="19.58" meanSpeedRelative="0.61" duration="4"/>
    <step time="44700.00" loaded="45185" inserted="41894" running="568" waiting="3291" ended="41326" arrived="41326" collisions="57" teleports="57" halting="5" stopped="0" meanWaitingTime="910.71" meanTravelTime="300.30" meanSpeed="18.86" meanSpeedRelative="0.59" duration="6"/>
    <step time="45000.00" loaded="45694" inserted="42350" running="563" waiting="3344" ended="41787" arrived="41787" collisions="60" teleports="60" halting="6" stopped="0" meanWaitingTime="919.65" meanTravelTime="301.01" meanSpeed="18.98" meanSpeedRelative="0.59" duration="3"/>
    <step time="45300.00" loaded="46233" inserted="42806" running="563" waiting="3427" ended="42243" arrived="42243" collisions="63" teleports="63" halting="3" stopped="0" meanWaitingTime="926.73" meanTravelTime="301.85" meanSpeed="18.84" meanSpeedRelative="0.59" duration="4"/>
    <step time="45600.00" loaded="46745" inserted="43249" running="539" waiting="3496" ended="42710" arrived="42710" collisions="64" teleports="64" halting="6" stopped="0" meanWaitingTime="933.53" meanTravelTime="302.51" meanSpeed="18.90" meanSpeedRelative="0.59" duration="5"/>
    <step time="45900.00" loaded="47306" inserted="43720" running="556" waiting="3586" ended="43164" arrived="43164" collisions="64" teleports="64" halting="12" stopped="0" meanWaitingTime="941.24" meanTravelTime="303.20" meanSpeed="18.92" meanSpeedRelative="0.59" duration="3"/>
    <step time="46200.00" loaded="47847" inserted="44205" running="584" waiting="3642" ended="43621" arrived="43621" collisions="67" teleports="67" halting="9" stopped="0" meanWaitingTime="949.02" meanTravelTime="304.08" meanSpeed="18.56" meanSpeedRelative="0.58" duration="5"/>
    <step time="46500.00" loaded="48379" inserted="44652" running="575" waiting="3727" ended="44077" arrived="44077" collisions="68" teleports="68" halting="7" stopped="0" meanWaitingTime="956.15" meanTravelTime="304.66" meanSpeed="18.50" meanSpeedRelative="0.58" duration="5"/>
    <step time="46800.00" loaded="48906" inserted="45129" running="592" waiting="3777" ended="44537" arrived="44537" collisions="70" teleports="70" halting="7" stopped="0" meanWaitingTime="964.75" meanTravelTime="305.31" meanSpeed="18.88" meanSpeedRelative="0.59" duration="91"/>
    <step time="47100.00" loaded="49419" inserted="45570" running="548" waiting="3849" ended="45022" arrived="45022" collisions="73" teleports="73" halting="3" stopped="0" meanWaitingTime="975.49" meanTravelTime="305.97" meanSpeed="19.74" meanSpeedRelative="0.62" duration="5"/>
    <step time="47400.00" loaded="49920" inserted="46041" running="565" waiting="3879" ended="45476" arrived="45476" collisions="74" teleports="74" halting="9" stopped="0" meanWaitingTime="984.37" meanTravelTime="306.63" meanSpeed="18.82" meanSpeedRelative="0.59" duration="3"/>
    <step time="47700.00" loaded="50457" inserted="46497" running="556" waiting="3960" ended="45941" arrived="45941" collisions="76" teleports="76" halting="7" stopped="0" meanWaitingTime="991.38" meanTravelTime="307.23" meanSpeed="19.41" meanSpeedRelative="0.61" duration="4"/>
    <step time="48000.00" loaded="51015" inserted="46974" running="589" waiting="4041" ended="46385" arrived="46385" collisions="77" teleports="77" halting="10" stopped="0" meanWaitingTime="998.81" meanTravelTime="307.82" meanSpeed="18.17" meanSpeedRelative="0.57" duration="4"/>
    <step time="48300.00" loaded="51527" inserted="47429" running="595" waiting="4098" ended="46834" arrived="46834" collisions="80" teleports="80" halting="4" stopped="0" meanWaitingTime="1007.85" meanTravelTime="308.48" meanSpeed="18.72" meanSpeedRelative="0.58" duration="5"/>
    <step time="48600.00" loaded="52084" inserted="47905" running="586" waiting="4179" ended="47319" arrived="47319" collisions="82" teleports="82" halting="3" stopped="0" meanWaitingTime="1017.99" meanTravelTime="309.18" meanSpeed="18.75" meanSpeedRelative="0.59" duration="5"/>
    <step time="48900.00" loaded="52579" inserted="48385" running="603" waiting="4194" ended="47782" arrived="47782" collisions="84" teleports="84" halting="8" stopped="0" meanWaitingTime="1030.16" meanTravelTime="309.85" meanSpeed="17.98" meanSpeedRelative="0.56" duration="6"/>
    <step time="49200.00" loaded="53131" inserted="48875" running="615" waiting="4256" ended="48260" arrived="48260" collisions="85" teleports="85" halting="10" stopped="0" meanWaitingTime="1042.11" meanTravelTime="310.66" meanSpeed="17.72" meanSpeedRelative="0.55" duration="4"/>
    <step time="49500.00" loaded="53651" inserted="49348" running="617" waiting="4303" ended="48731" arrived="48731" collisions="86" teleports="86" halting="9" stopped="0" meanWaitingTime="1052.61" meanTravelTime="311.34" meanSpeed="17.53" meanSpeedRelative="0.55" duration="5"/>
    <step time="49800.00" loaded="54182" inserted="49827" running="655" waiting="4355" ended="49172" arrived="49172" collisions="87" teleports="87" halting="14" stopped="0" meanWaitingTime="1063.95" meanTravelTime="311.96" meanSpeed="16.87" meanSpeedRelative="0.53" duration="4"/>
    <step time="50100.00" loaded="54743" inserted="50290" running="649" waiting="4453" ended="49641" arrived="49641" collisions="92" teleports="92" halting="5" stopped="0" meanWaitingTime="1073.48" meanTravelTime="312.89" meanSpeed="17.33" meanSpeedRelative="0.54" duration="7"/>
    <step time="50400.00" loaded="55278" inserted="50758" running="635" waiting="4520" ended="50123" arrived="50123" collisions="95" teleports="95" halting="6" stopped="0" meanWaitingTime="1083.96" meanTravelTime="313.88" meanSpeed="18.16" meanSpeedRelative="0.57" duration="93"/>
    <step time="50700.00" loaded="55980" inserted="51286" running="691" waiting="4694" ended="50595" arrived="50595" collisions="98" teleports="98" halting="6" stopped="0" meanWaitingTime="1093.84" meanTravelTime="314.47" meanSpeed="17.13" meanSpeedRelative="0.54" duration="6"/>
    <step time="51000.00" loaded="56708" inserted="51838" running="735" waiting="4870" ended="51103" arrived="51103" collisions="98" teleports="98" halting="4" stopped="0" meanWaitingTime="1104.19" meanTravelTime="315.33" meanSpeed="16.77" meanSpeedRelative="0.52" duration="6"/>
    <step time="51300.00" loaded="57456" inserted="52359" running="718" waiting="5097" ended="51641" arrived="51641" collisions="100" teleports="100" halting="12" stopped="0" meanWaitingTime="1113.35" meanTravelTime="316.36" meanSpeed="15.83" meanSpeedRelative="0.49" duration="7"/>
    <step time="51600.00" loaded="58154" inserted="52903" running="763" waiting="5251" ended="52140" arrived="52140" collisions="101" teleports="101" halting="14" stopped="0" meanWaitingTime="1123.53" meanTravelTime="317.40" meanSpeed="15.80" meanSpeedRelative="0.49" duration="7"/>
    <step time="51900.00" loaded="58894" inserted="53430" running="786" waiting="5464" ended="52644" arrived="52644" collisions="103" teleports="103" halting="4" stopped="0" meanWaitingTime="1133.48" meanTravelTime="318.49" meanSpeed="16.03" meanSpeedRelative="0.50" duration="12"/>
    <step time="52200.00" loaded="59627" inserted="53958" running="814" waiting="5669" ended="53144" arrived="53144" collisions="107" teleports="107" halting="8" stopped="0" meanWaitingTime="1145.10" meanTravelTime="319.69" meanSpeed="15.30" meanSpeedRelative="0.48" duration="6"/>
    <step time="52500.00" loaded="60355" inserted="54514" running="854" waiting="5841" ended="53660" arrived="53660" collisions="107" teleports="107" halting="11" stopped="0" meanWaitingTime="1155.51" meanTravelTime="320.94" meanSpeed="14.36" meanSpeedRelative="0.45" duration="6"/>
    <step time="52800.00" loaded="61091" inserted="55066" running="889" waiting="6025" ended="54177" arrived="54177" collisions="109" teleports="109" halting="11" stopped="0" meanWaitingTime="1167.19" meanTravelTime="322.31" meanSpeed="13.72" meanSpeedRelative="0.43" duration="8"/>
    <step time="53100.00" loaded="61801" inserted="55582" running="888" waiting="6219" ended="54694" arrived="54694" collisions="113" teleports="113" halting="17" stopped="0" meanWaitingTime="1178.00" meanTravelTime="324.05" meanSpeed="13.02" meanSpeedRelative="0.41" duration="9"/>
    <step time="53400.00" loaded="62492" inserted="56096" running="901" waiting="6396" ended="55195" arrived="55195" collisions="114" teleports="114" halting="13" stopped="0" meanWaitingTime="1189.49" meanTravelTime="325.79" meanSpeed="13.22" meanSpeedRelative="0.41" duration="9"/>
    <step time="53700.00" loaded="63174" inserted="56596" running="912" waiting="6578" ended="55684" arrived="55684" collisions="117" teleports="117" halting="16" stopped="0" meanWaitingTime="1201.56" meanTravelTime="327.55" meanSpeed="13.54" meanSpeedRelative="0.42" duration="6"/>
    <step time="54000.00" loaded="63849" inserted="57114" running="871" waiting="6735" ended="56243" arrived="56243" collisions="118" teleports="118" halting="9" stopped="0" meanWaitingTime="1214.07" meanTravelTime="329.43" meanSpeed="14.22" meanSpeedRelative="0.44" duration="91"/>
    <step time="54300.00" loaded="64320" inserted="57568" running="808" waiting="6752" ended="56760" arrived="56760" collisions="121" teleports="121" halting="9" stopped="0" meanWaitingTime="1227.23" meanTravelTime="331.05" meanSpeed="14.79" meanSpeedRelative="0.46" duration="7"/>
    <step time="54600.00" loaded="64808" inserted="58042" running="780" waiting="6766" ended="57262" arrived="57262" collisions="123" teleports="123" halting="4" stopped="0" meanWaitingTime="1241.44" meanTravelTime="332.52" meanSpeed="14.84" meanSpeedRelative="0.46" duration="5"/>
    <step time="54900.00" loaded="65266" inserted="58520" running="735" waiting="6746" ended="57785" arrived="57785" collisions="124" teleports="124" halting="7" stopped="0" meanWaitingTime="1255.73" meanTravelTime="334.06" meanSpeed="16.04" meanSpeedRelative="0.50" duration="7"/>
    <step time="55200.00" loaded="65726" inserted="58993" running="691" waiting="6733" ended="58302" arrived="58302" collisions="126" teleports="126" halting="5" stopped="0" meanWaitingTime="1269.27" meanTravelTime="335.19" meanSpeed="16.78" meanSpeedRelative="0.52" duration="6"/>
    <step time="55500.00" loaded="66202" inserted="59475" running="717" waiting="6727" ended="58758" arrived="58758" collisions="130" teleports="130" halting="5" stopped="0" meanWaitingTime="1284.61" meanTravelTime="335.95" meanSpeed="16.73" meanSpeedRelative="0.52" duration="5"/>
    <step time="55800.00" loaded="66659" inserted="59940" running="686" waiting="6719" ended="59254" arrived="59254" collisions="132" teleports="132" halting="9" stopped="0" meanWaitingTime="1300.17" meanTravelTime="336.87" meanSpeed="16.65" meanSpeedRelative="0.52" duration="8"/>
    <step time="56100.00" loaded="67101" inserted="60367" running="643" waiting="6734" ended="59724" arrived="59724" collisions="133" teleports="133" halting="3" stopped="0" meanWaitingTime="1314.73" meanTravelTime="337.70" meanSpeed="17.61" meanSpeedRelative="0.55" duration="7"/>
    <step time="56400.00" loaded="67556" inserted="60840" running="632" waiting="6716" ended="60208" arrived="60208" collisions="136" teleports="136" halting="9" stopped="0" meanWaitingTime="1329.92" meanTravelTime="338.51" meanSpeed="17.66" meanSpeedRelative="0.55" duration="7"/>
    <step time="56700.00" loaded="67999" inserted="61319" running="653" waiting="6680" ended="60666" arrived="60666" collisions="138" teleports="138" halting="14" stopped="0" meanWaitingTime="1345.53" meanTravelTime="339.12" meanSpeed="17.14" meanSpeedRelative="0.54" duration="6"/>
    <step time="57000.00" loaded="68423" inserted="61787" running="633" waiting="6636" ended="61154" arrived="61154" collisions="140" teleports="140" halting="8" stopped="0" meanWaitingTime="1359.55" meanTravelTime="339.70" meanSpeed="17.23" meanSpeedRelative="0.54" duration="5"/>
    <step time="57300.00" loaded="68909" inserted="62238" running="613" waiting="6671" ended="61625" arrived="61625" collisions="141" teleports="141" halting="2" stopped="0" meanWaitingTime="1372.72" meanTravelTime="340.27" meanSpeed="18.35" meanSpeedRelative="0.57" duration="4"/>
    <step time="57600.00" loaded="69348" inserted="62699" running="610" waiting="6649" ended="62089" arrived="62089" collisions="141" teleports="141" halting="10" stopped="0" meanWaitingTime="1386.92" meanTravelTime="340.56" meanSpeed="18.50" meanSpeedRelative="0.58" duration="83"/>
    <step time="57900.00" loaded="69903" inserted="63205" running="652" waiting="6698" ended="62553" arrived="62553" collisions="143" teleports="143" halting="9" stopped="0" meanWaitingTime="1402.35" meanTravelTime="341.09" meanSpeed="17.36" meanSpeedRelative="0.54" duration="8"/>
    <step time="58200.00" loaded="70453" inserted="63729" running="677" waiting="6724" ended="63052" arrived="63052" collisions="144" teleports="144" halting="2" stopped="0" meanWaitingTime="1417.41" meanTravelTime="341.47" meanSpeed="17.12" meanSpeedRelative="0.53" duration="8"/>
    <step time="58500.00" loaded="71025" inserted="64234" running="711" waiting="6791" ended="63523" arrived="63523" collisions="144" teleports="144" halting="4" stopped="0" meanWaitingTime="1431.26" meanTravelTime="341.96" meanSpeed="16.02" meanSpeedRelative="0.50" duration="7"/>
    <step time="58800.00" loaded="71578" inserted="64733" running="710" waiting="6845" ended="64023" arrived="64023" collisions="145" teleports="145" halting="4" stopped="0" meanWaitingTime="1444.75" meanTravelTime="342.48" meanSpeed="16.59" meanSpeedRelative="0.52" duration="6"/>
    <step time="59100.00" loaded="72130" inserted="65209" running="676" waiting="6921" ended="64533" arrived="64533" collisions="147" teleports="147" halting="14" stopped="0" meanWaitingTime="1456.73" meanTravelTime="343.22" meanSpeed="16.52" meanSpeedRelative="0.52" duration="5"/>
    <step time="59400.00" loaded="72674" inserted="65712" running="662" waiting="6962" ended="65050" arrived="65050" collisions="148" teleports="148" halting="3" stopped="0" meanWaitingTime="1468.91" meanTravelTime="343.65" meanSpeed="16.67" meanSpeedRelative="0.52" duration="7"/>
    <step time="59700.00" loaded="73229" inserted="66212" running="691" waiting="7017" ended="65521" arrived="65521" collisions="149" teleports="149" halting="13" stopped="0" meanWaitingTime="1480.08" meanTravelTime="344.18" meanSpeed="16.41" meanSpeedRelative="0.51" duration="6"/>
    <step time="60000.00" loaded="73750" inserted="66715" running="701" waiting="7035" ended="66014" arrived="66014" collisions="150" teleports="150" halting="14" stopped="0" meanWaitingTime="1492.95" meanTravelTime="344.60" meanSpeed="16.82" meanSpeedRelative="0.53" duration="7"/>
    <step time="60300.00" loaded="74306" inserted="67194" running="702" waiting="7112" ended="66492" arrived="66492" collisions="150" teleports="150" halting="4" stopped="0" meanWaitingTime="1505.67" meanTravelTime="345.18" meanSpeed="17.34" meanSpeedRelative="0.54" duration="7"/>
    <step time="60600.00" loaded="74833" inserted="67703" running="716" waiting="7130" ended="66987" arrived="66987" collisions="155" teleports="155" halting="3" stopped="0" meanWaitingTime="1520.68" meanTravelTime="345.56" meanSpeed="17.40" meanSpeedRelative="0.54" duration="6"/>
    <step time="60900.00" loaded="75440" inserted="68203" running="737" waiting="7237" ended="67466" arrived="67466" collisions="158" teleports="158" halting="7" stopped="0" meanWaitingTime="1534.06" meanTravelTime="346.08" meanSpeed="16.99" meanSpeedRelative="0.53" duration="5"/>
    <step time="61200.00" loaded="76017" inserted="68701" running="709" waiting="7316" ended="67992" arrived="67992" collisions="160" teleports="160" halting="10" stopped="0" meanWaitingTime="1548.06" meanTravelTime="346.83" meanSpeed="16.57" meanSpeedRelative="0.52" duration="88"/>
    <step time="61500.00" loaded="76085" inserted="69045" running="602" waiting="7040" ended="68443" arrived="68443" collisions="161" teleports="161" halting="9" stopped="0" meanWaitingTime="1566.27" meanTravelTime="347.66" meanSpeed="16.61" meanSpeedRelative="0.52" duration="5"/>
    <step time="61800.00" loaded="76141" inserted="69390" running="548" waiting="6751" ended="68842" arrived="68842" collisions="162" teleports="162" halting="3" stopped="0" meanWaitingTime="1585.11" meanTravelTime="348.38" meanSpeed="17.79" meanSpeedRelative="0.56" duration="6"/>
    <step time="62100.00" loaded="76220" inserted="69742" running="529" waiting="6478" ended="69213" arrived="69213" collisions="165" teleports="165" halting="3" stopped="0" meanWaitingTime="1604.71" meanTravelTime="349.14" meanSpeed="17.48" meanSpeedRelative="0.55" duration="4"/>
    <step time="62400.00" loaded="76285" inserted="70100" running="488" waiting="6185" ended="69612" arrived="69612" collisions="166" teleports="166" halting="9" stopped="0" meanWaitingTime="1624.71" meanTravelTime="349.64" meanSpeed="18.82" meanSpeedRelative="0.59" duration="6"/>
    <step time="62700.00" loaded="76364" inserted="70458" running="481" waiting="5906" ended="69977" arrived="69977" collisions="167" teleports="167" halting="4" stopped="0" meanWaitingTime="1645.05" meanTravelTime="350.03" meanSpeed="17.85" meanSpeedRelative="0.56" duration="5"/>
    <step time="63000.00" loaded="76448" inserted="70820" running="455" waiting="5628" ended="70365" arrived="70365" collisions="168" teleports="168" halting="2" stopped="0" meanWaitingTime="1665.30" meanTravelTime="350.22" meanSpeed="18.78" meanSpeedRelative="0.59" duration="5"/>
    <step time="63300.00" loaded="76522" inserted="71136" running="417" waiting="5386" ended="70719" arrived="70719" collisions="171" teleports="171" halting="4" stopped="0" meanWaitingTime="1685.49" meanTravelTime="350.38" meanSpeed="17.65" meanSpeedRelative="0.55" duration="3"/>
    <step time="63600.00" loaded="76592" inserted="71440" running="392" waiting="5152" ended="71048" arrived="71048" collisions="171" teleports="171" halting="5" stopped="0" meanWaitingTime="1705.37" meanTravelTime="350.66" meanSpeed="17.28" meanSpeedRelative="0.54" duration="4"/>
    <step time="63900.00" loaded="76664" inserted="71707" running="363" waiting="4957" ended="71344" arrived="71344" collisions="171" teleports="171" halting="8" stopped="0" meanWaitingTime="1723.32" meanTravelTime="350.78" meanSpeed="17.28" meanSpeedRelative="0.54" duration="4"/>
    <step time="64200.00" loaded="76749" inserted="71946" running="311" waiting="4803" ended="71635" arrived="71635" collisions="171" teleports="171" halting="1" stopped="0" meanWaitingTime="1738.86" meanTravelTime="350.99" meanSpeed="19.85" meanSpeedRelative="0.62" duration="3"/>
    <step time="64500.00" loaded="76821" inserted="72179" running="261" waiting="4642" ended="71918" arrived="71918" collisions="171" teleports="171" halting="6" stopped="0" meanWaitingTime="1754.71" meanTravelTime="351.08" meanSpeed="21.41" meanSpeedRelative="0.67" duration="2"/>
    <step time="64800.00" loaded="76888" inserted="72412" running="241" waiting="4476" ended="72171" arrived="72171" collisions="171" teleports="171" halting="3" stopped="0" meanWaitingTime="1771.72" meanTravelTime="351.02" meanSpeed="21.81" meanSpeedRelative="0.68" duration="97"/>
    <step time="65100.00" loaded="76931" inserted="72646" running="223" waiting="4285" ended="72423" arrived="72423" collisions="171" teleports="171" halting="3" stopped="0" meanWaitingTime="1789.05" meanTravelTime="350.94" meanSpeed="21.27" meanSpeedRelative="0.66" duration="2"/>
    <step time="65400.00" loaded="76982" inserted="72869" running="226" waiting="4113" ended="72643" arrived="72643" collisions="171" teleports="171" halting="6" stopped="0" meanWaitingTime="1805.36" meanTravelTime="350.82" meanSpeed="21.02" meanSpeedRelative="0.66" duration="2"/>
    <step time="65700.00" loaded="77041" inserted="73111" running="232" waiting="3930" ended="72879" arrived="72879" collisions="171" teleports="171" halting="7" stopped="0" meanWaitingTime="1821.67" meanTravelTime="350.65" meanSpeed="21.39" meanSpeedRelative="0.67" duration="2"/>
    <step time="66000.00" loaded="77089" inserted="73327" running="195" waiting="3762" ended="73132" arrived="73132" collisions="171" teleports="171" halting="0" stopped="0" meanWaitingTime="1836.85" meanTravelTime="350.40" meanSpeed="22.65" meanSpeedRelative="0.71" duration="2"/>
    <step time="66300.00" loaded="77140" inserted="73495" running="131" waiting="3645" ended="73364" arrived="73364" collisions="171" teleports="171" halting="5" stopped="0" meanWaitingTime="1852.04" meanTravelTime="350.20" meanSpeed="20.99" meanSpeedRelative="0.66" duration="1"/>
    <step time="66600.00" loaded="77196" inserted="73666" running="128" waiting="3530" ended="73538" arrived="73538" collisions="171" teleports="171" halting="4" stopped="0" meanWaitingTime="1866.43" meanTravelTime="349.87" meanSpeed="21.82" meanSpeedRelative="0.68" duration="1"/>
    <step time="66900.00" loaded="77255" inserted="73852" running="148" waiting="3403" ended="73704" arrived="73704" collisions="171" teleports="171" halting="0" stopped="0" meanWaitingTime="1882.98" meanTravelTime="349.58" meanSpeed="21.78" meanSpeedRelative="0.68" duration="2"/>
    <step time="67200.00" loaded="77324" inserted="74026" running="132" waiting="3298" ended="73894" arrived="73894" collisions="171" teleports="171" halting="2" stopped="0" meanWaitingTime="1896.73" meanTravelTime="349.31" meanSpeed="21.45" meanSpeedRelative="0.67" duration="1"/>
    <step time="67500.00" loaded="77374" inserted="74196" running="133" waiting="3178" ended="74063" arrived="74063" collisions="171" teleports="171" halting="7" stopped="0" meanWaitingTime="1911.66" meanTravelTime="348.98" meanSpeed="21.70" meanSpeedRelative="0.68" duration="2"/>
    <step time="67800.00" loaded="77430" inserted="74374" running="131" waiting="3056" ended="74243" arrived="74243" collisions="171" teleports="171" halting="3" stopped="0" meanWaitingTime="1927.81" meanTravelTime="348.74" meanSpeed="22.21" meanSpeedRelative="0.69" duration="1"/>
    <step time="68100.00" loaded="77469" inserted="74551" running="136" waiting="2918" ended="74415" arrived="74415" collisions="171" teleports="171" halting="4" stopped="0" meanWaitingTime="1944.86" meanTravelTime="348.42" meanSpeed="21.57" meanSpeedRelative="0.67" duration="2"/>
    <step time="68400.00" loaded="77531" inserted="74723" running="137" waiting="2808" ended="74586" arrived="74586" collisions="171" teleports="171" halting="4" stopped="0" meanWaitingTime="1958.53" meanTravelTime="348.13" meanSpeed="22.03" meanSpeedRelative="0.69" duration="90"/>
    <step time="68700.00" loaded="77685" inserted="74945" running="185" waiting="2740" ended="74760" arrived="74760" collisions="171" teleports="171" halting="1" stopped="0" meanWaitingTime="1971.13" meanTravelTime="347.81" meanSpeed="22.36" meanSpeedRelative="0.70" duration="1"/>
    <step time="69000.00" loaded="77831" inserted="75171" running="180" waiting="2660" ended="74991" arrived="74991" collisions="171" teleports="171" halting="3" stopped="0" meanWaitingTime="1981.05" meanTravelTime="347.47" meanSpeed="22.41" meanSpeedRelative="0.70" duration="1"/>
    <step time="69300.00" loaded="77986" inserted="75402" running="183" waiting="2584" ended="75219" arrived="75219" collisions="171" teleports="171" halting="5" stopped="0" meanWaitingTime="1988.40" meanTravelTime="347.19" meanSpeed="22.34" meanSpeedRelative="0.70" duration="1"/>
    <step time="69600.00" loaded="78134" inserted="75617" running="187" waiting="2517" ended="75430" arrived="75430" collisions="171" teleports="171" halting="5" stopped="0" meanWaitingTime="1995.88" meanTravelTime="346.90" meanSpeed="22.24" meanSpeedRelative="0.70" duration="1"/>
    <step time="69900.00" loaded="78295" inserted="75823" running="181" waiting="2472" ended="75642" arrived="75642" collisions="171" teleports="171" halting="3" stopped="0" meanWaitingTime="2002.01" meanTravelTime="346.71" meanSpeed="22.63" meanSpeedRelative="0.71" duration="1"/>
    <step time="70200.00" loaded="78453" inserted="75984" running="180" waiting="2469" ended="75804" arrived="75804" collisions="171" teleports="171" halting="3" stopped="0" meanWaitingTime="2006.48" meanTravelTime="346.57" meanSpeed="23.48" meanSpeedRelative="0.73" duration="3"/>
    <step time="70500.00" loaded="78586" inserted="76125" running="159" waiting="2461" ended="75966" arrived="75966" collisions="172" teleports="172" halting="8" stopped="0" meanWaitingTime="2011.62" meanTravelTime="346.54" meanSpeed="22.43" meanSpeedRelative="0.70" duration="1"/>
    <step time="70800.00" loaded="78733" inserted="76285" running="152" waiting="2448" ended="76133" arrived="76133" collisions="172" teleports="172" halting="4" stopped="0" meanWaitingTime="2016.70" meanTravelTime="346.48" meanSpeed="23.05" meanSpeedRelative="0.72" duration="2"/>
    <step time="71100.00" loaded="78879" inserted="76455" running="155" waiting="2424" ended="76300" arrived="76300" collisions="172" teleports="172" halting="4" stopped="0" meanWaitingTime="2021.79" meanTravelTime="346.38" meanSpeed="23.01" meanSpeedRelative="0.72" duration="1"/>
    <step time="71400.00" loaded="79043" inserted="76619" running="153" waiting="2424" ended="76466" arrived="76466" collisions="172" teleports="172" halting="7" stopped="0" meanWaitingTime="2026.88" meanTravelTime="346.23" meanSpeed="21.29" meanSpeedRelative="0.67" duration="2"/>
    <step time="71700.00" loaded="79202" inserted="76784" running="162" waiting="2418" ended="76622" arrived="76622" collisions="172" teleports="172" halting="4" stopped="0" meanWaitingTime="2031.90" meanTravelTime="346.11" meanSpeed="22.09" meanSpeedRelative="0.69" duration="2"/>
    <step time="72000.00" loaded="79360" inserted="76959" running="163" waiting="2401" ended="76796" arrived="76796" collisions="172" teleports="172" halting="1" stopped="0" meanWaitingTime="2036.73" meanTravelTime="345.98" meanSpeed="24.05" meanSpeedRelative="0.75" duration="84"/>
    <step time="72300.00" loaded="79496" inserted="77108" running="151" waiting="2388" ended="76957" arrived="76957" collisions="172" teleports="172" halting="4" stopped="0" meanWaitingTime="2042.10" meanTravelTime="345.85" meanSpeed="22.99" meanSpeedRelative="0.72" duration="1"/>
    <step time="72600.00" loaded="79618" inserted="77242" running="141" waiting="2376" ended="77101" arrived="77101" collisions="172" teleports="172" halting="7" stopped="0" meanWaitingTime="2046.79" meanTravelTime="345.77" meanSpeed="22.32" meanSpeedRelative="0.70" duration="1"/>
    <step time="72900.00" loaded="79740" inserted="77375" running="142" waiting="2365" ended="77233" arrived="77233" collisions="172" teleports="172" halting="4" stopped="0" meanWaitingTime="2051.98" meanTravelTime="345.67" meanSpeed="21.96" meanSpeedRelative="0.69" duration="1"/>
    <step time="73200.00" loaded="79892" inserted="77553" running="170" waiting="2339" ended="77383" arrived="77383" collisions="172" teleports="172" halting="5" stopped="0" meanWaitingTime="2057.05" meanTravelTime="345.57" meanSpeed="22.09" meanSpeedRelative="0.69" duration="2"/>
    <step time="73500.00" loaded="80046" inserted="77722" running="169" waiting="2324" ended="77553" arrived="77553" collisions="172" teleports="172" halting="8" stopped="0" meanWaitingTime="2062.82" meanTravelTime="345.40" meanSpeed="22.09" meanSpeedRelative="0.69" duration="1"/>
    <step time="73800.00" loaded="80163" inserted="77858" running="149" waiting="2305" ended="77709" arrived="77709" collisions="172" teleports="172" halting="4" stopped="0" meanWaitingTime="2068.56" meanTravelTime="345.40" meanSpeed="22.85" meanSpeedRelative="0.71" duration="2"/>
    <step time="74100.00" loaded="80298" inserted="78013" running="153" waiting="2285" ended="77860" arrived="77860" collisions="172" teleports="172" halting="5" stopped="0" meanWaitingTime="2075.10" meanTravelTime="345.35" meanSpeed="23.42" meanSpeedRelative="0.73" duration="2"/>
    <step time="74400.00" loaded="80426" inserted="78156" running="153" waiting="2270" ended="78003" arrived="78003" collisions="172" teleports="172" halting="3" stopped="0" meanWaitingTime="2081.23" meanTravelTime="345.30" meanSpeed="23.03" meanSpeedRelative="0.72" duration="2"/>
    <step time="74700.00" loaded="80553" inserted="78298" running="141" waiting="2255" ended="78157" arrived="78157" collisions="173" teleports="173" halting="4" stopped="0" meanWaitingTime="2087.05" meanTravelTime="345.28" meanSpeed="22.49" meanSpeedRelative="0.70" duration="2"/>
    <step time="75000.00" loaded="80685" inserted="78445" running="147" waiting="2240" ended="78298" arrived="78298" collisions="173" teleports="173" halting="4" stopped="0" meanWaitingTime="2093.01" meanTravelTime="345.18" meanSpeed="23.67" meanSpeedRelative="0.74" duration="2"/>
    <step time="75300.00" loaded="80820" inserted="78604" running="159" waiting="2216" ended="78445" arrived="78445" collisions="173" teleports="173" halting="6" stopped="0" meanWaitingTime="2099.54" meanTravelTime="345.10" meanSpeed="22.56" meanSpeedRelative="0.70" duration="1"/>
    <step time="75600.00" loaded="80960" inserted="78767" running="163" waiting="2193" ended="78604" arrived="78604" collisions="173" teleports="173" halting="5" stopped="0" meanWaitingTime="2105.85" meanTravelTime="345.02" meanSpeed="22.99" meanSpeedRelative="0.72" duration="84"/>
    <step time="75900.00" loaded="81199" inserted="79008" running="224" waiting="2191" ended="78784" arrived="78784" collisions="173" teleports="173" halting="5" stopped="0" meanWaitingTime="2110.59" meanTravelTime="344.85" meanSpeed="22.53" meanSpeedRelative="0.70" duration="2"/>
    <step time="76200.00" loaded="81410" inserted="79220" running="222" waiting="2190" ended="78998" arrived="78998" collisions="174" teleports="174" halting="3" stopped="0" meanWaitingTime="2115.54" meanTravelTime="344.66" meanSpeed="22.88" meanSpeedRelative="0.72" duration="2"/>
    <step time="76500.00" loaded="81604" inserted="79420" running="197" waiting="2184" ended="79223" arrived="79223" collisions="174" teleports="174" halting="6" stopped="0" meanWaitingTime="2120.65" meanTravelTime="344.56" meanSpeed="23.12" meanSpeedRelative="0.72" duration="2"/>
    <step time="76800.00" loaded="81832" inserted="79638" running="217" waiting="2194" ended="79421" arrived="79421" collisions="175" teleports="175" halting="7" stopped="0" meanWaitingTime="2126.23" meanTravelTime="344.48" meanSpeed="23.29" meanSpeedRelative="0.73" duration="2"/>
    <step time="77100.00" loaded="82048" inserted="79854" running="218" waiting="2194" ended="79636" arrived="79636" collisions="175" teleports="175" halting="9" stopped="0" meanWaitingTime="2131.94" meanTravelTime="344.33" meanSpeed="22.84" meanSpeedRelative="0.71" duration="2"/>
    <step time="77400.00" loaded="82264" inserted="80066" running="218" waiting="2198" ended="79848" arrived="79848" collisions="175" teleports="175" halting="2" stopped="0" meanWaitingTime="2137.18" meanTravelTime="344.20" meanSpeed="24.36" meanSpeedRelative="0.76" duration="1"/>
    <step time="77700.00" loaded="82458" inserted="80282" running="209" waiting="2176" ended="80073" arrived="80073" collisions="176" teleports="176" halting="4" stopped="0" meanWaitingTime="2143.51" meanTravelTime="344.03" meanSpeed="23.63" meanSpeedRelative="0.74" duration="2"/>
    <step time="78000.00" loaded="82667" inserted="80496" running="207" waiting="2171" ended="80289" arrived="80289" collisions="177" teleports="177" halting="6" stopped="0" meanWaitingTime="2149.27" meanTravelTime="343.89" meanSpeed="23.70" meanSpeedRelative="0.74" duration="1"/>
    <step time="78300.00" loaded="82858" inserted="80684" running="195" waiting="2174" ended="80489" arrived="80489" collisions="177" teleports="177" halting="5" stopped="0" meanWaitingTime="2155.79" meanTravelTime="343.82" meanSpeed="23.54" meanSpeedRelative="0.74" duration="1"/>
    <step time="78600.00" loaded="83077" inserted="80907" running="219" waiting="2170" ended="80688" arrived="80688" collisions="177" teleports="177" halting="3" stopped="0" meanWaitingTime="2161.01" meanTravelTime="343.70" meanSpeed="23.86" meanSpeedRelative="0.75" duration="1"/>
    <step time="78900.00" loaded="83274" inserted="81118" running="217" waiting="2156" ended="80901" arrived="80901" collisions="177" teleports="177" halting="6" stopped="0" meanWaitingTime="2167.98" meanTravelTime="343.61" meanSpeed="22.92" meanSpeedRelative="0.72" duration="2"/>
    <step time="79200.00" loaded="83470" inserted="81316" running="218" waiting="2154" ended="81098" arrived="81098" collisions="178" teleports="178" halting="3" stopped="0" meanWaitingTime="2173.54" meanTravelTime="343.53" meanSpeed="22.81" meanSpeedRelative="0.71" duration="87"/>
    <step time="79500.00" loaded="83648" inserted="81511" running="179" waiting="2137" ended="81332" arrived="81332" collisions="179" teleports="179" halting="5" stopped="0" meanWaitingTime="2181.11" meanTravelTime="343.43" meanSpeed="23.62" meanSpeedRelative="0.74" duration="1"/>
    <step time="79800.00" loaded="83816" inserted="81692" running="169" waiting="2124" ended="81523" arrived="81523" collisions="180" teleports="180" halting="3" stopped="0" meanWaitingTime="2187.50" meanTravelTime="343.35" meanSpeed="22.94" meanSpeedRelative="0.72" duration="1"/>
    <step time="80100.00" loaded="83997" inserted="81878" running="189" waiting="2119" ended="81689" arrived="81689" collisions="180" teleports="180" halting="6" stopped="0" meanWaitingTime="2192.89" meanTravelTime="343.24" meanSpeed="22.90" meanSpeedRelative="0.72" duration="1"/>
    <step time="80400.00" loaded="84163" inserted="82063" running="172" waiting="2100" ended="81891" arrived="81891" collisions="180" teleports="180" halting="6" stopped="0" meanWaitingTime="2199.58" meanTravelTime="343.12" meanSpeed="22.98" meanSpeedRelative="0.72" duration="1"/>
    <step time="80700.00" loaded="84342" inserted="82246" running="169" waiting="2096" ended="82077" arrived="82077" collisions="180" teleports="180" halting="4" stopped="0" meanWaitingTime="2205.89" meanTravelTime="343.03" meanSpeed="22.98" meanSpeedRelative="0.72" duration="1"/>
    <step time="81000.00" loaded="84514" inserted="82428" running="184" waiting="2086" ended="82244" arrived="82244" collisions="180" teleports="180" halting="5" stopped="0" meanWaitingTime="2213.07" meanTravelTime="342.94" meanSpeed="22.63" meanSpeedRelative="0.71" duration="2"/>
    <step time="81300.00" loaded="84671" inserted="82593" running="161" waiting="2078" ended="82432" arrived="82432" collisions="180" teleports="180" halting="6" stopped="0" meanWaitingTime="2218.44" meanTravelTime="342.87" meanSpeed="22.33" meanSpeedRelative="0.70" duration="1"/>
    <step time="81600.00" loaded="84845" inserted="82779" running="162" waiting="2066" ended="82617" arrived="82617" collisions="180" teleports="180" halting="2" stopped="0" meanWaitingTime="2225.22" meanTravelTime="342.68" meanSpeed="22.31" meanSpeedRelative="0.70" duration="1"/>
    <step time="81900.00" loaded="85032" inserted="82962" running="163" waiting="2070" ended="82799" arrived="82799" collisions="180" teleports="180" halting="8" stopped="0" meanWaitingTime="2231.45" meanTravelTime="342.54" meanSpeed="21.99" meanSpeedRelative="0.69" duration="1"/>
    <step time="82200.00" loaded="85230" inserted="83156" running="185" waiting="2074" ended="82971" arrived="82971" collisions="180" teleports="180" halting="5" stopped="0" meanWaitingTime="2236.18" meanTravelTime="342.41" meanSpeed="22.71" meanSpeedRelative="0.71" duration="1"/>
    <step time="82500.00" loaded="85415" inserted="83338" running="181" waiting="2077" ended="83157" arrived="83157" collisions="180" teleports="180" halting="3" stopped="0" meanWaitingTime="2240.71" meanTravelTime="342.28" meanSpeed="22.84" meanSpeedRelative="0.71" duration="2"/>
</summary>
