<?xml version="1.0" encoding="UTF-8"?>

<!-- generated on 2025-08-07 21:41:49 by Eclipse SUMO sumo Version 1.23.1
<sumoConfiguration xmlns:xsi="http://www.w3.org/2001/XMLSchema-instance" xsi:noNamespaceSchemaLocation="http://sumo.dlr.de/xsd/sumoConfiguration.xsd">

    <input>
        <net-file value="Desktop\Master Thesis\Network_fin.net.xml"/>
        <route-files value="Desktop\Master Thesis\demand_model_amsterdam.rou.xml"/>
        <additional-files value="Desktop\Master Thesis\Additionnal.add.xml"/>
    </input>

    <output>
        <summary-output value="outputf/summary_coor_alinea_1neigh_method1_K80_target5_92372.xml"/>
        <summary-output.period value="300"/>
        <tripinfo-output value="outputf/tripinfo_coor_alinea_1neigh_method1_K80_target5_92372.xml"/>
    </output>

    <time>
        <begin value="0"/>
        <end value="82800"/>
        <step-length value="1"/>
    </time>

    <processing>
        <time-to-teleport value="-1"/>
    </processing>

    <report>
        <verbose value="true"/>
        <no-step-log value="true"/>
    </report>

    <emissions>
        <device.emissions.period value="10"/>
    </emissions>

    <traci_server>
        <remote-port value="65148"/>
    </traci_server>

    <random_number>
        <seed value="92372"/>
    </random_number>

</sumoConfiguration>
-->

<summary xmlns:xsi="http://www.w3.org/2001/XMLSchema-instance" xsi:noNamespaceSchemaLocation="http://sumo.dlr.de/xsd/summary_file.xsd">
    <step time="0.00" loaded="0" inserted="0" running="0" waiting="0" ended="0" arrived="0" collisions="0" teleports="0" halting="0" stopped="0" meanWaitingTime="-1.00" meanTravelTime="-1.00" meanSpeed="-1.00" meanSpeedRelative="-1.00" duration="0"/>
    <step time="300.00" loaded="181" inserted="181" running="101" waiting="0" ended="80" arrived="80" collisions="0" teleports="0" halting="1" stopped="0" meanWaitingTime="0.54" meanTravelTime="97.45" meanSpeed="25.09" meanSpeedRelative="0.78" duration="0"/>
    <step time="600.00" loaded="369" inserted="367" running="141" waiting="2" ended="226" arrived="226" collisions="0" teleports="0" halting="0" stopped="0" meanWaitingTime="0.47" meanTravelTime="144.00" meanSpeed="24.57" meanSpeedRelative="0.77" duration="1"/>
    <step time="900.00" loaded="560" inserted="560" running="158" waiting="0" ended="402" arrived="402" collisions="0" teleports="0" halting="0" stopped="0" meanWaitingTime="0.43" meanTravelTime="171.27" meanSpeed="25.23" meanSpeedRelative="0.79" duration="1"/>
    <step time="1200.00" loaded="733" inserted="733" running="167" waiting="0" ended="566" arrived="566" collisions="0" teleports="0" halting="2" stopped="0" meanWaitingTime="0.43" meanTravelTime="192.59" meanSpeed="25.67" meanSpeedRelative="0.80" duration="1"/>
    <step time="1500.00" loaded="903" inserted="903" running="158" waiting="0" ended="745" arrived="745" collisions="0" teleports="0" halting="1" stopped="0" meanWaitingTime="0.44" meanTravelTime="213.33" meanSpeed="25.15" meanSpeedRelative="0.79" duration="1"/>
    <step time="1800.00" loaded="1104" inserted="1104" running="168" waiting="0" ended="936" arrived="936" collisions="0" teleports="0" halting="2" stopped="0" meanWaitingTime="0.43" meanTravelTime="220.57" meanSpeed="25.25" meanSpeedRelative="0.79" duration="1"/>
    <step time="2100.00" loaded="1309" inserted="1309" running="177" waiting="0" ended="1132" arrived="1132" collisions="0" teleports="0" halting="1" stopped="0" meanWaitingTime="0.43" meanTravelTime="226.95" meanSpeed="24.43" meanSpeedRelative="0.76" duration="1"/>
    <step time="2400.00" loaded="1486" inserted="1486" running="158" waiting="0" ended="1328" arrived="1328" collisions="0" teleports="0" halting="1" stopped="0" meanWaitingTime="0.44" meanTravelTime="229.48" meanSpeed="25.60" meanSpeedRelative="0.80" duration="1"/>
    <step time="2700.00" loaded="1667" inserted="1667" running="140" waiting="0" ended="1527" arrived="1527" collisions="0" teleports="0" halting="4" stopped="0" meanWaitingTime="0.45" meanTravelTime="234.60" meanSpeed="23.94" meanSpeedRelative="0.75" duration="1"/>
    <step time="3000.00" loaded="1836" inserted="1836" running="131" waiting="0" ended="1705" arrived="1705" collisions="1" teleports="1" halting="0" stopped="0" meanWaitingTime="0.43" meanTravelTime="236.23" meanSpeed="25.15" meanSpeedRelative="0.79" duration="2"/>
    <step time="3300.00" loaded="2018" inserted="2017" running="158" waiting="1" ended="1859" arrived="1859" collisions="2" teleports="2" halting="0" stopped="0" meanWaitingTime="0.47" meanTravelTime="235.09" meanSpeed="23.85" meanSpeedRelative="0.75" duration="1"/>
    <step time="3600.00" loaded="2205" inserted="2197" running="161" waiting="8" ended="2036" arrived="2036" collisions="2" teleports="2" halting="4" stopped="0" meanWaitingTime="1.04" meanTravelTime="237.17" meanSpeed="24.40" meanSpeedRelative="0.76" duration="85"/>
    <step time="3900.00" loaded="2319" inserted="2319" running="122" waiting="0" ended="2197" arrived="2197" collisions="2" teleports="2" halting="5" stopped="0" meanWaitingTime="1.84" meanTravelTime="239.17" meanSpeed="23.99" meanSpeedRelative="0.75" duration="1"/>
    <step time="4200.00" loaded="2422" inserted="2422" running="95" waiting="0" ended="2327" arrived="2327" collisions="2" teleports="2" halting="0" stopped="0" meanWaitingTime="1.78" meanTravelTime="242.31" meanSpeed="25.64" meanSpeedRelative="0.80" duration="1"/>
    <step time="4500.00" loaded="2529" inserted="2529" running="94" waiting="0" ended="2435" arrived="2435" collisions="2" teleports="2" halting="1" stopped="0" meanWaitingTime="1.73" meanTravelTime="244.89" meanSpeed="25.82" meanSpeedRelative="0.81" duration="0"/>
    <step time="4800.00" loaded="2662" inserted="2661" running="109" waiting="1" ended="2552" arrived="2552" collisions="2" teleports="2" halting="3" stopped="0" meanWaitingTime="1.67" meanTravelTime="244.85" meanSpeed="24.34" meanSpeedRelative="0.76" duration="0"/>
    <step time="5100.00" loaded="2766" inserted="2766" running="83" waiting="0" ended="2683" arrived="2683" collisions="2" teleports="2" halting="1" stopped="0" meanWaitingTime="1.62" meanTravelTime="244.58" meanSpeed="25.51" meanSpeedRelative="0.80" duration="1"/>
    <step time="5400.00" loaded="2868" inserted="2868" running="94" waiting="0" ended="2774" arrived="2774" collisions="3" teleports="3" halting="1" stopped="0" meanWaitingTime="1.57" meanTravelTime="245.31" meanSpeed="26.02" meanSpeedRelative="0.81" duration="1"/>
    <step time="5700.00" loaded="2974" inserted="2974" running="88" waiting="0" ended="2886" arrived="2886" collisions="3" teleports="3" halting="0" stopped="0" meanWaitingTime="1.52" meanTravelTime="245.45" meanSpeed="25.59" meanSpeedRelative="0.80" duration="0"/>
    <step time="6000.00" loaded="3081" inserted="3081" running="89" waiting="0" ended="2992" arrived="2992" collisions="3" teleports="3" halting="0" stopped="0" meanWaitingTime="1.48" meanTravelTime="244.62" meanSpeed="24.97" meanSpeedRelative="0.78" duration="0"/>
    <step time="6300.00" loaded="3191" inserted="3191" running="97" waiting="0" ended="3094" arrived="3094" collisions="3" teleports="3" halting="1" stopped="0" meanWaitingTime="1.43" meanTravelTime="243.37" meanSpeed="26.20" meanSpeedRelative="0.82" duration="1"/>
    <step time="6600.00" loaded="3313" inserted="3313" running="104" waiting="0" ended="3209" arrived="3209" collisions="3" teleports="3" halting="1" stopped="0" meanWaitingTime="1.39" meanTravelTime="244.82" meanSpeed="25.79" meanSpeedRelative="0.81" duration="1"/>
    <step time="6900.00" loaded="3414" inserted="3414" running="92" waiting="0" ended="3322" arrived="3322" collisions="4" teleports="4" halting="1" stopped="0" meanWaitingTime="1.36" meanTravelTime="245.31" meanSpeed="25.66" meanSpeedRelative="0.80" duration="1"/>
    <step time="7200.00" loaded="3528" inserted="3519" running="89" waiting="9" ended="3430" arrived="3430" collisions="4" teleports="4" halting="0" stopped="0" meanWaitingTime="1.42" meanTravelTime="245.92" meanSpeed="26.04" meanSpeedRelative="0.81" duration="86"/>
    <step time="7500.00" loaded="3685" inserted="3671" running="122" waiting="14" ended="3549" arrived="3549" collisions="4" teleports="4" halting="2" stopped="0" meanWaitingTime="1.94" meanTravelTime="245.47" meanSpeed="24.99" meanSpeedRelative="0.78" duration="1"/>
    <step time="7800.00" loaded="3845" inserted="3832" running="139" waiting="13" ended="3693" arrived="3693" collisions="4" teleports="4" halting="4" stopped="0" meanWaitingTime="2.86" meanTravelTime="246.24" meanSpeed="24.55" meanSpeedRelative="0.77" duration="1"/>
    <step time="8100.00" loaded="4018" inserted="3989" running="140" waiting="29" ended="3849" arrived="3849" collisions="4" teleports="4" halting="0" stopped="0" meanWaitingTime="3.70" meanTravelTime="246.19" meanSpeed="24.79" meanSpeedRelative="0.77" duration="1"/>
    <step time="8400.00" loaded="4169" inserted="4136" running="149" waiting="33" ended="3987" arrived="3987" collisions="4" teleports="4" halting="0" stopped="0" meanWaitingTime="5.43" meanTravelTime="246.08" meanSpeed="25.69" meanSpeedRelative="0.80" duration="1"/>
    <step time="8700.00" loaded="4317" inserted="4283" running="122" waiting="34" ended="4161" arrived="4161" collisions="4" teleports="4" halting="5" stopped="0" meanWaitingTime="7.22" meanTravelTime="248.44" meanSpeed="24.42" meanSpeedRelative="0.76" duration="0"/>
    <step time="9000.00" loaded="4477" inserted="4430" running="126" waiting="47" ended="4304" arrived="4304" collisions="4" teleports="4" halting="1" stopped="0" meanWaitingTime="9.08" meanTravelTime="248.26" meanSpeed="24.33" meanSpeedRelative="0.76" duration="1"/>
    <step time="9300.00" loaded="4637" inserted="4586" running="128" waiting="51" ended="4458" arrived="4458" collisions="4" teleports="4" halting="1" stopped="0" meanWaitingTime="11.27" meanTravelTime="248.52" meanSpeed="24.04" meanSpeedRelative="0.75" duration="0"/>
    <step time="9600.00" loaded="4793" inserted="4735" running="128" waiting="58" ended="4607" arrived="4607" collisions="4" teleports="4" halting="2" stopped="0" meanWaitingTime="13.71" meanTravelTime="249.16" meanSpeed="24.27" meanSpeedRelative="0.76" duration="1"/>
    <step time="9900.00" loaded="4953" inserted="4897" running="126" waiting="56" ended="4771" arrived="4771" collisions="4" teleports="4" halting="2" stopped="0" meanWaitingTime="16.46" meanTravelTime="248.96" meanSpeed="24.12" meanSpeedRelative="0.75" duration="1"/>
    <step time="10200.00" loaded="5102" inserted="5037" running="118" waiting="65" ended="4919" arrived="4919" collisions="4" teleports="4" halting="1" stopped="0" meanWaitingTime="19.03" meanTravelTime="249.09" meanSpeed="25.14" meanSpeedRelative="0.79" duration="1"/>
    <step time="10500.00" loaded="5246" inserted="5177" running="115" waiting="69" ended="5062" arrived="5062" collisions="4" teleports="4" halting="2" stopped="0" meanWaitingTime="21.95" meanTravelTime="248.89" meanSpeed="24.61" meanSpeedRelative="0.77" duration="1"/>
    <step time="10800.00" loaded="5391" inserted="5315" running="105" waiting="76" ended="5210" arrived="5210" collisions="4" teleports="4" halting="1" stopped="0" meanWaitingTime="24.64" meanTravelTime="248.30" meanSpeed="25.14" meanSpeedRelative="0.79" duration="89"/>
    <step time="11100.00" loaded="5531" inserted="5450" running="108" waiting="81" ended="5342" arrived="5342" collisions="5" teleports="5" halting="3" stopped="0" meanWaitingTime="27.79" meanTravelTime="248.35" meanSpeed="24.02" meanSpeedRelative="0.75" duration="0"/>
    <step time="11400.00" loaded="5674" inserted="5596" running="120" waiting="78" ended="5476" arrived="5476" collisions="5" teleports="5" halting="1" stopped="0" meanWaitingTime="30.78" meanTravelTime="247.80" meanSpeed="24.42" meanSpeedRelative="0.76" duration="0"/>
    <step time="11700.00" loaded="5832" inserted="5751" running="126" waiting="81" ended="5625" arrived="5625" collisions="5" teleports="5" halting="4" stopped="0" meanWaitingTime="33.77" meanTravelTime="247.85" meanSpeed="23.53" meanSpeedRelative="0.74" duration="1"/>
    <step time="12000.00" loaded="5972" inserted="5890" running="117" waiting="82" ended="5773" arrived="5773" collisions="5" teleports="5" halting="0" stopped="0" meanWaitingTime="36.89" meanTravelTime="247.44" meanSpeed="24.33" meanSpeedRelative="0.76" duration="1"/>
    <step time="12300.00" loaded="6105" inserted="6023" running="102" waiting="82" ended="5921" arrived="5921" collisions="5" teleports="5" halting="0" stopped="0" meanWaitingTime="39.76" meanTravelTime="247.44" meanSpeed="24.78" meanSpeedRelative="0.77" duration="1"/>
    <step time="12600.00" loaded="6250" inserted="6168" running="114" waiting="82" ended="6054" arrived="6054" collisions="5" teleports="5" halting="2" stopped="0" meanWaitingTime="42.70" meanTravelTime="247.39" meanSpeed="23.80" meanSpeedRelative="0.74" duration="1"/>
    <step time="12900.00" loaded="6391" inserted="6310" running="115" waiting="81" ended="6195" arrived="6195" collisions="5" teleports="5" halting="1" stopped="0" meanWaitingTime="45.79" meanTravelTime="246.57" meanSpeed="24.21" meanSpeedRelative="0.76" duration="1"/>
    <step time="13200.00" loaded="6539" inserted="6436" running="109" waiting="103" ended="6327" arrived="6327" collisions="5" teleports="5" halting="0" stopped="0" meanWaitingTime="48.57" meanTravelTime="246.76" meanSpeed="24.44" meanSpeedRelative="0.76" duration="1"/>
    <step time="13500.00" loaded="6675" inserted="6579" running="95" waiting="96" ended="6484" arrived="6484" collisions="5" teleports="5" halting="3" stopped="0" meanWaitingTime="51.90" meanTravelTime="246.42" meanSpeed="23.62" meanSpeedRelative="0.74" duration="0"/>
    <step time="13800.00" loaded="6834" inserted="6736" running="121" waiting="98" ended="6615" arrived="6615" collisions="5" teleports="5" halting="5" stopped="0" meanWaitingTime="54.18" meanTravelTime="245.64" meanSpeed="23.60" meanSpeedRelative="0.74" duration="1"/>
    <step time="14100.00" loaded="6988" inserted="6876" running="113" waiting="112" ended="6763" arrived="6763" collisions="5" teleports="5" halting="0" stopped="0" meanWaitingTime="56.76" meanTravelTime="245.33" meanSpeed="24.92" meanSpeedRelative="0.78" duration="1"/>
    <step time="14400.00" loaded="7164" inserted="7042" running="114" waiting="122" ended="6928" arrived="6928" collisions="5" teleports="5" halting="2" stopped="0" meanWaitingTime="59.82" meanTravelTime="245.37" meanSpeed="24.69" meanSpeedRelative="0.77" duration="91"/>
    <step time="14700.00" loaded="7263" inserted="7146" running="93" waiting="117" ended="7053" arrived="7053" collisions="5" teleports="5" halting="1" stopped="0" meanWaitingTime="62.12" meanTravelTime="245.34" meanSpeed="24.83" meanSpeedRelative="0.78" duration="0"/>
    <step time="15000.00" loaded="7371" inserted="7253" running="87" waiting="118" ended="7166" arrived="7166" collisions="5" teleports="5" halting="2" stopped="0" meanWaitingTime="65.55" meanTravelTime="245.27" meanSpeed="23.90" meanSpeedRelative="0.75" duration="1"/>
    <step time="15300.00" loaded="7477" inserted="7358" running="78" waiting="119" ended="7280" arrived="7280" collisions="5" teleports="5" halting="2" stopped="0" meanWaitingTime="68.67" meanTravelTime="245.14" meanSpeed="23.65" meanSpeedRelative="0.74" duration="0"/>
    <step time="15600.00" loaded="7559" inserted="7441" running="63" waiting="118" ended="7378" arrived="7378" collisions="5" teleports="5" halting="6" stopped="0" meanWaitingTime="72.16" meanTravelTime="245.53" meanSpeed="22.54" meanSpeedRelative="0.70" duration="0"/>
    <step time="15900.00" loaded="7661" inserted="7549" running="75" waiting="112" ended="7474" arrived="7474" collisions="5" teleports="5" halting="0" stopped="0" meanWaitingTime="76.01" meanTravelTime="245.10" meanSpeed="24.77" meanSpeedRelative="0.77" duration="1"/>
    <step time="16200.00" loaded="7781" inserted="7675" running="98" waiting="106" ended="7577" arrived="7577" collisions="5" teleports="5" halting="1" stopped="0" meanWaitingTime="79.65" meanTravelTime="244.65" meanSpeed="23.71" meanSpeedRelative="0.74" duration="0"/>
    <step time="16500.00" loaded="7884" inserted="7783" running="84" waiting="101" ended="7699" arrived="7699" collisions="5" teleports="5" halting="7" stopped="0" meanWaitingTime="83.03" meanTravelTime="243.98" meanSpeed="22.44" meanSpeedRelative="0.70" duration="0"/>
    <step time="16800.00" loaded="7987" inserted="7892" running="88" waiting="95" ended="7804" arrived="7804" collisions="5" teleports="5" halting="0" stopped="0" meanWaitingTime="86.17" meanTravelTime="243.75" meanSpeed="24.31" meanSpeedRelative="0.76" duration="0"/>
    <step time="17100.00" loaded="8084" inserted="7995" running="90" waiting="89" ended="7905" arrived="7905" collisions="6" teleports="6" halting="3" stopped="0" meanWaitingTime="89.59" meanTravelTime="243.75" meanSpeed="24.17" meanSpeedRelative="0.76" duration="1"/>
    <step time="17400.00" loaded="8183" inserted="8101" running="81" waiting="82" ended="8020" arrived="8020" collisions="6" teleports="6" halting="1" stopped="0" meanWaitingTime="92.37" meanTravelTime="243.99" meanSpeed="24.13" meanSpeedRelative="0.75" duration="0"/>
    <step time="17700.00" loaded="8285" inserted="8207" running="77" waiting="78" ended="8130" arrived="8130" collisions="6" teleports="6" halting="2" stopped="0" meanWaitingTime="95.19" meanTravelTime="243.93" meanSpeed="23.54" meanSpeedRelative="0.74" duration="1"/>
    <step time="18000.00" loaded="8384" inserted="8305" running="76" waiting="79" ended="8229" arrived="8229" collisions="6" teleports="6" halting="3" stopped="0" meanWaitingTime="97.33" meanTravelTime="243.45" meanSpeed="24.00" meanSpeedRelative="0.75" duration="79"/>
    <step time="18300.00" loaded="8595" inserted="8505" running="143" waiting="90" ended="8362" arrived="8362" collisions="6" teleports="6" halting="3" stopped="0" meanWaitingTime="98.76" meanTravelTime="242.92" meanSpeed="23.98" meanSpeedRelative="0.75" duration="0"/>
    <step time="18600.00" loaded="8805" inserted="8703" running="153" waiting="102" ended="8550" arrived="8550" collisions="6" teleports="6" halting="5" stopped="0" meanWaitingTime="99.46" meanTravelTime="241.86" meanSpeed="24.35" meanSpeedRelative="0.76" duration="1"/>
    <step time="18900.00" loaded="8989" inserted="8876" running="141" waiting="113" ended="8735" arrived="8735" collisions="6" teleports="6" halting="0" stopped="0" meanWaitingTime="99.82" meanTravelTime="241.78" meanSpeed="25.88" meanSpeedRelative="0.81" duration="1"/>
    <step time="19200.00" loaded="9182" inserted="9053" running="149" waiting="129" ended="8904" arrived="8904" collisions="6" teleports="6" halting="1" stopped="0" meanWaitingTime="100.56" meanTravelTime="242.26" meanSpeed="24.64" meanSpeedRelative="0.77" duration="1"/>
    <step time="19500.00" loaded="9372" inserted="9226" running="143" waiting="146" ended="9083" arrived="9083" collisions="6" teleports="6" halting="6" stopped="0" meanWaitingTime="101.47" meanTravelTime="242.59" meanSpeed="25.61" meanSpeedRelative="0.80" duration="1"/>
    <step time="19800.00" loaded="9588" inserted="9429" running="156" waiting="159" ended="9273" arrived="9273" collisions="6" teleports="6" halting="1" stopped="0" meanWaitingTime="102.82" meanTravelTime="242.16" meanSpeed="24.37" meanSpeedRelative="0.76" duration="1"/>
    <step time="20100.00" loaded="9774" inserted="9606" running="129" waiting="168" ended="9477" arrived="9477" collisions="6" teleports="6" halting="5" stopped="0" meanWaitingTime="104.18" meanTravelTime="242.25" meanSpeed="23.15" meanSpeedRelative="0.72" duration="1"/>
    <step time="20400.00" loaded="9986" inserted="9800" running="158" waiting="186" ended="9642" arrived="9642" collisions="6" teleports="6" halting="1" stopped="0" meanWaitingTime="105.72" meanTravelTime="242.31" meanSpeed="23.87" meanSpeedRelative="0.75" duration="1"/>
    <step time="20700.00" loaded="10186" inserted="9995" running="179" waiting="191" ended="9816" arrived="9816" collisions="7" teleports="7" halting="4" stopped="0" meanWaitingTime="108.35" meanTravelTime="242.43" meanSpeed="23.62" meanSpeedRelative="0.74" duration="1"/>
    <step time="21000.00" loaded="10363" inserted="10165" running="154" waiting="198" ended="10011" arrived="10011" collisions="8" teleports="8" halting="4" stopped="0" meanWaitingTime="110.56" meanTravelTime="243.13" meanSpeed="24.21" meanSpeedRelative="0.76" duration="1"/>
    <step time="21300.00" loaded="10564" inserted="10350" running="155" waiting="214" ended="10195" arrived="10195" collisions="8" teleports="8" halting="1" stopped="0" meanWaitingTime="112.29" meanTravelTime="243.38" meanSpeed="24.02" meanSpeedRelative="0.75" duration="1"/>
    <step time="21600.00" loaded="10764" inserted="10545" running="176" waiting="219" ended="10369" arrived="10369" collisions="8" teleports="8" halting="2" stopped="0" meanWaitingTime="115.50" meanTravelTime="243.94" meanSpeed="24.47" meanSpeedRelative="0.76" duration="80"/>
    <step time="21900.00" loaded="11237" inserted="10947" running="305" waiting="290" ended="10642" arrived="10642" collisions="8" teleports="8" halting="5" stopped="0" meanWaitingTime="117.43" meanTravelTime="243.58" meanSpeed="22.20" meanSpeedRelative="0.69" duration="2"/>
    <step time="22200.00" loaded="11720" inserted="11367" running="403" waiting="353" ended="10964" arrived="10964" collisions="8" teleports="8" halting="9" stopped="0" meanWaitingTime="122.68" meanTravelTime="243.71" meanSpeed="21.29" meanSpeedRelative="0.67" duration="2"/>
    <step time="22500.00" loaded="12185" inserted="11755" running="398" waiting="430" ended="11357" arrived="11357" collisions="8" teleports="8" halting="8" stopped="0" meanWaitingTime="126.55" meanTravelTime="245.07" meanSpeed="21.10" meanSpeedRelative="0.66" duration="1"/>
    <step time="22800.00" loaded="12655" inserted="12152" running="397" waiting="503" ended="11755" arrived="11755" collisions="8" teleports="8" halting="7" stopped="0" meanWaitingTime="130.34" meanTravelTime="246.91" meanSpeed="21.04" meanSpeedRelative="0.66" duration="2"/>
    <step time="23100.00" loaded="13155" inserted="12572" running="419" waiting="583" ended="12153" arrived="12153" collisions="10" teleports="10" halting="6" stopped="0" meanWaitingTime="134.35" meanTravelTime="248.49" meanSpeed="21.57" meanSpeedRelative="0.67" duration="3"/>
    <step time="23400.00" loaded="13593" inserted="12923" running="398" waiting="670" ended="12525" arrived="12525" collisions="10" teleports="10" halting="4" stopped="0" meanWaitingTime="139.58" meanTravelTime="250.71" meanSpeed="20.70" meanSpeedRelative="0.65" duration="3"/>
    <step time="23700.00" loaded="14038" inserted="13304" running="406" waiting="734" ended="12898" arrived="12898" collisions="10" teleports="10" halting="5" stopped="0" meanWaitingTime="145.60" meanTravelTime="253.04" meanSpeed="20.80" meanSpeedRelative="0.65" duration="3"/>
    <step time="24000.00" loaded="14487" inserted="13715" running="419" waiting="772" ended="13296" arrived="13296" collisions="10" teleports="10" halting="8" stopped="0" meanWaitingTime="152.69" meanTravelTime="254.80" meanSpeed="20.31" meanSpeedRelative="0.63" duration="2"/>
    <step time="24300.00" loaded="14947" inserted="14104" running="430" waiting="843" ended="13674" arrived="13674" collisions="12" teleports="12" halting="9" stopped="0" meanWaitingTime="159.35" meanTravelTime="256.31" meanSpeed="21.42" meanSpeedRelative="0.67" duration="3"/>
    <step time="24600.00" loaded="15441" inserted="14520" running="450" waiting="921" ended="14070" arrived="14070" collisions="12" teleports="12" halting="2" stopped="0" meanWaitingTime="167.28" meanTravelTime="258.58" meanSpeed="21.05" meanSpeedRelative="0.66" duration="3"/>
    <step time="24900.00" loaded="15941" inserted="14928" running="445" waiting="1013" ended="14483" arrived="14483" collisions="13" teleports="13" halting="6" stopped="0" meanWaitingTime="176.63" meanTravelTime="260.31" meanSpeed="20.50" meanSpeedRelative="0.64" duration="2"/>
    <step time="25200.00" loaded="16415" inserted="15329" running="451" waiting="1086" ended="14878" arrived="14878" collisions="14" teleports="14" halting="8" stopped="0" meanWaitingTime="186.43" meanTravelTime="261.94" meanSpeed="19.25" meanSpeedRelative="0.60" duration="88"/>
    <step time="25500.00" loaded="17018" inserted="15762" running="503" waiting="1256" ended="15259" arrived="15259" collisions="16" teleports="16" halting="10" stopped="0" meanWaitingTime="195.92" meanTravelTime="263.58" meanSpeed="20.27" meanSpeedRelative="0.63" duration="3"/>
    <step time="25800.00" loaded="17554" inserted="16230" running="528" waiting="1324" ended="15702" arrived="15702" collisions="19" teleports="19" halting="6" stopped="0" meanWaitingTime="207.55" meanTravelTime="265.61" meanSpeed="19.98" meanSpeedRelative="0.62" duration="3"/>
    <step time="26100.00" loaded="18119" inserted="16676" running="538" waiting="1443" ended="16138" arrived="16138" collisions="20" teleports="20" halting="6" stopped="0" meanWaitingTime="218.88" meanTravelTime="268.14" meanSpeed="19.48" meanSpeedRelative="0.61" duration="4"/>
    <step time="26400.00" loaded="18693" inserted="17147" running="548" waiting="1546" ended="16599" arrived="16599" collisions="21" teleports="21" halting="11" stopped="0" meanWaitingTime="232.03" meanTravelTime="270.70" meanSpeed="18.86" meanSpeedRelative="0.59" duration="3"/>
    <step time="26700.00" loaded="19269" inserted="17598" running="496" waiting="1671" ended="17102" arrived="17102" collisions="21" teleports="21" halting="3" stopped="0" meanWaitingTime="246.54" meanTravelTime="273.01" meanSpeed="19.58" meanSpeedRelative="0.61" duration="3"/>
    <step time="27000.00" loaded="19837" inserted="18076" running="522" waiting="1761" ended="17554" arrived="17554" collisions="21" teleports="21" halting="6" stopped="0" meanWaitingTime="261.25" meanTravelTime="274.71" meanSpeed="18.67" meanSpeedRelative="0.58" duration="3"/>
    <step time="27300.00" loaded="20406" inserted="18539" running="520" waiting="1867" ended="18019" arrived="18019" collisions="22" teleports="22" halting="8" stopped="0" meanWaitingTime="276.55" meanTravelTime="275.78" meanSpeed="19.15" meanSpeedRelative="0.60" duration="4"/>
    <step time="27600.00" loaded="20946" inserted="18999" running="536" waiting="1947" ended="18463" arrived="18463" collisions="24" teleports="24" halting="10" stopped="0" meanWaitingTime="292.58" meanTravelTime="277.03" meanSpeed="18.43" meanSpeedRelative="0.58" duration="3"/>
    <step time="27900.00" loaded="21485" inserted="19470" running="534" waiting="2015" ended="18936" arrived="18936" collisions="24" teleports="24" halting="8" stopped="0" meanWaitingTime="308.09" meanTravelTime="279.05" meanSpeed="18.36" meanSpeedRelative="0.57" duration="3"/>
    <step time="28200.00" loaded="22033" inserted="19922" running="536" waiting="2111" ended="19386" arrived="19386" collisions="26" teleports="26" halting="4" stopped="0" meanWaitingTime="324.09" meanTravelTime="280.69" meanSpeed="19.37" meanSpeedRelative="0.61" duration="4"/>
    <step time="28500.00" loaded="22629" inserted="20390" running="520" waiting="2239" ended="19870" arrived="19870" collisions="26" teleports="26" halting="4" stopped="0" meanWaitingTime="339.72" meanTravelTime="282.19" meanSpeed="18.51" meanSpeedRelative="0.58" duration="3"/>
    <step time="28800.00" loaded="23189" inserted="20846" running="550" waiting="2343" ended="20296" arrived="20296" collisions="26" teleports="26" halting="5" stopped="0" meanWaitingTime="356.22" meanTravelTime="283.44" meanSpeed="18.74" meanSpeedRelative="0.59" duration="88"/>
    <step time="29100.00" loaded="23561" inserted="21268" running="504" waiting="2293" ended="20764" arrived="20764" collisions="28" teleports="28" halting="8" stopped="0" meanWaitingTime="372.91" meanTravelTime="285.15" meanSpeed="19.26" meanSpeedRelative="0.60" duration="3"/>
    <step time="29400.00" loaded="23901" inserted="21662" running="473" waiting="2239" ended="21189" arrived="21189" collisions="29" teleports="29" halting="7" stopped="0" meanWaitingTime="389.52" meanTravelTime="286.54" meanSpeed="19.10" meanSpeedRelative="0.60" duration="4"/>
    <step time="29700.00" loaded="24276" inserted="22116" running="494" waiting="2160" ended="21622" arrived="21622" collisions="29" teleports="29" halting="6" stopped="0" meanWaitingTime="407.81" meanTravelTime="288.14" meanSpeed="18.84" meanSpeedRelative="0.59" duration="3"/>
    <step time="30000.00" loaded="24603" inserted="22541" running="484" waiting="2062" ended="22057" arrived="22057" collisions="29" teleports="29" halting="6" stopped="0" meanWaitingTime="425.22" meanTravelTime="288.98" meanSpeed="17.93" meanSpeedRelative="0.56" duration="3"/>
    <step time="30300.00" loaded="24963" inserted="22968" running="493" waiting="1995" ended="22475" arrived="22475" collisions="29" teleports="29" halting="4" stopped="0" meanWaitingTime="441.09" meanTravelTime="289.69" meanSpeed="19.09" meanSpeedRelative="0.60" duration="3"/>
    <step time="30600.00" loaded="25310" inserted="23386" running="488" waiting="1924" ended="22898" arrived="22898" collisions="31" teleports="31" halting="6" stopped="0" meanWaitingTime="458.14" meanTravelTime="290.95" meanSpeed="18.03" meanSpeedRelative="0.56" duration="4"/>
    <step time="30900.00" loaded="25653" inserted="23785" running="404" waiting="1868" ended="23381" arrived="23381" collisions="34" teleports="34" halting="7" stopped="0" meanWaitingTime="474.65" meanTravelTime="292.10" meanSpeed="18.88" meanSpeedRelative="0.59" duration="2"/>
    <step time="31200.00" loaded="25995" inserted="24176" running="396" waiting="1819" ended="23780" arrived="23780" collisions="34" teleports="34" halting="3" stopped="0" meanWaitingTime="488.80" meanTravelTime="292.35" meanSpeed="20.03" meanSpeedRelative="0.63" duration="3"/>
    <step time="31500.00" loaded="26373" inserted="24581" running="403" waiting="1792" ended="24178" arrived="24178" collisions="35" teleports="35" halting="5" stopped="0" meanWaitingTime="500.56" meanTravelTime="292.56" meanSpeed="20.90" meanSpeedRelative="0.65" duration="2"/>
    <step time="31800.00" loaded="26724" inserted="24966" running="392" waiting="1758" ended="24574" arrived="24574" collisions="35" teleports="35" halting="6" stopped="0" meanWaitingTime="513.68" meanTravelTime="292.65" meanSpeed="20.77" meanSpeedRelative="0.65" duration="2"/>
    <step time="32100.00" loaded="27082" inserted="25337" running="386" waiting="1745" ended="24951" arrived="24951" collisions="35" teleports="35" halting="7" stopped="0" meanWaitingTime="525.23" meanTravelTime="292.97" meanSpeed="20.39" meanSpeedRelative="0.64" duration="2"/>
    <step time="32400.00" loaded="27439" inserted="25735" running="393" waiting="1704" ended="25342" arrived="25342" collisions="36" teleports="36" halting="1" stopped="0" meanWaitingTime="536.16" meanTravelTime="293.10" meanSpeed="20.59" meanSpeedRelative="0.64" duration="87"/>
    <step time="32700.00" loaded="27714" inserted="26059" running="350" waiting="1655" ended="25709" arrived="25709" collisions="36" teleports="36" halting="4" stopped="0" meanWaitingTime="547.29" meanTravelTime="293.30" meanSpeed="22.32" meanSpeedRelative="0.70" duration="2"/>
    <step time="33000.00" loaded="27969" inserted="26347" running="294" waiting="1622" ended="26053" arrived="26053" collisions="37" teleports="37" halting="9" stopped="0" meanWaitingTime="558.38" meanTravelTime="293.66" meanSpeed="21.95" meanSpeedRelative="0.69" duration="2"/>
    <step time="33300.00" loaded="28218" inserted="26638" running="282" waiting="1580" ended="26356" arrived="26356" collisions="37" teleports="37" halting="0" stopped="0" meanWaitingTime="568.97" meanTravelTime="293.84" meanSpeed="21.03" meanSpeedRelative="0.66" duration="1"/>
    <step time="33600.00" loaded="28499" inserted="26954" running="288" waiting="1545" ended="26666" arrived="26666" collisions="38" teleports="38" halting="4" stopped="0" meanWaitingTime="579.31" meanTravelTime="293.76" meanSpeed="22.39" meanSpeedRelative="0.70" duration="1"/>
    <step time="33900.00" loaded="28764" inserted="27255" running="260" waiting="1509" ended="26995" arrived="26995" collisions="39" teleports="39" halting="11" stopped="0" meanWaitingTime="590.35" meanTravelTime="293.55" meanSpeed="21.50" meanSpeedRelative="0.67" duration="2"/>
    <step time="34200.00" loaded="29052" inserted="27574" running="283" waiting="1478" ended="27291" arrived="27291" collisions="39" teleports="39" halting="6" stopped="0" meanWaitingTime="601.03" meanTravelTime="293.38" meanSpeed="22.11" meanSpeedRelative="0.69" duration="2"/>
    <step time="34500.00" loaded="29300" inserted="27881" running="268" waiting="1419" ended="27613" arrived="27613" collisions="39" teleports="39" halting="2" stopped="0" meanWaitingTime="612.50" meanTravelTime="292.99" meanSpeed="21.91" meanSpeedRelative="0.68" duration="2"/>
    <step time="34800.00" loaded="29591" inserted="28210" running="289" waiting="1381" ended="27921" arrived="27921" collisions="39" teleports="39" halting="7" stopped="0" meanWaitingTime="622.20" meanTravelTime="292.76" meanSpeed="21.56" meanSpeedRelative="0.67" duration="2"/>
    <step time="35100.00" loaded="29862" inserted="28526" running="290" waiting="1336" ended="28236" arrived="28236" collisions="39" teleports="39" halting="4" stopped="0" meanWaitingTime="631.71" meanTravelTime="292.46" meanSpeed="21.41" meanSpeedRelative="0.67" duration="2"/>
    <step time="35400.00" loaded="30122" inserted="28818" running="275" waiting="1304" ended="28543" arrived="28543" collisions="40" teleports="40" halting="3" stopped="0" meanWaitingTime="639.86" meanTravelTime="292.28" meanSpeed="22.15" meanSpeedRelative="0.69" duration="2"/>
    <step time="35700.00" loaded="30372" inserted="29114" running="285" waiting="1258" ended="28829" arrived="28829" collisions="40" teleports="40" halting="5" stopped="0" meanWaitingTime="648.48" meanTravelTime="291.97" meanSpeed="21.70" meanSpeedRelative="0.68" duration="1"/>
    <step time="36000.00" loaded="30623" inserted="29402" running="273" waiting="1221" ended="29129" arrived="29129" collisions="40" teleports="40" halting="3" stopped="0" meanWaitingTime="655.99" meanTravelTime="292.07" meanSpeed="21.77" meanSpeedRelative="0.68" duration="83"/>
    <step time="36300.00" loaded="31120" inserted="29830" running="362" waiting="1290" ended="29468" arrived="29468" collisions="41" teleports="41" halting="9" stopped="0" meanWaitingTime="660.75" meanTravelTime="291.73" meanSpeed="21.38" meanSpeedRelative="0.67" duration="2"/>
    <step time="36600.00" loaded="31582" inserted="30260" running="406" waiting="1322" ended="29854" arrived="29854" collisions="41" teleports="41" halting="8" stopped="0" meanWaitingTime="665.88" meanTravelTime="291.48" meanSpeed="20.96" meanSpeedRelative="0.65" duration="3"/>
    <step time="36900.00" loaded="32048" inserted="30691" running="414" waiting="1357" ended="30277" arrived="30277" collisions="43" teleports="43" halting="4" stopped="0" meanWaitingTime="671.09" meanTravelTime="291.32" meanSpeed="20.57" meanSpeedRelative="0.64" duration="2"/>
    <step time="37200.00" loaded="32480" inserted="31108" running="453" waiting="1372" ended="30655" arrived="30655" collisions="45" teleports="45" halting="8" stopped="0" meanWaitingTime="676.13" meanTravelTime="291.31" meanSpeed="19.91" meanSpeedRelative="0.62" duration="2"/>
    <step time="37500.00" loaded="32957" inserted="31552" running="468" waiting="1405" ended="31084" arrived="31084" collisions="45" teleports="45" halting="9" stopped="0" meanWaitingTime="681.31" meanTravelTime="291.65" meanSpeed="19.47" meanSpeedRelative="0.61" duration="4"/>
    <step time="37800.00" loaded="33414" inserted="31977" running="461" waiting="1437" ended="31516" arrived="31516" collisions="45" teleports="45" halting="5" stopped="0" meanWaitingTime="687.06" meanTravelTime="292.06" meanSpeed="20.50" meanSpeedRelative="0.64" duration="3"/>
    <step time="38100.00" loaded="33873" inserted="32375" running="433" waiting="1498" ended="31942" arrived="31942" collisions="47" teleports="47" halting="3" stopped="0" meanWaitingTime="690.41" meanTravelTime="292.66" meanSpeed="20.66" meanSpeedRelative="0.65" duration="3"/>
    <step time="38400.00" loaded="34345" inserted="32793" running="438" waiting="1552" ended="32355" arrived="32355" collisions="47" teleports="47" halting="12" stopped="0" meanWaitingTime="694.35" meanTravelTime="292.91" meanSpeed="20.42" meanSpeedRelative="0.64" duration="3"/>
    <step time="38700.00" loaded="34831" inserted="33230" running="458" waiting="1601" ended="32772" arrived="32772" collisions="49" teleports="49" halting="8" stopped="0" meanWaitingTime="698.70" meanTravelTime="293.45" meanSpeed="19.38" meanSpeedRelative="0.61" duration="3"/>
    <step time="39000.00" loaded="35294" inserted="33662" running="443" waiting="1632" ended="33219" arrived="33219" collisions="49" teleports="49" halting="3" stopped="0" meanWaitingTime="703.86" meanTravelTime="293.88" meanSpeed="20.91" meanSpeedRelative="0.65" duration="3"/>
    <step time="39300.00" loaded="35723" inserted="34059" running="421" waiting="1664" ended="33638" arrived="33638" collisions="49" teleports="49" halting="3" stopped="0" meanWaitingTime="708.69" meanTravelTime="293.88" meanSpeed="20.89" meanSpeedRelative="0.65" duration="3"/>
    <step time="39600.00" loaded="36202" inserted="34471" running="428" waiting="1731" ended="34043" arrived="34043" collisions="49" teleports="49" halting="8" stopped="0" meanWaitingTime="712.91" meanTravelTime="293.98" meanSpeed="21.08" meanSpeedRelative="0.66" duration="92"/>
    <step time="39900.00" loaded="36733" inserted="34905" running="473" waiting="1828" ended="34432" arrived="34432" collisions="49" teleports="49" halting="7" stopped="0" meanWaitingTime="716.81" meanTravelTime="294.34" meanSpeed="20.73" meanSpeedRelative="0.65" duration="3"/>
    <step time="40200.00" loaded="37227" inserted="35351" running="486" waiting="1876" ended="34865" arrived="34865" collisions="49" teleports="49" halting="13" stopped="0" meanWaitingTime="721.46" meanTravelTime="294.79" meanSpeed="19.27" meanSpeedRelative="0.60" duration="3"/>
    <step time="40500.00" loaded="37779" inserted="35823" running="501" waiting="1956" ended="35322" arrived="35322" collisions="49" teleports="49" halting="9" stopped="0" meanWaitingTime="725.95" meanTravelTime="295.11" meanSpeed="19.54" meanSpeedRelative="0.61" duration="4"/>
    <step time="40800.00" loaded="38308" inserted="36280" running="516" waiting="2028" ended="35764" arrived="35764" collisions="51" teleports="51" halting="6" stopped="0" meanWaitingTime="730.74" meanTravelTime="295.60" meanSpeed="19.18" meanSpeedRelative="0.60" duration="4"/>
    <step time="41100.00" loaded="38827" inserted="36737" running="550" waiting="2090" ended="36187" arrived="36187" collisions="54" teleports="54" halting="5" stopped="0" meanWaitingTime="733.92" meanTravelTime="296.10" meanSpeed="18.93" meanSpeedRelative="0.59" duration="4"/>
    <step time="41400.00" loaded="39350" inserted="37203" running="548" waiting="2147" ended="36655" arrived="36655" collisions="54" teleports="54" halting="1" stopped="0" meanWaitingTime="738.56" meanTravelTime="296.62" meanSpeed="19.45" meanSpeedRelative="0.61" duration="4"/>
    <step time="41700.00" loaded="39859" inserted="37671" running="544" waiting="2188" ended="37127" arrived="37127" collisions="55" teleports="55" halting="4" stopped="0" meanWaitingTime="744.14" meanTravelTime="297.57" meanSpeed="18.53" meanSpeedRelative="0.58" duration="3"/>
    <step time="42000.00" loaded="40370" inserted="38106" running="503" waiting="2264" ended="37603" arrived="37603" collisions="57" teleports="57" halting="4" stopped="0" meanWaitingTime="747.91" meanTravelTime="298.32" meanSpeed="19.47" meanSpeedRelative="0.61" duration="3"/>
    <step time="42300.00" loaded="40866" inserted="38534" running="496" waiting="2332" ended="38038" arrived="38038" collisions="59" teleports="59" halting="7" stopped="0" meanWaitingTime="752.38" meanTravelTime="298.70" meanSpeed="19.55" meanSpeedRelative="0.61" duration="4"/>
    <step time="42600.00" loaded="41348" inserted="38975" running="494" waiting="2373" ended="38481" arrived="38481" collisions="60" teleports="60" halting="8" stopped="0" meanWaitingTime="758.25" meanTravelTime="299.00" meanSpeed="19.56" meanSpeedRelative="0.61" duration="4"/>
    <step time="42900.00" loaded="41891" inserted="39440" running="521" waiting="2451" ended="38919" arrived="38919" collisions="61" teleports="61" halting="10" stopped="0" meanWaitingTime="762.98" meanTravelTime="299.66" meanSpeed="19.48" meanSpeedRelative="0.61" duration="4"/>
    <step time="43200.00" loaded="42420" inserted="39901" running="522" waiting="2519" ended="39379" arrived="39379" collisions="62" teleports="62" halting="9" stopped="0" meanWaitingTime="769.17" meanTravelTime="300.07" meanSpeed="19.80" meanSpeedRelative="0.62" duration="95"/>
    <step time="43500.00" loaded="42983" inserted="40376" running="556" waiting="2607" ended="39820" arrived="39820" collisions="64" teleports="64" halting="6" stopped="0" meanWaitingTime="774.38" meanTravelTime="300.54" meanSpeed="19.40" meanSpeedRelative="0.61" duration="4"/>
    <step time="43800.00" loaded="43524" inserted="40853" running="586" waiting="2671" ended="40267" arrived="40267" collisions="65" teleports="65" halting="6" stopped="0" meanWaitingTime="779.71" meanTravelTime="300.95" meanSpeed="18.77" meanSpeedRelative="0.59" duration="5"/>
    <step time="44100.00" loaded="44035" inserted="41304" running="552" waiting="2731" ended="40752" arrived="40752" collisions="67" teleports="67" halting="5" stopped="0" meanWaitingTime="785.54" meanTravelTime="301.96" meanSpeed="18.27" meanSpeedRelative="0.57" duration="4"/>
    <step time="44400.00" loaded="44551" inserted="41759" running="564" waiting="2792" ended="41195" arrived="41195" collisions="67" teleports="67" halting="6" stopped="0" meanWaitingTime="790.47" meanTravelTime="302.60" meanSpeed="17.91" meanSpeedRelative="0.56" duration="4"/>
    <step time="44700.00" loaded="45066" inserted="42240" running="591" waiting="2826" ended="41649" arrived="41649" collisions="68" teleports="68" halting="10" stopped="0" meanWaitingTime="797.22" meanTravelTime="303.26" meanSpeed="18.81" meanSpeedRelative="0.59" duration="4"/>
    <step time="45000.00" loaded="45618" inserted="42731" running="615" waiting="2887" ended="42116" arrived="42116" collisions="68" teleports="68" halting="9" stopped="0" meanWaitingTime="803.03" meanTravelTime="303.94" meanSpeed="17.95" meanSpeedRelative="0.56" duration="4"/>
    <step time="45300.00" loaded="46162" inserted="43196" running="606" waiting="2966" ended="42590" arrived="42590" collisions="69" teleports="69" halting="7" stopped="0" meanWaitingTime="809.48" meanTravelTime="304.60" meanSpeed="18.23" meanSpeedRelative="0.57" duration="4"/>
    <step time="45600.00" loaded="46698" inserted="43648" running="596" waiting="3050" ended="43052" arrived="43052" collisions="72" teleports="72" halting="3" stopped="0" meanWaitingTime="815.21" meanTravelTime="305.74" meanSpeed="18.75" meanSpeedRelative="0.59" duration="5"/>
    <step time="45900.00" loaded="47251" inserted="44140" running="626" waiting="3111" ended="43514" arrived="43514" collisions="75" teleports="75" halting="5" stopped="0" meanWaitingTime="821.58" meanTravelTime="306.63" meanSpeed="17.51" meanSpeedRelative="0.55" duration="5"/>
    <step time="46200.00" loaded="47784" inserted="44598" running="601" waiting="3186" ended="43997" arrived="43997" collisions="78" teleports="78" halting="8" stopped="0" meanWaitingTime="830.04" meanTravelTime="307.47" meanSpeed="17.71" meanSpeedRelative="0.55" duration="6"/>
    <step time="46500.00" loaded="48311" inserted="45056" running="584" waiting="3255" ended="44472" arrived="44472" collisions="78" teleports="78" halting="15" stopped="0" meanWaitingTime="837.41" meanTravelTime="308.37" meanSpeed="18.14" meanSpeedRelative="0.57" duration="4"/>
    <step time="46800.00" loaded="48840" inserted="45531" running="593" waiting="3309" ended="44938" arrived="44938" collisions="81" teleports="81" halting="8" stopped="0" meanWaitingTime="845.88" meanTravelTime="309.28" meanSpeed="18.66" meanSpeedRelative="0.58" duration="96"/>
    <step time="47100.00" loaded="49370" inserted="46011" running="604" waiting="3359" ended="45407" arrived="45407" collisions="82" teleports="82" halting="4" stopped="0" meanWaitingTime="854.73" meanTravelTime="310.03" meanSpeed="18.33" meanSpeedRelative="0.57" duration="4"/>
    <step time="47400.00" loaded="49891" inserted="46496" running="617" waiting="3395" ended="45879" arrived="45879" collisions="84" teleports="84" halting="7" stopped="0" meanWaitingTime="863.28" meanTravelTime="310.62" meanSpeed="17.96" meanSpeedRelative="0.56" duration="5"/>
    <step time="47700.00" loaded="50429" inserted="46980" running="631" waiting="3449" ended="46349" arrived="46349" collisions="86" teleports="86" halting="7" stopped="0" meanWaitingTime="872.73" meanTravelTime="311.23" meanSpeed="18.01" meanSpeedRelative="0.56" duration="4"/>
    <step time="48000.00" loaded="50934" inserted="47434" running="615" waiting="3500" ended="46819" arrived="46819" collisions="87" teleports="87" halting="4" stopped="0" meanWaitingTime="880.46" meanTravelTime="312.14" meanSpeed="16.52" meanSpeedRelative="0.52" duration="5"/>
    <step time="48300.00" loaded="51469" inserted="47895" running="613" waiting="3574" ended="47282" arrived="47282" collisions="87" teleports="87" halting="10" stopped="0" meanWaitingTime="889.18" meanTravelTime="313.08" meanSpeed="17.40" meanSpeedRelative="0.54" duration="5"/>
    <step time="48600.00" loaded="52025" inserted="48357" running="603" waiting="3668" ended="47754" arrived="47754" collisions="89" teleports="89" halting="9" stopped="0" meanWaitingTime="897.31" meanTravelTime="313.89" meanSpeed="17.88" meanSpeedRelative="0.56" duration="5"/>
    <step time="48900.00" loaded="52563" inserted="48806" running="590" waiting="3757" ended="48216" arrived="48216" collisions="90" teleports="90" halting="8" stopped="0" meanWaitingTime="905.50" meanTravelTime="314.76" meanSpeed="18.24" meanSpeedRelative="0.57" duration="5"/>
    <step time="49200.00" loaded="53100" inserted="49281" running="623" waiting="3819" ended="48658" arrived="48658" collisions="91" teleports="91" halting="16" stopped="0" meanWaitingTime="914.56" meanTravelTime="315.33" meanSpeed="17.37" meanSpeedRelative="0.54" duration="4"/>
    <step time="49500.00" loaded="53609" inserted="49766" running="635" waiting="3843" ended="49131" arrived="49131" collisions="93" teleports="93" halting="6" stopped="0" meanWaitingTime="923.60" meanTravelTime="315.96" meanSpeed="18.13" meanSpeedRelative="0.57" duration="6"/>
    <step time="49800.00" loaded="54148" inserted="50242" running="618" waiting="3906" ended="49624" arrived="49624" collisions="94" teleports="94" halting="5" stopped="0" meanWaitingTime="933.28" meanTravelTime="316.56" meanSpeed="17.66" meanSpeedRelative="0.55" duration="5"/>
    <step time="50100.00" loaded="54668" inserted="50696" running="607" waiting="3972" ended="50089" arrived="50089" collisions="94" teleports="94" halting="12" stopped="0" meanWaitingTime="942.97" meanTravelTime="317.57" meanSpeed="17.94" meanSpeedRelative="0.56" duration="4"/>
    <step time="50400.00" loaded="55165" inserted="51151" running="600" waiting="4014" ended="50551" arrived="50551" collisions="97" teleports="97" halting="7" stopped="0" meanWaitingTime="951.80" meanTravelTime="318.33" meanSpeed="18.12" meanSpeedRelative="0.57" duration="93"/>
    <step time="50700.00" loaded="55865" inserted="51715" running="706" waiting="4150" ended="51009" arrived="51009" collisions="99" teleports="99" halting="3" stopped="0" meanWaitingTime="962.52" meanTravelTime="318.93" meanSpeed="17.14" meanSpeedRelative="0.54" duration="6"/>
    <step time="51000.00" loaded="56620" inserted="52270" running="772" waiting="4350" ended="51498" arrived="51498" collisions="102" teleports="102" halting="4" stopped="0" meanWaitingTime="972.41" meanTravelTime="319.52" meanSpeed="15.82" meanSpeedRelative="0.49" duration="7"/>
    <step time="51300.00" loaded="57350" inserted="52784" running="787" waiting="4566" ended="51997" arrived="51997" collisions="103" teleports="103" halting="8" stopped="0" meanWaitingTime="982.14" meanTravelTime="320.45" meanSpeed="14.80" meanSpeedRelative="0.46" duration="7"/>
    <step time="51600.00" loaded="58094" inserted="53294" running="827" waiting="4800" ended="52467" arrived="52467" collisions="104" teleports="104" halting="11" stopped="0" meanWaitingTime="990.80" meanTravelTime="321.68" meanSpeed="14.84" meanSpeedRelative="0.46" duration="6"/>
    <step time="51900.00" loaded="58819" inserted="53828" running="858" waiting="4991" ended="52970" arrived="52970" collisions="105" teleports="105" halting="4" stopped="0" meanWaitingTime="999.39" meanTravelTime="323.08" meanSpeed="14.35" meanSpeedRelative="0.45" duration="8"/>
    <step time="52200.00" loaded="59515" inserted="54376" running="886" waiting="5139" ended="53490" arrived="53490" collisions="108" teleports="108" halting="9" stopped="0" meanWaitingTime="1009.79" meanTravelTime="324.39" meanSpeed="14.19" meanSpeedRelative="0.44" duration="6"/>
    <step time="52500.00" loaded="60204" inserted="54915" running="884" waiting="5289" ended="54031" arrived="54031" collisions="111" teleports="111" halting="7" stopped="0" meanWaitingTime="1020.05" meanTravelTime="326.20" meanSpeed="13.91" meanSpeedRelative="0.43" duration="11"/>
    <step time="52800.00" loaded="60944" inserted="55464" running="899" waiting="5480" ended="54565" arrived="54565" collisions="112" teleports="112" halting="7" stopped="0" meanWaitingTime="1029.17" meanTravelTime="327.81" meanSpeed="13.37" meanSpeedRelative="0.42" duration="8"/>
    <step time="53100.00" loaded="61699" inserted="55992" running="902" waiting="5707" ended="55090" arrived="55090" collisions="119" teleports="119" halting="11" stopped="0" meanWaitingTime="1038.64" meanTravelTime="329.52" meanSpeed="13.72" meanSpeedRelative="0.43" duration="5"/>
    <step time="53400.00" loaded="62434" inserted="56526" running="933" waiting="5908" ended="55593" arrived="55593" collisions="119" teleports="119" halting="20" stopped="0" meanWaitingTime="1049.38" meanTravelTime="331.28" meanSpeed="13.45" meanSpeedRelative="0.42" duration="10"/>
    <step time="53700.00" loaded="63135" inserted="57051" running="948" waiting="6084" ended="56103" arrived="56103" collisions="122" teleports="122" halting="10" stopped="0" meanWaitingTime="1059.41" meanTravelTime="333.14" meanSpeed="13.22" meanSpeedRelative="0.41" duration="8"/>
    <step time="54000.00" loaded="63857" inserted="57569" running="949" waiting="6288" ended="56620" arrived="56620" collisions="125" teleports="125" halting="8" stopped="0" meanWaitingTime="1071.20" meanTravelTime="334.80" meanSpeed="12.90" meanSpeedRelative="0.40" duration="89"/>
    <step time="54300.00" loaded="64303" inserted="58029" running="891" waiting="6274" ended="57138" arrived="57138" collisions="128" teleports="128" halting="8" stopped="0" meanWaitingTime="1084.43" meanTravelTime="336.80" meanSpeed="13.16" meanSpeedRelative="0.41" duration="7"/>
    <step time="54600.00" loaded="64801" inserted="58492" running="859" waiting="6309" ended="57633" arrived="57633" collisions="131" teleports="131" halting="15" stopped="0" meanWaitingTime="1095.95" meanTravelTime="338.88" meanSpeed="12.94" meanSpeedRelative="0.40" duration="9"/>
    <step time="54900.00" loaded="65268" inserted="58956" running="840" waiting="6312" ended="58116" arrived="58116" collisions="136" teleports="136" halting="9" stopped="0" meanWaitingTime="1109.00" meanTravelTime="340.58" meanSpeed="13.98" meanSpeedRelative="0.44" duration="10"/>
    <step time="55200.00" loaded="65736" inserted="59413" running="776" waiting="6323" ended="58637" arrived="58637" collisions="137" teleports="137" halting="5" stopped="0" meanWaitingTime="1121.80" meanTravelTime="342.06" meanSpeed="14.35" meanSpeedRelative="0.45" duration="8"/>
    <step time="55500.00" loaded="66184" inserted="59868" running="748" waiting="6316" ended="59120" arrived="59120" collisions="142" teleports="142" halting="3" stopped="0" meanWaitingTime="1134.96" meanTravelTime="343.58" meanSpeed="15.17" meanSpeedRelative="0.47" duration="7"/>
    <step time="55800.00" loaded="66672" inserted="60353" running="759" waiting="6319" ended="59594" arrived="59594" collisions="143" teleports="143" halting="7" stopped="0" meanWaitingTime="1149.43" meanTravelTime="344.43" meanSpeed="15.33" meanSpeedRelative="0.48" duration="8"/>
    <step time="56100.00" loaded="67102" inserted="60783" running="700" waiting="6319" ended="60083" arrived="60083" collisions="145" teleports="145" halting="8" stopped="0" meanWaitingTime="1162.40" meanTravelTime="345.59" meanSpeed="16.27" meanSpeedRelative="0.51" duration="6"/>
    <step time="56400.00" loaded="67548" inserted="61245" running="712" waiting="6303" ended="60533" arrived="60533" collisions="146" teleports="146" halting="5" stopped="0" meanWaitingTime="1176.67" meanTravelTime="346.40" meanSpeed="15.88" meanSpeedRelative="0.50" duration="8"/>
    <step time="56700.00" loaded="67999" inserted="61687" running="668" waiting="6312" ended="61019" arrived="61019" collisions="147" teleports="147" halting="5" stopped="0" meanWaitingTime="1191.42" meanTravelTime="347.30" meanSpeed="16.82" meanSpeedRelative="0.53" duration="5"/>
    <step time="57000.00" loaded="68441" inserted="62144" running="654" waiting="6297" ended="61490" arrived="61490" collisions="149" teleports="149" halting="4" stopped="0" meanWaitingTime="1207.13" meanTravelTime="348.00" meanSpeed="16.37" meanSpeedRelative="0.51" duration="7"/>
    <step time="57300.00" loaded="68887" inserted="62587" running="625" waiting="6300" ended="61962" arrived="61962" collisions="150" teleports="150" halting="4" stopped="0" meanWaitingTime="1221.02" meanTravelTime="348.67" meanSpeed="17.42" meanSpeedRelative="0.54" duration="8"/>
    <step time="57600.00" loaded="69318" inserted="63018" running="586" waiting="6300" ended="62432" arrived="62432" collisions="151" teleports="151" halting="7" stopped="0" meanWaitingTime="1235.59" meanTravelTime="349.51" meanSpeed="17.84" meanSpeedRelative="0.56" duration="85"/>
    <step time="57900.00" loaded="69840" inserted="63515" running="642" waiting="6325" ended="62873" arrived="62873" collisions="152" teleports="152" halting="9" stopped="0" meanWaitingTime="1250.11" meanTravelTime="349.85" meanSpeed="17.10" meanSpeedRelative="0.53" duration="6"/>
    <step time="58200.00" loaded="70444" inserted="64012" running="672" waiting="6432" ended="63340" arrived="63340" collisions="155" teleports="155" halting="5" stopped="0" meanWaitingTime="1265.21" meanTravelTime="350.21" meanSpeed="16.66" meanSpeedRelative="0.52" duration="7"/>
    <step time="58500.00" loaded="70967" inserted="64508" running="685" waiting="6459" ended="63823" arrived="63823" collisions="156" teleports="156" halting="10" stopped="0" meanWaitingTime="1280.40" meanTravelTime="350.45" meanSpeed="16.90" meanSpeedRelative="0.53" duration="6"/>
    <step time="58800.00" loaded="71548" inserted="65026" running="740" waiting="6522" ended="64286" arrived="64286" collisions="157" teleports="157" halting="10" stopped="0" meanWaitingTime="1295.83" meanTravelTime="350.85" meanSpeed="15.97" meanSpeedRelative="0.50" duration="8"/>
    <step time="59100.00" loaded="72121" inserted="65521" running="762" waiting="6600" ended="64759" arrived="64759" collisions="158" teleports="158" halting="5" stopped="0" meanWaitingTime="1310.20" meanTravelTime="351.57" meanSpeed="15.63" meanSpeedRelative="0.49" duration="6"/>
    <step time="59400.00" loaded="72638" inserted="65992" running="740" waiting="6646" ended="65252" arrived="65252" collisions="160" teleports="160" halting="12" stopped="0" meanWaitingTime="1325.47" meanTravelTime="352.43" meanSpeed="15.68" meanSpeedRelative="0.49" duration="5"/>
    <step time="59700.00" loaded="73209" inserted="66495" running="749" waiting="6714" ended="65746" arrived="65746" collisions="162" teleports="162" halting="6" stopped="0" meanWaitingTime="1339.65" meanTravelTime="353.06" meanSpeed="15.97" meanSpeedRelative="0.50" duration="9"/>
    <step time="60000.00" loaded="73773" inserted="66990" running="737" waiting="6783" ended="66253" arrived="66253" collisions="165" teleports="165" halting="9" stopped="0" meanWaitingTime="1354.54" meanTravelTime="353.86" meanSpeed="16.16" meanSpeedRelative="0.50" duration="8"/>
    <step time="60300.00" loaded="74323" inserted="67493" running="733" waiting="6830" ended="66760" arrived="66760" collisions="168" teleports="168" halting="9" stopped="0" meanWaitingTime="1369.83" meanTravelTime="354.50" meanSpeed="15.53" meanSpeedRelative="0.49" duration="8"/>
    <step time="60600.00" loaded="74895" inserted="68004" running="774" waiting="6891" ended="67230" arrived="67230" collisions="169" teleports="169" halting="3" stopped="0" meanWaitingTime="1385.27" meanTravelTime="355.11" meanSpeed="15.58" meanSpeedRelative="0.49" duration="6"/>
    <step time="60900.00" loaded="75501" inserted="68519" running="795" waiting="6982" ended="67724" arrived="67724" collisions="169" teleports="169" halting="7" stopped="0" meanWaitingTime="1399.60" meanTravelTime="355.84" meanSpeed="14.99" meanSpeedRelative="0.47" duration="8"/>
    <step time="61200.00" loaded="76060" inserted="69008" running="787" waiting="7052" ended="68221" arrived="68221" collisions="169" teleports="169" halting="10" stopped="0" meanWaitingTime="1414.60" meanTravelTime="356.72" meanSpeed="15.43" meanSpeedRelative="0.48" duration="92"/>
    <step time="61500.00" loaded="76135" inserted="69363" running="677" waiting="6772" ended="68686" arrived="68686" collisions="170" teleports="170" halting="2" stopped="0" meanWaitingTime="1434.26" meanTravelTime="357.47" meanSpeed="15.33" meanSpeedRelative="0.48" duration="5"/>
    <step time="61800.00" loaded="76210" inserted="69707" running="617" waiting="6503" ended="69090" arrived="69090" collisions="172" teleports="172" halting="4" stopped="0" meanWaitingTime="1452.27" meanTravelTime="358.40" meanSpeed="15.77" meanSpeedRelative="0.49" duration="8"/>
    <step time="62100.00" loaded="76301" inserted="70062" running="542" waiting="6239" ended="69520" arrived="69520" collisions="173" teleports="173" halting="5" stopped="0" meanWaitingTime="1471.59" meanTravelTime="359.24" meanSpeed="16.91" meanSpeedRelative="0.53" duration="6"/>
    <step time="62400.00" loaded="76371" inserted="70412" running="505" waiting="5959" ended="69907" arrived="69907" collisions="173" teleports="173" halting="6" stopped="0" meanWaitingTime="1490.96" meanTravelTime="359.82" meanSpeed="17.79" meanSpeedRelative="0.56" duration="6"/>
    <step time="62700.00" loaded="76439" inserted="70770" running="463" waiting="5669" ended="70307" arrived="70307" collisions="175" teleports="175" halting="1" stopped="0" meanWaitingTime="1510.15" meanTravelTime="360.52" meanSpeed="18.72" meanSpeedRelative="0.58" duration="3"/>
    <step time="63000.00" loaded="76522" inserted="71138" running="465" waiting="5384" ended="70673" arrived="70673" collisions="175" teleports="175" halting="3" stopped="0" meanWaitingTime="1529.39" meanTravelTime="360.86" meanSpeed="18.72" meanSpeedRelative="0.59" duration="3"/>
    <step time="63300.00" loaded="76590" inserted="71487" running="450" waiting="5103" ended="71037" arrived="71037" collisions="176" teleports="176" halting="7" stopped="0" meanWaitingTime="1548.35" meanTravelTime="361.06" meanSpeed="19.10" meanSpeedRelative="0.60" duration="3"/>
    <step time="63600.00" loaded="76660" inserted="71818" running="422" waiting="4842" ended="71396" arrived="71396" collisions="177" teleports="177" halting="2" stopped="0" meanWaitingTime="1567.37" meanTravelTime="361.14" meanSpeed="19.77" meanSpeedRelative="0.62" duration="4"/>
    <step time="63900.00" loaded="76731" inserted="72122" running="368" waiting="4609" ended="71754" arrived="71754" collisions="179" teleports="179" halting="3" stopped="0" meanWaitingTime="1586.10" meanTravelTime="361.08" meanSpeed="19.72" meanSpeedRelative="0.62" duration="4"/>
    <step time="64200.00" loaded="76800" inserted="72429" running="348" waiting="4371" ended="72081" arrived="72081" collisions="179" teleports="179" halting="6" stopped="0" meanWaitingTime="1605.48" meanTravelTime="361.17" meanSpeed="19.66" meanSpeedRelative="0.61" duration="4"/>
    <step time="64500.00" loaded="76868" inserted="72696" running="323" waiting="4172" ended="72373" arrived="72373" collisions="179" teleports="179" halting="1" stopped="0" meanWaitingTime="1623.42" meanTravelTime="361.11" meanSpeed="18.73" meanSpeedRelative="0.59" duration="4"/>
    <step time="64800.00" loaded="76946" inserted="72937" running="302" waiting="4009" ended="72635" arrived="72635" collisions="179" teleports="179" halting="4" stopped="0" meanWaitingTime="1638.92" meanTravelTime="361.08" meanSpeed="21.21" meanSpeedRelative="0.66" duration="93"/>
    <step time="65100.00" loaded="76997" inserted="73174" running="259" waiting="3823" ended="72915" arrived="72915" collisions="179" teleports="179" halting="6" stopped="0" meanWaitingTime="1655.83" meanTravelTime="361.04" meanSpeed="20.95" meanSpeedRelative="0.65" duration="3"/>
    <step time="65400.00" loaded="77052" inserted="73393" running="225" waiting="3659" ended="73168" arrived="73168" collisions="179" teleports="179" halting="1" stopped="0" meanWaitingTime="1671.11" meanTravelTime="360.97" meanSpeed="21.55" meanSpeedRelative="0.67" duration="2"/>
    <step time="65700.00" loaded="77105" inserted="73617" running="213" waiting="3488" ended="73404" arrived="73404" collisions="180" teleports="180" halting="3" stopped="0" meanWaitingTime="1686.64" meanTravelTime="360.83" meanSpeed="21.32" meanSpeedRelative="0.67" duration="2"/>
    <step time="66000.00" loaded="77151" inserted="73847" running="221" waiting="3304" ended="73626" arrived="73626" collisions="181" teleports="181" halting="7" stopped="0" meanWaitingTime="1702.34" meanTravelTime="360.60" meanSpeed="20.91" meanSpeedRelative="0.65" duration="2"/>
    <step time="66300.00" loaded="77196" inserted="74084" running="227" waiting="3112" ended="73857" arrived="73857" collisions="181" teleports="181" halting="3" stopped="0" meanWaitingTime="1717.19" meanTravelTime="360.37" meanSpeed="20.94" meanSpeedRelative="0.65" duration="1"/>
    <step time="66600.00" loaded="77259" inserted="74263" running="172" waiting="2996" ended="74091" arrived="74091" collisions="181" teleports="181" halting="2" stopped="0" meanWaitingTime="1728.38" meanTravelTime="360.15" meanSpeed="21.77" meanSpeedRelative="0.68" duration="2"/>
    <step time="66900.00" loaded="77304" inserted="74437" running="139" waiting="2867" ended="74298" arrived="74298" collisions="181" teleports="181" halting="8" stopped="0" meanWaitingTime="1742.59" meanTravelTime="359.86" meanSpeed="21.52" meanSpeedRelative="0.67" duration="1"/>
    <step time="67200.00" loaded="77358" inserted="74611" running="137" waiting="2747" ended="74474" arrived="74474" collisions="181" teleports="181" halting="1" stopped="0" meanWaitingTime="1755.93" meanTravelTime="359.58" meanSpeed="21.85" meanSpeedRelative="0.68" duration="2"/>
    <step time="67500.00" loaded="77414" inserted="74796" running="135" waiting="2618" ended="74661" arrived="74661" collisions="181" teleports="181" halting="5" stopped="0" meanWaitingTime="1769.69" meanTravelTime="359.24" meanSpeed="21.61" meanSpeedRelative="0.68" duration="1"/>
    <step time="67800.00" loaded="77465" inserted="74993" running="141" waiting="2472" ended="74852" arrived="74852" collisions="181" teleports="181" halting="4" stopped="0" meanWaitingTime="1784.55" meanTravelTime="358.89" meanSpeed="22.36" meanSpeedRelative="0.70" duration="2"/>
    <step time="68100.00" loaded="77519" inserted="75169" running="126" waiting="2350" ended="75043" arrived="75043" collisions="181" teleports="181" halting="4" stopped="0" meanWaitingTime="1797.25" meanTravelTime="358.52" meanSpeed="21.49" meanSpeedRelative="0.67" duration="1"/>
    <step time="68400.00" loaded="77584" inserted="75366" running="155" waiting="2218" ended="75211" arrived="75211" collisions="181" teleports="181" halting="2" stopped="0" meanWaitingTime="1810.61" meanTravelTime="358.21" meanSpeed="21.56" meanSpeedRelative="0.67" duration="92"/>
    <step time="68700.00" loaded="77759" inserted="75625" running="198" waiting="2134" ended="75427" arrived="75427" collisions="181" teleports="181" halting="4" stopped="0" meanWaitingTime="1820.63" meanTravelTime="357.78" meanSpeed="21.91" meanSpeedRelative="0.68" duration="2"/>
    <step time="69000.00" loaded="77921" inserted="75858" running="204" waiting="2063" ended="75654" arrived="75654" collisions="181" teleports="181" halting="7" stopped="0" meanWaitingTime="1828.77" meanTravelTime="357.44" meanSpeed="21.88" meanSpeedRelative="0.68" duration="1"/>
    <step time="69300.00" loaded="78083" inserted="76086" running="202" waiting="1997" ended="75884" arrived="75884" collisions="181" teleports="181" halting="3" stopped="0" meanWaitingTime="1834.88" meanTravelTime="357.10" meanSpeed="22.32" meanSpeedRelative="0.70" duration="2"/>
    <step time="69600.00" loaded="78248" inserted="76274" running="167" waiting="1974" ended="76107" arrived="76107" collisions="181" teleports="181" halting="5" stopped="0" meanWaitingTime="1839.97" meanTravelTime="356.90" meanSpeed="22.08" meanSpeedRelative="0.69" duration="2"/>
    <step time="69900.00" loaded="78390" inserted="76425" running="160" waiting="1965" ended="76265" arrived="76265" collisions="182" teleports="182" halting="3" stopped="0" meanWaitingTime="1843.47" meanTravelTime="356.78" meanSpeed="22.48" meanSpeedRelative="0.70" duration="1"/>
    <step time="70200.00" loaded="78546" inserted="76597" running="174" waiting="1949" ended="76423" arrived="76423" collisions="182" teleports="182" halting="9" stopped="0" meanWaitingTime="1847.69" meanTravelTime="356.67" meanSpeed="23.23" meanSpeedRelative="0.73" duration="1"/>
    <step time="70500.00" loaded="78695" inserted="76751" running="160" waiting="1944" ended="76591" arrived="76591" collisions="182" teleports="182" halting="5" stopped="0" meanWaitingTime="1851.19" meanTravelTime="356.58" meanSpeed="23.00" meanSpeedRelative="0.72" duration="1"/>
    <step time="70800.00" loaded="78855" inserted="76930" running="177" waiting="1925" ended="76753" arrived="76753" collisions="182" teleports="182" halting="1" stopped="0" meanWaitingTime="1854.80" meanTravelTime="356.39" meanSpeed="23.13" meanSpeedRelative="0.72" duration="2"/>
    <step time="71100.00" loaded="79026" inserted="77108" running="167" waiting="1918" ended="76941" arrived="76941" collisions="182" teleports="182" halting="4" stopped="0" meanWaitingTime="1859.01" meanTravelTime="356.24" meanSpeed="22.72" meanSpeedRelative="0.71" duration="1"/>
    <step time="71400.00" loaded="79173" inserted="77271" running="170" waiting="1902" ended="77101" arrived="77101" collisions="183" teleports="183" halting="8" stopped="0" meanWaitingTime="1863.56" meanTravelTime="356.16" meanSpeed="22.73" meanSpeedRelative="0.71" duration="1"/>
    <step time="71700.00" loaded="79319" inserted="77423" running="151" waiting="1896" ended="77272" arrived="77272" collisions="184" teleports="184" halting="8" stopped="0" meanWaitingTime="1867.92" meanTravelTime="356.05" meanSpeed="22.33" meanSpeedRelative="0.70" duration="2"/>
    <step time="72000.00" loaded="79487" inserted="77606" running="162" waiting="1881" ended="77444" arrived="77444" collisions="184" teleports="184" halting="1" stopped="0" meanWaitingTime="1871.58" meanTravelTime="355.89" meanSpeed="22.29" meanSpeedRelative="0.70" duration="86"/>
    <step time="72300.00" loaded="79627" inserted="77757" running="150" waiting="1870" ended="77607" arrived="77607" collisions="184" teleports="184" halting="4" stopped="0" meanWaitingTime="1876.97" meanTravelTime="355.77" meanSpeed="23.07" meanSpeedRelative="0.72" duration="1"/>
    <step time="72600.00" loaded="79752" inserted="77904" running="139" waiting="1848" ended="77765" arrived="77765" collisions="184" teleports="184" halting="8" stopped="0" meanWaitingTime="1881.92" meanTravelTime="355.62" meanSpeed="22.33" meanSpeedRelative="0.70" duration="1"/>
    <step time="72900.00" loaded="79881" inserted="78054" running="144" waiting="1827" ended="77910" arrived="77910" collisions="185" teleports="185" halting="5" stopped="0" meanWaitingTime="1887.22" meanTravelTime="355.49" meanSpeed="22.14" meanSpeedRelative="0.69" duration="2"/>
    <step time="73200.00" loaded="80006" inserted="78200" running="136" waiting="1806" ended="78064" arrived="78064" collisions="185" teleports="185" halting="1" stopped="0" meanWaitingTime="1892.13" meanTravelTime="355.36" meanSpeed="22.78" meanSpeedRelative="0.71" duration="1"/>
    <step time="73500.00" loaded="80130" inserted="78351" running="158" waiting="1779" ended="78193" arrived="78193" collisions="185" teleports="185" halting="4" stopped="0" meanWaitingTime="1897.41" meanTravelTime="355.25" meanSpeed="22.96" meanSpeedRelative="0.72" duration="1"/>
    <step time="73800.00" loaded="80280" inserted="78515" running="161" waiting="1765" ended="78354" arrived="78354" collisions="185" teleports="185" halting="10" stopped="0" meanWaitingTime="1901.88" meanTravelTime="355.09" meanSpeed="22.58" meanSpeedRelative="0.71" duration="1"/>
    <step time="74100.00" loaded="80395" inserted="78642" running="132" waiting="1753" ended="78510" arrived="78510" collisions="185" teleports="185" halting="1" stopped="0" meanWaitingTime="1907.38" meanTravelTime="354.98" meanSpeed="21.88" meanSpeedRelative="0.68" duration="1"/>
    <step time="74400.00" loaded="80540" inserted="78796" running="159" waiting="1744" ended="78637" arrived="78637" collisions="186" teleports="186" halting="5" stopped="0" meanWaitingTime="1912.46" meanTravelTime="354.93" meanSpeed="22.48" meanSpeedRelative="0.70" duration="1"/>
    <step time="74700.00" loaded="80672" inserted="78942" running="153" waiting="1730" ended="78789" arrived="78789" collisions="187" teleports="187" halting="10" stopped="0" meanWaitingTime="1917.85" meanTravelTime="354.86" meanSpeed="22.02" meanSpeedRelative="0.69" duration="2"/>
    <step time="75000.00" loaded="80803" inserted="79079" running="141" waiting="1724" ended="78938" arrived="78938" collisions="187" teleports="187" halting="0" stopped="0" meanWaitingTime="1923.18" meanTravelTime="354.74" meanSpeed="22.64" meanSpeedRelative="0.71" duration="2"/>
    <step time="75300.00" loaded="80909" inserted="79211" running="140" waiting="1698" ended="79071" arrived="79071" collisions="187" teleports="187" halting="3" stopped="0" meanWaitingTime="1929.64" meanTravelTime="354.72" meanSpeed="22.94" meanSpeedRelative="0.72" duration="1"/>
    <step time="75600.00" loaded="81038" inserted="79366" running="136" waiting="1672" ended="79230" arrived="79230" collisions="187" teleports="187" halting="4" stopped="0" meanWaitingTime="1935.06" meanTravelTime="354.60" meanSpeed="22.05" meanSpeedRelative="0.69" duration="83"/>
    <step time="75900.00" loaded="81220" inserted="79546" running="164" waiting="1674" ended="79382" arrived="79382" collisions="187" teleports="187" halting="4" stopped="0" meanWaitingTime="1939.61" meanTravelTime="354.40" meanSpeed="23.36" meanSpeedRelative="0.73" duration="1"/>
    <step time="76200.00" loaded="81389" inserted="79726" running="163" waiting="1663" ended="79563" arrived="79563" collisions="187" teleports="187" halting="4" stopped="0" meanWaitingTime="1945.21" meanTravelTime="354.25" meanSpeed="22.35" meanSpeedRelative="0.70" duration="2"/>
    <step time="76500.00" loaded="81604" inserted="79952" running="205" waiting="1652" ended="79747" arrived="79747" collisions="187" teleports="187" halting="1" stopped="0" meanWaitingTime="1949.95" meanTravelTime="354.03" meanSpeed="23.39" meanSpeedRelative="0.73" duration="1"/>
    <step time="76800.00" loaded="81823" inserted="80184" running="236" waiting="1639" ended="79948" arrived="79948" collisions="188" teleports="188" halting="2" stopped="0" meanWaitingTime="1954.86" meanTravelTime="353.84" meanSpeed="23.03" meanSpeedRelative="0.72" duration="2"/>
    <step time="77100.00" loaded="82016" inserted="80385" running="218" waiting="1631" ended="80167" arrived="80167" collisions="188" teleports="188" halting="11" stopped="0" meanWaitingTime="1960.21" meanTravelTime="353.70" meanSpeed="21.80" meanSpeedRelative="0.68" duration="1"/>
    <step time="77400.00" loaded="82205" inserted="80581" running="197" waiting="1624" ended="80384" arrived="80384" collisions="188" teleports="188" halting="5" stopped="0" meanWaitingTime="1966.15" meanTravelTime="353.49" meanSpeed="22.01" meanSpeedRelative="0.69" duration="1"/>
    <step time="77700.00" loaded="82390" inserted="80783" running="196" waiting="1607" ended="80587" arrived="80587" collisions="188" teleports="188" halting="1" stopped="0" meanWaitingTime="1972.66" meanTravelTime="353.41" meanSpeed="23.03" meanSpeedRelative="0.72" duration="2"/>
    <step time="78000.00" loaded="82585" inserted="80983" running="187" waiting="1602" ended="80796" arrived="80796" collisions="188" teleports="188" halting="3" stopped="0" meanWaitingTime="1977.14" meanTravelTime="353.26" meanSpeed="22.71" meanSpeedRelative="0.71" duration="1"/>
    <step time="78300.00" loaded="82779" inserted="81165" running="177" waiting="1614" ended="80988" arrived="80988" collisions="189" teleports="189" halting="7" stopped="0" meanWaitingTime="1982.44" meanTravelTime="353.14" meanSpeed="23.01" meanSpeedRelative="0.72" duration="1"/>
    <step time="78600.00" loaded="82972" inserted="81366" running="181" waiting="1606" ended="81185" arrived="81185" collisions="189" teleports="189" halting="7" stopped="0" meanWaitingTime="1987.94" meanTravelTime="353.00" meanSpeed="22.38" meanSpeedRelative="0.70" duration="1"/>
    <step time="78900.00" loaded="83170" inserted="81565" running="182" waiting="1605" ended="81383" arrived="81383" collisions="189" teleports="189" halting="1" stopped="0" meanWaitingTime="1992.79" meanTravelTime="352.79" meanSpeed="23.20" meanSpeedRelative="0.72" duration="2"/>
    <step time="79200.00" loaded="83359" inserted="81775" running="202" waiting="1584" ended="81573" arrived="81573" collisions="189" teleports="189" halting="5" stopped="0" meanWaitingTime="1997.67" meanTravelTime="352.60" meanSpeed="22.56" meanSpeedRelative="0.71" duration="85"/>
    <step time="79500.00" loaded="83513" inserted="81945" running="173" waiting="1568" ended="81772" arrived="81772" collisions="190" teleports="190" halting="9" stopped="0" meanWaitingTime="2002.43" meanTravelTime="352.48" meanSpeed="22.96" meanSpeedRelative="0.72" duration="1"/>
    <step time="79800.00" loaded="83680" inserted="82126" running="166" waiting="1554" ended="81960" arrived="81960" collisions="190" teleports="190" halting="6" stopped="0" meanWaitingTime="2007.83" meanTravelTime="352.34" meanSpeed="22.14" meanSpeedRelative="0.69" duration="1"/>
    <step time="80100.00" loaded="83851" inserted="82306" running="189" waiting="1545" ended="82117" arrived="82117" collisions="190" teleports="190" halting="3" stopped="0" meanWaitingTime="2011.91" meanTravelTime="352.24" meanSpeed="23.60" meanSpeedRelative="0.74" duration="1"/>
    <step time="80400.00" loaded="84029" inserted="82483" running="176" waiting="1546" ended="82307" arrived="82307" collisions="190" teleports="190" halting="7" stopped="0" meanWaitingTime="2016.20" meanTravelTime="352.07" meanSpeed="22.64" meanSpeedRelative="0.71" duration="2"/>
    <step time="80700.00" loaded="84190" inserted="82670" running="165" waiting="1520" ended="82505" arrived="82505" collisions="190" teleports="190" halting="3" stopped="0" meanWaitingTime="2020.72" meanTravelTime="351.96" meanSpeed="22.89" meanSpeedRelative="0.72" duration="1"/>
    <step time="81000.00" loaded="84362" inserted="82850" running="164" waiting="1512" ended="82686" arrived="82686" collisions="190" teleports="190" halting="2" stopped="0" meanWaitingTime="2024.12" meanTravelTime="351.81" meanSpeed="22.08" meanSpeedRelative="0.69" duration="1"/>
    <step time="81300.00" loaded="84508" inserted="83017" running="158" waiting="1491" ended="82859" arrived="82859" collisions="190" teleports="190" halting="5" stopped="0" meanWaitingTime="2027.36" meanTravelTime="351.68" meanSpeed="22.81" meanSpeedRelative="0.71" duration="1"/>
    <step time="81600.00" loaded="84667" inserted="83186" running="164" waiting="1481" ended="83022" arrived="83022" collisions="191" teleports="191" halting="2" stopped="0" meanWaitingTime="2029.60" meanTravelTime="351.51" meanSpeed="22.95" meanSpeedRelative="0.72" duration="2"/>
    <step time="81900.00" loaded="84836" inserted="83369" running="171" waiting="1467" ended="83198" arrived="83198" collisions="191" teleports="191" halting="6" stopped="0" meanWaitingTime="2033.21" meanTravelTime="351.34" meanSpeed="23.39" meanSpeedRelative="0.73" duration="1"/>
    <step time="82200.00" loaded="85001" inserted="83538" running="165" waiting="1463" ended="83373" arrived="83373" collisions="191" teleports="191" halting="5" stopped="0" meanWaitingTime="2036.18" meanTravelTime="351.17" meanSpeed="21.95" meanSpeedRelative="0.69" duration="1"/>
    <step time="82500.00" loaded="85166" inserted="83698" running="155" waiting="1468" ended="83543" arrived="83543" collisions="191" teleports="191" halting="7" stopped="0" meanWaitingTime="2039.14" meanTravelTime="351.04" meanSpeed="22.18" meanSpeedRelative="0.69" duration="1"/>
</summary>
