<?xml version="1.0" encoding="UTF-8"?>

<!-- generated on 2025-08-07 21:07:42 by Eclipse SUMO sumo Version 1.23.1
<sumoConfiguration xmlns:xsi="http://www.w3.org/2001/XMLSchema-instance" xsi:noNamespaceSchemaLocation="http://sumo.dlr.de/xsd/sumoConfiguration.xsd">

    <input>
        <net-file value="Desktop\Master Thesis\Network_fin.net.xml"/>
        <route-files value="Desktop\Master Thesis\demand_model_amsterdam.rou.xml"/>
        <additional-files value="Desktop\Master Thesis\Additionnal.add.xml"/>
    </input>

    <output>
        <summary-output value="outputf/summary_coor_alinea_1neigh_method1_K80_target5_84723.xml"/>
        <summary-output.period value="300"/>
        <tripinfo-output value="outputf/tripinfo_coor_alinea_1neigh_method1_K80_target5_84723.xml"/>
    </output>

    <time>
        <begin value="0"/>
        <end value="82800"/>
        <step-length value="1"/>
    </time>

    <processing>
        <time-to-teleport value="-1"/>
    </processing>

    <report>
        <verbose value="true"/>
        <no-step-log value="true"/>
    </report>

    <emissions>
        <device.emissions.period value="10"/>
    </emissions>

    <traci_server>
        <remote-port value="65035"/>
    </traci_server>

    <random_number>
        <seed value="84723"/>
    </random_number>

</sumoConfiguration>
-->

<summary xmlns:xsi="http://www.w3.org/2001/XMLSchema-instance" xsi:noNamespaceSchemaLocation="http://sumo.dlr.de/xsd/summary_file.xsd">
    <step time="0.00" loaded="1" inserted="1" running="1" waiting="0" ended="0" arrived="0" collisions="0" teleports="0" halting="1" stopped="0" meanWaitingTime="0.00" meanTravelTime="-1.00" meanSpeed="0.00" meanSpeedRelative="0.00" duration="1"/>
    <step time="300.00" loaded="200" inserted="200" running="126" waiting="0" ended="74" arrived="74" collisions="0" teleports="0" halting="0" stopped="0" meanWaitingTime="0.66" meanTravelTime="107.58" meanSpeed="25.45" meanSpeedRelative="0.80" duration="1"/>
    <step time="600.00" loaded="367" inserted="367" running="133" waiting="0" ended="234" arrived="234" collisions="0" teleports="0" halting="0" stopped="0" meanWaitingTime="0.50" meanTravelTime="156.97" meanSpeed="25.25" meanSpeedRelative="0.79" duration="1"/>
    <step time="900.00" loaded="545" inserted="545" running="143" waiting="0" ended="402" arrived="402" collisions="0" teleports="0" halting="1" stopped="0" meanWaitingTime="0.50" meanTravelTime="193.48" meanSpeed="25.54" meanSpeedRelative="0.80" duration="1"/>
    <step time="1200.00" loaded="732" inserted="732" running="166" waiting="0" ended="566" arrived="566" collisions="0" teleports="0" halting="0" stopped="0" meanWaitingTime="0.52" meanTravelTime="209.31" meanSpeed="26.04" meanSpeedRelative="0.81" duration="1"/>
    <step time="1500.00" loaded="907" inserted="907" running="160" waiting="0" ended="747" arrived="747" collisions="0" teleports="0" halting="0" stopped="0" meanWaitingTime="0.52" meanTravelTime="219.54" meanSpeed="25.42" meanSpeedRelative="0.79" duration="1"/>
    <step time="1800.00" loaded="1102" inserted="1102" running="190" waiting="0" ended="912" arrived="912" collisions="0" teleports="0" halting="0" stopped="0" meanWaitingTime="0.49" meanTravelTime="230.23" meanSpeed="25.59" meanSpeedRelative="0.80" duration="1"/>
    <step time="2100.00" loaded="1278" inserted="1278" running="159" waiting="0" ended="1119" arrived="1119" collisions="0" teleports="0" halting="1" stopped="0" meanWaitingTime="0.45" meanTravelTime="237.91" meanSpeed="25.03" meanSpeedRelative="0.78" duration="0"/>
    <step time="2400.00" loaded="1453" inserted="1453" running="143" waiting="0" ended="1310" arrived="1310" collisions="1" teleports="1" halting="0" stopped="0" meanWaitingTime="0.44" meanTravelTime="246.05" meanSpeed="25.11" meanSpeedRelative="0.78" duration="2"/>
    <step time="2700.00" loaded="1621" inserted="1621" running="144" waiting="0" ended="1477" arrived="1477" collisions="1" teleports="1" halting="2" stopped="0" meanWaitingTime="0.42" meanTravelTime="248.17" meanSpeed="24.99" meanSpeedRelative="0.78" duration="1"/>
    <step time="3000.00" loaded="1799" inserted="1798" running="149" waiting="1" ended="1649" arrived="1649" collisions="1" teleports="1" halting="1" stopped="0" meanWaitingTime="0.44" meanTravelTime="246.06" meanSpeed="24.58" meanSpeedRelative="0.77" duration="1"/>
    <step time="3300.00" loaded="2003" inserted="2003" running="165" waiting="0" ended="1838" arrived="1838" collisions="1" teleports="1" halting="1" stopped="0" meanWaitingTime="0.45" meanTravelTime="244.68" meanSpeed="24.76" meanSpeedRelative="0.77" duration="1"/>
    <step time="3600.00" loaded="2179" inserted="2177" running="148" waiting="2" ended="2029" arrived="2029" collisions="1" teleports="1" halting="2" stopped="0" meanWaitingTime="0.84" meanTravelTime="246.13" meanSpeed="23.57" meanSpeedRelative="0.74" duration="85"/>
    <step time="3900.00" loaded="2277" inserted="2277" running="110" waiting="0" ended="2167" arrived="2167" collisions="1" teleports="1" halting="0" stopped="0" meanWaitingTime="0.99" meanTravelTime="248.22" meanSpeed="26.56" meanSpeedRelative="0.83" duration="1"/>
    <step time="4200.00" loaded="2373" inserted="2373" running="96" waiting="0" ended="2277" arrived="2277" collisions="1" teleports="1" halting="0" stopped="0" meanWaitingTime="0.95" meanTravelTime="252.02" meanSpeed="25.56" meanSpeedRelative="0.80" duration="0"/>
    <step time="4500.00" loaded="2487" inserted="2487" running="91" waiting="0" ended="2396" arrived="2396" collisions="1" teleports="1" halting="1" stopped="0" meanWaitingTime="0.92" meanTravelTime="252.16" meanSpeed="24.81" meanSpeedRelative="0.78" duration="1"/>
    <step time="4800.00" loaded="2593" inserted="2593" running="96" waiting="0" ended="2497" arrived="2497" collisions="1" teleports="1" halting="1" stopped="0" meanWaitingTime="0.89" meanTravelTime="253.66" meanSpeed="25.45" meanSpeedRelative="0.80" duration="1"/>
    <step time="5100.00" loaded="2706" inserted="2704" running="103" waiting="2" ended="2601" arrived="2601" collisions="1" teleports="1" halting="5" stopped="0" meanWaitingTime="0.90" meanTravelTime="254.07" meanSpeed="24.56" meanSpeedRelative="0.77" duration="1"/>
    <step time="5400.00" loaded="2824" inserted="2824" running="106" waiting="0" ended="2718" arrived="2718" collisions="2" teleports="2" halting="0" stopped="0" meanWaitingTime="0.97" meanTravelTime="254.80" meanSpeed="25.64" meanSpeedRelative="0.80" duration="1"/>
    <step time="5700.00" loaded="2930" inserted="2930" running="98" waiting="0" ended="2832" arrived="2832" collisions="2" teleports="2" halting="0" stopped="0" meanWaitingTime="0.95" meanTravelTime="254.39" meanSpeed="24.80" meanSpeedRelative="0.78" duration="1"/>
    <step time="6000.00" loaded="3040" inserted="3040" running="105" waiting="0" ended="2935" arrived="2935" collisions="2" teleports="2" halting="0" stopped="0" meanWaitingTime="0.92" meanTravelTime="255.87" meanSpeed="25.59" meanSpeedRelative="0.80" duration="1"/>
    <step time="6300.00" loaded="3148" inserted="3148" running="96" waiting="0" ended="3052" arrived="3052" collisions="2" teleports="2" halting="0" stopped="0" meanWaitingTime="0.90" meanTravelTime="256.73" meanSpeed="25.79" meanSpeedRelative="0.81" duration="0"/>
    <step time="6600.00" loaded="3239" inserted="3239" running="76" waiting="0" ended="3163" arrived="3163" collisions="2" teleports="2" halting="0" stopped="0" meanWaitingTime="0.88" meanTravelTime="257.16" meanSpeed="25.85" meanSpeedRelative="0.81" duration="1"/>
    <step time="6900.00" loaded="3358" inserted="3358" running="104" waiting="0" ended="3254" arrived="3254" collisions="2" teleports="2" halting="0" stopped="0" meanWaitingTime="0.86" meanTravelTime="256.28" meanSpeed="25.85" meanSpeedRelative="0.81" duration="0"/>
    <step time="7200.00" loaded="3473" inserted="3473" running="102" waiting="0" ended="3371" arrived="3371" collisions="2" teleports="2" halting="0" stopped="0" meanWaitingTime="0.85" meanTravelTime="256.15" meanSpeed="25.26" meanSpeedRelative="0.79" duration="85"/>
    <step time="7500.00" loaded="3622" inserted="3622" running="111" waiting="0" ended="3511" arrived="3511" collisions="2" teleports="2" halting="0" stopped="0" meanWaitingTime="0.83" meanTravelTime="256.16" meanSpeed="25.61" meanSpeedRelative="0.80" duration="1"/>
    <step time="7800.00" loaded="3772" inserted="3770" running="145" waiting="2" ended="3625" arrived="3625" collisions="2" teleports="2" halting="1" stopped="0" meanWaitingTime="0.88" meanTravelTime="256.89" meanSpeed="24.32" meanSpeedRelative="0.76" duration="1"/>
    <step time="8100.00" loaded="3920" inserted="3920" running="131" waiting="0" ended="3789" arrived="3789" collisions="2" teleports="2" halting="2" stopped="0" meanWaitingTime="0.93" meanTravelTime="256.10" meanSpeed="25.30" meanSpeedRelative="0.79" duration="1"/>
    <step time="8400.00" loaded="4063" inserted="4057" running="115" waiting="6" ended="3942" arrived="3942" collisions="2" teleports="2" halting="1" stopped="0" meanWaitingTime="0.91" meanTravelTime="256.63" meanSpeed="24.29" meanSpeedRelative="0.76" duration="1"/>
    <step time="8700.00" loaded="4192" inserted="4188" running="114" waiting="4" ended="4074" arrived="4074" collisions="2" teleports="2" halting="0" stopped="0" meanWaitingTime="1.24" meanTravelTime="256.66" meanSpeed="24.87" meanSpeedRelative="0.78" duration="0"/>
    <step time="9000.00" loaded="4348" inserted="4345" running="123" waiting="3" ended="4222" arrived="4222" collisions="2" teleports="2" halting="3" stopped="0" meanWaitingTime="1.58" meanTravelTime="256.60" meanSpeed="23.73" meanSpeedRelative="0.74" duration="0"/>
    <step time="9300.00" loaded="4492" inserted="4478" running="114" waiting="14" ended="4364" arrived="4364" collisions="2" teleports="2" halting="0" stopped="0" meanWaitingTime="1.86" meanTravelTime="256.40" meanSpeed="24.02" meanSpeedRelative="0.75" duration="1"/>
    <step time="9600.00" loaded="4639" inserted="4615" running="109" waiting="24" ended="4506" arrived="4506" collisions="2" teleports="2" halting="2" stopped="0" meanWaitingTime="2.61" meanTravelTime="256.24" meanSpeed="25.67" meanSpeedRelative="0.80" duration="1"/>
    <step time="9900.00" loaded="4808" inserted="4783" running="137" waiting="25" ended="4646" arrived="4646" collisions="2" teleports="2" halting="6" stopped="0" meanWaitingTime="3.75" meanTravelTime="256.25" meanSpeed="24.47" meanSpeedRelative="0.76" duration="1"/>
    <step time="10200.00" loaded="4951" inserted="4928" running="129" waiting="23" ended="4799" arrived="4799" collisions="2" teleports="2" halting="0" stopped="0" meanWaitingTime="5.33" meanTravelTime="256.46" meanSpeed="25.07" meanSpeedRelative="0.78" duration="1"/>
    <step time="10500.00" loaded="5096" inserted="5072" running="110" waiting="24" ended="4962" arrived="4962" collisions="2" teleports="2" halting="3" stopped="0" meanWaitingTime="6.56" meanTravelTime="256.61" meanSpeed="24.10" meanSpeedRelative="0.75" duration="1"/>
    <step time="10800.00" loaded="5246" inserted="5215" running="124" waiting="31" ended="5091" arrived="5091" collisions="2" teleports="2" halting="4" stopped="0" meanWaitingTime="7.72" meanTravelTime="256.00" meanSpeed="23.72" meanSpeedRelative="0.74" duration="85"/>
    <step time="11100.00" loaded="5385" inserted="5352" running="105" waiting="33" ended="5247" arrived="5247" collisions="2" teleports="2" halting="0" stopped="0" meanWaitingTime="9.17" meanTravelTime="255.88" meanSpeed="23.83" meanSpeedRelative="0.74" duration="1"/>
    <step time="11400.00" loaded="5521" inserted="5492" running="119" waiting="29" ended="5373" arrived="5373" collisions="2" teleports="2" halting="1" stopped="0" meanWaitingTime="10.52" meanTravelTime="255.74" meanSpeed="24.21" meanSpeedRelative="0.76" duration="1"/>
    <step time="11700.00" loaded="5677" inserted="5647" running="115" waiting="30" ended="5532" arrived="5532" collisions="2" teleports="2" halting="5" stopped="0" meanWaitingTime="11.92" meanTravelTime="254.74" meanSpeed="23.84" meanSpeedRelative="0.75" duration="1"/>
    <step time="12000.00" loaded="5846" inserted="5798" running="111" waiting="48" ended="5687" arrived="5687" collisions="2" teleports="2" halting="2" stopped="0" meanWaitingTime="13.08" meanTravelTime="254.16" meanSpeed="23.42" meanSpeedRelative="0.73" duration="0"/>
    <step time="12300.00" loaded="5999" inserted="5951" running="114" waiting="48" ended="5837" arrived="5837" collisions="2" teleports="2" halting="0" stopped="0" meanWaitingTime="14.54" meanTravelTime="253.48" meanSpeed="24.81" meanSpeedRelative="0.78" duration="0"/>
    <step time="12600.00" loaded="6130" inserted="6070" running="103" waiting="60" ended="5967" arrived="5967" collisions="2" teleports="2" halting="2" stopped="0" meanWaitingTime="16.38" meanTravelTime="253.37" meanSpeed="24.61" meanSpeedRelative="0.77" duration="1"/>
    <step time="12900.00" loaded="6279" inserted="6213" running="106" waiting="66" ended="6107" arrived="6107" collisions="2" teleports="2" halting="2" stopped="0" meanWaitingTime="18.42" meanTravelTime="253.28" meanSpeed="24.64" meanSpeedRelative="0.77" duration="1"/>
    <step time="13200.00" loaded="6427" inserted="6350" running="97" waiting="77" ended="6253" arrived="6253" collisions="2" teleports="2" halting="3" stopped="0" meanWaitingTime="20.60" meanTravelTime="252.36" meanSpeed="23.15" meanSpeedRelative="0.72" duration="1"/>
    <step time="13500.00" loaded="6556" inserted="6486" running="98" waiting="70" ended="6388" arrived="6388" collisions="2" teleports="2" halting="2" stopped="0" meanWaitingTime="23.04" meanTravelTime="251.91" meanSpeed="23.73" meanSpeedRelative="0.74" duration="1"/>
    <step time="13800.00" loaded="6699" inserted="6616" running="101" waiting="83" ended="6515" arrived="6515" collisions="2" teleports="2" halting="4" stopped="0" meanWaitingTime="25.15" meanTravelTime="251.23" meanSpeed="24.68" meanSpeedRelative="0.77" duration="1"/>
    <step time="14100.00" loaded="6812" inserted="6734" running="94" waiting="78" ended="6640" arrived="6640" collisions="2" teleports="2" halting="8" stopped="0" meanWaitingTime="28.41" meanTravelTime="250.99" meanSpeed="23.73" meanSpeedRelative="0.74" duration="1"/>
    <step time="14400.00" loaded="6946" inserted="6867" running="111" waiting="79" ended="6756" arrived="6756" collisions="2" teleports="2" halting="1" stopped="0" meanWaitingTime="31.03" meanTravelTime="250.70" meanSpeed="24.11" meanSpeedRelative="0.75" duration="87"/>
    <step time="14700.00" loaded="7054" inserted="6976" running="92" waiting="78" ended="6884" arrived="6884" collisions="2" teleports="2" halting="6" stopped="0" meanWaitingTime="33.39" meanTravelTime="250.64" meanSpeed="23.32" meanSpeedRelative="0.73" duration="0"/>
    <step time="15000.00" loaded="7151" inserted="7077" running="74" waiting="74" ended="7003" arrived="7003" collisions="2" teleports="2" halting="1" stopped="0" meanWaitingTime="36.21" meanTravelTime="250.60" meanSpeed="24.23" meanSpeedRelative="0.76" duration="0"/>
    <step time="15300.00" loaded="7253" inserted="7184" running="76" waiting="69" ended="7108" arrived="7108" collisions="2" teleports="2" halting="1" stopped="0" meanWaitingTime="39.26" meanTravelTime="249.78" meanSpeed="24.37" meanSpeedRelative="0.76" duration="0"/>
    <step time="15600.00" loaded="7357" inserted="7296" running="78" waiting="61" ended="7218" arrived="7218" collisions="2" teleports="2" halting="3" stopped="0" meanWaitingTime="42.06" meanTravelTime="249.87" meanSpeed="23.96" meanSpeedRelative="0.75" duration="1"/>
    <step time="15900.00" loaded="7434" inserted="7380" running="66" waiting="54" ended="7314" arrived="7314" collisions="2" teleports="2" halting="7" stopped="0" meanWaitingTime="44.16" meanTravelTime="249.78" meanSpeed="23.87" meanSpeedRelative="0.75" duration="1"/>
    <step time="16200.00" loaded="7526" inserted="7473" running="73" waiting="53" ended="7400" arrived="7400" collisions="2" teleports="2" halting="1" stopped="0" meanWaitingTime="46.24" meanTravelTime="249.79" meanSpeed="24.14" meanSpeedRelative="0.75" duration="1"/>
    <step time="16500.00" loaded="7632" inserted="7580" running="74" waiting="52" ended="7506" arrived="7506" collisions="2" teleports="2" halting="1" stopped="0" meanWaitingTime="48.12" meanTravelTime="249.35" meanSpeed="24.96" meanSpeedRelative="0.78" duration="1"/>
    <step time="16800.00" loaded="7730" inserted="7683" running="74" waiting="47" ended="7609" arrived="7609" collisions="2" teleports="2" halting="3" stopped="0" meanWaitingTime="49.90" meanTravelTime="248.98" meanSpeed="23.51" meanSpeedRelative="0.73" duration="0"/>
    <step time="17100.00" loaded="7835" inserted="7782" running="81" waiting="53" ended="7701" arrived="7701" collisions="2" teleports="2" halting="1" stopped="0" meanWaitingTime="50.84" meanTravelTime="248.56" meanSpeed="24.44" meanSpeedRelative="0.76" duration="1"/>
    <step time="17400.00" loaded="7941" inserted="7888" running="76" waiting="53" ended="7812" arrived="7812" collisions="2" teleports="2" halting="1" stopped="0" meanWaitingTime="52.26" meanTravelTime="248.55" meanSpeed="24.44" meanSpeedRelative="0.76" duration="1"/>
    <step time="17700.00" loaded="8032" inserted="7982" running="76" waiting="50" ended="7906" arrived="7906" collisions="2" teleports="2" halting="1" stopped="0" meanWaitingTime="53.57" meanTravelTime="248.35" meanSpeed="24.85" meanSpeedRelative="0.78" duration="0"/>
    <step time="18000.00" loaded="8135" inserted="8092" running="81" waiting="43" ended="8011" arrived="8011" collisions="2" teleports="2" halting="4" stopped="0" meanWaitingTime="54.76" meanTravelTime="247.70" meanSpeed="24.07" meanSpeedRelative="0.75" duration="80"/>
    <step time="18300.00" loaded="8317" inserted="8263" running="127" waiting="54" ended="8136" arrived="8136" collisions="2" teleports="2" halting="0" stopped="0" meanWaitingTime="55.55" meanTravelTime="247.37" meanSpeed="25.16" meanSpeedRelative="0.79" duration="1"/>
    <step time="18600.00" loaded="8505" inserted="8440" running="137" waiting="65" ended="8303" arrived="8303" collisions="2" teleports="2" halting="2" stopped="0" meanWaitingTime="56.10" meanTravelTime="246.86" meanSpeed="25.29" meanSpeedRelative="0.79" duration="1"/>
    <step time="18900.00" loaded="8686" inserted="8610" running="134" waiting="76" ended="8476" arrived="8476" collisions="2" teleports="2" halting="3" stopped="0" meanWaitingTime="56.78" meanTravelTime="246.44" meanSpeed="24.50" meanSpeedRelative="0.77" duration="1"/>
    <step time="19200.00" loaded="8892" inserted="8808" running="163" waiting="84" ended="8645" arrived="8645" collisions="2" teleports="2" halting="3" stopped="0" meanWaitingTime="57.56" meanTravelTime="245.90" meanSpeed="23.74" meanSpeedRelative="0.74" duration="1"/>
    <step time="19500.00" loaded="9108" inserted="9010" running="161" waiting="98" ended="8849" arrived="8849" collisions="2" teleports="2" halting="1" stopped="0" meanWaitingTime="58.50" meanTravelTime="245.65" meanSpeed="23.18" meanSpeedRelative="0.72" duration="3"/>
    <step time="19800.00" loaded="9304" inserted="9189" running="148" waiting="115" ended="9041" arrived="9041" collisions="2" teleports="2" halting="1" stopped="0" meanWaitingTime="59.69" meanTravelTime="245.47" meanSpeed="24.61" meanSpeedRelative="0.77" duration="1"/>
    <step time="20100.00" loaded="9512" inserted="9385" running="151" waiting="127" ended="9234" arrived="9234" collisions="2" teleports="2" halting="6" stopped="0" meanWaitingTime="60.98" meanTravelTime="245.71" meanSpeed="23.35" meanSpeedRelative="0.73" duration="1"/>
    <step time="20400.00" loaded="9713" inserted="9574" running="159" waiting="139" ended="9415" arrived="9415" collisions="2" teleports="2" halting="0" stopped="0" meanWaitingTime="62.44" meanTravelTime="245.72" meanSpeed="23.72" meanSpeedRelative="0.74" duration="1"/>
    <step time="20700.00" loaded="9903" inserted="9758" running="156" waiting="145" ended="9602" arrived="9602" collisions="2" teleports="2" halting="3" stopped="0" meanWaitingTime="64.22" meanTravelTime="245.64" meanSpeed="24.41" meanSpeedRelative="0.76" duration="1"/>
    <step time="21000.00" loaded="10106" inserted="9943" running="163" waiting="163" ended="9780" arrived="9780" collisions="3" teleports="3" halting="6" stopped="0" meanWaitingTime="66.37" meanTravelTime="246.03" meanSpeed="24.24" meanSpeedRelative="0.76" duration="2"/>
    <step time="21300.00" loaded="10306" inserted="10141" running="165" waiting="165" ended="9976" arrived="9976" collisions="3" teleports="3" halting="6" stopped="0" meanWaitingTime="68.61" meanTravelTime="245.70" meanSpeed="23.27" meanSpeedRelative="0.73" duration="1"/>
    <step time="21600.00" loaded="10508" inserted="10330" running="163" waiting="178" ended="10167" arrived="10167" collisions="3" teleports="3" halting="4" stopped="0" meanWaitingTime="71.63" meanTravelTime="246.11" meanSpeed="23.24" meanSpeedRelative="0.73" duration="78"/>
    <step time="21900.00" loaded="10958" inserted="10718" running="318" waiting="240" ended="10400" arrived="10400" collisions="3" teleports="3" halting="4" stopped="0" meanWaitingTime="75.43" meanTravelTime="245.55" meanSpeed="22.39" meanSpeedRelative="0.70" duration="1"/>
    <step time="22200.00" loaded="11399" inserted="11098" running="367" waiting="301" ended="10731" arrived="10731" collisions="3" teleports="3" halting="2" stopped="0" meanWaitingTime="80.35" meanTravelTime="245.89" meanSpeed="21.62" meanSpeedRelative="0.68" duration="2"/>
    <step time="22500.00" loaded="11902" inserted="11484" running="409" waiting="418" ended="11075" arrived="11075" collisions="3" teleports="3" halting="3" stopped="0" meanWaitingTime="84.94" meanTravelTime="246.88" meanSpeed="21.27" meanSpeedRelative="0.66" duration="2"/>
    <step time="22800.00" loaded="12367" inserted="11855" running="397" waiting="512" ended="11458" arrived="11458" collisions="3" teleports="3" halting="6" stopped="0" meanWaitingTime="90.21" meanTravelTime="248.89" meanSpeed="20.84" meanSpeedRelative="0.65" duration="2"/>
    <step time="23100.00" loaded="12837" inserted="12250" running="419" waiting="587" ended="11831" arrived="11831" collisions="5" teleports="5" halting="8" stopped="0" meanWaitingTime="97.09" meanTravelTime="251.14" meanSpeed="20.03" meanSpeedRelative="0.63" duration="3"/>
    <step time="23400.00" loaded="13302" inserted="12665" running="441" waiting="637" ended="12224" arrived="12224" collisions="6" teleports="6" halting="4" stopped="0" meanWaitingTime="104.79" meanTravelTime="253.42" meanSpeed="20.50" meanSpeedRelative="0.64" duration="4"/>
    <step time="23700.00" loaded="13759" inserted="13064" running="427" waiting="695" ended="12637" arrived="12637" collisions="7" teleports="7" halting="6" stopped="0" meanWaitingTime="113.27" meanTravelTime="255.91" meanSpeed="20.78" meanSpeedRelative="0.65" duration="3"/>
    <step time="24000.00" loaded="14225" inserted="13461" running="439" waiting="764" ended="13022" arrived="13022" collisions="9" teleports="9" halting="9" stopped="0" meanWaitingTime="122.24" meanTravelTime="257.45" meanSpeed="20.23" meanSpeedRelative="0.63" duration="2"/>
    <step time="24300.00" loaded="14729" inserted="13867" running="436" waiting="862" ended="13431" arrived="13431" collisions="11" teleports="11" halting="11" stopped="0" meanWaitingTime="131.68" meanTravelTime="259.38" meanSpeed="20.40" meanSpeedRelative="0.64" duration="2"/>
    <step time="24600.00" loaded="15149" inserted="14234" running="406" waiting="915" ended="13828" arrived="13828" collisions="12" teleports="12" halting="5" stopped="0" meanWaitingTime="140.91" meanTravelTime="261.66" meanSpeed="20.95" meanSpeedRelative="0.65" duration="2"/>
    <step time="24900.00" loaded="15602" inserted="14627" running="425" waiting="975" ended="14202" arrived="14202" collisions="12" teleports="12" halting="2" stopped="0" meanWaitingTime="151.93" meanTravelTime="263.58" meanSpeed="20.85" meanSpeedRelative="0.65" duration="2"/>
    <step time="25200.00" loaded="16114" inserted="15048" running="433" waiting="1066" ended="14615" arrived="14615" collisions="13" teleports="13" halting="4" stopped="0" meanWaitingTime="162.77" meanTravelTime="264.99" meanSpeed="20.27" meanSpeedRelative="0.63" duration="90"/>
    <step time="25500.00" loaded="16699" inserted="15517" running="489" waiting="1182" ended="15028" arrived="15028" collisions="13" teleports="13" halting="6" stopped="0" meanWaitingTime="174.55" meanTravelTime="266.12" meanSpeed="20.28" meanSpeedRelative="0.63" duration="4"/>
    <step time="25800.00" loaded="17246" inserted="15968" running="489" waiting="1278" ended="15479" arrived="15479" collisions="13" teleports="13" halting="5" stopped="0" meanWaitingTime="186.50" meanTravelTime="267.38" meanSpeed="20.52" meanSpeedRelative="0.64" duration="3"/>
    <step time="26100.00" loaded="17799" inserted="16418" running="506" waiting="1381" ended="15912" arrived="15912" collisions="13" teleports="13" halting="8" stopped="0" meanWaitingTime="198.71" meanTravelTime="269.00" meanSpeed="20.03" meanSpeedRelative="0.63" duration="4"/>
    <step time="26400.00" loaded="18368" inserted="16858" running="505" waiting="1510" ended="16353" arrived="16353" collisions="14" teleports="14" halting="7" stopped="0" meanWaitingTime="210.86" meanTravelTime="270.74" meanSpeed="19.65" meanSpeedRelative="0.61" duration="2"/>
    <step time="26700.00" loaded="18929" inserted="17308" running="505" waiting="1621" ended="16803" arrived="16803" collisions="15" teleports="15" halting="4" stopped="0" meanWaitingTime="224.68" meanTravelTime="272.94" meanSpeed="19.74" meanSpeedRelative="0.62" duration="3"/>
    <step time="27000.00" loaded="19468" inserted="17773" running="530" waiting="1695" ended="17243" arrived="17243" collisions="16" teleports="16" halting="7" stopped="0" meanWaitingTime="240.00" meanTravelTime="274.30" meanSpeed="18.68" meanSpeedRelative="0.58" duration="4"/>
    <step time="27300.00" loaded="20030" inserted="18217" running="521" waiting="1813" ended="17696" arrived="17696" collisions="16" teleports="16" halting="6" stopped="0" meanWaitingTime="255.89" meanTravelTime="276.18" meanSpeed="18.96" meanSpeedRelative="0.59" duration="5"/>
    <step time="27600.00" loaded="20610" inserted="18672" running="565" waiting="1938" ended="18107" arrived="18107" collisions="19" teleports="19" halting="7" stopped="0" meanWaitingTime="272.51" meanTravelTime="278.20" meanSpeed="17.73" meanSpeedRelative="0.55" duration="3"/>
    <step time="27900.00" loaded="21162" inserted="19116" running="549" waiting="2046" ended="18567" arrived="18567" collisions="20" teleports="20" halting="3" stopped="0" meanWaitingTime="288.38" meanTravelTime="280.19" meanSpeed="18.12" meanSpeedRelative="0.57" duration="3"/>
    <step time="28200.00" loaded="21741" inserted="19559" running="555" waiting="2182" ended="19004" arrived="19004" collisions="21" teleports="21" halting="8" stopped="0" meanWaitingTime="304.91" meanTravelTime="282.42" meanSpeed="17.23" meanSpeedRelative="0.54" duration="5"/>
    <step time="28500.00" loaded="22294" inserted="20032" running="592" waiting="2262" ended="19440" arrived="19440" collisions="24" teleports="24" halting="12" stopped="0" meanWaitingTime="322.49" meanTravelTime="284.04" meanSpeed="17.18" meanSpeedRelative="0.54" duration="4"/>
    <step time="28800.00" loaded="22912" inserted="20506" running="599" waiting="2406" ended="19907" arrived="19907" collisions="25" teleports="25" halting="2" stopped="0" meanWaitingTime="340.25" meanTravelTime="286.71" meanSpeed="16.55" meanSpeedRelative="0.52" duration="88"/>
    <step time="29100.00" loaded="23251" inserted="20940" running="553" waiting="2311" ended="20387" arrived="20387" collisions="25" teleports="25" halting="7" stopped="0" meanWaitingTime="359.00" meanTravelTime="288.87" meanSpeed="17.65" meanSpeedRelative="0.55" duration="3"/>
    <step time="29400.00" loaded="23628" inserted="21398" running="525" waiting="2230" ended="20873" arrived="20873" collisions="26" teleports="26" halting="7" stopped="0" meanWaitingTime="377.87" meanTravelTime="290.86" meanSpeed="17.85" meanSpeedRelative="0.56" duration="5"/>
    <step time="29700.00" loaded="23972" inserted="21796" running="486" waiting="2176" ended="21310" arrived="21310" collisions="28" teleports="28" halting="8" stopped="0" meanWaitingTime="396.78" meanTravelTime="292.11" meanSpeed="18.78" meanSpeedRelative="0.59" duration="3"/>
    <step time="30000.00" loaded="24314" inserted="22232" running="482" waiting="2082" ended="21750" arrived="21750" collisions="29" teleports="29" halting="2" stopped="0" meanWaitingTime="416.14" meanTravelTime="293.29" meanSpeed="19.64" meanSpeedRelative="0.61" duration="4"/>
    <step time="30300.00" loaded="24712" inserted="22674" running="480" waiting="2038" ended="22194" arrived="22194" collisions="32" teleports="32" halting="5" stopped="0" meanWaitingTime="434.27" meanTravelTime="294.37" meanSpeed="19.40" meanSpeedRelative="0.61" duration="3"/>
    <step time="30600.00" loaded="25071" inserted="23096" running="452" waiting="1975" ended="22644" arrived="22644" collisions="32" teleports="32" halting="5" stopped="0" meanWaitingTime="452.10" meanTravelTime="295.06" meanSpeed="19.59" meanSpeedRelative="0.61" duration="3"/>
    <step time="30900.00" loaded="25386" inserted="23508" running="454" waiting="1878" ended="23054" arrived="23054" collisions="33" teleports="33" halting="6" stopped="0" meanWaitingTime="467.98" meanTravelTime="295.46" meanSpeed="19.27" meanSpeedRelative="0.60" duration="3"/>
    <step time="31200.00" loaded="25728" inserted="23907" running="424" waiting="1821" ended="23483" arrived="23483" collisions="33" teleports="33" halting="4" stopped="0" meanWaitingTime="482.09" meanTravelTime="296.38" meanSpeed="20.45" meanSpeedRelative="0.64" duration="3"/>
    <step time="31500.00" loaded="26055" inserted="24297" running="412" waiting="1758" ended="23885" arrived="23885" collisions="34" teleports="34" halting="4" stopped="0" meanWaitingTime="495.99" meanTravelTime="296.71" meanSpeed="21.46" meanSpeedRelative="0.67" duration="2"/>
    <step time="31800.00" loaded="26392" inserted="24691" running="419" waiting="1701" ended="24272" arrived="24272" collisions="34" teleports="34" halting="6" stopped="0" meanWaitingTime="507.74" meanTravelTime="297.07" meanSpeed="21.35" meanSpeedRelative="0.67" duration="3"/>
    <step time="32100.00" loaded="26755" inserted="25085" running="412" waiting="1670" ended="24673" arrived="24673" collisions="34" teleports="34" halting="8" stopped="0" meanWaitingTime="518.11" meanTravelTime="297.30" meanSpeed="21.00" meanSpeedRelative="0.66" duration="3"/>
    <step time="32400.00" loaded="27101" inserted="25446" running="356" waiting="1655" ended="25090" arrived="25090" collisions="34" teleports="34" halting="6" stopped="0" meanWaitingTime="528.70" meanTravelTime="297.59" meanSpeed="21.68" meanSpeedRelative="0.68" duration="86"/>
    <step time="32700.00" loaded="27375" inserted="25780" running="318" waiting="1595" ended="25462" arrived="25462" collisions="34" teleports="34" halting="7" stopped="0" meanWaitingTime="539.30" meanTravelTime="297.86" meanSpeed="21.06" meanSpeedRelative="0.66" duration="2"/>
    <step time="33000.00" loaded="27633" inserted="26081" running="295" waiting="1552" ended="25786" arrived="25786" collisions="35" teleports="35" halting="4" stopped="0" meanWaitingTime="550.83" meanTravelTime="297.56" meanSpeed="21.50" meanSpeedRelative="0.67" duration="3"/>
    <step time="33300.00" loaded="27914" inserted="26391" running="284" waiting="1523" ended="26107" arrived="26107" collisions="35" teleports="35" halting="4" stopped="0" meanWaitingTime="562.24" meanTravelTime="297.37" meanSpeed="21.90" meanSpeedRelative="0.68" duration="1"/>
    <step time="33600.00" loaded="28180" inserted="26687" running="282" waiting="1493" ended="26405" arrived="26405" collisions="35" teleports="35" halting="6" stopped="0" meanWaitingTime="573.38" meanTravelTime="297.35" meanSpeed="21.66" meanSpeedRelative="0.68" duration="2"/>
    <step time="33900.00" loaded="28441" inserted="26968" running="260" waiting="1473" ended="26708" arrived="26708" collisions="35" teleports="35" halting="2" stopped="0" meanWaitingTime="583.89" meanTravelTime="296.98" meanSpeed="21.63" meanSpeedRelative="0.68" duration="1"/>
    <step time="34200.00" loaded="28697" inserted="27276" running="268" waiting="1421" ended="27008" arrived="27008" collisions="35" teleports="35" halting="10" stopped="0" meanWaitingTime="594.86" meanTravelTime="296.96" meanSpeed="21.24" meanSpeedRelative="0.66" duration="2"/>
    <step time="34500.00" loaded="28950" inserted="27572" running="274" waiting="1378" ended="27298" arrived="27298" collisions="35" teleports="35" halting="10" stopped="0" meanWaitingTime="605.05" meanTravelTime="296.64" meanSpeed="21.39" meanSpeedRelative="0.67" duration="2"/>
    <step time="34800.00" loaded="29226" inserted="27876" running="290" waiting="1350" ended="27586" arrived="27586" collisions="35" teleports="35" halting="3" stopped="0" meanWaitingTime="614.97" meanTravelTime="296.49" meanSpeed="22.38" meanSpeedRelative="0.70" duration="2"/>
    <step time="35100.00" loaded="29480" inserted="28177" running="280" waiting="1303" ended="27897" arrived="27897" collisions="35" teleports="35" halting="2" stopped="0" meanWaitingTime="624.21" meanTravelTime="296.32" meanSpeed="22.89" meanSpeedRelative="0.72" duration="1"/>
    <step time="35400.00" loaded="29752" inserted="28480" running="288" waiting="1272" ended="28192" arrived="28192" collisions="36" teleports="36" halting="6" stopped="0" meanWaitingTime="633.37" meanTravelTime="296.08" meanSpeed="22.42" meanSpeedRelative="0.70" duration="2"/>
    <step time="35700.00" loaded="30006" inserted="28781" running="273" waiting="1225" ended="28508" arrived="28508" collisions="36" teleports="36" halting="6" stopped="0" meanWaitingTime="641.69" meanTravelTime="295.93" meanSpeed="21.54" meanSpeedRelative="0.67" duration="2"/>
    <step time="36000.00" loaded="30265" inserted="29081" running="277" waiting="1184" ended="28804" arrived="28804" collisions="37" teleports="37" halting="10" stopped="0" meanWaitingTime="649.60" meanTravelTime="295.73" meanSpeed="20.60" meanSpeedRelative="0.64" duration="83"/>
    <step time="36300.00" loaded="30741" inserted="29528" running="390" waiting="1213" ended="29138" arrived="29138" collisions="39" teleports="39" halting="3" stopped="0" meanWaitingTime="654.99" meanTravelTime="295.41" meanSpeed="20.50" meanSpeedRelative="0.64" duration="3"/>
    <step time="36600.00" loaded="31197" inserted="29935" running="405" waiting="1262" ended="29530" arrived="29530" collisions="39" teleports="39" halting="7" stopped="0" meanWaitingTime="661.00" meanTravelTime="295.09" meanSpeed="20.65" meanSpeedRelative="0.65" duration="4"/>
    <step time="36900.00" loaded="31688" inserted="30368" running="428" waiting="1320" ended="29940" arrived="29940" collisions="40" teleports="40" halting="9" stopped="0" meanWaitingTime="666.76" meanTravelTime="294.95" meanSpeed="21.01" meanSpeedRelative="0.66" duration="3"/>
    <step time="37200.00" loaded="32164" inserted="30793" running="428" waiting="1371" ended="30365" arrived="30365" collisions="40" teleports="40" halting="9" stopped="0" meanWaitingTime="671.20" meanTravelTime="294.86" meanSpeed="21.28" meanSpeedRelative="0.66" duration="3"/>
    <step time="37500.00" loaded="32631" inserted="31218" running="435" waiting="1413" ended="30783" arrived="30783" collisions="43" teleports="43" halting="9" stopped="0" meanWaitingTime="675.73" meanTravelTime="294.96" meanSpeed="20.39" meanSpeedRelative="0.64" duration="3"/>
    <step time="37800.00" loaded="33095" inserted="31645" running="441" waiting="1450" ended="31204" arrived="31204" collisions="44" teleports="44" halting="3" stopped="0" meanWaitingTime="678.90" meanTravelTime="295.16" meanSpeed="21.27" meanSpeedRelative="0.66" duration="3"/>
    <step time="38100.00" loaded="33600" inserted="32077" running="440" waiting="1523" ended="31637" arrived="31637" collisions="44" teleports="44" halting="4" stopped="0" meanWaitingTime="682.62" meanTravelTime="295.29" meanSpeed="21.02" meanSpeedRelative="0.66" duration="3"/>
    <step time="38400.00" loaded="34083" inserted="32484" running="430" waiting="1599" ended="32054" arrived="32054" collisions="45" teleports="45" halting="8" stopped="0" meanWaitingTime="687.08" meanTravelTime="295.43" meanSpeed="20.73" meanSpeedRelative="0.65" duration="3"/>
    <step time="38700.00" loaded="34521" inserted="32899" running="423" waiting="1622" ended="32476" arrived="32476" collisions="45" teleports="45" halting="12" stopped="0" meanWaitingTime="691.15" meanTravelTime="295.62" meanSpeed="20.60" meanSpeedRelative="0.64" duration="3"/>
    <step time="39000.00" loaded="34962" inserted="33300" running="397" waiting="1662" ended="32903" arrived="32903" collisions="46" teleports="46" halting="6" stopped="0" meanWaitingTime="695.50" meanTravelTime="295.88" meanSpeed="20.63" meanSpeedRelative="0.64" duration="3"/>
    <step time="39300.00" loaded="35429" inserted="33741" running="453" waiting="1688" ended="33288" arrived="33288" collisions="49" teleports="49" halting="9" stopped="0" meanWaitingTime="699.69" meanTravelTime="295.85" meanSpeed="20.31" meanSpeedRelative="0.63" duration="4"/>
    <step time="39600.00" loaded="35889" inserted="34150" running="446" waiting="1739" ended="33704" arrived="33704" collisions="49" teleports="49" halting="6" stopped="0" meanWaitingTime="704.13" meanTravelTime="296.19" meanSpeed="20.69" meanSpeedRelative="0.65" duration="88"/>
    <step time="39900.00" loaded="36372" inserted="34578" running="468" waiting="1794" ended="34110" arrived="34110" collisions="49" teleports="49" halting="7" stopped="0" meanWaitingTime="708.80" meanTravelTime="296.66" meanSpeed="20.37" meanSpeedRelative="0.64" duration="4"/>
    <step time="40200.00" loaded="36875" inserted="35017" running="482" waiting="1858" ended="34535" arrived="34535" collisions="49" teleports="49" halting="7" stopped="0" meanWaitingTime="712.78" meanTravelTime="296.67" meanSpeed="19.64" meanSpeedRelative="0.61" duration="4"/>
    <step time="40500.00" loaded="37397" inserted="35468" running="480" waiting="1929" ended="34988" arrived="34988" collisions="50" teleports="50" halting="8" stopped="0" meanWaitingTime="716.65" meanTravelTime="297.18" meanSpeed="20.59" meanSpeedRelative="0.64" duration="4"/>
    <step time="40800.00" loaded="37877" inserted="35881" running="453" waiting="1996" ended="35428" arrived="35428" collisions="54" teleports="54" halting="4" stopped="0" meanWaitingTime="719.90" meanTravelTime="297.59" meanSpeed="20.86" meanSpeedRelative="0.65" duration="3"/>
    <step time="41100.00" loaded="38389" inserted="36320" running="482" waiting="2069" ended="35838" arrived="35838" collisions="56" teleports="56" halting="2" stopped="0" meanWaitingTime="722.72" meanTravelTime="297.88" meanSpeed="21.05" meanSpeedRelative="0.66" duration="5"/>
    <step time="41400.00" loaded="38883" inserted="36767" running="491" waiting="2116" ended="36276" arrived="36276" collisions="56" teleports="56" halting="8" stopped="0" meanWaitingTime="727.87" meanTravelTime="297.97" meanSpeed="19.44" meanSpeedRelative="0.61" duration="4"/>
    <step time="41700.00" loaded="39410" inserted="37203" running="473" waiting="2207" ended="36730" arrived="36730" collisions="57" teleports="57" halting="8" stopped="0" meanWaitingTime="732.60" meanTravelTime="298.51" meanSpeed="19.81" meanSpeedRelative="0.62" duration="4"/>
    <step time="42000.00" loaded="39938" inserted="37681" running="521" waiting="2257" ended="37160" arrived="37160" collisions="58" teleports="58" halting="13" stopped="0" meanWaitingTime="736.50" meanTravelTime="298.77" meanSpeed="19.85" meanSpeedRelative="0.62" duration="3"/>
    <step time="42300.00" loaded="40438" inserted="38119" running="517" waiting="2319" ended="37602" arrived="37602" collisions="59" teleports="59" halting="5" stopped="0" meanWaitingTime="741.57" meanTravelTime="299.20" meanSpeed="19.82" meanSpeedRelative="0.62" duration="4"/>
    <step time="42600.00" loaded="40963" inserted="38562" running="487" waiting="2401" ended="38075" arrived="38075" collisions="60" teleports="60" halting="5" stopped="0" meanWaitingTime="746.43" meanTravelTime="299.75" meanSpeed="20.56" meanSpeedRelative="0.64" duration="5"/>
    <step time="42900.00" loaded="41483" inserted="38998" running="485" waiting="2485" ended="38513" arrived="38513" collisions="63" teleports="63" halting="8" stopped="0" meanWaitingTime="751.48" meanTravelTime="300.15" meanSpeed="20.81" meanSpeedRelative="0.65" duration="4"/>
    <step time="43200.00" loaded="42041" inserted="39475" running="532" waiting="2566" ended="38943" arrived="38943" collisions="64" teleports="64" halting="5" stopped="0" meanWaitingTime="757.06" meanTravelTime="300.50" meanSpeed="19.91" meanSpeedRelative="0.62" duration="93"/>
    <step time="43500.00" loaded="42595" inserted="39954" running="551" waiting="2641" ended="39403" arrived="39403" collisions="65" teleports="65" halting="6" stopped="0" meanWaitingTime="762.34" meanTravelTime="300.88" meanSpeed="20.25" meanSpeedRelative="0.63" duration="6"/>
    <step time="43800.00" loaded="43134" inserted="40417" running="554" waiting="2717" ended="39863" arrived="39863" collisions="68" teleports="68" halting="5" stopped="0" meanWaitingTime="767.89" meanTravelTime="301.40" meanSpeed="19.72" meanSpeedRelative="0.62" duration="5"/>
    <step time="44100.00" loaded="43684" inserted="40888" running="561" waiting="2796" ended="40327" arrived="40327" collisions="71" teleports="71" halting="5" stopped="0" meanWaitingTime="774.33" meanTravelTime="301.93" meanSpeed="18.74" meanSpeedRelative="0.59" duration="4"/>
    <step time="44400.00" loaded="44278" inserted="41364" running="572" waiting="2914" ended="40792" arrived="40792" collisions="72" teleports="72" halting="7" stopped="0" meanWaitingTime="781.38" meanTravelTime="302.61" meanSpeed="18.67" meanSpeedRelative="0.58" duration="5"/>
    <step time="44700.00" loaded="44819" inserted="41837" running="602" waiting="2982" ended="41235" arrived="41235" collisions="74" teleports="74" halting="5" stopped="0" meanWaitingTime="788.14" meanTravelTime="303.29" meanSpeed="17.79" meanSpeedRelative="0.56" duration="6"/>
    <step time="45000.00" loaded="45340" inserted="42309" running="622" waiting="3031" ended="41687" arrived="41687" collisions="76" teleports="76" halting="3" stopped="0" meanWaitingTime="794.14" meanTravelTime="304.28" meanSpeed="18.67" meanSpeedRelative="0.58" duration="5"/>
    <step time="45300.00" loaded="45872" inserted="42762" running="602" waiting="3110" ended="42160" arrived="42160" collisions="77" teleports="77" halting="8" stopped="0" meanWaitingTime="800.95" meanTravelTime="305.15" meanSpeed="18.12" meanSpeedRelative="0.57" duration="7"/>
    <step time="45600.00" loaded="46385" inserted="43209" running="581" waiting="3176" ended="42628" arrived="42628" collisions="78" teleports="78" halting="7" stopped="0" meanWaitingTime="807.91" meanTravelTime="305.96" meanSpeed="18.40" meanSpeedRelative="0.58" duration="5"/>
    <step time="45900.00" loaded="46941" inserted="43705" running="626" waiting="3236" ended="43079" arrived="43079" collisions="79" teleports="79" halting="10" stopped="0" meanWaitingTime="815.09" meanTravelTime="306.93" meanSpeed="18.11" meanSpeedRelative="0.57" duration="5"/>
    <step time="46200.00" loaded="47475" inserted="44174" running="614" waiting="3301" ended="43560" arrived="43560" collisions="79" teleports="79" halting="7" stopped="0" meanWaitingTime="822.19" meanTravelTime="307.78" meanSpeed="18.05" meanSpeedRelative="0.56" duration="4"/>
    <step time="46500.00" loaded="48000" inserted="44640" running="604" waiting="3360" ended="44036" arrived="44036" collisions="82" teleports="82" halting="4" stopped="0" meanWaitingTime="830.92" meanTravelTime="308.55" meanSpeed="17.97" meanSpeedRelative="0.56" duration="6"/>
    <step time="46800.00" loaded="48532" inserted="45105" running="622" waiting="3427" ended="44483" arrived="44483" collisions="84" teleports="84" halting="9" stopped="0" meanWaitingTime="839.57" meanTravelTime="309.37" meanSpeed="17.86" meanSpeedRelative="0.56" duration="93"/>
    <step time="47100.00" loaded="49075" inserted="45565" running="604" waiting="3510" ended="44961" arrived="44961" collisions="86" teleports="86" halting="11" stopped="0" meanWaitingTime="847.36" meanTravelTime="310.22" meanSpeed="17.59" meanSpeedRelative="0.55" duration="7"/>
    <step time="47400.00" loaded="49563" inserted="46008" running="591" waiting="3555" ended="45417" arrived="45417" collisions="87" teleports="87" halting="6" stopped="0" meanWaitingTime="854.40" meanTravelTime="311.12" meanSpeed="18.73" meanSpeedRelative="0.59" duration="4"/>
    <step time="47700.00" loaded="50131" inserted="46489" running="600" waiting="3642" ended="45889" arrived="45889" collisions="87" teleports="87" halting="10" stopped="0" meanWaitingTime="862.21" meanTravelTime="312.11" meanSpeed="18.16" meanSpeedRelative="0.57" duration="5"/>
    <step time="48000.00" loaded="50646" inserted="46982" running="608" waiting="3664" ended="46374" arrived="46374" collisions="89" teleports="89" halting="8" stopped="0" meanWaitingTime="873.33" meanTravelTime="312.61" meanSpeed="18.77" meanSpeedRelative="0.59" duration="4"/>
    <step time="48300.00" loaded="51153" inserted="47448" running="598" waiting="3705" ended="46850" arrived="46850" collisions="91" teleports="91" halting="7" stopped="0" meanWaitingTime="883.60" meanTravelTime="313.05" meanSpeed="18.84" meanSpeedRelative="0.59" duration="7"/>
    <step time="48600.00" loaded="51751" inserted="47936" running="634" waiting="3815" ended="47302" arrived="47302" collisions="91" teleports="91" halting="6" stopped="0" meanWaitingTime="893.41" meanTravelTime="313.81" meanSpeed="17.46" meanSpeedRelative="0.55" duration="5"/>
    <step time="48900.00" loaded="52274" inserted="48408" running="613" waiting="3866" ended="47795" arrived="47795" collisions="91" teleports="91" halting="6" stopped="0" meanWaitingTime="903.52" meanTravelTime="314.70" meanSpeed="18.20" meanSpeedRelative="0.57" duration="6"/>
    <step time="49200.00" loaded="52816" inserted="48891" running="607" waiting="3925" ended="48284" arrived="48284" collisions="94" teleports="94" halting="10" stopped="0" meanWaitingTime="913.23" meanTravelTime="315.46" meanSpeed="18.70" meanSpeedRelative="0.58" duration="4"/>
    <step time="49500.00" loaded="53344" inserted="49374" running="615" waiting="3970" ended="48759" arrived="48759" collisions="96" teleports="96" halting="6" stopped="0" meanWaitingTime="923.51" meanTravelTime="316.08" meanSpeed="18.00" meanSpeedRelative="0.56" duration="7"/>
    <step time="49800.00" loaded="53886" inserted="49854" running="630" waiting="4032" ended="49224" arrived="49224" collisions="97" teleports="97" halting="11" stopped="0" meanWaitingTime="933.98" meanTravelTime="316.57" meanSpeed="18.22" meanSpeedRelative="0.57" duration="6"/>
    <step time="50100.00" loaded="54421" inserted="50316" running="627" waiting="4105" ended="49689" arrived="49689" collisions="98" teleports="98" halting="11" stopped="0" meanWaitingTime="944.24" meanTravelTime="317.29" meanSpeed="18.17" meanSpeedRelative="0.57" duration="5"/>
    <step time="50400.00" loaded="54932" inserted="50759" running="597" waiting="4173" ended="50162" arrived="50162" collisions="100" teleports="100" halting="4" stopped="0" meanWaitingTime="953.15" meanTravelTime="318.16" meanSpeed="18.66" meanSpeedRelative="0.58" duration="92"/>
    <step time="50700.00" loaded="55697" inserted="51296" running="647" waiting="4401" ended="50649" arrived="50649" collisions="101" teleports="101" halting="9" stopped="0" meanWaitingTime="961.18" meanTravelTime="318.81" meanSpeed="17.68" meanSpeedRelative="0.55" duration="7"/>
    <step time="51000.00" loaded="56369" inserted="51820" running="701" waiting="4549" ended="51119" arrived="51119" collisions="103" teleports="103" halting="10" stopped="0" meanWaitingTime="971.58" meanTravelTime="319.58" meanSpeed="16.77" meanSpeedRelative="0.52" duration="7"/>
    <step time="51300.00" loaded="57102" inserted="52346" running="756" waiting="4756" ended="51590" arrived="51590" collisions="107" teleports="107" halting="3" stopped="0" meanWaitingTime="981.24" meanTravelTime="320.39" meanSpeed="16.73" meanSpeedRelative="0.52" duration="10"/>
    <step time="51600.00" loaded="57826" inserted="52889" running="786" waiting="4937" ended="52103" arrived="52103" collisions="107" teleports="107" halting="11" stopped="0" meanWaitingTime="992.29" meanTravelTime="321.28" meanSpeed="15.38" meanSpeedRelative="0.48" duration="8"/>
    <step time="51900.00" loaded="58511" inserted="53424" running="826" waiting="5087" ended="52598" arrived="52598" collisions="109" teleports="109" halting="5" stopped="0" meanWaitingTime="1002.61" meanTravelTime="322.42" meanSpeed="15.32" meanSpeedRelative="0.48" duration="7"/>
    <step time="52200.00" loaded="59242" inserted="53976" running="864" waiting="5266" ended="53112" arrived="53112" collisions="115" teleports="115" halting="13" stopped="0" meanWaitingTime="1013.41" meanTravelTime="323.68" meanSpeed="14.92" meanSpeedRelative="0.47" duration="9"/>
    <step time="52500.00" loaded="60031" inserted="54547" running="915" waiting="5484" ended="53632" arrived="53632" collisions="120" teleports="120" halting="11" stopped="0" meanWaitingTime="1023.81" meanTravelTime="325.22" meanSpeed="14.15" meanSpeedRelative="0.44" duration="8"/>
    <step time="52800.00" loaded="60726" inserted="55088" running="921" waiting="5638" ended="54167" arrived="54167" collisions="123" teleports="123" halting="12" stopped="0" meanWaitingTime="1033.66" meanTravelTime="326.46" meanSpeed="13.69" meanSpeedRelative="0.43" duration="7"/>
    <step time="53100.00" loaded="61432" inserted="55616" running="898" waiting="5816" ended="54718" arrived="54718" collisions="127" teleports="127" halting="6" stopped="0" meanWaitingTime="1043.25" meanTravelTime="328.19" meanSpeed="13.73" meanSpeedRelative="0.43" duration="10"/>
    <step time="53400.00" loaded="62111" inserted="56120" running="868" waiting="5991" ended="55252" arrived="55252" collisions="129" teleports="129" halting="14" stopped="0" meanWaitingTime="1053.33" meanTravelTime="330.17" meanSpeed="13.94" meanSpeedRelative="0.44" duration="10"/>
    <step time="53700.00" loaded="62784" inserted="56666" running="878" waiting="6118" ended="55788" arrived="55788" collisions="130" teleports="130" halting="13" stopped="0" meanWaitingTime="1064.81" meanTravelTime="331.95" meanSpeed="14.02" meanSpeedRelative="0.44" duration="8"/>
    <step time="54000.00" loaded="63482" inserted="57199" running="896" waiting="6283" ended="56303" arrived="56303" collisions="132" teleports="132" halting="10" stopped="0" meanWaitingTime="1076.43" meanTravelTime="333.50" meanSpeed="13.49" meanSpeedRelative="0.42" duration="92"/>
    <step time="54300.00" loaded="63924" inserted="57661" running="845" waiting="6263" ended="56816" arrived="56816" collisions="135" teleports="135" halting="6" stopped="0" meanWaitingTime="1088.69" meanTravelTime="334.96" meanSpeed="13.80" meanSpeedRelative="0.43" duration="9"/>
    <step time="54600.00" loaded="64392" inserted="58098" running="826" waiting="6294" ended="57272" arrived="57272" collisions="141" teleports="141" halting="9" stopped="0" meanWaitingTime="1099.25" meanTravelTime="336.52" meanSpeed="14.11" meanSpeedRelative="0.44" duration="7"/>
    <step time="54900.00" loaded="64834" inserted="58556" running="778" waiting="6278" ended="57778" arrived="57778" collisions="147" teleports="147" halting="10" stopped="0" meanWaitingTime="1111.11" meanTravelTime="338.14" meanSpeed="14.62" meanSpeedRelative="0.46" duration="9"/>
    <step time="55200.00" loaded="65243" inserted="59009" running="755" waiting="6234" ended="58254" arrived="58254" collisions="149" teleports="149" halting="8" stopped="0" meanWaitingTime="1124.33" meanTravelTime="339.54" meanSpeed="15.40" meanSpeedRelative="0.48" duration="8"/>
    <step time="55500.00" loaded="65693" inserted="59460" running="712" waiting="6233" ended="58748" arrived="58748" collisions="151" teleports="151" halting="13" stopped="0" meanWaitingTime="1137.52" meanTravelTime="340.85" meanSpeed="15.57" meanSpeedRelative="0.49" duration="8"/>
    <step time="55800.00" loaded="66120" inserted="59916" running="669" waiting="6204" ended="59247" arrived="59247" collisions="152" teleports="152" halting="6" stopped="0" meanWaitingTime="1151.24" meanTravelTime="342.01" meanSpeed="16.18" meanSpeedRelative="0.51" duration="7"/>
    <step time="56100.00" loaded="66571" inserted="60365" running="637" waiting="6206" ended="59728" arrived="59728" collisions="154" teleports="154" halting="8" stopped="0" meanWaitingTime="1166.10" meanTravelTime="342.98" meanSpeed="16.68" meanSpeedRelative="0.52" duration="8"/>
    <step time="56400.00" loaded="67003" inserted="60808" running="594" waiting="6195" ended="60214" arrived="60214" collisions="156" teleports="156" halting="1" stopped="0" meanWaitingTime="1180.39" meanTravelTime="343.51" meanSpeed="17.47" meanSpeedRelative="0.55" duration="7"/>
    <step time="56700.00" loaded="67491" inserted="61274" running="606" waiting="6217" ended="60668" arrived="60668" collisions="157" teleports="157" halting="4" stopped="0" meanWaitingTime="1195.85" meanTravelTime="343.98" meanSpeed="17.92" meanSpeedRelative="0.56" duration="8"/>
    <step time="57000.00" loaded="67977" inserted="61741" running="632" waiting="6236" ended="61109" arrived="61109" collisions="158" teleports="158" halting="6" stopped="0" meanWaitingTime="1208.95" meanTravelTime="344.31" meanSpeed="17.42" meanSpeedRelative="0.54" duration="8"/>
    <step time="57300.00" loaded="68446" inserted="62224" running="665" waiting="6222" ended="61559" arrived="61559" collisions="159" teleports="159" halting="7" stopped="0" meanWaitingTime="1223.08" meanTravelTime="344.72" meanSpeed="16.79" meanSpeedRelative="0.52" duration="9"/>
    <step time="57600.00" loaded="68928" inserted="62722" running="683" waiting="6206" ended="62039" arrived="62039" collisions="159" teleports="159" halting="5" stopped="0" meanWaitingTime="1236.82" meanTravelTime="345.21" meanSpeed="16.24" meanSpeedRelative="0.51" duration="88"/>
    <step time="57900.00" loaded="69498" inserted="63224" running="651" waiting="6274" ended="62573" arrived="62573" collisions="159" teleports="159" halting="11" stopped="0" meanWaitingTime="1249.20" meanTravelTime="345.80" meanSpeed="16.85" meanSpeedRelative="0.53" duration="9"/>
    <step time="58200.00" loaded="70043" inserted="63692" running="628" waiting="6351" ended="63064" arrived="63064" collisions="160" teleports="160" halting="5" stopped="0" meanWaitingTime="1261.58" meanTravelTime="346.22" meanSpeed="18.37" meanSpeedRelative="0.57" duration="6"/>
    <step time="58500.00" loaded="70606" inserted="64167" running="627" waiting="6439" ended="63540" arrived="63540" collisions="163" teleports="163" halting="7" stopped="0" meanWaitingTime="1274.10" meanTravelTime="346.62" meanSpeed="17.90" meanSpeedRelative="0.56" duration="5"/>
    <step time="58800.00" loaded="71149" inserted="64664" running="637" waiting="6485" ended="64027" arrived="64027" collisions="163" teleports="163" halting="4" stopped="0" meanWaitingTime="1288.24" meanTravelTime="346.87" meanSpeed="17.14" meanSpeedRelative="0.54" duration="5"/>
    <step time="59100.00" loaded="71660" inserted="65148" running="652" waiting="6512" ended="64496" arrived="64496" collisions="166" teleports="166" halting="8" stopped="0" meanWaitingTime="1302.06" meanTravelTime="347.16" meanSpeed="17.18" meanSpeedRelative="0.54" duration="9"/>
    <step time="59400.00" loaded="72225" inserted="65663" running="665" waiting="6562" ended="64998" arrived="64998" collisions="172" teleports="172" halting="8" stopped="0" meanWaitingTime="1317.80" meanTravelTime="347.48" meanSpeed="17.38" meanSpeedRelative="0.54" duration="9"/>
    <step time="59700.00" loaded="72784" inserted="66166" running="691" waiting="6618" ended="65475" arrived="65475" collisions="174" teleports="174" halting="10" stopped="0" meanWaitingTime="1333.14" meanTravelTime="347.90" meanSpeed="16.51" meanSpeedRelative="0.52" duration="8"/>
    <step time="60000.00" loaded="73340" inserted="66655" running="692" waiting="6685" ended="65963" arrived="65963" collisions="176" teleports="176" halting="9" stopped="0" meanWaitingTime="1349.19" meanTravelTime="348.37" meanSpeed="17.14" meanSpeedRelative="0.54" duration="9"/>
    <step time="60300.00" loaded="73877" inserted="67154" running="675" waiting="6723" ended="66479" arrived="66479" collisions="177" teleports="177" halting="6" stopped="0" meanWaitingTime="1365.02" meanTravelTime="348.82" meanSpeed="17.67" meanSpeedRelative="0.55" duration="7"/>
    <step time="60600.00" loaded="74421" inserted="67669" running="705" waiting="6752" ended="66964" arrived="66964" collisions="177" teleports="177" halting="7" stopped="0" meanWaitingTime="1381.57" meanTravelTime="349.20" meanSpeed="16.87" meanSpeedRelative="0.53" duration="9"/>
    <step time="60900.00" loaded="74982" inserted="68176" running="717" waiting="6806" ended="67459" arrived="67459" collisions="180" teleports="180" halting="7" stopped="0" meanWaitingTime="1397.01" meanTravelTime="349.72" meanSpeed="16.55" meanSpeedRelative="0.52" duration="8"/>
    <step time="61200.00" loaded="75521" inserted="68661" running="707" waiting="6860" ended="67954" arrived="67954" collisions="186" teleports="186" halting="6" stopped="0" meanWaitingTime="1410.58" meanTravelTime="350.21" meanSpeed="16.18" meanSpeedRelative="0.51" duration="90"/>
    <step time="61500.00" loaded="75599" inserted="69019" running="601" waiting="6580" ended="68418" arrived="68418" collisions="188" teleports="188" halting="4" stopped="0" meanWaitingTime="1427.65" meanTravelTime="350.81" meanSpeed="16.93" meanSpeedRelative="0.53" duration="7"/>
    <step time="61800.00" loaded="75662" inserted="69375" running="501" waiting="6287" ended="68874" arrived="68874" collisions="191" teleports="191" halting="5" stopped="0" meanWaitingTime="1447.18" meanTravelTime="351.55" meanSpeed="17.40" meanSpeedRelative="0.54" duration="7"/>
    <step time="62100.00" loaded="75726" inserted="69726" running="478" waiting="6000" ended="69248" arrived="69248" collisions="191" teleports="191" halting="8" stopped="0" meanWaitingTime="1467.01" meanTravelTime="352.00" meanSpeed="17.94" meanSpeedRelative="0.56" duration="4"/>
    <step time="62400.00" loaded="75786" inserted="70082" running="472" waiting="5704" ended="69610" arrived="69610" collisions="191" teleports="191" halting="1" stopped="0" meanWaitingTime="1486.92" meanTravelTime="352.35" meanSpeed="18.43" meanSpeedRelative="0.58" duration="5"/>
    <step time="62700.00" loaded="75868" inserted="70446" running="471" waiting="5422" ended="69975" arrived="69975" collisions="193" teleports="193" halting="1" stopped="0" meanWaitingTime="1506.82" meanTravelTime="352.67" meanSpeed="18.49" meanSpeedRelative="0.58" duration="4"/>
    <step time="63000.00" loaded="75941" inserted="70801" running="454" waiting="5140" ended="70347" arrived="70347" collisions="193" teleports="193" halting="4" stopped="0" meanWaitingTime="1525.84" meanTravelTime="352.86" meanSpeed="19.40" meanSpeedRelative="0.61" duration="5"/>
    <step time="63300.00" loaded="76016" inserted="71140" running="409" waiting="4876" ended="70731" arrived="70731" collisions="194" teleports="194" halting="7" stopped="0" meanWaitingTime="1545.30" meanTravelTime="353.01" meanSpeed="19.41" meanSpeedRelative="0.61" duration="4"/>
    <step time="63600.00" loaded="76079" inserted="71412" running="339" waiting="4667" ended="71073" arrived="71073" collisions="194" teleports="194" halting="2" stopped="0" meanWaitingTime="1564.39" meanTravelTime="353.09" meanSpeed="19.40" meanSpeedRelative="0.61" duration="5"/>
    <step time="63900.00" loaded="76152" inserted="71660" running="298" waiting="4492" ended="71362" arrived="71362" collisions="195" teleports="195" halting="4" stopped="0" meanWaitingTime="1582.59" meanTravelTime="353.13" meanSpeed="20.78" meanSpeedRelative="0.65" duration="3"/>
    <step time="64200.00" loaded="76210" inserted="71900" running="256" waiting="4310" ended="71644" arrived="71644" collisions="195" teleports="195" halting="5" stopped="0" meanWaitingTime="1599.45" meanTravelTime="353.13" meanSpeed="21.92" meanSpeedRelative="0.69" duration="2"/>
    <step time="64500.00" loaded="76266" inserted="72126" running="242" waiting="4140" ended="71884" arrived="71884" collisions="195" teleports="195" halting="1" stopped="0" meanWaitingTime="1615.64" meanTravelTime="353.01" meanSpeed="22.31" meanSpeedRelative="0.70" duration="4"/>
    <step time="64800.00" loaded="76337" inserted="72371" running="232" waiting="3966" ended="72139" arrived="72139" collisions="195" teleports="195" halting="2" stopped="0" meanWaitingTime="1632.70" meanTravelTime="352.94" meanSpeed="22.10" meanSpeedRelative="0.69" duration="93"/>
    <step time="65100.00" loaded="76397" inserted="72605" running="204" waiting="3792" ended="72401" arrived="72401" collisions="196" teleports="196" halting="6" stopped="0" meanWaitingTime="1649.47" meanTravelTime="352.75" meanSpeed="22.08" meanSpeedRelative="0.69" duration="2"/>
    <step time="65400.00" loaded="76438" inserted="72840" running="225" waiting="3598" ended="72615" arrived="72615" collisions="196" teleports="196" halting="6" stopped="0" meanWaitingTime="1666.51" meanTravelTime="352.46" meanSpeed="21.42" meanSpeedRelative="0.67" duration="2"/>
    <step time="65700.00" loaded="76494" inserted="73076" running="216" waiting="3418" ended="72860" arrived="72860" collisions="196" teleports="196" halting="2" stopped="0" meanWaitingTime="1682.12" meanTravelTime="352.22" meanSpeed="22.54" meanSpeedRelative="0.70" duration="2"/>
    <step time="66000.00" loaded="76535" inserted="73290" running="208" waiting="3245" ended="73082" arrived="73082" collisions="196" teleports="196" halting="4" stopped="0" meanWaitingTime="1695.83" meanTravelTime="352.00" meanSpeed="22.32" meanSpeedRelative="0.70" duration="2"/>
    <step time="66300.00" loaded="76581" inserted="73453" running="137" waiting="3128" ended="73316" arrived="73316" collisions="196" teleports="196" halting="5" stopped="0" meanWaitingTime="1709.43" meanTravelTime="351.82" meanSpeed="20.85" meanSpeedRelative="0.65" duration="2"/>
    <step time="66600.00" loaded="76642" inserted="73626" running="142" waiting="3016" ended="73484" arrived="73484" collisions="196" teleports="196" halting="6" stopped="0" meanWaitingTime="1721.96" meanTravelTime="351.62" meanSpeed="20.94" meanSpeedRelative="0.65" duration="1"/>
    <step time="66900.00" loaded="76694" inserted="73790" running="141" waiting="2904" ended="73649" arrived="73649" collisions="196" teleports="196" halting="4" stopped="0" meanWaitingTime="1735.07" meanTravelTime="351.40" meanSpeed="21.68" meanSpeedRelative="0.68" duration="1"/>
    <step time="67200.00" loaded="76746" inserted="73976" running="160" waiting="2770" ended="73816" arrived="73816" collisions="196" teleports="196" halting="2" stopped="0" meanWaitingTime="1749.72" meanTravelTime="351.19" meanSpeed="21.21" meanSpeedRelative="0.66" duration="3"/>
    <step time="67500.00" loaded="76796" inserted="74150" running="151" waiting="2646" ended="73999" arrived="73999" collisions="196" teleports="196" halting="7" stopped="0" meanWaitingTime="1763.22" meanTravelTime="350.93" meanSpeed="20.20" meanSpeedRelative="0.63" duration="2"/>
    <step time="67800.00" loaded="76850" inserted="74322" running="141" waiting="2528" ended="74181" arrived="74181" collisions="196" teleports="196" halting="2" stopped="0" meanWaitingTime="1776.64" meanTravelTime="350.67" meanSpeed="21.13" meanSpeedRelative="0.66" duration="2"/>
    <step time="68100.00" loaded="76905" inserted="74474" running="124" waiting="2431" ended="74350" arrived="74350" collisions="196" teleports="196" halting="4" stopped="0" meanWaitingTime="1788.16" meanTravelTime="350.44" meanSpeed="20.61" meanSpeedRelative="0.64" duration="1"/>
    <step time="68400.00" loaded="76963" inserted="74663" running="142" waiting="2300" ended="74521" arrived="74521" collisions="196" teleports="196" halting="5" stopped="0" meanWaitingTime="1802.69" meanTravelTime="350.19" meanSpeed="22.66" meanSpeedRelative="0.71" duration="89"/>
    <step time="68700.00" loaded="77104" inserted="74891" running="180" waiting="2213" ended="74711" arrived="74711" collisions="196" teleports="196" halting="5" stopped="0" meanWaitingTime="1814.21" meanTravelTime="349.89" meanSpeed="20.86" meanSpeedRelative="0.65" duration="1"/>
    <step time="69000.00" loaded="77257" inserted="75123" running="200" waiting="2134" ended="74923" arrived="74923" collisions="196" teleports="196" halting="5" stopped="0" meanWaitingTime="1821.79" meanTravelTime="349.54" meanSpeed="22.19" meanSpeedRelative="0.69" duration="2"/>
    <step time="69300.00" loaded="77401" inserted="75334" running="176" waiting="2067" ended="75158" arrived="75158" collisions="196" teleports="196" halting="6" stopped="0" meanWaitingTime="1827.73" meanTravelTime="349.25" meanSpeed="22.98" meanSpeedRelative="0.72" duration="2"/>
    <step time="69600.00" loaded="77561" inserted="75506" running="178" waiting="2055" ended="75328" arrived="75328" collisions="197" teleports="197" halting="3" stopped="0" meanWaitingTime="1831.53" meanTravelTime="349.13" meanSpeed="22.37" meanSpeedRelative="0.70" duration="1"/>
    <step time="69900.00" loaded="77717" inserted="75673" running="163" waiting="2044" ended="75510" arrived="75510" collisions="197" teleports="197" halting="1" stopped="0" meanWaitingTime="1835.46" meanTravelTime="348.99" meanSpeed="22.63" meanSpeedRelative="0.71" duration="2"/>
    <step time="70200.00" loaded="77872" inserted="75845" running="152" waiting="2027" ended="75693" arrived="75693" collisions="197" teleports="197" halting="5" stopped="0" meanWaitingTime="1839.43" meanTravelTime="348.89" meanSpeed="23.74" meanSpeedRelative="0.74" duration="1"/>
    <step time="70500.00" loaded="78012" inserted="76011" running="152" waiting="2001" ended="75859" arrived="75859" collisions="197" teleports="197" halting="4" stopped="0" meanWaitingTime="1844.06" meanTravelTime="348.75" meanSpeed="22.79" meanSpeedRelative="0.71" duration="1"/>
    <step time="70800.00" loaded="78154" inserted="76172" running="151" waiting="1982" ended="76021" arrived="76021" collisions="197" teleports="197" halting="3" stopped="0" meanWaitingTime="1848.43" meanTravelTime="348.60" meanSpeed="23.51" meanSpeedRelative="0.73" duration="1"/>
    <step time="71100.00" loaded="78319" inserted="76347" running="175" waiting="1972" ended="76172" arrived="76172" collisions="198" teleports="198" halting="3" stopped="0" meanWaitingTime="1852.49" meanTravelTime="348.43" meanSpeed="23.11" meanSpeedRelative="0.72" duration="2"/>
    <step time="71400.00" loaded="78483" inserted="76529" running="186" waiting="1954" ended="76343" arrived="76343" collisions="198" teleports="198" halting="5" stopped="0" meanWaitingTime="1856.47" meanTravelTime="348.32" meanSpeed="22.16" meanSpeedRelative="0.69" duration="2"/>
    <step time="71700.00" loaded="78654" inserted="76689" running="175" waiting="1965" ended="76514" arrived="76514" collisions="200" teleports="200" halting="7" stopped="0" meanWaitingTime="1860.89" meanTravelTime="348.21" meanSpeed="22.03" meanSpeedRelative="0.69" duration="1"/>
    <step time="72000.00" loaded="78817" inserted="76869" running="174" waiting="1948" ended="76695" arrived="76695" collisions="201" teleports="201" halting="1" stopped="0" meanWaitingTime="1865.29" meanTravelTime="348.11" meanSpeed="23.70" meanSpeedRelative="0.74" duration="82"/>
    <step time="72300.00" loaded="78961" inserted="77023" running="164" waiting="1938" ended="76859" arrived="76859" collisions="202" teleports="202" halting="4" stopped="0" meanWaitingTime="1869.82" meanTravelTime="348.04" meanSpeed="23.17" meanSpeedRelative="0.72" duration="2"/>
    <step time="72600.00" loaded="79091" inserted="77174" running="159" waiting="1917" ended="77015" arrived="77015" collisions="202" teleports="202" halting="6" stopped="0" meanWaitingTime="1874.37" meanTravelTime="347.95" meanSpeed="22.35" meanSpeedRelative="0.70" duration="1"/>
    <step time="72900.00" loaded="79230" inserted="77321" running="143" waiting="1909" ended="77178" arrived="77178" collisions="203" teleports="203" halting="5" stopped="0" meanWaitingTime="1879.11" meanTravelTime="347.91" meanSpeed="22.15" meanSpeedRelative="0.69" duration="1"/>
    <step time="73200.00" loaded="79357" inserted="77464" running="150" waiting="1893" ended="77314" arrived="77314" collisions="203" teleports="203" halting="4" stopped="0" meanWaitingTime="1883.66" meanTravelTime="347.83" meanSpeed="22.59" meanSpeedRelative="0.71" duration="2"/>
    <step time="73500.00" loaded="79508" inserted="77638" running="155" waiting="1870" ended="77483" arrived="77483" collisions="203" teleports="203" halting="5" stopped="0" meanWaitingTime="1889.04" meanTravelTime="347.69" meanSpeed="22.30" meanSpeedRelative="0.70" duration="1"/>
    <step time="73800.00" loaded="79647" inserted="77789" running="160" waiting="1858" ended="77629" arrived="77629" collisions="204" teleports="204" halting="3" stopped="0" meanWaitingTime="1894.92" meanTravelTime="347.54" meanSpeed="22.79" meanSpeedRelative="0.71" duration="2"/>
    <step time="74100.00" loaded="79782" inserted="77936" running="145" waiting="1846" ended="77791" arrived="77791" collisions="204" teleports="204" halting="8" stopped="0" meanWaitingTime="1900.41" meanTravelTime="347.46" meanSpeed="21.80" meanSpeedRelative="0.68" duration="2"/>
    <step time="74400.00" loaded="79905" inserted="78076" running="138" waiting="1829" ended="77938" arrived="77938" collisions="204" teleports="204" halting="5" stopped="0" meanWaitingTime="1905.56" meanTravelTime="347.38" meanSpeed="21.95" meanSpeedRelative="0.69" duration="1"/>
    <step time="74700.00" loaded="80060" inserted="78247" running="160" waiting="1813" ended="78087" arrived="78087" collisions="204" teleports="204" halting="2" stopped="0" meanWaitingTime="1911.01" meanTravelTime="347.26" meanSpeed="22.27" meanSpeedRelative="0.70" duration="1"/>
    <step time="75000.00" loaded="80189" inserted="78390" running="140" waiting="1799" ended="78250" arrived="78250" collisions="204" teleports="204" halting="4" stopped="0" meanWaitingTime="1917.27" meanTravelTime="347.17" meanSpeed="22.47" meanSpeedRelative="0.70" duration="1"/>
    <step time="75300.00" loaded="80311" inserted="78535" running="154" waiting="1776" ended="78381" arrived="78381" collisions="204" teleports="204" halting="7" stopped="0" meanWaitingTime="1923.55" meanTravelTime="347.09" meanSpeed="21.75" meanSpeedRelative="0.68" duration="2"/>
    <step time="75600.00" loaded="80450" inserted="78699" running="148" waiting="1751" ended="78551" arrived="78551" collisions="204" teleports="204" halting="4" stopped="0" meanWaitingTime="1929.44" meanTravelTime="346.94" meanSpeed="22.94" meanSpeedRelative="0.72" duration="85"/>
    <step time="75900.00" loaded="80661" inserted="78917" running="179" waiting="1744" ended="78738" arrived="78738" collisions="205" teleports="205" halting="6" stopped="0" meanWaitingTime="1935.49" meanTravelTime="346.70" meanSpeed="22.88" meanSpeedRelative="0.72" duration="1"/>
    <step time="76200.00" loaded="80847" inserted="79121" running="178" waiting="1726" ended="78943" arrived="78943" collisions="206" teleports="206" halting="5" stopped="0" meanWaitingTime="1941.36" meanTravelTime="346.46" meanSpeed="23.24" meanSpeedRelative="0.73" duration="1"/>
    <step time="76500.00" loaded="81008" inserted="79299" running="174" waiting="1709" ended="79125" arrived="79125" collisions="206" teleports="206" halting="7" stopped="0" meanWaitingTime="1947.13" meanTravelTime="346.32" meanSpeed="22.47" meanSpeedRelative="0.70" duration="1"/>
    <step time="76800.00" loaded="81196" inserted="79497" running="177" waiting="1699" ended="79320" arrived="79320" collisions="206" teleports="206" halting="5" stopped="0" meanWaitingTime="1952.06" meanTravelTime="346.18" meanSpeed="23.74" meanSpeedRelative="0.74" duration="2"/>
    <step time="77100.00" loaded="81403" inserted="79705" running="204" waiting="1698" ended="79501" arrived="79501" collisions="207" teleports="207" halting="8" stopped="0" meanWaitingTime="1957.66" meanTravelTime="345.99" meanSpeed="23.23" meanSpeedRelative="0.73" duration="1"/>
    <step time="77400.00" loaded="81614" inserted="79920" running="194" waiting="1694" ended="79726" arrived="79726" collisions="207" teleports="207" halting="4" stopped="0" meanWaitingTime="1963.37" meanTravelTime="345.79" meanSpeed="23.05" meanSpeedRelative="0.72" duration="1"/>
    <step time="77700.00" loaded="81811" inserted="80118" running="174" waiting="1693" ended="79944" arrived="79944" collisions="207" teleports="207" halting="6" stopped="0" meanWaitingTime="1969.37" meanTravelTime="345.58" meanSpeed="22.16" meanSpeedRelative="0.69" duration="2"/>
    <step time="78000.00" loaded="82013" inserted="80341" running="205" waiting="1672" ended="80136" arrived="80136" collisions="207" teleports="207" halting="5" stopped="0" meanWaitingTime="1975.07" meanTravelTime="345.46" meanSpeed="22.81" meanSpeedRelative="0.71" duration="1"/>
    <step time="78300.00" loaded="82223" inserted="80552" running="213" waiting="1671" ended="80339" arrived="80339" collisions="208" teleports="208" halting="5" stopped="0" meanWaitingTime="1981.16" meanTravelTime="345.25" meanSpeed="23.59" meanSpeedRelative="0.74" duration="1"/>
    <step time="78600.00" loaded="82443" inserted="80777" running="195" waiting="1666" ended="80582" arrived="80582" collisions="208" teleports="208" halting="4" stopped="0" meanWaitingTime="1986.97" meanTravelTime="345.11" meanSpeed="23.25" meanSpeedRelative="0.73" duration="1"/>
    <step time="78900.00" loaded="82652" inserted="80993" running="209" waiting="1659" ended="80784" arrived="80784" collisions="208" teleports="208" halting="4" stopped="0" meanWaitingTime="1993.72" meanTravelTime="344.92" meanSpeed="23.01" meanSpeedRelative="0.72" duration="1"/>
    <step time="79200.00" loaded="82844" inserted="81185" running="194" waiting="1659" ended="80991" arrived="80991" collisions="209" teleports="209" halting="5" stopped="0" meanWaitingTime="1999.92" meanTravelTime="344.76" meanSpeed="23.12" meanSpeedRelative="0.72" duration="82"/>
    <step time="79500.00" loaded="83023" inserted="81370" running="188" waiting="1653" ended="81182" arrived="81182" collisions="209" teleports="209" halting="1" stopped="0" meanWaitingTime="2005.31" meanTravelTime="344.62" meanSpeed="22.90" meanSpeedRelative="0.72" duration="1"/>
    <step time="79800.00" loaded="83190" inserted="81554" running="201" waiting="1636" ended="81353" arrived="81353" collisions="210" teleports="210" halting="5" stopped="0" meanWaitingTime="2011.34" meanTravelTime="344.60" meanSpeed="22.83" meanSpeedRelative="0.71" duration="1"/>
    <step time="80100.00" loaded="83347" inserted="81713" running="187" waiting="1634" ended="81526" arrived="81526" collisions="210" teleports="210" halting="7" stopped="0" meanWaitingTime="2016.15" meanTravelTime="344.58" meanSpeed="22.37" meanSpeedRelative="0.70" duration="1"/>
    <step time="80400.00" loaded="83543" inserted="81911" running="182" waiting="1632" ended="81729" arrived="81729" collisions="210" teleports="210" halting="1" stopped="0" meanWaitingTime="2020.23" meanTravelTime="344.45" meanSpeed="22.98" meanSpeedRelative="0.72" duration="1"/>
    <step time="80700.00" loaded="83711" inserted="82082" running="162" waiting="1629" ended="81920" arrived="81920" collisions="210" teleports="210" halting="5" stopped="0" meanWaitingTime="2025.23" meanTravelTime="344.31" meanSpeed="22.42" meanSpeedRelative="0.70" duration="2"/>
    <step time="81000.00" loaded="83868" inserted="82256" running="178" waiting="1612" ended="82078" arrived="82078" collisions="210" teleports="210" halting="8" stopped="0" meanWaitingTime="2029.11" meanTravelTime="344.24" meanSpeed="22.36" meanSpeedRelative="0.70" duration="1"/>
    <step time="81300.00" loaded="84014" inserted="82409" running="161" waiting="1605" ended="82248" arrived="82248" collisions="210" teleports="210" halting="13" stopped="0" meanWaitingTime="2032.83" meanTravelTime="344.15" meanSpeed="22.60" meanSpeedRelative="0.71" duration="1"/>
    <step time="81600.00" loaded="84183" inserted="82588" running="179" waiting="1595" ended="82409" arrived="82409" collisions="210" teleports="210" halting="1" stopped="0" meanWaitingTime="2035.67" meanTravelTime="344.03" meanSpeed="23.61" meanSpeedRelative="0.74" duration="1"/>
    <step time="81900.00" loaded="84344" inserted="82762" running="180" waiting="1582" ended="82582" arrived="82582" collisions="210" teleports="210" halting="4" stopped="0" meanWaitingTime="2039.10" meanTravelTime="343.96" meanSpeed="22.54" meanSpeedRelative="0.70" duration="1"/>
    <step time="82200.00" loaded="84515" inserted="82941" running="178" waiting="1574" ended="82763" arrived="82763" collisions="210" teleports="210" halting="9" stopped="0" meanWaitingTime="2041.41" meanTravelTime="343.87" meanSpeed="22.88" meanSpeedRelative="0.72" duration="1"/>
    <step time="82500.00" loaded="84657" inserted="83088" running="160" waiting="1569" ended="82928" arrived="82928" collisions="211" teleports="211" halting="6" stopped="0" meanWaitingTime="2044.07" meanTravelTime="343.81" meanSpeed="23.05" meanSpeedRelative="0.72" duration="2"/>
</summary>
