<?xml version="1.0" encoding="UTF-8"?>

<!-- generated on 2025-08-07 19:07:00 by Eclipse SUMO sumo Version 1.23.1
<sumoConfiguration xmlns:xsi="http://www.w3.org/2001/XMLSchema-instance" xsi:noNamespaceSchemaLocation="http://sumo.dlr.de/xsd/sumoConfiguration.xsd">

    <input>
        <net-file value="Desktop\Master Thesis\Network_fin.net.xml"/>
        <route-files value="Desktop\Master Thesis\demand_model_amsterdam.rou.xml"/>
        <additional-files value="Desktop\Master Thesis\Additionnal.add.xml"/>
    </input>

    <output>
        <summary-output value="outputf/summary_coor_alinea_1neigh_method1_K80_target5_56618.xml"/>
        <summary-output.period value="300"/>
        <tripinfo-output value="outputf/tripinfo_coor_alinea_1neigh_method1_K80_target5_56618.xml"/>
    </output>

    <time>
        <begin value="0"/>
        <end value="82800"/>
        <step-length value="1"/>
    </time>

    <processing>
        <time-to-teleport value="-1"/>
    </processing>

    <report>
        <verbose value="true"/>
        <no-step-log value="true"/>
    </report>

    <emissions>
        <device.emissions.period value="10"/>
    </emissions>

    <traci_server>
        <remote-port value="64577"/>
    </traci_server>

    <random_number>
        <seed value="56618"/>
    </random_number>

</sumoConfiguration>
-->

<summary xmlns:xsi="http://www.w3.org/2001/XMLSchema-instance" xsi:noNamespaceSchemaLocation="http://sumo.dlr.de/xsd/summary_file.xsd">
    <step time="0.00" loaded="0" inserted="0" running="0" waiting="0" ended="0" arrived="0" collisions="0" teleports="0" halting="0" stopped="0" meanWaitingTime="-1.00" meanTravelTime="-1.00" meanSpeed="-1.00" meanSpeedRelative="-1.00" duration="0"/>
    <step time="300.00" loaded="174" inserted="174" running="105" waiting="0" ended="69" arrived="69" collisions="0" teleports="0" halting="1" stopped="0" meanWaitingTime="0.36" meanTravelTime="97.19" meanSpeed="26.25" meanSpeedRelative="0.82" duration="0"/>
    <step time="600.00" loaded="365" inserted="364" running="134" waiting="1" ended="230" arrived="230" collisions="0" teleports="0" halting="0" stopped="0" meanWaitingTime="0.50" meanTravelTime="151.33" meanSpeed="24.35" meanSpeedRelative="0.76" duration="1"/>
    <step time="900.00" loaded="541" inserted="541" running="149" waiting="0" ended="392" arrived="392" collisions="0" teleports="0" halting="1" stopped="0" meanWaitingTime="0.43" meanTravelTime="185.07" meanSpeed="25.61" meanSpeedRelative="0.80" duration="1"/>
    <step time="1200.00" loaded="715" inserted="715" running="146" waiting="0" ended="569" arrived="569" collisions="0" teleports="0" halting="0" stopped="0" meanWaitingTime="0.43" meanTravelTime="206.73" meanSpeed="25.52" meanSpeedRelative="0.80" duration="1"/>
    <step time="1500.00" loaded="889" inserted="889" running="141" waiting="0" ended="748" arrived="748" collisions="0" teleports="0" halting="0" stopped="0" meanWaitingTime="0.44" meanTravelTime="215.64" meanSpeed="25.48" meanSpeedRelative="0.80" duration="1"/>
    <step time="1800.00" loaded="1072" inserted="1071" running="154" waiting="1" ended="917" arrived="917" collisions="0" teleports="0" halting="2" stopped="0" meanWaitingTime="0.42" meanTravelTime="222.46" meanSpeed="25.94" meanSpeedRelative="0.81" duration="1"/>
    <step time="2100.00" loaded="1257" inserted="1257" running="170" waiting="0" ended="1087" arrived="1087" collisions="0" teleports="0" halting="0" stopped="0" meanWaitingTime="0.42" meanTravelTime="224.61" meanSpeed="24.71" meanSpeedRelative="0.77" duration="1"/>
    <step time="2400.00" loaded="1446" inserted="1446" running="175" waiting="0" ended="1271" arrived="1271" collisions="1" teleports="1" halting="2" stopped="0" meanWaitingTime="0.42" meanTravelTime="230.43" meanSpeed="25.33" meanSpeedRelative="0.79" duration="1"/>
    <step time="2700.00" loaded="1617" inserted="1616" running="159" waiting="1" ended="1457" arrived="1457" collisions="1" teleports="1" halting="1" stopped="0" meanWaitingTime="0.44" meanTravelTime="234.98" meanSpeed="25.30" meanSpeedRelative="0.79" duration="1"/>
    <step time="3000.00" loaded="1787" inserted="1787" running="138" waiting="0" ended="1649" arrived="1649" collisions="1" teleports="1" halting="2" stopped="0" meanWaitingTime="0.42" meanTravelTime="239.64" meanSpeed="25.43" meanSpeedRelative="0.79" duration="1"/>
    <step time="3300.00" loaded="1952" inserted="1950" running="160" waiting="2" ended="1790" arrived="1790" collisions="1" teleports="1" halting="1" stopped="0" meanWaitingTime="0.42" meanTravelTime="239.56" meanSpeed="24.98" meanSpeedRelative="0.78" duration="1"/>
    <step time="3600.00" loaded="2145" inserted="2145" running="173" waiting="0" ended="1972" arrived="1972" collisions="1" teleports="1" halting="1" stopped="0" meanWaitingTime="0.41" meanTravelTime="243.89" meanSpeed="25.74" meanSpeedRelative="0.80" duration="85"/>
    <step time="3900.00" loaded="2262" inserted="2262" running="109" waiting="0" ended="2153" arrived="2153" collisions="1" teleports="1" halting="1" stopped="0" meanWaitingTime="0.41" meanTravelTime="249.11" meanSpeed="24.83" meanSpeedRelative="0.78" duration="1"/>
    <step time="4200.00" loaded="2367" inserted="2362" running="97" waiting="5" ended="2265" arrived="2265" collisions="1" teleports="1" halting="1" stopped="0" meanWaitingTime="0.78" meanTravelTime="251.79" meanSpeed="25.67" meanSpeedRelative="0.80" duration="0"/>
    <step time="4500.00" loaded="2479" inserted="2479" running="94" waiting="0" ended="2385" arrived="2385" collisions="1" teleports="1" halting="1" stopped="0" meanWaitingTime="0.92" meanTravelTime="252.04" meanSpeed="24.40" meanSpeedRelative="0.76" duration="0"/>
    <step time="4800.00" loaded="2576" inserted="2575" running="89" waiting="1" ended="2486" arrived="2486" collisions="1" teleports="1" halting="0" stopped="0" meanWaitingTime="0.91" meanTravelTime="252.84" meanSpeed="24.30" meanSpeedRelative="0.76" duration="1"/>
    <step time="5100.00" loaded="2689" inserted="2683" running="92" waiting="6" ended="2591" arrived="2591" collisions="1" teleports="1" halting="1" stopped="0" meanWaitingTime="1.31" meanTravelTime="253.20" meanSpeed="23.95" meanSpeedRelative="0.75" duration="0"/>
    <step time="5400.00" loaded="2789" inserted="2784" running="88" waiting="5" ended="2696" arrived="2696" collisions="1" teleports="1" halting="1" stopped="0" meanWaitingTime="1.90" meanTravelTime="254.11" meanSpeed="24.63" meanSpeedRelative="0.77" duration="0"/>
    <step time="5700.00" loaded="2898" inserted="2898" running="99" waiting="0" ended="2799" arrived="2799" collisions="1" teleports="1" halting="1" stopped="0" meanWaitingTime="1.99" meanTravelTime="253.74" meanSpeed="26.02" meanSpeedRelative="0.81" duration="0"/>
    <step time="6000.00" loaded="2981" inserted="2981" running="73" waiting="0" ended="2908" arrived="2908" collisions="1" teleports="1" halting="0" stopped="0" meanWaitingTime="1.94" meanTravelTime="254.03" meanSpeed="26.27" meanSpeedRelative="0.82" duration="0"/>
    <step time="6300.00" loaded="3098" inserted="3098" running="86" waiting="0" ended="3012" arrived="3012" collisions="1" teleports="1" halting="1" stopped="0" meanWaitingTime="1.88" meanTravelTime="254.32" meanSpeed="25.80" meanSpeedRelative="0.81" duration="1"/>
    <step time="6600.00" loaded="3225" inserted="3225" running="107" waiting="0" ended="3118" arrived="3118" collisions="1" teleports="1" halting="0" stopped="0" meanWaitingTime="1.83" meanTravelTime="253.64" meanSpeed="24.62" meanSpeedRelative="0.77" duration="1"/>
    <step time="6900.00" loaded="3322" inserted="3322" running="97" waiting="0" ended="3225" arrived="3225" collisions="1" teleports="1" halting="0" stopped="0" meanWaitingTime="1.78" meanTravelTime="254.33" meanSpeed="25.83" meanSpeedRelative="0.81" duration="1"/>
    <step time="7200.00" loaded="3433" inserted="3433" running="83" waiting="0" ended="3350" arrived="3350" collisions="1" teleports="1" halting="1" stopped="0" meanWaitingTime="1.73" meanTravelTime="254.74" meanSpeed="24.61" meanSpeedRelative="0.77" duration="86"/>
    <step time="7500.00" loaded="3588" inserted="3584" running="109" waiting="4" ended="3475" arrived="3475" collisions="3" teleports="3" halting="1" stopped="0" meanWaitingTime="1.70" meanTravelTime="253.64" meanSpeed="24.33" meanSpeedRelative="0.76" duration="1"/>
    <step time="7800.00" loaded="3725" inserted="3722" running="120" waiting="3" ended="3602" arrived="3602" collisions="3" teleports="3" halting="5" stopped="0" meanWaitingTime="1.88" meanTravelTime="253.10" meanSpeed="23.10" meanSpeedRelative="0.72" duration="0"/>
    <step time="8100.00" loaded="3890" inserted="3880" running="138" waiting="10" ended="3742" arrived="3742" collisions="3" teleports="3" halting="1" stopped="0" meanWaitingTime="2.22" meanTravelTime="252.84" meanSpeed="23.94" meanSpeedRelative="0.75" duration="1"/>
    <step time="8400.00" loaded="4039" inserted="4020" running="137" waiting="19" ended="3883" arrived="3883" collisions="3" teleports="3" halting="2" stopped="0" meanWaitingTime="2.98" meanTravelTime="253.80" meanSpeed="24.44" meanSpeedRelative="0.76" duration="1"/>
    <step time="8700.00" loaded="4186" inserted="4166" running="125" waiting="20" ended="4041" arrived="4041" collisions="3" teleports="3" halting="2" stopped="0" meanWaitingTime="4.21" meanTravelTime="254.54" meanSpeed="24.94" meanSpeedRelative="0.78" duration="1"/>
    <step time="9000.00" loaded="4339" inserted="4327" running="139" waiting="12" ended="4188" arrived="4188" collisions="3" teleports="3" halting="4" stopped="0" meanWaitingTime="5.57" meanTravelTime="254.31" meanSpeed="23.89" meanSpeedRelative="0.75" duration="1"/>
    <step time="9300.00" loaded="4499" inserted="4472" running="137" waiting="27" ended="4335" arrived="4335" collisions="3" teleports="3" halting="0" stopped="0" meanWaitingTime="6.42" meanTravelTime="254.98" meanSpeed="24.67" meanSpeedRelative="0.77" duration="1"/>
    <step time="9600.00" loaded="4644" inserted="4614" running="123" waiting="30" ended="4491" arrived="4491" collisions="3" teleports="3" halting="3" stopped="0" meanWaitingTime="7.82" meanTravelTime="256.16" meanSpeed="24.85" meanSpeedRelative="0.78" duration="0"/>
    <step time="9900.00" loaded="4807" inserted="4766" running="121" waiting="41" ended="4645" arrived="4645" collisions="3" teleports="3" halting="1" stopped="0" meanWaitingTime="9.47" meanTravelTime="256.28" meanSpeed="24.52" meanSpeedRelative="0.77" duration="1"/>
    <step time="10200.00" loaded="4963" inserted="4919" running="139" waiting="44" ended="4780" arrived="4780" collisions="3" teleports="3" halting="4" stopped="0" meanWaitingTime="10.97" meanTravelTime="256.59" meanSpeed="23.52" meanSpeedRelative="0.74" duration="1"/>
    <step time="10500.00" loaded="5119" inserted="5068" running="131" waiting="51" ended="4937" arrived="4937" collisions="3" teleports="3" halting="1" stopped="0" meanWaitingTime="13.07" meanTravelTime="256.34" meanSpeed="25.00" meanSpeedRelative="0.78" duration="1"/>
    <step time="10800.00" loaded="5275" inserted="5228" running="136" waiting="47" ended="5092" arrived="5092" collisions="3" teleports="3" halting="5" stopped="0" meanWaitingTime="15.37" meanTravelTime="256.73" meanSpeed="24.51" meanSpeedRelative="0.77" duration="87"/>
    <step time="11100.00" loaded="5432" inserted="5376" running="122" waiting="56" ended="5254" arrived="5254" collisions="3" teleports="3" halting="1" stopped="0" meanWaitingTime="17.51" meanTravelTime="256.61" meanSpeed="23.13" meanSpeedRelative="0.72" duration="1"/>
    <step time="11400.00" loaded="5578" inserted="5523" running="120" waiting="55" ended="5403" arrived="5403" collisions="3" teleports="3" halting="1" stopped="0" meanWaitingTime="19.56" meanTravelTime="255.73" meanSpeed="24.55" meanSpeedRelative="0.77" duration="1"/>
    <step time="11700.00" loaded="5735" inserted="5670" running="110" waiting="65" ended="5560" arrived="5560" collisions="3" teleports="3" halting="2" stopped="0" meanWaitingTime="21.70" meanTravelTime="255.66" meanSpeed="24.87" meanSpeedRelative="0.78" duration="1"/>
    <step time="12000.00" loaded="5905" inserted="5818" running="108" waiting="87" ended="5710" arrived="5710" collisions="3" teleports="3" halting="1" stopped="0" meanWaitingTime="23.68" meanTravelTime="254.62" meanSpeed="24.61" meanSpeedRelative="0.77" duration="0"/>
    <step time="12300.00" loaded="6058" inserted="5974" running="124" waiting="84" ended="5850" arrived="5850" collisions="3" teleports="3" halting="1" stopped="0" meanWaitingTime="26.75" meanTravelTime="253.40" meanSpeed="25.27" meanSpeedRelative="0.79" duration="1"/>
    <step time="12600.00" loaded="6216" inserted="6120" running="114" waiting="96" ended="6006" arrived="6006" collisions="3" teleports="3" halting="4" stopped="0" meanWaitingTime="29.27" meanTravelTime="253.17" meanSpeed="23.52" meanSpeedRelative="0.73" duration="1"/>
    <step time="12900.00" loaded="6378" inserted="6275" running="135" waiting="103" ended="6140" arrived="6140" collisions="3" teleports="3" halting="1" stopped="0" meanWaitingTime="31.78" meanTravelTime="253.21" meanSpeed="25.41" meanSpeedRelative="0.79" duration="0"/>
    <step time="13200.00" loaded="6546" inserted="6438" running="132" waiting="108" ended="6306" arrived="6306" collisions="3" teleports="3" halting="3" stopped="0" meanWaitingTime="35.08" meanTravelTime="253.22" meanSpeed="25.07" meanSpeedRelative="0.78" duration="0"/>
    <step time="13500.00" loaded="6695" inserted="6578" running="116" waiting="117" ended="6462" arrived="6462" collisions="4" teleports="4" halting="1" stopped="0" meanWaitingTime="38.66" meanTravelTime="252.90" meanSpeed="24.82" meanSpeedRelative="0.78" duration="0"/>
    <step time="13800.00" loaded="6864" inserted="6746" running="143" waiting="118" ended="6603" arrived="6603" collisions="4" teleports="4" halting="1" stopped="0" meanWaitingTime="42.19" meanTravelTime="252.91" meanSpeed="23.93" meanSpeedRelative="0.75" duration="1"/>
    <step time="14100.00" loaded="7008" inserted="6874" running="115" waiting="134" ended="6759" arrived="6759" collisions="4" teleports="4" halting="6" stopped="0" meanWaitingTime="45.75" meanTravelTime="252.64" meanSpeed="22.67" meanSpeedRelative="0.71" duration="1"/>
    <step time="14400.00" loaded="7158" inserted="7019" running="120" waiting="139" ended="6899" arrived="6899" collisions="4" teleports="4" halting="1" stopped="0" meanWaitingTime="49.08" meanTravelTime="253.19" meanSpeed="24.91" meanSpeedRelative="0.78" duration="87"/>
    <step time="14700.00" loaded="7259" inserted="7122" running="94" waiting="137" ended="7028" arrived="7028" collisions="5" teleports="5" halting="2" stopped="0" meanWaitingTime="52.78" meanTravelTime="253.10" meanSpeed="24.01" meanSpeedRelative="0.75" duration="1"/>
    <step time="15000.00" loaded="7343" inserted="7214" running="77" waiting="129" ended="7137" arrived="7137" collisions="5" teleports="5" halting="2" stopped="0" meanWaitingTime="56.65" meanTravelTime="253.65" meanSpeed="24.27" meanSpeedRelative="0.76" duration="1"/>
    <step time="15300.00" loaded="7445" inserted="7310" running="73" waiting="135" ended="7237" arrived="7237" collisions="6" teleports="6" halting="4" stopped="0" meanWaitingTime="60.47" meanTravelTime="254.01" meanSpeed="22.61" meanSpeedRelative="0.71" duration="1"/>
    <step time="15600.00" loaded="7550" inserted="7417" running="88" waiting="133" ended="7329" arrived="7329" collisions="7" teleports="7" halting="0" stopped="0" meanWaitingTime="64.18" meanTravelTime="253.73" meanSpeed="24.09" meanSpeedRelative="0.75" duration="0"/>
    <step time="15900.00" loaded="7640" inserted="7514" running="66" waiting="126" ended="7448" arrived="7448" collisions="7" teleports="7" halting="2" stopped="0" meanWaitingTime="69.29" meanTravelTime="253.26" meanSpeed="25.05" meanSpeedRelative="0.78" duration="1"/>
    <step time="16200.00" loaded="7752" inserted="7629" running="87" waiting="123" ended="7542" arrived="7542" collisions="7" teleports="7" halting="4" stopped="0" meanWaitingTime="73.63" meanTravelTime="252.72" meanSpeed="24.44" meanSpeedRelative="0.76" duration="0"/>
    <step time="16500.00" loaded="7852" inserted="7734" running="72" waiting="118" ended="7662" arrived="7662" collisions="7" teleports="7" halting="3" stopped="0" meanWaitingTime="78.03" meanTravelTime="252.47" meanSpeed="24.94" meanSpeedRelative="0.78" duration="0"/>
    <step time="16800.00" loaded="7946" inserted="7831" running="71" waiting="115" ended="7760" arrived="7760" collisions="7" teleports="7" halting="0" stopped="0" meanWaitingTime="82.44" meanTravelTime="252.09" meanSpeed="24.66" meanSpeedRelative="0.77" duration="0"/>
    <step time="17100.00" loaded="8037" inserted="7925" running="79" waiting="112" ended="7846" arrived="7846" collisions="8" teleports="8" halting="2" stopped="0" meanWaitingTime="86.47" meanTravelTime="251.71" meanSpeed="25.05" meanSpeedRelative="0.78" duration="0"/>
    <step time="17400.00" loaded="8143" inserted="8031" running="77" waiting="112" ended="7954" arrived="7954" collisions="8" teleports="8" halting="4" stopped="0" meanWaitingTime="89.81" meanTravelTime="251.26" meanSpeed="23.57" meanSpeedRelative="0.74" duration="1"/>
    <step time="17700.00" loaded="8246" inserted="8137" running="86" waiting="109" ended="8051" arrived="8051" collisions="8" teleports="8" halting="2" stopped="0" meanWaitingTime="92.71" meanTravelTime="250.90" meanSpeed="23.89" meanSpeedRelative="0.75" duration="0"/>
    <step time="18000.00" loaded="8349" inserted="8240" running="77" waiting="109" ended="8163" arrived="8163" collisions="8" teleports="8" halting="1" stopped="0" meanWaitingTime="95.80" meanTravelTime="250.67" meanSpeed="24.38" meanSpeedRelative="0.76" duration="80"/>
    <step time="18300.00" loaded="8554" inserted="8428" running="138" waiting="126" ended="8290" arrived="8290" collisions="8" teleports="8" halting="2" stopped="0" meanWaitingTime="98.65" meanTravelTime="250.05" meanSpeed="24.28" meanSpeedRelative="0.76" duration="1"/>
    <step time="18600.00" loaded="8754" inserted="8607" running="151" waiting="147" ended="8456" arrived="8456" collisions="8" teleports="8" halting="4" stopped="0" meanWaitingTime="100.43" meanTravelTime="249.22" meanSpeed="23.75" meanSpeedRelative="0.74" duration="1"/>
    <step time="18900.00" loaded="8935" inserted="8776" running="146" waiting="159" ended="8630" arrived="8630" collisions="8" teleports="8" halting="1" stopped="0" meanWaitingTime="102.65" meanTravelTime="249.23" meanSpeed="23.15" meanSpeedRelative="0.72" duration="1"/>
    <step time="19200.00" loaded="9113" inserted="8949" running="143" waiting="164" ended="8806" arrived="8806" collisions="8" teleports="8" halting="1" stopped="0" meanWaitingTime="104.68" meanTravelTime="249.48" meanSpeed="24.15" meanSpeedRelative="0.75" duration="1"/>
    <step time="19500.00" loaded="9297" inserted="9120" running="142" waiting="177" ended="8978" arrived="8978" collisions="9" teleports="9" halting="2" stopped="0" meanWaitingTime="106.71" meanTravelTime="249.49" meanSpeed="24.68" meanSpeedRelative="0.77" duration="1"/>
    <step time="19800.00" loaded="9498" inserted="9311" running="142" waiting="187" ended="9169" arrived="9169" collisions="11" teleports="11" halting="1" stopped="0" meanWaitingTime="108.76" meanTravelTime="249.58" meanSpeed="24.64" meanSpeedRelative="0.77" duration="1"/>
    <step time="20100.00" loaded="9687" inserted="9488" running="144" waiting="199" ended="9344" arrived="9344" collisions="11" teleports="11" halting="2" stopped="0" meanWaitingTime="111.15" meanTravelTime="249.21" meanSpeed="24.22" meanSpeedRelative="0.76" duration="1"/>
    <step time="20400.00" loaded="9881" inserted="9664" running="143" waiting="217" ended="9521" arrived="9521" collisions="11" teleports="11" halting="1" stopped="0" meanWaitingTime="113.21" meanTravelTime="249.34" meanSpeed="23.99" meanSpeedRelative="0.75" duration="1"/>
    <step time="20700.00" loaded="10075" inserted="9854" running="144" waiting="221" ended="9710" arrived="9710" collisions="11" teleports="11" halting="2" stopped="0" meanWaitingTime="116.07" meanTravelTime="248.79" meanSpeed="23.77" meanSpeedRelative="0.74" duration="1"/>
    <step time="21000.00" loaded="10266" inserted="10027" running="150" waiting="239" ended="9877" arrived="9877" collisions="11" teleports="11" halting="1" stopped="0" meanWaitingTime="119.26" meanTravelTime="248.62" meanSpeed="25.25" meanSpeedRelative="0.79" duration="1"/>
    <step time="21300.00" loaded="10462" inserted="10214" running="150" waiting="248" ended="10064" arrived="10064" collisions="11" teleports="11" halting="6" stopped="0" meanWaitingTime="122.39" meanTravelTime="248.72" meanSpeed="23.88" meanSpeedRelative="0.75" duration="1"/>
    <step time="21600.00" loaded="10654" inserted="10392" running="145" waiting="262" ended="10247" arrived="10247" collisions="11" teleports="11" halting="1" stopped="0" meanWaitingTime="124.91" meanTravelTime="248.48" meanSpeed="24.22" meanSpeedRelative="0.76" duration="79"/>
    <step time="21900.00" loaded="11136" inserted="10786" running="305" waiting="350" ended="10481" arrived="10481" collisions="12" teleports="12" halting="1" stopped="0" meanWaitingTime="128.98" meanTravelTime="248.06" meanSpeed="22.02" meanSpeedRelative="0.69" duration="2"/>
    <step time="22200.00" loaded="11637" inserted="11189" running="378" waiting="448" ended="10811" arrived="10811" collisions="12" teleports="12" halting="8" stopped="0" meanWaitingTime="135.18" meanTravelTime="247.55" meanSpeed="21.49" meanSpeedRelative="0.67" duration="3"/>
    <step time="22500.00" loaded="12109" inserted="11589" running="421" waiting="520" ended="11168" arrived="11168" collisions="12" teleports="12" halting="9" stopped="0" meanWaitingTime="141.09" meanTravelTime="248.55" meanSpeed="20.91" meanSpeedRelative="0.65" duration="3"/>
    <step time="22800.00" loaded="12575" inserted="11981" running="425" waiting="594" ended="11556" arrived="11556" collisions="13" teleports="13" halting="9" stopped="0" meanWaitingTime="147.40" meanTravelTime="250.94" meanSpeed="21.17" meanSpeedRelative="0.66" duration="2"/>
    <step time="23100.00" loaded="13083" inserted="12404" running="458" waiting="679" ended="11946" arrived="11946" collisions="14" teleports="14" halting="4" stopped="0" meanWaitingTime="152.94" meanTravelTime="252.80" meanSpeed="21.09" meanSpeedRelative="0.66" duration="2"/>
    <step time="23400.00" loaded="13537" inserted="12774" running="432" waiting="763" ended="12342" arrived="12342" collisions="19" teleports="19" halting="8" stopped="0" meanWaitingTime="159.15" meanTravelTime="255.50" meanSpeed="20.84" meanSpeedRelative="0.65" duration="2"/>
    <step time="23700.00" loaded="14025" inserted="13161" running="427" waiting="864" ended="12734" arrived="12734" collisions="21" teleports="21" halting="11" stopped="0" meanWaitingTime="166.13" meanTravelTime="258.11" meanSpeed="20.63" meanSpeedRelative="0.64" duration="2"/>
    <step time="24000.00" loaded="14454" inserted="13546" running="409" waiting="908" ended="13137" arrived="13137" collisions="23" teleports="23" halting="6" stopped="0" meanWaitingTime="174.63" meanTravelTime="260.51" meanSpeed="20.88" meanSpeedRelative="0.65" duration="2"/>
    <step time="24300.00" loaded="14935" inserted="13947" running="426" waiting="988" ended="13521" arrived="13521" collisions="23" teleports="23" halting="2" stopped="0" meanWaitingTime="183.54" meanTravelTime="262.39" meanSpeed="20.53" meanSpeedRelative="0.64" duration="3"/>
    <step time="24600.00" loaded="15396" inserted="14360" running="455" waiting="1036" ended="13905" arrived="13905" collisions="23" teleports="23" halting="5" stopped="0" meanWaitingTime="193.45" meanTravelTime="263.42" meanSpeed="20.37" meanSpeedRelative="0.64" duration="2"/>
    <step time="24900.00" loaded="15861" inserted="14752" running="429" waiting="1109" ended="14323" arrived="14323" collisions="25" teleports="25" halting="1" stopped="0" meanWaitingTime="203.89" meanTravelTime="265.73" meanSpeed="21.20" meanSpeedRelative="0.66" duration="3"/>
    <step time="25200.00" loaded="16270" inserted="15122" running="419" waiting="1148" ended="14703" arrived="14703" collisions="27" teleports="27" halting="9" stopped="0" meanWaitingTime="214.46" meanTravelTime="267.31" meanSpeed="20.26" meanSpeedRelative="0.63" duration="86"/>
    <step time="25500.00" loaded="16809" inserted="15547" running="448" waiting="1262" ended="15099" arrived="15099" collisions="28" teleports="28" halting="9" stopped="0" meanWaitingTime="225.83" meanTravelTime="269.10" meanSpeed="20.24" meanSpeedRelative="0.63" duration="3"/>
    <step time="25800.00" loaded="17339" inserted="15975" running="468" waiting="1364" ended="15507" arrived="15507" collisions="28" teleports="28" halting="4" stopped="0" meanWaitingTime="237.67" meanTravelTime="270.08" meanSpeed="20.40" meanSpeedRelative="0.64" duration="3"/>
    <step time="26100.00" loaded="17899" inserted="16432" running="494" waiting="1467" ended="15938" arrived="15938" collisions="30" teleports="30" halting="7" stopped="0" meanWaitingTime="250.74" meanTravelTime="271.81" meanSpeed="19.66" meanSpeedRelative="0.61" duration="4"/>
    <step time="26400.00" loaded="18464" inserted="16890" running="513" waiting="1574" ended="16377" arrived="16377" collisions="31" teleports="31" halting="5" stopped="0" meanWaitingTime="262.67" meanTravelTime="273.13" meanSpeed="19.67" meanSpeedRelative="0.61" duration="4"/>
    <step time="26700.00" loaded="19018" inserted="17335" running="507" waiting="1683" ended="16828" arrived="16828" collisions="32" teleports="32" halting="3" stopped="0" meanWaitingTime="277.93" meanTravelTime="274.79" meanSpeed="18.81" meanSpeedRelative="0.59" duration="4"/>
    <step time="27000.00" loaded="19590" inserted="17806" running="527" waiting="1784" ended="17279" arrived="17279" collisions="33" teleports="33" halting="5" stopped="0" meanWaitingTime="294.27" meanTravelTime="276.19" meanSpeed="18.60" meanSpeedRelative="0.58" duration="3"/>
    <step time="27300.00" loaded="20177" inserted="18283" running="534" waiting="1894" ended="17749" arrived="17749" collisions="34" teleports="34" halting="7" stopped="0" meanWaitingTime="309.83" meanTravelTime="277.90" meanSpeed="18.58" meanSpeedRelative="0.58" duration="3"/>
    <step time="27600.00" loaded="20714" inserted="18730" running="540" waiting="1984" ended="18190" arrived="18190" collisions="35" teleports="35" halting="13" stopped="0" meanWaitingTime="325.91" meanTravelTime="279.39" meanSpeed="18.12" meanSpeedRelative="0.57" duration="3"/>
    <step time="27900.00" loaded="21273" inserted="19200" running="524" waiting="2073" ended="18676" arrived="18676" collisions="35" teleports="35" halting="0" stopped="0" meanWaitingTime="342.24" meanTravelTime="280.88" meanSpeed="18.93" meanSpeedRelative="0.59" duration="3"/>
    <step time="28200.00" loaded="21894" inserted="19666" running="538" waiting="2228" ended="19128" arrived="19128" collisions="36" teleports="36" halting="6" stopped="0" meanWaitingTime="358.48" meanTravelTime="282.54" meanSpeed="18.66" meanSpeedRelative="0.58" duration="3"/>
    <step time="28500.00" loaded="22444" inserted="20117" running="547" waiting="2327" ended="19570" arrived="19570" collisions="37" teleports="37" halting="11" stopped="0" meanWaitingTime="373.79" meanTravelTime="284.23" meanSpeed="18.61" meanSpeedRelative="0.58" duration="3"/>
    <step time="28800.00" loaded="23007" inserted="20580" running="568" waiting="2427" ended="20012" arrived="20012" collisions="37" teleports="37" halting="6" stopped="0" meanWaitingTime="390.39" meanTravelTime="285.82" meanSpeed="18.20" meanSpeedRelative="0.57" duration="88"/>
    <step time="29100.00" loaded="23376" inserted="20995" running="510" waiting="2381" ended="20485" arrived="20485" collisions="38" teleports="38" halting="4" stopped="0" meanWaitingTime="406.84" meanTravelTime="287.70" meanSpeed="18.31" meanSpeedRelative="0.57" duration="3"/>
    <step time="29400.00" loaded="23726" inserted="21430" running="506" waiting="2296" ended="20924" arrived="20924" collisions="38" teleports="38" halting="4" stopped="0" meanWaitingTime="424.86" meanTravelTime="289.21" meanSpeed="19.00" meanSpeedRelative="0.59" duration="3"/>
    <step time="29700.00" loaded="24102" inserted="21867" running="511" waiting="2235" ended="21356" arrived="21356" collisions="40" teleports="40" halting="11" stopped="0" meanWaitingTime="444.04" meanTravelTime="290.29" meanSpeed="18.24" meanSpeedRelative="0.57" duration="4"/>
    <step time="30000.00" loaded="24454" inserted="22267" running="469" waiting="2187" ended="21798" arrived="21798" collisions="40" teleports="40" halting="2" stopped="0" meanWaitingTime="461.21" meanTravelTime="291.94" meanSpeed="19.74" meanSpeedRelative="0.62" duration="4"/>
    <step time="30300.00" loaded="24837" inserted="22717" running="494" waiting="2120" ended="22223" arrived="22223" collisions="41" teleports="41" halting="4" stopped="0" meanWaitingTime="478.37" meanTravelTime="292.78" meanSpeed="19.15" meanSpeedRelative="0.60" duration="4"/>
    <step time="30600.00" loaded="25179" inserted="23151" running="509" waiting="2028" ended="22642" arrived="22642" collisions="42" teleports="42" halting="7" stopped="0" meanWaitingTime="493.65" meanTravelTime="293.68" meanSpeed="19.41" meanSpeedRelative="0.61" duration="3"/>
    <step time="30900.00" loaded="25550" inserted="23571" running="479" waiting="1979" ended="23092" arrived="23092" collisions="42" teleports="42" halting="9" stopped="0" meanWaitingTime="508.54" meanTravelTime="294.92" meanSpeed="20.03" meanSpeedRelative="0.63" duration="3"/>
    <step time="31200.00" loaded="25897" inserted="23979" running="436" waiting="1918" ended="23543" arrived="23543" collisions="42" teleports="42" halting="7" stopped="0" meanWaitingTime="522.03" meanTravelTime="295.43" meanSpeed="19.85" meanSpeedRelative="0.62" duration="3"/>
    <step time="31500.00" loaded="26223" inserted="24374" running="415" waiting="1849" ended="23959" arrived="23959" collisions="43" teleports="43" halting="4" stopped="0" meanWaitingTime="533.28" meanTravelTime="296.03" meanSpeed="20.56" meanSpeedRelative="0.64" duration="3"/>
    <step time="31800.00" loaded="26549" inserted="24763" running="411" waiting="1786" ended="24352" arrived="24352" collisions="44" teleports="44" halting="14" stopped="0" meanWaitingTime="543.38" meanTravelTime="296.48" meanSpeed="20.99" meanSpeedRelative="0.66" duration="3"/>
    <step time="32100.00" loaded="26877" inserted="25127" running="411" waiting="1750" ended="24716" arrived="24716" collisions="44" teleports="44" halting="1" stopped="0" meanWaitingTime="553.05" meanTravelTime="296.74" meanSpeed="20.69" meanSpeedRelative="0.65" duration="3"/>
    <step time="32400.00" loaded="27250" inserted="25503" running="384" waiting="1747" ended="25119" arrived="25119" collisions="44" teleports="44" halting="3" stopped="0" meanWaitingTime="562.06" meanTravelTime="297.42" meanSpeed="20.90" meanSpeedRelative="0.65" duration="89"/>
    <step time="32700.00" loaded="27511" inserted="25805" running="284" waiting="1706" ended="25521" arrived="25521" collisions="44" teleports="44" halting="9" stopped="0" meanWaitingTime="574.54" meanTravelTime="297.57" meanSpeed="22.01" meanSpeedRelative="0.69" duration="2"/>
    <step time="33000.00" loaded="27793" inserted="26115" running="264" waiting="1678" ended="25851" arrived="25851" collisions="44" teleports="44" halting="6" stopped="0" meanWaitingTime="586.60" meanTravelTime="297.37" meanSpeed="21.47" meanSpeedRelative="0.67" duration="1"/>
    <step time="33300.00" loaded="28044" inserted="26415" running="260" waiting="1629" ended="26155" arrived="26155" collisions="44" teleports="44" halting="13" stopped="0" meanWaitingTime="598.73" meanTravelTime="296.93" meanSpeed="22.02" meanSpeedRelative="0.69" duration="2"/>
    <step time="33600.00" loaded="28294" inserted="26706" running="257" waiting="1588" ended="26449" arrived="26449" collisions="44" teleports="44" halting="1" stopped="0" meanWaitingTime="610.49" meanTravelTime="296.65" meanSpeed="22.36" meanSpeedRelative="0.70" duration="2"/>
    <step time="33900.00" loaded="28556" inserted="27004" running="261" waiting="1552" ended="26743" arrived="26743" collisions="44" teleports="44" halting="3" stopped="0" meanWaitingTime="621.78" meanTravelTime="296.14" meanSpeed="21.64" meanSpeedRelative="0.68" duration="2"/>
    <step time="34200.00" loaded="28830" inserted="27305" running="265" waiting="1525" ended="27040" arrived="27040" collisions="44" teleports="44" halting="7" stopped="0" meanWaitingTime="632.91" meanTravelTime="295.82" meanSpeed="22.33" meanSpeedRelative="0.70" duration="2"/>
    <step time="34500.00" loaded="29076" inserted="27600" running="267" waiting="1476" ended="27333" arrived="27333" collisions="44" teleports="44" halting="8" stopped="0" meanWaitingTime="645.25" meanTravelTime="295.63" meanSpeed="21.95" meanSpeedRelative="0.69" duration="2"/>
    <step time="34800.00" loaded="29351" inserted="27910" running="264" waiting="1441" ended="27646" arrived="27646" collisions="44" teleports="44" halting="2" stopped="0" meanWaitingTime="656.21" meanTravelTime="295.26" meanSpeed="21.69" meanSpeedRelative="0.68" duration="1"/>
    <step time="35100.00" loaded="29591" inserted="28194" running="263" waiting="1397" ended="27931" arrived="27931" collisions="45" teleports="45" halting="5" stopped="0" meanWaitingTime="667.20" meanTravelTime="294.92" meanSpeed="22.24" meanSpeedRelative="0.70" duration="1"/>
    <step time="35400.00" loaded="29881" inserted="28512" running="295" waiting="1369" ended="28217" arrived="28217" collisions="45" teleports="45" halting="6" stopped="0" meanWaitingTime="676.50" meanTravelTime="294.89" meanSpeed="21.50" meanSpeedRelative="0.67" duration="1"/>
    <step time="35700.00" loaded="30155" inserted="28818" running="302" waiting="1337" ended="28516" arrived="28516" collisions="45" teleports="45" halting="4" stopped="0" meanWaitingTime="685.48" meanTravelTime="294.68" meanSpeed="22.40" meanSpeedRelative="0.70" duration="2"/>
    <step time="36000.00" loaded="30420" inserted="29112" running="268" waiting="1308" ended="28844" arrived="28844" collisions="46" teleports="46" halting="5" stopped="0" meanWaitingTime="695.66" meanTravelTime="294.56" meanSpeed="22.63" meanSpeedRelative="0.71" duration="83"/>
    <step time="36300.00" loaded="30907" inserted="29548" running="392" waiting="1359" ended="29156" arrived="29156" collisions="47" teleports="47" halting="2" stopped="0" meanWaitingTime="702.53" meanTravelTime="294.32" meanSpeed="21.51" meanSpeedRelative="0.67" duration="2"/>
    <step time="36600.00" loaded="31331" inserted="29971" running="431" waiting="1360" ended="29540" arrived="29540" collisions="47" teleports="47" halting="5" stopped="0" meanWaitingTime="709.57" meanTravelTime="294.17" meanSpeed="21.01" meanSpeedRelative="0.66" duration="3"/>
    <step time="36900.00" loaded="31823" inserted="30401" running="440" waiting="1422" ended="29961" arrived="29961" collisions="50" teleports="50" halting="10" stopped="0" meanWaitingTime="716.35" meanTravelTime="294.19" meanSpeed="20.22" meanSpeedRelative="0.63" duration="3"/>
    <step time="37200.00" loaded="32257" inserted="30817" running="432" waiting="1440" ended="30385" arrived="30385" collisions="50" teleports="50" halting="3" stopped="0" meanWaitingTime="721.78" meanTravelTime="294.34" meanSpeed="20.54" meanSpeedRelative="0.64" duration="3"/>
    <step time="37500.00" loaded="32724" inserted="31249" running="443" waiting="1475" ended="30806" arrived="30806" collisions="50" teleports="50" halting="3" stopped="0" meanWaitingTime="726.52" meanTravelTime="294.49" meanSpeed="21.01" meanSpeedRelative="0.66" duration="3"/>
    <step time="37800.00" loaded="33177" inserted="31686" running="460" waiting="1491" ended="31226" arrived="31226" collisions="51" teleports="51" halting="7" stopped="0" meanWaitingTime="732.01" meanTravelTime="294.93" meanSpeed="19.99" meanSpeedRelative="0.62" duration="4"/>
    <step time="38100.00" loaded="33653" inserted="32110" running="446" waiting="1543" ended="31664" arrived="31664" collisions="54" teleports="54" halting="6" stopped="0" meanWaitingTime="737.00" meanTravelTime="295.09" meanSpeed="19.70" meanSpeedRelative="0.62" duration="3"/>
    <step time="38400.00" loaded="34110" inserted="32537" running="451" waiting="1573" ended="32086" arrived="32086" collisions="55" teleports="55" halting="2" stopped="0" meanWaitingTime="741.46" meanTravelTime="295.36" meanSpeed="20.48" meanSpeedRelative="0.64" duration="3"/>
    <step time="38700.00" loaded="34618" inserted="32990" running="463" waiting="1628" ended="32527" arrived="32527" collisions="56" teleports="56" halting="6" stopped="0" meanWaitingTime="745.73" meanTravelTime="295.47" meanSpeed="20.95" meanSpeedRelative="0.65" duration="4"/>
    <step time="39000.00" loaded="35119" inserted="33424" running="493" waiting="1695" ended="32931" arrived="32931" collisions="56" teleports="56" halting="10" stopped="0" meanWaitingTime="750.04" meanTravelTime="295.59" meanSpeed="19.82" meanSpeedRelative="0.62" duration="4"/>
    <step time="39300.00" loaded="35554" inserted="33823" running="452" waiting="1731" ended="33371" arrived="33371" collisions="58" teleports="58" halting="5" stopped="0" meanWaitingTime="754.63" meanTravelTime="296.39" meanSpeed="20.02" meanSpeedRelative="0.63" duration="3"/>
    <step time="39600.00" loaded="36029" inserted="34231" running="448" waiting="1798" ended="33783" arrived="33783" collisions="58" teleports="58" halting="10" stopped="0" meanWaitingTime="757.69" meanTravelTime="297.01" meanSpeed="20.06" meanSpeedRelative="0.63" duration="92"/>
    <step time="39900.00" loaded="36524" inserted="34682" running="463" waiting="1842" ended="34219" arrived="34219" collisions="59" teleports="59" halting="2" stopped="0" meanWaitingTime="761.81" meanTravelTime="297.41" meanSpeed="20.22" meanSpeedRelative="0.63" duration="4"/>
    <step time="40200.00" loaded="37045" inserted="35132" running="482" waiting="1913" ended="34650" arrived="34650" collisions="60" teleports="60" halting="6" stopped="0" meanWaitingTime="765.50" meanTravelTime="297.69" meanSpeed="20.23" meanSpeedRelative="0.63" duration="4"/>
    <step time="40500.00" loaded="37551" inserted="35586" running="508" waiting="1965" ended="35078" arrived="35078" collisions="61" teleports="61" halting="5" stopped="0" meanWaitingTime="769.43" meanTravelTime="297.93" meanSpeed="19.68" meanSpeedRelative="0.62" duration="5"/>
    <step time="40800.00" loaded="38062" inserted="36010" running="494" waiting="2052" ended="35516" arrived="35516" collisions="62" teleports="62" halting="7" stopped="0" meanWaitingTime="772.51" meanTravelTime="298.44" meanSpeed="19.30" meanSpeedRelative="0.60" duration="4"/>
    <step time="41100.00" loaded="38589" inserted="36471" running="514" waiting="2118" ended="35957" arrived="35957" collisions="62" teleports="62" halting="5" stopped="0" meanWaitingTime="776.15" meanTravelTime="298.86" meanSpeed="20.12" meanSpeedRelative="0.63" duration="4"/>
    <step time="41400.00" loaded="39125" inserted="36942" running="532" waiting="2183" ended="36410" arrived="36410" collisions="63" teleports="63" halting="2" stopped="0" meanWaitingTime="780.50" meanTravelTime="299.27" meanSpeed="19.81" meanSpeedRelative="0.62" duration="5"/>
    <step time="41700.00" loaded="39623" inserted="37391" running="517" waiting="2232" ended="36874" arrived="36874" collisions="64" teleports="64" halting="4" stopped="0" meanWaitingTime="785.24" meanTravelTime="299.88" meanSpeed="19.62" meanSpeedRelative="0.61" duration="3"/>
    <step time="42000.00" loaded="40175" inserted="37860" running="505" waiting="2315" ended="37355" arrived="37355" collisions="67" teleports="67" halting="9" stopped="0" meanWaitingTime="789.76" meanTravelTime="300.58" meanSpeed="19.41" meanSpeedRelative="0.61" duration="4"/>
    <step time="42300.00" loaded="40724" inserted="38348" running="537" waiting="2376" ended="37811" arrived="37811" collisions="69" teleports="69" halting="3" stopped="0" meanWaitingTime="794.39" meanTravelTime="300.86" meanSpeed="19.64" meanSpeedRelative="0.61" duration="4"/>
    <step time="42600.00" loaded="41242" inserted="38788" running="515" waiting="2454" ended="38273" arrived="38273" collisions="70" teleports="70" halting="7" stopped="0" meanWaitingTime="801.28" meanTravelTime="301.35" meanSpeed="19.75" meanSpeedRelative="0.62" duration="4"/>
    <step time="42900.00" loaded="41765" inserted="39243" running="543" waiting="2522" ended="38700" arrived="38700" collisions="73" teleports="73" halting="12" stopped="0" meanWaitingTime="807.97" meanTravelTime="301.78" meanSpeed="18.85" meanSpeedRelative="0.59" duration="5"/>
    <step time="43200.00" loaded="42258" inserted="39691" running="535" waiting="2567" ended="39156" arrived="39156" collisions="76" teleports="76" halting="5" stopped="0" meanWaitingTime="813.27" meanTravelTime="302.31" meanSpeed="19.89" meanSpeedRelative="0.62" duration="92"/>
    <step time="43500.00" loaded="42803" inserted="40176" running="557" waiting="2627" ended="39619" arrived="39619" collisions="77" teleports="77" halting="6" stopped="0" meanWaitingTime="817.32" meanTravelTime="302.96" meanSpeed="19.61" meanSpeedRelative="0.61" duration="4"/>
    <step time="43800.00" loaded="43329" inserted="40619" running="547" waiting="2710" ended="40072" arrived="40072" collisions="80" teleports="80" halting="9" stopped="0" meanWaitingTime="823.27" meanTravelTime="303.64" meanSpeed="19.00" meanSpeedRelative="0.59" duration="5"/>
    <step time="44100.00" loaded="43857" inserted="41073" running="573" waiting="2784" ended="40500" arrived="40500" collisions="81" teleports="81" halting="6" stopped="0" meanWaitingTime="828.02" meanTravelTime="304.29" meanSpeed="18.72" meanSpeedRelative="0.59" duration="4"/>
    <step time="44400.00" loaded="44423" inserted="41561" running="578" waiting="2862" ended="40983" arrived="40983" collisions="82" teleports="82" halting="8" stopped="0" meanWaitingTime="833.22" meanTravelTime="305.04" meanSpeed="19.15" meanSpeedRelative="0.60" duration="6"/>
    <step time="44700.00" loaded="44964" inserted="42067" running="611" waiting="2897" ended="41456" arrived="41456" collisions="84" teleports="84" halting="8" stopped="0" meanWaitingTime="840.67" meanTravelTime="305.58" meanSpeed="18.91" meanSpeedRelative="0.59" duration="5"/>
    <step time="45000.00" loaded="45493" inserted="42542" running="619" waiting="2951" ended="41923" arrived="41923" collisions="85" teleports="85" halting="4" stopped="0" meanWaitingTime="848.07" meanTravelTime="306.33" meanSpeed="17.78" meanSpeedRelative="0.56" duration="6"/>
    <step time="45300.00" loaded="46031" inserted="43030" running="627" waiting="3001" ended="42403" arrived="42403" collisions="85" teleports="85" halting="8" stopped="0" meanWaitingTime="855.92" meanTravelTime="307.14" meanSpeed="16.85" meanSpeedRelative="0.53" duration="6"/>
    <step time="45600.00" loaded="46549" inserted="43477" running="570" waiting="3072" ended="42907" arrived="42907" collisions="87" teleports="87" halting="11" stopped="0" meanWaitingTime="863.58" meanTravelTime="308.02" meanSpeed="17.90" meanSpeedRelative="0.56" duration="4"/>
    <step time="45900.00" loaded="47109" inserted="43976" running="606" waiting="3133" ended="43370" arrived="43370" collisions="89" teleports="89" halting="13" stopped="0" meanWaitingTime="871.93" meanTravelTime="308.68" meanSpeed="18.79" meanSpeedRelative="0.59" duration="5"/>
    <step time="46200.00" loaded="47658" inserted="44463" running="612" waiting="3195" ended="43851" arrived="43851" collisions="90" teleports="90" halting="1" stopped="0" meanWaitingTime="881.11" meanTravelTime="309.20" meanSpeed="18.75" meanSpeedRelative="0.59" duration="6"/>
    <step time="46500.00" loaded="48165" inserted="44942" running="618" waiting="3223" ended="44324" arrived="44324" collisions="90" teleports="90" halting="4" stopped="0" meanWaitingTime="890.20" meanTravelTime="309.75" meanSpeed="18.59" meanSpeedRelative="0.58" duration="6"/>
    <step time="46800.00" loaded="48678" inserted="45406" running="615" waiting="3272" ended="44791" arrived="44791" collisions="95" teleports="95" halting="11" stopped="0" meanWaitingTime="898.51" meanTravelTime="310.71" meanSpeed="17.85" meanSpeedRelative="0.56" duration="95"/>
    <step time="47100.00" loaded="49193" inserted="45873" running="600" waiting="3320" ended="45273" arrived="45273" collisions="96" teleports="96" halting="16" stopped="0" meanWaitingTime="906.08" meanTravelTime="311.68" meanSpeed="18.16" meanSpeedRelative="0.57" duration="6"/>
    <step time="47400.00" loaded="49718" inserted="46367" running="634" waiting="3351" ended="45733" arrived="45733" collisions="96" teleports="96" halting="9" stopped="0" meanWaitingTime="915.21" meanTravelTime="312.54" meanSpeed="17.48" meanSpeedRelative="0.55" duration="7"/>
    <step time="47700.00" loaded="50246" inserted="46835" running="651" waiting="3411" ended="46184" arrived="46184" collisions="97" teleports="97" halting="3" stopped="0" meanWaitingTime="924.21" meanTravelTime="313.35" meanSpeed="17.12" meanSpeedRelative="0.53" duration="6"/>
    <step time="48000.00" loaded="50788" inserted="47287" running="616" waiting="3501" ended="46671" arrived="46671" collisions="97" teleports="97" halting="3" stopped="0" meanWaitingTime="931.93" meanTravelTime="314.52" meanSpeed="18.51" meanSpeedRelative="0.58" duration="4"/>
    <step time="48300.00" loaded="51329" inserted="47747" running="601" waiting="3582" ended="47146" arrived="47146" collisions="100" teleports="100" halting="12" stopped="0" meanWaitingTime="941.49" meanTravelTime="315.35" meanSpeed="18.03" meanSpeedRelative="0.56" duration="5"/>
    <step time="48600.00" loaded="51856" inserted="48221" running="607" waiting="3635" ended="47614" arrived="47614" collisions="102" teleports="102" halting="9" stopped="0" meanWaitingTime="950.79" meanTravelTime="316.09" meanSpeed="18.09" meanSpeedRelative="0.57" duration="4"/>
    <step time="48900.00" loaded="52413" inserted="48685" running="602" waiting="3728" ended="48083" arrived="48083" collisions="104" teleports="104" halting="3" stopped="0" meanWaitingTime="959.91" meanTravelTime="316.74" meanSpeed="18.39" meanSpeedRelative="0.57" duration="7"/>
    <step time="49200.00" loaded="52952" inserted="49146" running="596" waiting="3806" ended="48550" arrived="48550" collisions="106" teleports="106" halting="9" stopped="0" meanWaitingTime="969.25" meanTravelTime="317.50" meanSpeed="18.25" meanSpeedRelative="0.57" duration="7"/>
    <step time="49500.00" loaded="53465" inserted="49619" running="622" waiting="3846" ended="48997" arrived="48997" collisions="107" teleports="107" halting="8" stopped="0" meanWaitingTime="979.11" meanTravelTime="318.07" meanSpeed="17.43" meanSpeedRelative="0.54" duration="6"/>
    <step time="49800.00" loaded="54015" inserted="50093" running="620" waiting="3922" ended="49473" arrived="49473" collisions="108" teleports="108" halting="2" stopped="0" meanWaitingTime="987.56" meanTravelTime="318.80" meanSpeed="17.49" meanSpeedRelative="0.55" duration="6"/>
    <step time="50100.00" loaded="54625" inserted="50582" running="656" waiting="4043" ended="49926" arrived="49926" collisions="109" teleports="109" halting="1" stopped="0" meanWaitingTime="995.70" meanTravelTime="319.60" meanSpeed="18.05" meanSpeedRelative="0.56" duration="7"/>
    <step time="50400.00" loaded="55142" inserted="51051" running="624" waiting="4091" ended="50427" arrived="50427" collisions="113" teleports="113" halting="10" stopped="0" meanWaitingTime="1005.70" meanTravelTime="320.51" meanSpeed="17.50" meanSpeedRelative="0.55" duration="96"/>
    <step time="50700.00" loaded="55856" inserted="51566" running="670" waiting="4290" ended="50896" arrived="50896" collisions="115" teleports="115" halting="4" stopped="0" meanWaitingTime="1013.97" meanTravelTime="321.04" meanSpeed="17.71" meanSpeedRelative="0.55" duration="6"/>
    <step time="51000.00" loaded="56573" inserted="52099" running="694" waiting="4474" ended="51405" arrived="51405" collisions="116" teleports="116" halting="7" stopped="0" meanWaitingTime="1023.44" meanTravelTime="321.75" meanSpeed="17.00" meanSpeedRelative="0.53" duration="7"/>
    <step time="51300.00" loaded="57315" inserted="52625" running="720" waiting="4690" ended="51905" arrived="51905" collisions="117" teleports="117" halting="8" stopped="0" meanWaitingTime="1032.35" meanTravelTime="322.24" meanSpeed="15.93" meanSpeedRelative="0.50" duration="5"/>
    <step time="51600.00" loaded="58030" inserted="53128" running="730" waiting="4902" ended="52398" arrived="52398" collisions="119" teleports="119" halting="9" stopped="0" meanWaitingTime="1040.78" meanTravelTime="323.26" meanSpeed="15.93" meanSpeedRelative="0.50" duration="8"/>
    <step time="51900.00" loaded="58751" inserted="53645" running="756" waiting="5106" ended="52889" arrived="52889" collisions="124" teleports="124" halting="10" stopped="0" meanWaitingTime="1049.07" meanTravelTime="324.44" meanSpeed="15.91" meanSpeedRelative="0.50" duration="7"/>
    <step time="52200.00" loaded="59439" inserted="54182" running="829" waiting="5257" ended="53353" arrived="53353" collisions="126" teleports="126" halting="11" stopped="0" meanWaitingTime="1058.08" meanTravelTime="325.48" meanSpeed="15.58" meanSpeedRelative="0.49" duration="8"/>
    <step time="52500.00" loaded="60159" inserted="54694" running="841" waiting="5465" ended="53853" arrived="53853" collisions="131" teleports="131" halting="10" stopped="0" meanWaitingTime="1067.64" meanTravelTime="326.68" meanSpeed="14.33" meanSpeedRelative="0.45" duration="8"/>
    <step time="52800.00" loaded="60842" inserted="55214" running="853" waiting="5628" ended="54361" arrived="54361" collisions="135" teleports="135" halting="11" stopped="0" meanWaitingTime="1076.63" meanTravelTime="328.33" meanSpeed="14.20" meanSpeedRelative="0.44" duration="9"/>
    <step time="53100.00" loaded="61574" inserted="55727" running="866" waiting="5847" ended="54861" arrived="54861" collisions="138" teleports="138" halting="6" stopped="0" meanWaitingTime="1085.17" meanTravelTime="329.71" meanSpeed="13.89" meanSpeedRelative="0.43" duration="6"/>
    <step time="53400.00" loaded="62327" inserted="56232" running="872" waiting="6095" ended="55360" arrived="55360" collisions="139" teleports="139" halting="7" stopped="0" meanWaitingTime="1095.14" meanTravelTime="331.46" meanSpeed="13.75" meanSpeedRelative="0.43" duration="9"/>
    <step time="53700.00" loaded="63030" inserted="56739" running="873" waiting="6291" ended="55866" arrived="55866" collisions="142" teleports="142" halting="17" stopped="0" meanWaitingTime="1104.73" meanTravelTime="333.26" meanSpeed="13.66" meanSpeedRelative="0.43" duration="6"/>
    <step time="54000.00" loaded="63724" inserted="57261" running="883" waiting="6463" ended="56378" arrived="56378" collisions="144" teleports="144" halting="5" stopped="0" meanWaitingTime="1115.62" meanTravelTime="334.73" meanSpeed="14.76" meanSpeedRelative="0.46" duration="96"/>
    <step time="54300.00" loaded="64167" inserted="57729" running="800" waiting="6438" ended="56929" arrived="56929" collisions="147" teleports="147" halting="4" stopped="0" meanWaitingTime="1128.50" meanTravelTime="336.13" meanSpeed="14.85" meanSpeedRelative="0.46" duration="8"/>
    <step time="54600.00" loaded="64634" inserted="58207" running="787" waiting="6427" ended="57420" arrived="57420" collisions="147" teleports="147" halting="11" stopped="0" meanWaitingTime="1141.49" meanTravelTime="337.77" meanSpeed="14.81" meanSpeedRelative="0.46" duration="9"/>
    <step time="54900.00" loaded="65059" inserted="58653" running="752" waiting="6406" ended="57901" arrived="57901" collisions="148" teleports="148" halting="10" stopped="0" meanWaitingTime="1154.57" meanTravelTime="339.03" meanSpeed="14.67" meanSpeedRelative="0.46" duration="7"/>
    <step time="55200.00" loaded="65514" inserted="59102" running="722" waiting="6412" ended="58380" arrived="58380" collisions="152" teleports="152" halting="7" stopped="0" meanWaitingTime="1167.48" meanTravelTime="340.42" meanSpeed="15.34" meanSpeedRelative="0.48" duration="5"/>
    <step time="55500.00" loaded="65977" inserted="59591" running="697" waiting="6386" ended="58894" arrived="58894" collisions="153" teleports="153" halting="4" stopped="0" meanWaitingTime="1181.22" meanTravelTime="341.56" meanSpeed="15.73" meanSpeedRelative="0.49" duration="8"/>
    <step time="55800.00" loaded="66426" inserted="60044" running="666" waiting="6382" ended="59378" arrived="59378" collisions="154" teleports="154" halting="5" stopped="0" meanWaitingTime="1196.04" meanTravelTime="342.35" meanSpeed="16.34" meanSpeedRelative="0.51" duration="6"/>
    <step time="56100.00" loaded="66881" inserted="60503" running="676" waiting="6378" ended="59827" arrived="59827" collisions="154" teleports="154" halting="2" stopped="0" meanWaitingTime="1209.86" meanTravelTime="343.02" meanSpeed="16.39" meanSpeedRelative="0.51" duration="8"/>
    <step time="56400.00" loaded="67320" inserted="60960" running="652" waiting="6360" ended="60308" arrived="60308" collisions="154" teleports="154" halting="2" stopped="0" meanWaitingTime="1223.05" meanTravelTime="343.76" meanSpeed="16.83" meanSpeedRelative="0.53" duration="7"/>
    <step time="56700.00" loaded="67789" inserted="61442" running="648" waiting="6347" ended="60794" arrived="60794" collisions="155" teleports="155" halting="2" stopped="0" meanWaitingTime="1237.32" meanTravelTime="344.55" meanSpeed="17.22" meanSpeedRelative="0.54" duration="7"/>
    <step time="57000.00" loaded="68282" inserted="61914" running="662" waiting="6368" ended="61252" arrived="61252" collisions="157" teleports="157" halting="13" stopped="0" meanWaitingTime="1251.91" meanTravelTime="344.96" meanSpeed="17.49" meanSpeedRelative="0.55" duration="7"/>
    <step time="57300.00" loaded="68719" inserted="62350" running="617" waiting="6369" ended="61733" arrived="61733" collisions="158" teleports="158" halting="7" stopped="0" meanWaitingTime="1265.22" meanTravelTime="345.50" meanSpeed="17.43" meanSpeedRelative="0.54" duration="7"/>
    <step time="57600.00" loaded="69142" inserted="62799" running="609" waiting="6343" ended="62190" arrived="62190" collisions="161" teleports="161" halting="5" stopped="0" meanWaitingTime="1279.22" meanTravelTime="345.98" meanSpeed="18.14" meanSpeedRelative="0.57" duration="84"/>
    <step time="57900.00" loaded="69691" inserted="63277" running="644" waiting="6414" ended="62633" arrived="62633" collisions="161" teleports="161" halting="8" stopped="0" meanWaitingTime="1291.46" meanTravelTime="346.59" meanSpeed="17.73" meanSpeedRelative="0.55" duration="8"/>
    <step time="58200.00" loaded="70260" inserted="63763" running="639" waiting="6497" ended="63124" arrived="63124" collisions="161" teleports="161" halting="7" stopped="0" meanWaitingTime="1305.86" meanTravelTime="346.94" meanSpeed="17.61" meanSpeedRelative="0.55" duration="8"/>
    <step time="58500.00" loaded="70837" inserted="64285" running="662" waiting="6552" ended="63623" arrived="63623" collisions="163" teleports="163" halting="10" stopped="0" meanWaitingTime="1320.23" meanTravelTime="347.27" meanSpeed="17.83" meanSpeedRelative="0.56" duration="6"/>
    <step time="58800.00" loaded="71403" inserted="64791" running="693" waiting="6612" ended="64098" arrived="64098" collisions="166" teleports="166" halting="10" stopped="0" meanWaitingTime="1333.77" meanTravelTime="347.51" meanSpeed="17.46" meanSpeedRelative="0.55" duration="9"/>
    <step time="59100.00" loaded="71949" inserted="65283" running="679" waiting="6666" ended="64604" arrived="64604" collisions="168" teleports="168" halting="3" stopped="0" meanWaitingTime="1348.49" meanTravelTime="347.95" meanSpeed="16.98" meanSpeedRelative="0.53" duration="7"/>
    <step time="59400.00" loaded="72506" inserted="65775" running="701" waiting="6731" ended="65074" arrived="65074" collisions="171" teleports="171" halting="6" stopped="0" meanWaitingTime="1361.87" meanTravelTime="348.40" meanSpeed="16.96" meanSpeedRelative="0.53" duration="7"/>
    <step time="59700.00" loaded="73080" inserted="66282" running="698" waiting="6798" ended="65584" arrived="65584" collisions="172" teleports="172" halting="6" stopped="0" meanWaitingTime="1374.83" meanTravelTime="348.90" meanSpeed="17.10" meanSpeedRelative="0.53" duration="8"/>
    <step time="60000.00" loaded="73645" inserted="66802" running="706" waiting="6843" ended="66096" arrived="66096" collisions="175" teleports="175" halting="9" stopped="0" meanWaitingTime="1389.20" meanTravelTime="349.41" meanSpeed="16.85" meanSpeedRelative="0.53" duration="9"/>
    <step time="60300.00" loaded="74169" inserted="67262" running="688" waiting="6907" ended="66574" arrived="66574" collisions="175" teleports="175" halting="5" stopped="0" meanWaitingTime="1403.01" meanTravelTime="349.92" meanSpeed="17.38" meanSpeedRelative="0.54" duration="9"/>
    <step time="60600.00" loaded="74709" inserted="67739" running="671" waiting="6970" ended="67068" arrived="67068" collisions="177" teleports="177" halting="5" stopped="0" meanWaitingTime="1416.99" meanTravelTime="350.58" meanSpeed="16.91" meanSpeedRelative="0.53" duration="7"/>
    <step time="60900.00" loaded="75280" inserted="68241" running="680" waiting="7039" ended="67561" arrived="67561" collisions="178" teleports="178" halting="9" stopped="0" meanWaitingTime="1430.94" meanTravelTime="350.97" meanSpeed="16.73" meanSpeedRelative="0.52" duration="8"/>
    <step time="61200.00" loaded="75846" inserted="68769" running="719" waiting="7077" ended="68050" arrived="68050" collisions="179" teleports="179" halting="4" stopped="0" meanWaitingTime="1445.88" meanTravelTime="351.38" meanSpeed="16.39" meanSpeedRelative="0.51" duration="90"/>
    <step time="61500.00" loaded="75923" inserted="69120" running="632" waiting="6803" ended="68488" arrived="68488" collisions="179" teleports="179" halting="8" stopped="0" meanWaitingTime="1463.47" meanTravelTime="351.98" meanSpeed="15.81" meanSpeedRelative="0.49" duration="5"/>
    <step time="61800.00" loaded="75989" inserted="69453" running="542" waiting="6536" ended="68911" arrived="68911" collisions="180" teleports="180" halting="4" stopped="0" meanWaitingTime="1481.24" meanTravelTime="352.98" meanSpeed="17.59" meanSpeedRelative="0.55" duration="7"/>
    <step time="62100.00" loaded="76073" inserted="69812" running="490" waiting="6261" ended="69322" arrived="69322" collisions="180" teleports="180" halting="7" stopped="0" meanWaitingTime="1500.02" meanTravelTime="353.64" meanSpeed="17.89" meanSpeedRelative="0.56" duration="6"/>
    <step time="62400.00" loaded="76148" inserted="70166" running="459" waiting="5982" ended="69707" arrived="69707" collisions="182" teleports="182" halting="4" stopped="0" meanWaitingTime="1519.50" meanTravelTime="353.95" meanSpeed="18.60" meanSpeedRelative="0.58" duration="6"/>
    <step time="62700.00" loaded="76219" inserted="70506" running="437" waiting="5713" ended="70069" arrived="70069" collisions="183" teleports="183" halting="4" stopped="0" meanWaitingTime="1537.94" meanTravelTime="354.29" meanSpeed="18.56" meanSpeedRelative="0.58" duration="4"/>
    <step time="63000.00" loaded="76281" inserted="70860" running="448" waiting="5421" ended="70412" arrived="70412" collisions="183" teleports="183" halting="5" stopped="0" meanWaitingTime="1557.53" meanTravelTime="354.40" meanSpeed="18.80" meanSpeedRelative="0.59" duration="6"/>
    <step time="63300.00" loaded="76362" inserted="71225" running="460" waiting="5137" ended="70765" arrived="70765" collisions="184" teleports="184" halting="2" stopped="0" meanWaitingTime="1577.39" meanTravelTime="354.42" meanSpeed="18.84" meanSpeedRelative="0.59" duration="4"/>
    <step time="63600.00" loaded="76433" inserted="71549" running="451" waiting="4884" ended="71098" arrived="71098" collisions="186" teleports="186" halting="6" stopped="0" meanWaitingTime="1596.21" meanTravelTime="354.56" meanSpeed="18.71" meanSpeedRelative="0.58" duration="5"/>
    <step time="63900.00" loaded="76515" inserted="71848" running="402" waiting="4667" ended="71446" arrived="71446" collisions="187" teleports="187" halting="6" stopped="0" meanWaitingTime="1615.50" meanTravelTime="354.82" meanSpeed="18.16" meanSpeedRelative="0.57" duration="3"/>
    <step time="64200.00" loaded="76594" inserted="72142" running="379" waiting="4452" ended="71763" arrived="71763" collisions="188" teleports="188" halting="2" stopped="0" meanWaitingTime="1633.17" meanTravelTime="355.08" meanSpeed="18.22" meanSpeedRelative="0.57" duration="4"/>
    <step time="64500.00" loaded="76681" inserted="72394" running="302" waiting="4287" ended="72092" arrived="72092" collisions="188" teleports="188" halting="2" stopped="0" meanWaitingTime="1649.16" meanTravelTime="355.13" meanSpeed="20.77" meanSpeedRelative="0.65" duration="3"/>
    <step time="64800.00" loaded="76763" inserted="72645" running="271" waiting="4118" ended="72374" arrived="72374" collisions="188" teleports="188" halting="7" stopped="0" meanWaitingTime="1664.59" meanTravelTime="355.27" meanSpeed="21.33" meanSpeedRelative="0.67" duration="98"/>
    <step time="65100.00" loaded="76821" inserted="72862" running="218" waiting="3959" ended="72644" arrived="72644" collisions="188" teleports="188" halting="2" stopped="0" meanWaitingTime="1679.18" meanTravelTime="355.16" meanSpeed="22.19" meanSpeedRelative="0.69" duration="2"/>
    <step time="65400.00" loaded="76872" inserted="73107" running="215" waiting="3765" ended="72892" arrived="72892" collisions="188" teleports="188" halting="5" stopped="0" meanWaitingTime="1697.27" meanTravelTime="354.93" meanSpeed="22.58" meanSpeedRelative="0.71" duration="2"/>
    <step time="65700.00" loaded="76916" inserted="73326" running="211" waiting="3590" ended="73115" arrived="73115" collisions="188" teleports="188" halting="8" stopped="0" meanWaitingTime="1712.81" meanTravelTime="354.70" meanSpeed="21.06" meanSpeedRelative="0.66" duration="1"/>
    <step time="66000.00" loaded="76968" inserted="73564" running="213" waiting="3404" ended="73351" arrived="73351" collisions="188" teleports="188" halting="2" stopped="0" meanWaitingTime="1726.93" meanTravelTime="354.48" meanSpeed="21.67" meanSpeedRelative="0.68" duration="2"/>
    <step time="66300.00" loaded="77042" inserted="73739" running="159" waiting="3303" ended="73580" arrived="73580" collisions="188" teleports="188" halting="8" stopped="0" meanWaitingTime="1739.02" meanTravelTime="354.28" meanSpeed="21.25" meanSpeedRelative="0.66" duration="2"/>
    <step time="66600.00" loaded="77082" inserted="73898" running="127" waiting="3184" ended="73771" arrived="73771" collisions="188" teleports="188" halting="3" stopped="0" meanWaitingTime="1752.41" meanTravelTime="354.08" meanSpeed="20.45" meanSpeedRelative="0.64" duration="1"/>
    <step time="66900.00" loaded="77130" inserted="74079" running="127" waiting="3051" ended="73952" arrived="73952" collisions="188" teleports="188" halting="2" stopped="0" meanWaitingTime="1767.73" meanTravelTime="353.78" meanSpeed="21.39" meanSpeedRelative="0.67" duration="1"/>
    <step time="67200.00" loaded="77181" inserted="74252" running="131" waiting="2929" ended="74121" arrived="74121" collisions="188" teleports="188" halting="6" stopped="0" meanWaitingTime="1781.99" meanTravelTime="353.52" meanSpeed="20.70" meanSpeedRelative="0.65" duration="2"/>
    <step time="67500.00" loaded="77236" inserted="74419" running="124" waiting="2817" ended="74295" arrived="74295" collisions="188" teleports="188" halting="5" stopped="0" meanWaitingTime="1795.70" meanTravelTime="353.18" meanSpeed="21.60" meanSpeedRelative="0.68" duration="2"/>
    <step time="67800.00" loaded="77289" inserted="74602" running="146" waiting="2687" ended="74456" arrived="74456" collisions="189" teleports="189" halting="0" stopped="0" meanWaitingTime="1810.17" meanTravelTime="352.88" meanSpeed="22.08" meanSpeedRelative="0.69" duration="1"/>
    <step time="68100.00" loaded="77329" inserted="74775" running="131" waiting="2554" ended="74644" arrived="74644" collisions="189" teleports="189" halting="3" stopped="0" meanWaitingTime="1825.06" meanTravelTime="352.61" meanSpeed="21.59" meanSpeedRelative="0.67" duration="1"/>
    <step time="68400.00" loaded="77392" inserted="74971" running="136" waiting="2421" ended="74835" arrived="74835" collisions="189" teleports="189" halting="4" stopped="0" meanWaitingTime="1840.21" meanTravelTime="352.29" meanSpeed="21.55" meanSpeedRelative="0.67" duration="90"/>
    <step time="68700.00" loaded="77573" inserted="75229" running="199" waiting="2344" ended="75030" arrived="75030" collisions="189" teleports="189" halting="6" stopped="0" meanWaitingTime="1851.20" meanTravelTime="351.96" meanSpeed="22.53" meanSpeedRelative="0.70" duration="2"/>
    <step time="69000.00" loaded="77723" inserted="75450" running="182" waiting="2273" ended="75268" arrived="75268" collisions="189" teleports="189" halting="2" stopped="0" meanWaitingTime="1862.47" meanTravelTime="351.58" meanSpeed="22.72" meanSpeedRelative="0.71" duration="1"/>
    <step time="69300.00" loaded="77895" inserted="75698" running="212" waiting="2197" ended="75486" arrived="75486" collisions="190" teleports="190" halting="4" stopped="0" meanWaitingTime="1872.36" meanTravelTime="351.24" meanSpeed="22.77" meanSpeedRelative="0.71" duration="2"/>
    <step time="69600.00" loaded="78053" inserted="75925" running="207" waiting="2128" ended="75718" arrived="75718" collisions="190" teleports="190" halting="9" stopped="0" meanWaitingTime="1880.30" meanTravelTime="351.05" meanSpeed="21.19" meanSpeedRelative="0.66" duration="1"/>
    <step time="69900.00" loaded="78215" inserted="76165" running="202" waiting="2050" ended="75963" arrived="75963" collisions="190" teleports="190" halting="3" stopped="0" meanWaitingTime="1887.09" meanTravelTime="350.74" meanSpeed="21.43" meanSpeedRelative="0.67" duration="1"/>
    <step time="70200.00" loaded="78384" inserted="76412" running="219" waiting="1972" ended="76193" arrived="76193" collisions="190" teleports="190" halting="4" stopped="0" meanWaitingTime="1893.97" meanTravelTime="350.49" meanSpeed="23.15" meanSpeedRelative="0.72" duration="2"/>
    <step time="70500.00" loaded="78544" inserted="76629" running="196" waiting="1915" ended="76433" arrived="76433" collisions="190" teleports="190" halting="7" stopped="0" meanWaitingTime="1899.73" meanTravelTime="350.23" meanSpeed="23.09" meanSpeedRelative="0.72" duration="1"/>
    <step time="70800.00" loaded="78697" inserted="76809" running="187" waiting="1888" ended="76622" arrived="76622" collisions="191" teleports="191" halting="3" stopped="0" meanWaitingTime="1903.73" meanTravelTime="350.16" meanSpeed="22.85" meanSpeedRelative="0.71" duration="1"/>
    <step time="71100.00" loaded="78849" inserted="76978" running="179" waiting="1871" ended="76799" arrived="76799" collisions="192" teleports="192" halting="6" stopped="0" meanWaitingTime="1907.55" meanTravelTime="350.03" meanSpeed="22.06" meanSpeedRelative="0.69" duration="2"/>
    <step time="71400.00" loaded="79008" inserted="77149" running="167" waiting="1859" ended="76982" arrived="76982" collisions="193" teleports="193" halting="8" stopped="0" meanWaitingTime="1911.50" meanTravelTime="349.94" meanSpeed="22.10" meanSpeedRelative="0.69" duration="2"/>
    <step time="71700.00" loaded="79145" inserted="77300" running="157" waiting="1845" ended="77143" arrived="77143" collisions="193" teleports="193" halting="2" stopped="0" meanWaitingTime="1915.97" meanTravelTime="349.89" meanSpeed="22.08" meanSpeedRelative="0.69" duration="1"/>
    <step time="72000.00" loaded="79296" inserted="77463" running="161" waiting="1833" ended="77302" arrived="77302" collisions="193" teleports="193" halting="0" stopped="0" meanWaitingTime="1920.16" meanTravelTime="349.79" meanSpeed="22.98" meanSpeedRelative="0.72" duration="86"/>
    <step time="72300.00" loaded="79413" inserted="77601" running="131" waiting="1812" ended="77470" arrived="77470" collisions="193" teleports="193" halting="2" stopped="0" meanWaitingTime="1925.97" meanTravelTime="349.65" meanSpeed="21.86" meanSpeedRelative="0.68" duration="1"/>
    <step time="72600.00" loaded="79562" inserted="77763" running="156" waiting="1799" ended="77607" arrived="77607" collisions="193" teleports="193" halting="7" stopped="0" meanWaitingTime="1930.30" meanTravelTime="349.58" meanSpeed="22.18" meanSpeedRelative="0.69" duration="2"/>
    <step time="72900.00" loaded="79697" inserted="77908" running="136" waiting="1789" ended="77772" arrived="77772" collisions="193" teleports="193" halting="10" stopped="0" meanWaitingTime="1935.55" meanTravelTime="349.48" meanSpeed="21.67" meanSpeedRelative="0.68" duration="1"/>
    <step time="73200.00" loaded="79843" inserted="78065" running="147" waiting="1778" ended="77918" arrived="77918" collisions="193" teleports="193" halting="1" stopped="0" meanWaitingTime="1940.27" meanTravelTime="349.31" meanSpeed="22.26" meanSpeedRelative="0.70" duration="2"/>
    <step time="73500.00" loaded="79981" inserted="78205" running="142" waiting="1776" ended="78063" arrived="78063" collisions="194" teleports="194" halting="2" stopped="0" meanWaitingTime="1945.58" meanTravelTime="349.15" meanSpeed="22.51" meanSpeedRelative="0.70" duration="1"/>
    <step time="73800.00" loaded="80141" inserted="78375" running="167" waiting="1766" ended="78208" arrived="78208" collisions="194" teleports="194" halting="9" stopped="0" meanWaitingTime="1950.49" meanTravelTime="349.07" meanSpeed="22.13" meanSpeedRelative="0.69" duration="2"/>
    <step time="74100.00" loaded="80273" inserted="78526" running="167" waiting="1747" ended="78359" arrived="78359" collisions="195" teleports="195" halting="8" stopped="0" meanWaitingTime="1955.47" meanTravelTime="348.99" meanSpeed="23.18" meanSpeedRelative="0.72" duration="2"/>
    <step time="74400.00" loaded="80387" inserted="78662" running="148" waiting="1725" ended="78514" arrived="78514" collisions="196" teleports="196" halting="0" stopped="0" meanWaitingTime="1961.05" meanTravelTime="348.93" meanSpeed="22.35" meanSpeedRelative="0.70" duration="2"/>
    <step time="74700.00" loaded="80516" inserted="78811" running="131" waiting="1705" ended="78680" arrived="78680" collisions="196" teleports="196" halting="3" stopped="0" meanWaitingTime="1966.76" meanTravelTime="348.83" meanSpeed="22.71" meanSpeedRelative="0.71" duration="1"/>
    <step time="75000.00" loaded="80633" inserted="78945" running="116" waiting="1688" ended="78829" arrived="78829" collisions="196" teleports="196" halting="5" stopped="0" meanWaitingTime="1972.68" meanTravelTime="348.72" meanSpeed="22.40" meanSpeedRelative="0.70" duration="1"/>
    <step time="75300.00" loaded="80768" inserted="79100" running="143" waiting="1668" ended="78957" arrived="78957" collisions="196" teleports="196" halting="8" stopped="0" meanWaitingTime="1978.11" meanTravelTime="348.57" meanSpeed="21.91" meanSpeedRelative="0.68" duration="2"/>
    <step time="75600.00" loaded="80898" inserted="79258" running="150" waiting="1640" ended="79108" arrived="79108" collisions="198" teleports="198" halting="6" stopped="0" meanWaitingTime="1984.92" meanTravelTime="348.39" meanSpeed="22.34" meanSpeedRelative="0.70" duration="86"/>
    <step time="75900.00" loaded="81098" inserted="79475" running="188" waiting="1623" ended="79287" arrived="79287" collisions="198" teleports="198" halting="3" stopped="0" meanWaitingTime="1990.63" meanTravelTime="348.18" meanSpeed="23.02" meanSpeedRelative="0.72" duration="1"/>
    <step time="76200.00" loaded="81320" inserted="79694" running="199" waiting="1626" ended="79495" arrived="79495" collisions="199" teleports="199" halting="5" stopped="0" meanWaitingTime="1995.01" meanTravelTime="347.98" meanSpeed="22.84" meanSpeedRelative="0.71" duration="1"/>
    <step time="76500.00" loaded="81512" inserted="79904" running="200" waiting="1608" ended="79704" arrived="79704" collisions="199" teleports="199" halting="3" stopped="0" meanWaitingTime="1999.87" meanTravelTime="347.81" meanSpeed="23.35" meanSpeedRelative="0.73" duration="1"/>
    <step time="76800.00" loaded="81706" inserted="80104" running="198" waiting="1602" ended="79906" arrived="79906" collisions="199" teleports="199" halting="9" stopped="0" meanWaitingTime="2004.15" meanTravelTime="347.64" meanSpeed="22.86" meanSpeedRelative="0.71" duration="1"/>
    <step time="77100.00" loaded="81891" inserted="80295" running="195" waiting="1596" ended="80100" arrived="80100" collisions="199" teleports="199" halting="3" stopped="0" meanWaitingTime="2008.85" meanTravelTime="347.53" meanSpeed="22.96" meanSpeedRelative="0.72" duration="2"/>
    <step time="77400.00" loaded="82107" inserted="80509" running="206" waiting="1598" ended="80303" arrived="80303" collisions="199" teleports="199" halting="1" stopped="0" meanWaitingTime="2012.98" meanTravelTime="347.39" meanSpeed="23.28" meanSpeedRelative="0.73" duration="1"/>
    <step time="77700.00" loaded="82310" inserted="80715" running="205" waiting="1595" ended="80510" arrived="80510" collisions="199" teleports="199" halting="6" stopped="0" meanWaitingTime="2017.67" meanTravelTime="347.22" meanSpeed="23.05" meanSpeedRelative="0.72" duration="2"/>
    <step time="78000.00" loaded="82508" inserted="80917" running="197" waiting="1591" ended="80720" arrived="80720" collisions="200" teleports="200" halting="9" stopped="0" meanWaitingTime="2022.09" meanTravelTime="347.09" meanSpeed="22.30" meanSpeedRelative="0.70" duration="2"/>
    <step time="78300.00" loaded="82686" inserted="81100" running="193" waiting="1586" ended="80907" arrived="80907" collisions="200" teleports="200" halting="7" stopped="0" meanWaitingTime="2026.07" meanTravelTime="347.01" meanSpeed="23.23" meanSpeedRelative="0.73" duration="2"/>
    <step time="78600.00" loaded="82868" inserted="81276" running="174" waiting="1592" ended="81102" arrived="81102" collisions="200" teleports="200" halting="1" stopped="0" meanWaitingTime="2029.82" meanTravelTime="346.88" meanSpeed="23.09" meanSpeedRelative="0.72" duration="1"/>
    <step time="78900.00" loaded="83026" inserted="81450" running="171" waiting="1576" ended="81279" arrived="81279" collisions="200" teleports="200" halting="8" stopped="0" meanWaitingTime="2034.23" meanTravelTime="346.79" meanSpeed="22.46" meanSpeedRelative="0.70" duration="1"/>
    <step time="79200.00" loaded="83234" inserted="81662" running="209" waiting="1572" ended="81453" arrived="81453" collisions="201" teleports="201" halting="9" stopped="0" meanWaitingTime="2037.47" meanTravelTime="346.67" meanSpeed="23.39" meanSpeedRelative="0.73" duration="82"/>
    <step time="79500.00" loaded="83433" inserted="81871" running="208" waiting="1562" ended="81663" arrived="81663" collisions="202" teleports="202" halting="3" stopped="0" meanWaitingTime="2042.04" meanTravelTime="346.50" meanSpeed="23.11" meanSpeedRelative="0.72" duration="1"/>
    <step time="79800.00" loaded="83592" inserted="82048" running="178" waiting="1544" ended="81870" arrived="81870" collisions="202" teleports="202" halting="2" stopped="0" meanWaitingTime="2046.72" meanTravelTime="346.42" meanSpeed="23.53" meanSpeedRelative="0.74" duration="2"/>
    <step time="80100.00" loaded="83782" inserted="82245" running="191" waiting="1537" ended="82054" arrived="82054" collisions="202" teleports="202" halting="6" stopped="0" meanWaitingTime="2049.92" meanTravelTime="346.26" meanSpeed="22.58" meanSpeedRelative="0.71" duration="1"/>
    <step time="80400.00" loaded="83957" inserted="82413" running="171" waiting="1544" ended="82242" arrived="82242" collisions="202" teleports="202" halting="7" stopped="0" meanWaitingTime="2053.48" meanTravelTime="346.14" meanSpeed="22.26" meanSpeedRelative="0.70" duration="1"/>
    <step time="80700.00" loaded="84139" inserted="82611" running="175" waiting="1528" ended="82436" arrived="82436" collisions="202" teleports="202" halting="2" stopped="0" meanWaitingTime="2057.19" meanTravelTime="346.03" meanSpeed="23.44" meanSpeedRelative="0.73" duration="1"/>
    <step time="81000.00" loaded="84296" inserted="82775" running="171" waiting="1521" ended="82604" arrived="82604" collisions="202" teleports="202" halting="2" stopped="0" meanWaitingTime="2061.61" meanTravelTime="345.93" meanSpeed="22.00" meanSpeedRelative="0.69" duration="1"/>
    <step time="81300.00" loaded="84466" inserted="82961" running="197" waiting="1505" ended="82764" arrived="82764" collisions="202" teleports="202" halting="12" stopped="0" meanWaitingTime="2065.27" meanTravelTime="345.82" meanSpeed="22.00" meanSpeedRelative="0.69" duration="1"/>
    <step time="81600.00" loaded="84618" inserted="83122" running="155" waiting="1496" ended="82967" arrived="82967" collisions="202" teleports="202" halting="5" stopped="0" meanWaitingTime="2069.19" meanTravelTime="345.73" meanSpeed="22.77" meanSpeedRelative="0.71" duration="2"/>
    <step time="81900.00" loaded="84816" inserted="83328" running="191" waiting="1488" ended="83137" arrived="83137" collisions="202" teleports="202" halting="2" stopped="0" meanWaitingTime="2072.82" meanTravelTime="345.67" meanSpeed="23.39" meanSpeedRelative="0.73" duration="1"/>
    <step time="82200.00" loaded="84999" inserted="83519" running="178" waiting="1480" ended="83341" arrived="83341" collisions="202" teleports="202" halting="3" stopped="0" meanWaitingTime="2076.20" meanTravelTime="345.51" meanSpeed="23.38" meanSpeedRelative="0.73" duration="2"/>
    <step time="82500.00" loaded="85184" inserted="83717" running="188" waiting="1467" ended="83529" arrived="83529" collisions="202" teleports="202" halting="1" stopped="0" meanWaitingTime="2079.14" meanTravelTime="345.35" meanSpeed="22.57" meanSpeedRelative="0.71" duration="1"/>
</summary>
