<?xml version="1.0" encoding="UTF-8"?>

<!-- generated on 2025-08-07 20:15:04 by Eclipse SUMO sumo Version 1.23.1
<sumoConfiguration xmlns:xsi="http://www.w3.org/2001/XMLSchema-instance" xsi:noNamespaceSchemaLocation="http://sumo.dlr.de/xsd/sumoConfiguration.xsd">

    <input>
        <net-file value="Desktop\Master Thesis\Network_fin.net.xml"/>
        <route-files value="Desktop\Master Thesis\demand_model_amsterdam.rou.xml"/>
        <additional-files value="Desktop\Master Thesis\Additionnal.add.xml"/>
    </input>

    <output>
        <summary-output value="outputf/summary_coor_alinea_1neigh_method1_K80_target5_66189.xml"/>
        <summary-output.period value="300"/>
        <tripinfo-output value="outputf/tripinfo_coor_alinea_1neigh_method1_K80_target5_66189.xml"/>
    </output>

    <time>
        <begin value="0"/>
        <end value="82800"/>
        <step-length value="1"/>
    </time>

    <processing>
        <time-to-teleport value="-1"/>
    </processing>

    <report>
        <verbose value="true"/>
        <no-step-log value="true"/>
    </report>

    <emissions>
        <device.emissions.period value="10"/>
    </emissions>

    <traci_server>
        <remote-port value="64822"/>
    </traci_server>

    <random_number>
        <seed value="66189"/>
    </random_number>

</sumoConfiguration>
-->

<summary xmlns:xsi="http://www.w3.org/2001/XMLSchema-instance" xsi:noNamespaceSchemaLocation="http://sumo.dlr.de/xsd/summary_file.xsd">
    <step time="0.00" loaded="2" inserted="1" running="1" waiting="1" ended="0" arrived="0" collisions="0" teleports="0" halting="1" stopped="0" meanWaitingTime="0.00" meanTravelTime="-1.00" meanSpeed="0.00" meanSpeedRelative="0.00" duration="0"/>
    <step time="300.00" loaded="188" inserted="188" running="114" waiting="0" ended="74" arrived="74" collisions="0" teleports="0" halting="1" stopped="0" meanWaitingTime="0.77" meanTravelTime="111.73" meanSpeed="25.20" meanSpeedRelative="0.79" duration="1"/>
    <step time="600.00" loaded="367" inserted="367" running="147" waiting="0" ended="220" arrived="220" collisions="0" teleports="0" halting="0" stopped="0" meanWaitingTime="0.50" meanTravelTime="166.80" meanSpeed="25.41" meanSpeedRelative="0.79" duration="1"/>
    <step time="900.00" loaded="564" inserted="564" running="189" waiting="0" ended="375" arrived="375" collisions="0" teleports="0" halting="0" stopped="0" meanWaitingTime="0.47" meanTravelTime="200.72" meanSpeed="25.07" meanSpeedRelative="0.78" duration="1"/>
    <step time="1200.00" loaded="766" inserted="766" running="185" waiting="0" ended="581" arrived="581" collisions="0" teleports="0" halting="1" stopped="0" meanWaitingTime="0.49" meanTravelTime="217.89" meanSpeed="24.43" meanSpeedRelative="0.76" duration="2"/>
    <step time="1500.00" loaded="926" inserted="926" running="153" waiting="0" ended="773" arrived="773" collisions="0" teleports="0" halting="0" stopped="0" meanWaitingTime="0.48" meanTravelTime="235.04" meanSpeed="24.26" meanSpeedRelative="0.76" duration="1"/>
    <step time="1800.00" loaded="1108" inserted="1108" running="173" waiting="0" ended="935" arrived="935" collisions="1" teleports="1" halting="0" stopped="0" meanWaitingTime="0.49" meanTravelTime="241.37" meanSpeed="25.32" meanSpeedRelative="0.79" duration="1"/>
    <step time="2100.00" loaded="1302" inserted="1302" running="169" waiting="0" ended="1133" arrived="1133" collisions="1" teleports="1" halting="3" stopped="0" meanWaitingTime="0.47" meanTravelTime="248.22" meanSpeed="23.72" meanSpeedRelative="0.74" duration="1"/>
    <step time="2400.00" loaded="1497" inserted="1497" running="186" waiting="0" ended="1311" arrived="1311" collisions="1" teleports="1" halting="1" stopped="0" meanWaitingTime="0.48" meanTravelTime="249.44" meanSpeed="25.06" meanSpeedRelative="0.78" duration="2"/>
    <step time="2700.00" loaded="1680" inserted="1680" running="159" waiting="0" ended="1521" arrived="1521" collisions="2" teleports="2" halting="0" stopped="0" meanWaitingTime="0.46" meanTravelTime="254.81" meanSpeed="25.42" meanSpeedRelative="0.79" duration="1"/>
    <step time="3000.00" loaded="1865" inserted="1865" running="161" waiting="0" ended="1704" arrived="1704" collisions="2" teleports="2" halting="0" stopped="0" meanWaitingTime="0.46" meanTravelTime="256.28" meanSpeed="26.10" meanSpeedRelative="0.82" duration="0"/>
    <step time="3300.00" loaded="2033" inserted="2027" running="146" waiting="6" ended="1881" arrived="1881" collisions="2" teleports="2" halting="1" stopped="0" meanWaitingTime="0.57" meanTravelTime="256.90" meanSpeed="24.49" meanSpeedRelative="0.77" duration="1"/>
    <step time="3600.00" loaded="2234" inserted="2219" running="180" waiting="15" ended="2039" arrived="2039" collisions="2" teleports="2" halting="2" stopped="0" meanWaitingTime="1.81" meanTravelTime="258.26" meanSpeed="23.92" meanSpeedRelative="0.75" duration="90"/>
    <step time="3900.00" loaded="2355" inserted="2343" running="113" waiting="12" ended="2230" arrived="2230" collisions="2" teleports="2" halting="6" stopped="0" meanWaitingTime="3.76" meanTravelTime="259.99" meanSpeed="23.97" meanSpeedRelative="0.75" duration="1"/>
    <step time="4200.00" loaded="2464" inserted="2454" running="98" waiting="10" ended="2356" arrived="2356" collisions="2" teleports="2" halting="2" stopped="0" meanWaitingTime="5.27" meanTravelTime="260.37" meanSpeed="23.80" meanSpeedRelative="0.74" duration="1"/>
    <step time="4500.00" loaded="2583" inserted="2566" running="104" waiting="17" ended="2462" arrived="2462" collisions="2" teleports="2" halting="1" stopped="0" meanWaitingTime="6.15" meanTravelTime="262.19" meanSpeed="24.79" meanSpeedRelative="0.77" duration="1"/>
    <step time="4800.00" loaded="2689" inserted="2675" running="99" waiting="14" ended="2576" arrived="2576" collisions="2" teleports="2" halting="4" stopped="0" meanWaitingTime="7.67" meanTravelTime="262.07" meanSpeed="24.27" meanSpeedRelative="0.76" duration="0"/>
    <step time="5100.00" loaded="2794" inserted="2787" running="88" waiting="7" ended="2699" arrived="2699" collisions="3" teleports="3" halting="4" stopped="0" meanWaitingTime="9.02" meanTravelTime="261.79" meanSpeed="23.47" meanSpeedRelative="0.73" duration="1"/>
    <step time="5400.00" loaded="2911" inserted="2909" running="109" waiting="2" ended="2800" arrived="2800" collisions="4" teleports="4" halting="1" stopped="0" meanWaitingTime="9.15" meanTravelTime="261.59" meanSpeed="24.53" meanSpeedRelative="0.77" duration="1"/>
    <step time="5700.00" loaded="3013" inserted="3013" running="99" waiting="0" ended="2914" arrived="2914" collisions="4" teleports="4" halting="1" stopped="0" meanWaitingTime="8.86" meanTravelTime="261.81" meanSpeed="26.04" meanSpeedRelative="0.81" duration="1"/>
    <step time="6000.00" loaded="3119" inserted="3119" running="96" waiting="0" ended="3023" arrived="3023" collisions="4" teleports="4" halting="0" stopped="0" meanWaitingTime="8.56" meanTravelTime="261.73" meanSpeed="26.27" meanSpeedRelative="0.82" duration="0"/>
    <step time="6300.00" loaded="3226" inserted="3226" running="94" waiting="0" ended="3132" arrived="3132" collisions="4" teleports="4" halting="0" stopped="0" meanWaitingTime="8.28" meanTravelTime="261.48" meanSpeed="25.30" meanSpeedRelative="0.79" duration="1"/>
    <step time="6600.00" loaded="3335" inserted="3335" running="86" waiting="0" ended="3249" arrived="3249" collisions="4" teleports="4" halting="2" stopped="0" meanWaitingTime="8.03" meanTravelTime="261.10" meanSpeed="25.70" meanSpeedRelative="0.80" duration="1"/>
    <step time="6900.00" loaded="3440" inserted="3440" running="88" waiting="0" ended="3352" arrived="3352" collisions="4" teleports="4" halting="0" stopped="0" meanWaitingTime="7.79" meanTravelTime="261.05" meanSpeed="26.31" meanSpeedRelative="0.82" duration="1"/>
    <step time="7200.00" loaded="3566" inserted="3566" running="93" waiting="0" ended="3473" arrived="3473" collisions="4" teleports="4" halting="1" stopped="0" meanWaitingTime="7.53" meanTravelTime="260.48" meanSpeed="25.04" meanSpeedRelative="0.78" duration="86"/>
    <step time="7500.00" loaded="3730" inserted="3730" running="120" waiting="0" ended="3610" arrived="3610" collisions="4" teleports="4" halting="1" stopped="0" meanWaitingTime="7.22" meanTravelTime="260.19" meanSpeed="25.30" meanSpeedRelative="0.79" duration="1"/>
    <step time="7800.00" loaded="3896" inserted="3884" running="124" waiting="12" ended="3760" arrived="3760" collisions="4" teleports="4" halting="3" stopped="0" meanWaitingTime="7.03" meanTravelTime="258.04" meanSpeed="24.53" meanSpeedRelative="0.77" duration="1"/>
    <step time="8100.00" loaded="4058" inserted="4044" running="129" waiting="14" ended="3915" arrived="3915" collisions="4" teleports="4" halting="0" stopped="0" meanWaitingTime="7.62" meanTravelTime="258.38" meanSpeed="24.18" meanSpeedRelative="0.76" duration="2"/>
    <step time="8400.00" loaded="4210" inserted="4199" running="141" waiting="11" ended="4058" arrived="4058" collisions="4" teleports="4" halting="1" stopped="0" meanWaitingTime="8.16" meanTravelTime="258.55" meanSpeed="24.11" meanSpeedRelative="0.75" duration="1"/>
    <step time="8700.00" loaded="4369" inserted="4354" running="129" waiting="15" ended="4225" arrived="4225" collisions="4" teleports="4" halting="2" stopped="0" meanWaitingTime="8.73" meanTravelTime="257.78" meanSpeed="24.62" meanSpeedRelative="0.77" duration="1"/>
    <step time="9000.00" loaded="4518" inserted="4499" running="126" waiting="19" ended="4373" arrived="4373" collisions="4" teleports="4" halting="2" stopped="0" meanWaitingTime="9.31" meanTravelTime="257.61" meanSpeed="24.84" meanSpeedRelative="0.78" duration="1"/>
    <step time="9300.00" loaded="4662" inserted="4646" running="116" waiting="16" ended="4530" arrived="4530" collisions="4" teleports="4" halting="1" stopped="0" meanWaitingTime="10.20" meanTravelTime="257.96" meanSpeed="25.07" meanSpeedRelative="0.78" duration="0"/>
    <step time="9600.00" loaded="4822" inserted="4808" running="135" waiting="14" ended="4673" arrived="4673" collisions="4" teleports="4" halting="4" stopped="0" meanWaitingTime="10.91" meanTravelTime="258.48" meanSpeed="24.22" meanSpeedRelative="0.76" duration="1"/>
    <step time="9900.00" loaded="4972" inserted="4956" running="124" waiting="16" ended="4832" arrived="4832" collisions="4" teleports="4" halting="5" stopped="0" meanWaitingTime="11.45" meanTravelTime="258.72" meanSpeed="23.66" meanSpeedRelative="0.74" duration="0"/>
    <step time="10200.00" loaded="5133" inserted="5102" running="113" waiting="31" ended="4989" arrived="4989" collisions="4" teleports="4" halting="0" stopped="0" meanWaitingTime="12.03" meanTravelTime="257.99" meanSpeed="24.33" meanSpeedRelative="0.76" duration="1"/>
    <step time="10500.00" loaded="5273" inserted="5243" running="108" waiting="30" ended="5135" arrived="5135" collisions="4" teleports="4" halting="2" stopped="0" meanWaitingTime="13.13" meanTravelTime="257.68" meanSpeed="23.84" meanSpeedRelative="0.75" duration="1"/>
    <step time="10800.00" loaded="5421" inserted="5378" running="106" waiting="43" ended="5272" arrived="5272" collisions="4" teleports="4" halting="3" stopped="0" meanWaitingTime="14.34" meanTravelTime="257.40" meanSpeed="23.84" meanSpeedRelative="0.75" duration="86"/>
    <step time="11100.00" loaded="5576" inserted="5525" running="132" waiting="51" ended="5393" arrived="5393" collisions="4" teleports="4" halting="0" stopped="0" meanWaitingTime="15.82" meanTravelTime="256.79" meanSpeed="24.25" meanSpeedRelative="0.76" duration="1"/>
    <step time="11400.00" loaded="5729" inserted="5671" running="123" waiting="58" ended="5548" arrived="5548" collisions="4" teleports="4" halting="3" stopped="0" meanWaitingTime="17.88" meanTravelTime="257.11" meanSpeed="24.09" meanSpeedRelative="0.75" duration="1"/>
    <step time="11700.00" loaded="5883" inserted="5824" running="109" waiting="59" ended="5715" arrived="5715" collisions="4" teleports="4" halting="6" stopped="0" meanWaitingTime="19.89" meanTravelTime="256.36" meanSpeed="23.38" meanSpeedRelative="0.73" duration="1"/>
    <step time="12000.00" loaded="6040" inserted="5981" running="116" waiting="59" ended="5865" arrived="5865" collisions="4" teleports="4" halting="2" stopped="0" meanWaitingTime="22.02" meanTravelTime="255.36" meanSpeed="25.07" meanSpeedRelative="0.78" duration="1"/>
    <step time="12300.00" loaded="6184" inserted="6120" running="109" waiting="64" ended="6011" arrived="6011" collisions="4" teleports="4" halting="0" stopped="0" meanWaitingTime="24.57" meanTravelTime="254.75" meanSpeed="25.02" meanSpeedRelative="0.78" duration="1"/>
    <step time="12600.00" loaded="6340" inserted="6272" running="120" waiting="68" ended="6152" arrived="6152" collisions="4" teleports="4" halting="4" stopped="0" meanWaitingTime="26.66" meanTravelTime="254.46" meanSpeed="23.41" meanSpeedRelative="0.73" duration="1"/>
    <step time="12900.00" loaded="6495" inserted="6429" running="115" waiting="66" ended="6314" arrived="6314" collisions="4" teleports="4" halting="4" stopped="0" meanWaitingTime="28.97" meanTravelTime="253.32" meanSpeed="23.96" meanSpeedRelative="0.75" duration="1"/>
    <step time="13200.00" loaded="6661" inserted="6581" running="127" waiting="80" ended="6454" arrived="6454" collisions="4" teleports="4" halting="0" stopped="0" meanWaitingTime="31.33" meanTravelTime="252.77" meanSpeed="25.03" meanSpeedRelative="0.78" duration="1"/>
    <step time="13500.00" loaded="6816" inserted="6736" running="122" waiting="80" ended="6614" arrived="6614" collisions="4" teleports="4" halting="5" stopped="0" meanWaitingTime="33.39" meanTravelTime="252.36" meanSpeed="24.33" meanSpeedRelative="0.76" duration="1"/>
    <step time="13800.00" loaded="6956" inserted="6872" running="99" waiting="84" ended="6773" arrived="6773" collisions="4" teleports="4" halting="1" stopped="0" meanWaitingTime="35.60" meanTravelTime="251.86" meanSpeed="25.19" meanSpeedRelative="0.79" duration="0"/>
    <step time="14100.00" loaded="7092" inserted="6996" running="94" waiting="96" ended="6902" arrived="6902" collisions="4" teleports="4" halting="2" stopped="0" meanWaitingTime="37.62" meanTravelTime="251.70" meanSpeed="24.59" meanSpeedRelative="0.77" duration="1"/>
    <step time="14400.00" loaded="7246" inserted="7142" running="104" waiting="104" ended="7038" arrived="7038" collisions="4" teleports="4" halting="2" stopped="0" meanWaitingTime="40.75" meanTravelTime="251.44" meanSpeed="24.49" meanSpeedRelative="0.77" duration="86"/>
    <step time="14700.00" loaded="7350" inserted="7241" running="79" waiting="109" ended="7162" arrived="7162" collisions="4" teleports="4" halting="1" stopped="0" meanWaitingTime="43.39" meanTravelTime="251.21" meanSpeed="24.44" meanSpeedRelative="0.76" duration="0"/>
    <step time="15000.00" loaded="7446" inserted="7334" running="66" waiting="112" ended="7268" arrived="7268" collisions="4" teleports="4" halting="2" stopped="0" meanWaitingTime="46.16" meanTravelTime="251.12" meanSpeed="24.16" meanSpeedRelative="0.76" duration="1"/>
    <step time="15300.00" loaded="7544" inserted="7437" running="84" waiting="107" ended="7353" arrived="7353" collisions="4" teleports="4" halting="3" stopped="0" meanWaitingTime="49.32" meanTravelTime="250.85" meanSpeed="24.11" meanSpeedRelative="0.75" duration="1"/>
    <step time="15600.00" loaded="7624" inserted="7519" running="69" waiting="105" ended="7450" arrived="7450" collisions="4" teleports="4" halting="5" stopped="0" meanWaitingTime="52.75" meanTravelTime="250.84" meanSpeed="23.26" meanSpeedRelative="0.73" duration="1"/>
    <step time="15900.00" loaded="7722" inserted="7622" running="65" waiting="100" ended="7557" arrived="7557" collisions="4" teleports="4" halting="2" stopped="0" meanWaitingTime="56.00" meanTravelTime="250.34" meanSpeed="23.36" meanSpeedRelative="0.73" duration="0"/>
    <step time="16200.00" loaded="7814" inserted="7718" running="67" waiting="96" ended="7651" arrived="7651" collisions="4" teleports="4" halting="2" stopped="0" meanWaitingTime="59.73" meanTravelTime="250.14" meanSpeed="23.99" meanSpeedRelative="0.75" duration="1"/>
    <step time="16500.00" loaded="7903" inserted="7817" running="79" waiting="86" ended="7738" arrived="7738" collisions="4" teleports="4" halting="4" stopped="0" meanWaitingTime="63.33" meanTravelTime="249.52" meanSpeed="23.45" meanSpeedRelative="0.73" duration="1"/>
    <step time="16800.00" loaded="8002" inserted="7918" running="76" waiting="84" ended="7842" arrived="7842" collisions="4" teleports="4" halting="7" stopped="0" meanWaitingTime="66.36" meanTravelTime="249.22" meanSpeed="23.00" meanSpeedRelative="0.72" duration="0"/>
    <step time="17100.00" loaded="8089" inserted="8014" running="76" waiting="75" ended="7938" arrived="7938" collisions="4" teleports="4" halting="0" stopped="0" meanWaitingTime="69.34" meanTravelTime="249.10" meanSpeed="24.00" meanSpeedRelative="0.75" duration="0"/>
    <step time="17400.00" loaded="8198" inserted="8126" running="86" waiting="72" ended="8040" arrived="8040" collisions="4" teleports="4" halting="3" stopped="0" meanWaitingTime="72.41" meanTravelTime="248.36" meanSpeed="23.43" meanSpeedRelative="0.73" duration="0"/>
    <step time="17700.00" loaded="8291" inserted="8217" running="76" waiting="74" ended="8141" arrived="8141" collisions="4" teleports="4" halting="5" stopped="0" meanWaitingTime="74.74" meanTravelTime="248.73" meanSpeed="23.41" meanSpeedRelative="0.73" duration="0"/>
    <step time="18000.00" loaded="8380" inserted="8309" running="62" waiting="71" ended="8247" arrived="8247" collisions="4" teleports="4" halting="1" stopped="0" meanWaitingTime="76.93" meanTravelTime="248.56" meanSpeed="24.66" meanSpeedRelative="0.77" duration="80"/>
    <step time="18300.00" loaded="8577" inserted="8495" running="114" waiting="82" ended="8381" arrived="8381" collisions="4" teleports="4" halting="1" stopped="0" meanWaitingTime="78.30" meanTravelTime="247.46" meanSpeed="24.34" meanSpeedRelative="0.76" duration="0"/>
    <step time="18600.00" loaded="8783" inserted="8675" running="136" waiting="108" ended="8539" arrived="8539" collisions="4" teleports="4" halting="5" stopped="0" meanWaitingTime="78.92" meanTravelTime="246.31" meanSpeed="24.00" meanSpeedRelative="0.75" duration="1"/>
    <step time="18900.00" loaded="8949" inserted="8835" running="130" waiting="114" ended="8705" arrived="8705" collisions="4" teleports="4" halting="2" stopped="0" meanWaitingTime="79.90" meanTravelTime="246.51" meanSpeed="24.60" meanSpeedRelative="0.77" duration="1"/>
    <step time="19200.00" loaded="9141" inserted="9034" running="156" waiting="107" ended="8878" arrived="8878" collisions="5" teleports="5" halting="2" stopped="0" meanWaitingTime="81.10" meanTravelTime="246.26" meanSpeed="24.68" meanSpeedRelative="0.77" duration="1"/>
    <step time="19500.00" loaded="9326" inserted="9202" running="137" waiting="124" ended="9065" arrived="9065" collisions="5" teleports="5" halting="5" stopped="0" meanWaitingTime="82.52" meanTravelTime="246.24" meanSpeed="24.51" meanSpeedRelative="0.77" duration="1"/>
    <step time="19800.00" loaded="9536" inserted="9391" running="174" waiting="145" ended="9217" arrived="9217" collisions="5" teleports="5" halting="1" stopped="0" meanWaitingTime="83.88" meanTravelTime="246.12" meanSpeed="23.99" meanSpeedRelative="0.75" duration="1"/>
    <step time="20100.00" loaded="9721" inserted="9562" running="159" waiting="159" ended="9403" arrived="9403" collisions="5" teleports="5" halting="3" stopped="0" meanWaitingTime="85.65" meanTravelTime="246.37" meanSpeed="23.68" meanSpeedRelative="0.74" duration="1"/>
    <step time="20400.00" loaded="9910" inserted="9745" running="143" waiting="165" ended="9602" arrived="9602" collisions="5" teleports="5" halting="4" stopped="0" meanWaitingTime="87.41" meanTravelTime="246.45" meanSpeed="23.38" meanSpeedRelative="0.73" duration="1"/>
    <step time="20700.00" loaded="10111" inserted="9924" running="142" waiting="187" ended="9782" arrived="9782" collisions="5" teleports="5" halting="1" stopped="0" meanWaitingTime="89.12" meanTravelTime="246.52" meanSpeed="24.23" meanSpeedRelative="0.76" duration="1"/>
    <step time="21000.00" loaded="10301" inserted="10104" running="133" waiting="197" ended="9971" arrived="9971" collisions="5" teleports="5" halting="2" stopped="0" meanWaitingTime="91.62" meanTravelTime="246.39" meanSpeed="24.05" meanSpeedRelative="0.75" duration="0"/>
    <step time="21300.00" loaded="10484" inserted="10274" running="143" waiting="210" ended="10131" arrived="10131" collisions="5" teleports="5" halting="4" stopped="0" meanWaitingTime="94.34" meanTravelTime="246.10" meanSpeed="23.81" meanSpeedRelative="0.74" duration="1"/>
    <step time="21600.00" loaded="10692" inserted="10479" running="164" waiting="213" ended="10315" arrived="10315" collisions="5" teleports="5" halting="3" stopped="0" meanWaitingTime="97.26" meanTravelTime="245.94" meanSpeed="24.35" meanSpeedRelative="0.76" duration="84"/>
    <step time="21900.00" loaded="11141" inserted="10859" running="316" waiting="282" ended="10543" arrived="10543" collisions="5" teleports="5" halting="3" stopped="0" meanWaitingTime="100.73" meanTravelTime="245.40" meanSpeed="23.01" meanSpeedRelative="0.72" duration="2"/>
    <step time="22200.00" loaded="11608" inserted="11272" running="404" waiting="336" ended="10868" arrived="10868" collisions="7" teleports="7" halting="7" stopped="0" meanWaitingTime="104.71" meanTravelTime="245.96" meanSpeed="21.05" meanSpeedRelative="0.66" duration="3"/>
    <step time="22500.00" loaded="12065" inserted="11646" running="379" waiting="419" ended="11267" arrived="11267" collisions="7" teleports="7" halting="7" stopped="0" meanWaitingTime="109.24" meanTravelTime="247.77" meanSpeed="21.24" meanSpeedRelative="0.66" duration="2"/>
    <step time="22800.00" loaded="12503" inserted="12048" running="436" waiting="455" ended="11612" arrived="11612" collisions="7" teleports="7" halting="9" stopped="0" meanWaitingTime="114.16" meanTravelTime="249.48" meanSpeed="20.45" meanSpeedRelative="0.64" duration="2"/>
    <step time="23100.00" loaded="13003" inserted="12441" running="436" waiting="562" ended="12005" arrived="12005" collisions="7" teleports="7" halting="6" stopped="0" meanWaitingTime="118.66" meanTravelTime="251.61" meanSpeed="20.42" meanSpeedRelative="0.64" duration="4"/>
    <step time="23400.00" loaded="13460" inserted="12834" running="437" waiting="626" ended="12397" arrived="12397" collisions="7" teleports="7" halting="10" stopped="0" meanWaitingTime="125.03" meanTravelTime="254.43" meanSpeed="20.09" meanSpeedRelative="0.63" duration="3"/>
    <step time="23700.00" loaded="13912" inserted="13208" running="429" waiting="704" ended="12779" arrived="12779" collisions="7" teleports="7" halting="8" stopped="0" meanWaitingTime="131.19" meanTravelTime="256.89" meanSpeed="20.28" meanSpeedRelative="0.63" duration="3"/>
    <step time="24000.00" loaded="14387" inserted="13593" running="432" waiting="794" ended="13161" arrived="13161" collisions="9" teleports="9" halting="4" stopped="0" meanWaitingTime="138.19" meanTravelTime="259.66" meanSpeed="20.39" meanSpeedRelative="0.64" duration="3"/>
    <step time="24300.00" loaded="14850" inserted="13965" running="408" waiting="885" ended="13557" arrived="13557" collisions="9" teleports="9" halting="10" stopped="0" meanWaitingTime="146.59" meanTravelTime="261.65" meanSpeed="20.27" meanSpeedRelative="0.63" duration="4"/>
    <step time="24600.00" loaded="15332" inserted="14376" running="436" waiting="956" ended="13940" arrived="13940" collisions="9" teleports="9" halting="6" stopped="0" meanWaitingTime="156.18" meanTravelTime="263.78" meanSpeed="19.98" meanSpeedRelative="0.62" duration="3"/>
    <step time="24900.00" loaded="15799" inserted="14774" running="433" waiting="1025" ended="14341" arrived="14341" collisions="9" teleports="9" halting="10" stopped="0" meanWaitingTime="165.14" meanTravelTime="265.08" meanSpeed="20.31" meanSpeedRelative="0.63" duration="4"/>
    <step time="25200.00" loaded="16289" inserted="15178" running="450" waiting="1111" ended="14728" arrived="14728" collisions="9" teleports="9" halting="8" stopped="0" meanWaitingTime="175.42" meanTravelTime="266.53" meanSpeed="20.60" meanSpeedRelative="0.64" duration="86"/>
    <step time="25500.00" loaded="16841" inserted="15628" running="494" waiting="1213" ended="15134" arrived="15134" collisions="10" teleports="10" halting="2" stopped="0" meanWaitingTime="186.15" meanTravelTime="268.27" meanSpeed="20.19" meanSpeedRelative="0.63" duration="3"/>
    <step time="25800.00" loaded="17408" inserted="16079" running="512" waiting="1329" ended="15567" arrived="15567" collisions="10" teleports="10" halting="5" stopped="0" meanWaitingTime="197.85" meanTravelTime="269.61" meanSpeed="20.23" meanSpeedRelative="0.63" duration="3"/>
    <step time="26100.00" loaded="17934" inserted="16525" running="500" waiting="1409" ended="16025" arrived="16025" collisions="11" teleports="11" halting="12" stopped="0" meanWaitingTime="210.83" meanTravelTime="271.54" meanSpeed="18.70" meanSpeedRelative="0.58" duration="3"/>
    <step time="26400.00" loaded="18526" inserted="16984" running="526" waiting="1542" ended="16458" arrived="16458" collisions="11" teleports="11" halting="3" stopped="0" meanWaitingTime="223.95" meanTravelTime="273.11" meanSpeed="19.54" meanSpeedRelative="0.61" duration="4"/>
    <step time="26700.00" loaded="19077" inserted="17449" running="533" waiting="1628" ended="16916" arrived="16916" collisions="13" teleports="13" halting="8" stopped="0" meanWaitingTime="237.38" meanTravelTime="275.48" meanSpeed="18.93" meanSpeedRelative="0.59" duration="4"/>
    <step time="27000.00" loaded="19635" inserted="17916" running="541" waiting="1719" ended="17375" arrived="17375" collisions="13" teleports="13" halting="6" stopped="0" meanWaitingTime="252.02" meanTravelTime="277.10" meanSpeed="18.56" meanSpeedRelative="0.58" duration="5"/>
    <step time="27300.00" loaded="20207" inserted="18358" running="547" waiting="1849" ended="17811" arrived="17811" collisions="13" teleports="13" halting="7" stopped="0" meanWaitingTime="265.61" meanTravelTime="279.24" meanSpeed="18.05" meanSpeedRelative="0.56" duration="5"/>
    <step time="27600.00" loaded="20786" inserted="18804" running="520" waiting="1982" ended="18284" arrived="18284" collisions="14" teleports="14" halting="5" stopped="0" meanWaitingTime="278.27" meanTravelTime="281.29" meanSpeed="18.84" meanSpeedRelative="0.59" duration="3"/>
    <step time="27900.00" loaded="21329" inserted="19219" running="483" waiting="2110" ended="18736" arrived="18736" collisions="15" teleports="15" halting="10" stopped="0" meanWaitingTime="292.16" meanTravelTime="283.15" meanSpeed="19.24" meanSpeedRelative="0.60" duration="3"/>
    <step time="28200.00" loaded="21869" inserted="19660" running="496" waiting="2209" ended="19164" arrived="19164" collisions="17" teleports="17" halting="7" stopped="0" meanWaitingTime="307.79" meanTravelTime="284.29" meanSpeed="19.92" meanSpeedRelative="0.62" duration="3"/>
    <step time="28500.00" loaded="22431" inserted="20113" running="524" waiting="2318" ended="19589" arrived="19589" collisions="17" teleports="17" halting="11" stopped="0" meanWaitingTime="324.42" meanTravelTime="285.63" meanSpeed="18.44" meanSpeedRelative="0.58" duration="3"/>
    <step time="28800.00" loaded="22987" inserted="20591" running="517" waiting="2396" ended="20074" arrived="20074" collisions="18" teleports="18" halting="13" stopped="0" meanWaitingTime="341.44" meanTravelTime="286.69" meanSpeed="19.32" meanSpeedRelative="0.60" duration="87"/>
    <step time="29100.00" loaded="23336" inserted="20999" running="488" waiting="2337" ended="20511" arrived="20511" collisions="18" teleports="18" halting="5" stopped="0" meanWaitingTime="357.23" meanTravelTime="287.91" meanSpeed="20.52" meanSpeedRelative="0.64" duration="4"/>
    <step time="29400.00" loaded="23713" inserted="21381" running="448" waiting="2332" ended="20933" arrived="20933" collisions="20" teleports="20" halting="8" stopped="0" meanWaitingTime="372.87" meanTravelTime="289.25" meanSpeed="21.06" meanSpeedRelative="0.66" duration="4"/>
    <step time="29700.00" loaded="24064" inserted="21772" running="429" waiting="2292" ended="21343" arrived="21343" collisions="20" teleports="20" halting="6" stopped="0" meanWaitingTime="389.32" meanTravelTime="290.36" meanSpeed="20.74" meanSpeedRelative="0.65" duration="5"/>
    <step time="30000.00" loaded="24442" inserted="22181" running="434" waiting="2261" ended="21747" arrived="21747" collisions="21" teleports="21" halting="4" stopped="0" meanWaitingTime="407.61" meanTravelTime="291.14" meanSpeed="20.36" meanSpeedRelative="0.64" duration="3"/>
    <step time="30300.00" loaded="24795" inserted="22574" running="415" waiting="2221" ended="22159" arrived="22159" collisions="21" teleports="21" halting="3" stopped="0" meanWaitingTime="425.00" meanTravelTime="291.68" meanSpeed="20.79" meanSpeedRelative="0.65" duration="4"/>
    <step time="30600.00" loaded="25157" inserted="22978" running="413" waiting="2179" ended="22565" arrived="22565" collisions="21" teleports="21" halting="6" stopped="0" meanWaitingTime="441.94" meanTravelTime="292.06" meanSpeed="20.99" meanSpeedRelative="0.66" duration="2"/>
    <step time="30900.00" loaded="25518" inserted="23390" running="438" waiting="2128" ended="22952" arrived="22952" collisions="21" teleports="21" halting="9" stopped="0" meanWaitingTime="458.59" meanTravelTime="292.37" meanSpeed="20.58" meanSpeedRelative="0.64" duration="3"/>
    <step time="31200.00" loaded="25885" inserted="23777" running="407" waiting="2108" ended="23370" arrived="23370" collisions="21" teleports="21" halting="8" stopped="0" meanWaitingTime="474.28" meanTravelTime="292.93" meanSpeed="19.74" meanSpeedRelative="0.62" duration="3"/>
    <step time="31500.00" loaded="26224" inserted="24141" running="347" waiting="2083" ended="23794" arrived="23794" collisions="22" teleports="22" halting="7" stopped="0" meanWaitingTime="489.58" meanTravelTime="293.21" meanSpeed="20.91" meanSpeedRelative="0.65" duration="3"/>
    <step time="31800.00" loaded="26591" inserted="24528" running="364" waiting="2063" ended="24164" arrived="24164" collisions="22" teleports="22" halting="1" stopped="0" meanWaitingTime="504.74" meanTravelTime="293.24" meanSpeed="21.01" meanSpeedRelative="0.66" duration="3"/>
    <step time="32100.00" loaded="26931" inserted="24894" running="365" waiting="2037" ended="24529" arrived="24529" collisions="22" teleports="22" halting="4" stopped="0" meanWaitingTime="520.08" meanTravelTime="292.98" meanSpeed="21.08" meanSpeedRelative="0.66" duration="2"/>
    <step time="32400.00" loaded="27309" inserted="25269" running="364" waiting="2040" ended="24905" arrived="24905" collisions="22" teleports="22" halting="9" stopped="0" meanWaitingTime="534.97" meanTravelTime="292.99" meanSpeed="20.74" meanSpeedRelative="0.65" duration="87"/>
    <step time="32700.00" loaded="27558" inserted="25592" running="328" waiting="1966" ended="25264" arrived="25264" collisions="23" teleports="23" halting="9" stopped="0" meanWaitingTime="548.39" meanTravelTime="293.27" meanSpeed="20.27" meanSpeedRelative="0.63" duration="2"/>
    <step time="33000.00" loaded="27814" inserted="25927" running="320" waiting="1887" ended="25607" arrived="25607" collisions="24" teleports="24" halting="3" stopped="0" meanWaitingTime="561.93" meanTravelTime="293.38" meanSpeed="21.51" meanSpeedRelative="0.67" duration="2"/>
    <step time="33300.00" loaded="28068" inserted="26238" running="318" waiting="1830" ended="25920" arrived="25920" collisions="24" teleports="24" halting="9" stopped="0" meanWaitingTime="575.31" meanTravelTime="293.52" meanSpeed="21.14" meanSpeedRelative="0.66" duration="5"/>
    <step time="33600.00" loaded="28342" inserted="26519" running="269" waiting="1823" ended="26250" arrived="26250" collisions="24" teleports="24" halting="10" stopped="0" meanWaitingTime="588.21" meanTravelTime="293.48" meanSpeed="21.22" meanSpeedRelative="0.66" duration="2"/>
    <step time="33900.00" loaded="28606" inserted="26831" running="289" waiting="1775" ended="26542" arrived="26542" collisions="24" teleports="24" halting="2" stopped="0" meanWaitingTime="600.67" meanTravelTime="293.32" meanSpeed="21.83" meanSpeedRelative="0.68" duration="3"/>
    <step time="34200.00" loaded="28874" inserted="27125" running="278" waiting="1749" ended="26847" arrived="26847" collisions="24" teleports="24" halting="4" stopped="0" meanWaitingTime="613.45" meanTravelTime="293.26" meanSpeed="22.38" meanSpeedRelative="0.70" duration="2"/>
    <step time="34500.00" loaded="29126" inserted="27414" running="271" waiting="1712" ended="27143" arrived="27143" collisions="24" teleports="24" halting="8" stopped="0" meanWaitingTime="627.49" meanTravelTime="293.21" meanSpeed="21.68" meanSpeedRelative="0.68" duration="1"/>
    <step time="34800.00" loaded="29387" inserted="27728" running="290" waiting="1659" ended="27438" arrived="27438" collisions="24" teleports="24" halting="10" stopped="0" meanWaitingTime="640.13" meanTravelTime="292.96" meanSpeed="21.37" meanSpeedRelative="0.67" duration="2"/>
    <step time="35100.00" loaded="29673" inserted="28066" running="302" waiting="1607" ended="27764" arrived="27764" collisions="25" teleports="25" halting="3" stopped="0" meanWaitingTime="652.18" meanTravelTime="292.57" meanSpeed="21.70" meanSpeedRelative="0.68" duration="3"/>
    <step time="35400.00" loaded="29962" inserted="28374" running="313" waiting="1588" ended="28061" arrived="28061" collisions="26" teleports="26" halting="7" stopped="0" meanWaitingTime="664.72" meanTravelTime="292.69" meanSpeed="21.96" meanSpeedRelative="0.69" duration="2"/>
    <step time="35700.00" loaded="30234" inserted="28671" running="295" waiting="1563" ended="28376" arrived="28376" collisions="26" teleports="26" halting="12" stopped="0" meanWaitingTime="675.46" meanTravelTime="292.70" meanSpeed="21.44" meanSpeedRelative="0.67" duration="3"/>
    <step time="36000.00" loaded="30512" inserted="28959" running="270" waiting="1553" ended="28689" arrived="28689" collisions="27" teleports="27" halting="5" stopped="0" meanWaitingTime="685.75" meanTravelTime="292.77" meanSpeed="21.71" meanSpeedRelative="0.68" duration="83"/>
    <step time="36300.00" loaded="31000" inserted="29378" running="370" waiting="1622" ended="29008" arrived="29008" collisions="27" teleports="27" halting="4" stopped="0" meanWaitingTime="694.97" meanTravelTime="292.49" meanSpeed="21.78" meanSpeedRelative="0.68" duration="2"/>
    <step time="36600.00" loaded="31483" inserted="29815" running="444" waiting="1668" ended="29371" arrived="29371" collisions="27" teleports="27" halting="7" stopped="0" meanWaitingTime="704.48" meanTravelTime="292.16" meanSpeed="20.24" meanSpeedRelative="0.63" duration="3"/>
    <step time="36900.00" loaded="31962" inserted="30237" running="425" waiting="1725" ended="29812" arrived="29812" collisions="28" teleports="28" halting="9" stopped="0" meanWaitingTime="711.96" meanTravelTime="292.26" meanSpeed="20.61" meanSpeedRelative="0.64" duration="4"/>
    <step time="37200.00" loaded="32439" inserted="30674" running="447" waiting="1765" ended="30227" arrived="30227" collisions="30" teleports="30" halting="5" stopped="0" meanWaitingTime="720.61" meanTravelTime="292.37" meanSpeed="20.37" meanSpeedRelative="0.64" duration="3"/>
    <step time="37500.00" loaded="32921" inserted="31093" running="428" waiting="1828" ended="30665" arrived="30665" collisions="31" teleports="31" halting="2" stopped="0" meanWaitingTime="728.84" meanTravelTime="292.64" meanSpeed="21.16" meanSpeedRelative="0.66" duration="2"/>
    <step time="37800.00" loaded="33383" inserted="31509" running="425" waiting="1874" ended="31084" arrived="31084" collisions="31" teleports="31" halting="7" stopped="0" meanWaitingTime="736.74" meanTravelTime="292.94" meanSpeed="20.80" meanSpeedRelative="0.65" duration="2"/>
    <step time="38100.00" loaded="33808" inserted="31895" running="407" waiting="1913" ended="31488" arrived="31488" collisions="31" teleports="31" halting="8" stopped="0" meanWaitingTime="743.83" meanTravelTime="293.22" meanSpeed="21.49" meanSpeedRelative="0.67" duration="3"/>
    <step time="38400.00" loaded="34267" inserted="32324" running="438" waiting="1943" ended="31886" arrived="31886" collisions="31" teleports="31" halting="5" stopped="0" meanWaitingTime="751.33" meanTravelTime="293.33" meanSpeed="21.29" meanSpeedRelative="0.67" duration="3"/>
    <step time="38700.00" loaded="34728" inserted="32751" running="436" waiting="1977" ended="32315" arrived="32315" collisions="31" teleports="31" halting="7" stopped="0" meanWaitingTime="759.11" meanTravelTime="293.42" meanSpeed="20.43" meanSpeedRelative="0.64" duration="3"/>
    <step time="39000.00" loaded="35224" inserted="33183" running="439" waiting="2041" ended="32744" arrived="32744" collisions="33" teleports="33" halting="7" stopped="0" meanWaitingTime="765.94" meanTravelTime="293.72" meanSpeed="20.53" meanSpeedRelative="0.64" duration="4"/>
    <step time="39300.00" loaded="35676" inserted="33594" running="436" waiting="2082" ended="33158" arrived="33158" collisions="35" teleports="35" halting="5" stopped="0" meanWaitingTime="772.18" meanTravelTime="293.85" meanSpeed="20.64" meanSpeedRelative="0.64" duration="4"/>
    <step time="39600.00" loaded="36140" inserted="34003" running="449" waiting="2137" ended="33554" arrived="33554" collisions="35" teleports="35" halting="6" stopped="0" meanWaitingTime="778.82" meanTravelTime="294.03" meanSpeed="20.37" meanSpeedRelative="0.64" duration="87"/>
    <step time="39900.00" loaded="36671" inserted="34464" running="495" waiting="2207" ended="33969" arrived="33969" collisions="35" teleports="35" halting="1" stopped="0" meanWaitingTime="786.41" meanTravelTime="294.36" meanSpeed="20.05" meanSpeedRelative="0.63" duration="5"/>
    <step time="40200.00" loaded="37180" inserted="34921" running="487" waiting="2259" ended="34434" arrived="34434" collisions="35" teleports="35" halting="6" stopped="0" meanWaitingTime="792.82" meanTravelTime="294.73" meanSpeed="20.67" meanSpeedRelative="0.65" duration="3"/>
    <step time="40500.00" loaded="37698" inserted="35381" running="520" waiting="2317" ended="34861" arrived="34861" collisions="37" teleports="37" halting="6" stopped="0" meanWaitingTime="798.64" meanTravelTime="295.14" meanSpeed="19.50" meanSpeedRelative="0.61" duration="4"/>
    <step time="40800.00" loaded="38230" inserted="35830" running="518" waiting="2400" ended="35312" arrived="35312" collisions="37" teleports="37" halting="4" stopped="0" meanWaitingTime="803.50" meanTravelTime="295.92" meanSpeed="19.16" meanSpeedRelative="0.60" duration="5"/>
    <step time="41100.00" loaded="38739" inserted="36278" running="513" waiting="2461" ended="35765" arrived="35765" collisions="38" teleports="38" halting="3" stopped="0" meanWaitingTime="808.54" meanTravelTime="296.47" meanSpeed="20.18" meanSpeedRelative="0.63" duration="3"/>
    <step time="41400.00" loaded="39257" inserted="36713" running="521" waiting="2544" ended="36192" arrived="36192" collisions="39" teleports="39" halting="7" stopped="0" meanWaitingTime="813.33" meanTravelTime="296.98" meanSpeed="20.54" meanSpeedRelative="0.64" duration="4"/>
    <step time="41700.00" loaded="39785" inserted="37153" running="516" waiting="2632" ended="36637" arrived="36637" collisions="42" teleports="42" halting="4" stopped="0" meanWaitingTime="819.46" meanTravelTime="297.68" meanSpeed="19.92" meanSpeedRelative="0.62" duration="6"/>
    <step time="42000.00" loaded="40296" inserted="37605" running="514" waiting="2691" ended="37091" arrived="37091" collisions="44" teleports="44" halting="3" stopped="0" meanWaitingTime="825.49" meanTravelTime="298.34" meanSpeed="20.06" meanSpeedRelative="0.63" duration="4"/>
    <step time="42300.00" loaded="40835" inserted="38081" running="533" waiting="2754" ended="37548" arrived="37548" collisions="45" teleports="45" halting="8" stopped="0" meanWaitingTime="832.94" meanTravelTime="298.85" meanSpeed="18.95" meanSpeedRelative="0.59" duration="5"/>
    <step time="42600.00" loaded="41360" inserted="38547" running="513" waiting="2813" ended="38034" arrived="38034" collisions="46" teleports="46" halting="6" stopped="0" meanWaitingTime="840.22" meanTravelTime="299.37" meanSpeed="19.81" meanSpeedRelative="0.62" duration="3"/>
    <step time="42900.00" loaded="41898" inserted="39025" running="534" waiting="2873" ended="38491" arrived="38491" collisions="49" teleports="49" halting="5" stopped="0" meanWaitingTime="846.92" meanTravelTime="299.72" meanSpeed="19.04" meanSpeedRelative="0.59" duration="6"/>
    <step time="43200.00" loaded="42491" inserted="39502" running="562" waiting="2989" ended="38940" arrived="38940" collisions="52" teleports="52" halting="9" stopped="0" meanWaitingTime="855.13" meanTravelTime="300.27" meanSpeed="19.01" meanSpeedRelative="0.59" duration="98"/>
    <step time="43500.00" loaded="43028" inserted="39987" running="576" waiting="3041" ended="39411" arrived="39411" collisions="55" teleports="55" halting="9" stopped="0" meanWaitingTime="864.11" meanTravelTime="300.99" meanSpeed="19.16" meanSpeedRelative="0.60" duration="5"/>
    <step time="43800.00" loaded="43583" inserted="40469" running="599" waiting="3114" ended="39870" arrived="39870" collisions="57" teleports="57" halting="10" stopped="0" meanWaitingTime="873.64" meanTravelTime="301.47" meanSpeed="18.73" meanSpeedRelative="0.59" duration="7"/>
    <step time="44100.00" loaded="44092" inserted="40942" running="591" waiting="3150" ended="40351" arrived="40351" collisions="60" teleports="60" halting="15" stopped="0" meanWaitingTime="883.72" meanTravelTime="302.12" meanSpeed="17.92" meanSpeedRelative="0.56" duration="5"/>
    <step time="44400.00" loaded="44606" inserted="41413" running="585" waiting="3193" ended="40828" arrived="40828" collisions="61" teleports="61" halting="2" stopped="0" meanWaitingTime="891.59" meanTravelTime="303.01" meanSpeed="18.43" meanSpeedRelative="0.58" duration="6"/>
    <step time="44700.00" loaded="45176" inserted="41906" running="604" waiting="3270" ended="41302" arrived="41302" collisions="65" teleports="65" halting="3" stopped="0" meanWaitingTime="900.10" meanTravelTime="303.79" meanSpeed="18.18" meanSpeedRelative="0.57" duration="7"/>
    <step time="45000.00" loaded="45766" inserted="42384" running="589" waiting="3382" ended="41795" arrived="41795" collisions="66" teleports="66" halting="4" stopped="0" meanWaitingTime="909.49" meanTravelTime="304.64" meanSpeed="18.29" meanSpeedRelative="0.57" duration="6"/>
    <step time="45300.00" loaded="46298" inserted="42845" running="594" waiting="3453" ended="42251" arrived="42251" collisions="66" teleports="66" halting="7" stopped="0" meanWaitingTime="919.53" meanTravelTime="305.41" meanSpeed="17.34" meanSpeedRelative="0.54" duration="4"/>
    <step time="45600.00" loaded="46849" inserted="43333" running="631" waiting="3516" ended="42702" arrived="42702" collisions="66" teleports="66" halting="7" stopped="0" meanWaitingTime="928.84" meanTravelTime="306.45" meanSpeed="16.81" meanSpeedRelative="0.53" duration="6"/>
    <step time="45900.00" loaded="47390" inserted="43789" running="614" waiting="3601" ended="43175" arrived="43175" collisions="69" teleports="69" halting="5" stopped="0" meanWaitingTime="937.60" meanTravelTime="307.32" meanSpeed="17.00" meanSpeedRelative="0.53" duration="6"/>
    <step time="46200.00" loaded="47917" inserted="44257" running="620" waiting="3660" ended="43637" arrived="43637" collisions="69" teleports="69" halting="4" stopped="0" meanWaitingTime="946.90" meanTravelTime="308.17" meanSpeed="17.04" meanSpeedRelative="0.53" duration="7"/>
    <step time="46500.00" loaded="48475" inserted="44753" running="641" waiting="3722" ended="44112" arrived="44112" collisions="71" teleports="71" halting="6" stopped="0" meanWaitingTime="956.58" meanTravelTime="309.02" meanSpeed="17.42" meanSpeedRelative="0.54" duration="7"/>
    <step time="46800.00" loaded="49002" inserted="45227" running="651" waiting="3775" ended="44576" arrived="44576" collisions="72" teleports="72" halting="6" stopped="0" meanWaitingTime="965.97" meanTravelTime="310.02" meanSpeed="17.49" meanSpeedRelative="0.55" duration="97"/>
    <step time="47100.00" loaded="49541" inserted="45702" running="641" waiting="3839" ended="45061" arrived="45061" collisions="73" teleports="73" halting="4" stopped="0" meanWaitingTime="975.78" meanTravelTime="310.87" meanSpeed="16.67" meanSpeedRelative="0.52" duration="6"/>
    <step time="47400.00" loaded="50038" inserted="46141" running="625" waiting="3897" ended="45516" arrived="45516" collisions="75" teleports="75" halting="13" stopped="0" meanWaitingTime="984.09" meanTravelTime="311.92" meanSpeed="18.26" meanSpeedRelative="0.57" duration="5"/>
    <step time="47700.00" loaded="50570" inserted="46597" running="596" waiting="3973" ended="46001" arrived="46001" collisions="76" teleports="76" halting="6" stopped="0" meanWaitingTime="994.18" meanTravelTime="312.74" meanSpeed="18.25" meanSpeedRelative="0.57" duration="7"/>
    <step time="48000.00" loaded="51078" inserted="47073" running="604" waiting="4005" ended="46469" arrived="46469" collisions="80" teleports="80" halting="6" stopped="0" meanWaitingTime="1005.46" meanTravelTime="313.66" meanSpeed="18.16" meanSpeedRelative="0.57" duration="6"/>
    <step time="48300.00" loaded="51610" inserted="47573" running="623" waiting="4037" ended="46950" arrived="46950" collisions="83" teleports="83" halting="6" stopped="0" meanWaitingTime="1015.24" meanTravelTime="314.25" meanSpeed="18.27" meanSpeedRelative="0.57" duration="6"/>
    <step time="48600.00" loaded="52161" inserted="48085" running="627" waiting="4076" ended="47458" arrived="47458" collisions="83" teleports="83" halting="5" stopped="0" meanWaitingTime="1024.61" meanTravelTime="315.04" meanSpeed="18.42" meanSpeedRelative="0.58" duration="7"/>
    <step time="48900.00" loaded="52683" inserted="48571" running="616" waiting="4112" ended="47955" arrived="47955" collisions="84" teleports="84" halting="9" stopped="0" meanWaitingTime="1035.69" meanTravelTime="315.58" meanSpeed="17.89" meanSpeedRelative="0.56" duration="5"/>
    <step time="49200.00" loaded="53199" inserted="49070" running="633" waiting="4129" ended="48437" arrived="48437" collisions="84" teleports="84" halting="6" stopped="0" meanWaitingTime="1045.49" meanTravelTime="316.11" meanSpeed="17.58" meanSpeedRelative="0.55" duration="7"/>
    <step time="49500.00" loaded="53717" inserted="49552" running="622" waiting="4165" ended="48930" arrived="48930" collisions="86" teleports="86" halting="3" stopped="0" meanWaitingTime="1056.44" meanTravelTime="316.76" meanSpeed="17.96" meanSpeedRelative="0.56" duration="4"/>
    <step time="49800.00" loaded="54299" inserted="50026" running="621" waiting="4273" ended="49405" arrived="49405" collisions="87" teleports="87" halting="6" stopped="0" meanWaitingTime="1066.99" meanTravelTime="317.42" meanSpeed="18.20" meanSpeedRelative="0.57" duration="6"/>
    <step time="50100.00" loaded="54817" inserted="50500" running="652" waiting="4317" ended="49848" arrived="49848" collisions="87" teleports="87" halting="9" stopped="0" meanWaitingTime="1077.14" meanTravelTime="318.18" meanSpeed="16.84" meanSpeedRelative="0.53" duration="8"/>
    <step time="50400.00" loaded="55348" inserted="50996" running="664" waiting="4352" ended="50332" arrived="50332" collisions="87" teleports="87" halting="3" stopped="0" meanWaitingTime="1088.09" meanTravelTime="318.90" meanSpeed="17.19" meanSpeedRelative="0.54" duration="97"/>
    <step time="50700.00" loaded="56088" inserted="51549" running="734" waiting="4539" ended="50815" arrived="50815" collisions="90" teleports="90" halting="4" stopped="0" meanWaitingTime="1097.94" meanTravelTime="319.81" meanSpeed="16.69" meanSpeedRelative="0.52" duration="6"/>
    <step time="51000.00" loaded="56804" inserted="52095" running="785" waiting="4709" ended="51310" arrived="51310" collisions="92" teleports="92" halting="9" stopped="0" meanWaitingTime="1108.94" meanTravelTime="320.78" meanSpeed="15.46" meanSpeedRelative="0.48" duration="7"/>
    <step time="51300.00" loaded="57518" inserted="52641" running="860" waiting="4877" ended="51781" arrived="51781" collisions="96" teleports="96" halting="16" stopped="0" meanWaitingTime="1118.94" meanTravelTime="321.95" meanSpeed="14.01" meanSpeedRelative="0.44" duration="9"/>
    <step time="51600.00" loaded="58228" inserted="53160" running="885" waiting="5068" ended="52275" arrived="52275" collisions="100" teleports="100" halting="14" stopped="0" meanWaitingTime="1128.35" meanTravelTime="323.28" meanSpeed="14.01" meanSpeedRelative="0.44" duration="8"/>
    <step time="51900.00" loaded="58903" inserted="53657" running="871" waiting="5246" ended="52786" arrived="52786" collisions="104" teleports="104" halting="10" stopped="0" meanWaitingTime="1137.61" meanTravelTime="324.97" meanSpeed="13.70" meanSpeedRelative="0.43" duration="10"/>
    <step time="52200.00" loaded="59677" inserted="54224" running="918" waiting="5453" ended="53306" arrived="53306" collisions="105" teleports="105" halting="12" stopped="0" meanWaitingTime="1147.41" meanTravelTime="327.02" meanSpeed="13.10" meanSpeedRelative="0.41" duration="10"/>
    <step time="52500.00" loaded="60388" inserted="54773" running="953" waiting="5615" ended="53820" arrived="53820" collisions="110" teleports="110" halting="8" stopped="0" meanWaitingTime="1157.62" meanTravelTime="328.54" meanSpeed="12.48" meanSpeedRelative="0.39" duration="10"/>
    <step time="52800.00" loaded="61115" inserted="55311" running="1002" waiting="5804" ended="54309" arrived="54309" collisions="115" teleports="115" halting="22" stopped="0" meanWaitingTime="1166.75" meanTravelTime="330.33" meanSpeed="11.91" meanSpeedRelative="0.37" duration="9"/>
    <step time="53100.00" loaded="61865" inserted="55835" running="1047" waiting="6030" ended="54788" arrived="54788" collisions="120" teleports="120" halting="8" stopped="0" meanWaitingTime="1175.69" meanTravelTime="332.27" meanSpeed="11.84" meanSpeedRelative="0.37" duration="11"/>
    <step time="53400.00" loaded="62592" inserted="56351" running="1043" waiting="6241" ended="55308" arrived="55308" collisions="121" teleports="121" halting="5" stopped="0" meanWaitingTime="1187.38" meanTravelTime="334.54" meanSpeed="12.18" meanSpeedRelative="0.38" duration="9"/>
    <step time="53700.00" loaded="63311" inserted="56905" running="1063" waiting="6406" ended="55842" arrived="55842" collisions="122" teleports="122" halting="8" stopped="0" meanWaitingTime="1199.75" meanTravelTime="336.93" meanSpeed="11.68" meanSpeedRelative="0.36" duration="10"/>
    <step time="54000.00" loaded="64054" inserted="57414" running="1051" waiting="6640" ended="56363" arrived="56363" collisions="125" teleports="125" halting="11" stopped="0" meanWaitingTime="1211.33" meanTravelTime="339.61" meanSpeed="11.16" meanSpeedRelative="0.35" duration="97"/>
    <step time="54300.00" loaded="64513" inserted="57904" running="1022" waiting="6609" ended="56882" arrived="56882" collisions="129" teleports="129" halting="14" stopped="0" meanWaitingTime="1223.80" meanTravelTime="342.36" meanSpeed="11.28" meanSpeedRelative="0.35" duration="11"/>
    <step time="54600.00" loaded="64982" inserted="58429" running="1030" waiting="6553" ended="57399" arrived="57399" collisions="132" teleports="132" halting="9" stopped="0" meanWaitingTime="1235.92" meanTravelTime="344.58" meanSpeed="11.69" meanSpeedRelative="0.37" duration="7"/>
    <step time="54900.00" loaded="65462" inserted="58918" running="1004" waiting="6544" ended="57914" arrived="57914" collisions="132" teleports="132" halting="9" stopped="0" meanWaitingTime="1249.24" meanTravelTime="347.01" meanSpeed="12.15" meanSpeedRelative="0.38" duration="11"/>
    <step time="55200.00" loaded="65911" inserted="59366" running="915" waiting="6545" ended="58451" arrived="58451" collisions="133" teleports="133" halting="14" stopped="0" meanWaitingTime="1262.57" meanTravelTime="349.18" meanSpeed="12.58" meanSpeedRelative="0.39" duration="11"/>
    <step time="55500.00" loaded="66361" inserted="59804" running="849" waiting="6557" ended="58955" arrived="58955" collisions="134" teleports="134" halting="11" stopped="0" meanWaitingTime="1275.28" meanTravelTime="351.26" meanSpeed="13.36" meanSpeedRelative="0.42" duration="6"/>
    <step time="55800.00" loaded="66834" inserted="60247" running="799" waiting="6587" ended="59448" arrived="59448" collisions="135" teleports="135" halting="9" stopped="0" meanWaitingTime="1288.41" meanTravelTime="353.04" meanSpeed="14.14" meanSpeedRelative="0.44" duration="10"/>
    <step time="56100.00" loaded="67284" inserted="60680" running="730" waiting="6604" ended="59950" arrived="59950" collisions="135" teleports="135" halting="12" stopped="0" meanWaitingTime="1302.07" meanTravelTime="354.37" meanSpeed="14.95" meanSpeedRelative="0.47" duration="7"/>
    <step time="56400.00" loaded="67713" inserted="61125" running="694" waiting="6588" ended="60431" arrived="60431" collisions="136" teleports="136" halting="15" stopped="0" meanWaitingTime="1316.41" meanTravelTime="355.80" meanSpeed="14.64" meanSpeedRelative="0.46" duration="6"/>
    <step time="56700.00" loaded="68195" inserted="61596" running="717" waiting="6599" ended="60879" arrived="60879" collisions="136" teleports="136" halting="11" stopped="0" meanWaitingTime="1330.32" meanTravelTime="356.52" meanSpeed="15.66" meanSpeedRelative="0.49" duration="8"/>
    <step time="57000.00" loaded="68631" inserted="62048" running="688" waiting="6583" ended="61360" arrived="61360" collisions="138" teleports="138" halting="6" stopped="0" meanWaitingTime="1344.29" meanTravelTime="357.53" meanSpeed="15.85" meanSpeedRelative="0.50" duration="8"/>
    <step time="57300.00" loaded="69093" inserted="62528" running="708" waiting="6565" ended="61820" arrived="61820" collisions="138" teleports="138" halting="6" stopped="0" meanWaitingTime="1359.50" meanTravelTime="358.03" meanSpeed="16.61" meanSpeedRelative="0.52" duration="6"/>
    <step time="57600.00" loaded="69550" inserted="62977" running="690" waiting="6573" ended="62287" arrived="62287" collisions="140" teleports="140" halting="4" stopped="0" meanWaitingTime="1374.44" meanTravelTime="358.69" meanSpeed="16.21" meanSpeedRelative="0.51" duration="84"/>
    <step time="57900.00" loaded="70123" inserted="63495" running="745" waiting="6628" ended="62750" arrived="62750" collisions="142" teleports="142" halting="11" stopped="0" meanWaitingTime="1389.27" meanTravelTime="359.40" meanSpeed="15.69" meanSpeedRelative="0.49" duration="8"/>
    <step time="58200.00" loaded="70623" inserted="63963" running="751" waiting="6660" ended="63212" arrived="63212" collisions="142" teleports="142" halting="5" stopped="0" meanWaitingTime="1402.40" meanTravelTime="360.18" meanSpeed="14.94" meanSpeedRelative="0.47" duration="10"/>
    <step time="58500.00" loaded="71182" inserted="64443" running="734" waiting="6739" ended="63709" arrived="63709" collisions="145" teleports="145" halting="14" stopped="0" meanWaitingTime="1414.25" meanTravelTime="361.06" meanSpeed="15.56" meanSpeedRelative="0.49" duration="7"/>
    <step time="58800.00" loaded="71733" inserted="64927" running="747" waiting="6806" ended="64180" arrived="64180" collisions="146" teleports="146" halting="8" stopped="0" meanWaitingTime="1427.24" meanTravelTime="361.79" meanSpeed="15.72" meanSpeedRelative="0.49" duration="9"/>
    <step time="59100.00" loaded="72304" inserted="65440" running="763" waiting="6864" ended="64677" arrived="64677" collisions="150" teleports="150" halting="11" stopped="0" meanWaitingTime="1441.21" meanTravelTime="362.38" meanSpeed="15.80" meanSpeedRelative="0.49" duration="10"/>
    <step time="59400.00" loaded="72876" inserted="65971" running="794" waiting="6905" ended="65177" arrived="65177" collisions="151" teleports="151" halting="7" stopped="0" meanWaitingTime="1454.24" meanTravelTime="362.96" meanSpeed="15.24" meanSpeedRelative="0.48" duration="10"/>
    <step time="59700.00" loaded="73451" inserted="66464" running="780" waiting="6987" ended="65684" arrived="65684" collisions="152" teleports="152" halting="8" stopped="0" meanWaitingTime="1467.61" meanTravelTime="363.76" meanSpeed="15.01" meanSpeedRelative="0.47" duration="9"/>
    <step time="60000.00" loaded="73995" inserted="66935" running="759" waiting="7060" ended="66176" arrived="66176" collisions="154" teleports="154" halting="12" stopped="0" meanWaitingTime="1479.98" meanTravelTime="364.64" meanSpeed="14.89" meanSpeedRelative="0.47" duration="9"/>
    <step time="60300.00" loaded="74601" inserted="67418" running="758" waiting="7183" ended="66660" arrived="66660" collisions="154" teleports="154" halting="11" stopped="0" meanWaitingTime="1492.47" meanTravelTime="365.59" meanSpeed="14.49" meanSpeedRelative="0.45" duration="9"/>
    <step time="60600.00" loaded="75163" inserted="67926" running="782" waiting="7237" ended="67144" arrived="67144" collisions="158" teleports="158" halting="10" stopped="0" meanWaitingTime="1505.24" meanTravelTime="366.26" meanSpeed="15.32" meanSpeedRelative="0.48" duration="10"/>
    <step time="60900.00" loaded="75726" inserted="68410" running="757" waiting="7316" ended="67653" arrived="67653" collisions="159" teleports="159" halting="15" stopped="0" meanWaitingTime="1519.03" meanTravelTime="366.99" meanSpeed="14.58" meanSpeedRelative="0.46" duration="7"/>
    <step time="61200.00" loaded="76269" inserted="68922" running="791" waiting="7347" ended="68131" arrived="68131" collisions="159" teleports="159" halting="7" stopped="0" meanWaitingTime="1532.63" meanTravelTime="367.59" meanSpeed="14.43" meanSpeedRelative="0.45" duration="86"/>
    <step time="61500.00" loaded="76331" inserted="69263" running="685" waiting="7068" ended="68578" arrived="68578" collisions="160" teleports="160" halting="9" stopped="0" meanWaitingTime="1549.03" meanTravelTime="368.54" meanSpeed="15.58" meanSpeedRelative="0.49" duration="7"/>
    <step time="61800.00" loaded="76417" inserted="69620" running="616" waiting="6797" ended="69004" arrived="69004" collisions="163" teleports="163" halting="12" stopped="0" meanWaitingTime="1565.34" meanTravelTime="369.49" meanSpeed="16.10" meanSpeedRelative="0.50" duration="8"/>
    <step time="62100.00" loaded="76481" inserted="69970" running="570" waiting="6511" ended="69400" arrived="69400" collisions="167" teleports="167" halting="7" stopped="0" meanWaitingTime="1584.45" meanTravelTime="370.38" meanSpeed="16.73" meanSpeedRelative="0.52" duration="7"/>
    <step time="62400.00" loaded="76557" inserted="70321" running="534" waiting="6236" ended="69787" arrived="69787" collisions="169" teleports="169" halting="1" stopped="0" meanWaitingTime="1603.32" meanTravelTime="371.12" meanSpeed="17.33" meanSpeedRelative="0.54" duration="7"/>
    <step time="62700.00" loaded="76624" inserted="70679" running="529" waiting="5945" ended="70150" arrived="70150" collisions="170" teleports="170" halting="6" stopped="0" meanWaitingTime="1622.87" meanTravelTime="371.60" meanSpeed="16.73" meanSpeedRelative="0.52" duration="7"/>
    <step time="63000.00" loaded="76692" inserted="71028" running="534" waiting="5664" ended="70494" arrived="70494" collisions="171" teleports="171" halting="5" stopped="0" meanWaitingTime="1642.79" meanTravelTime="372.04" meanSpeed="16.06" meanSpeedRelative="0.50" duration="5"/>
    <step time="63300.00" loaded="76767" inserted="71355" running="472" waiting="5412" ended="70883" arrived="70883" collisions="172" teleports="172" halting="5" stopped="0" meanWaitingTime="1662.59" meanTravelTime="372.35" meanSpeed="16.55" meanSpeedRelative="0.52" duration="5"/>
    <step time="63600.00" loaded="76856" inserted="71652" running="425" waiting="5204" ended="71227" arrived="71227" collisions="172" teleports="172" halting="4" stopped="0" meanWaitingTime="1682.07" meanTravelTime="372.61" meanSpeed="16.10" meanSpeedRelative="0.50" duration="5"/>
    <step time="63900.00" loaded="76935" inserted="71942" running="425" waiting="4993" ended="71517" arrived="71517" collisions="173" teleports="173" halting="5" stopped="0" meanWaitingTime="1700.95" meanTravelTime="373.04" meanSpeed="15.14" meanSpeedRelative="0.47" duration="6"/>
    <step time="64200.00" loaded="77003" inserted="72225" running="412" waiting="4778" ended="71813" arrived="71813" collisions="174" teleports="174" halting="5" stopped="0" meanWaitingTime="1719.15" meanTravelTime="373.39" meanSpeed="15.13" meanSpeedRelative="0.47" duration="4"/>
    <step time="64500.00" loaded="77065" inserted="72508" running="406" waiting="4557" ended="72102" arrived="72102" collisions="175" teleports="175" halting="2" stopped="0" meanWaitingTime="1738.37" meanTravelTime="373.45" meanSpeed="16.86" meanSpeedRelative="0.53" duration="4"/>
    <step time="64800.00" loaded="77118" inserted="72797" running="341" waiting="4321" ended="72456" arrived="72456" collisions="175" teleports="175" halting="3" stopped="0" meanWaitingTime="1758.05" meanTravelTime="373.69" meanSpeed="17.57" meanSpeedRelative="0.55" duration="94"/>
    <step time="65100.00" loaded="77168" inserted="73045" running="315" waiting="4123" ended="72730" arrived="72730" collisions="175" teleports="175" halting="5" stopped="0" meanWaitingTime="1776.70" meanTravelTime="373.54" meanSpeed="18.10" meanSpeedRelative="0.57" duration="3"/>
    <step time="65400.00" loaded="77209" inserted="73282" running="280" waiting="3927" ended="73002" arrived="73002" collisions="176" teleports="176" halting="1" stopped="0" meanWaitingTime="1794.74" meanTravelTime="373.61" meanSpeed="19.47" meanSpeedRelative="0.61" duration="2"/>
    <step time="65700.00" loaded="77269" inserted="73521" running="257" waiting="3748" ended="73264" arrived="73264" collisions="176" teleports="176" halting="3" stopped="0" meanWaitingTime="1810.85" meanTravelTime="373.57" meanSpeed="21.78" meanSpeedRelative="0.68" duration="4"/>
    <step time="66000.00" loaded="77311" inserted="73743" running="243" waiting="3568" ended="73500" arrived="73500" collisions="176" teleports="176" halting="4" stopped="0" meanWaitingTime="1826.13" meanTravelTime="373.40" meanSpeed="21.84" meanSpeedRelative="0.68" duration="3"/>
    <step time="66300.00" loaded="77362" inserted="73961" running="208" waiting="3401" ended="73753" arrived="73753" collisions="176" teleports="176" halting="5" stopped="0" meanWaitingTime="1839.76" meanTravelTime="373.19" meanSpeed="22.44" meanSpeedRelative="0.70" duration="2"/>
    <step time="66600.00" loaded="77417" inserted="74133" running="133" waiting="3284" ended="74000" arrived="74000" collisions="176" teleports="176" halting="2" stopped="0" meanWaitingTime="1854.53" meanTravelTime="373.00" meanSpeed="22.08" meanSpeedRelative="0.69" duration="2"/>
    <step time="66900.00" loaded="77472" inserted="74310" running="132" waiting="3162" ended="74178" arrived="74178" collisions="177" teleports="177" halting="1" stopped="0" meanWaitingTime="1869.40" meanTravelTime="372.77" meanSpeed="22.24" meanSpeedRelative="0.70" duration="2"/>
    <step time="67200.00" loaded="77526" inserted="74477" running="137" waiting="3049" ended="74340" arrived="74340" collisions="177" teleports="177" halting="3" stopped="0" meanWaitingTime="1882.75" meanTravelTime="372.47" meanSpeed="21.58" meanSpeedRelative="0.67" duration="2"/>
    <step time="67500.00" loaded="77575" inserted="74647" running="122" waiting="2928" ended="74525" arrived="74525" collisions="177" teleports="177" halting="7" stopped="0" meanWaitingTime="1897.82" meanTravelTime="372.11" meanSpeed="20.15" meanSpeedRelative="0.63" duration="1"/>
    <step time="67800.00" loaded="77631" inserted="74812" running="117" waiting="2819" ended="74695" arrived="74695" collisions="177" teleports="177" halting="1" stopped="0" meanWaitingTime="1910.62" meanTravelTime="371.79" meanSpeed="21.00" meanSpeedRelative="0.66" duration="3"/>
    <step time="68100.00" loaded="77680" inserted="74984" running="125" waiting="2696" ended="74859" arrived="74859" collisions="177" teleports="177" halting="3" stopped="0" meanWaitingTime="1925.26" meanTravelTime="371.47" meanSpeed="21.00" meanSpeedRelative="0.66" duration="1"/>
    <step time="68400.00" loaded="77716" inserted="75170" running="138" waiting="2546" ended="75032" arrived="75032" collisions="177" teleports="177" halting="5" stopped="0" meanWaitingTime="1941.76" meanTravelTime="371.09" meanSpeed="21.59" meanSpeedRelative="0.67" duration="94"/>
    <step time="68700.00" loaded="77870" inserted="75397" running="182" waiting="2473" ended="75215" arrived="75215" collisions="177" teleports="177" halting="5" stopped="0" meanWaitingTime="1952.98" meanTravelTime="370.73" meanSpeed="22.49" meanSpeedRelative="0.70" duration="1"/>
    <step time="69000.00" loaded="78036" inserted="75639" running="215" waiting="2397" ended="75424" arrived="75424" collisions="179" teleports="179" halting="1" stopped="0" meanWaitingTime="1964.31" meanTravelTime="370.35" meanSpeed="22.67" meanSpeedRelative="0.71" duration="2"/>
    <step time="69300.00" loaded="78187" inserted="75875" running="206" waiting="2312" ended="75669" arrived="75669" collisions="179" teleports="179" halting="3" stopped="0" meanWaitingTime="1976.25" meanTravelTime="370.00" meanSpeed="23.16" meanSpeedRelative="0.72" duration="2"/>
    <step time="69600.00" loaded="78340" inserted="76105" running="192" waiting="2235" ended="75913" arrived="75913" collisions="180" teleports="180" halting="3" stopped="0" meanWaitingTime="1986.56" meanTravelTime="369.64" meanSpeed="22.28" meanSpeedRelative="0.70" duration="2"/>
    <step time="69900.00" loaded="78495" inserted="76329" running="189" waiting="2166" ended="76140" arrived="76140" collisions="180" teleports="180" halting="1" stopped="0" meanWaitingTime="1995.94" meanTravelTime="369.34" meanSpeed="22.17" meanSpeedRelative="0.69" duration="2"/>
    <step time="70200.00" loaded="78658" inserted="76561" running="198" waiting="2097" ended="76363" arrived="76363" collisions="180" teleports="180" halting="4" stopped="0" meanWaitingTime="2003.18" meanTravelTime="369.01" meanSpeed="22.74" meanSpeedRelative="0.71" duration="2"/>
    <step time="70500.00" loaded="78839" inserted="76801" running="202" waiting="2038" ended="76599" arrived="76599" collisions="181" teleports="181" halting="4" stopped="0" meanWaitingTime="2009.07" meanTravelTime="368.65" meanSpeed="22.52" meanSpeedRelative="0.70" duration="2"/>
    <step time="70800.00" loaded="78995" inserted="77037" running="215" waiting="1958" ended="76822" arrived="76822" collisions="182" teleports="182" halting="5" stopped="0" meanWaitingTime="2015.45" meanTravelTime="368.36" meanSpeed="22.49" meanSpeedRelative="0.70" duration="1"/>
    <step time="71100.00" loaded="79134" inserted="77215" running="179" waiting="1919" ended="77036" arrived="77036" collisions="182" teleports="182" halting="5" stopped="0" meanWaitingTime="2021.68" meanTravelTime="368.10" meanSpeed="23.10" meanSpeedRelative="0.72" duration="1"/>
    <step time="71400.00" loaded="79295" inserted="77386" running="167" waiting="1909" ended="77219" arrived="77219" collisions="183" teleports="183" halting="5" stopped="0" meanWaitingTime="2025.28" meanTravelTime="367.99" meanSpeed="22.90" meanSpeedRelative="0.72" duration="1"/>
    <step time="71700.00" loaded="79426" inserted="77528" running="151" waiting="1898" ended="77377" arrived="77377" collisions="183" teleports="183" halting="2" stopped="0" meanWaitingTime="2029.33" meanTravelTime="367.87" meanSpeed="22.97" meanSpeedRelative="0.72" duration="2"/>
    <step time="72000.00" loaded="79590" inserted="77703" running="165" waiting="1887" ended="77538" arrived="77538" collisions="184" teleports="184" halting="1" stopped="0" meanWaitingTime="2032.93" meanTravelTime="367.73" meanSpeed="21.82" meanSpeedRelative="0.68" duration="83"/>
    <step time="72300.00" loaded="79721" inserted="77852" running="161" waiting="1869" ended="77691" arrived="77691" collisions="184" teleports="184" halting="4" stopped="0" meanWaitingTime="2037.54" meanTravelTime="367.62" meanSpeed="22.00" meanSpeedRelative="0.69" duration="1"/>
    <step time="72600.00" loaded="79856" inserted="78003" running="154" waiting="1853" ended="77849" arrived="77849" collisions="184" teleports="184" halting="8" stopped="0" meanWaitingTime="2042.50" meanTravelTime="367.48" meanSpeed="22.34" meanSpeedRelative="0.70" duration="1"/>
    <step time="72900.00" loaded="79984" inserted="78155" running="132" waiting="1829" ended="78023" arrived="78023" collisions="185" teleports="185" halting="7" stopped="0" meanWaitingTime="2047.20" meanTravelTime="367.36" meanSpeed="21.38" meanSpeedRelative="0.67" duration="1"/>
    <step time="73200.00" loaded="80127" inserted="78312" running="140" waiting="1815" ended="78172" arrived="78172" collisions="185" teleports="185" halting="2" stopped="0" meanWaitingTime="2052.36" meanTravelTime="367.15" meanSpeed="23.00" meanSpeedRelative="0.72" duration="1"/>
    <step time="73500.00" loaded="80262" inserted="78462" running="141" waiting="1800" ended="78321" arrived="78321" collisions="186" teleports="186" halting="6" stopped="0" meanWaitingTime="2057.87" meanTravelTime="366.96" meanSpeed="22.16" meanSpeedRelative="0.69" duration="1"/>
    <step time="73800.00" loaded="80388" inserted="78604" running="134" waiting="1784" ended="78470" arrived="78470" collisions="186" teleports="186" halting="2" stopped="0" meanWaitingTime="2063.22" meanTravelTime="366.77" meanSpeed="22.18" meanSpeedRelative="0.69" duration="1"/>
    <step time="74100.00" loaded="80546" inserted="78774" running="157" waiting="1772" ended="78617" arrived="78617" collisions="186" teleports="186" halting="2" stopped="0" meanWaitingTime="2068.10" meanTravelTime="366.63" meanSpeed="22.39" meanSpeedRelative="0.70" duration="1"/>
    <step time="74400.00" loaded="80686" inserted="78933" running="159" waiting="1753" ended="78774" arrived="78774" collisions="186" teleports="186" halting="5" stopped="0" meanWaitingTime="2073.42" meanTravelTime="366.46" meanSpeed="22.10" meanSpeedRelative="0.69" duration="1"/>
    <step time="74700.00" loaded="80819" inserted="79083" running="143" waiting="1736" ended="78940" arrived="78940" collisions="186" teleports="186" halting="14" stopped="0" meanWaitingTime="2079.13" meanTravelTime="366.32" meanSpeed="22.03" meanSpeedRelative="0.69" duration="1"/>
    <step time="75000.00" loaded="80937" inserted="79221" running="133" waiting="1716" ended="79088" arrived="79088" collisions="186" teleports="186" halting="0" stopped="0" meanWaitingTime="2084.31" meanTravelTime="366.16" meanSpeed="22.52" meanSpeedRelative="0.70" duration="1"/>
    <step time="75300.00" loaded="81080" inserted="79386" running="147" waiting="1694" ended="79239" arrived="79239" collisions="186" teleports="186" halting="4" stopped="0" meanWaitingTime="2090.50" meanTravelTime="366.01" meanSpeed="22.74" meanSpeedRelative="0.71" duration="2"/>
    <step time="75600.00" loaded="81226" inserted="79548" running="155" waiting="1678" ended="79393" arrived="79393" collisions="186" teleports="186" halting="7" stopped="0" meanWaitingTime="2096.27" meanTravelTime="365.79" meanSpeed="22.38" meanSpeedRelative="0.70" duration="82"/>
    <step time="75900.00" loaded="81412" inserted="79740" running="180" waiting="1672" ended="79560" arrived="79560" collisions="187" teleports="187" halting="6" stopped="0" meanWaitingTime="2100.70" meanTravelTime="365.59" meanSpeed="22.36" meanSpeedRelative="0.70" duration="1"/>
    <step time="76200.00" loaded="81625" inserted="79967" running="216" waiting="1658" ended="79751" arrived="79751" collisions="187" teleports="187" halting="3" stopped="0" meanWaitingTime="2106.07" meanTravelTime="365.43" meanSpeed="22.80" meanSpeedRelative="0.71" duration="2"/>
    <step time="76500.00" loaded="81820" inserted="80172" running="197" waiting="1648" ended="79975" arrived="79975" collisions="187" teleports="187" halting="6" stopped="0" meanWaitingTime="2110.72" meanTravelTime="365.18" meanSpeed="23.38" meanSpeedRelative="0.73" duration="1"/>
    <step time="76800.00" loaded="82035" inserted="80395" running="205" waiting="1640" ended="80190" arrived="80190" collisions="188" teleports="188" halting="8" stopped="0" meanWaitingTime="2115.18" meanTravelTime="364.95" meanSpeed="22.34" meanSpeedRelative="0.70" duration="1"/>
    <step time="77100.00" loaded="82219" inserted="80583" running="197" waiting="1636" ended="80386" arrived="80386" collisions="188" teleports="188" halting="1" stopped="0" meanWaitingTime="2120.53" meanTravelTime="364.79" meanSpeed="23.12" meanSpeedRelative="0.72" duration="1"/>
    <step time="77400.00" loaded="82406" inserted="80775" running="186" waiting="1631" ended="80589" arrived="80589" collisions="189" teleports="189" halting="5" stopped="0" meanWaitingTime="2125.69" meanTravelTime="364.59" meanSpeed="22.87" meanSpeedRelative="0.71" duration="1"/>
    <step time="77700.00" loaded="82617" inserted="80985" running="193" waiting="1632" ended="80792" arrived="80792" collisions="189" teleports="189" halting="11" stopped="0" meanWaitingTime="2130.79" meanTravelTime="364.42" meanSpeed="22.97" meanSpeedRelative="0.72" duration="2"/>
    <step time="78000.00" loaded="82798" inserted="81177" running="200" waiting="1621" ended="80977" arrived="80977" collisions="189" teleports="189" halting="1" stopped="0" meanWaitingTime="2136.03" meanTravelTime="364.25" meanSpeed="23.03" meanSpeedRelative="0.72" duration="1"/>
    <step time="78300.00" loaded="82980" inserted="81365" running="173" waiting="1615" ended="81192" arrived="81192" collisions="189" teleports="189" halting="2" stopped="0" meanWaitingTime="2140.57" meanTravelTime="364.01" meanSpeed="22.52" meanSpeedRelative="0.70" duration="2"/>
    <step time="78600.00" loaded="83195" inserted="81571" running="197" waiting="1624" ended="81374" arrived="81374" collisions="190" teleports="190" halting="6" stopped="0" meanWaitingTime="2144.03" meanTravelTime="363.87" meanSpeed="22.93" meanSpeedRelative="0.72" duration="1"/>
    <step time="78900.00" loaded="83382" inserted="81757" running="176" waiting="1625" ended="81581" arrived="81581" collisions="190" teleports="190" halting="4" stopped="0" meanWaitingTime="2148.10" meanTravelTime="363.65" meanSpeed="23.27" meanSpeedRelative="0.73" duration="2"/>
    <step time="79200.00" loaded="83552" inserted="81940" running="168" waiting="1612" ended="81772" arrived="81772" collisions="191" teleports="191" halting="3" stopped="0" meanWaitingTime="2152.56" meanTravelTime="363.44" meanSpeed="22.85" meanSpeedRelative="0.71" duration="85"/>
    <step time="79500.00" loaded="83744" inserted="82125" running="186" waiting="1619" ended="81939" arrived="81939" collisions="191" teleports="191" halting="6" stopped="0" meanWaitingTime="2156.06" meanTravelTime="363.30" meanSpeed="23.54" meanSpeedRelative="0.74" duration="2"/>
    <step time="79800.00" loaded="83927" inserted="82322" running="199" waiting="1605" ended="82123" arrived="82123" collisions="191" teleports="191" halting="1" stopped="0" meanWaitingTime="2159.27" meanTravelTime="363.16" meanSpeed="23.22" meanSpeedRelative="0.73" duration="1"/>
    <step time="80100.00" loaded="84113" inserted="82522" running="190" waiting="1591" ended="82332" arrived="82332" collisions="191" teleports="191" halting="5" stopped="0" meanWaitingTime="2163.19" meanTravelTime="363.02" meanSpeed="22.82" meanSpeedRelative="0.71" duration="1"/>
    <step time="80400.00" loaded="84283" inserted="82702" running="178" waiting="1581" ended="82524" arrived="82524" collisions="191" teleports="191" halting="4" stopped="0" meanWaitingTime="2167.32" meanTravelTime="362.82" meanSpeed="22.46" meanSpeedRelative="0.70" duration="1"/>
    <step time="80700.00" loaded="84457" inserted="82875" running="151" waiting="1582" ended="82724" arrived="82724" collisions="192" teleports="192" halting="3" stopped="0" meanWaitingTime="2170.71" meanTravelTime="362.66" meanSpeed="22.59" meanSpeedRelative="0.71" duration="2"/>
    <step time="81000.00" loaded="84606" inserted="83029" running="153" waiting="1577" ended="82876" arrived="82876" collisions="192" teleports="192" halting="7" stopped="0" meanWaitingTime="2175.10" meanTravelTime="362.49" meanSpeed="22.44" meanSpeedRelative="0.70" duration="1"/>
    <step time="81300.00" loaded="84792" inserted="83226" running="174" waiting="1566" ended="83052" arrived="83052" collisions="192" teleports="192" halting="9" stopped="0" meanWaitingTime="2179.25" meanTravelTime="362.27" meanSpeed="22.51" meanSpeedRelative="0.70" duration="1"/>
    <step time="81600.00" loaded="84952" inserted="83391" running="159" waiting="1561" ended="83232" arrived="83232" collisions="192" teleports="192" halting="2" stopped="0" meanWaitingTime="2182.91" meanTravelTime="362.08" meanSpeed="22.64" meanSpeedRelative="0.71" duration="1"/>
    <step time="81900.00" loaded="85147" inserted="83591" running="170" waiting="1556" ended="83421" arrived="83421" collisions="192" teleports="192" halting="5" stopped="0" meanWaitingTime="2186.40" meanTravelTime="361.85" meanSpeed="22.22" meanSpeedRelative="0.69" duration="2"/>
    <step time="82200.00" loaded="85329" inserted="83776" running="167" waiting="1553" ended="83609" arrived="83609" collisions="192" teleports="192" halting="7" stopped="0" meanWaitingTime="2189.55" meanTravelTime="361.73" meanSpeed="21.98" meanSpeedRelative="0.69" duration="1"/>
    <step time="82500.00" loaded="85501" inserted="83946" running="170" waiting="1555" ended="83776" arrived="83776" collisions="192" teleports="192" halting="4" stopped="0" meanWaitingTime="2193.01" meanTravelTime="361.56" meanSpeed="22.29" meanSpeedRelative="0.70" duration="1"/>
</summary>
