<?xml version="1.0" encoding="UTF-8"?>

<!-- generated on 2025-08-07 20:33:03 by Eclipse SUMO sumo Version 1.23.1
<sumoConfiguration xmlns:xsi="http://www.w3.org/2001/XMLSchema-instance" xsi:noNamespaceSchemaLocation="http://sumo.dlr.de/xsd/sumoConfiguration.xsd">

    <input>
        <net-file value="Desktop\Master Thesis\Network_fin.net.xml"/>
        <route-files value="Desktop\Master Thesis\demand_model_amsterdam.rou.xml"/>
        <additional-files value="Desktop\Master Thesis\Additionnal.add.xml"/>
    </input>

    <output>
        <summary-output value="outputf/summary_coor_alinea_1neigh_method1_K80_target5_38349.xml"/>
        <summary-output.period value="300"/>
        <tripinfo-output value="outputf/tripinfo_coor_alinea_1neigh_method1_K80_target5_38349.xml"/>
    </output>

    <time>
        <begin value="0"/>
        <end value="82800"/>
        <step-length value="1"/>
    </time>

    <processing>
        <time-to-teleport value="-1"/>
    </processing>

    <report>
        <verbose value="true"/>
        <no-step-log value="true"/>
    </report>

    <emissions>
        <device.emissions.period value="10"/>
    </emissions>

    <traci_server>
        <remote-port value="64896"/>
    </traci_server>

    <random_number>
        <seed value="38349"/>
    </random_number>

</sumoConfiguration>
-->

<summary xmlns:xsi="http://www.w3.org/2001/XMLSchema-instance" xsi:noNamespaceSchemaLocation="http://sumo.dlr.de/xsd/summary_file.xsd">
    <step time="0.00" loaded="0" inserted="0" running="0" waiting="0" ended="0" arrived="0" collisions="0" teleports="0" halting="0" stopped="0" meanWaitingTime="-1.00" meanTravelTime="-1.00" meanSpeed="-1.00" meanSpeedRelative="-1.00" duration="1"/>
    <step time="300.00" loaded="149" inserted="149" running="95" waiting="0" ended="54" arrived="54" collisions="0" teleports="0" halting="0" stopped="0" meanWaitingTime="0.21" meanTravelTime="98.39" meanSpeed="25.52" meanSpeedRelative="0.80" duration="1"/>
    <step time="600.00" loaded="335" inserted="335" running="148" waiting="0" ended="187" arrived="187" collisions="0" teleports="0" halting="1" stopped="0" meanWaitingTime="0.34" meanTravelTime="149.30" meanSpeed="24.98" meanSpeedRelative="0.78" duration="2"/>
    <step time="900.00" loaded="510" inserted="510" running="159" waiting="0" ended="351" arrived="351" collisions="1" teleports="1" halting="0" stopped="0" meanWaitingTime="0.36" meanTravelTime="176.68" meanSpeed="24.57" meanSpeedRelative="0.77" duration="1"/>
    <step time="1200.00" loaded="677" inserted="677" running="154" waiting="0" ended="523" arrived="523" collisions="2" teleports="2" halting="0" stopped="0" meanWaitingTime="0.35" meanTravelTime="206.27" meanSpeed="25.54" meanSpeedRelative="0.80" duration="1"/>
    <step time="1500.00" loaded="840" inserted="840" running="144" waiting="0" ended="696" arrived="696" collisions="2" teleports="2" halting="0" stopped="0" meanWaitingTime="0.33" meanTravelTime="225.19" meanSpeed="25.73" meanSpeedRelative="0.80" duration="1"/>
    <step time="1800.00" loaded="1044" inserted="1044" running="168" waiting="0" ended="876" arrived="876" collisions="3" teleports="3" halting="1" stopped="0" meanWaitingTime="0.38" meanTravelTime="234.49" meanSpeed="23.88" meanSpeedRelative="0.75" duration="1"/>
    <step time="2100.00" loaded="1218" inserted="1218" running="160" waiting="0" ended="1058" arrived="1058" collisions="3" teleports="3" halting="1" stopped="0" meanWaitingTime="0.37" meanTravelTime="240.15" meanSpeed="24.92" meanSpeedRelative="0.78" duration="1"/>
    <step time="2400.00" loaded="1413" inserted="1413" running="173" waiting="0" ended="1240" arrived="1240" collisions="3" teleports="3" halting="0" stopped="0" meanWaitingTime="0.42" meanTravelTime="242.04" meanSpeed="25.03" meanSpeedRelative="0.78" duration="1"/>
    <step time="2700.00" loaded="1567" inserted="1567" running="145" waiting="0" ended="1422" arrived="1422" collisions="3" teleports="3" halting="1" stopped="0" meanWaitingTime="0.40" meanTravelTime="247.41" meanSpeed="24.78" meanSpeedRelative="0.77" duration="1"/>
    <step time="3000.00" loaded="1744" inserted="1743" running="161" waiting="1" ended="1582" arrived="1582" collisions="3" teleports="3" halting="0" stopped="0" meanWaitingTime="0.40" meanTravelTime="250.73" meanSpeed="25.49" meanSpeedRelative="0.80" duration="1"/>
    <step time="3300.00" loaded="1933" inserted="1933" running="170" waiting="0" ended="1763" arrived="1763" collisions="4" teleports="4" halting="1" stopped="0" meanWaitingTime="0.46" meanTravelTime="250.86" meanSpeed="24.60" meanSpeedRelative="0.77" duration="1"/>
    <step time="3600.00" loaded="2111" inserted="2104" running="160" waiting="7" ended="1944" arrived="1944" collisions="4" teleports="4" halting="1" stopped="0" meanWaitingTime="0.82" meanTravelTime="252.98" meanSpeed="24.88" meanSpeedRelative="0.78" duration="84"/>
    <step time="3900.00" loaded="2208" inserted="2205" running="95" waiting="3" ended="2110" arrived="2110" collisions="4" teleports="4" halting="5" stopped="0" meanWaitingTime="1.48" meanTravelTime="255.36" meanSpeed="23.68" meanSpeedRelative="0.74" duration="0"/>
    <step time="4200.00" loaded="2323" inserted="2323" running="97" waiting="0" ended="2226" arrived="2226" collisions="4" teleports="4" halting="0" stopped="0" meanWaitingTime="1.58" meanTravelTime="258.50" meanSpeed="25.84" meanSpeedRelative="0.81" duration="0"/>
    <step time="4500.00" loaded="2431" inserted="2431" running="101" waiting="0" ended="2330" arrived="2330" collisions="4" teleports="4" halting="0" stopped="0" meanWaitingTime="1.51" meanTravelTime="257.33" meanSpeed="25.32" meanSpeedRelative="0.79" duration="0"/>
    <step time="4800.00" loaded="2531" inserted="2531" running="74" waiting="0" ended="2457" arrived="2457" collisions="4" teleports="4" halting="1" stopped="0" meanWaitingTime="1.46" meanTravelTime="258.82" meanSpeed="26.09" meanSpeedRelative="0.82" duration="0"/>
    <step time="5100.00" loaded="2633" inserted="2633" running="76" waiting="0" ended="2557" arrived="2557" collisions="4" teleports="4" halting="0" stopped="0" meanWaitingTime="1.41" meanTravelTime="257.20" meanSpeed="25.44" meanSpeedRelative="0.79" duration="1"/>
    <step time="5400.00" loaded="2751" inserted="2751" running="85" waiting="0" ended="2666" arrived="2666" collisions="4" teleports="4" halting="0" stopped="0" meanWaitingTime="1.35" meanTravelTime="256.28" meanSpeed="26.64" meanSpeedRelative="0.83" duration="0"/>
    <step time="5700.00" loaded="2876" inserted="2876" running="98" waiting="0" ended="2778" arrived="2778" collisions="4" teleports="4" halting="1" stopped="0" meanWaitingTime="1.30" meanTravelTime="256.10" meanSpeed="25.21" meanSpeedRelative="0.79" duration="1"/>
    <step time="6000.00" loaded="2977" inserted="2977" running="87" waiting="0" ended="2890" arrived="2890" collisions="4" teleports="4" halting="0" stopped="0" meanWaitingTime="1.27" meanTravelTime="255.05" meanSpeed="26.60" meanSpeedRelative="0.83" duration="1"/>
    <step time="6300.00" loaded="3093" inserted="3093" running="96" waiting="0" ended="2997" arrived="2997" collisions="4" teleports="4" halting="0" stopped="0" meanWaitingTime="1.23" meanTravelTime="255.38" meanSpeed="25.34" meanSpeedRelative="0.79" duration="0"/>
    <step time="6600.00" loaded="3194" inserted="3194" running="85" waiting="0" ended="3109" arrived="3109" collisions="4" teleports="4" halting="0" stopped="0" meanWaitingTime="1.20" meanTravelTime="254.69" meanSpeed="25.59" meanSpeedRelative="0.80" duration="1"/>
    <step time="6900.00" loaded="3319" inserted="3319" running="94" waiting="0" ended="3225" arrived="3225" collisions="4" teleports="4" halting="0" stopped="0" meanWaitingTime="1.16" meanTravelTime="253.78" meanSpeed="25.42" meanSpeedRelative="0.79" duration="1"/>
    <step time="7200.00" loaded="3428" inserted="3428" running="80" waiting="0" ended="3348" arrived="3348" collisions="4" teleports="4" halting="0" stopped="0" meanWaitingTime="1.13" meanTravelTime="253.41" meanSpeed="25.75" meanSpeedRelative="0.80" duration="85"/>
    <step time="7500.00" loaded="3572" inserted="3570" running="118" waiting="2" ended="3452" arrived="3452" collisions="4" teleports="4" halting="2" stopped="0" meanWaitingTime="1.12" meanTravelTime="252.94" meanSpeed="23.54" meanSpeedRelative="0.74" duration="0"/>
    <step time="7800.00" loaded="3713" inserted="3708" running="118" waiting="5" ended="3590" arrived="3590" collisions="4" teleports="4" halting="6" stopped="0" meanWaitingTime="1.32" meanTravelTime="253.13" meanSpeed="23.77" meanSpeedRelative="0.74" duration="0"/>
    <step time="8100.00" loaded="3862" inserted="3856" running="127" waiting="6" ended="3729" arrived="3729" collisions="4" teleports="4" halting="1" stopped="0" meanWaitingTime="1.62" meanTravelTime="252.01" meanSpeed="24.67" meanSpeedRelative="0.77" duration="1"/>
    <step time="8400.00" loaded="4014" inserted="4007" running="119" waiting="7" ended="3888" arrived="3888" collisions="4" teleports="4" halting="1" stopped="0" meanWaitingTime="2.22" meanTravelTime="251.63" meanSpeed="24.26" meanSpeedRelative="0.76" duration="1"/>
    <step time="8700.00" loaded="4162" inserted="4156" running="125" waiting="6" ended="4031" arrived="4031" collisions="4" teleports="4" halting="2" stopped="0" meanWaitingTime="2.69" meanTravelTime="251.23" meanSpeed="25.16" meanSpeedRelative="0.79" duration="1"/>
    <step time="9000.00" loaded="4324" inserted="4305" running="131" waiting="19" ended="4174" arrived="4174" collisions="4" teleports="4" halting="5" stopped="0" meanWaitingTime="3.06" meanTravelTime="251.79" meanSpeed="25.01" meanSpeedRelative="0.78" duration="1"/>
    <step time="9300.00" loaded="4472" inserted="4454" running="125" waiting="18" ended="4329" arrived="4329" collisions="4" teleports="4" halting="0" stopped="0" meanWaitingTime="4.01" meanTravelTime="251.80" meanSpeed="24.89" meanSpeedRelative="0.78" duration="1"/>
    <step time="9600.00" loaded="4613" inserted="4603" running="121" waiting="10" ended="4482" arrived="4482" collisions="4" teleports="4" halting="2" stopped="0" meanWaitingTime="4.84" meanTravelTime="252.00" meanSpeed="24.94" meanSpeedRelative="0.78" duration="1"/>
    <step time="9900.00" loaded="4744" inserted="4733" running="115" waiting="11" ended="4618" arrived="4618" collisions="4" teleports="4" halting="3" stopped="0" meanWaitingTime="5.38" meanTravelTime="252.02" meanSpeed="24.11" meanSpeedRelative="0.75" duration="0"/>
    <step time="10200.00" loaded="4885" inserted="4869" running="118" waiting="16" ended="4751" arrived="4751" collisions="4" teleports="4" halting="1" stopped="0" meanWaitingTime="5.98" meanTravelTime="251.36" meanSpeed="24.42" meanSpeedRelative="0.76" duration="1"/>
    <step time="10500.00" loaded="5036" inserted="5021" running="131" waiting="15" ended="4890" arrived="4890" collisions="4" teleports="4" halting="3" stopped="0" meanWaitingTime="6.79" meanTravelTime="251.65" meanSpeed="23.63" meanSpeedRelative="0.74" duration="1"/>
    <step time="10800.00" loaded="5189" inserted="5174" running="134" waiting="15" ended="5040" arrived="5040" collisions="4" teleports="4" halting="3" stopped="0" meanWaitingTime="7.58" meanTravelTime="251.50" meanSpeed="24.98" meanSpeedRelative="0.78" duration="87"/>
    <step time="11100.00" loaded="5343" inserted="5320" running="118" waiting="23" ended="5202" arrived="5202" collisions="4" teleports="4" halting="0" stopped="0" meanWaitingTime="8.20" meanTravelTime="252.13" meanSpeed="24.95" meanSpeedRelative="0.78" duration="1"/>
    <step time="11400.00" loaded="5494" inserted="5456" running="117" waiting="38" ended="5339" arrived="5339" collisions="4" teleports="4" halting="1" stopped="0" meanWaitingTime="9.26" meanTravelTime="252.39" meanSpeed="24.97" meanSpeedRelative="0.78" duration="0"/>
    <step time="11700.00" loaded="5629" inserted="5597" running="105" waiting="32" ended="5492" arrived="5492" collisions="4" teleports="4" halting="3" stopped="0" meanWaitingTime="10.50" meanTravelTime="252.26" meanSpeed="24.54" meanSpeedRelative="0.77" duration="1"/>
    <step time="12000.00" loaded="5752" inserted="5716" running="100" waiting="36" ended="5616" arrived="5616" collisions="4" teleports="4" halting="3" stopped="0" meanWaitingTime="12.04" meanTravelTime="251.78" meanSpeed="24.25" meanSpeedRelative="0.76" duration="1"/>
    <step time="12300.00" loaded="5887" inserted="5847" running="100" waiting="40" ended="5747" arrived="5747" collisions="4" teleports="4" halting="0" stopped="0" meanWaitingTime="13.54" meanTravelTime="251.94" meanSpeed="24.90" meanSpeedRelative="0.78" duration="1"/>
    <step time="12600.00" loaded="6018" inserted="5983" running="102" waiting="35" ended="5881" arrived="5881" collisions="4" teleports="4" halting="2" stopped="0" meanWaitingTime="15.24" meanTravelTime="251.60" meanSpeed="25.09" meanSpeedRelative="0.78" duration="1"/>
    <step time="12900.00" loaded="6154" inserted="6118" running="107" waiting="36" ended="6011" arrived="6011" collisions="4" teleports="4" halting="1" stopped="0" meanWaitingTime="16.74" meanTravelTime="251.08" meanSpeed="24.01" meanSpeedRelative="0.75" duration="1"/>
    <step time="13200.00" loaded="6300" inserted="6257" running="110" waiting="43" ended="6147" arrived="6147" collisions="4" teleports="4" halting="2" stopped="0" meanWaitingTime="17.92" meanTravelTime="250.76" meanSpeed="24.38" meanSpeedRelative="0.76" duration="0"/>
    <step time="13500.00" loaded="6454" inserted="6402" running="115" waiting="52" ended="6287" arrived="6287" collisions="4" teleports="4" halting="0" stopped="0" meanWaitingTime="19.21" meanTravelTime="250.03" meanSpeed="24.83" meanSpeedRelative="0.78" duration="1"/>
    <step time="13800.00" loaded="6626" inserted="6570" running="121" waiting="56" ended="6449" arrived="6449" collisions="5" teleports="5" halting="0" stopped="0" meanWaitingTime="20.89" meanTravelTime="249.17" meanSpeed="25.03" meanSpeedRelative="0.78" duration="1"/>
    <step time="14100.00" loaded="6784" inserted="6721" running="107" waiting="63" ended="6614" arrived="6614" collisions="5" teleports="5" halting="1" stopped="0" meanWaitingTime="22.53" meanTravelTime="248.73" meanSpeed="25.08" meanSpeedRelative="0.78" duration="1"/>
    <step time="14400.00" loaded="6936" inserted="6867" running="109" waiting="69" ended="6758" arrived="6758" collisions="5" teleports="5" halting="1" stopped="0" meanWaitingTime="24.28" meanTravelTime="247.94" meanSpeed="24.24" meanSpeedRelative="0.76" duration="86"/>
    <step time="14700.00" loaded="7033" inserted="6964" running="87" waiting="69" ended="6877" arrived="6877" collisions="5" teleports="5" halting="0" stopped="0" meanWaitingTime="26.28" meanTravelTime="247.86" meanSpeed="24.38" meanSpeedRelative="0.76" duration="0"/>
    <step time="15000.00" loaded="7137" inserted="7076" running="88" waiting="61" ended="6988" arrived="6988" collisions="5" teleports="5" halting="1" stopped="0" meanWaitingTime="28.65" meanTravelTime="248.32" meanSpeed="23.95" meanSpeedRelative="0.75" duration="1"/>
    <step time="15300.00" loaded="7246" inserted="7183" running="87" waiting="63" ended="7096" arrived="7096" collisions="5" teleports="5" halting="2" stopped="0" meanWaitingTime="30.90" meanTravelTime="248.43" meanSpeed="23.86" meanSpeedRelative="0.75" duration="0"/>
    <step time="15600.00" loaded="7348" inserted="7284" running="85" waiting="64" ended="7199" arrived="7199" collisions="5" teleports="5" halting="4" stopped="0" meanWaitingTime="33.16" meanTravelTime="248.25" meanSpeed="23.45" meanSpeedRelative="0.73" duration="1"/>
    <step time="15900.00" loaded="7455" inserted="7383" running="83" waiting="72" ended="7300" arrived="7300" collisions="5" teleports="5" halting="2" stopped="0" meanWaitingTime="35.36" meanTravelTime="248.06" meanSpeed="24.63" meanSpeedRelative="0.77" duration="1"/>
    <step time="16200.00" loaded="7557" inserted="7488" running="80" waiting="69" ended="7408" arrived="7408" collisions="5" teleports="5" halting="0" stopped="0" meanWaitingTime="37.37" meanTravelTime="247.98" meanSpeed="24.04" meanSpeedRelative="0.75" duration="0"/>
    <step time="16500.00" loaded="7658" inserted="7595" running="76" waiting="63" ended="7519" arrived="7519" collisions="5" teleports="5" halting="1" stopped="0" meanWaitingTime="39.62" meanTravelTime="247.72" meanSpeed="25.14" meanSpeedRelative="0.79" duration="0"/>
    <step time="16800.00" loaded="7758" inserted="7700" running="79" waiting="58" ended="7621" arrived="7621" collisions="5" teleports="5" halting="2" stopped="0" meanWaitingTime="41.87" meanTravelTime="247.37" meanSpeed="22.94" meanSpeedRelative="0.72" duration="1"/>
    <step time="17100.00" loaded="7864" inserted="7807" running="80" waiting="57" ended="7727" arrived="7727" collisions="5" teleports="5" halting="2" stopped="0" meanWaitingTime="43.53" meanTravelTime="246.77" meanSpeed="24.40" meanSpeedRelative="0.76" duration="0"/>
    <step time="17400.00" loaded="7976" inserted="7926" running="87" waiting="50" ended="7839" arrived="7839" collisions="5" teleports="5" halting="3" stopped="0" meanWaitingTime="45.74" meanTravelTime="246.66" meanSpeed="24.52" meanSpeedRelative="0.77" duration="0"/>
    <step time="17700.00" loaded="8080" inserted="8036" running="84" waiting="44" ended="7952" arrived="7952" collisions="5" teleports="5" halting="4" stopped="0" meanWaitingTime="47.47" meanTravelTime="246.57" meanSpeed="23.51" meanSpeedRelative="0.73" duration="1"/>
    <step time="18000.00" loaded="8176" inserted="8141" running="74" waiting="35" ended="8067" arrived="8067" collisions="5" teleports="5" halting="6" stopped="0" meanWaitingTime="48.65" meanTravelTime="246.10" meanSpeed="23.01" meanSpeedRelative="0.72" duration="79"/>
    <step time="18300.00" loaded="8370" inserted="8320" running="117" waiting="50" ended="8203" arrived="8203" collisions="5" teleports="5" halting="0" stopped="0" meanWaitingTime="49.23" meanTravelTime="245.23" meanSpeed="24.80" meanSpeedRelative="0.78" duration="1"/>
    <step time="18600.00" loaded="8569" inserted="8503" running="143" waiting="66" ended="8360" arrived="8360" collisions="5" teleports="5" halting="3" stopped="0" meanWaitingTime="49.77" meanTravelTime="244.63" meanSpeed="24.08" meanSpeedRelative="0.75" duration="1"/>
    <step time="18900.00" loaded="8774" inserted="8692" running="160" waiting="82" ended="8532" arrived="8532" collisions="5" teleports="5" halting="7" stopped="0" meanWaitingTime="50.29" meanTravelTime="244.55" meanSpeed="23.77" meanSpeedRelative="0.74" duration="1"/>
    <step time="19200.00" loaded="8982" inserted="8879" running="149" waiting="103" ended="8730" arrived="8730" collisions="5" teleports="5" halting="4" stopped="0" meanWaitingTime="51.13" meanTravelTime="244.23" meanSpeed="23.94" meanSpeedRelative="0.75" duration="1"/>
    <step time="19500.00" loaded="9181" inserted="9059" running="141" waiting="122" ended="8918" arrived="8918" collisions="5" teleports="5" halting="2" stopped="0" meanWaitingTime="52.59" meanTravelTime="244.45" meanSpeed="24.88" meanSpeedRelative="0.78" duration="1"/>
    <step time="19800.00" loaded="9392" inserted="9254" running="158" waiting="138" ended="9096" arrived="9096" collisions="5" teleports="5" halting="3" stopped="0" meanWaitingTime="53.84" meanTravelTime="244.41" meanSpeed="24.70" meanSpeedRelative="0.77" duration="1"/>
    <step time="20100.00" loaded="9599" inserted="9444" running="166" waiting="155" ended="9278" arrived="9278" collisions="6" teleports="6" halting="2" stopped="0" meanWaitingTime="55.30" meanTravelTime="244.64" meanSpeed="24.48" meanSpeedRelative="0.76" duration="2"/>
    <step time="20400.00" loaded="9782" inserted="9623" running="148" waiting="159" ended="9475" arrived="9475" collisions="6" teleports="6" halting="1" stopped="0" meanWaitingTime="57.20" meanTravelTime="245.00" meanSpeed="24.22" meanSpeedRelative="0.76" duration="1"/>
    <step time="20700.00" loaded="9999" inserted="9835" running="165" waiting="164" ended="9670" arrived="9670" collisions="6" teleports="6" halting="5" stopped="0" meanWaitingTime="59.91" meanTravelTime="244.69" meanSpeed="23.84" meanSpeedRelative="0.75" duration="1"/>
    <step time="21000.00" loaded="10192" inserted="10005" running="147" waiting="187" ended="9858" arrived="9858" collisions="6" teleports="6" halting="4" stopped="0" meanWaitingTime="62.26" meanTravelTime="244.89" meanSpeed="24.53" meanSpeedRelative="0.77" duration="1"/>
    <step time="21300.00" loaded="10402" inserted="10207" running="161" waiting="195" ended="10046" arrived="10046" collisions="6" teleports="6" halting="3" stopped="0" meanWaitingTime="65.48" meanTravelTime="244.68" meanSpeed="24.18" meanSpeedRelative="0.76" duration="1"/>
    <step time="21600.00" loaded="10592" inserted="10383" running="144" waiting="209" ended="10239" arrived="10239" collisions="6" teleports="6" halting="3" stopped="0" meanWaitingTime="68.56" meanTravelTime="245.14" meanSpeed="25.08" meanSpeedRelative="0.78" duration="79"/>
    <step time="21900.00" loaded="11090" inserted="10808" running="349" waiting="282" ended="10459" arrived="10459" collisions="6" teleports="6" halting="3" stopped="0" meanWaitingTime="73.19" meanTravelTime="244.67" meanSpeed="21.95" meanSpeedRelative="0.69" duration="2"/>
    <step time="22200.00" loaded="11537" inserted="11205" running="389" waiting="332" ended="10816" arrived="10816" collisions="6" teleports="6" halting="6" stopped="0" meanWaitingTime="78.66" meanTravelTime="244.71" meanSpeed="21.94" meanSpeedRelative="0.69" duration="2"/>
    <step time="22500.00" loaded="11997" inserted="11616" running="412" waiting="381" ended="11204" arrived="11204" collisions="7" teleports="7" halting="11" stopped="0" meanWaitingTime="84.80" meanTravelTime="246.23" meanSpeed="20.78" meanSpeedRelative="0.65" duration="2"/>
    <step time="22800.00" loaded="12458" inserted="12022" running="432" waiting="436" ended="11590" arrived="11590" collisions="7" teleports="7" halting="11" stopped="0" meanWaitingTime="89.94" meanTravelTime="248.30" meanSpeed="20.76" meanSpeedRelative="0.65" duration="3"/>
    <step time="23100.00" loaded="12929" inserted="12423" running="425" waiting="506" ended="11998" arrived="11998" collisions="8" teleports="8" halting="5" stopped="0" meanWaitingTime="95.18" meanTravelTime="250.53" meanSpeed="20.53" meanSpeedRelative="0.64" duration="3"/>
    <step time="23400.00" loaded="13429" inserted="12822" running="445" waiting="607" ended="12377" arrived="12377" collisions="9" teleports="9" halting="5" stopped="0" meanWaitingTime="101.07" meanTravelTime="252.52" meanSpeed="20.70" meanSpeedRelative="0.65" duration="4"/>
    <step time="23700.00" loaded="13903" inserted="13224" running="444" waiting="679" ended="12780" arrived="12780" collisions="11" teleports="11" halting="2" stopped="0" meanWaitingTime="107.96" meanTravelTime="255.15" meanSpeed="19.60" meanSpeedRelative="0.61" duration="3"/>
    <step time="24000.00" loaded="14376" inserted="13644" running="462" waiting="732" ended="13182" arrived="13182" collisions="11" teleports="11" halting="15" stopped="0" meanWaitingTime="115.57" meanTravelTime="257.43" meanSpeed="19.30" meanSpeedRelative="0.60" duration="3"/>
    <step time="24300.00" loaded="14802" inserted="14033" running="452" waiting="769" ended="13581" arrived="13581" collisions="13" teleports="13" halting="5" stopped="0" meanWaitingTime="123.62" meanTravelTime="259.72" meanSpeed="20.64" meanSpeedRelative="0.65" duration="3"/>
    <step time="24600.00" loaded="15292" inserted="14427" running="452" waiting="865" ended="13975" arrived="13975" collisions="13" teleports="13" halting="4" stopped="0" meanWaitingTime="131.81" meanTravelTime="262.43" meanSpeed="20.92" meanSpeedRelative="0.65" duration="2"/>
    <step time="24900.00" loaded="15755" inserted="14826" running="447" waiting="929" ended="14379" arrived="14379" collisions="13" teleports="13" halting="7" stopped="0" meanWaitingTime="141.20" meanTravelTime="264.39" meanSpeed="20.50" meanSpeedRelative="0.64" duration="2"/>
    <step time="25200.00" loaded="16218" inserted="15219" running="426" waiting="999" ended="14793" arrived="14793" collisions="13" teleports="13" halting="3" stopped="0" meanWaitingTime="150.80" meanTravelTime="266.62" meanSpeed="20.07" meanSpeedRelative="0.63" duration="86"/>
    <step time="25500.00" loaded="16762" inserted="15694" running="483" waiting="1068" ended="15211" arrived="15211" collisions="14" teleports="14" halting="12" stopped="0" meanWaitingTime="162.05" meanTravelTime="268.01" meanSpeed="19.38" meanSpeedRelative="0.61" duration="4"/>
    <step time="25800.00" loaded="17328" inserted="16148" running="511" waiting="1180" ended="15637" arrived="15637" collisions="14" teleports="14" halting="5" stopped="0" meanWaitingTime="174.08" meanTravelTime="269.78" meanSpeed="18.62" meanSpeedRelative="0.58" duration="3"/>
    <step time="26100.00" loaded="17836" inserted="16605" running="538" waiting="1231" ended="16067" arrived="16067" collisions="16" teleports="16" halting="3" stopped="0" meanWaitingTime="185.47" meanTravelTime="271.59" meanSpeed="18.12" meanSpeedRelative="0.57" duration="4"/>
    <step time="26400.00" loaded="18395" inserted="17057" running="536" waiting="1338" ended="16521" arrived="16521" collisions="16" teleports="16" halting="8" stopped="0" meanWaitingTime="196.92" meanTravelTime="273.57" meanSpeed="18.34" meanSpeedRelative="0.57" duration="3"/>
    <step time="26700.00" loaded="18945" inserted="17508" running="536" waiting="1437" ended="16972" arrived="16972" collisions="16" teleports="16" halting="11" stopped="0" meanWaitingTime="209.60" meanTravelTime="275.85" meanSpeed="18.39" meanSpeedRelative="0.57" duration="5"/>
    <step time="27000.00" loaded="19515" inserted="17959" running="516" waiting="1556" ended="17443" arrived="17443" collisions="17" teleports="17" halting="6" stopped="0" meanWaitingTime="222.18" meanTravelTime="277.80" meanSpeed="18.97" meanSpeedRelative="0.59" duration="4"/>
    <step time="27300.00" loaded="20084" inserted="18436" running="532" waiting="1648" ended="17904" arrived="17904" collisions="18" teleports="18" halting="6" stopped="0" meanWaitingTime="235.19" meanTravelTime="279.31" meanSpeed="18.05" meanSpeedRelative="0.56" duration="5"/>
    <step time="27600.00" loaded="20690" inserted="18888" running="529" waiting="1802" ended="18359" arrived="18359" collisions="20" teleports="20" halting="4" stopped="0" meanWaitingTime="248.04" meanTravelTime="281.11" meanSpeed="18.87" meanSpeedRelative="0.59" duration="5"/>
    <step time="27900.00" loaded="21273" inserted="19343" running="537" waiting="1930" ended="18806" arrived="18806" collisions="20" teleports="20" halting="11" stopped="0" meanWaitingTime="261.77" meanTravelTime="282.71" meanSpeed="18.47" meanSpeedRelative="0.58" duration="5"/>
    <step time="28200.00" loaded="21846" inserted="19812" running="542" waiting="2034" ended="19270" arrived="19270" collisions="21" teleports="21" halting="5" stopped="0" meanWaitingTime="275.77" meanTravelTime="284.28" meanSpeed="18.49" meanSpeedRelative="0.58" duration="3"/>
    <step time="28500.00" loaded="22394" inserted="20237" running="521" waiting="2157" ended="19716" arrived="19716" collisions="25" teleports="25" halting="5" stopped="0" meanWaitingTime="288.86" meanTravelTime="286.08" meanSpeed="18.09" meanSpeedRelative="0.57" duration="4"/>
    <step time="28800.00" loaded="22951" inserted="20681" running="526" waiting="2270" ended="20155" arrived="20155" collisions="26" teleports="26" halting="9" stopped="0" meanWaitingTime="302.97" meanTravelTime="287.85" meanSpeed="17.85" meanSpeedRelative="0.56" duration="88"/>
    <step time="29100.00" loaded="23317" inserted="21080" running="485" waiting="2237" ended="20595" arrived="20595" collisions="27" teleports="27" halting="12" stopped="0" meanWaitingTime="316.78" meanTravelTime="289.42" meanSpeed="18.97" meanSpeedRelative="0.59" duration="3"/>
    <step time="29400.00" loaded="23686" inserted="21455" running="444" waiting="2231" ended="21011" arrived="21011" collisions="30" teleports="30" halting="6" stopped="0" meanWaitingTime="330.33" meanTravelTime="290.57" meanSpeed="20.23" meanSpeedRelative="0.63" duration="4"/>
    <step time="29700.00" loaded="24037" inserted="21852" running="426" waiting="2185" ended="21426" arrived="21426" collisions="31" teleports="31" halting="4" stopped="0" meanWaitingTime="345.69" meanTravelTime="291.83" meanSpeed="21.44" meanSpeedRelative="0.67" duration="4"/>
    <step time="30000.00" loaded="24398" inserted="22237" running="380" waiting="2161" ended="21857" arrived="21857" collisions="32" teleports="32" halting="11" stopped="0" meanWaitingTime="361.47" meanTravelTime="292.59" meanSpeed="21.03" meanSpeedRelative="0.66" duration="2"/>
    <step time="30300.00" loaded="24769" inserted="22644" running="395" waiting="2125" ended="22249" arrived="22249" collisions="33" teleports="33" halting="2" stopped="0" meanWaitingTime="376.32" meanTravelTime="292.70" meanSpeed="21.67" meanSpeedRelative="0.68" duration="3"/>
    <step time="30600.00" loaded="25100" inserted="23028" running="393" waiting="2072" ended="22635" arrived="22635" collisions="34" teleports="34" halting="4" stopped="0" meanWaitingTime="391.47" meanTravelTime="292.98" meanSpeed="20.73" meanSpeedRelative="0.65" duration="4"/>
    <step time="30900.00" loaded="25439" inserted="23438" running="435" waiting="2001" ended="23003" arrived="23003" collisions="34" teleports="34" halting="9" stopped="0" meanWaitingTime="406.25" meanTravelTime="293.36" meanSpeed="20.25" meanSpeedRelative="0.63" duration="3"/>
    <step time="31200.00" loaded="25805" inserted="23838" running="431" waiting="1967" ended="23407" arrived="23407" collisions="35" teleports="35" halting="14" stopped="0" meanWaitingTime="420.85" meanTravelTime="293.52" meanSpeed="20.54" meanSpeedRelative="0.64" duration="3"/>
    <step time="31500.00" loaded="26162" inserted="24225" running="403" waiting="1937" ended="23822" arrived="23822" collisions="35" teleports="35" halting="1" stopped="0" meanWaitingTime="434.09" meanTravelTime="293.99" meanSpeed="21.27" meanSpeedRelative="0.66" duration="3"/>
    <step time="31800.00" loaded="26527" inserted="24593" running="377" waiting="1934" ended="24216" arrived="24216" collisions="37" teleports="37" halting="3" stopped="0" meanWaitingTime="448.52" meanTravelTime="294.35" meanSpeed="20.97" meanSpeedRelative="0.66" duration="3"/>
    <step time="32100.00" loaded="26889" inserted="24984" running="378" waiting="1905" ended="24606" arrived="24606" collisions="37" teleports="37" halting="6" stopped="0" meanWaitingTime="463.04" meanTravelTime="294.34" meanSpeed="21.10" meanSpeedRelative="0.66" duration="2"/>
    <step time="32400.00" loaded="27234" inserted="25363" running="383" waiting="1871" ended="24980" arrived="24980" collisions="37" teleports="37" halting="8" stopped="0" meanWaitingTime="476.56" meanTravelTime="294.21" meanSpeed="20.71" meanSpeedRelative="0.65" duration="88"/>
    <step time="32700.00" loaded="27521" inserted="25691" running="331" waiting="1830" ended="25360" arrived="25360" collisions="37" teleports="37" halting="9" stopped="0" meanWaitingTime="490.06" meanTravelTime="294.39" meanSpeed="21.21" meanSpeedRelative="0.66" duration="2"/>
    <step time="33000.00" loaded="27782" inserted="25979" running="272" waiting="1803" ended="25707" arrived="25707" collisions="37" teleports="37" halting="5" stopped="0" meanWaitingTime="502.77" meanTravelTime="294.63" meanSpeed="21.74" meanSpeedRelative="0.68" duration="2"/>
    <step time="33300.00" loaded="28033" inserted="26258" running="285" waiting="1775" ended="25973" arrived="25973" collisions="37" teleports="37" halting="11" stopped="0" meanWaitingTime="515.51" meanTravelTime="294.76" meanSpeed="21.02" meanSpeedRelative="0.66" duration="1"/>
    <step time="33600.00" loaded="28283" inserted="26540" running="269" waiting="1743" ended="26271" arrived="26271" collisions="37" teleports="37" halting="5" stopped="0" meanWaitingTime="529.17" meanTravelTime="294.72" meanSpeed="21.55" meanSpeedRelative="0.67" duration="2"/>
    <step time="33900.00" loaded="28513" inserted="26832" running="253" waiting="1681" ended="26579" arrived="26579" collisions="37" teleports="37" halting="2" stopped="0" meanWaitingTime="543.48" meanTravelTime="294.46" meanSpeed="22.91" meanSpeedRelative="0.72" duration="1"/>
    <step time="34200.00" loaded="28765" inserted="27142" running="286" waiting="1623" ended="26856" arrived="26856" collisions="38" teleports="38" halting="3" stopped="0" meanWaitingTime="556.95" meanTravelTime="294.11" meanSpeed="22.52" meanSpeedRelative="0.70" duration="2"/>
    <step time="34500.00" loaded="29036" inserted="27432" running="264" waiting="1604" ended="27168" arrived="27168" collisions="38" teleports="38" halting="9" stopped="0" meanWaitingTime="569.17" meanTravelTime="294.08" meanSpeed="21.57" meanSpeedRelative="0.67" duration="1"/>
    <step time="34800.00" loaded="29286" inserted="27712" running="245" waiting="1574" ended="27467" arrived="27467" collisions="40" teleports="40" halting="5" stopped="0" meanWaitingTime="581.84" meanTravelTime="293.90" meanSpeed="21.19" meanSpeedRelative="0.66" duration="2"/>
    <step time="35100.00" loaded="29543" inserted="28004" running="260" waiting="1539" ended="27744" arrived="27744" collisions="40" teleports="40" halting="3" stopped="0" meanWaitingTime="592.98" meanTravelTime="293.63" meanSpeed="21.87" meanSpeedRelative="0.68" duration="2"/>
    <step time="35400.00" loaded="29796" inserted="28298" running="281" waiting="1498" ended="28017" arrived="28017" collisions="41" teleports="41" halting="5" stopped="0" meanWaitingTime="604.47" meanTravelTime="293.34" meanSpeed="22.24" meanSpeedRelative="0.70" duration="2"/>
    <step time="35700.00" loaded="30050" inserted="28596" running="279" waiting="1454" ended="28317" arrived="28317" collisions="42" teleports="42" halting="5" stopped="0" meanWaitingTime="616.70" meanTravelTime="293.22" meanSpeed="20.96" meanSpeedRelative="0.66" duration="2"/>
    <step time="36000.00" loaded="30284" inserted="28881" running="270" waiting="1403" ended="28611" arrived="28611" collisions="43" teleports="43" halting="9" stopped="0" meanWaitingTime="627.11" meanTravelTime="293.00" meanSpeed="21.25" meanSpeedRelative="0.66" duration="82"/>
    <step time="36300.00" loaded="30744" inserted="29310" running="369" waiting="1434" ended="28941" arrived="28941" collisions="43" teleports="43" halting="6" stopped="0" meanWaitingTime="635.53" meanTravelTime="292.79" meanSpeed="20.67" meanSpeedRelative="0.65" duration="2"/>
    <step time="36600.00" loaded="31225" inserted="29735" running="424" waiting="1490" ended="29311" arrived="29311" collisions="44" teleports="44" halting="3" stopped="0" meanWaitingTime="644.58" meanTravelTime="292.70" meanSpeed="20.22" meanSpeedRelative="0.63" duration="3"/>
    <step time="36900.00" loaded="31694" inserted="30151" running="434" waiting="1543" ended="29717" arrived="29717" collisions="44" teleports="44" halting="7" stopped="0" meanWaitingTime="653.03" meanTravelTime="292.58" meanSpeed="21.08" meanSpeedRelative="0.66" duration="3"/>
    <step time="37200.00" loaded="32139" inserted="30599" running="475" waiting="1540" ended="30124" arrived="30124" collisions="45" teleports="45" halting="2" stopped="0" meanWaitingTime="661.97" meanTravelTime="292.60" meanSpeed="20.61" meanSpeedRelative="0.64" duration="4"/>
    <step time="37500.00" loaded="32586" inserted="30992" running="423" waiting="1594" ended="30569" arrived="30569" collisions="45" teleports="45" halting="7" stopped="0" meanWaitingTime="668.72" meanTravelTime="293.22" meanSpeed="20.55" meanSpeedRelative="0.64" duration="3"/>
    <step time="37800.00" loaded="33063" inserted="31431" running="447" waiting="1632" ended="30984" arrived="30984" collisions="46" teleports="46" halting="4" stopped="0" meanWaitingTime="674.71" meanTravelTime="293.43" meanSpeed="20.72" meanSpeedRelative="0.65" duration="3"/>
    <step time="38100.00" loaded="33598" inserted="31879" running="454" waiting="1719" ended="31425" arrived="31425" collisions="47" teleports="47" halting="5" stopped="0" meanWaitingTime="681.70" meanTravelTime="293.61" meanSpeed="20.69" meanSpeedRelative="0.65" duration="3"/>
    <step time="38400.00" loaded="34053" inserted="32305" running="454" waiting="1748" ended="31851" arrived="31851" collisions="51" teleports="51" halting="9" stopped="0" meanWaitingTime="688.44" meanTravelTime="293.96" meanSpeed="20.29" meanSpeedRelative="0.63" duration="4"/>
    <step time="38700.00" loaded="34549" inserted="32744" running="441" waiting="1805" ended="32303" arrived="32303" collisions="51" teleports="51" halting="4" stopped="0" meanWaitingTime="696.22" meanTravelTime="294.18" meanSpeed="20.64" meanSpeedRelative="0.65" duration="3"/>
    <step time="39000.00" loaded="35006" inserted="33145" running="441" waiting="1861" ended="32704" arrived="32704" collisions="51" teleports="51" halting="6" stopped="0" meanWaitingTime="702.21" meanTravelTime="294.40" meanSpeed="20.37" meanSpeedRelative="0.64" duration="4"/>
    <step time="39300.00" loaded="35478" inserted="33539" running="415" waiting="1939" ended="33124" arrived="33124" collisions="52" teleports="52" halting="7" stopped="0" meanWaitingTime="709.31" meanTravelTime="294.71" meanSpeed="20.51" meanSpeedRelative="0.64" duration="3"/>
    <step time="39600.00" loaded="35978" inserted="33991" running="468" waiting="1987" ended="33523" arrived="33523" collisions="52" teleports="52" halting="2" stopped="0" meanWaitingTime="715.50" meanTravelTime="295.01" meanSpeed="19.72" meanSpeedRelative="0.62" duration="90"/>
    <step time="39900.00" loaded="36532" inserted="34477" running="510" waiting="2055" ended="33967" arrived="33967" collisions="53" teleports="53" halting="4" stopped="0" meanWaitingTime="721.95" meanTravelTime="294.98" meanSpeed="19.89" meanSpeedRelative="0.62" duration="4"/>
    <step time="40200.00" loaded="37048" inserted="34931" running="502" waiting="2117" ended="34429" arrived="34429" collisions="53" teleports="53" halting="4" stopped="0" meanWaitingTime="728.48" meanTravelTime="295.32" meanSpeed="19.69" meanSpeedRelative="0.62" duration="4"/>
    <step time="40500.00" loaded="37557" inserted="35375" running="486" waiting="2182" ended="34889" arrived="34889" collisions="53" teleports="53" halting="5" stopped="0" meanWaitingTime="734.97" meanTravelTime="295.83" meanSpeed="20.39" meanSpeedRelative="0.64" duration="3"/>
    <step time="40800.00" loaded="38035" inserted="35773" running="468" waiting="2262" ended="35305" arrived="35305" collisions="54" teleports="54" halting="5" stopped="0" meanWaitingTime="741.10" meanTravelTime="296.18" meanSpeed="20.43" meanSpeedRelative="0.64" duration="4"/>
    <step time="41100.00" loaded="38533" inserted="36242" running="490" waiting="2291" ended="35752" arrived="35752" collisions="54" teleports="54" halting="7" stopped="0" meanWaitingTime="747.24" meanTravelTime="296.54" meanSpeed="19.98" meanSpeedRelative="0.62" duration="5"/>
    <step time="41400.00" loaded="38997" inserted="36676" running="478" waiting="2321" ended="36198" arrived="36198" collisions="57" teleports="57" halting="3" stopped="0" meanWaitingTime="752.42" meanTravelTime="296.88" meanSpeed="21.05" meanSpeedRelative="0.66" duration="3"/>
    <step time="41700.00" loaded="39489" inserted="37090" running="457" waiting="2399" ended="36633" arrived="36633" collisions="58" teleports="58" halting="8" stopped="0" meanWaitingTime="758.70" meanTravelTime="297.31" meanSpeed="20.21" meanSpeedRelative="0.63" duration="4"/>
    <step time="42000.00" loaded="39996" inserted="37541" running="492" waiting="2455" ended="37049" arrived="37049" collisions="59" teleports="59" halting="6" stopped="0" meanWaitingTime="765.40" meanTravelTime="297.66" meanSpeed="19.31" meanSpeedRelative="0.60" duration="3"/>
    <step time="42300.00" loaded="40491" inserted="37979" running="490" waiting="2512" ended="37489" arrived="37489" collisions="61" teleports="61" halting="6" stopped="0" meanWaitingTime="772.00" meanTravelTime="298.12" meanSpeed="19.86" meanSpeedRelative="0.62" duration="5"/>
    <step time="42600.00" loaded="40988" inserted="38422" running="495" waiting="2566" ended="37927" arrived="37927" collisions="62" teleports="62" halting="9" stopped="0" meanWaitingTime="777.79" meanTravelTime="298.50" meanSpeed="20.02" meanSpeedRelative="0.63" duration="3"/>
    <step time="42900.00" loaded="41479" inserted="38892" running="547" waiting="2587" ended="38345" arrived="38345" collisions="64" teleports="64" halting="7" stopped="0" meanWaitingTime="785.19" meanTravelTime="298.76" meanSpeed="19.58" meanSpeedRelative="0.61" duration="5"/>
    <step time="43200.00" loaded="42002" inserted="39354" running="548" waiting="2648" ended="38806" arrived="38806" collisions="67" teleports="67" halting="5" stopped="0" meanWaitingTime="793.38" meanTravelTime="299.25" meanSpeed="18.13" meanSpeedRelative="0.57" duration="94"/>
    <step time="43500.00" loaded="42560" inserted="39838" running="593" waiting="2722" ended="39245" arrived="39245" collisions="68" teleports="68" halting="10" stopped="0" meanWaitingTime="800.38" meanTravelTime="300.00" meanSpeed="18.38" meanSpeedRelative="0.57" duration="6"/>
    <step time="43800.00" loaded="43067" inserted="40335" running="607" waiting="2732" ended="39728" arrived="39728" collisions="70" teleports="70" halting="4" stopped="0" meanWaitingTime="808.95" meanTravelTime="300.72" meanSpeed="18.37" meanSpeedRelative="0.57" duration="4"/>
    <step time="44100.00" loaded="43575" inserted="40785" running="584" waiting="2790" ended="40201" arrived="40201" collisions="72" teleports="72" halting="9" stopped="0" meanWaitingTime="816.75" meanTravelTime="301.60" meanSpeed="18.18" meanSpeedRelative="0.57" duration="4"/>
    <step time="44400.00" loaded="44133" inserted="41275" running="608" waiting="2858" ended="40667" arrived="40667" collisions="74" teleports="74" halting="8" stopped="0" meanWaitingTime="825.76" meanTravelTime="302.40" meanSpeed="18.40" meanSpeedRelative="0.57" duration="7"/>
    <step time="44700.00" loaded="44681" inserted="41744" running="617" waiting="2937" ended="41127" arrived="41127" collisions="77" teleports="77" halting="2" stopped="0" meanWaitingTime="833.43" meanTravelTime="303.30" meanSpeed="18.59" meanSpeedRelative="0.58" duration="4"/>
    <step time="45000.00" loaded="45213" inserted="42194" running="596" waiting="3019" ended="41598" arrived="41598" collisions="79" teleports="79" halting="12" stopped="0" meanWaitingTime="841.57" meanTravelTime="304.34" meanSpeed="17.98" meanSpeedRelative="0.56" duration="5"/>
    <step time="45300.00" loaded="45735" inserted="42648" running="577" waiting="3087" ended="42071" arrived="42071" collisions="80" teleports="80" halting="4" stopped="0" meanWaitingTime="850.20" meanTravelTime="305.51" meanSpeed="17.72" meanSpeedRelative="0.55" duration="7"/>
    <step time="45600.00" loaded="46248" inserted="43098" running="533" waiting="3150" ended="42565" arrived="42565" collisions="84" teleports="84" halting="6" stopped="0" meanWaitingTime="857.76" meanTravelTime="306.32" meanSpeed="19.22" meanSpeedRelative="0.60" duration="4"/>
    <step time="45900.00" loaded="46789" inserted="43575" running="552" waiting="3214" ended="43023" arrived="43023" collisions="86" teleports="86" halting="3" stopped="0" meanWaitingTime="867.17" meanTravelTime="306.74" meanSpeed="18.98" meanSpeedRelative="0.59" duration="5"/>
    <step time="46200.00" loaded="47335" inserted="44078" running="586" waiting="3257" ended="43492" arrived="43492" collisions="88" teleports="88" halting="4" stopped="0" meanWaitingTime="875.27" meanTravelTime="307.26" meanSpeed="17.90" meanSpeedRelative="0.56" duration="7"/>
    <step time="46500.00" loaded="47862" inserted="44555" running="593" waiting="3307" ended="43962" arrived="43962" collisions="90" teleports="90" halting="9" stopped="0" meanWaitingTime="883.71" meanTravelTime="307.56" meanSpeed="17.94" meanSpeedRelative="0.56" duration="5"/>
    <step time="46800.00" loaded="48453" inserted="45062" running="643" waiting="3391" ended="44419" arrived="44419" collisions="94" teleports="94" halting="7" stopped="0" meanWaitingTime="892.16" meanTravelTime="307.99" meanSpeed="16.75" meanSpeedRelative="0.52" duration="96"/>
    <step time="47100.00" loaded="48977" inserted="45555" running="661" waiting="3422" ended="44894" arrived="44894" collisions="97" teleports="97" halting="8" stopped="0" meanWaitingTime="901.62" meanTravelTime="309.18" meanSpeed="16.42" meanSpeedRelative="0.51" duration="6"/>
    <step time="47400.00" loaded="49457" inserted="46019" running="664" waiting="3438" ended="45355" arrived="45355" collisions="98" teleports="98" halting="4" stopped="0" meanWaitingTime="909.42" meanTravelTime="310.25" meanSpeed="16.39" meanSpeedRelative="0.51" duration="5"/>
    <step time="47700.00" loaded="49989" inserted="46497" running="654" waiting="3492" ended="45843" arrived="45843" collisions="98" teleports="98" halting="8" stopped="0" meanWaitingTime="918.43" meanTravelTime="311.30" meanSpeed="16.38" meanSpeedRelative="0.51" duration="6"/>
    <step time="48000.00" loaded="50504" inserted="46971" running="669" waiting="3533" ended="46302" arrived="46302" collisions="100" teleports="100" halting="7" stopped="0" meanWaitingTime="927.55" meanTravelTime="312.26" meanSpeed="16.94" meanSpeedRelative="0.53" duration="7"/>
    <step time="48300.00" loaded="51018" inserted="47433" running="652" waiting="3585" ended="46781" arrived="46781" collisions="100" teleports="100" halting="7" stopped="0" meanWaitingTime="936.47" meanTravelTime="313.30" meanSpeed="16.95" meanSpeedRelative="0.53" duration="6"/>
    <step time="48600.00" loaded="51599" inserted="47930" running="665" waiting="3669" ended="47265" arrived="47265" collisions="101" teleports="101" halting="6" stopped="0" meanWaitingTime="945.18" meanTravelTime="314.08" meanSpeed="17.41" meanSpeedRelative="0.54" duration="6"/>
    <step time="48900.00" loaded="52133" inserted="48398" running="632" waiting="3735" ended="47766" arrived="47766" collisions="105" teleports="105" halting="4" stopped="0" meanWaitingTime="954.08" meanTravelTime="315.17" meanSpeed="17.97" meanSpeedRelative="0.56" duration="6"/>
    <step time="49200.00" loaded="52676" inserted="48883" running="622" waiting="3793" ended="48261" arrived="48261" collisions="107" teleports="107" halting="11" stopped="0" meanWaitingTime="963.05" meanTravelTime="315.87" meanSpeed="17.79" meanSpeedRelative="0.56" duration="6"/>
    <step time="49500.00" loaded="53199" inserted="49312" running="586" waiting="3887" ended="48726" arrived="48726" collisions="108" teleports="108" halting="5" stopped="0" meanWaitingTime="972.13" meanTravelTime="316.98" meanSpeed="18.40" meanSpeedRelative="0.58" duration="5"/>
    <step time="49800.00" loaded="53696" inserted="49747" running="586" waiting="3949" ended="49161" arrived="49161" collisions="109" teleports="109" halting="12" stopped="0" meanWaitingTime="981.14" meanTravelTime="317.82" meanSpeed="18.08" meanSpeedRelative="0.56" duration="6"/>
    <step time="50100.00" loaded="54200" inserted="50202" running="592" waiting="3998" ended="49610" arrived="49610" collisions="111" teleports="111" halting="8" stopped="0" meanWaitingTime="989.36" meanTravelTime="318.65" meanSpeed="17.76" meanSpeedRelative="0.56" duration="4"/>
    <step time="50400.00" loaded="54718" inserted="50668" running="628" waiting="4050" ended="50040" arrived="50040" collisions="113" teleports="113" halting="10" stopped="0" meanWaitingTime="999.04" meanTravelTime="319.25" meanSpeed="18.01" meanSpeedRelative="0.56" duration="95"/>
    <step time="50700.00" loaded="55472" inserted="51206" running="715" waiting="4266" ended="50491" arrived="50491" collisions="114" teleports="114" halting="3" stopped="0" meanWaitingTime="1007.30" meanTravelTime="319.90" meanSpeed="16.81" meanSpeedRelative="0.53" duration="6"/>
    <step time="51000.00" loaded="56156" inserted="51768" running="801" waiting="4388" ended="50967" arrived="50967" collisions="117" teleports="117" halting="7" stopped="0" meanWaitingTime="1015.79" meanTravelTime="320.68" meanSpeed="16.19" meanSpeedRelative="0.51" duration="8"/>
    <step time="51300.00" loaded="56866" inserted="52314" running="822" waiting="4552" ended="51492" arrived="51492" collisions="117" teleports="117" halting="5" stopped="0" meanWaitingTime="1025.33" meanTravelTime="321.74" meanSpeed="15.54" meanSpeedRelative="0.49" duration="7"/>
    <step time="51600.00" loaded="57539" inserted="52831" running="799" waiting="4708" ended="52032" arrived="52032" collisions="118" teleports="118" halting="7" stopped="0" meanWaitingTime="1034.76" meanTravelTime="323.14" meanSpeed="15.44" meanSpeedRelative="0.48" duration="7"/>
    <step time="51900.00" loaded="58240" inserted="53336" running="791" waiting="4904" ended="52545" arrived="52545" collisions="122" teleports="122" halting="11" stopped="0" meanWaitingTime="1042.61" meanTravelTime="324.52" meanSpeed="15.86" meanSpeedRelative="0.50" duration="9"/>
    <step time="52200.00" loaded="58953" inserted="53848" running="774" waiting="5105" ended="53074" arrived="53074" collisions="125" teleports="125" halting="5" stopped="0" meanWaitingTime="1051.53" meanTravelTime="326.00" meanSpeed="15.41" meanSpeedRelative="0.48" duration="8"/>
    <step time="52500.00" loaded="59696" inserted="54400" running="828" waiting="5296" ended="53572" arrived="53572" collisions="128" teleports="128" halting="9" stopped="0" meanWaitingTime="1061.51" meanTravelTime="327.00" meanSpeed="14.72" meanSpeedRelative="0.46" duration="7"/>
    <step time="52800.00" loaded="60428" inserted="54944" running="852" waiting="5484" ended="54092" arrived="54092" collisions="130" teleports="130" halting="10" stopped="0" meanWaitingTime="1071.35" meanTravelTime="328.27" meanSpeed="14.33" meanSpeedRelative="0.45" duration="8"/>
    <step time="53100.00" loaded="61145" inserted="55486" running="883" waiting="5659" ended="54603" arrived="54603" collisions="131" teleports="131" halting="5" stopped="0" meanWaitingTime="1082.04" meanTravelTime="329.39" meanSpeed="14.27" meanSpeedRelative="0.45" duration="8"/>
    <step time="53400.00" loaded="61853" inserted="56025" running="899" waiting="5828" ended="55126" arrived="55126" collisions="135" teleports="135" halting="10" stopped="0" meanWaitingTime="1092.83" meanTravelTime="330.94" meanSpeed="13.58" meanSpeedRelative="0.42" duration="9"/>
    <step time="53700.00" loaded="62600" inserted="56561" running="911" waiting="6039" ended="55650" arrived="55650" collisions="138" teleports="138" halting="10" stopped="0" meanWaitingTime="1101.55" meanTravelTime="332.70" meanSpeed="13.74" meanSpeedRelative="0.43" duration="9"/>
    <step time="54000.00" loaded="63290" inserted="57092" running="898" waiting="6198" ended="56194" arrived="56194" collisions="143" teleports="143" halting="8" stopped="0" meanWaitingTime="1113.32" meanTravelTime="334.33" meanSpeed="13.79" meanSpeedRelative="0.43" duration="93"/>
    <step time="54300.00" loaded="63754" inserted="57566" running="854" waiting="6188" ended="56712" arrived="56712" collisions="148" teleports="148" halting="11" stopped="0" meanWaitingTime="1125.31" meanTravelTime="336.00" meanSpeed="13.73" meanSpeedRelative="0.43" duration="7"/>
    <step time="54600.00" loaded="64232" inserted="58020" running="823" waiting="6212" ended="57197" arrived="57197" collisions="150" teleports="150" halting="10" stopped="0" meanWaitingTime="1136.74" meanTravelTime="337.79" meanSpeed="14.03" meanSpeedRelative="0.44" duration="6"/>
    <step time="54900.00" loaded="64697" inserted="58469" running="760" waiting="6228" ended="57709" arrived="57709" collisions="152" teleports="152" halting="4" stopped="0" meanWaitingTime="1148.73" meanTravelTime="339.42" meanSpeed="15.25" meanSpeedRelative="0.48" duration="10"/>
    <step time="55200.00" loaded="65160" inserted="58909" running="708" waiting="6251" ended="58201" arrived="58201" collisions="153" teleports="153" halting="8" stopped="0" meanWaitingTime="1160.75" meanTravelTime="340.70" meanSpeed="15.05" meanSpeedRelative="0.47" duration="6"/>
    <step time="55500.00" loaded="65602" inserted="59347" running="689" waiting="6255" ended="58658" arrived="58658" collisions="157" teleports="157" halting="5" stopped="0" meanWaitingTime="1172.46" meanTravelTime="341.77" meanSpeed="15.14" meanSpeedRelative="0.47" duration="7"/>
    <step time="55800.00" loaded="66030" inserted="59795" running="698" waiting="6235" ended="59097" arrived="59097" collisions="157" teleports="157" halting="11" stopped="0" meanWaitingTime="1184.98" meanTravelTime="342.66" meanSpeed="15.30" meanSpeedRelative="0.48" duration="6"/>
    <step time="56100.00" loaded="66488" inserted="60230" running="667" waiting="6258" ended="59563" arrived="59563" collisions="157" teleports="157" halting="5" stopped="0" meanWaitingTime="1196.24" meanTravelTime="343.72" meanSpeed="16.36" meanSpeedRelative="0.51" duration="7"/>
    <step time="56400.00" loaded="66918" inserted="60661" running="661" waiting="6257" ended="60000" arrived="60000" collisions="158" teleports="158" halting="8" stopped="0" meanWaitingTime="1209.48" meanTravelTime="344.73" meanSpeed="15.89" meanSpeedRelative="0.50" duration="8"/>
    <step time="56700.00" loaded="67364" inserted="61134" running="677" waiting="6230" ended="60457" arrived="60457" collisions="160" teleports="160" halting="5" stopped="0" meanWaitingTime="1222.81" meanTravelTime="345.37" meanSpeed="16.13" meanSpeedRelative="0.50" duration="8"/>
    <step time="57000.00" loaded="67774" inserted="61608" running="684" waiting="6166" ended="60924" arrived="60924" collisions="164" teleports="164" halting="7" stopped="0" meanWaitingTime="1237.60" meanTravelTime="346.22" meanSpeed="15.83" meanSpeedRelative="0.49" duration="7"/>
    <step time="57300.00" loaded="68242" inserted="62077" running="680" waiting="6165" ended="61397" arrived="61397" collisions="166" teleports="166" halting="9" stopped="0" meanWaitingTime="1251.27" meanTravelTime="346.75" meanSpeed="16.19" meanSpeedRelative="0.51" duration="5"/>
    <step time="57600.00" loaded="68697" inserted="62550" running="683" waiting="6147" ended="61867" arrived="61867" collisions="167" teleports="167" halting="7" stopped="0" meanWaitingTime="1264.83" meanTravelTime="347.39" meanSpeed="16.47" meanSpeedRelative="0.51" duration="87"/>
    <step time="57900.00" loaded="69261" inserted="63051" running="705" waiting="6210" ended="62346" arrived="62346" collisions="169" teleports="169" halting="13" stopped="0" meanWaitingTime="1277.28" meanTravelTime="348.11" meanSpeed="15.55" meanSpeedRelative="0.49" duration="5"/>
    <step time="58200.00" loaded="69817" inserted="63542" running="744" waiting="6275" ended="62798" arrived="62798" collisions="170" teleports="170" halting="8" stopped="0" meanWaitingTime="1290.34" meanTravelTime="348.64" meanSpeed="15.67" meanSpeedRelative="0.49" duration="6"/>
    <step time="58500.00" loaded="70375" inserted="64030" running="745" waiting="6345" ended="63285" arrived="63285" collisions="170" teleports="170" halting="13" stopped="0" meanWaitingTime="1304.38" meanTravelTime="349.40" meanSpeed="15.45" meanSpeedRelative="0.48" duration="7"/>
    <step time="58800.00" loaded="70969" inserted="64569" running="793" waiting="6400" ended="63776" arrived="63776" collisions="171" teleports="171" halting="9" stopped="0" meanWaitingTime="1318.04" meanTravelTime="349.99" meanSpeed="14.91" meanSpeedRelative="0.47" duration="8"/>
    <step time="59100.00" loaded="71538" inserted="65069" running="799" waiting="6469" ended="64270" arrived="64270" collisions="173" teleports="173" halting="9" stopped="0" meanWaitingTime="1332.34" meanTravelTime="350.70" meanSpeed="14.56" meanSpeedRelative="0.46" duration="7"/>
    <step time="59400.00" loaded="72099" inserted="65534" running="748" waiting="6565" ended="64786" arrived="64786" collisions="176" teleports="176" halting="10" stopped="0" meanWaitingTime="1345.19" meanTravelTime="351.61" meanSpeed="14.91" meanSpeedRelative="0.47" duration="7"/>
    <step time="59700.00" loaded="72662" inserted="66039" running="791" waiting="6623" ended="65248" arrived="65248" collisions="177" teleports="177" halting="9" stopped="0" meanWaitingTime="1358.51" meanTravelTime="352.60" meanSpeed="14.83" meanSpeedRelative="0.46" duration="7"/>
    <step time="60000.00" loaded="73226" inserted="66552" running="813" waiting="6674" ended="65739" arrived="65739" collisions="180" teleports="180" halting="9" stopped="0" meanWaitingTime="1373.23" meanTravelTime="353.38" meanSpeed="14.73" meanSpeedRelative="0.46" duration="10"/>
    <step time="60300.00" loaded="73802" inserted="67077" running="843" waiting="6725" ended="66234" arrived="66234" collisions="183" teleports="183" halting="7" stopped="0" meanWaitingTime="1387.42" meanTravelTime="354.16" meanSpeed="14.23" meanSpeedRelative="0.44" duration="9"/>
    <step time="60600.00" loaded="74376" inserted="67575" running="824" waiting="6801" ended="66751" arrived="66751" collisions="188" teleports="188" halting="11" stopped="0" meanWaitingTime="1400.09" meanTravelTime="355.22" meanSpeed="14.35" meanSpeedRelative="0.45" duration="7"/>
    <step time="60900.00" loaded="74973" inserted="68109" running="852" waiting="6864" ended="67257" arrived="67257" collisions="189" teleports="189" halting="6" stopped="0" meanWaitingTime="1415.07" meanTravelTime="356.07" meanSpeed="14.55" meanSpeedRelative="0.45" duration="8"/>
    <step time="61200.00" loaded="75528" inserted="68637" running="866" waiting="6891" ended="67771" arrived="67771" collisions="190" teleports="190" halting="9" stopped="0" meanWaitingTime="1429.32" meanTravelTime="357.20" meanSpeed="13.46" meanSpeedRelative="0.42" duration="88"/>
    <step time="61500.00" loaded="75592" inserted="68984" running="738" waiting="6608" ended="68246" arrived="68246" collisions="192" teleports="192" halting="4" stopped="0" meanWaitingTime="1446.61" meanTravelTime="358.25" meanSpeed="13.86" meanSpeedRelative="0.43" duration="8"/>
    <step time="61800.00" loaded="75660" inserted="69324" running="649" waiting="6336" ended="68675" arrived="68675" collisions="193" teleports="193" halting="9" stopped="0" meanWaitingTime="1464.56" meanTravelTime="359.55" meanSpeed="14.06" meanSpeedRelative="0.44" duration="7"/>
    <step time="62100.00" loaded="75734" inserted="69672" running="591" waiting="6062" ended="69081" arrived="69081" collisions="195" teleports="195" halting="0" stopped="0" meanWaitingTime="1482.49" meanTravelTime="360.76" meanSpeed="15.66" meanSpeedRelative="0.49" duration="6"/>
    <step time="62400.00" loaded="75806" inserted="70015" running="528" waiting="5791" ended="69487" arrived="69487" collisions="198" teleports="198" halting="7" stopped="0" meanWaitingTime="1501.70" meanTravelTime="361.84" meanSpeed="15.72" meanSpeedRelative="0.49" duration="6"/>
    <step time="62700.00" loaded="75869" inserted="70315" running="468" waiting="5554" ended="69847" arrived="69847" collisions="198" teleports="198" halting="3" stopped="0" meanWaitingTime="1521.24" meanTravelTime="362.50" meanSpeed="15.12" meanSpeedRelative="0.47" duration="5"/>
    <step time="63000.00" loaded="75944" inserted="70618" running="436" waiting="5326" ended="70182" arrived="70182" collisions="199" teleports="199" halting="3" stopped="0" meanWaitingTime="1540.66" meanTravelTime="363.00" meanSpeed="15.84" meanSpeedRelative="0.49" duration="4"/>
    <step time="63300.00" loaded="76006" inserted="70927" running="439" waiting="5079" ended="70488" arrived="70488" collisions="199" teleports="199" halting="5" stopped="0" meanWaitingTime="1560.68" meanTravelTime="363.33" meanSpeed="16.35" meanSpeedRelative="0.51" duration="4"/>
    <step time="63600.00" loaded="76080" inserted="71217" running="411" waiting="4863" ended="70806" arrived="70806" collisions="199" teleports="199" halting="5" stopped="0" meanWaitingTime="1579.29" meanTravelTime="363.67" meanSpeed="17.03" meanSpeedRelative="0.53" duration="4"/>
    <step time="63900.00" loaded="76149" inserted="71519" running="412" waiting="4630" ended="71107" arrived="71107" collisions="200" teleports="200" halting="8" stopped="0" meanWaitingTime="1599.34" meanTravelTime="363.84" meanSpeed="16.88" meanSpeedRelative="0.53" duration="5"/>
    <step time="64200.00" loaded="76227" inserted="71829" running="414" waiting="4398" ended="71415" arrived="71415" collisions="202" teleports="202" halting="2" stopped="0" meanWaitingTime="1618.41" meanTravelTime="364.04" meanSpeed="17.83" meanSpeedRelative="0.56" duration="5"/>
    <step time="64500.00" loaded="76289" inserted="72099" running="339" waiting="4190" ended="71760" arrived="71760" collisions="203" teleports="203" halting="2" stopped="0" meanWaitingTime="1636.01" meanTravelTime="364.22" meanSpeed="18.21" meanSpeedRelative="0.57" duration="5"/>
    <step time="64800.00" loaded="76347" inserted="72352" running="288" waiting="3995" ended="72064" arrived="72064" collisions="204" teleports="204" halting="4" stopped="0" meanWaitingTime="1652.83" meanTravelTime="364.33" meanSpeed="20.65" meanSpeedRelative="0.65" duration="96"/>
    <step time="65100.00" loaded="76407" inserted="72579" running="238" waiting="3828" ended="72341" arrived="72341" collisions="204" teleports="204" halting="5" stopped="0" meanWaitingTime="1667.81" meanTravelTime="364.36" meanSpeed="21.96" meanSpeedRelative="0.69" duration="3"/>
    <step time="65400.00" loaded="76463" inserted="72795" running="222" waiting="3668" ended="72573" arrived="72573" collisions="204" teleports="204" halting="1" stopped="0" meanWaitingTime="1682.04" meanTravelTime="364.27" meanSpeed="21.98" meanSpeedRelative="0.69" duration="2"/>
    <step time="65700.00" loaded="76509" inserted="73011" running="220" waiting="3498" ended="72791" arrived="72791" collisions="204" teleports="204" halting="5" stopped="0" meanWaitingTime="1695.26" meanTravelTime="364.12" meanSpeed="20.80" meanSpeedRelative="0.65" duration="2"/>
    <step time="66000.00" loaded="76560" inserted="73218" running="211" waiting="3342" ended="73007" arrived="73007" collisions="204" teleports="204" halting="7" stopped="0" meanWaitingTime="1707.07" meanTravelTime="363.90" meanSpeed="22.12" meanSpeedRelative="0.69" duration="3"/>
    <step time="66300.00" loaded="76608" inserted="73394" running="149" waiting="3214" ended="73245" arrived="73245" collisions="204" teleports="204" halting="6" stopped="0" meanWaitingTime="1721.51" meanTravelTime="363.65" meanSpeed="21.18" meanSpeedRelative="0.66" duration="1"/>
    <step time="66600.00" loaded="76664" inserted="73564" running="131" waiting="3100" ended="73433" arrived="73433" collisions="204" teleports="204" halting="2" stopped="0" meanWaitingTime="1734.55" meanTravelTime="363.41" meanSpeed="22.17" meanSpeedRelative="0.69" duration="1"/>
    <step time="66900.00" loaded="76707" inserted="73722" running="125" waiting="2985" ended="73597" arrived="73597" collisions="204" teleports="204" halting="1" stopped="0" meanWaitingTime="1748.00" meanTravelTime="363.20" meanSpeed="21.52" meanSpeedRelative="0.67" duration="2"/>
    <step time="67200.00" loaded="76747" inserted="73898" running="128" waiting="2849" ended="73770" arrived="73770" collisions="204" teleports="204" halting="5" stopped="0" meanWaitingTime="1762.72" meanTravelTime="362.84" meanSpeed="22.05" meanSpeedRelative="0.69" duration="2"/>
    <step time="67500.00" loaded="76807" inserted="74077" running="136" waiting="2730" ended="73941" arrived="73941" collisions="204" teleports="204" halting="0" stopped="0" meanWaitingTime="1776.21" meanTravelTime="362.55" meanSpeed="22.06" meanSpeedRelative="0.69" duration="2"/>
    <step time="67800.00" loaded="76859" inserted="74253" running="139" waiting="2606" ended="74114" arrived="74114" collisions="204" teleports="204" halting="2" stopped="0" meanWaitingTime="1790.35" meanTravelTime="362.25" meanSpeed="22.06" meanSpeedRelative="0.69" duration="2"/>
    <step time="68100.00" loaded="76914" inserted="74413" running="126" waiting="2501" ended="74287" arrived="74287" collisions="204" teleports="204" halting="5" stopped="0" meanWaitingTime="1802.29" meanTravelTime="361.93" meanSpeed="21.44" meanSpeedRelative="0.67" duration="1"/>
    <step time="68400.00" loaded="76972" inserted="74593" running="127" waiting="2379" ended="74466" arrived="74466" collisions="204" teleports="204" halting="8" stopped="0" meanWaitingTime="1816.85" meanTravelTime="361.64" meanSpeed="21.38" meanSpeedRelative="0.67" duration="89"/>
    <step time="68700.00" loaded="77143" inserted="74849" running="176" waiting="2294" ended="74673" arrived="74673" collisions="204" teleports="204" halting="2" stopped="0" meanWaitingTime="1827.15" meanTravelTime="361.20" meanSpeed="22.32" meanSpeedRelative="0.70" duration="3"/>
    <step time="69000.00" loaded="77307" inserted="75094" running="200" waiting="2213" ended="74894" arrived="74894" collisions="204" teleports="204" halting="2" stopped="0" meanWaitingTime="1835.61" meanTravelTime="360.75" meanSpeed="22.27" meanSpeedRelative="0.70" duration="2"/>
    <step time="69300.00" loaded="77493" inserted="75343" running="220" waiting="2150" ended="75123" arrived="75123" collisions="204" teleports="204" halting="3" stopped="0" meanWaitingTime="1840.92" meanTravelTime="360.37" meanSpeed="22.60" meanSpeedRelative="0.71" duration="1"/>
    <step time="69600.00" loaded="77674" inserted="75535" running="210" waiting="2139" ended="75325" arrived="75325" collisions="204" teleports="204" halting="8" stopped="0" meanWaitingTime="1844.80" meanTravelTime="360.21" meanSpeed="23.62" meanSpeedRelative="0.74" duration="1"/>
    <step time="69900.00" loaded="77836" inserted="75707" running="196" waiting="2129" ended="75511" arrived="75511" collisions="205" teleports="205" halting="3" stopped="0" meanWaitingTime="1848.18" meanTravelTime="360.18" meanSpeed="22.49" meanSpeedRelative="0.70" duration="1"/>
    <step time="70200.00" loaded="77994" inserted="75884" running="180" waiting="2110" ended="75704" arrived="75704" collisions="205" teleports="205" halting="4" stopped="0" meanWaitingTime="1852.06" meanTravelTime="360.07" meanSpeed="22.79" meanSpeedRelative="0.71" duration="2"/>
    <step time="70500.00" loaded="78155" inserted="76055" running="169" waiting="2100" ended="75886" arrived="75886" collisions="205" teleports="205" halting="4" stopped="0" meanWaitingTime="1855.85" meanTravelTime="359.97" meanSpeed="22.84" meanSpeedRelative="0.71" duration="1"/>
    <step time="70800.00" loaded="78303" inserted="76217" running="156" waiting="2086" ended="76061" arrived="76061" collisions="205" teleports="205" halting="2" stopped="0" meanWaitingTime="1860.28" meanTravelTime="359.88" meanSpeed="23.28" meanSpeedRelative="0.73" duration="2"/>
    <step time="71100.00" loaded="78457" inserted="76380" running="156" waiting="2077" ended="76224" arrived="76224" collisions="205" teleports="205" halting="4" stopped="0" meanWaitingTime="1864.26" meanTravelTime="359.69" meanSpeed="23.13" meanSpeedRelative="0.72" duration="2"/>
    <step time="71400.00" loaded="78616" inserted="76553" running="157" waiting="2063" ended="76396" arrived="76396" collisions="205" teleports="205" halting="6" stopped="0" meanWaitingTime="1868.42" meanTravelTime="359.56" meanSpeed="22.60" meanSpeedRelative="0.71" duration="1"/>
    <step time="71700.00" loaded="78757" inserted="76709" running="178" waiting="2048" ended="76531" arrived="76531" collisions="205" teleports="205" halting="5" stopped="0" meanWaitingTime="1872.81" meanTravelTime="359.45" meanSpeed="23.04" meanSpeedRelative="0.72" duration="2"/>
    <step time="72000.00" loaded="78877" inserted="76853" running="140" waiting="2024" ended="76713" arrived="76713" collisions="205" teleports="205" halting="3" stopped="0" meanWaitingTime="1878.07" meanTravelTime="359.33" meanSpeed="23.27" meanSpeedRelative="0.73" duration="87"/>
    <step time="72300.00" loaded="78997" inserted="76988" running="138" waiting="2009" ended="76850" arrived="76850" collisions="205" teleports="205" halting="4" stopped="0" meanWaitingTime="1883.10" meanTravelTime="359.25" meanSpeed="22.52" meanSpeedRelative="0.70" duration="2"/>
    <step time="72600.00" loaded="79133" inserted="77145" running="141" waiting="1988" ended="77004" arrived="77004" collisions="205" teleports="205" halting="7" stopped="0" meanWaitingTime="1887.72" meanTravelTime="359.12" meanSpeed="22.71" meanSpeedRelative="0.71" duration="1"/>
    <step time="72900.00" loaded="79281" inserted="77303" running="151" waiting="1978" ended="77152" arrived="77152" collisions="205" teleports="205" halting="5" stopped="0" meanWaitingTime="1892.57" meanTravelTime="358.97" meanSpeed="23.43" meanSpeedRelative="0.73" duration="2"/>
    <step time="73200.00" loaded="79408" inserted="77447" running="153" waiting="1961" ended="77294" arrived="77294" collisions="206" teleports="206" halting="3" stopped="0" meanWaitingTime="1898.24" meanTravelTime="358.86" meanSpeed="22.69" meanSpeedRelative="0.71" duration="2"/>
    <step time="73500.00" loaded="79568" inserted="77621" running="171" waiting="1947" ended="77450" arrived="77450" collisions="206" teleports="206" halting="9" stopped="0" meanWaitingTime="1902.86" meanTravelTime="358.73" meanSpeed="22.25" meanSpeedRelative="0.70" duration="1"/>
    <step time="73800.00" loaded="79716" inserted="77772" running="165" waiting="1944" ended="77607" arrived="77607" collisions="206" teleports="206" halting="6" stopped="0" meanWaitingTime="1907.41" meanTravelTime="358.60" meanSpeed="21.82" meanSpeedRelative="0.68" duration="1"/>
    <step time="74100.00" loaded="79882" inserted="77951" running="168" waiting="1931" ended="77783" arrived="77783" collisions="207" teleports="207" halting="3" stopped="0" meanWaitingTime="1912.87" meanTravelTime="358.45" meanSpeed="22.29" meanSpeedRelative="0.70" duration="1"/>
    <step time="74400.00" loaded="79999" inserted="78092" running="144" waiting="1907" ended="77948" arrived="77948" collisions="207" teleports="207" halting="6" stopped="0" meanWaitingTime="1918.36" meanTravelTime="358.34" meanSpeed="22.76" meanSpeedRelative="0.71" duration="1"/>
    <step time="74700.00" loaded="80134" inserted="78238" running="132" waiting="1896" ended="78106" arrived="78106" collisions="208" teleports="208" halting="3" stopped="0" meanWaitingTime="1923.08" meanTravelTime="358.25" meanSpeed="22.87" meanSpeedRelative="0.71" duration="1"/>
    <step time="75000.00" loaded="80276" inserted="78395" running="149" waiting="1881" ended="78246" arrived="78246" collisions="208" teleports="208" halting="6" stopped="0" meanWaitingTime="1928.80" meanTravelTime="358.17" meanSpeed="22.73" meanSpeedRelative="0.71" duration="2"/>
    <step time="75300.00" loaded="80424" inserted="78559" running="153" waiting="1865" ended="78406" arrived="78406" collisions="208" teleports="208" halting="3" stopped="0" meanWaitingTime="1934.87" meanTravelTime="358.00" meanSpeed="22.30" meanSpeedRelative="0.70" duration="1"/>
    <step time="75600.00" loaded="80565" inserted="78712" running="148" waiting="1853" ended="78564" arrived="78564" collisions="208" teleports="208" halting="2" stopped="0" meanWaitingTime="1940.68" meanTravelTime="357.84" meanSpeed="23.53" meanSpeedRelative="0.74" duration="82"/>
    <step time="75900.00" loaded="80757" inserted="78903" running="180" waiting="1854" ended="78723" arrived="78723" collisions="208" teleports="208" halting="5" stopped="0" meanWaitingTime="1946.44" meanTravelTime="357.71" meanSpeed="23.44" meanSpeedRelative="0.73" duration="1"/>
    <step time="76200.00" loaded="80935" inserted="79101" running="181" waiting="1834" ended="78920" arrived="78920" collisions="209" teleports="209" halting="9" stopped="0" meanWaitingTime="1952.75" meanTravelTime="357.48" meanSpeed="22.55" meanSpeedRelative="0.70" duration="2"/>
    <step time="76500.00" loaded="81136" inserted="79314" running="185" waiting="1822" ended="79129" arrived="79129" collisions="210" teleports="210" halting="1" stopped="0" meanWaitingTime="1957.12" meanTravelTime="357.26" meanSpeed="22.99" meanSpeedRelative="0.72" duration="3"/>
    <step time="76800.00" loaded="81346" inserted="79522" running="202" waiting="1824" ended="79320" arrived="79320" collisions="210" teleports="210" halting="5" stopped="0" meanWaitingTime="1963.17" meanTravelTime="357.06" meanSpeed="22.40" meanSpeedRelative="0.70" duration="2"/>
    <step time="77100.00" loaded="81556" inserted="79727" running="197" waiting="1829" ended="79530" arrived="79530" collisions="210" teleports="210" halting="8" stopped="0" meanWaitingTime="1968.57" meanTravelTime="356.88" meanSpeed="23.01" meanSpeedRelative="0.72" duration="2"/>
    <step time="77400.00" loaded="81764" inserted="79949" running="227" waiting="1815" ended="79722" arrived="79722" collisions="210" teleports="210" halting="3" stopped="0" meanWaitingTime="1973.81" meanTravelTime="356.70" meanSpeed="23.47" meanSpeedRelative="0.73" duration="3"/>
    <step time="77700.00" loaded="81983" inserted="80169" running="212" waiting="1814" ended="79957" arrived="79957" collisions="210" teleports="210" halting="2" stopped="0" meanWaitingTime="1979.57" meanTravelTime="356.50" meanSpeed="23.26" meanSpeedRelative="0.73" duration="1"/>
    <step time="78000.00" loaded="82156" inserted="80344" running="184" waiting="1812" ended="80160" arrived="80160" collisions="211" teleports="211" halting="7" stopped="0" meanWaitingTime="1985.90" meanTravelTime="356.39" meanSpeed="22.33" meanSpeedRelative="0.70" duration="1"/>
    <step time="78300.00" loaded="82359" inserted="80542" running="188" waiting="1817" ended="80354" arrived="80354" collisions="211" teleports="211" halting="1" stopped="0" meanWaitingTime="1991.32" meanTravelTime="356.27" meanSpeed="22.32" meanSpeedRelative="0.70" duration="2"/>
    <step time="78600.00" loaded="82577" inserted="80757" running="187" waiting="1820" ended="80570" arrived="80570" collisions="211" teleports="211" halting="2" stopped="0" meanWaitingTime="1997.45" meanTravelTime="356.02" meanSpeed="22.44" meanSpeedRelative="0.70" duration="2"/>
    <step time="78900.00" loaded="82787" inserted="80965" running="197" waiting="1822" ended="80768" arrived="80768" collisions="211" teleports="211" halting="6" stopped="0" meanWaitingTime="2003.18" meanTravelTime="355.82" meanSpeed="22.67" meanSpeedRelative="0.71" duration="2"/>
    <step time="79200.00" loaded="83001" inserted="81184" running="208" waiting="1817" ended="80976" arrived="80976" collisions="212" teleports="212" halting="3" stopped="0" meanWaitingTime="2010.01" meanTravelTime="355.56" meanSpeed="23.53" meanSpeedRelative="0.74" duration="82"/>
    <step time="79500.00" loaded="83164" inserted="81355" running="166" waiting="1809" ended="81189" arrived="81189" collisions="212" teleports="212" halting="3" stopped="0" meanWaitingTime="2016.59" meanTravelTime="355.41" meanSpeed="22.82" meanSpeedRelative="0.71" duration="1"/>
    <step time="79800.00" loaded="83337" inserted="81521" running="155" waiting="1816" ended="81366" arrived="81366" collisions="213" teleports="213" halting="6" stopped="0" meanWaitingTime="2022.45" meanTravelTime="355.27" meanSpeed="21.95" meanSpeedRelative="0.69" duration="1"/>
    <step time="80100.00" loaded="83510" inserted="81706" running="156" waiting="1804" ended="81550" arrived="81550" collisions="213" teleports="213" halting="4" stopped="0" meanWaitingTime="2028.60" meanTravelTime="355.14" meanSpeed="22.47" meanSpeedRelative="0.70" duration="1"/>
    <step time="80400.00" loaded="83709" inserted="81913" running="197" waiting="1796" ended="81716" arrived="81716" collisions="213" teleports="213" halting="6" stopped="0" meanWaitingTime="2034.47" meanTravelTime="354.97" meanSpeed="22.97" meanSpeedRelative="0.72" duration="2"/>
    <step time="80700.00" loaded="83884" inserted="82092" running="184" waiting="1792" ended="81908" arrived="81908" collisions="213" teleports="213" halting="4" stopped="0" meanWaitingTime="2039.90" meanTravelTime="354.80" meanSpeed="23.04" meanSpeedRelative="0.72" duration="3"/>
    <step time="81000.00" loaded="84054" inserted="82269" running="167" waiting="1785" ended="82102" arrived="82102" collisions="213" teleports="213" halting="5" stopped="0" meanWaitingTime="2045.20" meanTravelTime="354.69" meanSpeed="22.71" meanSpeedRelative="0.71" duration="2"/>
    <step time="81300.00" loaded="84230" inserted="82460" running="174" waiting="1770" ended="82286" arrived="82286" collisions="213" teleports="213" halting="7" stopped="0" meanWaitingTime="2050.07" meanTravelTime="354.58" meanSpeed="23.13" meanSpeedRelative="0.72" duration="2"/>
    <step time="81600.00" loaded="84425" inserted="82668" running="201" waiting="1757" ended="82467" arrived="82467" collisions="214" teleports="214" halting="4" stopped="0" meanWaitingTime="2053.93" meanTravelTime="354.40" meanSpeed="22.56" meanSpeedRelative="0.70" duration="1"/>
    <step time="81900.00" loaded="84608" inserted="82855" running="188" waiting="1753" ended="82667" arrived="82667" collisions="214" teleports="214" halting="5" stopped="0" meanWaitingTime="2057.16" meanTravelTime="354.25" meanSpeed="22.89" meanSpeedRelative="0.72" duration="2"/>
    <step time="82200.00" loaded="84754" inserted="83008" running="157" waiting="1746" ended="82851" arrived="82851" collisions="214" teleports="214" halting="2" stopped="0" meanWaitingTime="2060.73" meanTravelTime="354.12" meanSpeed="23.00" meanSpeedRelative="0.72" duration="1"/>
    <step time="82500.00" loaded="84928" inserted="83186" running="161" waiting="1742" ended="83025" arrived="83025" collisions="214" teleports="214" halting="6" stopped="0" meanWaitingTime="2064.43" meanTravelTime="354.03" meanSpeed="21.91" meanSpeedRelative="0.68" duration="1"/>
</summary>
