<?xml version="1.0" encoding="UTF-8"?>

<!-- generated on 2025-08-07 15:43:09 by Eclipse SUMO sumo Version 1.23.1
<sumoConfiguration xmlns:xsi="http://www.w3.org/2001/XMLSchema-instance" xsi:noNamespaceSchemaLocation="http://sumo.dlr.de/xsd/sumoConfiguration.xsd">

    <input>
        <net-file value="Desktop\Master Thesis\Network_fin.net.xml"/>
        <route-files value="Desktop\Master Thesis\demand_model_amsterdam.rou.xml"/>
        <additional-files value="Desktop\Master Thesis\Additionnal.add.xml"/>
    </input>

    <output>
        <summary-output value="outputf/summary_no_control_K16_target5_66189.xml"/>
        <summary-output.period value="300"/>
        <tripinfo-output value="outputf/tripinfo_no_control_K16_target5_66189.xml"/>
    </output>

    <time>
        <begin value="0"/>
        <end value="82800"/>
        <step-length value="1"/>
    </time>

    <processing>
        <time-to-teleport value="-1"/>
    </processing>

    <report>
        <verbose value="true"/>
        <no-step-log value="true"/>
    </report>

    <emissions>
        <device.emissions.period value="10"/>
    </emissions>

    <traci_server>
        <remote-port value="63908"/>
    </traci_server>

    <random_number>
        <seed value="66189"/>
    </random_number>

</sumoConfiguration>
-->

<summary xmlns:xsi="http://www.w3.org/2001/XMLSchema-instance" xsi:noNamespaceSchemaLocation="http://sumo.dlr.de/xsd/summary_file.xsd">
    <step time="0.00" loaded="2" inserted="1" running="1" waiting="1" ended="0" arrived="0" collisions="0" teleports="0" halting="1" stopped="0" meanWaitingTime="0.00" meanTravelTime="-1.00" meanSpeed="0.00" meanSpeedRelative="0.00" duration="1"/>
    <step time="300.00" loaded="188" inserted="188" running="114" waiting="0" ended="74" arrived="74" collisions="0" teleports="0" halting="1" stopped="0" meanWaitingTime="0.77" meanTravelTime="111.73" meanSpeed="25.20" meanSpeedRelative="0.79" duration="0"/>
    <step time="600.00" loaded="367" inserted="367" running="147" waiting="0" ended="220" arrived="220" collisions="0" teleports="0" halting="0" stopped="0" meanWaitingTime="0.50" meanTravelTime="166.80" meanSpeed="25.41" meanSpeedRelative="0.79" duration="2"/>
    <step time="900.00" loaded="564" inserted="564" running="189" waiting="0" ended="375" arrived="375" collisions="0" teleports="0" halting="0" stopped="0" meanWaitingTime="0.47" meanTravelTime="200.72" meanSpeed="25.07" meanSpeedRelative="0.78" duration="2"/>
    <step time="1200.00" loaded="766" inserted="766" running="185" waiting="0" ended="581" arrived="581" collisions="0" teleports="0" halting="1" stopped="0" meanWaitingTime="0.49" meanTravelTime="217.89" meanSpeed="24.43" meanSpeedRelative="0.76" duration="2"/>
    <step time="1500.00" loaded="926" inserted="926" running="153" waiting="0" ended="773" arrived="773" collisions="0" teleports="0" halting="0" stopped="0" meanWaitingTime="0.48" meanTravelTime="235.04" meanSpeed="24.26" meanSpeedRelative="0.76" duration="2"/>
    <step time="1800.00" loaded="1108" inserted="1108" running="173" waiting="0" ended="935" arrived="935" collisions="1" teleports="1" halting="0" stopped="0" meanWaitingTime="0.49" meanTravelTime="241.37" meanSpeed="25.32" meanSpeedRelative="0.79" duration="1"/>
    <step time="2100.00" loaded="1302" inserted="1302" running="169" waiting="0" ended="1133" arrived="1133" collisions="1" teleports="1" halting="3" stopped="0" meanWaitingTime="0.47" meanTravelTime="248.22" meanSpeed="23.72" meanSpeedRelative="0.74" duration="2"/>
    <step time="2400.00" loaded="1497" inserted="1497" running="186" waiting="0" ended="1311" arrived="1311" collisions="1" teleports="1" halting="1" stopped="0" meanWaitingTime="0.48" meanTravelTime="249.44" meanSpeed="25.06" meanSpeedRelative="0.78" duration="1"/>
    <step time="2700.00" loaded="1680" inserted="1680" running="159" waiting="0" ended="1521" arrived="1521" collisions="2" teleports="2" halting="0" stopped="0" meanWaitingTime="0.46" meanTravelTime="254.81" meanSpeed="25.42" meanSpeedRelative="0.79" duration="1"/>
    <step time="3000.00" loaded="1865" inserted="1865" running="161" waiting="0" ended="1704" arrived="1704" collisions="2" teleports="2" halting="0" stopped="0" meanWaitingTime="0.46" meanTravelTime="256.28" meanSpeed="26.10" meanSpeedRelative="0.82" duration="1"/>
    <step time="3300.00" loaded="2033" inserted="2033" running="149" waiting="0" ended="1884" arrived="1884" collisions="2" teleports="2" halting="1" stopped="0" meanWaitingTime="0.45" meanTravelTime="256.91" meanSpeed="24.67" meanSpeedRelative="0.77" duration="1"/>
    <step time="3600.00" loaded="2234" inserted="2234" running="177" waiting="0" ended="2057" arrived="2057" collisions="2" teleports="2" halting="1" stopped="0" meanWaitingTime="0.45" meanTravelTime="256.73" meanSpeed="24.43" meanSpeedRelative="0.76" duration="86"/>
    <step time="3900.00" loaded="2355" inserted="2355" running="102" waiting="0" ended="2253" arrived="2253" collisions="2" teleports="2" halting="2" stopped="0" meanWaitingTime="0.44" meanTravelTime="257.76" meanSpeed="25.92" meanSpeedRelative="0.81" duration="1"/>
    <step time="4200.00" loaded="2464" inserted="2464" running="96" waiting="0" ended="2368" arrived="2368" collisions="2" teleports="2" halting="0" stopped="0" meanWaitingTime="0.43" meanTravelTime="258.32" meanSpeed="24.48" meanSpeedRelative="0.76" duration="1"/>
    <step time="4500.00" loaded="2583" inserted="2583" running="103" waiting="0" ended="2480" arrived="2480" collisions="3" teleports="3" halting="0" stopped="0" meanWaitingTime="0.44" meanTravelTime="260.19" meanSpeed="26.06" meanSpeedRelative="0.81" duration="1"/>
    <step time="4800.00" loaded="2689" inserted="2689" running="94" waiting="0" ended="2595" arrived="2595" collisions="3" teleports="3" halting="1" stopped="0" meanWaitingTime="0.43" meanTravelTime="258.93" meanSpeed="26.06" meanSpeedRelative="0.81" duration="1"/>
    <step time="5100.00" loaded="2794" inserted="2794" running="81" waiting="0" ended="2713" arrived="2713" collisions="3" teleports="3" halting="0" stopped="0" meanWaitingTime="0.42" meanTravelTime="258.57" meanSpeed="24.91" meanSpeedRelative="0.78" duration="1"/>
    <step time="5400.00" loaded="2911" inserted="2911" running="95" waiting="0" ended="2816" arrived="2816" collisions="3" teleports="3" halting="0" stopped="0" meanWaitingTime="0.41" meanTravelTime="258.79" meanSpeed="25.71" meanSpeedRelative="0.80" duration="1"/>
    <step time="5700.00" loaded="3013" inserted="3013" running="96" waiting="0" ended="2917" arrived="2917" collisions="3" teleports="3" halting="1" stopped="0" meanWaitingTime="0.40" meanTravelTime="258.68" meanSpeed="25.97" meanSpeedRelative="0.81" duration="1"/>
    <step time="6000.00" loaded="3119" inserted="3119" running="96" waiting="0" ended="3023" arrived="3023" collisions="3" teleports="3" halting="0" stopped="0" meanWaitingTime="0.39" meanTravelTime="258.11" meanSpeed="26.31" meanSpeedRelative="0.82" duration="1"/>
    <step time="6300.00" loaded="3226" inserted="3226" running="94" waiting="0" ended="3132" arrived="3132" collisions="3" teleports="3" halting="0" stopped="0" meanWaitingTime="0.38" meanTravelTime="257.95" meanSpeed="25.01" meanSpeedRelative="0.78" duration="0"/>
    <step time="6600.00" loaded="3335" inserted="3335" running="85" waiting="0" ended="3250" arrived="3250" collisions="3" teleports="3" halting="1" stopped="0" meanWaitingTime="0.38" meanTravelTime="257.90" meanSpeed="25.82" meanSpeedRelative="0.81" duration="1"/>
    <step time="6900.00" loaded="3440" inserted="3440" running="88" waiting="0" ended="3352" arrived="3352" collisions="3" teleports="3" halting="0" stopped="0" meanWaitingTime="0.38" meanTravelTime="257.60" meanSpeed="26.23" meanSpeedRelative="0.82" duration="1"/>
    <step time="7200.00" loaded="3566" inserted="3566" running="93" waiting="0" ended="3473" arrived="3473" collisions="3" teleports="3" halting="1" stopped="0" meanWaitingTime="0.38" meanTravelTime="257.01" meanSpeed="25.95" meanSpeedRelative="0.81" duration="85"/>
    <step time="7500.00" loaded="3730" inserted="3730" running="119" waiting="0" ended="3611" arrived="3611" collisions="3" teleports="3" halting="1" stopped="0" meanWaitingTime="0.38" meanTravelTime="256.69" meanSpeed="25.38" meanSpeedRelative="0.79" duration="1"/>
    <step time="7800.00" loaded="3896" inserted="3895" running="130" waiting="1" ended="3765" arrived="3765" collisions="4" teleports="4" halting="0" stopped="0" meanWaitingTime="0.38" meanTravelTime="254.49" meanSpeed="25.32" meanSpeedRelative="0.79" duration="0"/>
    <step time="8100.00" loaded="4058" inserted="4056" running="129" waiting="2" ended="3927" arrived="3927" collisions="5" teleports="5" halting="0" stopped="0" meanWaitingTime="0.38" meanTravelTime="254.46" meanSpeed="24.23" meanSpeedRelative="0.76" duration="0"/>
    <step time="8400.00" loaded="4210" inserted="4210" running="141" waiting="0" ended="4069" arrived="4069" collisions="5" teleports="5" halting="0" stopped="0" meanWaitingTime="0.39" meanTravelTime="254.63" meanSpeed="24.90" meanSpeedRelative="0.78" duration="1"/>
    <step time="8700.00" loaded="4369" inserted="4368" running="126" waiting="1" ended="4242" arrived="4242" collisions="5" teleports="5" halting="0" stopped="0" meanWaitingTime="0.39" meanTravelTime="253.73" meanSpeed="25.43" meanSpeedRelative="0.79" duration="0"/>
    <step time="9000.00" loaded="4518" inserted="4517" running="125" waiting="1" ended="4392" arrived="4392" collisions="5" teleports="5" halting="1" stopped="0" meanWaitingTime="0.38" meanTravelTime="253.71" meanSpeed="25.51" meanSpeedRelative="0.80" duration="1"/>
    <step time="9300.00" loaded="4662" inserted="4662" running="114" waiting="0" ended="4548" arrived="4548" collisions="5" teleports="5" halting="0" stopped="0" meanWaitingTime="0.39" meanTravelTime="253.64" meanSpeed="26.09" meanSpeedRelative="0.82" duration="1"/>
    <step time="9600.00" loaded="4822" inserted="4822" running="128" waiting="0" ended="4694" arrived="4694" collisions="5" teleports="5" halting="1" stopped="0" meanWaitingTime="0.39" meanTravelTime="253.79" meanSpeed="25.36" meanSpeedRelative="0.79" duration="1"/>
    <step time="9900.00" loaded="4972" inserted="4972" running="125" waiting="0" ended="4847" arrived="4847" collisions="5" teleports="5" halting="1" stopped="0" meanWaitingTime="0.39" meanTravelTime="254.03" meanSpeed="24.82" meanSpeedRelative="0.78" duration="0"/>
    <step time="10200.00" loaded="5133" inserted="5133" running="116" waiting="0" ended="5017" arrived="5017" collisions="5" teleports="5" halting="0" stopped="0" meanWaitingTime="0.40" meanTravelTime="253.14" meanSpeed="24.73" meanSpeedRelative="0.77" duration="0"/>
    <step time="10500.00" loaded="5273" inserted="5272" running="112" waiting="1" ended="5160" arrived="5160" collisions="5" teleports="5" halting="0" stopped="0" meanWaitingTime="0.39" meanTravelTime="252.74" meanSpeed="25.27" meanSpeedRelative="0.79" duration="1"/>
    <step time="10800.00" loaded="5421" inserted="5421" running="112" waiting="0" ended="5309" arrived="5309" collisions="5" teleports="5" halting="0" stopped="0" meanWaitingTime="0.39" meanTravelTime="252.00" meanSpeed="25.37" meanSpeedRelative="0.79" duration="85"/>
    <step time="11100.00" loaded="5576" inserted="5576" running="132" waiting="0" ended="5444" arrived="5444" collisions="5" teleports="5" halting="0" stopped="0" meanWaitingTime="0.39" meanTravelTime="251.71" meanSpeed="24.34" meanSpeedRelative="0.76" duration="1"/>
    <step time="11400.00" loaded="5729" inserted="5729" running="123" waiting="0" ended="5606" arrived="5606" collisions="5" teleports="5" halting="2" stopped="0" meanWaitingTime="0.38" meanTravelTime="251.81" meanSpeed="24.87" meanSpeedRelative="0.78" duration="1"/>
    <step time="11700.00" loaded="5883" inserted="5882" running="106" waiting="1" ended="5776" arrived="5776" collisions="5" teleports="5" halting="0" stopped="0" meanWaitingTime="0.38" meanTravelTime="251.07" meanSpeed="25.23" meanSpeedRelative="0.79" duration="0"/>
    <step time="12000.00" loaded="6040" inserted="6040" running="111" waiting="0" ended="5929" arrived="5929" collisions="5" teleports="5" halting="1" stopped="0" meanWaitingTime="0.39" meanTravelTime="249.96" meanSpeed="25.49" meanSpeedRelative="0.80" duration="1"/>
    <step time="12300.00" loaded="6184" inserted="6184" running="102" waiting="0" ended="6082" arrived="6082" collisions="6" teleports="6" halting="1" stopped="0" meanWaitingTime="0.38" meanTravelTime="249.11" meanSpeed="25.32" meanSpeedRelative="0.79" duration="0"/>
    <step time="12600.00" loaded="6340" inserted="6339" running="115" waiting="1" ended="6224" arrived="6224" collisions="6" teleports="6" halting="3" stopped="0" meanWaitingTime="0.38" meanTravelTime="248.92" meanSpeed="24.76" meanSpeedRelative="0.77" duration="0"/>
    <step time="12900.00" loaded="6495" inserted="6494" running="118" waiting="1" ended="6376" arrived="6376" collisions="6" teleports="6" halting="0" stopped="0" meanWaitingTime="0.38" meanTravelTime="247.67" meanSpeed="25.46" meanSpeedRelative="0.80" duration="1"/>
    <step time="13200.00" loaded="6661" inserted="6661" running="140" waiting="0" ended="6521" arrived="6521" collisions="6" teleports="6" halting="0" stopped="0" meanWaitingTime="0.40" meanTravelTime="246.94" meanSpeed="25.41" meanSpeedRelative="0.79" duration="1"/>
    <step time="13500.00" loaded="6816" inserted="6816" running="122" waiting="0" ended="6694" arrived="6694" collisions="6" teleports="6" halting="2" stopped="0" meanWaitingTime="0.39" meanTravelTime="246.57" meanSpeed="24.97" meanSpeedRelative="0.78" duration="1"/>
    <step time="13800.00" loaded="6956" inserted="6956" running="98" waiting="0" ended="6858" arrived="6858" collisions="6" teleports="6" halting="0" stopped="0" meanWaitingTime="0.39" meanTravelTime="246.09" meanSpeed="25.52" meanSpeedRelative="0.80" duration="1"/>
    <step time="14100.00" loaded="7092" inserted="7092" running="101" waiting="0" ended="6991" arrived="6991" collisions="6" teleports="6" halting="0" stopped="0" meanWaitingTime="0.40" meanTravelTime="246.01" meanSpeed="25.57" meanSpeedRelative="0.80" duration="1"/>
    <step time="14400.00" loaded="7246" inserted="7246" running="105" waiting="0" ended="7141" arrived="7141" collisions="6" teleports="6" halting="0" stopped="0" meanWaitingTime="0.40" meanTravelTime="245.17" meanSpeed="26.13" meanSpeedRelative="0.82" duration="85"/>
    <step time="14700.00" loaded="7350" inserted="7350" running="73" waiting="0" ended="7277" arrived="7277" collisions="6" teleports="6" halting="0" stopped="0" meanWaitingTime="0.40" meanTravelTime="244.97" meanSpeed="26.09" meanSpeedRelative="0.82" duration="1"/>
    <step time="15000.00" loaded="7446" inserted="7446" running="66" waiting="0" ended="7380" arrived="7380" collisions="6" teleports="6" halting="1" stopped="0" meanWaitingTime="0.40" meanTravelTime="244.50" meanSpeed="26.05" meanSpeedRelative="0.81" duration="0"/>
    <step time="15300.00" loaded="7544" inserted="7544" running="69" waiting="0" ended="7475" arrived="7475" collisions="6" teleports="6" halting="1" stopped="0" meanWaitingTime="0.40" meanTravelTime="244.29" meanSpeed="26.18" meanSpeedRelative="0.82" duration="1"/>
    <step time="15600.00" loaded="7624" inserted="7624" running="58" waiting="0" ended="7566" arrived="7566" collisions="6" teleports="6" halting="0" stopped="0" meanWaitingTime="0.40" meanTravelTime="243.98" meanSpeed="26.12" meanSpeedRelative="0.82" duration="1"/>
    <step time="15900.00" loaded="7722" inserted="7722" running="60" waiting="0" ended="7662" arrived="7662" collisions="6" teleports="6" halting="0" stopped="0" meanWaitingTime="0.39" meanTravelTime="243.39" meanSpeed="25.50" meanSpeedRelative="0.80" duration="0"/>
    <step time="16200.00" loaded="7814" inserted="7814" running="60" waiting="0" ended="7754" arrived="7754" collisions="6" teleports="6" halting="1" stopped="0" meanWaitingTime="0.39" meanTravelTime="243.15" meanSpeed="25.61" meanSpeedRelative="0.80" duration="1"/>
    <step time="16500.00" loaded="7903" inserted="7903" running="68" waiting="0" ended="7835" arrived="7835" collisions="6" teleports="6" halting="0" stopped="0" meanWaitingTime="0.39" meanTravelTime="242.56" meanSpeed="25.01" meanSpeedRelative="0.78" duration="1"/>
    <step time="16800.00" loaded="8002" inserted="8002" running="72" waiting="0" ended="7930" arrived="7930" collisions="6" teleports="6" halting="0" stopped="0" meanWaitingTime="0.39" meanTravelTime="242.30" meanSpeed="26.51" meanSpeedRelative="0.83" duration="1"/>
    <step time="17100.00" loaded="8089" inserted="8089" running="70" waiting="0" ended="8019" arrived="8019" collisions="6" teleports="6" halting="0" stopped="0" meanWaitingTime="0.39" meanTravelTime="242.04" meanSpeed="24.57" meanSpeedRelative="0.77" duration="1"/>
    <step time="17400.00" loaded="8198" inserted="8198" running="78" waiting="0" ended="8120" arrived="8120" collisions="6" teleports="6" halting="0" stopped="0" meanWaitingTime="0.38" meanTravelTime="241.33" meanSpeed="25.37" meanSpeedRelative="0.79" duration="1"/>
    <step time="17700.00" loaded="8291" inserted="8291" running="71" waiting="0" ended="8220" arrived="8220" collisions="6" teleports="6" halting="0" stopped="0" meanWaitingTime="0.38" meanTravelTime="241.64" meanSpeed="25.35" meanSpeedRelative="0.79" duration="0"/>
    <step time="18000.00" loaded="8380" inserted="8379" running="56" waiting="1" ended="8323" arrived="8323" collisions="6" teleports="6" halting="0" stopped="0" meanWaitingTime="0.38" meanTravelTime="241.32" meanSpeed="26.11" meanSpeedRelative="0.82" duration="80"/>
    <step time="18300.00" loaded="8577" inserted="8577" running="121" waiting="0" ended="8456" arrived="8456" collisions="6" teleports="6" halting="1" stopped="0" meanWaitingTime="0.38" meanTravelTime="240.14" meanSpeed="24.92" meanSpeedRelative="0.78" duration="1"/>
    <step time="18600.00" loaded="8783" inserted="8780" running="147" waiting="3" ended="8633" arrived="8633" collisions="6" teleports="6" halting="0" stopped="0" meanWaitingTime="0.39" meanTravelTime="238.97" meanSpeed="25.00" meanSpeedRelative="0.78" duration="1"/>
    <step time="18900.00" loaded="8949" inserted="8949" running="144" waiting="0" ended="8805" arrived="8805" collisions="6" teleports="6" halting="2" stopped="0" meanWaitingTime="0.40" meanTravelTime="238.78" meanSpeed="24.75" meanSpeedRelative="0.77" duration="1"/>
    <step time="19200.00" loaded="9141" inserted="9141" running="148" waiting="0" ended="8993" arrived="8993" collisions="6" teleports="6" halting="0" stopped="0" meanWaitingTime="0.40" meanTravelTime="239.06" meanSpeed="25.57" meanSpeedRelative="0.80" duration="1"/>
    <step time="19500.00" loaded="9326" inserted="9326" running="142" waiting="0" ended="9184" arrived="9184" collisions="6" teleports="6" halting="0" stopped="0" meanWaitingTime="0.41" meanTravelTime="239.01" meanSpeed="25.56" meanSpeedRelative="0.80" duration="1"/>
    <step time="19800.00" loaded="9536" inserted="9534" running="183" waiting="2" ended="9351" arrived="9351" collisions="6" teleports="6" halting="0" stopped="0" meanWaitingTime="0.41" meanTravelTime="238.94" meanSpeed="25.17" meanSpeedRelative="0.79" duration="1"/>
    <step time="20100.00" loaded="9721" inserted="9720" running="166" waiting="1" ended="9554" arrived="9554" collisions="6" teleports="6" halting="0" stopped="0" meanWaitingTime="0.42" meanTravelTime="239.03" meanSpeed="24.70" meanSpeedRelative="0.77" duration="1"/>
    <step time="20400.00" loaded="9910" inserted="9910" running="151" waiting="0" ended="9759" arrived="9759" collisions="7" teleports="7" halting="0" stopped="0" meanWaitingTime="0.42" meanTravelTime="238.91" meanSpeed="24.55" meanSpeedRelative="0.77" duration="1"/>
    <step time="20700.00" loaded="10111" inserted="10110" running="157" waiting="1" ended="9953" arrived="9953" collisions="7" teleports="7" halting="1" stopped="0" meanWaitingTime="0.43" meanTravelTime="239.20" meanSpeed="24.73" meanSpeedRelative="0.77" duration="1"/>
    <step time="21000.00" loaded="10301" inserted="10300" running="143" waiting="1" ended="10157" arrived="10157" collisions="7" teleports="7" halting="2" stopped="0" meanWaitingTime="0.43" meanTravelTime="238.87" meanSpeed="24.99" meanSpeedRelative="0.78" duration="1"/>
    <step time="21300.00" loaded="10484" inserted="10484" running="145" waiting="0" ended="10339" arrived="10339" collisions="7" teleports="7" halting="0" stopped="0" meanWaitingTime="0.44" meanTravelTime="238.62" meanSpeed="24.83" meanSpeedRelative="0.78" duration="1"/>
    <step time="21600.00" loaded="10692" inserted="10691" running="167" waiting="1" ended="10524" arrived="10524" collisions="8" teleports="8" halting="2" stopped="0" meanWaitingTime="0.45" meanTravelTime="238.66" meanSpeed="25.47" meanSpeedRelative="0.80" duration="81"/>
    <step time="21900.00" loaded="11141" inserted="11116" running="364" waiting="25" ended="10752" arrived="10752" collisions="8" teleports="8" halting="1" stopped="0" meanWaitingTime="0.85" meanTravelTime="238.44" meanSpeed="21.92" meanSpeedRelative="0.69" duration="2"/>
    <step time="22200.00" loaded="11608" inserted="11569" running="457" waiting="39" ended="11112" arrived="11112" collisions="10" teleports="10" halting="2" stopped="0" meanWaitingTime="1.55" meanTravelTime="239.46" meanSpeed="19.47" meanSpeedRelative="0.61" duration="2"/>
    <step time="22500.00" loaded="12065" inserted="11987" running="456" waiting="78" ended="11531" arrived="11531" collisions="11" teleports="11" halting="2" stopped="0" meanWaitingTime="2.69" meanTravelTime="241.93" meanSpeed="19.90" meanSpeedRelative="0.62" duration="2"/>
    <step time="22800.00" loaded="12503" inserted="12419" running="491" waiting="84" ended="11928" arrived="11928" collisions="12" teleports="12" halting="2" stopped="0" meanWaitingTime="4.45" meanTravelTime="244.78" meanSpeed="19.97" meanSpeedRelative="0.62" duration="3"/>
    <step time="23100.00" loaded="13003" inserted="12876" running="516" waiting="127" ended="12360" arrived="12360" collisions="12" teleports="12" halting="2" stopped="0" meanWaitingTime="6.45" meanTravelTime="247.70" meanSpeed="18.42" meanSpeedRelative="0.58" duration="3"/>
    <step time="23400.00" loaded="13460" inserted="13309" running="495" waiting="151" ended="12814" arrived="12814" collisions="14" teleports="14" halting="1" stopped="0" meanWaitingTime="9.04" meanTravelTime="251.27" meanSpeed="19.05" meanSpeedRelative="0.60" duration="3"/>
    <step time="23700.00" loaded="13912" inserted="13740" running="527" waiting="172" ended="13213" arrived="13213" collisions="15" teleports="15" halting="3" stopped="0" meanWaitingTime="11.86" meanTravelTime="254.03" meanSpeed="18.34" meanSpeedRelative="0.57" duration="2"/>
    <step time="24000.00" loaded="14387" inserted="14167" running="528" waiting="220" ended="13639" arrived="13639" collisions="15" teleports="15" halting="2" stopped="0" meanWaitingTime="14.97" meanTravelTime="257.57" meanSpeed="18.27" meanSpeedRelative="0.57" duration="3"/>
    <step time="24300.00" loaded="14850" inserted="14589" running="513" waiting="261" ended="14076" arrived="14076" collisions="16" teleports="16" halting="1" stopped="0" meanWaitingTime="18.66" meanTravelTime="260.97" meanSpeed="18.00" meanSpeedRelative="0.56" duration="3"/>
    <step time="24600.00" loaded="15332" inserted="15055" running="539" waiting="277" ended="14516" arrived="14516" collisions="18" teleports="18" halting="2" stopped="0" meanWaitingTime="23.01" meanTravelTime="264.21" meanSpeed="18.05" meanSpeedRelative="0.56" duration="3"/>
    <step time="24900.00" loaded="15799" inserted="15506" running="544" waiting="293" ended="14962" arrived="14962" collisions="18" teleports="18" halting="1" stopped="0" meanWaitingTime="27.29" meanTravelTime="266.85" meanSpeed="18.42" meanSpeedRelative="0.58" duration="3"/>
    <step time="25200.00" loaded="16289" inserted="15955" running="547" waiting="334" ended="15408" arrived="15408" collisions="20" teleports="20" halting="4" stopped="0" meanWaitingTime="31.65" meanTravelTime="269.21" meanSpeed="18.83" meanSpeedRelative="0.59" duration="88"/>
    <step time="25500.00" loaded="16841" inserted="16433" running="577" waiting="408" ended="15856" arrived="15856" collisions="21" teleports="21" halting="3" stopped="0" meanWaitingTime="35.44" meanTravelTime="272.08" meanSpeed="17.46" meanSpeedRelative="0.55" duration="3"/>
    <step time="25800.00" loaded="17408" inserted="16890" running="586" waiting="518" ended="16304" arrived="16304" collisions="23" teleports="23" halting="1" stopped="0" meanWaitingTime="39.66" meanTravelTime="274.66" meanSpeed="18.12" meanSpeedRelative="0.57" duration="3"/>
    <step time="26100.00" loaded="17934" inserted="17341" running="579" waiting="593" ended="16762" arrived="16762" collisions="25" teleports="25" halting="0" stopped="0" meanWaitingTime="44.53" meanTravelTime="277.05" meanSpeed="17.97" meanSpeedRelative="0.56" duration="3"/>
    <step time="26400.00" loaded="18526" inserted="17812" running="584" waiting="714" ended="17228" arrived="17228" collisions="28" teleports="28" halting="4" stopped="0" meanWaitingTime="51.25" meanTravelTime="279.56" meanSpeed="18.11" meanSpeedRelative="0.57" duration="4"/>
    <step time="26700.00" loaded="19077" inserted="18311" running="605" waiting="766" ended="17706" arrived="17706" collisions="30" teleports="30" halting="2" stopped="0" meanWaitingTime="58.59" meanTravelTime="281.99" meanSpeed="17.66" meanSpeedRelative="0.55" duration="3"/>
    <step time="27000.00" loaded="19635" inserted="18804" running="650" waiting="831" ended="18154" arrived="18154" collisions="33" teleports="33" halting="1" stopped="0" meanWaitingTime="66.39" meanTravelTime="284.15" meanSpeed="16.08" meanSpeedRelative="0.50" duration="3"/>
    <step time="27300.00" loaded="20207" inserted="19289" running="651" waiting="918" ended="18638" arrived="18638" collisions="34" teleports="34" halting="0" stopped="0" meanWaitingTime="74.84" meanTravelTime="287.18" meanSpeed="16.39" meanSpeedRelative="0.51" duration="4"/>
    <step time="27600.00" loaded="20786" inserted="19772" running="642" waiting="1014" ended="19130" arrived="19130" collisions="35" teleports="35" halting="0" stopped="0" meanWaitingTime="83.23" meanTravelTime="290.14" meanSpeed="16.60" meanSpeedRelative="0.52" duration="3"/>
    <step time="27900.00" loaded="21329" inserted="20218" running="601" waiting="1111" ended="19617" arrived="19617" collisions="36" teleports="36" halting="0" stopped="0" meanWaitingTime="92.51" meanTravelTime="293.14" meanSpeed="16.99" meanSpeedRelative="0.53" duration="3"/>
    <step time="28200.00" loaded="21869" inserted="20701" running="628" waiting="1168" ended="20073" arrived="20073" collisions="43" teleports="43" halting="1" stopped="0" meanWaitingTime="102.27" meanTravelTime="295.08" meanSpeed="16.42" meanSpeedRelative="0.51" duration="3"/>
    <step time="28500.00" loaded="22431" inserted="21177" running="629" waiting="1254" ended="20548" arrived="20548" collisions="44" teleports="44" halting="0" stopped="0" meanWaitingTime="112.51" meanTravelTime="297.91" meanSpeed="16.26" meanSpeedRelative="0.51" duration="3"/>
    <step time="28800.00" loaded="22987" inserted="21663" running="624" waiting="1324" ended="21039" arrived="21039" collisions="47" teleports="47" halting="4" stopped="0" meanWaitingTime="122.61" meanTravelTime="299.82" meanSpeed="16.37" meanSpeedRelative="0.51" duration="90"/>
    <step time="29100.00" loaded="23336" inserted="22090" running="576" waiting="1246" ended="21514" arrived="21514" collisions="48" teleports="48" halting="5" stopped="0" meanWaitingTime="134.00" meanTravelTime="301.52" meanSpeed="17.18" meanSpeedRelative="0.54" duration="3"/>
    <step time="29400.00" loaded="23713" inserted="22517" running="573" waiting="1196" ended="21944" arrived="21944" collisions="50" teleports="50" halting="4" stopped="0" meanWaitingTime="145.70" meanTravelTime="303.44" meanSpeed="17.41" meanSpeedRelative="0.54" duration="4"/>
    <step time="29700.00" loaded="24064" inserted="22945" running="560" waiting="1119" ended="22385" arrived="22385" collisions="53" teleports="53" halting="3" stopped="0" meanWaitingTime="157.21" meanTravelTime="305.60" meanSpeed="17.21" meanSpeedRelative="0.54" duration="3"/>
    <step time="30000.00" loaded="24442" inserted="23365" running="527" waiting="1077" ended="22838" arrived="22838" collisions="57" teleports="57" halting="3" stopped="0" meanWaitingTime="168.26" meanTravelTime="307.43" meanSpeed="17.27" meanSpeedRelative="0.54" duration="4"/>
    <step time="30300.00" loaded="24795" inserted="23781" running="519" waiting="1014" ended="23262" arrived="23262" collisions="58" teleports="58" halting="1" stopped="0" meanWaitingTime="179.50" meanTravelTime="308.68" meanSpeed="17.67" meanSpeedRelative="0.55" duration="3"/>
    <step time="30600.00" loaded="25157" inserted="24211" running="490" waiting="946" ended="23721" arrived="23721" collisions="60" teleports="60" halting="1" stopped="0" meanWaitingTime="189.99" meanTravelTime="309.59" meanSpeed="19.08" meanSpeedRelative="0.60" duration="3"/>
    <step time="30900.00" loaded="25518" inserted="24640" running="487" waiting="878" ended="24153" arrived="24153" collisions="62" teleports="62" halting="3" stopped="0" meanWaitingTime="199.42" meanTravelTime="310.36" meanSpeed="20.05" meanSpeedRelative="0.63" duration="4"/>
    <step time="31200.00" loaded="25885" inserted="25052" running="446" waiting="833" ended="24606" arrived="24606" collisions="64" teleports="64" halting="1" stopped="0" meanWaitingTime="208.22" meanTravelTime="310.99" meanSpeed="19.91" meanSpeedRelative="0.62" duration="2"/>
    <step time="31500.00" loaded="26224" inserted="25447" running="413" waiting="777" ended="25034" arrived="25034" collisions="64" teleports="64" halting="0" stopped="0" meanWaitingTime="216.63" meanTravelTime="311.28" meanSpeed="19.50" meanSpeedRelative="0.61" duration="3"/>
    <step time="31800.00" loaded="26591" inserted="25863" running="416" waiting="728" ended="25447" arrived="25447" collisions="65" teleports="65" halting="2" stopped="0" meanWaitingTime="224.35" meanTravelTime="311.47" meanSpeed="19.87" meanSpeedRelative="0.62" duration="3"/>
    <step time="32100.00" loaded="26931" inserted="26261" running="402" waiting="670" ended="25859" arrived="25859" collisions="66" teleports="66" halting="2" stopped="0" meanWaitingTime="231.11" meanTravelTime="311.25" meanSpeed="19.90" meanSpeedRelative="0.62" duration="2"/>
    <step time="32400.00" loaded="27309" inserted="26666" running="400" waiting="643" ended="26266" arrived="26266" collisions="67" teleports="67" halting="1" stopped="0" meanWaitingTime="236.69" meanTravelTime="311.14" meanSpeed="20.89" meanSpeedRelative="0.65" duration="90"/>
    <step time="32700.00" loaded="27558" inserted="27020" running="370" waiting="538" ended="26650" arrived="26650" collisions="67" teleports="67" halting="1" stopped="0" meanWaitingTime="242.75" meanTravelTime="311.11" meanSpeed="20.25" meanSpeedRelative="0.63" duration="2"/>
    <step time="33000.00" loaded="27814" inserted="27369" running="340" waiting="445" ended="27029" arrived="27029" collisions="67" teleports="67" halting="1" stopped="0" meanWaitingTime="247.20" meanTravelTime="310.93" meanSpeed="20.66" meanSpeedRelative="0.65" duration="2"/>
    <step time="33300.00" loaded="28068" inserted="27698" running="316" waiting="370" ended="27382" arrived="27382" collisions="69" teleports="69" halting="1" stopped="0" meanWaitingTime="250.99" meanTravelTime="310.74" meanSpeed="21.85" meanSpeedRelative="0.68" duration="2"/>
    <step time="33600.00" loaded="28342" inserted="28014" running="276" waiting="328" ended="27738" arrived="27738" collisions="69" teleports="69" halting="1" stopped="0" meanWaitingTime="254.05" meanTravelTime="310.21" meanSpeed="21.86" meanSpeedRelative="0.68" duration="1"/>
    <step time="33900.00" loaded="28606" inserted="28321" running="266" waiting="285" ended="28055" arrived="28055" collisions="69" teleports="69" halting="0" stopped="0" meanWaitingTime="256.71" meanTravelTime="309.70" meanSpeed="23.14" meanSpeedRelative="0.72" duration="2"/>
    <step time="34200.00" loaded="28874" inserted="28616" running="257" waiting="258" ended="28359" arrived="28359" collisions="69" teleports="69" halting="1" stopped="0" meanWaitingTime="259.02" meanTravelTime="309.31" meanSpeed="23.12" meanSpeedRelative="0.72" duration="2"/>
    <step time="34500.00" loaded="29126" inserted="28887" running="231" waiting="239" ended="28656" arrived="28656" collisions="69" teleports="69" halting="0" stopped="0" meanWaitingTime="261.18" meanTravelTime="309.09" meanSpeed="22.10" meanSpeedRelative="0.69" duration="1"/>
    <step time="34800.00" loaded="29387" inserted="29174" running="231" waiting="213" ended="28943" arrived="28943" collisions="71" teleports="71" halting="1" stopped="0" meanWaitingTime="263.05" meanTravelTime="308.42" meanSpeed="23.62" meanSpeedRelative="0.74" duration="2"/>
    <step time="35100.00" loaded="29673" inserted="29487" running="244" waiting="186" ended="29243" arrived="29243" collisions="71" teleports="71" halting="1" stopped="0" meanWaitingTime="264.44" meanTravelTime="307.61" meanSpeed="23.57" meanSpeedRelative="0.74" duration="1"/>
    <step time="35400.00" loaded="29962" inserted="29805" running="295" waiting="157" ended="29510" arrived="29510" collisions="71" teleports="71" halting="1" stopped="0" meanWaitingTime="265.00" meanTravelTime="307.26" meanSpeed="22.91" meanSpeedRelative="0.72" duration="2"/>
    <step time="35700.00" loaded="30234" inserted="30098" running="273" waiting="136" ended="29825" arrived="29825" collisions="71" teleports="71" halting="2" stopped="0" meanWaitingTime="264.93" meanTravelTime="306.75" meanSpeed="23.21" meanSpeedRelative="0.73" duration="1"/>
    <step time="36000.00" loaded="30512" inserted="30388" running="249" waiting="124" ended="30139" arrived="30139" collisions="71" teleports="71" halting="5" stopped="0" meanWaitingTime="264.39" meanTravelTime="306.47" meanSpeed="23.12" meanSpeedRelative="0.72" duration="81"/>
    <step time="36300.00" loaded="31000" inserted="30837" running="388" waiting="163" ended="30449" arrived="30449" collisions="71" teleports="71" halting="1" stopped="0" meanWaitingTime="262.52" meanTravelTime="305.88" meanSpeed="21.35" meanSpeedRelative="0.67" duration="2"/>
    <step time="36600.00" loaded="31483" inserted="31306" running="460" waiting="177" ended="30846" arrived="30846" collisions="72" teleports="72" halting="3" stopped="0" meanWaitingTime="260.32" meanTravelTime="305.33" meanSpeed="20.07" meanSpeedRelative="0.63" duration="3"/>
    <step time="36900.00" loaded="31962" inserted="31757" running="466" waiting="205" ended="31291" arrived="31291" collisions="74" teleports="74" halting="2" stopped="0" meanWaitingTime="258.13" meanTravelTime="305.20" meanSpeed="20.00" meanSpeedRelative="0.62" duration="4"/>
    <step time="37200.00" loaded="32439" inserted="32229" running="494" waiting="210" ended="31735" arrived="31735" collisions="76" teleports="76" halting="2" stopped="0" meanWaitingTime="256.24" meanTravelTime="305.10" meanSpeed="20.27" meanSpeedRelative="0.63" duration="3"/>
    <step time="37500.00" loaded="32921" inserted="32684" running="494" waiting="237" ended="32190" arrived="32190" collisions="78" teleports="78" halting="1" stopped="0" meanWaitingTime="254.68" meanTravelTime="305.25" meanSpeed="19.55" meanSpeedRelative="0.61" duration="3"/>
    <step time="37800.00" loaded="33383" inserted="33130" running="499" waiting="253" ended="32631" arrived="32631" collisions="78" teleports="78" halting="3" stopped="0" meanWaitingTime="253.23" meanTravelTime="305.56" meanSpeed="18.94" meanSpeedRelative="0.59" duration="3"/>
    <step time="38100.00" loaded="33808" inserted="33559" running="502" waiting="249" ended="33057" arrived="33057" collisions="81" teleports="81" halting="0" stopped="0" meanWaitingTime="252.04" meanTravelTime="306.01" meanSpeed="19.64" meanSpeedRelative="0.61" duration="2"/>
    <step time="38400.00" loaded="34267" inserted="34021" running="512" waiting="246" ended="33509" arrived="33509" collisions="83" teleports="83" halting="1" stopped="0" meanWaitingTime="250.79" meanTravelTime="306.58" meanSpeed="19.05" meanSpeedRelative="0.60" duration="3"/>
    <step time="38700.00" loaded="34728" inserted="34472" running="504" waiting="256" ended="33968" arrived="33968" collisions="85" teleports="85" halting="3" stopped="0" meanWaitingTime="249.65" meanTravelTime="307.03" meanSpeed="18.78" meanSpeedRelative="0.59" duration="3"/>
    <step time="39000.00" loaded="35224" inserted="34933" running="500" waiting="291" ended="34433" arrived="34433" collisions="86" teleports="86" halting="2" stopped="0" meanWaitingTime="248.48" meanTravelTime="307.47" meanSpeed="20.05" meanSpeedRelative="0.63" duration="2"/>
    <step time="39300.00" loaded="35676" inserted="35376" running="489" waiting="300" ended="34887" arrived="34887" collisions="86" teleports="86" halting="1" stopped="0" meanWaitingTime="247.48" meanTravelTime="307.69" meanSpeed="19.90" meanSpeedRelative="0.62" duration="3"/>
    <step time="39600.00" loaded="36140" inserted="35830" running="501" waiting="310" ended="35329" arrived="35329" collisions="87" teleports="87" halting="1" stopped="0" meanWaitingTime="246.58" meanTravelTime="307.90" meanSpeed="19.05" meanSpeedRelative="0.60" duration="87"/>
    <step time="39900.00" loaded="36671" inserted="36309" running="551" waiting="362" ended="35758" arrived="35758" collisions="89" teleports="89" halting="1" stopped="0" meanWaitingTime="245.53" meanTravelTime="308.20" meanSpeed="18.08" meanSpeedRelative="0.57" duration="3"/>
    <step time="40200.00" loaded="37180" inserted="36795" running="571" waiting="385" ended="36224" arrived="36224" collisions="89" teleports="89" halting="2" stopped="0" meanWaitingTime="244.70" meanTravelTime="308.72" meanSpeed="18.21" meanSpeedRelative="0.57" duration="3"/>
    <step time="40500.00" loaded="37698" inserted="37274" running="601" waiting="424" ended="36673" arrived="36673" collisions="92" teleports="92" halting="1" stopped="0" meanWaitingTime="243.90" meanTravelTime="309.21" meanSpeed="17.58" meanSpeedRelative="0.55" duration="4"/>
    <step time="40800.00" loaded="38230" inserted="37762" running="610" waiting="468" ended="37152" arrived="37152" collisions="95" teleports="95" halting="3" stopped="0" meanWaitingTime="243.29" meanTravelTime="310.12" meanSpeed="17.31" meanSpeedRelative="0.54" duration="4"/>
    <step time="41100.00" loaded="38739" inserted="38240" running="621" waiting="499" ended="37619" arrived="37619" collisions="96" teleports="96" halting="3" stopped="0" meanWaitingTime="243.22" meanTravelTime="310.87" meanSpeed="16.91" meanSpeedRelative="0.53" duration="3"/>
    <step time="41400.00" loaded="39257" inserted="38712" running="634" waiting="545" ended="38078" arrived="38078" collisions="96" teleports="96" halting="2" stopped="0" meanWaitingTime="243.21" meanTravelTime="311.72" meanSpeed="16.96" meanSpeedRelative="0.53" duration="3"/>
    <step time="41700.00" loaded="39785" inserted="39184" running="626" waiting="601" ended="38558" arrived="38558" collisions="98" teleports="98" halting="1" stopped="0" meanWaitingTime="243.53" meanTravelTime="312.79" meanSpeed="17.31" meanSpeedRelative="0.54" duration="4"/>
    <step time="42000.00" loaded="40296" inserted="39674" running="655" waiting="622" ended="39019" arrived="39019" collisions="100" teleports="100" halting="1" stopped="0" meanWaitingTime="244.17" meanTravelTime="313.73" meanSpeed="17.04" meanSpeedRelative="0.53" duration="4"/>
    <step time="42300.00" loaded="40835" inserted="40179" running="658" waiting="656" ended="39521" arrived="39521" collisions="102" teleports="102" halting="2" stopped="0" meanWaitingTime="245.13" meanTravelTime="314.87" meanSpeed="16.51" meanSpeedRelative="0.52" duration="4"/>
    <step time="42600.00" loaded="41360" inserted="40667" running="642" waiting="693" ended="40025" arrived="40025" collisions="104" teleports="104" halting="1" stopped="0" meanWaitingTime="246.19" meanTravelTime="315.69" meanSpeed="16.72" meanSpeedRelative="0.52" duration="3"/>
    <step time="42900.00" loaded="41898" inserted="41180" running="679" waiting="718" ended="40501" arrived="40501" collisions="107" teleports="107" halting="2" stopped="0" meanWaitingTime="247.47" meanTravelTime="316.80" meanSpeed="15.54" meanSpeedRelative="0.49" duration="4"/>
    <step time="43200.00" loaded="42491" inserted="41705" running="700" waiting="786" ended="41005" arrived="41005" collisions="109" teleports="109" halting="0" stopped="0" meanWaitingTime="248.81" meanTravelTime="317.74" meanSpeed="16.27" meanSpeedRelative="0.51" duration="90"/>
    <step time="43500.00" loaded="43028" inserted="42196" running="724" waiting="832" ended="41472" arrived="41472" collisions="110" teleports="110" halting="1" stopped="0" meanWaitingTime="250.21" meanTravelTime="318.99" meanSpeed="15.08" meanSpeedRelative="0.47" duration="3"/>
    <step time="43800.00" loaded="43583" inserted="42685" running="746" waiting="898" ended="41939" arrived="41939" collisions="113" teleports="113" halting="4" stopped="0" meanWaitingTime="251.79" meanTravelTime="320.50" meanSpeed="15.24" meanSpeedRelative="0.48" duration="4"/>
    <step time="44100.00" loaded="44092" inserted="43161" running="717" waiting="931" ended="42444" arrived="42444" collisions="113" teleports="113" halting="1" stopped="0" meanWaitingTime="253.87" meanTravelTime="321.97" meanSpeed="14.82" meanSpeedRelative="0.46" duration="3"/>
    <step time="44400.00" loaded="44606" inserted="43649" running="753" waiting="957" ended="42896" arrived="42896" collisions="114" teleports="114" halting="2" stopped="0" meanWaitingTime="256.21" meanTravelTime="323.14" meanSpeed="14.19" meanSpeedRelative="0.44" duration="5"/>
    <step time="44700.00" loaded="45176" inserted="44175" running="794" waiting="1001" ended="43381" arrived="43381" collisions="117" teleports="117" halting="3" stopped="0" meanWaitingTime="258.25" meanTravelTime="324.59" meanSpeed="13.75" meanSpeedRelative="0.43" duration="4"/>
    <step time="45000.00" loaded="45766" inserted="44670" running="821" waiting="1096" ended="43849" arrived="43849" collisions="118" teleports="118" halting="2" stopped="0" meanWaitingTime="260.95" meanTravelTime="325.96" meanSpeed="13.71" meanSpeedRelative="0.43" duration="5"/>
    <step time="45300.00" loaded="46298" inserted="45141" running="808" waiting="1157" ended="44333" arrived="44333" collisions="121" teleports="121" halting="4" stopped="0" meanWaitingTime="264.18" meanTravelTime="327.96" meanSpeed="13.31" meanSpeedRelative="0.42" duration="4"/>
    <step time="45600.00" loaded="46849" inserted="45647" running="849" waiting="1202" ended="44798" arrived="44798" collisions="122" teleports="122" halting="3" stopped="0" meanWaitingTime="267.17" meanTravelTime="329.58" meanSpeed="13.28" meanSpeedRelative="0.41" duration="5"/>
    <step time="45900.00" loaded="47390" inserted="46121" running="846" waiting="1269" ended="45275" arrived="45275" collisions="128" teleports="128" halting="1" stopped="0" meanWaitingTime="269.91" meanTravelTime="331.62" meanSpeed="13.51" meanSpeedRelative="0.42" duration="4"/>
    <step time="46200.00" loaded="47917" inserted="46588" running="831" waiting="1329" ended="45757" arrived="45757" collisions="129" teleports="129" halting="2" stopped="0" meanWaitingTime="273.06" meanTravelTime="333.63" meanSpeed="13.12" meanSpeedRelative="0.41" duration="5"/>
    <step time="46500.00" loaded="48475" inserted="47094" running="847" waiting="1381" ended="46247" arrived="46247" collisions="131" teleports="131" halting="3" stopped="0" meanWaitingTime="276.68" meanTravelTime="335.71" meanSpeed="12.88" meanSpeedRelative="0.40" duration="5"/>
    <step time="46800.00" loaded="49002" inserted="47589" running="841" waiting="1413" ended="46748" arrived="46748" collisions="137" teleports="137" halting="3" stopped="0" meanWaitingTime="280.76" meanTravelTime="337.53" meanSpeed="13.76" meanSpeedRelative="0.43" duration="95"/>
    <step time="47100.00" loaded="49541" inserted="48074" running="849" waiting="1467" ended="47225" arrived="47225" collisions="141" teleports="141" halting="2" stopped="0" meanWaitingTime="284.49" meanTravelTime="339.13" meanSpeed="12.90" meanSpeedRelative="0.40" duration="4"/>
    <step time="47400.00" loaded="50038" inserted="48551" running="860" waiting="1487" ended="47691" arrived="47691" collisions="142" teleports="142" halting="4" stopped="0" meanWaitingTime="288.63" meanTravelTime="340.91" meanSpeed="12.81" meanSpeedRelative="0.40" duration="5"/>
    <step time="47700.00" loaded="50570" inserted="49016" running="833" waiting="1554" ended="48183" arrived="48183" collisions="146" teleports="146" halting="2" stopped="0" meanWaitingTime="292.63" meanTravelTime="343.04" meanSpeed="13.52" meanSpeedRelative="0.42" duration="5"/>
    <step time="48000.00" loaded="51078" inserted="49494" running="841" waiting="1584" ended="48653" arrived="48653" collisions="147" teleports="147" halting="1" stopped="0" meanWaitingTime="297.00" meanTravelTime="344.86" meanSpeed="13.45" meanSpeedRelative="0.42" duration="5"/>
    <step time="48300.00" loaded="51610" inserted="49991" running="858" waiting="1619" ended="49133" arrived="49133" collisions="149" teleports="149" halting="6" stopped="0" meanWaitingTime="301.77" meanTravelTime="346.77" meanSpeed="13.49" meanSpeedRelative="0.42" duration="5"/>
    <step time="48600.00" loaded="52161" inserted="50507" running="836" waiting="1654" ended="49671" arrived="49671" collisions="150" teleports="150" halting="2" stopped="0" meanWaitingTime="306.44" meanTravelTime="348.62" meanSpeed="14.18" meanSpeedRelative="0.44" duration="4"/>
    <step time="48900.00" loaded="52683" inserted="50986" running="808" waiting="1697" ended="50178" arrived="50178" collisions="152" teleports="152" halting="2" stopped="0" meanWaitingTime="311.24" meanTravelTime="350.13" meanSpeed="13.93" meanSpeedRelative="0.44" duration="6"/>
    <step time="49200.00" loaded="53199" inserted="51500" running="824" waiting="1699" ended="50676" arrived="50676" collisions="152" teleports="152" halting="3" stopped="0" meanWaitingTime="316.13" meanTravelTime="351.41" meanSpeed="13.36" meanSpeedRelative="0.42" duration="4"/>
    <step time="49500.00" loaded="53717" inserted="51988" running="810" waiting="1729" ended="51178" arrived="51178" collisions="154" teleports="154" halting="1" stopped="0" meanWaitingTime="321.58" meanTravelTime="352.69" meanSpeed="13.64" meanSpeedRelative="0.43" duration="6"/>
    <step time="49800.00" loaded="54299" inserted="52490" running="833" waiting="1809" ended="51657" arrived="51657" collisions="157" teleports="157" halting="5" stopped="0" meanWaitingTime="327.11" meanTravelTime="354.10" meanSpeed="13.60" meanSpeedRelative="0.43" duration="5"/>
    <step time="50100.00" loaded="54817" inserted="52977" running="826" waiting="1840" ended="52151" arrived="52151" collisions="162" teleports="162" halting="3" stopped="0" meanWaitingTime="332.49" meanTravelTime="355.48" meanSpeed="13.81" meanSpeedRelative="0.43" duration="4"/>
    <step time="50400.00" loaded="55348" inserted="53471" running="858" waiting="1877" ended="52613" arrived="52613" collisions="163" teleports="163" halting="7" stopped="0" meanWaitingTime="337.93" meanTravelTime="356.79" meanSpeed="14.19" meanSpeedRelative="0.44" duration="92"/>
    <step time="50700.00" loaded="56088" inserted="54060" running="915" waiting="2028" ended="53145" arrived="53145" collisions="164" teleports="164" halting="4" stopped="0" meanWaitingTime="343.35" meanTravelTime="358.30" meanSpeed="13.10" meanSpeedRelative="0.41" duration="6"/>
    <step time="51000.00" loaded="56804" inserted="54619" running="937" waiting="2185" ended="53682" arrived="53682" collisions="168" teleports="168" halting="1" stopped="0" meanWaitingTime="348.70" meanTravelTime="359.82" meanSpeed="13.45" meanSpeedRelative="0.42" duration="4"/>
    <step time="51300.00" loaded="57518" inserted="55194" running="1011" waiting="2324" ended="54183" arrived="54183" collisions="172" teleports="172" halting="3" stopped="0" meanWaitingTime="354.22" meanTravelTime="361.05" meanSpeed="13.06" meanSpeedRelative="0.41" duration="7"/>
    <step time="51600.00" loaded="58228" inserted="55765" running="1052" waiting="2463" ended="54713" arrived="54713" collisions="176" teleports="176" halting="1" stopped="0" meanWaitingTime="360.51" meanTravelTime="362.50" meanSpeed="11.48" meanSpeedRelative="0.36" duration="6"/>
    <step time="51900.00" loaded="58903" inserted="56285" running="1084" waiting="2618" ended="55201" arrived="55201" collisions="179" teleports="179" halting="8" stopped="0" meanWaitingTime="366.02" meanTravelTime="364.12" meanSpeed="10.88" meanSpeedRelative="0.34" duration="6"/>
    <step time="52200.00" loaded="59677" inserted="56889" running="1177" waiting="2788" ended="55712" arrived="55712" collisions="182" teleports="182" halting="7" stopped="0" meanWaitingTime="371.85" meanTravelTime="366.09" meanSpeed="10.44" meanSpeedRelative="0.33" duration="7"/>
    <step time="52500.00" loaded="60388" inserted="57435" running="1196" waiting="2953" ended="56239" arrived="56239" collisions="186" teleports="186" halting="5" stopped="0" meanWaitingTime="378.65" meanTravelTime="368.15" meanSpeed="10.14" meanSpeedRelative="0.32" duration="8"/>
    <step time="52800.00" loaded="61115" inserted="57970" running="1227" waiting="3145" ended="56743" arrived="56743" collisions="187" teleports="187" halting="3" stopped="0" meanWaitingTime="384.65" meanTravelTime="370.62" meanSpeed="10.74" meanSpeedRelative="0.34" duration="8"/>
    <step time="53100.00" loaded="61865" inserted="58500" running="1247" waiting="3365" ended="57253" arrived="57253" collisions="191" teleports="191" halting="6" stopped="0" meanWaitingTime="391.13" meanTravelTime="373.41" meanSpeed="10.27" meanSpeedRelative="0.32" duration="8"/>
    <step time="53400.00" loaded="62592" inserted="59036" running="1283" waiting="3556" ended="57753" arrived="57753" collisions="193" teleports="193" halting="5" stopped="0" meanWaitingTime="398.19" meanTravelTime="376.11" meanSpeed="9.34" meanSpeedRelative="0.29" duration="9"/>
    <step time="53700.00" loaded="63311" inserted="59538" running="1245" waiting="3773" ended="58293" arrived="58293" collisions="198" teleports="198" halting="6" stopped="0" meanWaitingTime="406.04" meanTravelTime="379.28" meanSpeed="9.34" meanSpeedRelative="0.29" duration="8"/>
    <step time="54000.00" loaded="64054" inserted="60084" running="1261" waiting="3970" ended="58823" arrived="58823" collisions="203" teleports="203" halting="1" stopped="0" meanWaitingTime="413.96" meanTravelTime="382.22" meanSpeed="9.90" meanSpeedRelative="0.31" duration="93"/>
    <step time="54300.00" loaded="64513" inserted="60569" running="1235" waiting="3944" ended="59334" arrived="59334" collisions="204" teleports="204" halting="4" stopped="0" meanWaitingTime="423.37" meanTravelTime="385.20" meanSpeed="9.15" meanSpeedRelative="0.29" duration="6"/>
    <step time="54600.00" loaded="64982" inserted="61081" running="1236" waiting="3901" ended="59845" arrived="59845" collisions="206" teleports="206" halting="4" stopped="0" meanWaitingTime="432.61" meanTravelTime="388.50" meanSpeed="9.78" meanSpeedRelative="0.31" duration="8"/>
    <step time="54900.00" loaded="65462" inserted="61555" running="1214" waiting="3907" ended="60341" arrived="60341" collisions="207" teleports="207" halting="3" stopped="0" meanWaitingTime="442.63" meanTravelTime="391.40" meanSpeed="9.41" meanSpeedRelative="0.29" duration="8"/>
    <step time="55200.00" loaded="65911" inserted="62017" running="1151" waiting="3894" ended="60866" arrived="60866" collisions="209" teleports="209" halting="9" stopped="0" meanWaitingTime="454.38" meanTravelTime="394.01" meanSpeed="10.02" meanSpeedRelative="0.31" duration="8"/>
    <step time="55500.00" loaded="66361" inserted="62473" running="1095" waiting="3888" ended="61378" arrived="61378" collisions="211" teleports="211" halting="4" stopped="0" meanWaitingTime="466.24" meanTravelTime="396.86" meanSpeed="10.46" meanSpeedRelative="0.33" duration="7"/>
    <step time="55800.00" loaded="66834" inserted="62953" running="1078" waiting="3881" ended="61875" arrived="61875" collisions="213" teleports="213" halting="2" stopped="0" meanWaitingTime="478.58" meanTravelTime="399.53" meanSpeed="10.76" meanSpeedRelative="0.34" duration="7"/>
    <step time="56100.00" loaded="67284" inserted="63401" running="1037" waiting="3883" ended="62364" arrived="62364" collisions="216" teleports="216" halting="4" stopped="0" meanWaitingTime="490.68" meanTravelTime="401.84" meanSpeed="10.81" meanSpeedRelative="0.34" duration="8"/>
    <step time="56400.00" loaded="67713" inserted="63863" running="1045" waiting="3850" ended="62818" arrived="62818" collisions="217" teleports="217" halting="2" stopped="0" meanWaitingTime="502.69" meanTravelTime="403.83" meanSpeed="10.98" meanSpeedRelative="0.34" duration="9"/>
    <step time="56700.00" loaded="68195" inserted="64353" running="1062" waiting="3842" ended="63291" arrived="63291" collisions="218" teleports="218" halting="4" stopped="0" meanWaitingTime="514.20" meanTravelTime="405.97" meanSpeed="10.77" meanSpeedRelative="0.34" duration="5"/>
    <step time="57000.00" loaded="68631" inserted="64838" running="1066" waiting="3793" ended="63772" arrived="63772" collisions="221" teleports="221" halting="5" stopped="0" meanWaitingTime="526.60" meanTravelTime="408.16" meanSpeed="10.82" meanSpeedRelative="0.34" duration="6"/>
    <step time="57300.00" loaded="69093" inserted="65327" running="1033" waiting="3766" ended="64294" arrived="64294" collisions="222" teleports="222" halting="2" stopped="0" meanWaitingTime="539.15" meanTravelTime="410.00" meanSpeed="11.34" meanSpeedRelative="0.35" duration="6"/>
    <step time="57600.00" loaded="69550" inserted="65792" running="1016" waiting="3758" ended="64776" arrived="64776" collisions="223" teleports="223" halting="3" stopped="0" meanWaitingTime="551.96" meanTravelTime="411.65" meanSpeed="11.11" meanSpeedRelative="0.35" duration="83"/>
    <step time="57900.00" loaded="70123" inserted="66307" running="1065" waiting="3816" ended="65242" arrived="65242" collisions="225" teleports="225" halting="3" stopped="0" meanWaitingTime="564.65" meanTravelTime="413.06" meanSpeed="11.12" meanSpeedRelative="0.35" duration="8"/>
    <step time="58200.00" loaded="70623" inserted="66797" running="1043" waiting="3826" ended="65754" arrived="65754" collisions="229" teleports="229" halting="4" stopped="0" meanWaitingTime="576.49" meanTravelTime="414.86" meanSpeed="11.35" meanSpeedRelative="0.35" duration="8"/>
    <step time="58500.00" loaded="71182" inserted="67336" running="1073" waiting="3846" ended="66263" arrived="66263" collisions="233" teleports="233" halting="3" stopped="0" meanWaitingTime="588.63" meanTravelTime="416.70" meanSpeed="11.32" meanSpeedRelative="0.35" duration="6"/>
    <step time="58800.00" loaded="71733" inserted="67842" running="1089" waiting="3891" ended="66753" arrived="66753" collisions="234" teleports="234" halting="3" stopped="0" meanWaitingTime="600.70" meanTravelTime="418.44" meanSpeed="10.95" meanSpeedRelative="0.34" duration="8"/>
    <step time="59100.00" loaded="72304" inserted="68365" running="1082" waiting="3939" ended="67283" arrived="67283" collisions="234" teleports="234" halting="2" stopped="0" meanWaitingTime="612.78" meanTravelTime="419.96" meanSpeed="11.01" meanSpeedRelative="0.34" duration="8"/>
    <step time="59400.00" loaded="72876" inserted="68908" running="1112" waiting="3968" ended="67796" arrived="67796" collisions="241" teleports="241" halting="1" stopped="0" meanWaitingTime="624.63" meanTravelTime="421.23" meanSpeed="11.05" meanSpeedRelative="0.35" duration="8"/>
    <step time="59700.00" loaded="73451" inserted="69432" running="1126" waiting="4019" ended="68306" arrived="68306" collisions="245" teleports="245" halting="4" stopped="0" meanWaitingTime="636.64" meanTravelTime="422.73" meanSpeed="11.01" meanSpeedRelative="0.34" duration="8"/>
    <step time="60000.00" loaded="73995" inserted="69923" running="1069" waiting="4072" ended="68854" arrived="68854" collisions="249" teleports="249" halting="3" stopped="0" meanWaitingTime="647.36" meanTravelTime="424.24" meanSpeed="10.91" meanSpeedRelative="0.34" duration="7"/>
    <step time="60300.00" loaded="74601" inserted="70443" running="1116" waiting="4158" ended="69327" arrived="69327" collisions="250" teleports="250" halting="3" stopped="0" meanWaitingTime="657.55" meanTravelTime="425.88" meanSpeed="11.09" meanSpeedRelative="0.35" duration="8"/>
    <step time="60600.00" loaded="75163" inserted="70964" running="1144" waiting="4199" ended="69820" arrived="69820" collisions="251" teleports="251" halting="4" stopped="0" meanWaitingTime="667.66" meanTravelTime="427.58" meanSpeed="10.31" meanSpeedRelative="0.32" duration="9"/>
    <step time="60900.00" loaded="75726" inserted="71454" running="1121" waiting="4272" ended="70333" arrived="70333" collisions="253" teleports="253" halting="2" stopped="0" meanWaitingTime="678.24" meanTravelTime="429.27" meanSpeed="10.27" meanSpeedRelative="0.32" duration="8"/>
    <step time="61200.00" loaded="76269" inserted="71973" running="1142" waiting="4296" ended="70831" arrived="70831" collisions="256" teleports="256" halting="2" stopped="0" meanWaitingTime="688.43" meanTravelTime="430.60" meanSpeed="10.37" meanSpeedRelative="0.32" duration="82"/>
    <step time="61500.00" loaded="76331" inserted="72307" running="1041" waiting="4024" ended="71266" arrived="71266" collisions="258" teleports="258" halting="1" stopped="0" meanWaitingTime="701.05" meanTravelTime="432.24" meanSpeed="10.73" meanSpeedRelative="0.34" duration="6"/>
    <step time="61800.00" loaded="76417" inserted="72691" running="988" waiting="3726" ended="71703" arrived="71703" collisions="259" teleports="259" halting="1" stopped="0" meanWaitingTime="714.96" meanTravelTime="434.37" meanSpeed="10.36" meanSpeedRelative="0.32" duration="7"/>
    <step time="62100.00" loaded="76481" inserted="73038" running="916" waiting="3443" ended="72122" arrived="72122" collisions="263" teleports="263" halting="1" stopped="0" meanWaitingTime="728.38" meanTravelTime="436.49" meanSpeed="9.72" meanSpeedRelative="0.30" duration="6"/>
    <step time="62400.00" loaded="76557" inserted="73412" running="905" waiting="3145" ended="72507" arrived="72507" collisions="265" teleports="265" halting="3" stopped="0" meanWaitingTime="742.94" meanTravelTime="438.18" meanSpeed="10.71" meanSpeedRelative="0.33" duration="7"/>
    <step time="62700.00" loaded="76624" inserted="73778" running="874" waiting="2846" ended="72904" arrived="72904" collisions="266" teleports="266" halting="6" stopped="0" meanWaitingTime="756.64" meanTravelTime="440.26" meanSpeed="10.80" meanSpeedRelative="0.34" duration="5"/>
    <step time="63000.00" loaded="76692" inserted="74166" running="846" waiting="2526" ended="73320" arrived="73320" collisions="267" teleports="267" halting="1" stopped="0" meanWaitingTime="771.20" meanTravelTime="442.03" meanSpeed="10.86" meanSpeedRelative="0.34" duration="6"/>
    <step time="63300.00" loaded="76767" inserted="74517" running="789" waiting="2250" ended="73728" arrived="73728" collisions="269" teleports="269" halting="1" stopped="0" meanWaitingTime="784.13" meanTravelTime="443.34" meanSpeed="11.10" meanSpeedRelative="0.35" duration="5"/>
    <step time="63600.00" loaded="76856" inserted="74869" running="738" waiting="1987" ended="74131" arrived="74131" collisions="270" teleports="270" halting="3" stopped="0" meanWaitingTime="798.01" meanTravelTime="444.29" meanSpeed="10.63" meanSpeedRelative="0.33" duration="4"/>
    <step time="63900.00" loaded="76935" inserted="75232" running="720" waiting="1703" ended="74512" arrived="74512" collisions="270" teleports="270" halting="4" stopped="0" meanWaitingTime="812.15" meanTravelTime="445.10" meanSpeed="12.11" meanSpeedRelative="0.38" duration="5"/>
    <step time="64200.00" loaded="77003" inserted="75595" running="687" waiting="1408" ended="74908" arrived="74908" collisions="271" teleports="271" halting="1" stopped="0" meanWaitingTime="824.54" meanTravelTime="446.08" meanSpeed="11.76" meanSpeedRelative="0.37" duration="4"/>
    <step time="64500.00" loaded="77065" inserted="75877" running="578" waiting="1188" ended="75299" arrived="75299" collisions="271" teleports="271" halting="0" stopped="0" meanWaitingTime="835.05" meanTravelTime="446.63" meanSpeed="13.41" meanSpeedRelative="0.42" duration="4"/>
    <step time="64800.00" loaded="77118" inserted="76113" running="402" waiting="1005" ended="75711" arrived="75711" collisions="271" teleports="271" halting="0" stopped="0" meanWaitingTime="843.73" meanTravelTime="447.26" meanSpeed="16.62" meanSpeedRelative="0.52" duration="92"/>
    <step time="65100.00" loaded="77168" inserted="76291" running="231" waiting="877" ended="76060" arrived="76060" collisions="272" teleports="272" halting="0" stopped="0" meanWaitingTime="851.32" meanTravelTime="447.94" meanSpeed="21.70" meanSpeedRelative="0.68" duration="1"/>
    <step time="65400.00" loaded="77209" inserted="76450" running="180" waiting="759" ended="76270" arrived="76270" collisions="273" teleports="273" halting="0" stopped="0" meanWaitingTime="858.94" meanTravelTime="447.84" meanSpeed="22.71" meanSpeedRelative="0.71" duration="2"/>
    <step time="65700.00" loaded="77269" inserted="76629" running="175" waiting="640" ended="76454" arrived="76454" collisions="273" teleports="273" halting="0" stopped="0" meanWaitingTime="866.49" meanTravelTime="447.54" meanSpeed="23.42" meanSpeedRelative="0.73" duration="1"/>
    <step time="66000.00" loaded="77311" inserted="76792" running="156" waiting="519" ended="76636" arrived="76636" collisions="273" teleports="273" halting="0" stopped="0" meanWaitingTime="872.64" meanTravelTime="447.31" meanSpeed="22.35" meanSpeedRelative="0.70" duration="1"/>
    <step time="66300.00" loaded="77362" inserted="76952" running="135" waiting="410" ended="76817" arrived="76817" collisions="273" teleports="273" halting="1" stopped="0" meanWaitingTime="877.32" meanTravelTime="446.88" meanSpeed="24.05" meanSpeedRelative="0.75" duration="1"/>
    <step time="66600.00" loaded="77417" inserted="77062" running="65" waiting="355" ended="76997" arrived="76997" collisions="274" teleports="274" halting="0" stopped="0" meanWaitingTime="881.38" meanTravelTime="446.47" meanSpeed="23.76" meanSpeedRelative="0.74" duration="0"/>
    <step time="66900.00" loaded="77472" inserted="77174" running="64" waiting="298" ended="77110" arrived="77110" collisions="274" teleports="274" halting="0" stopped="0" meanWaitingTime="885.56" meanTravelTime="446.13" meanSpeed="23.17" meanSpeedRelative="0.72" duration="0"/>
    <step time="67200.00" loaded="77526" inserted="77290" running="63" waiting="236" ended="77227" arrived="77227" collisions="274" teleports="274" halting="1" stopped="0" meanWaitingTime="890.09" meanTravelTime="445.72" meanSpeed="23.74" meanSpeedRelative="0.74" duration="0"/>
    <step time="67500.00" loaded="77575" inserted="77395" running="52" waiting="180" ended="77343" arrived="77343" collisions="274" teleports="274" halting="0" stopped="0" meanWaitingTime="894.23" meanTravelTime="445.29" meanSpeed="22.47" meanSpeedRelative="0.70" duration="1"/>
    <step time="67800.00" loaded="77631" inserted="77512" running="60" waiting="119" ended="77452" arrived="77452" collisions="274" teleports="274" halting="1" stopped="0" meanWaitingTime="898.73" meanTravelTime="444.88" meanSpeed="24.84" meanSpeedRelative="0.78" duration="1"/>
    <step time="68100.00" loaded="77680" inserted="77623" running="60" waiting="57" ended="77563" arrived="77563" collisions="274" teleports="274" halting="0" stopped="0" meanWaitingTime="901.50" meanTravelTime="444.48" meanSpeed="22.80" meanSpeedRelative="0.71" duration="0"/>
    <step time="68400.00" loaded="77716" inserted="77716" running="47" waiting="0" ended="77669" arrived="77669" collisions="274" teleports="274" halting="0" stopped="0" meanWaitingTime="901.82" meanTravelTime="444.05" meanSpeed="26.83" meanSpeedRelative="0.84" duration="87"/>
    <step time="68700.00" loaded="77870" inserted="77870" running="114" waiting="0" ended="77756" arrived="77756" collisions="274" teleports="274" halting="0" stopped="0" meanWaitingTime="900.04" meanTravelTime="443.79" meanSpeed="24.28" meanSpeedRelative="0.76" duration="0"/>
    <step time="69000.00" loaded="78036" inserted="78035" running="146" waiting="1" ended="77889" arrived="77889" collisions="275" teleports="275" halting="0" stopped="0" meanWaitingTime="898.13" meanTravelTime="443.42" meanSpeed="25.44" meanSpeedRelative="0.80" duration="1"/>
    <step time="69300.00" loaded="78187" inserted="78187" running="148" waiting="0" ended="78039" arrived="78039" collisions="275" teleports="275" halting="0" stopped="0" meanWaitingTime="896.39" meanTravelTime="443.07" meanSpeed="25.87" meanSpeedRelative="0.81" duration="0"/>
    <step time="69600.00" loaded="78340" inserted="78340" running="132" waiting="0" ended="78208" arrived="78208" collisions="275" teleports="275" halting="0" stopped="0" meanWaitingTime="894.64" meanTravelTime="442.69" meanSpeed="25.62" meanSpeedRelative="0.80" duration="1"/>
    <step time="69900.00" loaded="78495" inserted="78495" running="134" waiting="0" ended="78361" arrived="78361" collisions="275" teleports="275" halting="1" stopped="0" meanWaitingTime="892.87" meanTravelTime="442.40" meanSpeed="25.42" meanSpeedRelative="0.79" duration="1"/>
    <step time="70200.00" loaded="78658" inserted="78658" running="146" waiting="0" ended="78512" arrived="78512" collisions="275" teleports="275" halting="1" stopped="0" meanWaitingTime="891.02" meanTravelTime="442.02" meanSpeed="25.48" meanSpeedRelative="0.80" duration="1"/>
    <step time="70500.00" loaded="78839" inserted="78838" running="153" waiting="1" ended="78685" arrived="78685" collisions="276" teleports="276" halting="0" stopped="0" meanWaitingTime="888.99" meanTravelTime="441.61" meanSpeed="24.79" meanSpeedRelative="0.77" duration="1"/>
    <step time="70800.00" loaded="78995" inserted="78995" running="155" waiting="0" ended="78840" arrived="78840" collisions="276" teleports="276" halting="0" stopped="0" meanWaitingTime="887.22" meanTravelTime="441.29" meanSpeed="25.59" meanSpeedRelative="0.80" duration="1"/>
    <step time="71100.00" loaded="79134" inserted="79134" running="130" waiting="0" ended="79004" arrived="79004" collisions="276" teleports="276" halting="0" stopped="0" meanWaitingTime="885.67" meanTravelTime="440.98" meanSpeed="25.12" meanSpeedRelative="0.78" duration="1"/>
    <step time="71400.00" loaded="79295" inserted="79295" running="132" waiting="0" ended="79163" arrived="79163" collisions="276" teleports="276" halting="0" stopped="0" meanWaitingTime="883.87" meanTravelTime="440.63" meanSpeed="25.25" meanSpeedRelative="0.79" duration="1"/>
    <step time="71700.00" loaded="79426" inserted="79426" running="118" waiting="0" ended="79308" arrived="79308" collisions="276" teleports="276" halting="0" stopped="0" meanWaitingTime="882.41" meanTravelTime="440.34" meanSpeed="25.40" meanSpeedRelative="0.79" duration="1"/>
    <step time="72000.00" loaded="79590" inserted="79590" running="141" waiting="0" ended="79449" arrived="79449" collisions="276" teleports="276" halting="0" stopped="0" meanWaitingTime="880.59" meanTravelTime="440.00" meanSpeed="24.74" meanSpeedRelative="0.77" duration="81"/>
    <step time="72300.00" loaded="79721" inserted="79721" running="131" waiting="0" ended="79590" arrived="79590" collisions="276" teleports="276" halting="0" stopped="0" meanWaitingTime="879.15" meanTravelTime="439.68" meanSpeed="24.63" meanSpeedRelative="0.77" duration="1"/>
    <step time="72600.00" loaded="79856" inserted="79856" running="122" waiting="0" ended="79734" arrived="79734" collisions="276" teleports="276" halting="0" stopped="0" meanWaitingTime="877.66" meanTravelTime="439.39" meanSpeed="26.10" meanSpeedRelative="0.82" duration="1"/>
    <step time="72900.00" loaded="79984" inserted="79984" running="109" waiting="0" ended="79875" arrived="79875" collisions="276" teleports="276" halting="4" stopped="0" meanWaitingTime="876.26" meanTravelTime="439.11" meanSpeed="25.05" meanSpeedRelative="0.78" duration="1"/>
    <step time="73200.00" loaded="80127" inserted="80127" running="115" waiting="0" ended="80012" arrived="80012" collisions="276" teleports="276" halting="0" stopped="0" meanWaitingTime="874.69" meanTravelTime="438.78" meanSpeed="25.52" meanSpeedRelative="0.80" duration="1"/>
    <step time="73500.00" loaded="80262" inserted="80262" running="121" waiting="0" ended="80141" arrived="80141" collisions="276" teleports="276" halting="0" stopped="0" meanWaitingTime="873.22" meanTravelTime="438.45" meanSpeed="24.70" meanSpeedRelative="0.77" duration="0"/>
    <step time="73800.00" loaded="80388" inserted="80387" running="107" waiting="1" ended="80280" arrived="80280" collisions="276" teleports="276" halting="1" stopped="0" meanWaitingTime="871.86" meanTravelTime="438.13" meanSpeed="25.26" meanSpeedRelative="0.79" duration="1"/>
    <step time="74100.00" loaded="80546" inserted="80545" running="124" waiting="1" ended="80421" arrived="80421" collisions="277" teleports="277" halting="0" stopped="0" meanWaitingTime="870.15" meanTravelTime="437.79" meanSpeed="24.70" meanSpeedRelative="0.77" duration="0"/>
    <step time="74400.00" loaded="80686" inserted="80686" running="124" waiting="0" ended="80562" arrived="80562" collisions="278" teleports="278" halting="0" stopped="0" meanWaitingTime="868.63" meanTravelTime="437.49" meanSpeed="25.05" meanSpeedRelative="0.78" duration="0"/>
    <step time="74700.00" loaded="80819" inserted="80819" running="113" waiting="0" ended="80706" arrived="80706" collisions="278" teleports="278" halting="1" stopped="0" meanWaitingTime="867.21" meanTravelTime="437.18" meanSpeed="25.63" meanSpeedRelative="0.80" duration="1"/>
    <step time="75000.00" loaded="80937" inserted="80937" running="98" waiting="0" ended="80839" arrived="80839" collisions="278" teleports="278" halting="0" stopped="0" meanWaitingTime="865.94" meanTravelTime="436.86" meanSpeed="25.25" meanSpeedRelative="0.79" duration="1"/>
    <step time="75300.00" loaded="81080" inserted="81080" running="117" waiting="0" ended="80963" arrived="80963" collisions="278" teleports="278" halting="0" stopped="0" meanWaitingTime="864.41" meanTravelTime="436.57" meanSpeed="26.60" meanSpeedRelative="0.83" duration="1"/>
    <step time="75600.00" loaded="81226" inserted="81226" running="118" waiting="0" ended="81108" arrived="81108" collisions="278" teleports="278" halting="0" stopped="0" meanWaitingTime="862.86" meanTravelTime="436.21" meanSpeed="25.53" meanSpeedRelative="0.80" duration="83"/>
    <step time="75900.00" loaded="81412" inserted="81412" running="150" waiting="0" ended="81262" arrived="81262" collisions="280" teleports="280" halting="0" stopped="0" meanWaitingTime="860.89" meanTravelTime="435.85" meanSpeed="23.86" meanSpeedRelative="0.75" duration="2"/>
    <step time="76200.00" loaded="81625" inserted="81625" running="193" waiting="0" ended="81432" arrived="81432" collisions="280" teleports="280" halting="2" stopped="0" meanWaitingTime="858.65" meanTravelTime="435.49" meanSpeed="24.90" meanSpeedRelative="0.78" duration="1"/>
    <step time="76500.00" loaded="81820" inserted="81820" running="177" waiting="0" ended="81643" arrived="81643" collisions="280" teleports="280" halting="1" stopped="0" meanWaitingTime="856.60" meanTravelTime="435.03" meanSpeed="25.40" meanSpeedRelative="0.79" duration="1"/>
    <step time="76800.00" loaded="82035" inserted="82034" running="185" waiting="1" ended="81849" arrived="81849" collisions="280" teleports="280" halting="0" stopped="0" meanWaitingTime="854.37" meanTravelTime="434.61" meanSpeed="24.65" meanSpeedRelative="0.77" duration="1"/>
    <step time="77100.00" loaded="82219" inserted="82219" running="183" waiting="0" ended="82036" arrived="82036" collisions="280" teleports="280" halting="0" stopped="0" meanWaitingTime="852.45" meanTravelTime="434.22" meanSpeed="24.47" meanSpeedRelative="0.76" duration="1"/>
    <step time="77400.00" loaded="82406" inserted="82406" running="168" waiting="0" ended="82238" arrived="82238" collisions="281" teleports="281" halting="0" stopped="0" meanWaitingTime="850.51" meanTravelTime="433.82" meanSpeed="24.86" meanSpeedRelative="0.78" duration="1"/>
    <step time="77700.00" loaded="82617" inserted="82617" running="189" waiting="0" ended="82428" arrived="82428" collisions="281" teleports="281" halting="0" stopped="0" meanWaitingTime="848.34" meanTravelTime="433.44" meanSpeed="24.68" meanSpeedRelative="0.77" duration="1"/>
    <step time="78000.00" loaded="82798" inserted="82798" running="180" waiting="0" ended="82618" arrived="82618" collisions="281" teleports="281" halting="0" stopped="0" meanWaitingTime="846.49" meanTravelTime="433.07" meanSpeed="25.39" meanSpeedRelative="0.79" duration="1"/>
    <step time="78300.00" loaded="82980" inserted="82980" running="158" waiting="0" ended="82822" arrived="82822" collisions="281" teleports="281" halting="0" stopped="0" meanWaitingTime="844.63" meanTravelTime="432.68" meanSpeed="25.37" meanSpeedRelative="0.79" duration="1"/>
    <step time="78600.00" loaded="83195" inserted="83194" running="178" waiting="1" ended="83016" arrived="83016" collisions="281" teleports="281" halting="0" stopped="0" meanWaitingTime="842.46" meanTravelTime="432.29" meanSpeed="25.35" meanSpeedRelative="0.79" duration="1"/>
    <step time="78900.00" loaded="83382" inserted="83382" running="159" waiting="0" ended="83223" arrived="83223" collisions="281" teleports="281" halting="0" stopped="0" meanWaitingTime="840.56" meanTravelTime="431.85" meanSpeed="25.48" meanSpeedRelative="0.80" duration="1"/>
    <step time="79200.00" loaded="83552" inserted="83552" running="150" waiting="0" ended="83402" arrived="83402" collisions="281" teleports="281" halting="1" stopped="0" meanWaitingTime="838.85" meanTravelTime="431.47" meanSpeed="25.22" meanSpeedRelative="0.79" duration="81"/>
    <step time="79500.00" loaded="83744" inserted="83744" running="170" waiting="0" ended="83574" arrived="83574" collisions="281" teleports="281" halting="0" stopped="0" meanWaitingTime="836.93" meanTravelTime="431.14" meanSpeed="25.28" meanSpeedRelative="0.79" duration="1"/>
    <step time="79800.00" loaded="83927" inserted="83927" running="175" waiting="0" ended="83752" arrived="83752" collisions="281" teleports="281" halting="1" stopped="0" meanWaitingTime="835.11" meanTravelTime="430.80" meanSpeed="24.76" meanSpeedRelative="0.77" duration="1"/>
    <step time="80100.00" loaded="84113" inserted="84113" running="163" waiting="0" ended="83950" arrived="83950" collisions="281" teleports="281" halting="0" stopped="0" meanWaitingTime="833.26" meanTravelTime="430.43" meanSpeed="24.89" meanSpeedRelative="0.78" duration="2"/>
    <step time="80400.00" loaded="84283" inserted="84283" running="159" waiting="0" ended="84124" arrived="84124" collisions="281" teleports="281" halting="1" stopped="0" meanWaitingTime="831.58" meanTravelTime="430.08" meanSpeed="25.52" meanSpeedRelative="0.80" duration="2"/>
    <step time="80700.00" loaded="84457" inserted="84457" running="138" waiting="0" ended="84319" arrived="84319" collisions="281" teleports="281" halting="1" stopped="0" meanWaitingTime="829.87" meanTravelTime="429.73" meanSpeed="25.33" meanSpeedRelative="0.79" duration="1"/>
    <step time="81000.00" loaded="84606" inserted="84606" running="130" waiting="0" ended="84476" arrived="84476" collisions="282" teleports="282" halting="0" stopped="0" meanWaitingTime="828.41" meanTravelTime="429.36" meanSpeed="25.60" meanSpeedRelative="0.80" duration="1"/>
    <step time="81300.00" loaded="84792" inserted="84791" running="155" waiting="1" ended="84636" arrived="84636" collisions="282" teleports="282" halting="0" stopped="0" meanWaitingTime="826.60" meanTravelTime="429.00" meanSpeed="25.03" meanSpeedRelative="0.78" duration="1"/>
    <step time="81600.00" loaded="84952" inserted="84952" running="147" waiting="0" ended="84805" arrived="84805" collisions="282" teleports="282" halting="0" stopped="0" meanWaitingTime="825.03" meanTravelTime="428.68" meanSpeed="24.78" meanSpeedRelative="0.77" duration="1"/>
    <step time="81900.00" loaded="85147" inserted="85146" running="159" waiting="1" ended="84987" arrived="84987" collisions="282" teleports="282" halting="2" stopped="0" meanWaitingTime="823.16" meanTravelTime="428.30" meanSpeed="24.40" meanSpeedRelative="0.76" duration="2"/>
    <step time="82200.00" loaded="85329" inserted="85329" running="164" waiting="0" ended="85165" arrived="85165" collisions="283" teleports="283" halting="0" stopped="0" meanWaitingTime="821.39" meanTravelTime="428.01" meanSpeed="25.02" meanSpeedRelative="0.78" duration="1"/>
    <step time="82500.00" loaded="85501" inserted="85501" running="181" waiting="0" ended="85320" arrived="85320" collisions="283" teleports="283" halting="0" stopped="0" meanWaitingTime="819.74" meanTravelTime="427.71" meanSpeed="24.69" meanSpeedRelative="0.77" duration="1"/>
</summary>
