<?xml version="1.0" encoding="UTF-8"?>

<!-- generated on 2025-08-07 15:05:41 by Eclipse SUMO sumo Version 1.23.1
<sumoConfiguration xmlns:xsi="http://www.w3.org/2001/XMLSchema-instance" xsi:noNamespaceSchemaLocation="http://sumo.dlr.de/xsd/sumoConfiguration.xsd">

    <input>
        <net-file value="Desktop\Master Thesis\Network_fin.net.xml"/>
        <route-files value="Desktop\Master Thesis\demand_model_amsterdam.rou.xml"/>
        <additional-files value="Desktop\Master Thesis\Additionnal.add.xml"/>
    </input>

    <output>
        <summary-output value="outputf/summary_no_control_K16_target5_44835.xml"/>
        <summary-output.period value="300"/>
        <tripinfo-output value="outputf/tripinfo_no_control_K16_target5_44835.xml"/>
    </output>

    <time>
        <begin value="0"/>
        <end value="82800"/>
        <step-length value="1"/>
    </time>

    <processing>
        <time-to-teleport value="-1"/>
    </processing>

    <report>
        <verbose value="true"/>
        <no-step-log value="true"/>
    </report>

    <emissions>
        <device.emissions.period value="10"/>
    </emissions>

    <traci_server>
        <remote-port value="63735"/>
    </traci_server>

    <random_number>
        <seed value="44835"/>
    </random_number>

</sumoConfiguration>
-->

<summary xmlns:xsi="http://www.w3.org/2001/XMLSchema-instance" xsi:noNamespaceSchemaLocation="http://sumo.dlr.de/xsd/summary_file.xsd">
    <step time="0.00" loaded="2" inserted="2" running="2" waiting="0" ended="0" arrived="0" collisions="0" teleports="0" halting="2" stopped="0" meanWaitingTime="0.00" meanTravelTime="-1.00" meanSpeed="0.00" meanSpeedRelative="0.00" duration="0"/>
    <step time="300.00" loaded="182" inserted="182" running="111" waiting="0" ended="71" arrived="71" collisions="0" teleports="0" halting="1" stopped="0" meanWaitingTime="0.24" meanTravelTime="106.62" meanSpeed="25.18" meanSpeedRelative="0.79" duration="1"/>
    <step time="600.00" loaded="397" inserted="397" running="164" waiting="0" ended="233" arrived="233" collisions="0" teleports="0" halting="0" stopped="0" meanWaitingTime="0.42" meanTravelTime="161.18" meanSpeed="25.70" meanSpeedRelative="0.80" duration="1"/>
    <step time="900.00" loaded="570" inserted="570" running="162" waiting="0" ended="408" arrived="408" collisions="2" teleports="2" halting="1" stopped="0" meanWaitingTime="0.39" meanTravelTime="187.78" meanSpeed="24.30" meanSpeedRelative="0.76" duration="2"/>
    <step time="1200.00" loaded="735" inserted="735" running="151" waiting="0" ended="584" arrived="584" collisions="2" teleports="2" halting="2" stopped="0" meanWaitingTime="0.38" meanTravelTime="213.22" meanSpeed="25.46" meanSpeedRelative="0.80" duration="1"/>
    <step time="1500.00" loaded="904" inserted="902" running="150" waiting="2" ended="752" arrived="752" collisions="2" teleports="2" halting="1" stopped="0" meanWaitingTime="0.39" meanTravelTime="228.34" meanSpeed="24.95" meanSpeedRelative="0.78" duration="0"/>
    <step time="1800.00" loaded="1087" inserted="1087" running="155" waiting="0" ended="932" arrived="932" collisions="2" teleports="2" halting="0" stopped="0" meanWaitingTime="0.39" meanTravelTime="228.31" meanSpeed="24.64" meanSpeedRelative="0.77" duration="1"/>
    <step time="2100.00" loaded="1266" inserted="1265" running="168" waiting="1" ended="1097" arrived="1097" collisions="2" teleports="2" halting="1" stopped="0" meanWaitingTime="0.39" meanTravelTime="234.39" meanSpeed="24.70" meanSpeedRelative="0.77" duration="1"/>
    <step time="2400.00" loaded="1450" inserted="1450" running="156" waiting="0" ended="1294" arrived="1294" collisions="2" teleports="2" halting="1" stopped="0" meanWaitingTime="0.40" meanTravelTime="240.79" meanSpeed="25.15" meanSpeedRelative="0.79" duration="2"/>
    <step time="2700.00" loaded="1625" inserted="1625" running="144" waiting="0" ended="1481" arrived="1481" collisions="2" teleports="2" halting="0" stopped="0" meanWaitingTime="0.39" meanTravelTime="240.90" meanSpeed="25.13" meanSpeedRelative="0.79" duration="1"/>
    <step time="3000.00" loaded="1807" inserted="1807" running="144" waiting="0" ended="1663" arrived="1663" collisions="3" teleports="3" halting="0" stopped="0" meanWaitingTime="0.37" meanTravelTime="243.10" meanSpeed="25.29" meanSpeedRelative="0.79" duration="0"/>
    <step time="3300.00" loaded="2006" inserted="2006" running="164" waiting="0" ended="1842" arrived="1842" collisions="3" teleports="3" halting="1" stopped="0" meanWaitingTime="0.39" meanTravelTime="244.66" meanSpeed="24.37" meanSpeedRelative="0.76" duration="1"/>
    <step time="3600.00" loaded="2159" inserted="2159" running="150" waiting="0" ended="2009" arrived="2009" collisions="3" teleports="3" halting="0" stopped="0" meanWaitingTime="0.39" meanTravelTime="247.36" meanSpeed="25.34" meanSpeedRelative="0.79" duration="85"/>
    <step time="3900.00" loaded="2260" inserted="2260" running="109" waiting="0" ended="2151" arrived="2151" collisions="3" teleports="3" halting="1" stopped="0" meanWaitingTime="0.38" meanTravelTime="250.68" meanSpeed="25.93" meanSpeedRelative="0.81" duration="1"/>
    <step time="4200.00" loaded="2365" inserted="2365" running="99" waiting="0" ended="2266" arrived="2266" collisions="3" teleports="3" halting="0" stopped="0" meanWaitingTime="0.37" meanTravelTime="252.24" meanSpeed="25.43" meanSpeedRelative="0.79" duration="1"/>
    <step time="4500.00" loaded="2493" inserted="2493" running="106" waiting="0" ended="2387" arrived="2387" collisions="3" teleports="3" halting="0" stopped="0" meanWaitingTime="0.37" meanTravelTime="253.12" meanSpeed="24.97" meanSpeedRelative="0.78" duration="1"/>
    <step time="4800.00" loaded="2619" inserted="2619" running="101" waiting="0" ended="2518" arrived="2518" collisions="3" teleports="3" halting="2" stopped="0" meanWaitingTime="0.36" meanTravelTime="254.04" meanSpeed="26.45" meanSpeedRelative="0.83" duration="1"/>
    <step time="5100.00" loaded="2714" inserted="2713" running="80" waiting="1" ended="2633" arrived="2633" collisions="4" teleports="4" halting="0" stopped="0" meanWaitingTime="0.35" meanTravelTime="254.32" meanSpeed="25.17" meanSpeedRelative="0.79" duration="0"/>
    <step time="5400.00" loaded="2828" inserted="2828" running="105" waiting="0" ended="2723" arrived="2723" collisions="4" teleports="4" halting="0" stopped="0" meanWaitingTime="0.35" meanTravelTime="254.85" meanSpeed="25.62" meanSpeedRelative="0.80" duration="0"/>
    <step time="5700.00" loaded="2933" inserted="2933" running="85" waiting="0" ended="2848" arrived="2848" collisions="4" teleports="4" halting="1" stopped="0" meanWaitingTime="0.34" meanTravelTime="254.59" meanSpeed="26.54" meanSpeedRelative="0.83" duration="1"/>
    <step time="6000.00" loaded="3046" inserted="3046" running="93" waiting="0" ended="2953" arrived="2953" collisions="4" teleports="4" halting="0" stopped="0" meanWaitingTime="0.33" meanTravelTime="254.14" meanSpeed="26.70" meanSpeedRelative="0.83" duration="0"/>
    <step time="6300.00" loaded="3143" inserted="3142" running="90" waiting="1" ended="3052" arrived="3052" collisions="4" teleports="4" halting="1" stopped="0" meanWaitingTime="0.33" meanTravelTime="254.90" meanSpeed="25.03" meanSpeedRelative="0.78" duration="1"/>
    <step time="6600.00" loaded="3259" inserted="3259" running="89" waiting="0" ended="3170" arrived="3170" collisions="4" teleports="4" halting="1" stopped="0" meanWaitingTime="0.34" meanTravelTime="255.11" meanSpeed="25.31" meanSpeedRelative="0.79" duration="1"/>
    <step time="6900.00" loaded="3386" inserted="3386" running="98" waiting="0" ended="3288" arrived="3288" collisions="5" teleports="5" halting="0" stopped="0" meanWaitingTime="0.33" meanTravelTime="254.14" meanSpeed="25.09" meanSpeedRelative="0.78" duration="1"/>
    <step time="7200.00" loaded="3496" inserted="3496" running="101" waiting="0" ended="3395" arrived="3395" collisions="5" teleports="5" halting="1" stopped="0" meanWaitingTime="0.33" meanTravelTime="254.50" meanSpeed="25.60" meanSpeedRelative="0.80" duration="85"/>
    <step time="7500.00" loaded="3628" inserted="3628" running="122" waiting="0" ended="3506" arrived="3506" collisions="5" teleports="5" halting="0" stopped="0" meanWaitingTime="0.33" meanTravelTime="253.99" meanSpeed="24.31" meanSpeedRelative="0.76" duration="1"/>
    <step time="7800.00" loaded="3785" inserted="3785" running="140" waiting="0" ended="3645" arrived="3645" collisions="5" teleports="5" halting="3" stopped="0" meanWaitingTime="0.33" meanTravelTime="253.93" meanSpeed="24.99" meanSpeedRelative="0.78" duration="1"/>
    <step time="8100.00" loaded="3953" inserted="3952" running="148" waiting="1" ended="3804" arrived="3804" collisions="5" teleports="5" halting="1" stopped="0" meanWaitingTime="0.33" meanTravelTime="254.26" meanSpeed="25.37" meanSpeedRelative="0.79" duration="0"/>
    <step time="8400.00" loaded="4103" inserted="4102" running="137" waiting="1" ended="3965" arrived="3965" collisions="5" teleports="5" halting="0" stopped="0" meanWaitingTime="0.33" meanTravelTime="254.60" meanSpeed="25.81" meanSpeedRelative="0.81" duration="1"/>
    <step time="8700.00" loaded="4244" inserted="4244" running="134" waiting="0" ended="4110" arrived="4110" collisions="5" teleports="5" halting="1" stopped="0" meanWaitingTime="0.34" meanTravelTime="255.56" meanSpeed="25.12" meanSpeedRelative="0.79" duration="1"/>
    <step time="9000.00" loaded="4409" inserted="4408" running="136" waiting="1" ended="4272" arrived="4272" collisions="5" teleports="5" halting="1" stopped="0" meanWaitingTime="0.35" meanTravelTime="255.28" meanSpeed="25.90" meanSpeedRelative="0.81" duration="1"/>
    <step time="9300.00" loaded="4558" inserted="4558" running="140" waiting="0" ended="4418" arrived="4418" collisions="6" teleports="6" halting="1" stopped="0" meanWaitingTime="0.35" meanTravelTime="255.65" meanSpeed="25.65" meanSpeedRelative="0.80" duration="1"/>
    <step time="9600.00" loaded="4714" inserted="4714" running="123" waiting="0" ended="4591" arrived="4591" collisions="6" teleports="6" halting="1" stopped="0" meanWaitingTime="0.35" meanTravelTime="255.91" meanSpeed="25.51" meanSpeedRelative="0.80" duration="1"/>
    <step time="9900.00" loaded="4872" inserted="4872" running="122" waiting="0" ended="4750" arrived="4750" collisions="6" teleports="6" halting="0" stopped="0" meanWaitingTime="0.35" meanTravelTime="255.17" meanSpeed="25.72" meanSpeedRelative="0.80" duration="1"/>
    <step time="10200.00" loaded="5049" inserted="5049" running="138" waiting="0" ended="4911" arrived="4911" collisions="6" teleports="6" halting="0" stopped="0" meanWaitingTime="0.36" meanTravelTime="254.74" meanSpeed="23.65" meanSpeedRelative="0.74" duration="1"/>
    <step time="10500.00" loaded="5211" inserted="5211" running="135" waiting="0" ended="5076" arrived="5076" collisions="6" teleports="6" halting="1" stopped="0" meanWaitingTime="0.36" meanTravelTime="253.95" meanSpeed="25.33" meanSpeedRelative="0.79" duration="1"/>
    <step time="10800.00" loaded="5379" inserted="5379" running="133" waiting="0" ended="5246" arrived="5246" collisions="6" teleports="6" halting="0" stopped="0" meanWaitingTime="0.36" meanTravelTime="253.55" meanSpeed="25.60" meanSpeedRelative="0.80" duration="89"/>
    <step time="11100.00" loaded="5535" inserted="5535" running="124" waiting="0" ended="5411" arrived="5411" collisions="6" teleports="6" halting="0" stopped="0" meanWaitingTime="0.35" meanTravelTime="253.61" meanSpeed="25.38" meanSpeedRelative="0.79" duration="1"/>
    <step time="11400.00" loaded="5682" inserted="5682" running="115" waiting="0" ended="5567" arrived="5567" collisions="6" teleports="6" halting="1" stopped="0" meanWaitingTime="0.35" meanTravelTime="254.13" meanSpeed="24.44" meanSpeedRelative="0.76" duration="1"/>
    <step time="11700.00" loaded="5829" inserted="5829" running="119" waiting="0" ended="5710" arrived="5710" collisions="6" teleports="6" halting="1" stopped="0" meanWaitingTime="0.35" meanTravelTime="252.65" meanSpeed="25.25" meanSpeedRelative="0.79" duration="1"/>
    <step time="12000.00" loaded="5964" inserted="5964" running="105" waiting="0" ended="5859" arrived="5859" collisions="6" teleports="6" halting="0" stopped="0" meanWaitingTime="0.35" meanTravelTime="252.76" meanSpeed="24.89" meanSpeedRelative="0.78" duration="0"/>
    <step time="12300.00" loaded="6112" inserted="6112" running="110" waiting="0" ended="6002" arrived="6002" collisions="6" teleports="6" halting="0" stopped="0" meanWaitingTime="0.35" meanTravelTime="252.48" meanSpeed="25.37" meanSpeedRelative="0.79" duration="0"/>
    <step time="12600.00" loaded="6250" inserted="6250" running="108" waiting="0" ended="6142" arrived="6142" collisions="6" teleports="6" halting="1" stopped="0" meanWaitingTime="0.35" meanTravelTime="251.71" meanSpeed="25.56" meanSpeedRelative="0.80" duration="1"/>
    <step time="12900.00" loaded="6380" inserted="6380" running="91" waiting="0" ended="6289" arrived="6289" collisions="6" teleports="6" halting="0" stopped="0" meanWaitingTime="0.35" meanTravelTime="250.63" meanSpeed="25.00" meanSpeedRelative="0.78" duration="1"/>
    <step time="13200.00" loaded="6525" inserted="6525" running="114" waiting="0" ended="6411" arrived="6411" collisions="6" teleports="6" halting="2" stopped="0" meanWaitingTime="0.35" meanTravelTime="249.91" meanSpeed="24.93" meanSpeedRelative="0.78" duration="0"/>
    <step time="13500.00" loaded="6662" inserted="6662" running="119" waiting="0" ended="6543" arrived="6543" collisions="7" teleports="7" halting="0" stopped="0" meanWaitingTime="0.35" meanTravelTime="249.53" meanSpeed="26.12" meanSpeedRelative="0.82" duration="1"/>
    <step time="13800.00" loaded="6824" inserted="6824" running="128" waiting="0" ended="6696" arrived="6696" collisions="7" teleports="7" halting="1" stopped="0" meanWaitingTime="0.35" meanTravelTime="249.36" meanSpeed="25.27" meanSpeedRelative="0.79" duration="1"/>
    <step time="14100.00" loaded="6976" inserted="6976" running="118" waiting="0" ended="6858" arrived="6858" collisions="7" teleports="7" halting="1" stopped="0" meanWaitingTime="0.35" meanTravelTime="249.21" meanSpeed="24.76" meanSpeedRelative="0.77" duration="1"/>
    <step time="14400.00" loaded="7121" inserted="7121" running="120" waiting="0" ended="7001" arrived="7001" collisions="7" teleports="7" halting="1" stopped="0" meanWaitingTime="0.35" meanTravelTime="248.81" meanSpeed="25.46" meanSpeedRelative="0.80" duration="86"/>
    <step time="14700.00" loaded="7213" inserted="7213" running="67" waiting="0" ended="7146" arrived="7146" collisions="7" teleports="7" halting="1" stopped="0" meanWaitingTime="0.35" meanTravelTime="248.81" meanSpeed="26.32" meanSpeedRelative="0.82" duration="0"/>
    <step time="15000.00" loaded="7316" inserted="7316" running="80" waiting="0" ended="7236" arrived="7236" collisions="7" teleports="7" halting="1" stopped="0" meanWaitingTime="0.35" meanTravelTime="248.56" meanSpeed="25.26" meanSpeedRelative="0.79" duration="1"/>
    <step time="15300.00" loaded="7425" inserted="7425" running="76" waiting="0" ended="7349" arrived="7349" collisions="7" teleports="7" halting="0" stopped="0" meanWaitingTime="0.35" meanTravelTime="247.95" meanSpeed="25.57" meanSpeedRelative="0.80" duration="1"/>
    <step time="15600.00" loaded="7518" inserted="7518" running="66" waiting="0" ended="7452" arrived="7452" collisions="7" teleports="7" halting="0" stopped="0" meanWaitingTime="0.34" meanTravelTime="247.69" meanSpeed="26.23" meanSpeedRelative="0.82" duration="0"/>
    <step time="15900.00" loaded="7607" inserted="7607" running="62" waiting="0" ended="7545" arrived="7545" collisions="7" teleports="7" halting="0" stopped="0" meanWaitingTime="0.34" meanTravelTime="247.47" meanSpeed="25.31" meanSpeedRelative="0.79" duration="0"/>
    <step time="16200.00" loaded="7710" inserted="7710" running="84" waiting="0" ended="7626" arrived="7626" collisions="7" teleports="7" halting="0" stopped="0" meanWaitingTime="0.34" meanTravelTime="246.79" meanSpeed="26.53" meanSpeedRelative="0.83" duration="1"/>
    <step time="16500.00" loaded="7817" inserted="7817" running="71" waiting="0" ended="7746" arrived="7746" collisions="7" teleports="7" halting="0" stopped="0" meanWaitingTime="0.34" meanTravelTime="246.57" meanSpeed="26.16" meanSpeedRelative="0.82" duration="0"/>
    <step time="16800.00" loaded="7916" inserted="7916" running="78" waiting="0" ended="7838" arrived="7838" collisions="7" teleports="7" halting="1" stopped="0" meanWaitingTime="0.34" meanTravelTime="246.31" meanSpeed="24.59" meanSpeedRelative="0.77" duration="1"/>
    <step time="17100.00" loaded="8009" inserted="8008" running="71" waiting="1" ended="7937" arrived="7937" collisions="7" teleports="7" halting="0" stopped="0" meanWaitingTime="0.34" meanTravelTime="245.96" meanSpeed="26.63" meanSpeedRelative="0.83" duration="0"/>
    <step time="17400.00" loaded="8100" inserted="8100" running="55" waiting="0" ended="8045" arrived="8045" collisions="7" teleports="7" halting="0" stopped="0" meanWaitingTime="0.34" meanTravelTime="245.57" meanSpeed="26.87" meanSpeedRelative="0.84" duration="0"/>
    <step time="17700.00" loaded="8197" inserted="8197" running="62" waiting="0" ended="8135" arrived="8135" collisions="7" teleports="7" halting="1" stopped="0" meanWaitingTime="0.34" meanTravelTime="245.16" meanSpeed="24.84" meanSpeedRelative="0.78" duration="1"/>
    <step time="18000.00" loaded="8293" inserted="8293" running="61" waiting="0" ended="8232" arrived="8232" collisions="7" teleports="7" halting="0" stopped="0" meanWaitingTime="0.34" meanTravelTime="244.32" meanSpeed="26.09" meanSpeedRelative="0.82" duration="79"/>
    <step time="18300.00" loaded="8491" inserted="8491" running="119" waiting="0" ended="8372" arrived="8372" collisions="7" teleports="7" halting="2" stopped="0" meanWaitingTime="0.34" meanTravelTime="243.09" meanSpeed="24.92" meanSpeedRelative="0.78" duration="0"/>
    <step time="18600.00" loaded="8684" inserted="8684" running="153" waiting="0" ended="8531" arrived="8531" collisions="7" teleports="7" halting="1" stopped="0" meanWaitingTime="0.35" meanTravelTime="242.07" meanSpeed="25.01" meanSpeedRelative="0.78" duration="1"/>
    <step time="18900.00" loaded="8902" inserted="8901" running="169" waiting="1" ended="8732" arrived="8732" collisions="7" teleports="7" halting="0" stopped="0" meanWaitingTime="0.37" meanTravelTime="242.18" meanSpeed="24.76" meanSpeedRelative="0.77" duration="1"/>
    <step time="19200.00" loaded="9093" inserted="9091" running="153" waiting="2" ended="8938" arrived="8938" collisions="8" teleports="8" halting="1" stopped="0" meanWaitingTime="0.39" meanTravelTime="241.79" meanSpeed="24.35" meanSpeedRelative="0.76" duration="1"/>
    <step time="19500.00" loaded="9276" inserted="9276" running="133" waiting="0" ended="9143" arrived="9143" collisions="8" teleports="8" halting="0" stopped="0" meanWaitingTime="0.40" meanTravelTime="241.76" meanSpeed="25.97" meanSpeedRelative="0.81" duration="0"/>
    <step time="19800.00" loaded="9476" inserted="9475" running="147" waiting="1" ended="9328" arrived="9328" collisions="8" teleports="8" halting="1" stopped="0" meanWaitingTime="0.42" meanTravelTime="241.72" meanSpeed="24.18" meanSpeedRelative="0.76" duration="1"/>
    <step time="20100.00" loaded="9692" inserted="9690" running="166" waiting="2" ended="9524" arrived="9524" collisions="8" teleports="8" halting="0" stopped="0" meanWaitingTime="0.43" meanTravelTime="241.44" meanSpeed="25.29" meanSpeedRelative="0.79" duration="1"/>
    <step time="20400.00" loaded="9861" inserted="9861" running="133" waiting="0" ended="9728" arrived="9728" collisions="8" teleports="8" halting="1" stopped="0" meanWaitingTime="0.44" meanTravelTime="241.12" meanSpeed="24.93" meanSpeedRelative="0.78" duration="1"/>
    <step time="20700.00" loaded="10069" inserted="10068" running="170" waiting="1" ended="9898" arrived="9898" collisions="8" teleports="8" halting="1" stopped="0" meanWaitingTime="0.46" meanTravelTime="241.12" meanSpeed="24.43" meanSpeedRelative="0.76" duration="1"/>
    <step time="21000.00" loaded="10259" inserted="10259" running="153" waiting="0" ended="10106" arrived="10106" collisions="8" teleports="8" halting="0" stopped="0" meanWaitingTime="0.47" meanTravelTime="241.08" meanSpeed="25.20" meanSpeedRelative="0.79" duration="0"/>
    <step time="21300.00" loaded="10450" inserted="10450" running="141" waiting="0" ended="10309" arrived="10309" collisions="8" teleports="8" halting="2" stopped="0" meanWaitingTime="0.47" meanTravelTime="241.36" meanSpeed="25.59" meanSpeedRelative="0.80" duration="1"/>
    <step time="21600.00" loaded="10630" inserted="10627" running="144" waiting="3" ended="10483" arrived="10483" collisions="8" teleports="8" halting="5" stopped="0" meanWaitingTime="0.48" meanTravelTime="241.13" meanSpeed="23.54" meanSpeedRelative="0.74" duration="78"/>
    <step time="21900.00" loaded="11091" inserted="11058" running="351" waiting="33" ended="10707" arrived="10707" collisions="8" teleports="8" halting="4" stopped="0" meanWaitingTime="0.75" meanTravelTime="240.69" meanSpeed="21.49" meanSpeedRelative="0.67" duration="2"/>
    <step time="22200.00" loaded="11574" inserted="11509" running="439" waiting="65" ended="11070" arrived="11070" collisions="11" teleports="11" halting="3" stopped="0" meanWaitingTime="1.95" meanTravelTime="240.64" meanSpeed="20.71" meanSpeedRelative="0.65" duration="3"/>
    <step time="22500.00" loaded="12050" inserted="11957" running="474" waiting="93" ended="11483" arrived="11483" collisions="11" teleports="11" halting="0" stopped="0" meanWaitingTime="3.67" meanTravelTime="242.66" meanSpeed="19.62" meanSpeedRelative="0.61" duration="2"/>
    <step time="22800.00" loaded="12503" inserted="12392" running="479" waiting="111" ended="11913" arrived="11913" collisions="11" teleports="11" halting="1" stopped="0" meanWaitingTime="5.72" meanTravelTime="245.15" meanSpeed="19.17" meanSpeedRelative="0.60" duration="3"/>
    <step time="23100.00" loaded="12959" inserted="12821" running="492" waiting="138" ended="12329" arrived="12329" collisions="13" teleports="13" halting="1" stopped="0" meanWaitingTime="8.21" meanTravelTime="248.26" meanSpeed="19.41" meanSpeedRelative="0.61" duration="2"/>
    <step time="23400.00" loaded="13407" inserted="13260" running="512" waiting="147" ended="12748" arrived="12748" collisions="14" teleports="14" halting="2" stopped="0" meanWaitingTime="11.13" meanTravelTime="251.15" meanSpeed="18.94" meanSpeedRelative="0.59" duration="3"/>
    <step time="23700.00" loaded="13903" inserted="13722" running="578" waiting="181" ended="13144" arrived="13144" collisions="14" teleports="14" halting="2" stopped="0" meanWaitingTime="14.03" meanTravelTime="254.29" meanSpeed="18.22" meanSpeedRelative="0.57" duration="3"/>
    <step time="24000.00" loaded="14382" inserted="14170" running="576" waiting="212" ended="13594" arrived="13594" collisions="16" teleports="16" halting="2" stopped="0" meanWaitingTime="17.34" meanTravelTime="257.50" meanSpeed="17.86" meanSpeedRelative="0.56" duration="3"/>
    <step time="24300.00" loaded="14810" inserted="14567" running="517" waiting="243" ended="14050" arrived="14050" collisions="16" teleports="16" halting="3" stopped="0" meanWaitingTime="20.96" meanTravelTime="262.32" meanSpeed="18.83" meanSpeedRelative="0.59" duration="4"/>
    <step time="24600.00" loaded="15270" inserted="15011" running="546" waiting="259" ended="14465" arrived="14465" collisions="17" teleports="17" halting="3" stopped="0" meanWaitingTime="25.13" meanTravelTime="264.98" meanSpeed="18.33" meanSpeedRelative="0.57" duration="4"/>
    <step time="24900.00" loaded="15708" inserted="15447" running="532" waiting="261" ended="14915" arrived="14915" collisions="18" teleports="18" halting="2" stopped="0" meanWaitingTime="29.32" meanTravelTime="268.68" meanSpeed="18.45" meanSpeedRelative="0.58" duration="3"/>
    <step time="25200.00" loaded="16163" inserted="15877" running="516" waiting="286" ended="15361" arrived="15361" collisions="18" teleports="18" halting="2" stopped="0" meanWaitingTime="33.30" meanTravelTime="271.02" meanSpeed="18.36" meanSpeedRelative="0.57" duration="86"/>
    <step time="25500.00" loaded="16673" inserted="16323" running="503" waiting="350" ended="15820" arrived="15820" collisions="18" teleports="18" halting="2" stopped="0" meanWaitingTime="37.29" meanTravelTime="273.74" meanSpeed="19.24" meanSpeedRelative="0.60" duration="3"/>
    <step time="25800.00" loaded="17217" inserted="16789" running="513" waiting="428" ended="16276" arrived="16276" collisions="19" teleports="19" halting="3" stopped="0" meanWaitingTime="41.54" meanTravelTime="275.68" meanSpeed="19.27" meanSpeedRelative="0.60" duration="2"/>
    <step time="26100.00" loaded="17785" inserted="17281" running="541" waiting="504" ended="16740" arrived="16740" collisions="21" teleports="21" halting="0" stopped="0" meanWaitingTime="46.39" meanTravelTime="277.05" meanSpeed="18.85" meanSpeedRelative="0.59" duration="5"/>
    <step time="26400.00" loaded="18350" inserted="17776" running="562" waiting="574" ended="17214" arrived="17214" collisions="23" teleports="23" halting="3" stopped="0" meanWaitingTime="51.84" meanTravelTime="278.45" meanSpeed="18.12" meanSpeedRelative="0.57" duration="4"/>
    <step time="26700.00" loaded="18878" inserted="18261" running="586" waiting="617" ended="17675" arrived="17675" collisions="24" teleports="24" halting="2" stopped="0" meanWaitingTime="57.86" meanTravelTime="281.12" meanSpeed="16.93" meanSpeedRelative="0.53" duration="3"/>
    <step time="27000.00" loaded="19478" inserted="18743" running="599" waiting="735" ended="18144" arrived="18144" collisions="29" teleports="29" halting="1" stopped="0" meanWaitingTime="64.27" meanTravelTime="283.33" meanSpeed="17.04" meanSpeedRelative="0.53" duration="5"/>
    <step time="27300.00" loaded="20014" inserted="19216" running="578" waiting="798" ended="18638" arrived="18638" collisions="33" teleports="33" halting="2" stopped="0" meanWaitingTime="71.35" meanTravelTime="285.33" meanSpeed="18.22" meanSpeedRelative="0.57" duration="3"/>
    <step time="27600.00" loaded="20544" inserted="19666" running="550" waiting="878" ended="19116" arrived="19116" collisions="35" teleports="35" halting="3" stopped="0" meanWaitingTime="79.39" meanTravelTime="287.49" meanSpeed="16.48" meanSpeedRelative="0.51" duration="3"/>
    <step time="27900.00" loaded="21116" inserted="20152" running="574" waiting="964" ended="19578" arrived="19578" collisions="36" teleports="36" halting="3" stopped="0" meanWaitingTime="87.12" meanTravelTime="289.19" meanSpeed="16.55" meanSpeedRelative="0.52" duration="4"/>
    <step time="28200.00" loaded="21651" inserted="20625" running="597" waiting="1026" ended="20028" arrived="20028" collisions="38" teleports="38" halting="2" stopped="0" meanWaitingTime="95.36" meanTravelTime="290.65" meanSpeed="15.92" meanSpeedRelative="0.50" duration="4"/>
    <step time="28500.00" loaded="22228" inserted="21102" running="606" waiting="1126" ended="20496" arrived="20496" collisions="40" teleports="40" halting="2" stopped="0" meanWaitingTime="104.16" meanTravelTime="292.79" meanSpeed="16.72" meanSpeedRelative="0.52" duration="3"/>
    <step time="28800.00" loaded="22776" inserted="21580" running="626" waiting="1196" ended="20954" arrived="20954" collisions="44" teleports="44" halting="3" stopped="0" meanWaitingTime="113.52" meanTravelTime="294.66" meanSpeed="15.56" meanSpeedRelative="0.49" duration="90"/>
    <step time="29100.00" loaded="23125" inserted="21990" running="601" waiting="1135" ended="21389" arrived="21389" collisions="46" teleports="46" halting="1" stopped="0" meanWaitingTime="123.47" meanTravelTime="297.00" meanSpeed="15.80" meanSpeedRelative="0.49" duration="5"/>
    <step time="29400.00" loaded="23507" inserted="22427" running="571" waiting="1080" ended="21856" arrived="21856" collisions="47" teleports="47" halting="3" stopped="0" meanWaitingTime="134.02" meanTravelTime="299.30" meanSpeed="16.73" meanSpeedRelative="0.52" duration="4"/>
    <step time="29700.00" loaded="23888" inserted="22869" running="566" waiting="1019" ended="22303" arrived="22303" collisions="50" teleports="50" halting="10" stopped="0" meanWaitingTime="144.97" meanTravelTime="301.17" meanSpeed="15.83" meanSpeedRelative="0.49" duration="3"/>
    <step time="30000.00" loaded="24250" inserted="23294" running="536" waiting="956" ended="22758" arrived="22758" collisions="50" teleports="50" halting="1" stopped="0" meanWaitingTime="155.68" meanTravelTime="302.87" meanSpeed="16.45" meanSpeedRelative="0.51" duration="3"/>
    <step time="30300.00" loaded="24619" inserted="23719" running="543" waiting="900" ended="23176" arrived="23176" collisions="51" teleports="51" halting="3" stopped="0" meanWaitingTime="166.17" meanTravelTime="304.31" meanSpeed="16.76" meanSpeedRelative="0.52" duration="4"/>
    <step time="30600.00" loaded="24960" inserted="24140" running="537" waiting="820" ended="23603" arrived="23603" collisions="53" teleports="53" halting="1" stopped="0" meanWaitingTime="176.44" meanTravelTime="305.65" meanSpeed="17.94" meanSpeedRelative="0.56" duration="5"/>
    <step time="30900.00" loaded="25350" inserted="24582" running="517" waiting="768" ended="24065" arrived="24065" collisions="53" teleports="53" halting="2" stopped="0" meanWaitingTime="185.28" meanTravelTime="307.30" meanSpeed="17.65" meanSpeedRelative="0.55" duration="2"/>
    <step time="31200.00" loaded="25712" inserted="25020" running="516" waiting="692" ended="24504" arrived="24504" collisions="55" teleports="55" halting="1" stopped="0" meanWaitingTime="193.33" meanTravelTime="308.21" meanSpeed="18.45" meanSpeedRelative="0.58" duration="3"/>
    <step time="31500.00" loaded="26064" inserted="25448" running="501" waiting="616" ended="24947" arrived="24947" collisions="56" teleports="56" halting="1" stopped="0" meanWaitingTime="200.30" meanTravelTime="309.21" meanSpeed="18.93" meanSpeedRelative="0.59" duration="3"/>
    <step time="31800.00" loaded="26404" inserted="25837" running="439" waiting="567" ended="25398" arrived="25398" collisions="56" teleports="56" halting="1" stopped="0" meanWaitingTime="206.12" meanTravelTime="309.90" meanSpeed="19.07" meanSpeedRelative="0.60" duration="3"/>
    <step time="32100.00" loaded="26782" inserted="26255" running="445" waiting="527" ended="25810" arrived="25810" collisions="57" teleports="57" halting="1" stopped="0" meanWaitingTime="211.48" meanTravelTime="310.24" meanSpeed="19.76" meanSpeedRelative="0.62" duration="2"/>
    <step time="32400.00" loaded="27140" inserted="26662" running="438" waiting="478" ended="26224" arrived="26224" collisions="60" teleports="60" halting="1" stopped="0" meanWaitingTime="216.58" meanTravelTime="310.23" meanSpeed="19.72" meanSpeedRelative="0.62" duration="90"/>
    <step time="32700.00" loaded="27392" inserted="27009" running="348" waiting="383" ended="26661" arrived="26661" collisions="60" teleports="60" halting="4" stopped="0" meanWaitingTime="220.60" meanTravelTime="310.58" meanSpeed="20.10" meanSpeedRelative="0.63" duration="3"/>
    <step time="33000.00" loaded="27639" inserted="27352" running="349" waiting="287" ended="27003" arrived="27003" collisions="60" teleports="60" halting="1" stopped="0" meanWaitingTime="223.78" meanTravelTime="310.44" meanSpeed="20.24" meanSpeedRelative="0.63" duration="3"/>
    <step time="33300.00" loaded="27923" inserted="27704" running="348" waiting="219" ended="27356" arrived="27356" collisions="60" teleports="60" halting="1" stopped="0" meanWaitingTime="225.80" meanTravelTime="310.47" meanSpeed="21.46" meanSpeedRelative="0.67" duration="2"/>
    <step time="33600.00" loaded="28190" inserted="28015" running="307" waiting="175" ended="27708" arrived="27708" collisions="62" teleports="62" halting="1" stopped="0" meanWaitingTime="226.86" meanTravelTime="310.34" meanSpeed="21.51" meanSpeedRelative="0.67" duration="2"/>
    <step time="33900.00" loaded="28466" inserted="28318" running="290" waiting="148" ended="28028" arrived="28028" collisions="62" teleports="62" halting="1" stopped="0" meanWaitingTime="227.70" meanTravelTime="309.89" meanSpeed="22.78" meanSpeedRelative="0.71" duration="2"/>
    <step time="34200.00" loaded="28740" inserted="28619" running="268" waiting="121" ended="28351" arrived="28351" collisions="62" teleports="62" halting="2" stopped="0" meanWaitingTime="228.15" meanTravelTime="309.56" meanSpeed="22.94" meanSpeedRelative="0.72" duration="2"/>
    <step time="34500.00" loaded="29001" inserted="28911" running="249" waiting="90" ended="28662" arrived="28662" collisions="63" teleports="63" halting="2" stopped="0" meanWaitingTime="228.22" meanTravelTime="309.08" meanSpeed="23.67" meanSpeedRelative="0.74" duration="2"/>
    <step time="34800.00" loaded="29262" inserted="29200" running="238" waiting="62" ended="28962" arrived="28962" collisions="65" teleports="65" halting="1" stopped="0" meanWaitingTime="227.60" meanTravelTime="308.57" meanSpeed="22.48" meanSpeedRelative="0.70" duration="2"/>
    <step time="35100.00" loaded="29507" inserted="29478" running="233" waiting="29" ended="29245" arrived="29245" collisions="65" teleports="65" halting="1" stopped="0" meanWaitingTime="226.40" meanTravelTime="308.13" meanSpeed="22.87" meanSpeedRelative="0.71" duration="2"/>
    <step time="35400.00" loaded="29762" inserted="29762" running="235" waiting="0" ended="29527" arrived="29527" collisions="65" teleports="65" halting="1" stopped="0" meanWaitingTime="224.53" meanTravelTime="307.70" meanSpeed="25.22" meanSpeedRelative="0.79" duration="2"/>
    <step time="35700.00" loaded="30008" inserted="30007" running="209" waiting="1" ended="29798" arrived="29798" collisions="65" teleports="65" halting="2" stopped="0" meanWaitingTime="222.71" meanTravelTime="307.28" meanSpeed="24.39" meanSpeedRelative="0.76" duration="2"/>
    <step time="36000.00" loaded="30258" inserted="30257" running="214" waiting="1" ended="30043" arrived="30043" collisions="66" teleports="66" halting="1" stopped="0" meanWaitingTime="220.87" meanTravelTime="306.80" meanSpeed="24.73" meanSpeedRelative="0.77" duration="83"/>
    <step time="36300.00" loaded="30730" inserted="30714" running="374" waiting="16" ended="30340" arrived="30340" collisions="66" teleports="66" halting="3" stopped="0" meanWaitingTime="217.66" meanTravelTime="305.93" meanSpeed="21.10" meanSpeedRelative="0.66" duration="3"/>
    <step time="36600.00" loaded="31229" inserted="31185" running="446" waiting="44" ended="30739" arrived="30739" collisions="67" teleports="67" halting="2" stopped="0" meanWaitingTime="214.59" meanTravelTime="305.37" meanSpeed="21.32" meanSpeedRelative="0.67" duration="3"/>
    <step time="36900.00" loaded="31730" inserted="31653" running="457" waiting="77" ended="31196" arrived="31196" collisions="69" teleports="69" halting="1" stopped="0" meanWaitingTime="211.85" meanTravelTime="304.81" meanSpeed="21.63" meanSpeedRelative="0.68" duration="3"/>
    <step time="37200.00" loaded="32220" inserted="32123" running="472" waiting="97" ended="31651" arrived="31651" collisions="69" teleports="69" halting="2" stopped="0" meanWaitingTime="209.36" meanTravelTime="304.58" meanSpeed="20.38" meanSpeedRelative="0.64" duration="4"/>
    <step time="37500.00" loaded="32649" inserted="32559" running="493" waiting="90" ended="32066" arrived="32066" collisions="70" teleports="70" halting="1" stopped="0" meanWaitingTime="207.25" meanTravelTime="304.80" meanSpeed="19.00" meanSpeedRelative="0.59" duration="3"/>
    <step time="37800.00" loaded="33061" inserted="32958" running="450" waiting="103" ended="32508" arrived="32508" collisions="72" teleports="72" halting="2" stopped="0" meanWaitingTime="205.51" meanTravelTime="305.25" meanSpeed="20.04" meanSpeedRelative="0.63" duration="3"/>
    <step time="38100.00" loaded="33561" inserted="33427" running="484" waiting="134" ended="32943" arrived="32943" collisions="73" teleports="73" halting="1" stopped="0" meanWaitingTime="203.53" meanTravelTime="305.45" meanSpeed="19.83" meanSpeedRelative="0.62" duration="3"/>
    <step time="38400.00" loaded="34071" inserted="33903" running="524" waiting="168" ended="33379" arrived="33379" collisions="77" teleports="77" halting="1" stopped="0" meanWaitingTime="201.71" meanTravelTime="305.88" meanSpeed="19.82" meanSpeedRelative="0.62" duration="3"/>
    <step time="38700.00" loaded="34545" inserted="34362" running="528" waiting="183" ended="33834" arrived="33834" collisions="79" teleports="79" halting="2" stopped="0" meanWaitingTime="200.15" meanTravelTime="306.01" meanSpeed="19.23" meanSpeedRelative="0.60" duration="3"/>
    <step time="39000.00" loaded="35047" inserted="34832" running="541" waiting="215" ended="34291" arrived="34291" collisions="82" teleports="82" halting="4" stopped="0" meanWaitingTime="198.80" meanTravelTime="306.44" meanSpeed="18.85" meanSpeedRelative="0.59" duration="3"/>
    <step time="39300.00" loaded="35527" inserted="35280" running="554" waiting="247" ended="34726" arrived="34726" collisions="82" teleports="82" halting="1" stopped="0" meanWaitingTime="197.78" meanTravelTime="307.15" meanSpeed="18.56" meanSpeedRelative="0.58" duration="3"/>
    <step time="39600.00" loaded="35997" inserted="35720" running="545" waiting="277" ended="35175" arrived="35175" collisions="82" teleports="82" halting="2" stopped="0" meanWaitingTime="197.14" meanTravelTime="307.92" meanSpeed="18.61" meanSpeedRelative="0.58" duration="90"/>
    <step time="39900.00" loaded="36534" inserted="36213" running="594" waiting="321" ended="35619" arrived="35619" collisions="84" teleports="84" halting="0" stopped="0" meanWaitingTime="196.41" meanTravelTime="308.51" meanSpeed="17.87" meanSpeedRelative="0.56" duration="4"/>
    <step time="40200.00" loaded="37073" inserted="36730" running="650" waiting="343" ended="36080" arrived="36080" collisions="87" teleports="87" halting="4" stopped="0" meanWaitingTime="195.84" meanTravelTime="309.31" meanSpeed="16.64" meanSpeedRelative="0.52" duration="4"/>
    <step time="40500.00" loaded="37600" inserted="37201" running="632" waiting="399" ended="36569" arrived="36569" collisions="88" teleports="88" halting="1" stopped="0" meanWaitingTime="195.56" meanTravelTime="310.24" meanSpeed="16.95" meanSpeedRelative="0.53" duration="4"/>
    <step time="40800.00" loaded="38143" inserted="37688" running="635" waiting="455" ended="37053" arrived="37053" collisions="90" teleports="90" halting="3" stopped="0" meanWaitingTime="195.62" meanTravelTime="311.34" meanSpeed="17.04" meanSpeedRelative="0.53" duration="4"/>
    <step time="41100.00" loaded="38685" inserted="38159" running="617" waiting="526" ended="37542" arrived="37542" collisions="90" teleports="90" halting="2" stopped="0" meanWaitingTime="196.18" meanTravelTime="312.15" meanSpeed="16.95" meanSpeedRelative="0.53" duration="4"/>
    <step time="41400.00" loaded="39234" inserted="38669" running="647" waiting="565" ended="38022" arrived="38022" collisions="92" teleports="92" halting="0" stopped="0" meanWaitingTime="196.90" meanTravelTime="312.81" meanSpeed="16.30" meanSpeedRelative="0.51" duration="3"/>
    <step time="41700.00" loaded="39724" inserted="39122" running="645" waiting="602" ended="38477" arrived="38477" collisions="94" teleports="94" halting="1" stopped="0" meanWaitingTime="198.10" meanTravelTime="314.32" meanSpeed="16.14" meanSpeedRelative="0.50" duration="4"/>
    <step time="42000.00" loaded="40250" inserted="39616" running="665" waiting="634" ended="38951" arrived="38951" collisions="96" teleports="96" halting="1" stopped="0" meanWaitingTime="199.57" meanTravelTime="315.70" meanSpeed="16.22" meanSpeedRelative="0.51" duration="4"/>
    <step time="42300.00" loaded="40759" inserted="40096" running="658" waiting="663" ended="39438" arrived="39438" collisions="98" teleports="98" halting="4" stopped="0" meanWaitingTime="201.16" meanTravelTime="316.65" meanSpeed="15.88" meanSpeedRelative="0.50" duration="5"/>
    <step time="42600.00" loaded="41277" inserted="40583" running="661" waiting="694" ended="39922" arrived="39922" collisions="100" teleports="100" halting="1" stopped="0" meanWaitingTime="203.01" meanTravelTime="317.61" meanSpeed="17.13" meanSpeedRelative="0.54" duration="5"/>
    <step time="42900.00" loaded="41805" inserted="41053" running="648" waiting="752" ended="40405" arrived="40405" collisions="101" teleports="101" halting="2" stopped="0" meanWaitingTime="205.13" meanTravelTime="318.56" meanSpeed="16.83" meanSpeedRelative="0.53" duration="4"/>
    <step time="43200.00" loaded="42337" inserted="41555" running="660" waiting="782" ended="40895" arrived="40895" collisions="102" teleports="102" halting="2" stopped="0" meanWaitingTime="206.89" meanTravelTime="319.65" meanSpeed="16.22" meanSpeedRelative="0.51" duration="91"/>
    <step time="43500.00" loaded="42886" inserted="42061" running="696" waiting="825" ended="41365" arrived="41365" collisions="103" teleports="103" halting="1" stopped="0" meanWaitingTime="208.86" meanTravelTime="320.75" meanSpeed="15.98" meanSpeedRelative="0.50" duration="5"/>
    <step time="43800.00" loaded="43433" inserted="42543" running="735" waiting="890" ended="41808" arrived="41808" collisions="104" teleports="104" halting="1" stopped="0" meanWaitingTime="211.29" meanTravelTime="321.72" meanSpeed="15.27" meanSpeedRelative="0.48" duration="6"/>
    <step time="44100.00" loaded="43972" inserted="43065" running="758" waiting="907" ended="42307" arrived="42307" collisions="106" teleports="106" halting="5" stopped="0" meanWaitingTime="214.02" meanTravelTime="322.98" meanSpeed="15.03" meanSpeedRelative="0.47" duration="4"/>
    <step time="44400.00" loaded="44531" inserted="43571" running="805" waiting="960" ended="42766" arrived="42766" collisions="108" teleports="108" halting="6" stopped="0" meanWaitingTime="216.61" meanTravelTime="324.29" meanSpeed="14.29" meanSpeedRelative="0.45" duration="6"/>
    <step time="44700.00" loaded="45109" inserted="44091" running="809" waiting="1018" ended="43282" arrived="43282" collisions="109" teleports="109" halting="2" stopped="0" meanWaitingTime="218.95" meanTravelTime="326.06" meanSpeed="14.04" meanSpeedRelative="0.44" duration="6"/>
    <step time="45000.00" loaded="45682" inserted="44577" running="812" waiting="1105" ended="43765" arrived="43765" collisions="111" teleports="111" halting="1" stopped="0" meanWaitingTime="221.19" meanTravelTime="327.67" meanSpeed="14.59" meanSpeedRelative="0.46" duration="5"/>
    <step time="45300.00" loaded="46206" inserted="45076" running="826" waiting="1130" ended="44250" arrived="44250" collisions="113" teleports="113" halting="1" stopped="0" meanWaitingTime="224.03" meanTravelTime="329.43" meanSpeed="13.99" meanSpeedRelative="0.44" duration="5"/>
    <step time="45600.00" loaded="46732" inserted="45583" running="838" waiting="1149" ended="44745" arrived="44745" collisions="115" teleports="115" halting="4" stopped="0" meanWaitingTime="227.27" meanTravelTime="331.12" meanSpeed="13.43" meanSpeedRelative="0.42" duration="4"/>
    <step time="45900.00" loaded="47269" inserted="46077" running="824" waiting="1192" ended="45253" arrived="45253" collisions="121" teleports="121" halting="3" stopped="0" meanWaitingTime="230.58" meanTravelTime="332.90" meanSpeed="13.48" meanSpeedRelative="0.42" duration="6"/>
    <step time="46200.00" loaded="47817" inserted="46585" running="857" waiting="1232" ended="45728" arrived="45728" collisions="122" teleports="122" halting="0" stopped="0" meanWaitingTime="233.70" meanTravelTime="334.73" meanSpeed="14.03" meanSpeedRelative="0.44" duration="6"/>
    <step time="46500.00" loaded="48381" inserted="47077" running="854" waiting="1304" ended="46223" arrived="46223" collisions="123" teleports="123" halting="2" stopped="0" meanWaitingTime="237.20" meanTravelTime="336.64" meanSpeed="13.10" meanSpeedRelative="0.41" duration="6"/>
    <step time="46800.00" loaded="48919" inserted="47558" running="849" waiting="1361" ended="46709" arrived="46709" collisions="123" teleports="123" halting="4" stopped="0" meanWaitingTime="240.87" meanTravelTime="338.60" meanSpeed="13.22" meanSpeedRelative="0.41" duration="92"/>
    <step time="47100.00" loaded="49429" inserted="48019" running="822" waiting="1410" ended="47197" arrived="47197" collisions="126" teleports="126" halting="3" stopped="0" meanWaitingTime="244.69" meanTravelTime="340.49" meanSpeed="13.18" meanSpeedRelative="0.41" duration="5"/>
    <step time="47400.00" loaded="49985" inserted="48537" running="871" waiting="1448" ended="47666" arrived="47666" collisions="126" teleports="126" halting="3" stopped="0" meanWaitingTime="248.86" meanTravelTime="342.40" meanSpeed="13.44" meanSpeedRelative="0.42" duration="7"/>
    <step time="47700.00" loaded="50522" inserted="49024" running="893" waiting="1498" ended="48131" arrived="48131" collisions="130" teleports="130" halting="4" stopped="0" meanWaitingTime="253.00" meanTravelTime="344.00" meanSpeed="13.11" meanSpeedRelative="0.41" duration="6"/>
    <step time="48000.00" loaded="51052" inserted="49489" running="875" waiting="1563" ended="48614" arrived="48614" collisions="132" teleports="132" halting="2" stopped="0" meanWaitingTime="257.68" meanTravelTime="345.60" meanSpeed="12.88" meanSpeedRelative="0.40" duration="6"/>
    <step time="48300.00" loaded="51559" inserted="49963" running="867" waiting="1596" ended="49096" arrived="49096" collisions="134" teleports="134" halting="1" stopped="0" meanWaitingTime="262.28" meanTravelTime="347.55" meanSpeed="13.42" meanSpeedRelative="0.42" duration="5"/>
    <step time="48600.00" loaded="52097" inserted="50459" running="860" waiting="1638" ended="49599" arrived="49599" collisions="138" teleports="138" halting="6" stopped="0" meanWaitingTime="267.21" meanTravelTime="349.55" meanSpeed="13.12" meanSpeedRelative="0.41" duration="5"/>
    <step time="48900.00" loaded="52624" inserted="50943" running="846" waiting="1681" ended="50097" arrived="50097" collisions="141" teleports="141" halting="3" stopped="0" meanWaitingTime="272.14" meanTravelTime="351.58" meanSpeed="13.21" meanSpeedRelative="0.41" duration="6"/>
    <step time="49200.00" loaded="53168" inserted="51428" running="851" waiting="1740" ended="50577" arrived="50577" collisions="141" teleports="141" halting="5" stopped="0" meanWaitingTime="277.35" meanTravelTime="353.20" meanSpeed="13.38" meanSpeedRelative="0.42" duration="4"/>
    <step time="49500.00" loaded="53656" inserted="51885" running="850" waiting="1771" ended="51035" arrived="51035" collisions="143" teleports="143" halting="2" stopped="0" meanWaitingTime="282.77" meanTravelTime="354.85" meanSpeed="13.66" meanSpeedRelative="0.43" duration="6"/>
    <step time="49800.00" loaded="54179" inserted="52374" running="886" waiting="1805" ended="51488" arrived="51488" collisions="145" teleports="145" halting="3" stopped="0" meanWaitingTime="288.37" meanTravelTime="356.33" meanSpeed="13.03" meanSpeedRelative="0.41" duration="6"/>
    <step time="50100.00" loaded="54711" inserted="52861" running="893" waiting="1850" ended="51968" arrived="51968" collisions="145" teleports="145" halting="18" stopped="0" meanWaitingTime="294.54" meanTravelTime="358.09" meanSpeed="13.43" meanSpeedRelative="0.42" duration="7"/>
    <step time="50400.00" loaded="55242" inserted="53346" running="885" waiting="1896" ended="52461" arrived="52461" collisions="146" teleports="146" halting="3" stopped="0" meanWaitingTime="299.78" meanTravelTime="359.89" meanSpeed="13.01" meanSpeedRelative="0.41" duration="95"/>
    <step time="50700.00" loaded="55975" inserted="53907" running="929" waiting="2068" ended="52978" arrived="52978" collisions="148" teleports="148" halting="5" stopped="0" meanWaitingTime="304.78" meanTravelTime="361.70" meanSpeed="12.83" meanSpeedRelative="0.40" duration="7"/>
    <step time="51000.00" loaded="56684" inserted="54480" running="981" waiting="2204" ended="53499" arrived="53499" collisions="151" teleports="151" halting="2" stopped="0" meanWaitingTime="310.19" meanTravelTime="363.28" meanSpeed="12.64" meanSpeedRelative="0.39" duration="6"/>
    <step time="51300.00" loaded="57413" inserted="55045" running="1026" waiting="2368" ended="54019" arrived="54019" collisions="154" teleports="154" halting="4" stopped="0" meanWaitingTime="315.16" meanTravelTime="364.90" meanSpeed="12.20" meanSpeedRelative="0.38" duration="8"/>
    <step time="51600.00" loaded="58097" inserted="55572" running="1046" waiting="2525" ended="54526" arrived="54526" collisions="157" teleports="157" halting="0" stopped="0" meanWaitingTime="321.13" meanTravelTime="366.54" meanSpeed="11.20" meanSpeedRelative="0.35" duration="6"/>
    <step time="51900.00" loaded="58828" inserted="56133" running="1121" waiting="2695" ended="55012" arrived="55012" collisions="159" teleports="159" halting="2" stopped="0" meanWaitingTime="327.21" meanTravelTime="368.25" meanSpeed="11.45" meanSpeedRelative="0.36" duration="6"/>
    <step time="52200.00" loaded="59518" inserted="56671" running="1133" waiting="2847" ended="55538" arrived="55538" collisions="160" teleports="160" halting="5" stopped="0" meanWaitingTime="333.78" meanTravelTime="370.26" meanSpeed="10.65" meanSpeedRelative="0.33" duration="6"/>
    <step time="52500.00" loaded="60260" inserted="57215" running="1168" waiting="3045" ended="56047" arrived="56047" collisions="166" teleports="166" halting="2" stopped="0" meanWaitingTime="340.38" meanTravelTime="372.75" meanSpeed="10.37" meanSpeedRelative="0.32" duration="6"/>
    <step time="52800.00" loaded="60963" inserted="57754" running="1218" waiting="3209" ended="56536" arrived="56536" collisions="169" teleports="169" halting="1" stopped="0" meanWaitingTime="347.13" meanTravelTime="375.09" meanSpeed="9.62" meanSpeedRelative="0.30" duration="8"/>
    <step time="53100.00" loaded="61725" inserted="58318" running="1281" waiting="3407" ended="57037" arrived="57037" collisions="171" teleports="171" halting="3" stopped="0" meanWaitingTime="353.93" meanTravelTime="377.60" meanSpeed="9.66" meanSpeedRelative="0.30" duration="7"/>
    <step time="53400.00" loaded="62437" inserted="58841" running="1261" waiting="3596" ended="57580" arrived="57580" collisions="172" teleports="172" halting="4" stopped="0" meanWaitingTime="361.65" meanTravelTime="380.54" meanSpeed="9.93" meanSpeedRelative="0.31" duration="8"/>
    <step time="53700.00" loaded="63130" inserted="59376" running="1293" waiting="3754" ended="58083" arrived="58083" collisions="175" teleports="175" halting="12" stopped="0" meanWaitingTime="369.63" meanTravelTime="383.26" meanSpeed="9.40" meanSpeedRelative="0.29" duration="10"/>
    <step time="54000.00" loaded="63834" inserted="59930" running="1311" waiting="3904" ended="58619" arrived="58619" collisions="176" teleports="176" halting="4" stopped="0" meanWaitingTime="378.22" meanTravelTime="386.21" meanSpeed="9.58" meanSpeedRelative="0.30" duration="91"/>
    <step time="54300.00" loaded="64263" inserted="60417" running="1293" waiting="3846" ended="59124" arrived="59124" collisions="181" teleports="181" halting="13" stopped="0" meanWaitingTime="388.10" meanTravelTime="389.34" meanSpeed="8.62" meanSpeedRelative="0.27" duration="11"/>
    <step time="54600.00" loaded="64723" inserted="60863" running="1221" waiting="3860" ended="59642" arrived="59642" collisions="181" teleports="181" halting="3" stopped="0" meanWaitingTime="397.93" meanTravelTime="392.64" meanSpeed="9.61" meanSpeedRelative="0.30" duration="8"/>
    <step time="54900.00" loaded="65155" inserted="61307" running="1179" waiting="3848" ended="60128" arrived="60128" collisions="184" teleports="184" halting="4" stopped="0" meanWaitingTime="407.92" meanTravelTime="395.69" meanSpeed="9.70" meanSpeedRelative="0.30" duration="9"/>
    <step time="55200.00" loaded="65590" inserted="61772" running="1133" waiting="3818" ended="60639" arrived="60639" collisions="190" teleports="190" halting="3" stopped="0" meanWaitingTime="418.49" meanTravelTime="398.65" meanSpeed="10.43" meanSpeedRelative="0.33" duration="12"/>
    <step time="55500.00" loaded="66055" inserted="62247" running="1094" waiting="3808" ended="61153" arrived="61153" collisions="190" teleports="190" halting="1" stopped="0" meanWaitingTime="430.05" meanTravelTime="401.55" meanSpeed="10.69" meanSpeedRelative="0.33" duration="8"/>
    <step time="55800.00" loaded="66501" inserted="62719" running="1048" waiting="3782" ended="61671" arrived="61671" collisions="192" teleports="192" halting="2" stopped="0" meanWaitingTime="443.25" meanTravelTime="403.86" meanSpeed="10.70" meanSpeedRelative="0.33" duration="7"/>
    <step time="56100.00" loaded="67003" inserted="63196" running="1017" waiting="3807" ended="62179" arrived="62179" collisions="194" teleports="194" halting="5" stopped="0" meanWaitingTime="455.48" meanTravelTime="405.76" meanSpeed="10.67" meanSpeedRelative="0.33" duration="9"/>
    <step time="56400.00" loaded="67467" inserted="63680" running="1048" waiting="3787" ended="62632" arrived="62632" collisions="196" teleports="196" halting="4" stopped="0" meanWaitingTime="468.84" meanTravelTime="407.85" meanSpeed="10.75" meanSpeedRelative="0.34" duration="7"/>
    <step time="56700.00" loaded="67938" inserted="64169" running="1064" waiting="3769" ended="63105" arrived="63105" collisions="202" teleports="202" halting="1" stopped="0" meanWaitingTime="481.93" meanTravelTime="409.56" meanSpeed="10.96" meanSpeedRelative="0.34" duration="7"/>
    <step time="57000.00" loaded="68391" inserted="64651" running="1035" waiting="3740" ended="63616" arrived="63616" collisions="202" teleports="202" halting="4" stopped="0" meanWaitingTime="494.89" meanTravelTime="411.47" meanSpeed="10.21" meanSpeedRelative="0.32" duration="7"/>
    <step time="57300.00" loaded="68808" inserted="65089" running="1026" waiting="3719" ended="64063" arrived="64063" collisions="203" teleports="203" halting="3" stopped="0" meanWaitingTime="507.37" meanTravelTime="413.08" meanSpeed="10.69" meanSpeedRelative="0.33" duration="8"/>
    <step time="57600.00" loaded="69257" inserted="65584" running="1075" waiting="3673" ended="64509" arrived="64509" collisions="206" teleports="206" halting="6" stopped="0" meanWaitingTime="521.55" meanTravelTime="414.76" meanSpeed="11.13" meanSpeedRelative="0.35" duration="88"/>
    <step time="57900.00" loaded="69851" inserted="66106" running="1098" waiting="3745" ended="65008" arrived="65008" collisions="207" teleports="207" halting="2" stopped="0" meanWaitingTime="534.10" meanTravelTime="416.81" meanSpeed="10.95" meanSpeedRelative="0.34" duration="9"/>
    <step time="58200.00" loaded="70432" inserted="66650" running="1131" waiting="3782" ended="65519" arrived="65519" collisions="209" teleports="209" halting="6" stopped="0" meanWaitingTime="546.87" meanTravelTime="418.10" meanSpeed="10.46" meanSpeedRelative="0.33" duration="9"/>
    <step time="58500.00" loaded="70987" inserted="67155" running="1126" waiting="3832" ended="66029" arrived="66029" collisions="211" teleports="211" halting="7" stopped="0" meanWaitingTime="558.77" meanTravelTime="419.94" meanSpeed="9.77" meanSpeedRelative="0.31" duration="6"/>
    <step time="58800.00" loaded="71556" inserted="67670" running="1162" waiting="3886" ended="66508" arrived="66508" collisions="214" teleports="214" halting="5" stopped="0" meanWaitingTime="570.36" meanTravelTime="421.33" meanSpeed="10.95" meanSpeedRelative="0.34" duration="8"/>
    <step time="59100.00" loaded="72084" inserted="68158" running="1164" waiting="3926" ended="66994" arrived="66994" collisions="217" teleports="217" halting="5" stopped="0" meanWaitingTime="582.46" meanTravelTime="423.07" meanSpeed="11.09" meanSpeedRelative="0.35" duration="9"/>
    <step time="59400.00" loaded="72661" inserted="68655" running="1162" waiting="4006" ended="67493" arrived="67493" collisions="218" teleports="218" halting="2" stopped="0" meanWaitingTime="594.36" meanTravelTime="425.35" meanSpeed="10.26" meanSpeedRelative="0.32" duration="8"/>
    <step time="59700.00" loaded="73226" inserted="69148" running="1151" waiting="4078" ended="67997" arrived="67997" collisions="221" teleports="221" halting="5" stopped="0" meanWaitingTime="605.25" meanTravelTime="427.31" meanSpeed="9.83" meanSpeedRelative="0.31" duration="9"/>
    <step time="60000.00" loaded="73793" inserted="69647" running="1157" waiting="4146" ended="68490" arrived="68490" collisions="222" teleports="222" halting="5" stopped="0" meanWaitingTime="616.62" meanTravelTime="429.58" meanSpeed="9.92" meanSpeedRelative="0.31" duration="8"/>
    <step time="60300.00" loaded="74349" inserted="70135" running="1148" waiting="4214" ended="68987" arrived="68987" collisions="226" teleports="226" halting="6" stopped="0" meanWaitingTime="627.02" meanTravelTime="431.43" meanSpeed="10.30" meanSpeedRelative="0.32" duration="10"/>
    <step time="60600.00" loaded="74911" inserted="70650" running="1164" waiting="4261" ended="69486" arrived="69486" collisions="227" teleports="227" halting="1" stopped="0" meanWaitingTime="638.66" meanTravelTime="433.39" meanSpeed="10.10" meanSpeedRelative="0.32" duration="10"/>
    <step time="60900.00" loaded="75518" inserted="71202" running="1241" waiting="4316" ended="69961" arrived="69961" collisions="230" teleports="230" halting="4" stopped="0" meanWaitingTime="650.63" meanTravelTime="434.80" meanSpeed="10.28" meanSpeedRelative="0.32" duration="9"/>
    <step time="61200.00" loaded="76019" inserted="71682" running="1187" waiting="4337" ended="70495" arrived="70495" collisions="234" teleports="234" halting="2" stopped="0" meanWaitingTime="660.99" meanTravelTime="436.95" meanSpeed="10.51" meanSpeedRelative="0.33" duration="89"/>
    <step time="61500.00" loaded="76101" inserted="72029" running="1059" waiting="4072" ended="70970" arrived="70970" collisions="235" teleports="235" halting="2" stopped="0" meanWaitingTime="673.51" meanTravelTime="439.29" meanSpeed="10.10" meanSpeedRelative="0.32" duration="9"/>
    <step time="61800.00" loaded="76176" inserted="72380" running="1000" waiting="3796" ended="71380" arrived="71380" collisions="239" teleports="239" halting="2" stopped="0" meanWaitingTime="686.93" meanTravelTime="441.25" meanSpeed="9.46" meanSpeedRelative="0.30" duration="7"/>
    <step time="62100.00" loaded="76239" inserted="72752" running="956" waiting="3487" ended="71796" arrived="71796" collisions="241" teleports="241" halting="2" stopped="0" meanWaitingTime="701.36" meanTravelTime="443.34" meanSpeed="10.64" meanSpeedRelative="0.33" duration="6"/>
    <step time="62400.00" loaded="76308" inserted="73131" running="931" waiting="3177" ended="72200" arrived="72200" collisions="241" teleports="241" halting="4" stopped="0" meanWaitingTime="715.97" meanTravelTime="445.52" meanSpeed="10.12" meanSpeedRelative="0.32" duration="5"/>
    <step time="62700.00" loaded="76368" inserted="73524" running="911" waiting="2844" ended="72613" arrived="72613" collisions="242" teleports="242" halting="1" stopped="0" meanWaitingTime="731.42" meanTravelTime="447.02" meanSpeed="10.28" meanSpeedRelative="0.32" duration="6"/>
    <step time="63000.00" loaded="76437" inserted="73913" running="936" waiting="2524" ended="72977" arrived="72977" collisions="247" teleports="247" halting="3" stopped="0" meanWaitingTime="745.78" meanTravelTime="448.65" meanSpeed="10.13" meanSpeedRelative="0.32" duration="5"/>
    <step time="63300.00" loaded="76512" inserted="74301" running="895" waiting="2211" ended="73406" arrived="73406" collisions="247" teleports="247" halting="1" stopped="0" meanWaitingTime="759.93" meanTravelTime="450.31" meanSpeed="9.85" meanSpeedRelative="0.31" duration="5"/>
    <step time="63600.00" loaded="76587" inserted="74689" running="834" waiting="1898" ended="73855" arrived="73855" collisions="250" teleports="250" halting="1" stopped="0" meanWaitingTime="773.35" meanTravelTime="451.65" meanSpeed="11.86" meanSpeedRelative="0.37" duration="6"/>
    <step time="63900.00" loaded="76662" inserted="75018" running="761" waiting="1644" ended="74257" arrived="74257" collisions="252" teleports="252" halting="1" stopped="0" meanWaitingTime="785.48" meanTravelTime="453.01" meanSpeed="10.55" meanSpeedRelative="0.33" duration="5"/>
    <step time="64200.00" loaded="76736" inserted="75300" running="669" waiting="1436" ended="74631" arrived="74631" collisions="252" teleports="252" halting="1" stopped="0" meanWaitingTime="796.01" meanTravelTime="454.06" meanSpeed="12.27" meanSpeedRelative="0.38" duration="4"/>
    <step time="64500.00" loaded="76810" inserted="75545" running="527" waiting="1265" ended="75018" arrived="75018" collisions="254" teleports="254" halting="1" stopped="0" meanWaitingTime="806.17" meanTravelTime="455.12" meanSpeed="14.12" meanSpeedRelative="0.44" duration="3"/>
    <step time="64800.00" loaded="76884" inserted="75785" running="413" waiting="1099" ended="75372" arrived="75372" collisions="255" teleports="255" halting="1" stopped="0" meanWaitingTime="815.17" meanTravelTime="455.92" meanSpeed="15.68" meanSpeedRelative="0.49" duration="93"/>
    <step time="65100.00" loaded="76938" inserted="75983" running="287" waiting="955" ended="75696" arrived="75696" collisions="258" teleports="258" halting="0" stopped="0" meanWaitingTime="823.31" meanTravelTime="456.37" meanSpeed="19.48" meanSpeedRelative="0.61" duration="2"/>
    <step time="65400.00" loaded="76986" inserted="76148" running="200" waiting="838" ended="75948" arrived="75948" collisions="258" teleports="258" halting="0" stopped="0" meanWaitingTime="831.55" meanTravelTime="456.35" meanSpeed="21.16" meanSpeedRelative="0.66" duration="2"/>
    <step time="65700.00" loaded="77043" inserted="76324" running="164" waiting="719" ended="76160" arrived="76160" collisions="258" teleports="258" halting="0" stopped="0" meanWaitingTime="840.16" meanTravelTime="456.06" meanSpeed="23.69" meanSpeedRelative="0.74" duration="1"/>
    <step time="66000.00" loaded="77096" inserted="76491" running="146" waiting="605" ended="76345" arrived="76345" collisions="258" teleports="258" halting="2" stopped="0" meanWaitingTime="847.75" meanTravelTime="455.74" meanSpeed="22.11" meanSpeedRelative="0.69" duration="1"/>
    <step time="66300.00" loaded="77139" inserted="76655" running="147" waiting="484" ended="76508" arrived="76508" collisions="258" teleports="258" halting="1" stopped="0" meanWaitingTime="853.65" meanTravelTime="455.37" meanSpeed="22.30" meanSpeedRelative="0.70" duration="1"/>
    <step time="66600.00" loaded="77187" inserted="76812" running="137" waiting="375" ended="76675" arrived="76675" collisions="258" teleports="258" halting="0" stopped="0" meanWaitingTime="858.26" meanTravelTime="454.94" meanSpeed="23.96" meanSpeedRelative="0.75" duration="1"/>
    <step time="66900.00" loaded="77252" inserted="76932" running="82" waiting="320" ended="76850" arrived="76850" collisions="258" teleports="258" halting="0" stopped="0" meanWaitingTime="862.51" meanTravelTime="454.48" meanSpeed="23.38" meanSpeedRelative="0.73" duration="0"/>
    <step time="67200.00" loaded="77303" inserted="77040" running="67" waiting="263" ended="76973" arrived="76973" collisions="258" teleports="258" halting="0" stopped="0" meanWaitingTime="867.15" meanTravelTime="454.10" meanSpeed="24.08" meanSpeedRelative="0.75" duration="0"/>
    <step time="67500.00" loaded="77357" inserted="77151" running="63" waiting="206" ended="77088" arrived="77088" collisions="258" teleports="258" halting="0" stopped="0" meanWaitingTime="871.58" meanTravelTime="453.72" meanSpeed="23.42" meanSpeedRelative="0.73" duration="1"/>
    <step time="67800.00" loaded="77413" inserted="77266" running="63" waiting="147" ended="77203" arrived="77203" collisions="258" teleports="258" halting="0" stopped="0" meanWaitingTime="875.72" meanTravelTime="453.32" meanSpeed="24.42" meanSpeedRelative="0.76" duration="1"/>
    <step time="68100.00" loaded="77450" inserted="77364" running="53" waiting="86" ended="77311" arrived="77311" collisions="258" teleports="258" halting="1" stopped="0" meanWaitingTime="879.69" meanTravelTime="452.90" meanSpeed="22.81" meanSpeedRelative="0.71" duration="1"/>
    <step time="68400.00" loaded="77504" inserted="77479" running="58" waiting="25" ended="77421" arrived="77421" collisions="258" teleports="258" halting="1" stopped="0" meanWaitingTime="881.23" meanTravelTime="452.48" meanSpeed="22.64" meanSpeedRelative="0.71" duration="88"/>
    <step time="68700.00" loaded="77675" inserted="77675" running="120" waiting="0" ended="77555" arrived="77555" collisions="258" teleports="258" halting="0" stopped="0" meanWaitingTime="879.25" meanTravelTime="451.98" meanSpeed="25.75" meanSpeedRelative="0.80" duration="1"/>
    <step time="69000.00" loaded="77817" inserted="77817" running="132" waiting="0" ended="77685" arrived="77685" collisions="258" teleports="258" halting="0" stopped="0" meanWaitingTime="877.64" meanTravelTime="451.58" meanSpeed="25.44" meanSpeedRelative="0.80" duration="1"/>
    <step time="69300.00" loaded="77979" inserted="77979" running="144" waiting="0" ended="77835" arrived="77835" collisions="259" teleports="259" halting="0" stopped="0" meanWaitingTime="875.82" meanTravelTime="451.19" meanSpeed="25.63" meanSpeedRelative="0.80" duration="1"/>
    <step time="69600.00" loaded="78141" inserted="78141" running="148" waiting="0" ended="77993" arrived="77993" collisions="259" teleports="259" halting="2" stopped="0" meanWaitingTime="874.01" meanTravelTime="450.85" meanSpeed="24.51" meanSpeedRelative="0.77" duration="1"/>
    <step time="69900.00" loaded="78311" inserted="78311" running="151" waiting="0" ended="78160" arrived="78160" collisions="259" teleports="259" halting="1" stopped="0" meanWaitingTime="872.11" meanTravelTime="450.46" meanSpeed="25.81" meanSpeedRelative="0.81" duration="1"/>
    <step time="70200.00" loaded="78467" inserted="78467" running="147" waiting="0" ended="78320" arrived="78320" collisions="259" teleports="259" halting="1" stopped="0" meanWaitingTime="870.38" meanTravelTime="450.11" meanSpeed="25.50" meanSpeedRelative="0.80" duration="1"/>
    <step time="70500.00" loaded="78632" inserted="78632" running="154" waiting="0" ended="78478" arrived="78478" collisions="259" teleports="259" halting="2" stopped="0" meanWaitingTime="868.55" meanTravelTime="449.79" meanSpeed="25.48" meanSpeedRelative="0.80" duration="1"/>
    <step time="70800.00" loaded="78794" inserted="78794" running="141" waiting="0" ended="78653" arrived="78653" collisions="259" teleports="259" halting="0" stopped="0" meanWaitingTime="866.77" meanTravelTime="449.39" meanSpeed="25.93" meanSpeedRelative="0.81" duration="1"/>
    <step time="71100.00" loaded="78940" inserted="78940" running="137" waiting="0" ended="78803" arrived="78803" collisions="259" teleports="259" halting="1" stopped="0" meanWaitingTime="865.16" meanTravelTime="449.11" meanSpeed="25.29" meanSpeedRelative="0.79" duration="1"/>
    <step time="71400.00" loaded="79104" inserted="79104" running="148" waiting="0" ended="78956" arrived="78956" collisions="260" teleports="260" halting="0" stopped="0" meanWaitingTime="863.37" meanTravelTime="448.72" meanSpeed="26.16" meanSpeedRelative="0.82" duration="1"/>
    <step time="71700.00" loaded="79266" inserted="79266" running="153" waiting="0" ended="79113" arrived="79113" collisions="260" teleports="260" halting="0" stopped="0" meanWaitingTime="861.61" meanTravelTime="448.33" meanSpeed="26.13" meanSpeedRelative="0.82" duration="1"/>
    <step time="72000.00" loaded="79436" inserted="79436" running="151" waiting="0" ended="79285" arrived="79285" collisions="260" teleports="260" halting="1" stopped="0" meanWaitingTime="859.76" meanTravelTime="447.99" meanSpeed="25.82" meanSpeedRelative="0.81" duration="82"/>
    <step time="72300.00" loaded="79566" inserted="79566" running="127" waiting="0" ended="79439" arrived="79439" collisions="260" teleports="260" halting="1" stopped="0" meanWaitingTime="858.36" meanTravelTime="447.67" meanSpeed="25.84" meanSpeedRelative="0.81" duration="1"/>
    <step time="72600.00" loaded="79708" inserted="79708" running="133" waiting="0" ended="79575" arrived="79575" collisions="260" teleports="260" halting="0" stopped="0" meanWaitingTime="856.83" meanTravelTime="447.39" meanSpeed="25.70" meanSpeedRelative="0.80" duration="1"/>
    <step time="72900.00" loaded="79840" inserted="79839" running="138" waiting="1" ended="79701" arrived="79701" collisions="261" teleports="261" halting="0" stopped="0" meanWaitingTime="855.43" meanTravelTime="447.15" meanSpeed="25.37" meanSpeedRelative="0.79" duration="1"/>
    <step time="73200.00" loaded="79960" inserted="79960" running="113" waiting="0" ended="79847" arrived="79847" collisions="261" teleports="261" halting="1" stopped="0" meanWaitingTime="854.13" meanTravelTime="446.90" meanSpeed="25.13" meanSpeedRelative="0.79" duration="1"/>
    <step time="73500.00" loaded="80101" inserted="80101" running="126" waiting="0" ended="79975" arrived="79975" collisions="261" teleports="261" halting="0" stopped="0" meanWaitingTime="852.63" meanTravelTime="446.60" meanSpeed="25.47" meanSpeedRelative="0.80" duration="1"/>
    <step time="73800.00" loaded="80259" inserted="80259" running="130" waiting="0" ended="80129" arrived="80129" collisions="261" teleports="261" halting="0" stopped="0" meanWaitingTime="850.95" meanTravelTime="446.26" meanSpeed="26.20" meanSpeedRelative="0.82" duration="1"/>
    <step time="74100.00" loaded="80383" inserted="80383" running="109" waiting="0" ended="80274" arrived="80274" collisions="261" teleports="261" halting="0" stopped="0" meanWaitingTime="849.64" meanTravelTime="445.91" meanSpeed="26.04" meanSpeedRelative="0.81" duration="1"/>
    <step time="74400.00" loaded="80501" inserted="80501" running="97" waiting="0" ended="80404" arrived="80404" collisions="261" teleports="261" halting="1" stopped="0" meanWaitingTime="848.39" meanTravelTime="445.59" meanSpeed="25.87" meanSpeedRelative="0.81" duration="1"/>
    <step time="74700.00" loaded="80653" inserted="80653" running="119" waiting="0" ended="80534" arrived="80534" collisions="261" teleports="261" halting="0" stopped="0" meanWaitingTime="846.79" meanTravelTime="445.27" meanSpeed="26.27" meanSpeedRelative="0.82" duration="1"/>
    <step time="75000.00" loaded="80785" inserted="80785" running="108" waiting="0" ended="80677" arrived="80677" collisions="261" teleports="261" halting="0" stopped="0" meanWaitingTime="845.41" meanTravelTime="444.96" meanSpeed="25.45" meanSpeedRelative="0.80" duration="1"/>
    <step time="75300.00" loaded="80905" inserted="80905" running="102" waiting="0" ended="80803" arrived="80803" collisions="261" teleports="261" halting="0" stopped="0" meanWaitingTime="844.16" meanTravelTime="444.67" meanSpeed="26.52" meanSpeedRelative="0.83" duration="1"/>
    <step time="75600.00" loaded="81033" inserted="81033" running="117" waiting="0" ended="80916" arrived="80916" collisions="261" teleports="261" halting="0" stopped="0" meanWaitingTime="842.82" meanTravelTime="444.41" meanSpeed="26.28" meanSpeedRelative="0.82" duration="81"/>
    <step time="75900.00" loaded="81228" inserted="81228" running="172" waiting="0" ended="81056" arrived="81056" collisions="261" teleports="261" halting="1" stopped="0" meanWaitingTime="840.80" meanTravelTime="444.05" meanSpeed="24.30" meanSpeedRelative="0.76" duration="1"/>
    <step time="76200.00" loaded="81423" inserted="81423" running="164" waiting="0" ended="81259" arrived="81259" collisions="261" teleports="261" halting="0" stopped="0" meanWaitingTime="838.79" meanTravelTime="443.58" meanSpeed="25.02" meanSpeedRelative="0.78" duration="1"/>
    <step time="76500.00" loaded="81600" inserted="81600" running="156" waiting="0" ended="81444" arrived="81444" collisions="261" teleports="261" halting="1" stopped="0" meanWaitingTime="836.97" meanTravelTime="443.17" meanSpeed="25.08" meanSpeedRelative="0.78" duration="1"/>
    <step time="76800.00" loaded="81790" inserted="81788" running="169" waiting="2" ended="81619" arrived="81619" collisions="263" teleports="263" halting="1" stopped="0" meanWaitingTime="835.05" meanTravelTime="442.78" meanSpeed="24.89" meanSpeedRelative="0.78" duration="2"/>
    <step time="77100.00" loaded="81999" inserted="81999" running="190" waiting="0" ended="81809" arrived="81809" collisions="264" teleports="264" halting="1" stopped="0" meanWaitingTime="832.90" meanTravelTime="442.33" meanSpeed="24.93" meanSpeedRelative="0.78" duration="1"/>
    <step time="77400.00" loaded="82193" inserted="82193" running="163" waiting="0" ended="82030" arrived="82030" collisions="264" teleports="264" halting="0" stopped="0" meanWaitingTime="830.94" meanTravelTime="441.85" meanSpeed="24.38" meanSpeedRelative="0.76" duration="1"/>
    <step time="77700.00" loaded="82398" inserted="82398" running="178" waiting="0" ended="82220" arrived="82220" collisions="264" teleports="264" halting="0" stopped="0" meanWaitingTime="828.87" meanTravelTime="441.39" meanSpeed="24.65" meanSpeedRelative="0.77" duration="1"/>
    <step time="78000.00" loaded="82596" inserted="82594" running="173" waiting="2" ended="82421" arrived="82421" collisions="265" teleports="265" halting="1" stopped="0" meanWaitingTime="826.91" meanTravelTime="440.94" meanSpeed="24.04" meanSpeedRelative="0.75" duration="2"/>
    <step time="78300.00" loaded="82796" inserted="82796" running="194" waiting="0" ended="82602" arrived="82602" collisions="265" teleports="265" halting="1" stopped="0" meanWaitingTime="824.89" meanTravelTime="440.59" meanSpeed="25.45" meanSpeedRelative="0.80" duration="1"/>
    <step time="78600.00" loaded="82981" inserted="82981" running="178" waiting="0" ended="82803" arrived="82803" collisions="266" teleports="266" halting="0" stopped="0" meanWaitingTime="823.05" meanTravelTime="440.15" meanSpeed="25.22" meanSpeedRelative="0.79" duration="1"/>
    <step time="78900.00" loaded="83165" inserted="83165" running="148" waiting="0" ended="83017" arrived="83017" collisions="267" teleports="267" halting="1" stopped="0" meanWaitingTime="821.23" meanTravelTime="439.77" meanSpeed="24.94" meanSpeedRelative="0.78" duration="2"/>
    <step time="79200.00" loaded="83358" inserted="83356" running="161" waiting="2" ended="83195" arrived="83195" collisions="267" teleports="267" halting="2" stopped="0" meanWaitingTime="819.35" meanTravelTime="439.39" meanSpeed="24.75" meanSpeedRelative="0.77" duration="84"/>
    <step time="79500.00" loaded="83533" inserted="83533" running="163" waiting="0" ended="83370" arrived="83370" collisions="267" teleports="267" halting="1" stopped="0" meanWaitingTime="817.62" meanTravelTime="439.03" meanSpeed="25.39" meanSpeedRelative="0.79" duration="1"/>
    <step time="79800.00" loaded="83714" inserted="83714" running="164" waiting="0" ended="83550" arrived="83550" collisions="267" teleports="267" halting="2" stopped="0" meanWaitingTime="815.85" meanTravelTime="438.67" meanSpeed="25.48" meanSpeedRelative="0.80" duration="1"/>
    <step time="80100.00" loaded="83885" inserted="83885" running="177" waiting="0" ended="83708" arrived="83708" collisions="267" teleports="267" halting="1" stopped="0" meanWaitingTime="814.19" meanTravelTime="438.36" meanSpeed="25.10" meanSpeedRelative="0.78" duration="1"/>
    <step time="80400.00" loaded="84069" inserted="84069" running="171" waiting="0" ended="83898" arrived="83898" collisions="267" teleports="267" halting="2" stopped="0" meanWaitingTime="812.41" meanTravelTime="438.04" meanSpeed="24.81" meanSpeedRelative="0.78" duration="1"/>
    <step time="80700.00" loaded="84230" inserted="84230" running="157" waiting="0" ended="84073" arrived="84073" collisions="267" teleports="267" halting="4" stopped="0" meanWaitingTime="810.85" meanTravelTime="437.70" meanSpeed="23.94" meanSpeedRelative="0.75" duration="1"/>
    <step time="81000.00" loaded="84396" inserted="84396" running="137" waiting="0" ended="84259" arrived="84259" collisions="267" teleports="267" halting="2" stopped="0" meanWaitingTime="809.26" meanTravelTime="437.38" meanSpeed="25.34" meanSpeedRelative="0.79" duration="1"/>
    <step time="81300.00" loaded="84555" inserted="84555" running="147" waiting="0" ended="84408" arrived="84408" collisions="267" teleports="267" halting="0" stopped="0" meanWaitingTime="807.74" meanTravelTime="437.06" meanSpeed="25.81" meanSpeedRelative="0.81" duration="1"/>
    <step time="81600.00" loaded="84735" inserted="84735" running="166" waiting="0" ended="84569" arrived="84569" collisions="268" teleports="268" halting="0" stopped="0" meanWaitingTime="806.02" meanTravelTime="436.74" meanSpeed="25.28" meanSpeedRelative="0.79" duration="2"/>
    <step time="81900.00" loaded="84893" inserted="84893" running="149" waiting="0" ended="84744" arrived="84744" collisions="268" teleports="268" halting="1" stopped="0" meanWaitingTime="804.52" meanTravelTime="436.43" meanSpeed="25.71" meanSpeedRelative="0.80" duration="1"/>
    <step time="82200.00" loaded="85069" inserted="85069" running="152" waiting="0" ended="84917" arrived="84917" collisions="268" teleports="268" halting="0" stopped="0" meanWaitingTime="802.86" meanTravelTime="436.04" meanSpeed="25.48" meanSpeedRelative="0.80" duration="1"/>
    <step time="82500.00" loaded="85221" inserted="85221" running="131" waiting="0" ended="85090" arrived="85090" collisions="268" teleports="268" halting="0" stopped="0" meanWaitingTime="801.43" meanTravelTime="435.72" meanSpeed="25.36" meanSpeedRelative="0.79" duration="1"/>
</summary>
