<?xml version="1.0" encoding="UTF-8"?>

<!-- generated on 2025-08-07 16:20:59 by Eclipse SUMO sumo Version 1.23.1
<sumoConfiguration xmlns:xsi="http://www.w3.org/2001/XMLSchema-instance" xsi:noNamespaceSchemaLocation="http://sumo.dlr.de/xsd/sumoConfiguration.xsd">

    <input>
        <net-file value="Desktop\Master Thesis\Network_fin.net.xml"/>
        <route-files value="Desktop\Master Thesis\demand_model_amsterdam.rou.xml"/>
        <additional-files value="Desktop\Master Thesis\Additionnal.add.xml"/>
    </input>

    <output>
        <summary-output value="outputf/summary_no_control_K16_target5_84723.xml"/>
        <summary-output.period value="300"/>
        <tripinfo-output value="outputf/tripinfo_no_control_K16_target5_84723.xml"/>
    </output>

    <time>
        <begin value="0"/>
        <end value="82800"/>
        <step-length value="1"/>
    </time>

    <processing>
        <time-to-teleport value="-1"/>
    </processing>

    <report>
        <verbose value="true"/>
        <no-step-log value="true"/>
    </report>

    <emissions>
        <device.emissions.period value="10"/>
    </emissions>

    <traci_server>
        <remote-port value="64023"/>
    </traci_server>

    <random_number>
        <seed value="84723"/>
    </random_number>

</sumoConfiguration>
-->

<summary xmlns:xsi="http://www.w3.org/2001/XMLSchema-instance" xsi:noNamespaceSchemaLocation="http://sumo.dlr.de/xsd/summary_file.xsd">
    <step time="0.00" loaded="1" inserted="1" running="1" waiting="0" ended="0" arrived="0" collisions="0" teleports="0" halting="1" stopped="0" meanWaitingTime="0.00" meanTravelTime="-1.00" meanSpeed="0.00" meanSpeedRelative="0.00" duration="1"/>
    <step time="300.00" loaded="200" inserted="200" running="126" waiting="0" ended="74" arrived="74" collisions="0" teleports="0" halting="0" stopped="0" meanWaitingTime="0.66" meanTravelTime="107.58" meanSpeed="25.45" meanSpeedRelative="0.80" duration="1"/>
    <step time="600.00" loaded="367" inserted="367" running="133" waiting="0" ended="234" arrived="234" collisions="0" teleports="0" halting="0" stopped="0" meanWaitingTime="0.50" meanTravelTime="156.97" meanSpeed="25.25" meanSpeedRelative="0.79" duration="1"/>
    <step time="900.00" loaded="545" inserted="545" running="143" waiting="0" ended="402" arrived="402" collisions="0" teleports="0" halting="1" stopped="0" meanWaitingTime="0.50" meanTravelTime="193.48" meanSpeed="25.54" meanSpeedRelative="0.80" duration="1"/>
    <step time="1200.00" loaded="732" inserted="732" running="166" waiting="0" ended="566" arrived="566" collisions="0" teleports="0" halting="0" stopped="0" meanWaitingTime="0.52" meanTravelTime="209.31" meanSpeed="26.04" meanSpeedRelative="0.81" duration="1"/>
    <step time="1500.00" loaded="907" inserted="907" running="160" waiting="0" ended="747" arrived="747" collisions="0" teleports="0" halting="0" stopped="0" meanWaitingTime="0.52" meanTravelTime="219.54" meanSpeed="25.42" meanSpeedRelative="0.79" duration="1"/>
    <step time="1800.00" loaded="1102" inserted="1102" running="190" waiting="0" ended="912" arrived="912" collisions="0" teleports="0" halting="0" stopped="0" meanWaitingTime="0.49" meanTravelTime="230.23" meanSpeed="25.59" meanSpeedRelative="0.80" duration="1"/>
    <step time="2100.00" loaded="1278" inserted="1278" running="159" waiting="0" ended="1119" arrived="1119" collisions="0" teleports="0" halting="1" stopped="0" meanWaitingTime="0.45" meanTravelTime="237.91" meanSpeed="25.03" meanSpeedRelative="0.78" duration="1"/>
    <step time="2400.00" loaded="1453" inserted="1453" running="143" waiting="0" ended="1310" arrived="1310" collisions="1" teleports="1" halting="0" stopped="0" meanWaitingTime="0.44" meanTravelTime="246.05" meanSpeed="25.11" meanSpeedRelative="0.78" duration="1"/>
    <step time="2700.00" loaded="1621" inserted="1621" running="144" waiting="0" ended="1477" arrived="1477" collisions="1" teleports="1" halting="2" stopped="0" meanWaitingTime="0.42" meanTravelTime="248.17" meanSpeed="24.99" meanSpeedRelative="0.78" duration="1"/>
    <step time="3000.00" loaded="1799" inserted="1798" running="149" waiting="1" ended="1649" arrived="1649" collisions="1" teleports="1" halting="1" stopped="0" meanWaitingTime="0.44" meanTravelTime="246.06" meanSpeed="24.58" meanSpeedRelative="0.77" duration="1"/>
    <step time="3300.00" loaded="2003" inserted="2003" running="165" waiting="0" ended="1838" arrived="1838" collisions="1" teleports="1" halting="0" stopped="0" meanWaitingTime="0.45" meanTravelTime="244.68" meanSpeed="25.15" meanSpeedRelative="0.79" duration="1"/>
    <step time="3600.00" loaded="2179" inserted="2179" running="145" waiting="0" ended="2034" arrived="2034" collisions="1" teleports="1" halting="0" stopped="0" meanWaitingTime="0.44" meanTravelTime="245.63" meanSpeed="25.01" meanSpeedRelative="0.78" duration="83"/>
    <step time="3900.00" loaded="2277" inserted="2277" running="108" waiting="0" ended="2169" arrived="2169" collisions="1" teleports="1" halting="0" stopped="0" meanWaitingTime="0.42" meanTravelTime="247.37" meanSpeed="26.46" meanSpeedRelative="0.83" duration="1"/>
    <step time="4200.00" loaded="2373" inserted="2373" running="95" waiting="0" ended="2278" arrived="2278" collisions="2" teleports="2" halting="0" stopped="0" meanWaitingTime="0.41" meanTravelTime="251.22" meanSpeed="25.37" meanSpeedRelative="0.79" duration="1"/>
    <step time="4500.00" loaded="2487" inserted="2487" running="92" waiting="0" ended="2395" arrived="2395" collisions="2" teleports="2" halting="1" stopped="0" meanWaitingTime="0.40" meanTravelTime="251.29" meanSpeed="24.86" meanSpeedRelative="0.78" duration="1"/>
    <step time="4800.00" loaded="2593" inserted="2593" running="95" waiting="0" ended="2498" arrived="2498" collisions="2" teleports="2" halting="1" stopped="0" meanWaitingTime="0.39" meanTravelTime="252.76" meanSpeed="25.31" meanSpeedRelative="0.79" duration="1"/>
    <step time="5100.00" loaded="2706" inserted="2706" running="101" waiting="0" ended="2605" arrived="2605" collisions="2" teleports="2" halting="1" stopped="0" meanWaitingTime="0.39" meanTravelTime="253.02" meanSpeed="25.54" meanSpeedRelative="0.80" duration="1"/>
    <step time="5400.00" loaded="2824" inserted="2824" running="105" waiting="0" ended="2719" arrived="2719" collisions="2" teleports="2" halting="0" stopped="0" meanWaitingTime="0.38" meanTravelTime="253.70" meanSpeed="26.39" meanSpeedRelative="0.82" duration="1"/>
    <step time="5700.00" loaded="2930" inserted="2930" running="97" waiting="0" ended="2833" arrived="2833" collisions="2" teleports="2" halting="0" stopped="0" meanWaitingTime="0.37" meanTravelTime="253.20" meanSpeed="24.55" meanSpeedRelative="0.77" duration="1"/>
    <step time="6000.00" loaded="3040" inserted="3040" running="105" waiting="0" ended="2935" arrived="2935" collisions="2" teleports="2" halting="0" stopped="0" meanWaitingTime="0.36" meanTravelTime="254.81" meanSpeed="25.56" meanSpeedRelative="0.80" duration="1"/>
    <step time="6300.00" loaded="3148" inserted="3148" running="96" waiting="0" ended="3052" arrived="3052" collisions="2" teleports="2" halting="0" stopped="0" meanWaitingTime="0.36" meanTravelTime="255.29" meanSpeed="25.59" meanSpeedRelative="0.80" duration="1"/>
    <step time="6600.00" loaded="3239" inserted="3239" running="74" waiting="0" ended="3165" arrived="3165" collisions="2" teleports="2" halting="0" stopped="0" meanWaitingTime="0.36" meanTravelTime="255.80" meanSpeed="25.97" meanSpeedRelative="0.81" duration="0"/>
    <step time="6900.00" loaded="3358" inserted="3358" running="104" waiting="0" ended="3254" arrived="3254" collisions="2" teleports="2" halting="0" stopped="0" meanWaitingTime="0.35" meanTravelTime="254.98" meanSpeed="25.73" meanSpeedRelative="0.80" duration="1"/>
    <step time="7200.00" loaded="3473" inserted="3473" running="101" waiting="0" ended="3372" arrived="3372" collisions="3" teleports="3" halting="0" stopped="0" meanWaitingTime="0.36" meanTravelTime="254.92" meanSpeed="25.65" meanSpeedRelative="0.80" duration="85"/>
    <step time="7500.00" loaded="3622" inserted="3622" running="111" waiting="0" ended="3511" arrived="3511" collisions="3" teleports="3" halting="0" stopped="0" meanWaitingTime="0.36" meanTravelTime="254.82" meanSpeed="25.98" meanSpeedRelative="0.81" duration="1"/>
    <step time="7800.00" loaded="3772" inserted="3771" running="141" waiting="1" ended="3630" arrived="3630" collisions="3" teleports="3" halting="0" stopped="0" meanWaitingTime="0.35" meanTravelTime="255.31" meanSpeed="24.62" meanSpeedRelative="0.77" duration="2"/>
    <step time="8100.00" loaded="3920" inserted="3920" running="128" waiting="0" ended="3792" arrived="3792" collisions="4" teleports="4" halting="1" stopped="0" meanWaitingTime="0.36" meanTravelTime="254.49" meanSpeed="25.57" meanSpeedRelative="0.80" duration="1"/>
    <step time="8400.00" loaded="4063" inserted="4062" running="120" waiting="1" ended="3942" arrived="3942" collisions="4" teleports="4" halting="1" stopped="0" meanWaitingTime="0.36" meanTravelTime="254.79" meanSpeed="24.60" meanSpeedRelative="0.77" duration="1"/>
    <step time="8700.00" loaded="4192" inserted="4192" running="111" waiting="0" ended="4081" arrived="4081" collisions="4" teleports="4" halting="0" stopped="0" meanWaitingTime="0.36" meanTravelTime="254.57" meanSpeed="26.17" meanSpeedRelative="0.82" duration="0"/>
    <step time="9000.00" loaded="4348" inserted="4348" running="119" waiting="0" ended="4229" arrived="4229" collisions="4" teleports="4" halting="1" stopped="0" meanWaitingTime="0.38" meanTravelTime="254.35" meanSpeed="24.92" meanSpeedRelative="0.78" duration="0"/>
    <step time="9300.00" loaded="4492" inserted="4492" running="121" waiting="0" ended="4371" arrived="4371" collisions="4" teleports="4" halting="0" stopped="0" meanWaitingTime="0.38" meanTravelTime="253.95" meanSpeed="25.25" meanSpeedRelative="0.79" duration="0"/>
    <step time="9600.00" loaded="4639" inserted="4639" running="115" waiting="0" ended="4524" arrived="4524" collisions="4" teleports="4" halting="0" stopped="0" meanWaitingTime="0.38" meanTravelTime="253.67" meanSpeed="26.14" meanSpeedRelative="0.82" duration="0"/>
    <step time="9900.00" loaded="4808" inserted="4808" running="126" waiting="0" ended="4682" arrived="4682" collisions="4" teleports="4" halting="0" stopped="0" meanWaitingTime="0.38" meanTravelTime="253.13" meanSpeed="25.69" meanSpeedRelative="0.80" duration="0"/>
    <step time="10200.00" loaded="4951" inserted="4951" running="119" waiting="0" ended="4832" arrived="4832" collisions="4" teleports="4" halting="0" stopped="0" meanWaitingTime="0.38" meanTravelTime="253.45" meanSpeed="25.78" meanSpeedRelative="0.81" duration="0"/>
    <step time="10500.00" loaded="5096" inserted="5096" running="106" waiting="0" ended="4990" arrived="4990" collisions="4" teleports="4" halting="2" stopped="0" meanWaitingTime="0.37" meanTravelTime="253.06" meanSpeed="25.34" meanSpeedRelative="0.79" duration="1"/>
    <step time="10800.00" loaded="5246" inserted="5246" running="130" waiting="0" ended="5116" arrived="5116" collisions="4" teleports="4" halting="0" stopped="0" meanWaitingTime="0.37" meanTravelTime="252.20" meanSpeed="24.61" meanSpeedRelative="0.77" duration="85"/>
    <step time="11100.00" loaded="5385" inserted="5385" running="109" waiting="0" ended="5276" arrived="5276" collisions="4" teleports="4" halting="0" stopped="0" meanWaitingTime="0.37" meanTravelTime="252.62" meanSpeed="24.95" meanSpeedRelative="0.78" duration="1"/>
    <step time="11400.00" loaded="5521" inserted="5521" running="105" waiting="0" ended="5416" arrived="5416" collisions="4" teleports="4" halting="0" stopped="0" meanWaitingTime="0.37" meanTravelTime="251.75" meanSpeed="24.97" meanSpeedRelative="0.78" duration="1"/>
    <step time="11700.00" loaded="5677" inserted="5677" running="116" waiting="0" ended="5561" arrived="5561" collisions="4" teleports="4" halting="2" stopped="0" meanWaitingTime="0.36" meanTravelTime="251.24" meanSpeed="24.91" meanSpeedRelative="0.78" duration="1"/>
    <step time="12000.00" loaded="5846" inserted="5846" running="117" waiting="0" ended="5729" arrived="5729" collisions="4" teleports="4" halting="2" stopped="0" meanWaitingTime="0.37" meanTravelTime="250.15" meanSpeed="24.20" meanSpeedRelative="0.76" duration="1"/>
    <step time="12300.00" loaded="5999" inserted="5999" running="109" waiting="0" ended="5890" arrived="5890" collisions="5" teleports="5" halting="0" stopped="0" meanWaitingTime="0.37" meanTravelTime="249.04" meanSpeed="26.06" meanSpeedRelative="0.81" duration="1"/>
    <step time="12600.00" loaded="6130" inserted="6129" running="102" waiting="1" ended="6027" arrived="6027" collisions="5" teleports="5" halting="0" stopped="0" meanWaitingTime="0.37" meanTravelTime="248.77" meanSpeed="25.62" meanSpeedRelative="0.80" duration="1"/>
    <step time="12900.00" loaded="6279" inserted="6279" running="114" waiting="0" ended="6165" arrived="6165" collisions="5" teleports="5" halting="0" stopped="0" meanWaitingTime="0.36" meanTravelTime="248.44" meanSpeed="25.94" meanSpeedRelative="0.81" duration="1"/>
    <step time="13200.00" loaded="6427" inserted="6426" running="102" waiting="1" ended="6324" arrived="6324" collisions="5" teleports="5" halting="0" stopped="0" meanWaitingTime="0.38" meanTravelTime="247.66" meanSpeed="25.07" meanSpeedRelative="0.78" duration="0"/>
    <step time="13500.00" loaded="6556" inserted="6556" running="95" waiting="0" ended="6461" arrived="6461" collisions="5" teleports="5" halting="0" stopped="0" meanWaitingTime="0.38" meanTravelTime="246.96" meanSpeed="25.66" meanSpeedRelative="0.80" duration="0"/>
    <step time="13800.00" loaded="6699" inserted="6699" running="109" waiting="0" ended="6590" arrived="6590" collisions="5" teleports="5" halting="0" stopped="0" meanWaitingTime="0.38" meanTravelTime="246.23" meanSpeed="26.29" meanSpeedRelative="0.82" duration="1"/>
    <step time="14100.00" loaded="6812" inserted="6811" running="86" waiting="1" ended="6725" arrived="6725" collisions="5" teleports="5" halting="2" stopped="0" meanWaitingTime="0.38" meanTravelTime="245.75" meanSpeed="24.59" meanSpeedRelative="0.77" duration="1"/>
    <step time="14400.00" loaded="6946" inserted="6946" running="106" waiting="0" ended="6840" arrived="6840" collisions="5" teleports="5" halting="0" stopped="0" meanWaitingTime="0.37" meanTravelTime="245.29" meanSpeed="25.48" meanSpeedRelative="0.80" duration="87"/>
    <step time="14700.00" loaded="7054" inserted="7054" running="83" waiting="0" ended="6971" arrived="6971" collisions="5" teleports="5" halting="0" stopped="0" meanWaitingTime="0.37" meanTravelTime="245.27" meanSpeed="25.17" meanSpeedRelative="0.79" duration="1"/>
    <step time="15000.00" loaded="7151" inserted="7151" running="67" waiting="0" ended="7084" arrived="7084" collisions="5" teleports="5" halting="1" stopped="0" meanWaitingTime="0.37" meanTravelTime="244.94" meanSpeed="26.16" meanSpeedRelative="0.82" duration="0"/>
    <step time="15300.00" loaded="7253" inserted="7253" running="67" waiting="0" ended="7186" arrived="7186" collisions="5" teleports="5" halting="0" stopped="0" meanWaitingTime="0.37" meanTravelTime="244.33" meanSpeed="25.57" meanSpeedRelative="0.80" duration="0"/>
    <step time="15600.00" loaded="7357" inserted="7357" running="64" waiting="0" ended="7293" arrived="7293" collisions="5" teleports="5" halting="1" stopped="0" meanWaitingTime="0.36" meanTravelTime="244.11" meanSpeed="25.43" meanSpeedRelative="0.79" duration="1"/>
    <step time="15900.00" loaded="7434" inserted="7434" running="62" waiting="0" ended="7372" arrived="7372" collisions="5" teleports="5" halting="0" stopped="0" meanWaitingTime="0.36" meanTravelTime="243.96" meanSpeed="26.48" meanSpeedRelative="0.83" duration="1"/>
    <step time="16200.00" loaded="7526" inserted="7526" running="73" waiting="0" ended="7453" arrived="7453" collisions="5" teleports="5" halting="1" stopped="0" meanWaitingTime="0.36" meanTravelTime="243.80" meanSpeed="25.61" meanSpeedRelative="0.80" duration="1"/>
    <step time="16500.00" loaded="7632" inserted="7632" running="67" waiting="0" ended="7565" arrived="7565" collisions="5" teleports="5" halting="0" stopped="0" meanWaitingTime="0.36" meanTravelTime="243.42" meanSpeed="26.18" meanSpeedRelative="0.82" duration="0"/>
    <step time="16800.00" loaded="7730" inserted="7729" running="64" waiting="1" ended="7665" arrived="7665" collisions="5" teleports="5" halting="0" stopped="0" meanWaitingTime="0.36" meanTravelTime="243.03" meanSpeed="25.16" meanSpeedRelative="0.79" duration="0"/>
    <step time="17100.00" loaded="7835" inserted="7835" running="77" waiting="0" ended="7758" arrived="7758" collisions="5" teleports="5" halting="1" stopped="0" meanWaitingTime="0.36" meanTravelTime="242.41" meanSpeed="25.54" meanSpeedRelative="0.80" duration="1"/>
    <step time="17400.00" loaded="7941" inserted="7941" running="76" waiting="0" ended="7865" arrived="7865" collisions="5" teleports="5" halting="0" stopped="0" meanWaitingTime="0.36" meanTravelTime="242.01" meanSpeed="25.63" meanSpeedRelative="0.80" duration="1"/>
    <step time="17700.00" loaded="8032" inserted="8032" running="66" waiting="0" ended="7966" arrived="7966" collisions="5" teleports="5" halting="0" stopped="0" meanWaitingTime="0.35" meanTravelTime="241.88" meanSpeed="26.41" meanSpeedRelative="0.83" duration="0"/>
    <step time="18000.00" loaded="8135" inserted="8135" running="71" waiting="0" ended="8064" arrived="8064" collisions="5" teleports="5" halting="1" stopped="0" meanWaitingTime="0.35" meanTravelTime="241.16" meanSpeed="25.90" meanSpeedRelative="0.81" duration="79"/>
    <step time="18300.00" loaded="8317" inserted="8316" running="132" waiting="1" ended="8184" arrived="8184" collisions="5" teleports="5" halting="0" stopped="0" meanWaitingTime="0.36" meanTravelTime="240.78" meanSpeed="25.54" meanSpeedRelative="0.80" duration="1"/>
    <step time="18600.00" loaded="8505" inserted="8505" running="149" waiting="0" ended="8356" arrived="8356" collisions="5" teleports="5" halting="1" stopped="0" meanWaitingTime="0.37" meanTravelTime="240.16" meanSpeed="25.11" meanSpeedRelative="0.78" duration="1"/>
    <step time="18900.00" loaded="8686" inserted="8686" running="131" waiting="0" ended="8555" arrived="8555" collisions="5" teleports="5" halting="0" stopped="0" meanWaitingTime="0.37" meanTravelTime="239.75" meanSpeed="25.94" meanSpeedRelative="0.81" duration="1"/>
    <step time="19200.00" loaded="8892" inserted="8892" running="163" waiting="0" ended="8729" arrived="8729" collisions="6" teleports="6" halting="0" stopped="0" meanWaitingTime="0.37" meanTravelTime="239.12" meanSpeed="24.73" meanSpeedRelative="0.77" duration="1"/>
    <step time="19500.00" loaded="9108" inserted="9107" running="169" waiting="1" ended="8938" arrived="8938" collisions="6" teleports="6" halting="1" stopped="0" meanWaitingTime="0.37" meanTravelTime="238.71" meanSpeed="24.38" meanSpeedRelative="0.76" duration="1"/>
    <step time="19800.00" loaded="9304" inserted="9303" running="162" waiting="1" ended="9141" arrived="9141" collisions="6" teleports="6" halting="0" stopped="0" meanWaitingTime="0.37" meanTravelTime="238.62" meanSpeed="25.13" meanSpeedRelative="0.79" duration="1"/>
    <step time="20100.00" loaded="9512" inserted="9512" running="154" waiting="0" ended="9358" arrived="9358" collisions="6" teleports="6" halting="1" stopped="0" meanWaitingTime="0.39" meanTravelTime="238.99" meanSpeed="24.52" meanSpeedRelative="0.77" duration="1"/>
    <step time="20400.00" loaded="9713" inserted="9711" running="159" waiting="2" ended="9552" arrived="9552" collisions="6" teleports="6" halting="1" stopped="0" meanWaitingTime="0.39" meanTravelTime="238.99" meanSpeed="23.85" meanSpeedRelative="0.75" duration="1"/>
    <step time="20700.00" loaded="9903" inserted="9903" running="164" waiting="0" ended="9739" arrived="9739" collisions="6" teleports="6" halting="2" stopped="0" meanWaitingTime="0.39" meanTravelTime="238.78" meanSpeed="25.35" meanSpeedRelative="0.79" duration="1"/>
    <step time="21000.00" loaded="10106" inserted="10106" running="178" waiting="0" ended="9928" arrived="9928" collisions="6" teleports="6" halting="3" stopped="0" meanWaitingTime="0.40" meanTravelTime="239.10" meanSpeed="25.18" meanSpeedRelative="0.79" duration="2"/>
    <step time="21300.00" loaded="10306" inserted="10305" running="169" waiting="1" ended="10136" arrived="10136" collisions="6" teleports="6" halting="1" stopped="0" meanWaitingTime="0.40" meanTravelTime="238.87" meanSpeed="24.58" meanSpeedRelative="0.77" duration="1"/>
    <step time="21600.00" loaded="10508" inserted="10508" running="171" waiting="0" ended="10337" arrived="10337" collisions="7" teleports="7" halting="2" stopped="0" meanWaitingTime="0.40" meanTravelTime="239.33" meanSpeed="24.81" meanSpeedRelative="0.78" duration="80"/>
    <step time="21900.00" loaded="10958" inserted="10935" running="341" waiting="23" ended="10594" arrived="10594" collisions="7" teleports="7" halting="1" stopped="0" meanWaitingTime="0.60" meanTravelTime="239.08" meanSpeed="22.49" meanSpeedRelative="0.70" duration="2"/>
    <step time="22200.00" loaded="11399" inserted="11354" running="400" waiting="45" ended="10954" arrived="10954" collisions="9" teleports="9" halting="0" stopped="0" meanWaitingTime="1.43" meanTravelTime="239.62" meanSpeed="21.40" meanSpeedRelative="0.67" duration="2"/>
    <step time="22500.00" loaded="11902" inserted="11804" running="461" waiting="98" ended="11343" arrived="11343" collisions="9" teleports="9" halting="1" stopped="0" meanWaitingTime="2.89" meanTravelTime="240.83" meanSpeed="20.31" meanSpeedRelative="0.63" duration="3"/>
    <step time="22800.00" loaded="12367" inserted="12239" running="464" waiting="128" ended="11775" arrived="11775" collisions="9" teleports="9" halting="2" stopped="0" meanWaitingTime="5.16" meanTravelTime="243.40" meanSpeed="19.65" meanSpeedRelative="0.61" duration="2"/>
    <step time="23100.00" loaded="12837" inserted="12677" running="484" waiting="160" ended="12193" arrived="12193" collisions="9" teleports="9" halting="1" stopped="0" meanWaitingTime="7.93" meanTravelTime="246.05" meanSpeed="18.90" meanSpeedRelative="0.59" duration="4"/>
    <step time="23400.00" loaded="13302" inserted="13137" running="507" waiting="165" ended="12630" arrived="12630" collisions="10" teleports="10" halting="4" stopped="0" meanWaitingTime="10.73" meanTravelTime="248.91" meanSpeed="18.71" meanSpeedRelative="0.58" duration="3"/>
    <step time="23700.00" loaded="13759" inserted="13570" running="509" waiting="189" ended="13061" arrived="13061" collisions="10" teleports="10" halting="2" stopped="0" meanWaitingTime="14.03" meanTravelTime="252.05" meanSpeed="18.28" meanSpeedRelative="0.57" duration="3"/>
    <step time="24000.00" loaded="14225" inserted="14004" running="528" waiting="221" ended="13476" arrived="13476" collisions="10" teleports="10" halting="2" stopped="0" meanWaitingTime="17.38" meanTravelTime="255.27" meanSpeed="18.22" meanSpeedRelative="0.57" duration="3"/>
    <step time="24300.00" loaded="14729" inserted="14450" running="542" waiting="279" ended="13908" arrived="13908" collisions="10" teleports="10" halting="0" stopped="0" meanWaitingTime="21.05" meanTravelTime="258.16" meanSpeed="17.97" meanSpeedRelative="0.56" duration="3"/>
    <step time="24600.00" loaded="15149" inserted="14860" running="518" waiting="289" ended="14342" arrived="14342" collisions="10" teleports="10" halting="0" stopped="0" meanWaitingTime="25.17" meanTravelTime="261.66" meanSpeed="18.51" meanSpeedRelative="0.58" duration="3"/>
    <step time="24900.00" loaded="15602" inserted="15301" running="549" waiting="301" ended="14752" arrived="14752" collisions="10" teleports="10" halting="1" stopped="0" meanWaitingTime="29.82" meanTravelTime="264.77" meanSpeed="18.08" meanSpeedRelative="0.56" duration="5"/>
    <step time="25200.00" loaded="16114" inserted="15769" running="545" waiting="345" ended="15224" arrived="15224" collisions="10" teleports="10" halting="4" stopped="0" meanWaitingTime="34.50" meanTravelTime="268.23" meanSpeed="17.96" meanSpeedRelative="0.56" duration="86"/>
    <step time="25500.00" loaded="16699" inserted="16277" running="610" waiting="422" ended="15667" arrived="15667" collisions="11" teleports="11" halting="3" stopped="0" meanWaitingTime="39.44" meanTravelTime="270.57" meanSpeed="17.14" meanSpeedRelative="0.54" duration="5"/>
    <step time="25800.00" loaded="17246" inserted="16740" running="591" waiting="506" ended="16149" arrived="16149" collisions="12" teleports="12" halting="5" stopped="0" meanWaitingTime="44.83" meanTravelTime="273.14" meanSpeed="17.34" meanSpeedRelative="0.54" duration="4"/>
    <step time="26100.00" loaded="17799" inserted="17209" running="627" waiting="590" ended="16582" arrived="16582" collisions="14" teleports="14" halting="1" stopped="0" meanWaitingTime="50.20" meanTravelTime="275.41" meanSpeed="17.43" meanSpeedRelative="0.54" duration="4"/>
    <step time="26400.00" loaded="18368" inserted="17697" running="661" waiting="671" ended="17036" arrived="17036" collisions="16" teleports="16" halting="3" stopped="0" meanWaitingTime="56.88" meanTravelTime="278.73" meanSpeed="15.91" meanSpeedRelative="0.50" duration="3"/>
    <step time="26700.00" loaded="18929" inserted="18157" running="645" waiting="772" ended="17512" arrived="17512" collisions="17" teleports="17" halting="9" stopped="0" meanWaitingTime="63.69" meanTravelTime="282.58" meanSpeed="15.48" meanSpeedRelative="0.48" duration="4"/>
    <step time="27000.00" loaded="19468" inserted="18632" running="624" waiting="836" ended="18008" arrived="18008" collisions="17" teleports="17" halting="2" stopped="0" meanWaitingTime="71.47" meanTravelTime="285.75" meanSpeed="16.00" meanSpeedRelative="0.50" duration="4"/>
    <step time="27300.00" loaded="20030" inserted="19105" running="650" waiting="925" ended="18455" arrived="18455" collisions="20" teleports="20" halting="1" stopped="0" meanWaitingTime="80.51" meanTravelTime="288.09" meanSpeed="15.88" meanSpeedRelative="0.50" duration="5"/>
    <step time="27600.00" loaded="20610" inserted="19587" running="702" waiting="1023" ended="18885" arrived="18885" collisions="22" teleports="22" halting="1" stopped="0" meanWaitingTime="89.62" meanTravelTime="291.36" meanSpeed="14.99" meanSpeedRelative="0.47" duration="5"/>
    <step time="27900.00" loaded="21162" inserted="20041" running="661" waiting="1121" ended="19380" arrived="19380" collisions="24" teleports="24" halting="1" stopped="0" meanWaitingTime="98.92" meanTravelTime="295.20" meanSpeed="15.39" meanSpeedRelative="0.48" duration="4"/>
    <step time="28200.00" loaded="21741" inserted="20502" running="655" waiting="1239" ended="19847" arrived="19847" collisions="25" teleports="25" halting="5" stopped="0" meanWaitingTime="108.75" meanTravelTime="298.20" meanSpeed="15.25" meanSpeedRelative="0.48" duration="3"/>
    <step time="28500.00" loaded="22294" inserted="21010" running="697" waiting="1284" ended="20313" arrived="20313" collisions="28" teleports="28" halting="3" stopped="0" meanWaitingTime="119.75" meanTravelTime="301.08" meanSpeed="14.75" meanSpeedRelative="0.46" duration="4"/>
    <step time="28800.00" loaded="22912" inserted="21516" running="724" waiting="1396" ended="20792" arrived="20792" collisions="29" teleports="29" halting="3" stopped="0" meanWaitingTime="131.24" meanTravelTime="303.62" meanSpeed="14.16" meanSpeedRelative="0.44" duration="90"/>
    <step time="29100.00" loaded="23251" inserted="21947" running="687" waiting="1304" ended="21260" arrived="21260" collisions="31" teleports="31" halting="6" stopped="0" meanWaitingTime="142.73" meanTravelTime="307.14" meanSpeed="14.13" meanSpeedRelative="0.44" duration="5"/>
    <step time="29400.00" loaded="23628" inserted="22389" running="646" waiting="1239" ended="21743" arrived="21743" collisions="32" teleports="32" halting="0" stopped="0" meanWaitingTime="153.75" meanTravelTime="310.22" meanSpeed="14.89" meanSpeedRelative="0.47" duration="3"/>
    <step time="29700.00" loaded="23972" inserted="22778" running="580" waiting="1194" ended="22198" arrived="22198" collisions="33" teleports="33" halting="2" stopped="0" meanWaitingTime="166.29" meanTravelTime="312.69" meanSpeed="15.96" meanSpeedRelative="0.50" duration="3"/>
    <step time="30000.00" loaded="24314" inserted="23193" running="567" waiting="1121" ended="22626" arrived="22626" collisions="34" teleports="34" halting="4" stopped="0" meanWaitingTime="178.84" meanTravelTime="314.75" meanSpeed="15.51" meanSpeedRelative="0.48" duration="4"/>
    <step time="30300.00" loaded="24712" inserted="23624" running="579" waiting="1088" ended="23045" arrived="23045" collisions="34" teleports="34" halting="1" stopped="0" meanWaitingTime="190.96" meanTravelTime="316.33" meanSpeed="15.51" meanSpeedRelative="0.48" duration="3"/>
    <step time="30600.00" loaded="25071" inserted="24032" running="543" waiting="1039" ended="23489" arrived="23489" collisions="35" teleports="35" halting="2" stopped="0" meanWaitingTime="202.37" meanTravelTime="318.54" meanSpeed="15.64" meanSpeedRelative="0.49" duration="3"/>
    <step time="30900.00" loaded="25386" inserted="24443" running="521" waiting="943" ended="23922" arrived="23922" collisions="35" teleports="35" halting="1" stopped="0" meanWaitingTime="213.21" meanTravelTime="319.85" meanSpeed="16.22" meanSpeedRelative="0.51" duration="3"/>
    <step time="31200.00" loaded="25728" inserted="24875" running="547" waiting="853" ended="24328" arrived="24328" collisions="41" teleports="41" halting="5" stopped="0" meanWaitingTime="223.39" meanTravelTime="321.20" meanSpeed="16.95" meanSpeedRelative="0.53" duration="3"/>
    <step time="31500.00" loaded="26055" inserted="25280" running="524" waiting="775" ended="24756" arrived="24756" collisions="41" teleports="41" halting="1" stopped="0" meanWaitingTime="232.49" meanTravelTime="321.84" meanSpeed="17.41" meanSpeedRelative="0.54" duration="2"/>
    <step time="31800.00" loaded="26392" inserted="25713" running="535" waiting="679" ended="25178" arrived="25178" collisions="42" teleports="42" halting="0" stopped="0" meanWaitingTime="240.32" meanTravelTime="323.02" meanSpeed="17.89" meanSpeedRelative="0.56" duration="4"/>
    <step time="32100.00" loaded="26755" inserted="26146" running="531" waiting="609" ended="25615" arrived="25615" collisions="42" teleports="42" halting="2" stopped="0" meanWaitingTime="246.21" meanTravelTime="324.00" meanSpeed="18.11" meanSpeedRelative="0.57" duration="3"/>
    <step time="32400.00" loaded="27101" inserted="26535" running="457" waiting="566" ended="26078" arrived="26078" collisions="43" teleports="43" halting="1" stopped="0" meanWaitingTime="250.94" meanTravelTime="324.83" meanSpeed="18.47" meanSpeedRelative="0.58" duration="88"/>
    <step time="32700.00" loaded="27375" inserted="26878" running="390" waiting="497" ended="26488" arrived="26488" collisions="44" teleports="44" halting="1" stopped="0" meanWaitingTime="255.28" meanTravelTime="325.39" meanSpeed="19.77" meanSpeedRelative="0.62" duration="3"/>
    <step time="33000.00" loaded="27633" inserted="27204" running="331" waiting="429" ended="26873" arrived="26873" collisions="45" teleports="45" halting="1" stopped="0" meanWaitingTime="260.59" meanTravelTime="325.51" meanSpeed="20.80" meanSpeedRelative="0.65" duration="3"/>
    <step time="33300.00" loaded="27914" inserted="27532" running="292" waiting="382" ended="27240" arrived="27240" collisions="45" teleports="45" halting="0" stopped="0" meanWaitingTime="264.64" meanTravelTime="325.31" meanSpeed="21.55" meanSpeedRelative="0.67" duration="1"/>
    <step time="33600.00" loaded="28180" inserted="27848" running="297" waiting="332" ended="27551" arrived="27551" collisions="45" teleports="45" halting="0" stopped="0" meanWaitingTime="267.52" meanTravelTime="324.90" meanSpeed="21.61" meanSpeedRelative="0.68" duration="2"/>
    <step time="33900.00" loaded="28441" inserted="28169" running="294" waiting="272" ended="27875" arrived="27875" collisions="45" teleports="45" halting="0" stopped="0" meanWaitingTime="269.52" meanTravelTime="324.35" meanSpeed="21.93" meanSpeedRelative="0.69" duration="2"/>
    <step time="34200.00" loaded="28697" inserted="28490" running="281" waiting="207" ended="28209" arrived="28209" collisions="46" teleports="46" halting="1" stopped="0" meanWaitingTime="270.46" meanTravelTime="323.70" meanSpeed="21.96" meanSpeedRelative="0.69" duration="2"/>
    <step time="34500.00" loaded="28950" inserted="28769" running="255" waiting="181" ended="28514" arrived="28514" collisions="46" teleports="46" halting="2" stopped="0" meanWaitingTime="271.62" meanTravelTime="323.26" meanSpeed="23.11" meanSpeedRelative="0.72" duration="2"/>
    <step time="34800.00" loaded="29226" inserted="29064" running="254" waiting="162" ended="28810" arrived="28810" collisions="46" teleports="46" halting="0" stopped="0" meanWaitingTime="272.29" meanTravelTime="322.71" meanSpeed="23.68" meanSpeedRelative="0.74" duration="1"/>
    <step time="35100.00" loaded="29480" inserted="29353" running="241" waiting="127" ended="29112" arrived="29112" collisions="48" teleports="48" halting="0" stopped="0" meanWaitingTime="272.58" meanTravelTime="322.06" meanSpeed="24.20" meanSpeedRelative="0.76" duration="2"/>
    <step time="35400.00" loaded="29752" inserted="29647" running="264" waiting="105" ended="29383" arrived="29383" collisions="49" teleports="49" halting="2" stopped="0" meanWaitingTime="272.38" meanTravelTime="321.42" meanSpeed="23.71" meanSpeedRelative="0.74" duration="1"/>
    <step time="35700.00" loaded="30006" inserted="29930" running="246" waiting="76" ended="29684" arrived="29684" collisions="49" teleports="49" halting="2" stopped="0" meanWaitingTime="271.53" meanTravelTime="320.76" meanSpeed="22.65" meanSpeedRelative="0.71" duration="1"/>
    <step time="36000.00" loaded="30265" inserted="30222" running="247" waiting="43" ended="29975" arrived="29975" collisions="50" teleports="50" halting="2" stopped="0" meanWaitingTime="270.07" meanTravelTime="320.26" meanSpeed="22.20" meanSpeedRelative="0.69" duration="81"/>
    <step time="36300.00" loaded="30741" inserted="30698" running="376" waiting="43" ended="30322" arrived="30322" collisions="50" teleports="50" halting="0" stopped="0" meanWaitingTime="266.62" meanTravelTime="319.21" meanSpeed="21.78" meanSpeedRelative="0.68" duration="2"/>
    <step time="36600.00" loaded="31197" inserted="31135" running="405" waiting="62" ended="30730" arrived="30730" collisions="50" teleports="50" halting="1" stopped="0" meanWaitingTime="263.42" meanTravelTime="318.34" meanSpeed="21.58" meanSpeedRelative="0.67" duration="3"/>
    <step time="36900.00" loaded="31688" inserted="31599" running="457" waiting="89" ended="31142" arrived="31142" collisions="50" teleports="50" halting="2" stopped="0" meanWaitingTime="260.19" meanTravelTime="317.69" meanSpeed="21.10" meanSpeedRelative="0.66" duration="3"/>
    <step time="37200.00" loaded="32164" inserted="32065" running="473" waiting="99" ended="31592" arrived="31592" collisions="51" teleports="51" halting="2" stopped="0" meanWaitingTime="257.17" meanTravelTime="317.32" meanSpeed="21.28" meanSpeedRelative="0.67" duration="2"/>
    <step time="37500.00" loaded="32631" inserted="32533" running="488" waiting="98" ended="32045" arrived="32045" collisions="51" teleports="51" halting="2" stopped="0" meanWaitingTime="254.27" meanTravelTime="317.07" meanSpeed="20.43" meanSpeedRelative="0.64" duration="3"/>
    <step time="37800.00" loaded="33095" inserted="32986" running="492" waiting="109" ended="32494" arrived="32494" collisions="52" teleports="52" halting="1" stopped="0" meanWaitingTime="251.66" meanTravelTime="317.06" meanSpeed="19.73" meanSpeedRelative="0.62" duration="3"/>
    <step time="38100.00" loaded="33600" inserted="33465" running="494" waiting="135" ended="32971" arrived="32971" collisions="53" teleports="53" halting="2" stopped="0" meanWaitingTime="248.99" meanTravelTime="317.16" meanSpeed="19.23" meanSpeedRelative="0.60" duration="3"/>
    <step time="38400.00" loaded="34083" inserted="33923" running="512" waiting="160" ended="33411" arrived="33411" collisions="54" teleports="54" halting="2" stopped="0" meanWaitingTime="246.73" meanTravelTime="317.16" meanSpeed="19.48" meanSpeedRelative="0.61" duration="3"/>
    <step time="38700.00" loaded="34521" inserted="34366" running="478" waiting="155" ended="33888" arrived="33888" collisions="57" teleports="57" halting="1" stopped="0" meanWaitingTime="244.72" meanTravelTime="317.13" meanSpeed="19.63" meanSpeedRelative="0.61" duration="3"/>
    <step time="39000.00" loaded="34962" inserted="34793" running="463" waiting="169" ended="34330" arrived="34330" collisions="58" teleports="58" halting="1" stopped="0" meanWaitingTime="243.00" meanTravelTime="317.26" meanSpeed="20.17" meanSpeedRelative="0.63" duration="3"/>
    <step time="39300.00" loaded="35429" inserted="35247" running="480" waiting="182" ended="34767" arrived="34767" collisions="64" teleports="64" halting="4" stopped="0" meanWaitingTime="241.14" meanTravelTime="317.41" meanSpeed="19.16" meanSpeedRelative="0.60" duration="3"/>
    <step time="39600.00" loaded="35889" inserted="35689" running="507" waiting="200" ended="35182" arrived="35182" collisions="65" teleports="65" halting="2" stopped="0" meanWaitingTime="239.48" meanTravelTime="317.46" meanSpeed="19.22" meanSpeedRelative="0.60" duration="91"/>
    <step time="39900.00" loaded="36372" inserted="36159" running="536" waiting="213" ended="35623" arrived="35623" collisions="68" teleports="68" halting="0" stopped="0" meanWaitingTime="237.91" meanTravelTime="317.83" meanSpeed="18.93" meanSpeedRelative="0.59" duration="5"/>
    <step time="40200.00" loaded="36875" inserted="36616" running="538" waiting="259" ended="36078" arrived="36078" collisions="72" teleports="72" halting="2" stopped="0" meanWaitingTime="236.47" meanTravelTime="318.13" meanSpeed="18.64" meanSpeedRelative="0.58" duration="3"/>
    <step time="40500.00" loaded="37397" inserted="37095" running="557" waiting="302" ended="36538" arrived="36538" collisions="74" teleports="74" halting="1" stopped="0" meanWaitingTime="235.21" meanTravelTime="318.67" meanSpeed="18.44" meanSpeedRelative="0.58" duration="4"/>
    <step time="40800.00" loaded="37877" inserted="37564" running="565" waiting="313" ended="36999" arrived="36999" collisions="76" teleports="76" halting="1" stopped="0" meanWaitingTime="234.41" meanTravelTime="319.08" meanSpeed="18.21" meanSpeedRelative="0.57" duration="3"/>
    <step time="41100.00" loaded="38389" inserted="38023" running="576" waiting="366" ended="37447" arrived="37447" collisions="77" teleports="77" halting="0" stopped="0" meanWaitingTime="233.54" meanTravelTime="319.59" meanSpeed="18.01" meanSpeedRelative="0.56" duration="4"/>
    <step time="41400.00" loaded="38883" inserted="38465" running="548" waiting="418" ended="37917" arrived="37917" collisions="77" teleports="77" halting="0" stopped="0" meanWaitingTime="233.17" meanTravelTime="320.08" meanSpeed="19.46" meanSpeedRelative="0.61" duration="2"/>
    <step time="41700.00" loaded="39410" inserted="38951" running="550" waiting="459" ended="38401" arrived="38401" collisions="80" teleports="80" halting="3" stopped="0" meanWaitingTime="233.08" meanTravelTime="320.54" meanSpeed="19.70" meanSpeedRelative="0.62" duration="4"/>
    <step time="42000.00" loaded="39938" inserted="39467" running="601" waiting="471" ended="38866" arrived="38866" collisions="83" teleports="83" halting="3" stopped="0" meanWaitingTime="232.92" meanTravelTime="320.87" meanSpeed="18.10" meanSpeedRelative="0.57" duration="3"/>
    <step time="42300.00" loaded="40438" inserted="39940" running="610" waiting="498" ended="39330" arrived="39330" collisions="85" teleports="85" halting="3" stopped="0" meanWaitingTime="233.14" meanTravelTime="321.42" meanSpeed="17.40" meanSpeedRelative="0.54" duration="3"/>
    <step time="42600.00" loaded="40963" inserted="40403" running="609" waiting="560" ended="39794" arrived="39794" collisions="86" teleports="86" halting="2" stopped="0" meanWaitingTime="233.46" meanTravelTime="322.17" meanSpeed="17.45" meanSpeedRelative="0.55" duration="3"/>
    <step time="42900.00" loaded="41483" inserted="40856" running="573" waiting="627" ended="40283" arrived="40283" collisions="87" teleports="87" halting="1" stopped="0" meanWaitingTime="233.82" meanTravelTime="323.06" meanSpeed="18.50" meanSpeedRelative="0.58" duration="3"/>
    <step time="43200.00" loaded="42041" inserted="41365" running="641" waiting="676" ended="40724" arrived="40724" collisions="89" teleports="89" halting="2" stopped="0" meanWaitingTime="234.39" meanTravelTime="323.53" meanSpeed="18.35" meanSpeedRelative="0.57" duration="92"/>
    <step time="43500.00" loaded="42595" inserted="41911" running="692" waiting="684" ended="41219" arrived="41219" collisions="89" teleports="89" halting="0" stopped="0" meanWaitingTime="235.53" meanTravelTime="324.08" meanSpeed="17.47" meanSpeedRelative="0.55" duration="4"/>
    <step time="43800.00" loaded="43134" inserted="42413" running="675" waiting="721" ended="41738" arrived="41738" collisions="89" teleports="89" halting="2" stopped="0" meanWaitingTime="236.73" meanTravelTime="324.85" meanSpeed="16.99" meanSpeedRelative="0.53" duration="3"/>
    <step time="44100.00" loaded="43684" inserted="42914" running="708" waiting="770" ended="42206" arrived="42206" collisions="91" teleports="91" halting="5" stopped="0" meanWaitingTime="237.74" meanTravelTime="325.61" meanSpeed="16.41" meanSpeedRelative="0.51" duration="4"/>
    <step time="44400.00" loaded="44278" inserted="43405" running="710" waiting="873" ended="42695" arrived="42695" collisions="92" teleports="92" halting="1" stopped="0" meanWaitingTime="238.90" meanTravelTime="327.02" meanSpeed="16.90" meanSpeedRelative="0.53" duration="4"/>
    <step time="44700.00" loaded="44819" inserted="43896" running="720" waiting="923" ended="43176" arrived="43176" collisions="93" teleports="93" halting="2" stopped="0" meanWaitingTime="240.50" meanTravelTime="327.96" meanSpeed="16.19" meanSpeedRelative="0.51" duration="4"/>
    <step time="45000.00" loaded="45340" inserted="44390" running="741" waiting="950" ended="43649" arrived="43649" collisions="94" teleports="94" halting="1" stopped="0" meanWaitingTime="242.46" meanTravelTime="329.29" meanSpeed="16.36" meanSpeedRelative="0.51" duration="5"/>
    <step time="45300.00" loaded="45872" inserted="44882" running="728" waiting="990" ended="44154" arrived="44154" collisions="96" teleports="96" halting="2" stopped="0" meanWaitingTime="244.77" meanTravelTime="330.54" meanSpeed="16.50" meanSpeedRelative="0.52" duration="5"/>
    <step time="45600.00" loaded="46385" inserted="45357" running="702" waiting="1028" ended="44655" arrived="44655" collisions="96" teleports="96" halting="0" stopped="0" meanWaitingTime="247.10" meanTravelTime="331.80" meanSpeed="16.33" meanSpeedRelative="0.51" duration="5"/>
    <step time="45900.00" loaded="46941" inserted="45880" running="744" waiting="1061" ended="45136" arrived="45136" collisions="96" teleports="96" halting="2" stopped="0" meanWaitingTime="249.45" meanTravelTime="333.08" meanSpeed="15.37" meanSpeedRelative="0.48" duration="6"/>
    <step time="46200.00" loaded="47475" inserted="46374" running="760" waiting="1101" ended="45614" arrived="45614" collisions="100" teleports="100" halting="2" stopped="0" meanWaitingTime="252.07" meanTravelTime="334.03" meanSpeed="14.91" meanSpeedRelative="0.47" duration="6"/>
    <step time="46500.00" loaded="48000" inserted="46853" running="758" waiting="1147" ended="46095" arrived="46095" collisions="100" teleports="100" halting="1" stopped="0" meanWaitingTime="255.11" meanTravelTime="335.07" meanSpeed="14.82" meanSpeedRelative="0.46" duration="5"/>
    <step time="46800.00" loaded="48532" inserted="47336" running="772" waiting="1196" ended="46564" arrived="46564" collisions="104" teleports="104" halting="2" stopped="0" meanWaitingTime="258.29" meanTravelTime="336.32" meanSpeed="15.00" meanSpeedRelative="0.47" duration="94"/>
    <step time="47100.00" loaded="49075" inserted="47815" running="768" waiting="1260" ended="47047" arrived="47047" collisions="107" teleports="107" halting="3" stopped="0" meanWaitingTime="261.40" meanTravelTime="338.09" meanSpeed="14.73" meanSpeedRelative="0.46" duration="5"/>
    <step time="47400.00" loaded="49563" inserted="48297" running="730" waiting="1266" ended="47567" arrived="47567" collisions="108" teleports="108" halting="9" stopped="0" meanWaitingTime="264.68" meanTravelTime="339.41" meanSpeed="14.98" meanSpeedRelative="0.47" duration="4"/>
    <step time="47700.00" loaded="50131" inserted="48808" running="772" waiting="1323" ended="48036" arrived="48036" collisions="109" teleports="109" halting="0" stopped="0" meanWaitingTime="268.00" meanTravelTime="340.57" meanSpeed="14.15" meanSpeedRelative="0.44" duration="5"/>
    <step time="48000.00" loaded="50646" inserted="49291" running="748" waiting="1355" ended="48543" arrived="48543" collisions="110" teleports="110" halting="2" stopped="0" meanWaitingTime="271.97" meanTravelTime="341.77" meanSpeed="14.77" meanSpeedRelative="0.46" duration="5"/>
    <step time="48300.00" loaded="51153" inserted="49771" running="782" waiting="1382" ended="48989" arrived="48989" collisions="113" teleports="113" halting="10" stopped="0" meanWaitingTime="275.66" meanTravelTime="342.78" meanSpeed="15.17" meanSpeedRelative="0.47" duration="4"/>
    <step time="48600.00" loaded="51751" inserted="50286" running="824" waiting="1465" ended="49462" arrived="49462" collisions="114" teleports="114" halting="2" stopped="0" meanWaitingTime="279.50" meanTravelTime="344.04" meanSpeed="14.13" meanSpeedRelative="0.44" duration="6"/>
    <step time="48900.00" loaded="52274" inserted="50773" running="832" waiting="1501" ended="49941" arrived="49941" collisions="116" teleports="116" halting="2" stopped="0" meanWaitingTime="283.64" meanTravelTime="345.41" meanSpeed="13.29" meanSpeedRelative="0.42" duration="4"/>
    <step time="49200.00" loaded="52816" inserted="51266" running="810" waiting="1550" ended="50456" arrived="50456" collisions="119" teleports="119" halting="4" stopped="0" meanWaitingTime="287.91" meanTravelTime="346.96" meanSpeed="13.99" meanSpeedRelative="0.44" duration="5"/>
    <step time="49500.00" loaded="53344" inserted="51745" running="803" waiting="1599" ended="50942" arrived="50942" collisions="119" teleports="119" halting="4" stopped="0" meanWaitingTime="292.32" meanTravelTime="348.39" meanSpeed="13.64" meanSpeedRelative="0.43" duration="4"/>
    <step time="49800.00" loaded="53886" inserted="52224" running="809" waiting="1662" ended="51415" arrived="51415" collisions="119" teleports="119" halting="10" stopped="0" meanWaitingTime="296.36" meanTravelTime="349.84" meanSpeed="14.27" meanSpeedRelative="0.45" duration="6"/>
    <step time="50100.00" loaded="54421" inserted="52700" running="784" waiting="1721" ended="51916" arrived="51916" collisions="122" teleports="122" halting="2" stopped="0" meanWaitingTime="301.32" meanTravelTime="351.36" meanSpeed="14.38" meanSpeedRelative="0.45" duration="6"/>
    <step time="50400.00" loaded="54932" inserted="53178" running="793" waiting="1754" ended="52385" arrived="52385" collisions="122" teleports="122" halting="2" stopped="0" meanWaitingTime="305.91" meanTravelTime="352.79" meanSpeed="14.57" meanSpeedRelative="0.46" duration="90"/>
    <step time="50700.00" loaded="55697" inserted="53781" running="891" waiting="1916" ended="52890" arrived="52890" collisions="123" teleports="123" halting="4" stopped="0" meanWaitingTime="310.99" meanTravelTime="353.69" meanSpeed="13.38" meanSpeedRelative="0.42" duration="5"/>
    <step time="51000.00" loaded="56369" inserted="54330" running="951" waiting="2039" ended="53379" arrived="53379" collisions="126" teleports="126" halting="0" stopped="0" meanWaitingTime="316.41" meanTravelTime="354.82" meanSpeed="12.68" meanSpeedRelative="0.40" duration="8"/>
    <step time="51300.00" loaded="57102" inserted="54893" running="1004" waiting="2209" ended="53889" arrived="53889" collisions="129" teleports="129" halting="1" stopped="0" meanWaitingTime="321.07" meanTravelTime="356.13" meanSpeed="12.25" meanSpeedRelative="0.38" duration="7"/>
    <step time="51600.00" loaded="57826" inserted="55455" running="1035" waiting="2371" ended="54420" arrived="54420" collisions="131" teleports="131" halting="2" stopped="0" meanWaitingTime="326.19" meanTravelTime="357.75" meanSpeed="12.15" meanSpeedRelative="0.38" duration="7"/>
    <step time="51900.00" loaded="58511" inserted="56009" running="1110" waiting="2502" ended="54899" arrived="54899" collisions="135" teleports="135" halting="3" stopped="0" meanWaitingTime="331.64" meanTravelTime="359.38" meanSpeed="10.97" meanSpeedRelative="0.34" duration="7"/>
    <step time="52200.00" loaded="59242" inserted="56588" running="1163" waiting="2654" ended="55425" arrived="55425" collisions="137" teleports="137" halting="5" stopped="0" meanWaitingTime="337.71" meanTravelTime="361.59" meanSpeed="10.95" meanSpeedRelative="0.34" duration="8"/>
    <step time="52500.00" loaded="60031" inserted="57172" running="1220" waiting="2859" ended="55952" arrived="55952" collisions="137" teleports="137" halting="3" stopped="0" meanWaitingTime="343.63" meanTravelTime="363.77" meanSpeed="10.47" meanSpeedRelative="0.33" duration="8"/>
    <step time="52800.00" loaded="60726" inserted="57712" running="1223" waiting="3014" ended="56489" arrived="56489" collisions="139" teleports="139" halting="5" stopped="0" meanWaitingTime="350.17" meanTravelTime="365.85" meanSpeed="10.20" meanSpeedRelative="0.32" duration="8"/>
    <step time="53100.00" loaded="61432" inserted="58238" running="1216" waiting="3194" ended="57022" arrived="57022" collisions="140" teleports="140" halting="4" stopped="0" meanWaitingTime="356.91" meanTravelTime="368.44" meanSpeed="10.26" meanSpeedRelative="0.32" duration="9"/>
    <step time="53400.00" loaded="62111" inserted="58766" running="1234" waiting="3345" ended="57532" arrived="57532" collisions="142" teleports="142" halting="2" stopped="0" meanWaitingTime="364.18" meanTravelTime="371.45" meanSpeed="10.22" meanSpeedRelative="0.32" duration="9"/>
    <step time="53700.00" loaded="62784" inserted="59318" running="1254" waiting="3466" ended="58064" arrived="58064" collisions="148" teleports="148" halting="4" stopped="0" meanWaitingTime="372.23" meanTravelTime="374.51" meanSpeed="10.03" meanSpeedRelative="0.31" duration="8"/>
    <step time="54000.00" loaded="63482" inserted="59828" running="1249" waiting="3654" ended="58579" arrived="58579" collisions="148" teleports="148" halting="2" stopped="0" meanWaitingTime="379.65" meanTravelTime="377.33" meanSpeed="10.02" meanSpeedRelative="0.31" duration="92"/>
    <step time="54300.00" loaded="63924" inserted="60273" running="1188" waiting="3651" ended="59085" arrived="59085" collisions="152" teleports="152" halting="2" stopped="0" meanWaitingTime="388.57" meanTravelTime="380.47" meanSpeed="9.43" meanSpeedRelative="0.29" duration="7"/>
    <step time="54600.00" loaded="64392" inserted="60729" running="1134" waiting="3663" ended="59595" arrived="59595" collisions="156" teleports="156" halting="20" stopped="0" meanWaitingTime="397.53" meanTravelTime="383.44" meanSpeed="10.03" meanSpeedRelative="0.31" duration="6"/>
    <step time="54900.00" loaded="64834" inserted="61199" running="1050" waiting="3635" ended="60149" arrived="60149" collisions="159" teleports="159" halting="7" stopped="0" meanWaitingTime="407.69" meanTravelTime="386.40" meanSpeed="10.78" meanSpeedRelative="0.34" duration="7"/>
    <step time="55200.00" loaded="65243" inserted="61668" running="1012" waiting="3575" ended="60656" arrived="60656" collisions="159" teleports="159" halting="1" stopped="0" meanWaitingTime="417.96" meanTravelTime="388.75" meanSpeed="11.67" meanSpeedRelative="0.36" duration="9"/>
    <step time="55500.00" loaded="65693" inserted="62144" running="997" waiting="3549" ended="61147" arrived="61147" collisions="159" teleports="159" halting="4" stopped="0" meanWaitingTime="428.10" meanTravelTime="391.13" meanSpeed="11.41" meanSpeedRelative="0.36" duration="7"/>
    <step time="55800.00" loaded="66120" inserted="62615" running="998" waiting="3505" ended="61617" arrived="61617" collisions="160" teleports="160" halting="5" stopped="0" meanWaitingTime="438.88" meanTravelTime="393.09" meanSpeed="10.77" meanSpeedRelative="0.34" duration="8"/>
    <step time="56100.00" loaded="66571" inserted="63069" running="966" waiting="3502" ended="62103" arrived="62103" collisions="165" teleports="165" halting="7" stopped="0" meanWaitingTime="449.91" meanTravelTime="395.31" meanSpeed="10.96" meanSpeedRelative="0.34" duration="8"/>
    <step time="56400.00" loaded="67003" inserted="63521" running="960" waiting="3482" ended="62561" arrived="62561" collisions="166" teleports="166" halting="2" stopped="0" meanWaitingTime="460.61" meanTravelTime="397.14" meanSpeed="11.16" meanSpeedRelative="0.35" duration="8"/>
    <step time="56700.00" loaded="67491" inserted="63986" running="960" waiting="3505" ended="63026" arrived="63026" collisions="168" teleports="168" halting="2" stopped="0" meanWaitingTime="471.30" meanTravelTime="398.85" meanSpeed="11.62" meanSpeedRelative="0.36" duration="6"/>
    <step time="57000.00" loaded="67977" inserted="64485" running="960" waiting="3492" ended="63525" arrived="63525" collisions="170" teleports="170" halting="4" stopped="0" meanWaitingTime="482.84" meanTravelTime="400.20" meanSpeed="11.72" meanSpeedRelative="0.37" duration="7"/>
    <step time="57300.00" loaded="68446" inserted="64990" running="1009" waiting="3456" ended="63981" arrived="63981" collisions="172" teleports="172" halting="4" stopped="0" meanWaitingTime="494.74" meanTravelTime="401.63" meanSpeed="11.19" meanSpeedRelative="0.35" duration="8"/>
    <step time="57600.00" loaded="68928" inserted="65491" running="1021" waiting="3437" ended="64470" arrived="64470" collisions="172" teleports="172" halting="1" stopped="0" meanWaitingTime="506.13" meanTravelTime="402.82" meanSpeed="11.36" meanSpeedRelative="0.36" duration="85"/>
    <step time="57900.00" loaded="69498" inserted="66003" running="997" waiting="3495" ended="65006" arrived="65006" collisions="175" teleports="175" halting="3" stopped="0" meanWaitingTime="516.39" meanTravelTime="404.32" meanSpeed="12.07" meanSpeedRelative="0.38" duration="8"/>
    <step time="58200.00" loaded="70043" inserted="66496" running="964" waiting="3547" ended="65532" arrived="65532" collisions="177" teleports="177" halting="1" stopped="0" meanWaitingTime="527.59" meanTravelTime="406.05" meanSpeed="12.42" meanSpeedRelative="0.39" duration="8"/>
    <step time="58500.00" loaded="70606" inserted="67015" running="978" waiting="3591" ended="66037" arrived="66037" collisions="179" teleports="179" halting="1" stopped="0" meanWaitingTime="539.19" meanTravelTime="407.58" meanSpeed="12.03" meanSpeedRelative="0.38" duration="6"/>
    <step time="58800.00" loaded="71149" inserted="67532" running="1006" waiting="3617" ended="66526" arrived="66526" collisions="181" teleports="181" halting="2" stopped="0" meanWaitingTime="549.74" meanTravelTime="408.87" meanSpeed="11.57" meanSpeedRelative="0.36" duration="7"/>
    <step time="59100.00" loaded="71660" inserted="68067" running="1025" waiting="3593" ended="67042" arrived="67042" collisions="182" teleports="182" halting="3" stopped="0" meanWaitingTime="561.23" meanTravelTime="410.35" meanSpeed="11.83" meanSpeedRelative="0.37" duration="8"/>
    <step time="59400.00" loaded="72225" inserted="68566" running="1014" waiting="3659" ended="67552" arrived="67552" collisions="183" teleports="183" halting="2" stopped="0" meanWaitingTime="570.36" meanTravelTime="411.56" meanSpeed="11.56" meanSpeedRelative="0.36" duration="7"/>
    <step time="59700.00" loaded="72784" inserted="69092" running="1046" waiting="3692" ended="68046" arrived="68046" collisions="184" teleports="184" halting="4" stopped="0" meanWaitingTime="580.59" meanTravelTime="412.77" meanSpeed="12.12" meanSpeedRelative="0.38" duration="8"/>
    <step time="60000.00" loaded="73340" inserted="69586" running="1010" waiting="3754" ended="68576" arrived="68576" collisions="189" teleports="189" halting="1" stopped="0" meanWaitingTime="591.59" meanTravelTime="414.48" meanSpeed="11.81" meanSpeedRelative="0.37" duration="6"/>
    <step time="60300.00" loaded="73877" inserted="70086" running="968" waiting="3791" ended="69118" arrived="69118" collisions="191" teleports="191" halting="2" stopped="0" meanWaitingTime="602.08" meanTravelTime="415.83" meanSpeed="12.65" meanSpeedRelative="0.40" duration="7"/>
    <step time="60600.00" loaded="74421" inserted="70601" running="977" waiting="3820" ended="69624" arrived="69624" collisions="194" teleports="194" halting="2" stopped="0" meanWaitingTime="612.47" meanTravelTime="416.76" meanSpeed="12.72" meanSpeedRelative="0.40" duration="7"/>
    <step time="60900.00" loaded="74982" inserted="71156" running="1023" waiting="3826" ended="70133" arrived="70133" collisions="196" teleports="196" halting="3" stopped="0" meanWaitingTime="622.19" meanTravelTime="418.01" meanSpeed="12.11" meanSpeedRelative="0.38" duration="9"/>
    <step time="61200.00" loaded="75521" inserted="71686" running="1027" waiting="3835" ended="70659" arrived="70659" collisions="196" teleports="196" halting="5" stopped="0" meanWaitingTime="632.70" meanTravelTime="418.95" meanSpeed="11.50" meanSpeedRelative="0.36" duration="86"/>
    <step time="61500.00" loaded="75599" inserted="72040" running="902" waiting="3559" ended="71138" arrived="71138" collisions="197" teleports="197" halting="2" stopped="0" meanWaitingTime="642.64" meanTravelTime="420.30" meanSpeed="11.18" meanSpeedRelative="0.35" duration="5"/>
    <step time="61800.00" loaded="75662" inserted="72404" running="860" waiting="3258" ended="71544" arrived="71544" collisions="200" teleports="200" halting="6" stopped="0" meanWaitingTime="654.36" meanTravelTime="422.18" meanSpeed="10.94" meanSpeedRelative="0.34" duration="6"/>
    <step time="62100.00" loaded="75726" inserted="72778" running="808" waiting="2948" ended="71970" arrived="71970" collisions="202" teleports="202" halting="1" stopped="0" meanWaitingTime="668.09" meanTravelTime="423.44" meanSpeed="11.74" meanSpeedRelative="0.37" duration="6"/>
    <step time="62400.00" loaded="75786" inserted="73154" running="754" waiting="2632" ended="72400" arrived="72400" collisions="204" teleports="204" halting="2" stopped="0" meanWaitingTime="681.78" meanTravelTime="424.79" meanSpeed="12.72" meanSpeedRelative="0.40" duration="4"/>
    <step time="62700.00" loaded="75868" inserted="73504" running="704" waiting="2364" ended="72800" arrived="72800" collisions="206" teleports="206" halting="1" stopped="0" meanWaitingTime="694.63" meanTravelTime="425.99" meanSpeed="13.29" meanSpeedRelative="0.42" duration="4"/>
    <step time="63000.00" loaded="75941" inserted="73863" running="628" waiting="2078" ended="73235" arrived="73235" collisions="207" teleports="207" halting="3" stopped="0" meanWaitingTime="707.72" meanTravelTime="426.70" meanSpeed="14.59" meanSpeedRelative="0.46" duration="4"/>
    <step time="63300.00" loaded="76016" inserted="74210" running="571" waiting="1806" ended="73639" arrived="73639" collisions="209" teleports="209" halting="3" stopped="0" meanWaitingTime="720.11" meanTravelTime="427.33" meanSpeed="14.82" meanSpeedRelative="0.46" duration="3"/>
    <step time="63600.00" loaded="76079" inserted="74475" running="461" waiting="1604" ended="74014" arrived="74014" collisions="211" teleports="211" halting="1" stopped="0" meanWaitingTime="730.65" meanTravelTime="427.63" meanSpeed="14.52" meanSpeedRelative="0.45" duration="2"/>
    <step time="63900.00" loaded="76152" inserted="74723" running="376" waiting="1429" ended="74347" arrived="74347" collisions="211" teleports="211" halting="2" stopped="0" meanWaitingTime="741.59" meanTravelTime="427.91" meanSpeed="16.61" meanSpeedRelative="0.52" duration="4"/>
    <step time="64200.00" loaded="76210" inserted="74974" running="282" waiting="1236" ended="74692" arrived="74692" collisions="211" teleports="211" halting="2" stopped="0" meanWaitingTime="752.25" meanTravelTime="428.26" meanSpeed="21.80" meanSpeedRelative="0.68" duration="3"/>
    <step time="64500.00" loaded="76266" inserted="75214" running="243" waiting="1052" ended="74971" arrived="74971" collisions="211" teleports="211" halting="0" stopped="0" meanWaitingTime="761.81" meanTravelTime="428.10" meanSpeed="23.23" meanSpeedRelative="0.73" duration="2"/>
    <step time="64800.00" loaded="76337" inserted="75441" running="196" waiting="896" ended="75245" arrived="75245" collisions="211" teleports="211" halting="0" stopped="0" meanWaitingTime="769.76" meanTravelTime="427.63" meanSpeed="23.34" meanSpeedRelative="0.73" duration="89"/>
    <step time="65100.00" loaded="76397" inserted="75613" running="161" waiting="784" ended="75452" arrived="75452" collisions="212" teleports="212" halting="0" stopped="0" meanWaitingTime="777.67" meanTravelTime="427.29" meanSpeed="22.69" meanSpeedRelative="0.71" duration="1"/>
    <step time="65400.00" loaded="76438" inserted="75782" running="160" waiting="656" ended="75622" arrived="75622" collisions="212" teleports="212" halting="0" stopped="0" meanWaitingTime="786.07" meanTravelTime="426.92" meanSpeed="22.78" meanSpeedRelative="0.71" duration="2"/>
    <step time="65700.00" loaded="76494" inserted="75957" running="148" waiting="537" ended="75809" arrived="75809" collisions="212" teleports="212" halting="0" stopped="0" meanWaitingTime="792.87" meanTravelTime="426.63" meanSpeed="23.52" meanSpeedRelative="0.73" duration="1"/>
    <step time="66000.00" loaded="76535" inserted="76103" running="126" waiting="432" ended="75977" arrived="75977" collisions="212" teleports="212" halting="0" stopped="0" meanWaitingTime="797.80" meanTravelTime="426.25" meanSpeed="24.39" meanSpeedRelative="0.76" duration="1"/>
    <step time="66300.00" loaded="76581" inserted="76211" running="63" waiting="370" ended="76148" arrived="76148" collisions="212" teleports="212" halting="1" stopped="0" meanWaitingTime="802.66" meanTravelTime="425.92" meanSpeed="23.50" meanSpeedRelative="0.73" duration="0"/>
    <step time="66600.00" loaded="76642" inserted="76331" running="67" waiting="311" ended="76264" arrived="76264" collisions="212" teleports="212" halting="0" stopped="0" meanWaitingTime="807.47" meanTravelTime="425.55" meanSpeed="22.27" meanSpeedRelative="0.70" duration="1"/>
    <step time="66900.00" loaded="76694" inserted="76443" running="73" waiting="251" ended="76370" arrived="76370" collisions="212" teleports="212" halting="1" stopped="0" meanWaitingTime="812.08" meanTravelTime="425.20" meanSpeed="23.10" meanSpeedRelative="0.72" duration="0"/>
    <step time="67200.00" loaded="76746" inserted="76555" running="69" waiting="191" ended="76486" arrived="76486" collisions="212" teleports="212" halting="0" stopped="0" meanWaitingTime="816.40" meanTravelTime="424.85" meanSpeed="24.04" meanSpeedRelative="0.75" duration="1"/>
    <step time="67500.00" loaded="76796" inserted="76669" running="67" waiting="127" ended="76602" arrived="76602" collisions="213" teleports="213" halting="1" stopped="0" meanWaitingTime="820.87" meanTravelTime="424.48" meanSpeed="23.64" meanSpeedRelative="0.74" duration="0"/>
    <step time="67800.00" loaded="76850" inserted="76787" running="63" waiting="63" ended="76724" arrived="76724" collisions="213" teleports="213" halting="0" stopped="0" meanWaitingTime="824.72" meanTravelTime="424.10" meanSpeed="23.55" meanSpeedRelative="0.74" duration="0"/>
    <step time="68100.00" loaded="76905" inserted="76895" running="55" waiting="10" ended="76840" arrived="76840" collisions="213" teleports="213" halting="1" stopped="0" meanWaitingTime="825.68" meanTravelTime="423.70" meanSpeed="22.04" meanSpeedRelative="0.69" duration="0"/>
    <step time="68400.00" loaded="76963" inserted="76963" running="48" waiting="0" ended="76915" arrived="76915" collisions="213" teleports="213" halting="0" stopped="0" meanWaitingTime="824.97" meanTravelTime="423.48" meanSpeed="25.77" meanSpeedRelative="0.81" duration="87"/>
    <step time="68700.00" loaded="77104" inserted="77104" running="101" waiting="0" ended="77003" arrived="77003" collisions="213" teleports="213" halting="2" stopped="0" meanWaitingTime="823.46" meanTravelTime="423.22" meanSpeed="24.87" meanSpeedRelative="0.78" duration="1"/>
    <step time="69000.00" loaded="77257" inserted="77257" running="133" waiting="0" ended="77124" arrived="77124" collisions="213" teleports="213" halting="1" stopped="0" meanWaitingTime="821.83" meanTravelTime="422.90" meanSpeed="25.55" meanSpeedRelative="0.80" duration="1"/>
    <step time="69300.00" loaded="77401" inserted="77401" running="137" waiting="0" ended="77264" arrived="77264" collisions="213" teleports="213" halting="0" stopped="0" meanWaitingTime="820.31" meanTravelTime="422.59" meanSpeed="26.20" meanSpeedRelative="0.82" duration="1"/>
    <step time="69600.00" loaded="77561" inserted="77561" running="142" waiting="0" ended="77419" arrived="77419" collisions="213" teleports="213" halting="1" stopped="0" meanWaitingTime="818.61" meanTravelTime="422.23" meanSpeed="25.33" meanSpeedRelative="0.79" duration="1"/>
    <step time="69900.00" loaded="77717" inserted="77717" running="131" waiting="0" ended="77586" arrived="77586" collisions="213" teleports="213" halting="0" stopped="0" meanWaitingTime="816.97" meanTravelTime="421.90" meanSpeed="25.61" meanSpeedRelative="0.80" duration="1"/>
    <step time="70200.00" loaded="77872" inserted="77872" running="119" waiting="0" ended="77753" arrived="77753" collisions="213" teleports="213" halting="1" stopped="0" meanWaitingTime="815.35" meanTravelTime="421.56" meanSpeed="26.29" meanSpeedRelative="0.82" duration="1"/>
    <step time="70500.00" loaded="78012" inserted="78012" running="111" waiting="0" ended="77901" arrived="77901" collisions="213" teleports="213" halting="1" stopped="0" meanWaitingTime="813.88" meanTravelTime="421.27" meanSpeed="26.16" meanSpeedRelative="0.82" duration="1"/>
    <step time="70800.00" loaded="78154" inserted="78154" running="114" waiting="0" ended="78040" arrived="78040" collisions="213" teleports="213" halting="0" stopped="0" meanWaitingTime="812.41" meanTravelTime="420.94" meanSpeed="27.01" meanSpeedRelative="0.84" duration="0"/>
    <step time="71100.00" loaded="78319" inserted="78319" running="141" waiting="0" ended="78178" arrived="78178" collisions="213" teleports="213" halting="1" stopped="0" meanWaitingTime="810.70" meanTravelTime="420.61" meanSpeed="26.01" meanSpeedRelative="0.81" duration="1"/>
    <step time="71400.00" loaded="78483" inserted="78482" running="152" waiting="1" ended="78330" arrived="78330" collisions="213" teleports="213" halting="1" stopped="0" meanWaitingTime="809.01" meanTravelTime="420.30" meanSpeed="24.90" meanSpeedRelative="0.78" duration="1"/>
    <step time="71700.00" loaded="78654" inserted="78654" running="162" waiting="0" ended="78492" arrived="78492" collisions="213" teleports="213" halting="1" stopped="0" meanWaitingTime="807.24" meanTravelTime="419.97" meanSpeed="25.02" meanSpeedRelative="0.78" duration="1"/>
    <step time="72000.00" loaded="78817" inserted="78817" running="142" waiting="0" ended="78675" arrived="78675" collisions="215" teleports="215" halting="0" stopped="0" meanWaitingTime="805.58" meanTravelTime="419.63" meanSpeed="26.14" meanSpeedRelative="0.82" duration="83"/>
    <step time="72300.00" loaded="78961" inserted="78960" running="137" waiting="1" ended="78823" arrived="78823" collisions="215" teleports="215" halting="0" stopped="0" meanWaitingTime="804.12" meanTravelTime="419.39" meanSpeed="25.60" meanSpeedRelative="0.80" duration="1"/>
    <step time="72600.00" loaded="79091" inserted="79091" running="124" waiting="0" ended="78967" arrived="78967" collisions="215" teleports="215" halting="0" stopped="0" meanWaitingTime="802.79" meanTravelTime="419.11" meanSpeed="25.98" meanSpeedRelative="0.81" duration="0"/>
    <step time="72900.00" loaded="79230" inserted="79230" running="127" waiting="0" ended="79103" arrived="79103" collisions="216" teleports="216" halting="0" stopped="0" meanWaitingTime="801.38" meanTravelTime="418.90" meanSpeed="25.30" meanSpeedRelative="0.79" duration="1"/>
    <step time="73200.00" loaded="79357" inserted="79357" running="119" waiting="0" ended="79238" arrived="79238" collisions="216" teleports="216" halting="0" stopped="0" meanWaitingTime="800.10" meanTravelTime="418.64" meanSpeed="25.01" meanSpeedRelative="0.78" duration="1"/>
    <step time="73500.00" loaded="79508" inserted="79507" running="120" waiting="1" ended="79387" arrived="79387" collisions="217" teleports="217" halting="2" stopped="0" meanWaitingTime="798.59" meanTravelTime="418.37" meanSpeed="24.75" meanSpeedRelative="0.77" duration="0"/>
    <step time="73800.00" loaded="79647" inserted="79647" running="132" waiting="0" ended="79515" arrived="79515" collisions="218" teleports="218" halting="1" stopped="0" meanWaitingTime="797.18" meanTravelTime="418.08" meanSpeed="25.65" meanSpeedRelative="0.80" duration="1"/>
    <step time="74100.00" loaded="79782" inserted="79782" running="123" waiting="0" ended="79659" arrived="79659" collisions="218" teleports="218" halting="2" stopped="0" meanWaitingTime="795.83" meanTravelTime="417.81" meanSpeed="25.51" meanSpeedRelative="0.80" duration="0"/>
    <step time="74400.00" loaded="79905" inserted="79905" running="113" waiting="0" ended="79792" arrived="79792" collisions="218" teleports="218" halting="0" stopped="0" meanWaitingTime="794.61" meanTravelTime="417.58" meanSpeed="24.03" meanSpeedRelative="0.75" duration="1"/>
    <step time="74700.00" loaded="80060" inserted="80059" running="120" waiting="1" ended="79939" arrived="79939" collisions="218" teleports="218" halting="0" stopped="0" meanWaitingTime="793.08" meanTravelTime="417.31" meanSpeed="24.51" meanSpeedRelative="0.77" duration="1"/>
    <step time="75000.00" loaded="80189" inserted="80189" running="116" waiting="0" ended="80073" arrived="80073" collisions="218" teleports="218" halting="0" stopped="0" meanWaitingTime="791.80" meanTravelTime="417.07" meanSpeed="25.78" meanSpeedRelative="0.81" duration="1"/>
    <step time="75300.00" loaded="80311" inserted="80311" running="116" waiting="0" ended="80195" arrived="80195" collisions="218" teleports="218" halting="0" stopped="0" meanWaitingTime="790.59" meanTravelTime="416.85" meanSpeed="24.89" meanSpeedRelative="0.78" duration="1"/>
    <step time="75600.00" loaded="80450" inserted="80450" running="110" waiting="0" ended="80340" arrived="80340" collisions="219" teleports="219" halting="1" stopped="0" meanWaitingTime="789.23" meanTravelTime="416.59" meanSpeed="25.75" meanSpeedRelative="0.80" duration="87"/>
    <step time="75900.00" loaded="80661" inserted="80661" running="149" waiting="0" ended="80512" arrived="80512" collisions="219" teleports="219" halting="0" stopped="0" meanWaitingTime="787.17" meanTravelTime="416.16" meanSpeed="25.00" meanSpeedRelative="0.78" duration="1"/>
    <step time="76200.00" loaded="80847" inserted="80847" running="143" waiting="0" ended="80704" arrived="80704" collisions="219" teleports="219" halting="1" stopped="0" meanWaitingTime="785.36" meanTravelTime="415.69" meanSpeed="26.23" meanSpeedRelative="0.82" duration="1"/>
    <step time="76500.00" loaded="81008" inserted="81008" running="139" waiting="0" ended="80869" arrived="80869" collisions="219" teleports="219" halting="0" stopped="0" meanWaitingTime="783.79" meanTravelTime="415.34" meanSpeed="24.75" meanSpeedRelative="0.77" duration="1"/>
    <step time="76800.00" loaded="81196" inserted="81196" running="153" waiting="0" ended="81043" arrived="81043" collisions="219" teleports="219" halting="0" stopped="0" meanWaitingTime="781.98" meanTravelTime="415.00" meanSpeed="25.88" meanSpeedRelative="0.81" duration="1"/>
    <step time="77100.00" loaded="81403" inserted="81403" running="186" waiting="0" ended="81217" arrived="81217" collisions="219" teleports="219" halting="1" stopped="0" meanWaitingTime="779.99" meanTravelTime="414.60" meanSpeed="26.07" meanSpeedRelative="0.81" duration="1"/>
    <step time="77400.00" loaded="81614" inserted="81613" running="175" waiting="1" ended="81438" arrived="81438" collisions="219" teleports="219" halting="0" stopped="0" meanWaitingTime="777.99" meanTravelTime="414.17" meanSpeed="25.17" meanSpeedRelative="0.79" duration="1"/>
    <step time="77700.00" loaded="81811" inserted="81810" running="162" waiting="1" ended="81648" arrived="81648" collisions="220" teleports="220" halting="0" stopped="0" meanWaitingTime="776.12" meanTravelTime="413.69" meanSpeed="25.13" meanSpeedRelative="0.79" duration="1"/>
    <step time="78000.00" loaded="82013" inserted="82012" running="175" waiting="1" ended="81837" arrived="81837" collisions="220" teleports="220" halting="1" stopped="0" meanWaitingTime="774.21" meanTravelTime="413.39" meanSpeed="24.99" meanSpeedRelative="0.78" duration="1"/>
    <step time="78300.00" loaded="82223" inserted="82223" running="184" waiting="0" ended="82039" arrived="82039" collisions="220" teleports="220" halting="1" stopped="0" meanWaitingTime="772.22" meanTravelTime="412.99" meanSpeed="25.08" meanSpeedRelative="0.78" duration="1"/>
    <step time="78600.00" loaded="82443" inserted="82442" running="179" waiting="1" ended="82263" arrived="82263" collisions="220" teleports="220" halting="0" stopped="0" meanWaitingTime="770.17" meanTravelTime="412.61" meanSpeed="25.45" meanSpeedRelative="0.80" duration="1"/>
    <step time="78900.00" loaded="82652" inserted="82652" running="191" waiting="0" ended="82461" arrived="82461" collisions="220" teleports="220" halting="1" stopped="0" meanWaitingTime="768.21" meanTravelTime="412.21" meanSpeed="25.40" meanSpeedRelative="0.79" duration="1"/>
    <step time="79200.00" loaded="82844" inserted="82844" running="175" waiting="0" ended="82669" arrived="82669" collisions="220" teleports="220" halting="0" stopped="0" meanWaitingTime="766.44" meanTravelTime="411.85" meanSpeed="25.23" meanSpeedRelative="0.79" duration="81"/>
    <step time="79500.00" loaded="83023" inserted="83023" running="169" waiting="0" ended="82854" arrived="82854" collisions="220" teleports="220" halting="1" stopped="0" meanWaitingTime="764.78" meanTravelTime="411.57" meanSpeed="24.93" meanSpeedRelative="0.78" duration="1"/>
    <step time="79800.00" loaded="83190" inserted="83190" running="174" waiting="0" ended="83016" arrived="83016" collisions="220" teleports="220" halting="1" stopped="0" meanWaitingTime="763.25" meanTravelTime="411.34" meanSpeed="25.48" meanSpeedRelative="0.80" duration="1"/>
    <step time="80100.00" loaded="83347" inserted="83347" running="167" waiting="0" ended="83180" arrived="83180" collisions="220" teleports="220" halting="0" stopped="0" meanWaitingTime="761.81" meanTravelTime="411.17" meanSpeed="24.70" meanSpeedRelative="0.77" duration="1"/>
    <step time="80400.00" loaded="83543" inserted="83543" running="171" waiting="0" ended="83372" arrived="83372" collisions="220" teleports="220" halting="1" stopped="0" meanWaitingTime="760.03" meanTravelTime="410.84" meanSpeed="24.97" meanSpeedRelative="0.78" duration="1"/>
    <step time="80700.00" loaded="83711" inserted="83711" running="158" waiting="0" ended="83553" arrived="83553" collisions="221" teleports="221" halting="1" stopped="0" meanWaitingTime="758.50" meanTravelTime="410.52" meanSpeed="25.02" meanSpeedRelative="0.78" duration="2"/>
    <step time="81000.00" loaded="83868" inserted="83868" running="149" waiting="0" ended="83719" arrived="83719" collisions="221" teleports="221" halting="0" stopped="0" meanWaitingTime="757.08" meanTravelTime="410.26" meanSpeed="24.51" meanSpeedRelative="0.77" duration="1"/>
    <step time="81300.00" loaded="84014" inserted="84014" running="143" waiting="0" ended="83871" arrived="83871" collisions="221" teleports="221" halting="0" stopped="0" meanWaitingTime="755.77" meanTravelTime="410.07" meanSpeed="25.41" meanSpeedRelative="0.79" duration="1"/>
    <step time="81600.00" loaded="84183" inserted="84183" running="152" waiting="0" ended="84031" arrived="84031" collisions="221" teleports="221" halting="0" stopped="0" meanWaitingTime="754.25" meanTravelTime="409.79" meanSpeed="25.43" meanSpeedRelative="0.79" duration="1"/>
    <step time="81900.00" loaded="84344" inserted="84344" running="154" waiting="0" ended="84190" arrived="84190" collisions="222" teleports="222" halting="0" stopped="0" meanWaitingTime="752.81" meanTravelTime="409.52" meanSpeed="24.75" meanSpeedRelative="0.77" duration="1"/>
    <step time="82200.00" loaded="84515" inserted="84515" running="160" waiting="0" ended="84355" arrived="84355" collisions="223" teleports="223" halting="1" stopped="0" meanWaitingTime="751.29" meanTravelTime="409.29" meanSpeed="25.50" meanSpeedRelative="0.80" duration="2"/>
    <step time="82500.00" loaded="84657" inserted="84657" running="151" waiting="0" ended="84506" arrived="84506" collisions="223" teleports="223" halting="0" stopped="0" meanWaitingTime="750.03" meanTravelTime="409.07" meanSpeed="24.40" meanSpeedRelative="0.76" duration="1"/>
</summary>
