<?xml version="1.0" encoding="UTF-8"?>

<!-- generated on 2025-08-07 16:47:13 by Eclipse SUMO sumo Version 1.23.1
<sumoConfiguration xmlns:xsi="http://www.w3.org/2001/XMLSchema-instance" xsi:noNamespaceSchemaLocation="http://sumo.dlr.de/xsd/sumoConfiguration.xsd">

    <input>
        <net-file value="Desktop\Master Thesis\Network_fin.net.xml"/>
        <route-files value="Desktop\Master Thesis\demand_model_amsterdam.rou.xml"/>
        <additional-files value="Desktop\Master Thesis\Additionnal.add.xml"/>
    </input>

    <output>
        <summary-output value="outputf/summary_no_control_K16_target5_92372.xml"/>
        <summary-output.period value="300"/>
        <tripinfo-output value="outputf/tripinfo_no_control_K16_target5_92372.xml"/>
    </output>

    <time>
        <begin value="0"/>
        <end value="82800"/>
        <step-length value="1"/>
    </time>

    <processing>
        <time-to-teleport value="-1"/>
    </processing>

    <report>
        <verbose value="true"/>
        <no-step-log value="true"/>
    </report>

    <emissions>
        <device.emissions.period value="10"/>
    </emissions>

    <traci_server>
        <remote-port value="64101"/>
    </traci_server>

    <random_number>
        <seed value="92372"/>
    </random_number>

</sumoConfiguration>
-->

<summary xmlns:xsi="http://www.w3.org/2001/XMLSchema-instance" xsi:noNamespaceSchemaLocation="http://sumo.dlr.de/xsd/summary_file.xsd">
    <step time="0.00" loaded="0" inserted="0" running="0" waiting="0" ended="0" arrived="0" collisions="0" teleports="0" halting="0" stopped="0" meanWaitingTime="-1.00" meanTravelTime="-1.00" meanSpeed="-1.00" meanSpeedRelative="-1.00" duration="0"/>
    <step time="300.00" loaded="181" inserted="181" running="101" waiting="0" ended="80" arrived="80" collisions="0" teleports="0" halting="1" stopped="0" meanWaitingTime="0.54" meanTravelTime="97.45" meanSpeed="25.09" meanSpeedRelative="0.78" duration="1"/>
    <step time="600.00" loaded="369" inserted="367" running="141" waiting="2" ended="226" arrived="226" collisions="0" teleports="0" halting="0" stopped="0" meanWaitingTime="0.47" meanTravelTime="144.00" meanSpeed="24.57" meanSpeedRelative="0.77" duration="1"/>
    <step time="900.00" loaded="560" inserted="560" running="158" waiting="0" ended="402" arrived="402" collisions="0" teleports="0" halting="0" stopped="0" meanWaitingTime="0.43" meanTravelTime="171.27" meanSpeed="25.23" meanSpeedRelative="0.79" duration="1"/>
    <step time="1200.00" loaded="733" inserted="733" running="167" waiting="0" ended="566" arrived="566" collisions="0" teleports="0" halting="2" stopped="0" meanWaitingTime="0.43" meanTravelTime="192.59" meanSpeed="25.67" meanSpeedRelative="0.80" duration="1"/>
    <step time="1500.00" loaded="903" inserted="903" running="158" waiting="0" ended="745" arrived="745" collisions="0" teleports="0" halting="1" stopped="0" meanWaitingTime="0.44" meanTravelTime="213.33" meanSpeed="25.15" meanSpeedRelative="0.79" duration="1"/>
    <step time="1800.00" loaded="1104" inserted="1104" running="168" waiting="0" ended="936" arrived="936" collisions="0" teleports="0" halting="2" stopped="0" meanWaitingTime="0.43" meanTravelTime="220.57" meanSpeed="25.25" meanSpeedRelative="0.79" duration="1"/>
    <step time="2100.00" loaded="1309" inserted="1309" running="177" waiting="0" ended="1132" arrived="1132" collisions="0" teleports="0" halting="1" stopped="0" meanWaitingTime="0.43" meanTravelTime="226.95" meanSpeed="24.43" meanSpeedRelative="0.76" duration="1"/>
    <step time="2400.00" loaded="1486" inserted="1486" running="158" waiting="0" ended="1328" arrived="1328" collisions="0" teleports="0" halting="1" stopped="0" meanWaitingTime="0.44" meanTravelTime="229.48" meanSpeed="25.60" meanSpeedRelative="0.80" duration="1"/>
    <step time="2700.00" loaded="1667" inserted="1667" running="140" waiting="0" ended="1527" arrived="1527" collisions="0" teleports="0" halting="4" stopped="0" meanWaitingTime="0.45" meanTravelTime="234.60" meanSpeed="23.94" meanSpeedRelative="0.75" duration="2"/>
    <step time="3000.00" loaded="1836" inserted="1836" running="131" waiting="0" ended="1705" arrived="1705" collisions="1" teleports="1" halting="0" stopped="0" meanWaitingTime="0.43" meanTravelTime="236.23" meanSpeed="25.15" meanSpeedRelative="0.79" duration="1"/>
    <step time="3300.00" loaded="2018" inserted="2017" running="159" waiting="1" ended="1858" arrived="1858" collisions="2" teleports="2" halting="1" stopped="0" meanWaitingTime="0.43" meanTravelTime="235.15" meanSpeed="24.07" meanSpeedRelative="0.75" duration="1"/>
    <step time="3600.00" loaded="2205" inserted="2205" running="160" waiting="0" ended="2045" arrived="2045" collisions="2" teleports="2" halting="0" stopped="0" meanWaitingTime="0.45" meanTravelTime="236.28" meanSpeed="25.97" meanSpeedRelative="0.81" duration="84"/>
    <step time="3900.00" loaded="2319" inserted="2319" running="114" waiting="0" ended="2205" arrived="2205" collisions="2" teleports="2" halting="0" stopped="0" meanWaitingTime="0.44" meanTravelTime="238.19" meanSpeed="25.87" meanSpeedRelative="0.81" duration="1"/>
    <step time="4200.00" loaded="2422" inserted="2422" running="91" waiting="0" ended="2331" arrived="2331" collisions="2" teleports="2" halting="0" stopped="0" meanWaitingTime="0.43" meanTravelTime="241.47" meanSpeed="26.56" meanSpeedRelative="0.83" duration="0"/>
    <step time="4500.00" loaded="2529" inserted="2529" running="93" waiting="0" ended="2436" arrived="2436" collisions="2" teleports="2" halting="1" stopped="0" meanWaitingTime="0.43" meanTravelTime="243.63" meanSpeed="26.63" meanSpeedRelative="0.83" duration="1"/>
    <step time="4800.00" loaded="2662" inserted="2661" running="105" waiting="1" ended="2556" arrived="2556" collisions="2" teleports="2" halting="0" stopped="0" meanWaitingTime="0.42" meanTravelTime="243.11" meanSpeed="25.43" meanSpeedRelative="0.79" duration="0"/>
    <step time="5100.00" loaded="2766" inserted="2766" running="83" waiting="0" ended="2683" arrived="2683" collisions="2" teleports="2" halting="1" stopped="0" meanWaitingTime="0.41" meanTravelTime="242.61" meanSpeed="25.56" meanSpeedRelative="0.80" duration="1"/>
    <step time="5400.00" loaded="2868" inserted="2868" running="92" waiting="0" ended="2776" arrived="2776" collisions="2" teleports="2" halting="1" stopped="0" meanWaitingTime="0.41" meanTravelTime="243.83" meanSpeed="26.19" meanSpeedRelative="0.82" duration="0"/>
    <step time="5700.00" loaded="2974" inserted="2974" running="87" waiting="0" ended="2887" arrived="2887" collisions="2" teleports="2" halting="1" stopped="0" meanWaitingTime="0.40" meanTravelTime="243.46" meanSpeed="27.03" meanSpeedRelative="0.84" duration="0"/>
    <step time="6000.00" loaded="3081" inserted="3081" running="90" waiting="0" ended="2991" arrived="2991" collisions="2" teleports="2" halting="0" stopped="0" meanWaitingTime="0.39" meanTravelTime="242.66" meanSpeed="25.01" meanSpeedRelative="0.78" duration="0"/>
    <step time="6300.00" loaded="3191" inserted="3191" running="97" waiting="0" ended="3094" arrived="3094" collisions="2" teleports="2" halting="1" stopped="0" meanWaitingTime="0.39" meanTravelTime="241.40" meanSpeed="26.25" meanSpeedRelative="0.82" duration="1"/>
    <step time="6600.00" loaded="3313" inserted="3313" running="105" waiting="0" ended="3208" arrived="3208" collisions="2" teleports="2" halting="1" stopped="0" meanWaitingTime="0.38" meanTravelTime="242.85" meanSpeed="25.39" meanSpeedRelative="0.79" duration="1"/>
    <step time="6900.00" loaded="3414" inserted="3414" running="90" waiting="0" ended="3324" arrived="3324" collisions="2" teleports="2" halting="1" stopped="0" meanWaitingTime="0.38" meanTravelTime="243.47" meanSpeed="25.33" meanSpeedRelative="0.79" duration="0"/>
    <step time="7200.00" loaded="3528" inserted="3528" running="94" waiting="0" ended="3434" arrived="3434" collisions="2" teleports="2" halting="1" stopped="0" meanWaitingTime="0.38" meanTravelTime="243.99" meanSpeed="26.39" meanSpeedRelative="0.82" duration="86"/>
    <step time="7500.00" loaded="3685" inserted="3684" running="123" waiting="1" ended="3561" arrived="3561" collisions="2" teleports="2" halting="0" stopped="0" meanWaitingTime="0.38" meanTravelTime="243.46" meanSpeed="26.21" meanSpeedRelative="0.82" duration="0"/>
    <step time="7800.00" loaded="3845" inserted="3845" running="135" waiting="0" ended="3710" arrived="3710" collisions="2" teleports="2" halting="1" stopped="0" meanWaitingTime="0.39" meanTravelTime="243.73" meanSpeed="25.29" meanSpeedRelative="0.79" duration="1"/>
    <step time="8100.00" loaded="4018" inserted="4018" running="145" waiting="0" ended="3873" arrived="3873" collisions="2" teleports="2" halting="0" stopped="0" meanWaitingTime="0.41" meanTravelTime="243.41" meanSpeed="25.10" meanSpeedRelative="0.78" duration="1"/>
    <step time="8400.00" loaded="4169" inserted="4168" running="149" waiting="1" ended="4019" arrived="4019" collisions="2" teleports="2" halting="0" stopped="0" meanWaitingTime="0.40" meanTravelTime="243.25" meanSpeed="25.93" meanSpeedRelative="0.81" duration="1"/>
    <step time="8700.00" loaded="4317" inserted="4317" running="116" waiting="0" ended="4201" arrived="4201" collisions="2" teleports="2" halting="0" stopped="0" meanWaitingTime="0.41" meanTravelTime="245.81" meanSpeed="25.21" meanSpeedRelative="0.79" duration="1"/>
    <step time="9000.00" loaded="4477" inserted="4477" running="128" waiting="0" ended="4349" arrived="4349" collisions="2" teleports="2" halting="0" stopped="0" meanWaitingTime="0.41" meanTravelTime="245.15" meanSpeed="24.91" meanSpeedRelative="0.78" duration="1"/>
    <step time="9300.00" loaded="4637" inserted="4637" running="128" waiting="0" ended="4509" arrived="4509" collisions="2" teleports="2" halting="0" stopped="0" meanWaitingTime="0.41" meanTravelTime="245.01" meanSpeed="25.19" meanSpeedRelative="0.79" duration="1"/>
    <step time="9600.00" loaded="4793" inserted="4793" running="124" waiting="0" ended="4669" arrived="4669" collisions="2" teleports="2" halting="0" stopped="0" meanWaitingTime="0.41" meanTravelTime="245.43" meanSpeed="25.45" meanSpeedRelative="0.80" duration="1"/>
    <step time="9900.00" loaded="4953" inserted="4953" running="115" waiting="0" ended="4838" arrived="4838" collisions="2" teleports="2" halting="0" stopped="0" meanWaitingTime="0.41" meanTravelTime="244.97" meanSpeed="24.66" meanSpeedRelative="0.77" duration="0"/>
    <step time="10200.00" loaded="5102" inserted="5102" running="111" waiting="0" ended="4991" arrived="4991" collisions="2" teleports="2" halting="1" stopped="0" meanWaitingTime="0.41" meanTravelTime="244.56" meanSpeed="26.50" meanSpeedRelative="0.83" duration="1"/>
    <step time="10500.00" loaded="5246" inserted="5246" running="119" waiting="0" ended="5127" arrived="5127" collisions="2" teleports="2" halting="0" stopped="0" meanWaitingTime="0.41" meanTravelTime="244.34" meanSpeed="25.52" meanSpeedRelative="0.80" duration="1"/>
    <step time="10800.00" loaded="5391" inserted="5391" running="107" waiting="0" ended="5284" arrived="5284" collisions="2" teleports="2" halting="1" stopped="0" meanWaitingTime="0.41" meanTravelTime="243.73" meanSpeed="25.73" meanSpeedRelative="0.80" duration="86"/>
    <step time="11100.00" loaded="5531" inserted="5531" running="101" waiting="0" ended="5430" arrived="5430" collisions="2" teleports="2" halting="0" stopped="0" meanWaitingTime="0.41" meanTravelTime="244.09" meanSpeed="25.10" meanSpeedRelative="0.78" duration="1"/>
    <step time="11400.00" loaded="5674" inserted="5674" running="114" waiting="0" ended="5560" arrived="5560" collisions="2" teleports="2" halting="0" stopped="0" meanWaitingTime="0.41" meanTravelTime="243.50" meanSpeed="25.36" meanSpeedRelative="0.79" duration="1"/>
    <step time="11700.00" loaded="5832" inserted="5832" running="118" waiting="0" ended="5714" arrived="5714" collisions="2" teleports="2" halting="2" stopped="0" meanWaitingTime="0.40" meanTravelTime="243.45" meanSpeed="24.40" meanSpeedRelative="0.76" duration="1"/>
    <step time="12000.00" loaded="5972" inserted="5972" running="105" waiting="0" ended="5867" arrived="5867" collisions="2" teleports="2" halting="0" stopped="0" meanWaitingTime="0.40" meanTravelTime="242.60" meanSpeed="25.73" meanSpeedRelative="0.80" duration="0"/>
    <step time="12300.00" loaded="6105" inserted="6104" running="95" waiting="1" ended="6009" arrived="6009" collisions="3" teleports="3" halting="0" stopped="0" meanWaitingTime="0.40" meanTravelTime="242.47" meanSpeed="25.55" meanSpeedRelative="0.80" duration="0"/>
    <step time="12600.00" loaded="6250" inserted="6250" running="110" waiting="0" ended="6140" arrived="6140" collisions="3" teleports="3" halting="0" stopped="0" meanWaitingTime="0.40" meanTravelTime="242.30" meanSpeed="25.44" meanSpeedRelative="0.80" duration="1"/>
    <step time="12900.00" loaded="6391" inserted="6391" running="112" waiting="0" ended="6279" arrived="6279" collisions="3" teleports="3" halting="0" stopped="0" meanWaitingTime="0.40" meanTravelTime="241.45" meanSpeed="25.52" meanSpeedRelative="0.80" duration="0"/>
    <step time="13200.00" loaded="6539" inserted="6539" running="117" waiting="0" ended="6422" arrived="6422" collisions="3" teleports="3" halting="0" stopped="0" meanWaitingTime="0.41" meanTravelTime="241.31" meanSpeed="25.46" meanSpeedRelative="0.80" duration="1"/>
    <step time="13500.00" loaded="6675" inserted="6675" running="100" waiting="0" ended="6575" arrived="6575" collisions="3" teleports="3" halting="2" stopped="0" meanWaitingTime="0.40" meanTravelTime="240.99" meanSpeed="24.90" meanSpeedRelative="0.78" duration="1"/>
    <step time="13800.00" loaded="6834" inserted="6834" running="122" waiting="0" ended="6712" arrived="6712" collisions="3" teleports="3" halting="1" stopped="0" meanWaitingTime="0.41" meanTravelTime="240.44" meanSpeed="25.03" meanSpeedRelative="0.78" duration="1"/>
    <step time="14100.00" loaded="6988" inserted="6986" running="115" waiting="2" ended="6871" arrived="6871" collisions="3" teleports="3" halting="0" stopped="0" meanWaitingTime="0.41" meanTravelTime="239.90" meanSpeed="25.13" meanSpeedRelative="0.79" duration="1"/>
    <step time="14400.00" loaded="7164" inserted="7164" running="122" waiting="0" ended="7042" arrived="7042" collisions="3" teleports="3" halting="1" stopped="0" meanWaitingTime="0.41" meanTravelTime="239.67" meanSpeed="26.35" meanSpeedRelative="0.82" duration="86"/>
    <step time="14700.00" loaded="7263" inserted="7263" running="85" waiting="0" ended="7178" arrived="7178" collisions="3" teleports="3" halting="0" stopped="0" meanWaitingTime="0.41" meanTravelTime="239.54" meanSpeed="25.60" meanSpeedRelative="0.80" duration="1"/>
    <step time="15000.00" loaded="7371" inserted="7371" running="83" waiting="0" ended="7288" arrived="7288" collisions="3" teleports="3" halting="0" stopped="0" meanWaitingTime="0.41" meanTravelTime="239.45" meanSpeed="24.34" meanSpeedRelative="0.76" duration="1"/>
    <step time="15300.00" loaded="7477" inserted="7477" running="76" waiting="0" ended="7401" arrived="7401" collisions="3" teleports="3" halting="0" stopped="0" meanWaitingTime="0.41" meanTravelTime="239.12" meanSpeed="24.59" meanSpeedRelative="0.77" duration="1"/>
    <step time="15600.00" loaded="7559" inserted="7559" running="59" waiting="0" ended="7500" arrived="7500" collisions="3" teleports="3" halting="0" stopped="0" meanWaitingTime="0.41" meanTravelTime="239.32" meanSpeed="25.21" meanSpeedRelative="0.79" duration="0"/>
    <step time="15900.00" loaded="7661" inserted="7661" running="73" waiting="0" ended="7588" arrived="7588" collisions="3" teleports="3" halting="0" stopped="0" meanWaitingTime="0.40" meanTravelTime="238.63" meanSpeed="24.81" meanSpeedRelative="0.78" duration="0"/>
    <step time="16200.00" loaded="7781" inserted="7781" running="86" waiting="0" ended="7695" arrived="7695" collisions="3" teleports="3" halting="0" stopped="0" meanWaitingTime="0.40" meanTravelTime="238.65" meanSpeed="25.20" meanSpeedRelative="0.79" duration="0"/>
    <step time="16500.00" loaded="7884" inserted="7884" running="73" waiting="0" ended="7811" arrived="7811" collisions="3" teleports="3" halting="0" stopped="0" meanWaitingTime="0.40" meanTravelTime="237.91" meanSpeed="25.38" meanSpeedRelative="0.79" duration="1"/>
    <step time="16800.00" loaded="7987" inserted="7987" running="73" waiting="0" ended="7914" arrived="7914" collisions="4" teleports="4" halting="0" stopped="0" meanWaitingTime="0.40" meanTravelTime="237.71" meanSpeed="25.46" meanSpeedRelative="0.80" duration="0"/>
    <step time="17100.00" loaded="8084" inserted="8084" running="85" waiting="0" ended="7999" arrived="7999" collisions="4" teleports="4" halting="2" stopped="0" meanWaitingTime="0.39" meanTravelTime="237.65" meanSpeed="24.87" meanSpeedRelative="0.78" duration="1"/>
    <step time="17400.00" loaded="8183" inserted="8183" running="69" waiting="0" ended="8114" arrived="8114" collisions="4" teleports="4" halting="1" stopped="0" meanWaitingTime="0.39" meanTravelTime="237.65" meanSpeed="25.55" meanSpeedRelative="0.80" duration="1"/>
    <step time="17700.00" loaded="8285" inserted="8285" running="73" waiting="0" ended="8212" arrived="8212" collisions="4" teleports="4" halting="0" stopped="0" meanWaitingTime="0.39" meanTravelTime="237.40" meanSpeed="25.45" meanSpeedRelative="0.80" duration="0"/>
    <step time="18000.00" loaded="8384" inserted="8384" running="67" waiting="0" ended="8317" arrived="8317" collisions="4" teleports="4" halting="2" stopped="0" meanWaitingTime="0.39" meanTravelTime="236.82" meanSpeed="25.46" meanSpeedRelative="0.80" duration="80"/>
    <step time="18300.00" loaded="8595" inserted="8595" running="147" waiting="0" ended="8448" arrived="8448" collisions="4" teleports="4" halting="1" stopped="0" meanWaitingTime="0.39" meanTravelTime="236.15" meanSpeed="24.69" meanSpeedRelative="0.77" duration="1"/>
    <step time="18600.00" loaded="8805" inserted="8805" running="161" waiting="0" ended="8644" arrived="8644" collisions="4" teleports="4" halting="0" stopped="0" meanWaitingTime="0.40" meanTravelTime="235.32" meanSpeed="25.31" meanSpeedRelative="0.79" duration="1"/>
    <step time="18900.00" loaded="8989" inserted="8989" running="146" waiting="0" ended="8843" arrived="8843" collisions="4" teleports="4" halting="0" stopped="0" meanWaitingTime="0.41" meanTravelTime="235.17" meanSpeed="26.22" meanSpeedRelative="0.82" duration="0"/>
    <step time="19200.00" loaded="9182" inserted="9182" running="162" waiting="0" ended="9020" arrived="9020" collisions="4" teleports="4" halting="0" stopped="0" meanWaitingTime="0.42" meanTravelTime="235.65" meanSpeed="25.36" meanSpeedRelative="0.79" duration="1"/>
    <step time="19500.00" loaded="9372" inserted="9372" running="151" waiting="0" ended="9221" arrived="9221" collisions="4" teleports="4" halting="1" stopped="0" meanWaitingTime="0.42" meanTravelTime="236.02" meanSpeed="26.00" meanSpeedRelative="0.81" duration="0"/>
    <step time="19800.00" loaded="9588" inserted="9585" running="159" waiting="3" ended="9426" arrived="9426" collisions="4" teleports="4" halting="0" stopped="0" meanWaitingTime="0.42" meanTravelTime="235.83" meanSpeed="24.74" meanSpeedRelative="0.77" duration="1"/>
    <step time="20100.00" loaded="9774" inserted="9774" running="134" waiting="0" ended="9640" arrived="9640" collisions="4" teleports="4" halting="1" stopped="0" meanWaitingTime="0.43" meanTravelTime="235.49" meanSpeed="24.24" meanSpeedRelative="0.76" duration="0"/>
    <step time="20400.00" loaded="9986" inserted="9986" running="159" waiting="0" ended="9827" arrived="9827" collisions="4" teleports="4" halting="1" stopped="0" meanWaitingTime="0.43" meanTravelTime="235.66" meanSpeed="24.33" meanSpeedRelative="0.76" duration="1"/>
    <step time="20700.00" loaded="10186" inserted="10186" running="173" waiting="0" ended="10013" arrived="10013" collisions="4" teleports="4" halting="2" stopped="0" meanWaitingTime="0.43" meanTravelTime="235.76" meanSpeed="24.37" meanSpeedRelative="0.76" duration="1"/>
    <step time="21000.00" loaded="10363" inserted="10363" running="142" waiting="0" ended="10221" arrived="10221" collisions="5" teleports="5" halting="0" stopped="0" meanWaitingTime="0.43" meanTravelTime="236.31" meanSpeed="25.40" meanSpeedRelative="0.79" duration="1"/>
    <step time="21300.00" loaded="10564" inserted="10564" running="159" waiting="0" ended="10405" arrived="10405" collisions="6" teleports="6" halting="1" stopped="0" meanWaitingTime="0.43" meanTravelTime="236.31" meanSpeed="24.73" meanSpeedRelative="0.77" duration="1"/>
    <step time="21600.00" loaded="10764" inserted="10764" running="168" waiting="0" ended="10596" arrived="10596" collisions="6" teleports="6" halting="0" stopped="0" meanWaitingTime="0.44" meanTravelTime="236.81" meanSpeed="24.71" meanSpeedRelative="0.77" duration="78"/>
    <step time="21900.00" loaded="11237" inserted="11209" running="345" waiting="28" ended="10864" arrived="10864" collisions="6" teleports="6" halting="2" stopped="0" meanWaitingTime="0.70" meanTravelTime="236.31" meanSpeed="21.92" meanSpeedRelative="0.68" duration="2"/>
    <step time="22200.00" loaded="11720" inserted="11671" running="452" waiting="49" ended="11219" arrived="11219" collisions="6" teleports="6" halting="2" stopped="0" meanWaitingTime="1.52" meanTravelTime="236.61" meanSpeed="20.45" meanSpeedRelative="0.64" duration="2"/>
    <step time="22500.00" loaded="12185" inserted="12115" running="470" waiting="70" ended="11645" arrived="11645" collisions="6" teleports="6" halting="0" stopped="0" meanWaitingTime="2.82" meanTravelTime="238.29" meanSpeed="19.94" meanSpeedRelative="0.62" duration="2"/>
    <step time="22800.00" loaded="12655" inserted="12559" running="480" waiting="96" ended="12079" arrived="12079" collisions="7" teleports="7" halting="3" stopped="0" meanWaitingTime="4.52" meanTravelTime="240.89" meanSpeed="20.14" meanSpeedRelative="0.63" duration="3"/>
    <step time="23100.00" loaded="13155" inserted="13019" running="498" waiting="136" ended="12521" arrived="12521" collisions="7" teleports="7" halting="1" stopped="0" meanWaitingTime="6.58" meanTravelTime="243.70" meanSpeed="19.54" meanSpeedRelative="0.61" duration="2"/>
    <step time="23400.00" loaded="13593" inserted="13433" running="499" waiting="160" ended="12934" arrived="12934" collisions="7" teleports="7" halting="2" stopped="0" meanWaitingTime="9.34" meanTravelTime="247.03" meanSpeed="19.20" meanSpeedRelative="0.60" duration="3"/>
    <step time="23700.00" loaded="14038" inserted="13855" running="499" waiting="183" ended="13356" arrived="13356" collisions="8" teleports="8" halting="0" stopped="0" meanWaitingTime="12.31" meanTravelTime="250.29" meanSpeed="19.15" meanSpeedRelative="0.60" duration="4"/>
    <step time="24000.00" loaded="14487" inserted="14297" running="497" waiting="190" ended="13800" arrived="13800" collisions="9" teleports="9" halting="2" stopped="0" meanWaitingTime="15.68" meanTravelTime="253.70" meanSpeed="18.84" meanSpeedRelative="0.59" duration="3"/>
    <step time="24300.00" loaded="14947" inserted="14732" running="510" waiting="215" ended="14222" arrived="14222" collisions="9" teleports="9" halting="2" stopped="0" meanWaitingTime="19.17" meanTravelTime="255.88" meanSpeed="19.12" meanSpeedRelative="0.60" duration="3"/>
    <step time="24600.00" loaded="15441" inserted="15188" running="521" waiting="253" ended="14667" arrived="14667" collisions="9" teleports="9" halting="5" stopped="0" meanWaitingTime="22.76" meanTravelTime="259.36" meanSpeed="19.59" meanSpeedRelative="0.61" duration="3"/>
    <step time="24900.00" loaded="15941" inserted="15627" running="501" waiting="314" ended="15126" arrived="15126" collisions="11" teleports="11" halting="4" stopped="0" meanWaitingTime="26.67" meanTravelTime="261.53" meanSpeed="19.92" meanSpeedRelative="0.62" duration="3"/>
    <step time="25200.00" loaded="16415" inserted="16068" running="507" waiting="347" ended="15561" arrived="15561" collisions="11" teleports="11" halting="1" stopped="0" meanWaitingTime="31.16" meanTravelTime="263.43" meanSpeed="18.28" meanSpeedRelative="0.57" duration="89"/>
    <step time="25500.00" loaded="17018" inserted="16570" running="584" waiting="448" ended="15986" arrived="15986" collisions="12" teleports="12" halting="3" stopped="0" meanWaitingTime="35.98" meanTravelTime="265.61" meanSpeed="18.61" meanSpeedRelative="0.58" duration="4"/>
    <step time="25800.00" loaded="17554" inserted="17054" running="601" waiting="500" ended="16453" arrived="16453" collisions="15" teleports="15" halting="1" stopped="0" meanWaitingTime="41.03" meanTravelTime="268.16" meanSpeed="18.21" meanSpeedRelative="0.57" duration="5"/>
    <step time="26100.00" loaded="18119" inserted="17526" running="592" waiting="593" ended="16934" arrived="16934" collisions="15" teleports="15" halting="3" stopped="0" meanWaitingTime="46.52" meanTravelTime="271.15" meanSpeed="18.29" meanSpeedRelative="0.57" duration="3"/>
    <step time="26400.00" loaded="18693" inserted="18006" running="590" waiting="687" ended="17416" arrived="17416" collisions="16" teleports="16" halting="3" stopped="0" meanWaitingTime="52.41" meanTravelTime="274.10" meanSpeed="18.22" meanSpeedRelative="0.57" duration="3"/>
    <step time="26700.00" loaded="19269" inserted="18490" running="561" waiting="779" ended="17929" arrived="17929" collisions="16" teleports="16" halting="3" stopped="0" meanWaitingTime="59.71" meanTravelTime="276.88" meanSpeed="17.36" meanSpeedRelative="0.54" duration="5"/>
    <step time="27000.00" loaded="19837" inserted="18977" running="571" waiting="860" ended="18406" arrived="18406" collisions="18" teleports="18" halting="3" stopped="0" meanWaitingTime="67.61" meanTravelTime="278.67" meanSpeed="17.54" meanSpeedRelative="0.55" duration="3"/>
    <step time="27300.00" loaded="20406" inserted="19464" running="585" waiting="942" ended="18879" arrived="18879" collisions="18" teleports="18" halting="0" stopped="0" meanWaitingTime="75.95" meanTravelTime="280.15" meanSpeed="17.35" meanSpeedRelative="0.54" duration="3"/>
    <step time="27600.00" loaded="20946" inserted="19927" running="582" waiting="1019" ended="19345" arrived="19345" collisions="18" teleports="18" halting="4" stopped="0" meanWaitingTime="85.07" meanTravelTime="282.00" meanSpeed="16.44" meanSpeedRelative="0.51" duration="4"/>
    <step time="27900.00" loaded="21485" inserted="20415" running="604" waiting="1070" ended="19811" arrived="19811" collisions="19" teleports="19" halting="1" stopped="0" meanWaitingTime="94.50" meanTravelTime="284.21" meanSpeed="17.33" meanSpeedRelative="0.54" duration="3"/>
    <step time="28200.00" loaded="22033" inserted="20904" running="636" waiting="1129" ended="20268" arrived="20268" collisions="20" teleports="20" halting="3" stopped="0" meanWaitingTime="104.42" meanTravelTime="286.29" meanSpeed="16.58" meanSpeedRelative="0.52" duration="4"/>
    <step time="28500.00" loaded="22629" inserted="21405" running="629" waiting="1224" ended="20776" arrived="20776" collisions="23" teleports="23" halting="0" stopped="0" meanWaitingTime="114.27" meanTravelTime="288.20" meanSpeed="16.06" meanSpeedRelative="0.50" duration="3"/>
    <step time="28800.00" loaded="23189" inserted="21886" running="672" waiting="1303" ended="21214" arrived="21214" collisions="25" teleports="25" halting="0" stopped="0" meanWaitingTime="124.49" meanTravelTime="290.55" meanSpeed="15.67" meanSpeedRelative="0.49" duration="88"/>
    <step time="29100.00" loaded="23561" inserted="22300" running="567" waiting="1261" ended="21733" arrived="21733" collisions="25" teleports="25" halting="0" stopped="0" meanWaitingTime="135.10" meanTravelTime="293.40" meanSpeed="17.19" meanSpeedRelative="0.54" duration="3"/>
    <step time="29400.00" loaded="23901" inserted="22700" running="533" waiting="1201" ended="22167" arrived="22167" collisions="25" teleports="25" halting="2" stopped="0" meanWaitingTime="146.00" meanTravelTime="295.53" meanSpeed="17.54" meanSpeedRelative="0.55" duration="4"/>
    <step time="29700.00" loaded="24276" inserted="23148" running="537" waiting="1128" ended="22611" arrived="22611" collisions="26" teleports="26" halting="1" stopped="0" meanWaitingTime="157.31" meanTravelTime="297.68" meanSpeed="17.74" meanSpeedRelative="0.55" duration="4"/>
    <step time="30000.00" loaded="24603" inserted="23569" running="522" waiting="1034" ended="23047" arrived="23047" collisions="27" teleports="27" halting="3" stopped="0" meanWaitingTime="168.81" meanTravelTime="298.77" meanSpeed="18.19" meanSpeedRelative="0.57" duration="4"/>
    <step time="30300.00" loaded="24963" inserted="24007" running="521" waiting="956" ended="23486" arrived="23486" collisions="27" teleports="27" halting="1" stopped="0" meanWaitingTime="179.65" meanTravelTime="299.84" meanSpeed="18.01" meanSpeedRelative="0.56" duration="3"/>
    <step time="30600.00" loaded="25310" inserted="24410" running="464" waiting="900" ended="23946" arrived="23946" collisions="29" teleports="29" halting="2" stopped="0" meanWaitingTime="189.62" meanTravelTime="301.30" meanSpeed="18.55" meanSpeedRelative="0.58" duration="3"/>
    <step time="30900.00" loaded="25653" inserted="24790" running="386" waiting="863" ended="24404" arrived="24404" collisions="32" teleports="32" halting="1" stopped="0" meanWaitingTime="198.92" meanTravelTime="302.06" meanSpeed="19.53" meanSpeedRelative="0.61" duration="2"/>
    <step time="31200.00" loaded="25995" inserted="25201" running="397" waiting="794" ended="24804" arrived="24804" collisions="32" teleports="32" halting="4" stopped="0" meanWaitingTime="208.91" meanTravelTime="302.23" meanSpeed="19.82" meanSpeedRelative="0.62" duration="2"/>
    <step time="31500.00" loaded="26373" inserted="25623" running="426" waiting="750" ended="25197" arrived="25197" collisions="36" teleports="36" halting="1" stopped="0" meanWaitingTime="217.67" meanTravelTime="302.20" meanSpeed="20.00" meanSpeedRelative="0.62" duration="4"/>
    <step time="31800.00" loaded="26724" inserted="26031" running="423" waiting="693" ended="25608" arrived="25608" collisions="36" teleports="36" halting="0" stopped="0" meanWaitingTime="226.12" meanTravelTime="301.97" meanSpeed="20.66" meanSpeedRelative="0.65" duration="2"/>
    <step time="32100.00" loaded="27082" inserted="26444" running="425" waiting="638" ended="26019" arrived="26019" collisions="37" teleports="37" halting="2" stopped="0" meanWaitingTime="233.03" meanTravelTime="302.02" meanSpeed="20.19" meanSpeedRelative="0.63" duration="2"/>
    <step time="32400.00" loaded="27439" inserted="26863" running="435" waiting="576" ended="26428" arrived="26428" collisions="37" teleports="37" halting="1" stopped="0" meanWaitingTime="238.86" meanTravelTime="302.10" meanSpeed="20.65" meanSpeedRelative="0.65" duration="88"/>
    <step time="32700.00" loaded="27714" inserted="27207" running="375" waiting="507" ended="26832" arrived="26832" collisions="37" teleports="37" halting="0" stopped="0" meanWaitingTime="244.35" meanTravelTime="302.30" meanSpeed="21.08" meanSpeedRelative="0.66" duration="2"/>
    <step time="33000.00" loaded="27969" inserted="27523" running="314" waiting="446" ended="27209" arrived="27209" collisions="37" teleports="37" halting="1" stopped="0" meanWaitingTime="249.20" meanTravelTime="302.54" meanSpeed="22.40" meanSpeedRelative="0.70" duration="2"/>
    <step time="33300.00" loaded="28218" inserted="27838" running="305" waiting="380" ended="27533" arrived="27533" collisions="38" teleports="38" halting="0" stopped="0" meanWaitingTime="253.69" meanTravelTime="302.35" meanSpeed="22.09" meanSpeedRelative="0.69" duration="2"/>
    <step time="33600.00" loaded="28499" inserted="28185" running="294" waiting="314" ended="27891" arrived="27891" collisions="39" teleports="39" halting="3" stopped="0" meanWaitingTime="257.19" meanTravelTime="302.04" meanSpeed="22.92" meanSpeedRelative="0.72" duration="2"/>
    <step time="33900.00" loaded="28764" inserted="28506" running="272" waiting="258" ended="28234" arrived="28234" collisions="39" teleports="39" halting="1" stopped="0" meanWaitingTime="259.77" meanTravelTime="301.75" meanSpeed="23.17" meanSpeedRelative="0.72" duration="2"/>
    <step time="34200.00" loaded="29052" inserted="28851" running="300" waiting="201" ended="28551" arrived="28551" collisions="39" teleports="39" halting="2" stopped="0" meanWaitingTime="261.36" meanTravelTime="301.25" meanSpeed="22.16" meanSpeedRelative="0.69" duration="1"/>
    <step time="34500.00" loaded="29300" inserted="29163" running="286" waiting="137" ended="28877" arrived="28877" collisions="39" teleports="39" halting="1" stopped="0" meanWaitingTime="261.91" meanTravelTime="300.83" meanSpeed="21.91" meanSpeedRelative="0.68" duration="1"/>
    <step time="34800.00" loaded="29591" inserted="29519" running="309" waiting="72" ended="29210" arrived="29210" collisions="39" teleports="39" halting="2" stopped="0" meanWaitingTime="260.81" meanTravelTime="300.52" meanSpeed="21.99" meanSpeedRelative="0.69" duration="1"/>
    <step time="35100.00" loaded="29862" inserted="29839" running="307" waiting="23" ended="29532" arrived="29532" collisions="39" teleports="39" halting="2" stopped="0" meanWaitingTime="258.88" meanTravelTime="300.26" meanSpeed="21.17" meanSpeedRelative="0.66" duration="2"/>
    <step time="35400.00" loaded="30122" inserted="30121" running="253" waiting="1" ended="29868" arrived="29868" collisions="42" teleports="42" halting="0" stopped="0" meanWaitingTime="256.61" meanTravelTime="300.14" meanSpeed="22.72" meanSpeedRelative="0.71" duration="2"/>
    <step time="35700.00" loaded="30372" inserted="30371" running="227" waiting="1" ended="30144" arrived="30144" collisions="43" teleports="43" halting="1" stopped="0" meanWaitingTime="254.50" meanTravelTime="299.76" meanSpeed="24.45" meanSpeedRelative="0.76" duration="1"/>
    <step time="36000.00" loaded="30623" inserted="30623" running="217" waiting="0" ended="30406" arrived="30406" collisions="44" teleports="44" halting="0" stopped="0" meanWaitingTime="252.41" meanTravelTime="299.57" meanSpeed="24.68" meanSpeedRelative="0.77" duration="82"/>
    <step time="36300.00" loaded="31120" inserted="31090" running="361" waiting="30" ended="30729" arrived="30729" collisions="45" teleports="45" halting="2" stopped="0" meanWaitingTime="248.75" meanTravelTime="298.76" meanSpeed="22.46" meanSpeedRelative="0.70" duration="2"/>
    <step time="36600.00" loaded="31582" inserted="31516" running="398" waiting="66" ended="31118" arrived="31118" collisions="45" teleports="45" halting="0" stopped="0" meanWaitingTime="245.69" meanTravelTime="298.45" meanSpeed="21.48" meanSpeedRelative="0.67" duration="2"/>
    <step time="36900.00" loaded="32048" inserted="31965" running="414" waiting="83" ended="31551" arrived="31551" collisions="45" teleports="45" halting="1" stopped="0" meanWaitingTime="242.78" meanTravelTime="298.02" meanSpeed="21.12" meanSpeedRelative="0.66" duration="3"/>
    <step time="37200.00" loaded="32480" inserted="32396" running="452" waiting="84" ended="31944" arrived="31944" collisions="47" teleports="47" halting="1" stopped="0" meanWaitingTime="240.27" meanTravelTime="297.88" meanSpeed="21.32" meanSpeedRelative="0.67" duration="3"/>
    <step time="37500.00" loaded="32957" inserted="32866" running="488" waiting="91" ended="32378" arrived="32378" collisions="48" teleports="48" halting="2" stopped="0" meanWaitingTime="237.58" meanTravelTime="298.12" meanSpeed="19.16" meanSpeedRelative="0.60" duration="3"/>
    <step time="37800.00" loaded="33414" inserted="33300" running="464" waiting="114" ended="32836" arrived="32836" collisions="49" teleports="49" halting="1" stopped="0" meanWaitingTime="235.22" meanTravelTime="298.22" meanSpeed="20.28" meanSpeedRelative="0.63" duration="3"/>
    <step time="38100.00" loaded="33873" inserted="33724" running="458" waiting="149" ended="33266" arrived="33266" collisions="51" teleports="51" halting="0" stopped="0" meanWaitingTime="233.22" meanTravelTime="298.73" meanSpeed="20.70" meanSpeedRelative="0.65" duration="3"/>
    <step time="38400.00" loaded="34345" inserted="34183" running="482" waiting="162" ended="33701" arrived="33701" collisions="51" teleports="51" halting="3" stopped="0" meanWaitingTime="231.23" meanTravelTime="298.91" meanSpeed="20.37" meanSpeedRelative="0.64" duration="3"/>
    <step time="38700.00" loaded="34831" inserted="34654" running="492" waiting="177" ended="34162" arrived="34162" collisions="53" teleports="53" halting="1" stopped="0" meanWaitingTime="229.28" meanTravelTime="299.20" meanSpeed="19.98" meanSpeedRelative="0.62" duration="3"/>
    <step time="39000.00" loaded="35294" inserted="35113" running="472" waiting="181" ended="34641" arrived="34641" collisions="55" teleports="55" halting="1" stopped="0" meanWaitingTime="227.50" meanTravelTime="299.54" meanSpeed="19.18" meanSpeedRelative="0.60" duration="3"/>
    <step time="39300.00" loaded="35723" inserted="35538" running="439" waiting="185" ended="35099" arrived="35099" collisions="55" teleports="55" halting="3" stopped="0" meanWaitingTime="226.09" meanTravelTime="299.62" meanSpeed="20.22" meanSpeedRelative="0.63" duration="3"/>
    <step time="39600.00" loaded="36202" inserted="35984" running="463" waiting="218" ended="35521" arrived="35521" collisions="55" teleports="55" halting="1" stopped="0" meanWaitingTime="224.67" meanTravelTime="299.66" meanSpeed="20.74" meanSpeedRelative="0.65" duration="90"/>
    <step time="39900.00" loaded="36733" inserted="36466" running="545" waiting="267" ended="35921" arrived="35921" collisions="57" teleports="57" halting="0" stopped="0" meanWaitingTime="223.33" meanTravelTime="299.98" meanSpeed="19.79" meanSpeedRelative="0.62" duration="3"/>
    <step time="40200.00" loaded="37227" inserted="36938" running="552" waiting="289" ended="36386" arrived="36386" collisions="58" teleports="58" halting="2" stopped="0" meanWaitingTime="222.30" meanTravelTime="300.61" meanSpeed="18.21" meanSpeedRelative="0.57" duration="3"/>
    <step time="40500.00" loaded="37779" inserted="37435" running="569" waiting="344" ended="36866" arrived="36866" collisions="58" teleports="58" halting="2" stopped="0" meanWaitingTime="221.34" meanTravelTime="301.00" meanSpeed="18.25" meanSpeedRelative="0.57" duration="3"/>
    <step time="40800.00" loaded="38308" inserted="37919" running="613" waiting="389" ended="37306" arrived="37306" collisions="60" teleports="60" halting="2" stopped="0" meanWaitingTime="220.78" meanTravelTime="301.74" meanSpeed="17.41" meanSpeedRelative="0.54" duration="5"/>
    <step time="41100.00" loaded="38827" inserted="38404" running="614" waiting="423" ended="37790" arrived="37790" collisions="61" teleports="61" halting="3" stopped="0" meanWaitingTime="220.45" meanTravelTime="302.72" meanSpeed="17.80" meanSpeedRelative="0.56" duration="5"/>
    <step time="41400.00" loaded="39350" inserted="38884" running="609" waiting="466" ended="38275" arrived="38275" collisions="63" teleports="63" halting="1" stopped="0" meanWaitingTime="220.36" meanTravelTime="303.56" meanSpeed="17.85" meanSpeedRelative="0.56" duration="5"/>
    <step time="41700.00" loaded="39859" inserted="39360" running="586" waiting="499" ended="38774" arrived="38774" collisions="64" teleports="64" halting="2" stopped="0" meanWaitingTime="220.82" meanTravelTime="304.46" meanSpeed="18.53" meanSpeedRelative="0.58" duration="4"/>
    <step time="42000.00" loaded="40370" inserted="39840" running="585" waiting="530" ended="39255" arrived="39255" collisions="67" teleports="67" halting="2" stopped="0" meanWaitingTime="221.50" meanTravelTime="305.24" meanSpeed="17.72" meanSpeedRelative="0.55" duration="4"/>
    <step time="42300.00" loaded="40866" inserted="40307" running="581" waiting="559" ended="39726" arrived="39726" collisions="70" teleports="70" halting="1" stopped="0" meanWaitingTime="222.24" meanTravelTime="305.98" meanSpeed="18.65" meanSpeedRelative="0.58" duration="5"/>
    <step time="42600.00" loaded="41348" inserted="40762" running="553" waiting="586" ended="40209" arrived="40209" collisions="73" teleports="73" halting="0" stopped="0" meanWaitingTime="223.30" meanTravelTime="306.54" meanSpeed="18.80" meanSpeedRelative="0.59" duration="3"/>
    <step time="42900.00" loaded="41891" inserted="41244" running="591" waiting="647" ended="40653" arrived="40653" collisions="73" teleports="73" halting="2" stopped="0" meanWaitingTime="224.17" meanTravelTime="307.52" meanSpeed="18.39" meanSpeedRelative="0.57" duration="3"/>
    <step time="43200.00" loaded="42420" inserted="41746" running="596" waiting="674" ended="41150" arrived="41150" collisions="75" teleports="75" halting="1" stopped="0" meanWaitingTime="225.67" meanTravelTime="308.15" meanSpeed="18.38" meanSpeedRelative="0.57" duration="91"/>
    <step time="43500.00" loaded="42983" inserted="42259" running="644" waiting="724" ended="41615" arrived="41615" collisions="75" teleports="75" halting="3" stopped="0" meanWaitingTime="226.96" meanTravelTime="308.58" meanSpeed="17.41" meanSpeedRelative="0.54" duration="4"/>
    <step time="43800.00" loaded="43524" inserted="42752" running="665" waiting="772" ended="42087" arrived="42087" collisions="77" teleports="77" halting="1" stopped="0" meanWaitingTime="228.00" meanTravelTime="309.51" meanSpeed="17.30" meanSpeedRelative="0.54" duration="4"/>
    <step time="44100.00" loaded="44035" inserted="43227" running="640" waiting="808" ended="42587" arrived="42587" collisions="78" teleports="78" halting="1" stopped="0" meanWaitingTime="229.58" meanTravelTime="310.76" meanSpeed="16.50" meanSpeedRelative="0.52" duration="3"/>
    <step time="44400.00" loaded="44551" inserted="43711" running="695" waiting="840" ended="43016" arrived="43016" collisions="80" teleports="80" halting="2" stopped="0" meanWaitingTime="231.32" meanTravelTime="311.74" meanSpeed="15.89" meanSpeedRelative="0.50" duration="5"/>
    <step time="44700.00" loaded="45066" inserted="44226" running="736" waiting="840" ended="43490" arrived="43490" collisions="83" teleports="83" halting="0" stopped="0" meanWaitingTime="233.13" meanTravelTime="312.90" meanSpeed="15.86" meanSpeedRelative="0.50" duration="5"/>
    <step time="45000.00" loaded="45618" inserted="44730" running="766" waiting="888" ended="43964" arrived="43964" collisions="85" teleports="85" halting="3" stopped="0" meanWaitingTime="235.06" meanTravelTime="314.21" meanSpeed="15.11" meanSpeedRelative="0.47" duration="4"/>
    <step time="45300.00" loaded="46162" inserted="45208" running="753" waiting="954" ended="44455" arrived="44455" collisions="86" teleports="86" halting="1" stopped="0" meanWaitingTime="237.33" meanTravelTime="315.62" meanSpeed="15.53" meanSpeedRelative="0.49" duration="6"/>
    <step time="45600.00" loaded="46698" inserted="45700" running="765" waiting="998" ended="44935" arrived="44935" collisions="86" teleports="86" halting="1" stopped="0" meanWaitingTime="239.71" meanTravelTime="317.05" meanSpeed="15.18" meanSpeedRelative="0.47" duration="4"/>
    <step time="45900.00" loaded="47251" inserted="46206" running="757" waiting="1045" ended="45449" arrived="45449" collisions="87" teleports="87" halting="1" stopped="0" meanWaitingTime="242.31" meanTravelTime="318.70" meanSpeed="14.99" meanSpeedRelative="0.47" duration="5"/>
    <step time="46200.00" loaded="47784" inserted="46698" running="801" waiting="1086" ended="45897" arrived="45897" collisions="89" teleports="89" halting="1" stopped="0" meanWaitingTime="245.13" meanTravelTime="320.01" meanSpeed="14.22" meanSpeedRelative="0.44" duration="5"/>
    <step time="46500.00" loaded="48311" inserted="47186" running="803" waiting="1125" ended="46383" arrived="46383" collisions="93" teleports="93" halting="3" stopped="0" meanWaitingTime="247.85" meanTravelTime="321.41" meanSpeed="13.99" meanSpeedRelative="0.44" duration="6"/>
    <step time="46800.00" loaded="48840" inserted="47671" running="808" waiting="1169" ended="46863" arrived="46863" collisions="93" teleports="93" halting="1" stopped="0" meanWaitingTime="250.46" meanTravelTime="323.57" meanSpeed="14.22" meanSpeedRelative="0.44" duration="94"/>
    <step time="47100.00" loaded="49370" inserted="48148" running="786" waiting="1222" ended="47362" arrived="47362" collisions="94" teleports="94" halting="3" stopped="0" meanWaitingTime="253.34" meanTravelTime="325.55" meanSpeed="13.93" meanSpeedRelative="0.44" duration="5"/>
    <step time="47400.00" loaded="49891" inserted="48636" running="784" waiting="1255" ended="47852" arrived="47852" collisions="100" teleports="100" halting="1" stopped="0" meanWaitingTime="256.14" meanTravelTime="327.27" meanSpeed="14.77" meanSpeedRelative="0.46" duration="7"/>
    <step time="47700.00" loaded="50429" inserted="49121" running="788" waiting="1308" ended="48333" arrived="48333" collisions="103" teleports="103" halting="3" stopped="0" meanWaitingTime="259.26" meanTravelTime="328.73" meanSpeed="15.25" meanSpeedRelative="0.48" duration="4"/>
    <step time="48000.00" loaded="50934" inserted="49605" running="758" waiting="1329" ended="48847" arrived="48847" collisions="106" teleports="106" halting="1" stopped="0" meanWaitingTime="263.20" meanTravelTime="330.30" meanSpeed="14.21" meanSpeedRelative="0.44" duration="4"/>
    <step time="48300.00" loaded="51469" inserted="50097" running="757" waiting="1372" ended="49340" arrived="49340" collisions="106" teleports="106" halting="2" stopped="0" meanWaitingTime="266.53" meanTravelTime="331.73" meanSpeed="14.30" meanSpeedRelative="0.45" duration="4"/>
    <step time="48600.00" loaded="52025" inserted="50616" running="825" waiting="1409" ended="49791" arrived="49791" collisions="107" teleports="107" halting="1" stopped="0" meanWaitingTime="269.91" meanTravelTime="333.14" meanSpeed="14.46" meanSpeedRelative="0.45" duration="6"/>
    <step time="48900.00" loaded="52563" inserted="51109" running="811" waiting="1454" ended="50298" arrived="50298" collisions="108" teleports="108" halting="4" stopped="0" meanWaitingTime="274.04" meanTravelTime="334.70" meanSpeed="13.74" meanSpeedRelative="0.43" duration="5"/>
    <step time="49200.00" loaded="53100" inserted="51608" running="855" waiting="1492" ended="50753" arrived="50753" collisions="110" teleports="110" halting="2" stopped="0" meanWaitingTime="277.76" meanTravelTime="335.97" meanSpeed="13.50" meanSpeedRelative="0.42" duration="5"/>
    <step time="49500.00" loaded="53609" inserted="52094" running="850" waiting="1515" ended="51244" arrived="51244" collisions="111" teleports="111" halting="2" stopped="0" meanWaitingTime="281.74" meanTravelTime="337.47" meanSpeed="13.80" meanSpeedRelative="0.43" duration="6"/>
    <step time="49800.00" loaded="54148" inserted="52581" running="809" waiting="1567" ended="51772" arrived="51772" collisions="112" teleports="112" halting="2" stopped="0" meanWaitingTime="286.90" meanTravelTime="339.05" meanSpeed="14.15" meanSpeedRelative="0.44" duration="5"/>
    <step time="50100.00" loaded="54668" inserted="53059" running="810" waiting="1609" ended="52249" arrived="52249" collisions="113" teleports="113" halting="3" stopped="0" meanWaitingTime="291.91" meanTravelTime="340.87" meanSpeed="13.99" meanSpeedRelative="0.44" duration="6"/>
    <step time="50400.00" loaded="55165" inserted="53528" running="813" waiting="1637" ended="52715" arrived="52715" collisions="117" teleports="117" halting="5" stopped="0" meanWaitingTime="296.45" meanTravelTime="342.34" meanSpeed="13.71" meanSpeedRelative="0.43" duration="97"/>
    <step time="50700.00" loaded="55865" inserted="54111" running="879" waiting="1754" ended="53232" arrived="53232" collisions="117" teleports="117" halting="5" stopped="0" meanWaitingTime="301.44" meanTravelTime="343.95" meanSpeed="14.02" meanSpeedRelative="0.44" duration="7"/>
    <step time="51000.00" loaded="56620" inserted="54697" running="965" waiting="1923" ended="53732" arrived="53732" collisions="118" teleports="118" halting="2" stopped="0" meanWaitingTime="307.10" meanTravelTime="345.12" meanSpeed="12.71" meanSpeedRelative="0.40" duration="5"/>
    <step time="51300.00" loaded="57350" inserted="55260" running="1014" waiting="2090" ended="54246" arrived="54246" collisions="120" teleports="120" halting="1" stopped="0" meanWaitingTime="312.25" meanTravelTime="346.45" meanSpeed="12.21" meanSpeedRelative="0.38" duration="7"/>
    <step time="51600.00" loaded="58094" inserted="55822" running="1078" waiting="2272" ended="54744" arrived="54744" collisions="124" teleports="124" halting="5" stopped="0" meanWaitingTime="316.84" meanTravelTime="348.05" meanSpeed="11.95" meanSpeedRelative="0.37" duration="7"/>
    <step time="51900.00" loaded="58819" inserted="56383" running="1138" waiting="2436" ended="55245" arrived="55245" collisions="129" teleports="129" halting="5" stopped="0" meanWaitingTime="321.41" meanTravelTime="349.88" meanSpeed="11.23" meanSpeedRelative="0.35" duration="8"/>
    <step time="52200.00" loaded="59515" inserted="56928" running="1135" waiting="2587" ended="55793" arrived="55793" collisions="135" teleports="135" halting="5" stopped="0" meanWaitingTime="327.08" meanTravelTime="352.10" meanSpeed="10.95" meanSpeedRelative="0.34" duration="8"/>
    <step time="52500.00" loaded="60204" inserted="57459" running="1111" waiting="2745" ended="56348" arrived="56348" collisions="141" teleports="141" halting="4" stopped="0" meanWaitingTime="332.80" meanTravelTime="354.62" meanSpeed="11.53" meanSpeedRelative="0.36" duration="8"/>
    <step time="52800.00" loaded="60944" inserted="58015" running="1132" waiting="2929" ended="56883" arrived="56883" collisions="143" teleports="143" halting="1" stopped="0" meanWaitingTime="339.02" meanTravelTime="356.89" meanSpeed="10.57" meanSpeedRelative="0.33" duration="8"/>
    <step time="53100.00" loaded="61699" inserted="58590" running="1196" waiting="3109" ended="57394" arrived="57394" collisions="144" teleports="144" halting="5" stopped="0" meanWaitingTime="345.87" meanTravelTime="359.41" meanSpeed="10.34" meanSpeedRelative="0.32" duration="7"/>
    <step time="53400.00" loaded="62434" inserted="59117" running="1208" waiting="3317" ended="57909" arrived="57909" collisions="146" teleports="146" halting="6" stopped="0" meanWaitingTime="352.62" meanTravelTime="362.39" meanSpeed="10.14" meanSpeedRelative="0.32" duration="8"/>
    <step time="53700.00" loaded="63135" inserted="59638" running="1178" waiting="3497" ended="58460" arrived="58460" collisions="148" teleports="148" halting="3" stopped="0" meanWaitingTime="360.03" meanTravelTime="365.19" meanSpeed="10.97" meanSpeedRelative="0.34" duration="9"/>
    <step time="54000.00" loaded="63857" inserted="60173" running="1198" waiting="3684" ended="58975" arrived="58975" collisions="149" teleports="149" halting="9" stopped="0" meanWaitingTime="368.14" meanTravelTime="367.79" meanSpeed="9.63" meanSpeedRelative="0.30" duration="93"/>
    <step time="54300.00" loaded="64303" inserted="60599" running="1112" waiting="3704" ended="59487" arrived="59487" collisions="150" teleports="150" halting="2" stopped="0" meanWaitingTime="376.64" meanTravelTime="370.61" meanSpeed="10.02" meanSpeedRelative="0.31" duration="7"/>
    <step time="54600.00" loaded="64801" inserted="61072" running="1130" waiting="3729" ended="59942" arrived="59942" collisions="151" teleports="151" halting="2" stopped="0" meanWaitingTime="385.32" meanTravelTime="373.08" meanSpeed="10.41" meanSpeedRelative="0.33" duration="8"/>
    <step time="54900.00" loaded="65268" inserted="61523" running="1094" waiting="3745" ended="60429" arrived="60429" collisions="152" teleports="152" halting="4" stopped="0" meanWaitingTime="394.31" meanTravelTime="375.77" meanSpeed="10.54" meanSpeedRelative="0.33" duration="9"/>
    <step time="55200.00" loaded="65736" inserted="61992" running="1043" waiting="3744" ended="60949" arrived="60949" collisions="154" teleports="154" halting="5" stopped="0" meanWaitingTime="404.52" meanTravelTime="378.64" meanSpeed="11.55" meanSpeedRelative="0.36" duration="7"/>
    <step time="55500.00" loaded="66184" inserted="62467" running="1018" waiting="3717" ended="61449" arrived="61449" collisions="156" teleports="156" halting="2" stopped="0" meanWaitingTime="415.46" meanTravelTime="381.16" meanSpeed="11.49" meanSpeedRelative="0.36" duration="7"/>
    <step time="55800.00" loaded="66672" inserted="62967" running="1016" waiting="3705" ended="61951" arrived="61951" collisions="158" teleports="158" halting="1" stopped="0" meanWaitingTime="426.17" meanTravelTime="383.28" meanSpeed="11.37" meanSpeedRelative="0.36" duration="8"/>
    <step time="56100.00" loaded="67102" inserted="63449" running="1053" waiting="3653" ended="62396" arrived="62396" collisions="159" teleports="159" halting="2" stopped="0" meanWaitingTime="437.57" meanTravelTime="385.18" meanSpeed="11.07" meanSpeedRelative="0.35" duration="8"/>
    <step time="56400.00" loaded="67548" inserted="63932" running="1046" waiting="3616" ended="62886" arrived="62886" collisions="160" teleports="160" halting="5" stopped="0" meanWaitingTime="449.61" meanTravelTime="387.08" meanSpeed="11.16" meanSpeedRelative="0.35" duration="9"/>
    <step time="56700.00" loaded="67999" inserted="64390" running="1032" waiting="3609" ended="63358" arrived="63358" collisions="164" teleports="164" halting="0" stopped="0" meanWaitingTime="461.22" meanTravelTime="388.73" meanSpeed="11.51" meanSpeedRelative="0.36" duration="7"/>
    <step time="57000.00" loaded="68441" inserted="64847" running="947" waiting="3594" ended="63900" arrived="63900" collisions="165" teleports="165" halting="5" stopped="0" meanWaitingTime="472.93" meanTravelTime="390.92" meanSpeed="12.09" meanSpeedRelative="0.38" duration="6"/>
    <step time="57300.00" loaded="68887" inserted="65330" running="951" waiting="3557" ended="64379" arrived="64379" collisions="167" teleports="167" halting="2" stopped="0" meanWaitingTime="485.72" meanTravelTime="392.65" meanSpeed="11.46" meanSpeedRelative="0.36" duration="9"/>
    <step time="57600.00" loaded="69318" inserted="65785" running="924" waiting="3533" ended="64861" arrived="64861" collisions="169" teleports="169" halting="2" stopped="0" meanWaitingTime="498.13" meanTravelTime="394.44" meanSpeed="12.30" meanSpeedRelative="0.38" duration="87"/>
    <step time="57900.00" loaded="69840" inserted="66304" running="963" waiting="3536" ended="65341" arrived="65341" collisions="174" teleports="174" halting="2" stopped="0" meanWaitingTime="510.59" meanTravelTime="395.82" meanSpeed="11.84" meanSpeedRelative="0.37" duration="8"/>
    <step time="58200.00" loaded="70444" inserted="66832" running="1015" waiting="3612" ended="65817" arrived="65817" collisions="176" teleports="176" halting="4" stopped="0" meanWaitingTime="522.77" meanTravelTime="397.26" meanSpeed="11.85" meanSpeedRelative="0.37" duration="8"/>
    <step time="58500.00" loaded="70967" inserted="67346" running="1002" waiting="3621" ended="66344" arrived="66344" collisions="176" teleports="176" halting="4" stopped="0" meanWaitingTime="534.21" meanTravelTime="398.72" meanSpeed="11.52" meanSpeedRelative="0.36" duration="6"/>
    <step time="58800.00" loaded="71548" inserted="67867" running="1056" waiting="3681" ended="66811" arrived="66811" collisions="179" teleports="179" halting="2" stopped="0" meanWaitingTime="544.19" meanTravelTime="399.93" meanSpeed="11.61" meanSpeedRelative="0.36" duration="9"/>
    <step time="59100.00" loaded="72121" inserted="68392" running="1080" waiting="3729" ended="67312" arrived="67312" collisions="180" teleports="180" halting="4" stopped="0" meanWaitingTime="556.10" meanTravelTime="401.34" meanSpeed="11.37" meanSpeedRelative="0.36" duration="9"/>
    <step time="59400.00" loaded="72638" inserted="68858" running="1051" waiting="3780" ended="67807" arrived="67807" collisions="182" teleports="182" halting="2" stopped="0" meanWaitingTime="566.40" meanTravelTime="403.07" meanSpeed="10.90" meanSpeedRelative="0.34" duration="7"/>
    <step time="59700.00" loaded="73209" inserted="69366" running="1046" waiting="3843" ended="68320" arrived="68320" collisions="184" teleports="184" halting="5" stopped="0" meanWaitingTime="575.97" meanTravelTime="404.63" meanSpeed="11.55" meanSpeedRelative="0.36" duration="9"/>
    <step time="60000.00" loaded="73773" inserted="69900" running="1064" waiting="3873" ended="68836" arrived="68836" collisions="188" teleports="188" halting="4" stopped="0" meanWaitingTime="587.26" meanTravelTime="406.29" meanSpeed="11.44" meanSpeedRelative="0.36" duration="5"/>
    <step time="60300.00" loaded="74323" inserted="70424" running="1086" waiting="3899" ended="69338" arrived="69338" collisions="193" teleports="193" halting="6" stopped="0" meanWaitingTime="598.15" meanTravelTime="407.90" meanSpeed="10.78" meanSpeedRelative="0.34" duration="7"/>
    <step time="60600.00" loaded="74895" inserted="70957" running="1138" waiting="3938" ended="69819" arrived="69819" collisions="196" teleports="196" halting="3" stopped="0" meanWaitingTime="608.63" meanTravelTime="409.44" meanSpeed="10.15" meanSpeedRelative="0.32" duration="7"/>
    <step time="60900.00" loaded="75501" inserted="71478" running="1121" waiting="4023" ended="70357" arrived="70357" collisions="200" teleports="200" halting="1" stopped="0" meanWaitingTime="617.35" meanTravelTime="411.18" meanSpeed="10.80" meanSpeedRelative="0.34" duration="8"/>
    <step time="61200.00" loaded="76060" inserted="71948" running="1115" waiting="4112" ended="70833" arrived="70833" collisions="204" teleports="204" halting="0" stopped="0" meanWaitingTime="626.43" meanTravelTime="412.73" meanSpeed="10.28" meanSpeedRelative="0.32" duration="83"/>
    <step time="61500.00" loaded="76135" inserted="72299" running="998" waiting="3836" ended="71301" arrived="71301" collisions="209" teleports="209" halting="5" stopped="0" meanWaitingTime="638.57" meanTravelTime="414.85" meanSpeed="9.84" meanSpeedRelative="0.31" duration="7"/>
    <step time="61800.00" loaded="76210" inserted="72635" running="940" waiting="3575" ended="71695" arrived="71695" collisions="209" teleports="209" halting="3" stopped="0" meanWaitingTime="650.27" meanTravelTime="416.82" meanSpeed="10.57" meanSpeedRelative="0.33" duration="7"/>
    <step time="62100.00" loaded="76301" inserted="73007" running="877" waiting="3294" ended="72130" arrived="72130" collisions="215" teleports="215" halting="2" stopped="0" meanWaitingTime="663.48" meanTravelTime="418.58" meanSpeed="10.81" meanSpeedRelative="0.34" duration="8"/>
    <step time="62400.00" loaded="76371" inserted="73379" running="830" waiting="2992" ended="72549" arrived="72549" collisions="215" teleports="215" halting="3" stopped="0" meanWaitingTime="676.93" meanTravelTime="420.52" meanSpeed="10.68" meanSpeedRelative="0.33" duration="5"/>
    <step time="62700.00" loaded="76439" inserted="73766" running="849" waiting="2673" ended="72917" arrived="72917" collisions="221" teleports="221" halting="2" stopped="0" meanWaitingTime="690.04" meanTravelTime="422.02" meanSpeed="11.09" meanSpeedRelative="0.35" duration="5"/>
    <step time="63000.00" loaded="76522" inserted="74172" running="813" waiting="2350" ended="73359" arrived="73359" collisions="224" teleports="224" halting="2" stopped="0" meanWaitingTime="703.82" meanTravelTime="423.51" meanSpeed="11.17" meanSpeedRelative="0.35" duration="5"/>
    <step time="63300.00" loaded="76590" inserted="74547" running="800" waiting="2043" ended="73747" arrived="73747" collisions="224" teleports="224" halting="8" stopped="0" meanWaitingTime="717.68" meanTravelTime="424.69" meanSpeed="11.40" meanSpeedRelative="0.36" duration="4"/>
    <step time="63600.00" loaded="76660" inserted="74876" running="711" waiting="1784" ended="74165" arrived="74165" collisions="225" teleports="225" halting="2" stopped="0" meanWaitingTime="729.10" meanTravelTime="425.77" meanSpeed="11.91" meanSpeedRelative="0.37" duration="4"/>
    <step time="63900.00" loaded="76731" inserted="75185" running="636" waiting="1546" ended="74549" arrived="74549" collisions="226" teleports="226" halting="1" stopped="0" meanWaitingTime="741.43" meanTravelTime="426.66" meanSpeed="12.12" meanSpeedRelative="0.38" duration="3"/>
    <step time="64200.00" loaded="76800" inserted="75489" running="556" waiting="1311" ended="74933" arrived="74933" collisions="227" teleports="227" halting="1" stopped="0" meanWaitingTime="752.44" meanTravelTime="427.58" meanSpeed="13.17" meanSpeedRelative="0.41" duration="2"/>
    <step time="64500.00" loaded="76868" inserted="75717" running="391" waiting="1151" ended="75326" arrived="75326" collisions="227" teleports="227" halting="1" stopped="0" meanWaitingTime="760.68" meanTravelTime="428.18" meanSpeed="17.10" meanSpeedRelative="0.53" duration="2"/>
    <step time="64800.00" loaded="76946" inserted="75909" running="240" waiting="1037" ended="75669" arrived="75669" collisions="227" teleports="227" halting="0" stopped="0" meanWaitingTime="769.08" meanTravelTime="428.61" meanSpeed="21.20" meanSpeedRelative="0.66" duration="91"/>
    <step time="65100.00" loaded="76997" inserted="76072" running="170" waiting="925" ended="75902" arrived="75902" collisions="227" teleports="227" halting="0" stopped="0" meanWaitingTime="777.10" meanTravelTime="428.77" meanSpeed="23.34" meanSpeedRelative="0.73" duration="1"/>
    <step time="65400.00" loaded="77052" inserted="76244" running="155" waiting="808" ended="76089" arrived="76089" collisions="227" teleports="227" halting="0" stopped="0" meanWaitingTime="785.43" meanTravelTime="428.46" meanSpeed="22.95" meanSpeedRelative="0.72" duration="1"/>
    <step time="65700.00" loaded="77105" inserted="76415" running="142" waiting="690" ended="76273" arrived="76273" collisions="228" teleports="228" halting="1" stopped="0" meanWaitingTime="793.87" meanTravelTime="428.07" meanSpeed="22.46" meanSpeedRelative="0.70" duration="1"/>
    <step time="66000.00" loaded="77151" inserted="76583" running="144" waiting="568" ended="76439" arrived="76439" collisions="228" teleports="228" halting="1" stopped="0" meanWaitingTime="801.37" meanTravelTime="427.69" meanSpeed="23.25" meanSpeedRelative="0.73" duration="1"/>
    <step time="66300.00" loaded="77196" inserted="76753" running="143" waiting="443" ended="76610" arrived="76610" collisions="228" teleports="228" halting="1" stopped="0" meanWaitingTime="807.31" meanTravelTime="427.30" meanSpeed="23.35" meanSpeedRelative="0.73" duration="1"/>
    <step time="66600.00" loaded="77259" inserted="76894" running="110" waiting="365" ended="76784" arrived="76784" collisions="228" teleports="228" halting="1" stopped="0" meanWaitingTime="811.67" meanTravelTime="426.95" meanSpeed="22.03" meanSpeedRelative="0.69" duration="1"/>
    <step time="66900.00" loaded="77304" inserted="76998" running="69" waiting="306" ended="76929" arrived="76929" collisions="229" teleports="229" halting="1" stopped="0" meanWaitingTime="816.09" meanTravelTime="426.56" meanSpeed="24.23" meanSpeedRelative="0.76" duration="0"/>
    <step time="67200.00" loaded="77358" inserted="77115" running="59" waiting="243" ended="77056" arrived="77056" collisions="229" teleports="229" halting="0" stopped="0" meanWaitingTime="820.82" meanTravelTime="426.19" meanSpeed="24.22" meanSpeedRelative="0.76" duration="0"/>
    <step time="67500.00" loaded="77414" inserted="77232" running="69" waiting="182" ended="77163" arrived="77163" collisions="229" teleports="229" halting="2" stopped="0" meanWaitingTime="825.27" meanTravelTime="425.83" meanSpeed="22.84" meanSpeedRelative="0.71" duration="0"/>
    <step time="67800.00" loaded="77465" inserted="77339" running="60" waiting="126" ended="77279" arrived="77279" collisions="229" teleports="229" halting="0" stopped="0" meanWaitingTime="829.45" meanTravelTime="425.45" meanSpeed="23.60" meanSpeedRelative="0.74" duration="1"/>
    <step time="68100.00" loaded="77519" inserted="77458" running="62" waiting="61" ended="77396" arrived="77396" collisions="229" teleports="229" halting="0" stopped="0" meanWaitingTime="833.11" meanTravelTime="425.02" meanSpeed="22.58" meanSpeedRelative="0.71" duration="0"/>
    <step time="68400.00" loaded="77584" inserted="77583" running="74" waiting="1" ended="77509" arrived="77509" collisions="229" teleports="229" halting="1" stopped="0" meanWaitingTime="833.56" meanTravelTime="424.70" meanSpeed="23.91" meanSpeedRelative="0.75" duration="88"/>
    <step time="68700.00" loaded="77759" inserted="77759" running="121" waiting="0" ended="77638" arrived="77638" collisions="229" teleports="229" halting="0" stopped="0" meanWaitingTime="831.68" meanTravelTime="424.31" meanSpeed="25.28" meanSpeedRelative="0.79" duration="1"/>
    <step time="69000.00" loaded="77921" inserted="77921" running="151" waiting="0" ended="77770" arrived="77770" collisions="230" teleports="230" halting="2" stopped="0" meanWaitingTime="829.95" meanTravelTime="423.98" meanSpeed="25.31" meanSpeedRelative="0.79" duration="1"/>
    <step time="69300.00" loaded="78083" inserted="78083" running="149" waiting="0" ended="77934" arrived="77934" collisions="231" teleports="231" halting="0" stopped="0" meanWaitingTime="828.23" meanTravelTime="423.64" meanSpeed="24.89" meanSpeedRelative="0.78" duration="1"/>
    <step time="69600.00" loaded="78248" inserted="78247" running="135" waiting="1" ended="78112" arrived="78112" collisions="231" teleports="231" halting="0" stopped="0" meanWaitingTime="826.49" meanTravelTime="423.29" meanSpeed="24.46" meanSpeedRelative="0.76" duration="1"/>
    <step time="69900.00" loaded="78390" inserted="78389" running="138" waiting="1" ended="78251" arrived="78251" collisions="231" teleports="231" halting="1" stopped="0" meanWaitingTime="824.99" meanTravelTime="422.99" meanSpeed="24.35" meanSpeedRelative="0.76" duration="0"/>
    <step time="70200.00" loaded="78546" inserted="78544" running="147" waiting="2" ended="78397" arrived="78397" collisions="232" teleports="232" halting="1" stopped="0" meanWaitingTime="823.37" meanTravelTime="422.71" meanSpeed="25.52" meanSpeedRelative="0.80" duration="1"/>
    <step time="70500.00" loaded="78695" inserted="78695" running="146" waiting="0" ended="78549" arrived="78549" collisions="232" teleports="232" halting="1" stopped="0" meanWaitingTime="821.79" meanTravelTime="422.46" meanSpeed="25.40" meanSpeedRelative="0.79" duration="1"/>
    <step time="70800.00" loaded="78855" inserted="78855" running="152" waiting="0" ended="78703" arrived="78703" collisions="232" teleports="232" halting="0" stopped="0" meanWaitingTime="820.12" meanTravelTime="422.10" meanSpeed="25.39" meanSpeedRelative="0.79" duration="1"/>
    <step time="71100.00" loaded="79026" inserted="79024" running="153" waiting="2" ended="78871" arrived="78871" collisions="232" teleports="232" halting="1" stopped="0" meanWaitingTime="818.37" meanTravelTime="421.85" meanSpeed="25.55" meanSpeedRelative="0.80" duration="1"/>
    <step time="71400.00" loaded="79173" inserted="79173" running="142" waiting="0" ended="79031" arrived="79031" collisions="233" teleports="233" halting="1" stopped="0" meanWaitingTime="816.83" meanTravelTime="421.55" meanSpeed="25.46" meanSpeedRelative="0.80" duration="1"/>
    <step time="71700.00" loaded="79319" inserted="79319" running="136" waiting="0" ended="79183" arrived="79183" collisions="233" teleports="233" halting="0" stopped="0" meanWaitingTime="815.33" meanTravelTime="421.29" meanSpeed="26.12" meanSpeedRelative="0.82" duration="1"/>
    <step time="72000.00" loaded="79487" inserted="79487" running="141" waiting="0" ended="79346" arrived="79346" collisions="233" teleports="233" halting="0" stopped="0" meanWaitingTime="813.60" meanTravelTime="420.95" meanSpeed="25.10" meanSpeedRelative="0.78" duration="82"/>
    <step time="72300.00" loaded="79627" inserted="79627" running="129" waiting="0" ended="79498" arrived="79498" collisions="233" teleports="233" halting="2" stopped="0" meanWaitingTime="812.17" meanTravelTime="420.67" meanSpeed="25.24" meanSpeedRelative="0.79" duration="1"/>
    <step time="72600.00" loaded="79752" inserted="79752" running="107" waiting="0" ended="79645" arrived="79645" collisions="233" teleports="233" halting="0" stopped="0" meanWaitingTime="810.90" meanTravelTime="420.38" meanSpeed="25.58" meanSpeedRelative="0.80" duration="1"/>
    <step time="72900.00" loaded="79881" inserted="79881" running="118" waiting="0" ended="79763" arrived="79763" collisions="233" teleports="233" halting="0" stopped="0" meanWaitingTime="809.59" meanTravelTime="420.18" meanSpeed="25.46" meanSpeedRelative="0.80" duration="1"/>
    <step time="73200.00" loaded="80006" inserted="80005" running="108" waiting="1" ended="79897" arrived="79897" collisions="233" teleports="233" halting="0" stopped="0" meanWaitingTime="808.34" meanTravelTime="419.91" meanSpeed="25.42" meanSpeedRelative="0.79" duration="1"/>
    <step time="73500.00" loaded="80130" inserted="80130" running="121" waiting="0" ended="80009" arrived="80009" collisions="233" teleports="233" halting="1" stopped="0" meanWaitingTime="807.08" meanTravelTime="419.69" meanSpeed="25.76" meanSpeedRelative="0.81" duration="0"/>
    <step time="73800.00" loaded="80280" inserted="80280" running="135" waiting="0" ended="80145" arrived="80145" collisions="233" teleports="233" halting="0" stopped="0" meanWaitingTime="805.57" meanTravelTime="419.42" meanSpeed="24.93" meanSpeedRelative="0.78" duration="1"/>
    <step time="74100.00" loaded="80395" inserted="80395" running="106" waiting="0" ended="80289" arrived="80289" collisions="233" teleports="233" halting="1" stopped="0" meanWaitingTime="804.42" meanTravelTime="419.19" meanSpeed="24.49" meanSpeedRelative="0.77" duration="1"/>
    <step time="74400.00" loaded="80540" inserted="80540" running="131" waiting="0" ended="80409" arrived="80409" collisions="233" teleports="233" halting="0" stopped="0" meanWaitingTime="802.97" meanTravelTime="418.95" meanSpeed="25.32" meanSpeedRelative="0.79" duration="1"/>
    <step time="74700.00" loaded="80672" inserted="80672" running="124" waiting="0" ended="80548" arrived="80548" collisions="233" teleports="233" halting="1" stopped="0" meanWaitingTime="801.66" meanTravelTime="418.68" meanSpeed="24.55" meanSpeedRelative="0.77" duration="1"/>
    <step time="75000.00" loaded="80803" inserted="80803" running="128" waiting="0" ended="80675" arrived="80675" collisions="233" teleports="233" halting="0" stopped="0" meanWaitingTime="800.36" meanTravelTime="418.46" meanSpeed="25.53" meanSpeedRelative="0.80" duration="0"/>
    <step time="75300.00" loaded="80909" inserted="80908" running="117" waiting="1" ended="80791" arrived="80791" collisions="233" teleports="233" halting="1" stopped="0" meanWaitingTime="799.32" meanTravelTime="418.31" meanSpeed="24.87" meanSpeedRelative="0.78" duration="0"/>
    <step time="75600.00" loaded="81038" inserted="81038" running="102" waiting="0" ended="80936" arrived="80936" collisions="233" teleports="233" halting="0" stopped="0" meanWaitingTime="798.04" meanTravelTime="418.08" meanSpeed="25.05" meanSpeedRelative="0.78" duration="81"/>
    <step time="75900.00" loaded="81220" inserted="81220" running="146" waiting="0" ended="81074" arrived="81074" collisions="233" teleports="233" halting="0" stopped="0" meanWaitingTime="796.25" meanTravelTime="417.77" meanSpeed="26.05" meanSpeedRelative="0.81" duration="0"/>
    <step time="76200.00" loaded="81389" inserted="81389" running="138" waiting="0" ended="81251" arrived="81251" collisions="233" teleports="233" halting="0" stopped="0" meanWaitingTime="794.60" meanTravelTime="417.38" meanSpeed="25.30" meanSpeedRelative="0.79" duration="1"/>
    <step time="76500.00" loaded="81604" inserted="81604" running="170" waiting="0" ended="81434" arrived="81434" collisions="234" teleports="234" halting="0" stopped="0" meanWaitingTime="792.51" meanTravelTime="416.97" meanSpeed="25.36" meanSpeedRelative="0.79" duration="1"/>
    <step time="76800.00" loaded="81823" inserted="81823" running="201" waiting="0" ended="81622" arrived="81622" collisions="234" teleports="234" halting="0" stopped="0" meanWaitingTime="790.39" meanTravelTime="416.59" meanSpeed="24.75" meanSpeedRelative="0.77" duration="2"/>
    <step time="77100.00" loaded="82016" inserted="82016" running="193" waiting="0" ended="81823" arrived="81823" collisions="234" teleports="234" halting="3" stopped="0" meanWaitingTime="788.53" meanTravelTime="416.22" meanSpeed="24.75" meanSpeedRelative="0.77" duration="1"/>
    <step time="77400.00" loaded="82205" inserted="82204" running="173" waiting="1" ended="82031" arrived="82031" collisions="236" teleports="236" halting="1" stopped="0" meanWaitingTime="786.72" meanTravelTime="415.86" meanSpeed="24.69" meanSpeedRelative="0.77" duration="1"/>
    <step time="77700.00" loaded="82390" inserted="82390" running="160" waiting="0" ended="82230" arrived="82230" collisions="236" teleports="236" halting="0" stopped="0" meanWaitingTime="784.95" meanTravelTime="415.51" meanSpeed="25.08" meanSpeedRelative="0.78" duration="1"/>
    <step time="78000.00" loaded="82585" inserted="82585" running="169" waiting="0" ended="82416" arrived="82416" collisions="236" teleports="236" halting="0" stopped="0" meanWaitingTime="783.10" meanTravelTime="415.18" meanSpeed="24.85" meanSpeedRelative="0.78" duration="1"/>
    <step time="78300.00" loaded="82779" inserted="82779" running="165" waiting="0" ended="82614" arrived="82614" collisions="236" teleports="236" halting="0" stopped="0" meanWaitingTime="781.26" meanTravelTime="414.84" meanSpeed="25.48" meanSpeedRelative="0.80" duration="1"/>
    <step time="78600.00" loaded="82972" inserted="82972" running="159" waiting="0" ended="82813" arrived="82813" collisions="236" teleports="236" halting="0" stopped="0" meanWaitingTime="779.45" meanTravelTime="414.51" meanSpeed="24.90" meanSpeedRelative="0.78" duration="1"/>
    <step time="78900.00" loaded="83170" inserted="83168" running="168" waiting="2" ended="83000" arrived="83000" collisions="236" teleports="236" halting="1" stopped="0" meanWaitingTime="777.61" meanTravelTime="414.12" meanSpeed="25.10" meanSpeedRelative="0.78" duration="1"/>
    <step time="79200.00" loaded="83359" inserted="83355" running="173" waiting="4" ended="83182" arrived="83182" collisions="236" teleports="236" halting="0" stopped="0" meanWaitingTime="775.87" meanTravelTime="413.79" meanSpeed="24.52" meanSpeedRelative="0.77" duration="81"/>
    <step time="79500.00" loaded="83513" inserted="83513" running="150" waiting="0" ended="83363" arrived="83363" collisions="236" teleports="236" halting="1" stopped="0" meanWaitingTime="774.40" meanTravelTime="413.53" meanSpeed="25.50" meanSpeedRelative="0.80" duration="1"/>
    <step time="79800.00" loaded="83680" inserted="83679" running="138" waiting="1" ended="83541" arrived="83541" collisions="237" teleports="237" halting="0" stopped="0" meanWaitingTime="772.87" meanTravelTime="413.20" meanSpeed="25.56" meanSpeedRelative="0.80" duration="0"/>
    <step time="80100.00" loaded="83851" inserted="83850" running="168" waiting="1" ended="83682" arrived="83682" collisions="237" teleports="237" halting="0" stopped="0" meanWaitingTime="771.29" meanTravelTime="412.97" meanSpeed="25.47" meanSpeedRelative="0.80" duration="1"/>
    <step time="80400.00" loaded="84029" inserted="84029" running="164" waiting="0" ended="83865" arrived="83865" collisions="237" teleports="237" halting="1" stopped="0" meanWaitingTime="769.65" meanTravelTime="412.64" meanSpeed="24.59" meanSpeedRelative="0.77" duration="1"/>
    <step time="80700.00" loaded="84190" inserted="84190" running="152" waiting="0" ended="84038" arrived="84038" collisions="238" teleports="238" halting="0" stopped="0" meanWaitingTime="768.18" meanTravelTime="412.37" meanSpeed="25.30" meanSpeedRelative="0.79" duration="1"/>
    <step time="81000.00" loaded="84362" inserted="84362" running="153" waiting="0" ended="84209" arrived="84209" collisions="239" teleports="239" halting="0" stopped="0" meanWaitingTime="766.61" meanTravelTime="412.10" meanSpeed="23.90" meanSpeedRelative="0.75" duration="1"/>
    <step time="81300.00" loaded="84508" inserted="84508" running="134" waiting="0" ended="84374" arrived="84374" collisions="239" teleports="239" halting="0" stopped="0" meanWaitingTime="765.29" meanTravelTime="411.84" meanSpeed="25.60" meanSpeedRelative="0.80" duration="0"/>
    <step time="81600.00" loaded="84667" inserted="84667" running="142" waiting="0" ended="84525" arrived="84525" collisions="240" teleports="240" halting="1" stopped="0" meanWaitingTime="763.85" meanTravelTime="411.55" meanSpeed="24.81" meanSpeedRelative="0.78" duration="1"/>
    <step time="81900.00" loaded="84836" inserted="84836" running="147" waiting="0" ended="84689" arrived="84689" collisions="240" teleports="240" halting="1" stopped="0" meanWaitingTime="762.33" meanTravelTime="411.24" meanSpeed="25.34" meanSpeedRelative="0.79" duration="1"/>
    <step time="82200.00" loaded="85001" inserted="85001" running="153" waiting="0" ended="84848" arrived="84848" collisions="240" teleports="240" halting="0" stopped="0" meanWaitingTime="760.85" meanTravelTime="410.95" meanSpeed="25.03" meanSpeedRelative="0.78" duration="0"/>
    <step time="82500.00" loaded="85166" inserted="85166" running="143" waiting="0" ended="85023" arrived="85023" collisions="240" teleports="240" halting="0" stopped="0" meanWaitingTime="759.38" meanTravelTime="410.62" meanSpeed="24.55" meanSpeedRelative="0.77" duration="1"/>
</summary>
