<?xml version="1.0" encoding="UTF-8"?>

<!-- generated on 2025-08-07 15:30:30 by Eclipse SUMO sumo Version 1.23.1
<sumoConfiguration xmlns:xsi="http://www.w3.org/2001/XMLSchema-instance" xsi:noNamespaceSchemaLocation="http://sumo.dlr.de/xsd/sumoConfiguration.xsd">

    <input>
        <net-file value="Desktop\Master Thesis\Network_fin.net.xml"/>
        <route-files value="Desktop\Master Thesis\demand_model_amsterdam.rou.xml"/>
        <additional-files value="Desktop\Master Thesis\Additionnal.add.xml"/>
    </input>

    <output>
        <summary-output value="outputf/summary_no_control_K16_target5_40036.xml"/>
        <summary-output.period value="300"/>
        <tripinfo-output value="outputf/tripinfo_no_control_K16_target5_40036.xml"/>
    </output>

    <time>
        <begin value="0"/>
        <end value="82800"/>
        <step-length value="1"/>
    </time>

    <processing>
        <time-to-teleport value="-1"/>
    </processing>

    <report>
        <verbose value="true"/>
        <no-step-log value="true"/>
    </report>

    <emissions>
        <device.emissions.period value="10"/>
    </emissions>

    <traci_server>
        <remote-port value="63849"/>
    </traci_server>

    <random_number>
        <seed value="40036"/>
    </random_number>

</sumoConfiguration>
-->

<summary xmlns:xsi="http://www.w3.org/2001/XMLSchema-instance" xsi:noNamespaceSchemaLocation="http://sumo.dlr.de/xsd/summary_file.xsd">
    <step time="0.00" loaded="0" inserted="0" running="0" waiting="0" ended="0" arrived="0" collisions="0" teleports="0" halting="0" stopped="0" meanWaitingTime="-1.00" meanTravelTime="-1.00" meanSpeed="-1.00" meanSpeedRelative="-1.00" duration="0"/>
    <step time="300.00" loaded="151" inserted="151" running="90" waiting="0" ended="61" arrived="61" collisions="0" teleports="0" halting="1" stopped="0" meanWaitingTime="0.32" meanTravelTime="101.31" meanSpeed="25.54" meanSpeedRelative="0.80" duration="0"/>
    <step time="600.00" loaded="316" inserted="316" running="132" waiting="0" ended="184" arrived="184" collisions="0" teleports="0" halting="0" stopped="0" meanWaitingTime="0.40" meanTravelTime="156.13" meanSpeed="24.75" meanSpeedRelative="0.77" duration="1"/>
    <step time="900.00" loaded="467" inserted="467" running="140" waiting="0" ended="327" arrived="327" collisions="0" teleports="0" halting="1" stopped="0" meanWaitingTime="0.39" meanTravelTime="185.46" meanSpeed="25.85" meanSpeedRelative="0.81" duration="0"/>
    <step time="1200.00" loaded="643" inserted="643" running="143" waiting="0" ended="500" arrived="500" collisions="0" teleports="0" halting="1" stopped="0" meanWaitingTime="0.34" meanTravelTime="207.11" meanSpeed="26.14" meanSpeedRelative="0.82" duration="1"/>
    <step time="1500.00" loaded="804" inserted="804" running="131" waiting="0" ended="673" arrived="673" collisions="0" teleports="0" halting="1" stopped="0" meanWaitingTime="0.33" meanTravelTime="218.17" meanSpeed="26.17" meanSpeedRelative="0.82" duration="1"/>
    <step time="1800.00" loaded="982" inserted="982" running="145" waiting="0" ended="837" arrived="837" collisions="0" teleports="0" halting="0" stopped="0" meanWaitingTime="0.32" meanTravelTime="223.65" meanSpeed="26.22" meanSpeedRelative="0.82" duration="2"/>
    <step time="2100.00" loaded="1171" inserted="1171" running="160" waiting="0" ended="1011" arrived="1011" collisions="0" teleports="0" halting="2" stopped="0" meanWaitingTime="0.35" meanTravelTime="227.99" meanSpeed="24.67" meanSpeedRelative="0.77" duration="1"/>
    <step time="2400.00" loaded="1348" inserted="1348" running="154" waiting="0" ended="1194" arrived="1194" collisions="0" teleports="0" halting="0" stopped="0" meanWaitingTime="0.37" meanTravelTime="231.94" meanSpeed="24.85" meanSpeedRelative="0.78" duration="2"/>
    <step time="2700.00" loaded="1528" inserted="1528" running="154" waiting="0" ended="1374" arrived="1374" collisions="1" teleports="1" halting="2" stopped="0" meanWaitingTime="0.35" meanTravelTime="235.49" meanSpeed="25.00" meanSpeedRelative="0.78" duration="1"/>
    <step time="3000.00" loaded="1697" inserted="1697" running="148" waiting="0" ended="1549" arrived="1549" collisions="2" teleports="2" halting="0" stopped="0" meanWaitingTime="0.37" meanTravelTime="240.89" meanSpeed="25.62" meanSpeedRelative="0.80" duration="1"/>
    <step time="3300.00" loaded="1861" inserted="1860" running="138" waiting="1" ended="1722" arrived="1722" collisions="2" teleports="2" halting="0" stopped="0" meanWaitingTime="0.36" meanTravelTime="246.28" meanSpeed="25.93" meanSpeedRelative="0.81" duration="1"/>
    <step time="3600.00" loaded="2039" inserted="2039" running="160" waiting="0" ended="1879" arrived="1879" collisions="2" teleports="2" halting="0" stopped="0" meanWaitingTime="0.37" meanTravelTime="247.34" meanSpeed="24.60" meanSpeedRelative="0.77" duration="84"/>
    <step time="3900.00" loaded="2141" inserted="2141" running="112" waiting="0" ended="2029" arrived="2029" collisions="2" teleports="2" halting="0" stopped="0" meanWaitingTime="0.36" meanTravelTime="250.79" meanSpeed="25.77" meanSpeedRelative="0.81" duration="0"/>
    <step time="4200.00" loaded="2263" inserted="2262" running="115" waiting="1" ended="2147" arrived="2147" collisions="2" teleports="2" halting="1" stopped="0" meanWaitingTime="0.35" meanTravelTime="254.93" meanSpeed="25.70" meanSpeedRelative="0.80" duration="0"/>
    <step time="4500.00" loaded="2392" inserted="2391" running="114" waiting="1" ended="2277" arrived="2277" collisions="2" teleports="2" halting="0" stopped="0" meanWaitingTime="0.34" meanTravelTime="254.94" meanSpeed="24.51" meanSpeedRelative="0.77" duration="1"/>
    <step time="4800.00" loaded="2501" inserted="2501" running="84" waiting="0" ended="2417" arrived="2417" collisions="2" teleports="2" halting="0" stopped="0" meanWaitingTime="0.34" meanTravelTime="256.83" meanSpeed="25.32" meanSpeedRelative="0.79" duration="1"/>
    <step time="5100.00" loaded="2609" inserted="2609" running="87" waiting="0" ended="2522" arrived="2522" collisions="2" teleports="2" halting="1" stopped="0" meanWaitingTime="0.34" meanTravelTime="257.56" meanSpeed="25.65" meanSpeedRelative="0.80" duration="1"/>
    <step time="5400.00" loaded="2717" inserted="2717" running="93" waiting="0" ended="2624" arrived="2624" collisions="2" teleports="2" halting="0" stopped="0" meanWaitingTime="0.33" meanTravelTime="256.65" meanSpeed="25.34" meanSpeedRelative="0.79" duration="0"/>
    <step time="5700.00" loaded="2812" inserted="2812" running="95" waiting="0" ended="2717" arrived="2717" collisions="2" teleports="2" halting="0" stopped="0" meanWaitingTime="0.32" meanTravelTime="256.65" meanSpeed="26.12" meanSpeedRelative="0.82" duration="1"/>
    <step time="6000.00" loaded="2916" inserted="2916" running="80" waiting="0" ended="2836" arrived="2836" collisions="3" teleports="3" halting="1" stopped="0" meanWaitingTime="0.32" meanTravelTime="257.45" meanSpeed="26.46" meanSpeedRelative="0.83" duration="1"/>
    <step time="6300.00" loaded="3017" inserted="3017" running="78" waiting="0" ended="2939" arrived="2939" collisions="3" teleports="3" halting="0" stopped="0" meanWaitingTime="0.32" meanTravelTime="257.61" meanSpeed="25.47" meanSpeedRelative="0.80" duration="1"/>
    <step time="6600.00" loaded="3130" inserted="3130" running="87" waiting="0" ended="3043" arrived="3043" collisions="3" teleports="3" halting="1" stopped="0" meanWaitingTime="0.32" meanTravelTime="256.76" meanSpeed="26.27" meanSpeedRelative="0.82" duration="1"/>
    <step time="6900.00" loaded="3228" inserted="3228" running="93" waiting="0" ended="3135" arrived="3135" collisions="3" teleports="3" halting="0" stopped="0" meanWaitingTime="0.31" meanTravelTime="256.03" meanSpeed="25.94" meanSpeedRelative="0.81" duration="1"/>
    <step time="7200.00" loaded="3341" inserted="3341" running="100" waiting="0" ended="3241" arrived="3241" collisions="3" teleports="3" halting="1" stopped="0" meanWaitingTime="0.31" meanTravelTime="256.20" meanSpeed="26.17" meanSpeedRelative="0.82" duration="89"/>
    <step time="7500.00" loaded="3502" inserted="3502" running="141" waiting="0" ended="3361" arrived="3361" collisions="3" teleports="3" halting="0" stopped="0" meanWaitingTime="0.32" meanTravelTime="255.12" meanSpeed="25.42" meanSpeedRelative="0.79" duration="0"/>
    <step time="7800.00" loaded="3651" inserted="3651" running="125" waiting="0" ended="3526" arrived="3526" collisions="3" teleports="3" halting="1" stopped="0" meanWaitingTime="0.33" meanTravelTime="256.24" meanSpeed="25.17" meanSpeedRelative="0.79" duration="1"/>
    <step time="8100.00" loaded="3809" inserted="3808" running="139" waiting="1" ended="3669" arrived="3669" collisions="3" teleports="3" halting="0" stopped="0" meanWaitingTime="0.33" meanTravelTime="256.56" meanSpeed="25.02" meanSpeedRelative="0.78" duration="1"/>
    <step time="8400.00" loaded="3951" inserted="3951" running="125" waiting="0" ended="3826" arrived="3826" collisions="4" teleports="4" halting="1" stopped="0" meanWaitingTime="0.33" meanTravelTime="256.65" meanSpeed="25.64" meanSpeedRelative="0.80" duration="1"/>
    <step time="8700.00" loaded="4105" inserted="4105" running="129" waiting="0" ended="3976" arrived="3976" collisions="4" teleports="4" halting="1" stopped="0" meanWaitingTime="0.33" meanTravelTime="255.97" meanSpeed="24.73" meanSpeedRelative="0.77" duration="1"/>
    <step time="9000.00" loaded="4274" inserted="4274" running="129" waiting="0" ended="4145" arrived="4145" collisions="4" teleports="4" halting="1" stopped="0" meanWaitingTime="0.34" meanTravelTime="254.93" meanSpeed="24.81" meanSpeedRelative="0.78" duration="1"/>
    <step time="9300.00" loaded="4408" inserted="4408" running="119" waiting="0" ended="4289" arrived="4289" collisions="4" teleports="4" halting="0" stopped="0" meanWaitingTime="0.34" meanTravelTime="255.12" meanSpeed="25.40" meanSpeedRelative="0.79" duration="1"/>
    <step time="9600.00" loaded="4552" inserted="4552" running="120" waiting="0" ended="4432" arrived="4432" collisions="4" teleports="4" halting="1" stopped="0" meanWaitingTime="0.34" meanTravelTime="254.88" meanSpeed="25.60" meanSpeedRelative="0.80" duration="0"/>
    <step time="9900.00" loaded="4736" inserted="4736" running="153" waiting="0" ended="4583" arrived="4583" collisions="4" teleports="4" halting="0" stopped="0" meanWaitingTime="0.35" meanTravelTime="254.11" meanSpeed="25.17" meanSpeedRelative="0.79" duration="0"/>
    <step time="10200.00" loaded="4874" inserted="4874" running="129" waiting="0" ended="4745" arrived="4745" collisions="4" teleports="4" halting="1" stopped="0" meanWaitingTime="0.35" meanTravelTime="254.97" meanSpeed="25.11" meanSpeedRelative="0.78" duration="0"/>
    <step time="10500.00" loaded="5032" inserted="5031" running="144" waiting="1" ended="4887" arrived="4887" collisions="4" teleports="4" halting="0" stopped="0" meanWaitingTime="0.35" meanTravelTime="254.95" meanSpeed="24.72" meanSpeedRelative="0.77" duration="1"/>
    <step time="10800.00" loaded="5199" inserted="5198" running="138" waiting="1" ended="5060" arrived="5060" collisions="4" teleports="4" halting="2" stopped="0" meanWaitingTime="0.36" meanTravelTime="255.90" meanSpeed="24.80" meanSpeedRelative="0.77" duration="87"/>
    <step time="11100.00" loaded="5363" inserted="5363" running="167" waiting="0" ended="5196" arrived="5196" collisions="4" teleports="4" halting="1" stopped="0" meanWaitingTime="0.36" meanTravelTime="255.65" meanSpeed="24.75" meanSpeedRelative="0.77" duration="1"/>
    <step time="11400.00" loaded="5514" inserted="5514" running="123" waiting="0" ended="5391" arrived="5391" collisions="4" teleports="4" halting="0" stopped="0" meanWaitingTime="0.36" meanTravelTime="255.84" meanSpeed="25.96" meanSpeedRelative="0.81" duration="1"/>
    <step time="11700.00" loaded="5650" inserted="5649" running="119" waiting="1" ended="5530" arrived="5530" collisions="5" teleports="5" halting="1" stopped="0" meanWaitingTime="0.35" meanTravelTime="256.15" meanSpeed="24.54" meanSpeedRelative="0.77" duration="0"/>
    <step time="12000.00" loaded="5797" inserted="5797" running="113" waiting="0" ended="5684" arrived="5684" collisions="5" teleports="5" halting="0" stopped="0" meanWaitingTime="0.35" meanTravelTime="256.22" meanSpeed="24.18" meanSpeedRelative="0.76" duration="1"/>
    <step time="12300.00" loaded="5931" inserted="5931" running="102" waiting="0" ended="5829" arrived="5829" collisions="5" teleports="5" halting="0" stopped="0" meanWaitingTime="0.36" meanTravelTime="255.64" meanSpeed="24.72" meanSpeedRelative="0.77" duration="1"/>
    <step time="12600.00" loaded="6080" inserted="6080" running="109" waiting="0" ended="5971" arrived="5971" collisions="5" teleports="5" halting="0" stopped="0" meanWaitingTime="0.36" meanTravelTime="255.21" meanSpeed="25.03" meanSpeedRelative="0.78" duration="0"/>
    <step time="12900.00" loaded="6207" inserted="6207" running="101" waiting="0" ended="6106" arrived="6106" collisions="5" teleports="5" halting="0" stopped="0" meanWaitingTime="0.36" meanTravelTime="254.46" meanSpeed="25.66" meanSpeedRelative="0.80" duration="1"/>
    <step time="13200.00" loaded="6339" inserted="6339" running="100" waiting="0" ended="6239" arrived="6239" collisions="5" teleports="5" halting="2" stopped="0" meanWaitingTime="0.36" meanTravelTime="253.78" meanSpeed="25.43" meanSpeedRelative="0.79" duration="1"/>
    <step time="13500.00" loaded="6474" inserted="6474" running="106" waiting="0" ended="6368" arrived="6368" collisions="5" teleports="5" halting="0" stopped="0" meanWaitingTime="0.35" meanTravelTime="253.24" meanSpeed="25.94" meanSpeedRelative="0.81" duration="1"/>
    <step time="13800.00" loaded="6631" inserted="6630" running="126" waiting="1" ended="6504" arrived="6504" collisions="6" teleports="6" halting="2" stopped="0" meanWaitingTime="0.35" meanTravelTime="253.10" meanSpeed="24.72" meanSpeedRelative="0.77" duration="1"/>
    <step time="14100.00" loaded="6774" inserted="6773" running="117" waiting="1" ended="6656" arrived="6656" collisions="6" teleports="6" halting="0" stopped="0" meanWaitingTime="0.36" meanTravelTime="253.17" meanSpeed="25.17" meanSpeedRelative="0.79" duration="1"/>
    <step time="14400.00" loaded="6897" inserted="6897" running="99" waiting="0" ended="6798" arrived="6798" collisions="6" teleports="6" halting="0" stopped="0" meanWaitingTime="0.35" meanTravelTime="252.38" meanSpeed="25.75" meanSpeedRelative="0.80" duration="86"/>
    <step time="14700.00" loaded="7011" inserted="7011" running="83" waiting="0" ended="6928" arrived="6928" collisions="6" teleports="6" halting="0" stopped="0" meanWaitingTime="0.35" meanTravelTime="252.38" meanSpeed="25.18" meanSpeedRelative="0.79" duration="0"/>
    <step time="15000.00" loaded="7102" inserted="7102" running="81" waiting="0" ended="7021" arrived="7021" collisions="6" teleports="6" halting="0" stopped="0" meanWaitingTime="0.35" meanTravelTime="252.79" meanSpeed="25.21" meanSpeedRelative="0.79" duration="0"/>
    <step time="15300.00" loaded="7216" inserted="7216" running="79" waiting="0" ended="7137" arrived="7137" collisions="6" teleports="6" halting="1" stopped="0" meanWaitingTime="0.35" meanTravelTime="252.06" meanSpeed="25.84" meanSpeedRelative="0.81" duration="0"/>
    <step time="15600.00" loaded="7309" inserted="7309" running="73" waiting="0" ended="7236" arrived="7236" collisions="6" teleports="6" halting="0" stopped="0" meanWaitingTime="0.34" meanTravelTime="252.18" meanSpeed="27.07" meanSpeedRelative="0.85" duration="0"/>
    <step time="15900.00" loaded="7409" inserted="7409" running="79" waiting="0" ended="7330" arrived="7330" collisions="6" teleports="6" halting="2" stopped="0" meanWaitingTime="0.34" meanTravelTime="252.14" meanSpeed="24.87" meanSpeedRelative="0.78" duration="1"/>
    <step time="16200.00" loaded="7510" inserted="7510" running="73" waiting="0" ended="7437" arrived="7437" collisions="6" teleports="6" halting="1" stopped="0" meanWaitingTime="0.34" meanTravelTime="251.48" meanSpeed="25.19" meanSpeedRelative="0.79" duration="1"/>
    <step time="16500.00" loaded="7629" inserted="7629" running="79" waiting="0" ended="7550" arrived="7550" collisions="6" teleports="6" halting="0" stopped="0" meanWaitingTime="0.34" meanTravelTime="251.08" meanSpeed="26.19" meanSpeedRelative="0.82" duration="1"/>
    <step time="16800.00" loaded="7731" inserted="7731" running="78" waiting="0" ended="7653" arrived="7653" collisions="6" teleports="6" halting="0" stopped="0" meanWaitingTime="0.34" meanTravelTime="250.15" meanSpeed="25.87" meanSpeedRelative="0.81" duration="1"/>
    <step time="17100.00" loaded="7826" inserted="7826" running="73" waiting="0" ended="7753" arrived="7753" collisions="6" teleports="6" halting="0" stopped="0" meanWaitingTime="0.33" meanTravelTime="250.00" meanSpeed="26.32" meanSpeedRelative="0.82" duration="1"/>
    <step time="17400.00" loaded="7923" inserted="7923" running="69" waiting="0" ended="7854" arrived="7854" collisions="6" teleports="6" halting="0" stopped="0" meanWaitingTime="0.33" meanTravelTime="249.60" meanSpeed="25.28" meanSpeedRelative="0.79" duration="1"/>
    <step time="17700.00" loaded="8032" inserted="8032" running="77" waiting="0" ended="7955" arrived="7955" collisions="6" teleports="6" halting="0" stopped="0" meanWaitingTime="0.33" meanTravelTime="249.25" meanSpeed="25.83" meanSpeedRelative="0.81" duration="1"/>
    <step time="18000.00" loaded="8124" inserted="8124" running="67" waiting="0" ended="8057" arrived="8057" collisions="6" teleports="6" halting="0" stopped="0" meanWaitingTime="0.33" meanTravelTime="248.97" meanSpeed="25.55" meanSpeedRelative="0.80" duration="79"/>
    <step time="18300.00" loaded="8325" inserted="8324" running="150" waiting="1" ended="8174" arrived="8174" collisions="6" teleports="6" halting="0" stopped="0" meanWaitingTime="0.34" meanTravelTime="248.03" meanSpeed="25.71" meanSpeedRelative="0.80" duration="0"/>
    <step time="18600.00" loaded="8536" inserted="8536" running="158" waiting="0" ended="8378" arrived="8378" collisions="6" teleports="6" halting="0" stopped="0" meanWaitingTime="0.36" meanTravelTime="247.25" meanSpeed="25.53" meanSpeedRelative="0.80" duration="1"/>
    <step time="18900.00" loaded="8747" inserted="8747" running="169" waiting="0" ended="8578" arrived="8578" collisions="6" teleports="6" halting="0" stopped="0" meanWaitingTime="0.37" meanTravelTime="247.11" meanSpeed="24.73" meanSpeedRelative="0.77" duration="1"/>
    <step time="19200.00" loaded="8951" inserted="8951" running="169" waiting="0" ended="8782" arrived="8782" collisions="6" teleports="6" halting="0" stopped="0" meanWaitingTime="0.37" meanTravelTime="246.79" meanSpeed="25.13" meanSpeedRelative="0.79" duration="1"/>
    <step time="19500.00" loaded="9168" inserted="9168" running="163" waiting="0" ended="9005" arrived="9005" collisions="7" teleports="7" halting="1" stopped="0" meanWaitingTime="0.38" meanTravelTime="246.65" meanSpeed="24.36" meanSpeedRelative="0.76" duration="1"/>
    <step time="19800.00" loaded="9395" inserted="9395" running="168" waiting="0" ended="9227" arrived="9227" collisions="7" teleports="7" halting="1" stopped="0" meanWaitingTime="0.39" meanTravelTime="247.04" meanSpeed="25.23" meanSpeedRelative="0.79" duration="1"/>
    <step time="20100.00" loaded="9575" inserted="9575" running="150" waiting="0" ended="9425" arrived="9425" collisions="7" teleports="7" halting="1" stopped="0" meanWaitingTime="0.39" meanTravelTime="246.89" meanSpeed="24.62" meanSpeedRelative="0.77" duration="1"/>
    <step time="20400.00" loaded="9781" inserted="9781" running="149" waiting="0" ended="9632" arrived="9632" collisions="7" teleports="7" halting="1" stopped="0" meanWaitingTime="0.40" meanTravelTime="246.43" meanSpeed="25.24" meanSpeedRelative="0.79" duration="1"/>
    <step time="20700.00" loaded="9957" inserted="9956" running="141" waiting="1" ended="9815" arrived="9815" collisions="7" teleports="7" halting="1" stopped="0" meanWaitingTime="0.40" meanTravelTime="246.42" meanSpeed="25.44" meanSpeedRelative="0.79" duration="1"/>
    <step time="21000.00" loaded="10149" inserted="10149" running="143" waiting="0" ended="10006" arrived="10006" collisions="7" teleports="7" halting="1" stopped="0" meanWaitingTime="0.40" meanTravelTime="246.24" meanSpeed="25.08" meanSpeedRelative="0.78" duration="1"/>
    <step time="21300.00" loaded="10358" inserted="10358" running="145" waiting="0" ended="10213" arrived="10213" collisions="7" teleports="7" halting="0" stopped="0" meanWaitingTime="0.41" meanTravelTime="245.88" meanSpeed="25.24" meanSpeedRelative="0.79" duration="1"/>
    <step time="21600.00" loaded="10551" inserted="10550" running="153" waiting="1" ended="10397" arrived="10397" collisions="7" teleports="7" halting="0" stopped="0" meanWaitingTime="0.41" meanTravelTime="245.79" meanSpeed="25.32" meanSpeedRelative="0.79" duration="80"/>
    <step time="21900.00" loaded="11030" inserted="10992" running="354" waiting="38" ended="10638" arrived="10638" collisions="8" teleports="8" halting="3" stopped="0" meanWaitingTime="0.87" meanTravelTime="244.75" meanSpeed="21.55" meanSpeedRelative="0.67" duration="2"/>
    <step time="22200.00" loaded="11511" inserted="11428" running="436" waiting="83" ended="10992" arrived="10992" collisions="8" teleports="8" halting="1" stopped="0" meanWaitingTime="2.18" meanTravelTime="244.91" meanSpeed="20.16" meanSpeedRelative="0.63" duration="3"/>
    <step time="22500.00" loaded="11950" inserted="11855" running="447" waiting="95" ended="11408" arrived="11408" collisions="9" teleports="9" halting="2" stopped="0" meanWaitingTime="4.15" meanTravelTime="247.05" meanSpeed="19.98" meanSpeedRelative="0.62" duration="2"/>
    <step time="22800.00" loaded="12394" inserted="12289" running="471" waiting="105" ended="11818" arrived="11818" collisions="10" teleports="10" halting="2" stopped="0" meanWaitingTime="6.28" meanTravelTime="248.94" meanSpeed="20.03" meanSpeedRelative="0.63" duration="2"/>
    <step time="23100.00" loaded="12856" inserted="12711" running="489" waiting="145" ended="12222" arrived="12222" collisions="11" teleports="11" halting="0" stopped="0" meanWaitingTime="8.75" meanTravelTime="251.26" meanSpeed="19.86" meanSpeedRelative="0.62" duration="3"/>
    <step time="23400.00" loaded="13278" inserted="13158" running="509" waiting="120" ended="12649" arrived="12649" collisions="11" teleports="11" halting="2" stopped="0" meanWaitingTime="11.52" meanTravelTime="254.36" meanSpeed="20.36" meanSpeedRelative="0.64" duration="3"/>
    <step time="23700.00" loaded="13743" inserted="13602" running="509" waiting="141" ended="13093" arrived="13093" collisions="12" teleports="12" halting="1" stopped="0" meanWaitingTime="13.75" meanTravelTime="257.15" meanSpeed="19.48" meanSpeedRelative="0.61" duration="5"/>
    <step time="24000.00" loaded="14227" inserted="14055" running="533" waiting="172" ended="13522" arrived="13522" collisions="12" teleports="12" halting="4" stopped="0" meanWaitingTime="16.32" meanTravelTime="260.17" meanSpeed="18.46" meanSpeedRelative="0.58" duration="3"/>
    <step time="24300.00" loaded="14679" inserted="14481" running="525" waiting="198" ended="13956" arrived="13956" collisions="13" teleports="13" halting="1" stopped="0" meanWaitingTime="19.15" meanTravelTime="262.99" meanSpeed="18.59" meanSpeedRelative="0.58" duration="3"/>
    <step time="24600.00" loaded="15124" inserted="14894" running="529" waiting="230" ended="14365" arrived="14365" collisions="14" teleports="14" halting="3" stopped="0" meanWaitingTime="22.47" meanTravelTime="266.11" meanSpeed="17.70" meanSpeedRelative="0.55" duration="3"/>
    <step time="24900.00" loaded="15556" inserted="15322" running="520" waiting="234" ended="14802" arrived="14802" collisions="14" teleports="14" halting="0" stopped="0" meanWaitingTime="26.18" meanTravelTime="269.51" meanSpeed="18.23" meanSpeedRelative="0.57" duration="2"/>
    <step time="25200.00" loaded="16006" inserted="15745" running="500" waiting="261" ended="15245" arrived="15245" collisions="17" teleports="17" halting="4" stopped="0" meanWaitingTime="29.77" meanTravelTime="272.43" meanSpeed="19.11" meanSpeedRelative="0.60" duration="89"/>
    <step time="25500.00" loaded="16546" inserted="16204" running="523" waiting="342" ended="15681" arrived="15681" collisions="18" teleports="18" halting="2" stopped="0" meanWaitingTime="33.29" meanTravelTime="274.53" meanSpeed="18.86" meanSpeedRelative="0.59" duration="2"/>
    <step time="25800.00" loaded="17073" inserted="16646" running="502" waiting="427" ended="16144" arrived="16144" collisions="19" teleports="19" halting="1" stopped="0" meanWaitingTime="37.34" meanTravelTime="276.12" meanSpeed="20.55" meanSpeedRelative="0.64" duration="3"/>
    <step time="26100.00" loaded="17635" inserted="17114" running="529" waiting="521" ended="16585" arrived="16585" collisions="19" teleports="19" halting="0" stopped="0" meanWaitingTime="42.25" meanTravelTime="277.65" meanSpeed="18.51" meanSpeedRelative="0.58" duration="2"/>
    <step time="26400.00" loaded="18180" inserted="17603" running="574" waiting="577" ended="17029" arrived="17029" collisions="19" teleports="19" halting="3" stopped="0" meanWaitingTime="48.16" meanTravelTime="279.61" meanSpeed="18.60" meanSpeedRelative="0.58" duration="3"/>
    <step time="26700.00" loaded="18738" inserted="18077" running="554" waiting="661" ended="17523" arrived="17523" collisions="20" teleports="20" halting="2" stopped="0" meanWaitingTime="54.34" meanTravelTime="282.01" meanSpeed="18.50" meanSpeedRelative="0.58" duration="3"/>
    <step time="27000.00" loaded="19300" inserted="18553" running="560" waiting="747" ended="17993" arrived="17993" collisions="20" teleports="20" halting="1" stopped="0" meanWaitingTime="61.45" meanTravelTime="283.54" meanSpeed="18.31" meanSpeedRelative="0.57" duration="5"/>
    <step time="27300.00" loaded="19864" inserted="19052" running="602" waiting="812" ended="18450" arrived="18450" collisions="20" teleports="20" halting="1" stopped="0" meanWaitingTime="68.81" meanTravelTime="285.52" meanSpeed="16.68" meanSpeedRelative="0.52" duration="4"/>
    <step time="27600.00" loaded="20413" inserted="19531" running="623" waiting="882" ended="18908" arrived="18908" collisions="22" teleports="22" halting="0" stopped="0" meanWaitingTime="76.24" meanTravelTime="287.42" meanSpeed="16.80" meanSpeedRelative="0.53" duration="4"/>
    <step time="27900.00" loaded="20968" inserted="20018" running="605" waiting="950" ended="19413" arrived="19413" collisions="25" teleports="25" halting="1" stopped="0" meanWaitingTime="84.45" meanTravelTime="289.56" meanSpeed="17.19" meanSpeedRelative="0.54" duration="5"/>
    <step time="28200.00" loaded="21530" inserted="20517" running="622" waiting="1013" ended="19895" arrived="19895" collisions="26" teleports="26" halting="3" stopped="0" meanWaitingTime="93.03" meanTravelTime="291.70" meanSpeed="16.99" meanSpeedRelative="0.53" duration="4"/>
    <step time="28500.00" loaded="22085" inserted="21006" running="615" waiting="1079" ended="20391" arrived="20391" collisions="27" teleports="27" halting="0" stopped="0" meanWaitingTime="101.97" meanTravelTime="293.73" meanSpeed="16.95" meanSpeedRelative="0.53" duration="4"/>
    <step time="28800.00" loaded="22600" inserted="21468" running="614" waiting="1132" ended="20854" arrived="20854" collisions="27" teleports="27" halting="0" stopped="0" meanWaitingTime="111.43" meanTravelTime="295.95" meanSpeed="16.69" meanSpeedRelative="0.52" duration="91"/>
    <step time="29100.00" loaded="22963" inserted="21900" running="567" waiting="1063" ended="21333" arrived="21333" collisions="27" teleports="27" halting="2" stopped="0" meanWaitingTime="121.22" meanTravelTime="297.51" meanSpeed="17.54" meanSpeedRelative="0.55" duration="5"/>
    <step time="29400.00" loaded="23302" inserted="22325" running="549" waiting="977" ended="21776" arrived="21776" collisions="27" teleports="27" halting="2" stopped="0" meanWaitingTime="130.42" meanTravelTime="299.73" meanSpeed="16.97" meanSpeedRelative="0.53" duration="5"/>
    <step time="29700.00" loaded="23662" inserted="22746" running="531" waiting="916" ended="22215" arrived="22215" collisions="28" teleports="28" halting="1" stopped="0" meanWaitingTime="140.31" meanTravelTime="301.14" meanSpeed="18.56" meanSpeedRelative="0.58" duration="5"/>
    <step time="30000.00" loaded="23987" inserted="23171" running="517" waiting="816" ended="22654" arrived="22654" collisions="28" teleports="28" halting="0" stopped="0" meanWaitingTime="150.20" meanTravelTime="302.56" meanSpeed="18.33" meanSpeedRelative="0.57" duration="4"/>
    <step time="30300.00" loaded="24374" inserted="23599" running="509" waiting="775" ended="23090" arrived="23090" collisions="28" teleports="28" halting="2" stopped="0" meanWaitingTime="158.40" meanTravelTime="303.95" meanSpeed="18.65" meanSpeedRelative="0.58" duration="3"/>
    <step time="30600.00" loaded="24754" inserted="24018" running="502" waiting="736" ended="23516" arrived="23516" collisions="28" teleports="28" halting="0" stopped="0" meanWaitingTime="166.60" meanTravelTime="305.05" meanSpeed="18.45" meanSpeedRelative="0.58" duration="3"/>
    <step time="30900.00" loaded="25138" inserted="24437" running="480" waiting="701" ended="23957" arrived="23957" collisions="30" teleports="30" halting="0" stopped="0" meanWaitingTime="173.71" meanTravelTime="305.84" meanSpeed="19.47" meanSpeedRelative="0.61" duration="3"/>
    <step time="31200.00" loaded="25486" inserted="24813" running="402" waiting="673" ended="24411" arrived="24411" collisions="34" teleports="34" halting="2" stopped="0" meanWaitingTime="180.80" meanTravelTime="306.58" meanSpeed="20.78" meanSpeedRelative="0.65" duration="2"/>
    <step time="31500.00" loaded="25802" inserted="25170" running="359" waiting="632" ended="24811" arrived="24811" collisions="34" teleports="34" halting="2" stopped="0" meanWaitingTime="187.94" meanTravelTime="306.69" meanSpeed="21.02" meanSpeedRelative="0.66" duration="2"/>
    <step time="31800.00" loaded="26180" inserted="25584" running="400" waiting="596" ended="25184" arrived="25184" collisions="34" teleports="34" halting="2" stopped="0" meanWaitingTime="193.95" meanTravelTime="306.83" meanSpeed="20.73" meanSpeedRelative="0.65" duration="2"/>
    <step time="32100.00" loaded="26561" inserted="25994" running="418" waiting="567" ended="25576" arrived="25576" collisions="35" teleports="35" halting="2" stopped="0" meanWaitingTime="199.75" meanTravelTime="306.67" meanSpeed="20.25" meanSpeedRelative="0.63" duration="3"/>
    <step time="32400.00" loaded="26911" inserted="26366" running="378" waiting="545" ended="25988" arrived="25988" collisions="36" teleports="36" halting="0" stopped="0" meanWaitingTime="204.94" meanTravelTime="306.76" meanSpeed="21.26" meanSpeedRelative="0.66" duration="90"/>
    <step time="32700.00" loaded="27178" inserted="26690" running="317" waiting="488" ended="26373" arrived="26373" collisions="37" teleports="37" halting="3" stopped="0" meanWaitingTime="210.07" meanTravelTime="306.84" meanSpeed="21.36" meanSpeedRelative="0.67" duration="2"/>
    <step time="33000.00" loaded="27452" inserted="27021" running="318" waiting="431" ended="26703" arrived="26703" collisions="38" teleports="38" halting="2" stopped="0" meanWaitingTime="214.47" meanTravelTime="306.43" meanSpeed="22.20" meanSpeedRelative="0.69" duration="3"/>
    <step time="33300.00" loaded="27680" inserted="27324" running="257" waiting="356" ended="27067" arrived="27067" collisions="39" teleports="39" halting="0" stopped="0" meanWaitingTime="219.05" meanTravelTime="306.05" meanSpeed="22.84" meanSpeedRelative="0.71" duration="2"/>
    <step time="33600.00" loaded="27956" inserted="27642" running="259" waiting="314" ended="27383" arrived="27383" collisions="39" teleports="39" halting="0" stopped="0" meanWaitingTime="222.45" meanTravelTime="305.46" meanSpeed="22.99" meanSpeedRelative="0.72" duration="2"/>
    <step time="33900.00" loaded="28196" inserted="27964" running="275" waiting="232" ended="27689" arrived="27689" collisions="39" teleports="39" halting="1" stopped="0" meanWaitingTime="225.22" meanTravelTime="304.96" meanSpeed="22.27" meanSpeedRelative="0.70" duration="2"/>
    <step time="34200.00" loaded="28458" inserted="28270" running="267" waiting="188" ended="28003" arrived="28003" collisions="39" teleports="39" halting="1" stopped="0" meanWaitingTime="226.96" meanTravelTime="304.32" meanSpeed="22.94" meanSpeedRelative="0.72" duration="2"/>
    <step time="34500.00" loaded="28708" inserted="28566" running="264" waiting="142" ended="28302" arrived="28302" collisions="39" teleports="39" halting="1" stopped="0" meanWaitingTime="227.90" meanTravelTime="304.01" meanSpeed="21.19" meanSpeedRelative="0.66" duration="2"/>
    <step time="34800.00" loaded="28979" inserted="28849" running="234" waiting="130" ended="28615" arrived="28615" collisions="40" teleports="40" halting="1" stopped="0" meanWaitingTime="228.27" meanTravelTime="303.66" meanSpeed="23.17" meanSpeedRelative="0.72" duration="1"/>
    <step time="35100.00" loaded="29249" inserted="29155" running="245" waiting="94" ended="28910" arrived="28910" collisions="40" teleports="40" halting="1" stopped="0" meanWaitingTime="227.90" meanTravelTime="303.16" meanSpeed="23.41" meanSpeedRelative="0.73" duration="1"/>
    <step time="35400.00" loaded="29502" inserted="29438" running="249" waiting="64" ended="29189" arrived="29189" collisions="41" teleports="41" halting="1" stopped="0" meanWaitingTime="227.28" meanTravelTime="302.73" meanSpeed="24.03" meanSpeedRelative="0.75" duration="2"/>
    <step time="35700.00" loaded="29765" inserted="29734" running="245" waiting="31" ended="29489" arrived="29489" collisions="41" teleports="41" halting="0" stopped="0" meanWaitingTime="226.09" meanTravelTime="302.25" meanSpeed="22.53" meanSpeedRelative="0.70" duration="2"/>
    <step time="36000.00" loaded="30017" inserted="30017" running="243" waiting="0" ended="29774" arrived="29774" collisions="41" teleports="41" halting="2" stopped="0" meanWaitingTime="224.27" meanTravelTime="301.68" meanSpeed="24.57" meanSpeedRelative="0.77" duration="81"/>
    <step time="36300.00" loaded="30491" inserted="30456" running="360" waiting="35" ended="30096" arrived="30096" collisions="41" teleports="41" halting="2" stopped="0" meanWaitingTime="221.14" meanTravelTime="301.26" meanSpeed="21.82" meanSpeedRelative="0.68" duration="2"/>
    <step time="36600.00" loaded="30946" inserted="30887" running="419" waiting="59" ended="30468" arrived="30468" collisions="41" teleports="41" halting="0" stopped="0" meanWaitingTime="218.38" meanTravelTime="300.67" meanSpeed="20.83" meanSpeedRelative="0.65" duration="3"/>
    <step time="36900.00" loaded="31421" inserted="31337" running="450" waiting="84" ended="30887" arrived="30887" collisions="43" teleports="43" halting="2" stopped="0" meanWaitingTime="215.74" meanTravelTime="300.47" meanSpeed="20.55" meanSpeedRelative="0.64" duration="2"/>
    <step time="37200.00" loaded="31881" inserted="31768" running="452" waiting="113" ended="31316" arrived="31316" collisions="44" teleports="44" halting="2" stopped="0" meanWaitingTime="213.51" meanTravelTime="300.54" meanSpeed="20.78" meanSpeedRelative="0.65" duration="3"/>
    <step time="37500.00" loaded="32349" inserted="32217" running="466" waiting="132" ended="31751" arrived="31751" collisions="46" teleports="46" halting="3" stopped="0" meanWaitingTime="211.41" meanTravelTime="300.36" meanSpeed="21.07" meanSpeedRelative="0.66" duration="3"/>
    <step time="37800.00" loaded="32804" inserted="32670" running="475" waiting="134" ended="32195" arrived="32195" collisions="46" teleports="46" halting="0" stopped="0" meanWaitingTime="209.45" meanTravelTime="300.32" meanSpeed="20.41" meanSpeedRelative="0.64" duration="3"/>
    <step time="38100.00" loaded="33279" inserted="33126" running="487" waiting="153" ended="32639" arrived="32639" collisions="47" teleports="47" halting="0" stopped="0" meanWaitingTime="207.72" meanTravelTime="300.77" meanSpeed="20.01" meanSpeedRelative="0.63" duration="2"/>
    <step time="38400.00" loaded="33775" inserted="33593" running="526" waiting="182" ended="33067" arrived="33067" collisions="49" teleports="49" halting="1" stopped="0" meanWaitingTime="206.06" meanTravelTime="301.22" meanSpeed="19.31" meanSpeedRelative="0.60" duration="3"/>
    <step time="38700.00" loaded="34208" inserted="34006" running="499" waiting="202" ended="33507" arrived="33507" collisions="49" teleports="49" halting="1" stopped="0" meanWaitingTime="204.82" meanTravelTime="301.62" meanSpeed="19.78" meanSpeedRelative="0.62" duration="3"/>
    <step time="39000.00" loaded="34649" inserted="34441" running="487" waiting="208" ended="33954" arrived="33954" collisions="50" teleports="50" halting="3" stopped="0" meanWaitingTime="203.64" meanTravelTime="302.11" meanSpeed="18.87" meanSpeedRelative="0.59" duration="3"/>
    <step time="39300.00" loaded="35132" inserted="34918" running="509" waiting="214" ended="34409" arrived="34409" collisions="50" teleports="50" halting="2" stopped="0" meanWaitingTime="202.29" meanTravelTime="302.54" meanSpeed="19.61" meanSpeedRelative="0.61" duration="3"/>
    <step time="39600.00" loaded="35587" inserted="35336" running="471" waiting="251" ended="34865" arrived="34865" collisions="50" teleports="50" halting="0" stopped="0" meanWaitingTime="201.56" meanTravelTime="302.85" meanSpeed="20.93" meanSpeedRelative="0.65" duration="88"/>
    <step time="39900.00" loaded="36087" inserted="35836" running="513" waiting="251" ended="35323" arrived="35323" collisions="50" teleports="50" halting="0" stopped="0" meanWaitingTime="200.59" meanTravelTime="303.36" meanSpeed="19.70" meanSpeedRelative="0.62" duration="3"/>
    <step time="40200.00" loaded="36638" inserted="36346" running="545" waiting="292" ended="35801" arrived="35801" collisions="51" teleports="51" halting="2" stopped="0" meanWaitingTime="199.64" meanTravelTime="303.59" meanSpeed="18.10" meanSpeedRelative="0.57" duration="2"/>
    <step time="40500.00" loaded="37157" inserted="36833" running="584" waiting="324" ended="36249" arrived="36249" collisions="51" teleports="51" halting="1" stopped="0" meanWaitingTime="199.12" meanTravelTime="303.72" meanSpeed="17.97" meanSpeedRelative="0.56" duration="4"/>
    <step time="40800.00" loaded="37627" inserted="37301" running="578" waiting="326" ended="36723" arrived="36723" collisions="54" teleports="54" halting="2" stopped="0" meanWaitingTime="198.87" meanTravelTime="304.30" meanSpeed="18.28" meanSpeedRelative="0.57" duration="4"/>
    <step time="41100.00" loaded="38129" inserted="37772" running="573" waiting="357" ended="37199" arrived="37199" collisions="57" teleports="57" halting="2" stopped="0" meanWaitingTime="198.58" meanTravelTime="305.11" meanSpeed="17.83" meanSpeedRelative="0.56" duration="5"/>
    <step time="41400.00" loaded="38655" inserted="38243" running="541" waiting="412" ended="37702" arrived="37702" collisions="61" teleports="61" halting="3" stopped="0" meanWaitingTime="198.70" meanTravelTime="305.86" meanSpeed="18.35" meanSpeedRelative="0.57" duration="4"/>
    <step time="41700.00" loaded="39208" inserted="38760" running="572" waiting="448" ended="38188" arrived="38188" collisions="61" teleports="61" halting="2" stopped="0" meanWaitingTime="198.89" meanTravelTime="306.36" meanSpeed="18.28" meanSpeedRelative="0.57" duration="4"/>
    <step time="42000.00" loaded="39679" inserted="39218" running="573" waiting="461" ended="38645" arrived="38645" collisions="61" teleports="61" halting="4" stopped="0" meanWaitingTime="199.46" meanTravelTime="306.79" meanSpeed="18.11" meanSpeedRelative="0.57" duration="5"/>
    <step time="42300.00" loaded="40194" inserted="39726" running="630" waiting="468" ended="39096" arrived="39096" collisions="64" teleports="64" halting="2" stopped="0" meanWaitingTime="199.82" meanTravelTime="307.59" meanSpeed="16.72" meanSpeedRelative="0.52" duration="6"/>
    <step time="42600.00" loaded="40713" inserted="40208" running="643" waiting="505" ended="39565" arrived="39565" collisions="65" teleports="65" halting="0" stopped="0" meanWaitingTime="200.40" meanTravelTime="308.34" meanSpeed="16.59" meanSpeedRelative="0.52" duration="4"/>
    <step time="42900.00" loaded="41227" inserted="40690" running="629" waiting="537" ended="40061" arrived="40061" collisions="66" teleports="66" halting="2" stopped="0" meanWaitingTime="201.26" meanTravelTime="309.23" meanSpeed="16.34" meanSpeedRelative="0.51" duration="4"/>
    <step time="43200.00" loaded="41782" inserted="41190" running="672" waiting="592" ended="40518" arrived="40518" collisions="66" teleports="66" halting="2" stopped="0" meanWaitingTime="202.23" meanTravelTime="310.18" meanSpeed="16.31" meanSpeedRelative="0.51" duration="95"/>
    <step time="43500.00" loaded="42304" inserted="41688" running="682" waiting="616" ended="41006" arrived="41006" collisions="67" teleports="67" halting="3" stopped="0" meanWaitingTime="203.45" meanTravelTime="311.19" meanSpeed="17.26" meanSpeedRelative="0.54" duration="4"/>
    <step time="43800.00" loaded="42895" inserted="42213" running="721" waiting="682" ended="41492" arrived="41492" collisions="72" teleports="72" halting="6" stopped="0" meanWaitingTime="204.84" meanTravelTime="312.37" meanSpeed="16.14" meanSpeedRelative="0.50" duration="4"/>
    <step time="44100.00" loaded="43448" inserted="42722" running="758" waiting="726" ended="41964" arrived="41964" collisions="76" teleports="76" halting="5" stopped="0" meanWaitingTime="206.38" meanTravelTime="313.70" meanSpeed="14.99" meanSpeedRelative="0.47" duration="4"/>
    <step time="44400.00" loaded="43981" inserted="43220" running="774" waiting="761" ended="42446" arrived="42446" collisions="78" teleports="78" halting="4" stopped="0" meanWaitingTime="207.75" meanTravelTime="315.24" meanSpeed="14.25" meanSpeedRelative="0.45" duration="5"/>
    <step time="44700.00" loaded="44535" inserted="43734" running="802" waiting="801" ended="42932" arrived="42932" collisions="83" teleports="83" halting="3" stopped="0" meanWaitingTime="209.46" meanTravelTime="316.73" meanSpeed="13.85" meanSpeedRelative="0.43" duration="6"/>
    <step time="45000.00" loaded="45057" inserted="44225" running="817" waiting="832" ended="43408" arrived="43408" collisions="83" teleports="83" halting="3" stopped="0" meanWaitingTime="211.43" meanTravelTime="318.38" meanSpeed="14.49" meanSpeedRelative="0.45" duration="5"/>
    <step time="45300.00" loaded="45604" inserted="44703" running="808" waiting="901" ended="43895" arrived="43895" collisions="86" teleports="86" halting="5" stopped="0" meanWaitingTime="213.47" meanTravelTime="320.43" meanSpeed="13.55" meanSpeedRelative="0.42" duration="3"/>
    <step time="45600.00" loaded="46122" inserted="45180" running="796" waiting="942" ended="44384" arrived="44384" collisions="86" teleports="86" halting="2" stopped="0" meanWaitingTime="215.60" meanTravelTime="322.37" meanSpeed="13.79" meanSpeedRelative="0.43" duration="8"/>
    <step time="45900.00" loaded="46659" inserted="45667" running="803" waiting="992" ended="44864" arrived="44864" collisions="88" teleports="88" halting="3" stopped="0" meanWaitingTime="218.13" meanTravelTime="324.06" meanSpeed="13.93" meanSpeedRelative="0.44" duration="6"/>
    <step time="46200.00" loaded="47193" inserted="46147" running="821" waiting="1046" ended="45326" arrived="45326" collisions="89" teleports="89" halting="2" stopped="0" meanWaitingTime="220.93" meanTravelTime="326.04" meanSpeed="13.59" meanSpeedRelative="0.42" duration="4"/>
    <step time="46500.00" loaded="47716" inserted="46626" running="844" waiting="1090" ended="45782" arrived="45782" collisions="93" teleports="93" halting="2" stopped="0" meanWaitingTime="223.77" meanTravelTime="327.99" meanSpeed="13.55" meanSpeedRelative="0.42" duration="5"/>
    <step time="46800.00" loaded="48213" inserted="47085" running="810" waiting="1128" ended="46275" arrived="46275" collisions="93" teleports="93" halting="3" stopped="0" meanWaitingTime="226.83" meanTravelTime="330.10" meanSpeed="13.40" meanSpeedRelative="0.42" duration="91"/>
    <step time="47100.00" loaded="48769" inserted="47593" running="842" waiting="1176" ended="46751" arrived="46751" collisions="96" teleports="96" halting="4" stopped="0" meanWaitingTime="230.25" meanTravelTime="332.03" meanSpeed="13.06" meanSpeedRelative="0.41" duration="4"/>
    <step time="47400.00" loaded="49312" inserted="48081" running="835" waiting="1231" ended="47246" arrived="47246" collisions="96" teleports="96" halting="2" stopped="0" meanWaitingTime="233.79" meanTravelTime="333.80" meanSpeed="13.63" meanSpeedRelative="0.43" duration="4"/>
    <step time="47700.00" loaded="49829" inserted="48554" running="813" waiting="1275" ended="47741" arrived="47741" collisions="103" teleports="103" halting="3" stopped="0" meanWaitingTime="237.55" meanTravelTime="335.51" meanSpeed="13.52" meanSpeedRelative="0.42" duration="5"/>
    <step time="48000.00" loaded="50345" inserted="49033" running="797" waiting="1312" ended="48236" arrived="48236" collisions="105" teleports="105" halting="2" stopped="0" meanWaitingTime="241.40" meanTravelTime="337.44" meanSpeed="13.81" meanSpeedRelative="0.43" duration="5"/>
    <step time="48300.00" loaded="50853" inserted="49533" running="831" waiting="1320" ended="48702" arrived="48702" collisions="105" teleports="105" halting="4" stopped="0" meanWaitingTime="245.23" meanTravelTime="338.98" meanSpeed="13.75" meanSpeedRelative="0.43" duration="4"/>
    <step time="48600.00" loaded="51408" inserted="50024" running="829" waiting="1384" ended="49195" arrived="49195" collisions="106" teleports="106" halting="4" stopped="0" meanWaitingTime="249.50" meanTravelTime="340.73" meanSpeed="13.11" meanSpeedRelative="0.41" duration="5"/>
    <step time="48900.00" loaded="51928" inserted="50513" running="831" waiting="1415" ended="49682" arrived="49682" collisions="107" teleports="107" halting="5" stopped="0" meanWaitingTime="253.91" meanTravelTime="342.51" meanSpeed="12.98" meanSpeedRelative="0.41" duration="4"/>
    <step time="49200.00" loaded="52505" inserted="51041" running="876" waiting="1464" ended="50165" arrived="50165" collisions="110" teleports="110" halting="3" stopped="0" meanWaitingTime="259.07" meanTravelTime="344.16" meanSpeed="13.08" meanSpeedRelative="0.41" duration="6"/>
    <step time="49500.00" loaded="53027" inserted="51535" running="873" waiting="1492" ended="50662" arrived="50662" collisions="110" teleports="110" halting="2" stopped="0" meanWaitingTime="264.54" meanTravelTime="345.79" meanSpeed="13.43" meanSpeedRelative="0.42" duration="5"/>
    <step time="49800.00" loaded="53540" inserted="52026" running="858" waiting="1514" ended="51168" arrived="51168" collisions="111" teleports="111" halting="8" stopped="0" meanWaitingTime="269.20" meanTravelTime="347.40" meanSpeed="13.23" meanSpeedRelative="0.41" duration="6"/>
    <step time="50100.00" loaded="54058" inserted="52510" running="853" waiting="1548" ended="51657" arrived="51657" collisions="111" teleports="111" halting="4" stopped="0" meanWaitingTime="273.53" meanTravelTime="348.97" meanSpeed="13.35" meanSpeedRelative="0.42" duration="5"/>
    <step time="50400.00" loaded="54606" inserted="52993" running="842" waiting="1613" ended="52151" arrived="52151" collisions="114" teleports="114" halting="2" stopped="0" meanWaitingTime="278.20" meanTravelTime="350.89" meanSpeed="13.55" meanSpeedRelative="0.42" duration="95"/>
    <step time="50700.00" loaded="55336" inserted="53554" running="904" waiting="1782" ended="52650" arrived="52650" collisions="114" teleports="114" halting="1" stopped="0" meanWaitingTime="282.59" meanTravelTime="352.42" meanSpeed="13.25" meanSpeedRelative="0.41" duration="6"/>
    <step time="51000.00" loaded="56013" inserted="54099" running="916" waiting="1914" ended="53183" arrived="53183" collisions="117" teleports="117" halting="7" stopped="0" meanWaitingTime="287.50" meanTravelTime="353.99" meanSpeed="12.81" meanSpeedRelative="0.40" duration="5"/>
    <step time="51300.00" loaded="56768" inserted="54696" running="1019" waiting="2072" ended="53677" arrived="53677" collisions="119" teleports="119" halting="2" stopped="0" meanWaitingTime="292.27" meanTravelTime="355.31" meanSpeed="12.33" meanSpeedRelative="0.39" duration="10"/>
    <step time="51600.00" loaded="57519" inserted="55288" running="1095" waiting="2231" ended="54193" arrived="54193" collisions="122" teleports="122" halting="4" stopped="0" meanWaitingTime="297.57" meanTravelTime="356.92" meanSpeed="11.69" meanSpeedRelative="0.37" duration="7"/>
    <step time="51900.00" loaded="58236" inserted="55840" running="1111" waiting="2396" ended="54729" arrived="54729" collisions="127" teleports="127" halting="4" stopped="0" meanWaitingTime="302.82" meanTravelTime="358.71" meanSpeed="11.22" meanSpeedRelative="0.35" duration="7"/>
    <step time="52200.00" loaded="58964" inserted="56369" running="1139" waiting="2595" ended="55230" arrived="55230" collisions="130" teleports="130" halting="2" stopped="0" meanWaitingTime="308.09" meanTravelTime="360.94" meanSpeed="11.11" meanSpeedRelative="0.35" duration="8"/>
    <step time="52500.00" loaded="59673" inserted="56923" running="1165" waiting="2750" ended="55758" arrived="55758" collisions="130" teleports="130" halting="3" stopped="0" meanWaitingTime="314.03" meanTravelTime="363.28" meanSpeed="9.94" meanSpeedRelative="0.31" duration="7"/>
    <step time="52800.00" loaded="60419" inserted="57471" running="1194" waiting="2948" ended="56277" arrived="56277" collisions="133" teleports="133" halting="12" stopped="0" meanWaitingTime="320.40" meanTravelTime="365.74" meanSpeed="10.49" meanSpeedRelative="0.33" duration="6"/>
    <step time="53100.00" loaded="61104" inserted="58012" running="1172" waiting="3092" ended="56840" arrived="56840" collisions="137" teleports="137" halting="6" stopped="0" meanWaitingTime="327.29" meanTravelTime="368.34" meanSpeed="10.77" meanSpeedRelative="0.34" duration="8"/>
    <step time="53400.00" loaded="61839" inserted="58552" running="1170" waiting="3287" ended="57382" arrived="57382" collisions="139" teleports="139" halting="5" stopped="0" meanWaitingTime="334.20" meanTravelTime="371.10" meanSpeed="10.37" meanSpeedRelative="0.32" duration="7"/>
    <step time="53700.00" loaded="62557" inserted="59063" running="1152" waiting="3494" ended="57911" arrived="57911" collisions="141" teleports="141" halting="2" stopped="0" meanWaitingTime="341.90" meanTravelTime="373.63" meanSpeed="10.81" meanSpeedRelative="0.34" duration="8"/>
    <step time="54000.00" loaded="63291" inserted="59586" running="1168" waiting="3705" ended="58418" arrived="58418" collisions="143" teleports="143" halting="5" stopped="0" meanWaitingTime="349.99" meanTravelTime="376.21" meanSpeed="10.27" meanSpeedRelative="0.32" duration="94"/>
    <step time="54300.00" loaded="63723" inserted="60045" running="1104" waiting="3678" ended="58941" arrived="58941" collisions="144" teleports="144" halting="2" stopped="0" meanWaitingTime="359.17" meanTravelTime="378.82" meanSpeed="10.39" meanSpeedRelative="0.32" duration="8"/>
    <step time="54600.00" loaded="64181" inserted="60500" running="1079" waiting="3681" ended="59421" arrived="59421" collisions="145" teleports="145" halting="2" stopped="0" meanWaitingTime="367.92" meanTravelTime="381.31" meanSpeed="11.08" meanSpeedRelative="0.35" duration="7"/>
    <step time="54900.00" loaded="64666" inserted="60979" running="1048" waiting="3687" ended="59931" arrived="59931" collisions="147" teleports="147" halting="4" stopped="0" meanWaitingTime="377.47" meanTravelTime="384.26" meanSpeed="11.28" meanSpeedRelative="0.35" duration="7"/>
    <step time="55200.00" loaded="65098" inserted="61435" running="984" waiting="3663" ended="60451" arrived="60451" collisions="147" teleports="147" halting="6" stopped="0" meanWaitingTime="387.77" meanTravelTime="386.59" meanSpeed="11.20" meanSpeedRelative="0.35" duration="6"/>
    <step time="55500.00" loaded="65547" inserted="61894" running="978" waiting="3653" ended="60916" arrived="60916" collisions="151" teleports="151" halting="2" stopped="0" meanWaitingTime="398.12" meanTravelTime="388.52" meanSpeed="11.43" meanSpeedRelative="0.36" duration="6"/>
    <step time="55800.00" loaded="66033" inserted="62395" running="1008" waiting="3638" ended="61387" arrived="61387" collisions="153" teleports="153" halting="6" stopped="0" meanWaitingTime="408.56" meanTravelTime="390.61" meanSpeed="11.64" meanSpeedRelative="0.36" duration="8"/>
    <step time="56100.00" loaded="66492" inserted="62872" running="988" waiting="3620" ended="61884" arrived="61884" collisions="158" teleports="158" halting="4" stopped="0" meanWaitingTime="419.33" meanTravelTime="392.43" meanSpeed="11.94" meanSpeedRelative="0.37" duration="5"/>
    <step time="56400.00" loaded="66907" inserted="63330" running="963" waiting="3577" ended="62367" arrived="62367" collisions="158" teleports="158" halting="5" stopped="0" meanWaitingTime="429.88" meanTravelTime="393.97" meanSpeed="11.28" meanSpeedRelative="0.35" duration="7"/>
    <step time="56700.00" loaded="67329" inserted="63795" running="952" waiting="3534" ended="62843" arrived="62843" collisions="160" teleports="160" halting="3" stopped="0" meanWaitingTime="442.00" meanTravelTime="395.51" meanSpeed="11.92" meanSpeedRelative="0.37" duration="7"/>
    <step time="57000.00" loaded="67793" inserted="64301" running="971" waiting="3492" ended="63330" arrived="63330" collisions="164" teleports="164" halting="4" stopped="0" meanWaitingTime="454.78" meanTravelTime="397.09" meanSpeed="11.49" meanSpeedRelative="0.36" duration="6"/>
    <step time="57300.00" loaded="68258" inserted="64791" running="940" waiting="3467" ended="63851" arrived="63851" collisions="164" teleports="164" halting="1" stopped="0" meanWaitingTime="467.80" meanTravelTime="398.80" meanSpeed="11.38" meanSpeedRelative="0.36" duration="6"/>
    <step time="57600.00" loaded="68679" inserted="65272" running="956" waiting="3407" ended="64316" arrived="64316" collisions="168" teleports="168" halting="4" stopped="0" meanWaitingTime="480.15" meanTravelTime="400.07" meanSpeed="11.44" meanSpeedRelative="0.36" duration="86"/>
    <step time="57900.00" loaded="69256" inserted="65815" running="1002" waiting="3441" ended="64813" arrived="64813" collisions="170" teleports="170" halting="5" stopped="0" meanWaitingTime="492.09" meanTravelTime="401.63" meanSpeed="11.33" meanSpeedRelative="0.35" duration="6"/>
    <step time="58200.00" loaded="69793" inserted="66314" running="1000" waiting="3479" ended="65314" arrived="65314" collisions="172" teleports="172" halting="7" stopped="0" meanWaitingTime="504.10" meanTravelTime="402.83" meanSpeed="11.87" meanSpeedRelative="0.37" duration="5"/>
    <step time="58500.00" loaded="70375" inserted="66821" running="992" waiting="3554" ended="65829" arrived="65829" collisions="178" teleports="178" halting="6" stopped="0" meanWaitingTime="515.70" meanTravelTime="404.10" meanSpeed="11.88" meanSpeedRelative="0.37" duration="8"/>
    <step time="58800.00" loaded="70921" inserted="67334" running="1021" waiting="3587" ended="66313" arrived="66313" collisions="180" teleports="180" halting="2" stopped="0" meanWaitingTime="526.86" meanTravelTime="405.42" meanSpeed="11.78" meanSpeedRelative="0.37" duration="5"/>
    <step time="59100.00" loaded="71501" inserted="67844" running="1036" waiting="3657" ended="66808" arrived="66808" collisions="180" teleports="180" halting="3" stopped="0" meanWaitingTime="537.98" meanTravelTime="406.89" meanSpeed="11.33" meanSpeedRelative="0.35" duration="7"/>
    <step time="59400.00" loaded="72063" inserted="68343" running="1022" waiting="3720" ended="67321" arrived="67321" collisions="185" teleports="185" halting="4" stopped="0" meanWaitingTime="548.82" meanTravelTime="408.37" meanSpeed="11.62" meanSpeedRelative="0.36" duration="6"/>
    <step time="59700.00" loaded="72594" inserted="68855" running="1027" waiting="3739" ended="67828" arrived="67828" collisions="189" teleports="189" halting="3" stopped="0" meanWaitingTime="559.91" meanTravelTime="409.58" meanSpeed="11.49" meanSpeedRelative="0.36" duration="7"/>
    <step time="60000.00" loaded="73176" inserted="69375" running="1064" waiting="3801" ended="68311" arrived="68311" collisions="190" teleports="190" halting="5" stopped="0" meanWaitingTime="570.38" meanTravelTime="410.92" meanSpeed="11.70" meanSpeedRelative="0.37" duration="8"/>
    <step time="60300.00" loaded="73742" inserted="69863" running="1049" waiting="3879" ended="68814" arrived="68814" collisions="193" teleports="193" halting="1" stopped="0" meanWaitingTime="579.46" meanTravelTime="412.69" meanSpeed="11.33" meanSpeedRelative="0.35" duration="5"/>
    <step time="60600.00" loaded="74309" inserted="70364" running="1016" waiting="3945" ended="69348" arrived="69348" collisions="195" teleports="195" halting="5" stopped="0" meanWaitingTime="588.94" meanTravelTime="414.43" meanSpeed="11.09" meanSpeedRelative="0.35" duration="8"/>
    <step time="60900.00" loaded="74865" inserted="70879" running="1029" waiting="3986" ended="69850" arrived="69850" collisions="196" teleports="196" halting="4" stopped="0" meanWaitingTime="599.27" meanTravelTime="415.57" meanSpeed="12.29" meanSpeedRelative="0.38" duration="7"/>
    <step time="61200.00" loaded="75426" inserted="71408" running="1040" waiting="4018" ended="70368" arrived="70368" collisions="201" teleports="201" halting="2" stopped="0" meanWaitingTime="611.22" meanTravelTime="417.05" meanSpeed="11.63" meanSpeedRelative="0.36" duration="85"/>
    <step time="61500.00" loaded="75496" inserted="71776" running="917" waiting="3720" ended="70859" arrived="70859" collisions="203" teleports="203" halting="3" stopped="0" meanWaitingTime="623.36" meanTravelTime="418.50" meanSpeed="11.54" meanSpeedRelative="0.36" duration="6"/>
    <step time="61800.00" loaded="75559" inserted="72116" running="845" waiting="3443" ended="71271" arrived="71271" collisions="207" teleports="207" halting="2" stopped="0" meanWaitingTime="634.31" meanTravelTime="420.15" meanSpeed="11.91" meanSpeedRelative="0.37" duration="6"/>
    <step time="62100.00" loaded="75632" inserted="72480" running="742" waiting="3152" ended="71738" arrived="71738" collisions="211" teleports="211" halting="3" stopped="0" meanWaitingTime="647.07" meanTravelTime="422.00" meanSpeed="12.26" meanSpeedRelative="0.38" duration="5"/>
    <step time="62400.00" loaded="75710" inserted="72889" running="744" waiting="2821" ended="72145" arrived="72145" collisions="214" teleports="214" halting="3" stopped="0" meanWaitingTime="661.22" meanTravelTime="423.32" meanSpeed="11.80" meanSpeedRelative="0.37" duration="4"/>
    <step time="62700.00" loaded="75772" inserted="73292" running="718" waiting="2480" ended="72574" arrived="72574" collisions="216" teleports="216" halting="2" stopped="0" meanWaitingTime="675.39" meanTravelTime="424.28" meanSpeed="11.70" meanSpeedRelative="0.37" duration="4"/>
    <step time="63000.00" loaded="75842" inserted="73639" running="722" waiting="2203" ended="72917" arrived="72917" collisions="217" teleports="217" halting="4" stopped="0" meanWaitingTime="688.32" meanTravelTime="424.94" meanSpeed="10.51" meanSpeedRelative="0.33" duration="4"/>
    <step time="63300.00" loaded="75912" inserted="73987" running="698" waiting="1925" ended="73289" arrived="73289" collisions="218" teleports="218" halting="6" stopped="0" meanWaitingTime="701.19" meanTravelTime="425.73" meanSpeed="10.55" meanSpeedRelative="0.33" duration="3"/>
    <step time="63600.00" loaded="75988" inserted="74291" running="642" waiting="1697" ended="73649" arrived="73649" collisions="219" teleports="219" halting="0" stopped="0" meanWaitingTime="712.29" meanTravelTime="426.70" meanSpeed="11.26" meanSpeedRelative="0.35" duration="3"/>
    <step time="63900.00" loaded="76056" inserted="74576" running="560" waiting="1480" ended="74016" arrived="74016" collisions="220" teleports="220" halting="3" stopped="0" meanWaitingTime="722.73" meanTravelTime="427.47" meanSpeed="13.15" meanSpeedRelative="0.41" duration="3"/>
    <step time="64200.00" loaded="76137" inserted="74829" running="425" waiting="1308" ended="74404" arrived="74404" collisions="220" teleports="220" halting="4" stopped="0" meanWaitingTime="733.16" meanTravelTime="428.39" meanSpeed="15.88" meanSpeedRelative="0.50" duration="2"/>
    <step time="64500.00" loaded="76210" inserted="75077" running="347" waiting="1133" ended="74730" arrived="74730" collisions="222" teleports="222" halting="0" stopped="0" meanWaitingTime="742.39" meanTravelTime="428.54" meanSpeed="18.48" meanSpeedRelative="0.58" duration="2"/>
    <step time="64800.00" loaded="76271" inserted="75298" running="272" waiting="973" ended="75026" arrived="75026" collisions="222" teleports="222" halting="1" stopped="0" meanWaitingTime="750.94" meanTravelTime="428.50" meanSpeed="19.23" meanSpeedRelative="0.60" duration="94"/>
    <step time="65100.00" loaded="76312" inserted="75469" running="190" waiting="843" ended="75279" arrived="75279" collisions="222" teleports="222" halting="1" stopped="0" meanWaitingTime="759.78" meanTravelTime="428.35" meanSpeed="23.22" meanSpeedRelative="0.73" duration="2"/>
    <step time="65400.00" loaded="76356" inserted="75632" running="148" waiting="724" ended="75484" arrived="75484" collisions="222" teleports="222" halting="0" stopped="0" meanWaitingTime="767.68" meanTravelTime="428.23" meanSpeed="24.21" meanSpeedRelative="0.76" duration="1"/>
    <step time="65700.00" loaded="76406" inserted="75797" running="139" waiting="609" ended="75658" arrived="75658" collisions="222" teleports="222" halting="2" stopped="0" meanWaitingTime="775.92" meanTravelTime="427.99" meanSpeed="22.86" meanSpeedRelative="0.71" duration="1"/>
    <step time="66000.00" loaded="76451" inserted="75965" running="149" waiting="486" ended="75816" arrived="75816" collisions="222" teleports="222" halting="0" stopped="0" meanWaitingTime="783.47" meanTravelTime="427.65" meanSpeed="23.85" meanSpeedRelative="0.75" duration="1"/>
    <step time="66300.00" loaded="76500" inserted="76136" running="146" waiting="364" ended="75990" arrived="75990" collisions="223" teleports="223" halting="0" stopped="0" meanWaitingTime="789.53" meanTravelTime="427.22" meanSpeed="24.03" meanSpeedRelative="0.75" duration="0"/>
    <step time="66600.00" loaded="76542" inserted="76276" running="116" waiting="266" ended="76160" arrived="76160" collisions="223" teleports="223" halting="2" stopped="0" meanWaitingTime="794.03" meanTravelTime="426.87" meanSpeed="22.52" meanSpeedRelative="0.70" duration="1"/>
    <step time="66900.00" loaded="76594" inserted="76385" running="60" waiting="209" ended="76325" arrived="76325" collisions="223" teleports="223" halting="0" stopped="0" meanWaitingTime="797.99" meanTravelTime="426.51" meanSpeed="21.22" meanSpeedRelative="0.66" duration="1"/>
    <step time="67200.00" loaded="76659" inserted="76506" running="63" waiting="153" ended="76443" arrived="76443" collisions="223" teleports="223" halting="0" stopped="0" meanWaitingTime="801.72" meanTravelTime="426.17" meanSpeed="23.26" meanSpeedRelative="0.73" duration="1"/>
    <step time="67500.00" loaded="76707" inserted="76607" running="53" waiting="100" ended="76554" arrived="76554" collisions="223" teleports="223" halting="0" stopped="0" meanWaitingTime="805.51" meanTravelTime="425.79" meanSpeed="22.95" meanSpeedRelative="0.72" duration="1"/>
    <step time="67800.00" loaded="76763" inserted="76722" running="62" waiting="41" ended="76660" arrived="76660" collisions="223" teleports="223" halting="0" stopped="0" meanWaitingTime="807.44" meanTravelTime="425.38" meanSpeed="24.17" meanSpeedRelative="0.76" duration="0"/>
    <step time="68100.00" loaded="76821" inserted="76821" running="40" waiting="0" ended="76781" arrived="76781" collisions="223" teleports="223" halting="0" stopped="0" meanWaitingTime="807.00" meanTravelTime="425.00" meanSpeed="26.37" meanSpeedRelative="0.82" duration="0"/>
    <step time="68400.00" loaded="76875" inserted="76875" running="45" waiting="0" ended="76830" arrived="76830" collisions="223" teleports="223" halting="0" stopped="0" meanWaitingTime="806.44" meanTravelTime="424.90" meanSpeed="25.62" meanSpeedRelative="0.80" duration="87"/>
    <step time="68700.00" loaded="77054" inserted="77054" running="134" waiting="0" ended="76920" arrived="76920" collisions="225" teleports="225" halting="0" stopped="0" meanWaitingTime="804.56" meanTravelTime="424.61" meanSpeed="24.64" meanSpeedRelative="0.77" duration="1"/>
    <step time="69000.00" loaded="77208" inserted="77208" running="145" waiting="0" ended="77063" arrived="77063" collisions="225" teleports="225" halting="0" stopped="0" meanWaitingTime="802.96" meanTravelTime="424.26" meanSpeed="26.52" meanSpeedRelative="0.83" duration="1"/>
    <step time="69300.00" loaded="77373" inserted="77372" running="129" waiting="1" ended="77243" arrived="77243" collisions="225" teleports="225" halting="0" stopped="0" meanWaitingTime="801.26" meanTravelTime="423.87" meanSpeed="25.12" meanSpeedRelative="0.79" duration="2"/>
    <step time="69600.00" loaded="77520" inserted="77520" running="116" waiting="0" ended="77404" arrived="77404" collisions="225" teleports="225" halting="1" stopped="0" meanWaitingTime="799.73" meanTravelTime="423.54" meanSpeed="25.76" meanSpeedRelative="0.80" duration="1"/>
    <step time="69900.00" loaded="77658" inserted="77658" running="112" waiting="0" ended="77546" arrived="77546" collisions="225" teleports="225" halting="0" stopped="0" meanWaitingTime="798.31" meanTravelTime="423.19" meanSpeed="25.76" meanSpeedRelative="0.80" duration="1"/>
    <step time="70200.00" loaded="77818" inserted="77818" running="145" waiting="0" ended="77673" arrived="77673" collisions="226" teleports="226" halting="0" stopped="0" meanWaitingTime="796.67" meanTravelTime="422.88" meanSpeed="25.74" meanSpeedRelative="0.80" duration="1"/>
    <step time="70500.00" loaded="77980" inserted="77980" running="147" waiting="0" ended="77833" arrived="77833" collisions="226" teleports="226" halting="1" stopped="0" meanWaitingTime="795.02" meanTravelTime="422.50" meanSpeed="25.04" meanSpeedRelative="0.78" duration="1"/>
    <step time="70800.00" loaded="78136" inserted="78136" running="130" waiting="0" ended="78006" arrived="78006" collisions="226" teleports="226" halting="1" stopped="0" meanWaitingTime="793.43" meanTravelTime="422.14" meanSpeed="25.72" meanSpeedRelative="0.80" duration="1"/>
    <step time="71100.00" loaded="78291" inserted="78291" running="144" waiting="0" ended="78147" arrived="78147" collisions="226" teleports="226" halting="3" stopped="0" meanWaitingTime="791.86" meanTravelTime="421.86" meanSpeed="25.43" meanSpeedRelative="0.79" duration="0"/>
    <step time="71400.00" loaded="78433" inserted="78433" running="125" waiting="0" ended="78308" arrived="78308" collisions="227" teleports="227" halting="0" stopped="0" meanWaitingTime="790.42" meanTravelTime="421.54" meanSpeed="25.45" meanSpeedRelative="0.80" duration="1"/>
    <step time="71700.00" loaded="78600" inserted="78600" running="136" waiting="0" ended="78464" arrived="78464" collisions="227" teleports="227" halting="0" stopped="0" meanWaitingTime="788.75" meanTravelTime="421.19" meanSpeed="25.61" meanSpeedRelative="0.80" duration="1"/>
    <step time="72000.00" loaded="78743" inserted="78743" running="121" waiting="0" ended="78622" arrived="78622" collisions="227" teleports="227" halting="0" stopped="0" meanWaitingTime="787.31" meanTravelTime="420.90" meanSpeed="25.19" meanSpeedRelative="0.79" duration="82"/>
    <step time="72300.00" loaded="78882" inserted="78882" running="127" waiting="0" ended="78755" arrived="78755" collisions="227" teleports="227" halting="0" stopped="0" meanWaitingTime="785.93" meanTravelTime="420.65" meanSpeed="26.47" meanSpeedRelative="0.83" duration="0"/>
    <step time="72600.00" loaded="79012" inserted="79012" running="111" waiting="0" ended="78901" arrived="78901" collisions="227" teleports="227" halting="0" stopped="0" meanWaitingTime="784.63" meanTravelTime="420.36" meanSpeed="26.03" meanSpeedRelative="0.81" duration="0"/>
    <step time="72900.00" loaded="79149" inserted="79149" running="118" waiting="0" ended="79031" arrived="79031" collisions="227" teleports="227" halting="1" stopped="0" meanWaitingTime="783.28" meanTravelTime="420.15" meanSpeed="26.00" meanSpeedRelative="0.81" duration="1"/>
    <step time="73200.00" loaded="79290" inserted="79290" running="129" waiting="0" ended="79161" arrived="79161" collisions="227" teleports="227" halting="0" stopped="0" meanWaitingTime="781.88" meanTravelTime="419.89" meanSpeed="24.35" meanSpeedRelative="0.76" duration="0"/>
    <step time="73500.00" loaded="79423" inserted="79423" running="107" waiting="0" ended="79316" arrived="79316" collisions="227" teleports="227" halting="0" stopped="0" meanWaitingTime="780.57" meanTravelTime="419.56" meanSpeed="25.70" meanSpeedRelative="0.80" duration="0"/>
    <step time="73800.00" loaded="79545" inserted="79545" running="104" waiting="0" ended="79441" arrived="79441" collisions="227" teleports="227" halting="1" stopped="0" meanWaitingTime="779.38" meanTravelTime="419.30" meanSpeed="25.22" meanSpeedRelative="0.79" duration="1"/>
    <step time="74100.00" loaded="79682" inserted="79682" running="121" waiting="0" ended="79561" arrived="79561" collisions="227" teleports="227" halting="0" stopped="0" meanWaitingTime="778.04" meanTravelTime="419.06" meanSpeed="25.98" meanSpeedRelative="0.81" duration="0"/>
    <step time="74400.00" loaded="79819" inserted="79819" running="115" waiting="0" ended="79704" arrived="79704" collisions="227" teleports="227" halting="1" stopped="0" meanWaitingTime="776.70" meanTravelTime="418.79" meanSpeed="26.53" meanSpeedRelative="0.83" duration="1"/>
    <step time="74700.00" loaded="79950" inserted="79950" running="116" waiting="0" ended="79834" arrived="79834" collisions="227" teleports="227" halting="0" stopped="0" meanWaitingTime="775.43" meanTravelTime="418.56" meanSpeed="26.37" meanSpeedRelative="0.82" duration="1"/>
    <step time="75000.00" loaded="80096" inserted="80096" running="111" waiting="0" ended="79985" arrived="79985" collisions="227" teleports="227" halting="0" stopped="0" meanWaitingTime="774.02" meanTravelTime="418.25" meanSpeed="26.20" meanSpeedRelative="0.82" duration="1"/>
    <step time="75300.00" loaded="80237" inserted="80237" running="125" waiting="0" ended="80112" arrived="80112" collisions="227" teleports="227" halting="0" stopped="0" meanWaitingTime="772.66" meanTravelTime="418.00" meanSpeed="25.40" meanSpeedRelative="0.79" duration="1"/>
    <step time="75600.00" loaded="80380" inserted="80380" running="128" waiting="0" ended="80252" arrived="80252" collisions="227" teleports="227" halting="0" stopped="0" meanWaitingTime="771.29" meanTravelTime="417.71" meanSpeed="25.83" meanSpeedRelative="0.81" duration="82"/>
    <step time="75900.00" loaded="80572" inserted="80572" running="161" waiting="0" ended="80411" arrived="80411" collisions="227" teleports="227" halting="0" stopped="0" meanWaitingTime="769.45" meanTravelTime="417.36" meanSpeed="25.59" meanSpeedRelative="0.80" duration="1"/>
    <step time="76200.00" loaded="80768" inserted="80768" running="155" waiting="0" ended="80613" arrived="80613" collisions="228" teleports="228" halting="0" stopped="0" meanWaitingTime="767.58" meanTravelTime="416.95" meanSpeed="26.02" meanSpeedRelative="0.81" duration="1"/>
    <step time="76500.00" loaded="80940" inserted="80940" running="150" waiting="0" ended="80790" arrived="80790" collisions="228" teleports="228" halting="0" stopped="0" meanWaitingTime="765.95" meanTravelTime="416.55" meanSpeed="25.65" meanSpeedRelative="0.80" duration="1"/>
    <step time="76800.00" loaded="81127" inserted="81127" running="168" waiting="0" ended="80959" arrived="80959" collisions="228" teleports="228" halting="1" stopped="0" meanWaitingTime="764.19" meanTravelTime="416.24" meanSpeed="25.29" meanSpeedRelative="0.79" duration="1"/>
    <step time="77100.00" loaded="81307" inserted="81307" running="139" waiting="0" ended="81168" arrived="81168" collisions="228" teleports="228" halting="0" stopped="0" meanWaitingTime="762.50" meanTravelTime="415.80" meanSpeed="24.87" meanSpeedRelative="0.78" duration="0"/>
    <step time="77400.00" loaded="81490" inserted="81490" running="166" waiting="0" ended="81324" arrived="81324" collisions="228" teleports="228" halting="1" stopped="0" meanWaitingTime="760.78" meanTravelTime="415.57" meanSpeed="24.95" meanSpeedRelative="0.78" duration="1"/>
    <step time="77700.00" loaded="81671" inserted="81671" running="161" waiting="0" ended="81510" arrived="81510" collisions="228" teleports="228" halting="0" stopped="0" meanWaitingTime="759.10" meanTravelTime="415.25" meanSpeed="24.76" meanSpeedRelative="0.77" duration="0"/>
    <step time="78000.00" loaded="81887" inserted="81887" running="171" waiting="0" ended="81716" arrived="81716" collisions="228" teleports="228" halting="1" stopped="0" meanWaitingTime="757.10" meanTravelTime="414.81" meanSpeed="25.00" meanSpeedRelative="0.78" duration="1"/>
    <step time="78300.00" loaded="82074" inserted="82074" running="169" waiting="0" ended="81905" arrived="81905" collisions="229" teleports="229" halting="0" stopped="0" meanWaitingTime="755.37" meanTravelTime="414.44" meanSpeed="24.90" meanSpeedRelative="0.78" duration="1"/>
    <step time="78600.00" loaded="82277" inserted="82277" running="178" waiting="0" ended="82099" arrived="82099" collisions="229" teleports="229" halting="0" stopped="0" meanWaitingTime="753.51" meanTravelTime="414.09" meanSpeed="24.86" meanSpeedRelative="0.78" duration="1"/>
    <step time="78900.00" loaded="82457" inserted="82455" running="151" waiting="2" ended="82304" arrived="82304" collisions="229" teleports="229" halting="2" stopped="0" meanWaitingTime="751.89" meanTravelTime="413.67" meanSpeed="24.95" meanSpeedRelative="0.78" duration="1"/>
    <step time="79200.00" loaded="82661" inserted="82661" running="167" waiting="0" ended="82494" arrived="82494" collisions="229" teleports="229" halting="1" stopped="0" meanWaitingTime="750.01" meanTravelTime="413.33" meanSpeed="25.80" meanSpeedRelative="0.81" duration="84"/>
    <step time="79500.00" loaded="82842" inserted="82840" running="161" waiting="2" ended="82679" arrived="82679" collisions="229" teleports="229" halting="1" stopped="0" meanWaitingTime="748.39" meanTravelTime="413.01" meanSpeed="25.36" meanSpeedRelative="0.79" duration="1"/>
    <step time="79800.00" loaded="83015" inserted="83015" running="161" waiting="0" ended="82854" arrived="82854" collisions="230" teleports="230" halting="0" stopped="0" meanWaitingTime="746.82" meanTravelTime="412.72" meanSpeed="25.55" meanSpeedRelative="0.80" duration="1"/>
    <step time="80100.00" loaded="83180" inserted="83179" running="142" waiting="1" ended="83037" arrived="83037" collisions="230" teleports="230" halting="1" stopped="0" meanWaitingTime="745.35" meanTravelTime="412.44" meanSpeed="25.77" meanSpeedRelative="0.81" duration="1"/>
    <step time="80400.00" loaded="83352" inserted="83351" running="171" waiting="1" ended="83180" arrived="83180" collisions="230" teleports="230" halting="0" stopped="0" meanWaitingTime="743.81" meanTravelTime="412.23" meanSpeed="25.32" meanSpeedRelative="0.79" duration="1"/>
    <step time="80700.00" loaded="83511" inserted="83511" running="157" waiting="0" ended="83354" arrived="83354" collisions="230" teleports="230" halting="0" stopped="0" meanWaitingTime="742.38" meanTravelTime="411.93" meanSpeed="25.23" meanSpeedRelative="0.79" duration="1"/>
    <step time="81000.00" loaded="83687" inserted="83687" running="151" waiting="0" ended="83536" arrived="83536" collisions="230" teleports="230" halting="0" stopped="0" meanWaitingTime="740.82" meanTravelTime="411.62" meanSpeed="26.22" meanSpeedRelative="0.82" duration="1"/>
    <step time="81300.00" loaded="83863" inserted="83861" running="147" waiting="2" ended="83714" arrived="83714" collisions="230" teleports="230" halting="0" stopped="0" meanWaitingTime="739.29" meanTravelTime="411.32" meanSpeed="25.32" meanSpeedRelative="0.79" duration="1"/>
    <step time="81600.00" loaded="84053" inserted="84053" running="161" waiting="0" ended="83892" arrived="83892" collisions="230" teleports="230" halting="0" stopped="0" meanWaitingTime="737.60" meanTravelTime="410.97" meanSpeed="25.94" meanSpeedRelative="0.81" duration="1"/>
    <step time="81900.00" loaded="84224" inserted="84224" running="140" waiting="0" ended="84084" arrived="84084" collisions="230" teleports="230" halting="1" stopped="0" meanWaitingTime="736.10" meanTravelTime="410.61" meanSpeed="25.52" meanSpeedRelative="0.80" duration="1"/>
    <step time="82200.00" loaded="84389" inserted="84389" running="130" waiting="0" ended="84259" arrived="84259" collisions="230" teleports="230" halting="1" stopped="0" meanWaitingTime="734.67" meanTravelTime="410.24" meanSpeed="26.25" meanSpeedRelative="0.82" duration="1"/>
    <step time="82500.00" loaded="84555" inserted="84555" running="140" waiting="0" ended="84415" arrived="84415" collisions="230" teleports="230" halting="0" stopped="0" meanWaitingTime="733.22" meanTravelTime="409.94" meanSpeed="24.47" meanSpeedRelative="0.76" duration="1"/>
</summary>
