<?xml version="1.0" encoding="UTF-8"?>

<!-- generated on 2025-08-07 15:18:06 by Eclipse SUMO sumo Version 1.23.1
<sumoConfiguration xmlns:xsi="http://www.w3.org/2001/XMLSchema-instance" xsi:noNamespaceSchemaLocation="http://sumo.dlr.de/xsd/sumoConfiguration.xsd">

    <input>
        <net-file value="Desktop\Master Thesis\Network_fin.net.xml"/>
        <route-files value="Desktop\Master Thesis\demand_model_amsterdam.rou.xml"/>
        <additional-files value="Desktop\Master Thesis\Additionnal.add.xml"/>
    </input>

    <output>
        <summary-output value="outputf/summary_no_control_K16_target5_22644.xml"/>
        <summary-output.period value="300"/>
        <tripinfo-output value="outputf/tripinfo_no_control_K16_target5_22644.xml"/>
    </output>

    <time>
        <begin value="0"/>
        <end value="82800"/>
        <step-length value="1"/>
    </time>

    <processing>
        <time-to-teleport value="-1"/>
    </processing>

    <report>
        <verbose value="true"/>
        <no-step-log value="true"/>
    </report>

    <emissions>
        <device.emissions.period value="10"/>
    </emissions>

    <traci_server>
        <remote-port value="63767"/>
    </traci_server>

    <random_number>
        <seed value="22644"/>
    </random_number>

</sumoConfiguration>
-->

<summary xmlns:xsi="http://www.w3.org/2001/XMLSchema-instance" xsi:noNamespaceSchemaLocation="http://sumo.dlr.de/xsd/summary_file.xsd">
    <step time="0.00" loaded="0" inserted="0" running="0" waiting="0" ended="0" arrived="0" collisions="0" teleports="0" halting="0" stopped="0" meanWaitingTime="-1.00" meanTravelTime="-1.00" meanSpeed="-1.00" meanSpeedRelative="-1.00" duration="0"/>
    <step time="300.00" loaded="175" inserted="175" running="106" waiting="0" ended="69" arrived="69" collisions="0" teleports="0" halting="1" stopped="0" meanWaitingTime="0.31" meanTravelTime="98.09" meanSpeed="25.29" meanSpeedRelative="0.79" duration="1"/>
    <step time="600.00" loaded="339" inserted="339" running="141" waiting="0" ended="198" arrived="198" collisions="0" teleports="0" halting="1" stopped="0" meanWaitingTime="0.34" meanTravelTime="154.49" meanSpeed="24.91" meanSpeedRelative="0.78" duration="1"/>
    <step time="900.00" loaded="523" inserted="523" running="153" waiting="0" ended="370" arrived="370" collisions="1" teleports="1" halting="2" stopped="0" meanWaitingTime="0.48" meanTravelTime="184.34" meanSpeed="24.86" meanSpeedRelative="0.78" duration="2"/>
    <step time="1200.00" loaded="711" inserted="711" running="161" waiting="0" ended="550" arrived="550" collisions="1" teleports="1" halting="1" stopped="0" meanWaitingTime="0.46" meanTravelTime="212.04" meanSpeed="25.05" meanSpeedRelative="0.78" duration="1"/>
    <step time="1500.00" loaded="910" inserted="910" running="178" waiting="0" ended="732" arrived="732" collisions="1" teleports="1" halting="1" stopped="0" meanWaitingTime="0.46" meanTravelTime="223.66" meanSpeed="25.23" meanSpeedRelative="0.79" duration="1"/>
    <step time="1800.00" loaded="1107" inserted="1107" running="179" waiting="0" ended="928" arrived="928" collisions="1" teleports="1" halting="1" stopped="0" meanWaitingTime="0.46" meanTravelTime="231.91" meanSpeed="24.74" meanSpeedRelative="0.77" duration="1"/>
    <step time="2100.00" loaded="1270" inserted="1270" running="154" waiting="0" ended="1116" arrived="1116" collisions="1" teleports="1" halting="0" stopped="0" meanWaitingTime="0.44" meanTravelTime="238.55" meanSpeed="25.16" meanSpeedRelative="0.79" duration="0"/>
    <step time="2400.00" loaded="1443" inserted="1443" running="159" waiting="0" ended="1284" arrived="1284" collisions="1" teleports="1" halting="0" stopped="0" meanWaitingTime="0.43" meanTravelTime="242.14" meanSpeed="24.56" meanSpeedRelative="0.77" duration="1"/>
    <step time="2700.00" loaded="1617" inserted="1616" running="139" waiting="1" ended="1477" arrived="1477" collisions="1" teleports="1" halting="1" stopped="0" meanWaitingTime="0.41" meanTravelTime="248.42" meanSpeed="25.18" meanSpeedRelative="0.79" duration="1"/>
    <step time="3000.00" loaded="1799" inserted="1799" running="166" waiting="0" ended="1633" arrived="1633" collisions="1" teleports="1" halting="0" stopped="0" meanWaitingTime="0.42" meanTravelTime="248.64" meanSpeed="24.41" meanSpeedRelative="0.76" duration="1"/>
    <step time="3300.00" loaded="1961" inserted="1961" running="156" waiting="0" ended="1805" arrived="1805" collisions="2" teleports="2" halting="0" stopped="0" meanWaitingTime="0.40" meanTravelTime="249.62" meanSpeed="24.24" meanSpeedRelative="0.76" duration="1"/>
    <step time="3600.00" loaded="2150" inserted="2150" running="174" waiting="0" ended="1976" arrived="1976" collisions="2" teleports="2" halting="1" stopped="0" meanWaitingTime="0.40" meanTravelTime="250.48" meanSpeed="26.10" meanSpeedRelative="0.82" duration="84"/>
    <step time="3900.00" loaded="2276" inserted="2276" running="115" waiting="0" ended="2161" arrived="2161" collisions="2" teleports="2" halting="0" stopped="0" meanWaitingTime="0.40" meanTravelTime="255.01" meanSpeed="25.44" meanSpeedRelative="0.79" duration="1"/>
    <step time="4200.00" loaded="2398" inserted="2398" running="110" waiting="0" ended="2288" arrived="2288" collisions="2" teleports="2" halting="0" stopped="0" meanWaitingTime="0.39" meanTravelTime="257.54" meanSpeed="26.54" meanSpeedRelative="0.83" duration="1"/>
    <step time="4500.00" loaded="2530" inserted="2529" running="109" waiting="1" ended="2420" arrived="2420" collisions="2" teleports="2" halting="2" stopped="0" meanWaitingTime="0.39" meanTravelTime="257.85" meanSpeed="24.87" meanSpeedRelative="0.78" duration="1"/>
    <step time="4800.00" loaded="2632" inserted="2632" running="89" waiting="0" ended="2543" arrived="2543" collisions="3" teleports="3" halting="0" stopped="0" meanWaitingTime="0.39" meanTravelTime="258.66" meanSpeed="25.30" meanSpeedRelative="0.79" duration="1"/>
    <step time="5100.00" loaded="2730" inserted="2730" running="83" waiting="0" ended="2647" arrived="2647" collisions="4" teleports="4" halting="0" stopped="0" meanWaitingTime="0.38" meanTravelTime="258.96" meanSpeed="25.70" meanSpeedRelative="0.80" duration="1"/>
    <step time="5400.00" loaded="2824" inserted="2824" running="79" waiting="0" ended="2745" arrived="2745" collisions="4" teleports="4" halting="0" stopped="0" meanWaitingTime="0.37" meanTravelTime="258.21" meanSpeed="25.89" meanSpeedRelative="0.81" duration="0"/>
    <step time="5700.00" loaded="2940" inserted="2939" running="90" waiting="1" ended="2849" arrived="2849" collisions="4" teleports="4" halting="0" stopped="0" meanWaitingTime="0.36" meanTravelTime="257.73" meanSpeed="25.90" meanSpeedRelative="0.81" duration="0"/>
    <step time="6000.00" loaded="3044" inserted="3044" running="67" waiting="0" ended="2977" arrived="2977" collisions="4" teleports="4" halting="0" stopped="0" meanWaitingTime="0.36" meanTravelTime="256.24" meanSpeed="26.24" meanSpeedRelative="0.82" duration="1"/>
    <step time="6300.00" loaded="3166" inserted="3166" running="98" waiting="0" ended="3068" arrived="3068" collisions="4" teleports="4" halting="1" stopped="0" meanWaitingTime="0.35" meanTravelTime="254.81" meanSpeed="24.81" meanSpeedRelative="0.78" duration="0"/>
    <step time="6600.00" loaded="3286" inserted="3286" running="101" waiting="0" ended="3185" arrived="3185" collisions="4" teleports="4" halting="0" stopped="0" meanWaitingTime="0.35" meanTravelTime="254.68" meanSpeed="25.37" meanSpeedRelative="0.79" duration="1"/>
    <step time="6900.00" loaded="3415" inserted="3415" running="112" waiting="0" ended="3303" arrived="3303" collisions="4" teleports="4" halting="0" stopped="0" meanWaitingTime="0.35" meanTravelTime="253.51" meanSpeed="25.26" meanSpeedRelative="0.79" duration="1"/>
    <step time="7200.00" loaded="3543" inserted="3542" running="119" waiting="1" ended="3423" arrived="3423" collisions="4" teleports="4" halting="0" stopped="0" meanWaitingTime="0.35" meanTravelTime="253.84" meanSpeed="24.76" meanSpeedRelative="0.77" duration="85"/>
    <step time="7500.00" loaded="3692" inserted="3692" running="131" waiting="0" ended="3561" arrived="3561" collisions="4" teleports="4" halting="0" stopped="0" meanWaitingTime="0.35" meanTravelTime="253.52" meanSpeed="24.47" meanSpeedRelative="0.76" duration="1"/>
    <step time="7800.00" loaded="3842" inserted="3842" running="125" waiting="0" ended="3717" arrived="3717" collisions="4" teleports="4" halting="2" stopped="0" meanWaitingTime="0.36" meanTravelTime="253.77" meanSpeed="25.07" meanSpeedRelative="0.78" duration="1"/>
    <step time="8100.00" loaded="3983" inserted="3983" running="119" waiting="0" ended="3864" arrived="3864" collisions="4" teleports="4" halting="0" stopped="0" meanWaitingTime="0.36" meanTravelTime="254.56" meanSpeed="23.93" meanSpeedRelative="0.75" duration="1"/>
    <step time="8400.00" loaded="4152" inserted="4152" running="130" waiting="0" ended="4022" arrived="4022" collisions="4" teleports="4" halting="1" stopped="0" meanWaitingTime="0.38" meanTravelTime="253.29" meanSpeed="24.29" meanSpeedRelative="0.76" duration="1"/>
    <step time="8700.00" loaded="4326" inserted="4325" running="150" waiting="1" ended="4175" arrived="4175" collisions="4" teleports="4" halting="1" stopped="0" meanWaitingTime="0.38" meanTravelTime="253.14" meanSpeed="25.27" meanSpeedRelative="0.79" duration="1"/>
    <step time="9000.00" loaded="4483" inserted="4483" running="133" waiting="0" ended="4350" arrived="4350" collisions="4" teleports="4" halting="1" stopped="0" meanWaitingTime="0.39" meanTravelTime="253.34" meanSpeed="25.13" meanSpeedRelative="0.79" duration="1"/>
    <step time="9300.00" loaded="4612" inserted="4612" running="127" waiting="0" ended="4485" arrived="4485" collisions="4" teleports="4" halting="1" stopped="0" meanWaitingTime="0.39" meanTravelTime="253.02" meanSpeed="24.75" meanSpeedRelative="0.77" duration="1"/>
    <step time="9600.00" loaded="4758" inserted="4758" running="127" waiting="0" ended="4631" arrived="4631" collisions="4" teleports="4" halting="0" stopped="0" meanWaitingTime="0.38" meanTravelTime="253.89" meanSpeed="25.02" meanSpeedRelative="0.78" duration="1"/>
    <step time="9900.00" loaded="4908" inserted="4907" running="123" waiting="1" ended="4784" arrived="4784" collisions="4" teleports="4" halting="0" stopped="0" meanWaitingTime="0.38" meanTravelTime="254.38" meanSpeed="24.83" meanSpeedRelative="0.78" duration="1"/>
    <step time="10200.00" loaded="5058" inserted="5058" running="122" waiting="0" ended="4936" arrived="4936" collisions="4" teleports="4" halting="0" stopped="0" meanWaitingTime="0.37" meanTravelTime="254.23" meanSpeed="26.00" meanSpeedRelative="0.81" duration="1"/>
    <step time="10500.00" loaded="5221" inserted="5221" running="135" waiting="0" ended="5086" arrived="5086" collisions="4" teleports="4" halting="0" stopped="0" meanWaitingTime="0.38" meanTravelTime="253.73" meanSpeed="25.94" meanSpeedRelative="0.81" duration="1"/>
    <step time="10800.00" loaded="5380" inserted="5379" running="133" waiting="1" ended="5246" arrived="5246" collisions="4" teleports="4" halting="0" stopped="0" meanWaitingTime="0.38" meanTravelTime="253.51" meanSpeed="25.54" meanSpeedRelative="0.80" duration="87"/>
    <step time="11100.00" loaded="5522" inserted="5522" running="117" waiting="0" ended="5405" arrived="5405" collisions="4" teleports="4" halting="3" stopped="0" meanWaitingTime="0.38" meanTravelTime="253.96" meanSpeed="26.03" meanSpeedRelative="0.81" duration="2"/>
    <step time="11400.00" loaded="5674" inserted="5674" running="115" waiting="0" ended="5559" arrived="5559" collisions="5" teleports="5" halting="0" stopped="0" meanWaitingTime="0.38" meanTravelTime="253.80" meanSpeed="24.61" meanSpeedRelative="0.77" duration="1"/>
    <step time="11700.00" loaded="5838" inserted="5838" running="113" waiting="0" ended="5725" arrived="5725" collisions="5" teleports="5" halting="0" stopped="0" meanWaitingTime="0.37" meanTravelTime="252.44" meanSpeed="25.42" meanSpeedRelative="0.79" duration="1"/>
    <step time="12000.00" loaded="5978" inserted="5978" running="113" waiting="0" ended="5865" arrived="5865" collisions="5" teleports="5" halting="1" stopped="0" meanWaitingTime="0.38" meanTravelTime="251.62" meanSpeed="25.10" meanSpeedRelative="0.78" duration="1"/>
    <step time="12300.00" loaded="6140" inserted="6140" running="117" waiting="0" ended="6023" arrived="6023" collisions="5" teleports="5" halting="2" stopped="0" meanWaitingTime="0.39" meanTravelTime="251.51" meanSpeed="25.59" meanSpeedRelative="0.80" duration="1"/>
    <step time="12600.00" loaded="6267" inserted="6267" running="102" waiting="0" ended="6165" arrived="6165" collisions="5" teleports="5" halting="0" stopped="0" meanWaitingTime="0.39" meanTravelTime="250.94" meanSpeed="25.16" meanSpeedRelative="0.79" duration="0"/>
    <step time="12900.00" loaded="6417" inserted="6417" running="103" waiting="0" ended="6314" arrived="6314" collisions="5" teleports="5" halting="0" stopped="0" meanWaitingTime="0.39" meanTravelTime="250.18" meanSpeed="24.91" meanSpeedRelative="0.78" duration="0"/>
    <step time="13200.00" loaded="6564" inserted="6564" running="116" waiting="0" ended="6448" arrived="6448" collisions="5" teleports="5" halting="1" stopped="0" meanWaitingTime="0.39" meanTravelTime="249.58" meanSpeed="25.54" meanSpeedRelative="0.80" duration="1"/>
    <step time="13500.00" loaded="6693" inserted="6693" running="95" waiting="0" ended="6598" arrived="6598" collisions="5" teleports="5" halting="1" stopped="0" meanWaitingTime="0.38" meanTravelTime="249.06" meanSpeed="25.84" meanSpeedRelative="0.81" duration="1"/>
    <step time="13800.00" loaded="6825" inserted="6825" running="99" waiting="0" ended="6726" arrived="6726" collisions="5" teleports="5" halting="0" stopped="0" meanWaitingTime="0.38" meanTravelTime="248.94" meanSpeed="25.40" meanSpeedRelative="0.79" duration="1"/>
    <step time="14100.00" loaded="6960" inserted="6960" running="94" waiting="0" ended="6866" arrived="6866" collisions="5" teleports="5" halting="0" stopped="0" meanWaitingTime="0.38" meanTravelTime="247.83" meanSpeed="25.52" meanSpeedRelative="0.80" duration="0"/>
    <step time="14400.00" loaded="7120" inserted="7120" running="122" waiting="0" ended="6998" arrived="6998" collisions="5" teleports="5" halting="0" stopped="0" meanWaitingTime="0.38" meanTravelTime="247.47" meanSpeed="24.88" meanSpeedRelative="0.78" duration="85"/>
    <step time="14700.00" loaded="7227" inserted="7227" running="91" waiting="0" ended="7136" arrived="7136" collisions="5" teleports="5" halting="0" stopped="0" meanWaitingTime="0.37" meanTravelTime="246.97" meanSpeed="24.97" meanSpeedRelative="0.78" duration="0"/>
    <step time="15000.00" loaded="7328" inserted="7328" running="74" waiting="0" ended="7254" arrived="7254" collisions="5" teleports="5" halting="0" stopped="0" meanWaitingTime="0.37" meanTravelTime="247.15" meanSpeed="25.90" meanSpeedRelative="0.81" duration="1"/>
    <step time="15300.00" loaded="7417" inserted="7417" running="66" waiting="0" ended="7351" arrived="7351" collisions="5" teleports="5" halting="0" stopped="0" meanWaitingTime="0.37" meanTravelTime="247.06" meanSpeed="26.18" meanSpeedRelative="0.82" duration="0"/>
    <step time="15600.00" loaded="7507" inserted="7506" running="66" waiting="1" ended="7440" arrived="7440" collisions="5" teleports="5" halting="1" stopped="0" meanWaitingTime="0.37" meanTravelTime="246.93" meanSpeed="25.54" meanSpeedRelative="0.80" duration="0"/>
    <step time="15900.00" loaded="7588" inserted="7588" running="59" waiting="0" ended="7529" arrived="7529" collisions="5" teleports="5" halting="1" stopped="0" meanWaitingTime="0.36" meanTravelTime="246.77" meanSpeed="25.34" meanSpeedRelative="0.79" duration="1"/>
    <step time="16200.00" loaded="7676" inserted="7676" running="67" waiting="0" ended="7609" arrived="7609" collisions="5" teleports="5" halting="0" stopped="0" meanWaitingTime="0.36" meanTravelTime="246.17" meanSpeed="24.46" meanSpeedRelative="0.76" duration="0"/>
    <step time="16500.00" loaded="7786" inserted="7786" running="84" waiting="0" ended="7702" arrived="7702" collisions="5" teleports="5" halting="1" stopped="0" meanWaitingTime="0.36" meanTravelTime="245.93" meanSpeed="24.04" meanSpeedRelative="0.75" duration="1"/>
    <step time="16800.00" loaded="7905" inserted="7905" running="78" waiting="0" ended="7827" arrived="7827" collisions="5" teleports="5" halting="0" stopped="0" meanWaitingTime="0.36" meanTravelTime="245.09" meanSpeed="26.82" meanSpeedRelative="0.84" duration="0"/>
    <step time="17100.00" loaded="7998" inserted="7998" running="57" waiting="0" ended="7941" arrived="7941" collisions="5" teleports="5" halting="0" stopped="0" meanWaitingTime="0.36" meanTravelTime="244.46" meanSpeed="25.46" meanSpeedRelative="0.80" duration="0"/>
    <step time="17400.00" loaded="8096" inserted="8096" running="69" waiting="0" ended="8027" arrived="8027" collisions="5" teleports="5" halting="0" stopped="0" meanWaitingTime="0.36" meanTravelTime="244.03" meanSpeed="25.08" meanSpeedRelative="0.78" duration="1"/>
    <step time="17700.00" loaded="8193" inserted="8193" running="69" waiting="0" ended="8124" arrived="8124" collisions="5" teleports="5" halting="0" stopped="0" meanWaitingTime="0.36" meanTravelTime="243.41" meanSpeed="24.54" meanSpeedRelative="0.77" duration="0"/>
    <step time="18000.00" loaded="8297" inserted="8297" running="70" waiting="0" ended="8227" arrived="8227" collisions="5" teleports="5" halting="1" stopped="0" meanWaitingTime="0.36" meanTravelTime="243.02" meanSpeed="26.40" meanSpeedRelative="0.83" duration="79"/>
    <step time="18300.00" loaded="8474" inserted="8474" running="133" waiting="0" ended="8341" arrived="8341" collisions="6" teleports="6" halting="2" stopped="0" meanWaitingTime="0.36" meanTravelTime="242.26" meanSpeed="25.85" meanSpeedRelative="0.81" duration="1"/>
    <step time="18600.00" loaded="8676" inserted="8676" running="165" waiting="0" ended="8511" arrived="8511" collisions="6" teleports="6" halting="0" stopped="0" meanWaitingTime="0.36" meanTravelTime="241.72" meanSpeed="25.41" meanSpeedRelative="0.79" duration="1"/>
    <step time="18900.00" loaded="8850" inserted="8850" running="147" waiting="0" ended="8703" arrived="8703" collisions="6" teleports="6" halting="1" stopped="0" meanWaitingTime="0.36" meanTravelTime="241.29" meanSpeed="25.47" meanSpeedRelative="0.80" duration="1"/>
    <step time="19200.00" loaded="9035" inserted="9035" running="149" waiting="0" ended="8886" arrived="8886" collisions="6" teleports="6" halting="1" stopped="0" meanWaitingTime="0.37" meanTravelTime="241.66" meanSpeed="24.76" meanSpeedRelative="0.77" duration="1"/>
    <step time="19500.00" loaded="9226" inserted="9226" running="161" waiting="0" ended="9065" arrived="9065" collisions="6" teleports="6" halting="1" stopped="0" meanWaitingTime="0.38" meanTravelTime="241.88" meanSpeed="25.47" meanSpeedRelative="0.80" duration="1"/>
    <step time="19800.00" loaded="9416" inserted="9416" running="155" waiting="0" ended="9261" arrived="9261" collisions="6" teleports="6" halting="1" stopped="0" meanWaitingTime="0.38" meanTravelTime="241.80" meanSpeed="25.66" meanSpeedRelative="0.80" duration="1"/>
    <step time="20100.00" loaded="9608" inserted="9608" running="151" waiting="0" ended="9457" arrived="9457" collisions="6" teleports="6" halting="0" stopped="0" meanWaitingTime="0.38" meanTravelTime="241.57" meanSpeed="25.12" meanSpeedRelative="0.79" duration="1"/>
    <step time="20400.00" loaded="9803" inserted="9803" running="151" waiting="0" ended="9652" arrived="9652" collisions="6" teleports="6" halting="3" stopped="0" meanWaitingTime="0.38" meanTravelTime="240.98" meanSpeed="24.48" meanSpeedRelative="0.77" duration="1"/>
    <step time="20700.00" loaded="10003" inserted="10002" running="164" waiting="1" ended="9838" arrived="9838" collisions="6" teleports="6" halting="0" stopped="0" meanWaitingTime="0.38" meanTravelTime="241.36" meanSpeed="25.11" meanSpeedRelative="0.78" duration="1"/>
    <step time="21000.00" loaded="10212" inserted="10211" running="167" waiting="1" ended="10044" arrived="10044" collisions="6" teleports="6" halting="0" stopped="0" meanWaitingTime="0.38" meanTravelTime="241.30" meanSpeed="24.94" meanSpeedRelative="0.78" duration="1"/>
    <step time="21300.00" loaded="10394" inserted="10393" running="151" waiting="1" ended="10242" arrived="10242" collisions="6" teleports="6" halting="0" stopped="0" meanWaitingTime="0.38" meanTravelTime="241.64" meanSpeed="25.05" meanSpeedRelative="0.78" duration="0"/>
    <step time="21600.00" loaded="10614" inserted="10614" running="157" waiting="0" ended="10457" arrived="10457" collisions="6" teleports="6" halting="2" stopped="0" meanWaitingTime="0.40" meanTravelTime="241.66" meanSpeed="24.82" meanSpeedRelative="0.78" duration="79"/>
    <step time="21900.00" loaded="11069" inserted="11044" running="326" waiting="25" ended="10718" arrived="10718" collisions="6" teleports="6" halting="1" stopped="0" meanWaitingTime="0.76" meanTravelTime="240.51" meanSpeed="22.24" meanSpeedRelative="0.70" duration="2"/>
    <step time="22200.00" loaded="11548" inserted="11503" running="435" waiting="45" ended="11068" arrived="11068" collisions="6" teleports="6" halting="2" stopped="0" meanWaitingTime="1.69" meanTravelTime="240.05" meanSpeed="21.05" meanSpeedRelative="0.66" duration="4"/>
    <step time="22500.00" loaded="11989" inserted="11931" running="474" waiting="58" ended="11457" arrived="11457" collisions="6" teleports="6" halting="0" stopped="0" meanWaitingTime="3.00" meanTravelTime="241.60" meanSpeed="20.90" meanSpeedRelative="0.65" duration="3"/>
    <step time="22800.00" loaded="12477" inserted="12395" running="516" waiting="82" ended="11879" arrived="11879" collisions="7" teleports="7" halting="2" stopped="0" meanWaitingTime="4.49" meanTravelTime="243.87" meanSpeed="19.08" meanSpeedRelative="0.60" duration="4"/>
    <step time="23100.00" loaded="12936" inserted="12832" running="538" waiting="104" ended="12294" arrived="12294" collisions="7" teleports="7" halting="1" stopped="0" meanWaitingTime="6.27" meanTravelTime="247.65" meanSpeed="19.62" meanSpeedRelative="0.61" duration="3"/>
    <step time="23400.00" loaded="13418" inserted="13265" running="524" waiting="153" ended="12741" arrived="12741" collisions="10" teleports="10" halting="1" stopped="0" meanWaitingTime="8.40" meanTravelTime="251.80" meanSpeed="18.91" meanSpeedRelative="0.59" duration="4"/>
    <step time="23700.00" loaded="13828" inserted="13673" running="505" waiting="155" ended="13168" arrived="13168" collisions="11" teleports="11" halting="1" stopped="0" meanWaitingTime="11.17" meanTravelTime="255.17" meanSpeed="19.72" meanSpeedRelative="0.62" duration="3"/>
    <step time="24000.00" loaded="14334" inserted="14116" running="549" waiting="218" ended="13567" arrived="13567" collisions="12" teleports="12" halting="2" stopped="0" meanWaitingTime="14.04" meanTravelTime="258.93" meanSpeed="17.86" meanSpeedRelative="0.56" duration="4"/>
    <step time="24300.00" loaded="14790" inserted="14537" running="523" waiting="253" ended="14014" arrived="14014" collisions="13" teleports="13" halting="1" stopped="0" meanWaitingTime="17.51" meanTravelTime="262.39" meanSpeed="18.44" meanSpeedRelative="0.58" duration="3"/>
    <step time="24600.00" loaded="15241" inserted="14958" running="496" waiting="283" ended="14462" arrived="14462" collisions="16" teleports="16" halting="1" stopped="0" meanWaitingTime="21.24" meanTravelTime="265.38" meanSpeed="19.86" meanSpeedRelative="0.62" duration="3"/>
    <step time="24900.00" loaded="15695" inserted="15381" running="483" waiting="314" ended="14898" arrived="14898" collisions="17" teleports="17" halting="0" stopped="0" meanWaitingTime="25.75" meanTravelTime="267.94" meanSpeed="18.41" meanSpeedRelative="0.58" duration="3"/>
    <step time="25200.00" loaded="16150" inserted="15813" running="484" waiting="337" ended="15329" arrived="15329" collisions="17" teleports="17" halting="1" stopped="0" meanWaitingTime="30.89" meanTravelTime="270.14" meanSpeed="19.19" meanSpeedRelative="0.60" duration="86"/>
    <step time="25500.00" loaded="16709" inserted="16299" running="545" waiting="410" ended="15754" arrived="15754" collisions="17" teleports="17" halting="0" stopped="0" meanWaitingTime="35.71" meanTravelTime="271.65" meanSpeed="19.17" meanSpeedRelative="0.60" duration="3"/>
    <step time="25800.00" loaded="17262" inserted="16777" running="560" waiting="485" ended="16217" arrived="16217" collisions="17" teleports="17" halting="2" stopped="0" meanWaitingTime="40.48" meanTravelTime="273.91" meanSpeed="17.97" meanSpeedRelative="0.56" duration="3"/>
    <step time="26100.00" loaded="17846" inserted="17269" running="629" waiting="577" ended="16640" arrived="16640" collisions="17" teleports="17" halting="2" stopped="0" meanWaitingTime="45.79" meanTravelTime="276.55" meanSpeed="16.04" meanSpeedRelative="0.50" duration="4"/>
    <step time="26400.00" loaded="18392" inserted="17751" running="630" waiting="641" ended="17121" arrived="17121" collisions="19" teleports="19" halting="4" stopped="0" meanWaitingTime="51.40" meanTravelTime="279.08" meanSpeed="16.76" meanSpeedRelative="0.52" duration="3"/>
    <step time="26700.00" loaded="18929" inserted="18194" running="600" waiting="735" ended="17594" arrived="17594" collisions="21" teleports="21" halting="0" stopped="0" meanWaitingTime="58.06" meanTravelTime="282.04" meanSpeed="16.13" meanSpeedRelative="0.50" duration="2"/>
    <step time="27000.00" loaded="19488" inserted="18687" running="628" waiting="801" ended="18059" arrived="18059" collisions="23" teleports="23" halting="1" stopped="0" meanWaitingTime="65.06" meanTravelTime="284.75" meanSpeed="16.55" meanSpeedRelative="0.52" duration="4"/>
    <step time="27300.00" loaded="20043" inserted="19155" running="651" waiting="888" ended="18504" arrived="18504" collisions="25" teleports="25" halting="1" stopped="0" meanWaitingTime="72.53" meanTravelTime="287.76" meanSpeed="16.21" meanSpeedRelative="0.51" duration="4"/>
    <step time="27600.00" loaded="20605" inserted="19633" running="619" waiting="972" ended="19014" arrived="19014" collisions="25" teleports="25" halting="3" stopped="0" meanWaitingTime="80.76" meanTravelTime="290.53" meanSpeed="16.85" meanSpeedRelative="0.53" duration="3"/>
    <step time="27900.00" loaded="21167" inserted="20134" running="657" waiting="1033" ended="19477" arrived="19477" collisions="28" teleports="28" halting="6" stopped="0" meanWaitingTime="88.75" meanTravelTime="292.46" meanSpeed="16.52" meanSpeedRelative="0.52" duration="4"/>
    <step time="28200.00" loaded="21713" inserted="20612" running="657" waiting="1101" ended="19955" arrived="19955" collisions="31" teleports="31" halting="1" stopped="0" meanWaitingTime="96.78" meanTravelTime="295.55" meanSpeed="15.85" meanSpeedRelative="0.50" duration="4"/>
    <step time="28500.00" loaded="22277" inserted="21078" running="652" waiting="1199" ended="20426" arrived="20426" collisions="33" teleports="33" halting="4" stopped="0" meanWaitingTime="105.30" meanTravelTime="298.28" meanSpeed="16.23" meanSpeedRelative="0.51" duration="4"/>
    <step time="28800.00" loaded="22807" inserted="21505" running="646" waiting="1302" ended="20859" arrived="20859" collisions="33" teleports="33" halting="4" stopped="0" meanWaitingTime="112.97" meanTravelTime="300.58" meanSpeed="15.91" meanSpeedRelative="0.50" duration="89"/>
    <step time="29100.00" loaded="23154" inserted="21890" running="601" waiting="1264" ended="21289" arrived="21289" collisions="33" teleports="33" halting="3" stopped="0" meanWaitingTime="121.78" meanTravelTime="303.96" meanSpeed="16.03" meanSpeedRelative="0.50" duration="6"/>
    <step time="29400.00" loaded="23513" inserted="22280" running="560" waiting="1233" ended="21720" arrived="21720" collisions="34" teleports="34" halting="1" stopped="0" meanWaitingTime="130.94" meanTravelTime="306.92" meanSpeed="17.22" meanSpeedRelative="0.54" duration="4"/>
    <step time="29700.00" loaded="23844" inserted="22690" running="543" waiting="1154" ended="22147" arrived="22147" collisions="34" teleports="34" halting="3" stopped="0" meanWaitingTime="142.12" meanTravelTime="308.96" meanSpeed="18.54" meanSpeedRelative="0.58" duration="4"/>
    <step time="30000.00" loaded="24201" inserted="23111" running="527" waiting="1090" ended="22584" arrived="22584" collisions="35" teleports="35" halting="1" stopped="0" meanWaitingTime="152.70" meanTravelTime="311.13" meanSpeed="17.17" meanSpeedRelative="0.54" duration="3"/>
    <step time="30300.00" loaded="24573" inserted="23547" running="518" waiting="1026" ended="23029" arrived="23029" collisions="38" teleports="38" halting="1" stopped="0" meanWaitingTime="163.19" meanTravelTime="312.16" meanSpeed="17.92" meanSpeedRelative="0.56" duration="3"/>
    <step time="30600.00" loaded="24932" inserted="23978" running="538" waiting="954" ended="23440" arrived="23440" collisions="39" teleports="39" halting="2" stopped="0" meanWaitingTime="174.07" meanTravelTime="312.83" meanSpeed="17.83" meanSpeedRelative="0.56" duration="2"/>
    <step time="30900.00" loaded="25291" inserted="24381" running="502" waiting="910" ended="23879" arrived="23879" collisions="39" teleports="39" halting="3" stopped="0" meanWaitingTime="185.08" meanTravelTime="313.64" meanSpeed="17.51" meanSpeedRelative="0.55" duration="3"/>
    <step time="31200.00" loaded="25636" inserted="24794" running="486" waiting="842" ended="24308" arrived="24308" collisions="42" teleports="42" halting="3" stopped="0" meanWaitingTime="194.93" meanTravelTime="314.62" meanSpeed="18.30" meanSpeedRelative="0.57" duration="4"/>
    <step time="31500.00" loaded="25966" inserted="25200" running="467" waiting="766" ended="24733" arrived="24733" collisions="42" teleports="42" halting="0" stopped="0" meanWaitingTime="203.52" meanTravelTime="315.22" meanSpeed="18.68" meanSpeedRelative="0.58" duration="4"/>
    <step time="31800.00" loaded="26340" inserted="25586" running="440" waiting="754" ended="25146" arrived="25146" collisions="43" teleports="43" halting="1" stopped="0" meanWaitingTime="210.95" meanTravelTime="316.07" meanSpeed="19.13" meanSpeedRelative="0.60" duration="3"/>
    <step time="32100.00" loaded="26699" inserted="25972" running="417" waiting="727" ended="25555" arrived="25555" collisions="43" teleports="43" halting="3" stopped="0" meanWaitingTime="218.55" meanTravelTime="316.53" meanSpeed="19.85" meanSpeedRelative="0.62" duration="2"/>
    <step time="32400.00" loaded="27063" inserted="26373" running="419" waiting="690" ended="25954" arrived="25954" collisions="43" teleports="43" halting="1" stopped="0" meanWaitingTime="225.75" meanTravelTime="316.55" meanSpeed="19.80" meanSpeedRelative="0.62" duration="87"/>
    <step time="32700.00" loaded="27311" inserted="26688" running="335" waiting="623" ended="26353" arrived="26353" collisions="44" teleports="44" halting="1" stopped="0" meanWaitingTime="233.59" meanTravelTime="316.44" meanSpeed="19.72" meanSpeedRelative="0.62" duration="3"/>
    <step time="33000.00" loaded="27603" inserted="27044" running="342" waiting="559" ended="26702" arrived="26702" collisions="47" teleports="47" halting="0" stopped="0" meanWaitingTime="240.62" meanTravelTime="316.40" meanSpeed="21.21" meanSpeedRelative="0.66" duration="2"/>
    <step time="33300.00" loaded="27870" inserted="27371" running="296" waiting="499" ended="27075" arrived="27075" collisions="47" teleports="47" halting="1" stopped="0" meanWaitingTime="246.81" meanTravelTime="315.96" meanSpeed="21.13" meanSpeedRelative="0.66" duration="2"/>
    <step time="33600.00" loaded="28148" inserted="27709" running="301" waiting="439" ended="27408" arrived="27408" collisions="47" teleports="47" halting="1" stopped="0" meanWaitingTime="251.79" meanTravelTime="315.49" meanSpeed="22.07" meanSpeedRelative="0.69" duration="2"/>
    <step time="33900.00" loaded="28433" inserted="28050" running="319" waiting="383" ended="27731" arrived="27731" collisions="47" teleports="47" halting="1" stopped="0" meanWaitingTime="256.31" meanTravelTime="314.99" meanSpeed="22.27" meanSpeedRelative="0.70" duration="2"/>
    <step time="34200.00" loaded="28701" inserted="28373" running="295" waiting="328" ended="28078" arrived="28078" collisions="48" teleports="48" halting="1" stopped="0" meanWaitingTime="259.64" meanTravelTime="314.48" meanSpeed="21.85" meanSpeedRelative="0.68" duration="2"/>
    <step time="34500.00" loaded="28969" inserted="28672" running="257" waiting="297" ended="28415" arrived="28415" collisions="48" teleports="48" halting="1" stopped="0" meanWaitingTime="262.55" meanTravelTime="313.99" meanSpeed="23.09" meanSpeedRelative="0.72" duration="2"/>
    <step time="34800.00" loaded="29222" inserted="28956" running="247" waiting="266" ended="28709" arrived="28709" collisions="48" teleports="48" halting="0" stopped="0" meanWaitingTime="265.20" meanTravelTime="313.56" meanSpeed="22.73" meanSpeedRelative="0.71" duration="2"/>
    <step time="35100.00" loaded="29490" inserted="29243" running="241" waiting="247" ended="29002" arrived="29002" collisions="48" teleports="48" halting="0" stopped="0" meanWaitingTime="267.49" meanTravelTime="312.92" meanSpeed="23.19" meanSpeedRelative="0.72" duration="2"/>
    <step time="35400.00" loaded="29765" inserted="29532" running="247" waiting="233" ended="29285" arrived="29285" collisions="50" teleports="50" halting="2" stopped="0" meanWaitingTime="269.51" meanTravelTime="312.33" meanSpeed="23.04" meanSpeedRelative="0.72" duration="1"/>
    <step time="35700.00" loaded="30007" inserted="29802" running="230" waiting="205" ended="29572" arrived="29572" collisions="50" teleports="50" halting="0" stopped="0" meanWaitingTime="270.80" meanTravelTime="311.92" meanSpeed="22.53" meanSpeedRelative="0.70" duration="1"/>
    <step time="36000.00" loaded="30273" inserted="30098" running="235" waiting="175" ended="29863" arrived="29863" collisions="50" teleports="50" halting="1" stopped="0" meanWaitingTime="271.76" meanTravelTime="311.22" meanSpeed="23.70" meanSpeedRelative="0.74" duration="81"/>
    <step time="36300.00" loaded="30739" inserted="30559" running="372" waiting="180" ended="30187" arrived="30187" collisions="50" teleports="50" halting="1" stopped="0" meanWaitingTime="270.75" meanTravelTime="310.18" meanSpeed="22.36" meanSpeedRelative="0.70" duration="3"/>
    <step time="36600.00" loaded="31229" inserted="31017" running="441" waiting="212" ended="30576" arrived="30576" collisions="50" teleports="50" halting="2" stopped="0" meanWaitingTime="269.47" meanTravelTime="309.56" meanSpeed="21.43" meanSpeedRelative="0.67" duration="2"/>
    <step time="36900.00" loaded="31717" inserted="31484" running="474" waiting="233" ended="31010" arrived="31010" collisions="50" teleports="50" halting="2" stopped="0" meanWaitingTime="267.87" meanTravelTime="309.04" meanSpeed="20.24" meanSpeedRelative="0.63" duration="2"/>
    <step time="37200.00" loaded="32184" inserted="31934" running="486" waiting="250" ended="31448" arrived="31448" collisions="54" teleports="54" halting="2" stopped="0" meanWaitingTime="266.25" meanTravelTime="308.92" meanSpeed="20.40" meanSpeedRelative="0.64" duration="2"/>
    <step time="37500.00" loaded="32703" inserted="32412" running="514" waiting="291" ended="31898" arrived="31898" collisions="55" teleports="55" halting="3" stopped="0" meanWaitingTime="264.54" meanTravelTime="309.19" meanSpeed="18.96" meanSpeedRelative="0.59" duration="3"/>
    <step time="37800.00" loaded="33123" inserted="32830" running="489" waiting="293" ended="32341" arrived="32341" collisions="55" teleports="55" halting="1" stopped="0" meanWaitingTime="263.41" meanTravelTime="309.38" meanSpeed="19.55" meanSpeedRelative="0.61" duration="3"/>
    <step time="38100.00" loaded="33581" inserted="33258" running="456" waiting="323" ended="32802" arrived="32802" collisions="57" teleports="57" halting="2" stopped="0" meanWaitingTime="262.38" meanTravelTime="309.87" meanSpeed="19.23" meanSpeedRelative="0.60" duration="3"/>
    <step time="38400.00" loaded="34066" inserted="33733" running="530" waiting="333" ended="33203" arrived="33203" collisions="57" teleports="57" halting="0" stopped="0" meanWaitingTime="261.31" meanTravelTime="310.11" meanSpeed="18.77" meanSpeedRelative="0.59" duration="4"/>
    <step time="38700.00" loaded="34526" inserted="34176" running="530" waiting="350" ended="33646" arrived="33646" collisions="58" teleports="58" halting="1" stopped="0" meanWaitingTime="260.56" meanTravelTime="310.56" meanSpeed="18.26" meanSpeedRelative="0.57" duration="3"/>
    <step time="39000.00" loaded="35007" inserted="34626" running="523" waiting="381" ended="34103" arrived="34103" collisions="60" teleports="60" halting="4" stopped="0" meanWaitingTime="259.87" meanTravelTime="310.98" meanSpeed="18.82" meanSpeedRelative="0.59" duration="3"/>
    <step time="39300.00" loaded="35470" inserted="35069" running="535" waiting="401" ended="34534" arrived="34534" collisions="63" teleports="63" halting="1" stopped="0" meanWaitingTime="259.32" meanTravelTime="311.29" meanSpeed="18.62" meanSpeedRelative="0.58" duration="2"/>
    <step time="39600.00" loaded="35957" inserted="35535" running="547" waiting="422" ended="34988" arrived="34988" collisions="65" teleports="65" halting="2" stopped="0" meanWaitingTime="258.64" meanTravelTime="312.06" meanSpeed="18.94" meanSpeedRelative="0.59" duration="93"/>
    <step time="39900.00" loaded="36462" inserted="36008" running="572" waiting="454" ended="35436" arrived="35436" collisions="67" teleports="67" halting="1" stopped="0" meanWaitingTime="258.27" meanTravelTime="312.51" meanSpeed="18.81" meanSpeedRelative="0.59" duration="5"/>
    <step time="40200.00" loaded="36966" inserted="36491" running="583" waiting="475" ended="35908" arrived="35908" collisions="70" teleports="70" halting="0" stopped="0" meanWaitingTime="258.42" meanTravelTime="313.15" meanSpeed="18.35" meanSpeedRelative="0.57" duration="3"/>
    <step time="40500.00" loaded="37443" inserted="36954" running="590" waiting="489" ended="36364" arrived="36364" collisions="72" teleports="72" halting="2" stopped="0" meanWaitingTime="258.88" meanTravelTime="313.90" meanSpeed="17.62" meanSpeedRelative="0.55" duration="3"/>
    <step time="40800.00" loaded="37958" inserted="37437" running="587" waiting="521" ended="36850" arrived="36850" collisions="74" teleports="74" halting="1" stopped="0" meanWaitingTime="258.72" meanTravelTime="314.78" meanSpeed="17.57" meanSpeedRelative="0.55" duration="3"/>
    <step time="41100.00" loaded="38514" inserted="37952" running="628" waiting="562" ended="37324" arrived="37324" collisions="79" teleports="79" halting="2" stopped="0" meanWaitingTime="258.64" meanTravelTime="315.33" meanSpeed="17.82" meanSpeedRelative="0.56" duration="5"/>
    <step time="41400.00" loaded="39030" inserted="38440" running="624" waiting="590" ended="37816" arrived="37816" collisions="82" teleports="82" halting="2" stopped="0" meanWaitingTime="259.32" meanTravelTime="316.18" meanSpeed="17.08" meanSpeedRelative="0.53" duration="3"/>
    <step time="41700.00" loaded="39543" inserted="38918" running="642" waiting="625" ended="38276" arrived="38276" collisions="84" teleports="84" halting="2" stopped="0" meanWaitingTime="260.03" meanTravelTime="316.81" meanSpeed="16.40" meanSpeedRelative="0.51" duration="6"/>
    <step time="42000.00" loaded="40061" inserted="39377" running="619" waiting="684" ended="38758" arrived="38758" collisions="85" teleports="85" halting="2" stopped="0" meanWaitingTime="260.46" meanTravelTime="317.94" meanSpeed="17.62" meanSpeedRelative="0.55" duration="4"/>
    <step time="42300.00" loaded="40590" inserted="39855" running="600" waiting="735" ended="39255" arrived="39255" collisions="87" teleports="87" halting="1" stopped="0" meanWaitingTime="260.98" meanTravelTime="319.00" meanSpeed="17.63" meanSpeedRelative="0.55" duration="3"/>
    <step time="42600.00" loaded="41114" inserted="40362" running="635" waiting="752" ended="39727" arrived="39727" collisions="87" teleports="87" halting="10" stopped="0" meanWaitingTime="261.87" meanTravelTime="319.89" meanSpeed="17.05" meanSpeedRelative="0.53" duration="4"/>
    <step time="42900.00" loaded="41675" inserted="40855" running="627" waiting="820" ended="40228" arrived="40228" collisions="90" teleports="90" halting="0" stopped="0" meanWaitingTime="263.33" meanTravelTime="320.39" meanSpeed="17.45" meanSpeedRelative="0.55" duration="4"/>
    <step time="43200.00" loaded="42174" inserted="41342" running="650" waiting="832" ended="40692" arrived="40692" collisions="92" teleports="92" halting="3" stopped="0" meanWaitingTime="265.20" meanTravelTime="321.11" meanSpeed="16.47" meanSpeedRelative="0.51" duration="91"/>
    <step time="43500.00" loaded="42739" inserted="41848" running="698" waiting="891" ended="41150" arrived="41150" collisions="94" teleports="94" halting="2" stopped="0" meanWaitingTime="266.79" meanTravelTime="321.91" meanSpeed="15.88" meanSpeedRelative="0.50" duration="4"/>
    <step time="43800.00" loaded="43285" inserted="42339" running="698" waiting="946" ended="41641" arrived="41641" collisions="95" teleports="95" halting="2" stopped="0" meanWaitingTime="268.30" meanTravelTime="322.79" meanSpeed="15.76" meanSpeedRelative="0.49" duration="6"/>
    <step time="44100.00" loaded="43831" inserted="42833" running="734" waiting="998" ended="42099" arrived="42099" collisions="98" teleports="98" halting="0" stopped="0" meanWaitingTime="270.05" meanTravelTime="323.81" meanSpeed="16.11" meanSpeedRelative="0.50" duration="5"/>
    <step time="44400.00" loaded="44358" inserted="43318" running="720" waiting="1040" ended="42598" arrived="42598" collisions="99" teleports="99" halting="1" stopped="0" meanWaitingTime="272.53" meanTravelTime="325.37" meanSpeed="15.95" meanSpeedRelative="0.50" duration="6"/>
    <step time="44700.00" loaded="44890" inserted="43819" running="726" waiting="1071" ended="43093" arrived="43093" collisions="99" teleports="99" halting="3" stopped="0" meanWaitingTime="274.58" meanTravelTime="326.51" meanSpeed="15.48" meanSpeedRelative="0.48" duration="5"/>
    <step time="45000.00" loaded="45412" inserted="44307" running="740" waiting="1105" ended="43567" arrived="43567" collisions="100" teleports="100" halting="3" stopped="0" meanWaitingTime="276.54" meanTravelTime="327.93" meanSpeed="15.81" meanSpeedRelative="0.49" duration="4"/>
    <step time="45300.00" loaded="45953" inserted="44790" running="737" waiting="1163" ended="44053" arrived="44053" collisions="103" teleports="103" halting="3" stopped="0" meanWaitingTime="278.74" meanTravelTime="329.23" meanSpeed="15.29" meanSpeedRelative="0.48" duration="4"/>
    <step time="45600.00" loaded="46475" inserted="45263" running="747" waiting="1212" ended="44516" arrived="44516" collisions="103" teleports="103" halting="4" stopped="0" meanWaitingTime="281.13" meanTravelTime="330.68" meanSpeed="14.82" meanSpeedRelative="0.46" duration="4"/>
    <step time="45900.00" loaded="46984" inserted="45727" running="737" waiting="1257" ended="44990" arrived="44990" collisions="104" teleports="104" halting="0" stopped="0" meanWaitingTime="284.49" meanTravelTime="332.23" meanSpeed="13.94" meanSpeedRelative="0.44" duration="4"/>
    <step time="46200.00" loaded="47553" inserted="46266" running="800" waiting="1287" ended="45466" arrived="45466" collisions="105" teleports="105" halting="3" stopped="0" meanWaitingTime="287.86" meanTravelTime="333.61" meanSpeed="14.36" meanSpeedRelative="0.45" duration="5"/>
    <step time="46500.00" loaded="48062" inserted="46744" running="807" waiting="1318" ended="45937" arrived="45937" collisions="106" teleports="106" halting="3" stopped="0" meanWaitingTime="291.43" meanTravelTime="334.78" meanSpeed="13.91" meanSpeedRelative="0.43" duration="6"/>
    <step time="46800.00" loaded="48638" inserted="47282" running="809" waiting="1356" ended="46473" arrived="46473" collisions="106" teleports="106" halting="5" stopped="0" meanWaitingTime="294.76" meanTravelTime="336.58" meanSpeed="14.45" meanSpeedRelative="0.45" duration="99"/>
    <step time="47100.00" loaded="49163" inserted="47786" running="790" waiting="1377" ended="46996" arrived="46996" collisions="106" teleports="106" halting="5" stopped="0" meanWaitingTime="298.40" meanTravelTime="338.13" meanSpeed="14.67" meanSpeedRelative="0.46" duration="4"/>
    <step time="47400.00" loaded="49746" inserted="48285" running="808" waiting="1461" ended="47477" arrived="47477" collisions="112" teleports="112" halting="3" stopped="0" meanWaitingTime="301.50" meanTravelTime="339.47" meanSpeed="14.63" meanSpeedRelative="0.46" duration="5"/>
    <step time="47700.00" loaded="50290" inserted="48798" running="827" waiting="1492" ended="47971" arrived="47971" collisions="112" teleports="112" halting="1" stopped="0" meanWaitingTime="305.06" meanTravelTime="341.19" meanSpeed="14.17" meanSpeedRelative="0.44" duration="5"/>
    <step time="48000.00" loaded="50812" inserted="49309" running="831" waiting="1503" ended="48478" arrived="48478" collisions="113" teleports="113" halting="0" stopped="0" meanWaitingTime="309.00" meanTravelTime="342.65" meanSpeed="13.78" meanSpeedRelative="0.43" duration="4"/>
    <step time="48300.00" loaded="51325" inserted="49792" running="841" waiting="1533" ended="48951" arrived="48951" collisions="114" teleports="114" halting="2" stopped="0" meanWaitingTime="313.17" meanTravelTime="343.86" meanSpeed="14.68" meanSpeedRelative="0.46" duration="5"/>
    <step time="48600.00" loaded="51872" inserted="50301" running="846" waiting="1571" ended="49455" arrived="49455" collisions="116" teleports="116" halting="2" stopped="0" meanWaitingTime="317.37" meanTravelTime="345.59" meanSpeed="13.84" meanSpeedRelative="0.43" duration="5"/>
    <step time="48900.00" loaded="52411" inserted="50808" running="869" waiting="1603" ended="49939" arrived="49939" collisions="118" teleports="118" halting="3" stopped="0" meanWaitingTime="321.52" meanTravelTime="347.01" meanSpeed="13.52" meanSpeedRelative="0.42" duration="5"/>
    <step time="49200.00" loaded="52917" inserted="51283" running="826" waiting="1634" ended="50457" arrived="50457" collisions="119" teleports="119" halting="1" stopped="0" meanWaitingTime="325.90" meanTravelTime="348.83" meanSpeed="13.00" meanSpeedRelative="0.41" duration="7"/>
    <step time="49500.00" loaded="53395" inserted="51759" running="858" waiting="1636" ended="50901" arrived="50901" collisions="119" teleports="119" halting="9" stopped="0" meanWaitingTime="330.76" meanTravelTime="350.29" meanSpeed="13.08" meanSpeedRelative="0.41" duration="7"/>
    <step time="49800.00" loaded="53920" inserted="52247" running="831" waiting="1673" ended="51416" arrived="51416" collisions="121" teleports="121" halting="2" stopped="0" meanWaitingTime="335.72" meanTravelTime="352.04" meanSpeed="12.88" meanSpeedRelative="0.40" duration="5"/>
    <step time="50100.00" loaded="54447" inserted="52757" running="862" waiting="1690" ended="51895" arrived="51895" collisions="125" teleports="125" halting="2" stopped="0" meanWaitingTime="342.07" meanTravelTime="353.45" meanSpeed="13.61" meanSpeedRelative="0.43" duration="4"/>
    <step time="50400.00" loaded="55029" inserted="53277" running="884" waiting="1752" ended="52393" arrived="52393" collisions="127" teleports="127" halting="9" stopped="0" meanWaitingTime="347.21" meanTravelTime="354.93" meanSpeed="13.01" meanSpeedRelative="0.41" duration="94"/>
    <step time="50700.00" loaded="55725" inserted="53833" running="935" waiting="1892" ended="52898" arrived="52898" collisions="130" teleports="130" halting="8" stopped="0" meanWaitingTime="351.23" meanTravelTime="356.61" meanSpeed="12.68" meanSpeedRelative="0.40" duration="6"/>
    <step time="51000.00" loaded="56388" inserted="54397" running="993" waiting="1991" ended="53404" arrived="53404" collisions="133" teleports="133" halting="5" stopped="0" meanWaitingTime="356.43" meanTravelTime="357.78" meanSpeed="12.27" meanSpeedRelative="0.38" duration="7"/>
    <step time="51300.00" loaded="57124" inserted="54961" running="1065" waiting="2163" ended="53896" arrived="53896" collisions="134" teleports="134" halting="6" stopped="0" meanWaitingTime="360.76" meanTravelTime="359.45" meanSpeed="11.69" meanSpeedRelative="0.37" duration="8"/>
    <step time="51600.00" loaded="57851" inserted="55531" running="1111" waiting="2320" ended="54420" arrived="54420" collisions="137" teleports="137" halting="1" stopped="0" meanWaitingTime="365.69" meanTravelTime="361.31" meanSpeed="11.75" meanSpeedRelative="0.37" duration="8"/>
    <step time="51900.00" loaded="58566" inserted="56076" running="1124" waiting="2490" ended="54952" arrived="54952" collisions="142" teleports="142" halting="9" stopped="0" meanWaitingTime="371.11" meanTravelTime="363.48" meanSpeed="11.28" meanSpeedRelative="0.35" duration="8"/>
    <step time="52200.00" loaded="59294" inserted="56656" running="1180" waiting="2638" ended="55476" arrived="55476" collisions="146" teleports="146" halting="4" stopped="0" meanWaitingTime="376.24" meanTravelTime="365.69" meanSpeed="10.45" meanSpeedRelative="0.33" duration="7"/>
    <step time="52500.00" loaded="60026" inserted="57208" running="1239" waiting="2818" ended="55969" arrived="55969" collisions="151" teleports="151" halting="4" stopped="0" meanWaitingTime="381.84" meanTravelTime="367.94" meanSpeed="9.95" meanSpeedRelative="0.31" duration="9"/>
    <step time="52800.00" loaded="60740" inserted="57766" running="1304" waiting="2974" ended="56462" arrived="56462" collisions="154" teleports="154" halting="3" stopped="0" meanWaitingTime="388.17" meanTravelTime="370.59" meanSpeed="10.25" meanSpeedRelative="0.32" duration="8"/>
    <step time="53100.00" loaded="61457" inserted="58320" running="1309" waiting="3137" ended="57011" arrived="57011" collisions="155" teleports="155" halting="6" stopped="0" meanWaitingTime="394.15" meanTravelTime="373.33" meanSpeed="9.98" meanSpeedRelative="0.31" duration="6"/>
    <step time="53400.00" loaded="62171" inserted="58858" running="1343" waiting="3313" ended="57515" arrived="57515" collisions="157" teleports="157" halting="10" stopped="0" meanWaitingTime="401.31" meanTravelTime="376.50" meanSpeed="9.55" meanSpeedRelative="0.30" duration="10"/>
    <step time="53700.00" loaded="62885" inserted="59429" running="1374" waiting="3456" ended="58055" arrived="58055" collisions="158" teleports="158" halting="8" stopped="0" meanWaitingTime="408.44" meanTravelTime="379.55" meanSpeed="9.23" meanSpeedRelative="0.29" duration="8"/>
    <step time="54000.00" loaded="63626" inserted="59982" running="1432" waiting="3644" ended="58550" arrived="58550" collisions="160" teleports="160" halting="3" stopped="0" meanWaitingTime="414.99" meanTravelTime="382.70" meanSpeed="9.16" meanSpeedRelative="0.29" duration="95"/>
    <step time="54300.00" loaded="64081" inserted="60431" running="1369" waiting="3650" ended="59062" arrived="59062" collisions="162" teleports="162" halting="2" stopped="0" meanWaitingTime="423.21" meanTravelTime="385.67" meanSpeed="9.21" meanSpeedRelative="0.29" duration="11"/>
    <step time="54600.00" loaded="64584" inserted="60912" running="1339" waiting="3672" ended="59573" arrived="59573" collisions="168" teleports="168" halting="5" stopped="0" meanWaitingTime="432.05" meanTravelTime="389.39" meanSpeed="9.10" meanSpeedRelative="0.28" duration="10"/>
    <step time="54900.00" loaded="65042" inserted="61385" running="1270" waiting="3657" ended="60115" arrived="60115" collisions="169" teleports="169" halting="4" stopped="0" meanWaitingTime="441.04" meanTravelTime="393.17" meanSpeed="9.12" meanSpeedRelative="0.29" duration="9"/>
    <step time="55200.00" loaded="65486" inserted="61858" running="1239" waiting="3628" ended="60619" arrived="60619" collisions="169" teleports="169" halting="5" stopped="0" meanWaitingTime="450.50" meanTravelTime="396.73" meanSpeed="9.54" meanSpeedRelative="0.30" duration="10"/>
    <step time="55500.00" loaded="65944" inserted="62315" running="1193" waiting="3629" ended="61122" arrived="61122" collisions="171" teleports="171" halting="5" stopped="0" meanWaitingTime="459.92" meanTravelTime="400.05" meanSpeed="9.73" meanSpeedRelative="0.30" duration="8"/>
    <step time="55800.00" loaded="66409" inserted="62813" running="1187" waiting="3596" ended="61626" arrived="61626" collisions="172" teleports="172" halting="2" stopped="0" meanWaitingTime="470.18" meanTravelTime="403.32" meanSpeed="9.99" meanSpeedRelative="0.31" duration="10"/>
    <step time="56100.00" loaded="66914" inserted="63281" running="1148" waiting="3633" ended="62133" arrived="62133" collisions="175" teleports="175" halting="4" stopped="0" meanWaitingTime="480.13" meanTravelTime="406.39" meanSpeed="9.71" meanSpeedRelative="0.30" duration="10"/>
    <step time="56400.00" loaded="67357" inserted="63747" running="1126" waiting="3610" ended="62621" arrived="62621" collisions="176" teleports="176" halting="5" stopped="0" meanWaitingTime="491.28" meanTravelTime="408.62" meanSpeed="10.19" meanSpeedRelative="0.32" duration="9"/>
    <step time="56700.00" loaded="67824" inserted="64201" running="1067" waiting="3623" ended="63134" arrived="63134" collisions="177" teleports="177" halting="4" stopped="0" meanWaitingTime="501.78" meanTravelTime="411.38" meanSpeed="10.58" meanSpeedRelative="0.33" duration="9"/>
    <step time="57000.00" loaded="68264" inserted="64690" running="1040" waiting="3574" ended="63650" arrived="63650" collisions="179" teleports="179" halting="5" stopped="0" meanWaitingTime="513.04" meanTravelTime="413.47" meanSpeed="10.48" meanSpeedRelative="0.33" duration="9"/>
    <step time="57300.00" loaded="68733" inserted="65192" running="1021" waiting="3541" ended="64171" arrived="64171" collisions="180" teleports="180" halting="4" stopped="0" meanWaitingTime="523.32" meanTravelTime="415.31" meanSpeed="10.97" meanSpeedRelative="0.34" duration="6"/>
    <step time="57600.00" loaded="69202" inserted="65648" running="1000" waiting="3554" ended="64648" arrived="64648" collisions="181" teleports="181" halting="1" stopped="0" meanWaitingTime="533.81" meanTravelTime="417.00" meanSpeed="10.96" meanSpeedRelative="0.34" duration="90"/>
    <step time="57900.00" loaded="69766" inserted="66156" running="1019" waiting="3610" ended="65137" arrived="65137" collisions="183" teleports="183" halting="3" stopped="0" meanWaitingTime="544.20" meanTravelTime="418.51" meanSpeed="11.40" meanSpeedRelative="0.36" duration="8"/>
    <step time="58200.00" loaded="70310" inserted="66641" running="1017" waiting="3669" ended="65624" arrived="65624" collisions="185" teleports="185" halting="2" stopped="0" meanWaitingTime="554.82" meanTravelTime="419.97" meanSpeed="11.56" meanSpeedRelative="0.36" duration="7"/>
    <step time="58500.00" loaded="70869" inserted="67136" running="1021" waiting="3733" ended="66115" arrived="66115" collisions="186" teleports="186" halting="5" stopped="0" meanWaitingTime="565.07" meanTravelTime="421.43" meanSpeed="12.23" meanSpeedRelative="0.38" duration="6"/>
    <step time="58800.00" loaded="71403" inserted="67627" running="1001" waiting="3776" ended="66626" arrived="66626" collisions="186" teleports="186" halting="1" stopped="0" meanWaitingTime="575.17" meanTravelTime="423.01" meanSpeed="11.89" meanSpeedRelative="0.37" duration="7"/>
    <step time="59100.00" loaded="71955" inserted="68136" running="998" waiting="3819" ended="67138" arrived="67138" collisions="189" teleports="189" halting="6" stopped="0" meanWaitingTime="585.04" meanTravelTime="424.54" meanSpeed="11.71" meanSpeedRelative="0.37" duration="8"/>
    <step time="59400.00" loaded="72518" inserted="68640" running="994" waiting="3878" ended="67646" arrived="67646" collisions="195" teleports="195" halting="11" stopped="0" meanWaitingTime="595.17" meanTravelTime="425.79" meanSpeed="11.94" meanSpeedRelative="0.37" duration="8"/>
    <step time="59700.00" loaded="73071" inserted="69155" running="1005" waiting="3916" ended="68150" arrived="68150" collisions="197" teleports="197" halting="2" stopped="0" meanWaitingTime="604.80" meanTravelTime="427.07" meanSpeed="12.97" meanSpeedRelative="0.41" duration="6"/>
    <step time="60000.00" loaded="73721" inserted="69695" running="1028" waiting="4026" ended="68667" arrived="68667" collisions="200" teleports="200" halting="4" stopped="0" meanWaitingTime="614.17" meanTravelTime="428.27" meanSpeed="12.21" meanSpeedRelative="0.38" duration="9"/>
    <step time="60300.00" loaded="74334" inserted="70258" running="1091" waiting="4076" ended="69167" arrived="69167" collisions="202" teleports="202" halting="3" stopped="0" meanWaitingTime="623.89" meanTravelTime="429.33" meanSpeed="12.05" meanSpeedRelative="0.38" duration="16"/>
    <step time="60600.00" loaded="74904" inserted="70779" running="1057" waiting="4125" ended="69722" arrived="69722" collisions="204" teleports="204" halting="3" stopped="0" meanWaitingTime="633.10" meanTravelTime="430.43" meanSpeed="11.85" meanSpeedRelative="0.37" duration="7"/>
    <step time="60900.00" loaded="75500" inserted="71293" running="1061" waiting="4207" ended="70232" arrived="70232" collisions="204" teleports="204" halting="5" stopped="0" meanWaitingTime="641.80" meanTravelTime="431.67" meanSpeed="11.23" meanSpeedRelative="0.35" duration="10"/>
    <step time="61200.00" loaded="76089" inserted="71821" running="1080" waiting="4268" ended="70741" arrived="70741" collisions="206" teleports="206" halting="1" stopped="0" meanWaitingTime="651.42" meanTravelTime="432.82" meanSpeed="12.17" meanSpeedRelative="0.38" duration="89"/>
    <step time="61500.00" loaded="76157" inserted="72202" running="1002" waiting="3955" ended="71200" arrived="71200" collisions="210" teleports="210" halting="4" stopped="0" meanWaitingTime="663.68" meanTravelTime="434.24" meanSpeed="11.48" meanSpeedRelative="0.36" duration="9"/>
    <step time="61800.00" loaded="76234" inserted="72575" running="943" waiting="3659" ended="71632" arrived="71632" collisions="211" teleports="211" halting="3" stopped="0" meanWaitingTime="675.40" meanTravelTime="435.93" meanSpeed="10.74" meanSpeedRelative="0.34" duration="7"/>
    <step time="62100.00" loaded="76313" inserted="72953" running="871" waiting="3360" ended="72082" arrived="72082" collisions="212" teleports="212" halting="1" stopped="0" meanWaitingTime="687.19" meanTravelTime="437.85" meanSpeed="11.11" meanSpeedRelative="0.35" duration="6"/>
    <step time="62400.00" loaded="76388" inserted="73312" running="821" waiting="3076" ended="72491" arrived="72491" collisions="213" teleports="213" halting="2" stopped="0" meanWaitingTime="700.56" meanTravelTime="439.15" meanSpeed="11.49" meanSpeedRelative="0.36" duration="4"/>
    <step time="62700.00" loaded="76466" inserted="73662" running="726" waiting="2804" ended="72936" arrived="72936" collisions="216" teleports="216" halting="1" stopped="0" meanWaitingTime="714.74" meanTravelTime="440.53" meanSpeed="12.71" meanSpeedRelative="0.40" duration="5"/>
    <step time="63000.00" loaded="76531" inserted="74018" running="702" waiting="2513" ended="73316" arrived="73316" collisions="216" teleports="216" halting="0" stopped="0" meanWaitingTime="728.86" meanTravelTime="441.31" meanSpeed="12.50" meanSpeedRelative="0.39" duration="4"/>
    <step time="63300.00" loaded="76602" inserted="74361" running="656" waiting="2241" ended="73705" arrived="73705" collisions="216" teleports="216" halting="1" stopped="0" meanWaitingTime="742.45" meanTravelTime="441.97" meanSpeed="13.02" meanSpeedRelative="0.41" duration="4"/>
    <step time="63600.00" loaded="76679" inserted="74700" running="626" waiting="1979" ended="74074" arrived="74074" collisions="217" teleports="217" halting="2" stopped="0" meanWaitingTime="754.79" meanTravelTime="442.46" meanSpeed="14.11" meanSpeedRelative="0.44" duration="5"/>
    <step time="63900.00" loaded="76751" inserted="74946" running="514" waiting="1805" ended="74432" arrived="74432" collisions="219" teleports="219" halting="2" stopped="0" meanWaitingTime="766.28" meanTravelTime="443.16" meanSpeed="13.08" meanSpeedRelative="0.41" duration="4"/>
    <step time="64200.00" loaded="76828" inserted="75185" running="408" waiting="1643" ended="74777" arrived="74777" collisions="219" teleports="219" halting="0" stopped="0" meanWaitingTime="777.57" meanTravelTime="443.70" meanSpeed="15.25" meanSpeedRelative="0.48" duration="4"/>
    <step time="64500.00" loaded="76907" inserted="75449" running="342" waiting="1458" ended="75107" arrived="75107" collisions="219" teleports="219" halting="1" stopped="0" meanWaitingTime="788.39" meanTravelTime="444.15" meanSpeed="18.02" meanSpeedRelative="0.56" duration="2"/>
    <step time="64800.00" loaded="76975" inserted="75659" running="213" waiting="1316" ended="75446" arrived="75446" collisions="219" teleports="219" halting="0" stopped="0" meanWaitingTime="797.78" meanTravelTime="444.48" meanSpeed="22.71" meanSpeedRelative="0.71" duration="92"/>
    <step time="65100.00" loaded="77033" inserted="75822" running="160" waiting="1211" ended="75662" arrived="75662" collisions="219" teleports="219" halting="0" stopped="0" meanWaitingTime="807.02" meanTravelTime="444.28" meanSpeed="22.81" meanSpeedRelative="0.71" duration="1"/>
    <step time="65400.00" loaded="77087" inserted="75994" running="165" waiting="1093" ended="75829" arrived="75829" collisions="219" teleports="219" halting="1" stopped="0" meanWaitingTime="816.51" meanTravelTime="444.03" meanSpeed="23.04" meanSpeedRelative="0.72" duration="1"/>
    <step time="65700.00" loaded="77150" inserted="76172" running="157" waiting="978" ended="76015" arrived="76015" collisions="219" teleports="219" halting="0" stopped="0" meanWaitingTime="825.85" meanTravelTime="443.63" meanSpeed="22.92" meanSpeedRelative="0.72" duration="1"/>
    <step time="66000.00" loaded="77206" inserted="76345" running="163" waiting="861" ended="76182" arrived="76182" collisions="219" teleports="219" halting="0" stopped="0" meanWaitingTime="834.17" meanTravelTime="443.28" meanSpeed="22.78" meanSpeedRelative="0.71" duration="1"/>
    <step time="66300.00" loaded="77254" inserted="76516" running="151" waiting="738" ended="76365" arrived="76365" collisions="220" teleports="220" halting="1" stopped="0" meanWaitingTime="841.70" meanTravelTime="442.84" meanSpeed="23.62" meanSpeedRelative="0.74" duration="2"/>
    <step time="66600.00" loaded="77310" inserted="76691" running="142" waiting="619" ended="76549" arrived="76549" collisions="220" teleports="220" halting="0" stopped="0" meanWaitingTime="847.92" meanTravelTime="442.40" meanSpeed="24.02" meanSpeedRelative="0.75" duration="1"/>
    <step time="66900.00" loaded="77373" inserted="76811" running="85" waiting="562" ended="76726" arrived="76726" collisions="220" teleports="220" halting="1" stopped="0" meanWaitingTime="853.49" meanTravelTime="441.95" meanSpeed="23.28" meanSpeedRelative="0.73" duration="1"/>
    <step time="67200.00" loaded="77413" inserted="76911" running="61" waiting="502" ended="76850" arrived="76850" collisions="220" teleports="220" halting="0" stopped="0" meanWaitingTime="859.53" meanTravelTime="441.57" meanSpeed="24.06" meanSpeedRelative="0.75" duration="0"/>
    <step time="67500.00" loaded="77468" inserted="77029" running="66" waiting="439" ended="76963" arrived="76963" collisions="220" teleports="220" halting="1" stopped="0" meanWaitingTime="865.45" meanTravelTime="441.20" meanSpeed="24.60" meanSpeedRelative="0.77" duration="0"/>
    <step time="67800.00" loaded="77507" inserted="77131" running="60" waiting="376" ended="77071" arrived="77071" collisions="220" teleports="220" halting="0" stopped="0" meanWaitingTime="871.06" meanTravelTime="440.81" meanSpeed="23.76" meanSpeedRelative="0.74" duration="1"/>
    <step time="68100.00" loaded="77559" inserted="77241" running="58" waiting="318" ended="77183" arrived="77183" collisions="220" teleports="220" halting="0" stopped="0" meanWaitingTime="876.73" meanTravelTime="440.44" meanSpeed="21.06" meanSpeedRelative="0.66" duration="1"/>
    <step time="68400.00" loaded="77595" inserted="77337" running="44" waiting="258" ended="77293" arrived="77293" collisions="220" teleports="220" halting="0" stopped="0" meanWaitingTime="882.05" meanTravelTime="440.04" meanSpeed="22.07" meanSpeedRelative="0.69" duration="91"/>
    <step time="68700.00" loaded="77754" inserted="77546" running="118" waiting="208" ended="77428" arrived="77428" collisions="220" teleports="220" halting="0" stopped="0" meanWaitingTime="886.31" meanTravelTime="439.50" meanSpeed="24.84" meanSpeedRelative="0.78" duration="1"/>
    <step time="69000.00" loaded="77889" inserted="77737" running="131" waiting="152" ended="77606" arrived="77606" collisions="221" teleports="221" halting="3" stopped="0" meanWaitingTime="890.82" meanTravelTime="438.93" meanSpeed="24.33" meanSpeedRelative="0.76" duration="1"/>
    <step time="69300.00" loaded="78033" inserted="77935" running="145" waiting="98" ended="77790" arrived="77790" collisions="221" teleports="221" halting="0" stopped="0" meanWaitingTime="894.32" meanTravelTime="438.32" meanSpeed="24.65" meanSpeedRelative="0.77" duration="1"/>
    <step time="69600.00" loaded="78184" inserted="78133" running="146" waiting="51" ended="77987" arrived="77987" collisions="221" teleports="221" halting="0" stopped="0" meanWaitingTime="894.82" meanTravelTime="437.75" meanSpeed="23.91" meanSpeedRelative="0.75" duration="1"/>
    <step time="69900.00" loaded="78367" inserted="78364" running="169" waiting="3" ended="78195" arrived="78195" collisions="221" teleports="221" halting="0" stopped="0" meanWaitingTime="892.68" meanTravelTime="437.14" meanSpeed="24.07" meanSpeedRelative="0.75" duration="1"/>
    <step time="70200.00" loaded="78530" inserted="78530" running="151" waiting="0" ended="78379" arrived="78379" collisions="221" teleports="221" halting="0" stopped="0" meanWaitingTime="890.80" meanTravelTime="436.71" meanSpeed="25.29" meanSpeedRelative="0.79" duration="1"/>
    <step time="70500.00" loaded="78674" inserted="78674" running="143" waiting="0" ended="78531" arrived="78531" collisions="221" teleports="221" halting="1" stopped="0" meanWaitingTime="889.17" meanTravelTime="436.39" meanSpeed="25.65" meanSpeedRelative="0.80" duration="1"/>
    <step time="70800.00" loaded="78843" inserted="78843" running="142" waiting="0" ended="78701" arrived="78701" collisions="221" teleports="221" halting="0" stopped="0" meanWaitingTime="887.26" meanTravelTime="436.06" meanSpeed="25.91" meanSpeedRelative="0.81" duration="1"/>
    <step time="71100.00" loaded="79015" inserted="79015" running="145" waiting="0" ended="78870" arrived="78870" collisions="221" teleports="221" halting="0" stopped="0" meanWaitingTime="885.33" meanTravelTime="435.69" meanSpeed="25.30" meanSpeedRelative="0.79" duration="1"/>
    <step time="71400.00" loaded="79178" inserted="79178" running="148" waiting="0" ended="79030" arrived="79030" collisions="221" teleports="221" halting="0" stopped="0" meanWaitingTime="883.51" meanTravelTime="435.34" meanSpeed="24.98" meanSpeedRelative="0.78" duration="2"/>
    <step time="71700.00" loaded="79332" inserted="79331" running="134" waiting="1" ended="79197" arrived="79197" collisions="221" teleports="221" halting="0" stopped="0" meanWaitingTime="881.81" meanTravelTime="435.00" meanSpeed="26.24" meanSpeedRelative="0.82" duration="1"/>
    <step time="72000.00" loaded="79486" inserted="79486" running="136" waiting="0" ended="79350" arrived="79350" collisions="221" teleports="221" halting="1" stopped="0" meanWaitingTime="880.09" meanTravelTime="434.68" meanSpeed="25.46" meanSpeedRelative="0.80" duration="85"/>
    <step time="72300.00" loaded="79631" inserted="79631" running="127" waiting="0" ended="79504" arrived="79504" collisions="221" teleports="221" halting="0" stopped="0" meanWaitingTime="878.49" meanTravelTime="434.28" meanSpeed="25.89" meanSpeedRelative="0.81" duration="1"/>
    <step time="72600.00" loaded="79770" inserted="79770" running="111" waiting="0" ended="79659" arrived="79659" collisions="221" teleports="221" halting="0" stopped="0" meanWaitingTime="876.96" meanTravelTime="434.02" meanSpeed="25.22" meanSpeedRelative="0.79" duration="1"/>
    <step time="72900.00" loaded="79914" inserted="79914" running="132" waiting="0" ended="79782" arrived="79782" collisions="222" teleports="222" halting="0" stopped="0" meanWaitingTime="875.38" meanTravelTime="433.75" meanSpeed="25.17" meanSpeedRelative="0.79" duration="1"/>
    <step time="73200.00" loaded="80047" inserted="80047" running="126" waiting="0" ended="79921" arrived="79921" collisions="222" teleports="222" halting="0" stopped="0" meanWaitingTime="873.92" meanTravelTime="433.42" meanSpeed="25.98" meanSpeedRelative="0.81" duration="1"/>
    <step time="73500.00" loaded="80183" inserted="80183" running="124" waiting="0" ended="80059" arrived="80059" collisions="222" teleports="222" halting="3" stopped="0" meanWaitingTime="872.44" meanTravelTime="433.15" meanSpeed="25.24" meanSpeedRelative="0.79" duration="1"/>
    <step time="73800.00" loaded="80311" inserted="80311" running="125" waiting="0" ended="80186" arrived="80186" collisions="223" teleports="223" halting="1" stopped="0" meanWaitingTime="871.05" meanTravelTime="432.92" meanSpeed="25.24" meanSpeedRelative="0.79" duration="1"/>
    <step time="74100.00" loaded="80440" inserted="80440" running="127" waiting="0" ended="80313" arrived="80313" collisions="223" teleports="223" halting="0" stopped="0" meanWaitingTime="869.65" meanTravelTime="432.70" meanSpeed="25.82" meanSpeedRelative="0.81" duration="1"/>
    <step time="74400.00" loaded="80583" inserted="80583" running="125" waiting="0" ended="80458" arrived="80458" collisions="223" teleports="223" halting="0" stopped="0" meanWaitingTime="868.11" meanTravelTime="432.36" meanSpeed="26.66" meanSpeedRelative="0.83" duration="1"/>
    <step time="74700.00" loaded="80712" inserted="80712" running="116" waiting="0" ended="80596" arrived="80596" collisions="223" teleports="223" halting="0" stopped="0" meanWaitingTime="866.72" meanTravelTime="432.09" meanSpeed="26.08" meanSpeedRelative="0.82" duration="1"/>
    <step time="75000.00" loaded="80835" inserted="80835" running="103" waiting="0" ended="80732" arrived="80732" collisions="223" teleports="223" halting="0" stopped="0" meanWaitingTime="865.41" meanTravelTime="431.86" meanSpeed="25.78" meanSpeedRelative="0.81" duration="1"/>
    <step time="75300.00" loaded="80986" inserted="80986" running="116" waiting="0" ended="80870" arrived="80870" collisions="223" teleports="223" halting="0" stopped="0" meanWaitingTime="863.79" meanTravelTime="431.52" meanSpeed="25.17" meanSpeedRelative="0.79" duration="1"/>
    <step time="75600.00" loaded="81112" inserted="81112" running="120" waiting="0" ended="80992" arrived="80992" collisions="223" teleports="223" halting="0" stopped="0" meanWaitingTime="862.45" meanTravelTime="431.23" meanSpeed="26.34" meanSpeedRelative="0.82" duration="83"/>
    <step time="75900.00" loaded="81313" inserted="81313" running="172" waiting="0" ended="81141" arrived="81141" collisions="224" teleports="224" halting="1" stopped="0" meanWaitingTime="860.32" meanTravelTime="430.88" meanSpeed="25.03" meanSpeedRelative="0.78" duration="1"/>
    <step time="76200.00" loaded="81530" inserted="81528" running="189" waiting="2" ended="81339" arrived="81339" collisions="224" teleports="224" halting="1" stopped="0" meanWaitingTime="858.05" meanTravelTime="430.53" meanSpeed="25.14" meanSpeedRelative="0.79" duration="1"/>
    <step time="76500.00" loaded="81728" inserted="81728" running="182" waiting="0" ended="81546" arrived="81546" collisions="224" teleports="224" halting="0" stopped="0" meanWaitingTime="855.95" meanTravelTime="430.12" meanSpeed="24.77" meanSpeedRelative="0.77" duration="1"/>
    <step time="76800.00" loaded="81911" inserted="81911" running="166" waiting="0" ended="81745" arrived="81745" collisions="224" teleports="224" halting="0" stopped="0" meanWaitingTime="854.04" meanTravelTime="429.73" meanSpeed="24.30" meanSpeedRelative="0.76" duration="1"/>
    <step time="77100.00" loaded="82112" inserted="82110" running="167" waiting="2" ended="81943" arrived="81943" collisions="225" teleports="225" halting="0" stopped="0" meanWaitingTime="851.97" meanTravelTime="429.35" meanSpeed="24.50" meanSpeedRelative="0.77" duration="1"/>
    <step time="77400.00" loaded="82293" inserted="82292" running="154" waiting="1" ended="82138" arrived="82138" collisions="225" teleports="225" halting="1" stopped="0" meanWaitingTime="850.09" meanTravelTime="428.88" meanSpeed="24.37" meanSpeedRelative="0.76" duration="1"/>
    <step time="77700.00" loaded="82491" inserted="82491" running="180" waiting="0" ended="82311" arrived="82311" collisions="226" teleports="226" halting="0" stopped="0" meanWaitingTime="848.04" meanTravelTime="428.54" meanSpeed="24.73" meanSpeedRelative="0.77" duration="1"/>
    <step time="78000.00" loaded="82677" inserted="82675" running="185" waiting="2" ended="82490" arrived="82490" collisions="227" teleports="227" halting="0" stopped="0" meanWaitingTime="846.16" meanTravelTime="428.20" meanSpeed="24.65" meanSpeedRelative="0.77" duration="2"/>
    <step time="78300.00" loaded="82868" inserted="82868" running="176" waiting="0" ended="82692" arrived="82692" collisions="227" teleports="227" halting="1" stopped="0" meanWaitingTime="844.19" meanTravelTime="427.89" meanSpeed="24.20" meanSpeedRelative="0.76" duration="1"/>
    <step time="78600.00" loaded="83066" inserted="83066" running="159" waiting="0" ended="82907" arrived="82907" collisions="227" teleports="227" halting="0" stopped="0" meanWaitingTime="842.17" meanTravelTime="427.43" meanSpeed="24.32" meanSpeedRelative="0.76" duration="1"/>
    <step time="78900.00" loaded="83270" inserted="83270" running="166" waiting="0" ended="83104" arrived="83104" collisions="229" teleports="229" halting="0" stopped="0" meanWaitingTime="840.11" meanTravelTime="427.01" meanSpeed="25.22" meanSpeedRelative="0.79" duration="1"/>
    <step time="79200.00" loaded="83500" inserted="83500" running="194" waiting="0" ended="83306" arrived="83306" collisions="230" teleports="230" halting="1" stopped="0" meanWaitingTime="837.80" meanTravelTime="426.57" meanSpeed="25.11" meanSpeedRelative="0.78" duration="83"/>
    <step time="79500.00" loaded="83671" inserted="83671" running="170" waiting="0" ended="83501" arrived="83501" collisions="230" teleports="230" halting="1" stopped="0" meanWaitingTime="836.09" meanTravelTime="426.22" meanSpeed="26.10" meanSpeedRelative="0.82" duration="1"/>
    <step time="79800.00" loaded="83834" inserted="83834" running="140" waiting="0" ended="83694" arrived="83694" collisions="230" teleports="230" halting="0" stopped="0" meanWaitingTime="834.46" meanTravelTime="425.86" meanSpeed="25.52" meanSpeedRelative="0.80" duration="1"/>
    <step time="80100.00" loaded="83997" inserted="83997" running="137" waiting="0" ended="83860" arrived="83860" collisions="230" teleports="230" halting="2" stopped="0" meanWaitingTime="832.85" meanTravelTime="425.62" meanSpeed="25.35" meanSpeedRelative="0.79" duration="1"/>
    <step time="80400.00" loaded="84178" inserted="84178" running="162" waiting="0" ended="84016" arrived="84016" collisions="230" teleports="230" halting="0" stopped="0" meanWaitingTime="831.06" meanTravelTime="425.30" meanSpeed="25.07" meanSpeedRelative="0.78" duration="1"/>
    <step time="80700.00" loaded="84338" inserted="84337" running="137" waiting="1" ended="84200" arrived="84200" collisions="230" teleports="230" halting="0" stopped="0" meanWaitingTime="829.49" meanTravelTime="424.92" meanSpeed="24.89" meanSpeedRelative="0.78" duration="1"/>
    <step time="81000.00" loaded="84501" inserted="84501" running="133" waiting="0" ended="84368" arrived="84368" collisions="230" teleports="230" halting="2" stopped="0" meanWaitingTime="827.88" meanTravelTime="424.59" meanSpeed="26.10" meanSpeedRelative="0.82" duration="1"/>
    <step time="81300.00" loaded="84676" inserted="84676" running="138" waiting="0" ended="84538" arrived="84538" collisions="230" teleports="230" halting="2" stopped="0" meanWaitingTime="826.17" meanTravelTime="424.30" meanSpeed="24.71" meanSpeedRelative="0.77" duration="1"/>
    <step time="81600.00" loaded="84830" inserted="84830" running="146" waiting="0" ended="84684" arrived="84684" collisions="230" teleports="230" halting="0" stopped="0" meanWaitingTime="824.67" meanTravelTime="424.02" meanSpeed="24.71" meanSpeedRelative="0.77" duration="1"/>
    <step time="81900.00" loaded="85020" inserted="85020" running="171" waiting="0" ended="84849" arrived="84849" collisions="230" teleports="230" halting="0" stopped="0" meanWaitingTime="822.83" meanTravelTime="423.72" meanSpeed="24.99" meanSpeedRelative="0.78" duration="1"/>
    <step time="82200.00" loaded="85196" inserted="85196" running="173" waiting="0" ended="85023" arrived="85023" collisions="230" teleports="230" halting="0" stopped="0" meanWaitingTime="821.13" meanTravelTime="423.40" meanSpeed="25.93" meanSpeedRelative="0.81" duration="1"/>
    <step time="82500.00" loaded="85351" inserted="85351" running="146" waiting="0" ended="85205" arrived="85205" collisions="230" teleports="230" halting="0" stopped="0" meanWaitingTime="819.64" meanTravelTime="423.12" meanSpeed="25.20" meanSpeedRelative="0.79" duration="1"/>
</summary>
