<?xml version="1.0" encoding="UTF-8"?>

<!-- generated on 2025-08-07 16:08:21 by Eclipse SUMO sumo Version 1.23.1
<sumoConfiguration xmlns:xsi="http://www.w3.org/2001/XMLSchema-instance" xsi:noNamespaceSchemaLocation="http://sumo.dlr.de/xsd/sumoConfiguration.xsd">

    <input>
        <net-file value="Desktop\Master Thesis\Network_fin.net.xml"/>
        <route-files value="Desktop\Master Thesis\demand_model_amsterdam.rou.xml"/>
        <additional-files value="Desktop\Master Thesis\Additionnal.add.xml"/>
    </input>

    <output>
        <summary-output value="outputf/summary_no_control_K16_target5_20120.xml"/>
        <summary-output.period value="300"/>
        <tripinfo-output value="outputf/tripinfo_no_control_K16_target5_20120.xml"/>
    </output>

    <time>
        <begin value="0"/>
        <end value="82800"/>
        <step-length value="1"/>
    </time>

    <processing>
        <time-to-teleport value="-1"/>
    </processing>

    <report>
        <verbose value="true"/>
        <no-step-log value="true"/>
    </report>

    <emissions>
        <device.emissions.period value="10"/>
    </emissions>

    <traci_server>
        <remote-port value="63973"/>
    </traci_server>

    <random_number>
        <seed value="20120"/>
    </random_number>

</sumoConfiguration>
-->

<summary xmlns:xsi="http://www.w3.org/2001/XMLSchema-instance" xsi:noNamespaceSchemaLocation="http://sumo.dlr.de/xsd/summary_file.xsd">
    <step time="0.00" loaded="0" inserted="0" running="0" waiting="0" ended="0" arrived="0" collisions="0" teleports="0" halting="0" stopped="0" meanWaitingTime="-1.00" meanTravelTime="-1.00" meanSpeed="-1.00" meanSpeedRelative="-1.00" duration="0"/>
    <step time="300.00" loaded="178" inserted="178" running="117" waiting="0" ended="61" arrived="61" collisions="0" teleports="0" halting="3" stopped="0" meanWaitingTime="0.57" meanTravelTime="103.44" meanSpeed="25.81" meanSpeedRelative="0.81" duration="1"/>
    <step time="600.00" loaded="350" inserted="349" running="128" waiting="1" ended="221" arrived="221" collisions="0" teleports="0" halting="0" stopped="0" meanWaitingTime="0.43" meanTravelTime="168.64" meanSpeed="25.35" meanSpeedRelative="0.79" duration="2"/>
    <step time="900.00" loaded="516" inserted="516" running="130" waiting="0" ended="386" arrived="386" collisions="0" teleports="0" halting="0" stopped="0" meanWaitingTime="0.41" meanTravelTime="190.71" meanSpeed="25.59" meanSpeedRelative="0.80" duration="1"/>
    <step time="1200.00" loaded="708" inserted="708" running="161" waiting="0" ended="547" arrived="547" collisions="0" teleports="0" halting="0" stopped="0" meanWaitingTime="0.42" meanTravelTime="201.38" meanSpeed="25.09" meanSpeedRelative="0.78" duration="2"/>
    <step time="1500.00" loaded="886" inserted="886" running="148" waiting="0" ended="738" arrived="738" collisions="1" teleports="1" halting="1" stopped="0" meanWaitingTime="0.39" meanTravelTime="208.99" meanSpeed="25.53" meanSpeedRelative="0.80" duration="1"/>
    <step time="1800.00" loaded="1061" inserted="1061" running="161" waiting="0" ended="900" arrived="900" collisions="1" teleports="1" halting="0" stopped="0" meanWaitingTime="0.37" meanTravelTime="214.82" meanSpeed="25.19" meanSpeedRelative="0.79" duration="1"/>
    <step time="2100.00" loaded="1231" inserted="1231" running="157" waiting="0" ended="1074" arrived="1074" collisions="1" teleports="1" halting="0" stopped="0" meanWaitingTime="0.36" meanTravelTime="225.25" meanSpeed="25.42" meanSpeedRelative="0.79" duration="1"/>
    <step time="2400.00" loaded="1431" inserted="1431" running="168" waiting="0" ended="1263" arrived="1263" collisions="1" teleports="1" halting="1" stopped="0" meanWaitingTime="0.37" meanTravelTime="230.44" meanSpeed="25.44" meanSpeedRelative="0.79" duration="1"/>
    <step time="2700.00" loaded="1604" inserted="1603" running="152" waiting="1" ended="1451" arrived="1451" collisions="1" teleports="1" halting="2" stopped="0" meanWaitingTime="0.40" meanTravelTime="235.81" meanSpeed="25.56" meanSpeedRelative="0.80" duration="1"/>
    <step time="3000.00" loaded="1787" inserted="1787" running="154" waiting="0" ended="1633" arrived="1633" collisions="1" teleports="1" halting="1" stopped="0" meanWaitingTime="0.41" meanTravelTime="235.04" meanSpeed="25.54" meanSpeedRelative="0.80" duration="1"/>
    <step time="3300.00" loaded="1955" inserted="1955" running="157" waiting="0" ended="1798" arrived="1798" collisions="1" teleports="1" halting="0" stopped="0" meanWaitingTime="0.40" meanTravelTime="236.36" meanSpeed="24.82" meanSpeedRelative="0.78" duration="1"/>
    <step time="3600.00" loaded="2150" inserted="2149" running="175" waiting="1" ended="1974" arrived="1974" collisions="1" teleports="1" halting="0" stopped="0" meanWaitingTime="0.41" meanTravelTime="239.66" meanSpeed="24.97" meanSpeedRelative="0.78" duration="85"/>
    <step time="3900.00" loaded="2257" inserted="2257" running="112" waiting="0" ended="2145" arrived="2145" collisions="1" teleports="1" halting="0" stopped="0" meanWaitingTime="0.39" meanTravelTime="243.70" meanSpeed="25.63" meanSpeedRelative="0.80" duration="1"/>
    <step time="4200.00" loaded="2385" inserted="2385" running="101" waiting="0" ended="2284" arrived="2284" collisions="1" teleports="1" halting="0" stopped="0" meanWaitingTime="0.39" meanTravelTime="247.12" meanSpeed="25.23" meanSpeedRelative="0.79" duration="1"/>
    <step time="4500.00" loaded="2482" inserted="2482" running="73" waiting="0" ended="2409" arrived="2409" collisions="1" teleports="1" halting="0" stopped="0" meanWaitingTime="0.38" meanTravelTime="247.57" meanSpeed="26.90" meanSpeedRelative="0.84" duration="0"/>
    <step time="4800.00" loaded="2581" inserted="2581" running="89" waiting="0" ended="2492" arrived="2492" collisions="1" teleports="1" halting="0" stopped="0" meanWaitingTime="0.38" meanTravelTime="248.99" meanSpeed="26.62" meanSpeedRelative="0.83" duration="1"/>
    <step time="5100.00" loaded="2700" inserted="2700" running="79" waiting="0" ended="2621" arrived="2621" collisions="1" teleports="1" halting="0" stopped="0" meanWaitingTime="0.37" meanTravelTime="249.31" meanSpeed="26.91" meanSpeedRelative="0.84" duration="0"/>
    <step time="5400.00" loaded="2825" inserted="2825" running="105" waiting="0" ended="2720" arrived="2720" collisions="1" teleports="1" halting="0" stopped="0" meanWaitingTime="0.36" meanTravelTime="248.12" meanSpeed="25.73" meanSpeedRelative="0.80" duration="0"/>
    <step time="5700.00" loaded="2938" inserted="2938" running="99" waiting="0" ended="2839" arrived="2839" collisions="1" teleports="1" halting="0" stopped="0" meanWaitingTime="0.36" meanTravelTime="248.23" meanSpeed="25.30" meanSpeedRelative="0.79" duration="1"/>
    <step time="6000.00" loaded="3054" inserted="3054" running="97" waiting="0" ended="2957" arrived="2957" collisions="1" teleports="1" halting="0" stopped="0" meanWaitingTime="0.36" meanTravelTime="247.93" meanSpeed="25.90" meanSpeedRelative="0.81" duration="0"/>
    <step time="6300.00" loaded="3155" inserted="3155" running="101" waiting="0" ended="3054" arrived="3054" collisions="1" teleports="1" halting="1" stopped="0" meanWaitingTime="0.35" meanTravelTime="249.38" meanSpeed="25.51" meanSpeedRelative="0.80" duration="1"/>
    <step time="6600.00" loaded="3262" inserted="3262" running="104" waiting="0" ended="3158" arrived="3158" collisions="1" teleports="1" halting="1" stopped="0" meanWaitingTime="0.34" meanTravelTime="250.06" meanSpeed="25.02" meanSpeedRelative="0.78" duration="1"/>
    <step time="6900.00" loaded="3382" inserted="3382" running="107" waiting="0" ended="3275" arrived="3275" collisions="1" teleports="1" halting="0" stopped="0" meanWaitingTime="0.34" meanTravelTime="250.60" meanSpeed="26.61" meanSpeedRelative="0.83" duration="1"/>
    <step time="7200.00" loaded="3488" inserted="3488" running="97" waiting="0" ended="3391" arrived="3391" collisions="1" teleports="1" halting="0" stopped="0" meanWaitingTime="0.34" meanTravelTime="251.73" meanSpeed="25.20" meanSpeedRelative="0.79" duration="85"/>
    <step time="7500.00" loaded="3638" inserted="3638" running="122" waiting="0" ended="3516" arrived="3516" collisions="1" teleports="1" halting="2" stopped="0" meanWaitingTime="0.35" meanTravelTime="251.77" meanSpeed="25.36" meanSpeedRelative="0.79" duration="0"/>
    <step time="7800.00" loaded="3797" inserted="3797" running="137" waiting="0" ended="3660" arrived="3660" collisions="1" teleports="1" halting="1" stopped="0" meanWaitingTime="0.35" meanTravelTime="251.27" meanSpeed="26.13" meanSpeedRelative="0.82" duration="1"/>
    <step time="8100.00" loaded="3960" inserted="3960" running="139" waiting="0" ended="3821" arrived="3821" collisions="1" teleports="1" halting="0" stopped="0" meanWaitingTime="0.35" meanTravelTime="250.28" meanSpeed="24.33" meanSpeedRelative="0.76" duration="1"/>
    <step time="8400.00" loaded="4099" inserted="4099" running="128" waiting="0" ended="3971" arrived="3971" collisions="1" teleports="1" halting="1" stopped="0" meanWaitingTime="0.35" meanTravelTime="250.86" meanSpeed="25.59" meanSpeedRelative="0.80" duration="1"/>
    <step time="8700.00" loaded="4234" inserted="4234" running="110" waiting="0" ended="4124" arrived="4124" collisions="2" teleports="2" halting="0" stopped="0" meanWaitingTime="0.35" meanTravelTime="251.26" meanSpeed="25.68" meanSpeedRelative="0.80" duration="1"/>
    <step time="9000.00" loaded="4385" inserted="4385" running="124" waiting="0" ended="4261" arrived="4261" collisions="2" teleports="2" halting="1" stopped="0" meanWaitingTime="0.36" meanTravelTime="251.65" meanSpeed="26.19" meanSpeedRelative="0.82" duration="1"/>
    <step time="9300.00" loaded="4537" inserted="4537" running="122" waiting="0" ended="4415" arrived="4415" collisions="2" teleports="2" halting="0" stopped="0" meanWaitingTime="0.36" meanTravelTime="251.34" meanSpeed="25.00" meanSpeedRelative="0.78" duration="1"/>
    <step time="9600.00" loaded="4672" inserted="4672" running="115" waiting="0" ended="4557" arrived="4557" collisions="2" teleports="2" halting="0" stopped="0" meanWaitingTime="0.36" meanTravelTime="250.37" meanSpeed="26.27" meanSpeedRelative="0.82" duration="1"/>
    <step time="9900.00" loaded="4829" inserted="4829" running="127" waiting="0" ended="4702" arrived="4702" collisions="2" teleports="2" halting="1" stopped="0" meanWaitingTime="0.37" meanTravelTime="249.85" meanSpeed="25.53" meanSpeedRelative="0.80" duration="0"/>
    <step time="10200.00" loaded="4984" inserted="4983" running="141" waiting="1" ended="4842" arrived="4842" collisions="2" teleports="2" halting="0" stopped="0" meanWaitingTime="0.37" meanTravelTime="249.44" meanSpeed="25.24" meanSpeedRelative="0.79" duration="1"/>
    <step time="10500.00" loaded="5121" inserted="5121" running="113" waiting="0" ended="5008" arrived="5008" collisions="2" teleports="2" halting="1" stopped="0" meanWaitingTime="0.37" meanTravelTime="250.02" meanSpeed="25.83" meanSpeedRelative="0.81" duration="1"/>
    <step time="10800.00" loaded="5263" inserted="5263" running="131" waiting="0" ended="5132" arrived="5132" collisions="2" teleports="2" halting="1" stopped="0" meanWaitingTime="0.38" meanTravelTime="250.73" meanSpeed="25.97" meanSpeedRelative="0.81" duration="85"/>
    <step time="11100.00" loaded="5411" inserted="5411" running="118" waiting="0" ended="5293" arrived="5293" collisions="2" teleports="2" halting="1" stopped="0" meanWaitingTime="0.39" meanTravelTime="251.18" meanSpeed="25.58" meanSpeedRelative="0.80" duration="1"/>
    <step time="11400.00" loaded="5553" inserted="5553" running="123" waiting="0" ended="5430" arrived="5430" collisions="2" teleports="2" halting="0" stopped="0" meanWaitingTime="0.39" meanTravelTime="250.92" meanSpeed="25.51" meanSpeedRelative="0.80" duration="0"/>
    <step time="11700.00" loaded="5709" inserted="5709" running="111" waiting="0" ended="5598" arrived="5598" collisions="2" teleports="2" halting="0" stopped="0" meanWaitingTime="0.39" meanTravelTime="250.41" meanSpeed="25.81" meanSpeedRelative="0.81" duration="1"/>
    <step time="12000.00" loaded="5854" inserted="5854" running="102" waiting="0" ended="5752" arrived="5752" collisions="2" teleports="2" halting="0" stopped="0" meanWaitingTime="0.39" meanTravelTime="249.23" meanSpeed="25.92" meanSpeedRelative="0.81" duration="1"/>
    <step time="12300.00" loaded="5993" inserted="5993" running="108" waiting="0" ended="5885" arrived="5885" collisions="2" teleports="2" halting="0" stopped="0" meanWaitingTime="0.39" meanTravelTime="248.90" meanSpeed="25.42" meanSpeedRelative="0.79" duration="1"/>
    <step time="12600.00" loaded="6143" inserted="6143" running="128" waiting="0" ended="6015" arrived="6015" collisions="2" teleports="2" halting="0" stopped="0" meanWaitingTime="0.40" meanTravelTime="248.92" meanSpeed="25.32" meanSpeedRelative="0.79" duration="0"/>
    <step time="12900.00" loaded="6295" inserted="6295" running="120" waiting="0" ended="6175" arrived="6175" collisions="2" teleports="2" halting="2" stopped="0" meanWaitingTime="0.40" meanTravelTime="248.22" meanSpeed="24.85" meanSpeedRelative="0.78" duration="1"/>
    <step time="13200.00" loaded="6437" inserted="6437" running="108" waiting="0" ended="6329" arrived="6329" collisions="2" teleports="2" halting="0" stopped="0" meanWaitingTime="0.40" meanTravelTime="247.68" meanSpeed="25.00" meanSpeedRelative="0.78" duration="1"/>
    <step time="13500.00" loaded="6579" inserted="6579" running="107" waiting="0" ended="6472" arrived="6472" collisions="2" teleports="2" halting="1" stopped="0" meanWaitingTime="0.40" meanTravelTime="247.37" meanSpeed="25.15" meanSpeedRelative="0.79" duration="1"/>
    <step time="13800.00" loaded="6715" inserted="6715" running="102" waiting="0" ended="6613" arrived="6613" collisions="2" teleports="2" halting="0" stopped="0" meanWaitingTime="0.40" meanTravelTime="246.66" meanSpeed="26.49" meanSpeedRelative="0.83" duration="1"/>
    <step time="14100.00" loaded="6844" inserted="6844" running="89" waiting="0" ended="6755" arrived="6755" collisions="3" teleports="3" halting="2" stopped="0" meanWaitingTime="0.40" meanTravelTime="246.75" meanSpeed="26.24" meanSpeedRelative="0.82" duration="1"/>
    <step time="14400.00" loaded="6969" inserted="6969" running="96" waiting="0" ended="6873" arrived="6873" collisions="3" teleports="3" halting="0" stopped="0" meanWaitingTime="0.39" meanTravelTime="246.17" meanSpeed="26.52" meanSpeedRelative="0.83" duration="86"/>
    <step time="14700.00" loaded="7084" inserted="7084" running="84" waiting="0" ended="7000" arrived="7000" collisions="3" teleports="3" halting="0" stopped="0" meanWaitingTime="0.40" meanTravelTime="245.48" meanSpeed="25.50" meanSpeedRelative="0.80" duration="0"/>
    <step time="15000.00" loaded="7183" inserted="7183" running="79" waiting="0" ended="7104" arrived="7104" collisions="3" teleports="3" halting="2" stopped="0" meanWaitingTime="0.39" meanTravelTime="245.49" meanSpeed="24.74" meanSpeedRelative="0.77" duration="1"/>
    <step time="15300.00" loaded="7289" inserted="7289" running="81" waiting="0" ended="7208" arrived="7208" collisions="3" teleports="3" halting="1" stopped="0" meanWaitingTime="0.39" meanTravelTime="244.95" meanSpeed="25.95" meanSpeedRelative="0.81" duration="1"/>
    <step time="15600.00" loaded="7380" inserted="7380" running="68" waiting="0" ended="7312" arrived="7312" collisions="3" teleports="3" halting="1" stopped="0" meanWaitingTime="0.39" meanTravelTime="245.03" meanSpeed="26.26" meanSpeedRelative="0.82" duration="0"/>
    <step time="15900.00" loaded="7475" inserted="7475" running="65" waiting="0" ended="7410" arrived="7410" collisions="3" teleports="3" halting="0" stopped="0" meanWaitingTime="0.39" meanTravelTime="244.79" meanSpeed="25.07" meanSpeedRelative="0.78" duration="0"/>
    <step time="16200.00" loaded="7583" inserted="7583" running="65" waiting="0" ended="7518" arrived="7518" collisions="3" teleports="3" halting="0" stopped="0" meanWaitingTime="0.39" meanTravelTime="244.25" meanSpeed="25.91" meanSpeedRelative="0.81" duration="1"/>
    <step time="16500.00" loaded="7685" inserted="7685" running="70" waiting="0" ended="7615" arrived="7615" collisions="3" teleports="3" halting="0" stopped="0" meanWaitingTime="0.39" meanTravelTime="244.05" meanSpeed="25.93" meanSpeedRelative="0.81" duration="1"/>
    <step time="16800.00" loaded="7763" inserted="7763" running="52" waiting="0" ended="7711" arrived="7711" collisions="3" teleports="3" halting="0" stopped="0" meanWaitingTime="0.38" meanTravelTime="243.35" meanSpeed="25.10" meanSpeedRelative="0.78" duration="0"/>
    <step time="17100.00" loaded="7855" inserted="7855" running="60" waiting="0" ended="7795" arrived="7795" collisions="3" teleports="3" halting="1" stopped="0" meanWaitingTime="0.38" meanTravelTime="243.17" meanSpeed="27.15" meanSpeedRelative="0.85" duration="0"/>
    <step time="17400.00" loaded="7956" inserted="7956" running="61" waiting="0" ended="7895" arrived="7895" collisions="3" teleports="3" halting="0" stopped="0" meanWaitingTime="0.38" meanTravelTime="242.33" meanSpeed="26.76" meanSpeedRelative="0.84" duration="1"/>
    <step time="17700.00" loaded="8059" inserted="8059" running="68" waiting="0" ended="7991" arrived="7991" collisions="3" teleports="3" halting="2" stopped="0" meanWaitingTime="0.38" meanTravelTime="241.58" meanSpeed="25.01" meanSpeedRelative="0.78" duration="1"/>
    <step time="18000.00" loaded="8162" inserted="8162" running="70" waiting="0" ended="8092" arrived="8092" collisions="3" teleports="3" halting="0" stopped="0" meanWaitingTime="0.38" meanTravelTime="241.30" meanSpeed="23.93" meanSpeedRelative="0.75" duration="79"/>
    <step time="18300.00" loaded="8353" inserted="8352" running="114" waiting="1" ended="8238" arrived="8238" collisions="3" teleports="3" halting="0" stopped="0" meanWaitingTime="0.38" meanTravelTime="240.29" meanSpeed="25.26" meanSpeedRelative="0.79" duration="1"/>
    <step time="18600.00" loaded="8572" inserted="8572" running="156" waiting="0" ended="8416" arrived="8416" collisions="3" teleports="3" halting="0" stopped="0" meanWaitingTime="0.38" meanTravelTime="238.80" meanSpeed="26.48" meanSpeedRelative="0.83" duration="1"/>
    <step time="18900.00" loaded="8775" inserted="8775" running="159" waiting="0" ended="8616" arrived="8616" collisions="3" teleports="3" halting="1" stopped="0" meanWaitingTime="0.38" meanTravelTime="238.73" meanSpeed="25.11" meanSpeedRelative="0.78" duration="1"/>
    <step time="19200.00" loaded="8977" inserted="8977" running="142" waiting="0" ended="8835" arrived="8835" collisions="3" teleports="3" halting="0" stopped="0" meanWaitingTime="0.39" meanTravelTime="238.32" meanSpeed="24.57" meanSpeedRelative="0.77" duration="1"/>
    <step time="19500.00" loaded="9204" inserted="9202" running="181" waiting="2" ended="9021" arrived="9021" collisions="3" teleports="3" halting="1" stopped="0" meanWaitingTime="0.39" meanTravelTime="237.79" meanSpeed="24.62" meanSpeedRelative="0.77" duration="1"/>
    <step time="19800.00" loaded="9390" inserted="9390" running="136" waiting="0" ended="9254" arrived="9254" collisions="3" teleports="3" halting="0" stopped="0" meanWaitingTime="0.40" meanTravelTime="237.56" meanSpeed="25.79" meanSpeedRelative="0.81" duration="1"/>
    <step time="20100.00" loaded="9620" inserted="9620" running="166" waiting="0" ended="9454" arrived="9454" collisions="3" teleports="3" halting="1" stopped="0" meanWaitingTime="0.41" meanTravelTime="237.05" meanSpeed="25.33" meanSpeedRelative="0.79" duration="1"/>
    <step time="20400.00" loaded="9834" inserted="9834" running="169" waiting="0" ended="9665" arrived="9665" collisions="3" teleports="3" halting="1" stopped="0" meanWaitingTime="0.41" meanTravelTime="236.84" meanSpeed="24.92" meanSpeedRelative="0.78" duration="1"/>
    <step time="20700.00" loaded="10020" inserted="10020" running="160" waiting="0" ended="9860" arrived="9860" collisions="3" teleports="3" halting="2" stopped="0" meanWaitingTime="0.42" meanTravelTime="237.10" meanSpeed="25.17" meanSpeedRelative="0.79" duration="1"/>
    <step time="21000.00" loaded="10229" inserted="10228" running="169" waiting="1" ended="10059" arrived="10059" collisions="3" teleports="3" halting="0" stopped="0" meanWaitingTime="0.42" meanTravelTime="237.31" meanSpeed="24.00" meanSpeedRelative="0.75" duration="1"/>
    <step time="21300.00" loaded="10413" inserted="10413" running="145" waiting="0" ended="10268" arrived="10268" collisions="3" teleports="3" halting="0" stopped="0" meanWaitingTime="0.42" meanTravelTime="237.29" meanSpeed="24.78" meanSpeedRelative="0.77" duration="1"/>
    <step time="21600.00" loaded="10616" inserted="10616" running="142" waiting="0" ended="10474" arrived="10474" collisions="3" teleports="3" halting="3" stopped="0" meanWaitingTime="0.43" meanTravelTime="236.94" meanSpeed="24.06" meanSpeedRelative="0.75" duration="78"/>
    <step time="21900.00" loaded="11080" inserted="11061" running="348" waiting="19" ended="10713" arrived="10713" collisions="3" teleports="3" halting="3" stopped="0" meanWaitingTime="0.61" meanTravelTime="236.51" meanSpeed="22.32" meanSpeedRelative="0.70" duration="3"/>
    <step time="22200.00" loaded="11554" inserted="11499" running="425" waiting="55" ended="11074" arrived="11074" collisions="3" teleports="3" halting="3" stopped="0" meanWaitingTime="1.41" meanTravelTime="236.26" meanSpeed="21.16" meanSpeedRelative="0.66" duration="2"/>
    <step time="22500.00" loaded="12007" inserted="11930" running="463" waiting="77" ended="11467" arrived="11467" collisions="3" teleports="3" halting="1" stopped="0" meanWaitingTime="2.89" meanTravelTime="237.80" meanSpeed="20.98" meanSpeedRelative="0.66" duration="3"/>
    <step time="22800.00" loaded="12455" inserted="12368" running="466" waiting="87" ended="11902" arrived="11902" collisions="4" teleports="4" halting="4" stopped="0" meanWaitingTime="4.78" meanTravelTime="240.47" meanSpeed="19.89" meanSpeedRelative="0.62" duration="2"/>
    <step time="23100.00" loaded="12890" inserted="12802" running="484" waiting="88" ended="12318" arrived="12318" collisions="5" teleports="5" halting="0" stopped="0" meanWaitingTime="6.64" meanTravelTime="243.91" meanSpeed="18.86" meanSpeedRelative="0.59" duration="2"/>
    <step time="23400.00" loaded="13373" inserted="13249" running="502" waiting="124" ended="12747" arrived="12747" collisions="8" teleports="8" halting="1" stopped="0" meanWaitingTime="8.64" meanTravelTime="246.87" meanSpeed="19.38" meanSpeedRelative="0.61" duration="3"/>
    <step time="23700.00" loaded="13801" inserted="13673" running="506" waiting="128" ended="13167" arrived="13167" collisions="9" teleports="9" halting="3" stopped="0" meanWaitingTime="11.09" meanTravelTime="249.40" meanSpeed="18.94" meanSpeedRelative="0.59" duration="2"/>
    <step time="24000.00" loaded="14239" inserted="14092" running="506" waiting="147" ended="13586" arrived="13586" collisions="9" teleports="9" halting="1" stopped="0" meanWaitingTime="13.48" meanTravelTime="252.82" meanSpeed="18.88" meanSpeedRelative="0.59" duration="2"/>
    <step time="24300.00" loaded="14672" inserted="14492" running="473" waiting="180" ended="14019" arrived="14019" collisions="12" teleports="12" halting="0" stopped="0" meanWaitingTime="16.17" meanTravelTime="255.95" meanSpeed="20.56" meanSpeedRelative="0.64" duration="2"/>
    <step time="24600.00" loaded="15140" inserted="14943" running="519" waiting="197" ended="14424" arrived="14424" collisions="14" teleports="14" halting="1" stopped="0" meanWaitingTime="19.22" meanTravelTime="258.68" meanSpeed="18.65" meanSpeedRelative="0.58" duration="3"/>
    <step time="24900.00" loaded="15608" inserted="15404" running="566" waiting="204" ended="14838" arrived="14838" collisions="16" teleports="16" halting="4" stopped="0" meanWaitingTime="22.43" meanTravelTime="261.11" meanSpeed="18.30" meanSpeedRelative="0.57" duration="3"/>
    <step time="25200.00" loaded="16054" inserted="15850" running="543" waiting="204" ended="15307" arrived="15307" collisions="17" teleports="17" halting="3" stopped="0" meanWaitingTime="25.48" meanTravelTime="264.03" meanSpeed="17.85" meanSpeedRelative="0.56" duration="87"/>
    <step time="25500.00" loaded="16635" inserted="16336" running="579" waiting="299" ended="15757" arrived="15757" collisions="19" teleports="19" halting="1" stopped="0" meanWaitingTime="28.54" meanTravelTime="266.75" meanSpeed="17.45" meanSpeedRelative="0.55" duration="4"/>
    <step time="25800.00" loaded="17158" inserted="16800" running="561" waiting="358" ended="16239" arrived="16239" collisions="20" teleports="20" halting="1" stopped="0" meanWaitingTime="32.00" meanTravelTime="269.82" meanSpeed="18.42" meanSpeedRelative="0.58" duration="3"/>
    <step time="26100.00" loaded="17744" inserted="17322" running="618" waiting="422" ended="16704" arrived="16704" collisions="20" teleports="20" halting="1" stopped="0" meanWaitingTime="36.35" meanTravelTime="272.28" meanSpeed="17.14" meanSpeedRelative="0.54" duration="3"/>
    <step time="26400.00" loaded="18290" inserted="17805" running="643" waiting="485" ended="17162" arrived="17162" collisions="22" teleports="22" halting="2" stopped="0" meanWaitingTime="40.98" meanTravelTime="275.24" meanSpeed="16.52" meanSpeedRelative="0.52" duration="3"/>
    <step time="26700.00" loaded="18830" inserted="18272" running="666" waiting="558" ended="17606" arrived="17606" collisions="22" teleports="22" halting="13" stopped="0" meanWaitingTime="45.73" meanTravelTime="278.15" meanSpeed="15.92" meanSpeedRelative="0.50" duration="4"/>
    <step time="27000.00" loaded="19383" inserted="18727" running="621" waiting="656" ended="18106" arrived="18106" collisions="26" teleports="26" halting="1" stopped="0" meanWaitingTime="50.82" meanTravelTime="281.96" meanSpeed="17.23" meanSpeedRelative="0.54" duration="3"/>
    <step time="27300.00" loaded="19945" inserted="19219" running="633" waiting="726" ended="18586" arrived="18586" collisions="29" teleports="29" halting="2" stopped="0" meanWaitingTime="57.65" meanTravelTime="285.12" meanSpeed="17.19" meanSpeedRelative="0.54" duration="3"/>
    <step time="27600.00" loaded="20503" inserted="19696" running="651" waiting="807" ended="19045" arrived="19045" collisions="31" teleports="31" halting="7" stopped="0" meanWaitingTime="64.87" meanTravelTime="287.46" meanSpeed="15.72" meanSpeedRelative="0.49" duration="4"/>
    <step time="27900.00" loaded="21063" inserted="20168" running="660" waiting="895" ended="19508" arrived="19508" collisions="33" teleports="33" halting="1" stopped="0" meanWaitingTime="72.39" meanTravelTime="289.77" meanSpeed="15.89" meanSpeedRelative="0.50" duration="4"/>
    <step time="28200.00" loaded="21643" inserted="20655" running="678" waiting="988" ended="19977" arrived="19977" collisions="34" teleports="34" halting="4" stopped="0" meanWaitingTime="80.51" meanTravelTime="292.97" meanSpeed="14.72" meanSpeedRelative="0.46" duration="3"/>
    <step time="28500.00" loaded="22236" inserted="21152" running="696" waiting="1084" ended="20456" arrived="20456" collisions="34" teleports="34" halting="1" stopped="0" meanWaitingTime="88.66" meanTravelTime="295.93" meanSpeed="14.83" meanSpeedRelative="0.46" duration="3"/>
    <step time="28800.00" loaded="22798" inserted="21616" running="686" waiting="1182" ended="20930" arrived="20930" collisions="36" teleports="36" halting="1" stopped="0" meanWaitingTime="97.68" meanTravelTime="298.89" meanSpeed="14.47" meanSpeedRelative="0.45" duration="89"/>
    <step time="29100.00" loaded="23157" inserted="22042" running="635" waiting="1115" ended="21407" arrived="21407" collisions="39" teleports="39" halting="1" stopped="0" meanWaitingTime="107.11" meanTravelTime="301.83" meanSpeed="15.91" meanSpeedRelative="0.50" duration="3"/>
    <step time="29400.00" loaded="23526" inserted="22481" running="624" waiting="1045" ended="21857" arrived="21857" collisions="40" teleports="40" halting="6" stopped="0" meanWaitingTime="116.55" meanTravelTime="304.23" meanSpeed="15.69" meanSpeedRelative="0.49" duration="3"/>
    <step time="29700.00" loaded="23898" inserted="22911" running="561" waiting="987" ended="22350" arrived="22350" collisions="42" teleports="42" halting="2" stopped="0" meanWaitingTime="126.47" meanTravelTime="306.73" meanSpeed="16.70" meanSpeedRelative="0.52" duration="3"/>
    <step time="30000.00" loaded="24259" inserted="23335" running="570" waiting="924" ended="22765" arrived="22765" collisions="43" teleports="43" halting="12" stopped="0" meanWaitingTime="135.92" meanTravelTime="308.76" meanSpeed="17.26" meanSpeedRelative="0.54" duration="3"/>
    <step time="30300.00" loaded="24592" inserted="23734" running="536" waiting="858" ended="23198" arrived="23198" collisions="43" teleports="43" halting="1" stopped="0" meanWaitingTime="145.24" meanTravelTime="310.79" meanSpeed="17.21" meanSpeedRelative="0.54" duration="3"/>
    <step time="30600.00" loaded="24944" inserted="24132" running="473" waiting="812" ended="23659" arrived="23659" collisions="43" teleports="43" halting="0" stopped="0" meanWaitingTime="154.41" meanTravelTime="311.81" meanSpeed="17.87" meanSpeedRelative="0.56" duration="3"/>
    <step time="30900.00" loaded="25313" inserted="24548" running="467" waiting="765" ended="24081" arrived="24081" collisions="44" teleports="44" halting="3" stopped="0" meanWaitingTime="163.65" meanTravelTime="312.73" meanSpeed="16.69" meanSpeedRelative="0.52" duration="2"/>
    <step time="31200.00" loaded="25665" inserted="24963" running="495" waiting="702" ended="24468" arrived="24468" collisions="48" teleports="48" halting="2" stopped="0" meanWaitingTime="172.10" meanTravelTime="312.87" meanSpeed="17.39" meanSpeedRelative="0.54" duration="3"/>
    <step time="31500.00" loaded="25985" inserted="25351" running="479" waiting="634" ended="24872" arrived="24872" collisions="49" teleports="49" halting="2" stopped="0" meanWaitingTime="180.50" meanTravelTime="313.87" meanSpeed="18.06" meanSpeedRelative="0.56" duration="3"/>
    <step time="31800.00" loaded="26355" inserted="25741" running="437" waiting="614" ended="25304" arrived="25304" collisions="51" teleports="51" halting="2" stopped="0" meanWaitingTime="187.36" meanTravelTime="314.46" meanSpeed="19.16" meanSpeedRelative="0.60" duration="2"/>
    <step time="32100.00" loaded="26726" inserted="26127" running="437" waiting="599" ended="25690" arrived="25690" collisions="52" teleports="52" halting="1" stopped="0" meanWaitingTime="194.35" meanTravelTime="314.76" meanSpeed="18.65" meanSpeedRelative="0.58" duration="3"/>
    <step time="32400.00" loaded="27070" inserted="26501" running="408" waiting="569" ended="26093" arrived="26093" collisions="52" teleports="52" halting="0" stopped="0" meanWaitingTime="200.15" meanTravelTime="315.13" meanSpeed="20.11" meanSpeedRelative="0.63" duration="87"/>
    <step time="32700.00" loaded="27346" inserted="26838" running="348" waiting="508" ended="26490" arrived="26490" collisions="55" teleports="55" halting="1" stopped="0" meanWaitingTime="205.10" meanTravelTime="315.42" meanSpeed="21.28" meanSpeedRelative="0.66" duration="3"/>
    <step time="33000.00" loaded="27627" inserted="27167" running="322" waiting="460" ended="26845" arrived="26845" collisions="59" teleports="59" halting="1" stopped="0" meanWaitingTime="209.62" meanTravelTime="315.51" meanSpeed="21.74" meanSpeedRelative="0.68" duration="2"/>
    <step time="33300.00" loaded="27885" inserted="27497" running="293" waiting="388" ended="27204" arrived="27204" collisions="59" teleports="59" halting="0" stopped="0" meanWaitingTime="214.20" meanTravelTime="314.97" meanSpeed="22.50" meanSpeedRelative="0.70" duration="2"/>
    <step time="33600.00" loaded="28154" inserted="27824" running="283" waiting="330" ended="27541" arrived="27541" collisions="60" teleports="60" halting="1" stopped="0" meanWaitingTime="217.84" meanTravelTime="314.39" meanSpeed="22.13" meanSpeedRelative="0.69" duration="2"/>
    <step time="33900.00" loaded="28382" inserted="28127" running="290" waiting="255" ended="27837" arrived="27837" collisions="60" teleports="60" halting="2" stopped="0" meanWaitingTime="221.23" meanTravelTime="313.80" meanSpeed="21.44" meanSpeedRelative="0.67" duration="2"/>
    <step time="34200.00" loaded="28643" inserted="28460" running="296" waiting="183" ended="28164" arrived="28164" collisions="60" teleports="60" halting="0" stopped="0" meanWaitingTime="223.01" meanTravelTime="313.57" meanSpeed="21.40" meanSpeedRelative="0.67" duration="2"/>
    <step time="34500.00" loaded="28891" inserted="28764" running="293" waiting="127" ended="28471" arrived="28471" collisions="60" teleports="60" halting="1" stopped="0" meanWaitingTime="223.77" meanTravelTime="313.22" meanSpeed="21.84" meanSpeedRelative="0.68" duration="2"/>
    <step time="34800.00" loaded="29182" inserted="29077" running="272" waiting="105" ended="28805" arrived="28805" collisions="62" teleports="62" halting="2" stopped="0" meanWaitingTime="224.05" meanTravelTime="312.72" meanSpeed="22.89" meanSpeedRelative="0.72" duration="2"/>
    <step time="35100.00" loaded="29439" inserted="29359" running="245" waiting="80" ended="29114" arrived="29114" collisions="64" teleports="64" halting="1" stopped="0" meanWaitingTime="223.80" meanTravelTime="312.24" meanSpeed="22.74" meanSpeedRelative="0.71" duration="2"/>
    <step time="35400.00" loaded="29686" inserted="29633" running="233" waiting="53" ended="29400" arrived="29400" collisions="64" teleports="64" halting="0" stopped="0" meanWaitingTime="222.91" meanTravelTime="311.80" meanSpeed="22.34" meanSpeedRelative="0.70" duration="2"/>
    <step time="35700.00" loaded="29928" inserted="29908" running="228" waiting="20" ended="29680" arrived="29680" collisions="64" teleports="64" halting="1" stopped="0" meanWaitingTime="221.57" meanTravelTime="311.14" meanSpeed="23.35" meanSpeedRelative="0.73" duration="2"/>
    <step time="36000.00" loaded="30195" inserted="30195" running="229" waiting="0" ended="29966" arrived="29966" collisions="64" teleports="64" halting="2" stopped="0" meanWaitingTime="219.60" meanTravelTime="310.59" meanSpeed="24.07" meanSpeedRelative="0.75" duration="85"/>
    <step time="36300.00" loaded="30650" inserted="30645" running="371" waiting="5" ended="30274" arrived="30274" collisions="65" teleports="65" halting="1" stopped="0" meanWaitingTime="216.45" meanTravelTime="309.80" meanSpeed="22.77" meanSpeedRelative="0.71" duration="2"/>
    <step time="36600.00" loaded="31126" inserted="31106" running="422" waiting="20" ended="30684" arrived="30684" collisions="65" teleports="65" halting="1" stopped="0" meanWaitingTime="213.33" meanTravelTime="308.97" meanSpeed="20.88" meanSpeedRelative="0.65" duration="2"/>
    <step time="36900.00" loaded="31631" inserted="31573" running="468" waiting="58" ended="31105" arrived="31105" collisions="66" teleports="66" halting="1" stopped="0" meanWaitingTime="210.48" meanTravelTime="308.63" meanSpeed="20.33" meanSpeedRelative="0.64" duration="3"/>
    <step time="37200.00" loaded="32110" inserted="32029" running="501" waiting="81" ended="31528" arrived="31528" collisions="67" teleports="67" halting="2" stopped="0" meanWaitingTime="208.03" meanTravelTime="308.38" meanSpeed="20.86" meanSpeedRelative="0.65" duration="3"/>
    <step time="37500.00" loaded="32581" inserted="32475" running="491" waiting="106" ended="31984" arrived="31984" collisions="67" teleports="67" halting="2" stopped="0" meanWaitingTime="205.89" meanTravelTime="308.68" meanSpeed="20.03" meanSpeedRelative="0.63" duration="3"/>
    <step time="37800.00" loaded="33041" inserted="32932" running="515" waiting="109" ended="32417" arrived="32417" collisions="69" teleports="69" halting="2" stopped="0" meanWaitingTime="203.92" meanTravelTime="309.14" meanSpeed="19.23" meanSpeedRelative="0.60" duration="3"/>
    <step time="38100.00" loaded="33500" inserted="33375" running="492" waiting="125" ended="32883" arrived="32883" collisions="69" teleports="69" halting="0" stopped="0" meanWaitingTime="202.14" meanTravelTime="309.60" meanSpeed="18.39" meanSpeedRelative="0.57" duration="3"/>
    <step time="38400.00" loaded="33994" inserted="33842" running="524" waiting="152" ended="33318" arrived="33318" collisions="70" teleports="70" halting="2" stopped="0" meanWaitingTime="200.40" meanTravelTime="310.18" meanSpeed="19.18" meanSpeedRelative="0.60" duration="4"/>
    <step time="38700.00" loaded="34451" inserted="34280" running="527" waiting="171" ended="33753" arrived="33753" collisions="70" teleports="70" halting="2" stopped="0" meanWaitingTime="199.01" meanTravelTime="310.47" meanSpeed="18.87" meanSpeedRelative="0.59" duration="3"/>
    <step time="39000.00" loaded="34898" inserted="34729" running="511" waiting="169" ended="34218" arrived="34218" collisions="72" teleports="72" halting="1" stopped="0" meanWaitingTime="197.73" meanTravelTime="310.81" meanSpeed="18.83" meanSpeedRelative="0.59" duration="7"/>
    <step time="39300.00" loaded="35390" inserted="35199" running="550" waiting="191" ended="34649" arrived="34649" collisions="73" teleports="73" halting="3" stopped="0" meanWaitingTime="196.45" meanTravelTime="311.37" meanSpeed="18.42" meanSpeedRelative="0.58" duration="3"/>
    <step time="39600.00" loaded="35888" inserted="35644" running="587" waiting="244" ended="35057" arrived="35057" collisions="75" teleports="75" halting="5" stopped="0" meanWaitingTime="195.49" meanTravelTime="311.87" meanSpeed="17.39" meanSpeedRelative="0.54" duration="90"/>
    <step time="39900.00" loaded="36454" inserted="36138" running="619" waiting="316" ended="35519" arrived="35519" collisions="80" teleports="80" halting="2" stopped="0" meanWaitingTime="194.40" meanTravelTime="312.65" meanSpeed="17.02" meanSpeedRelative="0.53" duration="5"/>
    <step time="40200.00" loaded="36954" inserted="36580" running="598" waiting="374" ended="35982" arrived="35982" collisions="81" teleports="81" halting="1" stopped="0" meanWaitingTime="193.99" meanTravelTime="313.69" meanSpeed="16.83" meanSpeedRelative="0.53" duration="4"/>
    <step time="40500.00" loaded="37510" inserted="37086" running="655" waiting="424" ended="36431" arrived="36431" collisions="85" teleports="85" halting="1" stopped="0" meanWaitingTime="193.74" meanTravelTime="314.51" meanSpeed="16.42" meanSpeedRelative="0.51" duration="3"/>
    <step time="40800.00" loaded="38057" inserted="37573" running="631" waiting="484" ended="36942" arrived="36942" collisions="88" teleports="88" halting="1" stopped="0" meanWaitingTime="193.83" meanTravelTime="315.49" meanSpeed="16.43" meanSpeedRelative="0.51" duration="4"/>
    <step time="41100.00" loaded="38608" inserted="38079" running="677" waiting="529" ended="37402" arrived="37402" collisions="92" teleports="92" halting="2" stopped="0" meanWaitingTime="194.21" meanTravelTime="316.36" meanSpeed="16.12" meanSpeedRelative="0.50" duration="5"/>
    <step time="41400.00" loaded="39167" inserted="38573" running="718" waiting="594" ended="37855" arrived="37855" collisions="94" teleports="94" halting="3" stopped="0" meanWaitingTime="194.78" meanTravelTime="317.39" meanSpeed="15.51" meanSpeedRelative="0.48" duration="5"/>
    <step time="41700.00" loaded="39729" inserted="39091" running="728" waiting="638" ended="38363" arrived="38363" collisions="99" teleports="99" halting="3" stopped="0" meanWaitingTime="195.66" meanTravelTime="318.73" meanSpeed="15.86" meanSpeedRelative="0.50" duration="5"/>
    <step time="42000.00" loaded="40228" inserted="39551" running="681" waiting="677" ended="38870" arrived="38870" collisions="100" teleports="100" halting="3" stopped="0" meanWaitingTime="197.07" meanTravelTime="320.21" meanSpeed="15.54" meanSpeedRelative="0.49" duration="5"/>
    <step time="42300.00" loaded="40773" inserted="40027" running="722" waiting="746" ended="39305" arrived="39305" collisions="101" teleports="101" halting="5" stopped="0" meanWaitingTime="198.78" meanTravelTime="321.58" meanSpeed="15.41" meanSpeedRelative="0.48" duration="4"/>
    <step time="42600.00" loaded="41317" inserted="40516" running="730" waiting="801" ended="39786" arrived="39786" collisions="101" teleports="101" halting="0" stopped="0" meanWaitingTime="200.72" meanTravelTime="323.23" meanSpeed="14.88" meanSpeedRelative="0.46" duration="4"/>
    <step time="42900.00" loaded="41808" inserted="40993" running="740" waiting="815" ended="40253" arrived="40253" collisions="103" teleports="103" halting="2" stopped="0" meanWaitingTime="202.95" meanTravelTime="324.73" meanSpeed="15.10" meanSpeedRelative="0.47" duration="6"/>
    <step time="43200.00" loaded="42315" inserted="41476" running="728" waiting="839" ended="40748" arrived="40748" collisions="105" teleports="105" halting="4" stopped="0" meanWaitingTime="205.26" meanTravelTime="326.19" meanSpeed="14.98" meanSpeedRelative="0.47" duration="92"/>
    <step time="43500.00" loaded="42875" inserted="41973" running="743" waiting="902" ended="41230" arrived="41230" collisions="106" teleports="106" halting="0" stopped="0" meanWaitingTime="207.61" meanTravelTime="327.75" meanSpeed="15.31" meanSpeedRelative="0.48" duration="4"/>
    <step time="43800.00" loaded="43387" inserted="42460" running="744" waiting="927" ended="41716" arrived="41716" collisions="107" teleports="107" halting="3" stopped="0" meanWaitingTime="210.30" meanTravelTime="329.17" meanSpeed="14.30" meanSpeedRelative="0.45" duration="5"/>
    <step time="44100.00" loaded="43915" inserted="42934" running="780" waiting="981" ended="42154" arrived="42154" collisions="107" teleports="107" halting="2" stopped="0" meanWaitingTime="212.98" meanTravelTime="330.68" meanSpeed="13.99" meanSpeedRelative="0.44" duration="5"/>
    <step time="44400.00" loaded="44424" inserted="43398" running="765" waiting="1026" ended="42633" arrived="42633" collisions="110" teleports="110" halting="1" stopped="0" meanWaitingTime="215.85" meanTravelTime="332.33" meanSpeed="14.64" meanSpeedRelative="0.46" duration="5"/>
    <step time="44700.00" loaded="44955" inserted="43906" running="766" waiting="1049" ended="43140" arrived="43140" collisions="112" teleports="112" halting="3" stopped="0" meanWaitingTime="219.03" meanTravelTime="334.03" meanSpeed="14.97" meanSpeedRelative="0.47" duration="4"/>
    <step time="45000.00" loaded="45457" inserted="44363" running="740" waiting="1094" ended="43623" arrived="43623" collisions="112" teleports="112" halting="4" stopped="0" meanWaitingTime="222.34" meanTravelTime="335.30" meanSpeed="14.40" meanSpeedRelative="0.45" duration="4"/>
    <step time="45300.00" loaded="45964" inserted="44840" running="749" waiting="1124" ended="44091" arrived="44091" collisions="115" teleports="115" halting="3" stopped="0" meanWaitingTime="225.60" meanTravelTime="336.73" meanSpeed="15.12" meanSpeedRelative="0.47" duration="6"/>
    <step time="45600.00" loaded="46487" inserted="45333" running="750" waiting="1154" ended="44583" arrived="44583" collisions="115" teleports="115" halting="2" stopped="0" meanWaitingTime="229.42" meanTravelTime="338.28" meanSpeed="14.98" meanSpeedRelative="0.47" duration="4"/>
    <step time="45900.00" loaded="47022" inserted="45841" running="769" waiting="1181" ended="45072" arrived="45072" collisions="118" teleports="118" halting="5" stopped="0" meanWaitingTime="233.65" meanTravelTime="339.79" meanSpeed="14.05" meanSpeedRelative="0.44" duration="4"/>
    <step time="46200.00" loaded="47553" inserted="46336" running="789" waiting="1217" ended="45547" arrived="45547" collisions="120" teleports="120" halting="2" stopped="0" meanWaitingTime="237.02" meanTravelTime="341.04" meanSpeed="13.38" meanSpeedRelative="0.42" duration="6"/>
    <step time="46500.00" loaded="48103" inserted="46838" running="795" waiting="1265" ended="46043" arrived="46043" collisions="121" teleports="121" halting="5" stopped="0" meanWaitingTime="240.44" meanTravelTime="342.46" meanSpeed="13.79" meanSpeedRelative="0.43" duration="6"/>
    <step time="46800.00" loaded="48625" inserted="47333" running="834" waiting="1292" ended="46499" arrived="46499" collisions="123" teleports="123" halting="1" stopped="0" meanWaitingTime="244.36" meanTravelTime="343.65" meanSpeed="13.30" meanSpeedRelative="0.42" duration="95"/>
    <step time="47100.00" loaded="49173" inserted="47826" running="850" waiting="1347" ended="46976" arrived="46976" collisions="125" teleports="125" halting="3" stopped="0" meanWaitingTime="248.36" meanTravelTime="345.27" meanSpeed="13.48" meanSpeedRelative="0.42" duration="6"/>
    <step time="47400.00" loaded="49681" inserted="48299" running="824" waiting="1382" ended="47475" arrived="47475" collisions="125" teleports="125" halting="0" stopped="0" meanWaitingTime="252.15" meanTravelTime="347.10" meanSpeed="13.88" meanSpeedRelative="0.43" duration="4"/>
    <step time="47700.00" loaded="50194" inserted="48777" running="819" waiting="1417" ended="47958" arrived="47958" collisions="127" teleports="127" halting="4" stopped="0" meanWaitingTime="255.83" meanTravelTime="348.63" meanSpeed="13.51" meanSpeedRelative="0.42" duration="5"/>
    <step time="48000.00" loaded="50714" inserted="49259" running="800" waiting="1455" ended="48459" arrived="48459" collisions="128" teleports="128" halting="1" stopped="0" meanWaitingTime="260.09" meanTravelTime="350.18" meanSpeed="13.50" meanSpeedRelative="0.42" duration="5"/>
    <step time="48300.00" loaded="51201" inserted="49728" running="785" waiting="1473" ended="48943" arrived="48943" collisions="128" teleports="128" halting="4" stopped="0" meanWaitingTime="264.84" meanTravelTime="351.72" meanSpeed="13.26" meanSpeedRelative="0.41" duration="4"/>
    <step time="48600.00" loaded="51752" inserted="50250" running="856" waiting="1502" ended="49394" arrived="49394" collisions="129" teleports="129" halting="7" stopped="0" meanWaitingTime="269.76" meanTravelTime="352.86" meanSpeed="13.93" meanSpeedRelative="0.44" duration="4"/>
    <step time="48900.00" loaded="52267" inserted="50741" running="846" waiting="1526" ended="49895" arrived="49895" collisions="132" teleports="132" halting="2" stopped="0" meanWaitingTime="275.11" meanTravelTime="354.16" meanSpeed="13.71" meanSpeedRelative="0.43" duration="4"/>
    <step time="49200.00" loaded="52801" inserted="51240" running="868" waiting="1561" ended="50372" arrived="50372" collisions="132" teleports="132" halting="2" stopped="0" meanWaitingTime="279.83" meanTravelTime="355.65" meanSpeed="13.30" meanSpeedRelative="0.42" duration="5"/>
    <step time="49500.00" loaded="53302" inserted="51726" running="878" waiting="1576" ended="50848" arrived="50848" collisions="133" teleports="133" halting="2" stopped="0" meanWaitingTime="284.72" meanTravelTime="357.39" meanSpeed="12.75" meanSpeedRelative="0.40" duration="5"/>
    <step time="49800.00" loaded="53816" inserted="52202" running="902" waiting="1614" ended="51300" arrived="51300" collisions="134" teleports="134" halting="5" stopped="0" meanWaitingTime="289.58" meanTravelTime="359.09" meanSpeed="12.59" meanSpeedRelative="0.39" duration="6"/>
    <step time="50100.00" loaded="54388" inserted="52683" running="884" waiting="1705" ended="51799" arrived="51799" collisions="135" teleports="135" halting="4" stopped="0" meanWaitingTime="294.24" meanTravelTime="360.92" meanSpeed="13.42" meanSpeedRelative="0.42" duration="5"/>
    <step time="50400.00" loaded="54947" inserted="53173" running="906" waiting="1774" ended="52267" arrived="52267" collisions="138" teleports="138" halting="3" stopped="0" meanWaitingTime="299.29" meanTravelTime="362.46" meanSpeed="12.86" meanSpeedRelative="0.40" duration="95"/>
    <step time="50700.00" loaded="55610" inserted="53711" running="950" waiting="1899" ended="52761" arrived="52761" collisions="140" teleports="140" halting="3" stopped="0" meanWaitingTime="304.09" meanTravelTime="364.32" meanSpeed="12.79" meanSpeedRelative="0.40" duration="5"/>
    <step time="51000.00" loaded="56365" inserted="54297" running="1032" waiting="2068" ended="53265" arrived="53265" collisions="144" teleports="144" halting="6" stopped="0" meanWaitingTime="308.44" meanTravelTime="366.01" meanSpeed="11.93" meanSpeedRelative="0.37" duration="5"/>
    <step time="51300.00" loaded="57110" inserted="54856" running="1075" waiting="2254" ended="53781" arrived="53781" collisions="145" teleports="145" halting="4" stopped="0" meanWaitingTime="313.23" meanTravelTime="368.02" meanSpeed="11.36" meanSpeedRelative="0.36" duration="8"/>
    <step time="51600.00" loaded="57861" inserted="55420" running="1141" waiting="2441" ended="54279" arrived="54279" collisions="149" teleports="149" halting="3" stopped="0" meanWaitingTime="318.36" meanTravelTime="369.91" meanSpeed="10.65" meanSpeedRelative="0.33" duration="7"/>
    <step time="51900.00" loaded="58575" inserted="55984" running="1171" waiting="2591" ended="54813" arrived="54813" collisions="150" teleports="150" halting="4" stopped="0" meanWaitingTime="323.62" meanTravelTime="371.86" meanSpeed="10.09" meanSpeedRelative="0.32" duration="8"/>
    <step time="52200.00" loaded="59317" inserted="56557" running="1186" waiting="2760" ended="55371" arrived="55371" collisions="151" teleports="151" halting="3" stopped="0" meanWaitingTime="329.46" meanTravelTime="374.10" meanSpeed="10.39" meanSpeedRelative="0.32" duration="7"/>
    <step time="52500.00" loaded="60055" inserted="57139" running="1277" waiting="2916" ended="55862" arrived="55862" collisions="152" teleports="152" halting="5" stopped="0" meanWaitingTime="335.60" meanTravelTime="376.49" meanSpeed="10.11" meanSpeedRelative="0.32" duration="9"/>
    <step time="52800.00" loaded="60784" inserted="57681" running="1292" waiting="3103" ended="56389" arrived="56389" collisions="158" teleports="158" halting="10" stopped="0" meanWaitingTime="342.20" meanTravelTime="379.03" meanSpeed="9.96" meanSpeedRelative="0.31" duration="10"/>
    <step time="53100.00" loaded="61528" inserted="58233" running="1279" waiting="3295" ended="56954" arrived="56954" collisions="159" teleports="159" halting="2" stopped="0" meanWaitingTime="349.52" meanTravelTime="381.81" meanSpeed="9.87" meanSpeedRelative="0.31" duration="10"/>
    <step time="53400.00" loaded="62294" inserted="58781" running="1320" waiting="3513" ended="57461" arrived="57461" collisions="161" teleports="161" halting="2" stopped="0" meanWaitingTime="357.42" meanTravelTime="384.98" meanSpeed="9.71" meanSpeedRelative="0.30" duration="8"/>
    <step time="53700.00" loaded="62993" inserted="59335" running="1331" waiting="3658" ended="58004" arrived="58004" collisions="167" teleports="167" halting="7" stopped="0" meanWaitingTime="365.16" meanTravelTime="388.18" meanSpeed="9.28" meanSpeedRelative="0.29" duration="8"/>
    <step time="54000.00" loaded="63683" inserted="59858" running="1361" waiting="3825" ended="58497" arrived="58497" collisions="170" teleports="170" halting="5" stopped="0" meanWaitingTime="372.98" meanTravelTime="391.20" meanSpeed="9.16" meanSpeedRelative="0.29" duration="98"/>
    <step time="54300.00" loaded="64160" inserted="60323" running="1323" waiting="3837" ended="59000" arrived="59000" collisions="171" teleports="171" halting="24" stopped="0" meanWaitingTime="382.12" meanTravelTime="394.09" meanSpeed="9.13" meanSpeedRelative="0.29" duration="10"/>
    <step time="54600.00" loaded="64603" inserted="60785" running="1240" waiting="3818" ended="59545" arrived="59545" collisions="172" teleports="172" halting="5" stopped="0" meanWaitingTime="391.68" meanTravelTime="397.71" meanSpeed="9.09" meanSpeedRelative="0.28" duration="9"/>
    <step time="54900.00" loaded="65081" inserted="61234" running="1202" waiting="3847" ended="60032" arrived="60032" collisions="175" teleports="175" halting="9" stopped="0" meanWaitingTime="400.87" meanTravelTime="400.80" meanSpeed="9.66" meanSpeedRelative="0.30" duration="10"/>
    <step time="55200.00" loaded="65550" inserted="61706" running="1152" waiting="3844" ended="60554" arrived="60554" collisions="177" teleports="177" halting="0" stopped="0" meanWaitingTime="410.85" meanTravelTime="403.89" meanSpeed="10.49" meanSpeedRelative="0.33" duration="9"/>
    <step time="55500.00" loaded="66006" inserted="62190" running="1127" waiting="3816" ended="61063" arrived="61063" collisions="179" teleports="179" halting="5" stopped="0" meanWaitingTime="421.29" meanTravelTime="407.09" meanSpeed="10.76" meanSpeedRelative="0.34" duration="8"/>
    <step time="55800.00" loaded="66467" inserted="62658" running="1111" waiting="3809" ended="61547" arrived="61547" collisions="181" teleports="181" halting="3" stopped="0" meanWaitingTime="431.51" meanTravelTime="409.70" meanSpeed="11.04" meanSpeedRelative="0.34" duration="7"/>
    <step time="56100.00" loaded="66922" inserted="63115" running="1052" waiting="3807" ended="62063" arrived="62063" collisions="182" teleports="182" halting="1" stopped="0" meanWaitingTime="442.66" meanTravelTime="412.17" meanSpeed="10.92" meanSpeedRelative="0.34" duration="8"/>
    <step time="56400.00" loaded="67401" inserted="63581" running="1029" waiting="3820" ended="62552" arrived="62552" collisions="185" teleports="185" halting="11" stopped="0" meanWaitingTime="453.87" meanTravelTime="414.15" meanSpeed="10.45" meanSpeedRelative="0.33" duration="6"/>
    <step time="56700.00" loaded="67821" inserted="64014" running="951" waiting="3807" ended="63063" arrived="63063" collisions="185" teleports="185" halting="2" stopped="0" meanWaitingTime="465.16" meanTravelTime="416.18" meanSpeed="11.48" meanSpeedRelative="0.36" duration="6"/>
    <step time="57000.00" loaded="68253" inserted="64520" running="966" waiting="3733" ended="63554" arrived="63554" collisions="191" teleports="191" halting="1" stopped="0" meanWaitingTime="479.61" meanTravelTime="417.89" meanSpeed="11.21" meanSpeedRelative="0.35" duration="8"/>
    <step time="57300.00" loaded="68718" inserted="65020" running="989" waiting="3698" ended="64031" arrived="64031" collisions="192" teleports="192" halting="4" stopped="0" meanWaitingTime="493.17" meanTravelTime="419.23" meanSpeed="11.50" meanSpeedRelative="0.36" duration="7"/>
    <step time="57600.00" loaded="69172" inserted="65508" running="1002" waiting="3664" ended="64506" arrived="64506" collisions="198" teleports="198" halting="3" stopped="0" meanWaitingTime="505.76" meanTravelTime="420.42" meanSpeed="11.25" meanSpeedRelative="0.35" duration="87"/>
    <step time="57900.00" loaded="69727" inserted="66017" running="1013" waiting="3710" ended="65004" arrived="65004" collisions="199" teleports="199" halting="3" stopped="0" meanWaitingTime="518.29" meanTravelTime="421.86" meanSpeed="11.16" meanSpeedRelative="0.35" duration="7"/>
    <step time="58200.00" loaded="70251" inserted="66510" running="1038" waiting="3741" ended="65472" arrived="65472" collisions="199" teleports="199" halting="2" stopped="0" meanWaitingTime="530.37" meanTravelTime="422.91" meanSpeed="10.62" meanSpeedRelative="0.33" duration="13"/>
    <step time="58500.00" loaded="70815" inserted="67023" running="1072" waiting="3792" ended="65951" arrived="65951" collisions="201" teleports="201" halting="4" stopped="0" meanWaitingTime="542.23" meanTravelTime="424.26" meanSpeed="11.11" meanSpeedRelative="0.35" duration="9"/>
    <step time="58800.00" loaded="71391" inserted="67558" running="1106" waiting="3833" ended="66452" arrived="66452" collisions="201" teleports="201" halting="4" stopped="0" meanWaitingTime="554.88" meanTravelTime="425.99" meanSpeed="11.13" meanSpeedRelative="0.35" duration="10"/>
    <step time="59100.00" loaded="71949" inserted="68087" running="1145" waiting="3862" ended="66942" arrived="66942" collisions="202" teleports="202" halting="3" stopped="0" meanWaitingTime="566.97" meanTravelTime="427.71" meanSpeed="11.18" meanSpeedRelative="0.35" duration="6"/>
    <step time="59400.00" loaded="72508" inserted="68587" running="1127" waiting="3921" ended="67460" arrived="67460" collisions="205" teleports="205" halting="2" stopped="0" meanWaitingTime="577.87" meanTravelTime="429.31" meanSpeed="10.92" meanSpeedRelative="0.34" duration="8"/>
    <step time="59700.00" loaded="73089" inserted="69098" running="1097" waiting="3991" ended="68001" arrived="68001" collisions="210" teleports="210" halting="2" stopped="0" meanWaitingTime="587.84" meanTravelTime="431.03" meanSpeed="10.84" meanSpeedRelative="0.34" duration="8"/>
    <step time="60000.00" loaded="73652" inserted="69599" running="1062" waiting="4053" ended="68537" arrived="68537" collisions="211" teleports="211" halting="6" stopped="0" meanWaitingTime="597.77" meanTravelTime="432.35" meanSpeed="10.76" meanSpeedRelative="0.34" duration="8"/>
    <step time="60300.00" loaded="74200" inserted="70110" running="1101" waiting="4090" ended="69009" arrived="69009" collisions="213" teleports="213" halting="2" stopped="0" meanWaitingTime="608.25" meanTravelTime="434.15" meanSpeed="11.20" meanSpeedRelative="0.35" duration="8"/>
    <step time="60600.00" loaded="74762" inserted="70621" running="1115" waiting="4141" ended="69506" arrived="69506" collisions="217" teleports="217" halting="4" stopped="0" meanWaitingTime="619.25" meanTravelTime="435.74" meanSpeed="10.85" meanSpeedRelative="0.34" duration="7"/>
    <step time="60900.00" loaded="75286" inserted="71130" running="1113" waiting="4156" ended="70017" arrived="70017" collisions="220" teleports="220" halting="6" stopped="0" meanWaitingTime="630.12" meanTravelTime="437.33" meanSpeed="11.35" meanSpeedRelative="0.35" duration="9"/>
    <step time="61200.00" loaded="75875" inserted="71634" running="1137" waiting="4241" ended="70497" arrived="70497" collisions="224" teleports="224" halting="3" stopped="0" meanWaitingTime="640.43" meanTravelTime="438.61" meanSpeed="11.39" meanSpeedRelative="0.36" duration="86"/>
    <step time="61500.00" loaded="75941" inserted="71990" running="999" waiting="3951" ended="70991" arrived="70991" collisions="225" teleports="225" halting="4" stopped="0" meanWaitingTime="652.47" meanTravelTime="440.58" meanSpeed="10.62" meanSpeedRelative="0.33" duration="8"/>
    <step time="61800.00" loaded="76014" inserted="72356" running="930" waiting="3658" ended="71426" arrived="71426" collisions="226" teleports="226" halting="2" stopped="0" meanWaitingTime="666.29" meanTravelTime="442.27" meanSpeed="10.22" meanSpeedRelative="0.32" duration="8"/>
    <step time="62100.00" loaded="76087" inserted="72742" running="932" waiting="3345" ended="71810" arrived="71810" collisions="228" teleports="228" halting="4" stopped="0" meanWaitingTime="680.86" meanTravelTime="443.86" meanSpeed="10.36" meanSpeedRelative="0.32" duration="7"/>
    <step time="62400.00" loaded="76171" inserted="73135" running="927" waiting="3036" ended="72208" arrived="72208" collisions="229" teleports="229" halting="3" stopped="0" meanWaitingTime="696.19" meanTravelTime="445.56" meanSpeed="11.05" meanSpeedRelative="0.35" duration="4"/>
    <step time="62700.00" loaded="76244" inserted="73513" running="900" waiting="2731" ended="72613" arrived="72613" collisions="232" teleports="232" halting="1" stopped="0" meanWaitingTime="709.78" meanTravelTime="447.17" meanSpeed="10.77" meanSpeedRelative="0.34" duration="4"/>
    <step time="63000.00" loaded="76311" inserted="73830" running="816" waiting="2481" ended="73014" arrived="73014" collisions="234" teleports="234" halting="2" stopped="0" meanWaitingTime="723.40" meanTravelTime="448.56" meanSpeed="9.54" meanSpeedRelative="0.30" duration="4"/>
    <step time="63300.00" loaded="76381" inserted="74167" running="770" waiting="2214" ended="73397" arrived="73397" collisions="237" teleports="237" halting="0" stopped="0" meanWaitingTime="737.32" meanTravelTime="450.18" meanSpeed="10.35" meanSpeedRelative="0.32" duration="5"/>
    <step time="63600.00" loaded="76455" inserted="74485" running="669" waiting="1970" ended="73816" arrived="73816" collisions="237" teleports="237" halting="0" stopped="0" meanWaitingTime="751.22" meanTravelTime="451.52" meanSpeed="11.48" meanSpeedRelative="0.36" duration="4"/>
    <step time="63900.00" loaded="76515" inserted="74799" running="591" waiting="1716" ended="74208" arrived="74208" collisions="237" teleports="237" halting="1" stopped="0" meanWaitingTime="764.62" meanTravelTime="452.41" meanSpeed="13.67" meanSpeedRelative="0.43" duration="4"/>
    <step time="64200.00" loaded="76592" inserted="75128" running="525" waiting="1464" ended="74603" arrived="74603" collisions="238" teleports="238" halting="1" stopped="0" meanWaitingTime="777.17" meanTravelTime="453.01" meanSpeed="14.31" meanSpeedRelative="0.45" duration="4"/>
    <step time="64500.00" loaded="76653" inserted="75380" running="403" waiting="1273" ended="74977" arrived="74977" collisions="238" teleports="238" halting="2" stopped="0" meanWaitingTime="787.15" meanTravelTime="453.22" meanSpeed="16.77" meanSpeedRelative="0.52" duration="4"/>
    <step time="64800.00" loaded="76747" inserted="75632" running="279" waiting="1115" ended="75353" arrived="75353" collisions="240" teleports="240" halting="1" stopped="0" meanWaitingTime="794.85" meanTravelTime="453.25" meanSpeed="20.62" meanSpeedRelative="0.64" duration="94"/>
    <step time="65100.00" loaded="76788" inserted="75787" running="177" waiting="1001" ended="75610" arrived="75610" collisions="240" teleports="240" halting="0" stopped="0" meanWaitingTime="803.49" meanTravelTime="453.25" meanSpeed="22.37" meanSpeedRelative="0.70" duration="2"/>
    <step time="65400.00" loaded="76863" inserted="75974" running="166" waiting="889" ended="75808" arrived="75808" collisions="241" teleports="241" halting="1" stopped="0" meanWaitingTime="812.14" meanTravelTime="452.80" meanSpeed="23.59" meanSpeedRelative="0.74" duration="1"/>
    <step time="65700.00" loaded="76923" inserted="76155" running="152" waiting="768" ended="76003" arrived="76003" collisions="241" teleports="241" halting="0" stopped="0" meanWaitingTime="820.95" meanTravelTime="452.37" meanSpeed="23.71" meanSpeedRelative="0.74" duration="1"/>
    <step time="66000.00" loaded="76968" inserted="76317" running="160" waiting="651" ended="76157" arrived="76157" collisions="241" teleports="241" halting="0" stopped="0" meanWaitingTime="829.50" meanTravelTime="451.98" meanSpeed="22.96" meanSpeedRelative="0.72" duration="1"/>
    <step time="66300.00" loaded="77016" inserted="76478" running="150" waiting="538" ended="76328" arrived="76328" collisions="241" teleports="241" halting="0" stopped="0" meanWaitingTime="836.67" meanTravelTime="451.62" meanSpeed="22.39" meanSpeedRelative="0.70" duration="0"/>
    <step time="66600.00" loaded="77069" inserted="76645" running="145" waiting="424" ended="76500" arrived="76500" collisions="241" teleports="241" halting="1" stopped="0" meanWaitingTime="841.85" meanTravelTime="451.27" meanSpeed="21.84" meanSpeedRelative="0.68" duration="1"/>
    <step time="66900.00" loaded="77122" inserted="76765" running="95" waiting="357" ended="76670" arrived="76670" collisions="241" teleports="241" halting="0" stopped="0" meanWaitingTime="846.45" meanTravelTime="450.83" meanSpeed="23.29" meanSpeedRelative="0.73" duration="0"/>
    <step time="67200.00" loaded="77163" inserted="76867" running="61" waiting="296" ended="76806" arrived="76806" collisions="241" teleports="241" halting="0" stopped="0" meanWaitingTime="851.38" meanTravelTime="450.43" meanSpeed="24.00" meanSpeedRelative="0.75" duration="1"/>
    <step time="67500.00" loaded="77216" inserted="76978" running="67" waiting="238" ended="76911" arrived="76911" collisions="241" teleports="241" halting="0" stopped="0" meanWaitingTime="856.20" meanTravelTime="450.07" meanSpeed="23.12" meanSpeedRelative="0.72" duration="1"/>
    <step time="67800.00" loaded="77265" inserted="77083" running="61" waiting="182" ended="77022" arrived="77022" collisions="241" teleports="241" halting="0" stopped="0" meanWaitingTime="860.57" meanTravelTime="449.72" meanSpeed="23.50" meanSpeedRelative="0.73" duration="1"/>
    <step time="68100.00" loaded="77318" inserted="77193" running="53" waiting="125" ended="77140" arrived="77140" collisions="241" teleports="241" halting="0" stopped="0" meanWaitingTime="864.98" meanTravelTime="449.29" meanSpeed="24.52" meanSpeedRelative="0.77" duration="1"/>
    <step time="68400.00" loaded="77363" inserted="77305" running="56" waiting="58" ended="77249" arrived="77249" collisions="241" teleports="241" halting="1" stopped="0" meanWaitingTime="868.21" meanTravelTime="448.88" meanSpeed="23.90" meanSpeedRelative="0.75" duration="87"/>
    <step time="68700.00" loaded="77519" inserted="77508" running="124" waiting="11" ended="77384" arrived="77384" collisions="241" teleports="241" halting="1" stopped="0" meanWaitingTime="867.48" meanTravelTime="448.36" meanSpeed="23.80" meanSpeedRelative="0.74" duration="0"/>
    <step time="69000.00" loaded="77678" inserted="77678" running="139" waiting="0" ended="77539" arrived="77539" collisions="242" teleports="242" halting="1" stopped="0" meanWaitingTime="865.61" meanTravelTime="447.84" meanSpeed="26.26" meanSpeedRelative="0.82" duration="1"/>
    <step time="69300.00" loaded="77821" inserted="77821" running="128" waiting="0" ended="77693" arrived="77693" collisions="242" teleports="242" halting="0" stopped="0" meanWaitingTime="864.02" meanTravelTime="447.46" meanSpeed="26.25" meanSpeedRelative="0.82" duration="1"/>
    <step time="69600.00" loaded="77954" inserted="77953" running="133" waiting="1" ended="77820" arrived="77820" collisions="242" teleports="242" halting="0" stopped="0" meanWaitingTime="862.55" meanTravelTime="447.22" meanSpeed="25.09" meanSpeedRelative="0.78" duration="0"/>
    <step time="69900.00" loaded="78112" inserted="78112" running="149" waiting="0" ended="77963" arrived="77963" collisions="243" teleports="243" halting="0" stopped="0" meanWaitingTime="860.80" meanTravelTime="446.92" meanSpeed="25.93" meanSpeedRelative="0.81" duration="1"/>
    <step time="70200.00" loaded="78259" inserted="78259" running="141" waiting="0" ended="78118" arrived="78118" collisions="243" teleports="243" halting="1" stopped="0" meanWaitingTime="859.18" meanTravelTime="446.59" meanSpeed="25.54" meanSpeedRelative="0.80" duration="1"/>
    <step time="70500.00" loaded="78396" inserted="78396" running="131" waiting="0" ended="78265" arrived="78265" collisions="243" teleports="243" halting="1" stopped="0" meanWaitingTime="857.68" meanTravelTime="446.25" meanSpeed="25.79" meanSpeedRelative="0.81" duration="1"/>
    <step time="70800.00" loaded="78555" inserted="78555" running="128" waiting="0" ended="78427" arrived="78427" collisions="243" teleports="243" halting="0" stopped="0" meanWaitingTime="855.95" meanTravelTime="445.89" meanSpeed="25.89" meanSpeedRelative="0.81" duration="1"/>
    <step time="71100.00" loaded="78702" inserted="78702" running="130" waiting="0" ended="78572" arrived="78572" collisions="243" teleports="243" halting="0" stopped="0" meanWaitingTime="854.35" meanTravelTime="445.54" meanSpeed="25.49" meanSpeedRelative="0.80" duration="1"/>
    <step time="71400.00" loaded="78858" inserted="78857" running="140" waiting="1" ended="78717" arrived="78717" collisions="243" teleports="243" halting="1" stopped="0" meanWaitingTime="852.67" meanTravelTime="445.20" meanSpeed="25.32" meanSpeedRelative="0.79" duration="1"/>
    <step time="71700.00" loaded="79020" inserted="79020" running="138" waiting="0" ended="78882" arrived="78882" collisions="244" teleports="244" halting="0" stopped="0" meanWaitingTime="850.91" meanTravelTime="444.76" meanSpeed="24.69" meanSpeedRelative="0.77" duration="1"/>
    <step time="72000.00" loaded="79167" inserted="79166" running="127" waiting="1" ended="79039" arrived="79039" collisions="244" teleports="244" halting="2" stopped="0" meanWaitingTime="849.34" meanTravelTime="444.43" meanSpeed="24.82" meanSpeedRelative="0.78" duration="82"/>
    <step time="72300.00" loaded="79308" inserted="79308" running="135" waiting="0" ended="79173" arrived="79173" collisions="245" teleports="245" halting="2" stopped="0" meanWaitingTime="847.82" meanTravelTime="444.17" meanSpeed="25.19" meanSpeedRelative="0.79" duration="1"/>
    <step time="72600.00" loaded="79433" inserted="79433" running="122" waiting="0" ended="79311" arrived="79311" collisions="245" teleports="245" halting="0" stopped="0" meanWaitingTime="846.49" meanTravelTime="443.85" meanSpeed="24.93" meanSpeedRelative="0.78" duration="1"/>
    <step time="72900.00" loaded="79586" inserted="79586" running="123" waiting="0" ended="79463" arrived="79463" collisions="245" teleports="245" halting="1" stopped="0" meanWaitingTime="844.86" meanTravelTime="443.56" meanSpeed="25.67" meanSpeedRelative="0.80" duration="1"/>
    <step time="73200.00" loaded="79731" inserted="79731" running="121" waiting="0" ended="79610" arrived="79610" collisions="245" teleports="245" halting="0" stopped="0" meanWaitingTime="843.33" meanTravelTime="443.24" meanSpeed="25.73" meanSpeedRelative="0.80" duration="0"/>
    <step time="73500.00" loaded="79879" inserted="79879" running="128" waiting="0" ended="79751" arrived="79751" collisions="245" teleports="245" halting="1" stopped="0" meanWaitingTime="841.76" meanTravelTime="442.89" meanSpeed="25.71" meanSpeedRelative="0.80" duration="1"/>
    <step time="73800.00" loaded="80025" inserted="80025" running="133" waiting="0" ended="79892" arrived="79892" collisions="245" teleports="245" halting="1" stopped="0" meanWaitingTime="840.23" meanTravelTime="442.57" meanSpeed="25.36" meanSpeedRelative="0.79" duration="1"/>
    <step time="74100.00" loaded="80160" inserted="80160" running="123" waiting="0" ended="80037" arrived="80037" collisions="245" teleports="245" halting="0" stopped="0" meanWaitingTime="838.81" meanTravelTime="442.26" meanSpeed="25.21" meanSpeedRelative="0.79" duration="0"/>
    <step time="74400.00" loaded="80317" inserted="80317" running="135" waiting="0" ended="80182" arrived="80182" collisions="245" teleports="245" halting="3" stopped="0" meanWaitingTime="837.18" meanTravelTime="441.91" meanSpeed="23.96" meanSpeedRelative="0.75" duration="0"/>
    <step time="74700.00" loaded="80441" inserted="80441" running="116" waiting="0" ended="80325" arrived="80325" collisions="245" teleports="245" halting="0" stopped="0" meanWaitingTime="835.89" meanTravelTime="441.63" meanSpeed="26.07" meanSpeedRelative="0.81" duration="1"/>
    <step time="75000.00" loaded="80572" inserted="80572" running="100" waiting="0" ended="80472" arrived="80472" collisions="245" teleports="245" halting="1" stopped="0" meanWaitingTime="834.53" meanTravelTime="441.28" meanSpeed="24.81" meanSpeedRelative="0.78" duration="1"/>
    <step time="75300.00" loaded="80705" inserted="80704" running="112" waiting="1" ended="80592" arrived="80592" collisions="245" teleports="245" halting="0" stopped="0" meanWaitingTime="833.16" meanTravelTime="441.03" meanSpeed="25.43" meanSpeedRelative="0.79" duration="1"/>
    <step time="75600.00" loaded="80841" inserted="80841" running="125" waiting="0" ended="80716" arrived="80716" collisions="246" teleports="246" halting="0" stopped="0" meanWaitingTime="831.75" meanTravelTime="440.69" meanSpeed="25.19" meanSpeedRelative="0.79" duration="83"/>
    <step time="75900.00" loaded="81035" inserted="81035" running="172" waiting="0" ended="80863" arrived="80863" collisions="246" teleports="246" halting="1" stopped="0" meanWaitingTime="829.76" meanTravelTime="440.31" meanSpeed="25.57" meanSpeedRelative="0.80" duration="1"/>
    <step time="76200.00" loaded="81208" inserted="81207" running="144" waiting="1" ended="81063" arrived="81063" collisions="246" teleports="246" halting="2" stopped="0" meanWaitingTime="828.00" meanTravelTime="439.88" meanSpeed="25.78" meanSpeedRelative="0.81" duration="1"/>
    <step time="76500.00" loaded="81404" inserted="81404" running="166" waiting="0" ended="81238" arrived="81238" collisions="246" teleports="246" halting="1" stopped="0" meanWaitingTime="826.00" meanTravelTime="439.44" meanSpeed="25.22" meanSpeedRelative="0.79" duration="1"/>
    <step time="76800.00" loaded="81586" inserted="81586" running="172" waiting="0" ended="81414" arrived="81414" collisions="246" teleports="246" halting="1" stopped="0" meanWaitingTime="824.16" meanTravelTime="439.04" meanSpeed="24.97" meanSpeedRelative="0.78" duration="1"/>
    <step time="77100.00" loaded="81797" inserted="81797" running="177" waiting="0" ended="81620" arrived="81620" collisions="246" teleports="246" halting="0" stopped="0" meanWaitingTime="822.03" meanTravelTime="438.65" meanSpeed="25.61" meanSpeedRelative="0.80" duration="1"/>
    <step time="77400.00" loaded="81995" inserted="81995" running="167" waiting="0" ended="81828" arrived="81828" collisions="246" teleports="246" halting="0" stopped="0" meanWaitingTime="820.05" meanTravelTime="438.17" meanSpeed="25.19" meanSpeedRelative="0.79" duration="1"/>
    <step time="77700.00" loaded="82177" inserted="82177" running="161" waiting="0" ended="82016" arrived="82016" collisions="246" teleports="246" halting="1" stopped="0" meanWaitingTime="818.24" meanTravelTime="437.72" meanSpeed="25.50" meanSpeedRelative="0.80" duration="2"/>
    <step time="78000.00" loaded="82399" inserted="82398" running="190" waiting="1" ended="82208" arrived="82208" collisions="247" teleports="247" halting="0" stopped="0" meanWaitingTime="816.04" meanTravelTime="437.34" meanSpeed="25.50" meanSpeedRelative="0.80" duration="1"/>
    <step time="78300.00" loaded="82605" inserted="82605" running="187" waiting="0" ended="82418" arrived="82418" collisions="247" teleports="247" halting="0" stopped="0" meanWaitingTime="814.00" meanTravelTime="436.87" meanSpeed="25.19" meanSpeedRelative="0.79" duration="1"/>
    <step time="78600.00" loaded="82819" inserted="82817" running="184" waiting="2" ended="82633" arrived="82633" collisions="247" teleports="247" halting="0" stopped="0" meanWaitingTime="811.92" meanTravelTime="436.43" meanSpeed="25.74" meanSpeedRelative="0.80" duration="1"/>
    <step time="78900.00" loaded="82995" inserted="82995" running="167" waiting="0" ended="82828" arrived="82828" collisions="247" teleports="247" halting="0" stopped="0" meanWaitingTime="810.18" meanTravelTime="436.07" meanSpeed="25.71" meanSpeedRelative="0.80" duration="1"/>
    <step time="79200.00" loaded="83180" inserted="83179" running="164" waiting="1" ended="83015" arrived="83015" collisions="247" teleports="247" halting="1" stopped="0" meanWaitingTime="808.38" meanTravelTime="435.73" meanSpeed="25.61" meanSpeedRelative="0.80" duration="81"/>
    <step time="79500.00" loaded="83350" inserted="83349" running="155" waiting="1" ended="83194" arrived="83194" collisions="247" teleports="247" halting="0" stopped="0" meanWaitingTime="806.74" meanTravelTime="435.41" meanSpeed="24.98" meanSpeedRelative="0.78" duration="1"/>
    <step time="79800.00" loaded="83529" inserted="83529" running="145" waiting="0" ended="83384" arrived="83384" collisions="247" teleports="247" halting="0" stopped="0" meanWaitingTime="805.00" meanTravelTime="435.01" meanSpeed="25.64" meanSpeedRelative="0.80" duration="1"/>
    <step time="80100.00" loaded="83706" inserted="83706" running="152" waiting="0" ended="83554" arrived="83554" collisions="247" teleports="247" halting="0" stopped="0" meanWaitingTime="803.30" meanTravelTime="434.70" meanSpeed="25.97" meanSpeedRelative="0.81" duration="1"/>
    <step time="80400.00" loaded="83884" inserted="83884" running="154" waiting="0" ended="83730" arrived="83730" collisions="247" teleports="247" halting="2" stopped="0" meanWaitingTime="801.59" meanTravelTime="434.30" meanSpeed="24.67" meanSpeedRelative="0.77" duration="1"/>
    <step time="80700.00" loaded="84064" inserted="84064" running="158" waiting="0" ended="83906" arrived="83906" collisions="248" teleports="248" halting="0" stopped="0" meanWaitingTime="799.88" meanTravelTime="433.94" meanSpeed="24.45" meanSpeedRelative="0.76" duration="1"/>
    <step time="81000.00" loaded="84245" inserted="84245" running="164" waiting="0" ended="84081" arrived="84081" collisions="248" teleports="248" halting="2" stopped="0" meanWaitingTime="798.16" meanTravelTime="433.63" meanSpeed="25.01" meanSpeedRelative="0.78" duration="1"/>
    <step time="81300.00" loaded="84416" inserted="84416" running="145" waiting="0" ended="84271" arrived="84271" collisions="248" teleports="248" halting="0" stopped="0" meanWaitingTime="796.54" meanTravelTime="433.26" meanSpeed="25.62" meanSpeedRelative="0.80" duration="1"/>
    <step time="81600.00" loaded="84566" inserted="84566" running="139" waiting="0" ended="84427" arrived="84427" collisions="248" teleports="248" halting="0" stopped="0" meanWaitingTime="795.13" meanTravelTime="432.95" meanSpeed="25.07" meanSpeedRelative="0.78" duration="1"/>
    <step time="81900.00" loaded="84723" inserted="84723" running="136" waiting="0" ended="84587" arrived="84587" collisions="248" teleports="248" halting="0" stopped="0" meanWaitingTime="793.66" meanTravelTime="432.68" meanSpeed="25.75" meanSpeedRelative="0.80" duration="1"/>
    <step time="82200.00" loaded="84884" inserted="84884" running="128" waiting="0" ended="84756" arrived="84756" collisions="248" teleports="248" halting="0" stopped="0" meanWaitingTime="792.15" meanTravelTime="432.33" meanSpeed="25.16" meanSpeedRelative="0.79" duration="1"/>
    <step time="82500.00" loaded="85056" inserted="85056" running="164" waiting="0" ended="84892" arrived="84892" collisions="248" teleports="248" halting="0" stopped="0" meanWaitingTime="790.55" meanTravelTime="432.05" meanSpeed="25.22" meanSpeedRelative="0.79" duration="1"/>
</summary>
