<?xml version="1.0" encoding="UTF-8"?>

<!-- generated on 2025-08-07 16:34:00 by Eclipse SUMO sumo Version 1.23.1
<sumoConfiguration xmlns:xsi="http://www.w3.org/2001/XMLSchema-instance" xsi:noNamespaceSchemaLocation="http://sumo.dlr.de/xsd/sumoConfiguration.xsd">

    <input>
        <net-file value="Desktop\Master Thesis\Network_fin.net.xml"/>
        <route-files value="Desktop\Master Thesis\demand_model_amsterdam.rou.xml"/>
        <additional-files value="Desktop\Master Thesis\Additionnal.add.xml"/>
    </input>

    <output>
        <summary-output value="outputf/summary_no_control_K16_target5_72390.xml"/>
        <summary-output.period value="300"/>
        <tripinfo-output value="outputf/tripinfo_no_control_K16_target5_72390.xml"/>
    </output>

    <time>
        <begin value="0"/>
        <end value="82800"/>
        <step-length value="1"/>
    </time>

    <processing>
        <time-to-teleport value="-1"/>
    </processing>

    <report>
        <verbose value="true"/>
        <no-step-log value="true"/>
    </report>

    <emissions>
        <device.emissions.period value="10"/>
    </emissions>

    <traci_server>
        <remote-port value="64064"/>
    </traci_server>

    <random_number>
        <seed value="72390"/>
    </random_number>

</sumoConfiguration>
-->

<summary xmlns:xsi="http://www.w3.org/2001/XMLSchema-instance" xsi:noNamespaceSchemaLocation="http://sumo.dlr.de/xsd/summary_file.xsd">
    <step time="0.00" loaded="1" inserted="1" running="1" waiting="0" ended="0" arrived="0" collisions="0" teleports="0" halting="1" stopped="0" meanWaitingTime="0.00" meanTravelTime="-1.00" meanSpeed="0.00" meanSpeedRelative="0.00" duration="1"/>
    <step time="300.00" loaded="188" inserted="188" running="115" waiting="0" ended="73" arrived="73" collisions="0" teleports="0" halting="0" stopped="0" meanWaitingTime="0.41" meanTravelTime="90.78" meanSpeed="25.29" meanSpeedRelative="0.79" duration="1"/>
    <step time="600.00" loaded="368" inserted="368" running="162" waiting="0" ended="206" arrived="206" collisions="0" teleports="0" halting="0" stopped="0" meanWaitingTime="0.37" meanTravelTime="151.39" meanSpeed="25.51" meanSpeedRelative="0.80" duration="2"/>
    <step time="900.00" loaded="533" inserted="533" running="152" waiting="0" ended="381" arrived="381" collisions="0" teleports="0" halting="0" stopped="0" meanWaitingTime="0.38" meanTravelTime="199.27" meanSpeed="24.81" meanSpeedRelative="0.78" duration="1"/>
    <step time="1200.00" loaded="720" inserted="720" running="164" waiting="0" ended="556" arrived="556" collisions="1" teleports="1" halting="0" stopped="0" meanWaitingTime="0.36" meanTravelTime="216.79" meanSpeed="25.44" meanSpeedRelative="0.79" duration="1"/>
    <step time="1500.00" loaded="905" inserted="905" running="149" waiting="0" ended="756" arrived="756" collisions="1" teleports="1" halting="0" stopped="0" meanWaitingTime="0.43" meanTravelTime="226.28" meanSpeed="25.55" meanSpeedRelative="0.80" duration="1"/>
    <step time="1800.00" loaded="1069" inserted="1069" running="142" waiting="0" ended="927" arrived="927" collisions="2" teleports="2" halting="0" stopped="0" meanWaitingTime="0.43" meanTravelTime="238.38" meanSpeed="25.99" meanSpeedRelative="0.81" duration="1"/>
    <step time="2100.00" loaded="1244" inserted="1244" running="144" waiting="0" ended="1100" arrived="1100" collisions="2" teleports="2" halting="0" stopped="0" meanWaitingTime="0.41" meanTravelTime="240.77" meanSpeed="26.35" meanSpeedRelative="0.82" duration="1"/>
    <step time="2400.00" loaded="1438" inserted="1437" running="146" waiting="1" ended="1291" arrived="1291" collisions="2" teleports="2" halting="2" stopped="0" meanWaitingTime="0.41" meanTravelTime="244.56" meanSpeed="24.21" meanSpeedRelative="0.76" duration="1"/>
    <step time="2700.00" loaded="1610" inserted="1610" running="150" waiting="0" ended="1460" arrived="1460" collisions="2" teleports="2" halting="3" stopped="0" meanWaitingTime="0.41" meanTravelTime="243.48" meanSpeed="25.50" meanSpeedRelative="0.80" duration="1"/>
    <step time="3000.00" loaded="1799" inserted="1799" running="147" waiting="0" ended="1652" arrived="1652" collisions="2" teleports="2" halting="1" stopped="0" meanWaitingTime="0.42" meanTravelTime="241.81" meanSpeed="24.77" meanSpeedRelative="0.77" duration="1"/>
    <step time="3300.00" loaded="2004" inserted="2003" running="178" waiting="1" ended="1825" arrived="1825" collisions="2" teleports="2" halting="1" stopped="0" meanWaitingTime="0.41" meanTravelTime="243.81" meanSpeed="25.21" meanSpeedRelative="0.79" duration="1"/>
    <step time="3600.00" loaded="2170" inserted="2170" running="153" waiting="0" ended="2017" arrived="2017" collisions="2" teleports="2" halting="1" stopped="0" meanWaitingTime="0.40" meanTravelTime="245.68" meanSpeed="25.08" meanSpeedRelative="0.78" duration="84"/>
    <step time="3900.00" loaded="2281" inserted="2281" running="102" waiting="0" ended="2179" arrived="2179" collisions="2" teleports="2" halting="1" stopped="0" meanWaitingTime="0.39" meanTravelTime="250.37" meanSpeed="25.56" meanSpeedRelative="0.80" duration="1"/>
    <step time="4200.00" loaded="2402" inserted="2402" running="103" waiting="0" ended="2299" arrived="2299" collisions="2" teleports="2" halting="0" stopped="0" meanWaitingTime="0.38" meanTravelTime="251.74" meanSpeed="25.00" meanSpeedRelative="0.78" duration="1"/>
    <step time="4500.00" loaded="2493" inserted="2493" running="92" waiting="0" ended="2401" arrived="2401" collisions="3" teleports="3" halting="0" stopped="0" meanWaitingTime="0.37" meanTravelTime="254.00" meanSpeed="26.68" meanSpeedRelative="0.83" duration="1"/>
    <step time="4800.00" loaded="2604" inserted="2604" running="93" waiting="0" ended="2511" arrived="2511" collisions="3" teleports="3" halting="0" stopped="0" meanWaitingTime="0.36" meanTravelTime="255.27" meanSpeed="26.22" meanSpeedRelative="0.82" duration="0"/>
    <step time="5100.00" loaded="2720" inserted="2720" running="88" waiting="0" ended="2632" arrived="2632" collisions="3" teleports="3" halting="3" stopped="0" meanWaitingTime="0.36" meanTravelTime="255.65" meanSpeed="25.21" meanSpeedRelative="0.79" duration="1"/>
    <step time="5400.00" loaded="2823" inserted="2823" running="84" waiting="0" ended="2739" arrived="2739" collisions="3" teleports="3" halting="0" stopped="0" meanWaitingTime="0.36" meanTravelTime="256.09" meanSpeed="25.03" meanSpeedRelative="0.78" duration="1"/>
    <step time="5700.00" loaded="2925" inserted="2925" running="71" waiting="0" ended="2854" arrived="2854" collisions="3" teleports="3" halting="0" stopped="0" meanWaitingTime="0.35" meanTravelTime="253.63" meanSpeed="26.32" meanSpeedRelative="0.82" duration="0"/>
    <step time="6000.00" loaded="3024" inserted="3024" running="79" waiting="0" ended="2945" arrived="2945" collisions="3" teleports="3" halting="0" stopped="0" meanWaitingTime="0.34" meanTravelTime="253.82" meanSpeed="26.25" meanSpeedRelative="0.82" duration="1"/>
    <step time="6300.00" loaded="3119" inserted="3119" running="83" waiting="0" ended="3036" arrived="3036" collisions="3" teleports="3" halting="0" stopped="0" meanWaitingTime="0.33" meanTravelTime="253.65" meanSpeed="26.28" meanSpeedRelative="0.82" duration="0"/>
    <step time="6600.00" loaded="3242" inserted="3242" running="102" waiting="0" ended="3140" arrived="3140" collisions="3" teleports="3" halting="0" stopped="0" meanWaitingTime="0.33" meanTravelTime="253.79" meanSpeed="25.34" meanSpeedRelative="0.79" duration="1"/>
    <step time="6900.00" loaded="3342" inserted="3342" running="104" waiting="0" ended="3238" arrived="3238" collisions="3" teleports="3" halting="0" stopped="0" meanWaitingTime="0.33" meanTravelTime="254.15" meanSpeed="25.85" meanSpeedRelative="0.81" duration="0"/>
    <step time="7200.00" loaded="3460" inserted="3460" running="99" waiting="0" ended="3361" arrived="3361" collisions="3" teleports="3" halting="0" stopped="0" meanWaitingTime="0.32" meanTravelTime="254.90" meanSpeed="25.29" meanSpeedRelative="0.79" duration="85"/>
    <step time="7500.00" loaded="3604" inserted="3604" running="123" waiting="0" ended="3481" arrived="3481" collisions="3" teleports="3" halting="1" stopped="0" meanWaitingTime="0.32" meanTravelTime="254.56" meanSpeed="25.81" meanSpeedRelative="0.81" duration="1"/>
    <step time="7800.00" loaded="3779" inserted="3779" running="150" waiting="0" ended="3629" arrived="3629" collisions="3" teleports="3" halting="2" stopped="0" meanWaitingTime="0.35" meanTravelTime="254.24" meanSpeed="25.07" meanSpeedRelative="0.78" duration="1"/>
    <step time="8100.00" loaded="3929" inserted="3929" running="127" waiting="0" ended="3802" arrived="3802" collisions="3" teleports="3" halting="0" stopped="0" meanWaitingTime="0.35" meanTravelTime="253.40" meanSpeed="25.74" meanSpeedRelative="0.80" duration="0"/>
    <step time="8400.00" loaded="4074" inserted="4074" running="121" waiting="0" ended="3953" arrived="3953" collisions="4" teleports="4" halting="0" stopped="0" meanWaitingTime="0.37" meanTravelTime="253.54" meanSpeed="26.81" meanSpeedRelative="0.84" duration="1"/>
    <step time="8700.00" loaded="4230" inserted="4230" running="128" waiting="0" ended="4102" arrived="4102" collisions="4" teleports="4" halting="0" stopped="0" meanWaitingTime="0.37" meanTravelTime="253.25" meanSpeed="25.14" meanSpeedRelative="0.79" duration="1"/>
    <step time="9000.00" loaded="4386" inserted="4386" running="137" waiting="0" ended="4249" arrived="4249" collisions="4" teleports="4" halting="0" stopped="0" meanWaitingTime="0.37" meanTravelTime="253.18" meanSpeed="25.61" meanSpeedRelative="0.80" duration="1"/>
    <step time="9300.00" loaded="4560" inserted="4560" running="142" waiting="0" ended="4418" arrived="4418" collisions="4" teleports="4" halting="0" stopped="0" meanWaitingTime="0.38" meanTravelTime="253.10" meanSpeed="24.30" meanSpeedRelative="0.76" duration="0"/>
    <step time="9600.00" loaded="4706" inserted="4706" running="132" waiting="0" ended="4574" arrived="4574" collisions="4" teleports="4" halting="0" stopped="0" meanWaitingTime="0.38" meanTravelTime="253.78" meanSpeed="24.46" meanSpeedRelative="0.76" duration="1"/>
    <step time="9900.00" loaded="4847" inserted="4846" running="116" waiting="1" ended="4730" arrived="4730" collisions="4" teleports="4" halting="0" stopped="0" meanWaitingTime="0.37" meanTravelTime="253.86" meanSpeed="24.67" meanSpeedRelative="0.77" duration="0"/>
    <step time="10200.00" loaded="4993" inserted="4993" running="112" waiting="0" ended="4881" arrived="4881" collisions="4" teleports="4" halting="0" stopped="0" meanWaitingTime="0.38" meanTravelTime="252.93" meanSpeed="25.25" meanSpeedRelative="0.79" duration="1"/>
    <step time="10500.00" loaded="5126" inserted="5126" running="116" waiting="0" ended="5010" arrived="5010" collisions="4" teleports="4" halting="0" stopped="0" meanWaitingTime="0.38" meanTravelTime="252.30" meanSpeed="25.57" meanSpeedRelative="0.80" duration="1"/>
    <step time="10800.00" loaded="5278" inserted="5278" running="132" waiting="0" ended="5146" arrived="5146" collisions="4" teleports="4" halting="1" stopped="0" meanWaitingTime="0.38" meanTravelTime="252.40" meanSpeed="25.43" meanSpeedRelative="0.79" duration="88"/>
    <step time="11100.00" loaded="5418" inserted="5418" running="119" waiting="0" ended="5299" arrived="5299" collisions="4" teleports="4" halting="0" stopped="0" meanWaitingTime="0.37" meanTravelTime="252.42" meanSpeed="25.54" meanSpeedRelative="0.80" duration="2"/>
    <step time="11400.00" loaded="5571" inserted="5570" running="102" waiting="1" ended="5468" arrived="5468" collisions="4" teleports="4" halting="1" stopped="0" meanWaitingTime="0.38" meanTravelTime="251.96" meanSpeed="25.47" meanSpeedRelative="0.80" duration="1"/>
    <step time="11700.00" loaded="5728" inserted="5728" running="115" waiting="0" ended="5613" arrived="5613" collisions="4" teleports="4" halting="0" stopped="0" meanWaitingTime="0.38" meanTravelTime="250.78" meanSpeed="24.97" meanSpeedRelative="0.78" duration="1"/>
    <step time="12000.00" loaded="5865" inserted="5865" running="99" waiting="0" ended="5766" arrived="5766" collisions="4" teleports="4" halting="1" stopped="0" meanWaitingTime="0.38" meanTravelTime="250.21" meanSpeed="25.04" meanSpeedRelative="0.78" duration="1"/>
    <step time="12300.00" loaded="6016" inserted="6016" running="106" waiting="0" ended="5910" arrived="5910" collisions="5" teleports="5" halting="0" stopped="0" meanWaitingTime="0.38" meanTravelTime="249.31" meanSpeed="25.45" meanSpeedRelative="0.80" duration="1"/>
    <step time="12600.00" loaded="6178" inserted="6178" running="111" waiting="0" ended="6067" arrived="6067" collisions="5" teleports="5" halting="0" stopped="0" meanWaitingTime="0.39" meanTravelTime="248.72" meanSpeed="24.87" meanSpeedRelative="0.78" duration="1"/>
    <step time="12900.00" loaded="6326" inserted="6325" running="99" waiting="1" ended="6226" arrived="6226" collisions="5" teleports="5" halting="1" stopped="0" meanWaitingTime="0.39" meanTravelTime="247.65" meanSpeed="24.72" meanSpeedRelative="0.77" duration="1"/>
    <step time="13200.00" loaded="6474" inserted="6474" running="109" waiting="0" ended="6365" arrived="6365" collisions="5" teleports="5" halting="0" stopped="0" meanWaitingTime="0.40" meanTravelTime="246.94" meanSpeed="24.60" meanSpeedRelative="0.77" duration="1"/>
    <step time="13500.00" loaded="6622" inserted="6622" running="124" waiting="0" ended="6498" arrived="6498" collisions="5" teleports="5" halting="0" stopped="0" meanWaitingTime="0.40" meanTravelTime="246.26" meanSpeed="25.19" meanSpeedRelative="0.79" duration="1"/>
    <step time="13800.00" loaded="6751" inserted="6751" running="99" waiting="0" ended="6652" arrived="6652" collisions="5" teleports="5" halting="1" stopped="0" meanWaitingTime="0.40" meanTravelTime="245.69" meanSpeed="25.14" meanSpeedRelative="0.79" duration="1"/>
    <step time="14100.00" loaded="6912" inserted="6912" running="114" waiting="0" ended="6798" arrived="6798" collisions="5" teleports="5" halting="0" stopped="0" meanWaitingTime="0.42" meanTravelTime="245.51" meanSpeed="24.85" meanSpeedRelative="0.78" duration="1"/>
    <step time="14400.00" loaded="7065" inserted="7065" running="117" waiting="0" ended="6948" arrived="6948" collisions="5" teleports="5" halting="0" stopped="0" meanWaitingTime="0.42" meanTravelTime="244.28" meanSpeed="24.92" meanSpeedRelative="0.78" duration="85"/>
    <step time="14700.00" loaded="7163" inserted="7163" running="86" waiting="0" ended="7077" arrived="7077" collisions="5" teleports="5" halting="0" stopped="0" meanWaitingTime="0.42" meanTravelTime="243.82" meanSpeed="24.61" meanSpeedRelative="0.77" duration="1"/>
    <step time="15000.00" loaded="7276" inserted="7276" running="86" waiting="0" ended="7190" arrived="7190" collisions="5" teleports="5" halting="0" stopped="0" meanWaitingTime="0.42" meanTravelTime="243.95" meanSpeed="25.44" meanSpeedRelative="0.79" duration="0"/>
    <step time="15300.00" loaded="7389" inserted="7388" running="79" waiting="1" ended="7309" arrived="7309" collisions="5" teleports="5" halting="0" stopped="0" meanWaitingTime="0.42" meanTravelTime="244.10" meanSpeed="25.80" meanSpeedRelative="0.81" duration="0"/>
    <step time="15600.00" loaded="7490" inserted="7490" running="74" waiting="0" ended="7416" arrived="7416" collisions="5" teleports="5" halting="1" stopped="0" meanWaitingTime="0.42" meanTravelTime="243.73" meanSpeed="26.46" meanSpeedRelative="0.83" duration="1"/>
    <step time="15900.00" loaded="7599" inserted="7599" running="82" waiting="0" ended="7517" arrived="7517" collisions="5" teleports="5" halting="0" stopped="0" meanWaitingTime="0.42" meanTravelTime="243.44" meanSpeed="26.92" meanSpeedRelative="0.84" duration="0"/>
    <step time="16200.00" loaded="7703" inserted="7703" running="76" waiting="0" ended="7627" arrived="7627" collisions="5" teleports="5" halting="0" stopped="0" meanWaitingTime="0.41" meanTravelTime="242.78" meanSpeed="25.79" meanSpeedRelative="0.81" duration="0"/>
    <step time="16500.00" loaded="7809" inserted="7809" running="74" waiting="0" ended="7735" arrived="7735" collisions="5" teleports="5" halting="2" stopped="0" meanWaitingTime="0.41" meanTravelTime="242.76" meanSpeed="25.67" meanSpeedRelative="0.80" duration="0"/>
    <step time="16800.00" loaded="7897" inserted="7897" running="73" waiting="0" ended="7824" arrived="7824" collisions="5" teleports="5" halting="0" stopped="0" meanWaitingTime="0.40" meanTravelTime="242.65" meanSpeed="26.75" meanSpeedRelative="0.84" duration="1"/>
    <step time="17100.00" loaded="7998" inserted="7998" running="67" waiting="0" ended="7931" arrived="7931" collisions="5" teleports="5" halting="0" stopped="0" meanWaitingTime="0.40" meanTravelTime="241.90" meanSpeed="26.51" meanSpeedRelative="0.83" duration="1"/>
    <step time="17400.00" loaded="8113" inserted="8113" running="75" waiting="0" ended="8038" arrived="8038" collisions="5" teleports="5" halting="0" stopped="0" meanWaitingTime="0.40" meanTravelTime="241.43" meanSpeed="25.86" meanSpeedRelative="0.81" duration="0"/>
    <step time="17700.00" loaded="8219" inserted="8219" running="70" waiting="0" ended="8149" arrived="8149" collisions="5" teleports="5" halting="0" stopped="0" meanWaitingTime="0.40" meanTravelTime="241.34" meanSpeed="25.35" meanSpeedRelative="0.79" duration="0"/>
    <step time="18000.00" loaded="8317" inserted="8317" running="61" waiting="0" ended="8256" arrived="8256" collisions="5" teleports="5" halting="0" stopped="0" meanWaitingTime="0.40" meanTravelTime="240.88" meanSpeed="25.61" meanSpeedRelative="0.80" duration="79"/>
    <step time="18300.00" loaded="8506" inserted="8506" running="115" waiting="0" ended="8391" arrived="8391" collisions="5" teleports="5" halting="0" stopped="0" meanWaitingTime="0.40" meanTravelTime="239.72" meanSpeed="25.05" meanSpeedRelative="0.78" duration="1"/>
    <step time="18600.00" loaded="8706" inserted="8706" running="154" waiting="0" ended="8552" arrived="8552" collisions="5" teleports="5" halting="1" stopped="0" meanWaitingTime="0.41" meanTravelTime="238.61" meanSpeed="25.90" meanSpeedRelative="0.81" duration="1"/>
    <step time="18900.00" loaded="8885" inserted="8885" running="138" waiting="0" ended="8747" arrived="8747" collisions="5" teleports="5" halting="0" stopped="0" meanWaitingTime="0.41" meanTravelTime="238.96" meanSpeed="25.69" meanSpeedRelative="0.80" duration="1"/>
    <step time="19200.00" loaded="9054" inserted="9053" running="131" waiting="1" ended="8922" arrived="8922" collisions="5" teleports="5" halting="1" stopped="0" meanWaitingTime="0.42" meanTravelTime="238.66" meanSpeed="25.43" meanSpeedRelative="0.79" duration="1"/>
    <step time="19500.00" loaded="9242" inserted="9241" running="150" waiting="1" ended="9091" arrived="9091" collisions="6" teleports="6" halting="0" stopped="0" meanWaitingTime="0.42" meanTravelTime="238.54" meanSpeed="25.43" meanSpeedRelative="0.79" duration="1"/>
    <step time="19800.00" loaded="9456" inserted="9456" running="151" waiting="0" ended="9305" arrived="9305" collisions="6" teleports="6" halting="0" stopped="0" meanWaitingTime="0.42" meanTravelTime="238.14" meanSpeed="25.29" meanSpeedRelative="0.79" duration="1"/>
    <step time="20100.00" loaded="9666" inserted="9665" running="172" waiting="1" ended="9493" arrived="9493" collisions="6" teleports="6" halting="1" stopped="0" meanWaitingTime="0.44" meanTravelTime="237.94" meanSpeed="25.47" meanSpeedRelative="0.80" duration="1"/>
    <step time="20400.00" loaded="9859" inserted="9859" running="152" waiting="0" ended="9707" arrived="9707" collisions="6" teleports="6" halting="2" stopped="0" meanWaitingTime="0.44" meanTravelTime="237.69" meanSpeed="24.70" meanSpeedRelative="0.77" duration="1"/>
    <step time="20700.00" loaded="10056" inserted="10055" running="167" waiting="1" ended="9888" arrived="9888" collisions="6" teleports="6" halting="1" stopped="0" meanWaitingTime="0.45" meanTravelTime="237.79" meanSpeed="24.30" meanSpeedRelative="0.76" duration="1"/>
    <step time="21000.00" loaded="10294" inserted="10292" running="197" waiting="2" ended="10095" arrived="10095" collisions="6" teleports="6" halting="1" stopped="0" meanWaitingTime="0.48" meanTravelTime="238.08" meanSpeed="23.46" meanSpeedRelative="0.73" duration="1"/>
    <step time="21300.00" loaded="10479" inserted="10479" running="151" waiting="0" ended="10328" arrived="10328" collisions="6" teleports="6" halting="1" stopped="0" meanWaitingTime="0.49" meanTravelTime="237.87" meanSpeed="25.19" meanSpeedRelative="0.79" duration="1"/>
    <step time="21600.00" loaded="10670" inserted="10670" running="149" waiting="0" ended="10521" arrived="10521" collisions="6" teleports="6" halting="0" stopped="0" meanWaitingTime="0.48" meanTravelTime="238.08" meanSpeed="25.00" meanSpeedRelative="0.78" duration="79"/>
    <step time="21900.00" loaded="11117" inserted="11093" running="323" waiting="24" ended="10770" arrived="10770" collisions="6" teleports="6" halting="1" stopped="0" meanWaitingTime="0.84" meanTravelTime="237.11" meanSpeed="22.18" meanSpeedRelative="0.69" duration="2"/>
    <step time="22200.00" loaded="11537" inserted="11492" running="375" waiting="45" ended="11117" arrived="11117" collisions="7" teleports="7" halting="2" stopped="0" meanWaitingTime="1.54" meanTravelTime="237.04" meanSpeed="22.00" meanSpeedRelative="0.69" duration="2"/>
    <step time="22500.00" loaded="12024" inserted="11943" running="451" waiting="81" ended="11492" arrived="11492" collisions="7" teleports="7" halting="0" stopped="0" meanWaitingTime="2.82" meanTravelTime="238.41" meanSpeed="19.57" meanSpeedRelative="0.61" duration="3"/>
    <step time="22800.00" loaded="12478" inserted="12373" running="464" waiting="105" ended="11909" arrived="11909" collisions="8" teleports="8" halting="3" stopped="0" meanWaitingTime="4.73" meanTravelTime="240.60" meanSpeed="20.45" meanSpeedRelative="0.64" duration="3"/>
    <step time="23100.00" loaded="12980" inserted="12837" running="483" waiting="143" ended="12354" arrived="12354" collisions="10" teleports="10" halting="1" stopped="0" meanWaitingTime="7.15" meanTravelTime="243.40" meanSpeed="19.10" meanSpeedRelative="0.60" duration="4"/>
    <step time="23400.00" loaded="13458" inserted="13292" running="516" waiting="166" ended="12776" arrived="12776" collisions="11" teleports="11" halting="1" stopped="0" meanWaitingTime="10.01" meanTravelTime="245.89" meanSpeed="18.71" meanSpeedRelative="0.58" duration="2"/>
    <step time="23700.00" loaded="13920" inserted="13736" running="513" waiting="184" ended="13223" arrived="13223" collisions="13" teleports="13" halting="0" stopped="0" meanWaitingTime="12.80" meanTravelTime="248.70" meanSpeed="18.50" meanSpeedRelative="0.58" duration="3"/>
    <step time="24000.00" loaded="14406" inserted="14174" running="498" waiting="232" ended="13676" arrived="13676" collisions="14" teleports="14" halting="3" stopped="0" meanWaitingTime="15.88" meanTravelTime="251.80" meanSpeed="19.30" meanSpeedRelative="0.60" duration="2"/>
    <step time="24300.00" loaded="14870" inserted="14606" running="491" waiting="264" ended="14115" arrived="14115" collisions="14" teleports="14" halting="1" stopped="0" meanWaitingTime="19.37" meanTravelTime="255.18" meanSpeed="19.16" meanSpeedRelative="0.60" duration="3"/>
    <step time="24600.00" loaded="15334" inserted="15018" running="479" waiting="316" ended="14539" arrived="14539" collisions="14" teleports="14" halting="1" stopped="0" meanWaitingTime="23.07" meanTravelTime="257.65" meanSpeed="19.85" meanSpeedRelative="0.62" duration="3"/>
    <step time="24900.00" loaded="15789" inserted="15444" running="472" waiting="345" ended="14972" arrived="14972" collisions="14" teleports="14" halting="2" stopped="0" meanWaitingTime="27.50" meanTravelTime="259.86" meanSpeed="20.33" meanSpeedRelative="0.64" duration="3"/>
    <step time="25200.00" loaded="16242" inserted="15887" running="491" waiting="355" ended="15396" arrived="15396" collisions="14" teleports="14" halting="1" stopped="0" meanWaitingTime="31.79" meanTravelTime="261.69" meanSpeed="19.27" meanSpeedRelative="0.60" duration="85"/>
    <step time="25500.00" loaded="16808" inserted="16346" running="514" waiting="462" ended="15832" arrived="15832" collisions="15" teleports="15" halting="3" stopped="0" meanWaitingTime="36.81" meanTravelTime="263.88" meanSpeed="19.08" meanSpeedRelative="0.60" duration="3"/>
    <step time="25800.00" loaded="17399" inserted="16847" running="571" waiting="552" ended="16276" arrived="16276" collisions="16" teleports="16" halting="1" stopped="0" meanWaitingTime="42.71" meanTravelTime="265.86" meanSpeed="18.89" meanSpeedRelative="0.59" duration="3"/>
    <step time="26100.00" loaded="18003" inserted="17355" running="606" waiting="648" ended="16749" arrived="16749" collisions="17" teleports="17" halting="3" stopped="0" meanWaitingTime="49.06" meanTravelTime="268.40" meanSpeed="18.20" meanSpeedRelative="0.57" duration="3"/>
    <step time="26400.00" loaded="18562" inserted="17832" running="606" waiting="730" ended="17226" arrived="17226" collisions="17" teleports="17" halting="4" stopped="0" meanWaitingTime="55.41" meanTravelTime="270.93" meanSpeed="17.27" meanSpeedRelative="0.54" duration="3"/>
    <step time="26700.00" loaded="19106" inserted="18298" running="591" waiting="808" ended="17707" arrived="17707" collisions="18" teleports="18" halting="1" stopped="0" meanWaitingTime="62.29" meanTravelTime="273.74" meanSpeed="17.40" meanSpeedRelative="0.54" duration="3"/>
    <step time="27000.00" loaded="19655" inserted="18779" running="590" waiting="876" ended="18189" arrived="18189" collisions="18" teleports="18" halting="2" stopped="0" meanWaitingTime="70.46" meanTravelTime="276.57" meanSpeed="17.15" meanSpeedRelative="0.54" duration="3"/>
    <step time="27300.00" loaded="20261" inserted="19295" running="633" waiting="966" ended="18662" arrived="18662" collisions="19" teleports="19" halting="1" stopped="0" meanWaitingTime="78.98" meanTravelTime="278.85" meanSpeed="16.20" meanSpeedRelative="0.51" duration="5"/>
    <step time="27600.00" loaded="20809" inserted="19754" running="631" waiting="1055" ended="19123" arrived="19123" collisions="21" teleports="21" halting="1" stopped="0" meanWaitingTime="87.51" meanTravelTime="281.57" meanSpeed="16.40" meanSpeedRelative="0.51" duration="3"/>
    <step time="27900.00" loaded="21387" inserted="20250" running="640" waiting="1137" ended="19610" arrived="19610" collisions="23" teleports="23" halting="1" stopped="0" meanWaitingTime="96.87" meanTravelTime="284.20" meanSpeed="16.06" meanSpeedRelative="0.50" duration="4"/>
    <step time="28200.00" loaded="21941" inserted="20746" running="642" waiting="1195" ended="20104" arrived="20104" collisions="26" teleports="26" halting="1" stopped="0" meanWaitingTime="106.23" meanTravelTime="286.95" meanSpeed="16.02" meanSpeedRelative="0.50" duration="5"/>
    <step time="28500.00" loaded="22540" inserted="21226" running="648" waiting="1314" ended="20578" arrived="20578" collisions="27" teleports="27" halting="0" stopped="0" meanWaitingTime="116.12" meanTravelTime="289.33" meanSpeed="15.58" meanSpeedRelative="0.49" duration="4"/>
    <step time="28800.00" loaded="23053" inserted="21674" running="627" waiting="1379" ended="21047" arrived="21047" collisions="29" teleports="29" halting="2" stopped="0" meanWaitingTime="125.79" meanTravelTime="291.80" meanSpeed="16.50" meanSpeedRelative="0.52" duration="88"/>
    <step time="29100.00" loaded="23438" inserted="22107" running="598" waiting="1331" ended="21509" arrived="21509" collisions="32" teleports="32" halting="0" stopped="0" meanWaitingTime="136.80" meanTravelTime="294.43" meanSpeed="16.60" meanSpeedRelative="0.52" duration="4"/>
    <step time="29400.00" loaded="23779" inserted="22522" running="523" waiting="1257" ended="21999" arrived="21999" collisions="33" teleports="33" halting="2" stopped="0" meanWaitingTime="148.82" meanTravelTime="296.53" meanSpeed="18.00" meanSpeedRelative="0.56" duration="3"/>
    <step time="29700.00" loaded="24151" inserted="22950" running="511" waiting="1201" ended="22439" arrived="22439" collisions="35" teleports="35" halting="0" stopped="0" meanWaitingTime="161.34" meanTravelTime="297.79" meanSpeed="18.02" meanSpeedRelative="0.56" duration="3"/>
    <step time="30000.00" loaded="24505" inserted="23392" running="514" waiting="1113" ended="22878" arrived="22878" collisions="37" teleports="37" halting="4" stopped="0" meanWaitingTime="173.52" meanTravelTime="299.11" meanSpeed="18.97" meanSpeedRelative="0.59" duration="3"/>
    <step time="30300.00" loaded="24864" inserted="23835" running="536" waiting="1029" ended="23299" arrived="23299" collisions="39" teleports="39" halting="4" stopped="0" meanWaitingTime="184.55" meanTravelTime="300.62" meanSpeed="17.29" meanSpeedRelative="0.54" duration="3"/>
    <step time="30600.00" loaded="25240" inserted="24242" running="506" waiting="998" ended="23736" arrived="23736" collisions="40" teleports="40" halting="0" stopped="0" meanWaitingTime="194.61" meanTravelTime="302.02" meanSpeed="18.62" meanSpeedRelative="0.58" duration="3"/>
    <step time="30900.00" loaded="25617" inserted="24680" running="508" waiting="937" ended="24172" arrived="24172" collisions="42" teleports="42" halting="1" stopped="0" meanWaitingTime="204.03" meanTravelTime="303.29" meanSpeed="18.85" meanSpeedRelative="0.59" duration="4"/>
    <step time="31200.00" loaded="25967" inserted="25083" running="473" waiting="884" ended="24610" arrived="24610" collisions="43" teleports="43" halting="0" stopped="0" meanWaitingTime="213.31" meanTravelTime="303.83" meanSpeed="19.31" meanSpeedRelative="0.60" duration="4"/>
    <step time="31500.00" loaded="26350" inserted="25511" running="486" waiting="839" ended="25025" arrived="25025" collisions="43" teleports="43" halting="0" stopped="0" meanWaitingTime="221.07" meanTravelTime="304.71" meanSpeed="18.03" meanSpeedRelative="0.56" duration="3"/>
    <step time="31800.00" loaded="26690" inserted="25908" running="436" waiting="782" ended="25472" arrived="25472" collisions="43" teleports="43" halting="2" stopped="0" meanWaitingTime="228.68" meanTravelTime="305.42" meanSpeed="18.84" meanSpeedRelative="0.59" duration="2"/>
    <step time="32100.00" loaded="27025" inserted="26279" running="417" waiting="746" ended="25862" arrived="25862" collisions="45" teleports="45" halting="4" stopped="0" meanWaitingTime="236.37" meanTravelTime="305.73" meanSpeed="19.49" meanSpeedRelative="0.61" duration="3"/>
    <step time="32400.00" loaded="27371" inserted="26664" running="398" waiting="707" ended="26266" arrived="26266" collisions="45" teleports="45" halting="1" stopped="0" meanWaitingTime="243.95" meanTravelTime="306.04" meanSpeed="20.44" meanSpeedRelative="0.64" duration="88"/>
    <step time="32700.00" loaded="27636" inserted="27001" running="355" waiting="635" ended="26646" arrived="26646" collisions="47" teleports="47" halting="0" stopped="0" meanWaitingTime="251.69" meanTravelTime="306.30" meanSpeed="20.28" meanSpeedRelative="0.63" duration="2"/>
    <step time="33000.00" loaded="27907" inserted="27320" running="296" waiting="587" ended="27024" arrived="27024" collisions="48" teleports="48" halting="3" stopped="0" meanWaitingTime="258.78" meanTravelTime="306.39" meanSpeed="21.42" meanSpeedRelative="0.67" duration="2"/>
    <step time="33300.00" loaded="28192" inserted="27661" running="316" waiting="531" ended="27345" arrived="27345" collisions="49" teleports="49" halting="2" stopped="0" meanWaitingTime="265.10" meanTravelTime="306.10" meanSpeed="22.59" meanSpeedRelative="0.71" duration="3"/>
    <step time="33600.00" loaded="28458" inserted="27976" running="297" waiting="482" ended="27679" arrived="27679" collisions="49" teleports="49" halting="1" stopped="0" meanWaitingTime="270.99" meanTravelTime="305.76" meanSpeed="22.50" meanSpeedRelative="0.70" duration="2"/>
    <step time="33900.00" loaded="28712" inserted="28285" running="279" waiting="427" ended="28006" arrived="28006" collisions="50" teleports="50" halting="1" stopped="0" meanWaitingTime="275.97" meanTravelTime="305.67" meanSpeed="21.69" meanSpeedRelative="0.68" duration="2"/>
    <step time="34200.00" loaded="28994" inserted="28629" running="296" waiting="365" ended="28333" arrived="28333" collisions="51" teleports="51" halting="2" stopped="0" meanWaitingTime="279.95" meanTravelTime="305.27" meanSpeed="21.66" meanSpeedRelative="0.68" duration="2"/>
    <step time="34500.00" loaded="29243" inserted="28932" running="261" waiting="311" ended="28671" arrived="28671" collisions="51" teleports="51" halting="0" stopped="0" meanWaitingTime="283.19" meanTravelTime="304.65" meanSpeed="22.10" meanSpeedRelative="0.69" duration="2"/>
    <step time="34800.00" loaded="29542" inserted="29291" running="311" waiting="251" ended="28980" arrived="28980" collisions="52" teleports="52" halting="1" stopped="0" meanWaitingTime="285.19" meanTravelTime="304.15" meanSpeed="21.72" meanSpeedRelative="0.68" duration="2"/>
    <step time="35100.00" loaded="29815" inserted="29616" running="298" waiting="199" ended="29318" arrived="29318" collisions="54" teleports="54" halting="2" stopped="0" meanWaitingTime="286.51" meanTravelTime="303.64" meanSpeed="22.19" meanSpeedRelative="0.69" duration="2"/>
    <step time="35400.00" loaded="30089" inserted="29921" running="271" waiting="168" ended="29650" arrived="29650" collisions="54" teleports="54" halting="1" stopped="0" meanWaitingTime="287.04" meanTravelTime="303.47" meanSpeed="23.34" meanSpeedRelative="0.73" duration="1"/>
    <step time="35700.00" loaded="30358" inserted="30218" running="259" waiting="140" ended="29959" arrived="29959" collisions="54" teleports="54" halting="3" stopped="0" meanWaitingTime="286.93" meanTravelTime="303.03" meanSpeed="23.54" meanSpeedRelative="0.74" duration="1"/>
    <step time="36000.00" loaded="30613" inserted="30505" running="248" waiting="108" ended="30257" arrived="30257" collisions="55" teleports="55" halting="2" stopped="0" meanWaitingTime="286.65" meanTravelTime="302.61" meanSpeed="23.56" meanSpeedRelative="0.74" duration="81"/>
    <step time="36300.00" loaded="31109" inserted="30974" running="381" waiting="135" ended="30593" arrived="30593" collisions="55" teleports="55" halting="0" stopped="0" meanWaitingTime="284.40" meanTravelTime="302.02" meanSpeed="22.33" meanSpeedRelative="0.70" duration="2"/>
    <step time="36600.00" loaded="31614" inserted="31459" running="470" waiting="155" ended="30989" arrived="30989" collisions="55" teleports="55" halting="1" stopped="0" meanWaitingTime="281.67" meanTravelTime="301.65" meanSpeed="20.66" meanSpeedRelative="0.65" duration="2"/>
    <step time="36900.00" loaded="32049" inserted="31887" running="475" waiting="162" ended="31412" arrived="31412" collisions="56" teleports="56" halting="3" stopped="0" meanWaitingTime="279.41" meanTravelTime="301.59" meanSpeed="19.73" meanSpeedRelative="0.62" duration="3"/>
    <step time="37200.00" loaded="32520" inserted="32336" running="469" waiting="184" ended="31867" arrived="31867" collisions="58" teleports="58" halting="2" stopped="0" meanWaitingTime="277.07" meanTravelTime="301.74" meanSpeed="20.25" meanSpeedRelative="0.63" duration="2"/>
    <step time="37500.00" loaded="32956" inserted="32783" running="463" waiting="173" ended="32320" arrived="32320" collisions="60" teleports="60" halting="2" stopped="0" meanWaitingTime="274.83" meanTravelTime="301.74" meanSpeed="20.40" meanSpeedRelative="0.64" duration="2"/>
    <step time="37800.00" loaded="33411" inserted="33247" running="471" waiting="164" ended="32776" arrived="32776" collisions="60" teleports="60" halting="1" stopped="0" meanWaitingTime="272.55" meanTravelTime="301.93" meanSpeed="20.51" meanSpeedRelative="0.64" duration="3"/>
    <step time="38100.00" loaded="33869" inserted="33691" running="478" waiting="178" ended="33213" arrived="33213" collisions="61" teleports="61" halting="3" stopped="0" meanWaitingTime="270.49" meanTravelTime="301.97" meanSpeed="20.80" meanSpeedRelative="0.65" duration="4"/>
    <step time="38400.00" loaded="34372" inserted="34153" running="495" waiting="219" ended="33658" arrived="33658" collisions="64" teleports="64" halting="1" stopped="0" meanWaitingTime="268.28" meanTravelTime="302.14" meanSpeed="20.25" meanSpeedRelative="0.63" duration="2"/>
    <step time="38700.00" loaded="34864" inserted="34618" running="505" waiting="246" ended="34113" arrived="34113" collisions="66" teleports="66" halting="1" stopped="0" meanWaitingTime="266.35" meanTravelTime="302.31" meanSpeed="19.96" meanSpeedRelative="0.62" duration="2"/>
    <step time="39000.00" loaded="35313" inserted="35068" running="499" waiting="245" ended="34569" arrived="34569" collisions="68" teleports="68" halting="2" stopped="0" meanWaitingTime="264.77" meanTravelTime="302.75" meanSpeed="19.99" meanSpeedRelative="0.62" duration="3"/>
    <step time="39300.00" loaded="35809" inserted="35553" running="534" waiting="256" ended="35019" arrived="35019" collisions="69" teleports="69" halting="2" stopped="0" meanWaitingTime="263.09" meanTravelTime="303.25" meanSpeed="19.55" meanSpeedRelative="0.61" duration="3"/>
    <step time="39600.00" loaded="36285" inserted="36012" running="531" waiting="273" ended="35481" arrived="35481" collisions="69" teleports="69" halting="1" stopped="0" meanWaitingTime="261.77" meanTravelTime="303.65" meanSpeed="18.96" meanSpeedRelative="0.59" duration="93"/>
    <step time="39900.00" loaded="36819" inserted="36491" running="530" waiting="328" ended="35961" arrived="35961" collisions="71" teleports="71" halting="1" stopped="0" meanWaitingTime="260.32" meanTravelTime="303.89" meanSpeed="19.42" meanSpeedRelative="0.61" duration="3"/>
    <step time="40200.00" loaded="37331" inserted="36983" running="582" waiting="348" ended="36401" arrived="36401" collisions="72" teleports="72" halting="2" stopped="0" meanWaitingTime="259.07" meanTravelTime="304.88" meanSpeed="18.10" meanSpeedRelative="0.57" duration="5"/>
    <step time="40500.00" loaded="37868" inserted="37470" running="603" waiting="398" ended="36867" arrived="36867" collisions="74" teleports="74" halting="2" stopped="0" meanWaitingTime="258.19" meanTravelTime="305.20" meanSpeed="18.15" meanSpeedRelative="0.57" duration="2"/>
    <step time="40800.00" loaded="38388" inserted="37941" running="623" waiting="447" ended="37318" arrived="37318" collisions="74" teleports="74" halting="2" stopped="0" meanWaitingTime="257.60" meanTravelTime="305.94" meanSpeed="17.11" meanSpeedRelative="0.53" duration="5"/>
    <step time="41100.00" loaded="38952" inserted="38469" running="661" waiting="483" ended="37808" arrived="37808" collisions="76" teleports="76" halting="1" stopped="0" meanWaitingTime="256.88" meanTravelTime="306.87" meanSpeed="16.63" meanSpeedRelative="0.52" duration="4"/>
    <step time="41400.00" loaded="39463" inserted="38937" running="631" waiting="526" ended="38306" arrived="38306" collisions="78" teleports="78" halting="1" stopped="0" meanWaitingTime="256.51" meanTravelTime="308.27" meanSpeed="17.80" meanSpeedRelative="0.56" duration="4"/>
    <step time="41700.00" loaded="39957" inserted="39399" running="600" waiting="558" ended="38799" arrived="38799" collisions="79" teleports="79" halting="2" stopped="0" meanWaitingTime="256.54" meanTravelTime="309.29" meanSpeed="17.53" meanSpeedRelative="0.55" duration="4"/>
    <step time="42000.00" loaded="40461" inserted="39858" running="590" waiting="603" ended="39268" arrived="39268" collisions="80" teleports="80" halting="1" stopped="0" meanWaitingTime="256.72" meanTravelTime="310.13" meanSpeed="17.88" meanSpeedRelative="0.56" duration="3"/>
    <step time="42300.00" loaded="40946" inserted="40331" running="607" waiting="615" ended="39724" arrived="39724" collisions="82" teleports="82" halting="1" stopped="0" meanWaitingTime="257.60" meanTravelTime="310.88" meanSpeed="16.96" meanSpeedRelative="0.53" duration="5"/>
    <step time="42600.00" loaded="41460" inserted="40819" running="613" waiting="641" ended="40206" arrived="40206" collisions="83" teleports="83" halting="2" stopped="0" meanWaitingTime="258.42" meanTravelTime="311.98" meanSpeed="16.83" meanSpeedRelative="0.53" duration="4"/>
    <step time="42900.00" loaded="41983" inserted="41301" running="612" waiting="682" ended="40689" arrived="40689" collisions="85" teleports="85" halting="3" stopped="0" meanWaitingTime="259.60" meanTravelTime="312.46" meanSpeed="16.22" meanSpeedRelative="0.51" duration="3"/>
    <step time="43200.00" loaded="42481" inserted="41744" running="600" waiting="737" ended="41144" arrived="41144" collisions="86" teleports="86" halting="2" stopped="0" meanWaitingTime="260.95" meanTravelTime="313.60" meanSpeed="16.40" meanSpeedRelative="0.51" duration="92"/>
    <step time="43500.00" loaded="43012" inserted="42256" running="652" waiting="756" ended="41604" arrived="41604" collisions="87" teleports="87" halting="3" stopped="0" meanWaitingTime="262.31" meanTravelTime="314.52" meanSpeed="16.69" meanSpeedRelative="0.52" duration="3"/>
    <step time="43800.00" loaded="43553" inserted="42761" running="662" waiting="792" ended="42099" arrived="42099" collisions="89" teleports="89" halting="2" stopped="0" meanWaitingTime="263.57" meanTravelTime="315.23" meanSpeed="16.50" meanSpeedRelative="0.52" duration="3"/>
    <step time="44100.00" loaded="44066" inserted="43238" running="653" waiting="828" ended="42585" arrived="42585" collisions="89" teleports="89" halting="2" stopped="0" meanWaitingTime="265.17" meanTravelTime="316.05" meanSpeed="16.60" meanSpeedRelative="0.52" duration="4"/>
    <step time="44400.00" loaded="44614" inserted="43756" running="706" waiting="858" ended="43050" arrived="43050" collisions="89" teleports="89" halting="1" stopped="0" meanWaitingTime="266.63" meanTravelTime="316.96" meanSpeed="15.91" meanSpeedRelative="0.50" duration="5"/>
    <step time="44700.00" loaded="45185" inserted="44258" running="741" waiting="927" ended="43517" arrived="43517" collisions="91" teleports="91" halting="3" stopped="0" meanWaitingTime="268.25" meanTravelTime="317.89" meanSpeed="15.98" meanSpeedRelative="0.50" duration="5"/>
    <step time="45000.00" loaded="45694" inserted="44720" running="727" waiting="974" ended="43993" arrived="43993" collisions="93" teleports="93" halting="1" stopped="0" meanWaitingTime="270.19" meanTravelTime="319.00" meanSpeed="16.08" meanSpeedRelative="0.50" duration="4"/>
    <step time="45300.00" loaded="46233" inserted="45214" running="745" waiting="1019" ended="44469" arrived="44469" collisions="99" teleports="99" halting="1" stopped="0" meanWaitingTime="272.16" meanTravelTime="320.43" meanSpeed="15.32" meanSpeedRelative="0.48" duration="5"/>
    <step time="45600.00" loaded="46745" inserted="45682" running="719" waiting="1063" ended="44963" arrived="44963" collisions="102" teleports="102" halting="2" stopped="0" meanWaitingTime="274.25" meanTravelTime="322.20" meanSpeed="15.71" meanSpeedRelative="0.49" duration="4"/>
    <step time="45900.00" loaded="47306" inserted="46180" running="753" waiting="1126" ended="45427" arrived="45427" collisions="102" teleports="102" halting="1" stopped="0" meanWaitingTime="276.56" meanTravelTime="323.65" meanSpeed="14.99" meanSpeedRelative="0.47" duration="5"/>
    <step time="46200.00" loaded="47847" inserted="46690" running="807" waiting="1157" ended="45883" arrived="45883" collisions="102" teleports="102" halting="5" stopped="0" meanWaitingTime="279.03" meanTravelTime="325.02" meanSpeed="13.98" meanSpeedRelative="0.44" duration="7"/>
    <step time="46500.00" loaded="48379" inserted="47184" running="807" waiting="1195" ended="46377" arrived="46377" collisions="103" teleports="103" halting="1" stopped="0" meanWaitingTime="281.65" meanTravelTime="326.67" meanSpeed="14.25" meanSpeedRelative="0.45" duration="6"/>
    <step time="46800.00" loaded="48906" inserted="47684" running="835" waiting="1222" ended="46849" arrived="46849" collisions="103" teleports="103" halting="4" stopped="0" meanWaitingTime="284.33" meanTravelTime="327.79" meanSpeed="13.74" meanSpeedRelative="0.43" duration="92"/>
    <step time="47100.00" loaded="49419" inserted="48133" running="838" waiting="1286" ended="47295" arrived="47295" collisions="106" teleports="106" halting="18" stopped="0" meanWaitingTime="287.38" meanTravelTime="329.68" meanSpeed="13.45" meanSpeedRelative="0.42" duration="6"/>
    <step time="47400.00" loaded="49920" inserted="48627" running="838" waiting="1293" ended="47789" arrived="47789" collisions="109" teleports="109" halting="1" stopped="0" meanWaitingTime="290.42" meanTravelTime="331.46" meanSpeed="13.27" meanSpeedRelative="0.41" duration="5"/>
    <step time="47700.00" loaded="50457" inserted="49136" running="858" waiting="1321" ended="48278" arrived="48278" collisions="110" teleports="110" halting="4" stopped="0" meanWaitingTime="293.58" meanTravelTime="333.40" meanSpeed="13.38" meanSpeedRelative="0.42" duration="6"/>
    <step time="48000.00" loaded="51015" inserted="49650" running="881" waiting="1365" ended="48769" arrived="48769" collisions="112" teleports="112" halting="5" stopped="0" meanWaitingTime="296.90" meanTravelTime="335.03" meanSpeed="13.22" meanSpeedRelative="0.41" duration="5"/>
    <step time="48300.00" loaded="51527" inserted="50125" running="872" waiting="1402" ended="49253" arrived="49253" collisions="115" teleports="115" halting="1" stopped="0" meanWaitingTime="300.66" meanTravelTime="337.21" meanSpeed="13.65" meanSpeedRelative="0.43" duration="5"/>
    <step time="48600.00" loaded="52084" inserted="50621" running="844" waiting="1463" ended="49777" arrived="49777" collisions="120" teleports="120" halting="3" stopped="0" meanWaitingTime="304.48" meanTravelTime="339.00" meanSpeed="13.59" meanSpeedRelative="0.42" duration="5"/>
    <step time="48900.00" loaded="52579" inserted="51102" running="850" waiting="1477" ended="50252" arrived="50252" collisions="122" teleports="122" halting="2" stopped="0" meanWaitingTime="308.62" meanTravelTime="340.72" meanSpeed="12.67" meanSpeedRelative="0.40" duration="6"/>
    <step time="49200.00" loaded="53131" inserted="51611" running="861" waiting="1520" ended="50750" arrived="50750" collisions="122" teleports="122" halting="1" stopped="0" meanWaitingTime="312.53" meanTravelTime="342.77" meanSpeed="13.14" meanSpeedRelative="0.41" duration="7"/>
    <step time="49500.00" loaded="53651" inserted="52099" running="860" waiting="1552" ended="51239" arrived="51239" collisions="123" teleports="123" halting="2" stopped="0" meanWaitingTime="316.54" meanTravelTime="344.67" meanSpeed="13.09" meanSpeedRelative="0.41" duration="6"/>
    <step time="49800.00" loaded="54182" inserted="52597" running="896" waiting="1585" ended="51701" arrived="51701" collisions="126" teleports="126" halting="3" stopped="0" meanWaitingTime="320.79" meanTravelTime="346.14" meanSpeed="13.25" meanSpeedRelative="0.41" duration="6"/>
    <step time="50100.00" loaded="54743" inserted="53104" running="942" waiting="1639" ended="52162" arrived="52162" collisions="130" teleports="130" halting="2" stopped="0" meanWaitingTime="324.99" meanTravelTime="347.78" meanSpeed="12.51" meanSpeedRelative="0.39" duration="5"/>
    <step time="50400.00" loaded="55278" inserted="53615" running="951" waiting="1663" ended="52664" arrived="52664" collisions="134" teleports="134" halting="4" stopped="0" meanWaitingTime="329.62" meanTravelTime="349.61" meanSpeed="12.83" meanSpeedRelative="0.40" duration="95"/>
    <step time="50700.00" loaded="55980" inserted="54207" running="1038" waiting="1773" ended="53169" arrived="53169" collisions="138" teleports="138" halting="2" stopped="0" meanWaitingTime="333.55" meanTravelTime="351.57" meanSpeed="11.67" meanSpeedRelative="0.36" duration="5"/>
    <step time="51000.00" loaded="56708" inserted="54791" running="1080" waiting="1917" ended="53711" arrived="53711" collisions="139" teleports="139" halting="5" stopped="0" meanWaitingTime="337.37" meanTravelTime="353.65" meanSpeed="12.06" meanSpeedRelative="0.38" duration="7"/>
    <step time="51300.00" loaded="57456" inserted="55332" running="1106" waiting="2124" ended="54226" arrived="54226" collisions="141" teleports="141" halting="5" stopped="0" meanWaitingTime="341.81" meanTravelTime="355.64" meanSpeed="10.80" meanSpeedRelative="0.34" duration="8"/>
    <step time="51600.00" loaded="58154" inserted="55885" running="1157" waiting="2269" ended="54728" arrived="54728" collisions="142" teleports="142" halting="1" stopped="0" meanWaitingTime="346.66" meanTravelTime="357.60" meanSpeed="10.48" meanSpeedRelative="0.33" duration="7"/>
    <step time="51900.00" loaded="58894" inserted="56441" running="1231" waiting="2453" ended="55210" arrived="55210" collisions="144" teleports="144" halting="1" stopped="0" meanWaitingTime="352.16" meanTravelTime="359.80" meanSpeed="10.32" meanSpeedRelative="0.32" duration="7"/>
    <step time="52200.00" loaded="59627" inserted="56999" running="1271" waiting="2628" ended="55728" arrived="55728" collisions="146" teleports="146" halting="4" stopped="0" meanWaitingTime="357.56" meanTravelTime="362.54" meanSpeed="10.19" meanSpeedRelative="0.32" duration="8"/>
    <step time="52500.00" loaded="60355" inserted="57550" running="1308" waiting="2805" ended="56242" arrived="56242" collisions="149" teleports="149" halting="10" stopped="0" meanWaitingTime="363.11" meanTravelTime="365.21" meanSpeed="9.70" meanSpeedRelative="0.30" duration="10"/>
    <step time="52800.00" loaded="61091" inserted="58103" running="1321" waiting="2988" ended="56782" arrived="56782" collisions="150" teleports="150" halting="9" stopped="0" meanWaitingTime="369.55" meanTravelTime="368.55" meanSpeed="9.43" meanSpeedRelative="0.29" duration="10"/>
    <step time="53100.00" loaded="61801" inserted="58623" running="1322" waiting="3178" ended="57301" arrived="57301" collisions="153" teleports="153" halting="3" stopped="0" meanWaitingTime="376.18" meanTravelTime="371.75" meanSpeed="8.90" meanSpeedRelative="0.28" duration="9"/>
    <step time="53400.00" loaded="62492" inserted="59145" running="1327" waiting="3347" ended="57818" arrived="57818" collisions="156" teleports="156" halting="7" stopped="0" meanWaitingTime="383.06" meanTravelTime="374.92" meanSpeed="9.35" meanSpeedRelative="0.29" duration="7"/>
    <step time="53700.00" loaded="63174" inserted="59676" running="1362" waiting="3498" ended="58314" arrived="58314" collisions="158" teleports="158" halting="4" stopped="0" meanWaitingTime="390.74" meanTravelTime="378.28" meanSpeed="9.18" meanSpeedRelative="0.29" duration="9"/>
    <step time="54000.00" loaded="63849" inserted="60208" running="1341" waiting="3641" ended="58867" arrived="58867" collisions="161" teleports="161" halting="6" stopped="0" meanWaitingTime="398.11" meanTravelTime="381.94" meanSpeed="9.18" meanSpeedRelative="0.29" duration="92"/>
    <step time="54300.00" loaded="64320" inserted="60671" running="1304" waiting="3649" ended="59367" arrived="59367" collisions="162" teleports="162" halting="5" stopped="0" meanWaitingTime="406.02" meanTravelTime="385.21" meanSpeed="9.11" meanSpeedRelative="0.28" duration="10"/>
    <step time="54600.00" loaded="64808" inserted="61145" running="1272" waiting="3663" ended="59873" arrived="59873" collisions="162" teleports="162" halting="4" stopped="0" meanWaitingTime="415.09" meanTravelTime="388.77" meanSpeed="9.18" meanSpeedRelative="0.29" duration="10"/>
    <step time="54900.00" loaded="65266" inserted="61623" running="1233" waiting="3643" ended="60390" arrived="60390" collisions="164" teleports="164" halting="2" stopped="0" meanWaitingTime="424.07" meanTravelTime="392.14" meanSpeed="9.60" meanSpeedRelative="0.30" duration="13"/>
    <step time="55200.00" loaded="65726" inserted="62104" running="1216" waiting="3622" ended="60888" arrived="60888" collisions="167" teleports="167" halting="7" stopped="0" meanWaitingTime="433.27" meanTravelTime="395.24" meanSpeed="9.87" meanSpeedRelative="0.31" duration="10"/>
    <step time="55500.00" loaded="66202" inserted="62584" running="1205" waiting="3618" ended="61379" arrived="61379" collisions="172" teleports="172" halting="6" stopped="0" meanWaitingTime="443.15" meanTravelTime="398.45" meanSpeed="9.59" meanSpeedRelative="0.30" duration="9"/>
    <step time="55800.00" loaded="66659" inserted="63037" running="1198" waiting="3622" ended="61839" arrived="61839" collisions="173" teleports="173" halting="8" stopped="0" meanWaitingTime="452.72" meanTravelTime="401.30" meanSpeed="9.57" meanSpeedRelative="0.30" duration="7"/>
    <step time="56100.00" loaded="67101" inserted="63479" running="1138" waiting="3622" ended="62341" arrived="62341" collisions="175" teleports="175" halting="7" stopped="0" meanWaitingTime="463.35" meanTravelTime="404.28" meanSpeed="9.98" meanSpeedRelative="0.31" duration="9"/>
    <step time="56400.00" loaded="67556" inserted="63954" running="1102" waiting="3602" ended="62852" arrived="62852" collisions="177" teleports="177" halting="3" stopped="0" meanWaitingTime="474.17" meanTravelTime="406.73" meanSpeed="10.65" meanSpeedRelative="0.33" duration="7"/>
    <step time="56700.00" loaded="67999" inserted="64445" running="1089" waiting="3554" ended="63356" arrived="63356" collisions="181" teleports="181" halting="2" stopped="0" meanWaitingTime="485.55" meanTravelTime="409.29" meanSpeed="10.93" meanSpeedRelative="0.34" duration="7"/>
    <step time="57000.00" loaded="68423" inserted="64925" running="1027" waiting="3498" ended="63898" arrived="63898" collisions="185" teleports="185" halting="2" stopped="0" meanWaitingTime="496.33" meanTravelTime="411.49" meanSpeed="10.71" meanSpeedRelative="0.33" duration="8"/>
    <step time="57300.00" loaded="68909" inserted="65425" running="1058" waiting="3484" ended="64367" arrived="64367" collisions="186" teleports="186" halting="4" stopped="0" meanWaitingTime="508.44" meanTravelTime="413.31" meanSpeed="11.25" meanSpeedRelative="0.35" duration="9"/>
    <step time="57600.00" loaded="69348" inserted="65906" running="1061" waiting="3442" ended="64845" arrived="64845" collisions="190" teleports="190" halting="7" stopped="0" meanWaitingTime="520.26" meanTravelTime="414.98" meanSpeed="10.51" meanSpeedRelative="0.33" duration="82"/>
    <step time="57900.00" loaded="69903" inserted="66416" running="1094" waiting="3487" ended="65322" arrived="65322" collisions="193" teleports="193" halting="8" stopped="0" meanWaitingTime="531.47" meanTravelTime="416.45" meanSpeed="10.60" meanSpeedRelative="0.33" duration="7"/>
    <step time="58200.00" loaded="70453" inserted="66943" running="1073" waiting="3510" ended="65870" arrived="65870" collisions="196" teleports="196" halting="1" stopped="0" meanWaitingTime="542.00" meanTravelTime="418.36" meanSpeed="11.44" meanSpeedRelative="0.36" duration="7"/>
    <step time="58500.00" loaded="71025" inserted="67459" running="1077" waiting="3566" ended="66382" arrived="66382" collisions="197" teleports="197" halting="2" stopped="0" meanWaitingTime="552.36" meanTravelTime="419.85" meanSpeed="10.21" meanSpeedRelative="0.32" duration="8"/>
    <step time="58800.00" loaded="71578" inserted="67976" running="1070" waiting="3602" ended="66906" arrived="66906" collisions="198" teleports="198" halting="4" stopped="0" meanWaitingTime="562.72" meanTravelTime="421.39" meanSpeed="11.17" meanSpeedRelative="0.35" duration="9"/>
    <step time="59100.00" loaded="72130" inserted="68487" running="1080" waiting="3643" ended="67407" arrived="67407" collisions="198" teleports="198" halting="2" stopped="0" meanWaitingTime="573.89" meanTravelTime="422.78" meanSpeed="10.69" meanSpeedRelative="0.33" duration="9"/>
    <step time="59400.00" loaded="72674" inserted="69016" running="1112" waiting="3658" ended="67904" arrived="67904" collisions="199" teleports="199" halting="2" stopped="0" meanWaitingTime="584.61" meanTravelTime="424.41" meanSpeed="10.62" meanSpeedRelative="0.33" duration="9"/>
    <step time="59700.00" loaded="73229" inserted="69550" running="1119" waiting="3679" ended="68431" arrived="68431" collisions="202" teleports="202" halting="5" stopped="0" meanWaitingTime="595.32" meanTravelTime="425.74" meanSpeed="10.62" meanSpeedRelative="0.33" duration="8"/>
    <step time="60000.00" loaded="73750" inserted="70069" running="1147" waiting="3681" ended="68922" arrived="68922" collisions="204" teleports="204" halting="5" stopped="0" meanWaitingTime="605.68" meanTravelTime="427.33" meanSpeed="10.11" meanSpeedRelative="0.32" duration="9"/>
    <step time="60300.00" loaded="74306" inserted="70568" running="1170" waiting="3738" ended="69398" arrived="69398" collisions="204" teleports="204" halting="3" stopped="0" meanWaitingTime="615.58" meanTravelTime="429.28" meanSpeed="10.19" meanSpeedRelative="0.32" duration="9"/>
    <step time="60600.00" loaded="74833" inserted="71073" running="1174" waiting="3760" ended="69899" arrived="69899" collisions="206" teleports="206" halting="7" stopped="0" meanWaitingTime="625.00" meanTravelTime="430.71" meanSpeed="10.18" meanSpeedRelative="0.32" duration="7"/>
    <step time="60900.00" loaded="75440" inserted="71593" running="1192" waiting="3847" ended="70401" arrived="70401" collisions="209" teleports="209" halting="3" stopped="0" meanWaitingTime="634.75" meanTravelTime="432.66" meanSpeed="10.67" meanSpeedRelative="0.33" duration="10"/>
    <step time="61200.00" loaded="76017" inserted="72100" running="1194" waiting="3917" ended="70906" arrived="70906" collisions="211" teleports="211" halting="5" stopped="0" meanWaitingTime="644.32" meanTravelTime="434.24" meanSpeed="10.88" meanSpeedRelative="0.34" duration="89"/>
    <step time="61500.00" loaded="76085" inserted="72447" running="1052" waiting="3638" ended="71395" arrived="71395" collisions="215" teleports="215" halting="2" stopped="0" meanWaitingTime="655.75" meanTravelTime="436.52" meanSpeed="10.39" meanSpeedRelative="0.32" duration="9"/>
    <step time="61800.00" loaded="76141" inserted="72791" running="987" waiting="3350" ended="71804" arrived="71804" collisions="215" teleports="215" halting="2" stopped="0" meanWaitingTime="667.10" meanTravelTime="438.72" meanSpeed="10.17" meanSpeedRelative="0.32" duration="8"/>
    <step time="62100.00" loaded="76220" inserted="73121" running="895" waiting="3099" ended="72226" arrived="72226" collisions="216" teleports="216" halting="3" stopped="0" meanWaitingTime="678.08" meanTravelTime="440.66" meanSpeed="11.34" meanSpeedRelative="0.35" duration="7"/>
    <step time="62400.00" loaded="76285" inserted="73495" running="835" waiting="2790" ended="72660" arrived="72660" collisions="218" teleports="218" halting="1" stopped="0" meanWaitingTime="691.50" meanTravelTime="442.80" meanSpeed="11.87" meanSpeedRelative="0.37" duration="4"/>
    <step time="62700.00" loaded="76364" inserted="73903" running="818" waiting="2461" ended="73085" arrived="73085" collisions="219" teleports="219" halting="2" stopped="0" meanWaitingTime="705.75" meanTravelTime="444.41" meanSpeed="10.99" meanSpeedRelative="0.34" duration="8"/>
    <step time="63000.00" loaded="76448" inserted="74297" running="810" waiting="2151" ended="73487" arrived="73487" collisions="223" teleports="223" halting="3" stopped="0" meanWaitingTime="718.98" meanTravelTime="445.60" meanSpeed="11.01" meanSpeedRelative="0.34" duration="6"/>
    <step time="63300.00" loaded="76522" inserted="74665" running="753" waiting="1857" ended="73912" arrived="73912" collisions="224" teleports="224" halting="1" stopped="0" meanWaitingTime="731.53" meanTravelTime="446.45" meanSpeed="11.02" meanSpeedRelative="0.34" duration="4"/>
    <step time="63600.00" loaded="76592" inserted="74966" running="664" waiting="1626" ended="74302" arrived="74302" collisions="224" teleports="224" halting="0" stopped="0" meanWaitingTime="743.46" meanTravelTime="447.25" meanSpeed="11.75" meanSpeedRelative="0.37" duration="4"/>
    <step time="63900.00" loaded="76664" inserted="75282" running="598" waiting="1382" ended="74684" arrived="74684" collisions="224" teleports="224" halting="2" stopped="0" meanWaitingTime="754.41" meanTravelTime="447.96" meanSpeed="13.45" meanSpeedRelative="0.42" duration="3"/>
    <step time="64200.00" loaded="76749" inserted="75537" running="449" waiting="1212" ended="75088" arrived="75088" collisions="226" teleports="226" halting="1" stopped="0" meanWaitingTime="762.73" meanTravelTime="448.79" meanSpeed="16.27" meanSpeedRelative="0.51" duration="4"/>
    <step time="64500.00" loaded="76821" inserted="75728" running="295" waiting="1093" ended="75433" arrived="75433" collisions="227" teleports="227" halting="0" stopped="0" meanWaitingTime="771.14" meanTravelTime="449.07" meanSpeed="20.13" meanSpeedRelative="0.63" duration="2"/>
    <step time="64800.00" loaded="76888" inserted="75902" running="198" waiting="986" ended="75704" arrived="75704" collisions="227" teleports="227" halting="0" stopped="0" meanWaitingTime="779.02" meanTravelTime="449.51" meanSpeed="22.84" meanSpeedRelative="0.71" duration="92"/>
    <step time="65100.00" loaded="76931" inserted="76064" running="157" waiting="867" ended="75907" arrived="75907" collisions="227" teleports="227" halting="1" stopped="0" meanWaitingTime="786.77" meanTravelTime="449.23" meanSpeed="22.20" meanSpeedRelative="0.69" duration="1"/>
    <step time="65400.00" loaded="76982" inserted="76231" running="147" waiting="751" ended="76084" arrived="76084" collisions="228" teleports="228" halting="0" stopped="0" meanWaitingTime="794.65" meanTravelTime="448.94" meanSpeed="22.87" meanSpeedRelative="0.71" duration="1"/>
    <step time="65700.00" loaded="77041" inserted="76409" running="150" waiting="632" ended="76259" arrived="76259" collisions="228" teleports="228" halting="0" stopped="0" meanWaitingTime="801.48" meanTravelTime="448.48" meanSpeed="22.74" meanSpeedRelative="0.71" duration="1"/>
    <step time="66000.00" loaded="77089" inserted="76562" running="122" waiting="527" ended="76440" arrived="76440" collisions="228" teleports="228" halting="0" stopped="0" meanWaitingTime="806.75" meanTravelTime="448.02" meanSpeed="22.44" meanSpeedRelative="0.70" duration="2"/>
    <step time="66300.00" loaded="77140" inserted="76673" running="54" waiting="467" ended="76619" arrived="76619" collisions="228" teleports="228" halting="1" stopped="0" meanWaitingTime="812.01" meanTravelTime="447.57" meanSpeed="22.76" meanSpeedRelative="0.71" duration="1"/>
    <step time="66600.00" loaded="77196" inserted="76795" running="67" waiting="401" ended="76728" arrived="76728" collisions="228" teleports="228" halting="0" stopped="0" meanWaitingTime="817.17" meanTravelTime="447.14" meanSpeed="23.05" meanSpeedRelative="0.72" duration="1"/>
    <step time="66900.00" loaded="77255" inserted="76913" running="68" waiting="342" ended="76845" arrived="76845" collisions="228" teleports="228" halting="0" stopped="0" meanWaitingTime="822.11" meanTravelTime="446.70" meanSpeed="23.11" meanSpeedRelative="0.72" duration="1"/>
    <step time="67200.00" loaded="77324" inserted="77041" running="70" waiting="283" ended="76971" arrived="76971" collisions="228" teleports="228" halting="0" stopped="0" meanWaitingTime="826.92" meanTravelTime="446.24" meanSpeed="24.11" meanSpeedRelative="0.75" duration="1"/>
    <step time="67500.00" loaded="77374" inserted="77151" running="61" waiting="223" ended="77090" arrived="77090" collisions="228" teleports="228" halting="0" stopped="0" meanWaitingTime="831.70" meanTravelTime="445.80" meanSpeed="23.05" meanSpeedRelative="0.72" duration="0"/>
    <step time="67800.00" loaded="77430" inserted="77264" running="73" waiting="166" ended="77191" arrived="77191" collisions="228" teleports="228" halting="1" stopped="0" meanWaitingTime="836.02" meanTravelTime="445.44" meanSpeed="24.23" meanSpeedRelative="0.76" duration="0"/>
    <step time="68100.00" loaded="77469" inserted="77369" running="57" waiting="100" ended="77312" arrived="77312" collisions="228" teleports="228" halting="1" stopped="0" meanWaitingTime="840.58" meanTravelTime="445.01" meanSpeed="24.33" meanSpeedRelative="0.76" duration="0"/>
    <step time="68400.00" loaded="77531" inserted="77491" running="72" waiting="40" ended="77419" arrived="77419" collisions="228" teleports="228" halting="0" stopped="0" meanWaitingTime="842.69" meanTravelTime="444.60" meanSpeed="24.57" meanSpeedRelative="0.77" duration="88"/>
    <step time="68700.00" loaded="77685" inserted="77685" running="133" waiting="0" ended="77552" arrived="77552" collisions="228" teleports="228" halting="1" stopped="0" meanWaitingTime="841.29" meanTravelTime="444.14" meanSpeed="24.20" meanSpeedRelative="0.76" duration="0"/>
    <step time="69000.00" loaded="77831" inserted="77831" running="133" waiting="0" ended="77698" arrived="77698" collisions="228" teleports="228" halting="0" stopped="0" meanWaitingTime="839.72" meanTravelTime="443.71" meanSpeed="26.01" meanSpeedRelative="0.81" duration="0"/>
    <step time="69300.00" loaded="77986" inserted="77986" running="127" waiting="0" ended="77859" arrived="77859" collisions="228" teleports="228" halting="0" stopped="0" meanWaitingTime="838.05" meanTravelTime="443.33" meanSpeed="25.41" meanSpeedRelative="0.79" duration="0"/>
    <step time="69600.00" loaded="78134" inserted="78134" running="130" waiting="0" ended="78004" arrived="78004" collisions="228" teleports="228" halting="0" stopped="0" meanWaitingTime="836.46" meanTravelTime="442.99" meanSpeed="25.90" meanSpeedRelative="0.81" duration="1"/>
    <step time="69900.00" loaded="78295" inserted="78293" running="136" waiting="2" ended="78157" arrived="78157" collisions="229" teleports="229" halting="0" stopped="0" meanWaitingTime="834.76" meanTravelTime="442.65" meanSpeed="25.00" meanSpeedRelative="0.78" duration="0"/>
    <step time="70200.00" loaded="78453" inserted="78453" running="139" waiting="0" ended="78314" arrived="78314" collisions="229" teleports="229" halting="1" stopped="0" meanWaitingTime="833.06" meanTravelTime="442.23" meanSpeed="25.66" meanSpeedRelative="0.80" duration="1"/>
    <step time="70500.00" loaded="78586" inserted="78585" running="122" waiting="1" ended="78463" arrived="78463" collisions="229" teleports="229" halting="0" stopped="0" meanWaitingTime="831.66" meanTravelTime="441.95" meanSpeed="25.20" meanSpeedRelative="0.79" duration="1"/>
    <step time="70800.00" loaded="78733" inserted="78733" running="122" waiting="0" ended="78611" arrived="78611" collisions="229" teleports="229" halting="0" stopped="0" meanWaitingTime="830.10" meanTravelTime="441.60" meanSpeed="26.24" meanSpeedRelative="0.82" duration="1"/>
    <step time="71100.00" loaded="78879" inserted="78879" running="122" waiting="0" ended="78757" arrived="78757" collisions="229" teleports="229" halting="1" stopped="0" meanWaitingTime="828.56" meanTravelTime="441.23" meanSpeed="25.77" meanSpeedRelative="0.81" duration="1"/>
    <step time="71400.00" loaded="79043" inserted="79042" running="134" waiting="1" ended="78908" arrived="78908" collisions="229" teleports="229" halting="1" stopped="0" meanWaitingTime="826.86" meanTravelTime="440.85" meanSpeed="24.84" meanSpeedRelative="0.78" duration="1"/>
    <step time="71700.00" loaded="79202" inserted="79202" running="135" waiting="0" ended="79067" arrived="79067" collisions="229" teleports="229" halting="0" stopped="0" meanWaitingTime="825.19" meanTravelTime="440.49" meanSpeed="25.89" meanSpeedRelative="0.81" duration="1"/>
    <step time="72000.00" loaded="79360" inserted="79360" running="134" waiting="0" ended="79226" arrived="79226" collisions="229" teleports="229" halting="1" stopped="0" meanWaitingTime="823.54" meanTravelTime="440.10" meanSpeed="26.33" meanSpeedRelative="0.82" duration="82"/>
    <step time="72300.00" loaded="79496" inserted="79496" running="120" waiting="0" ended="79376" arrived="79376" collisions="229" teleports="229" halting="0" stopped="0" meanWaitingTime="822.14" meanTravelTime="439.77" meanSpeed="26.17" meanSpeedRelative="0.82" duration="1"/>
    <step time="72600.00" loaded="79618" inserted="79618" running="116" waiting="0" ended="79502" arrived="79502" collisions="229" teleports="229" halting="0" stopped="0" meanWaitingTime="820.88" meanTravelTime="439.52" meanSpeed="26.01" meanSpeedRelative="0.81" duration="1"/>
    <step time="72900.00" loaded="79740" inserted="79740" running="105" waiting="0" ended="79635" arrived="79635" collisions="229" teleports="229" halting="1" stopped="0" meanWaitingTime="819.62" meanTravelTime="439.20" meanSpeed="25.07" meanSpeedRelative="0.78" duration="1"/>
    <step time="73200.00" loaded="79892" inserted="79892" running="129" waiting="0" ended="79763" arrived="79763" collisions="229" teleports="229" halting="0" stopped="0" meanWaitingTime="818.06" meanTravelTime="438.93" meanSpeed="24.56" meanSpeedRelative="0.77" duration="1"/>
    <step time="73500.00" loaded="80046" inserted="80046" running="138" waiting="0" ended="79908" arrived="79908" collisions="229" teleports="229" halting="2" stopped="0" meanWaitingTime="816.49" meanTravelTime="438.56" meanSpeed="24.92" meanSpeedRelative="0.78" duration="0"/>
    <step time="73800.00" loaded="80163" inserted="80163" running="116" waiting="0" ended="80047" arrived="80047" collisions="229" teleports="229" halting="1" stopped="0" meanWaitingTime="815.30" meanTravelTime="438.30" meanSpeed="25.56" meanSpeedRelative="0.80" duration="0"/>
    <step time="74100.00" loaded="80298" inserted="80298" running="117" waiting="0" ended="80181" arrived="80181" collisions="229" teleports="229" halting="0" stopped="0" meanWaitingTime="813.93" meanTravelTime="438.05" meanSpeed="26.25" meanSpeedRelative="0.82" duration="1"/>
    <step time="74400.00" loaded="80426" inserted="80425" running="116" waiting="1" ended="80309" arrived="80309" collisions="229" teleports="229" halting="0" stopped="0" meanWaitingTime="812.64" meanTravelTime="437.81" meanSpeed="25.96" meanSpeedRelative="0.81" duration="0"/>
    <step time="74700.00" loaded="80553" inserted="80552" running="121" waiting="1" ended="80431" arrived="80431" collisions="229" teleports="229" halting="1" stopped="0" meanWaitingTime="811.36" meanTravelTime="437.57" meanSpeed="26.13" meanSpeedRelative="0.82" duration="1"/>
    <step time="75000.00" loaded="80685" inserted="80685" running="126" waiting="0" ended="80559" arrived="80559" collisions="229" teleports="229" halting="0" stopped="0" meanWaitingTime="810.03" meanTravelTime="437.29" meanSpeed="25.86" meanSpeedRelative="0.81" duration="1"/>
    <step time="75300.00" loaded="80820" inserted="80819" running="126" waiting="1" ended="80693" arrived="80693" collisions="229" teleports="229" halting="2" stopped="0" meanWaitingTime="808.68" meanTravelTime="437.02" meanSpeed="25.67" meanSpeedRelative="0.80" duration="1"/>
    <step time="75600.00" loaded="80960" inserted="80960" running="136" waiting="0" ended="80824" arrived="80824" collisions="230" teleports="230" halting="0" stopped="0" meanWaitingTime="807.28" meanTravelTime="436.77" meanSpeed="25.87" meanSpeedRelative="0.81" duration="83"/>
    <step time="75900.00" loaded="81199" inserted="81199" running="198" waiting="0" ended="81001" arrived="81001" collisions="230" teleports="230" halting="3" stopped="0" meanWaitingTime="804.90" meanTravelTime="436.36" meanSpeed="24.28" meanSpeedRelative="0.76" duration="1"/>
    <step time="76200.00" loaded="81410" inserted="81410" running="194" waiting="0" ended="81216" arrived="81216" collisions="230" teleports="230" halting="1" stopped="0" meanWaitingTime="802.82" meanTravelTime="435.90" meanSpeed="24.91" meanSpeedRelative="0.78" duration="1"/>
    <step time="76500.00" loaded="81604" inserted="81604" running="177" waiting="0" ended="81427" arrived="81427" collisions="230" teleports="230" halting="4" stopped="0" meanWaitingTime="800.91" meanTravelTime="435.47" meanSpeed="24.92" meanSpeedRelative="0.78" duration="2"/>
    <step time="76800.00" loaded="81832" inserted="81832" running="214" waiting="0" ended="81618" arrived="81618" collisions="230" teleports="230" halting="0" stopped="0" meanWaitingTime="798.68" meanTravelTime="435.14" meanSpeed="24.82" meanSpeedRelative="0.78" duration="2"/>
    <step time="77100.00" loaded="82048" inserted="82048" running="205" waiting="0" ended="81843" arrived="81843" collisions="230" teleports="230" halting="1" stopped="0" meanWaitingTime="796.58" meanTravelTime="434.69" meanSpeed="24.80" meanSpeedRelative="0.77" duration="1"/>
    <step time="77400.00" loaded="82264" inserted="82263" running="207" waiting="1" ended="82056" arrived="82056" collisions="231" teleports="231" halting="1" stopped="0" meanWaitingTime="794.50" meanTravelTime="434.27" meanSpeed="25.51" meanSpeedRelative="0.80" duration="1"/>
    <step time="77700.00" loaded="82458" inserted="82458" running="189" waiting="0" ended="82269" arrived="82269" collisions="232" teleports="232" halting="0" stopped="0" meanWaitingTime="792.62" meanTravelTime="433.83" meanSpeed="25.34" meanSpeedRelative="0.79" duration="1"/>
    <step time="78000.00" loaded="82667" inserted="82667" running="191" waiting="0" ended="82476" arrived="82476" collisions="232" teleports="232" halting="2" stopped="0" meanWaitingTime="790.62" meanTravelTime="433.45" meanSpeed="25.76" meanSpeedRelative="0.80" duration="2"/>
    <step time="78300.00" loaded="82858" inserted="82857" running="178" waiting="1" ended="82679" arrived="82679" collisions="232" teleports="232" halting="0" stopped="0" meanWaitingTime="788.81" meanTravelTime="433.12" meanSpeed="25.51" meanSpeedRelative="0.80" duration="1"/>
    <step time="78600.00" loaded="83077" inserted="83077" running="195" waiting="0" ended="82882" arrived="82882" collisions="232" teleports="232" halting="1" stopped="0" meanWaitingTime="786.72" meanTravelTime="432.73" meanSpeed="25.46" meanSpeedRelative="0.80" duration="1"/>
    <step time="78900.00" loaded="83274" inserted="83274" running="193" waiting="0" ended="83081" arrived="83081" collisions="233" teleports="233" halting="1" stopped="0" meanWaitingTime="784.86" meanTravelTime="432.41" meanSpeed="25.14" meanSpeedRelative="0.79" duration="2"/>
    <step time="79200.00" loaded="83470" inserted="83470" running="194" waiting="0" ended="83276" arrived="83276" collisions="234" teleports="234" halting="0" stopped="0" meanWaitingTime="783.02" meanTravelTime="432.04" meanSpeed="24.29" meanSpeedRelative="0.76" duration="83"/>
    <step time="79500.00" loaded="83648" inserted="83648" running="157" waiting="0" ended="83491" arrived="83491" collisions="234" teleports="234" halting="0" stopped="0" meanWaitingTime="781.35" meanTravelTime="431.66" meanSpeed="25.88" meanSpeedRelative="0.81" duration="0"/>
    <step time="79800.00" loaded="83816" inserted="83816" running="152" waiting="0" ended="83664" arrived="83664" collisions="234" teleports="234" halting="0" stopped="0" meanWaitingTime="779.79" meanTravelTime="431.36" meanSpeed="24.68" meanSpeedRelative="0.77" duration="1"/>
    <step time="80100.00" loaded="83997" inserted="83997" running="173" waiting="0" ended="83824" arrived="83824" collisions="235" teleports="235" halting="0" stopped="0" meanWaitingTime="778.11" meanTravelTime="431.06" meanSpeed="25.59" meanSpeedRelative="0.80" duration="1"/>
    <step time="80400.00" loaded="84163" inserted="84163" running="150" waiting="0" ended="84013" arrived="84013" collisions="236" teleports="236" halting="0" stopped="0" meanWaitingTime="776.57" meanTravelTime="430.71" meanSpeed="25.87" meanSpeedRelative="0.81" duration="1"/>
    <step time="80700.00" loaded="84342" inserted="84342" running="144" waiting="0" ended="84198" arrived="84198" collisions="236" teleports="236" halting="0" stopped="0" meanWaitingTime="774.93" meanTravelTime="430.42" meanSpeed="25.56" meanSpeedRelative="0.80" duration="1"/>
    <step time="81000.00" loaded="84514" inserted="84514" running="154" waiting="0" ended="84360" arrived="84360" collisions="237" teleports="237" halting="0" stopped="0" meanWaitingTime="773.35" meanTravelTime="430.13" meanSpeed="24.28" meanSpeedRelative="0.76" duration="1"/>
    <step time="81300.00" loaded="84671" inserted="84671" running="137" waiting="0" ended="84534" arrived="84534" collisions="237" teleports="237" halting="2" stopped="0" meanWaitingTime="771.92" meanTravelTime="429.81" meanSpeed="24.92" meanSpeedRelative="0.78" duration="1"/>
    <step time="81600.00" loaded="84845" inserted="84845" running="139" waiting="0" ended="84706" arrived="84706" collisions="237" teleports="237" halting="0" stopped="0" meanWaitingTime="770.33" meanTravelTime="429.42" meanSpeed="25.49" meanSpeedRelative="0.80" duration="1"/>
    <step time="81900.00" loaded="85032" inserted="85032" running="154" waiting="0" ended="84878" arrived="84878" collisions="238" teleports="238" halting="1" stopped="0" meanWaitingTime="768.64" meanTravelTime="429.06" meanSpeed="25.30" meanSpeedRelative="0.79" duration="1"/>
    <step time="82200.00" loaded="85230" inserted="85229" running="179" waiting="1" ended="85050" arrived="85050" collisions="238" teleports="238" halting="1" stopped="0" meanWaitingTime="766.87" meanTravelTime="428.72" meanSpeed="24.64" meanSpeedRelative="0.77" duration="1"/>
    <step time="82500.00" loaded="85415" inserted="85415" running="180" waiting="0" ended="85235" arrived="85235" collisions="239" teleports="239" halting="0" stopped="0" meanWaitingTime="765.20" meanTravelTime="428.34" meanSpeed="24.87" meanSpeedRelative="0.78" duration="1"/>
</summary>
