<?xml version="1.0" encoding="UTF-8"?>

<!-- generated on 2025-08-07 14:53:47 by Eclipse SUMO sumo Version 1.23.1
<sumoConfiguration xmlns:xsi="http://www.w3.org/2001/XMLSchema-instance" xsi:noNamespaceSchemaLocation="http://sumo.dlr.de/xsd/sumoConfiguration.xsd">

    <input>
        <net-file value="Desktop\Master Thesis\Network_fin.net.xml"/>
        <route-files value="Desktop\Master Thesis\demand_model_amsterdam.rou.xml"/>
        <additional-files value="Desktop\Master Thesis\Additionnal.add.xml"/>
    </input>

    <output>
        <summary-output value="outputf/summary_no_control_K16_target5_56618.xml"/>
        <summary-output.period value="300"/>
        <tripinfo-output value="outputf/tripinfo_no_control_K16_target5_56618.xml"/>
    </output>

    <time>
        <begin value="0"/>
        <end value="82800"/>
        <step-length value="1"/>
    </time>

    <processing>
        <time-to-teleport value="-1"/>
    </processing>

    <report>
        <verbose value="true"/>
        <no-step-log value="true"/>
    </report>

    <emissions>
        <device.emissions.period value="10"/>
    </emissions>

    <traci_server>
        <remote-port value="63669"/>
    </traci_server>

    <random_number>
        <seed value="56618"/>
    </random_number>

</sumoConfiguration>
-->

<summary xmlns:xsi="http://www.w3.org/2001/XMLSchema-instance" xsi:noNamespaceSchemaLocation="http://sumo.dlr.de/xsd/summary_file.xsd">
    <step time="0.00" loaded="0" inserted="0" running="0" waiting="0" ended="0" arrived="0" collisions="0" teleports="0" halting="0" stopped="0" meanWaitingTime="-1.00" meanTravelTime="-1.00" meanSpeed="-1.00" meanSpeedRelative="-1.00" duration="0"/>
    <step time="300.00" loaded="174" inserted="174" running="105" waiting="0" ended="69" arrived="69" collisions="0" teleports="0" halting="1" stopped="0" meanWaitingTime="0.36" meanTravelTime="97.19" meanSpeed="26.25" meanSpeedRelative="0.82" duration="0"/>
    <step time="600.00" loaded="365" inserted="364" running="134" waiting="1" ended="230" arrived="230" collisions="0" teleports="0" halting="0" stopped="0" meanWaitingTime="0.50" meanTravelTime="151.33" meanSpeed="24.35" meanSpeedRelative="0.76" duration="2"/>
    <step time="900.00" loaded="541" inserted="541" running="149" waiting="0" ended="392" arrived="392" collisions="0" teleports="0" halting="1" stopped="0" meanWaitingTime="0.43" meanTravelTime="185.07" meanSpeed="25.61" meanSpeedRelative="0.80" duration="1"/>
    <step time="1200.00" loaded="715" inserted="715" running="146" waiting="0" ended="569" arrived="569" collisions="0" teleports="0" halting="0" stopped="0" meanWaitingTime="0.43" meanTravelTime="206.73" meanSpeed="25.52" meanSpeedRelative="0.80" duration="0"/>
    <step time="1500.00" loaded="889" inserted="889" running="141" waiting="0" ended="748" arrived="748" collisions="0" teleports="0" halting="0" stopped="0" meanWaitingTime="0.44" meanTravelTime="215.64" meanSpeed="25.48" meanSpeedRelative="0.80" duration="1"/>
    <step time="1800.00" loaded="1072" inserted="1071" running="154" waiting="1" ended="917" arrived="917" collisions="0" teleports="0" halting="2" stopped="0" meanWaitingTime="0.42" meanTravelTime="222.46" meanSpeed="25.94" meanSpeedRelative="0.81" duration="1"/>
    <step time="2100.00" loaded="1257" inserted="1257" running="170" waiting="0" ended="1087" arrived="1087" collisions="0" teleports="0" halting="0" stopped="0" meanWaitingTime="0.42" meanTravelTime="224.61" meanSpeed="24.71" meanSpeedRelative="0.77" duration="1"/>
    <step time="2400.00" loaded="1446" inserted="1446" running="175" waiting="0" ended="1271" arrived="1271" collisions="1" teleports="1" halting="2" stopped="0" meanWaitingTime="0.42" meanTravelTime="230.43" meanSpeed="25.33" meanSpeedRelative="0.79" duration="1"/>
    <step time="2700.00" loaded="1617" inserted="1616" running="159" waiting="1" ended="1457" arrived="1457" collisions="1" teleports="1" halting="1" stopped="0" meanWaitingTime="0.44" meanTravelTime="234.98" meanSpeed="25.30" meanSpeedRelative="0.79" duration="1"/>
    <step time="3000.00" loaded="1787" inserted="1787" running="138" waiting="0" ended="1649" arrived="1649" collisions="1" teleports="1" halting="2" stopped="0" meanWaitingTime="0.42" meanTravelTime="239.64" meanSpeed="25.43" meanSpeedRelative="0.79" duration="1"/>
    <step time="3300.00" loaded="1952" inserted="1950" running="160" waiting="2" ended="1790" arrived="1790" collisions="3" teleports="3" halting="1" stopped="0" meanWaitingTime="0.42" meanTravelTime="239.52" meanSpeed="25.04" meanSpeedRelative="0.78" duration="1"/>
    <step time="3600.00" loaded="2145" inserted="2145" running="172" waiting="0" ended="1973" arrived="1973" collisions="3" teleports="3" halting="1" stopped="0" meanWaitingTime="0.41" meanTravelTime="243.89" meanSpeed="25.39" meanSpeedRelative="0.79" duration="84"/>
    <step time="3900.00" loaded="2262" inserted="2262" running="110" waiting="0" ended="2152" arrived="2152" collisions="3" teleports="3" halting="1" stopped="0" meanWaitingTime="0.41" meanTravelTime="249.02" meanSpeed="24.97" meanSpeedRelative="0.78" duration="0"/>
    <step time="4200.00" loaded="2367" inserted="2367" running="98" waiting="0" ended="2269" arrived="2269" collisions="3" teleports="3" halting="0" stopped="0" meanWaitingTime="0.41" meanTravelTime="251.31" meanSpeed="25.70" meanSpeedRelative="0.80" duration="1"/>
    <step time="4500.00" loaded="2479" inserted="2479" running="88" waiting="0" ended="2391" arrived="2391" collisions="3" teleports="3" halting="1" stopped="0" meanWaitingTime="0.40" meanTravelTime="251.98" meanSpeed="24.34" meanSpeedRelative="0.76" duration="0"/>
    <step time="4800.00" loaded="2576" inserted="2576" running="85" waiting="0" ended="2491" arrived="2491" collisions="3" teleports="3" halting="0" stopped="0" meanWaitingTime="0.39" meanTravelTime="252.60" meanSpeed="25.98" meanSpeedRelative="0.81" duration="1"/>
    <step time="5100.00" loaded="2689" inserted="2689" running="88" waiting="0" ended="2601" arrived="2601" collisions="3" teleports="3" halting="0" stopped="0" meanWaitingTime="0.39" meanTravelTime="252.11" meanSpeed="25.66" meanSpeedRelative="0.80" duration="1"/>
    <step time="5400.00" loaded="2789" inserted="2789" running="84" waiting="0" ended="2705" arrived="2705" collisions="3" teleports="3" halting="0" stopped="0" meanWaitingTime="0.38" meanTravelTime="252.14" meanSpeed="26.70" meanSpeedRelative="0.83" duration="1"/>
    <step time="5700.00" loaded="2898" inserted="2898" running="96" waiting="0" ended="2802" arrived="2802" collisions="3" teleports="3" halting="1" stopped="0" meanWaitingTime="0.37" meanTravelTime="251.60" meanSpeed="26.36" meanSpeedRelative="0.82" duration="0"/>
    <step time="6000.00" loaded="2981" inserted="2981" running="72" waiting="0" ended="2909" arrived="2909" collisions="3" teleports="3" halting="0" stopped="0" meanWaitingTime="0.37" meanTravelTime="252.08" meanSpeed="26.26" meanSpeedRelative="0.82" duration="1"/>
    <step time="6300.00" loaded="3098" inserted="3098" running="85" waiting="0" ended="3013" arrived="3013" collisions="3" teleports="3" halting="1" stopped="0" meanWaitingTime="0.37" meanTravelTime="252.27" meanSpeed="25.66" meanSpeedRelative="0.80" duration="0"/>
    <step time="6600.00" loaded="3225" inserted="3225" running="108" waiting="0" ended="3117" arrived="3117" collisions="3" teleports="3" halting="0" stopped="0" meanWaitingTime="0.38" meanTravelTime="251.38" meanSpeed="24.82" meanSpeedRelative="0.78" duration="1"/>
    <step time="6900.00" loaded="3322" inserted="3322" running="97" waiting="0" ended="3225" arrived="3225" collisions="3" teleports="3" halting="0" stopped="0" meanWaitingTime="0.37" meanTravelTime="252.21" meanSpeed="25.98" meanSpeedRelative="0.81" duration="0"/>
    <step time="7200.00" loaded="3433" inserted="3433" running="83" waiting="0" ended="3350" arrived="3350" collisions="3" teleports="3" halting="1" stopped="0" meanWaitingTime="0.36" meanTravelTime="252.68" meanSpeed="24.40" meanSpeedRelative="0.76" duration="84"/>
    <step time="7500.00" loaded="3588" inserted="3587" running="108" waiting="1" ended="3479" arrived="3479" collisions="4" teleports="4" halting="1" stopped="0" meanWaitingTime="0.38" meanTravelTime="251.46" meanSpeed="24.84" meanSpeedRelative="0.78" duration="1"/>
    <step time="7800.00" loaded="3725" inserted="3725" running="121" waiting="0" ended="3604" arrived="3604" collisions="4" teleports="4" halting="0" stopped="0" meanWaitingTime="0.38" meanTravelTime="250.80" meanSpeed="24.13" meanSpeedRelative="0.75" duration="1"/>
    <step time="8100.00" loaded="3890" inserted="3890" running="140" waiting="0" ended="3750" arrived="3750" collisions="4" teleports="4" halting="1" stopped="0" meanWaitingTime="0.38" meanTravelTime="250.35" meanSpeed="24.66" meanSpeedRelative="0.77" duration="1"/>
    <step time="8400.00" loaded="4039" inserted="4039" running="133" waiting="0" ended="3906" arrived="3906" collisions="4" teleports="4" halting="1" stopped="0" meanWaitingTime="0.38" meanTravelTime="251.11" meanSpeed="25.85" meanSpeedRelative="0.81" duration="1"/>
    <step time="8700.00" loaded="4186" inserted="4186" running="123" waiting="0" ended="4063" arrived="4063" collisions="4" teleports="4" halting="0" stopped="0" meanWaitingTime="0.38" meanTravelTime="251.31" meanSpeed="26.18" meanSpeedRelative="0.82" duration="1"/>
    <step time="9000.00" loaded="4339" inserted="4339" running="127" waiting="0" ended="4212" arrived="4212" collisions="4" teleports="4" halting="0" stopped="0" meanWaitingTime="0.38" meanTravelTime="251.27" meanSpeed="25.49" meanSpeedRelative="0.80" duration="1"/>
    <step time="9300.00" loaded="4499" inserted="4496" running="133" waiting="3" ended="4363" arrived="4363" collisions="4" teleports="4" halting="0" stopped="0" meanWaitingTime="0.38" meanTravelTime="251.74" meanSpeed="25.05" meanSpeedRelative="0.78" duration="1"/>
    <step time="9600.00" loaded="4644" inserted="4644" running="118" waiting="0" ended="4526" arrived="4526" collisions="4" teleports="4" halting="2" stopped="0" meanWaitingTime="0.38" meanTravelTime="252.76" meanSpeed="25.41" meanSpeedRelative="0.79" duration="0"/>
    <step time="9900.00" loaded="4807" inserted="4807" running="125" waiting="0" ended="4682" arrived="4682" collisions="4" teleports="4" halting="0" stopped="0" meanWaitingTime="0.38" meanTravelTime="252.28" meanSpeed="25.32" meanSpeedRelative="0.79" duration="0"/>
    <step time="10200.00" loaded="4963" inserted="4961" running="140" waiting="2" ended="4821" arrived="4821" collisions="4" teleports="4" halting="0" stopped="0" meanWaitingTime="0.38" meanTravelTime="252.47" meanSpeed="24.77" meanSpeedRelative="0.77" duration="0"/>
    <step time="10500.00" loaded="5119" inserted="5118" running="128" waiting="1" ended="4990" arrived="4990" collisions="4" teleports="4" halting="1" stopped="0" meanWaitingTime="0.38" meanTravelTime="252.34" meanSpeed="25.31" meanSpeedRelative="0.79" duration="1"/>
    <step time="10800.00" loaded="5275" inserted="5275" running="128" waiting="0" ended="5147" arrived="5147" collisions="4" teleports="4" halting="0" stopped="0" meanWaitingTime="0.38" meanTravelTime="252.40" meanSpeed="26.06" meanSpeedRelative="0.81" duration="86"/>
    <step time="11100.00" loaded="5432" inserted="5432" running="117" waiting="0" ended="5315" arrived="5315" collisions="4" teleports="4" halting="1" stopped="0" meanWaitingTime="0.38" meanTravelTime="252.41" meanSpeed="24.36" meanSpeedRelative="0.76" duration="0"/>
    <step time="11400.00" loaded="5578" inserted="5577" running="114" waiting="1" ended="5463" arrived="5463" collisions="5" teleports="5" halting="0" stopped="0" meanWaitingTime="0.38" meanTravelTime="251.18" meanSpeed="25.60" meanSpeedRelative="0.80" duration="0"/>
    <step time="11700.00" loaded="5735" inserted="5735" running="119" waiting="0" ended="5616" arrived="5616" collisions="5" teleports="5" halting="1" stopped="0" meanWaitingTime="0.39" meanTravelTime="250.32" meanSpeed="25.87" meanSpeedRelative="0.81" duration="0"/>
    <step time="12000.00" loaded="5905" inserted="5905" running="129" waiting="0" ended="5776" arrived="5776" collisions="5" teleports="5" halting="1" stopped="0" meanWaitingTime="0.40" meanTravelTime="249.16" meanSpeed="24.65" meanSpeedRelative="0.77" duration="1"/>
    <step time="12300.00" loaded="6058" inserted="6058" running="131" waiting="0" ended="5927" arrived="5927" collisions="5" teleports="5" halting="0" stopped="0" meanWaitingTime="0.40" meanTravelTime="248.22" meanSpeed="26.09" meanSpeedRelative="0.82" duration="0"/>
    <step time="12600.00" loaded="6216" inserted="6216" running="113" waiting="0" ended="6103" arrived="6103" collisions="6" teleports="6" halting="0" stopped="0" meanWaitingTime="0.40" meanTravelTime="247.99" meanSpeed="24.33" meanSpeedRelative="0.76" duration="1"/>
    <step time="12900.00" loaded="6378" inserted="6378" running="138" waiting="0" ended="6240" arrived="6240" collisions="6" teleports="6" halting="1" stopped="0" meanWaitingTime="0.40" meanTravelTime="248.02" meanSpeed="25.63" meanSpeedRelative="0.80" duration="1"/>
    <step time="13200.00" loaded="6546" inserted="6546" running="138" waiting="0" ended="6408" arrived="6408" collisions="6" teleports="6" halting="1" stopped="0" meanWaitingTime="0.41" meanTravelTime="247.86" meanSpeed="25.69" meanSpeedRelative="0.80" duration="0"/>
    <step time="13500.00" loaded="6695" inserted="6695" running="116" waiting="0" ended="6579" arrived="6579" collisions="6" teleports="6" halting="0" stopped="0" meanWaitingTime="0.41" meanTravelTime="247.27" meanSpeed="25.47" meanSpeedRelative="0.80" duration="1"/>
    <step time="13800.00" loaded="6864" inserted="6864" running="133" waiting="0" ended="6731" arrived="6731" collisions="6" teleports="6" halting="0" stopped="0" meanWaitingTime="0.41" meanTravelTime="247.39" meanSpeed="25.24" meanSpeedRelative="0.79" duration="0"/>
    <step time="14100.00" loaded="7008" inserted="7008" running="119" waiting="0" ended="6889" arrived="6889" collisions="6" teleports="6" halting="1" stopped="0" meanWaitingTime="0.41" meanTravelTime="247.19" meanSpeed="24.36" meanSpeedRelative="0.76" duration="1"/>
    <step time="14400.00" loaded="7158" inserted="7158" running="118" waiting="0" ended="7040" arrived="7040" collisions="6" teleports="6" halting="1" stopped="0" meanWaitingTime="0.41" meanTravelTime="247.58" meanSpeed="25.47" meanSpeedRelative="0.80" duration="85"/>
    <step time="14700.00" loaded="7259" inserted="7258" running="90" waiting="1" ended="7168" arrived="7168" collisions="6" teleports="6" halting="0" stopped="0" meanWaitingTime="0.41" meanTravelTime="247.12" meanSpeed="25.56" meanSpeedRelative="0.80" duration="1"/>
    <step time="15000.00" loaded="7343" inserted="7343" running="65" waiting="0" ended="7278" arrived="7278" collisions="6" teleports="6" halting="0" stopped="0" meanWaitingTime="0.40" meanTravelTime="247.73" meanSpeed="26.35" meanSpeedRelative="0.82" duration="0"/>
    <step time="15300.00" loaded="7445" inserted="7445" running="66" waiting="0" ended="7379" arrived="7379" collisions="6" teleports="6" halting="0" stopped="0" meanWaitingTime="0.40" meanTravelTime="247.83" meanSpeed="24.74" meanSpeedRelative="0.77" duration="1"/>
    <step time="15600.00" loaded="7550" inserted="7550" running="79" waiting="0" ended="7471" arrived="7471" collisions="7" teleports="7" halting="1" stopped="0" meanWaitingTime="0.40" meanTravelTime="247.17" meanSpeed="25.02" meanSpeedRelative="0.78" duration="0"/>
    <step time="15900.00" loaded="7640" inserted="7640" running="58" waiting="0" ended="7582" arrived="7582" collisions="7" teleports="7" halting="0" stopped="0" meanWaitingTime="0.40" meanTravelTime="246.68" meanSpeed="26.25" meanSpeedRelative="0.82" duration="0"/>
    <step time="16200.00" loaded="7752" inserted="7752" running="81" waiting="0" ended="7671" arrived="7671" collisions="7" teleports="7" halting="0" stopped="0" meanWaitingTime="0.39" meanTravelTime="246.10" meanSpeed="26.59" meanSpeedRelative="0.83" duration="1"/>
    <step time="16500.00" loaded="7852" inserted="7852" running="71" waiting="0" ended="7781" arrived="7781" collisions="7" teleports="7" halting="0" stopped="0" meanWaitingTime="0.39" meanTravelTime="245.91" meanSpeed="26.79" meanSpeedRelative="0.84" duration="0"/>
    <step time="16800.00" loaded="7946" inserted="7946" running="65" waiting="0" ended="7881" arrived="7881" collisions="7" teleports="7" halting="0" stopped="0" meanWaitingTime="0.39" meanTravelTime="245.50" meanSpeed="25.79" meanSpeedRelative="0.81" duration="1"/>
    <step time="17100.00" loaded="8037" inserted="8037" running="73" waiting="0" ended="7964" arrived="7964" collisions="7" teleports="7" halting="0" stopped="0" meanWaitingTime="0.39" meanTravelTime="245.06" meanSpeed="26.79" meanSpeedRelative="0.84" duration="0"/>
    <step time="17400.00" loaded="8143" inserted="8143" running="74" waiting="0" ended="8069" arrived="8069" collisions="7" teleports="7" halting="0" stopped="0" meanWaitingTime="0.38" meanTravelTime="244.72" meanSpeed="26.14" meanSpeedRelative="0.82" duration="0"/>
    <step time="17700.00" loaded="8246" inserted="8246" running="82" waiting="0" ended="8164" arrived="8164" collisions="7" teleports="7" halting="0" stopped="0" meanWaitingTime="0.38" meanTravelTime="244.25" meanSpeed="25.66" meanSpeedRelative="0.80" duration="0"/>
    <step time="18000.00" loaded="8349" inserted="8349" running="67" waiting="0" ended="8282" arrived="8282" collisions="8" teleports="8" halting="0" stopped="0" meanWaitingTime="0.38" meanTravelTime="243.95" meanSpeed="25.95" meanSpeedRelative="0.81" duration="79"/>
    <step time="18300.00" loaded="8554" inserted="8554" running="144" waiting="0" ended="8410" arrived="8410" collisions="9" teleports="9" halting="0" stopped="0" meanWaitingTime="0.39" meanTravelTime="242.98" meanSpeed="25.17" meanSpeedRelative="0.79" duration="1"/>
    <step time="18600.00" loaded="8754" inserted="8754" running="159" waiting="0" ended="8595" arrived="8595" collisions="9" teleports="9" halting="0" stopped="0" meanWaitingTime="0.39" meanTravelTime="242.12" meanSpeed="24.69" meanSpeedRelative="0.77" duration="1"/>
    <step time="18900.00" loaded="8935" inserted="8935" running="149" waiting="0" ended="8786" arrived="8786" collisions="9" teleports="9" halting="0" stopped="0" meanWaitingTime="0.40" meanTravelTime="242.26" meanSpeed="24.83" meanSpeedRelative="0.78" duration="1"/>
    <step time="19200.00" loaded="9113" inserted="9113" running="142" waiting="0" ended="8971" arrived="8971" collisions="9" teleports="9" halting="0" stopped="0" meanWaitingTime="0.40" meanTravelTime="242.56" meanSpeed="25.38" meanSpeedRelative="0.79" duration="1"/>
    <step time="19500.00" loaded="9297" inserted="9297" running="142" waiting="0" ended="9155" arrived="9155" collisions="10" teleports="10" halting="0" stopped="0" meanWaitingTime="0.41" meanTravelTime="242.45" meanSpeed="25.37" meanSpeedRelative="0.79" duration="1"/>
    <step time="19800.00" loaded="9498" inserted="9498" running="144" waiting="0" ended="9354" arrived="9354" collisions="10" teleports="10" halting="1" stopped="0" meanWaitingTime="0.41" meanTravelTime="242.44" meanSpeed="25.67" meanSpeedRelative="0.80" duration="1"/>
    <step time="20100.00" loaded="9687" inserted="9687" running="157" waiting="0" ended="9530" arrived="9530" collisions="12" teleports="12" halting="1" stopped="0" meanWaitingTime="0.41" meanTravelTime="241.94" meanSpeed="25.52" meanSpeedRelative="0.80" duration="1"/>
    <step time="20400.00" loaded="9881" inserted="9880" running="150" waiting="1" ended="9730" arrived="9730" collisions="12" teleports="12" halting="0" stopped="0" meanWaitingTime="0.41" meanTravelTime="242.01" meanSpeed="24.07" meanSpeedRelative="0.75" duration="1"/>
    <step time="20700.00" loaded="10075" inserted="10075" running="149" waiting="0" ended="9926" arrived="9926" collisions="12" teleports="12" halting="0" stopped="0" meanWaitingTime="0.42" meanTravelTime="241.56" meanSpeed="25.28" meanSpeedRelative="0.79" duration="1"/>
    <step time="21000.00" loaded="10266" inserted="10266" running="170" waiting="0" ended="10096" arrived="10096" collisions="12" teleports="12" halting="0" stopped="0" meanWaitingTime="0.42" meanTravelTime="241.37" meanSpeed="25.80" meanSpeedRelative="0.81" duration="1"/>
    <step time="21300.00" loaded="10462" inserted="10462" running="159" waiting="0" ended="10303" arrived="10303" collisions="12" teleports="12" halting="1" stopped="0" meanWaitingTime="0.42" meanTravelTime="241.63" meanSpeed="25.16" meanSpeedRelative="0.79" duration="2"/>
    <step time="21600.00" loaded="10654" inserted="10654" running="150" waiting="0" ended="10504" arrived="10504" collisions="12" teleports="12" halting="0" stopped="0" meanWaitingTime="0.42" meanTravelTime="241.54" meanSpeed="25.48" meanSpeedRelative="0.80" duration="78"/>
    <step time="21900.00" loaded="11136" inserted="11089" running="334" waiting="47" ended="10755" arrived="10755" collisions="12" teleports="12" halting="1" stopped="0" meanWaitingTime="0.72" meanTravelTime="240.87" meanSpeed="21.58" meanSpeedRelative="0.67" duration="2"/>
    <step time="22200.00" loaded="11637" inserted="11538" running="442" waiting="99" ended="11096" arrived="11096" collisions="13" teleports="13" halting="2" stopped="0" meanWaitingTime="2.04" meanTravelTime="240.67" meanSpeed="20.97" meanSpeedRelative="0.66" duration="2"/>
    <step time="22500.00" loaded="12109" inserted="11981" running="489" waiting="128" ended="11492" arrived="11492" collisions="13" teleports="13" halting="3" stopped="0" meanWaitingTime="4.59" meanTravelTime="243.03" meanSpeed="19.32" meanSpeedRelative="0.60" duration="3"/>
    <step time="22800.00" loaded="12575" inserted="12415" running="480" waiting="160" ended="11935" arrived="11935" collisions="16" teleports="16" halting="2" stopped="0" meanWaitingTime="7.60" meanTravelTime="245.89" meanSpeed="20.40" meanSpeedRelative="0.64" duration="5"/>
    <step time="23100.00" loaded="13083" inserted="12881" running="515" waiting="202" ended="12366" arrived="12366" collisions="17" teleports="17" halting="1" stopped="0" meanWaitingTime="11.01" meanTravelTime="248.48" meanSpeed="20.07" meanSpeedRelative="0.63" duration="2"/>
    <step time="23400.00" loaded="13537" inserted="13274" running="498" waiting="263" ended="12776" arrived="12776" collisions="19" teleports="19" halting="0" stopped="0" meanWaitingTime="14.60" meanTravelTime="251.92" meanSpeed="19.69" meanSpeedRelative="0.62" duration="3"/>
    <step time="23700.00" loaded="14025" inserted="13704" running="501" waiting="321" ended="13203" arrived="13203" collisions="19" teleports="19" halting="2" stopped="0" meanWaitingTime="19.13" meanTravelTime="255.69" meanSpeed="19.47" meanSpeedRelative="0.61" duration="4"/>
    <step time="24000.00" loaded="14454" inserted="14110" running="471" waiting="344" ended="13639" arrived="13639" collisions="20" teleports="20" halting="0" stopped="0" meanWaitingTime="24.62" meanTravelTime="258.81" meanSpeed="20.17" meanSpeedRelative="0.63" duration="3"/>
    <step time="24300.00" loaded="14935" inserted="14564" running="484" waiting="371" ended="14080" arrived="14080" collisions="21" teleports="21" halting="1" stopped="0" meanWaitingTime="30.61" meanTravelTime="260.80" meanSpeed="20.57" meanSpeedRelative="0.64" duration="3"/>
    <step time="24600.00" loaded="15396" inserted="15011" running="495" waiting="385" ended="14516" arrived="14516" collisions="22" teleports="22" halting="2" stopped="0" meanWaitingTime="36.79" meanTravelTime="262.31" meanSpeed="20.11" meanSpeedRelative="0.63" duration="3"/>
    <step time="24900.00" loaded="15861" inserted="15445" running="475" waiting="416" ended="14970" arrived="14970" collisions="22" teleports="22" halting="0" stopped="0" meanWaitingTime="42.88" meanTravelTime="264.95" meanSpeed="20.41" meanSpeedRelative="0.64" duration="2"/>
    <step time="25200.00" loaded="16270" inserted="15853" running="462" waiting="417" ended="15391" arrived="15391" collisions="25" teleports="25" halting="2" stopped="0" meanWaitingTime="49.31" meanTravelTime="266.99" meanSpeed="19.96" meanSpeedRelative="0.62" duration="87"/>
    <step time="25500.00" loaded="16809" inserted="16327" running="520" waiting="482" ended="15807" arrived="15807" collisions="27" teleports="27" halting="2" stopped="0" meanWaitingTime="55.28" meanTravelTime="268.74" meanSpeed="19.63" meanSpeedRelative="0.61" duration="4"/>
    <step time="25800.00" loaded="17339" inserted="16781" running="525" waiting="558" ended="16256" arrived="16256" collisions="30" teleports="30" halting="2" stopped="0" meanWaitingTime="61.03" meanTravelTime="270.31" meanSpeed="19.09" meanSpeedRelative="0.60" duration="3"/>
    <step time="26100.00" loaded="17899" inserted="17249" running="538" waiting="650" ended="16711" arrived="16711" collisions="30" teleports="30" halting="2" stopped="0" meanWaitingTime="67.14" meanTravelTime="272.48" meanSpeed="17.69" meanSpeedRelative="0.55" duration="4"/>
    <step time="26400.00" loaded="18464" inserted="17740" running="603" waiting="724" ended="17137" arrived="17137" collisions="31" teleports="31" halting="4" stopped="0" meanWaitingTime="73.29" meanTravelTime="274.21" meanSpeed="17.47" meanSpeedRelative="0.55" duration="5"/>
    <step time="26700.00" loaded="19018" inserted="18217" running="621" waiting="801" ended="17596" arrived="17596" collisions="33" teleports="33" halting="3" stopped="0" meanWaitingTime="80.39" meanTravelTime="277.04" meanSpeed="16.34" meanSpeedRelative="0.51" duration="4"/>
    <step time="27000.00" loaded="19590" inserted="18678" running="633" waiting="912" ended="18045" arrived="18045" collisions="33" teleports="33" halting="1" stopped="0" meanWaitingTime="87.36" meanTravelTime="279.66" meanSpeed="15.71" meanSpeedRelative="0.49" duration="3"/>
    <step time="27300.00" loaded="20177" inserted="19165" running="632" waiting="1012" ended="18533" arrived="18533" collisions="35" teleports="35" halting="3" stopped="0" meanWaitingTime="95.26" meanTravelTime="282.81" meanSpeed="16.08" meanSpeedRelative="0.50" duration="5"/>
    <step time="27600.00" loaded="20714" inserted="19631" running="614" waiting="1083" ended="19017" arrived="19017" collisions="37" teleports="37" halting="3" stopped="0" meanWaitingTime="104.65" meanTravelTime="285.35" meanSpeed="15.85" meanSpeedRelative="0.50" duration="4"/>
    <step time="27900.00" loaded="21273" inserted="20128" running="643" waiting="1145" ended="19485" arrived="19485" collisions="40" teleports="40" halting="2" stopped="0" meanWaitingTime="114.36" meanTravelTime="287.55" meanSpeed="15.83" meanSpeedRelative="0.49" duration="4"/>
    <step time="28200.00" loaded="21894" inserted="20624" running="662" waiting="1270" ended="19962" arrived="19962" collisions="40" teleports="40" halting="0" stopped="0" meanWaitingTime="123.99" meanTravelTime="290.27" meanSpeed="15.83" meanSpeedRelative="0.49" duration="6"/>
    <step time="28500.00" loaded="22444" inserted="21108" running="671" waiting="1336" ended="20437" arrived="20437" collisions="44" teleports="44" halting="1" stopped="0" meanWaitingTime="134.07" meanTravelTime="293.12" meanSpeed="15.27" meanSpeedRelative="0.48" duration="4"/>
    <step time="28800.00" loaded="23007" inserted="21578" running="685" waiting="1429" ended="20893" arrived="20893" collisions="46" teleports="46" halting="1" stopped="0" meanWaitingTime="143.67" meanTravelTime="295.59" meanSpeed="15.38" meanSpeedRelative="0.48" duration="89"/>
    <step time="29100.00" loaded="23376" inserted="21980" running="594" waiting="1396" ended="21386" arrived="21386" collisions="48" teleports="48" halting="2" stopped="0" meanWaitingTime="154.35" meanTravelTime="298.97" meanSpeed="15.46" meanSpeedRelative="0.48" duration="3"/>
    <step time="29400.00" loaded="23726" inserted="22382" running="584" waiting="1344" ended="21798" arrived="21798" collisions="49" teleports="49" halting="3" stopped="0" meanWaitingTime="165.48" meanTravelTime="301.08" meanSpeed="16.47" meanSpeedRelative="0.51" duration="4"/>
    <step time="29700.00" loaded="24102" inserted="22805" running="564" waiting="1297" ended="22241" arrived="22241" collisions="49" teleports="49" halting="2" stopped="0" meanWaitingTime="178.90" meanTravelTime="303.14" meanSpeed="17.16" meanSpeedRelative="0.54" duration="3"/>
    <step time="30000.00" loaded="24454" inserted="23218" running="551" waiting="1236" ended="22667" arrived="22667" collisions="52" teleports="52" halting="3" stopped="0" meanWaitingTime="191.98" meanTravelTime="305.42" meanSpeed="17.31" meanSpeedRelative="0.54" duration="3"/>
    <step time="30300.00" loaded="24837" inserted="23637" running="526" waiting="1200" ended="23111" arrived="23111" collisions="52" teleports="52" halting="2" stopped="0" meanWaitingTime="203.74" meanTravelTime="307.40" meanSpeed="17.03" meanSpeedRelative="0.53" duration="3"/>
    <step time="30600.00" loaded="25179" inserted="24061" running="522" waiting="1118" ended="23539" arrived="23539" collisions="53" teleports="53" halting="1" stopped="0" meanWaitingTime="214.93" meanTravelTime="308.49" meanSpeed="18.24" meanSpeedRelative="0.57" duration="3"/>
    <step time="30900.00" loaded="25550" inserted="24483" running="524" waiting="1067" ended="23959" arrived="23959" collisions="53" teleports="53" halting="4" stopped="0" meanWaitingTime="225.76" meanTravelTime="309.94" meanSpeed="17.57" meanSpeedRelative="0.55" duration="2"/>
    <step time="31200.00" loaded="25897" inserted="24901" running="493" waiting="996" ended="24408" arrived="24408" collisions="56" teleports="56" halting="3" stopped="0" meanWaitingTime="235.91" meanTravelTime="310.72" meanSpeed="17.81" meanSpeedRelative="0.56" duration="3"/>
    <step time="31500.00" loaded="26223" inserted="25314" running="473" waiting="909" ended="24841" arrived="24841" collisions="58" teleports="58" halting="1" stopped="0" meanWaitingTime="245.36" meanTravelTime="311.87" meanSpeed="17.51" meanSpeedRelative="0.55" duration="3"/>
    <step time="31800.00" loaded="26549" inserted="25731" running="487" waiting="818" ended="25244" arrived="25244" collisions="59" teleports="59" halting="3" stopped="0" meanWaitingTime="254.06" meanTravelTime="312.23" meanSpeed="18.18" meanSpeedRelative="0.57" duration="2"/>
    <step time="32100.00" loaded="26877" inserted="26130" running="482" waiting="747" ended="25648" arrived="25648" collisions="61" teleports="61" halting="0" stopped="0" meanWaitingTime="261.66" meanTravelTime="313.08" meanSpeed="18.68" meanSpeedRelative="0.58" duration="2"/>
    <step time="32400.00" loaded="27250" inserted="26551" running="449" waiting="699" ended="26102" arrived="26102" collisions="63" teleports="63" halting="1" stopped="0" meanWaitingTime="268.36" meanTravelTime="313.66" meanSpeed="19.71" meanSpeedRelative="0.62" duration="88"/>
    <step time="32700.00" loaded="27511" inserted="26869" running="315" waiting="642" ended="26554" arrived="26554" collisions="65" teleports="65" halting="1" stopped="0" meanWaitingTime="274.92" meanTravelTime="313.80" meanSpeed="20.99" meanSpeedRelative="0.66" duration="2"/>
    <step time="33000.00" loaded="27793" inserted="27203" running="290" waiting="590" ended="26913" arrived="26913" collisions="65" teleports="65" halting="0" stopped="0" meanWaitingTime="281.22" meanTravelTime="313.72" meanSpeed="21.09" meanSpeedRelative="0.66" duration="2"/>
    <step time="33300.00" loaded="28044" inserted="27519" running="295" waiting="525" ended="27224" arrived="27224" collisions="65" teleports="65" halting="3" stopped="0" meanWaitingTime="287.22" meanTravelTime="313.21" meanSpeed="21.87" meanSpeedRelative="0.68" duration="2"/>
    <step time="33600.00" loaded="28294" inserted="27831" running="270" waiting="463" ended="27561" arrived="27561" collisions="65" teleports="65" halting="0" stopped="0" meanWaitingTime="292.50" meanTravelTime="312.67" meanSpeed="22.51" meanSpeedRelative="0.70" duration="1"/>
    <step time="33900.00" loaded="28556" inserted="28152" running="265" waiting="404" ended="27887" arrived="27887" collisions="66" teleports="66" halting="1" stopped="0" meanWaitingTime="296.80" meanTravelTime="311.87" meanSpeed="22.75" meanSpeedRelative="0.71" duration="2"/>
    <step time="34200.00" loaded="28830" inserted="28479" running="275" waiting="351" ended="28204" arrived="28204" collisions="67" teleports="67" halting="1" stopped="0" meanWaitingTime="300.13" meanTravelTime="311.15" meanSpeed="22.29" meanSpeedRelative="0.70" duration="2"/>
    <step time="34500.00" loaded="29076" inserted="28787" running="267" waiting="289" ended="28520" arrived="28520" collisions="67" teleports="67" halting="2" stopped="0" meanWaitingTime="302.95" meanTravelTime="310.60" meanSpeed="22.18" meanSpeedRelative="0.69" duration="2"/>
    <step time="34800.00" loaded="29351" inserted="29091" running="260" waiting="260" ended="28831" arrived="28831" collisions="67" teleports="67" halting="3" stopped="0" meanWaitingTime="305.26" meanTravelTime="310.03" meanSpeed="23.20" meanSpeedRelative="0.72" duration="1"/>
    <step time="35100.00" loaded="29591" inserted="29363" running="234" waiting="228" ended="29129" arrived="29129" collisions="67" teleports="67" halting="1" stopped="0" meanWaitingTime="307.32" meanTravelTime="309.48" meanSpeed="23.34" meanSpeedRelative="0.73" duration="1"/>
    <step time="35400.00" loaded="29881" inserted="29680" running="274" waiting="201" ended="29406" arrived="29406" collisions="67" teleports="67" halting="0" stopped="0" meanWaitingTime="308.48" meanTravelTime="309.14" meanSpeed="22.08" meanSpeedRelative="0.69" duration="1"/>
    <step time="35700.00" loaded="30155" inserted="29981" running="288" waiting="174" ended="29693" arrived="29693" collisions="67" teleports="67" halting="0" stopped="0" meanWaitingTime="309.13" meanTravelTime="308.56" meanSpeed="23.26" meanSpeedRelative="0.73" duration="1"/>
    <step time="36000.00" loaded="30420" inserted="30271" running="262" waiting="149" ended="30009" arrived="30009" collisions="70" teleports="70" halting="0" stopped="0" meanWaitingTime="309.47" meanTravelTime="308.36" meanSpeed="23.13" meanSpeedRelative="0.72" duration="83"/>
    <step time="36300.00" loaded="30907" inserted="30735" running="410" waiting="172" ended="30325" arrived="30325" collisions="70" teleports="70" halting="2" stopped="0" meanWaitingTime="307.52" meanTravelTime="307.91" meanSpeed="21.59" meanSpeedRelative="0.67" duration="2"/>
    <step time="36600.00" loaded="31331" inserted="31172" running="427" waiting="159" ended="30745" arrived="30745" collisions="70" teleports="70" halting="1" stopped="0" meanWaitingTime="305.40" meanTravelTime="307.44" meanSpeed="21.48" meanSpeedRelative="0.67" duration="2"/>
    <step time="36900.00" loaded="31823" inserted="31635" running="443" waiting="188" ended="31192" arrived="31192" collisions="70" teleports="70" halting="1" stopped="0" meanWaitingTime="302.75" meanTravelTime="306.94" meanSpeed="20.69" meanSpeedRelative="0.65" duration="2"/>
    <step time="37200.00" loaded="32257" inserted="32072" running="455" waiting="185" ended="31617" arrived="31617" collisions="71" teleports="71" halting="1" stopped="0" meanWaitingTime="300.44" meanTravelTime="306.97" meanSpeed="19.90" meanSpeedRelative="0.62" duration="3"/>
    <step time="37500.00" loaded="32724" inserted="32525" running="453" waiting="199" ended="32072" arrived="32072" collisions="71" teleports="71" halting="1" stopped="0" meanWaitingTime="297.95" meanTravelTime="306.82" meanSpeed="20.50" meanSpeedRelative="0.64" duration="3"/>
    <step time="37800.00" loaded="33177" inserted="32993" running="487" waiting="184" ended="32506" arrived="32506" collisions="73" teleports="73" halting="3" stopped="0" meanWaitingTime="295.56" meanTravelTime="306.79" meanSpeed="19.28" meanSpeedRelative="0.60" duration="3"/>
    <step time="38100.00" loaded="33653" inserted="33453" running="502" waiting="200" ended="32951" arrived="32951" collisions="75" teleports="75" halting="2" stopped="0" meanWaitingTime="293.29" meanTravelTime="306.84" meanSpeed="19.70" meanSpeedRelative="0.62" duration="3"/>
    <step time="38400.00" loaded="34110" inserted="33907" running="507" waiting="203" ended="33400" arrived="33400" collisions="77" teleports="77" halting="2" stopped="0" meanWaitingTime="291.05" meanTravelTime="306.99" meanSpeed="19.70" meanSpeedRelative="0.62" duration="3"/>
    <step time="38700.00" loaded="34618" inserted="34387" running="533" waiting="231" ended="33854" arrived="33854" collisions="81" teleports="81" halting="3" stopped="0" meanWaitingTime="288.74" meanTravelTime="307.21" meanSpeed="19.50" meanSpeedRelative="0.61" duration="3"/>
    <step time="39000.00" loaded="35119" inserted="34857" running="555" waiting="262" ended="34302" arrived="34302" collisions="82" teleports="82" halting="3" stopped="0" meanWaitingTime="286.78" meanTravelTime="307.52" meanSpeed="18.78" meanSpeedRelative="0.59" duration="4"/>
    <step time="39300.00" loaded="35554" inserted="35288" running="517" waiting="266" ended="34771" arrived="34771" collisions="82" teleports="82" halting="3" stopped="0" meanWaitingTime="285.29" meanTravelTime="308.23" meanSpeed="18.54" meanSpeedRelative="0.58" duration="4"/>
    <step time="39600.00" loaded="36029" inserted="35729" running="518" waiting="300" ended="35211" arrived="35211" collisions="82" teleports="82" halting="3" stopped="0" meanWaitingTime="283.56" meanTravelTime="308.86" meanSpeed="18.62" meanSpeedRelative="0.58" duration="91"/>
    <step time="39900.00" loaded="36524" inserted="36194" running="533" waiting="330" ended="35661" arrived="35661" collisions="82" teleports="82" halting="1" stopped="0" meanWaitingTime="281.92" meanTravelTime="309.60" meanSpeed="18.46" meanSpeedRelative="0.58" duration="3"/>
    <step time="40200.00" loaded="37045" inserted="36685" running="560" waiting="360" ended="36125" arrived="36125" collisions="82" teleports="82" halting="0" stopped="0" meanWaitingTime="280.54" meanTravelTime="310.18" meanSpeed="18.74" meanSpeedRelative="0.59" duration="3"/>
    <step time="40500.00" loaded="37551" inserted="37174" running="580" waiting="377" ended="36594" arrived="36594" collisions="85" teleports="85" halting="1" stopped="0" meanWaitingTime="279.43" meanTravelTime="310.46" meanSpeed="18.01" meanSpeedRelative="0.56" duration="3"/>
    <step time="40800.00" loaded="38062" inserted="37648" running="587" waiting="414" ended="37061" arrived="37061" collisions="88" teleports="88" halting="3" stopped="0" meanWaitingTime="278.73" meanTravelTime="311.03" meanSpeed="17.77" meanSpeedRelative="0.56" duration="3"/>
    <step time="41100.00" loaded="38589" inserted="38144" running="600" waiting="445" ended="37544" arrived="37544" collisions="89" teleports="89" halting="1" stopped="0" meanWaitingTime="278.10" meanTravelTime="311.59" meanSpeed="18.48" meanSpeedRelative="0.58" duration="4"/>
    <step time="41400.00" loaded="39125" inserted="38637" running="615" waiting="488" ended="38022" arrived="38022" collisions="93" teleports="93" halting="2" stopped="0" meanWaitingTime="277.72" meanTravelTime="312.05" meanSpeed="18.21" meanSpeedRelative="0.57" duration="3"/>
    <step time="41700.00" loaded="39623" inserted="39122" running="604" waiting="501" ended="38518" arrived="38518" collisions="94" teleports="94" halting="0" stopped="0" meanWaitingTime="277.56" meanTravelTime="312.82" meanSpeed="18.46" meanSpeedRelative="0.58" duration="4"/>
    <step time="42000.00" loaded="40175" inserted="39623" running="595" waiting="552" ended="39028" arrived="39028" collisions="95" teleports="95" halting="0" stopped="0" meanWaitingTime="277.29" meanTravelTime="313.54" meanSpeed="18.11" meanSpeedRelative="0.57" duration="4"/>
    <step time="42300.00" loaded="40724" inserted="40128" running="617" waiting="596" ended="39511" arrived="39511" collisions="96" teleports="96" halting="1" stopped="0" meanWaitingTime="276.89" meanTravelTime="314.18" meanSpeed="18.49" meanSpeedRelative="0.58" duration="4"/>
    <step time="42600.00" loaded="41242" inserted="40583" running="608" waiting="659" ended="39975" arrived="39975" collisions="96" teleports="96" halting="3" stopped="0" meanWaitingTime="276.99" meanTravelTime="314.90" meanSpeed="18.03" meanSpeedRelative="0.56" duration="3"/>
    <step time="42900.00" loaded="41765" inserted="41042" running="620" waiting="723" ended="40422" arrived="40422" collisions="96" teleports="96" halting="4" stopped="0" meanWaitingTime="277.33" meanTravelTime="316.03" meanSpeed="17.00" meanSpeedRelative="0.53" duration="3"/>
    <step time="43200.00" loaded="42258" inserted="41499" running="598" waiting="759" ended="40901" arrived="40901" collisions="98" teleports="98" halting="3" stopped="0" meanWaitingTime="277.95" meanTravelTime="317.10" meanSpeed="18.22" meanSpeedRelative="0.57" duration="91"/>
    <step time="43500.00" loaded="42803" inserted="42010" running="621" waiting="793" ended="41389" arrived="41389" collisions="99" teleports="99" halting="4" stopped="0" meanWaitingTime="278.56" meanTravelTime="317.80" meanSpeed="18.04" meanSpeedRelative="0.56" duration="4"/>
    <step time="43800.00" loaded="43329" inserted="42467" running="577" waiting="862" ended="41890" arrived="41890" collisions="100" teleports="100" halting="1" stopped="0" meanWaitingTime="279.68" meanTravelTime="318.50" meanSpeed="19.03" meanSpeedRelative="0.59" duration="3"/>
    <step time="44100.00" loaded="43857" inserted="42962" running="614" waiting="895" ended="42348" arrived="42348" collisions="102" teleports="102" halting="1" stopped="0" meanWaitingTime="281.04" meanTravelTime="319.05" meanSpeed="18.00" meanSpeedRelative="0.56" duration="5"/>
    <step time="44400.00" loaded="44423" inserted="43489" running="650" waiting="934" ended="42839" arrived="42839" collisions="102" teleports="102" halting="1" stopped="0" meanWaitingTime="282.67" meanTravelTime="319.55" meanSpeed="17.60" meanSpeedRelative="0.55" duration="4"/>
    <step time="44700.00" loaded="44964" inserted="44014" running="671" waiting="950" ended="43343" arrived="43343" collisions="103" teleports="103" halting="3" stopped="0" meanWaitingTime="284.04" meanTravelTime="320.35" meanSpeed="18.27" meanSpeedRelative="0.57" duration="4"/>
    <step time="45000.00" loaded="45493" inserted="44515" running="681" waiting="978" ended="43834" arrived="43834" collisions="105" teleports="105" halting="2" stopped="0" meanWaitingTime="285.20" meanTravelTime="321.04" meanSpeed="16.20" meanSpeedRelative="0.51" duration="4"/>
    <step time="45300.00" loaded="46031" inserted="44997" running="675" waiting="1034" ended="44322" arrived="44322" collisions="105" teleports="105" halting="1" stopped="0" meanWaitingTime="286.79" meanTravelTime="321.99" meanSpeed="16.77" meanSpeedRelative="0.52" duration="5"/>
    <step time="45600.00" loaded="46549" inserted="45486" running="665" waiting="1063" ended="44821" arrived="44821" collisions="108" teleports="108" halting="1" stopped="0" meanWaitingTime="289.37" meanTravelTime="322.99" meanSpeed="16.22" meanSpeedRelative="0.51" duration="4"/>
    <step time="45900.00" loaded="47109" inserted="46012" running="705" waiting="1097" ended="45307" arrived="45307" collisions="112" teleports="112" halting="3" stopped="0" meanWaitingTime="291.70" meanTravelTime="323.92" meanSpeed="16.39" meanSpeedRelative="0.51" duration="5"/>
    <step time="46200.00" loaded="47658" inserted="46525" running="761" waiting="1133" ended="45764" arrived="45764" collisions="114" teleports="114" halting="2" stopped="0" meanWaitingTime="294.60" meanTravelTime="324.74" meanSpeed="15.60" meanSpeedRelative="0.49" duration="6"/>
    <step time="46500.00" loaded="48165" inserted="47010" running="758" waiting="1155" ended="46252" arrived="46252" collisions="114" teleports="114" halting="2" stopped="0" meanWaitingTime="297.28" meanTravelTime="325.68" meanSpeed="15.50" meanSpeedRelative="0.48" duration="5"/>
    <step time="46800.00" loaded="48678" inserted="47493" running="767" waiting="1185" ended="46726" arrived="46726" collisions="114" teleports="114" halting="2" stopped="0" meanWaitingTime="299.97" meanTravelTime="327.03" meanSpeed="15.35" meanSpeedRelative="0.48" duration="100"/>
    <step time="47100.00" loaded="49193" inserted="47974" running="737" waiting="1219" ended="47237" arrived="47237" collisions="116" teleports="116" halting="1" stopped="0" meanWaitingTime="302.72" meanTravelTime="328.66" meanSpeed="16.17" meanSpeedRelative="0.51" duration="6"/>
    <step time="47400.00" loaded="49718" inserted="48470" running="753" waiting="1248" ended="47717" arrived="47717" collisions="122" teleports="122" halting="1" stopped="0" meanWaitingTime="305.45" meanTravelTime="330.00" meanSpeed="15.35" meanSpeedRelative="0.48" duration="4"/>
    <step time="47700.00" loaded="50246" inserted="48962" running="791" waiting="1284" ended="48171" arrived="48171" collisions="125" teleports="125" halting="4" stopped="0" meanWaitingTime="308.57" meanTravelTime="331.46" meanSpeed="14.88" meanSpeedRelative="0.46" duration="5"/>
    <step time="48000.00" loaded="50788" inserted="49461" running="800" waiting="1327" ended="48661" arrived="48661" collisions="128" teleports="128" halting="2" stopped="0" meanWaitingTime="311.50" meanTravelTime="332.92" meanSpeed="15.31" meanSpeedRelative="0.48" duration="5"/>
    <step time="48300.00" loaded="51329" inserted="49959" running="776" waiting="1370" ended="49183" arrived="49183" collisions="130" teleports="130" halting="1" stopped="0" meanWaitingTime="315.12" meanTravelTime="334.46" meanSpeed="14.81" meanSpeedRelative="0.46" duration="7"/>
    <step time="48600.00" loaded="51856" inserted="50436" running="791" waiting="1420" ended="49645" arrived="49645" collisions="132" teleports="132" halting="1" stopped="0" meanWaitingTime="318.44" meanTravelTime="335.51" meanSpeed="14.99" meanSpeedRelative="0.47" duration="6"/>
    <step time="48900.00" loaded="52413" inserted="50950" running="842" waiting="1463" ended="50108" arrived="50108" collisions="134" teleports="134" halting="5" stopped="0" meanWaitingTime="321.94" meanTravelTime="337.04" meanSpeed="13.78" meanSpeedRelative="0.43" duration="6"/>
    <step time="49200.00" loaded="52952" inserted="51446" running="855" waiting="1506" ended="50591" arrived="50591" collisions="137" teleports="137" halting="1" stopped="0" meanWaitingTime="325.79" meanTravelTime="338.62" meanSpeed="13.24" meanSpeedRelative="0.41" duration="4"/>
    <step time="49500.00" loaded="53465" inserted="51934" running="853" waiting="1531" ended="51081" arrived="51081" collisions="140" teleports="140" halting="0" stopped="0" meanWaitingTime="329.49" meanTravelTime="340.43" meanSpeed="12.56" meanSpeedRelative="0.39" duration="6"/>
    <step time="49800.00" loaded="54015" inserted="52428" running="884" waiting="1587" ended="51544" arrived="51544" collisions="143" teleports="143" halting="3" stopped="0" meanWaitingTime="332.85" meanTravelTime="341.78" meanSpeed="12.89" meanSpeedRelative="0.40" duration="5"/>
    <step time="50100.00" loaded="54625" inserted="52961" running="920" waiting="1664" ended="52041" arrived="52041" collisions="145" teleports="145" halting="3" stopped="0" meanWaitingTime="336.66" meanTravelTime="343.73" meanSpeed="12.66" meanSpeedRelative="0.40" duration="10"/>
    <step time="50400.00" loaded="55142" inserted="53432" running="903" waiting="1710" ended="52529" arrived="52529" collisions="145" teleports="145" halting="1" stopped="0" meanWaitingTime="340.79" meanTravelTime="345.57" meanSpeed="12.71" meanSpeedRelative="0.40" duration="100"/>
    <step time="50700.00" loaded="55856" inserted="53991" running="964" waiting="1865" ended="53027" arrived="53027" collisions="145" teleports="145" halting="2" stopped="0" meanWaitingTime="344.45" meanTravelTime="347.39" meanSpeed="12.24" meanSpeedRelative="0.38" duration="7"/>
    <step time="51000.00" loaded="56573" inserted="54548" running="1024" waiting="2025" ended="53524" arrived="53524" collisions="147" teleports="147" halting="3" stopped="0" meanWaitingTime="347.94" meanTravelTime="349.18" meanSpeed="11.42" meanSpeedRelative="0.36" duration="7"/>
    <step time="51300.00" loaded="57315" inserted="55119" running="1097" waiting="2196" ended="54022" arrived="54022" collisions="153" teleports="153" halting="9" stopped="0" meanWaitingTime="351.89" meanTravelTime="351.13" meanSpeed="10.83" meanSpeedRelative="0.34" duration="9"/>
    <step time="51600.00" loaded="58030" inserted="55685" running="1134" waiting="2345" ended="54551" arrived="54551" collisions="156" teleports="156" halting="1" stopped="0" meanWaitingTime="356.35" meanTravelTime="353.32" meanSpeed="10.50" meanSpeedRelative="0.33" duration="8"/>
    <step time="51900.00" loaded="58751" inserted="56248" running="1206" waiting="2503" ended="55042" arrived="55042" collisions="157" teleports="157" halting="7" stopped="0" meanWaitingTime="361.50" meanTravelTime="355.41" meanSpeed="10.05" meanSpeedRelative="0.31" duration="11"/>
    <step time="52200.00" loaded="59439" inserted="56792" running="1266" waiting="2647" ended="55526" arrived="55526" collisions="158" teleports="158" halting="2" stopped="0" meanWaitingTime="366.19" meanTravelTime="357.53" meanSpeed="9.92" meanSpeedRelative="0.31" duration="9"/>
    <step time="52500.00" loaded="60159" inserted="57313" running="1278" waiting="2846" ended="56035" arrived="56035" collisions="160" teleports="160" halting="5" stopped="0" meanWaitingTime="371.64" meanTravelTime="360.36" meanSpeed="9.42" meanSpeedRelative="0.29" duration="9"/>
    <step time="52800.00" loaded="60842" inserted="57873" running="1324" waiting="2969" ended="56549" arrived="56549" collisions="160" teleports="160" halting="4" stopped="0" meanWaitingTime="377.99" meanTravelTime="363.10" meanSpeed="9.13" meanSpeedRelative="0.29" duration="7"/>
    <step time="53100.00" loaded="61574" inserted="58422" running="1329" waiting="3152" ended="57093" arrived="57093" collisions="162" teleports="162" halting="6" stopped="0" meanWaitingTime="384.57" meanTravelTime="366.24" meanSpeed="9.02" meanSpeedRelative="0.28" duration="10"/>
    <step time="53400.00" loaded="62327" inserted="58942" running="1355" waiting="3385" ended="57587" arrived="57587" collisions="164" teleports="164" halting="2" stopped="0" meanWaitingTime="391.11" meanTravelTime="369.67" meanSpeed="9.01" meanSpeedRelative="0.28" duration="9"/>
    <step time="53700.00" loaded="63030" inserted="59481" running="1376" waiting="3549" ended="58105" arrived="58105" collisions="168" teleports="168" halting="6" stopped="0" meanWaitingTime="398.23" meanTravelTime="372.98" meanSpeed="9.50" meanSpeedRelative="0.30" duration="10"/>
    <step time="54000.00" loaded="63724" inserted="59993" running="1377" waiting="3731" ended="58616" arrived="58616" collisions="171" teleports="171" halting="5" stopped="0" meanWaitingTime="405.99" meanTravelTime="376.19" meanSpeed="8.86" meanSpeedRelative="0.28" duration="93"/>
    <step time="54300.00" loaded="64167" inserted="60447" running="1275" waiting="3720" ended="59172" arrived="59172" collisions="172" teleports="172" halting="1" stopped="0" meanWaitingTime="414.29" meanTravelTime="379.86" meanSpeed="8.97" meanSpeedRelative="0.28" duration="9"/>
    <step time="54600.00" loaded="64634" inserted="60913" running="1235" waiting="3721" ended="59678" arrived="59678" collisions="173" teleports="173" halting="4" stopped="0" meanWaitingTime="423.01" meanTravelTime="383.60" meanSpeed="9.20" meanSpeedRelative="0.29" duration="8"/>
    <step time="54900.00" loaded="65059" inserted="61362" running="1186" waiting="3697" ended="60176" arrived="60176" collisions="177" teleports="177" halting="2" stopped="0" meanWaitingTime="432.43" meanTravelTime="387.46" meanSpeed="9.29" meanSpeedRelative="0.29" duration="9"/>
    <step time="55200.00" loaded="65514" inserted="61809" running="1161" waiting="3705" ended="60648" arrived="60648" collisions="181" teleports="181" halting="3" stopped="0" meanWaitingTime="442.03" meanTravelTime="390.44" meanSpeed="10.00" meanSpeedRelative="0.31" duration="8"/>
    <step time="55500.00" loaded="65977" inserted="62303" running="1120" waiting="3674" ended="61183" arrived="61183" collisions="183" teleports="183" halting="5" stopped="0" meanWaitingTime="452.53" meanTravelTime="393.76" meanSpeed="10.18" meanSpeedRelative="0.32" duration="7"/>
    <step time="55800.00" loaded="66426" inserted="62742" running="1046" waiting="3684" ended="61696" arrived="61696" collisions="183" teleports="183" halting="2" stopped="0" meanWaitingTime="462.55" meanTravelTime="396.40" meanSpeed="10.58" meanSpeedRelative="0.33" duration="8"/>
    <step time="56100.00" loaded="66881" inserted="63199" running="1042" waiting="3682" ended="62157" arrived="62157" collisions="188" teleports="188" halting="1" stopped="0" meanWaitingTime="473.05" meanTravelTime="398.81" meanSpeed="11.04" meanSpeedRelative="0.35" duration="8"/>
    <step time="56400.00" loaded="67320" inserted="63668" running="1052" waiting="3652" ended="62616" arrived="62616" collisions="191" teleports="191" halting="3" stopped="0" meanWaitingTime="483.98" meanTravelTime="400.82" meanSpeed="11.02" meanSpeedRelative="0.34" duration="7"/>
    <step time="56700.00" loaded="67789" inserted="64149" running="1018" waiting="3640" ended="63131" arrived="63131" collisions="193" teleports="193" halting="4" stopped="0" meanWaitingTime="495.18" meanTravelTime="402.89" meanSpeed="10.86" meanSpeedRelative="0.34" duration="7"/>
    <step time="57000.00" loaded="68282" inserted="64618" running="1041" waiting="3664" ended="63577" arrived="63577" collisions="195" teleports="195" halting="5" stopped="0" meanWaitingTime="505.81" meanTravelTime="404.91" meanSpeed="11.63" meanSpeedRelative="0.36" duration="8"/>
    <step time="57300.00" loaded="68719" inserted="65075" running="998" waiting="3644" ended="64077" arrived="64077" collisions="196" teleports="196" halting="3" stopped="0" meanWaitingTime="517.50" meanTravelTime="406.72" meanSpeed="11.45" meanSpeedRelative="0.36" duration="8"/>
    <step time="57600.00" loaded="69142" inserted="65537" running="970" waiting="3605" ended="64567" arrived="64567" collisions="198" teleports="198" halting="3" stopped="0" meanWaitingTime="529.90" meanTravelTime="408.66" meanSpeed="11.82" meanSpeedRelative="0.37" duration="85"/>
    <step time="57900.00" loaded="69691" inserted="66044" running="980" waiting="3647" ended="65064" arrived="65064" collisions="198" teleports="198" halting="4" stopped="0" meanWaitingTime="541.72" meanTravelTime="410.06" meanSpeed="12.21" meanSpeedRelative="0.38" duration="9"/>
    <step time="58200.00" loaded="70260" inserted="66547" running="998" waiting="3713" ended="65549" arrived="65549" collisions="198" teleports="198" halting="6" stopped="0" meanWaitingTime="553.80" meanTravelTime="411.86" meanSpeed="11.92" meanSpeedRelative="0.37" duration="7"/>
    <step time="58500.00" loaded="70837" inserted="67092" running="1039" waiting="3745" ended="66053" arrived="66053" collisions="199" teleports="199" halting="3" stopped="0" meanWaitingTime="566.38" meanTravelTime="413.39" meanSpeed="11.68" meanSpeedRelative="0.37" duration="6"/>
    <step time="58800.00" loaded="71403" inserted="67616" running="1027" waiting="3787" ended="66589" arrived="66589" collisions="201" teleports="201" halting="2" stopped="0" meanWaitingTime="577.91" meanTravelTime="414.53" meanSpeed="11.90" meanSpeedRelative="0.37" duration="7"/>
    <step time="59100.00" loaded="71949" inserted="68121" running="1039" waiting="3828" ended="67082" arrived="67082" collisions="205" teleports="205" halting="2" stopped="0" meanWaitingTime="589.21" meanTravelTime="415.67" meanSpeed="11.48" meanSpeedRelative="0.36" duration="10"/>
    <step time="59400.00" loaded="72506" inserted="68630" running="1052" waiting="3876" ended="67578" arrived="67578" collisions="206" teleports="206" halting="4" stopped="0" meanWaitingTime="600.35" meanTravelTime="417.16" meanSpeed="11.27" meanSpeedRelative="0.35" duration="9"/>
    <step time="59700.00" loaded="73080" inserted="69134" running="1059" waiting="3946" ended="68075" arrived="68075" collisions="208" teleports="208" halting="4" stopped="0" meanWaitingTime="609.93" meanTravelTime="418.76" meanSpeed="10.73" meanSpeedRelative="0.34" duration="8"/>
    <step time="60000.00" loaded="73645" inserted="69625" running="1052" waiting="4020" ended="68573" arrived="68573" collisions="213" teleports="213" halting="8" stopped="0" meanWaitingTime="619.77" meanTravelTime="419.97" meanSpeed="11.13" meanSpeedRelative="0.35" duration="7"/>
    <step time="60300.00" loaded="74169" inserted="70107" running="1031" waiting="4062" ended="69076" arrived="69076" collisions="213" teleports="213" halting="4" stopped="0" meanWaitingTime="631.47" meanTravelTime="421.65" meanSpeed="11.15" meanSpeedRelative="0.35" duration="8"/>
    <step time="60600.00" loaded="74709" inserted="70607" running="1018" waiting="4102" ended="69589" arrived="69589" collisions="217" teleports="217" halting="4" stopped="0" meanWaitingTime="642.70" meanTravelTime="423.06" meanSpeed="11.63" meanSpeedRelative="0.36" duration="8"/>
    <step time="60900.00" loaded="75280" inserted="71135" running="1063" waiting="4145" ended="70072" arrived="70072" collisions="221" teleports="221" halting="3" stopped="0" meanWaitingTime="653.59" meanTravelTime="424.54" meanSpeed="11.35" meanSpeedRelative="0.35" duration="8"/>
    <step time="61200.00" loaded="75846" inserted="71686" running="1076" waiting="4160" ended="70610" arrived="70610" collisions="221" teleports="221" halting="4" stopped="0" meanWaitingTime="664.77" meanTravelTime="425.86" meanSpeed="11.44" meanSpeedRelative="0.36" duration="91"/>
    <step time="61500.00" loaded="75923" inserted="72045" running="981" waiting="3878" ended="71064" arrived="71064" collisions="223" teleports="223" halting="4" stopped="0" meanWaitingTime="676.45" meanTravelTime="427.39" meanSpeed="10.87" meanSpeedRelative="0.34" duration="9"/>
    <step time="61800.00" loaded="75989" inserted="72381" running="874" waiting="3608" ended="71507" arrived="71507" collisions="224" teleports="224" halting="2" stopped="0" meanWaitingTime="686.98" meanTravelTime="429.29" meanSpeed="12.05" meanSpeedRelative="0.38" duration="7"/>
    <step time="62100.00" loaded="76073" inserted="72769" running="814" waiting="3304" ended="71955" arrived="71955" collisions="225" teleports="225" halting="1" stopped="0" meanWaitingTime="700.66" meanTravelTime="430.69" meanSpeed="12.66" meanSpeedRelative="0.40" duration="6"/>
    <step time="62400.00" loaded="76148" inserted="73151" running="797" waiting="2997" ended="72354" arrived="72354" collisions="227" teleports="227" halting="15" stopped="0" meanWaitingTime="714.27" meanTravelTime="432.18" meanSpeed="11.32" meanSpeedRelative="0.35" duration="5"/>
    <step time="62700.00" loaded="76219" inserted="73496" running="739" waiting="2723" ended="72757" arrived="72757" collisions="228" teleports="228" halting="0" stopped="0" meanWaitingTime="727.29" meanTravelTime="433.25" meanSpeed="12.17" meanSpeedRelative="0.38" duration="5"/>
    <step time="63000.00" loaded="76281" inserted="73857" running="717" waiting="2424" ended="73140" arrived="73140" collisions="230" teleports="230" halting="2" stopped="0" meanWaitingTime="741.25" meanTravelTime="434.14" meanSpeed="13.26" meanSpeedRelative="0.41" duration="4"/>
    <step time="63300.00" loaded="76362" inserted="74198" running="665" waiting="2164" ended="73533" arrived="73533" collisions="233" teleports="233" halting="1" stopped="0" meanWaitingTime="754.02" meanTravelTime="435.14" meanSpeed="13.15" meanSpeedRelative="0.41" duration="4"/>
    <step time="63600.00" loaded="76433" inserted="74507" running="579" waiting="1926" ended="73928" arrived="73928" collisions="235" teleports="235" halting="1" stopped="0" meanWaitingTime="766.70" meanTravelTime="435.78" meanSpeed="13.87" meanSpeedRelative="0.43" duration="4"/>
    <step time="63900.00" loaded="76515" inserted="74806" running="499" waiting="1709" ended="74307" arrived="74307" collisions="235" teleports="235" halting="2" stopped="0" meanWaitingTime="779.29" meanTravelTime="436.37" meanSpeed="12.97" meanSpeedRelative="0.41" duration="4"/>
    <step time="64200.00" loaded="76594" inserted="75132" running="495" waiting="1462" ended="74637" arrived="74637" collisions="236" teleports="236" halting="1" stopped="0" meanWaitingTime="791.94" meanTravelTime="436.74" meanSpeed="14.19" meanSpeedRelative="0.44" duration="2"/>
    <step time="64500.00" loaded="76681" inserted="75453" running="461" waiting="1228" ended="74992" arrived="74992" collisions="238" teleports="238" halting="1" stopped="0" meanWaitingTime="802.64" meanTravelTime="437.14" meanSpeed="14.96" meanSpeedRelative="0.47" duration="2"/>
    <step time="64800.00" loaded="76763" inserted="75686" running="393" waiting="1077" ended="75293" arrived="75293" collisions="239" teleports="239" halting="0" stopped="0" meanWaitingTime="810.42" meanTravelTime="437.39" meanSpeed="14.42" meanSpeedRelative="0.45" duration="93"/>
    <step time="65100.00" loaded="76821" inserted="75857" running="281" waiting="964" ended="75576" arrived="75576" collisions="239" teleports="239" halting="2" stopped="0" meanWaitingTime="818.93" meanTravelTime="437.46" meanSpeed="17.83" meanSpeedRelative="0.56" duration="2"/>
    <step time="65400.00" loaded="76872" inserted="76024" running="168" waiting="848" ended="75856" arrived="75856" collisions="239" teleports="239" halting="0" stopped="0" meanWaitingTime="827.17" meanTravelTime="437.75" meanSpeed="22.55" meanSpeedRelative="0.70" duration="1"/>
    <step time="65700.00" loaded="76916" inserted="76183" running="143" waiting="733" ended="76040" arrived="76040" collisions="239" teleports="239" halting="0" stopped="0" meanWaitingTime="834.61" meanTravelTime="437.43" meanSpeed="22.95" meanSpeedRelative="0.72" duration="1"/>
    <step time="66000.00" loaded="76968" inserted="76355" running="148" waiting="613" ended="76207" arrived="76207" collisions="239" teleports="239" halting="0" stopped="0" meanWaitingTime="840.47" meanTravelTime="437.04" meanSpeed="23.44" meanSpeedRelative="0.73" duration="2"/>
    <step time="66300.00" loaded="77042" inserted="76485" running="94" waiting="557" ended="76391" arrived="76391" collisions="239" teleports="239" halting="1" stopped="0" meanWaitingTime="845.11" meanTravelTime="436.61" meanSpeed="24.45" meanSpeedRelative="0.76" duration="1"/>
    <step time="66600.00" loaded="77082" inserted="76587" running="61" waiting="495" ended="76526" arrived="76526" collisions="239" teleports="239" halting="0" stopped="0" meanWaitingTime="850.54" meanTravelTime="436.25" meanSpeed="24.09" meanSpeedRelative="0.75" duration="1"/>
    <step time="66900.00" loaded="77130" inserted="76695" running="58" waiting="435" ended="76637" arrived="76637" collisions="239" teleports="239" halting="0" stopped="0" meanWaitingTime="856.05" meanTravelTime="435.91" meanSpeed="23.32" meanSpeedRelative="0.73" duration="1"/>
    <step time="67200.00" loaded="77181" inserted="76808" running="66" waiting="373" ended="76742" arrived="76742" collisions="239" teleports="239" halting="1" stopped="0" meanWaitingTime="861.49" meanTravelTime="435.52" meanSpeed="23.66" meanSpeedRelative="0.74" duration="1"/>
    <step time="67500.00" loaded="77236" inserted="76918" running="48" waiting="318" ended="76870" arrived="76870" collisions="239" teleports="239" halting="0" stopped="0" meanWaitingTime="866.46" meanTravelTime="435.07" meanSpeed="22.37" meanSpeedRelative="0.70" duration="1"/>
    <step time="67800.00" loaded="77289" inserted="77032" running="66" waiting="257" ended="76966" arrived="76966" collisions="239" teleports="239" halting="0" stopped="0" meanWaitingTime="871.38" meanTravelTime="434.68" meanSpeed="22.06" meanSpeedRelative="0.69" duration="1"/>
    <step time="68100.00" loaded="77329" inserted="77135" running="57" waiting="194" ended="77078" arrived="77078" collisions="239" teleports="239" halting="1" stopped="0" meanWaitingTime="876.54" meanTravelTime="434.31" meanSpeed="22.39" meanSpeedRelative="0.70" duration="0"/>
    <step time="68400.00" loaded="77392" inserted="77253" running="62" waiting="139" ended="77191" arrived="77191" collisions="239" teleports="239" halting="1" stopped="0" meanWaitingTime="881.11" meanTravelTime="433.90" meanSpeed="23.34" meanSpeedRelative="0.73" duration="88"/>
    <step time="68700.00" loaded="77573" inserted="77475" running="141" waiting="98" ended="77334" arrived="77334" collisions="239" teleports="239" halting="0" stopped="0" meanWaitingTime="883.12" meanTravelTime="433.37" meanSpeed="24.74" meanSpeedRelative="0.77" duration="1"/>
    <step time="69000.00" loaded="77723" inserted="77683" running="138" waiting="40" ended="77545" arrived="77545" collisions="239" teleports="239" halting="1" stopped="0" meanWaitingTime="883.19" meanTravelTime="432.74" meanSpeed="24.29" meanSpeedRelative="0.76" duration="0"/>
    <step time="69300.00" loaded="77895" inserted="77895" running="150" waiting="0" ended="77745" arrived="77745" collisions="239" teleports="239" halting="0" stopped="0" meanWaitingTime="881.08" meanTravelTime="432.14" meanSpeed="26.01" meanSpeedRelative="0.81" duration="1"/>
    <step time="69600.00" loaded="78053" inserted="78053" running="140" waiting="0" ended="77913" arrived="77913" collisions="239" teleports="239" halting="0" stopped="0" meanWaitingTime="879.30" meanTravelTime="431.77" meanSpeed="25.42" meanSpeedRelative="0.79" duration="1"/>
    <step time="69900.00" loaded="78215" inserted="78215" running="152" waiting="0" ended="78063" arrived="78063" collisions="239" teleports="239" halting="2" stopped="0" meanWaitingTime="877.48" meanTravelTime="431.44" meanSpeed="22.89" meanSpeedRelative="0.72" duration="2"/>
    <step time="70200.00" loaded="78384" inserted="78384" running="149" waiting="0" ended="78235" arrived="78235" collisions="239" teleports="239" halting="0" stopped="0" meanWaitingTime="875.59" meanTravelTime="431.11" meanSpeed="25.22" meanSpeedRelative="0.79" duration="1"/>
    <step time="70500.00" loaded="78544" inserted="78543" running="141" waiting="1" ended="78402" arrived="78402" collisions="239" teleports="239" halting="0" stopped="0" meanWaitingTime="873.81" meanTravelTime="430.81" meanSpeed="25.62" meanSpeedRelative="0.80" duration="1"/>
    <step time="70800.00" loaded="78697" inserted="78696" running="148" waiting="1" ended="78548" arrived="78548" collisions="239" teleports="239" halting="1" stopped="0" meanWaitingTime="872.12" meanTravelTime="430.55" meanSpeed="24.75" meanSpeedRelative="0.77" duration="1"/>
    <step time="71100.00" loaded="78849" inserted="78849" running="151" waiting="0" ended="78698" arrived="78698" collisions="239" teleports="239" halting="0" stopped="0" meanWaitingTime="870.42" meanTravelTime="430.20" meanSpeed="25.31" meanSpeedRelative="0.79" duration="1"/>
    <step time="71400.00" loaded="79008" inserted="79007" running="140" waiting="1" ended="78867" arrived="78867" collisions="239" teleports="239" halting="1" stopped="0" meanWaitingTime="868.68" meanTravelTime="429.88" meanSpeed="25.24" meanSpeedRelative="0.79" duration="1"/>
    <step time="71700.00" loaded="79145" inserted="79145" running="135" waiting="0" ended="79010" arrived="79010" collisions="240" teleports="240" halting="0" stopped="0" meanWaitingTime="867.17" meanTravelTime="429.63" meanSpeed="24.14" meanSpeedRelative="0.75" duration="0"/>
    <step time="72000.00" loaded="79296" inserted="79296" running="139" waiting="0" ended="79157" arrived="79157" collisions="240" teleports="240" halting="0" stopped="0" meanWaitingTime="865.52" meanTravelTime="429.36" meanSpeed="25.53" meanSpeedRelative="0.80" duration="82"/>
    <step time="72300.00" loaded="79413" inserted="79413" running="105" waiting="0" ended="79308" arrived="79308" collisions="240" teleports="240" halting="0" stopped="0" meanWaitingTime="864.24" meanTravelTime="429.05" meanSpeed="26.01" meanSpeedRelative="0.81" duration="1"/>
    <step time="72600.00" loaded="79562" inserted="79562" running="117" waiting="0" ended="79445" arrived="79445" collisions="240" teleports="240" halting="1" stopped="0" meanWaitingTime="862.63" meanTravelTime="428.77" meanSpeed="25.38" meanSpeedRelative="0.79" duration="1"/>
    <step time="72900.00" loaded="79697" inserted="79697" running="108" waiting="0" ended="79589" arrived="79589" collisions="240" teleports="240" halting="1" stopped="0" meanWaitingTime="861.17" meanTravelTime="428.47" meanSpeed="25.92" meanSpeedRelative="0.81" duration="0"/>
    <step time="73200.00" loaded="79843" inserted="79843" running="123" waiting="0" ended="79720" arrived="79720" collisions="240" teleports="240" halting="0" stopped="0" meanWaitingTime="859.59" meanTravelTime="428.12" meanSpeed="25.40" meanSpeedRelative="0.79" duration="1"/>
    <step time="73500.00" loaded="79981" inserted="79981" running="121" waiting="0" ended="79860" arrived="79860" collisions="240" teleports="240" halting="0" stopped="0" meanWaitingTime="858.11" meanTravelTime="427.79" meanSpeed="24.53" meanSpeedRelative="0.77" duration="1"/>
    <step time="73800.00" loaded="80141" inserted="80141" running="145" waiting="0" ended="79996" arrived="79996" collisions="240" teleports="240" halting="1" stopped="0" meanWaitingTime="856.40" meanTravelTime="427.50" meanSpeed="25.70" meanSpeedRelative="0.80" duration="1"/>
    <step time="74100.00" loaded="80273" inserted="80273" running="140" waiting="0" ended="80133" arrived="80133" collisions="241" teleports="241" halting="1" stopped="0" meanWaitingTime="854.99" meanTravelTime="427.23" meanSpeed="26.31" meanSpeedRelative="0.82" duration="0"/>
    <step time="74400.00" loaded="80387" inserted="80387" running="112" waiting="0" ended="80275" arrived="80275" collisions="241" teleports="241" halting="0" stopped="0" meanWaitingTime="853.78" meanTravelTime="427.01" meanSpeed="24.75" meanSpeedRelative="0.77" duration="0"/>
    <step time="74700.00" loaded="80516" inserted="80516" running="102" waiting="0" ended="80414" arrived="80414" collisions="241" teleports="241" halting="0" stopped="0" meanWaitingTime="852.41" meanTravelTime="426.75" meanSpeed="25.73" meanSpeedRelative="0.80" duration="1"/>
    <step time="75000.00" loaded="80633" inserted="80633" running="88" waiting="0" ended="80545" arrived="80545" collisions="241" teleports="241" halting="1" stopped="0" meanWaitingTime="851.17" meanTravelTime="426.49" meanSpeed="25.64" meanSpeedRelative="0.80" duration="1"/>
    <step time="75300.00" loaded="80768" inserted="80768" running="111" waiting="0" ended="80657" arrived="80657" collisions="241" teleports="241" halting="0" stopped="0" meanWaitingTime="849.75" meanTravelTime="426.23" meanSpeed="26.35" meanSpeedRelative="0.82" duration="1"/>
    <step time="75600.00" loaded="80898" inserted="80898" running="109" waiting="0" ended="80789" arrived="80789" collisions="241" teleports="241" halting="0" stopped="0" meanWaitingTime="848.39" meanTravelTime="425.89" meanSpeed="25.75" meanSpeedRelative="0.80" duration="81"/>
    <step time="75900.00" loaded="81098" inserted="81098" running="149" waiting="0" ended="80949" arrived="80949" collisions="243" teleports="243" halting="1" stopped="0" meanWaitingTime="846.29" meanTravelTime="425.52" meanSpeed="25.52" meanSpeedRelative="0.80" duration="0"/>
    <step time="76200.00" loaded="81320" inserted="81320" running="185" waiting="0" ended="81135" arrived="81135" collisions="243" teleports="243" halting="0" stopped="0" meanWaitingTime="843.99" meanTravelTime="425.09" meanSpeed="24.87" meanSpeedRelative="0.78" duration="1"/>
    <step time="76500.00" loaded="81512" inserted="81512" running="180" waiting="0" ended="81332" arrived="81332" collisions="243" teleports="243" halting="1" stopped="0" meanWaitingTime="842.00" meanTravelTime="424.67" meanSpeed="24.93" meanSpeedRelative="0.78" duration="1"/>
    <step time="76800.00" loaded="81706" inserted="81706" running="182" waiting="0" ended="81524" arrived="81524" collisions="243" teleports="243" halting="1" stopped="0" meanWaitingTime="840.00" meanTravelTime="424.32" meanSpeed="25.59" meanSpeedRelative="0.80" duration="1"/>
    <step time="77100.00" loaded="81891" inserted="81891" running="181" waiting="0" ended="81710" arrived="81710" collisions="243" teleports="243" halting="1" stopped="0" meanWaitingTime="838.10" meanTravelTime="424.00" meanSpeed="25.64" meanSpeedRelative="0.80" duration="1"/>
    <step time="77400.00" loaded="82107" inserted="82107" running="193" waiting="0" ended="81914" arrived="81914" collisions="243" teleports="243" halting="0" stopped="0" meanWaitingTime="835.90" meanTravelTime="423.62" meanSpeed="24.21" meanSpeedRelative="0.76" duration="1"/>
    <step time="77700.00" loaded="82310" inserted="82310" running="191" waiting="0" ended="82119" arrived="82119" collisions="243" teleports="243" halting="1" stopped="0" meanWaitingTime="833.84" meanTravelTime="423.27" meanSpeed="24.49" meanSpeedRelative="0.77" duration="1"/>
    <step time="78000.00" loaded="82508" inserted="82508" running="191" waiting="0" ended="82317" arrived="82317" collisions="243" teleports="243" halting="1" stopped="0" meanWaitingTime="831.84" meanTravelTime="422.88" meanSpeed="23.53" meanSpeedRelative="0.74" duration="1"/>
    <step time="78300.00" loaded="82686" inserted="82686" running="180" waiting="0" ended="82506" arrived="82506" collisions="243" teleports="243" halting="1" stopped="0" meanWaitingTime="830.05" meanTravelTime="422.63" meanSpeed="24.82" meanSpeedRelative="0.78" duration="2"/>
    <step time="78600.00" loaded="82868" inserted="82868" running="158" waiting="0" ended="82710" arrived="82710" collisions="243" teleports="243" halting="0" stopped="0" meanWaitingTime="828.23" meanTravelTime="422.30" meanSpeed="24.97" meanSpeedRelative="0.78" duration="1"/>
    <step time="78900.00" loaded="83026" inserted="83026" running="157" waiting="0" ended="82869" arrived="82869" collisions="243" teleports="243" halting="3" stopped="0" meanWaitingTime="826.65" meanTravelTime="422.00" meanSpeed="24.89" meanSpeedRelative="0.78" duration="1"/>
    <step time="79200.00" loaded="83234" inserted="83233" running="185" waiting="1" ended="83048" arrived="83048" collisions="243" teleports="243" halting="0" stopped="0" meanWaitingTime="824.60" meanTravelTime="421.66" meanSpeed="25.98" meanSpeedRelative="0.81" duration="82"/>
    <step time="79500.00" loaded="83433" inserted="83433" running="175" waiting="0" ended="83258" arrived="83258" collisions="243" teleports="243" halting="0" stopped="0" meanWaitingTime="822.62" meanTravelTime="421.28" meanSpeed="24.91" meanSpeedRelative="0.78" duration="1"/>
    <step time="79800.00" loaded="83592" inserted="83592" running="151" waiting="0" ended="83441" arrived="83441" collisions="243" teleports="243" halting="0" stopped="0" meanWaitingTime="821.06" meanTravelTime="420.95" meanSpeed="25.71" meanSpeedRelative="0.80" duration="1"/>
    <step time="80100.00" loaded="83782" inserted="83782" running="176" waiting="0" ended="83606" arrived="83606" collisions="243" teleports="243" halting="2" stopped="0" meanWaitingTime="819.20" meanTravelTime="420.64" meanSpeed="25.19" meanSpeedRelative="0.79" duration="1"/>
    <step time="80400.00" loaded="83957" inserted="83957" running="153" waiting="0" ended="83804" arrived="83804" collisions="243" teleports="243" halting="1" stopped="0" meanWaitingTime="817.49" meanTravelTime="420.30" meanSpeed="24.81" meanSpeedRelative="0.78" duration="0"/>
    <step time="80700.00" loaded="84139" inserted="84139" running="151" waiting="0" ended="83988" arrived="83988" collisions="244" teleports="244" halting="1" stopped="0" meanWaitingTime="815.72" meanTravelTime="420.00" meanSpeed="25.65" meanSpeedRelative="0.80" duration="1"/>
    <step time="81000.00" loaded="84296" inserted="84296" running="147" waiting="0" ended="84149" arrived="84149" collisions="244" teleports="244" halting="0" stopped="0" meanWaitingTime="814.20" meanTravelTime="419.72" meanSpeed="24.22" meanSpeedRelative="0.76" duration="1"/>
    <step time="81300.00" loaded="84466" inserted="84466" running="161" waiting="0" ended="84305" arrived="84305" collisions="244" teleports="244" halting="2" stopped="0" meanWaitingTime="812.57" meanTravelTime="419.43" meanSpeed="24.53" meanSpeedRelative="0.77" duration="1"/>
    <step time="81600.00" loaded="84618" inserted="84618" running="130" waiting="0" ended="84488" arrived="84488" collisions="244" teleports="244" halting="0" stopped="0" meanWaitingTime="811.11" meanTravelTime="419.13" meanSpeed="25.69" meanSpeedRelative="0.80" duration="1"/>
    <step time="81900.00" loaded="84816" inserted="84816" running="170" waiting="0" ended="84646" arrived="84646" collisions="244" teleports="244" halting="0" stopped="0" meanWaitingTime="809.21" meanTravelTime="418.88" meanSpeed="25.70" meanSpeedRelative="0.80" duration="1"/>
    <step time="82200.00" loaded="84999" inserted="84999" running="160" waiting="0" ended="84839" arrived="84839" collisions="244" teleports="244" halting="0" stopped="0" meanWaitingTime="807.47" meanTravelTime="418.51" meanSpeed="25.33" meanSpeedRelative="0.79" duration="1"/>
    <step time="82500.00" loaded="85184" inserted="85184" running="156" waiting="0" ended="85028" arrived="85028" collisions="244" teleports="244" halting="0" stopped="0" meanWaitingTime="805.72" meanTravelTime="418.16" meanSpeed="25.58" meanSpeedRelative="0.80" duration="1"/>
</summary>
