<?xml version="1.0" encoding="UTF-8"?>

<!-- generated on 2025-08-07 15:55:47 by Eclipse SUMO sumo Version 1.23.1
<sumoConfiguration xmlns:xsi="http://www.w3.org/2001/XMLSchema-instance" xsi:noNamespaceSchemaLocation="http://sumo.dlr.de/xsd/sumoConfiguration.xsd">

    <input>
        <net-file value="Desktop\Master Thesis\Network_fin.net.xml"/>
        <route-files value="Desktop\Master Thesis\demand_model_amsterdam.rou.xml"/>
        <additional-files value="Desktop\Master Thesis\Additionnal.add.xml"/>
    </input>

    <output>
        <summary-output value="outputf/summary_no_control_K16_target5_38349.xml"/>
        <summary-output.period value="300"/>
        <tripinfo-output value="outputf/tripinfo_no_control_K16_target5_38349.xml"/>
    </output>

    <time>
        <begin value="0"/>
        <end value="82800"/>
        <step-length value="1"/>
    </time>

    <processing>
        <time-to-teleport value="-1"/>
    </processing>

    <report>
        <verbose value="true"/>
        <no-step-log value="true"/>
    </report>

    <emissions>
        <device.emissions.period value="10"/>
    </emissions>

    <traci_server>
        <remote-port value="63941"/>
    </traci_server>

    <random_number>
        <seed value="38349"/>
    </random_number>

</sumoConfiguration>
-->

<summary xmlns:xsi="http://www.w3.org/2001/XMLSchema-instance" xsi:noNamespaceSchemaLocation="http://sumo.dlr.de/xsd/summary_file.xsd">
    <step time="0.00" loaded="0" inserted="0" running="0" waiting="0" ended="0" arrived="0" collisions="0" teleports="0" halting="0" stopped="0" meanWaitingTime="-1.00" meanTravelTime="-1.00" meanSpeed="-1.00" meanSpeedRelative="-1.00" duration="0"/>
    <step time="300.00" loaded="149" inserted="149" running="95" waiting="0" ended="54" arrived="54" collisions="0" teleports="0" halting="0" stopped="0" meanWaitingTime="0.21" meanTravelTime="98.39" meanSpeed="25.52" meanSpeedRelative="0.80" duration="1"/>
    <step time="600.00" loaded="335" inserted="335" running="148" waiting="0" ended="187" arrived="187" collisions="0" teleports="0" halting="1" stopped="0" meanWaitingTime="0.34" meanTravelTime="149.30" meanSpeed="24.98" meanSpeedRelative="0.78" duration="1"/>
    <step time="900.00" loaded="510" inserted="510" running="159" waiting="0" ended="351" arrived="351" collisions="1" teleports="1" halting="0" stopped="0" meanWaitingTime="0.36" meanTravelTime="176.68" meanSpeed="24.57" meanSpeedRelative="0.77" duration="1"/>
    <step time="1200.00" loaded="677" inserted="677" running="154" waiting="0" ended="523" arrived="523" collisions="2" teleports="2" halting="0" stopped="0" meanWaitingTime="0.35" meanTravelTime="206.27" meanSpeed="25.54" meanSpeedRelative="0.80" duration="1"/>
    <step time="1500.00" loaded="840" inserted="840" running="144" waiting="0" ended="696" arrived="696" collisions="2" teleports="2" halting="0" stopped="0" meanWaitingTime="0.33" meanTravelTime="225.19" meanSpeed="25.73" meanSpeedRelative="0.80" duration="1"/>
    <step time="1800.00" loaded="1044" inserted="1044" running="168" waiting="0" ended="876" arrived="876" collisions="3" teleports="3" halting="1" stopped="0" meanWaitingTime="0.38" meanTravelTime="234.49" meanSpeed="23.88" meanSpeedRelative="0.75" duration="1"/>
    <step time="2100.00" loaded="1218" inserted="1218" running="160" waiting="0" ended="1058" arrived="1058" collisions="3" teleports="3" halting="1" stopped="0" meanWaitingTime="0.37" meanTravelTime="240.15" meanSpeed="24.92" meanSpeedRelative="0.78" duration="2"/>
    <step time="2400.00" loaded="1413" inserted="1413" running="173" waiting="0" ended="1240" arrived="1240" collisions="3" teleports="3" halting="0" stopped="0" meanWaitingTime="0.42" meanTravelTime="242.04" meanSpeed="25.03" meanSpeedRelative="0.78" duration="1"/>
    <step time="2700.00" loaded="1567" inserted="1567" running="145" waiting="0" ended="1422" arrived="1422" collisions="3" teleports="3" halting="1" stopped="0" meanWaitingTime="0.40" meanTravelTime="247.41" meanSpeed="24.78" meanSpeedRelative="0.77" duration="1"/>
    <step time="3000.00" loaded="1744" inserted="1743" running="161" waiting="1" ended="1582" arrived="1582" collisions="3" teleports="3" halting="0" stopped="0" meanWaitingTime="0.40" meanTravelTime="250.73" meanSpeed="25.49" meanSpeedRelative="0.80" duration="1"/>
    <step time="3300.00" loaded="1933" inserted="1933" running="169" waiting="0" ended="1764" arrived="1764" collisions="4" teleports="4" halting="1" stopped="0" meanWaitingTime="0.42" meanTravelTime="250.72" meanSpeed="25.29" meanSpeedRelative="0.79" duration="1"/>
    <step time="3600.00" loaded="2111" inserted="2111" running="164" waiting="0" ended="1947" arrived="1947" collisions="4" teleports="4" halting="0" stopped="0" meanWaitingTime="0.44" meanTravelTime="252.13" meanSpeed="25.14" meanSpeedRelative="0.79" duration="86"/>
    <step time="3900.00" loaded="2208" inserted="2208" running="86" waiting="0" ended="2122" arrived="2122" collisions="4" teleports="4" halting="1" stopped="0" meanWaitingTime="0.43" meanTravelTime="254.06" meanSpeed="24.90" meanSpeedRelative="0.78" duration="1"/>
    <step time="4200.00" loaded="2323" inserted="2323" running="93" waiting="0" ended="2230" arrived="2230" collisions="4" teleports="4" halting="0" stopped="0" meanWaitingTime="0.41" meanTravelTime="257.47" meanSpeed="26.01" meanSpeedRelative="0.81" duration="0"/>
    <step time="4500.00" loaded="2431" inserted="2431" running="98" waiting="0" ended="2333" arrived="2333" collisions="4" teleports="4" halting="0" stopped="0" meanWaitingTime="0.40" meanTravelTime="256.20" meanSpeed="25.18" meanSpeedRelative="0.79" duration="1"/>
    <step time="4800.00" loaded="2531" inserted="2531" running="75" waiting="0" ended="2456" arrived="2456" collisions="4" teleports="4" halting="1" stopped="0" meanWaitingTime="0.39" meanTravelTime="256.88" meanSpeed="26.14" meanSpeedRelative="0.82" duration="1"/>
    <step time="5100.00" loaded="2633" inserted="2633" running="75" waiting="0" ended="2558" arrived="2558" collisions="4" teleports="4" halting="0" stopped="0" meanWaitingTime="0.38" meanTravelTime="255.85" meanSpeed="25.68" meanSpeedRelative="0.80" duration="0"/>
    <step time="5400.00" loaded="2751" inserted="2751" running="83" waiting="0" ended="2668" arrived="2668" collisions="4" teleports="4" halting="0" stopped="0" meanWaitingTime="0.37" meanTravelTime="254.42" meanSpeed="26.70" meanSpeedRelative="0.83" duration="0"/>
    <step time="5700.00" loaded="2876" inserted="2876" running="98" waiting="0" ended="2778" arrived="2778" collisions="4" teleports="4" halting="0" stopped="0" meanWaitingTime="0.36" meanTravelTime="254.26" meanSpeed="26.87" meanSpeedRelative="0.84" duration="1"/>
    <step time="6000.00" loaded="2977" inserted="2977" running="86" waiting="0" ended="2891" arrived="2891" collisions="4" teleports="4" halting="0" stopped="0" meanWaitingTime="0.36" meanTravelTime="252.99" meanSpeed="26.61" meanSpeedRelative="0.83" duration="1"/>
    <step time="6300.00" loaded="3093" inserted="3093" running="96" waiting="0" ended="2997" arrived="2997" collisions="4" teleports="4" halting="0" stopped="0" meanWaitingTime="0.35" meanTravelTime="253.30" meanSpeed="25.68" meanSpeedRelative="0.80" duration="1"/>
    <step time="6600.00" loaded="3194" inserted="3194" running="85" waiting="0" ended="3109" arrived="3109" collisions="4" teleports="4" halting="0" stopped="0" meanWaitingTime="0.35" meanTravelTime="252.70" meanSpeed="25.68" meanSpeedRelative="0.80" duration="0"/>
    <step time="6900.00" loaded="3319" inserted="3319" running="94" waiting="0" ended="3225" arrived="3225" collisions="4" teleports="4" halting="0" stopped="0" meanWaitingTime="0.34" meanTravelTime="251.85" meanSpeed="25.70" meanSpeedRelative="0.80" duration="0"/>
    <step time="7200.00" loaded="3428" inserted="3428" running="80" waiting="0" ended="3348" arrived="3348" collisions="4" teleports="4" halting="0" stopped="0" meanWaitingTime="0.34" meanTravelTime="251.49" meanSpeed="26.00" meanSpeedRelative="0.81" duration="86"/>
    <step time="7500.00" loaded="3572" inserted="3572" running="119" waiting="0" ended="3453" arrived="3453" collisions="4" teleports="4" halting="1" stopped="0" meanWaitingTime="0.35" meanTravelTime="251.09" meanSpeed="24.77" meanSpeedRelative="0.77" duration="1"/>
    <step time="7800.00" loaded="3713" inserted="3712" running="117" waiting="1" ended="3595" arrived="3595" collisions="4" teleports="4" halting="0" stopped="0" meanWaitingTime="0.35" meanTravelTime="250.92" meanSpeed="25.17" meanSpeedRelative="0.79" duration="1"/>
    <step time="8100.00" loaded="3862" inserted="3862" running="123" waiting="0" ended="3739" arrived="3739" collisions="4" teleports="4" halting="1" stopped="0" meanWaitingTime="0.35" meanTravelTime="249.58" meanSpeed="25.57" meanSpeedRelative="0.80" duration="0"/>
    <step time="8400.00" loaded="4014" inserted="4014" running="117" waiting="0" ended="3897" arrived="3897" collisions="4" teleports="4" halting="0" stopped="0" meanWaitingTime="0.35" meanTravelTime="248.90" meanSpeed="24.79" meanSpeedRelative="0.77" duration="1"/>
    <step time="8700.00" loaded="4162" inserted="4162" running="118" waiting="0" ended="4044" arrived="4044" collisions="4" teleports="4" halting="0" stopped="0" meanWaitingTime="0.35" meanTravelTime="248.31" meanSpeed="25.97" meanSpeedRelative="0.81" duration="0"/>
    <step time="9000.00" loaded="4324" inserted="4324" running="137" waiting="0" ended="4187" arrived="4187" collisions="4" teleports="4" halting="1" stopped="0" meanWaitingTime="0.35" meanTravelTime="248.90" meanSpeed="25.47" meanSpeedRelative="0.80" duration="1"/>
    <step time="9300.00" loaded="4472" inserted="4472" running="122" waiting="0" ended="4350" arrived="4350" collisions="4" teleports="4" halting="1" stopped="0" meanWaitingTime="0.35" meanTravelTime="248.69" meanSpeed="25.10" meanSpeedRelative="0.78" duration="1"/>
    <step time="9600.00" loaded="4613" inserted="4613" running="116" waiting="0" ended="4497" arrived="4497" collisions="4" teleports="4" halting="0" stopped="0" meanWaitingTime="0.35" meanTravelTime="248.54" meanSpeed="26.03" meanSpeedRelative="0.81" duration="1"/>
    <step time="9900.00" loaded="4744" inserted="4744" running="109" waiting="0" ended="4635" arrived="4635" collisions="4" teleports="4" halting="0" stopped="0" meanWaitingTime="0.35" meanTravelTime="248.44" meanSpeed="26.04" meanSpeedRelative="0.81" duration="1"/>
    <step time="10200.00" loaded="4885" inserted="4885" running="117" waiting="0" ended="4768" arrived="4768" collisions="5" teleports="5" halting="1" stopped="0" meanWaitingTime="0.35" meanTravelTime="247.71" meanSpeed="25.49" meanSpeedRelative="0.80" duration="1"/>
    <step time="10500.00" loaded="5036" inserted="5036" running="126" waiting="0" ended="4910" arrived="4910" collisions="5" teleports="5" halting="3" stopped="0" meanWaitingTime="0.35" meanTravelTime="247.71" meanSpeed="24.52" meanSpeedRelative="0.77" duration="1"/>
    <step time="10800.00" loaded="5189" inserted="5189" running="131" waiting="0" ended="5058" arrived="5058" collisions="5" teleports="5" halting="0" stopped="0" meanWaitingTime="0.36" meanTravelTime="247.20" meanSpeed="25.53" meanSpeedRelative="0.80" duration="86"/>
    <step time="11100.00" loaded="5343" inserted="5343" running="120" waiting="0" ended="5223" arrived="5223" collisions="5" teleports="5" halting="0" stopped="0" meanWaitingTime="0.35" meanTravelTime="247.95" meanSpeed="25.62" meanSpeedRelative="0.80" duration="1"/>
    <step time="11400.00" loaded="5494" inserted="5494" running="125" waiting="0" ended="5369" arrived="5369" collisions="5" teleports="5" halting="0" stopped="0" meanWaitingTime="0.36" meanTravelTime="247.94" meanSpeed="26.36" meanSpeedRelative="0.82" duration="1"/>
    <step time="11700.00" loaded="5629" inserted="5629" running="95" waiting="0" ended="5534" arrived="5534" collisions="5" teleports="5" halting="1" stopped="0" meanWaitingTime="0.36" meanTravelTime="247.98" meanSpeed="26.35" meanSpeedRelative="0.82" duration="1"/>
    <step time="12000.00" loaded="5752" inserted="5752" running="95" waiting="0" ended="5657" arrived="5657" collisions="5" teleports="5" halting="0" stopped="0" meanWaitingTime="0.36" meanTravelTime="247.21" meanSpeed="25.96" meanSpeedRelative="0.81" duration="0"/>
    <step time="12300.00" loaded="5887" inserted="5887" running="102" waiting="0" ended="5785" arrived="5785" collisions="5" teleports="5" halting="0" stopped="0" meanWaitingTime="0.36" meanTravelTime="247.00" meanSpeed="25.31" meanSpeedRelative="0.79" duration="1"/>
    <step time="12600.00" loaded="6018" inserted="6018" running="99" waiting="0" ended="5919" arrived="5919" collisions="5" teleports="5" halting="0" stopped="0" meanWaitingTime="0.36" meanTravelTime="247.02" meanSpeed="26.08" meanSpeedRelative="0.82" duration="1"/>
    <step time="12900.00" loaded="6154" inserted="6153" running="102" waiting="1" ended="6051" arrived="6051" collisions="5" teleports="5" halting="1" stopped="0" meanWaitingTime="0.36" meanTravelTime="246.21" meanSpeed="24.26" meanSpeedRelative="0.76" duration="0"/>
    <step time="13200.00" loaded="6300" inserted="6300" running="108" waiting="0" ended="6192" arrived="6192" collisions="5" teleports="5" halting="1" stopped="0" meanWaitingTime="0.37" meanTravelTime="245.60" meanSpeed="25.71" meanSpeedRelative="0.80" duration="1"/>
    <step time="13500.00" loaded="6454" inserted="6453" running="107" waiting="1" ended="6346" arrived="6346" collisions="5" teleports="5" halting="0" stopped="0" meanWaitingTime="0.36" meanTravelTime="244.86" meanSpeed="26.01" meanSpeedRelative="0.81" duration="1"/>
    <step time="13800.00" loaded="6626" inserted="6626" running="116" waiting="0" ended="6510" arrived="6510" collisions="5" teleports="5" halting="0" stopped="0" meanWaitingTime="0.36" meanTravelTime="243.86" meanSpeed="26.34" meanSpeedRelative="0.82" duration="1"/>
    <step time="14100.00" loaded="6784" inserted="6784" running="107" waiting="0" ended="6677" arrived="6677" collisions="5" teleports="5" halting="0" stopped="0" meanWaitingTime="0.36" meanTravelTime="243.07" meanSpeed="25.78" meanSpeedRelative="0.81" duration="1"/>
    <step time="14400.00" loaded="6936" inserted="6936" running="111" waiting="0" ended="6825" arrived="6825" collisions="5" teleports="5" halting="1" stopped="0" meanWaitingTime="0.36" meanTravelTime="242.23" meanSpeed="25.56" meanSpeedRelative="0.80" duration="86"/>
    <step time="14700.00" loaded="7033" inserted="7033" running="92" waiting="0" ended="6941" arrived="6941" collisions="5" teleports="5" halting="0" stopped="0" meanWaitingTime="0.36" meanTravelTime="242.20" meanSpeed="25.71" meanSpeedRelative="0.80" duration="1"/>
    <step time="15000.00" loaded="7137" inserted="7137" running="86" waiting="0" ended="7051" arrived="7051" collisions="5" teleports="5" halting="0" stopped="0" meanWaitingTime="0.36" meanTravelTime="242.56" meanSpeed="24.69" meanSpeedRelative="0.77" duration="0"/>
    <step time="15300.00" loaded="7246" inserted="7246" running="79" waiting="0" ended="7167" arrived="7167" collisions="5" teleports="5" halting="0" stopped="0" meanWaitingTime="0.36" meanTravelTime="242.98" meanSpeed="26.02" meanSpeedRelative="0.81" duration="1"/>
    <step time="15600.00" loaded="7348" inserted="7348" running="81" waiting="0" ended="7267" arrived="7267" collisions="5" teleports="5" halting="1" stopped="0" meanWaitingTime="0.36" meanTravelTime="242.53" meanSpeed="25.53" meanSpeedRelative="0.80" duration="1"/>
    <step time="15900.00" loaded="7455" inserted="7455" running="78" waiting="0" ended="7377" arrived="7377" collisions="6" teleports="6" halting="0" stopped="0" meanWaitingTime="0.36" meanTravelTime="242.25" meanSpeed="26.09" meanSpeedRelative="0.82" duration="0"/>
    <step time="16200.00" loaded="7557" inserted="7557" running="79" waiting="0" ended="7478" arrived="7478" collisions="6" teleports="6" halting="0" stopped="0" meanWaitingTime="0.36" meanTravelTime="241.79" meanSpeed="25.49" meanSpeedRelative="0.80" duration="1"/>
    <step time="16500.00" loaded="7658" inserted="7658" running="69" waiting="0" ended="7589" arrived="7589" collisions="6" teleports="6" halting="0" stopped="0" meanWaitingTime="0.35" meanTravelTime="241.40" meanSpeed="27.29" meanSpeedRelative="0.85" duration="0"/>
    <step time="16800.00" loaded="7758" inserted="7758" running="67" waiting="0" ended="7691" arrived="7691" collisions="6" teleports="6" halting="0" stopped="0" meanWaitingTime="0.35" meanTravelTime="241.24" meanSpeed="25.33" meanSpeedRelative="0.79" duration="0"/>
    <step time="17100.00" loaded="7864" inserted="7864" running="71" waiting="0" ended="7793" arrived="7793" collisions="6" teleports="6" halting="0" stopped="0" meanWaitingTime="0.35" meanTravelTime="240.52" meanSpeed="26.13" meanSpeedRelative="0.82" duration="1"/>
    <step time="17400.00" loaded="7976" inserted="7976" running="80" waiting="0" ended="7896" arrived="7896" collisions="6" teleports="6" halting="0" stopped="0" meanWaitingTime="0.35" meanTravelTime="240.23" meanSpeed="26.08" meanSpeedRelative="0.82" duration="0"/>
    <step time="17700.00" loaded="8080" inserted="8080" running="76" waiting="0" ended="8004" arrived="8004" collisions="6" teleports="6" halting="0" stopped="0" meanWaitingTime="0.35" meanTravelTime="239.80" meanSpeed="25.87" meanSpeedRelative="0.81" duration="0"/>
    <step time="18000.00" loaded="8176" inserted="8176" running="59" waiting="0" ended="8117" arrived="8117" collisions="6" teleports="6" halting="0" stopped="0" meanWaitingTime="0.34" meanTravelTime="239.57" meanSpeed="25.24" meanSpeedRelative="0.79" duration="79"/>
    <step time="18300.00" loaded="8370" inserted="8370" running="116" waiting="0" ended="8254" arrived="8254" collisions="6" teleports="6" halting="0" stopped="0" meanWaitingTime="0.35" meanTravelTime="238.62" meanSpeed="25.63" meanSpeedRelative="0.80" duration="0"/>
    <step time="18600.00" loaded="8569" inserted="8569" running="155" waiting="0" ended="8414" arrived="8414" collisions="6" teleports="6" halting="2" stopped="0" meanWaitingTime="0.35" meanTravelTime="237.47" meanSpeed="25.05" meanSpeedRelative="0.78" duration="1"/>
    <step time="18900.00" loaded="8774" inserted="8774" running="172" waiting="0" ended="8602" arrived="8602" collisions="6" teleports="6" halting="1" stopped="0" meanWaitingTime="0.37" meanTravelTime="237.40" meanSpeed="25.13" meanSpeedRelative="0.79" duration="1"/>
    <step time="19200.00" loaded="8982" inserted="8982" running="168" waiting="0" ended="8814" arrived="8814" collisions="6" teleports="6" halting="1" stopped="0" meanWaitingTime="0.39" meanTravelTime="237.20" meanSpeed="25.31" meanSpeedRelative="0.79" duration="1"/>
    <step time="19500.00" loaded="9181" inserted="9180" running="146" waiting="1" ended="9034" arrived="9034" collisions="7" teleports="7" halting="1" stopped="0" meanWaitingTime="0.40" meanTravelTime="237.21" meanSpeed="25.29" meanSpeedRelative="0.79" duration="1"/>
    <step time="19800.00" loaded="9392" inserted="9391" running="168" waiting="1" ended="9223" arrived="9223" collisions="8" teleports="8" halting="0" stopped="0" meanWaitingTime="0.40" meanTravelTime="237.26" meanSpeed="25.01" meanSpeedRelative="0.78" duration="0"/>
    <step time="20100.00" loaded="9599" inserted="9599" running="182" waiting="0" ended="9417" arrived="9417" collisions="8" teleports="8" halting="1" stopped="0" meanWaitingTime="0.40" meanTravelTime="237.43" meanSpeed="25.24" meanSpeedRelative="0.79" duration="2"/>
    <step time="20400.00" loaded="9782" inserted="9782" running="159" waiting="0" ended="9623" arrived="9623" collisions="8" teleports="8" halting="0" stopped="0" meanWaitingTime="0.41" meanTravelTime="238.18" meanSpeed="24.87" meanSpeedRelative="0.78" duration="1"/>
    <step time="20700.00" loaded="9999" inserted="9999" running="168" waiting="0" ended="9831" arrived="9831" collisions="8" teleports="8" halting="1" stopped="0" meanWaitingTime="0.41" meanTravelTime="237.97" meanSpeed="24.76" meanSpeedRelative="0.77" duration="1"/>
    <step time="21000.00" loaded="10192" inserted="10192" running="161" waiting="0" ended="10031" arrived="10031" collisions="8" teleports="8" halting="0" stopped="0" meanWaitingTime="0.41" meanTravelTime="238.43" meanSpeed="25.59" meanSpeedRelative="0.80" duration="1"/>
    <step time="21300.00" loaded="10402" inserted="10402" running="165" waiting="0" ended="10237" arrived="10237" collisions="8" teleports="8" halting="1" stopped="0" meanWaitingTime="0.42" meanTravelTime="238.31" meanSpeed="25.29" meanSpeedRelative="0.79" duration="1"/>
    <step time="21600.00" loaded="10592" inserted="10592" running="145" waiting="0" ended="10447" arrived="10447" collisions="8" teleports="8" halting="2" stopped="0" meanWaitingTime="0.42" meanTravelTime="238.47" meanSpeed="25.95" meanSpeedRelative="0.81" duration="78"/>
    <step time="21900.00" loaded="11090" inserted="11062" running="374" waiting="28" ended="10688" arrived="10688" collisions="8" teleports="8" halting="0" stopped="0" meanWaitingTime="0.91" meanTravelTime="237.87" meanSpeed="21.70" meanSpeedRelative="0.68" duration="2"/>
    <step time="22200.00" loaded="11537" inserted="11502" running="430" waiting="35" ended="11072" arrived="11072" collisions="8" teleports="8" halting="1" stopped="0" meanWaitingTime="1.72" meanTravelTime="238.33" meanSpeed="21.02" meanSpeedRelative="0.66" duration="2"/>
    <step time="22500.00" loaded="11997" inserted="11932" running="437" waiting="65" ended="11495" arrived="11495" collisions="9" teleports="9" halting="1" stopped="0" meanWaitingTime="2.81" meanTravelTime="240.16" meanSpeed="20.00" meanSpeedRelative="0.62" duration="2"/>
    <step time="22800.00" loaded="12458" inserted="12372" running="487" waiting="86" ended="11885" arrived="11885" collisions="10" teleports="10" halting="3" stopped="0" meanWaitingTime="4.45" meanTravelTime="242.53" meanSpeed="20.39" meanSpeedRelative="0.64" duration="2"/>
    <step time="23100.00" loaded="12929" inserted="12813" running="482" waiting="116" ended="12331" arrived="12331" collisions="13" teleports="13" halting="3" stopped="0" meanWaitingTime="6.34" meanTravelTime="245.10" meanSpeed="19.70" meanSpeedRelative="0.62" duration="3"/>
    <step time="23400.00" loaded="13429" inserted="13275" running="513" waiting="154" ended="12762" arrived="12762" collisions="14" teleports="14" halting="1" stopped="0" meanWaitingTime="8.79" meanTravelTime="248.04" meanSpeed="18.55" meanSpeedRelative="0.58" duration="3"/>
    <step time="23700.00" loaded="13903" inserted="13707" running="514" waiting="196" ended="13193" arrived="13193" collisions="16" teleports="16" halting="1" stopped="0" meanWaitingTime="11.53" meanTravelTime="251.65" meanSpeed="18.39" meanSpeedRelative="0.57" duration="3"/>
    <step time="24000.00" loaded="14376" inserted="14165" running="515" waiting="211" ended="13650" arrived="13650" collisions="19" teleports="19" halting="3" stopped="0" meanWaitingTime="14.91" meanTravelTime="254.42" meanSpeed="18.74" meanSpeedRelative="0.59" duration="3"/>
    <step time="24300.00" loaded="14802" inserted="14591" running="500" waiting="211" ended="14091" arrived="14091" collisions="20" teleports="20" halting="3" stopped="0" meanWaitingTime="18.46" meanTravelTime="257.74" meanSpeed="19.23" meanSpeedRelative="0.60" duration="2"/>
    <step time="24600.00" loaded="15292" inserted="15021" running="514" waiting="271" ended="14507" arrived="14507" collisions="22" teleports="22" halting="1" stopped="0" meanWaitingTime="22.14" meanTravelTime="260.70" meanSpeed="18.84" meanSpeedRelative="0.59" duration="3"/>
    <step time="24900.00" loaded="15755" inserted="15453" running="511" waiting="302" ended="14942" arrived="14942" collisions="22" teleports="22" halting="3" stopped="0" meanWaitingTime="26.05" meanTravelTime="263.42" meanSpeed="18.74" meanSpeedRelative="0.59" duration="2"/>
    <step time="25200.00" loaded="16218" inserted="15865" running="479" waiting="353" ended="15386" arrived="15386" collisions="22" teleports="22" halting="2" stopped="0" meanWaitingTime="29.87" meanTravelTime="266.15" meanSpeed="19.57" meanSpeedRelative="0.61" duration="86"/>
    <step time="25500.00" loaded="16762" inserted="16361" running="553" waiting="401" ended="15808" arrived="15808" collisions="22" teleports="22" halting="5" stopped="0" meanWaitingTime="34.90" meanTravelTime="267.77" meanSpeed="18.26" meanSpeedRelative="0.57" duration="4"/>
    <step time="25800.00" loaded="17328" inserted="16834" running="560" waiting="494" ended="16274" arrived="16274" collisions="22" teleports="22" halting="1" stopped="0" meanWaitingTime="40.60" meanTravelTime="270.07" meanSpeed="17.48" meanSpeedRelative="0.55" duration="3"/>
    <step time="26100.00" loaded="17836" inserted="17323" running="617" waiting="513" ended="16706" arrived="16706" collisions="24" teleports="24" halting="2" stopped="0" meanWaitingTime="46.42" meanTravelTime="272.22" meanSpeed="17.91" meanSpeedRelative="0.56" duration="3"/>
    <step time="26400.00" loaded="18395" inserted="17803" running="596" waiting="592" ended="17207" arrived="17207" collisions="25" teleports="25" halting="1" stopped="0" meanWaitingTime="52.68" meanTravelTime="274.82" meanSpeed="16.90" meanSpeedRelative="0.53" duration="3"/>
    <step time="26700.00" loaded="18945" inserted="18272" running="604" waiting="673" ended="17668" arrived="17668" collisions="26" teleports="26" halting="1" stopped="0" meanWaitingTime="59.12" meanTravelTime="278.14" meanSpeed="16.86" meanSpeedRelative="0.53" duration="4"/>
    <step time="27000.00" loaded="19515" inserted="18755" running="594" waiting="760" ended="18161" arrived="18161" collisions="27" teleports="27" halting="3" stopped="0" meanWaitingTime="66.11" meanTravelTime="280.61" meanSpeed="17.37" meanSpeedRelative="0.54" duration="4"/>
    <step time="27300.00" loaded="20084" inserted="19257" running="613" waiting="827" ended="18644" arrived="18644" collisions="30" teleports="30" halting="3" stopped="0" meanWaitingTime="73.32" meanTravelTime="282.51" meanSpeed="16.79" meanSpeedRelative="0.52" duration="4"/>
    <step time="27600.00" loaded="20690" inserted="19764" running="637" waiting="926" ended="19127" arrived="19127" collisions="30" teleports="30" halting="2" stopped="0" meanWaitingTime="81.30" meanTravelTime="284.98" meanSpeed="16.52" meanSpeedRelative="0.52" duration="4"/>
    <step time="27900.00" loaded="21273" inserted="20236" running="636" waiting="1037" ended="19600" arrived="19600" collisions="33" teleports="33" halting="2" stopped="0" meanWaitingTime="89.34" meanTravelTime="287.58" meanSpeed="16.20" meanSpeedRelative="0.51" duration="4"/>
    <step time="28200.00" loaded="21846" inserted="20708" running="624" waiting="1138" ended="20084" arrived="20084" collisions="37" teleports="37" halting="3" stopped="0" meanWaitingTime="96.67" meanTravelTime="290.17" meanSpeed="17.16" meanSpeedRelative="0.54" duration="3"/>
    <step time="28500.00" loaded="22394" inserted="21172" running="609" waiting="1222" ended="20563" arrived="20563" collisions="38" teleports="38" halting="3" stopped="0" meanWaitingTime="105.53" meanTravelTime="292.88" meanSpeed="16.27" meanSpeedRelative="0.51" duration="3"/>
    <step time="28800.00" loaded="22951" inserted="21659" running="624" waiting="1292" ended="21035" arrived="21035" collisions="39" teleports="39" halting="2" stopped="0" meanWaitingTime="115.22" meanTravelTime="294.93" meanSpeed="16.39" meanSpeedRelative="0.51" duration="89"/>
    <step time="29100.00" loaded="23317" inserted="22079" running="574" waiting="1238" ended="21505" arrived="21505" collisions="39" teleports="39" halting="2" stopped="0" meanWaitingTime="126.45" meanTravelTime="297.19" meanSpeed="17.06" meanSpeedRelative="0.53" duration="3"/>
    <step time="29400.00" loaded="23686" inserted="22492" running="528" waiting="1194" ended="21964" arrived="21964" collisions="39" teleports="39" halting="1" stopped="0" meanWaitingTime="137.97" meanTravelTime="299.16" meanSpeed="17.79" meanSpeedRelative="0.56" duration="3"/>
    <step time="29700.00" loaded="24037" inserted="22919" running="520" waiting="1118" ended="22399" arrived="22399" collisions="39" teleports="39" halting="1" stopped="0" meanWaitingTime="149.71" meanTravelTime="300.76" meanSpeed="18.38" meanSpeedRelative="0.57" duration="2"/>
    <step time="30000.00" loaded="24398" inserted="23346" running="498" waiting="1052" ended="22848" arrived="22848" collisions="39" teleports="39" halting="2" stopped="0" meanWaitingTime="161.56" meanTravelTime="302.21" meanSpeed="18.01" meanSpeedRelative="0.56" duration="3"/>
    <step time="30300.00" loaded="24769" inserted="23786" running="502" waiting="983" ended="23284" arrived="23284" collisions="40" teleports="40" halting="2" stopped="0" meanWaitingTime="172.65" meanTravelTime="303.00" meanSpeed="18.42" meanSpeedRelative="0.58" duration="5"/>
    <step time="30600.00" loaded="25100" inserted="24207" running="504" waiting="893" ended="23703" arrived="23703" collisions="40" teleports="40" halting="3" stopped="0" meanWaitingTime="183.86" meanTravelTime="303.70" meanSpeed="18.28" meanSpeedRelative="0.57" duration="3"/>
    <step time="30900.00" loaded="25439" inserted="24636" running="494" waiting="803" ended="24142" arrived="24142" collisions="40" teleports="40" halting="0" stopped="0" meanWaitingTime="193.49" meanTravelTime="304.92" meanSpeed="18.31" meanSpeedRelative="0.57" duration="3"/>
    <step time="31200.00" loaded="25805" inserted="25063" running="488" waiting="742" ended="24575" arrived="24575" collisions="41" teleports="41" halting="2" stopped="0" meanWaitingTime="202.34" meanTravelTime="305.63" meanSpeed="18.99" meanSpeedRelative="0.59" duration="3"/>
    <step time="31500.00" loaded="26162" inserted="25492" running="473" waiting="670" ended="25019" arrived="25019" collisions="41" teleports="41" halting="0" stopped="0" meanWaitingTime="210.18" meanTravelTime="306.27" meanSpeed="19.64" meanSpeedRelative="0.61" duration="3"/>
    <step time="31800.00" loaded="26527" inserted="25899" running="440" waiting="628" ended="25459" arrived="25459" collisions="43" teleports="43" halting="2" stopped="0" meanWaitingTime="217.07" meanTravelTime="306.85" meanSpeed="20.01" meanSpeedRelative="0.63" duration="3"/>
    <step time="32100.00" loaded="26889" inserted="26306" running="417" waiting="583" ended="25889" arrived="25889" collisions="45" teleports="45" halting="5" stopped="0" meanWaitingTime="222.83" meanTravelTime="307.24" meanSpeed="20.12" meanSpeedRelative="0.63" duration="3"/>
    <step time="32400.00" loaded="27234" inserted="26715" running="431" waiting="519" ended="26284" arrived="26284" collisions="47" teleports="47" halting="2" stopped="0" meanWaitingTime="227.57" meanTravelTime="306.96" meanSpeed="20.28" meanSpeedRelative="0.63" duration="87"/>
    <step time="32700.00" loaded="27521" inserted="27048" running="333" waiting="473" ended="26715" arrived="26715" collisions="47" teleports="47" halting="0" stopped="0" meanWaitingTime="231.81" meanTravelTime="307.24" meanSpeed="21.76" meanSpeedRelative="0.68" duration="2"/>
    <step time="33000.00" loaded="27782" inserted="27368" running="298" waiting="414" ended="27070" arrived="27070" collisions="47" teleports="47" halting="1" stopped="0" meanWaitingTime="236.41" meanTravelTime="307.36" meanSpeed="22.05" meanSpeedRelative="0.69" duration="2"/>
    <step time="33300.00" loaded="28033" inserted="27684" running="300" waiting="349" ended="27384" arrived="27384" collisions="47" teleports="47" halting="1" stopped="0" meanWaitingTime="240.59" meanTravelTime="307.15" meanSpeed="21.84" meanSpeedRelative="0.68" duration="1"/>
    <step time="33600.00" loaded="28283" inserted="27991" running="273" waiting="292" ended="27718" arrived="27718" collisions="48" teleports="48" halting="1" stopped="0" meanWaitingTime="243.56" meanTravelTime="306.75" meanSpeed="21.67" meanSpeedRelative="0.68" duration="1"/>
    <step time="33900.00" loaded="28513" inserted="28299" running="259" waiting="214" ended="28040" arrived="28040" collisions="48" teleports="48" halting="0" stopped="0" meanWaitingTime="245.87" meanTravelTime="306.37" meanSpeed="22.29" meanSpeedRelative="0.70" duration="1"/>
    <step time="34200.00" loaded="28765" inserted="28602" running="269" waiting="163" ended="28333" arrived="28333" collisions="49" teleports="49" halting="0" stopped="0" meanWaitingTime="247.41" meanTravelTime="305.70" meanSpeed="23.14" meanSpeedRelative="0.72" duration="2"/>
    <step time="34500.00" loaded="29036" inserted="28890" running="253" waiting="146" ended="28637" arrived="28637" collisions="49" teleports="49" halting="0" stopped="0" meanWaitingTime="248.44" meanTravelTime="305.44" meanSpeed="24.10" meanSpeedRelative="0.75" duration="1"/>
    <step time="34800.00" loaded="29286" inserted="29171" running="225" waiting="115" ended="28946" arrived="28946" collisions="49" teleports="49" halting="1" stopped="0" meanWaitingTime="248.79" meanTravelTime="304.89" meanSpeed="23.62" meanSpeedRelative="0.74" duration="1"/>
    <step time="35100.00" loaded="29543" inserted="29460" running="239" waiting="83" ended="29221" arrived="29221" collisions="49" teleports="49" halting="1" stopped="0" meanWaitingTime="248.40" meanTravelTime="304.29" meanSpeed="23.28" meanSpeedRelative="0.73" duration="2"/>
    <step time="35400.00" loaded="29796" inserted="29744" running="248" waiting="52" ended="29496" arrived="29496" collisions="49" teleports="49" halting="0" stopped="0" meanWaitingTime="247.62" meanTravelTime="303.75" meanSpeed="24.12" meanSpeedRelative="0.75" duration="1"/>
    <step time="35700.00" loaded="30050" inserted="30020" running="232" waiting="30" ended="29788" arrived="29788" collisions="49" teleports="49" halting="0" stopped="0" meanWaitingTime="246.11" meanTravelTime="303.42" meanSpeed="23.71" meanSpeedRelative="0.74" duration="1"/>
    <step time="36000.00" loaded="30284" inserted="30284" running="219" waiting="0" ended="30065" arrived="30065" collisions="50" teleports="50" halting="2" stopped="0" meanWaitingTime="244.25" meanTravelTime="302.90" meanSpeed="23.77" meanSpeedRelative="0.74" duration="81"/>
    <step time="36300.00" loaded="30744" inserted="30713" running="345" waiting="31" ended="30368" arrived="30368" collisions="51" teleports="51" halting="1" stopped="0" meanWaitingTime="240.93" meanTravelTime="302.27" meanSpeed="21.72" meanSpeedRelative="0.68" duration="2"/>
    <step time="36600.00" loaded="31225" inserted="31170" running="413" waiting="55" ended="30757" arrived="30757" collisions="51" teleports="51" halting="2" stopped="0" meanWaitingTime="237.76" meanTravelTime="301.71" meanSpeed="21.25" meanSpeedRelative="0.66" duration="3"/>
    <step time="36900.00" loaded="31694" inserted="31604" running="424" waiting="90" ended="31180" arrived="31180" collisions="51" teleports="51" halting="2" stopped="0" meanWaitingTime="235.09" meanTravelTime="301.24" meanSpeed="21.47" meanSpeedRelative="0.67" duration="2"/>
    <step time="37200.00" loaded="32139" inserted="32069" running="463" waiting="70" ended="31606" arrived="31606" collisions="52" teleports="52" halting="1" stopped="0" meanWaitingTime="232.37" meanTravelTime="300.89" meanSpeed="20.72" meanSpeedRelative="0.65" duration="3"/>
    <step time="37500.00" loaded="32586" inserted="32498" running="445" waiting="88" ended="32053" arrived="32053" collisions="52" teleports="52" halting="2" stopped="0" meanWaitingTime="229.95" meanTravelTime="301.03" meanSpeed="20.24" meanSpeedRelative="0.63" duration="3"/>
    <step time="37800.00" loaded="33063" inserted="32965" running="492" waiting="98" ended="32473" arrived="32473" collisions="52" teleports="52" halting="1" stopped="0" meanWaitingTime="227.40" meanTravelTime="300.83" meanSpeed="19.46" meanSpeedRelative="0.61" duration="3"/>
    <step time="38100.00" loaded="33598" inserted="33445" running="523" waiting="153" ended="32922" arrived="32922" collisions="54" teleports="54" halting="3" stopped="0" meanWaitingTime="225.03" meanTravelTime="301.20" meanSpeed="19.44" meanSpeedRelative="0.61" duration="3"/>
    <step time="38400.00" loaded="34053" inserted="33892" running="523" waiting="161" ended="33369" arrived="33369" collisions="55" teleports="55" halting="1" stopped="0" meanWaitingTime="223.29" meanTravelTime="302.08" meanSpeed="18.88" meanSpeedRelative="0.59" duration="3"/>
    <step time="38700.00" loaded="34549" inserted="34348" running="508" waiting="201" ended="33840" arrived="33840" collisions="57" teleports="57" halting="0" stopped="0" meanWaitingTime="221.67" meanTravelTime="302.63" meanSpeed="18.22" meanSpeedRelative="0.57" duration="3"/>
    <step time="39000.00" loaded="35006" inserted="34783" running="521" waiting="223" ended="34262" arrived="34262" collisions="57" teleports="57" halting="1" stopped="0" meanWaitingTime="220.37" meanTravelTime="303.22" meanSpeed="18.43" meanSpeedRelative="0.58" duration="2"/>
    <step time="39300.00" loaded="35478" inserted="35225" running="531" waiting="253" ended="34694" arrived="34694" collisions="57" teleports="57" halting="3" stopped="0" meanWaitingTime="219.24" meanTravelTime="303.79" meanSpeed="17.59" meanSpeedRelative="0.55" duration="3"/>
    <step time="39600.00" loaded="35978" inserted="35692" running="558" waiting="286" ended="35134" arrived="35134" collisions="58" teleports="58" halting="1" stopped="0" meanWaitingTime="218.20" meanTravelTime="304.57" meanSpeed="17.13" meanSpeedRelative="0.54" duration="89"/>
    <step time="39900.00" loaded="36532" inserted="36208" running="598" waiting="324" ended="35610" arrived="35610" collisions="61" teleports="61" halting="1" stopped="0" meanWaitingTime="217.21" meanTravelTime="304.87" meanSpeed="18.64" meanSpeedRelative="0.58" duration="3"/>
    <step time="40200.00" loaded="37048" inserted="36679" running="580" waiting="369" ended="36099" arrived="36099" collisions="65" teleports="65" halting="3" stopped="0" meanWaitingTime="216.56" meanTravelTime="305.49" meanSpeed="17.86" meanSpeedRelative="0.56" duration="4"/>
    <step time="40500.00" loaded="37557" inserted="37146" running="585" waiting="411" ended="36561" arrived="36561" collisions="67" teleports="67" halting="2" stopped="0" meanWaitingTime="216.27" meanTravelTime="306.66" meanSpeed="17.00" meanSpeedRelative="0.53" duration="3"/>
    <step time="40800.00" loaded="38035" inserted="37593" running="597" waiting="442" ended="36996" arrived="36996" collisions="70" teleports="70" halting="2" stopped="0" meanWaitingTime="216.31" meanTravelTime="307.44" meanSpeed="16.69" meanSpeedRelative="0.52" duration="4"/>
    <step time="41100.00" loaded="38533" inserted="38077" running="618" waiting="456" ended="37459" arrived="37459" collisions="71" teleports="71" halting="2" stopped="0" meanWaitingTime="216.30" meanTravelTime="308.21" meanSpeed="15.65" meanSpeedRelative="0.49" duration="3"/>
    <step time="41400.00" loaded="38997" inserted="38520" running="609" waiting="477" ended="37911" arrived="37911" collisions="74" teleports="74" halting="1" stopped="0" meanWaitingTime="216.72" meanTravelTime="309.06" meanSpeed="17.09" meanSpeedRelative="0.53" duration="4"/>
    <step time="41700.00" loaded="39489" inserted="38974" running="611" waiting="515" ended="38363" arrived="38363" collisions="76" teleports="76" halting="2" stopped="0" meanWaitingTime="217.64" meanTravelTime="310.35" meanSpeed="16.35" meanSpeedRelative="0.51" duration="4"/>
    <step time="42000.00" loaded="39996" inserted="39464" running="635" waiting="532" ended="38829" arrived="38829" collisions="78" teleports="78" halting="4" stopped="0" meanWaitingTime="218.57" meanTravelTime="311.42" meanSpeed="15.33" meanSpeedRelative="0.48" duration="4"/>
    <step time="42300.00" loaded="40491" inserted="39925" running="630" waiting="566" ended="39295" arrived="39295" collisions="80" teleports="80" halting="2" stopped="0" meanWaitingTime="219.49" meanTravelTime="312.34" meanSpeed="15.84" meanSpeedRelative="0.49" duration="4"/>
    <step time="42600.00" loaded="40988" inserted="40404" running="653" waiting="584" ended="39751" arrived="39751" collisions="82" teleports="82" halting="3" stopped="0" meanWaitingTime="220.30" meanTravelTime="313.52" meanSpeed="15.66" meanSpeedRelative="0.49" duration="3"/>
    <step time="42900.00" loaded="41479" inserted="40862" running="666" waiting="617" ended="40196" arrived="40196" collisions="83" teleports="83" halting="2" stopped="0" meanWaitingTime="221.16" meanTravelTime="314.58" meanSpeed="16.43" meanSpeedRelative="0.51" duration="3"/>
    <step time="43200.00" loaded="42002" inserted="41350" running="674" waiting="652" ended="40676" arrived="40676" collisions="86" teleports="86" halting="2" stopped="0" meanWaitingTime="222.58" meanTravelTime="315.53" meanSpeed="16.00" meanSpeedRelative="0.50" duration="90"/>
    <step time="43500.00" loaded="42560" inserted="41897" running="745" waiting="663" ended="41152" arrived="41152" collisions="86" teleports="86" halting="5" stopped="0" meanWaitingTime="224.10" meanTravelTime="316.59" meanSpeed="15.26" meanSpeedRelative="0.48" duration="4"/>
    <step time="43800.00" loaded="43067" inserted="42393" running="781" waiting="674" ended="41612" arrived="41612" collisions="90" teleports="90" halting="3" stopped="0" meanWaitingTime="225.68" meanTravelTime="317.91" meanSpeed="14.12" meanSpeedRelative="0.44" duration="5"/>
    <step time="44100.00" loaded="43575" inserted="42876" running="779" waiting="699" ended="42097" arrived="42097" collisions="93" teleports="93" halting="1" stopped="0" meanWaitingTime="227.64" meanTravelTime="319.63" meanSpeed="14.36" meanSpeedRelative="0.45" duration="4"/>
    <step time="44400.00" loaded="44133" inserted="43380" running="790" waiting="753" ended="42590" arrived="42590" collisions="93" teleports="93" halting="3" stopped="0" meanWaitingTime="229.54" meanTravelTime="321.22" meanSpeed="14.48" meanSpeedRelative="0.45" duration="4"/>
    <step time="44700.00" loaded="44681" inserted="43868" running="823" waiting="813" ended="43045" arrived="43045" collisions="94" teleports="94" halting="3" stopped="0" meanWaitingTime="231.20" meanTravelTime="322.75" meanSpeed="14.21" meanSpeedRelative="0.44" duration="3"/>
    <step time="45000.00" loaded="45213" inserted="44341" running="825" waiting="872" ended="43516" arrived="43516" collisions="94" teleports="94" halting="2" stopped="0" meanWaitingTime="232.97" meanTravelTime="324.65" meanSpeed="13.53" meanSpeedRelative="0.42" duration="5"/>
    <step time="45300.00" loaded="45735" inserted="44814" running="832" waiting="921" ended="43982" arrived="43982" collisions="96" teleports="96" halting="1" stopped="0" meanWaitingTime="235.07" meanTravelTime="326.75" meanSpeed="12.95" meanSpeedRelative="0.40" duration="4"/>
    <step time="45600.00" loaded="46248" inserted="45303" running="834" waiting="945" ended="44469" arrived="44469" collisions="96" teleports="96" halting="1" stopped="0" meanWaitingTime="237.16" meanTravelTime="329.05" meanSpeed="12.71" meanSpeedRelative="0.40" duration="4"/>
    <step time="45900.00" loaded="46789" inserted="45769" running="806" waiting="1020" ended="44963" arrived="44963" collisions="97" teleports="97" halting="1" stopped="0" meanWaitingTime="239.49" meanTravelTime="331.09" meanSpeed="13.50" meanSpeedRelative="0.42" duration="4"/>
    <step time="46200.00" loaded="47335" inserted="46269" running="822" waiting="1066" ended="45447" arrived="45447" collisions="99" teleports="99" halting="1" stopped="0" meanWaitingTime="241.73" meanTravelTime="333.03" meanSpeed="13.48" meanSpeedRelative="0.42" duration="6"/>
    <step time="46500.00" loaded="47862" inserted="46762" running="824" waiting="1100" ended="45938" arrived="45938" collisions="100" teleports="100" halting="7" stopped="0" meanWaitingTime="244.65" meanTravelTime="334.81" meanSpeed="13.57" meanSpeedRelative="0.42" duration="5"/>
    <step time="46800.00" loaded="48453" inserted="47278" running="826" waiting="1175" ended="46452" arrived="46452" collisions="101" teleports="101" halting="4" stopped="0" meanWaitingTime="248.25" meanTravelTime="336.52" meanSpeed="13.49" meanSpeedRelative="0.42" duration="93"/>
    <step time="47100.00" loaded="48977" inserted="47772" running="859" waiting="1205" ended="46913" arrived="46913" collisions="102" teleports="102" halting="9" stopped="0" meanWaitingTime="252.07" meanTravelTime="337.78" meanSpeed="12.96" meanSpeedRelative="0.41" duration="5"/>
    <step time="47400.00" loaded="49457" inserted="48251" running="849" waiting="1206" ended="47402" arrived="47402" collisions="104" teleports="104" halting="4" stopped="0" meanWaitingTime="255.88" meanTravelTime="339.70" meanSpeed="12.97" meanSpeedRelative="0.41" duration="5"/>
    <step time="47700.00" loaded="49989" inserted="48748" running="874" waiting="1241" ended="47874" arrived="47874" collisions="104" teleports="104" halting="9" stopped="0" meanWaitingTime="259.03" meanTravelTime="341.48" meanSpeed="13.52" meanSpeedRelative="0.42" duration="4"/>
    <step time="48000.00" loaded="50504" inserted="49208" running="868" waiting="1296" ended="48340" arrived="48340" collisions="104" teleports="104" halting="6" stopped="0" meanWaitingTime="262.44" meanTravelTime="343.44" meanSpeed="13.43" meanSpeedRelative="0.42" duration="5"/>
    <step time="48300.00" loaded="51018" inserted="49684" running="861" waiting="1334" ended="48823" arrived="48823" collisions="105" teleports="105" halting="7" stopped="0" meanWaitingTime="266.58" meanTravelTime="345.25" meanSpeed="13.79" meanSpeedRelative="0.43" duration="6"/>
    <step time="48600.00" loaded="51599" inserted="50202" running="872" waiting="1397" ended="49330" arrived="49330" collisions="108" teleports="108" halting="1" stopped="0" meanWaitingTime="270.87" meanTravelTime="347.21" meanSpeed="13.59" meanSpeedRelative="0.42" duration="5"/>
    <step time="48900.00" loaded="52133" inserted="50705" running="840" waiting="1428" ended="49865" arrived="49865" collisions="109" teleports="109" halting="6" stopped="0" meanWaitingTime="275.61" meanTravelTime="349.29" meanSpeed="13.35" meanSpeedRelative="0.42" duration="4"/>
    <step time="49200.00" loaded="52676" inserted="51183" running="825" waiting="1493" ended="50358" arrived="50358" collisions="111" teleports="111" halting="3" stopped="0" meanWaitingTime="279.92" meanTravelTime="350.87" meanSpeed="12.98" meanSpeedRelative="0.41" duration="5"/>
    <step time="49500.00" loaded="53199" inserted="51637" running="795" waiting="1562" ended="50842" arrived="50842" collisions="113" teleports="113" halting="3" stopped="0" meanWaitingTime="284.29" meanTravelTime="352.64" meanSpeed="13.58" meanSpeedRelative="0.42" duration="5"/>
    <step time="49800.00" loaded="53696" inserted="52107" running="804" waiting="1589" ended="51303" arrived="51303" collisions="114" teleports="114" halting="3" stopped="0" meanWaitingTime="289.10" meanTravelTime="354.15" meanSpeed="13.76" meanSpeedRelative="0.43" duration="4"/>
    <step time="50100.00" loaded="54200" inserted="52577" running="808" waiting="1623" ended="51769" arrived="51769" collisions="115" teleports="115" halting="2" stopped="0" meanWaitingTime="293.57" meanTravelTime="355.77" meanSpeed="13.74" meanSpeedRelative="0.43" duration="4"/>
    <step time="50400.00" loaded="54718" inserted="53051" running="842" waiting="1667" ended="52209" arrived="52209" collisions="117" teleports="117" halting="11" stopped="0" meanWaitingTime="298.33" meanTravelTime="357.00" meanSpeed="12.92" meanSpeedRelative="0.40" duration="97"/>
    <step time="50700.00" loaded="55472" inserted="53612" running="936" waiting="1860" ended="52676" arrived="52676" collisions="119" teleports="119" halting="6" stopped="0" meanWaitingTime="302.14" meanTravelTime="358.43" meanSpeed="12.78" meanSpeedRelative="0.40" duration="5"/>
    <step time="51000.00" loaded="56156" inserted="54174" running="1030" waiting="1982" ended="53144" arrived="53144" collisions="122" teleports="122" halting="1" stopped="0" meanWaitingTime="306.64" meanTravelTime="359.78" meanSpeed="12.33" meanSpeedRelative="0.39" duration="6"/>
    <step time="51300.00" loaded="56866" inserted="54726" running="1067" waiting="2140" ended="53659" arrived="53659" collisions="124" teleports="124" halting="3" stopped="0" meanWaitingTime="311.37" meanTravelTime="361.47" meanSpeed="12.13" meanSpeedRelative="0.38" duration="6"/>
    <step time="51600.00" loaded="57539" inserted="55264" running="1092" waiting="2275" ended="54172" arrived="54172" collisions="124" teleports="124" halting="3" stopped="0" meanWaitingTime="316.68" meanTravelTime="363.25" meanSpeed="10.92" meanSpeedRelative="0.34" duration="7"/>
    <step time="51900.00" loaded="58240" inserted="55819" running="1123" waiting="2421" ended="54696" arrived="54696" collisions="126" teleports="126" halting="4" stopped="0" meanWaitingTime="322.06" meanTravelTime="365.60" meanSpeed="11.04" meanSpeedRelative="0.34" duration="7"/>
    <step time="52200.00" loaded="58953" inserted="56361" running="1114" waiting="2592" ended="55247" arrived="55247" collisions="127" teleports="127" halting="4" stopped="0" meanWaitingTime="327.64" meanTravelTime="367.86" meanSpeed="11.52" meanSpeedRelative="0.36" duration="6"/>
    <step time="52500.00" loaded="59696" inserted="56923" running="1139" waiting="2773" ended="55784" arrived="55784" collisions="131" teleports="131" halting="5" stopped="0" meanWaitingTime="334.30" meanTravelTime="370.12" meanSpeed="10.75" meanSpeedRelative="0.34" duration="7"/>
    <step time="52800.00" loaded="60428" inserted="57460" running="1138" waiting="2968" ended="56322" arrived="56322" collisions="131" teleports="131" halting="5" stopped="0" meanWaitingTime="340.44" meanTravelTime="372.23" meanSpeed="10.67" meanSpeedRelative="0.33" duration="6"/>
    <step time="53100.00" loaded="61145" inserted="57993" running="1135" waiting="3152" ended="56858" arrived="56858" collisions="135" teleports="135" halting="4" stopped="0" meanWaitingTime="346.97" meanTravelTime="374.61" meanSpeed="11.16" meanSpeedRelative="0.35" duration="6"/>
    <step time="53400.00" loaded="61853" inserted="58516" running="1160" waiting="3337" ended="57356" arrived="57356" collisions="136" teleports="136" halting="5" stopped="0" meanWaitingTime="353.72" meanTravelTime="377.23" meanSpeed="10.27" meanSpeedRelative="0.32" duration="8"/>
    <step time="53700.00" loaded="62600" inserted="59082" running="1202" waiting="3518" ended="57880" arrived="57880" collisions="140" teleports="140" halting="3" stopped="0" meanWaitingTime="360.73" meanTravelTime="379.66" meanSpeed="10.27" meanSpeedRelative="0.32" duration="8"/>
    <step time="54000.00" loaded="63290" inserted="59604" running="1195" waiting="3686" ended="58409" arrived="58409" collisions="145" teleports="145" halting="4" stopped="0" meanWaitingTime="368.83" meanTravelTime="382.37" meanSpeed="10.89" meanSpeedRelative="0.34" duration="91"/>
    <step time="54300.00" loaded="63754" inserted="60081" running="1114" waiting="3673" ended="58967" arrived="58967" collisions="147" teleports="147" halting="3" stopped="0" meanWaitingTime="377.87" meanTravelTime="385.04" meanSpeed="10.84" meanSpeedRelative="0.34" duration="7"/>
    <step time="54600.00" loaded="64232" inserted="60565" running="1095" waiting="3667" ended="59470" arrived="59470" collisions="149" teleports="149" halting="4" stopped="0" meanWaitingTime="387.23" meanTravelTime="387.65" meanSpeed="11.13" meanSpeedRelative="0.35" duration="8"/>
    <step time="54900.00" loaded="64697" inserted="61042" running="1054" waiting="3655" ended="59988" arrived="59988" collisions="150" teleports="150" halting="1" stopped="0" meanWaitingTime="397.31" meanTravelTime="390.18" meanSpeed="11.02" meanSpeedRelative="0.34" duration="6"/>
    <step time="55200.00" loaded="65160" inserted="61486" running="1024" waiting="3674" ended="60462" arrived="60462" collisions="154" teleports="154" halting="3" stopped="0" meanWaitingTime="407.11" meanTravelTime="392.33" meanSpeed="11.07" meanSpeedRelative="0.35" duration="6"/>
    <step time="55500.00" loaded="65602" inserted="61963" running="987" waiting="3639" ended="60976" arrived="60976" collisions="155" teleports="155" halting="3" stopped="0" meanWaitingTime="418.06" meanTravelTime="394.12" meanSpeed="10.82" meanSpeedRelative="0.34" duration="5"/>
    <step time="55800.00" loaded="66030" inserted="62422" running="993" waiting="3608" ended="61429" arrived="61429" collisions="156" teleports="156" halting="1" stopped="0" meanWaitingTime="428.25" meanTravelTime="396.25" meanSpeed="11.26" meanSpeedRelative="0.35" duration="7"/>
    <step time="56100.00" loaded="66488" inserted="62892" running="1005" waiting="3596" ended="61887" arrived="61887" collisions="156" teleports="156" halting="17" stopped="0" meanWaitingTime="439.34" meanTravelTime="398.31" meanSpeed="11.48" meanSpeedRelative="0.36" duration="6"/>
    <step time="56400.00" loaded="66918" inserted="63358" running="970" waiting="3560" ended="62388" arrived="62388" collisions="160" teleports="160" halting="2" stopped="0" meanWaitingTime="451.38" meanTravelTime="400.11" meanSpeed="11.23" meanSpeedRelative="0.35" duration="6"/>
    <step time="56700.00" loaded="67364" inserted="63853" running="1001" waiting="3511" ended="62852" arrived="62852" collisions="161" teleports="161" halting="3" stopped="0" meanWaitingTime="462.63" meanTravelTime="401.88" meanSpeed="11.28" meanSpeedRelative="0.35" duration="7"/>
    <step time="57000.00" loaded="67774" inserted="64322" running="988" waiting="3452" ended="63334" arrived="63334" collisions="162" teleports="162" halting="4" stopped="0" meanWaitingTime="474.55" meanTravelTime="403.58" meanSpeed="10.87" meanSpeedRelative="0.34" duration="7"/>
    <step time="57300.00" loaded="68242" inserted="64817" running="985" waiting="3425" ended="63832" arrived="63832" collisions="165" teleports="165" halting="2" stopped="0" meanWaitingTime="487.10" meanTravelTime="405.03" meanSpeed="11.81" meanSpeedRelative="0.37" duration="5"/>
    <step time="57600.00" loaded="68697" inserted="65322" running="1024" waiting="3375" ended="64298" arrived="64298" collisions="169" teleports="169" halting="4" stopped="0" meanWaitingTime="499.75" meanTravelTime="406.44" meanSpeed="11.16" meanSpeedRelative="0.35" duration="86"/>
    <step time="57900.00" loaded="69261" inserted="65841" running="1062" waiting="3420" ended="64779" arrived="64779" collisions="172" teleports="172" halting="2" stopped="0" meanWaitingTime="511.68" meanTravelTime="407.95" meanSpeed="10.44" meanSpeedRelative="0.33" duration="7"/>
    <step time="58200.00" loaded="69817" inserted="66353" running="1081" waiting="3464" ended="65272" arrived="65272" collisions="174" teleports="174" halting="4" stopped="0" meanWaitingTime="523.25" meanTravelTime="409.38" meanSpeed="10.34" meanSpeedRelative="0.32" duration="6"/>
    <step time="58500.00" loaded="70375" inserted="66851" running="1113" waiting="3524" ended="65738" arrived="65738" collisions="174" teleports="174" halting="3" stopped="0" meanWaitingTime="534.67" meanTravelTime="410.89" meanSpeed="10.09" meanSpeedRelative="0.32" duration="10"/>
    <step time="58800.00" loaded="70969" inserted="67402" running="1202" waiting="3567" ended="66200" arrived="66200" collisions="176" teleports="176" halting="8" stopped="0" meanWaitingTime="546.26" meanTravelTime="412.56" meanSpeed="10.56" meanSpeedRelative="0.33" duration="8"/>
    <step time="59100.00" loaded="71538" inserted="67900" running="1179" waiting="3638" ended="66721" arrived="66721" collisions="178" teleports="178" halting="19" stopped="0" meanWaitingTime="557.04" meanTravelTime="414.42" meanSpeed="10.41" meanSpeedRelative="0.33" duration="6"/>
    <step time="59400.00" loaded="72099" inserted="68375" running="1150" waiting="3724" ended="67225" arrived="67225" collisions="179" teleports="179" halting="5" stopped="0" meanWaitingTime="566.76" meanTravelTime="416.54" meanSpeed="10.47" meanSpeedRelative="0.33" duration="8"/>
    <step time="59700.00" loaded="72662" inserted="68867" running="1146" waiting="3795" ended="67721" arrived="67721" collisions="181" teleports="181" halting="2" stopped="0" meanWaitingTime="575.33" meanTravelTime="418.77" meanSpeed="10.78" meanSpeedRelative="0.34" duration="7"/>
    <step time="60000.00" loaded="73226" inserted="69370" running="1129" waiting="3856" ended="68241" arrived="68241" collisions="182" teleports="182" halting="3" stopped="0" meanWaitingTime="584.82" meanTravelTime="420.90" meanSpeed="10.68" meanSpeedRelative="0.33" duration="6"/>
    <step time="60300.00" loaded="73802" inserted="69874" running="1098" waiting="3928" ended="68776" arrived="68776" collisions="187" teleports="187" halting="4" stopped="0" meanWaitingTime="594.33" meanTravelTime="422.79" meanSpeed="11.05" meanSpeedRelative="0.35" duration="8"/>
    <step time="60600.00" loaded="74376" inserted="70389" running="1105" waiting="3987" ended="69284" arrived="69284" collisions="189" teleports="189" halting="4" stopped="0" meanWaitingTime="603.39" meanTravelTime="424.64" meanSpeed="10.67" meanSpeedRelative="0.33" duration="8"/>
    <step time="60900.00" loaded="74973" inserted="70910" running="1111" waiting="4063" ended="69799" arrived="69799" collisions="194" teleports="194" halting="3" stopped="0" meanWaitingTime="612.79" meanTravelTime="426.24" meanSpeed="10.71" meanSpeedRelative="0.33" duration="8"/>
    <step time="61200.00" loaded="75528" inserted="71448" running="1165" waiting="4080" ended="70283" arrived="70283" collisions="194" teleports="194" halting="4" stopped="0" meanWaitingTime="623.15" meanTravelTime="427.75" meanSpeed="10.65" meanSpeedRelative="0.33" duration="84"/>
    <step time="61500.00" loaded="75592" inserted="71814" running="1011" waiting="3778" ended="70803" arrived="70803" collisions="201" teleports="201" halting="1" stopped="0" meanWaitingTime="635.44" meanTravelTime="429.92" meanSpeed="10.70" meanSpeedRelative="0.33" duration="7"/>
    <step time="61800.00" loaded="75660" inserted="72176" running="930" waiting="3484" ended="71246" arrived="71246" collisions="203" teleports="203" halting="1" stopped="0" meanWaitingTime="648.26" meanTravelTime="431.86" meanSpeed="9.88" meanSpeedRelative="0.31" duration="7"/>
    <step time="62100.00" loaded="75734" inserted="72560" running="895" waiting="3174" ended="71665" arrived="71665" collisions="206" teleports="206" halting="2" stopped="0" meanWaitingTime="661.73" meanTravelTime="433.54" meanSpeed="10.49" meanSpeedRelative="0.33" duration="5"/>
    <step time="62400.00" loaded="75806" inserted="72936" running="861" waiting="2870" ended="72075" arrived="72075" collisions="209" teleports="209" halting="7" stopped="0" meanWaitingTime="675.50" meanTravelTime="435.19" meanSpeed="10.35" meanSpeedRelative="0.32" duration="5"/>
    <step time="62700.00" loaded="75869" inserted="73261" running="791" waiting="2608" ended="72470" arrived="72470" collisions="209" teleports="209" halting="0" stopped="0" meanWaitingTime="689.25" meanTravelTime="436.88" meanSpeed="9.85" meanSpeedRelative="0.31" duration="4"/>
    <step time="63000.00" loaded="75944" inserted="73616" running="759" waiting="2328" ended="72857" arrived="72857" collisions="209" teleports="209" halting="5" stopped="0" meanWaitingTime="703.53" meanTravelTime="438.16" meanSpeed="9.35" meanSpeedRelative="0.29" duration="4"/>
    <step time="63300.00" loaded="76006" inserted="73967" running="756" waiting="2039" ended="73211" arrived="73211" collisions="212" teleports="212" halting="1" stopped="0" meanWaitingTime="717.40" meanTravelTime="439.38" meanSpeed="10.10" meanSpeedRelative="0.32" duration="4"/>
    <step time="63600.00" loaded="76080" inserted="74328" running="731" waiting="1752" ended="73597" arrived="73597" collisions="213" teleports="213" halting="1" stopped="0" meanWaitingTime="730.98" meanTravelTime="440.49" meanSpeed="11.64" meanSpeedRelative="0.36" duration="4"/>
    <step time="63900.00" loaded="76149" inserted="74670" running="690" waiting="1479" ended="73980" arrived="73980" collisions="214" teleports="214" halting="3" stopped="0" meanWaitingTime="743.45" meanTravelTime="441.42" meanSpeed="11.85" meanSpeedRelative="0.37" duration="4"/>
    <step time="64200.00" loaded="76227" inserted="74960" running="608" waiting="1267" ended="74352" arrived="74352" collisions="215" teleports="215" halting="0" stopped="0" meanWaitingTime="754.40" meanTravelTime="442.16" meanSpeed="13.37" meanSpeedRelative="0.42" duration="4"/>
    <step time="64500.00" loaded="76289" inserted="75230" running="470" waiting="1059" ended="74760" arrived="74760" collisions="217" teleports="217" halting="0" stopped="0" meanWaitingTime="763.82" meanTravelTime="443.08" meanSpeed="14.62" meanSpeedRelative="0.46" duration="3"/>
    <step time="64800.00" loaded="76347" inserted="75482" running="381" waiting="865" ended="75101" arrived="75101" collisions="217" teleports="217" halting="0" stopped="0" meanWaitingTime="771.41" meanTravelTime="443.30" meanSpeed="15.71" meanSpeedRelative="0.49" duration="92"/>
    <step time="65100.00" loaded="76407" inserted="75652" running="280" waiting="755" ended="75372" arrived="75372" collisions="218" teleports="218" halting="0" stopped="0" meanWaitingTime="778.70" meanTravelTime="443.46" meanSpeed="18.60" meanSpeedRelative="0.58" duration="1"/>
    <step time="65400.00" loaded="76463" inserted="75822" running="195" waiting="641" ended="75627" arrived="75627" collisions="218" teleports="218" halting="0" stopped="0" meanWaitingTime="786.31" meanTravelTime="443.43" meanSpeed="23.74" meanSpeedRelative="0.74" duration="1"/>
    <step time="65700.00" loaded="76509" inserted="75985" running="164" waiting="524" ended="75821" arrived="75821" collisions="219" teleports="219" halting="0" stopped="0" meanWaitingTime="792.49" meanTravelTime="443.35" meanSpeed="22.93" meanSpeedRelative="0.72" duration="1"/>
    <step time="66000.00" loaded="76560" inserted="76138" running="132" waiting="422" ended="76006" arrived="76006" collisions="220" teleports="220" halting="1" stopped="0" meanWaitingTime="796.74" meanTravelTime="443.12" meanSpeed="24.07" meanSpeedRelative="0.75" duration="1"/>
    <step time="66300.00" loaded="76608" inserted="76250" running="77" waiting="358" ended="76173" arrived="76173" collisions="220" teleports="220" halting="0" stopped="0" meanWaitingTime="801.47" meanTravelTime="442.71" meanSpeed="24.41" meanSpeedRelative="0.76" duration="1"/>
    <step time="66600.00" loaded="76664" inserted="76366" running="66" waiting="298" ended="76300" arrived="76300" collisions="220" teleports="220" halting="1" stopped="0" meanWaitingTime="806.05" meanTravelTime="442.35" meanSpeed="22.57" meanSpeedRelative="0.71" duration="1"/>
    <step time="66900.00" loaded="76707" inserted="76466" running="62" waiting="241" ended="76404" arrived="76404" collisions="220" teleports="220" halting="0" stopped="0" meanWaitingTime="810.27" meanTravelTime="442.04" meanSpeed="22.69" meanSpeedRelative="0.71" duration="0"/>
    <step time="67200.00" loaded="76747" inserted="76570" running="53" waiting="177" ended="76517" arrived="76517" collisions="221" teleports="221" halting="1" stopped="0" meanWaitingTime="814.92" meanTravelTime="441.62" meanSpeed="23.19" meanSpeedRelative="0.72" duration="0"/>
    <step time="67500.00" loaded="76807" inserted="76689" running="67" waiting="118" ended="76622" arrived="76622" collisions="221" teleports="221" halting="0" stopped="0" meanWaitingTime="819.20" meanTravelTime="441.20" meanSpeed="23.99" meanSpeedRelative="0.75" duration="1"/>
    <step time="67800.00" loaded="76859" inserted="76800" running="56" waiting="59" ended="76744" arrived="76744" collisions="221" teleports="221" halting="0" stopped="0" meanWaitingTime="822.50" meanTravelTime="440.78" meanSpeed="22.82" meanSpeedRelative="0.71" duration="0"/>
    <step time="68100.00" loaded="76914" inserted="76914" running="60" waiting="0" ended="76854" arrived="76854" collisions="221" teleports="221" halting="1" stopped="0" meanWaitingTime="822.91" meanTravelTime="440.36" meanSpeed="23.50" meanSpeedRelative="0.73" duration="0"/>
    <step time="68400.00" loaded="76972" inserted="76970" running="46" waiting="2" ended="76924" arrived="76924" collisions="221" teleports="221" halting="2" stopped="0" meanWaitingTime="822.31" meanTravelTime="440.17" meanSpeed="25.49" meanSpeedRelative="0.80" duration="87"/>
    <step time="68700.00" loaded="77143" inserted="77143" running="123" waiting="0" ended="77020" arrived="77020" collisions="221" teleports="221" halting="1" stopped="0" meanWaitingTime="820.47" meanTravelTime="439.86" meanSpeed="25.29" meanSpeedRelative="0.79" duration="1"/>
    <step time="69000.00" loaded="77307" inserted="77307" running="133" waiting="0" ended="77174" arrived="77174" collisions="221" teleports="221" halting="0" stopped="0" meanWaitingTime="818.73" meanTravelTime="439.41" meanSpeed="25.37" meanSpeedRelative="0.79" duration="1"/>
    <step time="69300.00" loaded="77493" inserted="77493" running="171" waiting="0" ended="77322" arrived="77322" collisions="222" teleports="222" halting="0" stopped="0" meanWaitingTime="816.77" meanTravelTime="439.01" meanSpeed="24.94" meanSpeedRelative="0.78" duration="1"/>
    <step time="69600.00" loaded="77674" inserted="77673" running="179" waiting="1" ended="77494" arrived="77494" collisions="222" teleports="222" halting="1" stopped="0" meanWaitingTime="814.88" meanTravelTime="438.65" meanSpeed="25.30" meanSpeedRelative="0.79" duration="1"/>
    <step time="69900.00" loaded="77836" inserted="77836" running="173" waiting="0" ended="77663" arrived="77663" collisions="222" teleports="222" halting="0" stopped="0" meanWaitingTime="813.17" meanTravelTime="438.35" meanSpeed="24.78" meanSpeedRelative="0.77" duration="1"/>
    <step time="70200.00" loaded="77994" inserted="77994" running="150" waiting="0" ended="77844" arrived="77844" collisions="222" teleports="222" halting="0" stopped="0" meanWaitingTime="811.52" meanTravelTime="438.07" meanSpeed="25.12" meanSpeedRelative="0.78" duration="0"/>
    <step time="70500.00" loaded="78155" inserted="78155" running="152" waiting="0" ended="78003" arrived="78003" collisions="223" teleports="223" halting="1" stopped="0" meanWaitingTime="809.85" meanTravelTime="437.76" meanSpeed="25.18" meanSpeedRelative="0.79" duration="1"/>
    <step time="70800.00" loaded="78303" inserted="78303" running="131" waiting="0" ended="78172" arrived="78172" collisions="223" teleports="223" halting="1" stopped="0" meanWaitingTime="808.32" meanTravelTime="437.46" meanSpeed="25.48" meanSpeedRelative="0.80" duration="1"/>
    <step time="71100.00" loaded="78457" inserted="78457" running="126" waiting="0" ended="78331" arrived="78331" collisions="223" teleports="223" halting="0" stopped="0" meanWaitingTime="806.74" meanTravelTime="437.08" meanSpeed="24.80" meanSpeedRelative="0.78" duration="0"/>
    <step time="71400.00" loaded="78616" inserted="78616" running="121" waiting="0" ended="78495" arrived="78495" collisions="223" teleports="223" halting="2" stopped="0" meanWaitingTime="805.11" meanTravelTime="436.74" meanSpeed="24.59" meanSpeedRelative="0.77" duration="1"/>
    <step time="71700.00" loaded="78757" inserted="78757" running="149" waiting="0" ended="78608" arrived="78608" collisions="223" teleports="223" halting="0" stopped="0" meanWaitingTime="803.66" meanTravelTime="436.48" meanSpeed="25.75" meanSpeedRelative="0.80" duration="1"/>
    <step time="72000.00" loaded="78877" inserted="78876" running="109" waiting="1" ended="78767" arrived="78767" collisions="223" teleports="223" halting="0" stopped="0" meanWaitingTime="802.45" meanTravelTime="436.21" meanSpeed="26.28" meanSpeedRelative="0.82" duration="83"/>
    <step time="72300.00" loaded="78997" inserted="78997" running="108" waiting="0" ended="78889" arrived="78889" collisions="223" teleports="223" halting="0" stopped="0" meanWaitingTime="801.22" meanTravelTime="435.97" meanSpeed="25.95" meanSpeedRelative="0.81" duration="1"/>
    <step time="72600.00" loaded="79133" inserted="79133" running="116" waiting="0" ended="79017" arrived="79017" collisions="223" teleports="223" halting="0" stopped="0" meanWaitingTime="799.85" meanTravelTime="435.68" meanSpeed="25.84" meanSpeedRelative="0.81" duration="0"/>
    <step time="72900.00" loaded="79281" inserted="79281" running="130" waiting="0" ended="79151" arrived="79151" collisions="223" teleports="223" halting="1" stopped="0" meanWaitingTime="798.35" meanTravelTime="435.35" meanSpeed="25.68" meanSpeedRelative="0.80" duration="1"/>
    <step time="73200.00" loaded="79408" inserted="79408" running="127" waiting="0" ended="79281" arrived="79281" collisions="223" teleports="223" halting="0" stopped="0" meanWaitingTime="797.08" meanTravelTime="435.10" meanSpeed="25.93" meanSpeedRelative="0.81" duration="1"/>
    <step time="73500.00" loaded="79568" inserted="79568" running="151" waiting="0" ended="79417" arrived="79417" collisions="224" teleports="224" halting="2" stopped="0" meanWaitingTime="795.48" meanTravelTime="434.80" meanSpeed="24.51" meanSpeedRelative="0.77" duration="1"/>
    <step time="73800.00" loaded="79716" inserted="79716" running="137" waiting="0" ended="79579" arrived="79579" collisions="224" teleports="224" halting="1" stopped="0" meanWaitingTime="794.00" meanTravelTime="434.49" meanSpeed="24.98" meanSpeedRelative="0.78" duration="1"/>
    <step time="74100.00" loaded="79882" inserted="79882" running="137" waiting="0" ended="79745" arrived="79745" collisions="224" teleports="224" halting="0" stopped="0" meanWaitingTime="792.35" meanTravelTime="434.11" meanSpeed="25.23" meanSpeedRelative="0.79" duration="1"/>
    <step time="74400.00" loaded="79999" inserted="79999" running="108" waiting="0" ended="79891" arrived="79891" collisions="224" teleports="224" halting="0" stopped="0" meanWaitingTime="791.19" meanTravelTime="433.83" meanSpeed="26.52" meanSpeedRelative="0.83" duration="1"/>
    <step time="74700.00" loaded="80134" inserted="80134" running="116" waiting="0" ended="80018" arrived="80018" collisions="224" teleports="224" halting="0" stopped="0" meanWaitingTime="789.86" meanTravelTime="433.59" meanSpeed="25.48" meanSpeedRelative="0.80" duration="1"/>
    <step time="75000.00" loaded="80276" inserted="80276" running="121" waiting="0" ended="80155" arrived="80155" collisions="225" teleports="225" halting="0" stopped="0" meanWaitingTime="788.46" meanTravelTime="433.32" meanSpeed="25.77" meanSpeedRelative="0.81" duration="0"/>
    <step time="75300.00" loaded="80424" inserted="80424" running="119" waiting="0" ended="80305" arrived="80305" collisions="225" teleports="225" halting="0" stopped="0" meanWaitingTime="787.01" meanTravelTime="433.00" meanSpeed="25.69" meanSpeedRelative="0.80" duration="1"/>
    <step time="75600.00" loaded="80565" inserted="80565" running="120" waiting="0" ended="80445" arrived="80445" collisions="227" teleports="227" halting="0" stopped="0" meanWaitingTime="785.64" meanTravelTime="432.67" meanSpeed="25.42" meanSpeedRelative="0.79" duration="82"/>
    <step time="75900.00" loaded="80757" inserted="80757" running="164" waiting="0" ended="80593" arrived="80593" collisions="227" teleports="227" halting="1" stopped="0" meanWaitingTime="783.77" meanTravelTime="432.34" meanSpeed="25.17" meanSpeedRelative="0.79" duration="1"/>
    <step time="76200.00" loaded="80935" inserted="80935" running="157" waiting="0" ended="80778" arrived="80778" collisions="227" teleports="227" halting="0" stopped="0" meanWaitingTime="782.05" meanTravelTime="431.94" meanSpeed="25.58" meanSpeedRelative="0.80" duration="1"/>
    <step time="76500.00" loaded="81136" inserted="81136" running="160" waiting="0" ended="80976" arrived="80976" collisions="228" teleports="228" halting="0" stopped="0" meanWaitingTime="780.11" meanTravelTime="431.54" meanSpeed="25.31" meanSpeedRelative="0.79" duration="1"/>
    <step time="76800.00" loaded="81346" inserted="81345" running="186" waiting="1" ended="81159" arrived="81159" collisions="228" teleports="228" halting="2" stopped="0" meanWaitingTime="778.11" meanTravelTime="431.11" meanSpeed="24.48" meanSpeedRelative="0.76" duration="1"/>
    <step time="77100.00" loaded="81556" inserted="81556" running="190" waiting="0" ended="81366" arrived="81366" collisions="229" teleports="229" halting="1" stopped="0" meanWaitingTime="776.09" meanTravelTime="430.70" meanSpeed="24.96" meanSpeedRelative="0.78" duration="1"/>
    <step time="77400.00" loaded="81764" inserted="81764" running="204" waiting="0" ended="81560" arrived="81560" collisions="229" teleports="229" halting="1" stopped="0" meanWaitingTime="774.12" meanTravelTime="430.27" meanSpeed="25.77" meanSpeedRelative="0.81" duration="1"/>
    <step time="77700.00" loaded="81983" inserted="81982" running="196" waiting="1" ended="81786" arrived="81786" collisions="229" teleports="229" halting="0" stopped="0" meanWaitingTime="772.06" meanTravelTime="429.87" meanSpeed="24.88" meanSpeedRelative="0.78" duration="1"/>
    <step time="78000.00" loaded="82156" inserted="82156" running="155" waiting="0" ended="82001" arrived="82001" collisions="229" teleports="229" halting="1" stopped="0" meanWaitingTime="770.43" meanTravelTime="429.48" meanSpeed="25.45" meanSpeedRelative="0.80" duration="1"/>
    <step time="78300.00" loaded="82359" inserted="82359" running="184" waiting="0" ended="82175" arrived="82175" collisions="229" teleports="229" halting="0" stopped="0" meanWaitingTime="768.53" meanTravelTime="429.17" meanSpeed="24.74" meanSpeedRelative="0.77" duration="2"/>
    <step time="78600.00" loaded="82577" inserted="82577" running="182" waiting="0" ended="82395" arrived="82395" collisions="229" teleports="229" halting="1" stopped="0" meanWaitingTime="766.50" meanTravelTime="428.68" meanSpeed="24.25" meanSpeedRelative="0.76" duration="1"/>
    <step time="78900.00" loaded="82787" inserted="82787" running="188" waiting="0" ended="82599" arrived="82599" collisions="229" teleports="229" halting="1" stopped="0" meanWaitingTime="764.56" meanTravelTime="428.26" meanSpeed="25.03" meanSpeedRelative="0.78" duration="1"/>
    <step time="79200.00" loaded="83001" inserted="83000" running="188" waiting="1" ended="82812" arrived="82812" collisions="229" teleports="229" halting="0" stopped="0" meanWaitingTime="762.60" meanTravelTime="427.79" meanSpeed="25.40" meanSpeedRelative="0.79" duration="82"/>
    <step time="79500.00" loaded="83164" inserted="83164" running="147" waiting="0" ended="83017" arrived="83017" collisions="229" teleports="229" halting="0" stopped="0" meanWaitingTime="761.10" meanTravelTime="427.46" meanSpeed="25.71" meanSpeedRelative="0.80" duration="1"/>
    <step time="79800.00" loaded="83337" inserted="83337" running="150" waiting="0" ended="83187" arrived="83187" collisions="229" teleports="229" halting="0" stopped="0" meanWaitingTime="759.52" meanTravelTime="427.16" meanSpeed="25.03" meanSpeedRelative="0.78" duration="1"/>
    <step time="80100.00" loaded="83510" inserted="83507" running="142" waiting="3" ended="83365" arrived="83365" collisions="229" teleports="229" halting="2" stopped="0" meanWaitingTime="757.97" meanTravelTime="426.82" meanSpeed="24.51" meanSpeedRelative="0.77" duration="1"/>
    <step time="80400.00" loaded="83709" inserted="83709" running="179" waiting="0" ended="83530" arrived="83530" collisions="229" teleports="229" halting="1" stopped="0" meanWaitingTime="756.15" meanTravelTime="426.49" meanSpeed="24.96" meanSpeedRelative="0.78" duration="1"/>
    <step time="80700.00" loaded="83884" inserted="83884" running="163" waiting="0" ended="83721" arrived="83721" collisions="230" teleports="230" halting="1" stopped="0" meanWaitingTime="754.57" meanTravelTime="426.16" meanSpeed="24.54" meanSpeedRelative="0.77" duration="0"/>
    <step time="81000.00" loaded="84054" inserted="84054" running="153" waiting="0" ended="83901" arrived="83901" collisions="230" teleports="230" halting="0" stopped="0" meanWaitingTime="753.04" meanTravelTime="425.84" meanSpeed="24.84" meanSpeedRelative="0.78" duration="1"/>
    <step time="81300.00" loaded="84230" inserted="84230" running="163" waiting="0" ended="84067" arrived="84067" collisions="230" teleports="230" halting="1" stopped="0" meanWaitingTime="751.47" meanTravelTime="425.53" meanSpeed="25.70" meanSpeedRelative="0.80" duration="1"/>
    <step time="81600.00" loaded="84425" inserted="84424" running="172" waiting="1" ended="84252" arrived="84252" collisions="230" teleports="230" halting="0" stopped="0" meanWaitingTime="749.74" meanTravelTime="425.18" meanSpeed="24.38" meanSpeedRelative="0.76" duration="1"/>
    <step time="81900.00" loaded="84608" inserted="84608" running="172" waiting="0" ended="84436" arrived="84436" collisions="230" teleports="230" halting="0" stopped="0" meanWaitingTime="748.12" meanTravelTime="424.83" meanSpeed="25.30" meanSpeedRelative="0.79" duration="1"/>
    <step time="82200.00" loaded="84754" inserted="84754" running="133" waiting="0" ended="84621" arrived="84621" collisions="231" teleports="231" halting="0" stopped="0" meanWaitingTime="746.83" meanTravelTime="424.51" meanSpeed="25.54" meanSpeedRelative="0.80" duration="1"/>
    <step time="82500.00" loaded="84928" inserted="84928" running="140" waiting="0" ended="84788" arrived="84788" collisions="231" teleports="231" halting="1" stopped="0" meanWaitingTime="745.30" meanTravelTime="424.23" meanSpeed="24.67" meanSpeedRelative="0.77" duration="1"/>
</summary>
