<?xml version="1.0" encoding="UTF-8"?>

<!-- generated on 2025-08-07 17:52:02 by Eclipse SUMO sumo Version 1.23.1
<sumoConfiguration xmlns:xsi="http://www.w3.org/2001/XMLSchema-instance" xsi:noNamespaceSchemaLocation="http://sumo.dlr.de/xsd/sumoConfiguration.xsd">

    <input>
        <net-file value="Desktop\Master Thesis\Network_fin.net.xml"/>
        <route-files value="Desktop\Master Thesis\demand_model_amsterdam.rou.xml"/>
        <additional-files value="Desktop\Master Thesis\Additionnal.add.xml"/>
    </input>

    <output>
        <summary-output value="outputf/summary_alinea_K80_target5_66189.xml"/>
        <summary-output.period value="300"/>
        <tripinfo-output value="outputf/tripinfo_alinea_K80_target5_66189.xml"/>
    </output>

    <time>
        <begin value="0"/>
        <end value="82800"/>
        <step-length value="1"/>
    </time>

    <processing>
        <time-to-teleport value="-1"/>
    </processing>

    <report>
        <verbose value="true"/>
        <no-step-log value="true"/>
    </report>

    <emissions>
        <device.emissions.period value="10"/>
    </emissions>

    <traci_server>
        <remote-port value="64326"/>
    </traci_server>

    <random_number>
        <seed value="66189"/>
    </random_number>

</sumoConfiguration>
-->

<summary xmlns:xsi="http://www.w3.org/2001/XMLSchema-instance" xsi:noNamespaceSchemaLocation="http://sumo.dlr.de/xsd/summary_file.xsd">
    <step time="0.00" loaded="2" inserted="1" running="1" waiting="1" ended="0" arrived="0" collisions="0" teleports="0" halting="1" stopped="0" meanWaitingTime="0.00" meanTravelTime="-1.00" meanSpeed="0.00" meanSpeedRelative="0.00" duration="0"/>
    <step time="300.00" loaded="188" inserted="188" running="114" waiting="0" ended="74" arrived="74" collisions="0" teleports="0" halting="1" stopped="0" meanWaitingTime="0.77" meanTravelTime="111.73" meanSpeed="25.20" meanSpeedRelative="0.79" duration="1"/>
    <step time="600.00" loaded="367" inserted="367" running="147" waiting="0" ended="220" arrived="220" collisions="0" teleports="0" halting="0" stopped="0" meanWaitingTime="0.50" meanTravelTime="166.80" meanSpeed="25.41" meanSpeedRelative="0.79" duration="1"/>
    <step time="900.00" loaded="564" inserted="564" running="189" waiting="0" ended="375" arrived="375" collisions="0" teleports="0" halting="0" stopped="0" meanWaitingTime="0.47" meanTravelTime="200.72" meanSpeed="25.07" meanSpeedRelative="0.78" duration="1"/>
    <step time="1200.00" loaded="766" inserted="766" running="185" waiting="0" ended="581" arrived="581" collisions="0" teleports="0" halting="1" stopped="0" meanWaitingTime="0.49" meanTravelTime="217.89" meanSpeed="24.43" meanSpeedRelative="0.76" duration="1"/>
    <step time="1500.00" loaded="926" inserted="926" running="153" waiting="0" ended="773" arrived="773" collisions="0" teleports="0" halting="0" stopped="0" meanWaitingTime="0.48" meanTravelTime="235.04" meanSpeed="24.26" meanSpeedRelative="0.76" duration="1"/>
    <step time="1800.00" loaded="1108" inserted="1108" running="173" waiting="0" ended="935" arrived="935" collisions="1" teleports="1" halting="0" stopped="0" meanWaitingTime="0.49" meanTravelTime="241.37" meanSpeed="25.32" meanSpeedRelative="0.79" duration="1"/>
    <step time="2100.00" loaded="1302" inserted="1302" running="169" waiting="0" ended="1133" arrived="1133" collisions="1" teleports="1" halting="3" stopped="0" meanWaitingTime="0.47" meanTravelTime="248.22" meanSpeed="23.72" meanSpeedRelative="0.74" duration="1"/>
    <step time="2400.00" loaded="1497" inserted="1497" running="186" waiting="0" ended="1311" arrived="1311" collisions="1" teleports="1" halting="1" stopped="0" meanWaitingTime="0.48" meanTravelTime="249.44" meanSpeed="25.06" meanSpeedRelative="0.78" duration="1"/>
    <step time="2700.00" loaded="1680" inserted="1680" running="159" waiting="0" ended="1521" arrived="1521" collisions="2" teleports="2" halting="0" stopped="0" meanWaitingTime="0.46" meanTravelTime="254.81" meanSpeed="25.42" meanSpeedRelative="0.79" duration="1"/>
    <step time="3000.00" loaded="1865" inserted="1865" running="161" waiting="0" ended="1704" arrived="1704" collisions="2" teleports="2" halting="0" stopped="0" meanWaitingTime="0.46" meanTravelTime="256.28" meanSpeed="26.10" meanSpeedRelative="0.82" duration="1"/>
    <step time="3300.00" loaded="2033" inserted="2033" running="149" waiting="0" ended="1884" arrived="1884" collisions="2" teleports="2" halting="1" stopped="0" meanWaitingTime="0.45" meanTravelTime="256.91" meanSpeed="24.67" meanSpeedRelative="0.77" duration="2"/>
    <step time="3600.00" loaded="2234" inserted="2234" running="177" waiting="0" ended="2057" arrived="2057" collisions="2" teleports="2" halting="1" stopped="0" meanWaitingTime="0.45" meanTravelTime="256.73" meanSpeed="24.43" meanSpeedRelative="0.76" duration="84"/>
    <step time="3900.00" loaded="2355" inserted="2355" running="102" waiting="0" ended="2253" arrived="2253" collisions="2" teleports="2" halting="2" stopped="0" meanWaitingTime="0.44" meanTravelTime="257.76" meanSpeed="25.92" meanSpeedRelative="0.81" duration="1"/>
    <step time="4200.00" loaded="2464" inserted="2464" running="96" waiting="0" ended="2368" arrived="2368" collisions="2" teleports="2" halting="0" stopped="0" meanWaitingTime="0.43" meanTravelTime="258.32" meanSpeed="24.48" meanSpeedRelative="0.76" duration="1"/>
    <step time="4500.00" loaded="2583" inserted="2583" running="103" waiting="0" ended="2480" arrived="2480" collisions="3" teleports="3" halting="0" stopped="0" meanWaitingTime="0.44" meanTravelTime="260.19" meanSpeed="26.06" meanSpeedRelative="0.81" duration="1"/>
    <step time="4800.00" loaded="2689" inserted="2689" running="94" waiting="0" ended="2595" arrived="2595" collisions="3" teleports="3" halting="1" stopped="0" meanWaitingTime="0.43" meanTravelTime="258.93" meanSpeed="26.06" meanSpeedRelative="0.81" duration="1"/>
    <step time="5100.00" loaded="2794" inserted="2794" running="81" waiting="0" ended="2713" arrived="2713" collisions="3" teleports="3" halting="0" stopped="0" meanWaitingTime="0.42" meanTravelTime="258.57" meanSpeed="24.91" meanSpeedRelative="0.78" duration="1"/>
    <step time="5400.00" loaded="2911" inserted="2911" running="95" waiting="0" ended="2816" arrived="2816" collisions="3" teleports="3" halting="0" stopped="0" meanWaitingTime="0.41" meanTravelTime="258.79" meanSpeed="25.71" meanSpeedRelative="0.80" duration="1"/>
    <step time="5700.00" loaded="3013" inserted="3013" running="96" waiting="0" ended="2917" arrived="2917" collisions="3" teleports="3" halting="1" stopped="0" meanWaitingTime="0.40" meanTravelTime="258.68" meanSpeed="25.97" meanSpeedRelative="0.81" duration="1"/>
    <step time="6000.00" loaded="3119" inserted="3119" running="96" waiting="0" ended="3023" arrived="3023" collisions="3" teleports="3" halting="0" stopped="0" meanWaitingTime="0.39" meanTravelTime="258.11" meanSpeed="26.31" meanSpeedRelative="0.82" duration="1"/>
    <step time="6300.00" loaded="3226" inserted="3226" running="94" waiting="0" ended="3132" arrived="3132" collisions="3" teleports="3" halting="0" stopped="0" meanWaitingTime="0.38" meanTravelTime="257.95" meanSpeed="25.01" meanSpeedRelative="0.78" duration="0"/>
    <step time="6600.00" loaded="3335" inserted="3335" running="85" waiting="0" ended="3250" arrived="3250" collisions="3" teleports="3" halting="1" stopped="0" meanWaitingTime="0.38" meanTravelTime="257.90" meanSpeed="25.82" meanSpeedRelative="0.81" duration="1"/>
    <step time="6900.00" loaded="3440" inserted="3440" running="88" waiting="0" ended="3352" arrived="3352" collisions="3" teleports="3" halting="0" stopped="0" meanWaitingTime="0.38" meanTravelTime="257.60" meanSpeed="26.23" meanSpeedRelative="0.82" duration="0"/>
    <step time="7200.00" loaded="3566" inserted="3566" running="93" waiting="0" ended="3473" arrived="3473" collisions="3" teleports="3" halting="1" stopped="0" meanWaitingTime="0.38" meanTravelTime="257.01" meanSpeed="25.95" meanSpeedRelative="0.81" duration="85"/>
    <step time="7500.00" loaded="3730" inserted="3730" running="119" waiting="0" ended="3611" arrived="3611" collisions="3" teleports="3" halting="1" stopped="0" meanWaitingTime="0.38" meanTravelTime="256.69" meanSpeed="25.38" meanSpeedRelative="0.79" duration="1"/>
    <step time="7800.00" loaded="3896" inserted="3895" running="130" waiting="1" ended="3765" arrived="3765" collisions="4" teleports="4" halting="0" stopped="0" meanWaitingTime="0.38" meanTravelTime="254.49" meanSpeed="25.32" meanSpeedRelative="0.79" duration="1"/>
    <step time="8100.00" loaded="4058" inserted="4056" running="129" waiting="2" ended="3927" arrived="3927" collisions="5" teleports="5" halting="0" stopped="0" meanWaitingTime="0.38" meanTravelTime="254.46" meanSpeed="24.23" meanSpeedRelative="0.76" duration="1"/>
    <step time="8400.00" loaded="4210" inserted="4210" running="141" waiting="0" ended="4069" arrived="4069" collisions="5" teleports="5" halting="0" stopped="0" meanWaitingTime="0.39" meanTravelTime="254.63" meanSpeed="24.90" meanSpeedRelative="0.78" duration="1"/>
    <step time="8700.00" loaded="4369" inserted="4368" running="126" waiting="1" ended="4242" arrived="4242" collisions="5" teleports="5" halting="0" stopped="0" meanWaitingTime="0.39" meanTravelTime="253.73" meanSpeed="25.43" meanSpeedRelative="0.79" duration="1"/>
    <step time="9000.00" loaded="4518" inserted="4517" running="125" waiting="1" ended="4392" arrived="4392" collisions="5" teleports="5" halting="1" stopped="0" meanWaitingTime="0.38" meanTravelTime="253.71" meanSpeed="25.51" meanSpeedRelative="0.80" duration="1"/>
    <step time="9300.00" loaded="4662" inserted="4662" running="114" waiting="0" ended="4548" arrived="4548" collisions="5" teleports="5" halting="0" stopped="0" meanWaitingTime="0.39" meanTravelTime="253.64" meanSpeed="26.09" meanSpeedRelative="0.82" duration="1"/>
    <step time="9600.00" loaded="4822" inserted="4822" running="128" waiting="0" ended="4694" arrived="4694" collisions="5" teleports="5" halting="1" stopped="0" meanWaitingTime="0.39" meanTravelTime="253.79" meanSpeed="25.36" meanSpeedRelative="0.79" duration="1"/>
    <step time="9900.00" loaded="4972" inserted="4972" running="125" waiting="0" ended="4847" arrived="4847" collisions="5" teleports="5" halting="1" stopped="0" meanWaitingTime="0.39" meanTravelTime="254.03" meanSpeed="24.82" meanSpeedRelative="0.78" duration="1"/>
    <step time="10200.00" loaded="5133" inserted="5133" running="116" waiting="0" ended="5017" arrived="5017" collisions="5" teleports="5" halting="0" stopped="0" meanWaitingTime="0.40" meanTravelTime="253.14" meanSpeed="24.73" meanSpeedRelative="0.77" duration="0"/>
    <step time="10500.00" loaded="5273" inserted="5272" running="112" waiting="1" ended="5160" arrived="5160" collisions="5" teleports="5" halting="0" stopped="0" meanWaitingTime="0.39" meanTravelTime="252.74" meanSpeed="25.27" meanSpeedRelative="0.79" duration="1"/>
    <step time="10800.00" loaded="5421" inserted="5421" running="112" waiting="0" ended="5309" arrived="5309" collisions="5" teleports="5" halting="0" stopped="0" meanWaitingTime="0.39" meanTravelTime="252.00" meanSpeed="25.37" meanSpeedRelative="0.79" duration="85"/>
    <step time="11100.00" loaded="5576" inserted="5576" running="132" waiting="0" ended="5444" arrived="5444" collisions="5" teleports="5" halting="0" stopped="0" meanWaitingTime="0.39" meanTravelTime="251.71" meanSpeed="24.34" meanSpeedRelative="0.76" duration="1"/>
    <step time="11400.00" loaded="5729" inserted="5729" running="123" waiting="0" ended="5606" arrived="5606" collisions="5" teleports="5" halting="2" stopped="0" meanWaitingTime="0.38" meanTravelTime="251.81" meanSpeed="24.87" meanSpeedRelative="0.78" duration="1"/>
    <step time="11700.00" loaded="5883" inserted="5882" running="106" waiting="1" ended="5776" arrived="5776" collisions="5" teleports="5" halting="0" stopped="0" meanWaitingTime="0.38" meanTravelTime="251.07" meanSpeed="25.23" meanSpeedRelative="0.79" duration="1"/>
    <step time="12000.00" loaded="6040" inserted="6040" running="111" waiting="0" ended="5929" arrived="5929" collisions="5" teleports="5" halting="1" stopped="0" meanWaitingTime="0.39" meanTravelTime="249.96" meanSpeed="25.49" meanSpeedRelative="0.80" duration="1"/>
    <step time="12300.00" loaded="6184" inserted="6184" running="102" waiting="0" ended="6082" arrived="6082" collisions="6" teleports="6" halting="1" stopped="0" meanWaitingTime="0.38" meanTravelTime="249.11" meanSpeed="25.32" meanSpeedRelative="0.79" duration="0"/>
    <step time="12600.00" loaded="6340" inserted="6339" running="115" waiting="1" ended="6224" arrived="6224" collisions="6" teleports="6" halting="3" stopped="0" meanWaitingTime="0.38" meanTravelTime="248.92" meanSpeed="24.76" meanSpeedRelative="0.77" duration="1"/>
    <step time="12900.00" loaded="6495" inserted="6494" running="118" waiting="1" ended="6376" arrived="6376" collisions="6" teleports="6" halting="0" stopped="0" meanWaitingTime="0.38" meanTravelTime="247.67" meanSpeed="25.46" meanSpeedRelative="0.80" duration="1"/>
    <step time="13200.00" loaded="6661" inserted="6661" running="140" waiting="0" ended="6521" arrived="6521" collisions="6" teleports="6" halting="0" stopped="0" meanWaitingTime="0.40" meanTravelTime="246.94" meanSpeed="25.41" meanSpeedRelative="0.79" duration="1"/>
    <step time="13500.00" loaded="6816" inserted="6816" running="122" waiting="0" ended="6694" arrived="6694" collisions="6" teleports="6" halting="2" stopped="0" meanWaitingTime="0.39" meanTravelTime="246.57" meanSpeed="24.97" meanSpeedRelative="0.78" duration="1"/>
    <step time="13800.00" loaded="6956" inserted="6956" running="98" waiting="0" ended="6858" arrived="6858" collisions="6" teleports="6" halting="0" stopped="0" meanWaitingTime="0.39" meanTravelTime="246.09" meanSpeed="25.52" meanSpeedRelative="0.80" duration="0"/>
    <step time="14100.00" loaded="7092" inserted="7092" running="101" waiting="0" ended="6991" arrived="6991" collisions="6" teleports="6" halting="0" stopped="0" meanWaitingTime="0.40" meanTravelTime="246.01" meanSpeed="25.57" meanSpeedRelative="0.80" duration="1"/>
    <step time="14400.00" loaded="7246" inserted="7246" running="105" waiting="0" ended="7141" arrived="7141" collisions="6" teleports="6" halting="0" stopped="0" meanWaitingTime="0.40" meanTravelTime="245.17" meanSpeed="26.13" meanSpeedRelative="0.82" duration="136"/>
    <step time="14700.00" loaded="7350" inserted="7350" running="73" waiting="0" ended="7277" arrived="7277" collisions="6" teleports="6" halting="0" stopped="0" meanWaitingTime="0.40" meanTravelTime="244.97" meanSpeed="26.09" meanSpeedRelative="0.82" duration="0"/>
    <step time="15000.00" loaded="7446" inserted="7446" running="66" waiting="0" ended="7380" arrived="7380" collisions="6" teleports="6" halting="1" stopped="0" meanWaitingTime="0.40" meanTravelTime="244.50" meanSpeed="26.05" meanSpeedRelative="0.81" duration="1"/>
    <step time="15300.00" loaded="7544" inserted="7544" running="69" waiting="0" ended="7475" arrived="7475" collisions="6" teleports="6" halting="1" stopped="0" meanWaitingTime="0.40" meanTravelTime="244.29" meanSpeed="26.18" meanSpeedRelative="0.82" duration="1"/>
    <step time="15600.00" loaded="7624" inserted="7624" running="58" waiting="0" ended="7566" arrived="7566" collisions="6" teleports="6" halting="0" stopped="0" meanWaitingTime="0.40" meanTravelTime="243.98" meanSpeed="26.12" meanSpeedRelative="0.82" duration="1"/>
    <step time="15900.00" loaded="7722" inserted="7722" running="60" waiting="0" ended="7662" arrived="7662" collisions="6" teleports="6" halting="0" stopped="0" meanWaitingTime="0.39" meanTravelTime="243.39" meanSpeed="25.50" meanSpeedRelative="0.80" duration="0"/>
    <step time="16200.00" loaded="7814" inserted="7814" running="60" waiting="0" ended="7754" arrived="7754" collisions="6" teleports="6" halting="1" stopped="0" meanWaitingTime="0.39" meanTravelTime="243.15" meanSpeed="25.61" meanSpeedRelative="0.80" duration="0"/>
    <step time="16500.00" loaded="7903" inserted="7903" running="68" waiting="0" ended="7835" arrived="7835" collisions="6" teleports="6" halting="0" stopped="0" meanWaitingTime="0.39" meanTravelTime="242.56" meanSpeed="25.01" meanSpeedRelative="0.78" duration="1"/>
    <step time="16800.00" loaded="8002" inserted="8002" running="72" waiting="0" ended="7930" arrived="7930" collisions="6" teleports="6" halting="0" stopped="0" meanWaitingTime="0.39" meanTravelTime="242.30" meanSpeed="26.51" meanSpeedRelative="0.83" duration="0"/>
    <step time="17100.00" loaded="8089" inserted="8089" running="70" waiting="0" ended="8019" arrived="8019" collisions="6" teleports="6" halting="0" stopped="0" meanWaitingTime="0.39" meanTravelTime="242.04" meanSpeed="24.57" meanSpeedRelative="0.77" duration="0"/>
    <step time="17400.00" loaded="8198" inserted="8198" running="78" waiting="0" ended="8120" arrived="8120" collisions="6" teleports="6" halting="0" stopped="0" meanWaitingTime="0.38" meanTravelTime="241.33" meanSpeed="25.37" meanSpeedRelative="0.79" duration="1"/>
    <step time="17700.00" loaded="8291" inserted="8291" running="71" waiting="0" ended="8220" arrived="8220" collisions="6" teleports="6" halting="0" stopped="0" meanWaitingTime="0.38" meanTravelTime="241.64" meanSpeed="25.35" meanSpeedRelative="0.79" duration="0"/>
    <step time="18000.00" loaded="8380" inserted="8379" running="56" waiting="1" ended="8323" arrived="8323" collisions="6" teleports="6" halting="0" stopped="0" meanWaitingTime="0.38" meanTravelTime="241.32" meanSpeed="26.11" meanSpeedRelative="0.82" duration="79"/>
    <step time="18300.00" loaded="8577" inserted="8577" running="121" waiting="0" ended="8456" arrived="8456" collisions="6" teleports="6" halting="1" stopped="0" meanWaitingTime="0.38" meanTravelTime="240.14" meanSpeed="24.92" meanSpeedRelative="0.78" duration="1"/>
    <step time="18600.00" loaded="8783" inserted="8780" running="147" waiting="3" ended="8633" arrived="8633" collisions="6" teleports="6" halting="0" stopped="0" meanWaitingTime="0.39" meanTravelTime="238.97" meanSpeed="25.00" meanSpeedRelative="0.78" duration="1"/>
    <step time="18900.00" loaded="8949" inserted="8949" running="144" waiting="0" ended="8805" arrived="8805" collisions="6" teleports="6" halting="2" stopped="0" meanWaitingTime="0.40" meanTravelTime="238.78" meanSpeed="24.75" meanSpeedRelative="0.77" duration="1"/>
    <step time="19200.00" loaded="9141" inserted="9141" running="148" waiting="0" ended="8993" arrived="8993" collisions="6" teleports="6" halting="0" stopped="0" meanWaitingTime="0.40" meanTravelTime="239.06" meanSpeed="25.57" meanSpeedRelative="0.80" duration="1"/>
    <step time="19500.00" loaded="9326" inserted="9326" running="142" waiting="0" ended="9184" arrived="9184" collisions="6" teleports="6" halting="0" stopped="0" meanWaitingTime="0.41" meanTravelTime="239.01" meanSpeed="25.56" meanSpeedRelative="0.80" duration="1"/>
    <step time="19800.00" loaded="9536" inserted="9534" running="183" waiting="2" ended="9351" arrived="9351" collisions="6" teleports="6" halting="0" stopped="0" meanWaitingTime="0.41" meanTravelTime="238.94" meanSpeed="25.17" meanSpeedRelative="0.79" duration="1"/>
    <step time="20100.00" loaded="9721" inserted="9720" running="166" waiting="1" ended="9554" arrived="9554" collisions="6" teleports="6" halting="0" stopped="0" meanWaitingTime="0.42" meanTravelTime="239.03" meanSpeed="24.70" meanSpeedRelative="0.77" duration="1"/>
    <step time="20400.00" loaded="9910" inserted="9910" running="151" waiting="0" ended="9759" arrived="9759" collisions="7" teleports="7" halting="0" stopped="0" meanWaitingTime="0.42" meanTravelTime="238.91" meanSpeed="24.55" meanSpeedRelative="0.77" duration="0"/>
    <step time="20700.00" loaded="10111" inserted="10110" running="157" waiting="1" ended="9953" arrived="9953" collisions="7" teleports="7" halting="1" stopped="0" meanWaitingTime="0.43" meanTravelTime="239.20" meanSpeed="24.73" meanSpeedRelative="0.77" duration="1"/>
    <step time="21000.00" loaded="10301" inserted="10300" running="143" waiting="1" ended="10157" arrived="10157" collisions="7" teleports="7" halting="2" stopped="0" meanWaitingTime="0.43" meanTravelTime="238.87" meanSpeed="24.99" meanSpeedRelative="0.78" duration="1"/>
    <step time="21300.00" loaded="10484" inserted="10484" running="145" waiting="0" ended="10339" arrived="10339" collisions="7" teleports="7" halting="0" stopped="0" meanWaitingTime="0.44" meanTravelTime="238.62" meanSpeed="24.83" meanSpeedRelative="0.78" duration="1"/>
    <step time="21600.00" loaded="10692" inserted="10691" running="167" waiting="1" ended="10524" arrived="10524" collisions="8" teleports="8" halting="2" stopped="0" meanWaitingTime="0.45" meanTravelTime="238.66" meanSpeed="25.47" meanSpeedRelative="0.80" duration="80"/>
    <step time="21900.00" loaded="11141" inserted="11116" running="364" waiting="25" ended="10752" arrived="10752" collisions="8" teleports="8" halting="1" stopped="0" meanWaitingTime="0.85" meanTravelTime="238.44" meanSpeed="21.92" meanSpeedRelative="0.69" duration="3"/>
    <step time="22200.00" loaded="11608" inserted="11567" running="454" waiting="41" ended="11113" arrived="11113" collisions="10" teleports="10" halting="5" stopped="0" meanWaitingTime="1.54" meanTravelTime="239.45" meanSpeed="19.36" meanSpeedRelative="0.61" duration="2"/>
    <step time="22500.00" loaded="12065" inserted="11990" running="463" waiting="75" ended="11527" arrived="11527" collisions="10" teleports="10" halting="16" stopped="0" meanWaitingTime="2.79" meanTravelTime="241.90" meanSpeed="18.82" meanSpeedRelative="0.59" duration="3"/>
    <step time="22800.00" loaded="12503" inserted="12406" running="489" waiting="97" ended="11917" arrived="11917" collisions="13" teleports="13" halting="15" stopped="0" meanWaitingTime="4.49" meanTravelTime="244.90" meanSpeed="19.49" meanSpeedRelative="0.61" duration="2"/>
    <step time="23100.00" loaded="13003" inserted="12845" running="509" waiting="158" ended="12336" arrived="12336" collisions="13" teleports="13" halting="7" stopped="0" meanWaitingTime="6.79" meanTravelTime="247.90" meanSpeed="18.48" meanSpeedRelative="0.58" duration="3"/>
    <step time="23400.00" loaded="13460" inserted="13294" running="507" waiting="166" ended="12787" arrived="12787" collisions="14" teleports="14" halting="2" stopped="0" meanWaitingTime="10.17" meanTravelTime="251.52" meanSpeed="18.46" meanSpeedRelative="0.58" duration="2"/>
    <step time="23700.00" loaded="13912" inserted="13710" running="523" waiting="202" ended="13187" arrived="13187" collisions="15" teleports="15" halting="17" stopped="0" meanWaitingTime="13.08" meanTravelTime="254.61" meanSpeed="18.12" meanSpeedRelative="0.57" duration="3"/>
    <step time="24000.00" loaded="14387" inserted="14141" running="529" waiting="246" ended="13612" arrived="13612" collisions="20" teleports="20" halting="4" stopped="0" meanWaitingTime="17.02" meanTravelTime="257.73" meanSpeed="18.43" meanSpeedRelative="0.58" duration="3"/>
    <step time="24300.00" loaded="14850" inserted="14566" running="521" waiting="284" ended="14045" arrived="14045" collisions="22" teleports="22" halting="12" stopped="0" meanWaitingTime="21.14" meanTravelTime="260.85" meanSpeed="18.12" meanSpeedRelative="0.57" duration="3"/>
    <step time="24600.00" loaded="15332" inserted="15021" running="525" waiting="311" ended="14496" arrived="14496" collisions="25" teleports="25" halting="3" stopped="0" meanWaitingTime="25.87" meanTravelTime="264.22" meanSpeed="18.41" meanSpeedRelative="0.58" duration="2"/>
    <step time="24900.00" loaded="15799" inserted="15456" running="518" waiting="343" ended="14938" arrived="14938" collisions="26" teleports="26" halting="14" stopped="0" meanWaitingTime="30.40" meanTravelTime="266.86" meanSpeed="19.06" meanSpeedRelative="0.60" duration="3"/>
    <step time="25200.00" loaded="16289" inserted="15906" running="550" waiting="383" ended="15356" arrived="15356" collisions="26" teleports="26" halting="7" stopped="0" meanWaitingTime="35.70" meanTravelTime="269.27" meanSpeed="17.95" meanSpeedRelative="0.56" duration="87"/>
    <step time="25500.00" loaded="16841" inserted="16356" running="552" waiting="485" ended="15804" arrived="15804" collisions="28" teleports="28" halting="1" stopped="0" meanWaitingTime="40.04" meanTravelTime="272.25" meanSpeed="18.21" meanSpeedRelative="0.57" duration="3"/>
    <step time="25800.00" loaded="17408" inserted="16803" running="537" waiting="605" ended="16266" arrived="16266" collisions="28" teleports="28" halting="16" stopped="0" meanWaitingTime="45.21" meanTravelTime="274.68" meanSpeed="18.67" meanSpeedRelative="0.58" duration="3"/>
    <step time="26100.00" loaded="17934" inserted="17231" running="519" waiting="703" ended="16712" arrived="16712" collisions="29" teleports="29" halting="6" stopped="0" meanWaitingTime="50.54" meanTravelTime="276.58" meanSpeed="19.56" meanSpeedRelative="0.61" duration="3"/>
    <step time="26400.00" loaded="18526" inserted="17695" running="523" waiting="831" ended="17172" arrived="17172" collisions="29" teleports="29" halting="1" stopped="0" meanWaitingTime="58.86" meanTravelTime="278.29" meanSpeed="19.44" meanSpeedRelative="0.61" duration="3"/>
    <step time="26700.00" loaded="19077" inserted="18161" running="524" waiting="916" ended="17637" arrived="17637" collisions="29" teleports="29" halting="16" stopped="0" meanWaitingTime="66.84" meanTravelTime="280.30" meanSpeed="18.72" meanSpeedRelative="0.59" duration="4"/>
    <step time="27000.00" loaded="19635" inserted="18639" running="556" waiting="996" ended="18083" arrived="18083" collisions="29" teleports="29" halting="11" stopped="0" meanWaitingTime="76.69" meanTravelTime="281.74" meanSpeed="18.55" meanSpeedRelative="0.58" duration="3"/>
    <step time="27300.00" loaded="20207" inserted="19105" running="548" waiting="1102" ended="18557" arrived="18557" collisions="29" teleports="29" halting="8" stopped="0" meanWaitingTime="85.79" meanTravelTime="283.91" meanSpeed="18.37" meanSpeedRelative="0.57" duration="4"/>
    <step time="27600.00" loaded="20786" inserted="19595" running="547" waiting="1191" ended="19048" arrived="19048" collisions="30" teleports="30" halting="1" stopped="0" meanWaitingTime="96.74" meanTravelTime="285.69" meanSpeed="18.15" meanSpeedRelative="0.57" duration="3"/>
    <step time="27900.00" loaded="21329" inserted="20045" running="539" waiting="1284" ended="19506" arrived="19506" collisions="30" teleports="30" halting="15" stopped="0" meanWaitingTime="108.43" meanTravelTime="287.11" meanSpeed="18.23" meanSpeedRelative="0.57" duration="3"/>
    <step time="28200.00" loaded="21869" inserted="20504" running="542" waiting="1365" ended="19962" arrived="19962" collisions="32" teleports="32" halting="4" stopped="0" meanWaitingTime="119.68" meanTravelTime="288.26" meanSpeed="18.18" meanSpeedRelative="0.57" duration="3"/>
    <step time="28500.00" loaded="22431" inserted="20946" running="532" waiting="1485" ended="20414" arrived="20414" collisions="32" teleports="32" halting="19" stopped="0" meanWaitingTime="129.71" meanTravelTime="289.99" meanSpeed="18.47" meanSpeedRelative="0.58" duration="4"/>
    <step time="28800.00" loaded="22987" inserted="21409" running="518" waiting="1578" ended="20891" arrived="20891" collisions="33" teleports="33" halting="12" stopped="0" meanWaitingTime="141.56" meanTravelTime="291.38" meanSpeed="18.28" meanSpeedRelative="0.57" duration="85"/>
    <step time="29100.00" loaded="23336" inserted="21841" running="487" waiting="1495" ended="21354" arrived="21354" collisions="34" teleports="34" halting="15" stopped="0" meanWaitingTime="154.91" meanTravelTime="292.28" meanSpeed="20.10" meanSpeedRelative="0.63" duration="3"/>
    <step time="29400.00" loaded="23713" inserted="22284" running="495" waiting="1429" ended="21789" arrived="21789" collisions="35" teleports="35" halting="4" stopped="0" meanWaitingTime="170.23" meanTravelTime="293.38" meanSpeed="20.07" meanSpeedRelative="0.63" duration="3"/>
    <step time="29700.00" loaded="24064" inserted="22698" running="479" waiting="1366" ended="22219" arrived="22219" collisions="37" teleports="37" halting="11" stopped="0" meanWaitingTime="182.78" meanTravelTime="294.33" meanSpeed="19.86" meanSpeedRelative="0.62" duration="4"/>
    <step time="30000.00" loaded="24442" inserted="23116" running="469" waiting="1326" ended="22647" arrived="22647" collisions="40" teleports="40" halting="5" stopped="0" meanWaitingTime="196.68" meanTravelTime="295.22" meanSpeed="19.72" meanSpeedRelative="0.62" duration="3"/>
    <step time="30300.00" loaded="24795" inserted="23529" running="466" waiting="1266" ended="23063" arrived="23063" collisions="42" teleports="42" halting="17" stopped="0" meanWaitingTime="209.00" meanTravelTime="295.87" meanSpeed="19.36" meanSpeedRelative="0.61" duration="3"/>
    <step time="30600.00" loaded="25157" inserted="23956" running="462" waiting="1201" ended="23494" arrived="23494" collisions="42" teleports="42" halting="18" stopped="0" meanWaitingTime="221.09" meanTravelTime="296.39" meanSpeed="19.63" meanSpeedRelative="0.61" duration="3"/>
    <step time="30900.00" loaded="25518" inserted="24371" running="460" waiting="1147" ended="23911" arrived="23911" collisions="43" teleports="43" halting="3" stopped="0" meanWaitingTime="232.23" meanTravelTime="297.21" meanSpeed="20.73" meanSpeedRelative="0.65" duration="3"/>
    <step time="31200.00" loaded="25885" inserted="24785" running="440" waiting="1100" ended="24345" arrived="24345" collisions="43" teleports="43" halting="17" stopped="0" meanWaitingTime="242.94" meanTravelTime="297.81" meanSpeed="20.06" meanSpeedRelative="0.63" duration="3"/>
    <step time="31500.00" loaded="26224" inserted="25173" running="399" waiting="1051" ended="24774" arrived="24774" collisions="43" teleports="43" halting="0" stopped="0" meanWaitingTime="252.11" meanTravelTime="298.27" meanSpeed="20.46" meanSpeedRelative="0.64" duration="2"/>
    <step time="31800.00" loaded="26591" inserted="25599" running="425" waiting="992" ended="25174" arrived="25174" collisions="44" teleports="44" halting="23" stopped="0" meanWaitingTime="263.62" meanTravelTime="298.43" meanSpeed="18.91" meanSpeedRelative="0.59" duration="3"/>
    <step time="32100.00" loaded="26931" inserted="25992" running="425" waiting="939" ended="25567" arrived="25567" collisions="46" teleports="46" halting="1" stopped="0" meanWaitingTime="271.10" meanTravelTime="298.54" meanSpeed="19.31" meanSpeedRelative="0.60" duration="3"/>
    <step time="32400.00" loaded="27309" inserted="26409" running="429" waiting="900" ended="25980" arrived="25980" collisions="47" teleports="47" halting="18" stopped="0" meanWaitingTime="280.29" meanTravelTime="298.71" meanSpeed="20.20" meanSpeedRelative="0.63" duration="86"/>
    <step time="32700.00" loaded="27558" inserted="26767" running="405" waiting="791" ended="26362" arrived="26362" collisions="47" teleports="47" halting="3" stopped="0" meanWaitingTime="288.96" meanTravelTime="299.06" meanSpeed="19.09" meanSpeedRelative="0.60" duration="2"/>
    <step time="33000.00" loaded="27814" inserted="27129" running="379" waiting="685" ended="26750" arrived="26750" collisions="47" teleports="47" halting="17" stopped="0" meanWaitingTime="296.55" meanTravelTime="299.33" meanSpeed="19.23" meanSpeedRelative="0.60" duration="2"/>
    <step time="33300.00" loaded="28068" inserted="27463" running="345" waiting="605" ended="27118" arrived="27118" collisions="48" teleports="48" halting="9" stopped="0" meanWaitingTime="302.44" meanTravelTime="299.66" meanSpeed="20.09" meanSpeedRelative="0.63" duration="2"/>
    <step time="33600.00" loaded="28342" inserted="27774" running="295" waiting="568" ended="27479" arrived="27479" collisions="48" teleports="48" halting="1" stopped="0" meanWaitingTime="306.16" meanTravelTime="299.66" meanSpeed="20.83" meanSpeedRelative="0.65" duration="2"/>
    <step time="33900.00" loaded="28606" inserted="28096" running="298" waiting="510" ended="27798" arrived="27798" collisions="48" teleports="48" halting="0" stopped="0" meanWaitingTime="312.71" meanTravelTime="299.36" meanSpeed="21.60" meanSpeedRelative="0.67" duration="2"/>
    <step time="34200.00" loaded="28874" inserted="28428" running="301" waiting="446" ended="28127" arrived="28127" collisions="49" teleports="49" halting="0" stopped="0" meanWaitingTime="319.98" meanTravelTime="299.16" meanSpeed="21.42" meanSpeedRelative="0.67" duration="2"/>
    <step time="34500.00" loaded="29126" inserted="28727" running="273" waiting="399" ended="28454" arrived="28454" collisions="51" teleports="51" halting="0" stopped="0" meanWaitingTime="325.49" meanTravelTime="299.05" meanSpeed="20.85" meanSpeedRelative="0.65" duration="1"/>
    <step time="34800.00" loaded="29387" inserted="29060" running="291" waiting="327" ended="28769" arrived="28769" collisions="52" teleports="52" halting="1" stopped="0" meanWaitingTime="331.69" meanTravelTime="298.62" meanSpeed="19.92" meanSpeedRelative="0.62" duration="1"/>
    <step time="35100.00" loaded="29673" inserted="29402" running="302" waiting="271" ended="29100" arrived="29100" collisions="53" teleports="53" halting="0" stopped="0" meanWaitingTime="334.94" meanTravelTime="298.05" meanSpeed="21.50" meanSpeedRelative="0.67" duration="2"/>
    <step time="35400.00" loaded="29962" inserted="29756" running="357" waiting="206" ended="29399" arrived="29399" collisions="53" teleports="53" halting="0" stopped="0" meanWaitingTime="336.33" meanTravelTime="298.04" meanSpeed="21.32" meanSpeedRelative="0.67" duration="2"/>
    <step time="35700.00" loaded="30234" inserted="30066" running="338" waiting="168" ended="29728" arrived="29728" collisions="54" teleports="54" halting="18" stopped="0" meanWaitingTime="336.04" meanTravelTime="298.05" meanSpeed="20.54" meanSpeedRelative="0.64" duration="2"/>
    <step time="36000.00" loaded="30512" inserted="30392" running="326" waiting="120" ended="30066" arrived="30066" collisions="55" teleports="55" halting="4" stopped="0" meanWaitingTime="335.16" meanTravelTime="298.27" meanSpeed="20.63" meanSpeedRelative="0.64" duration="81"/>
    <step time="36300.00" loaded="31000" inserted="30853" running="452" waiting="147" ended="30401" arrived="30401" collisions="57" teleports="57" halting="15" stopped="0" meanWaitingTime="331.94" meanTravelTime="298.00" meanSpeed="19.62" meanSpeedRelative="0.61" duration="3"/>
    <step time="36600.00" loaded="31483" inserted="31311" running="486" waiting="172" ended="30825" arrived="30825" collisions="57" teleports="57" halting="3" stopped="0" meanWaitingTime="328.65" meanTravelTime="298.16" meanSpeed="19.10" meanSpeedRelative="0.60" duration="3"/>
    <step time="36900.00" loaded="31962" inserted="31751" running="484" waiting="211" ended="31267" arrived="31267" collisions="57" teleports="57" halting="19" stopped="0" meanWaitingTime="325.59" meanTravelTime="298.31" meanSpeed="19.44" meanSpeedRelative="0.61" duration="3"/>
    <step time="37200.00" loaded="32439" inserted="32198" running="473" waiting="241" ended="31725" arrived="31725" collisions="57" teleports="57" halting="2" stopped="0" meanWaitingTime="322.85" meanTravelTime="298.74" meanSpeed="20.80" meanSpeedRelative="0.65" duration="3"/>
    <step time="37500.00" loaded="32921" inserted="32670" running="494" waiting="251" ended="32176" arrived="32176" collisions="57" teleports="57" halting="7" stopped="0" meanWaitingTime="320.52" meanTravelTime="298.96" meanSpeed="19.57" meanSpeedRelative="0.61" duration="2"/>
    <step time="37800.00" loaded="33383" inserted="33108" running="492" waiting="275" ended="32616" arrived="32616" collisions="60" teleports="60" halting="18" stopped="0" meanWaitingTime="318.34" meanTravelTime="299.42" meanSpeed="18.89" meanSpeedRelative="0.59" duration="3"/>
    <step time="38100.00" loaded="33808" inserted="33521" running="482" waiting="287" ended="33039" arrived="33039" collisions="64" teleports="64" halting="10" stopped="0" meanWaitingTime="316.38" meanTravelTime="299.85" meanSpeed="20.15" meanSpeedRelative="0.63" duration="2"/>
    <step time="38400.00" loaded="34267" inserted="33980" running="490" waiting="287" ended="33490" arrived="33490" collisions="65" teleports="65" halting="22" stopped="0" meanWaitingTime="314.66" meanTravelTime="300.50" meanSpeed="19.67" meanSpeedRelative="0.61" duration="3"/>
    <step time="38700.00" loaded="34728" inserted="34429" running="472" waiting="299" ended="33957" arrived="33957" collisions="66" teleports="66" halting="2" stopped="0" meanWaitingTime="313.08" meanTravelTime="300.90" meanSpeed="19.32" meanSpeedRelative="0.60" duration="2"/>
    <step time="39000.00" loaded="35224" inserted="34890" running="485" waiting="334" ended="34405" arrived="34405" collisions="67" teleports="67" halting="18" stopped="0" meanWaitingTime="311.27" meanTravelTime="301.25" meanSpeed="19.55" meanSpeedRelative="0.61" duration="3"/>
    <step time="39300.00" loaded="35676" inserted="35320" running="473" waiting="356" ended="34847" arrived="34847" collisions="67" teleports="67" halting="2" stopped="0" meanWaitingTime="309.72" meanTravelTime="301.41" meanSpeed="19.92" meanSpeedRelative="0.62" duration="3"/>
    <step time="39600.00" loaded="36140" inserted="35771" running="485" waiting="369" ended="35286" arrived="35286" collisions="67" teleports="67" halting="16" stopped="0" meanWaitingTime="308.54" meanTravelTime="301.58" meanSpeed="19.09" meanSpeedRelative="0.60" duration="86"/>
    <step time="39900.00" loaded="36671" inserted="36235" running="538" waiting="436" ended="35697" arrived="35697" collisions="67" teleports="67" halting="11" stopped="0" meanWaitingTime="307.32" meanTravelTime="301.85" meanSpeed="18.61" meanSpeedRelative="0.58" duration="4"/>
    <step time="40200.00" loaded="37180" inserted="36681" running="522" waiting="499" ended="36159" arrived="36159" collisions="67" teleports="67" halting="20" stopped="0" meanWaitingTime="305.92" meanTravelTime="302.54" meanSpeed="19.32" meanSpeedRelative="0.60" duration="3"/>
    <step time="40500.00" loaded="37698" inserted="37161" running="565" waiting="537" ended="36596" arrived="36596" collisions="71" teleports="71" halting="17" stopped="0" meanWaitingTime="305.22" meanTravelTime="302.87" meanSpeed="18.21" meanSpeedRelative="0.57" duration="3"/>
    <step time="40800.00" loaded="38230" inserted="37612" running="553" waiting="618" ended="37059" arrived="37059" collisions="73" teleports="73" halting="14" stopped="0" meanWaitingTime="304.06" meanTravelTime="303.67" meanSpeed="19.10" meanSpeedRelative="0.60" duration="3"/>
    <step time="41100.00" loaded="38739" inserted="38106" running="568" waiting="633" ended="37538" arrived="37538" collisions="76" teleports="76" halting="7" stopped="0" meanWaitingTime="304.79" meanTravelTime="304.24" meanSpeed="18.53" meanSpeedRelative="0.58" duration="3"/>
    <step time="41400.00" loaded="39257" inserted="38557" running="551" waiting="700" ended="38006" arrived="38006" collisions="76" teleports="76" halting="6" stopped="0" meanWaitingTime="304.54" meanTravelTime="304.81" meanSpeed="18.84" meanSpeedRelative="0.59" duration="3"/>
    <step time="41700.00" loaded="39785" inserted="39019" running="556" waiting="766" ended="38463" arrived="38463" collisions="77" teleports="77" halting="17" stopped="0" meanWaitingTime="304.95" meanTravelTime="305.68" meanSpeed="18.47" meanSpeedRelative="0.58" duration="4"/>
    <step time="42000.00" loaded="40296" inserted="39493" running="576" waiting="803" ended="38917" arrived="38917" collisions="77" teleports="77" halting="17" stopped="0" meanWaitingTime="305.53" meanTravelTime="306.18" meanSpeed="18.54" meanSpeedRelative="0.58" duration="2"/>
    <step time="42300.00" loaded="40835" inserted="39972" running="593" waiting="863" ended="39379" arrived="39379" collisions="79" teleports="79" halting="7" stopped="0" meanWaitingTime="307.11" meanTravelTime="306.74" meanSpeed="17.51" meanSpeedRelative="0.55" duration="4"/>
    <step time="42600.00" loaded="41360" inserted="40467" running="601" waiting="893" ended="39866" arrived="39866" collisions="79" teleports="79" halting="1" stopped="0" meanWaitingTime="309.12" meanTravelTime="307.42" meanSpeed="17.39" meanSpeedRelative="0.54" duration="4"/>
    <step time="42900.00" loaded="41898" inserted="40952" running="619" waiting="946" ended="40333" arrived="40333" collisions="81" teleports="81" halting="5" stopped="0" meanWaitingTime="309.97" meanTravelTime="307.89" meanSpeed="17.55" meanSpeedRelative="0.55" duration="4"/>
    <step time="43200.00" loaded="42491" inserted="41453" running="654" waiting="1038" ended="40799" arrived="40799" collisions="84" teleports="84" halting="16" stopped="0" meanWaitingTime="312.04" meanTravelTime="309.15" meanSpeed="17.01" meanSpeedRelative="0.53" duration="93"/>
    <step time="43500.00" loaded="43028" inserted="41926" running="640" waiting="1102" ended="41286" arrived="41286" collisions="85" teleports="85" halting="6" stopped="0" meanWaitingTime="313.71" meanTravelTime="310.07" meanSpeed="16.92" meanSpeedRelative="0.53" duration="3"/>
    <step time="43800.00" loaded="43583" inserted="42411" running="641" waiting="1172" ended="41770" arrived="41770" collisions="89" teleports="89" halting="11" stopped="0" meanWaitingTime="316.74" meanTravelTime="310.98" meanSpeed="17.63" meanSpeedRelative="0.55" duration="6"/>
    <step time="44100.00" loaded="44092" inserted="42883" running="615" waiting="1209" ended="42268" arrived="42268" collisions="91" teleports="91" halting="6" stopped="0" meanWaitingTime="319.55" meanTravelTime="311.98" meanSpeed="17.36" meanSpeedRelative="0.54" duration="4"/>
    <step time="44400.00" loaded="44606" inserted="43337" running="598" waiting="1269" ended="42739" arrived="42739" collisions="92" teleports="92" halting="2" stopped="0" meanWaitingTime="321.27" meanTravelTime="312.86" meanSpeed="17.55" meanSpeedRelative="0.55" duration="4"/>
    <step time="44700.00" loaded="45176" inserted="43871" running="642" waiting="1305" ended="43229" arrived="43229" collisions="96" teleports="96" halting="13" stopped="0" meanWaitingTime="325.24" meanTravelTime="313.75" meanSpeed="16.67" meanSpeedRelative="0.52" duration="4"/>
    <step time="45000.00" loaded="45766" inserted="44369" running="674" waiting="1397" ended="43695" arrived="43695" collisions="96" teleports="96" halting="5" stopped="0" meanWaitingTime="329.36" meanTravelTime="314.31" meanSpeed="17.10" meanSpeedRelative="0.53" duration="4"/>
    <step time="45300.00" loaded="46298" inserted="44795" running="633" waiting="1503" ended="44162" arrived="44162" collisions="97" teleports="97" halting="31" stopped="0" meanWaitingTime="331.66" meanTravelTime="315.23" meanSpeed="16.39" meanSpeedRelative="0.51" duration="3"/>
    <step time="45600.00" loaded="46849" inserted="45284" running="667" waiting="1565" ended="44617" arrived="44617" collisions="98" teleports="98" halting="19" stopped="0" meanWaitingTime="335.15" meanTravelTime="316.27" meanSpeed="16.74" meanSpeedRelative="0.52" duration="4"/>
    <step time="45900.00" loaded="47390" inserted="45768" running="663" waiting="1622" ended="45105" arrived="45105" collisions="100" teleports="100" halting="9" stopped="0" meanWaitingTime="339.59" meanTravelTime="317.33" meanSpeed="16.51" meanSpeedRelative="0.52" duration="5"/>
    <step time="46200.00" loaded="47917" inserted="46252" running="648" waiting="1665" ended="45604" arrived="45604" collisions="102" teleports="102" halting="6" stopped="0" meanWaitingTime="344.89" meanTravelTime="318.43" meanSpeed="16.52" meanSpeedRelative="0.52" duration="4"/>
    <step time="46500.00" loaded="48475" inserted="46737" running="668" waiting="1738" ended="46069" arrived="46069" collisions="103" teleports="103" halting="13" stopped="0" meanWaitingTime="348.11" meanTravelTime="319.35" meanSpeed="16.71" meanSpeedRelative="0.52" duration="3"/>
    <step time="46800.00" loaded="49002" inserted="47219" running="649" waiting="1783" ended="46570" arrived="46570" collisions="103" teleports="103" halting="14" stopped="0" meanWaitingTime="352.59" meanTravelTime="320.57" meanSpeed="17.26" meanSpeedRelative="0.54" duration="92"/>
    <step time="47100.00" loaded="49541" inserted="47693" running="632" waiting="1848" ended="47061" arrived="47061" collisions="103" teleports="103" halting="8" stopped="0" meanWaitingTime="357.08" meanTravelTime="321.32" meanSpeed="17.21" meanSpeedRelative="0.54" duration="4"/>
    <step time="47400.00" loaded="50038" inserted="48160" running="648" waiting="1878" ended="47512" arrived="47512" collisions="106" teleports="106" halting="20" stopped="0" meanWaitingTime="362.12" meanTravelTime="322.28" meanSpeed="18.04" meanSpeedRelative="0.56" duration="4"/>
    <step time="47700.00" loaded="50570" inserted="48616" running="625" waiting="1954" ended="47991" arrived="47991" collisions="109" teleports="109" halting="16" stopped="0" meanWaitingTime="366.03" meanTravelTime="322.95" meanSpeed="17.55" meanSpeedRelative="0.55" duration="4"/>
    <step time="48000.00" loaded="51078" inserted="49073" running="619" waiting="2005" ended="48454" arrived="48454" collisions="111" teleports="111" halting="32" stopped="0" meanWaitingTime="369.64" meanTravelTime="323.65" meanSpeed="17.52" meanSpeedRelative="0.55" duration="3"/>
    <step time="48300.00" loaded="51610" inserted="49577" running="638" waiting="2033" ended="48939" arrived="48939" collisions="112" teleports="112" halting="15" stopped="0" meanWaitingTime="376.14" meanTravelTime="324.24" meanSpeed="16.68" meanSpeedRelative="0.52" duration="5"/>
    <step time="48600.00" loaded="52161" inserted="50053" running="651" waiting="2108" ended="49402" arrived="49402" collisions="112" teleports="112" halting="17" stopped="0" meanWaitingTime="379.34" meanTravelTime="324.93" meanSpeed="17.38" meanSpeedRelative="0.54" duration="4"/>
    <step time="48900.00" loaded="52683" inserted="50504" running="620" waiting="2179" ended="49884" arrived="49884" collisions="115" teleports="115" halting="10" stopped="0" meanWaitingTime="383.65" meanTravelTime="325.54" meanSpeed="17.53" meanSpeedRelative="0.55" duration="5"/>
    <step time="49200.00" loaded="53199" inserted="51019" running="648" waiting="2180" ended="50371" arrived="50371" collisions="116" teleports="116" halting="4" stopped="0" meanWaitingTime="390.14" meanTravelTime="326.27" meanSpeed="16.63" meanSpeedRelative="0.52" duration="5"/>
    <step time="49500.00" loaded="53717" inserted="51492" running="632" waiting="2225" ended="50860" arrived="50860" collisions="116" teleports="116" halting="16" stopped="0" meanWaitingTime="395.65" meanTravelTime="326.94" meanSpeed="17.27" meanSpeedRelative="0.54" duration="4"/>
    <step time="49800.00" loaded="54299" inserted="51980" running="616" waiting="2319" ended="51364" arrived="51364" collisions="119" teleports="119" halting="17" stopped="0" meanWaitingTime="401.94" meanTravelTime="327.73" meanSpeed="17.52" meanSpeedRelative="0.55" duration="5"/>
    <step time="50100.00" loaded="54817" inserted="52463" running="649" waiting="2354" ended="51814" arrived="51814" collisions="122" teleports="122" halting="21" stopped="0" meanWaitingTime="408.27" meanTravelTime="328.32" meanSpeed="16.69" meanSpeedRelative="0.52" duration="5"/>
    <step time="50400.00" loaded="55348" inserted="52941" running="647" waiting="2407" ended="52294" arrived="52294" collisions="123" teleports="123" halting="1" stopped="0" meanWaitingTime="413.91" meanTravelTime="328.80" meanSpeed="17.26" meanSpeedRelative="0.54" duration="95"/>
    <step time="50700.00" loaded="56088" inserted="53540" running="758" waiting="2548" ended="52782" arrived="52782" collisions="125" teleports="125" halting="32" stopped="0" meanWaitingTime="422.69" meanTravelTime="329.39" meanSpeed="15.61" meanSpeedRelative="0.49" duration="5"/>
    <step time="51000.00" loaded="56804" inserted="54065" running="802" waiting="2739" ended="53263" arrived="53263" collisions="127" teleports="127" halting="20" stopped="0" meanWaitingTime="427.09" meanTravelTime="329.99" meanSpeed="14.81" meanSpeedRelative="0.46" duration="4"/>
    <step time="51300.00" loaded="57518" inserted="54611" running="861" waiting="2907" ended="53750" arrived="53750" collisions="132" teleports="132" halting="1" stopped="0" meanWaitingTime="433.34" meanTravelTime="330.82" meanSpeed="14.97" meanSpeedRelative="0.47" duration="5"/>
    <step time="51600.00" loaded="58228" inserted="55143" running="907" waiting="3085" ended="54236" arrived="54236" collisions="134" teleports="134" halting="31" stopped="0" meanWaitingTime="440.47" meanTravelTime="332.17" meanSpeed="13.23" meanSpeedRelative="0.41" duration="5"/>
    <step time="51900.00" loaded="58903" inserted="55600" running="859" waiting="3303" ended="54741" arrived="54741" collisions="136" teleports="136" halting="8" stopped="0" meanWaitingTime="444.39" meanTravelTime="333.73" meanSpeed="13.54" meanSpeedRelative="0.42" duration="6"/>
    <step time="52200.00" loaded="59677" inserted="56194" running="907" waiting="3483" ended="55287" arrived="55287" collisions="138" teleports="138" halting="6" stopped="0" meanWaitingTime="452.41" meanTravelTime="335.58" meanSpeed="13.81" meanSpeedRelative="0.43" duration="8"/>
    <step time="52500.00" loaded="60388" inserted="56721" running="921" waiting="3667" ended="55800" arrived="55800" collisions="140" teleports="140" halting="40" stopped="0" meanWaitingTime="459.14" meanTravelTime="337.14" meanSpeed="12.27" meanSpeedRelative="0.38" duration="6"/>
    <step time="52800.00" loaded="61115" inserted="57222" running="928" waiting="3893" ended="56294" arrived="56294" collisions="142" teleports="142" halting="33" stopped="0" meanWaitingTime="465.74" meanTravelTime="338.85" meanSpeed="12.93" meanSpeedRelative="0.40" duration="5"/>
    <step time="53100.00" loaded="61865" inserted="57790" running="982" waiting="4075" ended="56808" arrived="56808" collisions="144" teleports="144" halting="24" stopped="0" meanWaitingTime="476.32" meanTravelTime="340.52" meanSpeed="12.76" meanSpeedRelative="0.40" duration="5"/>
    <step time="53400.00" loaded="62592" inserted="58296" running="973" waiting="4296" ended="57323" arrived="57323" collisions="147" teleports="147" halting="31" stopped="0" meanWaitingTime="483.46" meanTravelTime="342.33" meanSpeed="11.90" meanSpeedRelative="0.37" duration="7"/>
    <step time="53700.00" loaded="63311" inserted="58762" running="937" waiting="4549" ended="57825" arrived="57825" collisions="147" teleports="147" halting="17" stopped="0" meanWaitingTime="491.00" meanTravelTime="343.94" meanSpeed="12.28" meanSpeedRelative="0.38" duration="6"/>
    <step time="54000.00" loaded="64054" inserted="59310" running="955" waiting="4744" ended="58355" arrived="58355" collisions="147" teleports="147" halting="19" stopped="0" meanWaitingTime="502.63" meanTravelTime="346.21" meanSpeed="12.61" meanSpeedRelative="0.39" duration="89"/>
    <step time="54300.00" loaded="64513" inserted="59781" running="929" waiting="4732" ended="58852" arrived="58852" collisions="150" teleports="150" halting="30" stopped="0" meanWaitingTime="512.84" meanTravelTime="347.82" meanSpeed="12.40" meanSpeedRelative="0.39" duration="9"/>
    <step time="54600.00" loaded="64982" inserted="60263" running="912" waiting="4719" ended="59351" arrived="59351" collisions="154" teleports="154" halting="23" stopped="0" meanWaitingTime="524.12" meanTravelTime="350.24" meanSpeed="12.77" meanSpeedRelative="0.40" duration="7"/>
    <step time="54900.00" loaded="65462" inserted="60764" running="900" waiting="4698" ended="59864" arrived="59864" collisions="157" teleports="157" halting="25" stopped="0" meanWaitingTime="533.56" meanTravelTime="351.71" meanSpeed="12.51" meanSpeedRelative="0.39" duration="6"/>
    <step time="55200.00" loaded="65911" inserted="61224" running="848" waiting="4687" ended="60376" arrived="60376" collisions="160" teleports="160" halting="15" stopped="0" meanWaitingTime="546.88" meanTravelTime="353.31" meanSpeed="13.08" meanSpeedRelative="0.41" duration="6"/>
    <step time="55500.00" loaded="66361" inserted="61671" running="795" waiting="4690" ended="60876" arrived="60876" collisions="165" teleports="165" halting="14" stopped="0" meanWaitingTime="559.64" meanTravelTime="354.92" meanSpeed="13.97" meanSpeedRelative="0.44" duration="5"/>
    <step time="55800.00" loaded="66834" inserted="62146" running="785" waiting="4688" ended="61361" arrived="61361" collisions="166" teleports="166" halting="19" stopped="0" meanWaitingTime="574.26" meanTravelTime="356.14" meanSpeed="13.93" meanSpeedRelative="0.44" duration="5"/>
    <step time="56100.00" loaded="67284" inserted="62611" running="724" waiting="4673" ended="61887" arrived="61887" collisions="167" teleports="167" halting="8" stopped="0" meanWaitingTime="588.93" meanTravelTime="357.31" meanSpeed="15.50" meanSpeedRelative="0.48" duration="6"/>
    <step time="56400.00" loaded="67713" inserted="63076" running="710" waiting="4637" ended="62366" arrived="62366" collisions="170" teleports="170" halting="7" stopped="0" meanWaitingTime="603.05" meanTravelTime="358.42" meanSpeed="15.31" meanSpeedRelative="0.48" duration="8"/>
    <step time="56700.00" loaded="68195" inserted="63575" running="736" waiting="4620" ended="62839" arrived="62839" collisions="172" teleports="172" halting="16" stopped="0" meanWaitingTime="617.12" meanTravelTime="359.32" meanSpeed="14.67" meanSpeedRelative="0.46" duration="9"/>
    <step time="57000.00" loaded="68631" inserted="64041" running="716" waiting="4590" ended="63325" arrived="63325" collisions="173" teleports="173" halting="9" stopped="0" meanWaitingTime="630.37" meanTravelTime="360.17" meanSpeed="15.33" meanSpeedRelative="0.48" duration="6"/>
    <step time="57300.00" loaded="69093" inserted="64527" running="744" waiting="4566" ended="63783" arrived="63783" collisions="173" teleports="173" halting="14" stopped="0" meanWaitingTime="644.40" meanTravelTime="360.77" meanSpeed="14.82" meanSpeedRelative="0.46" duration="5"/>
    <step time="57600.00" loaded="69550" inserted="64987" running="735" waiting="4563" ended="64252" arrived="64252" collisions="175" teleports="175" halting="14" stopped="0" meanWaitingTime="658.79" meanTravelTime="361.41" meanSpeed="14.85" meanSpeedRelative="0.46" duration="86"/>
    <step time="57900.00" loaded="70123" inserted="65512" running="769" waiting="4611" ended="64743" arrived="64743" collisions="177" teleports="177" halting="9" stopped="0" meanWaitingTime="674.52" meanTravelTime="362.13" meanSpeed="14.86" meanSpeedRelative="0.46" duration="7"/>
    <step time="58200.00" loaded="70623" inserted="66003" running="789" waiting="4620" ended="65214" arrived="65214" collisions="181" teleports="181" halting="9" stopped="0" meanWaitingTime="688.96" meanTravelTime="362.68" meanSpeed="15.07" meanSpeedRelative="0.47" duration="6"/>
    <step time="58500.00" loaded="71182" inserted="66516" running="801" waiting="4666" ended="65715" arrived="65715" collisions="181" teleports="181" halting="4" stopped="0" meanWaitingTime="700.65" meanTravelTime="363.63" meanSpeed="14.73" meanSpeedRelative="0.46" duration="6"/>
    <step time="58800.00" loaded="71733" inserted="67002" running="794" waiting="4731" ended="66208" arrived="66208" collisions="181" teleports="181" halting="13" stopped="0" meanWaitingTime="713.28" meanTravelTime="364.46" meanSpeed="14.93" meanSpeedRelative="0.47" duration="6"/>
    <step time="59100.00" loaded="72304" inserted="67500" running="780" waiting="4804" ended="66720" arrived="66720" collisions="185" teleports="185" halting="14" stopped="0" meanWaitingTime="725.49" meanTravelTime="365.27" meanSpeed="14.77" meanSpeedRelative="0.46" duration="6"/>
    <step time="59400.00" loaded="72876" inserted="68022" running="804" waiting="4854" ended="67218" arrived="67218" collisions="189" teleports="189" halting="20" stopped="0" meanWaitingTime="737.78" meanTravelTime="365.92" meanSpeed="15.09" meanSpeedRelative="0.47" duration="7"/>
    <step time="59700.00" loaded="73451" inserted="68515" running="801" waiting="4936" ended="67714" arrived="67714" collisions="192" teleports="192" halting="21" stopped="0" meanWaitingTime="750.24" meanTravelTime="366.75" meanSpeed="14.50" meanSpeedRelative="0.45" duration="7"/>
    <step time="60000.00" loaded="73995" inserted="68997" running="802" waiting="4998" ended="68195" arrived="68195" collisions="196" teleports="196" halting="4" stopped="0" meanWaitingTime="763.90" meanTravelTime="367.63" meanSpeed="15.06" meanSpeedRelative="0.47" duration="7"/>
    <step time="60300.00" loaded="74601" inserted="69506" running="827" waiting="5095" ended="68679" arrived="68679" collisions="199" teleports="199" halting="21" stopped="0" meanWaitingTime="776.57" meanTravelTime="368.79" meanSpeed="14.43" meanSpeedRelative="0.45" duration="7"/>
    <step time="60600.00" loaded="75163" inserted="70010" running="840" waiting="5153" ended="69170" arrived="69170" collisions="202" teleports="202" halting="27" stopped="0" meanWaitingTime="789.02" meanTravelTime="369.60" meanSpeed="14.24" meanSpeedRelative="0.44" duration="8"/>
    <step time="60900.00" loaded="75726" inserted="70486" running="807" waiting="5240" ended="69679" arrived="69679" collisions="205" teleports="205" halting="35" stopped="0" meanWaitingTime="801.21" meanTravelTime="370.56" meanSpeed="14.18" meanSpeedRelative="0.44" duration="7"/>
    <step time="61200.00" loaded="76269" inserted="70990" running="820" waiting="5279" ended="70170" arrived="70170" collisions="207" teleports="207" halting="6" stopped="0" meanWaitingTime="812.90" meanTravelTime="371.48" meanSpeed="14.65" meanSpeedRelative="0.46" duration="84"/>
    <step time="61500.00" loaded="76331" inserted="71324" running="703" waiting="5007" ended="70621" arrived="70621" collisions="207" teleports="207" halting="4" stopped="0" meanWaitingTime="828.03" meanTravelTime="372.65" meanSpeed="15.02" meanSpeedRelative="0.47" duration="7"/>
    <step time="61800.00" loaded="76417" inserted="71686" running="634" waiting="4731" ended="71052" arrived="71052" collisions="208" teleports="208" halting="1" stopped="0" meanWaitingTime="843.78" meanTravelTime="373.71" meanSpeed="15.18" meanSpeedRelative="0.47" duration="5"/>
    <step time="62100.00" loaded="76481" inserted="72068" running="600" waiting="4413" ended="71468" arrived="71468" collisions="209" teleports="209" halting="19" stopped="0" meanWaitingTime="860.80" meanTravelTime="374.54" meanSpeed="15.02" meanSpeedRelative="0.47" duration="4"/>
    <step time="62400.00" loaded="76557" inserted="72438" running="572" waiting="4119" ended="71866" arrived="71866" collisions="211" teleports="211" halting="12" stopped="0" meanWaitingTime="876.49" meanTravelTime="375.36" meanSpeed="15.83" meanSpeedRelative="0.49" duration="3"/>
    <step time="62700.00" loaded="76624" inserted="72823" running="596" waiting="3801" ended="72227" arrived="72227" collisions="211" teleports="211" halting="2" stopped="0" meanWaitingTime="892.79" meanTravelTime="375.78" meanSpeed="15.25" meanSpeedRelative="0.48" duration="6"/>
    <step time="63000.00" loaded="76692" inserted="73220" running="613" waiting="3472" ended="72607" arrived="72607" collisions="214" teleports="214" halting="9" stopped="0" meanWaitingTime="910.13" meanTravelTime="376.03" meanSpeed="14.88" meanSpeedRelative="0.46" duration="3"/>
    <step time="63300.00" loaded="76767" inserted="73562" running="581" waiting="3205" ended="72981" arrived="72981" collisions="214" teleports="214" halting="4" stopped="0" meanWaitingTime="925.63" meanTravelTime="376.60" meanSpeed="13.52" meanSpeedRelative="0.42" duration="4"/>
    <step time="63600.00" loaded="76856" inserted="73870" running="511" waiting="2986" ended="73359" arrived="73359" collisions="214" teleports="214" halting="1" stopped="0" meanWaitingTime="938.47" meanTravelTime="377.07" meanSpeed="14.40" meanSpeedRelative="0.45" duration="3"/>
    <step time="63900.00" loaded="76935" inserted="74229" running="509" waiting="2706" ended="73720" arrived="73720" collisions="215" teleports="215" halting="16" stopped="0" meanWaitingTime="955.94" meanTravelTime="377.60" meanSpeed="13.51" meanSpeedRelative="0.42" duration="4"/>
    <step time="64200.00" loaded="77003" inserted="74576" running="530" waiting="2427" ended="74046" arrived="74046" collisions="215" teleports="215" halting="9" stopped="0" meanWaitingTime="970.55" meanTravelTime="377.97" meanSpeed="14.13" meanSpeedRelative="0.44" duration="3"/>
    <step time="64500.00" loaded="77065" inserted="74856" running="431" waiting="2209" ended="74425" arrived="74425" collisions="216" teleports="216" halting="9" stopped="0" meanWaitingTime="980.60" meanTravelTime="378.25" meanSpeed="15.78" meanSpeedRelative="0.49" duration="3"/>
    <step time="64800.00" loaded="77118" inserted="75121" running="335" waiting="1997" ended="74786" arrived="74786" collisions="217" teleports="217" halting="1" stopped="0" meanWaitingTime="992.81" meanTravelTime="378.64" meanSpeed="18.81" meanSpeedRelative="0.59" duration="92"/>
    <step time="65100.00" loaded="77168" inserted="75342" running="238" waiting="1826" ended="75104" arrived="75104" collisions="217" teleports="217" halting="2" stopped="0" meanWaitingTime="1005.33" meanTravelTime="378.80" meanSpeed="21.58" meanSpeedRelative="0.67" duration="2"/>
    <step time="65400.00" loaded="77209" inserted="75579" running="239" waiting="1630" ended="75340" arrived="75340" collisions="217" teleports="217" halting="1" stopped="0" meanWaitingTime="1022.61" meanTravelTime="378.64" meanSpeed="22.37" meanSpeedRelative="0.70" duration="2"/>
    <step time="65700.00" loaded="77269" inserted="75827" running="259" waiting="1442" ended="75568" arrived="75568" collisions="217" teleports="217" halting="1" stopped="0" meanWaitingTime="1039.42" meanTravelTime="378.38" meanSpeed="22.72" meanSpeedRelative="0.71" duration="1"/>
    <step time="66000.00" loaded="77311" inserted="76066" running="257" waiting="1245" ended="75809" arrived="75809" collisions="217" teleports="217" halting="1" stopped="0" meanWaitingTime="1054.54" meanTravelTime="378.24" meanSpeed="21.35" meanSpeedRelative="0.67" duration="1"/>
    <step time="66300.00" loaded="77362" inserted="76297" running="230" waiting="1065" ended="76067" arrived="76067" collisions="217" teleports="217" halting="0" stopped="0" meanWaitingTime="1067.53" meanTravelTime="377.94" meanSpeed="22.30" meanSpeedRelative="0.70" duration="1"/>
    <step time="66600.00" loaded="77417" inserted="76484" running="147" waiting="933" ended="76337" arrived="76337" collisions="217" teleports="217" halting="1" stopped="0" meanWaitingTime="1080.31" meanTravelTime="377.73" meanSpeed="23.76" meanSpeedRelative="0.74" duration="1"/>
    <step time="66900.00" loaded="77472" inserted="76671" running="137" waiting="801" ended="76534" arrived="76534" collisions="217" teleports="217" halting="0" stopped="0" meanWaitingTime="1092.62" meanTravelTime="377.42" meanSpeed="23.03" meanSpeedRelative="0.72" duration="1"/>
    <step time="67200.00" loaded="77526" inserted="76859" running="141" waiting="667" ended="76718" arrived="76718" collisions="217" teleports="217" halting="0" stopped="0" meanWaitingTime="1104.06" meanTravelTime="377.04" meanSpeed="22.72" meanSpeedRelative="0.71" duration="1"/>
    <step time="67500.00" loaded="77575" inserted="77041" running="141" waiting="534" ended="76900" arrived="76900" collisions="217" teleports="217" halting="0" stopped="0" meanWaitingTime="1112.72" meanTravelTime="376.67" meanSpeed="22.98" meanSpeedRelative="0.72" duration="1"/>
    <step time="67800.00" loaded="77631" inserted="77177" running="125" waiting="454" ended="77052" arrived="77052" collisions="218" teleports="218" halting="0" stopped="0" meanWaitingTime="1120.05" meanTravelTime="376.48" meanSpeed="25.16" meanSpeedRelative="0.79" duration="0"/>
    <step time="68100.00" loaded="77680" inserted="77302" running="135" waiting="378" ended="77167" arrived="77167" collisions="218" teleports="218" halting="0" stopped="0" meanWaitingTime="1127.14" meanTravelTime="376.39" meanSpeed="22.62" meanSpeedRelative="0.71" duration="1"/>
    <step time="68400.00" loaded="77716" inserted="77414" running="124" waiting="302" ended="77290" arrived="77290" collisions="218" teleports="218" halting="0" stopped="0" meanWaitingTime="1134.19" meanTravelTime="376.26" meanSpeed="25.30" meanSpeedRelative="0.79" duration="87"/>
    <step time="68700.00" loaded="77870" inserted="77633" running="200" waiting="237" ended="77433" arrived="77433" collisions="218" teleports="218" halting="1" stopped="0" meanWaitingTime="1139.42" meanTravelTime="376.06" meanSpeed="23.70" meanSpeedRelative="0.74" duration="1"/>
    <step time="69000.00" loaded="78036" inserted="77860" running="245" waiting="176" ended="77615" arrived="77615" collisions="219" teleports="219" halting="0" stopped="0" meanWaitingTime="1143.82" meanTravelTime="375.83" meanSpeed="23.13" meanSpeedRelative="0.72" duration="2"/>
    <step time="69300.00" loaded="78187" inserted="78075" running="228" waiting="112" ended="77847" arrived="77847" collisions="220" teleports="220" halting="0" stopped="0" meanWaitingTime="1148.31" meanTravelTime="375.66" meanSpeed="24.34" meanSpeedRelative="0.76" duration="1"/>
    <step time="69600.00" loaded="78340" inserted="78282" running="212" waiting="58" ended="78070" arrived="78070" collisions="220" teleports="220" halting="7" stopped="0" meanWaitingTime="1149.11" meanTravelTime="375.50" meanSpeed="23.14" meanSpeedRelative="0.72" duration="1"/>
    <step time="69900.00" loaded="78495" inserted="78458" running="181" waiting="37" ended="78277" arrived="78277" collisions="221" teleports="221" halting="2" stopped="0" meanWaitingTime="1146.88" meanTravelTime="375.45" meanSpeed="24.44" meanSpeedRelative="0.76" duration="1"/>
    <step time="70200.00" loaded="78658" inserted="78658" running="193" waiting="0" ended="78465" arrived="78465" collisions="221" teleports="221" halting="1" stopped="0" meanWaitingTime="1144.19" meanTravelTime="375.22" meanSpeed="24.64" meanSpeedRelative="0.77" duration="1"/>
    <step time="70500.00" loaded="78839" inserted="78838" running="168" waiting="1" ended="78670" arrived="78670" collisions="222" teleports="222" halting="0" stopped="0" meanWaitingTime="1141.58" meanTravelTime="375.04" meanSpeed="24.86" meanSpeedRelative="0.78" duration="1"/>
    <step time="70800.00" loaded="78995" inserted="78995" running="163" waiting="0" ended="78832" arrived="78832" collisions="222" teleports="222" halting="0" stopped="0" meanWaitingTime="1139.31" meanTravelTime="374.91" meanSpeed="25.23" meanSpeedRelative="0.79" duration="1"/>
    <step time="71100.00" loaded="79134" inserted="79134" running="132" waiting="0" ended="79002" arrived="79002" collisions="222" teleports="222" halting="0" stopped="0" meanWaitingTime="1137.31" meanTravelTime="374.80" meanSpeed="25.35" meanSpeedRelative="0.79" duration="1"/>
    <step time="71400.00" loaded="79295" inserted="79295" running="132" waiting="0" ended="79163" arrived="79163" collisions="222" teleports="222" halting="0" stopped="0" meanWaitingTime="1135.00" meanTravelTime="374.60" meanSpeed="25.40" meanSpeedRelative="0.79" duration="1"/>
    <step time="71700.00" loaded="79426" inserted="79426" running="118" waiting="0" ended="79308" arrived="79308" collisions="222" teleports="222" halting="0" stopped="0" meanWaitingTime="1133.13" meanTravelTime="374.42" meanSpeed="25.33" meanSpeedRelative="0.79" duration="1"/>
    <step time="72000.00" loaded="79590" inserted="79590" running="141" waiting="0" ended="79449" arrived="79449" collisions="223" teleports="223" halting="0" stopped="0" meanWaitingTime="1130.79" meanTravelTime="374.21" meanSpeed="24.85" meanSpeedRelative="0.78" duration="81"/>
    <step time="72300.00" loaded="79721" inserted="79721" running="131" waiting="0" ended="79590" arrived="79590" collisions="223" teleports="223" halting="0" stopped="0" meanWaitingTime="1128.93" meanTravelTime="374.00" meanSpeed="24.73" meanSpeedRelative="0.77" duration="0"/>
    <step time="72600.00" loaded="79856" inserted="79856" running="122" waiting="0" ended="79734" arrived="79734" collisions="223" teleports="223" halting="0" stopped="0" meanWaitingTime="1127.03" meanTravelTime="373.83" meanSpeed="25.92" meanSpeedRelative="0.81" duration="1"/>
    <step time="72900.00" loaded="79984" inserted="79984" running="109" waiting="0" ended="79875" arrived="79875" collisions="223" teleports="223" halting="4" stopped="0" meanWaitingTime="1125.22" meanTravelTime="373.67" meanSpeed="25.07" meanSpeedRelative="0.78" duration="1"/>
    <step time="73200.00" loaded="80127" inserted="80127" running="114" waiting="0" ended="80013" arrived="80013" collisions="223" teleports="223" halting="0" stopped="0" meanWaitingTime="1123.22" meanTravelTime="373.45" meanSpeed="25.45" meanSpeedRelative="0.80" duration="1"/>
    <step time="73500.00" loaded="80262" inserted="80262" running="119" waiting="0" ended="80143" arrived="80143" collisions="224" teleports="224" halting="0" stopped="0" meanWaitingTime="1121.33" meanTravelTime="373.22" meanSpeed="24.64" meanSpeedRelative="0.77" duration="1"/>
    <step time="73800.00" loaded="80388" inserted="80387" running="107" waiting="1" ended="80280" arrived="80280" collisions="224" teleports="224" halting="0" stopped="0" meanWaitingTime="1119.58" meanTravelTime="373.01" meanSpeed="25.30" meanSpeedRelative="0.79" duration="1"/>
    <step time="74100.00" loaded="80546" inserted="80545" running="125" waiting="1" ended="80420" arrived="80420" collisions="225" teleports="225" halting="0" stopped="0" meanWaitingTime="1117.39" meanTravelTime="372.79" meanSpeed="24.68" meanSpeedRelative="0.77" duration="1"/>
    <step time="74400.00" loaded="80686" inserted="80686" running="125" waiting="0" ended="80561" arrived="80561" collisions="225" teleports="225" halting="0" stopped="0" meanWaitingTime="1115.44" meanTravelTime="372.60" meanSpeed="24.99" meanSpeedRelative="0.78" duration="1"/>
    <step time="74700.00" loaded="80819" inserted="80819" running="113" waiting="0" ended="80706" arrived="80706" collisions="225" teleports="225" halting="1" stopped="0" meanWaitingTime="1113.60" meanTravelTime="372.41" meanSpeed="25.42" meanSpeedRelative="0.79" duration="1"/>
    <step time="75000.00" loaded="80937" inserted="80937" running="98" waiting="0" ended="80839" arrived="80839" collisions="225" teleports="225" halting="0" stopped="0" meanWaitingTime="1111.98" meanTravelTime="372.20" meanSpeed="25.45" meanSpeedRelative="0.80" duration="0"/>
    <step time="75300.00" loaded="81080" inserted="81080" running="116" waiting="0" ended="80964" arrived="80964" collisions="225" teleports="225" halting="0" stopped="0" meanWaitingTime="1110.02" meanTravelTime="372.00" meanSpeed="26.48" meanSpeedRelative="0.83" duration="0"/>
    <step time="75600.00" loaded="81226" inserted="81226" running="118" waiting="0" ended="81108" arrived="81108" collisions="226" teleports="226" halting="0" stopped="0" meanWaitingTime="1108.02" meanTravelTime="371.76" meanSpeed="25.59" meanSpeedRelative="0.80" duration="80"/>
    <step time="75900.00" loaded="81412" inserted="81412" running="150" waiting="0" ended="81262" arrived="81262" collisions="226" teleports="226" halting="0" stopped="0" meanWaitingTime="1105.49" meanTravelTime="371.53" meanSpeed="24.00" meanSpeedRelative="0.75" duration="1"/>
    <step time="76200.00" loaded="81625" inserted="81625" running="192" waiting="0" ended="81433" arrived="81433" collisions="226" teleports="226" halting="2" stopped="0" meanWaitingTime="1102.61" meanTravelTime="371.30" meanSpeed="24.56" meanSpeedRelative="0.77" duration="1"/>
    <step time="76500.00" loaded="81820" inserted="81820" running="177" waiting="0" ended="81643" arrived="81643" collisions="227" teleports="227" halting="1" stopped="0" meanWaitingTime="1099.98" meanTravelTime="371.00" meanSpeed="25.27" meanSpeedRelative="0.79" duration="1"/>
    <step time="76800.00" loaded="82035" inserted="82034" running="186" waiting="1" ended="81848" arrived="81848" collisions="227" teleports="227" halting="0" stopped="0" meanWaitingTime="1097.11" meanTravelTime="370.74" meanSpeed="24.82" meanSpeedRelative="0.78" duration="1"/>
    <step time="77100.00" loaded="82219" inserted="82219" running="181" waiting="0" ended="82038" arrived="82038" collisions="227" teleports="227" halting="0" stopped="0" meanWaitingTime="1094.65" meanTravelTime="370.50" meanSpeed="24.30" meanSpeedRelative="0.76" duration="1"/>
    <step time="77400.00" loaded="82406" inserted="82406" running="169" waiting="0" ended="82237" arrived="82237" collisions="227" teleports="227" halting="0" stopped="0" meanWaitingTime="1092.16" meanTravelTime="370.26" meanSpeed="24.72" meanSpeedRelative="0.77" duration="1"/>
    <step time="77700.00" loaded="82617" inserted="82617" running="190" waiting="0" ended="82427" arrived="82427" collisions="227" teleports="227" halting="0" stopped="0" meanWaitingTime="1089.37" meanTravelTime="370.02" meanSpeed="24.56" meanSpeedRelative="0.77" duration="1"/>
    <step time="78000.00" loaded="82798" inserted="82798" running="179" waiting="0" ended="82619" arrived="82619" collisions="227" teleports="227" halting="0" stopped="0" meanWaitingTime="1086.99" meanTravelTime="369.80" meanSpeed="25.12" meanSpeedRelative="0.78" duration="1"/>
    <step time="78300.00" loaded="82980" inserted="82980" running="155" waiting="0" ended="82825" arrived="82825" collisions="227" teleports="227" halting="0" stopped="0" meanWaitingTime="1084.61" meanTravelTime="369.57" meanSpeed="25.37" meanSpeedRelative="0.79" duration="1"/>
    <step time="78600.00" loaded="83195" inserted="83194" running="178" waiting="1" ended="83016" arrived="83016" collisions="229" teleports="229" halting="0" stopped="0" meanWaitingTime="1081.82" meanTravelTime="369.31" meanSpeed="25.44" meanSpeedRelative="0.79" duration="1"/>
    <step time="78900.00" loaded="83382" inserted="83382" running="159" waiting="0" ended="83223" arrived="83223" collisions="229" teleports="229" halting="0" stopped="0" meanWaitingTime="1079.38" meanTravelTime="369.03" meanSpeed="25.59" meanSpeedRelative="0.80" duration="1"/>
    <step time="79200.00" loaded="83552" inserted="83552" running="151" waiting="0" ended="83401" arrived="83401" collisions="229" teleports="229" halting="1" stopped="0" meanWaitingTime="1077.19" meanTravelTime="368.79" meanSpeed="25.30" meanSpeedRelative="0.79" duration="80"/>
    <step time="79500.00" loaded="83744" inserted="83744" running="169" waiting="0" ended="83575" arrived="83575" collisions="229" teleports="229" halting="0" stopped="0" meanWaitingTime="1074.72" meanTravelTime="368.59" meanSpeed="25.27" meanSpeedRelative="0.79" duration="1"/>
    <step time="79800.00" loaded="83927" inserted="83927" running="174" waiting="0" ended="83753" arrived="83753" collisions="229" teleports="229" halting="1" stopped="0" meanWaitingTime="1072.38" meanTravelTime="368.38" meanSpeed="24.54" meanSpeedRelative="0.77" duration="1"/>
    <step time="80100.00" loaded="84113" inserted="84113" running="163" waiting="0" ended="83950" arrived="83950" collisions="229" teleports="229" halting="0" stopped="0" meanWaitingTime="1070.01" meanTravelTime="368.16" meanSpeed="25.08" meanSpeedRelative="0.78" duration="1"/>
    <step time="80400.00" loaded="84283" inserted="84283" running="160" waiting="0" ended="84123" arrived="84123" collisions="229" teleports="229" halting="1" stopped="0" meanWaitingTime="1067.85" meanTravelTime="367.94" meanSpeed="25.67" meanSpeedRelative="0.80" duration="1"/>
    <step time="80700.00" loaded="84457" inserted="84457" running="138" waiting="0" ended="84319" arrived="84319" collisions="229" teleports="229" halting="1" stopped="0" meanWaitingTime="1065.65" meanTravelTime="367.73" meanSpeed="25.30" meanSpeedRelative="0.79" duration="0"/>
    <step time="81000.00" loaded="84606" inserted="84606" running="131" waiting="0" ended="84475" arrived="84475" collisions="229" teleports="229" halting="0" stopped="0" meanWaitingTime="1063.77" meanTravelTime="367.48" meanSpeed="25.26" meanSpeedRelative="0.79" duration="1"/>
    <step time="81300.00" loaded="84792" inserted="84791" running="155" waiting="1" ended="84636" arrived="84636" collisions="230" teleports="230" halting="0" stopped="0" meanWaitingTime="1061.45" meanTravelTime="367.23" meanSpeed="25.28" meanSpeedRelative="0.79" duration="1"/>
    <step time="81600.00" loaded="84952" inserted="84952" running="147" waiting="0" ended="84805" arrived="84805" collisions="231" teleports="231" halting="1" stopped="0" meanWaitingTime="1059.44" meanTravelTime="367.03" meanSpeed="24.85" meanSpeedRelative="0.78" duration="1"/>
    <step time="81900.00" loaded="85147" inserted="85145" running="159" waiting="2" ended="84986" arrived="84986" collisions="231" teleports="231" halting="1" stopped="0" meanWaitingTime="1057.04" meanTravelTime="366.79" meanSpeed="24.63" meanSpeedRelative="0.77" duration="1"/>
    <step time="82200.00" loaded="85329" inserted="85329" running="166" waiting="0" ended="85163" arrived="85163" collisions="232" teleports="232" halting="0" stopped="0" meanWaitingTime="1054.76" meanTravelTime="366.62" meanSpeed="25.17" meanSpeedRelative="0.79" duration="1"/>
    <step time="82500.00" loaded="85501" inserted="85501" running="179" waiting="0" ended="85322" arrived="85322" collisions="232" teleports="232" halting="0" stopped="0" meanWaitingTime="1052.64" meanTravelTime="366.44" meanSpeed="25.02" meanSpeedRelative="0.78" duration="1"/>
</summary>
