<?xml version="1.0" encoding="UTF-8"?>

<!-- generated on 2025-08-07 18:41:59 by Eclipse SUMO sumo Version 1.23.1
<sumoConfiguration xmlns:xsi="http://www.w3.org/2001/XMLSchema-instance" xsi:noNamespaceSchemaLocation="http://sumo.dlr.de/xsd/sumoConfiguration.xsd">

    <input>
        <net-file value="Desktop\Master Thesis\Network_fin.net.xml"/>
        <route-files value="Desktop\Master Thesis\demand_model_amsterdam.rou.xml"/>
        <additional-files value="Desktop\Master Thesis\Additionnal.add.xml"/>
    </input>

    <output>
        <summary-output value="outputf/summary_alinea_K80_target5_72390.xml"/>
        <summary-output.period value="300"/>
        <tripinfo-output value="outputf/tripinfo_alinea_K80_target5_72390.xml"/>
    </output>

    <time>
        <begin value="0"/>
        <end value="82800"/>
        <step-length value="1"/>
    </time>

    <processing>
        <time-to-teleport value="-1"/>
    </processing>

    <report>
        <verbose value="true"/>
        <no-step-log value="true"/>
    </report>

    <emissions>
        <device.emissions.period value="10"/>
    </emissions>

    <traci_server>
        <remote-port value="64503"/>
    </traci_server>

    <random_number>
        <seed value="72390"/>
    </random_number>

</sumoConfiguration>
-->

<summary xmlns:xsi="http://www.w3.org/2001/XMLSchema-instance" xsi:noNamespaceSchemaLocation="http://sumo.dlr.de/xsd/summary_file.xsd">
    <step time="0.00" loaded="1" inserted="1" running="1" waiting="0" ended="0" arrived="0" collisions="0" teleports="0" halting="1" stopped="0" meanWaitingTime="0.00" meanTravelTime="-1.00" meanSpeed="0.00" meanSpeedRelative="0.00" duration="1"/>
    <step time="300.00" loaded="188" inserted="188" running="115" waiting="0" ended="73" arrived="73" collisions="0" teleports="0" halting="0" stopped="0" meanWaitingTime="0.41" meanTravelTime="90.78" meanSpeed="25.29" meanSpeedRelative="0.79" duration="2"/>
    <step time="600.00" loaded="368" inserted="368" running="162" waiting="0" ended="206" arrived="206" collisions="0" teleports="0" halting="0" stopped="0" meanWaitingTime="0.37" meanTravelTime="151.39" meanSpeed="25.51" meanSpeedRelative="0.80" duration="1"/>
    <step time="900.00" loaded="533" inserted="533" running="152" waiting="0" ended="381" arrived="381" collisions="0" teleports="0" halting="0" stopped="0" meanWaitingTime="0.38" meanTravelTime="199.27" meanSpeed="24.81" meanSpeedRelative="0.78" duration="1"/>
    <step time="1200.00" loaded="720" inserted="720" running="164" waiting="0" ended="556" arrived="556" collisions="1" teleports="1" halting="0" stopped="0" meanWaitingTime="0.36" meanTravelTime="216.79" meanSpeed="25.44" meanSpeedRelative="0.79" duration="1"/>
    <step time="1500.00" loaded="905" inserted="905" running="149" waiting="0" ended="756" arrived="756" collisions="1" teleports="1" halting="0" stopped="0" meanWaitingTime="0.43" meanTravelTime="226.28" meanSpeed="25.55" meanSpeedRelative="0.80" duration="1"/>
    <step time="1800.00" loaded="1069" inserted="1069" running="142" waiting="0" ended="927" arrived="927" collisions="2" teleports="2" halting="0" stopped="0" meanWaitingTime="0.43" meanTravelTime="238.38" meanSpeed="25.99" meanSpeedRelative="0.81" duration="0"/>
    <step time="2100.00" loaded="1244" inserted="1244" running="144" waiting="0" ended="1100" arrived="1100" collisions="2" teleports="2" halting="0" stopped="0" meanWaitingTime="0.41" meanTravelTime="240.77" meanSpeed="26.35" meanSpeedRelative="0.82" duration="1"/>
    <step time="2400.00" loaded="1438" inserted="1437" running="146" waiting="1" ended="1291" arrived="1291" collisions="2" teleports="2" halting="2" stopped="0" meanWaitingTime="0.41" meanTravelTime="244.56" meanSpeed="24.21" meanSpeedRelative="0.76" duration="1"/>
    <step time="2700.00" loaded="1610" inserted="1610" running="150" waiting="0" ended="1460" arrived="1460" collisions="2" teleports="2" halting="3" stopped="0" meanWaitingTime="0.41" meanTravelTime="243.48" meanSpeed="25.50" meanSpeedRelative="0.80" duration="1"/>
    <step time="3000.00" loaded="1799" inserted="1799" running="147" waiting="0" ended="1652" arrived="1652" collisions="2" teleports="2" halting="1" stopped="0" meanWaitingTime="0.42" meanTravelTime="241.81" meanSpeed="24.77" meanSpeedRelative="0.77" duration="1"/>
    <step time="3300.00" loaded="2004" inserted="2003" running="178" waiting="1" ended="1825" arrived="1825" collisions="2" teleports="2" halting="1" stopped="0" meanWaitingTime="0.41" meanTravelTime="243.81" meanSpeed="25.21" meanSpeedRelative="0.79" duration="1"/>
    <step time="3600.00" loaded="2170" inserted="2170" running="153" waiting="0" ended="2017" arrived="2017" collisions="2" teleports="2" halting="1" stopped="0" meanWaitingTime="0.40" meanTravelTime="245.68" meanSpeed="25.08" meanSpeedRelative="0.78" duration="85"/>
    <step time="3900.00" loaded="2281" inserted="2281" running="102" waiting="0" ended="2179" arrived="2179" collisions="2" teleports="2" halting="1" stopped="0" meanWaitingTime="0.39" meanTravelTime="250.37" meanSpeed="25.56" meanSpeedRelative="0.80" duration="1"/>
    <step time="4200.00" loaded="2402" inserted="2402" running="103" waiting="0" ended="2299" arrived="2299" collisions="2" teleports="2" halting="0" stopped="0" meanWaitingTime="0.38" meanTravelTime="251.74" meanSpeed="25.00" meanSpeedRelative="0.78" duration="2"/>
    <step time="4500.00" loaded="2493" inserted="2493" running="92" waiting="0" ended="2401" arrived="2401" collisions="3" teleports="3" halting="0" stopped="0" meanWaitingTime="0.37" meanTravelTime="254.00" meanSpeed="26.68" meanSpeedRelative="0.83" duration="0"/>
    <step time="4800.00" loaded="2604" inserted="2604" running="93" waiting="0" ended="2511" arrived="2511" collisions="3" teleports="3" halting="0" stopped="0" meanWaitingTime="0.36" meanTravelTime="255.27" meanSpeed="26.22" meanSpeedRelative="0.82" duration="1"/>
    <step time="5100.00" loaded="2720" inserted="2720" running="88" waiting="0" ended="2632" arrived="2632" collisions="3" teleports="3" halting="3" stopped="0" meanWaitingTime="0.36" meanTravelTime="255.65" meanSpeed="25.21" meanSpeedRelative="0.79" duration="0"/>
    <step time="5400.00" loaded="2823" inserted="2823" running="84" waiting="0" ended="2739" arrived="2739" collisions="3" teleports="3" halting="0" stopped="0" meanWaitingTime="0.36" meanTravelTime="256.09" meanSpeed="25.03" meanSpeedRelative="0.78" duration="1"/>
    <step time="5700.00" loaded="2925" inserted="2925" running="71" waiting="0" ended="2854" arrived="2854" collisions="3" teleports="3" halting="0" stopped="0" meanWaitingTime="0.35" meanTravelTime="253.63" meanSpeed="26.32" meanSpeedRelative="0.82" duration="0"/>
    <step time="6000.00" loaded="3024" inserted="3024" running="79" waiting="0" ended="2945" arrived="2945" collisions="3" teleports="3" halting="0" stopped="0" meanWaitingTime="0.34" meanTravelTime="253.82" meanSpeed="26.25" meanSpeedRelative="0.82" duration="0"/>
    <step time="6300.00" loaded="3119" inserted="3119" running="83" waiting="0" ended="3036" arrived="3036" collisions="3" teleports="3" halting="0" stopped="0" meanWaitingTime="0.33" meanTravelTime="253.65" meanSpeed="26.28" meanSpeedRelative="0.82" duration="0"/>
    <step time="6600.00" loaded="3242" inserted="3242" running="102" waiting="0" ended="3140" arrived="3140" collisions="3" teleports="3" halting="0" stopped="0" meanWaitingTime="0.33" meanTravelTime="253.79" meanSpeed="25.34" meanSpeedRelative="0.79" duration="0"/>
    <step time="6900.00" loaded="3342" inserted="3342" running="104" waiting="0" ended="3238" arrived="3238" collisions="3" teleports="3" halting="0" stopped="0" meanWaitingTime="0.33" meanTravelTime="254.15" meanSpeed="25.85" meanSpeedRelative="0.81" duration="0"/>
    <step time="7200.00" loaded="3460" inserted="3460" running="99" waiting="0" ended="3361" arrived="3361" collisions="3" teleports="3" halting="0" stopped="0" meanWaitingTime="0.32" meanTravelTime="254.90" meanSpeed="25.29" meanSpeedRelative="0.79" duration="85"/>
    <step time="7500.00" loaded="3604" inserted="3604" running="123" waiting="0" ended="3481" arrived="3481" collisions="3" teleports="3" halting="1" stopped="0" meanWaitingTime="0.32" meanTravelTime="254.56" meanSpeed="25.81" meanSpeedRelative="0.81" duration="1"/>
    <step time="7800.00" loaded="3779" inserted="3779" running="150" waiting="0" ended="3629" arrived="3629" collisions="3" teleports="3" halting="2" stopped="0" meanWaitingTime="0.35" meanTravelTime="254.24" meanSpeed="25.07" meanSpeedRelative="0.78" duration="1"/>
    <step time="8100.00" loaded="3929" inserted="3929" running="127" waiting="0" ended="3802" arrived="3802" collisions="3" teleports="3" halting="0" stopped="0" meanWaitingTime="0.35" meanTravelTime="253.40" meanSpeed="25.74" meanSpeedRelative="0.80" duration="0"/>
    <step time="8400.00" loaded="4074" inserted="4074" running="121" waiting="0" ended="3953" arrived="3953" collisions="4" teleports="4" halting="0" stopped="0" meanWaitingTime="0.37" meanTravelTime="253.54" meanSpeed="26.81" meanSpeedRelative="0.84" duration="0"/>
    <step time="8700.00" loaded="4230" inserted="4230" running="128" waiting="0" ended="4102" arrived="4102" collisions="4" teleports="4" halting="0" stopped="0" meanWaitingTime="0.37" meanTravelTime="253.25" meanSpeed="25.14" meanSpeedRelative="0.79" duration="1"/>
    <step time="9000.00" loaded="4386" inserted="4386" running="137" waiting="0" ended="4249" arrived="4249" collisions="4" teleports="4" halting="0" stopped="0" meanWaitingTime="0.37" meanTravelTime="253.18" meanSpeed="25.61" meanSpeedRelative="0.80" duration="1"/>
    <step time="9300.00" loaded="4560" inserted="4560" running="142" waiting="0" ended="4418" arrived="4418" collisions="4" teleports="4" halting="0" stopped="0" meanWaitingTime="0.38" meanTravelTime="253.10" meanSpeed="24.30" meanSpeedRelative="0.76" duration="1"/>
    <step time="9600.00" loaded="4706" inserted="4706" running="132" waiting="0" ended="4574" arrived="4574" collisions="4" teleports="4" halting="0" stopped="0" meanWaitingTime="0.38" meanTravelTime="253.78" meanSpeed="24.46" meanSpeedRelative="0.76" duration="1"/>
    <step time="9900.00" loaded="4847" inserted="4846" running="116" waiting="1" ended="4730" arrived="4730" collisions="4" teleports="4" halting="0" stopped="0" meanWaitingTime="0.37" meanTravelTime="253.86" meanSpeed="24.67" meanSpeedRelative="0.77" duration="1"/>
    <step time="10200.00" loaded="4993" inserted="4993" running="112" waiting="0" ended="4881" arrived="4881" collisions="4" teleports="4" halting="0" stopped="0" meanWaitingTime="0.38" meanTravelTime="252.93" meanSpeed="25.25" meanSpeedRelative="0.79" duration="1"/>
    <step time="10500.00" loaded="5126" inserted="5126" running="116" waiting="0" ended="5010" arrived="5010" collisions="4" teleports="4" halting="0" stopped="0" meanWaitingTime="0.38" meanTravelTime="252.30" meanSpeed="25.57" meanSpeedRelative="0.80" duration="0"/>
    <step time="10800.00" loaded="5278" inserted="5278" running="132" waiting="0" ended="5146" arrived="5146" collisions="4" teleports="4" halting="1" stopped="0" meanWaitingTime="0.38" meanTravelTime="252.40" meanSpeed="25.43" meanSpeedRelative="0.79" duration="87"/>
    <step time="11100.00" loaded="5418" inserted="5418" running="119" waiting="0" ended="5299" arrived="5299" collisions="4" teleports="4" halting="0" stopped="0" meanWaitingTime="0.37" meanTravelTime="252.42" meanSpeed="25.54" meanSpeedRelative="0.80" duration="1"/>
    <step time="11400.00" loaded="5571" inserted="5570" running="102" waiting="1" ended="5468" arrived="5468" collisions="4" teleports="4" halting="1" stopped="0" meanWaitingTime="0.38" meanTravelTime="251.96" meanSpeed="25.47" meanSpeedRelative="0.80" duration="1"/>
    <step time="11700.00" loaded="5728" inserted="5728" running="115" waiting="0" ended="5613" arrived="5613" collisions="4" teleports="4" halting="0" stopped="0" meanWaitingTime="0.38" meanTravelTime="250.78" meanSpeed="24.97" meanSpeedRelative="0.78" duration="0"/>
    <step time="12000.00" loaded="5865" inserted="5865" running="99" waiting="0" ended="5766" arrived="5766" collisions="4" teleports="4" halting="1" stopped="0" meanWaitingTime="0.38" meanTravelTime="250.21" meanSpeed="25.04" meanSpeedRelative="0.78" duration="0"/>
    <step time="12300.00" loaded="6016" inserted="6016" running="106" waiting="0" ended="5910" arrived="5910" collisions="5" teleports="5" halting="0" stopped="0" meanWaitingTime="0.38" meanTravelTime="249.31" meanSpeed="25.45" meanSpeedRelative="0.80" duration="1"/>
    <step time="12600.00" loaded="6178" inserted="6178" running="111" waiting="0" ended="6067" arrived="6067" collisions="5" teleports="5" halting="0" stopped="0" meanWaitingTime="0.39" meanTravelTime="248.72" meanSpeed="24.87" meanSpeedRelative="0.78" duration="1"/>
    <step time="12900.00" loaded="6326" inserted="6325" running="99" waiting="1" ended="6226" arrived="6226" collisions="5" teleports="5" halting="1" stopped="0" meanWaitingTime="0.39" meanTravelTime="247.65" meanSpeed="24.72" meanSpeedRelative="0.77" duration="1"/>
    <step time="13200.00" loaded="6474" inserted="6474" running="109" waiting="0" ended="6365" arrived="6365" collisions="5" teleports="5" halting="0" stopped="0" meanWaitingTime="0.40" meanTravelTime="246.94" meanSpeed="24.60" meanSpeedRelative="0.77" duration="1"/>
    <step time="13500.00" loaded="6622" inserted="6622" running="124" waiting="0" ended="6498" arrived="6498" collisions="5" teleports="5" halting="0" stopped="0" meanWaitingTime="0.40" meanTravelTime="246.26" meanSpeed="25.19" meanSpeedRelative="0.79" duration="1"/>
    <step time="13800.00" loaded="6751" inserted="6751" running="99" waiting="0" ended="6652" arrived="6652" collisions="5" teleports="5" halting="1" stopped="0" meanWaitingTime="0.40" meanTravelTime="245.69" meanSpeed="25.14" meanSpeedRelative="0.79" duration="0"/>
    <step time="14100.00" loaded="6912" inserted="6912" running="114" waiting="0" ended="6798" arrived="6798" collisions="5" teleports="5" halting="0" stopped="0" meanWaitingTime="0.42" meanTravelTime="245.51" meanSpeed="24.85" meanSpeedRelative="0.78" duration="0"/>
    <step time="14400.00" loaded="7065" inserted="7065" running="117" waiting="0" ended="6948" arrived="6948" collisions="5" teleports="5" halting="0" stopped="0" meanWaitingTime="0.42" meanTravelTime="244.28" meanSpeed="24.92" meanSpeedRelative="0.78" duration="86"/>
    <step time="14700.00" loaded="7163" inserted="7163" running="86" waiting="0" ended="7077" arrived="7077" collisions="5" teleports="5" halting="0" stopped="0" meanWaitingTime="0.42" meanTravelTime="243.82" meanSpeed="24.61" meanSpeedRelative="0.77" duration="0"/>
    <step time="15000.00" loaded="7276" inserted="7276" running="86" waiting="0" ended="7190" arrived="7190" collisions="5" teleports="5" halting="0" stopped="0" meanWaitingTime="0.42" meanTravelTime="243.95" meanSpeed="25.44" meanSpeedRelative="0.79" duration="1"/>
    <step time="15300.00" loaded="7389" inserted="7388" running="79" waiting="1" ended="7309" arrived="7309" collisions="5" teleports="5" halting="0" stopped="0" meanWaitingTime="0.42" meanTravelTime="244.10" meanSpeed="25.80" meanSpeedRelative="0.81" duration="0"/>
    <step time="15600.00" loaded="7490" inserted="7490" running="74" waiting="0" ended="7416" arrived="7416" collisions="5" teleports="5" halting="1" stopped="0" meanWaitingTime="0.42" meanTravelTime="243.73" meanSpeed="26.46" meanSpeedRelative="0.83" duration="0"/>
    <step time="15900.00" loaded="7599" inserted="7599" running="82" waiting="0" ended="7517" arrived="7517" collisions="5" teleports="5" halting="0" stopped="0" meanWaitingTime="0.42" meanTravelTime="243.44" meanSpeed="26.92" meanSpeedRelative="0.84" duration="0"/>
    <step time="16200.00" loaded="7703" inserted="7703" running="76" waiting="0" ended="7627" arrived="7627" collisions="5" teleports="5" halting="0" stopped="0" meanWaitingTime="0.41" meanTravelTime="242.78" meanSpeed="25.79" meanSpeedRelative="0.81" duration="0"/>
    <step time="16500.00" loaded="7809" inserted="7809" running="74" waiting="0" ended="7735" arrived="7735" collisions="5" teleports="5" halting="2" stopped="0" meanWaitingTime="0.41" meanTravelTime="242.76" meanSpeed="25.67" meanSpeedRelative="0.80" duration="0"/>
    <step time="16800.00" loaded="7897" inserted="7897" running="73" waiting="0" ended="7824" arrived="7824" collisions="5" teleports="5" halting="0" stopped="0" meanWaitingTime="0.40" meanTravelTime="242.65" meanSpeed="26.75" meanSpeedRelative="0.84" duration="0"/>
    <step time="17100.00" loaded="7998" inserted="7998" running="67" waiting="0" ended="7931" arrived="7931" collisions="5" teleports="5" halting="0" stopped="0" meanWaitingTime="0.40" meanTravelTime="241.90" meanSpeed="26.51" meanSpeedRelative="0.83" duration="1"/>
    <step time="17400.00" loaded="8113" inserted="8113" running="75" waiting="0" ended="8038" arrived="8038" collisions="5" teleports="5" halting="0" stopped="0" meanWaitingTime="0.40" meanTravelTime="241.43" meanSpeed="25.86" meanSpeedRelative="0.81" duration="1"/>
    <step time="17700.00" loaded="8219" inserted="8219" running="70" waiting="0" ended="8149" arrived="8149" collisions="5" teleports="5" halting="0" stopped="0" meanWaitingTime="0.40" meanTravelTime="241.34" meanSpeed="25.35" meanSpeedRelative="0.79" duration="0"/>
    <step time="18000.00" loaded="8317" inserted="8317" running="61" waiting="0" ended="8256" arrived="8256" collisions="5" teleports="5" halting="0" stopped="0" meanWaitingTime="0.40" meanTravelTime="240.88" meanSpeed="25.61" meanSpeedRelative="0.80" duration="80"/>
    <step time="18300.00" loaded="8506" inserted="8506" running="115" waiting="0" ended="8391" arrived="8391" collisions="5" teleports="5" halting="0" stopped="0" meanWaitingTime="0.40" meanTravelTime="239.72" meanSpeed="25.05" meanSpeedRelative="0.78" duration="1"/>
    <step time="18600.00" loaded="8706" inserted="8706" running="154" waiting="0" ended="8552" arrived="8552" collisions="5" teleports="5" halting="1" stopped="0" meanWaitingTime="0.41" meanTravelTime="238.61" meanSpeed="25.90" meanSpeedRelative="0.81" duration="1"/>
    <step time="18900.00" loaded="8885" inserted="8885" running="138" waiting="0" ended="8747" arrived="8747" collisions="5" teleports="5" halting="0" stopped="0" meanWaitingTime="0.41" meanTravelTime="238.96" meanSpeed="25.69" meanSpeedRelative="0.80" duration="0"/>
    <step time="19200.00" loaded="9054" inserted="9053" running="131" waiting="1" ended="8922" arrived="8922" collisions="5" teleports="5" halting="1" stopped="0" meanWaitingTime="0.42" meanTravelTime="238.66" meanSpeed="25.43" meanSpeedRelative="0.79" duration="1"/>
    <step time="19500.00" loaded="9242" inserted="9241" running="150" waiting="1" ended="9091" arrived="9091" collisions="6" teleports="6" halting="0" stopped="0" meanWaitingTime="0.42" meanTravelTime="238.54" meanSpeed="25.43" meanSpeedRelative="0.79" duration="0"/>
    <step time="19800.00" loaded="9456" inserted="9456" running="151" waiting="0" ended="9305" arrived="9305" collisions="6" teleports="6" halting="0" stopped="0" meanWaitingTime="0.42" meanTravelTime="238.14" meanSpeed="25.29" meanSpeedRelative="0.79" duration="1"/>
    <step time="20100.00" loaded="9666" inserted="9665" running="172" waiting="1" ended="9493" arrived="9493" collisions="6" teleports="6" halting="1" stopped="0" meanWaitingTime="0.44" meanTravelTime="237.94" meanSpeed="25.47" meanSpeedRelative="0.80" duration="1"/>
    <step time="20400.00" loaded="9859" inserted="9859" running="152" waiting="0" ended="9707" arrived="9707" collisions="6" teleports="6" halting="2" stopped="0" meanWaitingTime="0.44" meanTravelTime="237.69" meanSpeed="24.70" meanSpeedRelative="0.77" duration="2"/>
    <step time="20700.00" loaded="10056" inserted="10055" running="167" waiting="1" ended="9888" arrived="9888" collisions="6" teleports="6" halting="1" stopped="0" meanWaitingTime="0.45" meanTravelTime="237.79" meanSpeed="24.30" meanSpeedRelative="0.76" duration="1"/>
    <step time="21000.00" loaded="10294" inserted="10292" running="197" waiting="2" ended="10095" arrived="10095" collisions="6" teleports="6" halting="1" stopped="0" meanWaitingTime="0.48" meanTravelTime="238.08" meanSpeed="23.46" meanSpeedRelative="0.73" duration="1"/>
    <step time="21300.00" loaded="10479" inserted="10479" running="151" waiting="0" ended="10328" arrived="10328" collisions="6" teleports="6" halting="1" stopped="0" meanWaitingTime="0.49" meanTravelTime="237.87" meanSpeed="25.19" meanSpeedRelative="0.79" duration="1"/>
    <step time="21600.00" loaded="10670" inserted="10670" running="149" waiting="0" ended="10521" arrived="10521" collisions="6" teleports="6" halting="0" stopped="0" meanWaitingTime="0.48" meanTravelTime="238.08" meanSpeed="25.00" meanSpeedRelative="0.78" duration="79"/>
    <step time="21900.00" loaded="11117" inserted="11093" running="323" waiting="24" ended="10770" arrived="10770" collisions="6" teleports="6" halting="1" stopped="0" meanWaitingTime="0.84" meanTravelTime="237.11" meanSpeed="22.18" meanSpeedRelative="0.69" duration="2"/>
    <step time="22200.00" loaded="11537" inserted="11492" running="375" waiting="45" ended="11117" arrived="11117" collisions="7" teleports="7" halting="2" stopped="0" meanWaitingTime="1.54" meanTravelTime="237.04" meanSpeed="22.00" meanSpeedRelative="0.69" duration="2"/>
    <step time="22500.00" loaded="12024" inserted="11943" running="451" waiting="81" ended="11492" arrived="11492" collisions="7" teleports="7" halting="0" stopped="0" meanWaitingTime="2.82" meanTravelTime="238.41" meanSpeed="19.57" meanSpeedRelative="0.61" duration="2"/>
    <step time="22800.00" loaded="12478" inserted="12369" running="460" waiting="109" ended="11909" arrived="11909" collisions="8" teleports="8" halting="3" stopped="0" meanWaitingTime="4.71" meanTravelTime="240.50" meanSpeed="20.58" meanSpeedRelative="0.64" duration="2"/>
    <step time="23100.00" loaded="12980" inserted="12833" running="478" waiting="147" ended="12355" arrived="12355" collisions="10" teleports="10" halting="1" stopped="0" meanWaitingTime="7.20" meanTravelTime="243.26" meanSpeed="19.60" meanSpeedRelative="0.61" duration="3"/>
    <step time="23400.00" loaded="13458" inserted="13280" running="499" waiting="178" ended="12781" arrived="12781" collisions="13" teleports="13" halting="4" stopped="0" meanWaitingTime="9.97" meanTravelTime="245.77" meanSpeed="19.65" meanSpeedRelative="0.61" duration="3"/>
    <step time="23700.00" loaded="13920" inserted="13729" running="488" waiting="191" ended="13241" arrived="13241" collisions="16" teleports="16" halting="1" stopped="0" meanWaitingTime="13.11" meanTravelTime="248.68" meanSpeed="19.31" meanSpeedRelative="0.60" duration="2"/>
    <step time="24000.00" loaded="14406" inserted="14167" running="496" waiting="239" ended="13671" arrived="13671" collisions="16" teleports="16" halting="8" stopped="0" meanWaitingTime="16.28" meanTravelTime="251.45" meanSpeed="19.71" meanSpeedRelative="0.62" duration="3"/>
    <step time="24300.00" loaded="14870" inserted="14603" running="478" waiting="267" ended="14125" arrived="14125" collisions="17" teleports="17" halting="6" stopped="0" meanWaitingTime="19.93" meanTravelTime="254.47" meanSpeed="19.63" meanSpeedRelative="0.61" duration="2"/>
    <step time="24600.00" loaded="15334" inserted="15017" running="465" waiting="317" ended="14552" arrived="14552" collisions="17" teleports="17" halting="4" stopped="0" meanWaitingTime="24.14" meanTravelTime="256.61" meanSpeed="20.20" meanSpeedRelative="0.63" duration="2"/>
    <step time="24900.00" loaded="15789" inserted="15453" running="468" waiting="336" ended="14985" arrived="14985" collisions="18" teleports="18" halting="2" stopped="0" meanWaitingTime="28.62" meanTravelTime="258.75" meanSpeed="20.14" meanSpeedRelative="0.63" duration="2"/>
    <step time="25200.00" loaded="16242" inserted="15894" running="490" waiting="348" ended="15404" arrived="15404" collisions="22" teleports="22" halting="7" stopped="0" meanWaitingTime="32.69" meanTravelTime="260.03" meanSpeed="19.20" meanSpeedRelative="0.60" duration="85"/>
    <step time="25500.00" loaded="16808" inserted="16331" running="502" waiting="477" ended="15829" arrived="15829" collisions="22" teleports="22" halting="5" stopped="0" meanWaitingTime="37.80" meanTravelTime="262.08" meanSpeed="19.95" meanSpeedRelative="0.62" duration="3"/>
    <step time="25800.00" loaded="17399" inserted="16815" running="540" waiting="584" ended="16275" arrived="16275" collisions="24" teleports="24" halting="5" stopped="0" meanWaitingTime="43.64" meanTravelTime="264.25" meanSpeed="18.82" meanSpeedRelative="0.59" duration="3"/>
    <step time="26100.00" loaded="18003" inserted="17308" running="592" waiting="695" ended="16716" arrived="16716" collisions="26" teleports="26" halting="13" stopped="0" meanWaitingTime="50.53" meanTravelTime="266.54" meanSpeed="18.87" meanSpeedRelative="0.59" duration="5"/>
    <step time="26400.00" loaded="18562" inserted="17768" running="570" waiting="794" ended="17198" arrived="17198" collisions="28" teleports="28" halting="13" stopped="0" meanWaitingTime="57.21" meanTravelTime="269.49" meanSpeed="16.99" meanSpeedRelative="0.53" duration="4"/>
    <step time="26700.00" loaded="19106" inserted="18202" running="539" waiting="904" ended="17663" arrived="17663" collisions="28" teleports="28" halting="18" stopped="0" meanWaitingTime="64.87" meanTravelTime="271.83" meanSpeed="18.14" meanSpeedRelative="0.57" duration="4"/>
    <step time="27000.00" loaded="19655" inserted="18659" running="521" waiting="996" ended="18138" arrived="18138" collisions="29" teleports="29" halting="19" stopped="0" meanWaitingTime="73.79" meanTravelTime="274.11" meanSpeed="18.24" meanSpeedRelative="0.57" duration="3"/>
    <step time="27300.00" loaded="20261" inserted="19156" running="554" waiting="1105" ended="18602" arrived="18602" collisions="30" teleports="30" halting="2" stopped="0" meanWaitingTime="83.56" meanTravelTime="275.72" meanSpeed="18.78" meanSpeedRelative="0.59" duration="4"/>
    <step time="27600.00" loaded="20809" inserted="19619" running="570" waiting="1190" ended="19049" arrived="19049" collisions="31" teleports="31" halting="17" stopped="0" meanWaitingTime="94.10" meanTravelTime="277.30" meanSpeed="17.80" meanSpeedRelative="0.56" duration="3"/>
    <step time="27900.00" loaded="21387" inserted="20091" running="571" waiting="1296" ended="19520" arrived="19520" collisions="34" teleports="34" halting="8" stopped="0" meanWaitingTime="104.08" meanTravelTime="279.31" meanSpeed="17.58" meanSpeedRelative="0.55" duration="4"/>
    <step time="28200.00" loaded="21941" inserted="20568" running="573" waiting="1373" ended="19995" arrived="19995" collisions="38" teleports="38" halting="16" stopped="0" meanWaitingTime="114.98" meanTravelTime="281.23" meanSpeed="17.72" meanSpeedRelative="0.55" duration="4"/>
    <step time="28500.00" loaded="22540" inserted="21017" running="538" waiting="1523" ended="20479" arrived="20479" collisions="39" teleports="39" halting="3" stopped="0" meanWaitingTime="126.31" meanTravelTime="283.12" meanSpeed="17.37" meanSpeedRelative="0.54" duration="4"/>
    <step time="28800.00" loaded="23053" inserted="21439" running="521" waiting="1614" ended="20918" arrived="20918" collisions="40" teleports="40" halting="25" stopped="0" meanWaitingTime="136.23" meanTravelTime="284.96" meanSpeed="18.60" meanSpeedRelative="0.58" duration="87"/>
    <step time="29100.00" loaded="23438" inserted="21873" running="490" waiting="1565" ended="21383" arrived="21383" collisions="42" teleports="42" halting="4" stopped="0" meanWaitingTime="149.59" meanTravelTime="286.51" meanSpeed="18.96" meanSpeedRelative="0.59" duration="3"/>
    <step time="29400.00" loaded="23779" inserted="22299" running="451" waiting="1480" ended="21848" arrived="21848" collisions="45" teleports="45" halting="1" stopped="0" meanWaitingTime="164.82" meanTravelTime="287.57" meanSpeed="19.96" meanSpeedRelative="0.62" duration="2"/>
    <step time="29700.00" loaded="24151" inserted="22731" running="466" waiting="1420" ended="22265" arrived="22265" collisions="45" teleports="45" halting="1" stopped="0" meanWaitingTime="179.81" meanTravelTime="287.89" meanSpeed="19.73" meanSpeedRelative="0.62" duration="3"/>
    <step time="30000.00" loaded="24505" inserted="23183" running="470" waiting="1322" ended="22713" arrived="22713" collisions="48" teleports="48" halting="9" stopped="0" meanWaitingTime="194.25" meanTravelTime="288.81" meanSpeed="19.85" meanSpeedRelative="0.62" duration="3"/>
    <step time="30300.00" loaded="24864" inserted="23631" running="486" waiting="1233" ended="23145" arrived="23145" collisions="48" teleports="48" halting="17" stopped="0" meanWaitingTime="207.85" meanTravelTime="289.65" meanSpeed="18.48" meanSpeedRelative="0.58" duration="3"/>
    <step time="30600.00" loaded="25240" inserted="24051" running="474" waiting="1189" ended="23577" arrived="23577" collisions="49" teleports="49" halting="9" stopped="0" meanWaitingTime="220.67" meanTravelTime="290.47" meanSpeed="19.31" meanSpeedRelative="0.60" duration="3"/>
    <step time="30900.00" loaded="25617" inserted="24476" running="473" waiting="1141" ended="24003" arrived="24003" collisions="51" teleports="51" halting="1" stopped="0" meanWaitingTime="231.95" meanTravelTime="291.08" meanSpeed="20.02" meanSpeedRelative="0.63" duration="4"/>
    <step time="31200.00" loaded="25967" inserted="24895" running="483" waiting="1072" ended="24412" arrived="24412" collisions="52" teleports="52" halting="1" stopped="0" meanWaitingTime="243.94" meanTravelTime="291.69" meanSpeed="20.09" meanSpeedRelative="0.63" duration="4"/>
    <step time="31500.00" loaded="26350" inserted="25336" running="494" waiting="1014" ended="24842" arrived="24842" collisions="53" teleports="53" halting="7" stopped="0" meanWaitingTime="254.94" meanTravelTime="292.31" meanSpeed="18.39" meanSpeedRelative="0.57" duration="2"/>
    <step time="31800.00" loaded="26690" inserted="25704" running="428" waiting="986" ended="25276" arrived="25276" collisions="53" teleports="53" halting="20" stopped="0" meanWaitingTime="261.96" meanTravelTime="293.23" meanSpeed="18.91" meanSpeedRelative="0.59" duration="3"/>
    <step time="32100.00" loaded="27025" inserted="26079" running="391" waiting="946" ended="25688" arrived="25688" collisions="54" teleports="54" halting="4" stopped="0" meanWaitingTime="271.55" meanTravelTime="293.95" meanSpeed="20.30" meanSpeedRelative="0.63" duration="3"/>
    <step time="32400.00" loaded="27371" inserted="26475" running="392" waiting="896" ended="26083" arrived="26083" collisions="54" teleports="54" halting="18" stopped="0" meanWaitingTime="280.70" meanTravelTime="294.09" meanSpeed="21.03" meanSpeedRelative="0.66" duration="86"/>
    <step time="32700.00" loaded="27636" inserted="26814" running="351" waiting="822" ended="26463" arrived="26463" collisions="55" teleports="55" halting="1" stopped="0" meanWaitingTime="290.17" meanTravelTime="294.55" meanSpeed="20.96" meanSpeedRelative="0.65" duration="1"/>
    <step time="33000.00" loaded="27907" inserted="27147" running="314" waiting="760" ended="26833" arrived="26833" collisions="55" teleports="55" halting="18" stopped="0" meanWaitingTime="299.20" meanTravelTime="294.78" meanSpeed="20.08" meanSpeedRelative="0.63" duration="2"/>
    <step time="33300.00" loaded="28192" inserted="27484" running="342" waiting="708" ended="27142" arrived="27142" collisions="56" teleports="56" halting="1" stopped="0" meanWaitingTime="307.08" meanTravelTime="294.75" meanSpeed="20.83" meanSpeedRelative="0.65" duration="2"/>
    <step time="33600.00" loaded="28458" inserted="27795" running="311" waiting="663" ended="27484" arrived="27484" collisions="56" teleports="56" halting="17" stopped="0" meanWaitingTime="313.74" meanTravelTime="294.71" meanSpeed="20.83" meanSpeedRelative="0.65" duration="2"/>
    <step time="33900.00" loaded="28712" inserted="28121" running="313" waiting="591" ended="27808" arrived="27808" collisions="56" teleports="56" halting="9" stopped="0" meanWaitingTime="320.35" meanTravelTime="294.69" meanSpeed="19.96" meanSpeedRelative="0.62" duration="2"/>
    <step time="34200.00" loaded="28994" inserted="28451" running="311" waiting="543" ended="28140" arrived="28140" collisions="56" teleports="56" halting="0" stopped="0" meanWaitingTime="324.11" meanTravelTime="294.66" meanSpeed="20.93" meanSpeedRelative="0.65" duration="2"/>
    <step time="34500.00" loaded="29243" inserted="28767" running="290" waiting="476" ended="28477" arrived="28477" collisions="57" teleports="57" halting="6" stopped="0" meanWaitingTime="329.59" meanTravelTime="294.26" meanSpeed="20.89" meanSpeedRelative="0.65" duration="2"/>
    <step time="34800.00" loaded="29542" inserted="29135" running="341" waiting="407" ended="28794" arrived="28794" collisions="59" teleports="59" halting="15" stopped="0" meanWaitingTime="334.12" meanTravelTime="294.15" meanSpeed="19.52" meanSpeedRelative="0.61" duration="2"/>
    <step time="35100.00" loaded="29815" inserted="29437" running="296" waiting="378" ended="29141" arrived="29141" collisions="61" teleports="61" halting="0" stopped="0" meanWaitingTime="335.85" meanTravelTime="294.04" meanSpeed="22.08" meanSpeedRelative="0.69" duration="1"/>
    <step time="35400.00" loaded="30089" inserted="29771" running="296" waiting="318" ended="29475" arrived="29475" collisions="62" teleports="62" halting="5" stopped="0" meanWaitingTime="339.55" meanTravelTime="294.05" meanSpeed="21.74" meanSpeedRelative="0.68" duration="1"/>
    <step time="35700.00" loaded="30358" inserted="30109" running="330" waiting="249" ended="29779" arrived="29779" collisions="65" teleports="65" halting="3" stopped="0" meanWaitingTime="342.13" meanTravelTime="293.84" meanSpeed="21.71" meanSpeedRelative="0.68" duration="2"/>
    <step time="36000.00" loaded="30613" inserted="30432" running="317" waiting="181" ended="30115" arrived="30115" collisions="65" teleports="65" halting="3" stopped="0" meanWaitingTime="342.87" meanTravelTime="293.82" meanSpeed="21.62" meanSpeedRelative="0.68" duration="83"/>
    <step time="36300.00" loaded="31109" inserted="30913" running="437" waiting="196" ended="30476" arrived="30476" collisions="67" teleports="67" halting="16" stopped="0" meanWaitingTime="340.80" meanTravelTime="293.65" meanSpeed="20.95" meanSpeedRelative="0.65" duration="3"/>
    <step time="36600.00" loaded="31614" inserted="31375" running="484" waiting="239" ended="30891" arrived="30891" collisions="67" teleports="67" halting="2" stopped="0" meanWaitingTime="338.00" meanTravelTime="293.70" meanSpeed="20.49" meanSpeedRelative="0.64" duration="2"/>
    <step time="36900.00" loaded="32049" inserted="31818" running="482" waiting="231" ended="31336" arrived="31336" collisions="68" teleports="68" halting="2" stopped="0" meanWaitingTime="335.64" meanTravelTime="293.98" meanSpeed="19.94" meanSpeedRelative="0.62" duration="3"/>
    <step time="37200.00" loaded="32520" inserted="32264" running="480" waiting="256" ended="31784" arrived="31784" collisions="71" teleports="71" halting="17" stopped="0" meanWaitingTime="333.02" meanTravelTime="294.44" meanSpeed="19.87" meanSpeedRelative="0.62" duration="3"/>
    <step time="37500.00" loaded="32956" inserted="32707" running="477" waiting="249" ended="32230" arrived="32230" collisions="72" teleports="72" halting="7" stopped="0" meanWaitingTime="330.86" meanTravelTime="294.75" meanSpeed="20.16" meanSpeedRelative="0.63" duration="2"/>
    <step time="37800.00" loaded="33411" inserted="33153" running="480" waiting="258" ended="32673" arrived="32673" collisions="72" teleports="72" halting="4" stopped="0" meanWaitingTime="328.38" meanTravelTime="295.16" meanSpeed="20.06" meanSpeedRelative="0.63" duration="3"/>
    <step time="38100.00" loaded="33869" inserted="33594" running="477" waiting="275" ended="33117" arrived="33117" collisions="74" teleports="74" halting="2" stopped="0" meanWaitingTime="326.24" meanTravelTime="295.53" meanSpeed="20.28" meanSpeedRelative="0.63" duration="3"/>
    <step time="38400.00" loaded="34372" inserted="34071" running="494" waiting="301" ended="33577" arrived="33577" collisions="75" teleports="75" halting="5" stopped="0" meanWaitingTime="324.22" meanTravelTime="295.73" meanSpeed="19.61" meanSpeedRelative="0.61" duration="3"/>
    <step time="38700.00" loaded="34864" inserted="34535" running="515" waiting="329" ended="34020" arrived="34020" collisions="76" teleports="76" halting="15" stopped="0" meanWaitingTime="322.44" meanTravelTime="295.98" meanSpeed="19.48" meanSpeedRelative="0.61" duration="2"/>
    <step time="39000.00" loaded="35313" inserted="34998" running="532" waiting="315" ended="34466" arrived="34466" collisions="78" teleports="78" halting="7" stopped="0" meanWaitingTime="320.90" meanTravelTime="296.55" meanSpeed="18.53" meanSpeedRelative="0.58" duration="2"/>
    <step time="39300.00" loaded="35809" inserted="35466" running="555" waiting="343" ended="34911" arrived="34911" collisions="80" teleports="80" halting="12" stopped="0" meanWaitingTime="318.87" meanTravelTime="297.09" meanSpeed="19.28" meanSpeedRelative="0.60" duration="3"/>
    <step time="39600.00" loaded="36285" inserted="35936" running="544" waiting="349" ended="35392" arrived="35392" collisions="80" teleports="80" halting="9" stopped="0" meanWaitingTime="317.77" meanTravelTime="297.74" meanSpeed="18.68" meanSpeedRelative="0.58" duration="89"/>
    <step time="39900.00" loaded="36819" inserted="36413" running="534" waiting="406" ended="35879" arrived="35879" collisions="83" teleports="83" halting="2" stopped="0" meanWaitingTime="316.33" meanTravelTime="298.23" meanSpeed="19.63" meanSpeedRelative="0.61" duration="3"/>
    <step time="40200.00" loaded="37331" inserted="36913" running="584" waiting="418" ended="36329" arrived="36329" collisions="84" teleports="84" halting="18" stopped="0" meanWaitingTime="314.97" meanTravelTime="298.93" meanSpeed="18.32" meanSpeedRelative="0.57" duration="4"/>
    <step time="40500.00" loaded="37868" inserted="37372" running="587" waiting="496" ended="36785" arrived="36785" collisions="86" teleports="86" halting="15" stopped="0" meanWaitingTime="313.80" meanTravelTime="299.70" meanSpeed="18.24" meanSpeedRelative="0.57" duration="3"/>
    <step time="40800.00" loaded="38388" inserted="37825" running="594" waiting="563" ended="37231" arrived="37231" collisions="87" teleports="87" halting="4" stopped="0" meanWaitingTime="313.13" meanTravelTime="300.46" meanSpeed="18.31" meanSpeedRelative="0.57" duration="4"/>
    <step time="41100.00" loaded="38952" inserted="38339" running="628" waiting="613" ended="37711" arrived="37711" collisions="90" teleports="90" halting="24" stopped="0" meanWaitingTime="312.36" meanTravelTime="301.54" meanSpeed="17.80" meanSpeedRelative="0.56" duration="3"/>
    <step time="41400.00" loaded="39463" inserted="38812" running="611" waiting="651" ended="38201" arrived="38201" collisions="93" teleports="93" halting="2" stopped="0" meanWaitingTime="312.19" meanTravelTime="302.51" meanSpeed="18.10" meanSpeedRelative="0.57" duration="3"/>
    <step time="41700.00" loaded="39957" inserted="39253" running="568" waiting="704" ended="38685" arrived="38685" collisions="93" teleports="93" halting="6" stopped="0" meanWaitingTime="311.88" meanTravelTime="303.50" meanSpeed="18.47" meanSpeedRelative="0.58" duration="3"/>
    <step time="42000.00" loaded="40461" inserted="39734" running="579" waiting="727" ended="39155" arrived="39155" collisions="94" teleports="94" halting="7" stopped="0" meanWaitingTime="312.79" meanTravelTime="304.23" meanSpeed="17.90" meanSpeedRelative="0.56" duration="3"/>
    <step time="42300.00" loaded="40946" inserted="40193" running="578" waiting="753" ended="39615" arrived="39615" collisions="94" teleports="94" halting="16" stopped="0" meanWaitingTime="313.79" meanTravelTime="305.12" meanSpeed="17.82" meanSpeedRelative="0.56" duration="4"/>
    <step time="42600.00" loaded="41460" inserted="40650" running="533" waiting="810" ended="40117" arrived="40117" collisions="94" teleports="94" halting="6" stopped="0" meanWaitingTime="314.52" meanTravelTime="306.06" meanSpeed="18.81" meanSpeedRelative="0.59" duration="3"/>
    <step time="42900.00" loaded="41983" inserted="41125" running="540" waiting="858" ended="40585" arrived="40585" collisions="97" teleports="97" halting="18" stopped="0" meanWaitingTime="316.34" meanTravelTime="306.25" meanSpeed="18.55" meanSpeedRelative="0.58" duration="4"/>
    <step time="43200.00" loaded="42481" inserted="41573" running="512" waiting="908" ended="41061" arrived="41061" collisions="97" teleports="97" halting="17" stopped="0" meanWaitingTime="318.20" meanTravelTime="307.09" meanSpeed="18.07" meanSpeedRelative="0.56" duration="93"/>
    <step time="43500.00" loaded="43012" inserted="42084" running="571" waiting="928" ended="41513" arrived="41513" collisions="97" teleports="97" halting="2" stopped="0" meanWaitingTime="320.22" meanTravelTime="307.43" meanSpeed="18.89" meanSpeedRelative="0.59" duration="3"/>
    <step time="43800.00" loaded="43553" inserted="42566" running="585" waiting="987" ended="41981" arrived="41981" collisions="97" teleports="97" halting="1" stopped="0" meanWaitingTime="321.63" meanTravelTime="307.65" meanSpeed="18.64" meanSpeedRelative="0.58" duration="3"/>
    <step time="44100.00" loaded="44066" inserted="43025" running="576" waiting="1041" ended="42449" arrived="42449" collisions="99" teleports="99" halting="15" stopped="0" meanWaitingTime="323.67" meanTravelTime="308.24" meanSpeed="18.26" meanSpeedRelative="0.57" duration="3"/>
    <step time="44400.00" loaded="44614" inserted="43503" running="579" waiting="1111" ended="42924" arrived="42924" collisions="102" teleports="102" halting="2" stopped="0" meanWaitingTime="324.82" meanTravelTime="308.98" meanSpeed="18.48" meanSpeedRelative="0.58" duration="3"/>
    <step time="44700.00" loaded="45185" inserted="43999" running="632" waiting="1186" ended="43367" arrived="43367" collisions="103" teleports="103" halting="13" stopped="0" meanWaitingTime="327.03" meanTravelTime="309.55" meanSpeed="17.14" meanSpeedRelative="0.54" duration="5"/>
    <step time="45000.00" loaded="45694" inserted="44465" running="633" waiting="1229" ended="43832" arrived="43832" collisions="103" teleports="103" halting="21" stopped="0" meanWaitingTime="330.40" meanTravelTime="310.16" meanSpeed="16.68" meanSpeedRelative="0.52" duration="5"/>
    <step time="45300.00" loaded="46233" inserted="44950" running="669" waiting="1283" ended="44281" arrived="44281" collisions="104" teleports="104" halting="8" stopped="0" meanWaitingTime="333.02" meanTravelTime="311.24" meanSpeed="16.68" meanSpeedRelative="0.52" duration="4"/>
    <step time="45600.00" loaded="46745" inserted="45387" running="613" waiting="1358" ended="44774" arrived="44774" collisions="108" teleports="108" halting="15" stopped="0" meanWaitingTime="334.91" meanTravelTime="312.53" meanSpeed="17.49" meanSpeedRelative="0.55" duration="4"/>
    <step time="45900.00" loaded="47306" inserted="45858" running="626" waiting="1448" ended="45232" arrived="45232" collisions="109" teleports="109" halting="16" stopped="0" meanWaitingTime="337.43" meanTravelTime="313.47" meanSpeed="17.96" meanSpeedRelative="0.56" duration="4"/>
    <step time="46200.00" loaded="47847" inserted="46369" running="665" waiting="1478" ended="45704" arrived="45704" collisions="110" teleports="110" halting="4" stopped="0" meanWaitingTime="341.17" meanTravelTime="314.25" meanSpeed="18.08" meanSpeedRelative="0.56" duration="6"/>
    <step time="46500.00" loaded="48379" inserted="46852" running="645" waiting="1527" ended="46207" arrived="46207" collisions="112" teleports="112" halting="10" stopped="0" meanWaitingTime="344.45" meanTravelTime="315.17" meanSpeed="16.88" meanSpeedRelative="0.53" duration="5"/>
    <step time="46800.00" loaded="48906" inserted="47333" running="656" waiting="1573" ended="46677" arrived="46677" collisions="114" teleports="114" halting="24" stopped="0" meanWaitingTime="348.63" meanTravelTime="316.09" meanSpeed="17.20" meanSpeedRelative="0.54" duration="90"/>
    <step time="47100.00" loaded="49419" inserted="47772" running="620" waiting="1647" ended="47152" arrived="47152" collisions="115" teleports="115" halting="0" stopped="0" meanWaitingTime="352.19" meanTravelTime="317.18" meanSpeed="18.06" meanSpeedRelative="0.56" duration="4"/>
    <step time="47400.00" loaded="49920" inserted="48258" running="634" waiting="1662" ended="47624" arrived="47624" collisions="116" teleports="116" halting="26" stopped="0" meanWaitingTime="356.10" meanTravelTime="318.12" meanSpeed="17.13" meanSpeedRelative="0.54" duration="5"/>
    <step time="47700.00" loaded="50457" inserted="48715" running="600" waiting="1742" ended="48115" arrived="48115" collisions="118" teleports="118" halting="2" stopped="0" meanWaitingTime="358.34" meanTravelTime="318.85" meanSpeed="18.38" meanSpeedRelative="0.57" duration="4"/>
    <step time="48000.00" loaded="51015" inserted="49262" running="686" waiting="1753" ended="48576" arrived="48576" collisions="121" teleports="121" halting="6" stopped="0" meanWaitingTime="364.93" meanTravelTime="319.24" meanSpeed="16.74" meanSpeedRelative="0.52" duration="4"/>
    <step time="48300.00" loaded="51527" inserted="49716" running="674" waiting="1811" ended="49042" arrived="49042" collisions="122" teleports="122" halting="3" stopped="0" meanWaitingTime="368.77" meanTravelTime="320.13" meanSpeed="17.29" meanSpeedRelative="0.54" duration="4"/>
    <step time="48600.00" loaded="52084" inserted="50201" running="644" waiting="1883" ended="49557" arrived="49557" collisions="124" teleports="124" halting="14" stopped="0" meanWaitingTime="374.62" meanTravelTime="321.06" meanSpeed="17.14" meanSpeedRelative="0.54" duration="4"/>
    <step time="48900.00" loaded="52579" inserted="50648" running="623" waiting="1931" ended="50025" arrived="50025" collisions="127" teleports="127" halting="4" stopped="0" meanWaitingTime="378.98" meanTravelTime="321.83" meanSpeed="17.85" meanSpeedRelative="0.56" duration="6"/>
    <step time="49200.00" loaded="53131" inserted="51148" running="639" waiting="1983" ended="50509" arrived="50509" collisions="128" teleports="128" halting="7" stopped="0" meanWaitingTime="385.06" meanTravelTime="322.64" meanSpeed="16.67" meanSpeedRelative="0.52" duration="5"/>
    <step time="49500.00" loaded="53651" inserted="51642" running="660" waiting="2009" ended="50982" arrived="50982" collisions="129" teleports="129" halting="10" stopped="0" meanWaitingTime="391.87" meanTravelTime="323.26" meanSpeed="16.81" meanSpeedRelative="0.53" duration="4"/>
    <step time="49800.00" loaded="54182" inserted="52124" running="682" waiting="2058" ended="51442" arrived="51442" collisions="131" teleports="131" halting="23" stopped="0" meanWaitingTime="397.19" meanTravelTime="323.87" meanSpeed="16.26" meanSpeedRelative="0.51" duration="3"/>
    <step time="50100.00" loaded="54743" inserted="52616" running="687" waiting="2127" ended="51929" arrived="51929" collisions="131" teleports="131" halting="2" stopped="0" meanWaitingTime="402.94" meanTravelTime="324.86" meanSpeed="16.97" meanSpeedRelative="0.53" duration="4"/>
    <step time="50400.00" loaded="55278" inserted="53101" running="687" waiting="2177" ended="52414" arrived="52414" collisions="131" teleports="131" halting="8" stopped="0" meanWaitingTime="408.31" meanTravelTime="325.80" meanSpeed="16.79" meanSpeedRelative="0.52" duration="90"/>
    <step time="50700.00" loaded="55980" inserted="53649" running="737" waiting="2331" ended="52912" arrived="52912" collisions="134" teleports="134" halting="27" stopped="0" meanWaitingTime="412.08" meanTravelTime="326.56" meanSpeed="15.70" meanSpeedRelative="0.49" duration="5"/>
    <step time="51000.00" loaded="56708" inserted="54228" running="795" waiting="2480" ended="53433" arrived="53433" collisions="134" teleports="134" halting="3" stopped="0" meanWaitingTime="418.41" meanTravelTime="327.40" meanSpeed="15.82" meanSpeedRelative="0.49" duration="5"/>
    <step time="51300.00" loaded="57456" inserted="54785" running="822" waiting="2671" ended="53963" arrived="53963" collisions="137" teleports="137" halting="5" stopped="0" meanWaitingTime="423.65" meanTravelTime="328.43" meanSpeed="14.73" meanSpeedRelative="0.46" duration="6"/>
    <step time="51600.00" loaded="58154" inserted="55324" running="849" waiting="2830" ended="54475" arrived="54475" collisions="141" teleports="141" halting="32" stopped="0" meanWaitingTime="428.70" meanTravelTime="329.46" meanSpeed="14.24" meanSpeedRelative="0.44" duration="5"/>
    <step time="51900.00" loaded="58894" inserted="55871" running="904" waiting="3023" ended="54967" arrived="54967" collisions="144" teleports="144" halting="11" stopped="0" meanWaitingTime="434.34" meanTravelTime="330.77" meanSpeed="14.07" meanSpeedRelative="0.44" duration="6"/>
    <step time="52200.00" loaded="59627" inserted="56410" running="930" waiting="3217" ended="55480" arrived="55480" collisions="148" teleports="148" halting="10" stopped="0" meanWaitingTime="441.06" meanTravelTime="332.12" meanSpeed="13.43" meanSpeedRelative="0.42" duration="7"/>
    <step time="52500.00" loaded="60355" inserted="56960" running="968" waiting="3395" ended="55992" arrived="55992" collisions="150" teleports="150" halting="18" stopped="0" meanWaitingTime="446.80" meanTravelTime="333.85" meanSpeed="13.13" meanSpeedRelative="0.41" duration="7"/>
    <step time="52800.00" loaded="61091" inserted="57476" running="979" waiting="3615" ended="56497" arrived="56497" collisions="154" teleports="154" halting="13" stopped="0" meanWaitingTime="451.85" meanTravelTime="335.56" meanSpeed="12.61" meanSpeedRelative="0.39" duration="6"/>
    <step time="53100.00" loaded="61801" inserted="57964" running="940" waiting="3837" ended="57024" arrived="57024" collisions="155" teleports="155" halting="15" stopped="0" meanWaitingTime="458.66" meanTravelTime="337.61" meanSpeed="12.69" meanSpeedRelative="0.40" duration="6"/>
    <step time="53400.00" loaded="62492" inserted="58481" running="929" waiting="4011" ended="57552" arrived="57552" collisions="157" teleports="157" halting="29" stopped="0" meanWaitingTime="466.52" meanTravelTime="339.42" meanSpeed="12.77" meanSpeedRelative="0.40" duration="7"/>
    <step time="53700.00" loaded="63174" inserted="59005" running="955" waiting="4169" ended="58050" arrived="58050" collisions="160" teleports="160" halting="20" stopped="0" meanWaitingTime="475.28" meanTravelTime="341.32" meanSpeed="12.99" meanSpeedRelative="0.41" duration="5"/>
    <step time="54000.00" loaded="63849" inserted="59523" running="933" waiting="4326" ended="58590" arrived="58590" collisions="162" teleports="162" halting="17" stopped="0" meanWaitingTime="483.71" meanTravelTime="343.57" meanSpeed="13.26" meanSpeedRelative="0.41" duration="91"/>
    <step time="54300.00" loaded="64320" inserted="59984" running="847" waiting="4336" ended="59137" arrived="59137" collisions="165" teleports="165" halting="11" stopped="0" meanWaitingTime="494.55" meanTravelTime="345.24" meanSpeed="13.33" meanSpeedRelative="0.42" duration="7"/>
    <step time="54600.00" loaded="64808" inserted="60432" running="791" waiting="4376" ended="59641" arrived="59641" collisions="167" teleports="167" halting="7" stopped="0" meanWaitingTime="504.13" meanTravelTime="346.78" meanSpeed="13.89" meanSpeedRelative="0.43" duration="6"/>
    <step time="54900.00" loaded="65266" inserted="60944" running="802" waiting="4322" ended="60142" arrived="60142" collisions="172" teleports="172" halting="20" stopped="0" meanWaitingTime="515.71" meanTravelTime="348.14" meanSpeed="14.40" meanSpeedRelative="0.45" duration="5"/>
    <step time="55200.00" loaded="65726" inserted="61470" running="802" waiting="4256" ended="60668" arrived="60668" collisions="174" teleports="174" halting="3" stopped="0" meanWaitingTime="529.27" meanTravelTime="349.43" meanSpeed="15.10" meanSpeedRelative="0.47" duration="6"/>
    <step time="55500.00" loaded="66202" inserted="61943" running="804" waiting="4259" ended="61139" arrived="61139" collisions="175" teleports="175" halting="17" stopped="0" meanWaitingTime="539.93" meanTravelTime="350.30" meanSpeed="14.74" meanSpeedRelative="0.46" duration="5"/>
    <step time="55800.00" loaded="66659" inserted="62388" running="767" waiting="4271" ended="61621" arrived="61621" collisions="178" teleports="178" halting="32" stopped="0" meanWaitingTime="549.91" meanTravelTime="351.25" meanSpeed="14.08" meanSpeedRelative="0.44" duration="5"/>
    <step time="56100.00" loaded="67101" inserted="62827" running="739" waiting="4274" ended="62088" arrived="62088" collisions="178" teleports="178" halting="16" stopped="0" meanWaitingTime="561.51" meanTravelTime="352.08" meanSpeed="14.68" meanSpeedRelative="0.46" duration="6"/>
    <step time="56400.00" loaded="67556" inserted="63315" running="750" waiting="4241" ended="62565" arrived="62565" collisions="180" teleports="180" halting="18" stopped="0" meanWaitingTime="576.02" meanTravelTime="353.12" meanSpeed="14.64" meanSpeedRelative="0.46" duration="6"/>
    <step time="56700.00" loaded="67999" inserted="63810" running="754" waiting="4189" ended="63056" arrived="63056" collisions="181" teleports="181" halting="10" stopped="0" meanWaitingTime="589.43" meanTravelTime="354.24" meanSpeed="15.02" meanSpeedRelative="0.47" duration="7"/>
    <step time="57000.00" loaded="68423" inserted="64293" running="742" waiting="4130" ended="63551" arrived="63551" collisions="183" teleports="183" halting="21" stopped="0" meanWaitingTime="602.56" meanTravelTime="355.18" meanSpeed="15.41" meanSpeedRelative="0.48" duration="4"/>
    <step time="57300.00" loaded="68909" inserted="64766" running="734" waiting="4143" ended="64032" arrived="64032" collisions="186" teleports="186" halting="18" stopped="0" meanWaitingTime="614.32" meanTravelTime="356.15" meanSpeed="15.86" meanSpeedRelative="0.50" duration="6"/>
    <step time="57600.00" loaded="69348" inserted="65243" running="722" waiting="4105" ended="64521" arrived="64521" collisions="187" teleports="187" halting="3" stopped="0" meanWaitingTime="627.95" meanTravelTime="356.85" meanSpeed="15.57" meanSpeedRelative="0.49" duration="83"/>
    <step time="57900.00" loaded="69903" inserted="65767" running="762" waiting="4136" ended="65005" arrived="65005" collisions="189" teleports="189" halting="23" stopped="0" meanWaitingTime="641.49" meanTravelTime="357.47" meanSpeed="14.95" meanSpeedRelative="0.47" duration="7"/>
    <step time="58200.00" loaded="70453" inserted="66306" running="789" waiting="4147" ended="65517" arrived="65517" collisions="191" teleports="191" halting="9" stopped="0" meanWaitingTime="654.20" meanTravelTime="358.04" meanSpeed="15.04" meanSpeedRelative="0.47" duration="6"/>
    <step time="58500.00" loaded="71025" inserted="66808" running="804" waiting="4217" ended="66004" arrived="66004" collisions="191" teleports="191" halting="22" stopped="0" meanWaitingTime="666.05" meanTravelTime="358.62" meanSpeed="13.70" meanSpeedRelative="0.43" duration="7"/>
    <step time="58800.00" loaded="71578" inserted="67313" running="810" waiting="4265" ended="66503" arrived="66503" collisions="192" teleports="192" halting="20" stopped="0" meanWaitingTime="677.01" meanTravelTime="359.37" meanSpeed="14.64" meanSpeedRelative="0.46" duration="7"/>
    <step time="59100.00" loaded="72130" inserted="67803" running="780" waiting="4327" ended="67023" arrived="67023" collisions="196" teleports="196" halting="14" stopped="0" meanWaitingTime="688.56" meanTravelTime="360.27" meanSpeed="14.81" meanSpeedRelative="0.46" duration="6"/>
    <step time="59400.00" loaded="72674" inserted="68307" running="773" waiting="4367" ended="67534" arrived="67534" collisions="197" teleports="197" halting="5" stopped="0" meanWaitingTime="699.24" meanTravelTime="361.22" meanSpeed="15.35" meanSpeedRelative="0.48" duration="6"/>
    <step time="59700.00" loaded="73229" inserted="68855" running="836" waiting="4374" ended="68019" arrived="68019" collisions="197" teleports="197" halting="20" stopped="0" meanWaitingTime="712.16" meanTravelTime="361.84" meanSpeed="14.12" meanSpeedRelative="0.44" duration="6"/>
    <step time="60000.00" loaded="73750" inserted="69334" running="801" waiting="4416" ended="68533" arrived="68533" collisions="198" teleports="198" halting="18" stopped="0" meanWaitingTime="719.90" meanTravelTime="362.61" meanSpeed="14.24" meanSpeedRelative="0.45" duration="7"/>
    <step time="60300.00" loaded="74306" inserted="69819" running="815" waiting="4487" ended="69004" arrived="69004" collisions="199" teleports="199" halting="17" stopped="0" meanWaitingTime="732.53" meanTravelTime="363.52" meanSpeed="14.94" meanSpeedRelative="0.47" duration="6"/>
    <step time="60600.00" loaded="74833" inserted="70300" running="799" waiting="4533" ended="69501" arrived="69501" collisions="201" teleports="201" halting="19" stopped="0" meanWaitingTime="742.04" meanTravelTime="364.36" meanSpeed="15.03" meanSpeedRelative="0.47" duration="6"/>
    <step time="60900.00" loaded="75440" inserted="70784" running="813" waiting="4656" ended="69971" arrived="69971" collisions="204" teleports="204" halting="16" stopped="0" meanWaitingTime="752.61" meanTravelTime="365.28" meanSpeed="15.01" meanSpeedRelative="0.47" duration="8"/>
    <step time="61200.00" loaded="76017" inserted="71273" running="812" waiting="4744" ended="70461" arrived="70461" collisions="205" teleports="205" halting="32" stopped="0" meanWaitingTime="761.40" meanTravelTime="366.24" meanSpeed="14.77" meanSpeedRelative="0.46" duration="85"/>
    <step time="61500.00" loaded="76085" inserted="71595" running="667" waiting="4490" ended="70928" arrived="70928" collisions="206" teleports="206" halting="25" stopped="0" meanWaitingTime="773.45" meanTravelTime="367.54" meanSpeed="15.35" meanSpeedRelative="0.48" duration="6"/>
    <step time="61800.00" loaded="76141" inserted="71944" running="601" waiting="4197" ended="71343" arrived="71343" collisions="207" teleports="207" halting="12" stopped="0" meanWaitingTime="788.25" meanTravelTime="368.58" meanSpeed="16.09" meanSpeedRelative="0.50" duration="5"/>
    <step time="62100.00" loaded="76220" inserted="72319" running="589" waiting="3901" ended="71730" arrived="71730" collisions="211" teleports="211" halting="0" stopped="0" meanWaitingTime="803.20" meanTravelTime="369.28" meanSpeed="16.09" meanSpeedRelative="0.50" duration="5"/>
    <step time="62400.00" loaded="76285" inserted="72728" running="575" waiting="3557" ended="72153" arrived="72153" collisions="212" teleports="212" halting="3" stopped="0" meanWaitingTime="820.77" meanTravelTime="369.83" meanSpeed="16.06" meanSpeedRelative="0.50" duration="4"/>
    <step time="62700.00" loaded="76364" inserted="73129" running="574" waiting="3235" ended="72555" arrived="72555" collisions="213" teleports="213" halting="7" stopped="0" meanWaitingTime="836.14" meanTravelTime="370.26" meanSpeed="15.64" meanSpeedRelative="0.49" duration="3"/>
    <step time="63000.00" loaded="76448" inserted="73538" running="592" waiting="2910" ended="72946" arrived="72946" collisions="213" teleports="213" halting="4" stopped="0" meanWaitingTime="852.56" meanTravelTime="370.54" meanSpeed="15.44" meanSpeedRelative="0.48" duration="3"/>
    <step time="63300.00" loaded="76522" inserted="73895" running="550" waiting="2627" ended="73345" arrived="73345" collisions="213" teleports="213" halting="1" stopped="0" meanWaitingTime="867.00" meanTravelTime="370.85" meanSpeed="14.71" meanSpeedRelative="0.46" duration="4"/>
    <step time="63600.00" loaded="76592" inserted="74182" running="467" waiting="2410" ended="73715" arrived="73715" collisions="213" teleports="213" halting="1" stopped="0" meanWaitingTime="879.61" meanTravelTime="371.25" meanSpeed="15.16" meanSpeedRelative="0.47" duration="3"/>
    <step time="63900.00" loaded="76664" inserted="74484" running="397" waiting="2180" ended="74087" arrived="74087" collisions="215" teleports="215" halting="7" stopped="0" meanWaitingTime="895.06" meanTravelTime="371.78" meanSpeed="18.07" meanSpeedRelative="0.56" duration="3"/>
    <step time="64200.00" loaded="76749" inserted="74759" running="328" waiting="1990" ended="74431" arrived="74431" collisions="217" teleports="217" halting="0" stopped="0" meanWaitingTime="904.91" meanTravelTime="372.23" meanSpeed="20.69" meanSpeedRelative="0.65" duration="2"/>
    <step time="64500.00" loaded="76821" inserted="75000" running="289" waiting="1821" ended="74711" arrived="74711" collisions="217" teleports="217" halting="0" stopped="0" meanWaitingTime="918.75" meanTravelTime="372.10" meanSpeed="20.78" meanSpeedRelative="0.65" duration="2"/>
    <step time="64800.00" loaded="76888" inserted="75248" running="274" waiting="1640" ended="74974" arrived="74974" collisions="218" teleports="218" halting="0" stopped="0" meanWaitingTime="934.19" meanTravelTime="372.07" meanSpeed="21.59" meanSpeedRelative="0.67" duration="94"/>
    <step time="65100.00" loaded="76931" inserted="75484" running="249" waiting="1447" ended="75235" arrived="75235" collisions="218" teleports="218" halting="1" stopped="0" meanWaitingTime="949.42" meanTravelTime="371.87" meanSpeed="22.20" meanSpeedRelative="0.69" duration="2"/>
    <step time="65400.00" loaded="76982" inserted="75726" running="221" waiting="1256" ended="75505" arrived="75505" collisions="218" teleports="218" halting="1" stopped="0" meanWaitingTime="964.17" meanTravelTime="371.73" meanSpeed="21.68" meanSpeedRelative="0.68" duration="2"/>
    <step time="65700.00" loaded="77041" inserted="75981" running="223" waiting="1060" ended="75758" arrived="75758" collisions="219" teleports="219" halting="1" stopped="0" meanWaitingTime="977.55" meanTravelTime="371.45" meanSpeed="22.03" meanSpeedRelative="0.69" duration="2"/>
    <step time="66000.00" loaded="77089" inserted="76207" running="199" waiting="882" ended="76008" arrived="76008" collisions="219" teleports="219" halting="1" stopped="0" meanWaitingTime="988.56" meanTravelTime="371.13" meanSpeed="23.10" meanSpeedRelative="0.72" duration="1"/>
    <step time="66300.00" loaded="77140" inserted="76391" running="136" waiting="749" ended="76255" arrived="76255" collisions="219" teleports="219" halting="1" stopped="0" meanWaitingTime="999.64" meanTravelTime="370.79" meanSpeed="23.20" meanSpeedRelative="0.72" duration="1"/>
    <step time="66600.00" loaded="77196" inserted="76587" running="141" waiting="609" ended="76446" arrived="76446" collisions="219" teleports="219" halting="2" stopped="0" meanWaitingTime="1010.57" meanTravelTime="370.41" meanSpeed="23.24" meanSpeedRelative="0.73" duration="1"/>
    <step time="66900.00" loaded="77255" inserted="76779" running="154" waiting="476" ended="76625" arrived="76625" collisions="219" teleports="219" halting="1" stopped="0" meanWaitingTime="1020.66" meanTravelTime="370.05" meanSpeed="22.68" meanSpeedRelative="0.71" duration="1"/>
    <step time="67200.00" loaded="77324" inserted="76978" running="170" waiting="346" ended="76808" arrived="76808" collisions="219" teleports="219" halting="1" stopped="0" meanWaitingTime="1030.12" meanTravelTime="369.66" meanSpeed="23.23" meanSpeedRelative="0.73" duration="1"/>
    <step time="67500.00" loaded="77374" inserted="77160" running="157" waiting="214" ended="77003" arrived="77003" collisions="219" teleports="219" halting="2" stopped="0" meanWaitingTime="1038.00" meanTravelTime="369.43" meanSpeed="23.11" meanSpeedRelative="0.72" duration="1"/>
    <step time="67800.00" loaded="77430" inserted="77339" running="160" waiting="91" ended="77179" arrived="77179" collisions="219" teleports="219" halting="0" stopped="0" meanWaitingTime="1043.27" meanTravelTime="369.15" meanSpeed="24.04" meanSpeedRelative="0.75" duration="1"/>
    <step time="68100.00" loaded="77469" inserted="77453" running="127" waiting="16" ended="77326" arrived="77326" collisions="219" teleports="219" halting="0" stopped="0" meanWaitingTime="1045.77" meanTravelTime="369.09" meanSpeed="25.33" meanSpeedRelative="0.79" duration="1"/>
    <step time="68400.00" loaded="77531" inserted="77531" running="107" waiting="0" ended="77424" arrived="77424" collisions="219" teleports="219" halting="0" stopped="0" meanWaitingTime="1044.91" meanTravelTime="369.07" meanSpeed="26.20" meanSpeedRelative="0.82" duration="87"/>
    <step time="68700.00" loaded="77685" inserted="77685" running="142" waiting="0" ended="77543" arrived="77543" collisions="219" teleports="219" halting="1" stopped="0" meanWaitingTime="1042.84" meanTravelTime="369.03" meanSpeed="24.87" meanSpeedRelative="0.78" duration="1"/>
    <step time="69000.00" loaded="77831" inserted="77831" running="144" waiting="0" ended="77687" arrived="77687" collisions="219" teleports="219" halting="0" stopped="0" meanWaitingTime="1040.89" meanTravelTime="368.83" meanSpeed="25.72" meanSpeedRelative="0.80" duration="1"/>
    <step time="69300.00" loaded="77986" inserted="77986" running="127" waiting="0" ended="77859" arrived="77859" collisions="219" teleports="219" halting="0" stopped="0" meanWaitingTime="1038.82" meanTravelTime="368.71" meanSpeed="25.56" meanSpeedRelative="0.80" duration="1"/>
    <step time="69600.00" loaded="78134" inserted="78134" running="131" waiting="0" ended="78003" arrived="78003" collisions="219" teleports="219" halting="0" stopped="0" meanWaitingTime="1036.85" meanTravelTime="368.53" meanSpeed="25.87" meanSpeedRelative="0.81" duration="0"/>
    <step time="69900.00" loaded="78295" inserted="78293" running="136" waiting="2" ended="78157" arrived="78157" collisions="219" teleports="219" halting="1" stopped="0" meanWaitingTime="1034.75" meanTravelTime="368.33" meanSpeed="24.96" meanSpeedRelative="0.78" duration="1"/>
    <step time="70200.00" loaded="78453" inserted="78453" running="138" waiting="0" ended="78315" arrived="78315" collisions="220" teleports="220" halting="1" stopped="0" meanWaitingTime="1032.64" meanTravelTime="368.07" meanSpeed="25.43" meanSpeedRelative="0.79" duration="1"/>
    <step time="70500.00" loaded="78586" inserted="78585" running="121" waiting="1" ended="78464" arrived="78464" collisions="220" teleports="220" halting="0" stopped="0" meanWaitingTime="1030.90" meanTravelTime="367.92" meanSpeed="25.03" meanSpeedRelative="0.78" duration="1"/>
    <step time="70800.00" loaded="78733" inserted="78733" running="122" waiting="0" ended="78611" arrived="78611" collisions="220" teleports="220" halting="1" stopped="0" meanWaitingTime="1028.97" meanTravelTime="367.71" meanSpeed="26.13" meanSpeedRelative="0.82" duration="1"/>
    <step time="71100.00" loaded="78879" inserted="78879" running="122" waiting="0" ended="78757" arrived="78757" collisions="220" teleports="220" halting="1" stopped="0" meanWaitingTime="1027.06" meanTravelTime="367.48" meanSpeed="25.80" meanSpeedRelative="0.81" duration="1"/>
    <step time="71400.00" loaded="79043" inserted="79042" running="135" waiting="1" ended="78907" arrived="78907" collisions="220" teleports="220" halting="1" stopped="0" meanWaitingTime="1024.95" meanTravelTime="367.24" meanSpeed="24.91" meanSpeedRelative="0.78" duration="1"/>
    <step time="71700.00" loaded="79202" inserted="79202" running="135" waiting="0" ended="79067" arrived="79067" collisions="221" teleports="221" halting="0" stopped="0" meanWaitingTime="1022.88" meanTravelTime="367.02" meanSpeed="25.89" meanSpeedRelative="0.81" duration="1"/>
    <step time="72000.00" loaded="79360" inserted="79360" running="136" waiting="0" ended="79224" arrived="79224" collisions="221" teleports="221" halting="1" stopped="0" meanWaitingTime="1020.84" meanTravelTime="366.79" meanSpeed="26.16" meanSpeedRelative="0.82" duration="99"/>
    <step time="72300.00" loaded="79496" inserted="79496" running="119" waiting="0" ended="79377" arrived="79377" collisions="221" teleports="221" halting="0" stopped="0" meanWaitingTime="1019.09" meanTravelTime="366.58" meanSpeed="26.03" meanSpeedRelative="0.81" duration="1"/>
    <step time="72600.00" loaded="79618" inserted="79618" running="116" waiting="0" ended="79502" arrived="79502" collisions="221" teleports="221" halting="0" stopped="0" meanWaitingTime="1017.53" meanTravelTime="366.46" meanSpeed="26.10" meanSpeedRelative="0.82" duration="0"/>
    <step time="72900.00" loaded="79740" inserted="79740" running="104" waiting="0" ended="79636" arrived="79636" collisions="221" teleports="221" halting="1" stopped="0" meanWaitingTime="1015.98" meanTravelTime="366.26" meanSpeed="25.14" meanSpeedRelative="0.79" duration="1"/>
    <step time="73200.00" loaded="79892" inserted="79892" running="129" waiting="0" ended="79763" arrived="79763" collisions="221" teleports="221" halting="0" stopped="0" meanWaitingTime="1014.05" meanTravelTime="366.10" meanSpeed="24.56" meanSpeedRelative="0.77" duration="1"/>
    <step time="73500.00" loaded="80046" inserted="80046" running="138" waiting="0" ended="79908" arrived="79908" collisions="221" teleports="221" halting="2" stopped="0" meanWaitingTime="1012.09" meanTravelTime="365.87" meanSpeed="24.77" meanSpeedRelative="0.77" duration="1"/>
    <step time="73800.00" loaded="80163" inserted="80163" running="114" waiting="0" ended="80049" arrived="80049" collisions="221" teleports="221" halting="1" stopped="0" meanWaitingTime="1010.62" meanTravelTime="365.75" meanSpeed="25.85" meanSpeedRelative="0.81" duration="1"/>
    <step time="74100.00" loaded="80298" inserted="80298" running="117" waiting="0" ended="80181" arrived="80181" collisions="221" teleports="221" halting="0" stopped="0" meanWaitingTime="1008.92" meanTravelTime="365.61" meanSpeed="26.11" meanSpeedRelative="0.82" duration="1"/>
    <step time="74400.00" loaded="80426" inserted="80425" running="116" waiting="1" ended="80309" arrived="80309" collisions="221" teleports="221" halting="0" stopped="0" meanWaitingTime="1007.33" meanTravelTime="365.48" meanSpeed="25.79" meanSpeedRelative="0.81" duration="1"/>
    <step time="74700.00" loaded="80553" inserted="80552" running="121" waiting="1" ended="80431" arrived="80431" collisions="221" teleports="221" halting="1" stopped="0" meanWaitingTime="1005.74" meanTravelTime="365.35" meanSpeed="26.27" meanSpeedRelative="0.82" duration="1"/>
    <step time="75000.00" loaded="80685" inserted="80685" running="126" waiting="0" ended="80559" arrived="80559" collisions="221" teleports="221" halting="0" stopped="0" meanWaitingTime="1004.08" meanTravelTime="365.19" meanSpeed="25.80" meanSpeedRelative="0.81" duration="1"/>
    <step time="75300.00" loaded="80820" inserted="80819" running="127" waiting="1" ended="80692" arrived="80692" collisions="221" teleports="221" halting="2" stopped="0" meanWaitingTime="1002.42" meanTravelTime="365.04" meanSpeed="25.73" meanSpeedRelative="0.80" duration="0"/>
    <step time="75600.00" loaded="80960" inserted="80960" running="136" waiting="0" ended="80824" arrived="80824" collisions="222" teleports="222" halting="0" stopped="0" meanWaitingTime="1000.67" meanTravelTime="364.91" meanSpeed="25.88" meanSpeedRelative="0.81" duration="80"/>
    <step time="75900.00" loaded="81199" inserted="81199" running="200" waiting="0" ended="80999" arrived="80999" collisions="222" teleports="222" halting="3" stopped="0" meanWaitingTime="997.73" meanTravelTime="364.65" meanSpeed="24.27" meanSpeedRelative="0.76" duration="1"/>
    <step time="76200.00" loaded="81410" inserted="81410" running="195" waiting="0" ended="81215" arrived="81215" collisions="222" teleports="222" halting="1" stopped="0" meanWaitingTime="995.14" meanTravelTime="364.39" meanSpeed="25.19" meanSpeedRelative="0.79" duration="1"/>
    <step time="76500.00" loaded="81604" inserted="81604" running="177" waiting="0" ended="81427" arrived="81427" collisions="222" teleports="222" halting="4" stopped="0" meanWaitingTime="992.78" meanTravelTime="364.14" meanSpeed="25.21" meanSpeedRelative="0.79" duration="2"/>
    <step time="76800.00" loaded="81832" inserted="81832" running="213" waiting="0" ended="81619" arrived="81619" collisions="222" teleports="222" halting="0" stopped="0" meanWaitingTime="990.02" meanTravelTime="363.98" meanSpeed="24.77" meanSpeedRelative="0.77" duration="2"/>
    <step time="77100.00" loaded="82048" inserted="82048" running="205" waiting="0" ended="81843" arrived="81843" collisions="222" teleports="222" halting="1" stopped="0" meanWaitingTime="987.41" meanTravelTime="363.72" meanSpeed="24.27" meanSpeedRelative="0.76" duration="1"/>
    <step time="77400.00" loaded="82264" inserted="82263" running="205" waiting="1" ended="82058" arrived="82058" collisions="222" teleports="222" halting="0" stopped="0" meanWaitingTime="984.83" meanTravelTime="363.49" meanSpeed="25.48" meanSpeedRelative="0.80" duration="1"/>
    <step time="77700.00" loaded="82458" inserted="82458" running="189" waiting="0" ended="82269" arrived="82269" collisions="223" teleports="223" halting="0" stopped="0" meanWaitingTime="982.50" meanTravelTime="363.24" meanSpeed="25.33" meanSpeedRelative="0.79" duration="1"/>
    <step time="78000.00" loaded="82667" inserted="82667" running="194" waiting="0" ended="82473" arrived="82473" collisions="223" teleports="223" halting="2" stopped="0" meanWaitingTime="980.02" meanTravelTime="363.02" meanSpeed="25.61" meanSpeedRelative="0.80" duration="2"/>
    <step time="78300.00" loaded="82858" inserted="82857" running="177" waiting="1" ended="82680" arrived="82680" collisions="223" teleports="223" halting="0" stopped="0" meanWaitingTime="977.77" meanTravelTime="362.88" meanSpeed="25.23" meanSpeedRelative="0.79" duration="1"/>
    <step time="78600.00" loaded="83077" inserted="83077" running="196" waiting="0" ended="82881" arrived="82881" collisions="223" teleports="223" halting="1" stopped="0" meanWaitingTime="975.19" meanTravelTime="362.66" meanSpeed="25.55" meanSpeedRelative="0.80" duration="1"/>
    <step time="78900.00" loaded="83274" inserted="83274" running="197" waiting="0" ended="83077" arrived="83077" collisions="224" teleports="224" halting="1" stopped="0" meanWaitingTime="972.88" meanTravelTime="362.52" meanSpeed="24.87" meanSpeedRelative="0.78" duration="1"/>
    <step time="79200.00" loaded="83470" inserted="83470" running="192" waiting="0" ended="83278" arrived="83278" collisions="224" teleports="224" halting="0" stopped="0" meanWaitingTime="970.60" meanTravelTime="362.31" meanSpeed="24.48" meanSpeedRelative="0.76" duration="82"/>
    <step time="79500.00" loaded="83648" inserted="83648" running="160" waiting="0" ended="83488" arrived="83488" collisions="224" teleports="224" halting="0" stopped="0" meanWaitingTime="968.53" meanTravelTime="362.10" meanSpeed="25.94" meanSpeedRelative="0.81" duration="1"/>
    <step time="79800.00" loaded="83816" inserted="83816" running="151" waiting="0" ended="83665" arrived="83665" collisions="224" teleports="224" halting="0" stopped="0" meanWaitingTime="966.59" meanTravelTime="361.95" meanSpeed="24.80" meanSpeedRelative="0.78" duration="1"/>
    <step time="80100.00" loaded="83997" inserted="83997" running="173" waiting="0" ended="83824" arrived="83824" collisions="224" teleports="224" halting="0" stopped="0" meanWaitingTime="964.51" meanTravelTime="361.79" meanSpeed="25.44" meanSpeedRelative="0.80" duration="1"/>
    <step time="80400.00" loaded="84163" inserted="84163" running="150" waiting="0" ended="84013" arrived="84013" collisions="225" teleports="225" halting="0" stopped="0" meanWaitingTime="962.61" meanTravelTime="361.59" meanSpeed="25.86" meanSpeedRelative="0.81" duration="0"/>
    <step time="80700.00" loaded="84342" inserted="84342" running="145" waiting="0" ended="84197" arrived="84197" collisions="225" teleports="225" halting="0" stopped="0" meanWaitingTime="960.57" meanTravelTime="361.46" meanSpeed="25.40" meanSpeedRelative="0.79" duration="1"/>
    <step time="81000.00" loaded="84514" inserted="84514" running="153" waiting="0" ended="84361" arrived="84361" collisions="225" teleports="225" halting="0" stopped="0" meanWaitingTime="958.61" meanTravelTime="361.30" meanSpeed="24.45" meanSpeedRelative="0.76" duration="1"/>
    <step time="81300.00" loaded="84671" inserted="84671" running="139" waiting="0" ended="84532" arrived="84532" collisions="225" teleports="225" halting="2" stopped="0" meanWaitingTime="956.84" meanTravelTime="361.12" meanSpeed="24.97" meanSpeedRelative="0.78" duration="1"/>
    <step time="81600.00" loaded="84845" inserted="84845" running="138" waiting="0" ended="84707" arrived="84707" collisions="225" teleports="225" halting="0" stopped="0" meanWaitingTime="954.87" meanTravelTime="360.86" meanSpeed="25.65" meanSpeedRelative="0.80" duration="1"/>
    <step time="81900.00" loaded="85032" inserted="85032" running="155" waiting="0" ended="84877" arrived="84877" collisions="226" teleports="226" halting="1" stopped="0" meanWaitingTime="952.78" meanTravelTime="360.65" meanSpeed="25.16" meanSpeedRelative="0.79" duration="1"/>
    <step time="82200.00" loaded="85230" inserted="85230" running="179" waiting="0" ended="85051" arrived="85051" collisions="227" teleports="227" halting="2" stopped="0" meanWaitingTime="950.56" meanTravelTime="360.44" meanSpeed="24.74" meanSpeedRelative="0.77" duration="1"/>
    <step time="82500.00" loaded="85415" inserted="85415" running="179" waiting="0" ended="85236" arrived="85236" collisions="227" teleports="227" halting="0" stopped="0" meanWaitingTime="948.51" meanTravelTime="360.21" meanSpeed="25.05" meanSpeedRelative="0.78" duration="1"/>
</summary>
