<?xml version="1.0" encoding="UTF-8"?>

<!-- generated on 2025-08-07 18:29:32 by Eclipse SUMO sumo Version 1.23.1
<sumoConfiguration xmlns:xsi="http://www.w3.org/2001/XMLSchema-instance" xsi:noNamespaceSchemaLocation="http://sumo.dlr.de/xsd/sumoConfiguration.xsd">

    <input>
        <net-file value="Desktop\Master Thesis\Network_fin.net.xml"/>
        <route-files value="Desktop\Master Thesis\demand_model_amsterdam.rou.xml"/>
        <additional-files value="Desktop\Master Thesis\Additionnal.add.xml"/>
    </input>

    <output>
        <summary-output value="outputf/summary_alinea_K80_target5_84723.xml"/>
        <summary-output.period value="300"/>
        <tripinfo-output value="outputf/tripinfo_alinea_K80_target5_84723.xml"/>
    </output>

    <time>
        <begin value="0"/>
        <end value="82800"/>
        <step-length value="1"/>
    </time>

    <processing>
        <time-to-teleport value="-1"/>
    </processing>

    <report>
        <verbose value="true"/>
        <no-step-log value="true"/>
    </report>

    <emissions>
        <device.emissions.period value="10"/>
    </emissions>

    <traci_server>
        <remote-port value="64432"/>
    </traci_server>

    <random_number>
        <seed value="84723"/>
    </random_number>

</sumoConfiguration>
-->

<summary xmlns:xsi="http://www.w3.org/2001/XMLSchema-instance" xsi:noNamespaceSchemaLocation="http://sumo.dlr.de/xsd/summary_file.xsd">
    <step time="0.00" loaded="1" inserted="1" running="1" waiting="0" ended="0" arrived="0" collisions="0" teleports="0" halting="1" stopped="0" meanWaitingTime="0.00" meanTravelTime="-1.00" meanSpeed="0.00" meanSpeedRelative="0.00" duration="0"/>
    <step time="300.00" loaded="200" inserted="200" running="126" waiting="0" ended="74" arrived="74" collisions="0" teleports="0" halting="0" stopped="0" meanWaitingTime="0.66" meanTravelTime="107.58" meanSpeed="25.45" meanSpeedRelative="0.80" duration="1"/>
    <step time="600.00" loaded="367" inserted="367" running="133" waiting="0" ended="234" arrived="234" collisions="0" teleports="0" halting="0" stopped="0" meanWaitingTime="0.50" meanTravelTime="156.97" meanSpeed="25.25" meanSpeedRelative="0.79" duration="1"/>
    <step time="900.00" loaded="545" inserted="545" running="143" waiting="0" ended="402" arrived="402" collisions="0" teleports="0" halting="1" stopped="0" meanWaitingTime="0.50" meanTravelTime="193.48" meanSpeed="25.54" meanSpeedRelative="0.80" duration="1"/>
    <step time="1200.00" loaded="732" inserted="732" running="166" waiting="0" ended="566" arrived="566" collisions="0" teleports="0" halting="0" stopped="0" meanWaitingTime="0.52" meanTravelTime="209.31" meanSpeed="26.04" meanSpeedRelative="0.81" duration="1"/>
    <step time="1500.00" loaded="907" inserted="907" running="160" waiting="0" ended="747" arrived="747" collisions="0" teleports="0" halting="0" stopped="0" meanWaitingTime="0.52" meanTravelTime="219.54" meanSpeed="25.42" meanSpeedRelative="0.79" duration="1"/>
    <step time="1800.00" loaded="1102" inserted="1102" running="190" waiting="0" ended="912" arrived="912" collisions="0" teleports="0" halting="0" stopped="0" meanWaitingTime="0.49" meanTravelTime="230.23" meanSpeed="25.59" meanSpeedRelative="0.80" duration="1"/>
    <step time="2100.00" loaded="1278" inserted="1278" running="159" waiting="0" ended="1119" arrived="1119" collisions="0" teleports="0" halting="1" stopped="0" meanWaitingTime="0.45" meanTravelTime="237.91" meanSpeed="25.03" meanSpeedRelative="0.78" duration="1"/>
    <step time="2400.00" loaded="1453" inserted="1453" running="143" waiting="0" ended="1310" arrived="1310" collisions="1" teleports="1" halting="0" stopped="0" meanWaitingTime="0.44" meanTravelTime="246.05" meanSpeed="25.11" meanSpeedRelative="0.78" duration="1"/>
    <step time="2700.00" loaded="1621" inserted="1621" running="144" waiting="0" ended="1477" arrived="1477" collisions="1" teleports="1" halting="2" stopped="0" meanWaitingTime="0.42" meanTravelTime="248.17" meanSpeed="24.99" meanSpeedRelative="0.78" duration="1"/>
    <step time="3000.00" loaded="1799" inserted="1798" running="149" waiting="1" ended="1649" arrived="1649" collisions="1" teleports="1" halting="1" stopped="0" meanWaitingTime="0.44" meanTravelTime="246.06" meanSpeed="24.58" meanSpeedRelative="0.77" duration="1"/>
    <step time="3300.00" loaded="2003" inserted="2003" running="165" waiting="0" ended="1838" arrived="1838" collisions="1" teleports="1" halting="0" stopped="0" meanWaitingTime="0.45" meanTravelTime="244.68" meanSpeed="25.15" meanSpeedRelative="0.79" duration="1"/>
    <step time="3600.00" loaded="2179" inserted="2179" running="145" waiting="0" ended="2034" arrived="2034" collisions="1" teleports="1" halting="0" stopped="0" meanWaitingTime="0.44" meanTravelTime="245.63" meanSpeed="25.01" meanSpeedRelative="0.78" duration="84"/>
    <step time="3900.00" loaded="2277" inserted="2277" running="108" waiting="0" ended="2169" arrived="2169" collisions="1" teleports="1" halting="0" stopped="0" meanWaitingTime="0.42" meanTravelTime="247.37" meanSpeed="26.46" meanSpeedRelative="0.83" duration="0"/>
    <step time="4200.00" loaded="2373" inserted="2373" running="95" waiting="0" ended="2278" arrived="2278" collisions="2" teleports="2" halting="0" stopped="0" meanWaitingTime="0.41" meanTravelTime="251.22" meanSpeed="25.37" meanSpeedRelative="0.79" duration="1"/>
    <step time="4500.00" loaded="2487" inserted="2487" running="92" waiting="0" ended="2395" arrived="2395" collisions="2" teleports="2" halting="1" stopped="0" meanWaitingTime="0.40" meanTravelTime="251.29" meanSpeed="24.86" meanSpeedRelative="0.78" duration="1"/>
    <step time="4800.00" loaded="2593" inserted="2593" running="95" waiting="0" ended="2498" arrived="2498" collisions="2" teleports="2" halting="1" stopped="0" meanWaitingTime="0.39" meanTravelTime="252.76" meanSpeed="25.31" meanSpeedRelative="0.79" duration="1"/>
    <step time="5100.00" loaded="2706" inserted="2706" running="101" waiting="0" ended="2605" arrived="2605" collisions="2" teleports="2" halting="1" stopped="0" meanWaitingTime="0.39" meanTravelTime="253.02" meanSpeed="25.54" meanSpeedRelative="0.80" duration="1"/>
    <step time="5400.00" loaded="2824" inserted="2824" running="105" waiting="0" ended="2719" arrived="2719" collisions="2" teleports="2" halting="0" stopped="0" meanWaitingTime="0.38" meanTravelTime="253.70" meanSpeed="26.39" meanSpeedRelative="0.82" duration="1"/>
    <step time="5700.00" loaded="2930" inserted="2930" running="97" waiting="0" ended="2833" arrived="2833" collisions="2" teleports="2" halting="0" stopped="0" meanWaitingTime="0.37" meanTravelTime="253.20" meanSpeed="24.55" meanSpeedRelative="0.77" duration="1"/>
    <step time="6000.00" loaded="3040" inserted="3040" running="105" waiting="0" ended="2935" arrived="2935" collisions="2" teleports="2" halting="0" stopped="0" meanWaitingTime="0.36" meanTravelTime="254.81" meanSpeed="25.56" meanSpeedRelative="0.80" duration="0"/>
    <step time="6300.00" loaded="3148" inserted="3148" running="96" waiting="0" ended="3052" arrived="3052" collisions="2" teleports="2" halting="0" stopped="0" meanWaitingTime="0.36" meanTravelTime="255.29" meanSpeed="25.59" meanSpeedRelative="0.80" duration="1"/>
    <step time="6600.00" loaded="3239" inserted="3239" running="74" waiting="0" ended="3165" arrived="3165" collisions="2" teleports="2" halting="0" stopped="0" meanWaitingTime="0.36" meanTravelTime="255.80" meanSpeed="25.97" meanSpeedRelative="0.81" duration="0"/>
    <step time="6900.00" loaded="3358" inserted="3358" running="104" waiting="0" ended="3254" arrived="3254" collisions="2" teleports="2" halting="0" stopped="0" meanWaitingTime="0.35" meanTravelTime="254.98" meanSpeed="25.73" meanSpeedRelative="0.80" duration="1"/>
    <step time="7200.00" loaded="3473" inserted="3473" running="101" waiting="0" ended="3372" arrived="3372" collisions="3" teleports="3" halting="0" stopped="0" meanWaitingTime="0.36" meanTravelTime="254.92" meanSpeed="25.65" meanSpeedRelative="0.80" duration="85"/>
    <step time="7500.00" loaded="3622" inserted="3622" running="111" waiting="0" ended="3511" arrived="3511" collisions="3" teleports="3" halting="0" stopped="0" meanWaitingTime="0.36" meanTravelTime="254.82" meanSpeed="25.98" meanSpeedRelative="0.81" duration="1"/>
    <step time="7800.00" loaded="3772" inserted="3771" running="141" waiting="1" ended="3630" arrived="3630" collisions="3" teleports="3" halting="0" stopped="0" meanWaitingTime="0.35" meanTravelTime="255.31" meanSpeed="24.62" meanSpeedRelative="0.77" duration="1"/>
    <step time="8100.00" loaded="3920" inserted="3920" running="128" waiting="0" ended="3792" arrived="3792" collisions="4" teleports="4" halting="1" stopped="0" meanWaitingTime="0.36" meanTravelTime="254.49" meanSpeed="25.57" meanSpeedRelative="0.80" duration="1"/>
    <step time="8400.00" loaded="4063" inserted="4062" running="120" waiting="1" ended="3942" arrived="3942" collisions="4" teleports="4" halting="1" stopped="0" meanWaitingTime="0.36" meanTravelTime="254.79" meanSpeed="24.60" meanSpeedRelative="0.77" duration="0"/>
    <step time="8700.00" loaded="4192" inserted="4192" running="111" waiting="0" ended="4081" arrived="4081" collisions="4" teleports="4" halting="0" stopped="0" meanWaitingTime="0.36" meanTravelTime="254.57" meanSpeed="26.17" meanSpeedRelative="0.82" duration="1"/>
    <step time="9000.00" loaded="4348" inserted="4348" running="119" waiting="0" ended="4229" arrived="4229" collisions="4" teleports="4" halting="1" stopped="0" meanWaitingTime="0.38" meanTravelTime="254.35" meanSpeed="24.92" meanSpeedRelative="0.78" duration="1"/>
    <step time="9300.00" loaded="4492" inserted="4492" running="121" waiting="0" ended="4371" arrived="4371" collisions="4" teleports="4" halting="0" stopped="0" meanWaitingTime="0.38" meanTravelTime="253.95" meanSpeed="25.25" meanSpeedRelative="0.79" duration="1"/>
    <step time="9600.00" loaded="4639" inserted="4639" running="115" waiting="0" ended="4524" arrived="4524" collisions="4" teleports="4" halting="0" stopped="0" meanWaitingTime="0.38" meanTravelTime="253.67" meanSpeed="26.14" meanSpeedRelative="0.82" duration="1"/>
    <step time="9900.00" loaded="4808" inserted="4808" running="126" waiting="0" ended="4682" arrived="4682" collisions="4" teleports="4" halting="0" stopped="0" meanWaitingTime="0.38" meanTravelTime="253.13" meanSpeed="25.69" meanSpeedRelative="0.80" duration="0"/>
    <step time="10200.00" loaded="4951" inserted="4951" running="119" waiting="0" ended="4832" arrived="4832" collisions="4" teleports="4" halting="0" stopped="0" meanWaitingTime="0.38" meanTravelTime="253.45" meanSpeed="25.78" meanSpeedRelative="0.81" duration="1"/>
    <step time="10500.00" loaded="5096" inserted="5096" running="106" waiting="0" ended="4990" arrived="4990" collisions="4" teleports="4" halting="2" stopped="0" meanWaitingTime="0.37" meanTravelTime="253.06" meanSpeed="25.34" meanSpeedRelative="0.79" duration="1"/>
    <step time="10800.00" loaded="5246" inserted="5246" running="130" waiting="0" ended="5116" arrived="5116" collisions="4" teleports="4" halting="0" stopped="0" meanWaitingTime="0.37" meanTravelTime="252.20" meanSpeed="24.61" meanSpeedRelative="0.77" duration="86"/>
    <step time="11100.00" loaded="5385" inserted="5385" running="109" waiting="0" ended="5276" arrived="5276" collisions="4" teleports="4" halting="0" stopped="0" meanWaitingTime="0.37" meanTravelTime="252.62" meanSpeed="24.95" meanSpeedRelative="0.78" duration="1"/>
    <step time="11400.00" loaded="5521" inserted="5521" running="105" waiting="0" ended="5416" arrived="5416" collisions="4" teleports="4" halting="0" stopped="0" meanWaitingTime="0.37" meanTravelTime="251.75" meanSpeed="24.97" meanSpeedRelative="0.78" duration="1"/>
    <step time="11700.00" loaded="5677" inserted="5677" running="116" waiting="0" ended="5561" arrived="5561" collisions="4" teleports="4" halting="2" stopped="0" meanWaitingTime="0.36" meanTravelTime="251.24" meanSpeed="24.91" meanSpeedRelative="0.78" duration="1"/>
    <step time="12000.00" loaded="5846" inserted="5846" running="117" waiting="0" ended="5729" arrived="5729" collisions="4" teleports="4" halting="2" stopped="0" meanWaitingTime="0.37" meanTravelTime="250.15" meanSpeed="24.20" meanSpeedRelative="0.76" duration="1"/>
    <step time="12300.00" loaded="5999" inserted="5999" running="109" waiting="0" ended="5890" arrived="5890" collisions="5" teleports="5" halting="0" stopped="0" meanWaitingTime="0.37" meanTravelTime="249.04" meanSpeed="26.06" meanSpeedRelative="0.81" duration="0"/>
    <step time="12600.00" loaded="6130" inserted="6129" running="102" waiting="1" ended="6027" arrived="6027" collisions="5" teleports="5" halting="0" stopped="0" meanWaitingTime="0.37" meanTravelTime="248.77" meanSpeed="25.62" meanSpeedRelative="0.80" duration="1"/>
    <step time="12900.00" loaded="6279" inserted="6279" running="114" waiting="0" ended="6165" arrived="6165" collisions="5" teleports="5" halting="0" stopped="0" meanWaitingTime="0.36" meanTravelTime="248.44" meanSpeed="25.94" meanSpeedRelative="0.81" duration="1"/>
    <step time="13200.00" loaded="6427" inserted="6426" running="102" waiting="1" ended="6324" arrived="6324" collisions="5" teleports="5" halting="0" stopped="0" meanWaitingTime="0.38" meanTravelTime="247.66" meanSpeed="25.07" meanSpeedRelative="0.78" duration="1"/>
    <step time="13500.00" loaded="6556" inserted="6556" running="95" waiting="0" ended="6461" arrived="6461" collisions="5" teleports="5" halting="0" stopped="0" meanWaitingTime="0.38" meanTravelTime="246.96" meanSpeed="25.66" meanSpeedRelative="0.80" duration="1"/>
    <step time="13800.00" loaded="6699" inserted="6699" running="109" waiting="0" ended="6590" arrived="6590" collisions="5" teleports="5" halting="0" stopped="0" meanWaitingTime="0.38" meanTravelTime="246.23" meanSpeed="26.29" meanSpeedRelative="0.82" duration="1"/>
    <step time="14100.00" loaded="6812" inserted="6811" running="86" waiting="1" ended="6725" arrived="6725" collisions="5" teleports="5" halting="2" stopped="0" meanWaitingTime="0.38" meanTravelTime="245.75" meanSpeed="24.59" meanSpeedRelative="0.77" duration="1"/>
    <step time="14400.00" loaded="6946" inserted="6946" running="106" waiting="0" ended="6840" arrived="6840" collisions="5" teleports="5" halting="0" stopped="0" meanWaitingTime="0.37" meanTravelTime="245.29" meanSpeed="25.48" meanSpeedRelative="0.80" duration="86"/>
    <step time="14700.00" loaded="7054" inserted="7054" running="83" waiting="0" ended="6971" arrived="6971" collisions="5" teleports="5" halting="0" stopped="0" meanWaitingTime="0.37" meanTravelTime="245.27" meanSpeed="25.17" meanSpeedRelative="0.79" duration="0"/>
    <step time="15000.00" loaded="7151" inserted="7151" running="67" waiting="0" ended="7084" arrived="7084" collisions="5" teleports="5" halting="1" stopped="0" meanWaitingTime="0.37" meanTravelTime="244.94" meanSpeed="26.16" meanSpeedRelative="0.82" duration="1"/>
    <step time="15300.00" loaded="7253" inserted="7253" running="67" waiting="0" ended="7186" arrived="7186" collisions="5" teleports="5" halting="0" stopped="0" meanWaitingTime="0.37" meanTravelTime="244.33" meanSpeed="25.57" meanSpeedRelative="0.80" duration="1"/>
    <step time="15600.00" loaded="7357" inserted="7357" running="64" waiting="0" ended="7293" arrived="7293" collisions="5" teleports="5" halting="1" stopped="0" meanWaitingTime="0.36" meanTravelTime="244.11" meanSpeed="25.43" meanSpeedRelative="0.79" duration="0"/>
    <step time="15900.00" loaded="7434" inserted="7434" running="62" waiting="0" ended="7372" arrived="7372" collisions="5" teleports="5" halting="0" stopped="0" meanWaitingTime="0.36" meanTravelTime="243.96" meanSpeed="26.48" meanSpeedRelative="0.83" duration="1"/>
    <step time="16200.00" loaded="7526" inserted="7526" running="73" waiting="0" ended="7453" arrived="7453" collisions="5" teleports="5" halting="1" stopped="0" meanWaitingTime="0.36" meanTravelTime="243.80" meanSpeed="25.61" meanSpeedRelative="0.80" duration="1"/>
    <step time="16500.00" loaded="7632" inserted="7632" running="67" waiting="0" ended="7565" arrived="7565" collisions="5" teleports="5" halting="0" stopped="0" meanWaitingTime="0.36" meanTravelTime="243.42" meanSpeed="26.18" meanSpeedRelative="0.82" duration="1"/>
    <step time="16800.00" loaded="7730" inserted="7729" running="64" waiting="1" ended="7665" arrived="7665" collisions="5" teleports="5" halting="0" stopped="0" meanWaitingTime="0.36" meanTravelTime="243.03" meanSpeed="25.16" meanSpeedRelative="0.79" duration="0"/>
    <step time="17100.00" loaded="7835" inserted="7835" running="77" waiting="0" ended="7758" arrived="7758" collisions="5" teleports="5" halting="1" stopped="0" meanWaitingTime="0.36" meanTravelTime="242.41" meanSpeed="25.54" meanSpeedRelative="0.80" duration="0"/>
    <step time="17400.00" loaded="7941" inserted="7941" running="76" waiting="0" ended="7865" arrived="7865" collisions="5" teleports="5" halting="0" stopped="0" meanWaitingTime="0.36" meanTravelTime="242.01" meanSpeed="25.63" meanSpeedRelative="0.80" duration="0"/>
    <step time="17700.00" loaded="8032" inserted="8032" running="66" waiting="0" ended="7966" arrived="7966" collisions="5" teleports="5" halting="0" stopped="0" meanWaitingTime="0.35" meanTravelTime="241.88" meanSpeed="26.41" meanSpeedRelative="0.83" duration="1"/>
    <step time="18000.00" loaded="8135" inserted="8135" running="71" waiting="0" ended="8064" arrived="8064" collisions="5" teleports="5" halting="1" stopped="0" meanWaitingTime="0.35" meanTravelTime="241.16" meanSpeed="25.90" meanSpeedRelative="0.81" duration="78"/>
    <step time="18300.00" loaded="8317" inserted="8316" running="132" waiting="1" ended="8184" arrived="8184" collisions="5" teleports="5" halting="0" stopped="0" meanWaitingTime="0.36" meanTravelTime="240.78" meanSpeed="25.54" meanSpeedRelative="0.80" duration="0"/>
    <step time="18600.00" loaded="8505" inserted="8505" running="149" waiting="0" ended="8356" arrived="8356" collisions="5" teleports="5" halting="1" stopped="0" meanWaitingTime="0.37" meanTravelTime="240.16" meanSpeed="25.11" meanSpeedRelative="0.78" duration="1"/>
    <step time="18900.00" loaded="8686" inserted="8686" running="131" waiting="0" ended="8555" arrived="8555" collisions="5" teleports="5" halting="0" stopped="0" meanWaitingTime="0.37" meanTravelTime="239.75" meanSpeed="25.94" meanSpeedRelative="0.81" duration="0"/>
    <step time="19200.00" loaded="8892" inserted="8892" running="163" waiting="0" ended="8729" arrived="8729" collisions="6" teleports="6" halting="0" stopped="0" meanWaitingTime="0.37" meanTravelTime="239.12" meanSpeed="24.73" meanSpeedRelative="0.77" duration="1"/>
    <step time="19500.00" loaded="9108" inserted="9107" running="169" waiting="1" ended="8938" arrived="8938" collisions="6" teleports="6" halting="1" stopped="0" meanWaitingTime="0.37" meanTravelTime="238.71" meanSpeed="24.38" meanSpeedRelative="0.76" duration="2"/>
    <step time="19800.00" loaded="9304" inserted="9303" running="162" waiting="1" ended="9141" arrived="9141" collisions="6" teleports="6" halting="0" stopped="0" meanWaitingTime="0.37" meanTravelTime="238.62" meanSpeed="25.13" meanSpeedRelative="0.79" duration="1"/>
    <step time="20100.00" loaded="9512" inserted="9512" running="154" waiting="0" ended="9358" arrived="9358" collisions="6" teleports="6" halting="1" stopped="0" meanWaitingTime="0.39" meanTravelTime="238.99" meanSpeed="24.52" meanSpeedRelative="0.77" duration="1"/>
    <step time="20400.00" loaded="9713" inserted="9711" running="159" waiting="2" ended="9552" arrived="9552" collisions="6" teleports="6" halting="1" stopped="0" meanWaitingTime="0.39" meanTravelTime="238.99" meanSpeed="23.85" meanSpeedRelative="0.75" duration="1"/>
    <step time="20700.00" loaded="9903" inserted="9903" running="164" waiting="0" ended="9739" arrived="9739" collisions="6" teleports="6" halting="2" stopped="0" meanWaitingTime="0.39" meanTravelTime="238.78" meanSpeed="25.35" meanSpeedRelative="0.79" duration="1"/>
    <step time="21000.00" loaded="10106" inserted="10106" running="178" waiting="0" ended="9928" arrived="9928" collisions="6" teleports="6" halting="3" stopped="0" meanWaitingTime="0.40" meanTravelTime="239.10" meanSpeed="25.18" meanSpeedRelative="0.79" duration="2"/>
    <step time="21300.00" loaded="10306" inserted="10305" running="169" waiting="1" ended="10136" arrived="10136" collisions="6" teleports="6" halting="1" stopped="0" meanWaitingTime="0.40" meanTravelTime="238.87" meanSpeed="24.58" meanSpeedRelative="0.77" duration="1"/>
    <step time="21600.00" loaded="10508" inserted="10508" running="171" waiting="0" ended="10337" arrived="10337" collisions="7" teleports="7" halting="2" stopped="0" meanWaitingTime="0.40" meanTravelTime="239.33" meanSpeed="24.81" meanSpeedRelative="0.78" duration="78"/>
    <step time="21900.00" loaded="10958" inserted="10935" running="341" waiting="23" ended="10594" arrived="10594" collisions="7" teleports="7" halting="1" stopped="0" meanWaitingTime="0.60" meanTravelTime="239.08" meanSpeed="22.49" meanSpeedRelative="0.70" duration="2"/>
    <step time="22200.00" loaded="11399" inserted="11352" running="398" waiting="47" ended="10954" arrived="10954" collisions="9" teleports="9" halting="6" stopped="0" meanWaitingTime="1.42" meanTravelTime="239.62" meanSpeed="21.43" meanSpeedRelative="0.67" duration="2"/>
    <step time="22500.00" loaded="11902" inserted="11798" running="451" waiting="104" ended="11347" arrived="11347" collisions="9" teleports="9" halting="1" stopped="0" meanWaitingTime="2.99" meanTravelTime="240.72" meanSpeed="20.75" meanSpeedRelative="0.65" duration="3"/>
    <step time="22800.00" loaded="12367" inserted="12233" running="457" waiting="134" ended="11776" arrived="11776" collisions="10" teleports="10" halting="2" stopped="0" meanWaitingTime="5.39" meanTravelTime="243.04" meanSpeed="19.67" meanSpeedRelative="0.61" duration="2"/>
    <step time="23100.00" loaded="12837" inserted="12668" running="473" waiting="169" ended="12195" arrived="12195" collisions="10" teleports="10" halting="6" stopped="0" meanWaitingTime="8.27" meanTravelTime="245.67" meanSpeed="18.69" meanSpeedRelative="0.58" duration="3"/>
    <step time="23400.00" loaded="13302" inserted="13121" running="501" waiting="181" ended="12620" arrived="12620" collisions="11" teleports="11" halting="2" stopped="0" meanWaitingTime="11.38" meanTravelTime="248.42" meanSpeed="19.07" meanSpeedRelative="0.60" duration="3"/>
    <step time="23700.00" loaded="13759" inserted="13561" running="504" waiting="198" ended="13057" arrived="13057" collisions="13" teleports="13" halting="9" stopped="0" meanWaitingTime="14.84" meanTravelTime="251.40" meanSpeed="18.80" meanSpeedRelative="0.59" duration="3"/>
    <step time="24000.00" loaded="14225" inserted="13965" running="502" waiting="260" ended="13463" arrived="13463" collisions="15" teleports="15" halting="18" stopped="0" meanWaitingTime="18.32" meanTravelTime="254.60" meanSpeed="18.50" meanSpeedRelative="0.58" duration="2"/>
    <step time="24300.00" loaded="14729" inserted="14390" running="494" waiting="339" ended="13896" arrived="13896" collisions="17" teleports="17" halting="16" stopped="0" meanWaitingTime="22.20" meanTravelTime="257.14" meanSpeed="19.01" meanSpeedRelative="0.59" duration="3"/>
    <step time="24600.00" loaded="15149" inserted="14821" running="482" waiting="328" ended="14339" arrived="14339" collisions="19" teleports="19" halting="4" stopped="0" meanWaitingTime="27.79" meanTravelTime="260.15" meanSpeed="19.36" meanSpeedRelative="0.60" duration="3"/>
    <step time="24900.00" loaded="15602" inserted="15251" running="507" waiting="351" ended="14744" arrived="14744" collisions="20" teleports="20" halting="3" stopped="0" meanWaitingTime="33.18" meanTravelTime="262.58" meanSpeed="18.95" meanSpeedRelative="0.59" duration="3"/>
    <step time="25200.00" loaded="16114" inserted="15697" running="506" waiting="417" ended="15191" arrived="15191" collisions="22" teleports="22" halting="6" stopped="0" meanWaitingTime="38.47" meanTravelTime="265.23" meanSpeed="18.57" meanSpeedRelative="0.58" duration="84"/>
    <step time="25500.00" loaded="16699" inserted="16178" running="548" waiting="521" ended="15630" arrived="15630" collisions="22" teleports="22" halting="20" stopped="0" meanWaitingTime="43.98" meanTravelTime="267.10" meanSpeed="18.73" meanSpeedRelative="0.59" duration="3"/>
    <step time="25800.00" loaded="17246" inserted="16608" running="502" waiting="638" ended="16106" arrived="16106" collisions="23" teleports="23" halting="2" stopped="0" meanWaitingTime="49.86" meanTravelTime="269.39" meanSpeed="20.23" meanSpeedRelative="0.63" duration="3"/>
    <step time="26100.00" loaded="17799" inserted="17098" running="546" waiting="701" ended="16552" arrived="16552" collisions="26" teleports="26" halting="9" stopped="0" meanWaitingTime="58.17" meanTravelTime="271.06" meanSpeed="19.44" meanSpeedRelative="0.61" duration="3"/>
    <step time="26400.00" loaded="18368" inserted="17543" running="539" waiting="825" ended="17004" arrived="17004" collisions="28" teleports="28" halting="17" stopped="0" meanWaitingTime="64.52" meanTravelTime="272.91" meanSpeed="19.25" meanSpeedRelative="0.60" duration="3"/>
    <step time="26700.00" loaded="18929" inserted="17990" running="510" waiting="939" ended="17480" arrived="17480" collisions="28" teleports="28" halting="6" stopped="0" meanWaitingTime="73.55" meanTravelTime="275.57" meanSpeed="19.33" meanSpeedRelative="0.60" duration="3"/>
    <step time="27000.00" loaded="19468" inserted="18440" running="495" waiting="1028" ended="17945" arrived="17945" collisions="28" teleports="28" halting="16" stopped="0" meanWaitingTime="83.32" meanTravelTime="277.23" meanSpeed="19.11" meanSpeedRelative="0.60" duration="3"/>
    <step time="27300.00" loaded="20030" inserted="18885" running="489" waiting="1145" ended="18396" arrived="18396" collisions="30" teleports="30" halting="1" stopped="0" meanWaitingTime="92.94" meanTravelTime="278.67" meanSpeed="19.56" meanSpeedRelative="0.61" duration="4"/>
    <step time="27600.00" loaded="20610" inserted="19359" running="545" waiting="1251" ended="18814" arrived="18814" collisions="30" teleports="30" halting="12" stopped="0" meanWaitingTime="104.62" meanTravelTime="280.06" meanSpeed="17.50" meanSpeedRelative="0.55" duration="3"/>
    <step time="27900.00" loaded="21162" inserted="19777" running="496" waiting="1385" ended="19281" arrived="19281" collisions="31" teleports="31" halting="16" stopped="0" meanWaitingTime="113.84" meanTravelTime="281.73" meanSpeed="19.69" meanSpeedRelative="0.62" duration="3"/>
    <step time="28200.00" loaded="21741" inserted="20235" running="498" waiting="1506" ended="19737" arrived="19737" collisions="33" teleports="33" halting="12" stopped="0" meanWaitingTime="125.90" meanTravelTime="282.81" meanSpeed="19.20" meanSpeedRelative="0.60" duration="3"/>
    <step time="28500.00" loaded="22294" inserted="20746" running="558" waiting="1548" ended="20188" arrived="20188" collisions="34" teleports="34" halting="2" stopped="0" meanWaitingTime="140.03" meanTravelTime="283.69" meanSpeed="18.73" meanSpeedRelative="0.59" duration="4"/>
    <step time="28800.00" loaded="22912" inserted="21214" running="544" waiting="1698" ended="20670" arrived="20670" collisions="35" teleports="35" halting="10" stopped="0" meanWaitingTime="151.15" meanTravelTime="284.92" meanSpeed="19.13" meanSpeedRelative="0.60" duration="86"/>
    <step time="29100.00" loaded="23251" inserted="21635" running="492" waiting="1616" ended="21143" arrived="21143" collisions="36" teleports="36" halting="7" stopped="0" meanWaitingTime="165.00" meanTravelTime="286.63" meanSpeed="19.35" meanSpeedRelative="0.60" duration="3"/>
    <step time="29400.00" loaded="23628" inserted="22091" running="482" waiting="1537" ended="21609" arrived="21609" collisions="36" teleports="36" halting="11" stopped="0" meanWaitingTime="180.17" meanTravelTime="287.45" meanSpeed="19.39" meanSpeedRelative="0.61" duration="3"/>
    <step time="29700.00" loaded="23972" inserted="22488" running="447" waiting="1484" ended="22041" arrived="22041" collisions="37" teleports="37" halting="6" stopped="0" meanWaitingTime="195.73" meanTravelTime="288.11" meanSpeed="20.97" meanSpeedRelative="0.66" duration="3"/>
    <step time="30000.00" loaded="24314" inserted="22929" running="454" waiting="1385" ended="22475" arrived="22475" collisions="37" teleports="37" halting="3" stopped="0" meanWaitingTime="212.62" meanTravelTime="288.93" meanSpeed="19.69" meanSpeedRelative="0.62" duration="4"/>
    <step time="30300.00" loaded="24712" inserted="23354" running="446" waiting="1358" ended="22908" arrived="22908" collisions="37" teleports="37" halting="20" stopped="0" meanWaitingTime="225.86" meanTravelTime="289.75" meanSpeed="19.77" meanSpeedRelative="0.62" duration="3"/>
    <step time="30600.00" loaded="25071" inserted="23745" running="417" waiting="1326" ended="23328" arrived="23328" collisions="37" teleports="37" halting="2" stopped="0" meanWaitingTime="237.65" meanTravelTime="290.29" meanSpeed="20.15" meanSpeedRelative="0.63" duration="3"/>
    <step time="30900.00" loaded="25386" inserted="24161" running="426" waiting="1225" ended="23735" arrived="23735" collisions="41" teleports="41" halting="2" stopped="0" meanWaitingTime="252.74" meanTravelTime="290.36" meanSpeed="20.53" meanSpeedRelative="0.64" duration="3"/>
    <step time="31200.00" loaded="25728" inserted="24591" running="449" waiting="1137" ended="24142" arrived="24142" collisions="42" teleports="42" halting="4" stopped="0" meanWaitingTime="265.51" meanTravelTime="290.72" meanSpeed="19.95" meanSpeedRelative="0.62" duration="3"/>
    <step time="31500.00" loaded="26055" inserted="25005" running="466" waiting="1050" ended="24539" arrived="24539" collisions="44" teleports="44" halting="4" stopped="0" meanWaitingTime="277.69" meanTravelTime="291.23" meanSpeed="20.02" meanSpeedRelative="0.63" duration="3"/>
    <step time="31800.00" loaded="26392" inserted="25430" running="465" waiting="962" ended="24965" arrived="24965" collisions="46" teleports="46" halting="6" stopped="0" meanWaitingTime="286.67" meanTravelTime="292.15" meanSpeed="20.51" meanSpeedRelative="0.64" duration="3"/>
    <step time="32100.00" loaded="26755" inserted="25873" running="471" waiting="882" ended="25402" arrived="25402" collisions="46" teleports="46" halting="6" stopped="0" meanWaitingTime="296.05" meanTravelTime="292.72" meanSpeed="19.63" meanSpeedRelative="0.61" duration="3"/>
    <step time="32400.00" loaded="27101" inserted="26259" running="405" waiting="842" ended="25854" arrived="25854" collisions="48" teleports="48" halting="18" stopped="0" meanWaitingTime="301.88" meanTravelTime="293.23" meanSpeed="19.67" meanSpeedRelative="0.61" duration="89"/>
    <step time="32700.00" loaded="27375" inserted="26616" running="356" waiting="759" ended="26260" arrived="26260" collisions="48" teleports="48" halting="0" stopped="0" meanWaitingTime="309.32" meanTravelTime="293.65" meanSpeed="21.07" meanSpeedRelative="0.66" duration="2"/>
    <step time="33000.00" loaded="27633" inserted="26961" running="331" waiting="672" ended="26630" arrived="26630" collisions="48" teleports="48" halting="1" stopped="0" meanWaitingTime="318.65" meanTravelTime="293.50" meanSpeed="20.27" meanSpeedRelative="0.63" duration="2"/>
    <step time="33300.00" loaded="27914" inserted="27278" running="309" waiting="636" ended="26969" arrived="26969" collisions="48" teleports="48" halting="1" stopped="0" meanWaitingTime="323.48" meanTravelTime="293.38" meanSpeed="21.34" meanSpeedRelative="0.67" duration="2"/>
    <step time="33600.00" loaded="28180" inserted="27621" running="330" waiting="559" ended="27291" arrived="27291" collisions="48" teleports="48" halting="10" stopped="0" meanWaitingTime="330.64" meanTravelTime="293.37" meanSpeed="20.95" meanSpeedRelative="0.65" duration="2"/>
    <step time="33900.00" loaded="28441" inserted="27957" running="326" waiting="484" ended="27631" arrived="27631" collisions="48" teleports="48" halting="18" stopped="0" meanWaitingTime="334.44" meanTravelTime="293.32" meanSpeed="19.74" meanSpeedRelative="0.62" duration="2"/>
    <step time="34200.00" loaded="28697" inserted="28256" running="303" waiting="441" ended="27953" arrived="27953" collisions="49" teleports="49" halting="17" stopped="0" meanWaitingTime="334.95" meanTravelTime="293.40" meanSpeed="20.28" meanSpeedRelative="0.63" duration="2"/>
    <step time="34500.00" loaded="28950" inserted="28549" running="282" waiting="401" ended="28267" arrived="28267" collisions="49" teleports="49" halting="1" stopped="0" meanWaitingTime="339.58" meanTravelTime="293.56" meanSpeed="21.30" meanSpeedRelative="0.67" duration="2"/>
    <step time="34800.00" loaded="29226" inserted="28867" running="298" waiting="359" ended="28569" arrived="28569" collisions="50" teleports="50" halting="0" stopped="0" meanWaitingTime="343.56" meanTravelTime="293.43" meanSpeed="22.25" meanSpeedRelative="0.70" duration="2"/>
    <step time="35100.00" loaded="29480" inserted="29213" running="312" waiting="267" ended="28901" arrived="28901" collisions="51" teleports="51" halting="1" stopped="0" meanWaitingTime="349.49" meanTravelTime="293.39" meanSpeed="20.77" meanSpeedRelative="0.65" duration="2"/>
    <step time="35400.00" loaded="29752" inserted="29515" running="322" waiting="237" ended="29193" arrived="29193" collisions="52" teleports="52" halting="3" stopped="0" meanWaitingTime="350.63" meanTravelTime="293.26" meanSpeed="21.70" meanSpeedRelative="0.68" duration="3"/>
    <step time="35700.00" loaded="30006" inserted="29844" running="313" waiting="162" ended="29531" arrived="29531" collisions="52" teleports="52" halting="3" stopped="0" meanWaitingTime="352.59" meanTravelTime="293.15" meanSpeed="20.89" meanSpeedRelative="0.65" duration="2"/>
    <step time="36000.00" loaded="30265" inserted="30161" running="301" waiting="104" ended="29860" arrived="29860" collisions="53" teleports="53" halting="2" stopped="0" meanWaitingTime="352.36" meanTravelTime="293.27" meanSpeed="20.29" meanSpeedRelative="0.63" duration="80"/>
    <step time="36300.00" loaded="30741" inserted="30624" running="407" waiting="117" ended="30217" arrived="30217" collisions="55" teleports="55" halting="5" stopped="0" meanWaitingTime="348.67" meanTravelTime="292.93" meanSpeed="20.74" meanSpeedRelative="0.65" duration="5"/>
    <step time="36600.00" loaded="31197" inserted="31080" running="445" waiting="117" ended="30635" arrived="30635" collisions="57" teleports="57" halting="17" stopped="0" meanWaitingTime="344.91" meanTravelTime="292.56" meanSpeed="20.31" meanSpeedRelative="0.63" duration="2"/>
    <step time="36900.00" loaded="31688" inserted="31541" running="470" waiting="147" ended="31071" arrived="31071" collisions="57" teleports="57" halting="21" stopped="0" meanWaitingTime="340.97" meanTravelTime="292.57" meanSpeed="19.65" meanSpeedRelative="0.61" duration="3"/>
    <step time="37200.00" loaded="32164" inserted="32004" running="488" waiting="160" ended="31516" arrived="31516" collisions="59" teleports="59" halting="19" stopped="0" meanWaitingTime="337.34" meanTravelTime="292.71" meanSpeed="20.52" meanSpeedRelative="0.64" duration="3"/>
    <step time="37500.00" loaded="32631" inserted="32449" running="491" waiting="182" ended="31958" arrived="31958" collisions="62" teleports="62" halting="2" stopped="0" meanWaitingTime="333.42" meanTravelTime="293.10" meanSpeed="20.18" meanSpeedRelative="0.63" duration="2"/>
    <step time="37800.00" loaded="33095" inserted="32916" running="497" waiting="179" ended="32419" arrived="32419" collisions="63" teleports="63" halting="4" stopped="0" meanWaitingTime="330.63" meanTravelTime="293.47" meanSpeed="19.42" meanSpeedRelative="0.61" duration="2"/>
    <step time="38100.00" loaded="33600" inserted="33382" running="484" waiting="218" ended="32898" arrived="32898" collisions="63" teleports="63" halting="18" stopped="0" meanWaitingTime="327.33" meanTravelTime="293.90" meanSpeed="19.31" meanSpeedRelative="0.60" duration="3"/>
    <step time="38400.00" loaded="34083" inserted="33824" running="487" waiting="259" ended="33337" arrived="33337" collisions="65" teleports="65" halting="4" stopped="0" meanWaitingTime="324.76" meanTravelTime="294.39" meanSpeed="20.38" meanSpeedRelative="0.64" duration="3"/>
    <step time="38700.00" loaded="34521" inserted="34289" running="479" waiting="232" ended="33810" arrived="33810" collisions="66" teleports="66" halting="11" stopped="0" meanWaitingTime="322.71" meanTravelTime="294.57" meanSpeed="19.58" meanSpeedRelative="0.61" duration="2"/>
    <step time="39000.00" loaded="34962" inserted="34697" running="450" waiting="265" ended="34247" arrived="34247" collisions="67" teleports="67" halting="17" stopped="0" meanWaitingTime="320.35" meanTravelTime="295.12" meanSpeed="19.85" meanSpeedRelative="0.62" duration="2"/>
    <step time="39300.00" loaded="35429" inserted="35142" running="485" waiting="287" ended="34657" arrived="34657" collisions="70" teleports="70" halting="11" stopped="0" meanWaitingTime="318.26" meanTravelTime="295.34" meanSpeed="18.26" meanSpeedRelative="0.57" duration="3"/>
    <step time="39600.00" loaded="35889" inserted="35563" running="500" waiting="326" ended="35063" arrived="35063" collisions="71" teleports="71" halting="15" stopped="0" meanWaitingTime="316.31" meanTravelTime="295.85" meanSpeed="19.30" meanSpeedRelative="0.60" duration="88"/>
    <step time="39900.00" loaded="36372" inserted="36027" running="532" waiting="345" ended="35495" arrived="35495" collisions="71" teleports="71" halting="11" stopped="0" meanWaitingTime="315.06" meanTravelTime="296.44" meanSpeed="18.72" meanSpeedRelative="0.58" duration="2"/>
    <step time="40200.00" loaded="36875" inserted="36492" running="536" waiting="383" ended="35956" arrived="35956" collisions="73" teleports="73" halting="4" stopped="0" meanWaitingTime="313.77" meanTravelTime="296.88" meanSpeed="18.39" meanSpeedRelative="0.57" duration="3"/>
    <step time="40500.00" loaded="37397" inserted="36949" running="536" waiting="448" ended="36413" arrived="36413" collisions="73" teleports="73" halting="3" stopped="0" meanWaitingTime="311.85" meanTravelTime="297.64" meanSpeed="19.50" meanSpeedRelative="0.61" duration="3"/>
    <step time="40800.00" loaded="37877" inserted="37423" running="540" waiting="454" ended="36883" arrived="36883" collisions="76" teleports="76" halting="17" stopped="0" meanWaitingTime="311.25" meanTravelTime="298.19" meanSpeed="18.81" meanSpeedRelative="0.59" duration="4"/>
    <step time="41100.00" loaded="38389" inserted="37873" running="535" waiting="516" ended="37338" arrived="37338" collisions="76" teleports="76" halting="1" stopped="0" meanWaitingTime="310.48" meanTravelTime="298.81" meanSpeed="19.42" meanSpeedRelative="0.61" duration="4"/>
    <step time="41400.00" loaded="38883" inserted="38319" running="512" waiting="564" ended="37807" arrived="37807" collisions="77" teleports="77" halting="4" stopped="0" meanWaitingTime="310.22" meanTravelTime="299.27" meanSpeed="19.57" meanSpeedRelative="0.61" duration="3"/>
    <step time="41700.00" loaded="39410" inserted="38806" running="526" waiting="604" ended="38280" arrived="38280" collisions="80" teleports="80" halting="12" stopped="0" meanWaitingTime="310.66" meanTravelTime="299.73" meanSpeed="19.43" meanSpeedRelative="0.61" duration="7"/>
    <step time="42000.00" loaded="39938" inserted="39304" running="582" waiting="634" ended="38722" arrived="38722" collisions="81" teleports="81" halting="7" stopped="0" meanWaitingTime="310.29" meanTravelTime="300.18" meanSpeed="18.55" meanSpeedRelative="0.58" duration="3"/>
    <step time="42300.00" loaded="40438" inserted="39739" running="569" waiting="699" ended="39170" arrived="39170" collisions="82" teleports="82" halting="9" stopped="0" meanWaitingTime="309.79" meanTravelTime="300.89" meanSpeed="18.06" meanSpeedRelative="0.56" duration="4"/>
    <step time="42600.00" loaded="40963" inserted="40185" running="535" waiting="778" ended="39650" arrived="39650" collisions="84" teleports="84" halting="5" stopped="0" meanWaitingTime="310.10" meanTravelTime="301.65" meanSpeed="19.46" meanSpeedRelative="0.61" duration="3"/>
    <step time="42900.00" loaded="41483" inserted="40657" running="520" waiting="826" ended="40137" arrived="40137" collisions="84" teleports="84" halting="1" stopped="0" meanWaitingTime="311.12" meanTravelTime="302.22" meanSpeed="20.57" meanSpeedRelative="0.64" duration="3"/>
    <step time="43200.00" loaded="42041" inserted="41165" running="582" waiting="876" ended="40583" arrived="40583" collisions="86" teleports="86" halting="19" stopped="0" meanWaitingTime="311.74" meanTravelTime="302.70" meanSpeed="19.24" meanSpeedRelative="0.60" duration="91"/>
    <step time="43500.00" loaded="42595" inserted="41698" running="643" waiting="897" ended="41055" arrived="41055" collisions="88" teleports="88" halting="2" stopped="0" meanWaitingTime="313.12" meanTravelTime="303.14" meanSpeed="18.26" meanSpeedRelative="0.57" duration="4"/>
    <step time="43800.00" loaded="43134" inserted="42162" running="610" waiting="972" ended="41552" arrived="41552" collisions="89" teleports="89" halting="25" stopped="0" meanWaitingTime="314.19" meanTravelTime="303.92" meanSpeed="18.29" meanSpeedRelative="0.57" duration="3"/>
    <step time="44100.00" loaded="43684" inserted="42641" running="622" waiting="1043" ended="42019" arrived="42019" collisions="90" teleports="90" halting="14" stopped="0" meanWaitingTime="315.37" meanTravelTime="304.82" meanSpeed="18.09" meanSpeedRelative="0.57" duration="3"/>
    <step time="44400.00" loaded="44278" inserted="43150" running="660" waiting="1128" ended="42490" arrived="42490" collisions="91" teleports="91" halting="8" stopped="0" meanWaitingTime="318.73" meanTravelTime="305.83" meanSpeed="17.43" meanSpeedRelative="0.54" duration="4"/>
    <step time="44700.00" loaded="44819" inserted="43626" running="689" waiting="1193" ended="42937" arrived="42937" collisions="92" teleports="92" halting="17" stopped="0" meanWaitingTime="320.34" meanTravelTime="306.77" meanSpeed="16.69" meanSpeedRelative="0.52" duration="4"/>
    <step time="45000.00" loaded="45340" inserted="44078" running="666" waiting="1262" ended="43412" arrived="43412" collisions="94" teleports="94" halting="21" stopped="0" meanWaitingTime="321.65" meanTravelTime="308.14" meanSpeed="17.74" meanSpeedRelative="0.55" duration="4"/>
    <step time="45300.00" loaded="45872" inserted="44564" running="655" waiting="1308" ended="43909" arrived="43909" collisions="95" teleports="95" halting="17" stopped="0" meanWaitingTime="324.65" meanTravelTime="309.24" meanSpeed="17.46" meanSpeedRelative="0.55" duration="4"/>
    <step time="45600.00" loaded="46385" inserted="45049" running="642" waiting="1336" ended="44407" arrived="44407" collisions="97" teleports="97" halting="7" stopped="0" meanWaitingTime="328.56" meanTravelTime="310.30" meanSpeed="16.91" meanSpeedRelative="0.53" duration="4"/>
    <step time="45900.00" loaded="46941" inserted="45540" running="652" waiting="1401" ended="44888" arrived="44888" collisions="97" teleports="97" halting="29" stopped="0" meanWaitingTime="330.60" meanTravelTime="311.34" meanSpeed="16.35" meanSpeedRelative="0.51" duration="4"/>
    <step time="46200.00" loaded="47475" inserted="46005" running="650" waiting="1470" ended="45355" arrived="45355" collisions="101" teleports="101" halting="19" stopped="0" meanWaitingTime="332.77" meanTravelTime="312.29" meanSpeed="16.59" meanSpeedRelative="0.52" duration="4"/>
    <step time="46500.00" loaded="48000" inserted="46458" running="621" waiting="1542" ended="45837" arrived="45837" collisions="103" teleports="103" halting="1" stopped="0" meanWaitingTime="336.22" meanTravelTime="312.97" meanSpeed="17.70" meanSpeedRelative="0.55" duration="5"/>
    <step time="46800.00" loaded="48532" inserted="46924" running="623" waiting="1608" ended="46301" arrived="46301" collisions="107" teleports="107" halting="11" stopped="0" meanWaitingTime="340.47" meanTravelTime="313.91" meanSpeed="17.38" meanSpeedRelative="0.54" duration="94"/>
    <step time="47100.00" loaded="49075" inserted="47409" running="606" waiting="1666" ended="46803" arrived="46803" collisions="109" teleports="109" halting="14" stopped="0" meanWaitingTime="346.16" meanTravelTime="315.09" meanSpeed="17.21" meanSpeedRelative="0.54" duration="5"/>
    <step time="47400.00" loaded="49563" inserted="47884" running="617" waiting="1679" ended="47267" arrived="47267" collisions="112" teleports="112" halting="15" stopped="0" meanWaitingTime="351.28" meanTravelTime="316.09" meanSpeed="17.21" meanSpeedRelative="0.54" duration="4"/>
    <step time="47700.00" loaded="50131" inserted="48364" running="625" waiting="1767" ended="47739" arrived="47739" collisions="115" teleports="115" halting="17" stopped="0" meanWaitingTime="354.73" meanTravelTime="316.77" meanSpeed="16.83" meanSpeedRelative="0.53" duration="4"/>
    <step time="48000.00" loaded="50646" inserted="48819" running="609" waiting="1827" ended="48210" arrived="48210" collisions="117" teleports="117" halting="19" stopped="0" meanWaitingTime="358.26" meanTravelTime="317.31" meanSpeed="17.87" meanSpeedRelative="0.56" duration="4"/>
    <step time="48300.00" loaded="51153" inserted="49294" running="612" waiting="1859" ended="48682" arrived="48682" collisions="119" teleports="119" halting="19" stopped="0" meanWaitingTime="362.77" meanTravelTime="317.88" meanSpeed="18.02" meanSpeedRelative="0.56" duration="4"/>
    <step time="48600.00" loaded="51751" inserted="49751" running="617" waiting="2000" ended="49134" arrived="49134" collisions="121" teleports="121" halting="2" stopped="0" meanWaitingTime="365.63" meanTravelTime="318.66" meanSpeed="17.83" meanSpeedRelative="0.56" duration="5"/>
    <step time="48900.00" loaded="52274" inserted="50256" running="632" waiting="2018" ended="49624" arrived="49624" collisions="121" teleports="121" halting="9" stopped="0" meanWaitingTime="373.21" meanTravelTime="319.57" meanSpeed="16.92" meanSpeedRelative="0.53" duration="5"/>
    <step time="49200.00" loaded="52816" inserted="50745" running="647" waiting="2071" ended="50098" arrived="50098" collisions="122" teleports="122" halting="10" stopped="0" meanWaitingTime="379.38" meanTravelTime="320.11" meanSpeed="17.19" meanSpeedRelative="0.54" duration="5"/>
    <step time="49500.00" loaded="53344" inserted="51221" running="634" waiting="2123" ended="50587" arrived="50587" collisions="127" teleports="127" halting="3" stopped="0" meanWaitingTime="385.06" meanTravelTime="320.85" meanSpeed="17.22" meanSpeedRelative="0.54" duration="4"/>
    <step time="49800.00" loaded="53886" inserted="51708" running="656" waiting="2178" ended="51052" arrived="51052" collisions="127" teleports="127" halting="17" stopped="0" meanWaitingTime="390.65" meanTravelTime="321.36" meanSpeed="17.16" meanSpeedRelative="0.54" duration="5"/>
    <step time="50100.00" loaded="54421" inserted="52161" running="637" waiting="2260" ended="51524" arrived="51524" collisions="131" teleports="131" halting="8" stopped="0" meanWaitingTime="395.43" meanTravelTime="322.25" meanSpeed="17.50" meanSpeedRelative="0.55" duration="4"/>
    <step time="50400.00" loaded="54932" inserted="52629" running="628" waiting="2303" ended="52001" arrived="52001" collisions="134" teleports="134" halting="22" stopped="0" meanWaitingTime="400.78" meanTravelTime="323.24" meanSpeed="17.55" meanSpeedRelative="0.55" duration="91"/>
    <step time="50700.00" loaded="55697" inserted="53221" running="705" waiting="2476" ended="52516" arrived="52516" collisions="137" teleports="137" halting="8" stopped="0" meanWaitingTime="406.04" meanTravelTime="323.86" meanSpeed="16.29" meanSpeedRelative="0.51" duration="6"/>
    <step time="51000.00" loaded="56369" inserted="53735" running="737" waiting="2634" ended="52998" arrived="52998" collisions="139" teleports="139" halting="17" stopped="0" meanWaitingTime="410.09" meanTravelTime="324.51" meanSpeed="16.58" meanSpeedRelative="0.52" duration="5"/>
    <step time="51300.00" loaded="57102" inserted="54303" running="796" waiting="2799" ended="53507" arrived="53507" collisions="143" teleports="143" halting="19" stopped="0" meanWaitingTime="416.66" meanTravelTime="325.05" meanSpeed="15.56" meanSpeedRelative="0.49" duration="7"/>
    <step time="51600.00" loaded="57826" inserted="54813" running="809" waiting="3013" ended="54004" arrived="54004" collisions="145" teleports="145" halting="21" stopped="0" meanWaitingTime="420.29" meanTravelTime="326.13" meanSpeed="15.04" meanSpeedRelative="0.47" duration="5"/>
    <step time="51900.00" loaded="58511" inserted="55328" running="847" waiting="3183" ended="54481" arrived="54481" collisions="145" teleports="145" halting="22" stopped="0" meanWaitingTime="424.60" meanTravelTime="327.28" meanSpeed="14.25" meanSpeedRelative="0.45" duration="7"/>
    <step time="52200.00" loaded="59242" inserted="55865" running="866" waiting="3377" ended="54999" arrived="54999" collisions="146" teleports="146" halting="21" stopped="0" meanWaitingTime="430.68" meanTravelTime="328.52" meanSpeed="14.73" meanSpeedRelative="0.46" duration="5"/>
    <step time="52500.00" loaded="60031" inserted="56425" running="921" waiting="3606" ended="55504" arrived="55504" collisions="151" teleports="151" halting="4" stopped="0" meanWaitingTime="438.41" meanTravelTime="329.74" meanSpeed="13.78" meanSpeedRelative="0.43" duration="7"/>
    <step time="52800.00" loaded="60726" inserted="56978" running="947" waiting="3748" ended="56031" arrived="56031" collisions="153" teleports="153" halting="44" stopped="0" meanWaitingTime="445.57" meanTravelTime="331.25" meanSpeed="13.67" meanSpeedRelative="0.43" duration="6"/>
    <step time="53100.00" loaded="61432" inserted="57443" running="890" waiting="3989" ended="56553" arrived="56553" collisions="155" teleports="155" halting="15" stopped="0" meanWaitingTime="451.71" meanTravelTime="333.15" meanSpeed="14.36" meanSpeedRelative="0.45" duration="6"/>
    <step time="53400.00" loaded="62111" inserted="57967" running="886" waiting="4144" ended="57081" arrived="57081" collisions="157" teleports="157" halting="26" stopped="0" meanWaitingTime="461.15" meanTravelTime="335.27" meanSpeed="13.55" meanSpeedRelative="0.42" duration="7"/>
    <step time="53700.00" loaded="62784" inserted="58478" running="892" waiting="4306" ended="57586" arrived="57586" collisions="161" teleports="161" halting="31" stopped="0" meanWaitingTime="466.43" meanTravelTime="336.92" meanSpeed="13.52" meanSpeedRelative="0.42" duration="7"/>
    <step time="54000.00" loaded="63482" inserted="58993" running="864" waiting="4489" ended="58129" arrived="58129" collisions="164" teleports="164" halting="32" stopped="0" meanWaitingTime="476.90" meanTravelTime="338.71" meanSpeed="13.56" meanSpeedRelative="0.42" duration="87"/>
    <step time="54300.00" loaded="63924" inserted="59440" running="820" waiting="4484" ended="58620" arrived="58620" collisions="167" teleports="167" halting="5" stopped="0" meanWaitingTime="487.46" meanTravelTime="340.27" meanSpeed="14.23" meanSpeedRelative="0.44" duration="5"/>
    <step time="54600.00" loaded="64392" inserted="59907" running="795" waiting="4485" ended="59112" arrived="59112" collisions="169" teleports="169" halting="7" stopped="0" meanWaitingTime="499.12" meanTravelTime="341.91" meanSpeed="14.39" meanSpeedRelative="0.45" duration="5"/>
    <step time="54900.00" loaded="64834" inserted="60394" running="775" waiting="4440" ended="59619" arrived="59619" collisions="172" teleports="172" halting="18" stopped="0" meanWaitingTime="511.91" meanTravelTime="343.17" meanSpeed="14.88" meanSpeedRelative="0.46" duration="6"/>
    <step time="55200.00" loaded="65243" inserted="60852" running="714" waiting="4391" ended="60138" arrived="60138" collisions="178" teleports="178" halting="3" stopped="0" meanWaitingTime="524.70" meanTravelTime="344.35" meanSpeed="15.66" meanSpeedRelative="0.49" duration="5"/>
    <step time="55500.00" loaded="65693" inserted="61353" running="747" waiting="4340" ended="60606" arrived="60606" collisions="181" teleports="181" halting="20" stopped="0" meanWaitingTime="540.27" meanTravelTime="345.22" meanSpeed="15.28" meanSpeedRelative="0.48" duration="6"/>
    <step time="55800.00" loaded="66120" inserted="61813" running="700" waiting="4307" ended="61113" arrived="61113" collisions="182" teleports="182" halting="1" stopped="0" meanWaitingTime="550.91" meanTravelTime="346.06" meanSpeed="15.60" meanSpeedRelative="0.49" duration="5"/>
    <step time="56100.00" loaded="66571" inserted="62284" running="712" waiting="4287" ended="61572" arrived="61572" collisions="183" teleports="183" halting="27" stopped="0" meanWaitingTime="565.85" meanTravelTime="346.79" meanSpeed="14.41" meanSpeedRelative="0.45" duration="5"/>
    <step time="56400.00" loaded="67003" inserted="62721" running="698" waiting="4282" ended="62023" arrived="62023" collisions="184" teleports="184" halting="3" stopped="0" meanWaitingTime="577.24" meanTravelTime="347.67" meanSpeed="14.26" meanSpeedRelative="0.45" duration="6"/>
    <step time="56700.00" loaded="67491" inserted="63198" running="758" waiting="4293" ended="62440" arrived="62440" collisions="186" teleports="186" halting="18" stopped="0" meanWaitingTime="590.74" meanTravelTime="348.31" meanSpeed="14.25" meanSpeedRelative="0.45" duration="5"/>
    <step time="57000.00" loaded="67977" inserted="63670" running="755" waiting="4307" ended="62915" arrived="62915" collisions="186" teleports="186" halting="26" stopped="0" meanWaitingTime="602.59" meanTravelTime="349.30" meanSpeed="14.53" meanSpeedRelative="0.45" duration="6"/>
    <step time="57300.00" loaded="68446" inserted="64151" running="795" waiting="4295" ended="63356" arrived="63356" collisions="190" teleports="190" halting="20" stopped="0" meanWaitingTime="615.51" meanTravelTime="350.12" meanSpeed="13.43" meanSpeedRelative="0.42" duration="6"/>
    <step time="57600.00" loaded="68928" inserted="64641" running="851" waiting="4287" ended="63790" arrived="63790" collisions="190" teleports="190" halting="22" stopped="0" meanWaitingTime="627.47" meanTravelTime="350.82" meanSpeed="13.26" meanSpeedRelative="0.41" duration="85"/>
    <step time="57900.00" loaded="69498" inserted="65163" running="820" waiting="4335" ended="64343" arrived="64343" collisions="191" teleports="191" halting="18" stopped="0" meanWaitingTime="642.10" meanTravelTime="352.39" meanSpeed="13.96" meanSpeedRelative="0.44" duration="6"/>
    <step time="58200.00" loaded="70043" inserted="65646" running="773" waiting="4397" ended="64873" arrived="64873" collisions="191" teleports="191" halting="20" stopped="0" meanWaitingTime="655.44" meanTravelTime="353.64" meanSpeed="14.73" meanSpeedRelative="0.46" duration="4"/>
    <step time="58500.00" loaded="70606" inserted="66131" running="761" waiting="4475" ended="65370" arrived="65370" collisions="194" teleports="194" halting="19" stopped="0" meanWaitingTime="668.07" meanTravelTime="354.54" meanSpeed="15.11" meanSpeedRelative="0.47" duration="6"/>
    <step time="58800.00" loaded="71149" inserted="66631" running="788" waiting="4518" ended="65843" arrived="65843" collisions="195" teleports="195" halting="16" stopped="0" meanWaitingTime="679.40" meanTravelTime="355.56" meanSpeed="14.49" meanSpeedRelative="0.45" duration="6"/>
    <step time="59100.00" loaded="71660" inserted="67137" running="798" waiting="4523" ended="66339" arrived="66339" collisions="199" teleports="199" halting="27" stopped="0" meanWaitingTime="692.32" meanTravelTime="356.55" meanSpeed="14.56" meanSpeedRelative="0.45" duration="5"/>
    <step time="59400.00" loaded="72225" inserted="67618" running="786" waiting="4607" ended="66832" arrived="66832" collisions="201" teleports="201" halting="18" stopped="0" meanWaitingTime="700.06" meanTravelTime="357.35" meanSpeed="15.04" meanSpeedRelative="0.47" duration="6"/>
    <step time="59700.00" loaded="72784" inserted="68137" running="796" waiting="4647" ended="67341" arrived="67341" collisions="203" teleports="203" halting="2" stopped="0" meanWaitingTime="712.89" meanTravelTime="358.23" meanSpeed="14.57" meanSpeedRelative="0.46" duration="5"/>
    <step time="60000.00" loaded="73340" inserted="68635" running="808" waiting="4705" ended="67827" arrived="67827" collisions="204" teleports="204" halting="18" stopped="0" meanWaitingTime="726.59" meanTravelTime="358.94" meanSpeed="14.07" meanSpeedRelative="0.44" duration="6"/>
    <step time="60300.00" loaded="73877" inserted="69139" running="812" waiting="4738" ended="68327" arrived="68327" collisions="205" teleports="205" halting="19" stopped="0" meanWaitingTime="741.04" meanTravelTime="359.46" meanSpeed="14.63" meanSpeedRelative="0.46" duration="6"/>
    <step time="60600.00" loaded="74421" inserted="69647" running="814" waiting="4774" ended="68833" arrived="68833" collisions="207" teleports="207" halting="4" stopped="0" meanWaitingTime="754.22" meanTravelTime="360.44" meanSpeed="15.07" meanSpeedRelative="0.47" duration="5"/>
    <step time="60900.00" loaded="74982" inserted="70194" running="820" waiting="4788" ended="69374" arrived="69374" collisions="209" teleports="209" halting="26" stopped="0" meanWaitingTime="769.52" meanTravelTime="361.50" meanSpeed="14.69" meanSpeedRelative="0.46" duration="7"/>
    <step time="61200.00" loaded="75521" inserted="70649" running="759" waiting="4872" ended="69890" arrived="69890" collisions="213" teleports="213" halting="24" stopped="0" meanWaitingTime="778.22" meanTravelTime="362.60" meanSpeed="15.50" meanSpeedRelative="0.48" duration="85"/>
    <step time="61500.00" loaded="75599" inserted="70990" running="654" waiting="4609" ended="70336" arrived="70336" collisions="216" teleports="216" halting="3" stopped="0" meanWaitingTime="791.51" meanTravelTime="363.63" meanSpeed="15.04" meanSpeedRelative="0.47" duration="11"/>
    <step time="61800.00" loaded="75662" inserted="71325" running="588" waiting="4337" ended="70737" arrived="70737" collisions="218" teleports="218" halting="8" stopped="0" meanWaitingTime="803.71" meanTravelTime="364.53" meanSpeed="15.68" meanSpeedRelative="0.49" duration="4"/>
    <step time="62100.00" loaded="75726" inserted="71688" running="537" waiting="4038" ended="71151" arrived="71151" collisions="220" teleports="220" halting="2" stopped="0" meanWaitingTime="819.66" meanTravelTime="365.28" meanSpeed="17.55" meanSpeedRelative="0.55" duration="4"/>
    <step time="62400.00" loaded="75786" inserted="72075" running="538" waiting="3711" ended="71537" arrived="71537" collisions="221" teleports="221" halting="17" stopped="0" meanWaitingTime="836.62" meanTravelTime="365.78" meanSpeed="15.85" meanSpeedRelative="0.50" duration="4"/>
    <step time="62700.00" loaded="75868" inserted="72478" running="562" waiting="3390" ended="71916" arrived="71916" collisions="224" teleports="224" halting="9" stopped="0" meanWaitingTime="853.00" meanTravelTime="366.10" meanSpeed="15.84" meanSpeedRelative="0.49" duration="8"/>
    <step time="63000.00" loaded="75941" inserted="72865" running="564" waiting="3076" ended="72301" arrived="72301" collisions="225" teleports="225" halting="1" stopped="0" meanWaitingTime="868.05" meanTravelTime="366.45" meanSpeed="15.62" meanSpeedRelative="0.49" duration="4"/>
    <step time="63300.00" loaded="76016" inserted="73234" running="554" waiting="2782" ended="72680" arrived="72680" collisions="225" teleports="225" halting="2" stopped="0" meanWaitingTime="881.85" meanTravelTime="366.73" meanSpeed="14.85" meanSpeedRelative="0.46" duration="6"/>
    <step time="63600.00" loaded="76079" inserted="73502" running="450" waiting="2577" ended="73052" arrived="73052" collisions="225" teleports="225" halting="1" stopped="0" meanWaitingTime="894.94" meanTravelTime="367.05" meanSpeed="15.54" meanSpeedRelative="0.49" duration="3"/>
    <step time="63900.00" loaded="76152" inserted="73789" running="399" waiting="2363" ended="73390" arrived="73390" collisions="225" teleports="225" halting="9" stopped="0" meanWaitingTime="909.71" meanTravelTime="367.52" meanSpeed="17.37" meanSpeedRelative="0.54" duration="4"/>
    <step time="64200.00" loaded="76210" inserted="74062" running="307" waiting="2148" ended="73755" arrived="73755" collisions="225" teleports="225" halting="2" stopped="0" meanWaitingTime="922.47" meanTravelTime="368.13" meanSpeed="20.65" meanSpeedRelative="0.65" duration="2"/>
    <step time="64500.00" loaded="76266" inserted="74350" running="313" waiting="1916" ended="74037" arrived="74037" collisions="225" teleports="225" halting="13" stopped="0" meanWaitingTime="936.55" meanTravelTime="367.90" meanSpeed="20.08" meanSpeedRelative="0.63" duration="3"/>
    <step time="64800.00" loaded="76337" inserted="74593" running="265" waiting="1744" ended="74328" arrived="74328" collisions="225" teleports="225" halting="1" stopped="0" meanWaitingTime="946.46" meanTravelTime="367.77" meanSpeed="21.83" meanSpeedRelative="0.68" duration="90"/>
    <step time="65100.00" loaded="76397" inserted="74840" running="231" waiting="1557" ended="74609" arrived="74609" collisions="226" teleports="226" halting="1" stopped="0" meanWaitingTime="963.37" meanTravelTime="367.61" meanSpeed="22.16" meanSpeedRelative="0.69" duration="1"/>
    <step time="65400.00" loaded="76438" inserted="75080" running="245" waiting="1358" ended="74835" arrived="74835" collisions="226" teleports="226" halting="2" stopped="0" meanWaitingTime="980.48" meanTravelTime="367.26" meanSpeed="23.03" meanSpeedRelative="0.72" duration="2"/>
    <step time="65700.00" loaded="76494" inserted="75325" running="236" waiting="1169" ended="75089" arrived="75089" collisions="226" teleports="226" halting="1" stopped="0" meanWaitingTime="995.26" meanTravelTime="367.05" meanSpeed="22.82" meanSpeedRelative="0.71" duration="1"/>
    <step time="66000.00" loaded="76535" inserted="75542" running="208" waiting="993" ended="75334" arrived="75334" collisions="226" teleports="226" halting="0" stopped="0" meanWaitingTime="1007.85" meanTravelTime="366.84" meanSpeed="22.78" meanSpeedRelative="0.71" duration="2"/>
    <step time="66300.00" loaded="76581" inserted="75724" running="147" waiting="857" ended="75577" arrived="75577" collisions="226" teleports="226" halting="1" stopped="0" meanWaitingTime="1020.45" meanTravelTime="366.58" meanSpeed="22.70" meanSpeedRelative="0.71" duration="1"/>
    <step time="66600.00" loaded="76642" inserted="75910" running="152" waiting="732" ended="75758" arrived="75758" collisions="226" teleports="226" halting="1" stopped="0" meanWaitingTime="1032.27" meanTravelTime="366.31" meanSpeed="21.93" meanSpeedRelative="0.69" duration="1"/>
    <step time="66900.00" loaded="76694" inserted="76093" running="162" waiting="601" ended="75931" arrived="75931" collisions="226" teleports="226" halting="2" stopped="0" meanWaitingTime="1042.62" meanTravelTime="366.02" meanSpeed="23.04" meanSpeedRelative="0.72" duration="1"/>
    <step time="67200.00" loaded="76746" inserted="76252" running="134" waiting="494" ended="76118" arrived="76118" collisions="227" teleports="227" halting="0" stopped="0" meanWaitingTime="1050.05" meanTravelTime="365.74" meanSpeed="24.81" meanSpeedRelative="0.78" duration="1"/>
    <step time="67500.00" loaded="76796" inserted="76375" running="134" waiting="421" ended="76241" arrived="76241" collisions="227" teleports="227" halting="0" stopped="0" meanWaitingTime="1057.28" meanTravelTime="365.72" meanSpeed="24.18" meanSpeedRelative="0.76" duration="1"/>
    <step time="67800.00" loaded="76850" inserted="76503" running="123" waiting="347" ended="76380" arrived="76380" collisions="227" teleports="227" halting="0" stopped="0" meanWaitingTime="1063.95" meanTravelTime="365.63" meanSpeed="25.40" meanSpeedRelative="0.79" duration="1"/>
    <step time="68100.00" loaded="76905" inserted="76626" running="114" waiting="279" ended="76512" arrived="76512" collisions="227" teleports="227" halting="1" stopped="0" meanWaitingTime="1070.34" meanTravelTime="365.46" meanSpeed="23.38" meanSpeedRelative="0.73" duration="1"/>
    <step time="68400.00" loaded="76963" inserted="76757" running="132" waiting="206" ended="76625" arrived="76625" collisions="227" teleports="227" halting="0" stopped="0" meanWaitingTime="1076.49" meanTravelTime="365.43" meanSpeed="24.11" meanSpeedRelative="0.75" duration="90"/>
    <step time="68700.00" loaded="77104" inserted="76969" running="180" waiting="135" ended="76789" arrived="76789" collisions="227" teleports="227" halting="2" stopped="0" meanWaitingTime="1081.45" meanTravelTime="365.13" meanSpeed="23.06" meanSpeedRelative="0.72" duration="1"/>
    <step time="69000.00" loaded="77257" inserted="77186" running="225" waiting="71" ended="76961" arrived="76961" collisions="228" teleports="228" halting="1" stopped="0" meanWaitingTime="1084.29" meanTravelTime="364.92" meanSpeed="22.81" meanSpeedRelative="0.71" duration="2"/>
    <step time="69300.00" loaded="77401" inserted="77396" running="243" waiting="5" ended="77153" arrived="77153" collisions="228" teleports="228" halting="1" stopped="0" meanWaitingTime="1082.84" meanTravelTime="364.79" meanSpeed="22.14" meanSpeedRelative="0.69" duration="2"/>
    <step time="69600.00" loaded="77561" inserted="77561" running="190" waiting="0" ended="77371" arrived="77371" collisions="228" teleports="228" halting="1" stopped="0" meanWaitingTime="1080.54" meanTravelTime="364.73" meanSpeed="25.05" meanSpeedRelative="0.78" duration="2"/>
    <step time="69900.00" loaded="77717" inserted="77717" running="150" waiting="0" ended="77567" arrived="77567" collisions="228" teleports="228" halting="0" stopped="0" meanWaitingTime="1078.37" meanTravelTime="364.66" meanSpeed="25.71" meanSpeedRelative="0.80" duration="1"/>
    <step time="70200.00" loaded="77872" inserted="77872" running="126" waiting="0" ended="77746" arrived="77746" collisions="228" teleports="228" halting="1" stopped="0" meanWaitingTime="1076.23" meanTravelTime="364.56" meanSpeed="26.44" meanSpeedRelative="0.83" duration="0"/>
    <step time="70500.00" loaded="78012" inserted="78012" running="113" waiting="0" ended="77899" arrived="77899" collisions="228" teleports="228" halting="1" stopped="0" meanWaitingTime="1074.29" meanTravelTime="364.41" meanSpeed="25.95" meanSpeedRelative="0.81" duration="0"/>
    <step time="70800.00" loaded="78154" inserted="78154" running="115" waiting="0" ended="78039" arrived="78039" collisions="229" teleports="229" halting="0" stopped="0" meanWaitingTime="1072.34" meanTravelTime="364.18" meanSpeed="26.82" meanSpeedRelative="0.84" duration="0"/>
    <step time="71100.00" loaded="78319" inserted="78319" running="141" waiting="0" ended="78178" arrived="78178" collisions="229" teleports="229" halting="1" stopped="0" meanWaitingTime="1070.08" meanTravelTime="363.98" meanSpeed="25.76" meanSpeedRelative="0.81" duration="1"/>
    <step time="71400.00" loaded="78483" inserted="78482" running="153" waiting="1" ended="78329" arrived="78329" collisions="229" teleports="229" halting="0" stopped="0" meanWaitingTime="1067.86" meanTravelTime="363.77" meanSpeed="25.00" meanSpeedRelative="0.78" duration="1"/>
    <step time="71700.00" loaded="78654" inserted="78654" running="162" waiting="0" ended="78492" arrived="78492" collisions="230" teleports="230" halting="1" stopped="0" meanWaitingTime="1065.53" meanTravelTime="363.56" meanSpeed="25.04" meanSpeedRelative="0.78" duration="1"/>
    <step time="72000.00" loaded="78817" inserted="78817" running="142" waiting="0" ended="78675" arrived="78675" collisions="230" teleports="230" halting="0" stopped="0" meanWaitingTime="1063.33" meanTravelTime="363.35" meanSpeed="26.06" meanSpeedRelative="0.81" duration="81"/>
    <step time="72300.00" loaded="78961" inserted="78960" running="137" waiting="1" ended="78823" arrived="78823" collisions="230" teleports="230" halting="0" stopped="0" meanWaitingTime="1061.40" meanTravelTime="363.21" meanSpeed="25.34" meanSpeedRelative="0.79" duration="1"/>
    <step time="72600.00" loaded="79091" inserted="79091" running="123" waiting="0" ended="78968" arrived="78968" collisions="230" teleports="230" halting="0" stopped="0" meanWaitingTime="1059.64" meanTravelTime="363.04" meanSpeed="26.17" meanSpeedRelative="0.82" duration="0"/>
    <step time="72900.00" loaded="79230" inserted="79230" running="127" waiting="0" ended="79103" arrived="79103" collisions="230" teleports="230" halting="0" stopped="0" meanWaitingTime="1057.78" meanTravelTime="362.93" meanSpeed="25.15" meanSpeedRelative="0.79" duration="1"/>
    <step time="73200.00" loaded="79357" inserted="79357" running="119" waiting="0" ended="79238" arrived="79238" collisions="230" teleports="230" halting="0" stopped="0" meanWaitingTime="1056.09" meanTravelTime="362.76" meanSpeed="25.00" meanSpeedRelative="0.78" duration="1"/>
    <step time="73500.00" loaded="79508" inserted="79507" running="119" waiting="1" ended="79388" arrived="79388" collisions="230" teleports="230" halting="2" stopped="0" meanWaitingTime="1054.10" meanTravelTime="362.60" meanSpeed="24.85" meanSpeedRelative="0.78" duration="1"/>
    <step time="73800.00" loaded="79647" inserted="79647" running="133" waiting="0" ended="79514" arrived="79514" collisions="230" teleports="230" halting="1" stopped="0" meanWaitingTime="1052.25" meanTravelTime="362.40" meanSpeed="25.87" meanSpeedRelative="0.81" duration="1"/>
    <step time="74100.00" loaded="79782" inserted="79782" running="123" waiting="0" ended="79659" arrived="79659" collisions="230" teleports="230" halting="2" stopped="0" meanWaitingTime="1050.47" meanTravelTime="362.24" meanSpeed="25.35" meanSpeedRelative="0.79" duration="0"/>
    <step time="74400.00" loaded="79905" inserted="79905" running="115" waiting="0" ended="79790" arrived="79790" collisions="230" teleports="230" halting="0" stopped="0" meanWaitingTime="1048.85" meanTravelTime="362.10" meanSpeed="24.09" meanSpeedRelative="0.75" duration="1"/>
    <step time="74700.00" loaded="80060" inserted="80059" running="122" waiting="1" ended="79937" arrived="79937" collisions="230" teleports="230" halting="1" stopped="0" meanWaitingTime="1046.83" meanTravelTime="361.93" meanSpeed="24.53" meanSpeedRelative="0.77" duration="1"/>
    <step time="75000.00" loaded="80189" inserted="80189" running="118" waiting="0" ended="80071" arrived="80071" collisions="230" teleports="230" halting="0" stopped="0" meanWaitingTime="1045.14" meanTravelTime="361.79" meanSpeed="25.73" meanSpeedRelative="0.80" duration="1"/>
    <step time="75300.00" loaded="80311" inserted="80311" running="116" waiting="0" ended="80195" arrived="80195" collisions="230" teleports="230" halting="0" stopped="0" meanWaitingTime="1043.55" meanTravelTime="361.65" meanSpeed="25.04" meanSpeedRelative="0.78" duration="1"/>
    <step time="75600.00" loaded="80450" inserted="80450" running="110" waiting="0" ended="80340" arrived="80340" collisions="230" teleports="230" halting="1" stopped="0" meanWaitingTime="1041.75" meanTravelTime="361.48" meanSpeed="26.03" meanSpeedRelative="0.81" duration="80"/>
    <step time="75900.00" loaded="80661" inserted="80661" running="149" waiting="0" ended="80512" arrived="80512" collisions="230" teleports="230" halting="0" stopped="0" meanWaitingTime="1039.02" meanTravelTime="361.16" meanSpeed="24.92" meanSpeedRelative="0.78" duration="1"/>
    <step time="76200.00" loaded="80847" inserted="80847" running="142" waiting="0" ended="80705" arrived="80705" collisions="230" teleports="230" halting="2" stopped="0" meanWaitingTime="1036.63" meanTravelTime="360.83" meanSpeed="26.17" meanSpeedRelative="0.82" duration="1"/>
    <step time="76500.00" loaded="81008" inserted="81008" running="139" waiting="0" ended="80869" arrived="80869" collisions="231" teleports="231" halting="0" stopped="0" meanWaitingTime="1034.57" meanTravelTime="360.58" meanSpeed="24.61" meanSpeedRelative="0.77" duration="1"/>
    <step time="76800.00" loaded="81196" inserted="81196" running="153" waiting="0" ended="81043" arrived="81043" collisions="231" teleports="231" halting="0" stopped="0" meanWaitingTime="1032.18" meanTravelTime="360.36" meanSpeed="25.91" meanSpeedRelative="0.81" duration="1"/>
    <step time="77100.00" loaded="81403" inserted="81403" running="187" waiting="0" ended="81216" arrived="81216" collisions="232" teleports="232" halting="1" stopped="0" meanWaitingTime="1029.56" meanTravelTime="360.09" meanSpeed="26.16" meanSpeedRelative="0.82" duration="1"/>
    <step time="77400.00" loaded="81614" inserted="81613" running="175" waiting="1" ended="81438" arrived="81438" collisions="232" teleports="232" halting="0" stopped="0" meanWaitingTime="1026.91" meanTravelTime="359.81" meanSpeed="25.10" meanSpeedRelative="0.78" duration="1"/>
    <step time="77700.00" loaded="81811" inserted="81810" running="162" waiting="1" ended="81648" arrived="81648" collisions="232" teleports="232" halting="0" stopped="0" meanWaitingTime="1024.44" meanTravelTime="359.46" meanSpeed="25.11" meanSpeedRelative="0.78" duration="1"/>
    <step time="78000.00" loaded="82013" inserted="82012" running="174" waiting="1" ended="81838" arrived="81838" collisions="232" teleports="232" halting="1" stopped="0" meanWaitingTime="1021.92" meanTravelTime="359.29" meanSpeed="24.94" meanSpeedRelative="0.78" duration="2"/>
    <step time="78300.00" loaded="82223" inserted="82223" running="184" waiting="0" ended="82039" arrived="82039" collisions="232" teleports="232" halting="1" stopped="0" meanWaitingTime="1019.29" meanTravelTime="359.02" meanSpeed="25.17" meanSpeedRelative="0.79" duration="1"/>
    <step time="78600.00" loaded="82443" inserted="82442" running="182" waiting="1" ended="82260" arrived="82260" collisions="233" teleports="233" halting="0" stopped="0" meanWaitingTime="1016.59" meanTravelTime="358.80" meanSpeed="25.40" meanSpeedRelative="0.79" duration="1"/>
    <step time="78900.00" loaded="82652" inserted="82652" running="192" waiting="0" ended="82460" arrived="82460" collisions="233" teleports="233" halting="1" stopped="0" meanWaitingTime="1014.01" meanTravelTime="358.52" meanSpeed="25.38" meanSpeedRelative="0.79" duration="1"/>
    <step time="79200.00" loaded="82844" inserted="82844" running="172" waiting="0" ended="82672" arrived="82672" collisions="233" teleports="233" halting="0" stopped="0" meanWaitingTime="1011.66" meanTravelTime="358.29" meanSpeed="25.35" meanSpeedRelative="0.79" duration="80"/>
    <step time="79500.00" loaded="83023" inserted="83023" running="169" waiting="0" ended="82854" arrived="82854" collisions="234" teleports="234" halting="1" stopped="0" meanWaitingTime="1009.48" meanTravelTime="358.13" meanSpeed="25.23" meanSpeedRelative="0.79" duration="1"/>
    <step time="79800.00" loaded="83190" inserted="83190" running="175" waiting="0" ended="83015" arrived="83015" collisions="234" teleports="234" halting="1" stopped="0" meanWaitingTime="1007.45" meanTravelTime="358.01" meanSpeed="25.59" meanSpeedRelative="0.80" duration="1"/>
    <step time="80100.00" loaded="83347" inserted="83347" running="167" waiting="0" ended="83180" arrived="83180" collisions="234" teleports="234" halting="0" stopped="0" meanWaitingTime="1005.55" meanTravelTime="357.94" meanSpeed="24.53" meanSpeedRelative="0.77" duration="1"/>
    <step time="80400.00" loaded="83543" inserted="83543" running="172" waiting="0" ended="83371" arrived="83371" collisions="234" teleports="234" halting="1" stopped="0" meanWaitingTime="1003.19" meanTravelTime="357.74" meanSpeed="25.37" meanSpeedRelative="0.79" duration="1"/>
    <step time="80700.00" loaded="83711" inserted="83711" running="158" waiting="0" ended="83553" arrived="83553" collisions="234" teleports="234" halting="1" stopped="0" meanWaitingTime="1001.18" meanTravelTime="357.53" meanSpeed="25.44" meanSpeedRelative="0.80" duration="1"/>
    <step time="81000.00" loaded="83868" inserted="83868" running="149" waiting="0" ended="83719" arrived="83719" collisions="234" teleports="234" halting="0" stopped="0" meanWaitingTime="999.31" meanTravelTime="357.38" meanSpeed="24.51" meanSpeedRelative="0.77" duration="0"/>
    <step time="81300.00" loaded="84014" inserted="84014" running="144" waiting="0" ended="83870" arrived="83870" collisions="234" teleports="234" halting="0" stopped="0" meanWaitingTime="997.57" meanTravelTime="357.28" meanSpeed="25.19" meanSpeedRelative="0.79" duration="1"/>
    <step time="81600.00" loaded="84183" inserted="84183" running="153" waiting="0" ended="84030" arrived="84030" collisions="234" teleports="234" halting="0" stopped="0" meanWaitingTime="995.57" meanTravelTime="357.11" meanSpeed="25.62" meanSpeedRelative="0.80" duration="1"/>
    <step time="81900.00" loaded="84344" inserted="84344" running="154" waiting="0" ended="84190" arrived="84190" collisions="234" teleports="234" halting="0" stopped="0" meanWaitingTime="993.67" meanTravelTime="356.93" meanSpeed="24.43" meanSpeedRelative="0.76" duration="1"/>
    <step time="82200.00" loaded="84515" inserted="84515" running="161" waiting="0" ended="84354" arrived="84354" collisions="235" teleports="235" halting="1" stopped="0" meanWaitingTime="991.66" meanTravelTime="356.81" meanSpeed="25.37" meanSpeedRelative="0.79" duration="1"/>
    <step time="82500.00" loaded="84657" inserted="84657" running="153" waiting="0" ended="84504" arrived="84504" collisions="236" teleports="236" halting="0" stopped="0" meanWaitingTime="990.00" meanTravelTime="356.67" meanSpeed="24.40" meanSpeedRelative="0.76" duration="1"/>
</summary>
