<?xml version="1.0" encoding="UTF-8"?>

<!-- generated on 2025-08-07 16:59:34 by Eclipse SUMO sumo Version 1.23.1
<sumoConfiguration xmlns:xsi="http://www.w3.org/2001/XMLSchema-instance" xsi:noNamespaceSchemaLocation="http://sumo.dlr.de/xsd/sumoConfiguration.xsd">

    <input>
        <net-file value="Desktop\Master Thesis\Network_fin.net.xml"/>
        <route-files value="Desktop\Master Thesis\demand_model_amsterdam.rou.xml"/>
        <additional-files value="Desktop\Master Thesis\Additionnal.add.xml"/>
    </input>

    <output>
        <summary-output value="outputf/summary_alinea_K16_target5_56618.xml"/>
        <summary-output.period value="300"/>
        <tripinfo-output value="outputf/tripinfo_alinea_K16_target5_56618.xml"/>
    </output>

    <time>
        <begin value="0"/>
        <end value="82800"/>
        <step-length value="1"/>
    </time>

    <processing>
        <time-to-teleport value="-1"/>
    </processing>

    <report>
        <verbose value="true"/>
        <no-step-log value="true"/>
    </report>

    <emissions>
        <device.emissions.period value="10"/>
    </emissions>

    <traci_server>
        <remote-port value="64143"/>
    </traci_server>

    <random_number>
        <seed value="56618"/>
    </random_number>

</sumoConfiguration>
-->

<summary xmlns:xsi="http://www.w3.org/2001/XMLSchema-instance" xsi:noNamespaceSchemaLocation="http://sumo.dlr.de/xsd/summary_file.xsd">
    <step time="0.00" loaded="0" inserted="0" running="0" waiting="0" ended="0" arrived="0" collisions="0" teleports="0" halting="0" stopped="0" meanWaitingTime="-1.00" meanTravelTime="-1.00" meanSpeed="-1.00" meanSpeedRelative="-1.00" duration="0"/>
    <step time="300.00" loaded="174" inserted="174" running="105" waiting="0" ended="69" arrived="69" collisions="0" teleports="0" halting="1" stopped="0" meanWaitingTime="0.36" meanTravelTime="97.19" meanSpeed="26.25" meanSpeedRelative="0.82" duration="1"/>
    <step time="600.00" loaded="365" inserted="364" running="134" waiting="1" ended="230" arrived="230" collisions="0" teleports="0" halting="0" stopped="0" meanWaitingTime="0.50" meanTravelTime="151.33" meanSpeed="24.35" meanSpeedRelative="0.76" duration="2"/>
    <step time="900.00" loaded="541" inserted="541" running="149" waiting="0" ended="392" arrived="392" collisions="0" teleports="0" halting="1" stopped="0" meanWaitingTime="0.43" meanTravelTime="185.07" meanSpeed="25.61" meanSpeedRelative="0.80" duration="1"/>
    <step time="1200.00" loaded="715" inserted="715" running="146" waiting="0" ended="569" arrived="569" collisions="0" teleports="0" halting="0" stopped="0" meanWaitingTime="0.43" meanTravelTime="206.73" meanSpeed="25.52" meanSpeedRelative="0.80" duration="1"/>
    <step time="1500.00" loaded="889" inserted="889" running="141" waiting="0" ended="748" arrived="748" collisions="0" teleports="0" halting="0" stopped="0" meanWaitingTime="0.44" meanTravelTime="215.64" meanSpeed="25.48" meanSpeedRelative="0.80" duration="0"/>
    <step time="1800.00" loaded="1072" inserted="1071" running="154" waiting="1" ended="917" arrived="917" collisions="0" teleports="0" halting="2" stopped="0" meanWaitingTime="0.42" meanTravelTime="222.46" meanSpeed="25.94" meanSpeedRelative="0.81" duration="1"/>
    <step time="2100.00" loaded="1257" inserted="1257" running="170" waiting="0" ended="1087" arrived="1087" collisions="0" teleports="0" halting="0" stopped="0" meanWaitingTime="0.42" meanTravelTime="224.61" meanSpeed="24.71" meanSpeedRelative="0.77" duration="1"/>
    <step time="2400.00" loaded="1446" inserted="1446" running="175" waiting="0" ended="1271" arrived="1271" collisions="1" teleports="1" halting="2" stopped="0" meanWaitingTime="0.42" meanTravelTime="230.43" meanSpeed="25.33" meanSpeedRelative="0.79" duration="1"/>
    <step time="2700.00" loaded="1617" inserted="1616" running="159" waiting="1" ended="1457" arrived="1457" collisions="1" teleports="1" halting="1" stopped="0" meanWaitingTime="0.44" meanTravelTime="234.98" meanSpeed="25.30" meanSpeedRelative="0.79" duration="1"/>
    <step time="3000.00" loaded="1787" inserted="1787" running="138" waiting="0" ended="1649" arrived="1649" collisions="1" teleports="1" halting="2" stopped="0" meanWaitingTime="0.42" meanTravelTime="239.64" meanSpeed="25.43" meanSpeedRelative="0.79" duration="1"/>
    <step time="3300.00" loaded="1952" inserted="1950" running="160" waiting="2" ended="1790" arrived="1790" collisions="3" teleports="3" halting="1" stopped="0" meanWaitingTime="0.42" meanTravelTime="239.52" meanSpeed="25.04" meanSpeedRelative="0.78" duration="1"/>
    <step time="3600.00" loaded="2145" inserted="2145" running="172" waiting="0" ended="1973" arrived="1973" collisions="3" teleports="3" halting="1" stopped="0" meanWaitingTime="0.41" meanTravelTime="243.89" meanSpeed="25.39" meanSpeedRelative="0.79" duration="87"/>
    <step time="3900.00" loaded="2262" inserted="2262" running="110" waiting="0" ended="2152" arrived="2152" collisions="3" teleports="3" halting="1" stopped="0" meanWaitingTime="0.41" meanTravelTime="249.02" meanSpeed="24.97" meanSpeedRelative="0.78" duration="1"/>
    <step time="4200.00" loaded="2367" inserted="2367" running="98" waiting="0" ended="2269" arrived="2269" collisions="3" teleports="3" halting="0" stopped="0" meanWaitingTime="0.41" meanTravelTime="251.31" meanSpeed="25.70" meanSpeedRelative="0.80" duration="1"/>
    <step time="4500.00" loaded="2479" inserted="2479" running="88" waiting="0" ended="2391" arrived="2391" collisions="3" teleports="3" halting="1" stopped="0" meanWaitingTime="0.40" meanTravelTime="251.98" meanSpeed="24.34" meanSpeedRelative="0.76" duration="1"/>
    <step time="4800.00" loaded="2576" inserted="2576" running="85" waiting="0" ended="2491" arrived="2491" collisions="3" teleports="3" halting="0" stopped="0" meanWaitingTime="0.39" meanTravelTime="252.60" meanSpeed="25.98" meanSpeedRelative="0.81" duration="0"/>
    <step time="5100.00" loaded="2689" inserted="2689" running="88" waiting="0" ended="2601" arrived="2601" collisions="3" teleports="3" halting="0" stopped="0" meanWaitingTime="0.39" meanTravelTime="252.11" meanSpeed="25.66" meanSpeedRelative="0.80" duration="0"/>
    <step time="5400.00" loaded="2789" inserted="2789" running="84" waiting="0" ended="2705" arrived="2705" collisions="3" teleports="3" halting="0" stopped="0" meanWaitingTime="0.38" meanTravelTime="252.14" meanSpeed="26.70" meanSpeedRelative="0.83" duration="0"/>
    <step time="5700.00" loaded="2898" inserted="2898" running="96" waiting="0" ended="2802" arrived="2802" collisions="3" teleports="3" halting="1" stopped="0" meanWaitingTime="0.37" meanTravelTime="251.60" meanSpeed="26.36" meanSpeedRelative="0.82" duration="0"/>
    <step time="6000.00" loaded="2981" inserted="2981" running="72" waiting="0" ended="2909" arrived="2909" collisions="3" teleports="3" halting="0" stopped="0" meanWaitingTime="0.37" meanTravelTime="252.08" meanSpeed="26.26" meanSpeedRelative="0.82" duration="0"/>
    <step time="6300.00" loaded="3098" inserted="3098" running="85" waiting="0" ended="3013" arrived="3013" collisions="3" teleports="3" halting="1" stopped="0" meanWaitingTime="0.37" meanTravelTime="252.27" meanSpeed="25.66" meanSpeedRelative="0.80" duration="1"/>
    <step time="6600.00" loaded="3225" inserted="3225" running="108" waiting="0" ended="3117" arrived="3117" collisions="3" teleports="3" halting="0" stopped="0" meanWaitingTime="0.38" meanTravelTime="251.38" meanSpeed="24.82" meanSpeedRelative="0.78" duration="1"/>
    <step time="6900.00" loaded="3322" inserted="3322" running="97" waiting="0" ended="3225" arrived="3225" collisions="3" teleports="3" halting="0" stopped="0" meanWaitingTime="0.37" meanTravelTime="252.21" meanSpeed="25.98" meanSpeedRelative="0.81" duration="0"/>
    <step time="7200.00" loaded="3433" inserted="3433" running="83" waiting="0" ended="3350" arrived="3350" collisions="3" teleports="3" halting="1" stopped="0" meanWaitingTime="0.36" meanTravelTime="252.68" meanSpeed="24.40" meanSpeedRelative="0.76" duration="86"/>
    <step time="7500.00" loaded="3588" inserted="3587" running="108" waiting="1" ended="3479" arrived="3479" collisions="4" teleports="4" halting="1" stopped="0" meanWaitingTime="0.38" meanTravelTime="251.46" meanSpeed="24.84" meanSpeedRelative="0.78" duration="0"/>
    <step time="7800.00" loaded="3725" inserted="3725" running="121" waiting="0" ended="3604" arrived="3604" collisions="4" teleports="4" halting="0" stopped="0" meanWaitingTime="0.38" meanTravelTime="250.80" meanSpeed="24.13" meanSpeedRelative="0.75" duration="1"/>
    <step time="8100.00" loaded="3890" inserted="3890" running="140" waiting="0" ended="3750" arrived="3750" collisions="4" teleports="4" halting="1" stopped="0" meanWaitingTime="0.38" meanTravelTime="250.35" meanSpeed="24.66" meanSpeedRelative="0.77" duration="1"/>
    <step time="8400.00" loaded="4039" inserted="4039" running="133" waiting="0" ended="3906" arrived="3906" collisions="4" teleports="4" halting="1" stopped="0" meanWaitingTime="0.38" meanTravelTime="251.11" meanSpeed="25.85" meanSpeedRelative="0.81" duration="1"/>
    <step time="8700.00" loaded="4186" inserted="4186" running="123" waiting="0" ended="4063" arrived="4063" collisions="4" teleports="4" halting="0" stopped="0" meanWaitingTime="0.38" meanTravelTime="251.31" meanSpeed="26.18" meanSpeedRelative="0.82" duration="1"/>
    <step time="9000.00" loaded="4339" inserted="4339" running="127" waiting="0" ended="4212" arrived="4212" collisions="4" teleports="4" halting="0" stopped="0" meanWaitingTime="0.38" meanTravelTime="251.27" meanSpeed="25.49" meanSpeedRelative="0.80" duration="0"/>
    <step time="9300.00" loaded="4499" inserted="4496" running="133" waiting="3" ended="4363" arrived="4363" collisions="4" teleports="4" halting="0" stopped="0" meanWaitingTime="0.38" meanTravelTime="251.74" meanSpeed="25.05" meanSpeedRelative="0.78" duration="1"/>
    <step time="9600.00" loaded="4644" inserted="4644" running="118" waiting="0" ended="4526" arrived="4526" collisions="4" teleports="4" halting="2" stopped="0" meanWaitingTime="0.38" meanTravelTime="252.76" meanSpeed="25.41" meanSpeedRelative="0.79" duration="1"/>
    <step time="9900.00" loaded="4807" inserted="4807" running="125" waiting="0" ended="4682" arrived="4682" collisions="4" teleports="4" halting="0" stopped="0" meanWaitingTime="0.38" meanTravelTime="252.28" meanSpeed="25.32" meanSpeedRelative="0.79" duration="1"/>
    <step time="10200.00" loaded="4963" inserted="4961" running="140" waiting="2" ended="4821" arrived="4821" collisions="4" teleports="4" halting="0" stopped="0" meanWaitingTime="0.38" meanTravelTime="252.47" meanSpeed="24.77" meanSpeedRelative="0.77" duration="1"/>
    <step time="10500.00" loaded="5119" inserted="5118" running="128" waiting="1" ended="4990" arrived="4990" collisions="4" teleports="4" halting="1" stopped="0" meanWaitingTime="0.38" meanTravelTime="252.34" meanSpeed="25.31" meanSpeedRelative="0.79" duration="1"/>
    <step time="10800.00" loaded="5275" inserted="5275" running="128" waiting="0" ended="5147" arrived="5147" collisions="4" teleports="4" halting="0" stopped="0" meanWaitingTime="0.38" meanTravelTime="252.40" meanSpeed="26.06" meanSpeedRelative="0.81" duration="86"/>
    <step time="11100.00" loaded="5432" inserted="5432" running="117" waiting="0" ended="5315" arrived="5315" collisions="4" teleports="4" halting="1" stopped="0" meanWaitingTime="0.38" meanTravelTime="252.41" meanSpeed="24.36" meanSpeedRelative="0.76" duration="1"/>
    <step time="11400.00" loaded="5578" inserted="5577" running="114" waiting="1" ended="5463" arrived="5463" collisions="5" teleports="5" halting="0" stopped="0" meanWaitingTime="0.38" meanTravelTime="251.18" meanSpeed="25.60" meanSpeedRelative="0.80" duration="0"/>
    <step time="11700.00" loaded="5735" inserted="5735" running="119" waiting="0" ended="5616" arrived="5616" collisions="5" teleports="5" halting="1" stopped="0" meanWaitingTime="0.39" meanTravelTime="250.32" meanSpeed="25.87" meanSpeedRelative="0.81" duration="1"/>
    <step time="12000.00" loaded="5905" inserted="5905" running="129" waiting="0" ended="5776" arrived="5776" collisions="5" teleports="5" halting="1" stopped="0" meanWaitingTime="0.40" meanTravelTime="249.16" meanSpeed="24.65" meanSpeedRelative="0.77" duration="1"/>
    <step time="12300.00" loaded="6058" inserted="6058" running="131" waiting="0" ended="5927" arrived="5927" collisions="5" teleports="5" halting="0" stopped="0" meanWaitingTime="0.40" meanTravelTime="248.22" meanSpeed="26.09" meanSpeedRelative="0.82" duration="1"/>
    <step time="12600.00" loaded="6216" inserted="6216" running="113" waiting="0" ended="6103" arrived="6103" collisions="6" teleports="6" halting="0" stopped="0" meanWaitingTime="0.40" meanTravelTime="247.99" meanSpeed="24.33" meanSpeedRelative="0.76" duration="0"/>
    <step time="12900.00" loaded="6378" inserted="6378" running="138" waiting="0" ended="6240" arrived="6240" collisions="6" teleports="6" halting="1" stopped="0" meanWaitingTime="0.40" meanTravelTime="248.02" meanSpeed="25.63" meanSpeedRelative="0.80" duration="1"/>
    <step time="13200.00" loaded="6546" inserted="6546" running="138" waiting="0" ended="6408" arrived="6408" collisions="6" teleports="6" halting="1" stopped="0" meanWaitingTime="0.41" meanTravelTime="247.86" meanSpeed="25.69" meanSpeedRelative="0.80" duration="1"/>
    <step time="13500.00" loaded="6695" inserted="6695" running="116" waiting="0" ended="6579" arrived="6579" collisions="6" teleports="6" halting="0" stopped="0" meanWaitingTime="0.41" meanTravelTime="247.27" meanSpeed="25.47" meanSpeedRelative="0.80" duration="1"/>
    <step time="13800.00" loaded="6864" inserted="6864" running="133" waiting="0" ended="6731" arrived="6731" collisions="6" teleports="6" halting="0" stopped="0" meanWaitingTime="0.41" meanTravelTime="247.39" meanSpeed="25.24" meanSpeedRelative="0.79" duration="1"/>
    <step time="14100.00" loaded="7008" inserted="7008" running="119" waiting="0" ended="6889" arrived="6889" collisions="6" teleports="6" halting="1" stopped="0" meanWaitingTime="0.41" meanTravelTime="247.19" meanSpeed="24.36" meanSpeedRelative="0.76" duration="1"/>
    <step time="14400.00" loaded="7158" inserted="7158" running="118" waiting="0" ended="7040" arrived="7040" collisions="6" teleports="6" halting="1" stopped="0" meanWaitingTime="0.41" meanTravelTime="247.58" meanSpeed="25.47" meanSpeedRelative="0.80" duration="86"/>
    <step time="14700.00" loaded="7259" inserted="7258" running="90" waiting="1" ended="7168" arrived="7168" collisions="6" teleports="6" halting="0" stopped="0" meanWaitingTime="0.41" meanTravelTime="247.12" meanSpeed="25.56" meanSpeedRelative="0.80" duration="0"/>
    <step time="15000.00" loaded="7343" inserted="7343" running="65" waiting="0" ended="7278" arrived="7278" collisions="6" teleports="6" halting="0" stopped="0" meanWaitingTime="0.40" meanTravelTime="247.73" meanSpeed="26.35" meanSpeedRelative="0.82" duration="0"/>
    <step time="15300.00" loaded="7445" inserted="7445" running="66" waiting="0" ended="7379" arrived="7379" collisions="6" teleports="6" halting="0" stopped="0" meanWaitingTime="0.40" meanTravelTime="247.83" meanSpeed="24.74" meanSpeedRelative="0.77" duration="1"/>
    <step time="15600.00" loaded="7550" inserted="7550" running="79" waiting="0" ended="7471" arrived="7471" collisions="7" teleports="7" halting="1" stopped="0" meanWaitingTime="0.40" meanTravelTime="247.17" meanSpeed="25.02" meanSpeedRelative="0.78" duration="1"/>
    <step time="15900.00" loaded="7640" inserted="7640" running="58" waiting="0" ended="7582" arrived="7582" collisions="7" teleports="7" halting="0" stopped="0" meanWaitingTime="0.40" meanTravelTime="246.68" meanSpeed="26.25" meanSpeedRelative="0.82" duration="1"/>
    <step time="16200.00" loaded="7752" inserted="7752" running="81" waiting="0" ended="7671" arrived="7671" collisions="7" teleports="7" halting="0" stopped="0" meanWaitingTime="0.39" meanTravelTime="246.10" meanSpeed="26.59" meanSpeedRelative="0.83" duration="1"/>
    <step time="16500.00" loaded="7852" inserted="7852" running="71" waiting="0" ended="7781" arrived="7781" collisions="7" teleports="7" halting="0" stopped="0" meanWaitingTime="0.39" meanTravelTime="245.91" meanSpeed="26.79" meanSpeedRelative="0.84" duration="1"/>
    <step time="16800.00" loaded="7946" inserted="7946" running="65" waiting="0" ended="7881" arrived="7881" collisions="7" teleports="7" halting="0" stopped="0" meanWaitingTime="0.39" meanTravelTime="245.50" meanSpeed="25.79" meanSpeedRelative="0.81" duration="0"/>
    <step time="17100.00" loaded="8037" inserted="8037" running="73" waiting="0" ended="7964" arrived="7964" collisions="7" teleports="7" halting="0" stopped="0" meanWaitingTime="0.39" meanTravelTime="245.06" meanSpeed="26.79" meanSpeedRelative="0.84" duration="0"/>
    <step time="17400.00" loaded="8143" inserted="8143" running="74" waiting="0" ended="8069" arrived="8069" collisions="7" teleports="7" halting="0" stopped="0" meanWaitingTime="0.38" meanTravelTime="244.72" meanSpeed="26.14" meanSpeedRelative="0.82" duration="0"/>
    <step time="17700.00" loaded="8246" inserted="8246" running="82" waiting="0" ended="8164" arrived="8164" collisions="7" teleports="7" halting="0" stopped="0" meanWaitingTime="0.38" meanTravelTime="244.25" meanSpeed="25.66" meanSpeedRelative="0.80" duration="0"/>
    <step time="18000.00" loaded="8349" inserted="8349" running="67" waiting="0" ended="8282" arrived="8282" collisions="8" teleports="8" halting="0" stopped="0" meanWaitingTime="0.38" meanTravelTime="243.95" meanSpeed="25.95" meanSpeedRelative="0.81" duration="79"/>
    <step time="18300.00" loaded="8554" inserted="8554" running="144" waiting="0" ended="8410" arrived="8410" collisions="9" teleports="9" halting="0" stopped="0" meanWaitingTime="0.39" meanTravelTime="242.98" meanSpeed="25.17" meanSpeedRelative="0.79" duration="1"/>
    <step time="18600.00" loaded="8754" inserted="8754" running="159" waiting="0" ended="8595" arrived="8595" collisions="9" teleports="9" halting="0" stopped="0" meanWaitingTime="0.39" meanTravelTime="242.12" meanSpeed="24.69" meanSpeedRelative="0.77" duration="1"/>
    <step time="18900.00" loaded="8935" inserted="8935" running="149" waiting="0" ended="8786" arrived="8786" collisions="9" teleports="9" halting="0" stopped="0" meanWaitingTime="0.40" meanTravelTime="242.26" meanSpeed="24.83" meanSpeedRelative="0.78" duration="0"/>
    <step time="19200.00" loaded="9113" inserted="9113" running="142" waiting="0" ended="8971" arrived="8971" collisions="9" teleports="9" halting="0" stopped="0" meanWaitingTime="0.40" meanTravelTime="242.56" meanSpeed="25.38" meanSpeedRelative="0.79" duration="0"/>
    <step time="19500.00" loaded="9297" inserted="9297" running="142" waiting="0" ended="9155" arrived="9155" collisions="10" teleports="10" halting="0" stopped="0" meanWaitingTime="0.41" meanTravelTime="242.45" meanSpeed="25.37" meanSpeedRelative="0.79" duration="1"/>
    <step time="19800.00" loaded="9498" inserted="9498" running="144" waiting="0" ended="9354" arrived="9354" collisions="10" teleports="10" halting="1" stopped="0" meanWaitingTime="0.41" meanTravelTime="242.44" meanSpeed="25.67" meanSpeedRelative="0.80" duration="1"/>
    <step time="20100.00" loaded="9687" inserted="9687" running="157" waiting="0" ended="9530" arrived="9530" collisions="12" teleports="12" halting="1" stopped="0" meanWaitingTime="0.41" meanTravelTime="241.94" meanSpeed="25.52" meanSpeedRelative="0.80" duration="1"/>
    <step time="20400.00" loaded="9881" inserted="9880" running="150" waiting="1" ended="9730" arrived="9730" collisions="12" teleports="12" halting="0" stopped="0" meanWaitingTime="0.41" meanTravelTime="242.01" meanSpeed="24.07" meanSpeedRelative="0.75" duration="1"/>
    <step time="20700.00" loaded="10075" inserted="10075" running="149" waiting="0" ended="9926" arrived="9926" collisions="12" teleports="12" halting="0" stopped="0" meanWaitingTime="0.42" meanTravelTime="241.56" meanSpeed="25.28" meanSpeedRelative="0.79" duration="1"/>
    <step time="21000.00" loaded="10266" inserted="10266" running="170" waiting="0" ended="10096" arrived="10096" collisions="12" teleports="12" halting="0" stopped="0" meanWaitingTime="0.42" meanTravelTime="241.37" meanSpeed="25.80" meanSpeedRelative="0.81" duration="1"/>
    <step time="21300.00" loaded="10462" inserted="10462" running="159" waiting="0" ended="10303" arrived="10303" collisions="12" teleports="12" halting="1" stopped="0" meanWaitingTime="0.42" meanTravelTime="241.63" meanSpeed="25.16" meanSpeedRelative="0.79" duration="1"/>
    <step time="21600.00" loaded="10654" inserted="10654" running="150" waiting="0" ended="10504" arrived="10504" collisions="12" teleports="12" halting="0" stopped="0" meanWaitingTime="0.42" meanTravelTime="241.54" meanSpeed="25.48" meanSpeedRelative="0.80" duration="88"/>
    <step time="21900.00" loaded="11136" inserted="11089" running="334" waiting="47" ended="10755" arrived="10755" collisions="12" teleports="12" halting="1" stopped="0" meanWaitingTime="0.72" meanTravelTime="240.87" meanSpeed="21.58" meanSpeedRelative="0.67" duration="2"/>
    <step time="22200.00" loaded="11637" inserted="11538" running="441" waiting="99" ended="11097" arrived="11097" collisions="13" teleports="13" halting="9" stopped="0" meanWaitingTime="2.04" meanTravelTime="240.67" meanSpeed="20.78" meanSpeedRelative="0.65" duration="2"/>
    <step time="22500.00" loaded="12109" inserted="11954" running="461" waiting="155" ended="11493" arrived="11493" collisions="15" teleports="15" halting="11" stopped="0" meanWaitingTime="4.52" meanTravelTime="242.88" meanSpeed="20.48" meanSpeedRelative="0.64" duration="3"/>
    <step time="22800.00" loaded="12575" inserted="12404" running="471" waiting="171" ended="11933" arrived="11933" collisions="15" teleports="15" halting="2" stopped="0" meanWaitingTime="8.10" meanTravelTime="245.59" meanSpeed="20.09" meanSpeedRelative="0.63" duration="3"/>
</summary>
