<?xml version="1.0" encoding="UTF-8"?>

<!-- generated on 2025-08-07 18:17:04 by Eclipse SUMO sumo Version 1.23.1
<sumoConfiguration xmlns:xsi="http://www.w3.org/2001/XMLSchema-instance" xsi:noNamespaceSchemaLocation="http://sumo.dlr.de/xsd/sumoConfiguration.xsd">

    <input>
        <net-file value="Desktop\Master Thesis\Network_fin.net.xml"/>
        <route-files value="Desktop\Master Thesis\demand_model_amsterdam.rou.xml"/>
        <additional-files value="Desktop\Master Thesis\Additionnal.add.xml"/>
    </input>

    <output>
        <summary-output value="outputf/summary_alinea_K80_target5_20120.xml"/>
        <summary-output.period value="300"/>
        <tripinfo-output value="outputf/tripinfo_alinea_K80_target5_20120.xml"/>
    </output>

    <time>
        <begin value="0"/>
        <end value="82800"/>
        <step-length value="1"/>
    </time>

    <processing>
        <time-to-teleport value="-1"/>
    </processing>

    <report>
        <verbose value="true"/>
        <no-step-log value="true"/>
    </report>

    <emissions>
        <device.emissions.period value="10"/>
    </emissions>

    <traci_server>
        <remote-port value="64397"/>
    </traci_server>

    <random_number>
        <seed value="20120"/>
    </random_number>

</sumoConfiguration>
-->

<summary xmlns:xsi="http://www.w3.org/2001/XMLSchema-instance" xsi:noNamespaceSchemaLocation="http://sumo.dlr.de/xsd/summary_file.xsd">
    <step time="0.00" loaded="0" inserted="0" running="0" waiting="0" ended="0" arrived="0" collisions="0" teleports="0" halting="0" stopped="0" meanWaitingTime="-1.00" meanTravelTime="-1.00" meanSpeed="-1.00" meanSpeedRelative="-1.00" duration="1"/>
    <step time="300.00" loaded="178" inserted="178" running="117" waiting="0" ended="61" arrived="61" collisions="0" teleports="0" halting="3" stopped="0" meanWaitingTime="0.57" meanTravelTime="103.44" meanSpeed="25.81" meanSpeedRelative="0.81" duration="1"/>
    <step time="600.00" loaded="350" inserted="349" running="128" waiting="1" ended="221" arrived="221" collisions="0" teleports="0" halting="0" stopped="0" meanWaitingTime="0.43" meanTravelTime="168.64" meanSpeed="25.35" meanSpeedRelative="0.79" duration="1"/>
    <step time="900.00" loaded="516" inserted="516" running="130" waiting="0" ended="386" arrived="386" collisions="0" teleports="0" halting="0" stopped="0" meanWaitingTime="0.41" meanTravelTime="190.71" meanSpeed="25.59" meanSpeedRelative="0.80" duration="0"/>
    <step time="1200.00" loaded="708" inserted="708" running="161" waiting="0" ended="547" arrived="547" collisions="0" teleports="0" halting="0" stopped="0" meanWaitingTime="0.42" meanTravelTime="201.38" meanSpeed="25.09" meanSpeedRelative="0.78" duration="1"/>
    <step time="1500.00" loaded="886" inserted="886" running="148" waiting="0" ended="738" arrived="738" collisions="1" teleports="1" halting="1" stopped="0" meanWaitingTime="0.39" meanTravelTime="208.99" meanSpeed="25.53" meanSpeedRelative="0.80" duration="1"/>
    <step time="1800.00" loaded="1061" inserted="1061" running="161" waiting="0" ended="900" arrived="900" collisions="1" teleports="1" halting="0" stopped="0" meanWaitingTime="0.37" meanTravelTime="214.82" meanSpeed="25.19" meanSpeedRelative="0.79" duration="1"/>
    <step time="2100.00" loaded="1231" inserted="1231" running="157" waiting="0" ended="1074" arrived="1074" collisions="1" teleports="1" halting="0" stopped="0" meanWaitingTime="0.36" meanTravelTime="225.25" meanSpeed="25.42" meanSpeedRelative="0.79" duration="1"/>
    <step time="2400.00" loaded="1431" inserted="1431" running="168" waiting="0" ended="1263" arrived="1263" collisions="1" teleports="1" halting="1" stopped="0" meanWaitingTime="0.37" meanTravelTime="230.44" meanSpeed="25.44" meanSpeedRelative="0.79" duration="1"/>
    <step time="2700.00" loaded="1604" inserted="1603" running="152" waiting="1" ended="1451" arrived="1451" collisions="1" teleports="1" halting="2" stopped="0" meanWaitingTime="0.40" meanTravelTime="235.81" meanSpeed="25.56" meanSpeedRelative="0.80" duration="2"/>
    <step time="3000.00" loaded="1787" inserted="1787" running="154" waiting="0" ended="1633" arrived="1633" collisions="1" teleports="1" halting="1" stopped="0" meanWaitingTime="0.41" meanTravelTime="235.04" meanSpeed="25.54" meanSpeedRelative="0.80" duration="1"/>
    <step time="3300.00" loaded="1955" inserted="1955" running="157" waiting="0" ended="1798" arrived="1798" collisions="1" teleports="1" halting="0" stopped="0" meanWaitingTime="0.40" meanTravelTime="236.36" meanSpeed="24.82" meanSpeedRelative="0.78" duration="1"/>
    <step time="3600.00" loaded="2150" inserted="2149" running="175" waiting="1" ended="1974" arrived="1974" collisions="1" teleports="1" halting="0" stopped="0" meanWaitingTime="0.41" meanTravelTime="239.66" meanSpeed="24.97" meanSpeedRelative="0.78" duration="101"/>
    <step time="3900.00" loaded="2257" inserted="2257" running="112" waiting="0" ended="2145" arrived="2145" collisions="1" teleports="1" halting="0" stopped="0" meanWaitingTime="0.39" meanTravelTime="243.70" meanSpeed="25.63" meanSpeedRelative="0.80" duration="1"/>
    <step time="4200.00" loaded="2385" inserted="2385" running="101" waiting="0" ended="2284" arrived="2284" collisions="1" teleports="1" halting="0" stopped="0" meanWaitingTime="0.39" meanTravelTime="247.12" meanSpeed="25.23" meanSpeedRelative="0.79" duration="0"/>
    <step time="4500.00" loaded="2482" inserted="2482" running="73" waiting="0" ended="2409" arrived="2409" collisions="1" teleports="1" halting="0" stopped="0" meanWaitingTime="0.38" meanTravelTime="247.57" meanSpeed="26.90" meanSpeedRelative="0.84" duration="1"/>
    <step time="4800.00" loaded="2581" inserted="2581" running="89" waiting="0" ended="2492" arrived="2492" collisions="1" teleports="1" halting="0" stopped="0" meanWaitingTime="0.38" meanTravelTime="248.99" meanSpeed="26.62" meanSpeedRelative="0.83" duration="0"/>
    <step time="5100.00" loaded="2700" inserted="2700" running="79" waiting="0" ended="2621" arrived="2621" collisions="1" teleports="1" halting="0" stopped="0" meanWaitingTime="0.37" meanTravelTime="249.31" meanSpeed="26.91" meanSpeedRelative="0.84" duration="1"/>
    <step time="5400.00" loaded="2825" inserted="2825" running="105" waiting="0" ended="2720" arrived="2720" collisions="1" teleports="1" halting="0" stopped="0" meanWaitingTime="0.36" meanTravelTime="248.12" meanSpeed="25.73" meanSpeedRelative="0.80" duration="0"/>
    <step time="5700.00" loaded="2938" inserted="2938" running="99" waiting="0" ended="2839" arrived="2839" collisions="1" teleports="1" halting="0" stopped="0" meanWaitingTime="0.36" meanTravelTime="248.23" meanSpeed="25.30" meanSpeedRelative="0.79" duration="1"/>
    <step time="6000.00" loaded="3054" inserted="3054" running="97" waiting="0" ended="2957" arrived="2957" collisions="1" teleports="1" halting="0" stopped="0" meanWaitingTime="0.36" meanTravelTime="247.93" meanSpeed="25.90" meanSpeedRelative="0.81" duration="1"/>
    <step time="6300.00" loaded="3155" inserted="3155" running="101" waiting="0" ended="3054" arrived="3054" collisions="1" teleports="1" halting="1" stopped="0" meanWaitingTime="0.35" meanTravelTime="249.38" meanSpeed="25.51" meanSpeedRelative="0.80" duration="1"/>
    <step time="6600.00" loaded="3262" inserted="3262" running="104" waiting="0" ended="3158" arrived="3158" collisions="1" teleports="1" halting="1" stopped="0" meanWaitingTime="0.34" meanTravelTime="250.06" meanSpeed="25.02" meanSpeedRelative="0.78" duration="1"/>
    <step time="6900.00" loaded="3382" inserted="3382" running="107" waiting="0" ended="3275" arrived="3275" collisions="1" teleports="1" halting="0" stopped="0" meanWaitingTime="0.34" meanTravelTime="250.60" meanSpeed="26.61" meanSpeedRelative="0.83" duration="1"/>
    <step time="7200.00" loaded="3488" inserted="3488" running="97" waiting="0" ended="3391" arrived="3391" collisions="1" teleports="1" halting="0" stopped="0" meanWaitingTime="0.34" meanTravelTime="251.73" meanSpeed="25.20" meanSpeedRelative="0.79" duration="85"/>
    <step time="7500.00" loaded="3638" inserted="3638" running="122" waiting="0" ended="3516" arrived="3516" collisions="1" teleports="1" halting="2" stopped="0" meanWaitingTime="0.35" meanTravelTime="251.77" meanSpeed="25.36" meanSpeedRelative="0.79" duration="0"/>
    <step time="7800.00" loaded="3797" inserted="3797" running="137" waiting="0" ended="3660" arrived="3660" collisions="1" teleports="1" halting="1" stopped="0" meanWaitingTime="0.35" meanTravelTime="251.27" meanSpeed="26.13" meanSpeedRelative="0.82" duration="1"/>
    <step time="8100.00" loaded="3960" inserted="3960" running="139" waiting="0" ended="3821" arrived="3821" collisions="1" teleports="1" halting="0" stopped="0" meanWaitingTime="0.35" meanTravelTime="250.28" meanSpeed="24.33" meanSpeedRelative="0.76" duration="1"/>
    <step time="8400.00" loaded="4099" inserted="4099" running="128" waiting="0" ended="3971" arrived="3971" collisions="1" teleports="1" halting="1" stopped="0" meanWaitingTime="0.35" meanTravelTime="250.86" meanSpeed="25.59" meanSpeedRelative="0.80" duration="1"/>
    <step time="8700.00" loaded="4234" inserted="4234" running="110" waiting="0" ended="4124" arrived="4124" collisions="2" teleports="2" halting="0" stopped="0" meanWaitingTime="0.35" meanTravelTime="251.26" meanSpeed="25.68" meanSpeedRelative="0.80" duration="1"/>
    <step time="9000.00" loaded="4385" inserted="4385" running="124" waiting="0" ended="4261" arrived="4261" collisions="2" teleports="2" halting="1" stopped="0" meanWaitingTime="0.36" meanTravelTime="251.65" meanSpeed="26.19" meanSpeedRelative="0.82" duration="1"/>
    <step time="9300.00" loaded="4537" inserted="4537" running="122" waiting="0" ended="4415" arrived="4415" collisions="2" teleports="2" halting="0" stopped="0" meanWaitingTime="0.36" meanTravelTime="251.34" meanSpeed="25.00" meanSpeedRelative="0.78" duration="1"/>
    <step time="9600.00" loaded="4672" inserted="4672" running="115" waiting="0" ended="4557" arrived="4557" collisions="2" teleports="2" halting="0" stopped="0" meanWaitingTime="0.36" meanTravelTime="250.37" meanSpeed="26.27" meanSpeedRelative="0.82" duration="1"/>
    <step time="9900.00" loaded="4829" inserted="4829" running="127" waiting="0" ended="4702" arrived="4702" collisions="2" teleports="2" halting="1" stopped="0" meanWaitingTime="0.37" meanTravelTime="249.85" meanSpeed="25.53" meanSpeedRelative="0.80" duration="1"/>
    <step time="10200.00" loaded="4984" inserted="4983" running="141" waiting="1" ended="4842" arrived="4842" collisions="2" teleports="2" halting="0" stopped="0" meanWaitingTime="0.37" meanTravelTime="249.44" meanSpeed="25.24" meanSpeedRelative="0.79" duration="1"/>
    <step time="10500.00" loaded="5121" inserted="5121" running="113" waiting="0" ended="5008" arrived="5008" collisions="2" teleports="2" halting="1" stopped="0" meanWaitingTime="0.37" meanTravelTime="250.02" meanSpeed="25.83" meanSpeedRelative="0.81" duration="1"/>
    <step time="10800.00" loaded="5263" inserted="5263" running="131" waiting="0" ended="5132" arrived="5132" collisions="2" teleports="2" halting="1" stopped="0" meanWaitingTime="0.38" meanTravelTime="250.73" meanSpeed="25.97" meanSpeedRelative="0.81" duration="86"/>
    <step time="11100.00" loaded="5411" inserted="5411" running="118" waiting="0" ended="5293" arrived="5293" collisions="2" teleports="2" halting="1" stopped="0" meanWaitingTime="0.39" meanTravelTime="251.18" meanSpeed="25.58" meanSpeedRelative="0.80" duration="1"/>
    <step time="11400.00" loaded="5553" inserted="5553" running="123" waiting="0" ended="5430" arrived="5430" collisions="2" teleports="2" halting="0" stopped="0" meanWaitingTime="0.39" meanTravelTime="250.92" meanSpeed="25.51" meanSpeedRelative="0.80" duration="1"/>
    <step time="11700.00" loaded="5709" inserted="5709" running="111" waiting="0" ended="5598" arrived="5598" collisions="2" teleports="2" halting="0" stopped="0" meanWaitingTime="0.39" meanTravelTime="250.41" meanSpeed="25.81" meanSpeedRelative="0.81" duration="1"/>
    <step time="12000.00" loaded="5854" inserted="5854" running="102" waiting="0" ended="5752" arrived="5752" collisions="2" teleports="2" halting="0" stopped="0" meanWaitingTime="0.39" meanTravelTime="249.23" meanSpeed="25.92" meanSpeedRelative="0.81" duration="0"/>
    <step time="12300.00" loaded="5993" inserted="5993" running="108" waiting="0" ended="5885" arrived="5885" collisions="2" teleports="2" halting="0" stopped="0" meanWaitingTime="0.39" meanTravelTime="248.90" meanSpeed="25.42" meanSpeedRelative="0.79" duration="0"/>
    <step time="12600.00" loaded="6143" inserted="6143" running="128" waiting="0" ended="6015" arrived="6015" collisions="2" teleports="2" halting="0" stopped="0" meanWaitingTime="0.40" meanTravelTime="248.92" meanSpeed="25.32" meanSpeedRelative="0.79" duration="1"/>
    <step time="12900.00" loaded="6295" inserted="6295" running="120" waiting="0" ended="6175" arrived="6175" collisions="2" teleports="2" halting="2" stopped="0" meanWaitingTime="0.40" meanTravelTime="248.22" meanSpeed="24.85" meanSpeedRelative="0.78" duration="1"/>
    <step time="13200.00" loaded="6437" inserted="6437" running="108" waiting="0" ended="6329" arrived="6329" collisions="2" teleports="2" halting="0" stopped="0" meanWaitingTime="0.40" meanTravelTime="247.68" meanSpeed="25.00" meanSpeedRelative="0.78" duration="0"/>
    <step time="13500.00" loaded="6579" inserted="6579" running="107" waiting="0" ended="6472" arrived="6472" collisions="2" teleports="2" halting="1" stopped="0" meanWaitingTime="0.40" meanTravelTime="247.37" meanSpeed="25.15" meanSpeedRelative="0.79" duration="1"/>
    <step time="13800.00" loaded="6715" inserted="6715" running="102" waiting="0" ended="6613" arrived="6613" collisions="2" teleports="2" halting="0" stopped="0" meanWaitingTime="0.40" meanTravelTime="246.66" meanSpeed="26.49" meanSpeedRelative="0.83" duration="1"/>
    <step time="14100.00" loaded="6844" inserted="6844" running="89" waiting="0" ended="6755" arrived="6755" collisions="3" teleports="3" halting="2" stopped="0" meanWaitingTime="0.40" meanTravelTime="246.75" meanSpeed="26.24" meanSpeedRelative="0.82" duration="0"/>
    <step time="14400.00" loaded="6969" inserted="6969" running="96" waiting="0" ended="6873" arrived="6873" collisions="3" teleports="3" halting="0" stopped="0" meanWaitingTime="0.39" meanTravelTime="246.17" meanSpeed="26.52" meanSpeedRelative="0.83" duration="86"/>
    <step time="14700.00" loaded="7084" inserted="7084" running="84" waiting="0" ended="7000" arrived="7000" collisions="3" teleports="3" halting="0" stopped="0" meanWaitingTime="0.40" meanTravelTime="245.48" meanSpeed="25.50" meanSpeedRelative="0.80" duration="0"/>
    <step time="15000.00" loaded="7183" inserted="7183" running="79" waiting="0" ended="7104" arrived="7104" collisions="3" teleports="3" halting="2" stopped="0" meanWaitingTime="0.39" meanTravelTime="245.49" meanSpeed="24.74" meanSpeedRelative="0.77" duration="1"/>
    <step time="15300.00" loaded="7289" inserted="7289" running="81" waiting="0" ended="7208" arrived="7208" collisions="3" teleports="3" halting="1" stopped="0" meanWaitingTime="0.39" meanTravelTime="244.95" meanSpeed="25.95" meanSpeedRelative="0.81" duration="1"/>
    <step time="15600.00" loaded="7380" inserted="7380" running="68" waiting="0" ended="7312" arrived="7312" collisions="3" teleports="3" halting="1" stopped="0" meanWaitingTime="0.39" meanTravelTime="245.03" meanSpeed="26.26" meanSpeedRelative="0.82" duration="1"/>
    <step time="15900.00" loaded="7475" inserted="7475" running="65" waiting="0" ended="7410" arrived="7410" collisions="3" teleports="3" halting="0" stopped="0" meanWaitingTime="0.39" meanTravelTime="244.79" meanSpeed="25.07" meanSpeedRelative="0.78" duration="0"/>
    <step time="16200.00" loaded="7583" inserted="7583" running="65" waiting="0" ended="7518" arrived="7518" collisions="3" teleports="3" halting="0" stopped="0" meanWaitingTime="0.39" meanTravelTime="244.25" meanSpeed="25.91" meanSpeedRelative="0.81" duration="0"/>
    <step time="16500.00" loaded="7685" inserted="7685" running="70" waiting="0" ended="7615" arrived="7615" collisions="3" teleports="3" halting="0" stopped="0" meanWaitingTime="0.39" meanTravelTime="244.05" meanSpeed="25.93" meanSpeedRelative="0.81" duration="1"/>
    <step time="16800.00" loaded="7763" inserted="7763" running="52" waiting="0" ended="7711" arrived="7711" collisions="3" teleports="3" halting="0" stopped="0" meanWaitingTime="0.38" meanTravelTime="243.35" meanSpeed="25.10" meanSpeedRelative="0.78" duration="1"/>
    <step time="17100.00" loaded="7855" inserted="7855" running="60" waiting="0" ended="7795" arrived="7795" collisions="3" teleports="3" halting="1" stopped="0" meanWaitingTime="0.38" meanTravelTime="243.17" meanSpeed="27.15" meanSpeedRelative="0.85" duration="0"/>
    <step time="17400.00" loaded="7956" inserted="7956" running="61" waiting="0" ended="7895" arrived="7895" collisions="3" teleports="3" halting="0" stopped="0" meanWaitingTime="0.38" meanTravelTime="242.33" meanSpeed="26.76" meanSpeedRelative="0.84" duration="0"/>
    <step time="17700.00" loaded="8059" inserted="8059" running="68" waiting="0" ended="7991" arrived="7991" collisions="3" teleports="3" halting="2" stopped="0" meanWaitingTime="0.38" meanTravelTime="241.58" meanSpeed="25.01" meanSpeedRelative="0.78" duration="1"/>
    <step time="18000.00" loaded="8162" inserted="8162" running="70" waiting="0" ended="8092" arrived="8092" collisions="3" teleports="3" halting="0" stopped="0" meanWaitingTime="0.38" meanTravelTime="241.30" meanSpeed="23.93" meanSpeedRelative="0.75" duration="79"/>
    <step time="18300.00" loaded="8353" inserted="8352" running="114" waiting="1" ended="8238" arrived="8238" collisions="3" teleports="3" halting="0" stopped="0" meanWaitingTime="0.38" meanTravelTime="240.29" meanSpeed="25.26" meanSpeedRelative="0.79" duration="0"/>
    <step time="18600.00" loaded="8572" inserted="8572" running="156" waiting="0" ended="8416" arrived="8416" collisions="3" teleports="3" halting="0" stopped="0" meanWaitingTime="0.38" meanTravelTime="238.80" meanSpeed="26.48" meanSpeedRelative="0.83" duration="1"/>
    <step time="18900.00" loaded="8775" inserted="8775" running="159" waiting="0" ended="8616" arrived="8616" collisions="3" teleports="3" halting="1" stopped="0" meanWaitingTime="0.38" meanTravelTime="238.73" meanSpeed="25.11" meanSpeedRelative="0.78" duration="1"/>
    <step time="19200.00" loaded="8977" inserted="8977" running="142" waiting="0" ended="8835" arrived="8835" collisions="3" teleports="3" halting="0" stopped="0" meanWaitingTime="0.39" meanTravelTime="238.32" meanSpeed="24.57" meanSpeedRelative="0.77" duration="1"/>
    <step time="19500.00" loaded="9204" inserted="9202" running="181" waiting="2" ended="9021" arrived="9021" collisions="3" teleports="3" halting="1" stopped="0" meanWaitingTime="0.39" meanTravelTime="237.79" meanSpeed="24.62" meanSpeedRelative="0.77" duration="2"/>
    <step time="19800.00" loaded="9390" inserted="9390" running="136" waiting="0" ended="9254" arrived="9254" collisions="3" teleports="3" halting="0" stopped="0" meanWaitingTime="0.40" meanTravelTime="237.56" meanSpeed="25.79" meanSpeedRelative="0.81" duration="1"/>
    <step time="20100.00" loaded="9620" inserted="9620" running="166" waiting="0" ended="9454" arrived="9454" collisions="3" teleports="3" halting="1" stopped="0" meanWaitingTime="0.41" meanTravelTime="237.05" meanSpeed="25.33" meanSpeedRelative="0.79" duration="1"/>
    <step time="20400.00" loaded="9834" inserted="9834" running="169" waiting="0" ended="9665" arrived="9665" collisions="3" teleports="3" halting="1" stopped="0" meanWaitingTime="0.41" meanTravelTime="236.84" meanSpeed="24.92" meanSpeedRelative="0.78" duration="1"/>
    <step time="20700.00" loaded="10020" inserted="10020" running="160" waiting="0" ended="9860" arrived="9860" collisions="3" teleports="3" halting="2" stopped="0" meanWaitingTime="0.42" meanTravelTime="237.10" meanSpeed="25.17" meanSpeedRelative="0.79" duration="1"/>
    <step time="21000.00" loaded="10229" inserted="10228" running="169" waiting="1" ended="10059" arrived="10059" collisions="3" teleports="3" halting="0" stopped="0" meanWaitingTime="0.42" meanTravelTime="237.31" meanSpeed="24.00" meanSpeedRelative="0.75" duration="1"/>
    <step time="21300.00" loaded="10413" inserted="10413" running="145" waiting="0" ended="10268" arrived="10268" collisions="3" teleports="3" halting="0" stopped="0" meanWaitingTime="0.42" meanTravelTime="237.29" meanSpeed="24.78" meanSpeedRelative="0.77" duration="1"/>
    <step time="21600.00" loaded="10616" inserted="10616" running="142" waiting="0" ended="10474" arrived="10474" collisions="3" teleports="3" halting="3" stopped="0" meanWaitingTime="0.43" meanTravelTime="236.94" meanSpeed="24.06" meanSpeedRelative="0.75" duration="79"/>
    <step time="21900.00" loaded="11080" inserted="11061" running="348" waiting="19" ended="10713" arrived="10713" collisions="3" teleports="3" halting="3" stopped="0" meanWaitingTime="0.61" meanTravelTime="236.51" meanSpeed="22.32" meanSpeedRelative="0.70" duration="2"/>
    <step time="22200.00" loaded="11554" inserted="11499" running="425" waiting="55" ended="11074" arrived="11074" collisions="3" teleports="3" halting="3" stopped="0" meanWaitingTime="1.41" meanTravelTime="236.26" meanSpeed="21.16" meanSpeedRelative="0.66" duration="3"/>
    <step time="22500.00" loaded="12007" inserted="11930" running="463" waiting="77" ended="11467" arrived="11467" collisions="3" teleports="3" halting="1" stopped="0" meanWaitingTime="2.89" meanTravelTime="237.80" meanSpeed="20.98" meanSpeedRelative="0.66" duration="2"/>
    <step time="22800.00" loaded="12455" inserted="12366" running="466" waiting="89" ended="11900" arrived="11900" collisions="3" teleports="3" halting="2" stopped="0" meanWaitingTime="4.78" meanTravelTime="240.63" meanSpeed="19.50" meanSpeedRelative="0.61" duration="2"/>
    <step time="23100.00" loaded="12890" inserted="12793" running="469" waiting="97" ended="12324" arrived="12324" collisions="8" teleports="8" halting="15" stopped="0" meanWaitingTime="6.70" meanTravelTime="243.90" meanSpeed="19.16" meanSpeedRelative="0.60" duration="2"/>
    <step time="23400.00" loaded="13373" inserted="13234" running="491" waiting="139" ended="12743" arrived="12743" collisions="9" teleports="9" halting="17" stopped="0" meanWaitingTime="9.00" meanTravelTime="246.45" meanSpeed="19.53" meanSpeedRelative="0.61" duration="3"/>
    <step time="23700.00" loaded="13801" inserted="13638" running="478" waiting="163" ended="13160" arrived="13160" collisions="12" teleports="12" halting="17" stopped="0" meanWaitingTime="11.51" meanTravelTime="249.25" meanSpeed="19.27" meanSpeedRelative="0.60" duration="2"/>
    <step time="24000.00" loaded="14239" inserted="14040" running="471" waiting="199" ended="13569" arrived="13569" collisions="12" teleports="12" halting="11" stopped="0" meanWaitingTime="14.08" meanTravelTime="252.25" meanSpeed="19.46" meanSpeedRelative="0.61" duration="2"/>
    <step time="24300.00" loaded="14672" inserted="14448" running="452" waiting="224" ended="13996" arrived="13996" collisions="12" teleports="12" halting="11" stopped="0" meanWaitingTime="18.18" meanTravelTime="255.00" meanSpeed="20.09" meanSpeedRelative="0.63" duration="2"/>
    <step time="24600.00" loaded="15140" inserted="14906" running="508" waiting="234" ended="14398" arrived="14398" collisions="14" teleports="14" halting="15" stopped="0" meanWaitingTime="22.01" meanTravelTime="257.68" meanSpeed="18.57" meanSpeedRelative="0.58" duration="3"/>
    <step time="24900.00" loaded="15608" inserted="15352" running="548" waiting="256" ended="14804" arrived="14804" collisions="16" teleports="16" halting="1" stopped="0" meanWaitingTime="25.74" meanTravelTime="259.65" meanSpeed="18.88" meanSpeedRelative="0.59" duration="3"/>
    <step time="25200.00" loaded="16054" inserted="15805" running="529" waiting="249" ended="15276" arrived="15276" collisions="16" teleports="16" halting="15" stopped="0" meanWaitingTime="29.81" meanTravelTime="262.31" meanSpeed="17.93" meanSpeedRelative="0.56" duration="86"/>
    <step time="25500.00" loaded="16635" inserted="16245" running="528" waiting="390" ended="15717" arrived="15717" collisions="17" teleports="17" halting="33" stopped="0" meanWaitingTime="32.68" meanTravelTime="265.87" meanSpeed="18.58" meanSpeedRelative="0.58" duration="3"/>
    <step time="25800.00" loaded="17158" inserted="16710" running="534" waiting="448" ended="16176" arrived="16176" collisions="19" teleports="19" halting="6" stopped="0" meanWaitingTime="38.00" meanTravelTime="268.05" meanSpeed="19.16" meanSpeedRelative="0.60" duration="3"/>
    <step time="26100.00" loaded="17744" inserted="17210" running="575" waiting="534" ended="16635" arrived="16635" collisions="20" teleports="20" halting="16" stopped="0" meanWaitingTime="43.33" meanTravelTime="270.00" meanSpeed="19.01" meanSpeedRelative="0.59" duration="3"/>
    <step time="26400.00" loaded="18290" inserted="17674" running="555" waiting="616" ended="17119" arrived="17119" collisions="22" teleports="22" halting="0" stopped="0" meanWaitingTime="49.11" meanTravelTime="272.67" meanSpeed="18.71" meanSpeedRelative="0.58" duration="5"/>
    <step time="26700.00" loaded="18830" inserted="18138" running="553" waiting="692" ended="17585" arrived="17585" collisions="23" teleports="23" halting="17" stopped="0" meanWaitingTime="54.84" meanTravelTime="275.13" meanSpeed="18.57" meanSpeedRelative="0.58" duration="4"/>
    <step time="27000.00" loaded="19383" inserted="18579" running="509" waiting="804" ended="18070" arrived="18070" collisions="23" teleports="23" halting="6" stopped="0" meanWaitingTime="61.44" meanTravelTime="277.53" meanSpeed="19.54" meanSpeedRelative="0.61" duration="3"/>
    <step time="27300.00" loaded="19945" inserted="19050" running="542" waiting="895" ended="18508" arrived="18508" collisions="24" teleports="24" halting="2" stopped="0" meanWaitingTime="69.44" meanTravelTime="278.64" meanSpeed="19.48" meanSpeedRelative="0.61" duration="4"/>
    <step time="27600.00" loaded="20503" inserted="19505" running="519" waiting="998" ended="18986" arrived="18986" collisions="24" teleports="24" halting="3" stopped="0" meanWaitingTime="77.79" meanTravelTime="280.37" meanSpeed="18.79" meanSpeedRelative="0.59" duration="3"/>
    <step time="27900.00" loaded="21063" inserted="19962" running="510" waiting="1101" ended="19452" arrived="19452" collisions="27" teleports="27" halting="17" stopped="0" meanWaitingTime="87.01" meanTravelTime="281.83" meanSpeed="19.25" meanSpeedRelative="0.60" duration="2"/>
    <step time="28200.00" loaded="21643" inserted="20424" running="517" waiting="1219" ended="19907" arrived="19907" collisions="27" teleports="27" halting="5" stopped="0" meanWaitingTime="96.35" meanTravelTime="283.22" meanSpeed="19.54" meanSpeedRelative="0.61" duration="3"/>
    <step time="28500.00" loaded="22236" inserted="20903" running="537" waiting="1333" ended="20366" arrived="20366" collisions="27" teleports="27" halting="1" stopped="0" meanWaitingTime="106.36" meanTravelTime="284.26" meanSpeed="19.53" meanSpeedRelative="0.61" duration="4"/>
    <step time="28800.00" loaded="22798" inserted="21366" running="546" waiting="1432" ended="20820" arrived="20820" collisions="27" teleports="27" halting="0" stopped="0" meanWaitingTime="117.34" meanTravelTime="285.39" meanSpeed="18.69" meanSpeedRelative="0.58" duration="85"/>
    <step time="29100.00" loaded="23157" inserted="21782" running="491" waiting="1375" ended="21291" arrived="21291" collisions="28" teleports="28" halting="11" stopped="0" meanWaitingTime="127.81" meanTravelTime="287.14" meanSpeed="19.38" meanSpeedRelative="0.61" duration="4"/>
    <step time="29400.00" loaded="23526" inserted="22241" running="496" waiting="1285" ended="21745" arrived="21745" collisions="32" teleports="32" halting="2" stopped="0" meanWaitingTime="140.49" meanTravelTime="288.36" meanSpeed="19.25" meanSpeedRelative="0.60" duration="3"/>
    <step time="29700.00" loaded="23898" inserted="22681" running="475" waiting="1217" ended="22206" arrived="22206" collisions="35" teleports="35" halting="6" stopped="0" meanWaitingTime="153.66" meanTravelTime="289.16" meanSpeed="19.77" meanSpeedRelative="0.62" duration="4"/>
    <step time="30000.00" loaded="24259" inserted="23084" running="460" waiting="1175" ended="22624" arrived="22624" collisions="35" teleports="35" halting="17" stopped="0" meanWaitingTime="163.53" meanTravelTime="290.26" meanSpeed="20.34" meanSpeedRelative="0.64" duration="3"/>
    <step time="30300.00" loaded="24592" inserted="23498" running="463" waiting="1094" ended="23035" arrived="23035" collisions="35" teleports="35" halting="8" stopped="0" meanWaitingTime="175.98" meanTravelTime="290.86" meanSpeed="20.58" meanSpeedRelative="0.64" duration="3"/>
    <step time="30600.00" loaded="24944" inserted="23901" running="404" waiting="1043" ended="23497" arrived="23497" collisions="35" teleports="35" halting="10" stopped="0" meanWaitingTime="188.41" meanTravelTime="291.38" meanSpeed="20.37" meanSpeedRelative="0.64" duration="2"/>
    <step time="30900.00" loaded="25313" inserted="24316" running="409" waiting="997" ended="23907" arrived="23907" collisions="35" teleports="35" halting="6" stopped="0" meanWaitingTime="199.64" meanTravelTime="291.60" meanSpeed="19.12" meanSpeedRelative="0.60" duration="3"/>
    <step time="31200.00" loaded="25665" inserted="24737" running="439" waiting="928" ended="24298" arrived="24298" collisions="35" teleports="35" halting="0" stopped="0" meanWaitingTime="211.16" meanTravelTime="291.64" meanSpeed="19.77" meanSpeedRelative="0.62" duration="3"/>
    <step time="31500.00" loaded="25985" inserted="25141" running="431" waiting="844" ended="24710" arrived="24710" collisions="35" teleports="35" halting="2" stopped="0" meanWaitingTime="222.41" meanTravelTime="292.00" meanSpeed="20.03" meanSpeedRelative="0.63" duration="2"/>
    <step time="31800.00" loaded="26355" inserted="25540" running="408" waiting="815" ended="25132" arrived="25132" collisions="37" teleports="37" halting="8" stopped="0" meanWaitingTime="232.08" meanTravelTime="292.17" meanSpeed="20.82" meanSpeedRelative="0.65" duration="3"/>
    <step time="32100.00" loaded="26726" inserted="25951" running="415" waiting="775" ended="25536" arrived="25536" collisions="38" teleports="38" halting="4" stopped="0" meanWaitingTime="242.09" meanTravelTime="292.51" meanSpeed="19.54" meanSpeedRelative="0.61" duration="4"/>
    <step time="32400.00" loaded="27070" inserted="26333" running="389" waiting="737" ended="25944" arrived="25944" collisions="43" teleports="43" halting="10" stopped="0" meanWaitingTime="249.26" meanTravelTime="292.72" meanSpeed="19.99" meanSpeedRelative="0.62" duration="87"/>
    <step time="32700.00" loaded="27346" inserted="26682" running="359" waiting="664" ended="26323" arrived="26323" collisions="43" teleports="43" halting="1" stopped="0" meanWaitingTime="256.05" meanTravelTime="293.05" meanSpeed="20.83" meanSpeedRelative="0.65" duration="2"/>
    <step time="33000.00" loaded="27627" inserted="27019" running="344" waiting="608" ended="26675" arrived="26675" collisions="44" teleports="44" halting="17" stopped="0" meanWaitingTime="261.46" meanTravelTime="293.08" meanSpeed="21.07" meanSpeedRelative="0.66" duration="2"/>
    <step time="33300.00" loaded="27885" inserted="27357" running="310" waiting="528" ended="27047" arrived="27047" collisions="45" teleports="45" halting="1" stopped="0" meanWaitingTime="267.17" meanTravelTime="293.00" meanSpeed="21.99" meanSpeedRelative="0.69" duration="2"/>
    <step time="33600.00" loaded="28154" inserted="27705" running="304" waiting="449" ended="27401" arrived="27401" collisions="46" teleports="46" halting="0" stopped="0" meanWaitingTime="273.53" meanTravelTime="292.73" meanSpeed="19.98" meanSpeedRelative="0.62" duration="2"/>
    <step time="33900.00" loaded="28382" inserted="28014" running="324" waiting="368" ended="27690" arrived="27690" collisions="46" teleports="46" halting="18" stopped="0" meanWaitingTime="277.33" meanTravelTime="292.58" meanSpeed="19.34" meanSpeedRelative="0.60" duration="2"/>
    <step time="34200.00" loaded="28643" inserted="28337" running="321" waiting="306" ended="28016" arrived="28016" collisions="46" teleports="46" halting="15" stopped="0" meanWaitingTime="278.43" meanTravelTime="292.83" meanSpeed="19.94" meanSpeedRelative="0.62" duration="2"/>
    <step time="34500.00" loaded="28891" inserted="28654" running="327" waiting="237" ended="28327" arrived="28327" collisions="46" teleports="46" halting="9" stopped="0" meanWaitingTime="280.91" meanTravelTime="292.79" meanSpeed="19.90" meanSpeedRelative="0.62" duration="2"/>
    <step time="34800.00" loaded="29182" inserted="28979" running="307" waiting="203" ended="28672" arrived="28672" collisions="47" teleports="47" halting="3" stopped="0" meanWaitingTime="282.59" meanTravelTime="292.96" meanSpeed="21.69" meanSpeedRelative="0.68" duration="1"/>
    <step time="35100.00" loaded="29439" inserted="29282" running="288" waiting="157" ended="28994" arrived="28994" collisions="47" teleports="47" halting="2" stopped="0" meanWaitingTime="283.71" meanTravelTime="292.95" meanSpeed="20.92" meanSpeedRelative="0.65" duration="2"/>
    <step time="35400.00" loaded="29686" inserted="29591" running="302" waiting="95" ended="29289" arrived="29289" collisions="48" teleports="48" halting="15" stopped="0" meanWaitingTime="283.76" meanTravelTime="293.02" meanSpeed="20.30" meanSpeedRelative="0.63" duration="1"/>
    <step time="35700.00" loaded="29928" inserted="29910" running="303" waiting="18" ended="29607" arrived="29607" collisions="48" teleports="48" halting="7" stopped="0" meanWaitingTime="282.32" meanTravelTime="292.75" meanSpeed="20.59" meanSpeedRelative="0.64" duration="2"/>
    <step time="36000.00" loaded="30195" inserted="30195" running="285" waiting="0" ended="29910" arrived="29910" collisions="49" teleports="49" halting="1" stopped="0" meanWaitingTime="279.77" meanTravelTime="292.64" meanSpeed="22.21" meanSpeedRelative="0.69" duration="83"/>
    <step time="36300.00" loaded="30650" inserted="30645" running="383" waiting="5" ended="30262" arrived="30262" collisions="49" teleports="49" halting="1" stopped="0" meanWaitingTime="275.74" meanTravelTime="292.48" meanSpeed="22.21" meanSpeedRelative="0.69" duration="2"/>
    <step time="36600.00" loaded="31126" inserted="31106" running="429" waiting="20" ended="30677" arrived="30677" collisions="51" teleports="51" halting="1" stopped="0" meanWaitingTime="271.75" meanTravelTime="292.11" meanSpeed="20.93" meanSpeedRelative="0.65" duration="3"/>
    <step time="36900.00" loaded="31631" inserted="31573" running="475" waiting="58" ended="31098" arrived="31098" collisions="56" teleports="56" halting="2" stopped="0" meanWaitingTime="268.04" meanTravelTime="292.16" meanSpeed="20.30" meanSpeedRelative="0.63" duration="3"/>
    <step time="37200.00" loaded="32110" inserted="32028" running="496" waiting="82" ended="31532" arrived="31532" collisions="58" teleports="58" halting="1" stopped="0" meanWaitingTime="264.77" meanTravelTime="292.27" meanSpeed="21.02" meanSpeedRelative="0.66" duration="3"/>
    <step time="37500.00" loaded="32581" inserted="32473" running="489" waiting="108" ended="31984" arrived="31984" collisions="58" teleports="58" halting="2" stopped="0" meanWaitingTime="261.86" meanTravelTime="292.79" meanSpeed="20.31" meanSpeedRelative="0.63" duration="2"/>
    <step time="37800.00" loaded="33041" inserted="32931" running="518" waiting="110" ended="32413" arrived="32413" collisions="59" teleports="59" halting="14" stopped="0" meanWaitingTime="259.10" meanTravelTime="293.48" meanSpeed="18.69" meanSpeedRelative="0.58" duration="2"/>
    <step time="38100.00" loaded="33500" inserted="33319" running="449" waiting="181" ended="32870" arrived="32870" collisions="62" teleports="62" halting="11" stopped="0" meanWaitingTime="257.03" meanTravelTime="294.19" meanSpeed="19.30" meanSpeedRelative="0.60" duration="2"/>
    <step time="38400.00" loaded="33994" inserted="33799" running="487" waiting="195" ended="33312" arrived="33312" collisions="64" teleports="64" halting="4" stopped="0" meanWaitingTime="254.77" meanTravelTime="294.73" meanSpeed="20.68" meanSpeedRelative="0.65" duration="3"/>
    <step time="38700.00" loaded="34451" inserted="34244" running="496" waiting="207" ended="33748" arrived="33748" collisions="66" teleports="66" halting="11" stopped="0" meanWaitingTime="252.96" meanTravelTime="295.02" meanSpeed="19.43" meanSpeedRelative="0.61" duration="3"/>
    <step time="39000.00" loaded="34898" inserted="34685" running="477" waiting="213" ended="34208" arrived="34208" collisions="68" teleports="68" halting="1" stopped="0" meanWaitingTime="251.31" meanTravelTime="295.37" meanSpeed="19.47" meanSpeedRelative="0.61" duration="3"/>
    <step time="39300.00" loaded="35390" inserted="35151" running="519" waiting="239" ended="34632" arrived="34632" collisions="70" teleports="70" halting="8" stopped="0" meanWaitingTime="249.77" meanTravelTime="295.84" meanSpeed="18.99" meanSpeedRelative="0.59" duration="4"/>
    <step time="39600.00" loaded="35888" inserted="35596" running="530" waiting="292" ended="35066" arrived="35066" collisions="70" teleports="70" halting="15" stopped="0" meanWaitingTime="248.49" meanTravelTime="296.32" meanSpeed="18.72" meanSpeedRelative="0.58" duration="88"/>
    <step time="39900.00" loaded="36454" inserted="36065" running="570" waiting="389" ended="35495" arrived="35495" collisions="72" teleports="72" halting="20" stopped="0" meanWaitingTime="247.00" meanTravelTime="297.03" meanSpeed="18.34" meanSpeedRelative="0.57" duration="3"/>
    <step time="40200.00" loaded="36954" inserted="36495" running="562" waiting="459" ended="35933" arrived="35933" collisions="76" teleports="76" halting="20" stopped="0" meanWaitingTime="246.26" meanTravelTime="297.65" meanSpeed="17.56" meanSpeedRelative="0.55" duration="3"/>
    <step time="40500.00" loaded="37510" inserted="36986" running="568" waiting="524" ended="36418" arrived="36418" collisions="79" teleports="79" halting="1" stopped="0" meanWaitingTime="245.94" meanTravelTime="298.62" meanSpeed="17.78" meanSpeedRelative="0.56" duration="3"/>
    <step time="40800.00" loaded="38057" inserted="37463" running="551" waiting="594" ended="36912" arrived="36912" collisions="82" teleports="82" halting="8" stopped="0" meanWaitingTime="246.04" meanTravelTime="299.41" meanSpeed="18.43" meanSpeedRelative="0.58" duration="3"/>
    <step time="41100.00" loaded="38608" inserted="37943" running="578" waiting="665" ended="37365" arrived="37365" collisions="82" teleports="82" halting="1" stopped="0" meanWaitingTime="245.82" meanTravelTime="300.08" meanSpeed="19.34" meanSpeedRelative="0.60" duration="3"/>
    <step time="41400.00" loaded="39167" inserted="38433" running="617" waiting="734" ended="37816" arrived="37816" collisions="84" teleports="84" halting="5" stopped="0" meanWaitingTime="246.92" meanTravelTime="300.70" meanSpeed="18.69" meanSpeedRelative="0.58" duration="4"/>
    <step time="41700.00" loaded="39729" inserted="38933" running="624" waiting="796" ended="38309" arrived="38309" collisions="90" teleports="90" halting="11" stopped="0" meanWaitingTime="247.95" meanTravelTime="301.57" meanSpeed="17.34" meanSpeedRelative="0.54" duration="3"/>
    <step time="42000.00" loaded="40228" inserted="39379" running="607" waiting="849" ended="38772" arrived="38772" collisions="90" teleports="90" halting="18" stopped="0" meanWaitingTime="249.78" meanTravelTime="302.58" meanSpeed="17.04" meanSpeedRelative="0.53" duration="4"/>
    <step time="42300.00" loaded="40773" inserted="39847" running="614" waiting="926" ended="39233" arrived="39233" collisions="90" teleports="90" halting="10" stopped="0" meanWaitingTime="251.93" meanTravelTime="303.66" meanSpeed="17.41" meanSpeedRelative="0.54" duration="4"/>
    <step time="42600.00" loaded="41317" inserted="40315" running="629" waiting="1002" ended="39686" arrived="39686" collisions="93" teleports="93" halting="2" stopped="0" meanWaitingTime="254.25" meanTravelTime="304.80" meanSpeed="16.53" meanSpeedRelative="0.52" duration="3"/>
    <step time="42900.00" loaded="41808" inserted="40787" running="649" waiting="1021" ended="40138" arrived="40138" collisions="94" teleports="94" halting="1" stopped="0" meanWaitingTime="256.95" meanTravelTime="305.77" meanSpeed="16.92" meanSpeedRelative="0.53" duration="4"/>
    <step time="43200.00" loaded="42315" inserted="41270" running="652" waiting="1045" ended="40618" arrived="40618" collisions="94" teleports="94" halting="16" stopped="0" meanWaitingTime="259.99" meanTravelTime="307.16" meanSpeed="16.45" meanSpeedRelative="0.51" duration="89"/>
    <step time="43500.00" loaded="42875" inserted="41763" running="652" waiting="1112" ended="41111" arrived="41111" collisions="94" teleports="94" halting="3" stopped="0" meanWaitingTime="263.21" meanTravelTime="308.20" meanSpeed="17.51" meanSpeedRelative="0.55" duration="4"/>
    <step time="43800.00" loaded="43387" inserted="42222" running="621" waiting="1165" ended="41601" arrived="41601" collisions="95" teleports="95" halting="11" stopped="0" meanWaitingTime="266.19" meanTravelTime="309.30" meanSpeed="17.67" meanSpeedRelative="0.55" duration="4"/>
    <step time="44100.00" loaded="43915" inserted="42703" running="622" waiting="1212" ended="42081" arrived="42081" collisions="97" teleports="97" halting="26" stopped="0" meanWaitingTime="270.32" meanTravelTime="310.25" meanSpeed="17.40" meanSpeedRelative="0.54" duration="3"/>
    <step time="44400.00" loaded="44424" inserted="43162" running="599" waiting="1262" ended="42563" arrived="42563" collisions="98" teleports="98" halting="1" stopped="0" meanWaitingTime="273.99" meanTravelTime="311.35" meanSpeed="18.54" meanSpeedRelative="0.58" duration="4"/>
    <step time="44700.00" loaded="44955" inserted="43660" running="637" waiting="1295" ended="43023" arrived="43023" collisions="98" teleports="98" halting="18" stopped="0" meanWaitingTime="277.33" meanTravelTime="312.11" meanSpeed="17.65" meanSpeedRelative="0.55" duration="5"/>
    <step time="45000.00" loaded="45457" inserted="44116" running="589" waiting="1341" ended="43527" arrived="43527" collisions="98" teleports="98" halting="14" stopped="0" meanWaitingTime="281.32" meanTravelTime="312.74" meanSpeed="17.64" meanSpeedRelative="0.55" duration="4"/>
    <step time="45300.00" loaded="45964" inserted="44585" running="589" waiting="1379" ended="43996" arrived="43996" collisions="102" teleports="102" halting="15" stopped="0" meanWaitingTime="285.32" meanTravelTime="313.69" meanSpeed="17.57" meanSpeedRelative="0.55" duration="4"/>
    <step time="45600.00" loaded="46487" inserted="45070" running="596" waiting="1417" ended="44474" arrived="44474" collisions="102" teleports="102" halting="12" stopped="0" meanWaitingTime="289.71" meanTravelTime="314.27" meanSpeed="17.68" meanSpeedRelative="0.55" duration="4"/>
    <step time="45900.00" loaded="47022" inserted="45542" running="595" waiting="1480" ended="44947" arrived="44947" collisions="102" teleports="102" halting="12" stopped="0" meanWaitingTime="293.31" meanTravelTime="315.06" meanSpeed="17.50" meanSpeedRelative="0.55" duration="4"/>
    <step time="46200.00" loaded="47553" inserted="46027" running="614" waiting="1526" ended="45413" arrived="45413" collisions="104" teleports="104" halting="15" stopped="0" meanWaitingTime="297.40" meanTravelTime="315.82" meanSpeed="17.51" meanSpeedRelative="0.55" duration="4"/>
    <step time="46500.00" loaded="48103" inserted="46521" running="619" waiting="1582" ended="45902" arrived="45902" collisions="105" teleports="105" halting="4" stopped="0" meanWaitingTime="301.90" meanTravelTime="316.26" meanSpeed="17.54" meanSpeedRelative="0.55" duration="4"/>
    <step time="46800.00" loaded="48625" inserted="47016" running="628" waiting="1609" ended="46388" arrived="46388" collisions="107" teleports="107" halting="12" stopped="0" meanWaitingTime="307.19" meanTravelTime="316.87" meanSpeed="17.34" meanSpeedRelative="0.54" duration="92"/>
    <step time="47100.00" loaded="49173" inserted="47513" running="629" waiting="1660" ended="46884" arrived="46884" collisions="108" teleports="108" halting="15" stopped="0" meanWaitingTime="312.52" meanTravelTime="317.66" meanSpeed="17.77" meanSpeedRelative="0.56" duration="4"/>
    <step time="47400.00" loaded="49681" inserted="47988" running="632" waiting="1693" ended="47356" arrived="47356" collisions="110" teleports="110" halting="12" stopped="0" meanWaitingTime="317.48" meanTravelTime="318.41" meanSpeed="17.71" meanSpeedRelative="0.55" duration="5"/>
    <step time="47700.00" loaded="50194" inserted="48461" running="622" waiting="1733" ended="47839" arrived="47839" collisions="112" teleports="112" halting="11" stopped="0" meanWaitingTime="321.92" meanTravelTime="319.00" meanSpeed="17.42" meanSpeedRelative="0.54" duration="4"/>
    <step time="48000.00" loaded="50714" inserted="48954" running="645" waiting="1760" ended="48309" arrived="48309" collisions="113" teleports="113" halting="3" stopped="0" meanWaitingTime="328.47" meanTravelTime="319.61" meanSpeed="17.10" meanSpeedRelative="0.53" duration="5"/>
    <step time="48300.00" loaded="51201" inserted="49408" running="628" waiting="1793" ended="48780" arrived="48780" collisions="113" teleports="113" halting="21" stopped="0" meanWaitingTime="333.46" meanTravelTime="320.44" meanSpeed="16.33" meanSpeedRelative="0.51" duration="3"/>
    <step time="48600.00" loaded="51752" inserted="49899" running="664" waiting="1853" ended="49235" arrived="49235" collisions="114" teleports="114" halting="16" stopped="0" meanWaitingTime="337.13" meanTravelTime="321.12" meanSpeed="16.91" meanSpeedRelative="0.53" duration="5"/>
    <step time="48900.00" loaded="52267" inserted="50381" running="663" waiting="1886" ended="49718" arrived="49718" collisions="116" teleports="116" halting="8" stopped="0" meanWaitingTime="342.31" meanTravelTime="321.99" meanSpeed="17.12" meanSpeedRelative="0.53" duration="4"/>
    <step time="49200.00" loaded="52801" inserted="50870" running="650" waiting="1931" ended="50220" arrived="50220" collisions="118" teleports="118" halting="26" stopped="0" meanWaitingTime="347.47" meanTravelTime="322.89" meanSpeed="16.52" meanSpeedRelative="0.52" duration="3"/>
    <step time="49500.00" loaded="53302" inserted="51362" running="698" waiting="1940" ended="50664" arrived="50664" collisions="120" teleports="120" halting="24" stopped="0" meanWaitingTime="354.00" meanTravelTime="323.81" meanSpeed="16.73" meanSpeedRelative="0.52" duration="4"/>
    <step time="49800.00" loaded="53816" inserted="51838" running="712" waiting="1978" ended="51126" arrived="51126" collisions="122" teleports="122" halting="15" stopped="0" meanWaitingTime="360.16" meanTravelTime="324.61" meanSpeed="16.27" meanSpeedRelative="0.51" duration="5"/>
    <step time="50100.00" loaded="54388" inserted="52295" running="692" waiting="2093" ended="51603" arrived="51603" collisions="126" teleports="126" halting="15" stopped="0" meanWaitingTime="363.86" meanTravelTime="325.69" meanSpeed="16.13" meanSpeedRelative="0.50" duration="4"/>
    <step time="50400.00" loaded="54947" inserted="52770" running="705" waiting="2177" ended="52065" arrived="52065" collisions="127" teleports="127" halting="8" stopped="0" meanWaitingTime="368.60" meanTravelTime="326.48" meanSpeed="15.93" meanSpeedRelative="0.50" duration="95"/>
    <step time="50700.00" loaded="55610" inserted="53301" running="752" waiting="2309" ended="52549" arrived="52549" collisions="130" teleports="130" halting="13" stopped="0" meanWaitingTime="374.36" meanTravelTime="327.69" meanSpeed="15.49" meanSpeedRelative="0.48" duration="5"/>
    <step time="51000.00" loaded="56365" inserted="53864" running="819" waiting="2501" ended="53045" arrived="53045" collisions="130" teleports="130" halting="34" stopped="0" meanWaitingTime="379.57" meanTravelTime="328.70" meanSpeed="14.36" meanSpeedRelative="0.45" duration="6"/>
    <step time="51300.00" loaded="57110" inserted="54392" running="848" waiting="2718" ended="53544" arrived="53544" collisions="134" teleports="134" halting="18" stopped="0" meanWaitingTime="383.93" meanTravelTime="329.69" meanSpeed="14.36" meanSpeedRelative="0.45" duration="6"/>
    <step time="51600.00" loaded="57861" inserted="54936" running="867" waiting="2925" ended="54069" arrived="54069" collisions="135" teleports="135" halting="19" stopped="0" meanWaitingTime="389.67" meanTravelTime="331.16" meanSpeed="13.83" meanSpeedRelative="0.43" duration="6"/>
    <step time="51900.00" loaded="58575" inserted="55465" running="856" waiting="3110" ended="54609" arrived="54609" collisions="137" teleports="137" halting="26" stopped="0" meanWaitingTime="396.13" meanTravelTime="332.22" meanSpeed="14.07" meanSpeedRelative="0.44" duration="6"/>
    <step time="52200.00" loaded="59317" inserted="56034" running="916" waiting="3283" ended="55118" arrived="55118" collisions="137" teleports="137" halting="26" stopped="0" meanWaitingTime="403.40" meanTravelTime="333.62" meanSpeed="13.30" meanSpeedRelative="0.42" duration="6"/>
    <step time="52500.00" loaded="60055" inserted="56582" running="963" waiting="3473" ended="55619" arrived="55619" collisions="137" teleports="137" halting="17" stopped="0" meanWaitingTime="410.20" meanTravelTime="335.10" meanSpeed="12.77" meanSpeedRelative="0.40" duration="5"/>
    <step time="52800.00" loaded="60784" inserted="57114" running="961" waiting="3670" ended="56153" arrived="56153" collisions="142" teleports="142" halting="20" stopped="0" meanWaitingTime="417.76" meanTravelTime="336.88" meanSpeed="13.38" meanSpeedRelative="0.42" duration="7"/>
    <step time="53100.00" loaded="61528" inserted="57686" running="986" waiting="3842" ended="56700" arrived="56700" collisions="145" teleports="145" halting="26" stopped="0" meanWaitingTime="426.79" meanTravelTime="338.75" meanSpeed="12.96" meanSpeedRelative="0.40" duration="6"/>
    <step time="53400.00" loaded="62294" inserted="58216" running="975" waiting="4078" ended="57241" arrived="57241" collisions="146" teleports="146" halting="24" stopped="0" meanWaitingTime="435.00" meanTravelTime="340.47" meanSpeed="13.41" meanSpeedRelative="0.42" duration="8"/>
    <step time="53700.00" loaded="62993" inserted="58744" running="969" waiting="4249" ended="57775" arrived="57775" collisions="148" teleports="148" halting="52" stopped="0" meanWaitingTime="445.42" meanTravelTime="342.37" meanSpeed="12.13" meanSpeedRelative="0.38" duration="8"/>
    <step time="54000.00" loaded="63683" inserted="59222" running="948" waiting="4461" ended="58274" arrived="58274" collisions="150" teleports="150" halting="24" stopped="0" meanWaitingTime="452.39" meanTravelTime="344.33" meanSpeed="12.55" meanSpeedRelative="0.39" duration="93"/>
    <step time="54300.00" loaded="64160" inserted="59692" running="925" waiting="4468" ended="58767" arrived="58767" collisions="152" teleports="152" halting="19" stopped="0" meanWaitingTime="462.40" meanTravelTime="346.26" meanSpeed="12.26" meanSpeedRelative="0.38" duration="9"/>
    <step time="54600.00" loaded="64603" inserted="60130" running="873" waiting="4473" ended="59257" arrived="59257" collisions="154" teleports="154" halting="36" stopped="0" meanWaitingTime="472.48" meanTravelTime="348.25" meanSpeed="12.76" meanSpeedRelative="0.40" duration="7"/>
    <step time="54900.00" loaded="65081" inserted="60620" running="853" waiting="4461" ended="59767" arrived="59767" collisions="156" teleports="156" halting="7" stopped="0" meanWaitingTime="485.76" meanTravelTime="349.82" meanSpeed="13.47" meanSpeedRelative="0.42" duration="7"/>
    <step time="55200.00" loaded="65550" inserted="61128" running="845" waiting="4422" ended="60283" arrived="60283" collisions="159" teleports="159" halting="19" stopped="0" meanWaitingTime="499.15" meanTravelTime="351.37" meanSpeed="13.65" meanSpeedRelative="0.43" duration="8"/>
    <step time="55500.00" loaded="66006" inserted="61606" running="842" waiting="4400" ended="60764" arrived="60764" collisions="161" teleports="161" halting="19" stopped="0" meanWaitingTime="510.93" meanTravelTime="352.84" meanSpeed="14.16" meanSpeedRelative="0.44" duration="5"/>
    <step time="55800.00" loaded="66467" inserted="62080" running="811" waiting="4387" ended="61269" arrived="61269" collisions="163" teleports="163" halting="2" stopped="0" meanWaitingTime="523.23" meanTravelTime="354.23" meanSpeed="14.06" meanSpeedRelative="0.44" duration="4"/>
    <step time="56100.00" loaded="66922" inserted="62525" running="782" waiting="4397" ended="61743" arrived="61743" collisions="163" teleports="163" halting="16" stopped="0" meanWaitingTime="535.29" meanTravelTime="355.43" meanSpeed="14.12" meanSpeedRelative="0.44" duration="6"/>
    <step time="56400.00" loaded="67401" inserted="62971" running="718" waiting="4430" ended="62253" arrived="62253" collisions="165" teleports="165" halting="25" stopped="0" meanWaitingTime="545.96" meanTravelTime="356.78" meanSpeed="14.57" meanSpeedRelative="0.46" duration="4"/>
    <step time="56700.00" loaded="67821" inserted="63405" running="685" waiting="4416" ended="62720" arrived="62720" collisions="167" teleports="167" halting="3" stopped="0" meanWaitingTime="557.43" meanTravelTime="357.65" meanSpeed="15.05" meanSpeedRelative="0.47" duration="5"/>
    <step time="57000.00" loaded="68253" inserted="63907" running="735" waiting="4346" ended="63172" arrived="63172" collisions="168" teleports="168" halting="27" stopped="0" meanWaitingTime="573.30" meanTravelTime="358.41" meanSpeed="14.41" meanSpeedRelative="0.45" duration="4"/>
    <step time="57300.00" loaded="68718" inserted="64382" running="708" waiting="4336" ended="63674" arrived="63674" collisions="170" teleports="170" halting="2" stopped="0" meanWaitingTime="586.81" meanTravelTime="359.17" meanSpeed="15.55" meanSpeedRelative="0.49" duration="5"/>
    <step time="57600.00" loaded="69172" inserted="64868" running="723" waiting="4304" ended="64145" arrived="64145" collisions="173" teleports="173" halting="22" stopped="0" meanWaitingTime="601.27" meanTravelTime="359.72" meanSpeed="15.00" meanSpeedRelative="0.47" duration="85"/>
    <step time="57900.00" loaded="69727" inserted="65362" running="768" waiting="4365" ended="64594" arrived="64594" collisions="175" teleports="175" halting="3" stopped="0" meanWaitingTime="614.86" meanTravelTime="360.24" meanSpeed="14.57" meanSpeedRelative="0.46" duration="7"/>
    <step time="58200.00" loaded="70251" inserted="65851" running="748" waiting="4400" ended="65103" arrived="65103" collisions="176" teleports="176" halting="27" stopped="0" meanWaitingTime="628.21" meanTravelTime="361.09" meanSpeed="14.75" meanSpeedRelative="0.46" duration="6"/>
    <step time="58500.00" loaded="70815" inserted="66377" running="812" waiting="4438" ended="65565" arrived="65565" collisions="177" teleports="177" halting="14" stopped="0" meanWaitingTime="642.34" meanTravelTime="361.88" meanSpeed="14.72" meanSpeedRelative="0.46" duration="7"/>
    <step time="58800.00" loaded="71391" inserted="66897" running="825" waiting="4494" ended="66072" arrived="66072" collisions="179" teleports="179" halting="1" stopped="0" meanWaitingTime="655.83" meanTravelTime="362.68" meanSpeed="14.49" meanSpeedRelative="0.45" duration="5"/>
    <step time="59100.00" loaded="71949" inserted="67422" running="883" waiting="4527" ended="66539" arrived="66539" collisions="180" teleports="180" halting="27" stopped="0" meanWaitingTime="668.85" meanTravelTime="363.40" meanSpeed="13.45" meanSpeedRelative="0.42" duration="7"/>
    <step time="59400.00" loaded="72508" inserted="67917" running="881" waiting="4591" ended="67036" arrived="67036" collisions="181" teleports="181" halting="20" stopped="0" meanWaitingTime="681.70" meanTravelTime="364.00" meanSpeed="14.10" meanSpeedRelative="0.44" duration="7"/>
    <step time="59700.00" loaded="73089" inserted="68426" running="873" waiting="4663" ended="67553" arrived="67553" collisions="187" teleports="187" halting="34" stopped="0" meanWaitingTime="695.10" meanTravelTime="365.18" meanSpeed="13.34" meanSpeedRelative="0.42" duration="7"/>
    <step time="60000.00" loaded="73652" inserted="68891" running="802" waiting="4761" ended="68089" arrived="68089" collisions="192" teleports="192" halting="33" stopped="0" meanWaitingTime="704.54" meanTravelTime="366.58" meanSpeed="14.03" meanSpeedRelative="0.44" duration="6"/>
    <step time="60300.00" loaded="74200" inserted="69389" running="829" waiting="4811" ended="68560" arrived="68560" collisions="195" teleports="195" halting="27" stopped="0" meanWaitingTime="716.28" meanTravelTime="367.68" meanSpeed="13.52" meanSpeedRelative="0.42" duration="5"/>
    <step time="60600.00" loaded="74762" inserted="69859" running="792" waiting="4903" ended="69067" arrived="69067" collisions="197" teleports="197" halting="9" stopped="0" meanWaitingTime="727.35" meanTravelTime="368.78" meanSpeed="14.92" meanSpeedRelative="0.47" duration="7"/>
    <step time="60900.00" loaded="75286" inserted="70381" running="831" waiting="4905" ended="69550" arrived="69550" collisions="200" teleports="200" halting="12" stopped="0" meanWaitingTime="741.48" meanTravelTime="369.54" meanSpeed="14.57" meanSpeedRelative="0.46" duration="6"/>
    <step time="61200.00" loaded="75875" inserted="70858" running="828" waiting="5017" ended="70030" arrived="70030" collisions="204" teleports="204" halting="36" stopped="0" meanWaitingTime="752.47" meanTravelTime="370.56" meanSpeed="14.94" meanSpeedRelative="0.47" duration="82"/>
    <step time="61500.00" loaded="75941" inserted="71201" running="688" waiting="4740" ended="70513" arrived="70513" collisions="205" teleports="205" halting="8" stopped="0" meanWaitingTime="767.08" meanTravelTime="371.71" meanSpeed="15.76" meanSpeedRelative="0.49" duration="6"/>
    <step time="61800.00" loaded="76014" inserted="71587" running="636" waiting="4427" ended="70951" arrived="70951" collisions="206" teleports="206" halting="2" stopped="0" meanWaitingTime="785.32" meanTravelTime="372.80" meanSpeed="15.85" meanSpeedRelative="0.50" duration="4"/>
    <step time="62100.00" loaded="76087" inserted="71957" running="590" waiting="4130" ended="71367" arrived="71367" collisions="209" teleports="209" halting="6" stopped="0" meanWaitingTime="801.41" meanTravelTime="373.59" meanSpeed="16.19" meanSpeedRelative="0.51" duration="8"/>
    <step time="62400.00" loaded="76171" inserted="72340" running="563" waiting="3831" ended="71777" arrived="71777" collisions="212" teleports="212" halting="2" stopped="0" meanWaitingTime="818.35" meanTravelTime="374.20" meanSpeed="16.27" meanSpeedRelative="0.51" duration="4"/>
    <step time="62700.00" loaded="76244" inserted="72725" running="557" waiting="3519" ended="72168" arrived="72168" collisions="215" teleports="215" halting="15" stopped="0" meanWaitingTime="835.01" meanTravelTime="374.72" meanSpeed="16.31" meanSpeedRelative="0.51" duration="4"/>
    <step time="63000.00" loaded="76311" inserted="73057" running="495" waiting="3254" ended="72562" arrived="72562" collisions="216" teleports="216" halting="1" stopped="0" meanWaitingTime="851.44" meanTravelTime="374.95" meanSpeed="15.41" meanSpeedRelative="0.48" duration="3"/>
    <step time="63300.00" loaded="76381" inserted="73409" running="466" waiting="2972" ended="72943" arrived="72943" collisions="216" teleports="216" halting="9" stopped="0" meanWaitingTime="867.94" meanTravelTime="375.27" meanSpeed="15.47" meanSpeedRelative="0.48" duration="4"/>
    <step time="63600.00" loaded="76455" inserted="73763" running="447" waiting="2692" ended="73316" arrived="73316" collisions="216" teleports="216" halting="0" stopped="0" meanWaitingTime="884.81" meanTravelTime="375.46" meanSpeed="16.68" meanSpeedRelative="0.52" duration="4"/>
    <step time="63900.00" loaded="76515" inserted="74111" running="458" waiting="2404" ended="73653" arrived="73653" collisions="216" teleports="216" halting="18" stopped="0" meanWaitingTime="900.95" meanTravelTime="375.55" meanSpeed="15.30" meanSpeedRelative="0.48" duration="3"/>
    <step time="64200.00" loaded="76592" inserted="74426" running="418" waiting="2166" ended="74008" arrived="74008" collisions="218" teleports="218" halting="4" stopped="0" meanWaitingTime="911.85" meanTravelTime="375.56" meanSpeed="16.65" meanSpeedRelative="0.52" duration="2"/>
    <step time="64500.00" loaded="76653" inserted="74728" running="358" waiting="1925" ended="74370" arrived="74370" collisions="220" teleports="220" halting="5" stopped="0" meanWaitingTime="926.18" meanTravelTime="375.70" meanSpeed="18.13" meanSpeedRelative="0.57" duration="2"/>
    <step time="64800.00" loaded="76747" inserted="75008" running="286" waiting="1739" ended="74722" arrived="74722" collisions="220" teleports="220" halting="1" stopped="0" meanWaitingTime="936.19" meanTravelTime="375.75" meanSpeed="21.81" meanSpeedRelative="0.68" duration="90"/>
    <step time="65100.00" loaded="76788" inserted="75234" running="237" waiting="1554" ended="74997" arrived="74997" collisions="220" teleports="220" halting="1" stopped="0" meanWaitingTime="951.97" meanTravelTime="375.63" meanSpeed="21.82" meanSpeedRelative="0.68" duration="1"/>
    <step time="65400.00" loaded="76863" inserted="75484" running="236" waiting="1379" ended="75248" arrived="75248" collisions="220" teleports="220" halting="0" stopped="0" meanWaitingTime="967.39" meanTravelTime="375.31" meanSpeed="21.83" meanSpeedRelative="0.68" duration="1"/>
    <step time="65700.00" loaded="76923" inserted="75732" running="233" waiting="1191" ended="75499" arrived="75499" collisions="222" teleports="222" halting="2" stopped="0" meanWaitingTime="982.67" meanTravelTime="375.08" meanSpeed="22.03" meanSpeedRelative="0.69" duration="2"/>
    <step time="66000.00" loaded="76968" inserted="75969" running="239" waiting="999" ended="75730" arrived="75730" collisions="222" teleports="222" halting="2" stopped="0" meanWaitingTime="997.58" meanTravelTime="374.80" meanSpeed="22.40" meanSpeedRelative="0.70" duration="2"/>
    <step time="66300.00" loaded="77016" inserted="76200" running="242" waiting="816" ended="75958" arrived="75958" collisions="222" teleports="222" halting="1" stopped="0" meanWaitingTime="1010.52" meanTravelTime="374.61" meanSpeed="21.59" meanSpeedRelative="0.67" duration="1"/>
    <step time="66600.00" loaded="77069" inserted="76442" running="255" waiting="627" ended="76187" arrived="76187" collisions="222" teleports="222" halting="0" stopped="0" meanWaitingTime="1021.24" meanTravelTime="374.40" meanSpeed="22.25" meanSpeedRelative="0.70" duration="1"/>
    <step time="66900.00" loaded="77122" inserted="76639" running="198" waiting="483" ended="76441" arrived="76441" collisions="222" teleports="222" halting="0" stopped="0" meanWaitingTime="1031.28" meanTravelTime="374.21" meanSpeed="22.40" meanSpeedRelative="0.70" duration="2"/>
    <step time="67200.00" loaded="77163" inserted="76815" running="158" waiting="348" ended="76657" arrived="76657" collisions="223" teleports="223" halting="0" stopped="0" meanWaitingTime="1040.70" meanTravelTime="373.92" meanSpeed="23.58" meanSpeedRelative="0.74" duration="1"/>
    <step time="67500.00" loaded="77216" inserted="77002" running="156" waiting="214" ended="76846" arrived="76846" collisions="223" teleports="223" halting="1" stopped="0" meanWaitingTime="1047.38" meanTravelTime="373.68" meanSpeed="24.04" meanSpeedRelative="0.75" duration="1"/>
    <step time="67800.00" loaded="77265" inserted="77132" running="137" waiting="133" ended="76995" arrived="76995" collisions="223" teleports="223" halting="0" stopped="0" meanWaitingTime="1052.64" meanTravelTime="373.55" meanSpeed="24.21" meanSpeedRelative="0.76" duration="1"/>
    <step time="68100.00" loaded="77318" inserted="77262" running="129" waiting="56" ended="77133" arrived="77133" collisions="223" teleports="223" halting="0" stopped="0" meanWaitingTime="1056.88" meanTravelTime="373.50" meanSpeed="25.69" meanSpeedRelative="0.80" duration="1"/>
    <step time="68400.00" loaded="77363" inserted="77363" running="127" waiting="0" ended="77236" arrived="77236" collisions="223" teleports="223" halting="0" stopped="0" meanWaitingTime="1057.16" meanTravelTime="373.45" meanSpeed="25.29" meanSpeedRelative="0.79" duration="90"/>
    <step time="68700.00" loaded="77519" inserted="77519" running="153" waiting="0" ended="77366" arrived="77366" collisions="223" teleports="223" halting="0" stopped="0" meanWaitingTime="1055.04" meanTravelTime="373.34" meanSpeed="23.89" meanSpeedRelative="0.75" duration="0"/>
    <step time="69000.00" loaded="77678" inserted="77678" running="160" waiting="0" ended="77518" arrived="77518" collisions="223" teleports="223" halting="1" stopped="0" meanWaitingTime="1052.88" meanTravelTime="373.23" meanSpeed="25.88" meanSpeedRelative="0.81" duration="1"/>
    <step time="69300.00" loaded="77821" inserted="77821" running="138" waiting="0" ended="77683" arrived="77683" collisions="223" teleports="223" halting="0" stopped="0" meanWaitingTime="1050.94" meanTravelTime="373.11" meanSpeed="26.11" meanSpeedRelative="0.82" duration="1"/>
    <step time="69600.00" loaded="77954" inserted="77953" running="133" waiting="1" ended="77820" arrived="77820" collisions="224" teleports="224" halting="0" stopped="0" meanWaitingTime="1049.17" meanTravelTime="373.10" meanSpeed="25.02" meanSpeedRelative="0.78" duration="1"/>
    <step time="69900.00" loaded="78112" inserted="78112" running="148" waiting="0" ended="77964" arrived="77964" collisions="224" teleports="224" halting="0" stopped="0" meanWaitingTime="1047.03" meanTravelTime="372.94" meanSpeed="25.85" meanSpeedRelative="0.81" duration="1"/>
    <step time="70200.00" loaded="78259" inserted="78259" running="143" waiting="0" ended="78116" arrived="78116" collisions="224" teleports="224" halting="1" stopped="0" meanWaitingTime="1045.06" meanTravelTime="372.75" meanSpeed="25.58" meanSpeedRelative="0.80" duration="1"/>
    <step time="70500.00" loaded="78396" inserted="78396" running="132" waiting="0" ended="78264" arrived="78264" collisions="224" teleports="224" halting="1" stopped="0" meanWaitingTime="1043.24" meanTravelTime="372.56" meanSpeed="25.64" meanSpeedRelative="0.80" duration="0"/>
    <step time="70800.00" loaded="78555" inserted="78555" running="130" waiting="0" ended="78425" arrived="78425" collisions="224" teleports="224" halting="0" stopped="0" meanWaitingTime="1041.13" meanTravelTime="372.35" meanSpeed="25.91" meanSpeedRelative="0.81" duration="1"/>
    <step time="71100.00" loaded="78702" inserted="78702" running="129" waiting="0" ended="78573" arrived="78573" collisions="224" teleports="224" halting="0" stopped="0" meanWaitingTime="1039.18" meanTravelTime="372.13" meanSpeed="25.28" meanSpeedRelative="0.79" duration="1"/>
    <step time="71400.00" loaded="78858" inserted="78857" running="140" waiting="1" ended="78717" arrived="78717" collisions="224" teleports="224" halting="1" stopped="0" meanWaitingTime="1037.14" meanTravelTime="371.93" meanSpeed="25.37" meanSpeedRelative="0.79" duration="1"/>
    <step time="71700.00" loaded="79020" inserted="79020" running="138" waiting="0" ended="78882" arrived="78882" collisions="224" teleports="224" halting="0" stopped="0" meanWaitingTime="1035.00" meanTravelTime="371.65" meanSpeed="24.60" meanSpeedRelative="0.77" duration="1"/>
    <step time="72000.00" loaded="79167" inserted="79166" running="124" waiting="1" ended="79042" arrived="79042" collisions="224" teleports="224" halting="2" stopped="0" meanWaitingTime="1033.09" meanTravelTime="371.47" meanSpeed="24.84" meanSpeedRelative="0.78" duration="82"/>
    <step time="72300.00" loaded="79308" inserted="79308" running="134" waiting="0" ended="79174" arrived="79174" collisions="224" teleports="224" halting="2" stopped="0" meanWaitingTime="1031.25" meanTravelTime="371.33" meanSpeed="25.25" meanSpeedRelative="0.79" duration="1"/>
    <step time="72600.00" loaded="79433" inserted="79433" running="123" waiting="0" ended="79310" arrived="79310" collisions="224" teleports="224" halting="0" stopped="0" meanWaitingTime="1029.62" meanTravelTime="371.13" meanSpeed="24.71" meanSpeedRelative="0.77" duration="1"/>
    <step time="72900.00" loaded="79586" inserted="79586" running="123" waiting="0" ended="79463" arrived="79463" collisions="224" teleports="224" halting="1" stopped="0" meanWaitingTime="1027.64" meanTravelTime="370.99" meanSpeed="25.57" meanSpeedRelative="0.80" duration="1"/>
    <step time="73200.00" loaded="79731" inserted="79731" running="121" waiting="0" ended="79610" arrived="79610" collisions="224" teleports="224" halting="0" stopped="0" meanWaitingTime="1025.78" meanTravelTime="370.80" meanSpeed="25.59" meanSpeedRelative="0.80" duration="1"/>
    <step time="73500.00" loaded="79879" inserted="79879" running="128" waiting="0" ended="79751" arrived="79751" collisions="224" teleports="224" halting="1" stopped="0" meanWaitingTime="1023.88" meanTravelTime="370.58" meanSpeed="25.69" meanSpeedRelative="0.80" duration="1"/>
    <step time="73800.00" loaded="80025" inserted="80025" running="132" waiting="0" ended="79893" arrived="79893" collisions="224" teleports="224" halting="1" stopped="0" meanWaitingTime="1022.01" meanTravelTime="370.38" meanSpeed="25.07" meanSpeedRelative="0.78" duration="1"/>
    <step time="74100.00" loaded="80160" inserted="80160" running="123" waiting="0" ended="80037" arrived="80037" collisions="224" teleports="224" halting="0" stopped="0" meanWaitingTime="1020.29" meanTravelTime="370.20" meanSpeed="25.36" meanSpeedRelative="0.79" duration="0"/>
    <step time="74400.00" loaded="80317" inserted="80317" running="135" waiting="0" ended="80182" arrived="80182" collisions="224" teleports="224" halting="3" stopped="0" meanWaitingTime="1018.29" meanTravelTime="369.99" meanSpeed="23.92" meanSpeedRelative="0.75" duration="1"/>
    <step time="74700.00" loaded="80441" inserted="80441" running="116" waiting="0" ended="80325" arrived="80325" collisions="224" teleports="224" halting="0" stopped="0" meanWaitingTime="1016.72" meanTravelTime="369.84" meanSpeed="25.78" meanSpeedRelative="0.81" duration="0"/>
    <step time="75000.00" loaded="80572" inserted="80572" running="100" waiting="0" ended="80472" arrived="80472" collisions="224" teleports="224" halting="1" stopped="0" meanWaitingTime="1015.07" meanTravelTime="369.61" meanSpeed="24.69" meanSpeedRelative="0.77" duration="0"/>
    <step time="75300.00" loaded="80705" inserted="80704" running="112" waiting="1" ended="80592" arrived="80592" collisions="224" teleports="224" halting="1" stopped="0" meanWaitingTime="1013.41" meanTravelTime="369.47" meanSpeed="25.25" meanSpeedRelative="0.79" duration="1"/>
    <step time="75600.00" loaded="80841" inserted="80841" running="125" waiting="0" ended="80716" arrived="80716" collisions="225" teleports="225" halting="0" stopped="0" meanWaitingTime="1011.70" meanTravelTime="369.24" meanSpeed="25.35" meanSpeedRelative="0.79" duration="83"/>
    <step time="75900.00" loaded="81035" inserted="81035" running="170" waiting="0" ended="80865" arrived="80865" collisions="225" teleports="225" halting="1" stopped="0" meanWaitingTime="1009.27" meanTravelTime="368.99" meanSpeed="25.64" meanSpeedRelative="0.80" duration="1"/>
    <step time="76200.00" loaded="81208" inserted="81207" running="145" waiting="1" ended="81062" arrived="81062" collisions="225" teleports="225" halting="2" stopped="0" meanWaitingTime="1007.14" meanTravelTime="368.74" meanSpeed="25.74" meanSpeedRelative="0.80" duration="1"/>
    <step time="76500.00" loaded="81404" inserted="81404" running="166" waiting="0" ended="81238" arrived="81238" collisions="225" teleports="225" halting="1" stopped="0" meanWaitingTime="1004.70" meanTravelTime="368.44" meanSpeed="25.29" meanSpeedRelative="0.79" duration="1"/>
    <step time="76800.00" loaded="81586" inserted="81586" running="172" waiting="0" ended="81414" arrived="81414" collisions="225" teleports="225" halting="1" stopped="0" meanWaitingTime="1002.46" meanTravelTime="368.21" meanSpeed="25.19" meanSpeedRelative="0.79" duration="1"/>
    <step time="77100.00" loaded="81797" inserted="81797" running="177" waiting="0" ended="81620" arrived="81620" collisions="225" teleports="225" halting="0" stopped="0" meanWaitingTime="999.88" meanTravelTime="368.00" meanSpeed="25.30" meanSpeedRelative="0.79" duration="1"/>
    <step time="77400.00" loaded="81995" inserted="81995" running="167" waiting="0" ended="81828" arrived="81828" collisions="225" teleports="225" halting="0" stopped="0" meanWaitingTime="997.46" meanTravelTime="367.70" meanSpeed="24.83" meanSpeedRelative="0.78" duration="1"/>
    <step time="77700.00" loaded="82177" inserted="82177" running="162" waiting="0" ended="82015" arrived="82015" collisions="225" teleports="225" halting="1" stopped="0" meanWaitingTime="995.25" meanTravelTime="367.41" meanSpeed="25.43" meanSpeedRelative="0.79" duration="1"/>
    <step time="78000.00" loaded="82399" inserted="82398" running="192" waiting="1" ended="82206" arrived="82206" collisions="225" teleports="225" halting="1" stopped="0" meanWaitingTime="992.59" meanTravelTime="367.20" meanSpeed="25.47" meanSpeedRelative="0.80" duration="1"/>
    <step time="78300.00" loaded="82605" inserted="82605" running="185" waiting="0" ended="82420" arrived="82420" collisions="225" teleports="225" halting="0" stopped="0" meanWaitingTime="990.10" meanTravelTime="366.90" meanSpeed="25.06" meanSpeedRelative="0.78" duration="1"/>
    <step time="78600.00" loaded="82819" inserted="82818" running="188" waiting="1" ended="82630" arrived="82630" collisions="225" teleports="225" halting="1" stopped="0" meanWaitingTime="987.55" meanTravelTime="366.65" meanSpeed="25.48" meanSpeedRelative="0.80" duration="1"/>
    <step time="78900.00" loaded="82995" inserted="82995" running="169" waiting="0" ended="82826" arrived="82826" collisions="225" teleports="225" halting="0" stopped="0" meanWaitingTime="985.45" meanTravelTime="366.45" meanSpeed="25.75" meanSpeedRelative="0.80" duration="1"/>
    <step time="79200.00" loaded="83180" inserted="83179" running="167" waiting="1" ended="83012" arrived="83012" collisions="226" teleports="226" halting="1" stopped="0" meanWaitingTime="983.27" meanTravelTime="366.27" meanSpeed="25.74" meanSpeedRelative="0.80" duration="80"/>
    <step time="79500.00" loaded="83350" inserted="83349" running="154" waiting="1" ended="83195" arrived="83195" collisions="226" teleports="226" halting="0" stopped="0" meanWaitingTime="981.27" meanTravelTime="366.10" meanSpeed="24.85" meanSpeedRelative="0.78" duration="0"/>
    <step time="79800.00" loaded="83529" inserted="83529" running="147" waiting="0" ended="83382" arrived="83382" collisions="226" teleports="226" halting="0" stopped="0" meanWaitingTime="979.15" meanTravelTime="365.86" meanSpeed="25.53" meanSpeedRelative="0.80" duration="1"/>
    <step time="80100.00" loaded="83706" inserted="83706" running="153" waiting="0" ended="83553" arrived="83553" collisions="226" teleports="226" halting="1" stopped="0" meanWaitingTime="977.08" meanTravelTime="365.68" meanSpeed="25.81" meanSpeedRelative="0.81" duration="1"/>
    <step time="80400.00" loaded="83884" inserted="83884" running="156" waiting="0" ended="83728" arrived="83728" collisions="226" teleports="226" halting="2" stopped="0" meanWaitingTime="975.01" meanTravelTime="365.43" meanSpeed="24.73" meanSpeedRelative="0.77" duration="1"/>
    <step time="80700.00" loaded="84064" inserted="84064" running="156" waiting="0" ended="83908" arrived="83908" collisions="227" teleports="227" halting="0" stopped="0" meanWaitingTime="972.92" meanTravelTime="365.22" meanSpeed="24.48" meanSpeedRelative="0.77" duration="1"/>
    <step time="81000.00" loaded="84245" inserted="84245" running="163" waiting="0" ended="84082" arrived="84082" collisions="227" teleports="227" halting="2" stopped="0" meanWaitingTime="970.83" meanTravelTime="365.04" meanSpeed="25.00" meanSpeedRelative="0.78" duration="1"/>
    <step time="81300.00" loaded="84416" inserted="84416" running="147" waiting="0" ended="84269" arrived="84269" collisions="227" teleports="227" halting="0" stopped="0" meanWaitingTime="968.87" meanTravelTime="364.84" meanSpeed="25.62" meanSpeedRelative="0.80" duration="1"/>
    <step time="81600.00" loaded="84566" inserted="84566" running="141" waiting="0" ended="84425" arrived="84425" collisions="227" teleports="227" halting="0" stopped="0" meanWaitingTime="967.15" meanTravelTime="364.65" meanSpeed="25.06" meanSpeedRelative="0.78" duration="1"/>
    <step time="81900.00" loaded="84723" inserted="84723" running="136" waiting="0" ended="84587" arrived="84587" collisions="227" teleports="227" halting="0" stopped="0" meanWaitingTime="965.36" meanTravelTime="364.51" meanSpeed="25.90" meanSpeedRelative="0.81" duration="1"/>
    <step time="82200.00" loaded="84884" inserted="84884" running="131" waiting="0" ended="84753" arrived="84753" collisions="228" teleports="228" halting="0" stopped="0" meanWaitingTime="963.53" meanTravelTime="364.30" meanSpeed="25.17" meanSpeedRelative="0.79" duration="1"/>
    <step time="82500.00" loaded="85056" inserted="85056" running="164" waiting="0" ended="84892" arrived="84892" collisions="228" teleports="228" halting="0" stopped="0" meanWaitingTime="961.58" meanTravelTime="364.14" meanSpeed="25.24" meanSpeedRelative="0.79" duration="1"/>
</summary>
