<?xml version="1.0" encoding="UTF-8"?>

<!-- generated on 2025-08-07 17:27:07 by Eclipse SUMO sumo Version 1.23.1
<sumoConfiguration xmlns:xsi="http://www.w3.org/2001/XMLSchema-instance" xsi:noNamespaceSchemaLocation="http://sumo.dlr.de/xsd/sumoConfiguration.xsd">

    <input>
        <net-file value="Desktop\Master Thesis\Network_fin.net.xml"/>
        <route-files value="Desktop\Master Thesis\demand_model_amsterdam.rou.xml"/>
        <additional-files value="Desktop\Master Thesis\Additionnal.add.xml"/>
    </input>

    <output>
        <summary-output value="outputf/summary_alinea_K80_target5_22644.xml"/>
        <summary-output.period value="300"/>
        <tripinfo-output value="outputf/tripinfo_alinea_K80_target5_22644.xml"/>
    </output>

    <time>
        <begin value="0"/>
        <end value="82800"/>
        <step-length value="1"/>
    </time>

    <processing>
        <time-to-teleport value="-1"/>
    </processing>

    <report>
        <verbose value="true"/>
        <no-step-log value="true"/>
    </report>

    <emissions>
        <device.emissions.period value="10"/>
    </emissions>

    <traci_server>
        <remote-port value="64248"/>
    </traci_server>

    <random_number>
        <seed value="22644"/>
    </random_number>

</sumoConfiguration>
-->

<summary xmlns:xsi="http://www.w3.org/2001/XMLSchema-instance" xsi:noNamespaceSchemaLocation="http://sumo.dlr.de/xsd/summary_file.xsd">
    <step time="0.00" loaded="0" inserted="0" running="0" waiting="0" ended="0" arrived="0" collisions="0" teleports="0" halting="0" stopped="0" meanWaitingTime="-1.00" meanTravelTime="-1.00" meanSpeed="-1.00" meanSpeedRelative="-1.00" duration="1"/>
    <step time="300.00" loaded="175" inserted="175" running="106" waiting="0" ended="69" arrived="69" collisions="0" teleports="0" halting="1" stopped="0" meanWaitingTime="0.31" meanTravelTime="98.09" meanSpeed="25.29" meanSpeedRelative="0.79" duration="1"/>
    <step time="600.00" loaded="339" inserted="339" running="141" waiting="0" ended="198" arrived="198" collisions="0" teleports="0" halting="1" stopped="0" meanWaitingTime="0.34" meanTravelTime="154.49" meanSpeed="24.91" meanSpeedRelative="0.78" duration="1"/>
    <step time="900.00" loaded="523" inserted="523" running="153" waiting="0" ended="370" arrived="370" collisions="1" teleports="1" halting="2" stopped="0" meanWaitingTime="0.48" meanTravelTime="184.34" meanSpeed="24.86" meanSpeedRelative="0.78" duration="1"/>
    <step time="1200.00" loaded="711" inserted="711" running="161" waiting="0" ended="550" arrived="550" collisions="1" teleports="1" halting="1" stopped="0" meanWaitingTime="0.46" meanTravelTime="212.04" meanSpeed="25.05" meanSpeedRelative="0.78" duration="1"/>
    <step time="1500.00" loaded="910" inserted="910" running="178" waiting="0" ended="732" arrived="732" collisions="1" teleports="1" halting="1" stopped="0" meanWaitingTime="0.46" meanTravelTime="223.66" meanSpeed="25.23" meanSpeedRelative="0.79" duration="1"/>
    <step time="1800.00" loaded="1107" inserted="1107" running="179" waiting="0" ended="928" arrived="928" collisions="1" teleports="1" halting="1" stopped="0" meanWaitingTime="0.46" meanTravelTime="231.91" meanSpeed="24.74" meanSpeedRelative="0.77" duration="1"/>
    <step time="2100.00" loaded="1270" inserted="1270" running="154" waiting="0" ended="1116" arrived="1116" collisions="1" teleports="1" halting="0" stopped="0" meanWaitingTime="0.44" meanTravelTime="238.55" meanSpeed="25.16" meanSpeedRelative="0.79" duration="1"/>
    <step time="2400.00" loaded="1443" inserted="1443" running="159" waiting="0" ended="1284" arrived="1284" collisions="1" teleports="1" halting="0" stopped="0" meanWaitingTime="0.43" meanTravelTime="242.14" meanSpeed="24.56" meanSpeedRelative="0.77" duration="1"/>
    <step time="2700.00" loaded="1617" inserted="1616" running="139" waiting="1" ended="1477" arrived="1477" collisions="1" teleports="1" halting="1" stopped="0" meanWaitingTime="0.41" meanTravelTime="248.42" meanSpeed="25.18" meanSpeedRelative="0.79" duration="1"/>
    <step time="3000.00" loaded="1799" inserted="1799" running="166" waiting="0" ended="1633" arrived="1633" collisions="1" teleports="1" halting="0" stopped="0" meanWaitingTime="0.42" meanTravelTime="248.64" meanSpeed="24.41" meanSpeedRelative="0.76" duration="0"/>
    <step time="3300.00" loaded="1961" inserted="1961" running="156" waiting="0" ended="1805" arrived="1805" collisions="2" teleports="2" halting="0" stopped="0" meanWaitingTime="0.40" meanTravelTime="249.62" meanSpeed="24.24" meanSpeedRelative="0.76" duration="1"/>
    <step time="3600.00" loaded="2150" inserted="2150" running="174" waiting="0" ended="1976" arrived="1976" collisions="2" teleports="2" halting="1" stopped="0" meanWaitingTime="0.40" meanTravelTime="250.48" meanSpeed="26.10" meanSpeedRelative="0.82" duration="88"/>
    <step time="3900.00" loaded="2276" inserted="2276" running="115" waiting="0" ended="2161" arrived="2161" collisions="2" teleports="2" halting="0" stopped="0" meanWaitingTime="0.40" meanTravelTime="255.01" meanSpeed="25.44" meanSpeedRelative="0.79" duration="0"/>
    <step time="4200.00" loaded="2398" inserted="2398" running="110" waiting="0" ended="2288" arrived="2288" collisions="2" teleports="2" halting="0" stopped="0" meanWaitingTime="0.39" meanTravelTime="257.54" meanSpeed="26.54" meanSpeedRelative="0.83" duration="0"/>
    <step time="4500.00" loaded="2530" inserted="2529" running="109" waiting="1" ended="2420" arrived="2420" collisions="2" teleports="2" halting="2" stopped="0" meanWaitingTime="0.39" meanTravelTime="257.85" meanSpeed="24.87" meanSpeedRelative="0.78" duration="1"/>
    <step time="4800.00" loaded="2632" inserted="2632" running="89" waiting="0" ended="2543" arrived="2543" collisions="3" teleports="3" halting="0" stopped="0" meanWaitingTime="0.39" meanTravelTime="258.66" meanSpeed="25.30" meanSpeedRelative="0.79" duration="0"/>
    <step time="5100.00" loaded="2730" inserted="2730" running="83" waiting="0" ended="2647" arrived="2647" collisions="4" teleports="4" halting="0" stopped="0" meanWaitingTime="0.38" meanTravelTime="258.96" meanSpeed="25.70" meanSpeedRelative="0.80" duration="1"/>
    <step time="5400.00" loaded="2824" inserted="2824" running="79" waiting="0" ended="2745" arrived="2745" collisions="4" teleports="4" halting="0" stopped="0" meanWaitingTime="0.37" meanTravelTime="258.21" meanSpeed="25.89" meanSpeedRelative="0.81" duration="1"/>
    <step time="5700.00" loaded="2940" inserted="2939" running="90" waiting="1" ended="2849" arrived="2849" collisions="4" teleports="4" halting="0" stopped="0" meanWaitingTime="0.36" meanTravelTime="257.73" meanSpeed="25.90" meanSpeedRelative="0.81" duration="0"/>
    <step time="6000.00" loaded="3044" inserted="3044" running="67" waiting="0" ended="2977" arrived="2977" collisions="4" teleports="4" halting="0" stopped="0" meanWaitingTime="0.36" meanTravelTime="256.24" meanSpeed="26.24" meanSpeedRelative="0.82" duration="0"/>
    <step time="6300.00" loaded="3166" inserted="3166" running="98" waiting="0" ended="3068" arrived="3068" collisions="4" teleports="4" halting="1" stopped="0" meanWaitingTime="0.35" meanTravelTime="254.81" meanSpeed="24.81" meanSpeedRelative="0.78" duration="0"/>
    <step time="6600.00" loaded="3286" inserted="3286" running="101" waiting="0" ended="3185" arrived="3185" collisions="4" teleports="4" halting="0" stopped="0" meanWaitingTime="0.35" meanTravelTime="254.68" meanSpeed="25.37" meanSpeedRelative="0.79" duration="2"/>
    <step time="6900.00" loaded="3415" inserted="3415" running="112" waiting="0" ended="3303" arrived="3303" collisions="4" teleports="4" halting="0" stopped="0" meanWaitingTime="0.35" meanTravelTime="253.51" meanSpeed="25.26" meanSpeedRelative="0.79" duration="1"/>
    <step time="7200.00" loaded="3543" inserted="3542" running="119" waiting="1" ended="3423" arrived="3423" collisions="4" teleports="4" halting="0" stopped="0" meanWaitingTime="0.35" meanTravelTime="253.84" meanSpeed="24.76" meanSpeedRelative="0.77" duration="86"/>
    <step time="7500.00" loaded="3692" inserted="3692" running="131" waiting="0" ended="3561" arrived="3561" collisions="4" teleports="4" halting="0" stopped="0" meanWaitingTime="0.35" meanTravelTime="253.52" meanSpeed="24.47" meanSpeedRelative="0.76" duration="1"/>
    <step time="7800.00" loaded="3842" inserted="3842" running="125" waiting="0" ended="3717" arrived="3717" collisions="4" teleports="4" halting="2" stopped="0" meanWaitingTime="0.36" meanTravelTime="253.77" meanSpeed="25.07" meanSpeedRelative="0.78" duration="1"/>
    <step time="8100.00" loaded="3983" inserted="3983" running="119" waiting="0" ended="3864" arrived="3864" collisions="4" teleports="4" halting="0" stopped="0" meanWaitingTime="0.36" meanTravelTime="254.56" meanSpeed="23.93" meanSpeedRelative="0.75" duration="1"/>
    <step time="8400.00" loaded="4152" inserted="4152" running="130" waiting="0" ended="4022" arrived="4022" collisions="4" teleports="4" halting="1" stopped="0" meanWaitingTime="0.38" meanTravelTime="253.29" meanSpeed="24.29" meanSpeedRelative="0.76" duration="0"/>
    <step time="8700.00" loaded="4326" inserted="4325" running="150" waiting="1" ended="4175" arrived="4175" collisions="4" teleports="4" halting="1" stopped="0" meanWaitingTime="0.38" meanTravelTime="253.14" meanSpeed="25.27" meanSpeedRelative="0.79" duration="1"/>
    <step time="9000.00" loaded="4483" inserted="4483" running="133" waiting="0" ended="4350" arrived="4350" collisions="4" teleports="4" halting="1" stopped="0" meanWaitingTime="0.39" meanTravelTime="253.34" meanSpeed="25.13" meanSpeedRelative="0.79" duration="1"/>
    <step time="9300.00" loaded="4612" inserted="4612" running="127" waiting="0" ended="4485" arrived="4485" collisions="4" teleports="4" halting="1" stopped="0" meanWaitingTime="0.39" meanTravelTime="253.02" meanSpeed="24.75" meanSpeedRelative="0.77" duration="1"/>
    <step time="9600.00" loaded="4758" inserted="4758" running="127" waiting="0" ended="4631" arrived="4631" collisions="4" teleports="4" halting="0" stopped="0" meanWaitingTime="0.38" meanTravelTime="253.89" meanSpeed="25.02" meanSpeedRelative="0.78" duration="1"/>
    <step time="9900.00" loaded="4908" inserted="4907" running="123" waiting="1" ended="4784" arrived="4784" collisions="4" teleports="4" halting="0" stopped="0" meanWaitingTime="0.38" meanTravelTime="254.38" meanSpeed="24.83" meanSpeedRelative="0.78" duration="1"/>
    <step time="10200.00" loaded="5058" inserted="5058" running="122" waiting="0" ended="4936" arrived="4936" collisions="4" teleports="4" halting="0" stopped="0" meanWaitingTime="0.37" meanTravelTime="254.23" meanSpeed="26.00" meanSpeedRelative="0.81" duration="1"/>
    <step time="10500.00" loaded="5221" inserted="5221" running="135" waiting="0" ended="5086" arrived="5086" collisions="4" teleports="4" halting="0" stopped="0" meanWaitingTime="0.38" meanTravelTime="253.73" meanSpeed="25.94" meanSpeedRelative="0.81" duration="1"/>
    <step time="10800.00" loaded="5380" inserted="5379" running="133" waiting="1" ended="5246" arrived="5246" collisions="4" teleports="4" halting="0" stopped="0" meanWaitingTime="0.38" meanTravelTime="253.51" meanSpeed="25.54" meanSpeedRelative="0.80" duration="87"/>
    <step time="11100.00" loaded="5522" inserted="5522" running="117" waiting="0" ended="5405" arrived="5405" collisions="4" teleports="4" halting="3" stopped="0" meanWaitingTime="0.38" meanTravelTime="253.96" meanSpeed="26.03" meanSpeedRelative="0.81" duration="1"/>
    <step time="11400.00" loaded="5674" inserted="5674" running="115" waiting="0" ended="5559" arrived="5559" collisions="5" teleports="5" halting="0" stopped="0" meanWaitingTime="0.38" meanTravelTime="253.80" meanSpeed="24.61" meanSpeedRelative="0.77" duration="1"/>
    <step time="11700.00" loaded="5838" inserted="5838" running="113" waiting="0" ended="5725" arrived="5725" collisions="5" teleports="5" halting="0" stopped="0" meanWaitingTime="0.37" meanTravelTime="252.44" meanSpeed="25.42" meanSpeedRelative="0.79" duration="1"/>
    <step time="12000.00" loaded="5978" inserted="5978" running="113" waiting="0" ended="5865" arrived="5865" collisions="5" teleports="5" halting="1" stopped="0" meanWaitingTime="0.38" meanTravelTime="251.62" meanSpeed="25.10" meanSpeedRelative="0.78" duration="1"/>
    <step time="12300.00" loaded="6140" inserted="6140" running="117" waiting="0" ended="6023" arrived="6023" collisions="5" teleports="5" halting="2" stopped="0" meanWaitingTime="0.39" meanTravelTime="251.51" meanSpeed="25.59" meanSpeedRelative="0.80" duration="0"/>
    <step time="12600.00" loaded="6267" inserted="6267" running="102" waiting="0" ended="6165" arrived="6165" collisions="5" teleports="5" halting="0" stopped="0" meanWaitingTime="0.39" meanTravelTime="250.94" meanSpeed="25.16" meanSpeedRelative="0.79" duration="0"/>
    <step time="12900.00" loaded="6417" inserted="6417" running="103" waiting="0" ended="6314" arrived="6314" collisions="5" teleports="5" halting="0" stopped="0" meanWaitingTime="0.39" meanTravelTime="250.18" meanSpeed="24.91" meanSpeedRelative="0.78" duration="1"/>
    <step time="13200.00" loaded="6564" inserted="6564" running="116" waiting="0" ended="6448" arrived="6448" collisions="5" teleports="5" halting="1" stopped="0" meanWaitingTime="0.39" meanTravelTime="249.58" meanSpeed="25.54" meanSpeedRelative="0.80" duration="1"/>
    <step time="13500.00" loaded="6693" inserted="6693" running="95" waiting="0" ended="6598" arrived="6598" collisions="5" teleports="5" halting="1" stopped="0" meanWaitingTime="0.38" meanTravelTime="249.06" meanSpeed="25.84" meanSpeedRelative="0.81" duration="1"/>
    <step time="13800.00" loaded="6825" inserted="6825" running="99" waiting="0" ended="6726" arrived="6726" collisions="5" teleports="5" halting="0" stopped="0" meanWaitingTime="0.38" meanTravelTime="248.94" meanSpeed="25.40" meanSpeedRelative="0.79" duration="1"/>
    <step time="14100.00" loaded="6960" inserted="6960" running="94" waiting="0" ended="6866" arrived="6866" collisions="5" teleports="5" halting="0" stopped="0" meanWaitingTime="0.38" meanTravelTime="247.83" meanSpeed="25.52" meanSpeedRelative="0.80" duration="1"/>
    <step time="14400.00" loaded="7120" inserted="7120" running="122" waiting="0" ended="6998" arrived="6998" collisions="5" teleports="5" halting="0" stopped="0" meanWaitingTime="0.38" meanTravelTime="247.47" meanSpeed="24.88" meanSpeedRelative="0.78" duration="87"/>
    <step time="14700.00" loaded="7227" inserted="7227" running="91" waiting="0" ended="7136" arrived="7136" collisions="5" teleports="5" halting="0" stopped="0" meanWaitingTime="0.37" meanTravelTime="246.97" meanSpeed="24.97" meanSpeedRelative="0.78" duration="0"/>
    <step time="15000.00" loaded="7328" inserted="7328" running="74" waiting="0" ended="7254" arrived="7254" collisions="5" teleports="5" halting="0" stopped="0" meanWaitingTime="0.37" meanTravelTime="247.15" meanSpeed="25.90" meanSpeedRelative="0.81" duration="0"/>
    <step time="15300.00" loaded="7417" inserted="7417" running="66" waiting="0" ended="7351" arrived="7351" collisions="5" teleports="5" halting="0" stopped="0" meanWaitingTime="0.37" meanTravelTime="247.06" meanSpeed="26.18" meanSpeedRelative="0.82" duration="0"/>
    <step time="15600.00" loaded="7507" inserted="7506" running="66" waiting="1" ended="7440" arrived="7440" collisions="5" teleports="5" halting="1" stopped="0" meanWaitingTime="0.37" meanTravelTime="246.93" meanSpeed="25.54" meanSpeedRelative="0.80" duration="0"/>
    <step time="15900.00" loaded="7588" inserted="7588" running="59" waiting="0" ended="7529" arrived="7529" collisions="5" teleports="5" halting="1" stopped="0" meanWaitingTime="0.36" meanTravelTime="246.77" meanSpeed="25.34" meanSpeedRelative="0.79" duration="0"/>
    <step time="16200.00" loaded="7676" inserted="7676" running="67" waiting="0" ended="7609" arrived="7609" collisions="5" teleports="5" halting="0" stopped="0" meanWaitingTime="0.36" meanTravelTime="246.17" meanSpeed="24.46" meanSpeedRelative="0.76" duration="1"/>
    <step time="16500.00" loaded="7786" inserted="7786" running="84" waiting="0" ended="7702" arrived="7702" collisions="5" teleports="5" halting="1" stopped="0" meanWaitingTime="0.36" meanTravelTime="245.93" meanSpeed="24.04" meanSpeedRelative="0.75" duration="1"/>
    <step time="16800.00" loaded="7905" inserted="7905" running="78" waiting="0" ended="7827" arrived="7827" collisions="5" teleports="5" halting="0" stopped="0" meanWaitingTime="0.36" meanTravelTime="245.09" meanSpeed="26.82" meanSpeedRelative="0.84" duration="0"/>
    <step time="17100.00" loaded="7998" inserted="7998" running="57" waiting="0" ended="7941" arrived="7941" collisions="5" teleports="5" halting="0" stopped="0" meanWaitingTime="0.36" meanTravelTime="244.46" meanSpeed="25.46" meanSpeedRelative="0.80" duration="1"/>
    <step time="17400.00" loaded="8096" inserted="8096" running="69" waiting="0" ended="8027" arrived="8027" collisions="5" teleports="5" halting="0" stopped="0" meanWaitingTime="0.36" meanTravelTime="244.03" meanSpeed="25.08" meanSpeedRelative="0.78" duration="0"/>
    <step time="17700.00" loaded="8193" inserted="8193" running="69" waiting="0" ended="8124" arrived="8124" collisions="5" teleports="5" halting="0" stopped="0" meanWaitingTime="0.36" meanTravelTime="243.41" meanSpeed="24.54" meanSpeedRelative="0.77" duration="0"/>
    <step time="18000.00" loaded="8297" inserted="8297" running="70" waiting="0" ended="8227" arrived="8227" collisions="5" teleports="5" halting="1" stopped="0" meanWaitingTime="0.36" meanTravelTime="243.02" meanSpeed="26.40" meanSpeedRelative="0.83" duration="82"/>
    <step time="18300.00" loaded="8474" inserted="8474" running="133" waiting="0" ended="8341" arrived="8341" collisions="6" teleports="6" halting="2" stopped="0" meanWaitingTime="0.36" meanTravelTime="242.26" meanSpeed="25.85" meanSpeedRelative="0.81" duration="1"/>
    <step time="18600.00" loaded="8676" inserted="8676" running="165" waiting="0" ended="8511" arrived="8511" collisions="6" teleports="6" halting="0" stopped="0" meanWaitingTime="0.36" meanTravelTime="241.72" meanSpeed="25.41" meanSpeedRelative="0.79" duration="1"/>
    <step time="18900.00" loaded="8850" inserted="8850" running="147" waiting="0" ended="8703" arrived="8703" collisions="6" teleports="6" halting="1" stopped="0" meanWaitingTime="0.36" meanTravelTime="241.29" meanSpeed="25.47" meanSpeedRelative="0.80" duration="1"/>
    <step time="19200.00" loaded="9035" inserted="9035" running="149" waiting="0" ended="8886" arrived="8886" collisions="6" teleports="6" halting="1" stopped="0" meanWaitingTime="0.37" meanTravelTime="241.66" meanSpeed="24.76" meanSpeedRelative="0.77" duration="1"/>
    <step time="19500.00" loaded="9226" inserted="9226" running="161" waiting="0" ended="9065" arrived="9065" collisions="6" teleports="6" halting="1" stopped="0" meanWaitingTime="0.38" meanTravelTime="241.88" meanSpeed="25.47" meanSpeedRelative="0.80" duration="1"/>
    <step time="19800.00" loaded="9416" inserted="9416" running="155" waiting="0" ended="9261" arrived="9261" collisions="6" teleports="6" halting="1" stopped="0" meanWaitingTime="0.38" meanTravelTime="241.80" meanSpeed="25.66" meanSpeedRelative="0.80" duration="1"/>
    <step time="20100.00" loaded="9608" inserted="9608" running="151" waiting="0" ended="9457" arrived="9457" collisions="6" teleports="6" halting="0" stopped="0" meanWaitingTime="0.38" meanTravelTime="241.57" meanSpeed="25.12" meanSpeedRelative="0.79" duration="1"/>
    <step time="20400.00" loaded="9803" inserted="9803" running="151" waiting="0" ended="9652" arrived="9652" collisions="6" teleports="6" halting="3" stopped="0" meanWaitingTime="0.38" meanTravelTime="240.98" meanSpeed="24.48" meanSpeedRelative="0.77" duration="1"/>
    <step time="20700.00" loaded="10003" inserted="10002" running="164" waiting="1" ended="9838" arrived="9838" collisions="6" teleports="6" halting="0" stopped="0" meanWaitingTime="0.38" meanTravelTime="241.36" meanSpeed="25.11" meanSpeedRelative="0.78" duration="1"/>
    <step time="21000.00" loaded="10212" inserted="10211" running="167" waiting="1" ended="10044" arrived="10044" collisions="6" teleports="6" halting="0" stopped="0" meanWaitingTime="0.38" meanTravelTime="241.30" meanSpeed="24.94" meanSpeedRelative="0.78" duration="1"/>
    <step time="21300.00" loaded="10394" inserted="10393" running="151" waiting="1" ended="10242" arrived="10242" collisions="6" teleports="6" halting="0" stopped="0" meanWaitingTime="0.38" meanTravelTime="241.64" meanSpeed="25.05" meanSpeedRelative="0.78" duration="1"/>
    <step time="21600.00" loaded="10614" inserted="10614" running="157" waiting="0" ended="10457" arrived="10457" collisions="6" teleports="6" halting="2" stopped="0" meanWaitingTime="0.40" meanTravelTime="241.66" meanSpeed="24.82" meanSpeedRelative="0.78" duration="80"/>
    <step time="21900.00" loaded="11069" inserted="11044" running="326" waiting="25" ended="10718" arrived="10718" collisions="6" teleports="6" halting="1" stopped="0" meanWaitingTime="0.76" meanTravelTime="240.51" meanSpeed="22.24" meanSpeedRelative="0.70" duration="1"/>
    <step time="22200.00" loaded="11548" inserted="11503" running="435" waiting="45" ended="11068" arrived="11068" collisions="6" teleports="6" halting="2" stopped="0" meanWaitingTime="1.69" meanTravelTime="240.05" meanSpeed="21.05" meanSpeedRelative="0.66" duration="3"/>
    <step time="22500.00" loaded="11989" inserted="11931" running="474" waiting="58" ended="11457" arrived="11457" collisions="6" teleports="6" halting="0" stopped="0" meanWaitingTime="3.00" meanTravelTime="241.60" meanSpeed="20.90" meanSpeedRelative="0.65" duration="2"/>
    <step time="22800.00" loaded="12477" inserted="12395" running="515" waiting="82" ended="11880" arrived="11880" collisions="8" teleports="8" halting="3" stopped="0" meanWaitingTime="4.48" meanTravelTime="243.85" meanSpeed="19.09" meanSpeedRelative="0.60" duration="4"/>
    <step time="23100.00" loaded="12936" inserted="12819" running="528" waiting="117" ended="12291" arrived="12291" collisions="8" teleports="8" halting="18" stopped="0" meanWaitingTime="6.19" meanTravelTime="247.56" meanSpeed="19.67" meanSpeedRelative="0.61" duration="2"/>
    <step time="23400.00" loaded="13418" inserted="13249" running="514" waiting="169" ended="12735" arrived="12735" collisions="8" teleports="8" halting="5" stopped="0" meanWaitingTime="8.40" meanTravelTime="251.51" meanSpeed="18.97" meanSpeedRelative="0.59" duration="2"/>
    <step time="23700.00" loaded="13828" inserted="13660" running="494" waiting="168" ended="13166" arrived="13166" collisions="9" teleports="9" halting="0" stopped="0" meanWaitingTime="11.68" meanTravelTime="254.85" meanSpeed="20.84" meanSpeedRelative="0.65" duration="3"/>
    <step time="24000.00" loaded="14334" inserted="14117" running="538" waiting="217" ended="13579" arrived="13579" collisions="11" teleports="11" halting="10" stopped="0" meanWaitingTime="14.76" meanTravelTime="258.10" meanSpeed="18.91" meanSpeedRelative="0.59" duration="3"/>
    <step time="24300.00" loaded="14790" inserted="14530" running="494" waiting="260" ended="14036" arrived="14036" collisions="12" teleports="12" halting="3" stopped="0" meanWaitingTime="18.01" meanTravelTime="261.36" meanSpeed="19.43" meanSpeedRelative="0.61" duration="3"/>
    <step time="24600.00" loaded="15241" inserted="14964" running="486" waiting="277" ended="14478" arrived="14478" collisions="13" teleports="13" halting="2" stopped="0" meanWaitingTime="22.23" meanTravelTime="263.68" meanSpeed="20.33" meanSpeedRelative="0.64" duration="2"/>
    <step time="24900.00" loaded="15695" inserted="15391" running="477" waiting="304" ended="14914" arrived="14914" collisions="14" teleports="14" halting="11" stopped="0" meanWaitingTime="26.74" meanTravelTime="265.98" meanSpeed="18.93" meanSpeedRelative="0.59" duration="3"/>
    <step time="25200.00" loaded="16150" inserted="15804" running="462" waiting="346" ended="15342" arrived="15342" collisions="14" teleports="14" halting="12" stopped="0" meanWaitingTime="31.61" meanTravelTime="268.35" meanSpeed="20.38" meanSpeedRelative="0.64" duration="89"/>
    <step time="25500.00" loaded="16709" inserted="16289" running="523" waiting="420" ended="15766" arrived="15766" collisions="15" teleports="15" halting="13" stopped="0" meanWaitingTime="36.81" meanTravelTime="269.73" meanSpeed="19.42" meanSpeedRelative="0.61" duration="2"/>
    <step time="25800.00" loaded="17262" inserted="16738" running="531" waiting="524" ended="16207" arrived="16207" collisions="17" teleports="17" halting="4" stopped="0" meanWaitingTime="41.76" meanTravelTime="271.47" meanSpeed="18.56" meanSpeedRelative="0.58" duration="4"/>
    <step time="26100.00" loaded="17846" inserted="17200" running="556" waiting="646" ended="16644" arrived="16644" collisions="21" teleports="21" halting="6" stopped="0" meanWaitingTime="47.40" meanTravelTime="273.71" meanSpeed="18.00" meanSpeedRelative="0.56" duration="3"/>
    <step time="26400.00" loaded="18392" inserted="17661" running="531" waiting="731" ended="17130" arrived="17130" collisions="23" teleports="23" halting="16" stopped="0" meanWaitingTime="53.65" meanTravelTime="275.53" meanSpeed="19.03" meanSpeedRelative="0.59" duration="3"/>
    <step time="26700.00" loaded="18929" inserted="18091" running="520" waiting="838" ended="17571" arrived="17571" collisions="24" teleports="24" halting="15" stopped="0" meanWaitingTime="61.29" meanTravelTime="277.54" meanSpeed="17.45" meanSpeedRelative="0.55" duration="2"/>
    <step time="27000.00" loaded="19488" inserted="18565" running="553" waiting="923" ended="18012" arrived="18012" collisions="26" teleports="26" halting="8" stopped="0" meanWaitingTime="68.91" meanTravelTime="279.39" meanSpeed="18.43" meanSpeedRelative="0.58" duration="3"/>
    <step time="27300.00" loaded="20043" inserted="19022" running="545" waiting="1021" ended="18477" arrived="18477" collisions="28" teleports="28" halting="14" stopped="0" meanWaitingTime="77.44" meanTravelTime="281.89" meanSpeed="18.50" meanSpeedRelative="0.58" duration="3"/>
    <step time="27600.00" loaded="20605" inserted="19475" running="528" waiting="1130" ended="18947" arrived="18947" collisions="28" teleports="28" halting="12" stopped="0" meanWaitingTime="86.11" meanTravelTime="283.64" meanSpeed="18.87" meanSpeedRelative="0.59" duration="4"/>
    <step time="27900.00" loaded="21167" inserted="19964" running="565" waiting="1203" ended="19399" arrived="19399" collisions="30" teleports="30" halting="10" stopped="0" meanWaitingTime="96.24" meanTravelTime="285.12" meanSpeed="18.83" meanSpeedRelative="0.59" duration="3"/>
    <step time="28200.00" loaded="21713" inserted="20431" running="555" waiting="1282" ended="19876" arrived="19876" collisions="31" teleports="31" halting="17" stopped="0" meanWaitingTime="106.50" meanTravelTime="286.98" meanSpeed="18.18" meanSpeedRelative="0.57" duration="3"/>
    <step time="28500.00" loaded="22277" inserted="20868" running="540" waiting="1409" ended="20328" arrived="20328" collisions="32" teleports="32" halting="7" stopped="0" meanWaitingTime="115.76" meanTravelTime="288.61" meanSpeed="19.44" meanSpeedRelative="0.61" duration="3"/>
    <step time="28800.00" loaded="22807" inserted="21304" running="518" waiting="1503" ended="20786" arrived="20786" collisions="33" teleports="33" halting="2" stopped="0" meanWaitingTime="126.79" meanTravelTime="289.96" meanSpeed="18.39" meanSpeedRelative="0.57" duration="93"/>
    <step time="29100.00" loaded="23154" inserted="21687" running="530" waiting="1467" ended="21157" arrived="21157" collisions="33" teleports="33" halting="17" stopped="0" meanWaitingTime="137.07" meanTravelTime="291.45" meanSpeed="18.54" meanSpeedRelative="0.58" duration="5"/>
    <step time="29400.00" loaded="23513" inserted="22093" running="520" waiting="1420" ended="21573" arrived="21573" collisions="34" teleports="34" halting="4" stopped="0" meanWaitingTime="149.55" meanTravelTime="293.70" meanSpeed="17.97" meanSpeedRelative="0.56" duration="3"/>
    <step time="29700.00" loaded="23844" inserted="22517" running="530" waiting="1327" ended="21987" arrived="21987" collisions="34" teleports="34" halting="5" stopped="0" meanWaitingTime="163.53" meanTravelTime="295.27" meanSpeed="18.36" meanSpeedRelative="0.57" duration="3"/>
    <step time="30000.00" loaded="24201" inserted="22920" running="473" waiting="1281" ended="22447" arrived="22447" collisions="35" teleports="35" halting="14" stopped="0" meanWaitingTime="174.97" meanTravelTime="296.97" meanSpeed="19.56" meanSpeedRelative="0.61" duration="3"/>
    <step time="30300.00" loaded="24573" inserted="23340" running="461" waiting="1233" ended="22879" arrived="22879" collisions="36" teleports="36" halting="4" stopped="0" meanWaitingTime="186.64" meanTravelTime="297.82" meanSpeed="19.52" meanSpeedRelative="0.61" duration="2"/>
    <step time="30600.00" loaded="24932" inserted="23745" running="469" waiting="1187" ended="23276" arrived="23276" collisions="38" teleports="38" halting="4" stopped="0" meanWaitingTime="197.64" meanTravelTime="298.56" meanSpeed="19.92" meanSpeedRelative="0.62" duration="3"/>
    <step time="30900.00" loaded="25291" inserted="24143" running="423" waiting="1148" ended="23720" arrived="23720" collisions="38" teleports="38" halting="10" stopped="0" meanWaitingTime="209.90" meanTravelTime="299.27" meanSpeed="19.83" meanSpeedRelative="0.62" duration="3"/>
    <step time="31200.00" loaded="25636" inserted="24562" running="436" waiting="1074" ended="24126" arrived="24126" collisions="38" teleports="38" halting="5" stopped="0" meanWaitingTime="222.11" meanTravelTime="299.47" meanSpeed="20.21" meanSpeedRelative="0.63" duration="3"/>
    <step time="31500.00" loaded="25966" inserted="24960" running="412" waiting="1006" ended="24548" arrived="24548" collisions="41" teleports="41" halting="3" stopped="0" meanWaitingTime="231.52" meanTravelTime="299.54" meanSpeed="20.40" meanSpeedRelative="0.64" duration="2"/>
    <step time="31800.00" loaded="26340" inserted="25345" running="395" waiting="995" ended="24950" arrived="24950" collisions="41" teleports="41" halting="0" stopped="0" meanWaitingTime="241.56" meanTravelTime="299.81" meanSpeed="21.37" meanSpeedRelative="0.67" duration="4"/>
    <step time="32100.00" loaded="26699" inserted="25741" running="393" waiting="958" ended="25348" arrived="25348" collisions="42" teleports="42" halting="8" stopped="0" meanWaitingTime="252.39" meanTravelTime="299.72" meanSpeed="20.91" meanSpeedRelative="0.65" duration="2"/>
    <step time="32400.00" loaded="27063" inserted="26144" running="393" waiting="919" ended="25751" arrived="25751" collisions="42" teleports="42" halting="8" stopped="0" meanWaitingTime="261.99" meanTravelTime="299.84" meanSpeed="21.00" meanSpeedRelative="0.66" duration="88"/>
    <step time="32700.00" loaded="27311" inserted="26464" running="336" waiting="847" ended="26128" arrived="26128" collisions="42" teleports="42" halting="2" stopped="0" meanWaitingTime="271.55" meanTravelTime="299.69" meanSpeed="19.67" meanSpeedRelative="0.61" duration="2"/>
    <step time="33000.00" loaded="27603" inserted="26814" running="350" waiting="789" ended="26464" arrived="26464" collisions="43" teleports="43" halting="17" stopped="0" meanWaitingTime="279.99" meanTravelTime="299.70" meanSpeed="20.11" meanSpeedRelative="0.63" duration="3"/>
    <step time="33300.00" loaded="27870" inserted="27158" running="321" waiting="712" ended="26837" arrived="26837" collisions="45" teleports="45" halting="2" stopped="0" meanWaitingTime="288.53" meanTravelTime="299.52" meanSpeed="20.36" meanSpeedRelative="0.64" duration="2"/>
    <step time="33600.00" loaded="28148" inserted="27480" running="318" waiting="668" ended="27162" arrived="27162" collisions="48" teleports="48" halting="16" stopped="0" meanWaitingTime="293.98" meanTravelTime="299.50" meanSpeed="20.23" meanSpeedRelative="0.63" duration="2"/>
    <step time="33900.00" loaded="28433" inserted="27843" running="343" waiting="590" ended="27500" arrived="27500" collisions="48" teleports="48" halting="5" stopped="0" meanWaitingTime="302.47" meanTravelTime="299.41" meanSpeed="20.48" meanSpeedRelative="0.64" duration="2"/>
    <step time="34200.00" loaded="28701" inserted="28158" running="314" waiting="543" ended="27844" arrived="27844" collisions="49" teleports="49" halting="11" stopped="0" meanWaitingTime="305.80" meanTravelTime="299.11" meanSpeed="20.05" meanSpeedRelative="0.63" duration="2"/>
    <step time="34500.00" loaded="28969" inserted="28479" running="294" waiting="490" ended="28185" arrived="28185" collisions="49" teleports="49" halting="2" stopped="0" meanWaitingTime="312.21" meanTravelTime="298.98" meanSpeed="21.22" meanSpeedRelative="0.66" duration="3"/>
    <step time="34800.00" loaded="29222" inserted="28812" running="315" waiting="410" ended="28497" arrived="28497" collisions="50" teleports="50" halting="1" stopped="0" meanWaitingTime="319.87" meanTravelTime="298.76" meanSpeed="20.69" meanSpeedRelative="0.65" duration="2"/>
    <step time="35100.00" loaded="29490" inserted="29123" running="302" waiting="367" ended="28821" arrived="28821" collisions="51" teleports="51" halting="0" stopped="0" meanWaitingTime="324.28" meanTravelTime="298.45" meanSpeed="22.03" meanSpeedRelative="0.69" duration="1"/>
    <step time="35400.00" loaded="29765" inserted="29447" running="304" waiting="318" ended="29143" arrived="29143" collisions="51" teleports="51" halting="3" stopped="0" meanWaitingTime="328.97" meanTravelTime="298.34" meanSpeed="21.45" meanSpeedRelative="0.67" duration="2"/>
    <step time="35700.00" loaded="30007" inserted="29763" running="294" waiting="244" ended="29469" arrived="29469" collisions="52" teleports="52" halting="0" stopped="0" meanWaitingTime="331.71" meanTravelTime="298.34" meanSpeed="20.70" meanSpeedRelative="0.65" duration="2"/>
    <step time="36000.00" loaded="30273" inserted="30096" running="308" waiting="177" ended="29788" arrived="29788" collisions="52" teleports="52" halting="2" stopped="0" meanWaitingTime="332.37" meanTravelTime="297.95" meanSpeed="21.37" meanSpeedRelative="0.67" duration="83"/>
    <step time="36300.00" loaded="30739" inserted="30558" running="413" waiting="181" ended="30145" arrived="30145" collisions="54" teleports="54" halting="7" stopped="0" meanWaitingTime="330.36" meanTravelTime="297.69" meanSpeed="21.60" meanSpeedRelative="0.68" duration="3"/>
    <step time="36600.00" loaded="31229" inserted="31016" running="467" waiting="213" ended="30549" arrived="30549" collisions="55" teleports="55" halting="1" stopped="0" meanWaitingTime="327.83" meanTravelTime="297.46" meanSpeed="20.54" meanSpeedRelative="0.64" duration="2"/>
    <step time="36900.00" loaded="31717" inserted="31485" running="486" waiting="232" ended="30999" arrived="30999" collisions="55" teleports="55" halting="2" stopped="0" meanWaitingTime="325.42" meanTravelTime="297.44" meanSpeed="20.41" meanSpeedRelative="0.64" duration="2"/>
    <step time="37200.00" loaded="32184" inserted="31935" running="500" waiting="249" ended="31435" arrived="31435" collisions="55" teleports="55" halting="1" stopped="0" meanWaitingTime="323.00" meanTravelTime="297.40" meanSpeed="20.36" meanSpeedRelative="0.64" duration="3"/>
    <step time="37500.00" loaded="32703" inserted="32412" running="516" waiting="291" ended="31896" arrived="31896" collisions="58" teleports="58" halting="2" stopped="0" meanWaitingTime="320.40" meanTravelTime="298.05" meanSpeed="19.74" meanSpeedRelative="0.62" duration="4"/>
    <step time="37800.00" loaded="33123" inserted="32832" running="484" waiting="291" ended="32348" arrived="32348" collisions="58" teleports="58" halting="3" stopped="0" meanWaitingTime="318.57" meanTravelTime="298.50" meanSpeed="20.17" meanSpeedRelative="0.63" duration="3"/>
    <step time="38100.00" loaded="33581" inserted="33260" running="452" waiting="321" ended="32808" arrived="32808" collisions="60" teleports="60" halting="3" stopped="0" meanWaitingTime="316.80" meanTravelTime="299.05" meanSpeed="19.99" meanSpeedRelative="0.62" duration="2"/>
    <step time="38400.00" loaded="34066" inserted="33728" running="509" waiting="338" ended="33219" arrived="33219" collisions="61" teleports="61" halting="14" stopped="0" meanWaitingTime="314.91" meanTravelTime="299.35" meanSpeed="19.20" meanSpeedRelative="0.60" duration="3"/>
    <step time="38700.00" loaded="34526" inserted="34157" running="489" waiting="369" ended="33668" arrived="33668" collisions="62" teleports="62" halting="8" stopped="0" meanWaitingTime="313.61" meanTravelTime="299.82" meanSpeed="18.92" meanSpeedRelative="0.59" duration="2"/>
    <step time="39000.00" loaded="35007" inserted="34583" running="488" waiting="424" ended="34095" arrived="34095" collisions="62" teleports="62" halting="22" stopped="0" meanWaitingTime="312.51" meanTravelTime="300.15" meanSpeed="19.49" meanSpeedRelative="0.61" duration="3"/>
    <step time="39300.00" loaded="35470" inserted="35004" running="476" waiting="466" ended="34528" arrived="34528" collisions="64" teleports="64" halting="2" stopped="0" meanWaitingTime="311.81" meanTravelTime="300.33" meanSpeed="20.51" meanSpeedRelative="0.64" duration="2"/>
    <step time="39600.00" loaded="35957" inserted="35467" running="503" waiting="490" ended="34964" arrived="34964" collisions="66" teleports="66" halting="2" stopped="0" meanWaitingTime="310.95" meanTravelTime="301.14" meanSpeed="19.91" meanSpeedRelative="0.62" duration="92"/>
    <step time="39900.00" loaded="36462" inserted="35930" running="525" waiting="532" ended="35405" arrived="35405" collisions="67" teleports="67" halting="15" stopped="0" meanWaitingTime="310.46" meanTravelTime="301.37" meanSpeed="19.07" meanSpeedRelative="0.60" duration="3"/>
    <step time="40200.00" loaded="36966" inserted="36421" running="560" waiting="545" ended="35861" arrived="35861" collisions="68" teleports="68" halting="10" stopped="0" meanWaitingTime="310.57" meanTravelTime="301.77" meanSpeed="18.91" meanSpeedRelative="0.59" duration="4"/>
    <step time="40500.00" loaded="37443" inserted="36844" running="541" waiting="599" ended="36303" arrived="36303" collisions="68" teleports="68" halting="25" stopped="0" meanWaitingTime="310.36" meanTravelTime="302.66" meanSpeed="18.55" meanSpeedRelative="0.58" duration="3"/>
    <step time="40800.00" loaded="37958" inserted="37309" running="545" waiting="649" ended="36764" arrived="36764" collisions="70" teleports="70" halting="3" stopped="0" meanWaitingTime="310.40" meanTravelTime="303.40" meanSpeed="18.99" meanSpeedRelative="0.59" duration="3"/>
    <step time="41100.00" loaded="38514" inserted="37831" running="601" waiting="683" ended="37230" arrived="37230" collisions="71" teleports="71" halting="6" stopped="0" meanWaitingTime="311.07" meanTravelTime="303.69" meanSpeed="17.90" meanSpeedRelative="0.56" duration="4"/>
    <step time="41400.00" loaded="39030" inserted="38306" running="600" waiting="724" ended="37706" arrived="37706" collisions="71" teleports="71" halting="9" stopped="0" meanWaitingTime="311.67" meanTravelTime="304.37" meanSpeed="17.90" meanSpeedRelative="0.56" duration="3"/>
    <step time="41700.00" loaded="39543" inserted="38780" running="626" waiting="763" ended="38154" arrived="38154" collisions="74" teleports="74" halting="20" stopped="0" meanWaitingTime="312.73" meanTravelTime="304.96" meanSpeed="16.13" meanSpeedRelative="0.50" duration="4"/>
    <step time="42000.00" loaded="40061" inserted="39235" running="607" waiting="826" ended="38628" arrived="38628" collisions="74" teleports="74" halting="14" stopped="0" meanWaitingTime="313.30" meanTravelTime="305.91" meanSpeed="17.46" meanSpeedRelative="0.55" duration="3"/>
    <step time="42300.00" loaded="40590" inserted="39710" running="590" waiting="880" ended="39120" arrived="39120" collisions="77" teleports="77" halting="4" stopped="0" meanWaitingTime="314.20" meanTravelTime="307.23" meanSpeed="17.99" meanSpeedRelative="0.56" duration="3"/>
    <step time="42600.00" loaded="41114" inserted="40220" running="601" waiting="894" ended="39619" arrived="39619" collisions="79" teleports="79" halting="2" stopped="0" meanWaitingTime="315.89" meanTravelTime="308.04" meanSpeed="17.70" meanSpeedRelative="0.55" duration="3"/>
    <step time="42900.00" loaded="41675" inserted="40693" running="578" waiting="982" ended="40115" arrived="40115" collisions="80" teleports="80" halting="17" stopped="0" meanWaitingTime="317.44" meanTravelTime="308.61" meanSpeed="18.53" meanSpeedRelative="0.58" duration="5"/>
    <step time="43200.00" loaded="42174" inserted="41187" running="595" waiting="987" ended="40592" arrived="40592" collisions="83" teleports="83" halting="22" stopped="0" meanWaitingTime="320.08" meanTravelTime="309.33" meanSpeed="17.49" meanSpeedRelative="0.55" duration="92"/>
    <step time="43500.00" loaded="42739" inserted="41665" running="618" waiting="1074" ended="41047" arrived="41047" collisions="84" teleports="84" halting="17" stopped="0" meanWaitingTime="321.78" meanTravelTime="309.92" meanSpeed="17.95" meanSpeedRelative="0.56" duration="3"/>
    <step time="43800.00" loaded="43285" inserted="42129" running="607" waiting="1156" ended="41522" arrived="41522" collisions="86" teleports="86" halting="2" stopped="0" meanWaitingTime="323.58" meanTravelTime="310.86" meanSpeed="18.15" meanSpeedRelative="0.57" duration="3"/>
    <step time="44100.00" loaded="43831" inserted="42620" running="630" waiting="1211" ended="41990" arrived="41990" collisions="87" teleports="87" halting="11" stopped="0" meanWaitingTime="325.99" meanTravelTime="311.55" meanSpeed="17.80" meanSpeedRelative="0.56" duration="3"/>
    <step time="44400.00" loaded="44358" inserted="43088" running="624" waiting="1270" ended="42464" arrived="42464" collisions="90" teleports="90" halting="12" stopped="0" meanWaitingTime="328.17" meanTravelTime="312.69" meanSpeed="17.69" meanSpeedRelative="0.55" duration="4"/>
    <step time="44700.00" loaded="44890" inserted="43563" running="604" waiting="1327" ended="42959" arrived="42959" collisions="91" teleports="91" halting="10" stopped="0" meanWaitingTime="330.74" meanTravelTime="313.49" meanSpeed="17.99" meanSpeedRelative="0.56" duration="4"/>
    <step time="45000.00" loaded="45412" inserted="44016" running="601" waiting="1396" ended="43415" arrived="43415" collisions="91" teleports="91" halting="30" stopped="0" meanWaitingTime="332.60" meanTravelTime="314.29" meanSpeed="17.82" meanSpeedRelative="0.56" duration="4"/>
    <step time="45300.00" loaded="45953" inserted="44487" running="591" waiting="1466" ended="43896" arrived="43896" collisions="97" teleports="97" halting="11" stopped="0" meanWaitingTime="335.65" meanTravelTime="315.09" meanSpeed="18.19" meanSpeedRelative="0.57" duration="4"/>
    <step time="45600.00" loaded="46475" inserted="44975" running="610" waiting="1500" ended="44365" arrived="44365" collisions="98" teleports="98" halting="19" stopped="0" meanWaitingTime="340.06" meanTravelTime="315.78" meanSpeed="17.40" meanSpeedRelative="0.54" duration="3"/>
    <step time="45900.00" loaded="46984" inserted="45417" running="579" waiting="1567" ended="44838" arrived="44838" collisions="99" teleports="99" halting="2" stopped="0" meanWaitingTime="343.97" meanTravelTime="316.41" meanSpeed="18.08" meanSpeedRelative="0.56" duration="4"/>
    <step time="46200.00" loaded="47553" inserted="45922" running="625" waiting="1631" ended="45297" arrived="45297" collisions="99" teleports="99" halting="24" stopped="0" meanWaitingTime="347.89" meanTravelTime="317.03" meanSpeed="17.34" meanSpeedRelative="0.54" duration="4"/>
    <step time="46500.00" loaded="48062" inserted="46384" running="615" waiting="1678" ended="45769" arrived="45769" collisions="100" teleports="100" halting="5" stopped="0" meanWaitingTime="352.34" meanTravelTime="317.51" meanSpeed="17.77" meanSpeedRelative="0.56" duration="4"/>
    <step time="46800.00" loaded="48638" inserted="46926" running="669" waiting="1712" ended="46257" arrived="46257" collisions="103" teleports="103" halting="22" stopped="0" meanWaitingTime="357.06" meanTravelTime="318.30" meanSpeed="16.61" meanSpeedRelative="0.52" duration="96"/>
    <step time="47100.00" loaded="49163" inserted="47398" running="627" waiting="1765" ended="46771" arrived="46771" collisions="107" teleports="107" halting="19" stopped="0" meanWaitingTime="360.41" meanTravelTime="319.16" meanSpeed="17.20" meanSpeedRelative="0.54" duration="3"/>
    <step time="47400.00" loaded="49746" inserted="47890" running="641" waiting="1856" ended="47249" arrived="47249" collisions="112" teleports="112" halting="12" stopped="0" meanWaitingTime="365.94" meanTravelTime="319.83" meanSpeed="16.77" meanSpeedRelative="0.52" duration="4"/>
    <step time="47700.00" loaded="50290" inserted="48382" running="674" waiting="1908" ended="47708" arrived="47708" collisions="112" teleports="112" halting="15" stopped="0" meanWaitingTime="369.84" meanTravelTime="320.60" meanSpeed="16.83" meanSpeedRelative="0.53" duration="5"/>
    <step time="48000.00" loaded="50812" inserted="48890" running="698" waiting="1922" ended="48192" arrived="48192" collisions="113" teleports="113" halting="1" stopped="0" meanWaitingTime="375.84" meanTravelTime="321.27" meanSpeed="16.06" meanSpeedRelative="0.50" duration="4"/>
    <step time="48300.00" loaded="51325" inserted="49376" running="710" waiting="1949" ended="48666" arrived="48666" collisions="114" teleports="114" halting="8" stopped="0" meanWaitingTime="382.24" meanTravelTime="322.20" meanSpeed="16.66" meanSpeedRelative="0.52" duration="5"/>
    <step time="48600.00" loaded="51872" inserted="49868" running="717" waiting="2004" ended="49151" arrived="49151" collisions="118" teleports="118" halting="6" stopped="0" meanWaitingTime="386.80" meanTravelTime="323.21" meanSpeed="16.49" meanSpeedRelative="0.52" duration="5"/>
    <step time="48900.00" loaded="52411" inserted="50368" running="737" waiting="2043" ended="49631" arrived="49631" collisions="118" teleports="118" halting="4" stopped="0" meanWaitingTime="392.90" meanTravelTime="324.28" meanSpeed="15.66" meanSpeedRelative="0.49" duration="5"/>
    <step time="49200.00" loaded="52917" inserted="50860" running="743" waiting="2057" ended="50117" arrived="50117" collisions="123" teleports="123" halting="13" stopped="0" meanWaitingTime="400.25" meanTravelTime="325.32" meanSpeed="14.56" meanSpeedRelative="0.45" duration="5"/>
    <step time="49500.00" loaded="53395" inserted="51301" running="708" waiting="2094" ended="50593" arrived="50593" collisions="123" teleports="123" halting="25" stopped="0" meanWaitingTime="405.15" meanTravelTime="326.65" meanSpeed="15.37" meanSpeedRelative="0.48" duration="4"/>
    <step time="49800.00" loaded="53920" inserted="51775" running="693" waiting="2145" ended="51082" arrived="51082" collisions="124" teleports="124" halting="1" stopped="0" meanWaitingTime="410.56" meanTravelTime="327.95" meanSpeed="15.63" meanSpeedRelative="0.49" duration="4"/>
    <step time="50100.00" loaded="54447" inserted="52283" running="704" waiting="2164" ended="51579" arrived="51579" collisions="126" teleports="126" halting="12" stopped="0" meanWaitingTime="418.36" meanTravelTime="328.96" meanSpeed="16.03" meanSpeedRelative="0.50" duration="5"/>
    <step time="50400.00" loaded="55029" inserted="52795" running="746" waiting="2234" ended="52049" arrived="52049" collisions="129" teleports="129" halting="13" stopped="0" meanWaitingTime="424.82" meanTravelTime="330.00" meanSpeed="15.45" meanSpeedRelative="0.48" duration="95"/>
    <step time="50700.00" loaded="55725" inserted="53334" running="792" waiting="2391" ended="52542" arrived="52542" collisions="130" teleports="130" halting="14" stopped="0" meanWaitingTime="428.99" meanTravelTime="330.96" meanSpeed="15.31" meanSpeedRelative="0.48" duration="5"/>
    <step time="51000.00" loaded="56388" inserted="53862" running="834" waiting="2526" ended="53028" arrived="53028" collisions="133" teleports="133" halting="23" stopped="0" meanWaitingTime="434.78" meanTravelTime="331.98" meanSpeed="14.84" meanSpeedRelative="0.46" duration="5"/>
    <step time="51300.00" loaded="57124" inserted="54414" running="879" waiting="2710" ended="53535" arrived="53535" collisions="138" teleports="138" halting="18" stopped="0" meanWaitingTime="439.37" meanTravelTime="333.31" meanSpeed="14.33" meanSpeedRelative="0.45" duration="5"/>
    <step time="51600.00" loaded="57851" inserted="54968" running="910" waiting="2883" ended="54058" arrived="54058" collisions="142" teleports="142" halting="2" stopped="0" meanWaitingTime="445.09" meanTravelTime="334.87" meanSpeed="13.69" meanSpeedRelative="0.43" duration="6"/>
    <step time="51900.00" loaded="58566" inserted="55451" running="869" waiting="3115" ended="54582" arrived="54582" collisions="147" teleports="147" halting="20" stopped="0" meanWaitingTime="450.28" meanTravelTime="336.17" meanSpeed="13.80" meanSpeedRelative="0.43" duration="5"/>
    <step time="52200.00" loaded="59294" inserted="55986" running="911" waiting="3308" ended="55075" arrived="55075" collisions="149" teleports="149" halting="33" stopped="0" meanWaitingTime="455.93" meanTravelTime="337.68" meanSpeed="13.01" meanSpeedRelative="0.41" duration="4"/>
    <step time="52500.00" loaded="60026" inserted="56531" running="946" waiting="3495" ended="55585" arrived="55585" collisions="151" teleports="151" halting="8" stopped="0" meanWaitingTime="463.62" meanTravelTime="339.50" meanSpeed="13.30" meanSpeedRelative="0.42" duration="6"/>
    <step time="52800.00" loaded="60740" inserted="57088" running="1014" waiting="3652" ended="56074" arrived="56074" collisions="155" teleports="155" halting="5" stopped="0" meanWaitingTime="471.59" meanTravelTime="341.09" meanSpeed="13.13" meanSpeedRelative="0.41" duration="6"/>
    <step time="53100.00" loaded="61457" inserted="57622" running="1024" waiting="3835" ended="56598" arrived="56598" collisions="158" teleports="158" halting="25" stopped="0" meanWaitingTime="477.30" meanTravelTime="342.97" meanSpeed="12.87" meanSpeedRelative="0.40" duration="6"/>
    <step time="53400.00" loaded="62171" inserted="58158" running="1047" waiting="4013" ended="57111" arrived="57111" collisions="163" teleports="163" halting="40" stopped="0" meanWaitingTime="486.77" meanTravelTime="344.98" meanSpeed="12.29" meanSpeedRelative="0.38" duration="8"/>
    <step time="53700.00" loaded="62885" inserted="58660" running="1036" waiting="4225" ended="57624" arrived="57624" collisions="164" teleports="164" halting="7" stopped="0" meanWaitingTime="491.93" meanTravelTime="346.98" meanSpeed="12.37" meanSpeedRelative="0.39" duration="7"/>
    <step time="54000.00" loaded="63626" inserted="59184" running="1059" waiting="4442" ended="58125" arrived="58125" collisions="167" teleports="167" halting="50" stopped="0" meanWaitingTime="498.98" meanTravelTime="349.29" meanSpeed="12.17" meanSpeedRelative="0.38" duration="94"/>
    <step time="54300.00" loaded="64081" inserted="59609" running="929" waiting="4472" ended="58680" arrived="58680" collisions="170" teleports="170" halting="30" stopped="0" meanWaitingTime="506.69" meanTravelTime="351.54" meanSpeed="12.21" meanSpeedRelative="0.38" duration="6"/>
    <step time="54600.00" loaded="64584" inserted="60090" running="919" waiting="4494" ended="59171" arrived="59171" collisions="173" teleports="173" halting="21" stopped="0" meanWaitingTime="517.44" meanTravelTime="353.88" meanSpeed="12.78" meanSpeedRelative="0.40" duration="7"/>
    <step time="54900.00" loaded="65042" inserted="60583" running="884" waiting="4459" ended="59699" arrived="59699" collisions="175" teleports="175" halting="24" stopped="0" meanWaitingTime="529.40" meanTravelTime="355.62" meanSpeed="12.51" meanSpeedRelative="0.39" duration="6"/>
    <step time="55200.00" loaded="65486" inserted="61037" running="830" waiting="4449" ended="60207" arrived="60207" collisions="176" teleports="176" halting="17" stopped="0" meanWaitingTime="541.12" meanTravelTime="357.33" meanSpeed="13.90" meanSpeedRelative="0.43" duration="7"/>
    <step time="55500.00" loaded="65944" inserted="61519" running="792" waiting="4425" ended="60727" arrived="60727" collisions="178" teleports="178" halting="18" stopped="0" meanWaitingTime="554.07" meanTravelTime="359.30" meanSpeed="14.20" meanSpeedRelative="0.44" duration="6"/>
    <step time="55800.00" loaded="66409" inserted="62007" running="794" waiting="4402" ended="61213" arrived="61213" collisions="183" teleports="183" halting="21" stopped="0" meanWaitingTime="566.52" meanTravelTime="360.56" meanSpeed="13.62" meanSpeedRelative="0.43" duration="6"/>
    <step time="56100.00" loaded="66914" inserted="62486" running="793" waiting="4428" ended="61693" arrived="61693" collisions="184" teleports="184" halting="30" stopped="0" meanWaitingTime="578.40" meanTravelTime="361.60" meanSpeed="13.40" meanSpeedRelative="0.42" duration="6"/>
    <step time="56400.00" loaded="67357" inserted="62920" running="725" waiting="4437" ended="62195" arrived="62195" collisions="184" teleports="184" halting="15" stopped="0" meanWaitingTime="589.32" meanTravelTime="362.66" meanSpeed="15.20" meanSpeedRelative="0.48" duration="5"/>
    <step time="56700.00" loaded="67824" inserted="63380" running="712" waiting="4444" ended="62668" arrived="62668" collisions="186" teleports="186" halting="19" stopped="0" meanWaitingTime="602.56" meanTravelTime="363.10" meanSpeed="15.93" meanSpeedRelative="0.50" duration="6"/>
    <step time="57000.00" loaded="68264" inserted="63859" running="694" waiting="4405" ended="63165" arrived="63165" collisions="186" teleports="186" halting="23" stopped="0" meanWaitingTime="616.13" meanTravelTime="364.11" meanSpeed="15.29" meanSpeedRelative="0.48" duration="5"/>
    <step time="57300.00" loaded="68733" inserted="64364" running="716" waiting="4369" ended="63648" arrived="63648" collisions="186" teleports="186" halting="18" stopped="0" meanWaitingTime="629.04" meanTravelTime="364.91" meanSpeed="15.21" meanSpeedRelative="0.48" duration="4"/>
    <step time="57600.00" loaded="69202" inserted="64813" running="686" waiting="4389" ended="64127" arrived="64127" collisions="187" teleports="187" halting="9" stopped="0" meanWaitingTime="640.15" meanTravelTime="365.36" meanSpeed="15.23" meanSpeedRelative="0.48" duration="89"/>
    <step time="57900.00" loaded="69766" inserted="65321" running="729" waiting="4445" ended="64592" arrived="64592" collisions="187" teleports="187" halting="6" stopped="0" meanWaitingTime="652.79" meanTravelTime="365.81" meanSpeed="15.51" meanSpeedRelative="0.48" duration="5"/>
    <step time="58200.00" loaded="70310" inserted="65807" running="726" waiting="4503" ended="65081" arrived="65081" collisions="188" teleports="188" halting="16" stopped="0" meanWaitingTime="666.05" meanTravelTime="366.37" meanSpeed="16.22" meanSpeedRelative="0.51" duration="6"/>
    <step time="58500.00" loaded="70869" inserted="66342" running="767" waiting="4527" ended="65575" arrived="65575" collisions="189" teleports="189" halting="16" stopped="0" meanWaitingTime="680.96" meanTravelTime="367.11" meanSpeed="15.45" meanSpeedRelative="0.48" duration="6"/>
    <step time="58800.00" loaded="71403" inserted="66836" running="750" waiting="4567" ended="66086" arrived="66086" collisions="191" teleports="191" halting="21" stopped="0" meanWaitingTime="694.11" meanTravelTime="367.59" meanSpeed="15.44" meanSpeedRelative="0.48" duration="5"/>
    <step time="59100.00" loaded="71955" inserted="67317" running="711" waiting="4638" ended="66606" arrived="66606" collisions="191" teleports="191" halting="20" stopped="0" meanWaitingTime="704.62" meanTravelTime="368.10" meanSpeed="15.74" meanSpeedRelative="0.49" duration="6"/>
    <step time="59400.00" loaded="72518" inserted="67823" running="728" waiting="4695" ended="67095" arrived="67095" collisions="192" teleports="192" halting="17" stopped="0" meanWaitingTime="718.59" meanTravelTime="368.65" meanSpeed="15.51" meanSpeedRelative="0.48" duration="7"/>
    <step time="59700.00" loaded="73071" inserted="68342" running="768" waiting="4729" ended="67574" arrived="67574" collisions="193" teleports="193" halting="3" stopped="0" meanWaitingTime="731.35" meanTravelTime="369.04" meanSpeed="16.07" meanSpeedRelative="0.50" duration="7"/>
    <step time="60000.00" loaded="73721" inserted="68865" running="807" waiting="4856" ended="68058" arrived="68058" collisions="194" teleports="194" halting="23" stopped="0" meanWaitingTime="743.91" meanTravelTime="369.59" meanSpeed="14.67" meanSpeedRelative="0.46" duration="6"/>
    <step time="60300.00" loaded="74334" inserted="69395" running="842" waiting="4939" ended="68553" arrived="68553" collisions="195" teleports="195" halting="17" stopped="0" meanWaitingTime="754.98" meanTravelTime="370.14" meanSpeed="14.93" meanSpeedRelative="0.47" duration="7"/>
    <step time="60600.00" loaded="74904" inserted="69891" running="819" waiting="5013" ended="69072" arrived="69072" collisions="198" teleports="198" halting="7" stopped="0" meanWaitingTime="765.71" meanTravelTime="371.04" meanSpeed="15.24" meanSpeedRelative="0.48" duration="8"/>
    <step time="60900.00" loaded="75500" inserted="70402" running="821" waiting="5098" ended="69581" arrived="69581" collisions="198" teleports="198" halting="29" stopped="0" meanWaitingTime="775.81" meanTravelTime="371.80" meanSpeed="14.55" meanSpeedRelative="0.45" duration="7"/>
    <step time="61200.00" loaded="76089" inserted="70955" running="878" waiting="5134" ended="70077" arrived="70077" collisions="200" teleports="200" halting="9" stopped="0" meanWaitingTime="791.40" meanTravelTime="372.53" meanSpeed="14.95" meanSpeedRelative="0.47" duration="88"/>
    <step time="61500.00" loaded="76157" inserted="71289" running="743" waiting="4868" ended="70546" arrived="70546" collisions="201" teleports="201" halting="7" stopped="0" meanWaitingTime="804.88" meanTravelTime="373.50" meanSpeed="14.61" meanSpeedRelative="0.46" duration="6"/>
    <step time="61800.00" loaded="76234" inserted="71651" running="660" waiting="4583" ended="70991" arrived="70991" collisions="203" teleports="203" halting="8" stopped="0" meanWaitingTime="820.43" meanTravelTime="374.78" meanSpeed="14.60" meanSpeedRelative="0.46" duration="5"/>
    <step time="62100.00" loaded="76313" inserted="72044" running="636" waiting="4269" ended="71408" arrived="71408" collisions="204" teleports="204" halting="8" stopped="0" meanWaitingTime="836.97" meanTravelTime="375.61" meanSpeed="14.03" meanSpeedRelative="0.44" duration="6"/>
    <step time="62400.00" loaded="76388" inserted="72427" running="598" waiting="3961" ended="71829" arrived="71829" collisions="204" teleports="204" halting="6" stopped="0" meanWaitingTime="854.27" meanTravelTime="376.44" meanSpeed="14.96" meanSpeedRelative="0.47" duration="4"/>
    <step time="62700.00" loaded="76466" inserted="72813" running="609" waiting="3653" ended="72204" arrived="72204" collisions="205" teleports="205" halting="9" stopped="0" meanWaitingTime="870.93" meanTravelTime="376.98" meanSpeed="14.28" meanSpeedRelative="0.45" duration="5"/>
    <step time="63000.00" loaded="76531" inserted="73179" running="598" waiting="3352" ended="72581" arrived="72581" collisions="206" teleports="206" halting="10" stopped="0" meanWaitingTime="887.51" meanTravelTime="377.30" meanSpeed="14.93" meanSpeedRelative="0.47" duration="4"/>
    <step time="63300.00" loaded="76602" inserted="73551" running="569" waiting="3051" ended="72982" arrived="72982" collisions="206" teleports="206" halting="1" stopped="0" meanWaitingTime="904.01" meanTravelTime="377.81" meanSpeed="15.37" meanSpeedRelative="0.48" duration="4"/>
    <step time="63600.00" loaded="76679" inserted="73913" running="547" waiting="2766" ended="73366" arrived="73366" collisions="206" teleports="206" halting="7" stopped="0" meanWaitingTime="917.42" meanTravelTime="378.43" meanSpeed="15.21" meanSpeedRelative="0.48" duration="4"/>
    <step time="63900.00" loaded="76751" inserted="74249" running="511" waiting="2502" ended="73738" arrived="73738" collisions="206" teleports="206" halting="10" stopped="0" meanWaitingTime="934.36" meanTravelTime="378.75" meanSpeed="14.54" meanSpeedRelative="0.45" duration="3"/>
    <step time="64200.00" loaded="76828" inserted="74523" running="420" waiting="2305" ended="74103" arrived="74103" collisions="207" teleports="207" halting="2" stopped="0" meanWaitingTime="948.09" meanTravelTime="379.06" meanSpeed="15.90" meanSpeedRelative="0.50" duration="3"/>
    <step time="64500.00" loaded="76907" inserted="74816" running="359" waiting="2091" ended="74457" arrived="74457" collisions="207" teleports="207" halting="0" stopped="0" meanWaitingTime="961.91" meanTravelTime="379.49" meanSpeed="18.99" meanSpeedRelative="0.59" duration="2"/>
    <step time="64800.00" loaded="76975" inserted="75070" running="251" waiting="1905" ended="74819" arrived="74819" collisions="207" teleports="207" halting="1" stopped="0" meanWaitingTime="975.17" meanTravelTime="379.58" meanSpeed="21.36" meanSpeedRelative="0.67" duration="94"/>
    <step time="65100.00" loaded="77033" inserted="75306" running="240" waiting="1727" ended="75066" arrived="75066" collisions="207" teleports="207" halting="2" stopped="0" meanWaitingTime="991.78" meanTravelTime="379.36" meanSpeed="21.72" meanSpeedRelative="0.68" duration="1"/>
    <step time="65400.00" loaded="77087" inserted="75550" running="248" waiting="1537" ended="75302" arrived="75302" collisions="207" teleports="207" halting="2" stopped="0" meanWaitingTime="1007.84" meanTravelTime="379.20" meanSpeed="22.69" meanSpeedRelative="0.71" duration="2"/>
    <step time="65700.00" loaded="77150" inserted="75805" running="258" waiting="1345" ended="75547" arrived="75547" collisions="207" teleports="207" halting="1" stopped="0" meanWaitingTime="1023.47" meanTravelTime="378.92" meanSpeed="22.25" meanSpeedRelative="0.70" duration="3"/>
    <step time="66000.00" loaded="77206" inserted="76054" running="251" waiting="1152" ended="75803" arrived="75803" collisions="207" teleports="207" halting="1" stopped="0" meanWaitingTime="1037.69" meanTravelTime="378.72" meanSpeed="21.89" meanSpeedRelative="0.68" duration="2"/>
    <step time="66300.00" loaded="77254" inserted="76298" running="247" waiting="956" ended="76051" arrived="76051" collisions="207" teleports="207" halting="3" stopped="0" meanWaitingTime="1050.66" meanTravelTime="378.41" meanSpeed="21.56" meanSpeedRelative="0.67" duration="1"/>
    <step time="66600.00" loaded="77310" inserted="76553" running="254" waiting="757" ended="76299" arrived="76299" collisions="207" teleports="207" halting="0" stopped="0" meanWaitingTime="1062.28" meanTravelTime="378.16" meanSpeed="21.25" meanSpeedRelative="0.66" duration="1"/>
    <step time="66900.00" loaded="77373" inserted="76745" running="204" waiting="628" ended="76541" arrived="76541" collisions="207" teleports="207" halting="1" stopped="0" meanWaitingTime="1072.78" meanTravelTime="377.92" meanSpeed="21.69" meanSpeedRelative="0.68" duration="2"/>
    <step time="67200.00" loaded="77413" inserted="76915" running="155" waiting="498" ended="76760" arrived="76760" collisions="207" teleports="207" halting="0" stopped="0" meanWaitingTime="1083.09" meanTravelTime="377.63" meanSpeed="24.06" meanSpeedRelative="0.75" duration="1"/>
    <step time="67500.00" loaded="77468" inserted="77098" running="155" waiting="370" ended="76943" arrived="76943" collisions="207" teleports="207" halting="0" stopped="0" meanWaitingTime="1092.72" meanTravelTime="377.42" meanSpeed="23.79" meanSpeedRelative="0.74" duration="1"/>
    <step time="67800.00" loaded="77507" inserted="77275" running="150" waiting="232" ended="77125" arrived="77125" collisions="207" teleports="207" halting="0" stopped="0" meanWaitingTime="1101.29" meanTravelTime="377.14" meanSpeed="23.72" meanSpeedRelative="0.74" duration="1"/>
    <step time="68100.00" loaded="77559" inserted="77417" running="119" waiting="142" ended="77298" arrived="77298" collisions="207" teleports="207" halting="0" stopped="0" meanWaitingTime="1105.74" meanTravelTime="376.95" meanSpeed="23.56" meanSpeedRelative="0.74" duration="1"/>
    <step time="68400.00" loaded="77595" inserted="77517" running="78" waiting="78" ended="77439" arrived="77439" collisions="207" teleports="207" halting="0" stopped="0" meanWaitingTime="1109.86" meanTravelTime="376.72" meanSpeed="23.31" meanSpeedRelative="0.73" duration="92"/>
    <step time="68700.00" loaded="77754" inserted="77724" running="133" waiting="30" ended="77591" arrived="77591" collisions="207" teleports="207" halting="0" stopped="0" meanWaitingTime="1109.95" meanTravelTime="376.44" meanSpeed="24.64" meanSpeedRelative="0.77" duration="1"/>
    <step time="69000.00" loaded="77889" inserted="77889" running="117" waiting="0" ended="77772" arrived="77772" collisions="207" teleports="207" halting="2" stopped="0" meanWaitingTime="1107.84" meanTravelTime="376.16" meanSpeed="25.75" meanSpeedRelative="0.80" duration="1"/>
    <step time="69300.00" loaded="78033" inserted="78033" running="132" waiting="0" ended="77901" arrived="77901" collisions="207" teleports="207" halting="1" stopped="0" meanWaitingTime="1105.80" meanTravelTime="375.93" meanSpeed="25.78" meanSpeedRelative="0.81" duration="1"/>
    <step time="69600.00" loaded="78184" inserted="78184" running="131" waiting="0" ended="78053" arrived="78053" collisions="207" teleports="207" halting="0" stopped="0" meanWaitingTime="1103.66" meanTravelTime="375.69" meanSpeed="25.45" meanSpeedRelative="0.80" duration="1"/>
    <step time="69900.00" loaded="78367" inserted="78367" running="154" waiting="0" ended="78213" arrived="78213" collisions="207" teleports="207" halting="0" stopped="0" meanWaitingTime="1101.08" meanTravelTime="375.42" meanSpeed="25.12" meanSpeedRelative="0.79" duration="2"/>
    <step time="70200.00" loaded="78530" inserted="78530" running="151" waiting="0" ended="78379" arrived="78379" collisions="207" teleports="207" halting="0" stopped="0" meanWaitingTime="1098.80" meanTravelTime="375.20" meanSpeed="25.33" meanSpeedRelative="0.79" duration="0"/>
    <step time="70500.00" loaded="78674" inserted="78674" running="143" waiting="0" ended="78531" arrived="78531" collisions="208" teleports="208" halting="1" stopped="0" meanWaitingTime="1096.79" meanTravelTime="375.00" meanSpeed="25.52" meanSpeedRelative="0.80" duration="1"/>
    <step time="70800.00" loaded="78843" inserted="78843" running="141" waiting="0" ended="78702" arrived="78702" collisions="209" teleports="209" halting="0" stopped="0" meanWaitingTime="1094.44" meanTravelTime="374.82" meanSpeed="25.60" meanSpeedRelative="0.80" duration="0"/>
    <step time="71100.00" loaded="79015" inserted="79015" running="145" waiting="0" ended="78870" arrived="78870" collisions="209" teleports="209" halting="0" stopped="0" meanWaitingTime="1092.06" meanTravelTime="374.56" meanSpeed="25.38" meanSpeedRelative="0.79" duration="1"/>
    <step time="71400.00" loaded="79178" inserted="79178" running="150" waiting="0" ended="79028" arrived="79028" collisions="210" teleports="210" halting="0" stopped="0" meanWaitingTime="1089.81" meanTravelTime="374.34" meanSpeed="25.17" meanSpeedRelative="0.79" duration="1"/>
    <step time="71700.00" loaded="79332" inserted="79331" running="133" waiting="1" ended="79198" arrived="79198" collisions="210" teleports="210" halting="0" stopped="0" meanWaitingTime="1087.71" meanTravelTime="374.13" meanSpeed="26.48" meanSpeedRelative="0.83" duration="1"/>
    <step time="72000.00" loaded="79486" inserted="79486" running="136" waiting="0" ended="79350" arrived="79350" collisions="211" teleports="211" halting="1" stopped="0" meanWaitingTime="1085.59" meanTravelTime="373.92" meanSpeed="25.49" meanSpeedRelative="0.80" duration="84"/>
    <step time="72300.00" loaded="79631" inserted="79631" running="128" waiting="0" ended="79503" arrived="79503" collisions="211" teleports="211" halting="0" stopped="0" meanWaitingTime="1083.61" meanTravelTime="373.64" meanSpeed="25.82" meanSpeedRelative="0.81" duration="0"/>
    <step time="72600.00" loaded="79770" inserted="79770" running="111" waiting="0" ended="79659" arrived="79659" collisions="211" teleports="211" halting="0" stopped="0" meanWaitingTime="1081.72" meanTravelTime="373.51" meanSpeed="25.10" meanSpeedRelative="0.78" duration="1"/>
    <step time="72900.00" loaded="79914" inserted="79914" running="132" waiting="0" ended="79782" arrived="79782" collisions="212" teleports="212" halting="0" stopped="0" meanWaitingTime="1079.78" meanTravelTime="373.33" meanSpeed="24.93" meanSpeedRelative="0.78" duration="1"/>
    <step time="73200.00" loaded="80047" inserted="80047" running="126" waiting="0" ended="79921" arrived="79921" collisions="214" teleports="214" halting="0" stopped="0" meanWaitingTime="1077.98" meanTravelTime="373.10" meanSpeed="25.92" meanSpeedRelative="0.81" duration="1"/>
    <step time="73500.00" loaded="80183" inserted="80182" running="124" waiting="1" ended="80058" arrived="80058" collisions="214" teleports="214" halting="1" stopped="0" meanWaitingTime="1076.17" meanTravelTime="372.95" meanSpeed="25.67" meanSpeedRelative="0.80" duration="1"/>
    <step time="73800.00" loaded="80311" inserted="80311" running="125" waiting="0" ended="80186" arrived="80186" collisions="215" teleports="215" halting="1" stopped="0" meanWaitingTime="1074.44" meanTravelTime="372.81" meanSpeed="25.06" meanSpeedRelative="0.78" duration="1"/>
    <step time="74100.00" loaded="80440" inserted="80440" running="128" waiting="0" ended="80312" arrived="80312" collisions="215" teleports="215" halting="0" stopped="0" meanWaitingTime="1072.72" meanTravelTime="372.69" meanSpeed="25.77" meanSpeedRelative="0.81" duration="0"/>
    <step time="74400.00" loaded="80583" inserted="80583" running="125" waiting="0" ended="80458" arrived="80458" collisions="215" teleports="215" halting="0" stopped="0" meanWaitingTime="1070.81" meanTravelTime="372.45" meanSpeed="26.60" meanSpeedRelative="0.83" duration="1"/>
    <step time="74700.00" loaded="80712" inserted="80712" running="118" waiting="0" ended="80594" arrived="80594" collisions="215" teleports="215" halting="0" stopped="0" meanWaitingTime="1069.10" meanTravelTime="372.29" meanSpeed="26.19" meanSpeedRelative="0.82" duration="1"/>
    <step time="75000.00" loaded="80835" inserted="80835" running="104" waiting="0" ended="80731" arrived="80731" collisions="215" teleports="215" halting="0" stopped="0" meanWaitingTime="1067.48" meanTravelTime="372.15" meanSpeed="25.74" meanSpeedRelative="0.80" duration="1"/>
    <step time="75300.00" loaded="80986" inserted="80986" running="116" waiting="0" ended="80870" arrived="80870" collisions="215" teleports="215" halting="0" stopped="0" meanWaitingTime="1065.49" meanTravelTime="371.92" meanSpeed="25.22" meanSpeedRelative="0.79" duration="1"/>
    <step time="75600.00" loaded="81112" inserted="81112" running="120" waiting="0" ended="80992" arrived="80992" collisions="217" teleports="217" halting="0" stopped="0" meanWaitingTime="1063.83" meanTravelTime="371.72" meanSpeed="25.90" meanSpeedRelative="0.81" duration="84"/>
    <step time="75900.00" loaded="81313" inserted="81313" running="172" waiting="0" ended="81141" arrived="81141" collisions="217" teleports="217" halting="1" stopped="0" meanWaitingTime="1061.20" meanTravelTime="371.47" meanSpeed="24.86" meanSpeedRelative="0.78" duration="1"/>
    <step time="76200.00" loaded="81530" inserted="81528" running="188" waiting="2" ended="81340" arrived="81340" collisions="217" teleports="217" halting="1" stopped="0" meanWaitingTime="1058.41" meanTravelTime="371.27" meanSpeed="25.39" meanSpeedRelative="0.79" duration="1"/>
    <step time="76500.00" loaded="81728" inserted="81728" running="182" waiting="0" ended="81546" arrived="81546" collisions="217" teleports="217" halting="0" stopped="0" meanWaitingTime="1055.82" meanTravelTime="371.02" meanSpeed="24.90" meanSpeedRelative="0.78" duration="1"/>
    <step time="76800.00" loaded="81911" inserted="81911" running="167" waiting="0" ended="81744" arrived="81744" collisions="218" teleports="218" halting="0" stopped="0" meanWaitingTime="1053.46" meanTravelTime="370.77" meanSpeed="24.64" meanSpeedRelative="0.77" duration="1"/>
    <step time="77100.00" loaded="82112" inserted="82110" running="168" waiting="2" ended="81942" arrived="81942" collisions="218" teleports="218" halting="0" stopped="0" meanWaitingTime="1050.91" meanTravelTime="370.54" meanSpeed="24.74" meanSpeedRelative="0.77" duration="1"/>
    <step time="77400.00" loaded="82293" inserted="82292" running="152" waiting="1" ended="82140" arrived="82140" collisions="218" teleports="218" halting="1" stopped="0" meanWaitingTime="1048.58" meanTravelTime="370.20" meanSpeed="24.56" meanSpeedRelative="0.77" duration="1"/>
    <step time="77700.00" loaded="82491" inserted="82491" running="180" waiting="0" ended="82311" arrived="82311" collisions="218" teleports="218" halting="0" stopped="0" meanWaitingTime="1046.05" meanTravelTime="369.98" meanSpeed="24.88" meanSpeedRelative="0.78" duration="1"/>
    <step time="78000.00" loaded="82677" inserted="82675" running="186" waiting="2" ended="82489" arrived="82489" collisions="219" teleports="219" halting="0" stopped="0" meanWaitingTime="1043.73" meanTravelTime="369.76" meanSpeed="24.82" meanSpeedRelative="0.78" duration="2"/>
    <step time="78300.00" loaded="82868" inserted="82868" running="178" waiting="0" ended="82690" arrived="82690" collisions="219" teleports="219" halting="1" stopped="0" meanWaitingTime="1041.30" meanTravelTime="369.59" meanSpeed="23.93" meanSpeedRelative="0.75" duration="2"/>
    <step time="78600.00" loaded="83066" inserted="83066" running="159" waiting="0" ended="82907" arrived="82907" collisions="219" teleports="219" halting="0" stopped="0" meanWaitingTime="1038.82" meanTravelTime="369.29" meanSpeed="24.45" meanSpeedRelative="0.76" duration="1"/>
    <step time="78900.00" loaded="83270" inserted="83270" running="166" waiting="0" ended="83104" arrived="83104" collisions="219" teleports="219" halting="0" stopped="0" meanWaitingTime="1036.27" meanTravelTime="369.01" meanSpeed="24.99" meanSpeedRelative="0.78" duration="1"/>
    <step time="79200.00" loaded="83500" inserted="83500" running="194" waiting="0" ended="83306" arrived="83306" collisions="219" teleports="219" halting="1" stopped="0" meanWaitingTime="1033.42" meanTravelTime="368.71" meanSpeed="25.04" meanSpeedRelative="0.78" duration="84"/>
    <step time="79500.00" loaded="83671" inserted="83671" running="170" waiting="0" ended="83501" arrived="83501" collisions="219" teleports="219" halting="1" stopped="0" meanWaitingTime="1031.31" meanTravelTime="368.49" meanSpeed="26.04" meanSpeedRelative="0.81" duration="1"/>
    <step time="79800.00" loaded="83834" inserted="83834" running="139" waiting="0" ended="83695" arrived="83695" collisions="219" teleports="219" halting="0" stopped="0" meanWaitingTime="1029.30" meanTravelTime="368.27" meanSpeed="25.71" meanSpeedRelative="0.80" duration="1"/>
    <step time="80100.00" loaded="83997" inserted="83997" running="138" waiting="0" ended="83859" arrived="83859" collisions="219" teleports="219" halting="2" stopped="0" meanWaitingTime="1027.31" meanTravelTime="368.14" meanSpeed="25.44" meanSpeedRelative="0.80" duration="2"/>
    <step time="80400.00" loaded="84178" inserted="84178" running="161" waiting="0" ended="84017" arrived="84017" collisions="220" teleports="220" halting="0" stopped="0" meanWaitingTime="1025.10" meanTravelTime="367.92" meanSpeed="25.16" meanSpeedRelative="0.79" duration="1"/>
    <step time="80700.00" loaded="84338" inserted="84337" running="137" waiting="1" ended="84200" arrived="84200" collisions="220" teleports="220" halting="0" stopped="0" meanWaitingTime="1023.17" meanTravelTime="367.66" meanSpeed="24.89" meanSpeedRelative="0.78" duration="0"/>
    <step time="81000.00" loaded="84501" inserted="84501" running="132" waiting="0" ended="84369" arrived="84369" collisions="220" teleports="220" halting="2" stopped="0" meanWaitingTime="1021.18" meanTravelTime="367.45" meanSpeed="25.90" meanSpeedRelative="0.81" duration="1"/>
    <step time="81300.00" loaded="84676" inserted="84676" running="138" waiting="0" ended="84538" arrived="84538" collisions="220" teleports="220" halting="2" stopped="0" meanWaitingTime="1019.07" meanTravelTime="367.28" meanSpeed="24.66" meanSpeedRelative="0.77" duration="1"/>
    <step time="81600.00" loaded="84830" inserted="84830" running="146" waiting="0" ended="84684" arrived="84684" collisions="222" teleports="222" halting="0" stopped="0" meanWaitingTime="1017.22" meanTravelTime="367.10" meanSpeed="24.73" meanSpeedRelative="0.77" duration="1"/>
    <step time="81900.00" loaded="85020" inserted="85020" running="172" waiting="0" ended="84848" arrived="84848" collisions="222" teleports="222" halting="0" stopped="0" meanWaitingTime="1014.95" meanTravelTime="366.90" meanSpeed="24.94" meanSpeedRelative="0.78" duration="1"/>
    <step time="82200.00" loaded="85196" inserted="85196" running="174" waiting="0" ended="85022" arrived="85022" collisions="223" teleports="223" halting="0" stopped="0" meanWaitingTime="1012.86" meanTravelTime="366.71" meanSpeed="25.81" meanSpeedRelative="0.81" duration="1"/>
    <step time="82500.00" loaded="85351" inserted="85351" running="146" waiting="0" ended="85205" arrived="85205" collisions="223" teleports="223" halting="0" stopped="0" meanWaitingTime="1011.02" meanTravelTime="366.54" meanSpeed="25.35" meanSpeedRelative="0.79" duration="1"/>
</summary>
