<?xml version="1.0" encoding="UTF-8"?>

<!-- generated on 2025-08-07 17:14:29 by Eclipse SUMO sumo Version 1.23.1
<sumoConfiguration xmlns:xsi="http://www.w3.org/2001/XMLSchema-instance" xsi:noNamespaceSchemaLocation="http://sumo.dlr.de/xsd/sumoConfiguration.xsd">

    <input>
        <net-file value="Desktop\Master Thesis\Network_fin.net.xml"/>
        <route-files value="Desktop\Master Thesis\demand_model_amsterdam.rou.xml"/>
        <additional-files value="Desktop\Master Thesis\Additionnal.add.xml"/>
    </input>

    <output>
        <summary-output value="outputf/summary_alinea_K80_target5_44835.xml"/>
        <summary-output.period value="300"/>
        <tripinfo-output value="outputf/tripinfo_alinea_K80_target5_44835.xml"/>
    </output>

    <time>
        <begin value="0"/>
        <end value="82800"/>
        <step-length value="1"/>
    </time>

    <processing>
        <time-to-teleport value="-1"/>
    </processing>

    <report>
        <verbose value="true"/>
        <no-step-log value="true"/>
    </report>

    <emissions>
        <device.emissions.period value="10"/>
    </emissions>

    <traci_server>
        <remote-port value="64208"/>
    </traci_server>

    <random_number>
        <seed value="44835"/>
    </random_number>

</sumoConfiguration>
-->

<summary xmlns:xsi="http://www.w3.org/2001/XMLSchema-instance" xsi:noNamespaceSchemaLocation="http://sumo.dlr.de/xsd/summary_file.xsd">
    <step time="0.00" loaded="2" inserted="2" running="2" waiting="0" ended="0" arrived="0" collisions="0" teleports="0" halting="2" stopped="0" meanWaitingTime="0.00" meanTravelTime="-1.00" meanSpeed="0.00" meanSpeedRelative="0.00" duration="0"/>
    <step time="300.00" loaded="182" inserted="182" running="111" waiting="0" ended="71" arrived="71" collisions="0" teleports="0" halting="1" stopped="0" meanWaitingTime="0.24" meanTravelTime="106.62" meanSpeed="25.18" meanSpeedRelative="0.79" duration="1"/>
    <step time="600.00" loaded="397" inserted="397" running="164" waiting="0" ended="233" arrived="233" collisions="0" teleports="0" halting="0" stopped="0" meanWaitingTime="0.42" meanTravelTime="161.18" meanSpeed="25.70" meanSpeedRelative="0.80" duration="1"/>
    <step time="900.00" loaded="570" inserted="570" running="162" waiting="0" ended="408" arrived="408" collisions="2" teleports="2" halting="1" stopped="0" meanWaitingTime="0.39" meanTravelTime="187.78" meanSpeed="24.30" meanSpeedRelative="0.76" duration="1"/>
    <step time="1200.00" loaded="735" inserted="735" running="151" waiting="0" ended="584" arrived="584" collisions="2" teleports="2" halting="2" stopped="0" meanWaitingTime="0.38" meanTravelTime="213.22" meanSpeed="25.46" meanSpeedRelative="0.80" duration="1"/>
    <step time="1500.00" loaded="904" inserted="902" running="150" waiting="2" ended="752" arrived="752" collisions="2" teleports="2" halting="1" stopped="0" meanWaitingTime="0.39" meanTravelTime="228.34" meanSpeed="24.95" meanSpeedRelative="0.78" duration="1"/>
    <step time="1800.00" loaded="1087" inserted="1087" running="155" waiting="0" ended="932" arrived="932" collisions="2" teleports="2" halting="0" stopped="0" meanWaitingTime="0.39" meanTravelTime="228.31" meanSpeed="24.64" meanSpeedRelative="0.77" duration="0"/>
    <step time="2100.00" loaded="1266" inserted="1265" running="168" waiting="1" ended="1097" arrived="1097" collisions="2" teleports="2" halting="1" stopped="0" meanWaitingTime="0.39" meanTravelTime="234.39" meanSpeed="24.70" meanSpeedRelative="0.77" duration="1"/>
    <step time="2400.00" loaded="1450" inserted="1450" running="156" waiting="0" ended="1294" arrived="1294" collisions="2" teleports="2" halting="1" stopped="0" meanWaitingTime="0.40" meanTravelTime="240.79" meanSpeed="25.15" meanSpeedRelative="0.79" duration="1"/>
    <step time="2700.00" loaded="1625" inserted="1625" running="144" waiting="0" ended="1481" arrived="1481" collisions="2" teleports="2" halting="0" stopped="0" meanWaitingTime="0.39" meanTravelTime="240.90" meanSpeed="25.13" meanSpeedRelative="0.79" duration="1"/>
    <step time="3000.00" loaded="1807" inserted="1807" running="144" waiting="0" ended="1663" arrived="1663" collisions="3" teleports="3" halting="0" stopped="0" meanWaitingTime="0.37" meanTravelTime="243.10" meanSpeed="25.29" meanSpeedRelative="0.79" duration="1"/>
    <step time="3300.00" loaded="2006" inserted="2006" running="164" waiting="0" ended="1842" arrived="1842" collisions="3" teleports="3" halting="1" stopped="0" meanWaitingTime="0.39" meanTravelTime="244.66" meanSpeed="24.37" meanSpeedRelative="0.76" duration="1"/>
    <step time="3600.00" loaded="2159" inserted="2159" running="150" waiting="0" ended="2009" arrived="2009" collisions="3" teleports="3" halting="0" stopped="0" meanWaitingTime="0.39" meanTravelTime="247.36" meanSpeed="25.34" meanSpeedRelative="0.79" duration="87"/>
    <step time="3900.00" loaded="2260" inserted="2260" running="109" waiting="0" ended="2151" arrived="2151" collisions="3" teleports="3" halting="1" stopped="0" meanWaitingTime="0.38" meanTravelTime="250.68" meanSpeed="25.93" meanSpeedRelative="0.81" duration="0"/>
    <step time="4200.00" loaded="2365" inserted="2365" running="99" waiting="0" ended="2266" arrived="2266" collisions="3" teleports="3" halting="0" stopped="0" meanWaitingTime="0.37" meanTravelTime="252.24" meanSpeed="25.43" meanSpeedRelative="0.79" duration="1"/>
    <step time="4500.00" loaded="2493" inserted="2493" running="106" waiting="0" ended="2387" arrived="2387" collisions="3" teleports="3" halting="0" stopped="0" meanWaitingTime="0.37" meanTravelTime="253.12" meanSpeed="24.97" meanSpeedRelative="0.78" duration="1"/>
    <step time="4800.00" loaded="2619" inserted="2619" running="101" waiting="0" ended="2518" arrived="2518" collisions="3" teleports="3" halting="2" stopped="0" meanWaitingTime="0.36" meanTravelTime="254.04" meanSpeed="26.45" meanSpeedRelative="0.83" duration="1"/>
    <step time="5100.00" loaded="2714" inserted="2713" running="80" waiting="1" ended="2633" arrived="2633" collisions="4" teleports="4" halting="0" stopped="0" meanWaitingTime="0.35" meanTravelTime="254.32" meanSpeed="25.17" meanSpeedRelative="0.79" duration="0"/>
    <step time="5400.00" loaded="2828" inserted="2828" running="105" waiting="0" ended="2723" arrived="2723" collisions="4" teleports="4" halting="0" stopped="0" meanWaitingTime="0.35" meanTravelTime="254.85" meanSpeed="25.62" meanSpeedRelative="0.80" duration="1"/>
    <step time="5700.00" loaded="2933" inserted="2933" running="85" waiting="0" ended="2848" arrived="2848" collisions="4" teleports="4" halting="1" stopped="0" meanWaitingTime="0.34" meanTravelTime="254.59" meanSpeed="26.54" meanSpeedRelative="0.83" duration="1"/>
    <step time="6000.00" loaded="3046" inserted="3046" running="93" waiting="0" ended="2953" arrived="2953" collisions="4" teleports="4" halting="0" stopped="0" meanWaitingTime="0.33" meanTravelTime="254.14" meanSpeed="26.70" meanSpeedRelative="0.83" duration="1"/>
    <step time="6300.00" loaded="3143" inserted="3142" running="90" waiting="1" ended="3052" arrived="3052" collisions="4" teleports="4" halting="1" stopped="0" meanWaitingTime="0.33" meanTravelTime="254.90" meanSpeed="25.03" meanSpeedRelative="0.78" duration="1"/>
    <step time="6600.00" loaded="3259" inserted="3259" running="89" waiting="0" ended="3170" arrived="3170" collisions="4" teleports="4" halting="1" stopped="0" meanWaitingTime="0.34" meanTravelTime="255.11" meanSpeed="25.31" meanSpeedRelative="0.79" duration="1"/>
    <step time="6900.00" loaded="3386" inserted="3386" running="98" waiting="0" ended="3288" arrived="3288" collisions="5" teleports="5" halting="0" stopped="0" meanWaitingTime="0.33" meanTravelTime="254.14" meanSpeed="25.09" meanSpeedRelative="0.78" duration="0"/>
    <step time="7200.00" loaded="3496" inserted="3496" running="101" waiting="0" ended="3395" arrived="3395" collisions="5" teleports="5" halting="1" stopped="0" meanWaitingTime="0.33" meanTravelTime="254.50" meanSpeed="25.60" meanSpeedRelative="0.80" duration="86"/>
    <step time="7500.00" loaded="3628" inserted="3628" running="122" waiting="0" ended="3506" arrived="3506" collisions="5" teleports="5" halting="0" stopped="0" meanWaitingTime="0.33" meanTravelTime="253.99" meanSpeed="24.31" meanSpeedRelative="0.76" duration="0"/>
    <step time="7800.00" loaded="3785" inserted="3785" running="140" waiting="0" ended="3645" arrived="3645" collisions="5" teleports="5" halting="3" stopped="0" meanWaitingTime="0.33" meanTravelTime="253.93" meanSpeed="24.99" meanSpeedRelative="0.78" duration="1"/>
    <step time="8100.00" loaded="3953" inserted="3952" running="148" waiting="1" ended="3804" arrived="3804" collisions="5" teleports="5" halting="1" stopped="0" meanWaitingTime="0.33" meanTravelTime="254.26" meanSpeed="25.37" meanSpeedRelative="0.79" duration="1"/>
    <step time="8400.00" loaded="4103" inserted="4102" running="137" waiting="1" ended="3965" arrived="3965" collisions="5" teleports="5" halting="0" stopped="0" meanWaitingTime="0.33" meanTravelTime="254.60" meanSpeed="25.81" meanSpeedRelative="0.81" duration="1"/>
    <step time="8700.00" loaded="4244" inserted="4244" running="134" waiting="0" ended="4110" arrived="4110" collisions="5" teleports="5" halting="1" stopped="0" meanWaitingTime="0.34" meanTravelTime="255.56" meanSpeed="25.12" meanSpeedRelative="0.79" duration="1"/>
    <step time="9000.00" loaded="4409" inserted="4408" running="136" waiting="1" ended="4272" arrived="4272" collisions="5" teleports="5" halting="1" stopped="0" meanWaitingTime="0.35" meanTravelTime="255.28" meanSpeed="25.90" meanSpeedRelative="0.81" duration="1"/>
    <step time="9300.00" loaded="4558" inserted="4558" running="140" waiting="0" ended="4418" arrived="4418" collisions="6" teleports="6" halting="1" stopped="0" meanWaitingTime="0.35" meanTravelTime="255.65" meanSpeed="25.65" meanSpeedRelative="0.80" duration="0"/>
    <step time="9600.00" loaded="4714" inserted="4714" running="123" waiting="0" ended="4591" arrived="4591" collisions="6" teleports="6" halting="1" stopped="0" meanWaitingTime="0.35" meanTravelTime="255.91" meanSpeed="25.51" meanSpeedRelative="0.80" duration="1"/>
    <step time="9900.00" loaded="4872" inserted="4872" running="122" waiting="0" ended="4750" arrived="4750" collisions="6" teleports="6" halting="0" stopped="0" meanWaitingTime="0.35" meanTravelTime="255.17" meanSpeed="25.72" meanSpeedRelative="0.80" duration="1"/>
    <step time="10200.00" loaded="5049" inserted="5049" running="138" waiting="0" ended="4911" arrived="4911" collisions="6" teleports="6" halting="0" stopped="0" meanWaitingTime="0.36" meanTravelTime="254.74" meanSpeed="23.65" meanSpeedRelative="0.74" duration="1"/>
    <step time="10500.00" loaded="5211" inserted="5211" running="135" waiting="0" ended="5076" arrived="5076" collisions="6" teleports="6" halting="1" stopped="0" meanWaitingTime="0.36" meanTravelTime="253.95" meanSpeed="25.33" meanSpeedRelative="0.79" duration="1"/>
    <step time="10800.00" loaded="5379" inserted="5379" running="133" waiting="0" ended="5246" arrived="5246" collisions="6" teleports="6" halting="0" stopped="0" meanWaitingTime="0.36" meanTravelTime="253.55" meanSpeed="25.60" meanSpeedRelative="0.80" duration="86"/>
    <step time="11100.00" loaded="5535" inserted="5535" running="124" waiting="0" ended="5411" arrived="5411" collisions="6" teleports="6" halting="0" stopped="0" meanWaitingTime="0.35" meanTravelTime="253.61" meanSpeed="25.38" meanSpeedRelative="0.79" duration="1"/>
    <step time="11400.00" loaded="5682" inserted="5682" running="115" waiting="0" ended="5567" arrived="5567" collisions="6" teleports="6" halting="1" stopped="0" meanWaitingTime="0.35" meanTravelTime="254.13" meanSpeed="24.44" meanSpeedRelative="0.76" duration="1"/>
    <step time="11700.00" loaded="5829" inserted="5829" running="119" waiting="0" ended="5710" arrived="5710" collisions="6" teleports="6" halting="1" stopped="0" meanWaitingTime="0.35" meanTravelTime="252.65" meanSpeed="25.25" meanSpeedRelative="0.79" duration="1"/>
    <step time="12000.00" loaded="5964" inserted="5964" running="105" waiting="0" ended="5859" arrived="5859" collisions="6" teleports="6" halting="0" stopped="0" meanWaitingTime="0.35" meanTravelTime="252.76" meanSpeed="24.89" meanSpeedRelative="0.78" duration="1"/>
    <step time="12300.00" loaded="6112" inserted="6112" running="110" waiting="0" ended="6002" arrived="6002" collisions="6" teleports="6" halting="0" stopped="0" meanWaitingTime="0.35" meanTravelTime="252.48" meanSpeed="25.37" meanSpeedRelative="0.79" duration="1"/>
    <step time="12600.00" loaded="6250" inserted="6250" running="108" waiting="0" ended="6142" arrived="6142" collisions="6" teleports="6" halting="1" stopped="0" meanWaitingTime="0.35" meanTravelTime="251.71" meanSpeed="25.56" meanSpeedRelative="0.80" duration="0"/>
    <step time="12900.00" loaded="6380" inserted="6380" running="91" waiting="0" ended="6289" arrived="6289" collisions="6" teleports="6" halting="0" stopped="0" meanWaitingTime="0.35" meanTravelTime="250.63" meanSpeed="25.00" meanSpeedRelative="0.78" duration="0"/>
    <step time="13200.00" loaded="6525" inserted="6525" running="114" waiting="0" ended="6411" arrived="6411" collisions="6" teleports="6" halting="2" stopped="0" meanWaitingTime="0.35" meanTravelTime="249.91" meanSpeed="24.93" meanSpeedRelative="0.78" duration="1"/>
    <step time="13500.00" loaded="6662" inserted="6662" running="119" waiting="0" ended="6543" arrived="6543" collisions="7" teleports="7" halting="0" stopped="0" meanWaitingTime="0.35" meanTravelTime="249.53" meanSpeed="26.12" meanSpeedRelative="0.82" duration="1"/>
    <step time="13800.00" loaded="6824" inserted="6824" running="128" waiting="0" ended="6696" arrived="6696" collisions="7" teleports="7" halting="1" stopped="0" meanWaitingTime="0.35" meanTravelTime="249.36" meanSpeed="25.27" meanSpeedRelative="0.79" duration="0"/>
    <step time="14100.00" loaded="6976" inserted="6976" running="118" waiting="0" ended="6858" arrived="6858" collisions="7" teleports="7" halting="1" stopped="0" meanWaitingTime="0.35" meanTravelTime="249.21" meanSpeed="24.76" meanSpeedRelative="0.77" duration="1"/>
    <step time="14400.00" loaded="7121" inserted="7121" running="120" waiting="0" ended="7001" arrived="7001" collisions="7" teleports="7" halting="1" stopped="0" meanWaitingTime="0.35" meanTravelTime="248.81" meanSpeed="25.46" meanSpeedRelative="0.80" duration="86"/>
    <step time="14700.00" loaded="7213" inserted="7213" running="67" waiting="0" ended="7146" arrived="7146" collisions="7" teleports="7" halting="1" stopped="0" meanWaitingTime="0.35" meanTravelTime="248.81" meanSpeed="26.32" meanSpeedRelative="0.82" duration="1"/>
    <step time="15000.00" loaded="7316" inserted="7316" running="80" waiting="0" ended="7236" arrived="7236" collisions="7" teleports="7" halting="1" stopped="0" meanWaitingTime="0.35" meanTravelTime="248.56" meanSpeed="25.26" meanSpeedRelative="0.79" duration="1"/>
    <step time="15300.00" loaded="7425" inserted="7425" running="76" waiting="0" ended="7349" arrived="7349" collisions="7" teleports="7" halting="0" stopped="0" meanWaitingTime="0.35" meanTravelTime="247.95" meanSpeed="25.57" meanSpeedRelative="0.80" duration="0"/>
    <step time="15600.00" loaded="7518" inserted="7518" running="66" waiting="0" ended="7452" arrived="7452" collisions="7" teleports="7" halting="0" stopped="0" meanWaitingTime="0.34" meanTravelTime="247.69" meanSpeed="26.23" meanSpeedRelative="0.82" duration="1"/>
    <step time="15900.00" loaded="7607" inserted="7607" running="62" waiting="0" ended="7545" arrived="7545" collisions="7" teleports="7" halting="0" stopped="0" meanWaitingTime="0.34" meanTravelTime="247.47" meanSpeed="25.31" meanSpeedRelative="0.79" duration="1"/>
    <step time="16200.00" loaded="7710" inserted="7710" running="84" waiting="0" ended="7626" arrived="7626" collisions="7" teleports="7" halting="0" stopped="0" meanWaitingTime="0.34" meanTravelTime="246.79" meanSpeed="26.53" meanSpeedRelative="0.83" duration="0"/>
    <step time="16500.00" loaded="7817" inserted="7817" running="71" waiting="0" ended="7746" arrived="7746" collisions="7" teleports="7" halting="0" stopped="0" meanWaitingTime="0.34" meanTravelTime="246.57" meanSpeed="26.16" meanSpeedRelative="0.82" duration="0"/>
    <step time="16800.00" loaded="7916" inserted="7916" running="78" waiting="0" ended="7838" arrived="7838" collisions="7" teleports="7" halting="1" stopped="0" meanWaitingTime="0.34" meanTravelTime="246.31" meanSpeed="24.59" meanSpeedRelative="0.77" duration="1"/>
    <step time="17100.00" loaded="8009" inserted="8008" running="71" waiting="1" ended="7937" arrived="7937" collisions="7" teleports="7" halting="0" stopped="0" meanWaitingTime="0.34" meanTravelTime="245.96" meanSpeed="26.63" meanSpeedRelative="0.83" duration="0"/>
    <step time="17400.00" loaded="8100" inserted="8100" running="55" waiting="0" ended="8045" arrived="8045" collisions="7" teleports="7" halting="0" stopped="0" meanWaitingTime="0.34" meanTravelTime="245.57" meanSpeed="26.87" meanSpeedRelative="0.84" duration="0"/>
    <step time="17700.00" loaded="8197" inserted="8197" running="62" waiting="0" ended="8135" arrived="8135" collisions="7" teleports="7" halting="1" stopped="0" meanWaitingTime="0.34" meanTravelTime="245.16" meanSpeed="24.84" meanSpeedRelative="0.78" duration="1"/>
    <step time="18000.00" loaded="8293" inserted="8293" running="61" waiting="0" ended="8232" arrived="8232" collisions="7" teleports="7" halting="0" stopped="0" meanWaitingTime="0.34" meanTravelTime="244.32" meanSpeed="26.09" meanSpeedRelative="0.82" duration="79"/>
    <step time="18300.00" loaded="8491" inserted="8491" running="119" waiting="0" ended="8372" arrived="8372" collisions="7" teleports="7" halting="2" stopped="0" meanWaitingTime="0.34" meanTravelTime="243.09" meanSpeed="24.92" meanSpeedRelative="0.78" duration="0"/>
    <step time="18600.00" loaded="8684" inserted="8684" running="153" waiting="0" ended="8531" arrived="8531" collisions="7" teleports="7" halting="1" stopped="0" meanWaitingTime="0.35" meanTravelTime="242.07" meanSpeed="25.01" meanSpeedRelative="0.78" duration="0"/>
    <step time="18900.00" loaded="8902" inserted="8901" running="169" waiting="1" ended="8732" arrived="8732" collisions="7" teleports="7" halting="0" stopped="0" meanWaitingTime="0.37" meanTravelTime="242.18" meanSpeed="24.76" meanSpeedRelative="0.77" duration="1"/>
    <step time="19200.00" loaded="9093" inserted="9091" running="153" waiting="2" ended="8938" arrived="8938" collisions="8" teleports="8" halting="1" stopped="0" meanWaitingTime="0.39" meanTravelTime="241.79" meanSpeed="24.35" meanSpeedRelative="0.76" duration="1"/>
    <step time="19500.00" loaded="9276" inserted="9276" running="133" waiting="0" ended="9143" arrived="9143" collisions="8" teleports="8" halting="0" stopped="0" meanWaitingTime="0.40" meanTravelTime="241.76" meanSpeed="25.97" meanSpeedRelative="0.81" duration="1"/>
    <step time="19800.00" loaded="9476" inserted="9475" running="147" waiting="1" ended="9328" arrived="9328" collisions="8" teleports="8" halting="1" stopped="0" meanWaitingTime="0.42" meanTravelTime="241.72" meanSpeed="24.18" meanSpeedRelative="0.76" duration="1"/>
    <step time="20100.00" loaded="9692" inserted="9690" running="166" waiting="2" ended="9524" arrived="9524" collisions="8" teleports="8" halting="0" stopped="0" meanWaitingTime="0.43" meanTravelTime="241.44" meanSpeed="25.29" meanSpeedRelative="0.79" duration="1"/>
    <step time="20400.00" loaded="9861" inserted="9861" running="133" waiting="0" ended="9728" arrived="9728" collisions="8" teleports="8" halting="1" stopped="0" meanWaitingTime="0.44" meanTravelTime="241.12" meanSpeed="24.93" meanSpeedRelative="0.78" duration="1"/>
    <step time="20700.00" loaded="10069" inserted="10068" running="170" waiting="1" ended="9898" arrived="9898" collisions="8" teleports="8" halting="1" stopped="0" meanWaitingTime="0.46" meanTravelTime="241.12" meanSpeed="24.43" meanSpeedRelative="0.76" duration="1"/>
    <step time="21000.00" loaded="10259" inserted="10259" running="153" waiting="0" ended="10106" arrived="10106" collisions="8" teleports="8" halting="0" stopped="0" meanWaitingTime="0.47" meanTravelTime="241.08" meanSpeed="25.20" meanSpeedRelative="0.79" duration="0"/>
    <step time="21300.00" loaded="10450" inserted="10450" running="141" waiting="0" ended="10309" arrived="10309" collisions="8" teleports="8" halting="2" stopped="0" meanWaitingTime="0.47" meanTravelTime="241.36" meanSpeed="25.59" meanSpeedRelative="0.80" duration="1"/>
    <step time="21600.00" loaded="10630" inserted="10627" running="144" waiting="3" ended="10483" arrived="10483" collisions="8" teleports="8" halting="5" stopped="0" meanWaitingTime="0.48" meanTravelTime="241.13" meanSpeed="23.54" meanSpeedRelative="0.74" duration="79"/>
    <step time="21900.00" loaded="11091" inserted="11058" running="351" waiting="33" ended="10707" arrived="10707" collisions="8" teleports="8" halting="4" stopped="0" meanWaitingTime="0.75" meanTravelTime="240.69" meanSpeed="21.49" meanSpeedRelative="0.67" duration="2"/>
    <step time="22200.00" loaded="11574" inserted="11509" running="439" waiting="65" ended="11070" arrived="11070" collisions="11" teleports="11" halting="6" stopped="0" meanWaitingTime="1.95" meanTravelTime="240.64" meanSpeed="20.43" meanSpeedRelative="0.64" duration="2"/>
    <step time="22500.00" loaded="12050" inserted="11956" running="469" waiting="94" ended="11487" arrived="11487" collisions="14" teleports="14" halting="1" stopped="0" meanWaitingTime="3.69" meanTravelTime="242.57" meanSpeed="20.14" meanSpeedRelative="0.63" duration="3"/>
    <step time="22800.00" loaded="12503" inserted="12391" running="475" waiting="112" ended="11916" arrived="11916" collisions="15" teleports="15" halting="11" stopped="0" meanWaitingTime="5.75" meanTravelTime="244.94" meanSpeed="19.29" meanSpeedRelative="0.60" duration="3"/>
    <step time="23100.00" loaded="12959" inserted="12813" running="475" waiting="146" ended="12338" arrived="12338" collisions="18" teleports="18" halting="0" stopped="0" meanWaitingTime="8.39" meanTravelTime="248.18" meanSpeed="19.97" meanSpeedRelative="0.62" duration="2"/>
    <step time="23400.00" loaded="13407" inserted="13262" running="504" waiting="145" ended="12758" arrived="12758" collisions="20" teleports="20" halting="2" stopped="0" meanWaitingTime="11.36" meanTravelTime="250.56" meanSpeed="19.52" meanSpeedRelative="0.61" duration="3"/>
    <step time="23700.00" loaded="13903" inserted="13715" running="569" waiting="188" ended="13146" arrived="13146" collisions="23" teleports="23" halting="18" stopped="0" meanWaitingTime="14.24" meanTravelTime="253.64" meanSpeed="18.46" meanSpeedRelative="0.58" duration="3"/>
    <step time="24000.00" loaded="14382" inserted="14158" running="555" waiting="224" ended="13603" arrived="13603" collisions="25" teleports="25" halting="0" stopped="0" meanWaitingTime="17.86" meanTravelTime="257.19" meanSpeed="17.97" meanSpeedRelative="0.56" duration="3"/>
    <step time="24300.00" loaded="14810" inserted="14550" running="511" waiting="260" ended="14039" arrived="14039" collisions="26" teleports="26" halting="4" stopped="0" meanWaitingTime="21.75" meanTravelTime="261.25" meanSpeed="18.12" meanSpeedRelative="0.57" duration="3"/>
    <step time="24600.00" loaded="15270" inserted="14988" running="518" waiting="282" ended="14470" arrived="14470" collisions="26" teleports="26" halting="1" stopped="0" meanWaitingTime="26.18" meanTravelTime="264.39" meanSpeed="18.90" meanSpeedRelative="0.59" duration="3"/>
    <step time="24900.00" loaded="15708" inserted="15411" running="516" waiting="297" ended="14895" arrived="14895" collisions="26" teleports="26" halting="1" stopped="0" meanWaitingTime="30.67" meanTravelTime="267.14" meanSpeed="18.50" meanSpeedRelative="0.58" duration="3"/>
    <step time="25200.00" loaded="16163" inserted="15843" running="512" waiting="320" ended="15331" arrived="15331" collisions="26" teleports="26" halting="3" stopped="0" meanWaitingTime="35.14" meanTravelTime="269.49" meanSpeed="18.81" meanSpeedRelative="0.59" duration="87"/>
    <step time="25500.00" loaded="16673" inserted="16275" running="503" waiting="398" ended="15772" arrived="15772" collisions="26" teleports="26" halting="17" stopped="0" meanWaitingTime="39.62" meanTravelTime="271.97" meanSpeed="19.51" meanSpeedRelative="0.61" duration="3"/>
    <step time="25800.00" loaded="17217" inserted="16732" running="512" waiting="485" ended="16220" arrived="16220" collisions="28" teleports="28" halting="7" stopped="0" meanWaitingTime="44.67" meanTravelTime="274.19" meanSpeed="19.26" meanSpeedRelative="0.60" duration="3"/>
    <step time="26100.00" loaded="17785" inserted="17204" running="541" waiting="581" ended="16663" arrived="16663" collisions="28" teleports="28" halting="11" stopped="0" meanWaitingTime="50.07" meanTravelTime="275.99" meanSpeed="18.58" meanSpeedRelative="0.58" duration="3"/>
    <step time="26400.00" loaded="18350" inserted="17687" running="540" waiting="663" ended="17147" arrived="17147" collisions="31" teleports="31" halting="5" stopped="0" meanWaitingTime="56.48" meanTravelTime="277.59" meanSpeed="18.43" meanSpeedRelative="0.58" duration="4"/>
    <step time="26700.00" loaded="18878" inserted="18153" running="558" waiting="725" ended="17595" arrived="17595" collisions="34" teleports="34" halting="17" stopped="0" meanWaitingTime="63.24" meanTravelTime="279.82" meanSpeed="17.67" meanSpeedRelative="0.55" duration="3"/>
    <step time="27000.00" loaded="19478" inserted="18613" running="541" waiting="865" ended="18072" arrived="18072" collisions="35" teleports="35" halting="6" stopped="0" meanWaitingTime="70.51" meanTravelTime="281.61" meanSpeed="17.65" meanSpeedRelative="0.55" duration="3"/>
    <step time="27300.00" loaded="20014" inserted="19062" running="545" waiting="952" ended="18517" arrived="18517" collisions="36" teleports="36" halting="4" stopped="0" meanWaitingTime="78.77" meanTravelTime="283.18" meanSpeed="18.69" meanSpeedRelative="0.58" duration="3"/>
    <step time="27600.00" loaded="20544" inserted="19513" running="513" waiting="1031" ended="19000" arrived="19000" collisions="39" teleports="39" halting="9" stopped="0" meanWaitingTime="88.78" meanTravelTime="284.99" meanSpeed="17.66" meanSpeedRelative="0.55" duration="3"/>
    <step time="27900.00" loaded="21116" inserted="19965" running="524" waiting="1151" ended="19441" arrived="19441" collisions="40" teleports="40" halting="19" stopped="0" meanWaitingTime="96.90" meanTravelTime="287.04" meanSpeed="18.79" meanSpeedRelative="0.59" duration="3"/>
    <step time="28200.00" loaded="21651" inserted="20411" running="494" waiting="1240" ended="19917" arrived="19917" collisions="42" teleports="42" halting="3" stopped="0" meanWaitingTime="105.97" meanTravelTime="288.23" meanSpeed="18.76" meanSpeedRelative="0.59" duration="3"/>
    <step time="28500.00" loaded="22228" inserted="20878" running="496" waiting="1350" ended="20382" arrived="20382" collisions="43" teleports="43" halting="3" stopped="0" meanWaitingTime="117.16" meanTravelTime="289.34" meanSpeed="18.82" meanSpeedRelative="0.59" duration="3"/>
    <step time="28800.00" loaded="22776" inserted="21316" running="497" waiting="1460" ended="20819" arrived="20819" collisions="43" teleports="43" halting="15" stopped="0" meanWaitingTime="126.76" meanTravelTime="289.83" meanSpeed="19.16" meanSpeedRelative="0.60" duration="89"/>
    <step time="29100.00" loaded="23125" inserted="21732" running="465" waiting="1393" ended="21267" arrived="21267" collisions="46" teleports="46" halting="0" stopped="0" meanWaitingTime="139.32" meanTravelTime="291.06" meanSpeed="20.39" meanSpeedRelative="0.64" duration="2"/>
    <step time="29400.00" loaded="23507" inserted="22197" running="462" waiting="1310" ended="21735" arrived="21735" collisions="46" teleports="46" halting="11" stopped="0" meanWaitingTime="153.89" meanTravelTime="291.54" meanSpeed="19.52" meanSpeedRelative="0.61" duration="2"/>
    <step time="29700.00" loaded="23888" inserted="22609" running="441" waiting="1279" ended="22168" arrived="22168" collisions="48" teleports="48" halting="5" stopped="0" meanWaitingTime="164.84" meanTravelTime="292.04" meanSpeed="20.52" meanSpeedRelative="0.64" duration="2"/>
    <step time="30000.00" loaded="24250" inserted="23046" running="439" waiting="1204" ended="22607" arrived="22607" collisions="50" teleports="50" halting="9" stopped="0" meanWaitingTime="179.23" meanTravelTime="292.39" meanSpeed="19.19" meanSpeedRelative="0.60" duration="3"/>
    <step time="30300.00" loaded="24619" inserted="23448" running="445" waiting="1171" ended="23003" arrived="23003" collisions="52" teleports="52" halting="18" stopped="0" meanWaitingTime="189.61" meanTravelTime="293.04" meanSpeed="19.50" meanSpeedRelative="0.61" duration="4"/>
    <step time="30600.00" loaded="24960" inserted="23863" running="445" waiting="1097" ended="23418" arrived="23418" collisions="53" teleports="53" halting="1" stopped="0" meanWaitingTime="201.50" meanTravelTime="293.47" meanSpeed="19.82" meanSpeedRelative="0.62" duration="3"/>
    <step time="30900.00" loaded="25350" inserted="24288" running="444" waiting="1062" ended="23844" arrived="23844" collisions="54" teleports="54" halting="18" stopped="0" meanWaitingTime="211.39" meanTravelTime="293.94" meanSpeed="19.75" meanSpeedRelative="0.62" duration="3"/>
    <step time="31200.00" loaded="25712" inserted="24719" running="452" waiting="993" ended="24267" arrived="24267" collisions="54" teleports="54" halting="2" stopped="0" meanWaitingTime="221.40" meanTravelTime="294.33" meanSpeed="20.41" meanSpeedRelative="0.64" duration="4"/>
    <step time="31500.00" loaded="26064" inserted="25151" running="464" waiting="913" ended="24687" arrived="24687" collisions="54" teleports="54" halting="2" stopped="0" meanWaitingTime="231.47" meanTravelTime="294.77" meanSpeed="20.13" meanSpeedRelative="0.63" duration="3"/>
    <step time="31800.00" loaded="26404" inserted="25557" running="434" waiting="847" ended="25123" arrived="25123" collisions="54" teleports="54" halting="17" stopped="0" meanWaitingTime="241.81" meanTravelTime="295.46" meanSpeed="19.37" meanSpeedRelative="0.61" duration="3"/>
    <step time="32100.00" loaded="26782" inserted="25960" running="416" waiting="822" ended="25544" arrived="25544" collisions="55" teleports="55" halting="1" stopped="0" meanWaitingTime="247.61" meanTravelTime="295.78" meanSpeed="21.06" meanSpeedRelative="0.66" duration="2"/>
    <step time="32400.00" loaded="27140" inserted="26369" running="433" waiting="771" ended="25936" arrived="25936" collisions="55" teleports="55" halting="16" stopped="0" meanWaitingTime="255.68" meanTravelTime="295.88" meanSpeed="19.43" meanSpeedRelative="0.61" duration="89"/>
    <step time="32700.00" loaded="27392" inserted="26719" running="360" waiting="673" ended="26359" arrived="26359" collisions="56" teleports="56" halting="11" stopped="0" meanWaitingTime="261.86" meanTravelTime="296.31" meanSpeed="19.89" meanSpeedRelative="0.62" duration="2"/>
    <step time="33000.00" loaded="27639" inserted="27075" running="356" waiting="564" ended="26719" arrived="26719" collisions="56" teleports="56" halting="16" stopped="0" meanWaitingTime="268.30" meanTravelTime="296.50" meanSpeed="20.59" meanSpeedRelative="0.64" duration="2"/>
    <step time="33300.00" loaded="27923" inserted="27438" running="378" waiting="485" ended="27060" arrived="27060" collisions="56" teleports="56" halting="2" stopped="0" meanWaitingTime="273.96" meanTravelTime="296.60" meanSpeed="20.63" meanSpeedRelative="0.64" duration="3"/>
    <step time="33600.00" loaded="28190" inserted="27758" running="333" waiting="432" ended="27425" arrived="27425" collisions="57" teleports="57" halting="5" stopped="0" meanWaitingTime="276.89" meanTravelTime="296.86" meanSpeed="20.78" meanSpeedRelative="0.65" duration="2"/>
    <step time="33900.00" loaded="28466" inserted="28085" running="323" waiting="381" ended="27762" arrived="27762" collisions="59" teleports="59" halting="2" stopped="0" meanWaitingTime="282.65" meanTravelTime="296.71" meanSpeed="22.17" meanSpeedRelative="0.69" duration="2"/>
    <step time="34200.00" loaded="28740" inserted="28426" running="321" waiting="314" ended="28105" arrived="28105" collisions="59" teleports="59" halting="1" stopped="0" meanWaitingTime="288.29" meanTravelTime="296.64" meanSpeed="22.02" meanSpeedRelative="0.69" duration="2"/>
    <step time="34500.00" loaded="29001" inserted="28760" running="312" waiting="241" ended="28448" arrived="28448" collisions="59" teleports="59" halting="2" stopped="0" meanWaitingTime="292.88" meanTravelTime="296.48" meanSpeed="22.24" meanSpeedRelative="0.69" duration="2"/>
    <step time="34800.00" loaded="29262" inserted="29094" running="302" waiting="168" ended="28792" arrived="28792" collisions="61" teleports="61" halting="12" stopped="0" meanWaitingTime="295.76" meanTravelTime="296.24" meanSpeed="20.30" meanSpeedRelative="0.63" duration="2"/>
    <step time="35100.00" loaded="29507" inserted="29391" running="289" waiting="116" ended="29102" arrived="29102" collisions="62" teleports="62" halting="11" stopped="0" meanWaitingTime="295.76" meanTravelTime="296.28" meanSpeed="20.33" meanSpeedRelative="0.64" duration="2"/>
    <step time="35400.00" loaded="29762" inserted="29725" running="305" waiting="37" ended="29420" arrived="29420" collisions="62" teleports="62" halting="1" stopped="0" meanWaitingTime="294.71" meanTravelTime="296.26" meanSpeed="22.33" meanSpeedRelative="0.70" duration="2"/>
    <step time="35700.00" loaded="30008" inserted="30007" running="264" waiting="1" ended="29743" arrived="29743" collisions="63" teleports="63" halting="2" stopped="0" meanWaitingTime="292.55" meanTravelTime="296.11" meanSpeed="22.21" meanSpeedRelative="0.69" duration="1"/>
    <step time="36000.00" loaded="30258" inserted="30257" running="243" waiting="1" ended="30014" arrived="30014" collisions="65" teleports="65" halting="1" stopped="0" meanWaitingTime="290.14" meanTravelTime="295.96" meanSpeed="24.17" meanSpeedRelative="0.76" duration="81"/>
    <step time="36300.00" loaded="30730" inserted="30714" running="382" waiting="16" ended="30332" arrived="30332" collisions="65" teleports="65" halting="3" stopped="0" meanWaitingTime="285.90" meanTravelTime="295.50" meanSpeed="20.99" meanSpeedRelative="0.66" duration="2"/>
    <step time="36600.00" loaded="31229" inserted="31185" running="453" waiting="44" ended="30732" arrived="30732" collisions="66" teleports="66" halting="7" stopped="0" meanWaitingTime="281.80" meanTravelTime="295.28" meanSpeed="20.78" meanSpeedRelative="0.65" duration="2"/>
    <step time="36900.00" loaded="31730" inserted="31652" running="462" waiting="78" ended="31190" arrived="31190" collisions="67" teleports="67" halting="2" stopped="0" meanWaitingTime="278.08" meanTravelTime="294.91" meanSpeed="21.74" meanSpeedRelative="0.68" duration="2"/>
    <step time="37200.00" loaded="32220" inserted="32123" running="488" waiting="97" ended="31635" arrived="31635" collisions="68" teleports="68" halting="4" stopped="0" meanWaitingTime="274.62" meanTravelTime="294.96" meanSpeed="19.90" meanSpeedRelative="0.62" duration="2"/>
    <step time="37500.00" loaded="32649" inserted="32541" running="486" waiting="108" ended="32055" arrived="32055" collisions="69" teleports="69" halting="4" stopped="0" meanWaitingTime="271.81" meanTravelTime="295.17" meanSpeed="19.25" meanSpeedRelative="0.60" duration="2"/>
    <step time="37800.00" loaded="33061" inserted="32950" running="449" waiting="111" ended="32501" arrived="32501" collisions="70" teleports="70" halting="4" stopped="0" meanWaitingTime="269.39" meanTravelTime="295.89" meanSpeed="19.67" meanSpeedRelative="0.61" duration="2"/>
    <step time="38100.00" loaded="33561" inserted="33397" running="458" waiting="164" ended="32939" arrived="32939" collisions="71" teleports="71" halting="3" stopped="0" meanWaitingTime="266.75" meanTravelTime="296.24" meanSpeed="20.35" meanSpeedRelative="0.64" duration="3"/>
    <step time="38400.00" loaded="34071" inserted="33884" running="524" waiting="187" ended="33360" arrived="33360" collisions="71" teleports="71" halting="2" stopped="0" meanWaitingTime="264.22" meanTravelTime="296.73" meanSpeed="18.90" meanSpeedRelative="0.59" duration="3"/>
    <step time="38700.00" loaded="34545" inserted="34326" running="531" waiting="219" ended="33795" arrived="33795" collisions="72" teleports="72" halting="14" stopped="0" meanWaitingTime="262.06" meanTravelTime="297.01" meanSpeed="19.20" meanSpeedRelative="0.60" duration="3"/>
    <step time="39000.00" loaded="35047" inserted="34760" running="517" waiting="287" ended="34243" arrived="34243" collisions="73" teleports="73" halting="2" stopped="0" meanWaitingTime="260.36" meanTravelTime="297.80" meanSpeed="19.51" meanSpeedRelative="0.61" duration="3"/>
    <step time="39300.00" loaded="35527" inserted="35211" running="524" waiting="316" ended="34687" arrived="34687" collisions="77" teleports="77" halting="18" stopped="0" meanWaitingTime="259.05" meanTravelTime="298.27" meanSpeed="18.68" meanSpeedRelative="0.58" duration="4"/>
    <step time="39600.00" loaded="35997" inserted="35616" running="488" waiting="381" ended="35128" arrived="35128" collisions="80" teleports="80" halting="16" stopped="0" meanWaitingTime="257.91" meanTravelTime="299.30" meanSpeed="20.00" meanSpeedRelative="0.62" duration="89"/>
    <step time="39900.00" loaded="36534" inserted="36103" running="526" waiting="431" ended="35577" arrived="35577" collisions="84" teleports="84" halting="14" stopped="0" meanWaitingTime="257.39" meanTravelTime="299.74" meanSpeed="19.19" meanSpeedRelative="0.60" duration="4"/>
    <step time="40200.00" loaded="37073" inserted="36582" running="565" waiting="491" ended="36017" arrived="36017" collisions="86" teleports="86" halting="18" stopped="0" meanWaitingTime="256.44" meanTravelTime="300.21" meanSpeed="18.73" meanSpeedRelative="0.59" duration="2"/>
    <step time="40500.00" loaded="37600" inserted="37025" running="531" waiting="575" ended="36494" arrived="36494" collisions="86" teleports="86" halting="10" stopped="0" meanWaitingTime="255.91" meanTravelTime="300.87" meanSpeed="19.74" meanSpeedRelative="0.62" duration="3"/>
    <step time="40800.00" loaded="38143" inserted="37506" running="548" waiting="637" ended="36958" arrived="36958" collisions="86" teleports="86" halting="7" stopped="0" meanWaitingTime="256.23" meanTravelTime="301.43" meanSpeed="19.48" meanSpeedRelative="0.61" duration="4"/>
    <step time="41100.00" loaded="38685" inserted="37976" running="541" waiting="709" ended="37435" arrived="37435" collisions="86" teleports="86" halting="8" stopped="0" meanWaitingTime="257.18" meanTravelTime="301.87" meanSpeed="18.56" meanSpeedRelative="0.58" duration="3"/>
    <step time="41400.00" loaded="39234" inserted="38450" running="538" waiting="784" ended="37912" arrived="37912" collisions="88" teleports="88" halting="4" stopped="0" meanWaitingTime="257.84" meanTravelTime="302.33" meanSpeed="19.11" meanSpeedRelative="0.60" duration="3"/>
    <step time="41700.00" loaded="39724" inserted="38889" running="522" waiting="835" ended="38367" arrived="38367" collisions="89" teleports="89" halting="17" stopped="0" meanWaitingTime="259.42" meanTravelTime="303.26" meanSpeed="18.33" meanSpeedRelative="0.57" duration="2"/>
    <step time="42000.00" loaded="40250" inserted="39339" running="524" waiting="911" ended="38815" arrived="38815" collisions="91" teleports="91" halting="4" stopped="0" meanWaitingTime="260.40" meanTravelTime="303.87" meanSpeed="19.94" meanSpeedRelative="0.62" duration="3"/>
    <step time="42300.00" loaded="40759" inserted="39821" running="536" waiting="938" ended="39285" arrived="39285" collisions="91" teleports="91" halting="7" stopped="0" meanWaitingTime="263.25" meanTravelTime="304.04" meanSpeed="18.55" meanSpeedRelative="0.58" duration="4"/>
    <step time="42600.00" loaded="41277" inserted="40308" running="564" waiting="969" ended="39744" arrived="39744" collisions="92" teleports="92" halting="17" stopped="0" meanWaitingTime="265.58" meanTravelTime="304.38" meanSpeed="19.28" meanSpeedRelative="0.60" duration="3"/>
    <step time="42900.00" loaded="41805" inserted="40748" running="541" waiting="1057" ended="40207" arrived="40207" collisions="94" teleports="94" halting="3" stopped="0" meanWaitingTime="267.38" meanTravelTime="304.98" meanSpeed="19.29" meanSpeedRelative="0.60" duration="4"/>
    <step time="43200.00" loaded="42337" inserted="41211" running="552" waiting="1126" ended="40659" arrived="40659" collisions="97" teleports="97" halting="1" stopped="0" meanWaitingTime="269.56" meanTravelTime="305.81" meanSpeed="18.70" meanSpeedRelative="0.58" duration="91"/>
    <step time="43500.00" loaded="42886" inserted="41702" running="571" waiting="1184" ended="41131" arrived="41131" collisions="99" teleports="99" halting="16" stopped="0" meanWaitingTime="272.87" meanTravelTime="306.33" meanSpeed="17.94" meanSpeedRelative="0.56" duration="3"/>
    <step time="43800.00" loaded="43433" inserted="42148" running="592" waiting="1285" ended="41556" arrived="41556" collisions="101" teleports="101" halting="16" stopped="0" meanWaitingTime="275.01" meanTravelTime="306.78" meanSpeed="18.14" meanSpeedRelative="0.57" duration="3"/>
    <step time="44100.00" loaded="43972" inserted="42665" running="598" waiting="1307" ended="42067" arrived="42067" collisions="103" teleports="103" halting="3" stopped="0" meanWaitingTime="279.39" meanTravelTime="307.53" meanSpeed="18.39" meanSpeedRelative="0.57" duration="3"/>
    <step time="44400.00" loaded="44531" inserted="43164" running="630" waiting="1367" ended="42534" arrived="42534" collisions="104" teleports="104" halting="21" stopped="0" meanWaitingTime="282.95" meanTravelTime="308.26" meanSpeed="16.99" meanSpeedRelative="0.53" duration="4"/>
    <step time="44700.00" loaded="45109" inserted="43634" running="613" waiting="1475" ended="43021" arrived="43021" collisions="106" teleports="106" halting="21" stopped="0" meanWaitingTime="284.45" meanTravelTime="309.12" meanSpeed="17.47" meanSpeedRelative="0.55" duration="4"/>
    <step time="45000.00" loaded="45682" inserted="44091" running="613" waiting="1591" ended="43478" arrived="43478" collisions="107" teleports="107" halting="18" stopped="0" meanWaitingTime="286.58" meanTravelTime="309.92" meanSpeed="18.75" meanSpeedRelative="0.59" duration="3"/>
    <step time="45300.00" loaded="46206" inserted="44581" running="635" waiting="1625" ended="43946" arrived="43946" collisions="110" teleports="110" halting="9" stopped="0" meanWaitingTime="291.96" meanTravelTime="310.69" meanSpeed="17.45" meanSpeedRelative="0.55" duration="4"/>
    <step time="45600.00" loaded="46732" inserted="45043" running="629" waiting="1689" ended="44414" arrived="44414" collisions="114" teleports="114" halting="21" stopped="0" meanWaitingTime="294.38" meanTravelTime="311.44" meanSpeed="18.01" meanSpeedRelative="0.56" duration="3"/>
    <step time="45900.00" loaded="47269" inserted="45549" running="644" waiting="1720" ended="44905" arrived="44905" collisions="116" teleports="116" halting="9" stopped="0" meanWaitingTime="301.49" meanTravelTime="312.45" meanSpeed="16.83" meanSpeedRelative="0.53" duration="5"/>
    <step time="46200.00" loaded="47817" inserted="46025" running="638" waiting="1792" ended="45387" arrived="45387" collisions="117" teleports="117" halting="1" stopped="0" meanWaitingTime="304.47" meanTravelTime="313.51" meanSpeed="17.59" meanSpeedRelative="0.55" duration="5"/>
    <step time="46500.00" loaded="48381" inserted="46515" running="641" waiting="1866" ended="45874" arrived="45874" collisions="119" teleports="119" halting="10" stopped="0" meanWaitingTime="310.26" meanTravelTime="314.23" meanSpeed="16.81" meanSpeedRelative="0.53" duration="4"/>
    <step time="46800.00" loaded="48919" inserted="46988" running="637" waiting="1931" ended="46351" arrived="46351" collisions="120" teleports="120" halting="24" stopped="0" meanWaitingTime="316.46" meanTravelTime="315.24" meanSpeed="17.08" meanSpeedRelative="0.53" duration="91"/>
    <step time="47100.00" loaded="49429" inserted="47420" running="596" waiting="2009" ended="46824" arrived="46824" collisions="121" teleports="121" halting="5" stopped="0" meanWaitingTime="319.83" meanTravelTime="316.02" meanSpeed="18.72" meanSpeedRelative="0.58" duration="4"/>
    <step time="47400.00" loaded="49985" inserted="47936" running="641" waiting="2049" ended="47295" arrived="47295" collisions="122" teleports="122" halting="17" stopped="0" meanWaitingTime="325.81" meanTravelTime="316.65" meanSpeed="18.20" meanSpeedRelative="0.57" duration="4"/>
    <step time="47700.00" loaded="50522" inserted="48411" running="644" waiting="2111" ended="47767" arrived="47767" collisions="124" teleports="124" halting="32" stopped="0" meanWaitingTime="331.20" meanTravelTime="317.44" meanSpeed="17.84" meanSpeedRelative="0.56" duration="4"/>
    <step time="48000.00" loaded="51052" inserted="48860" running="595" waiting="2192" ended="48265" arrived="48265" collisions="126" teleports="126" halting="1" stopped="0" meanWaitingTime="336.35" meanTravelTime="318.31" meanSpeed="18.47" meanSpeedRelative="0.58" duration="4"/>
    <step time="48300.00" loaded="51559" inserted="49359" running="653" waiting="2200" ended="48706" arrived="48706" collisions="127" teleports="127" halting="12" stopped="0" meanWaitingTime="344.97" meanTravelTime="318.88" meanSpeed="16.72" meanSpeedRelative="0.52" duration="3"/>
    <step time="48600.00" loaded="52097" inserted="49834" running="647" waiting="2263" ended="49187" arrived="49187" collisions="127" teleports="127" halting="17" stopped="0" meanWaitingTime="349.71" meanTravelTime="319.45" meanSpeed="17.27" meanSpeedRelative="0.54" duration="3"/>
    <step time="48900.00" loaded="52624" inserted="50317" running="652" waiting="2307" ended="49665" arrived="49665" collisions="130" teleports="130" halting="9" stopped="0" meanWaitingTime="356.53" meanTravelTime="320.22" meanSpeed="17.64" meanSpeedRelative="0.55" duration="4"/>
    <step time="49200.00" loaded="53168" inserted="50806" running="648" waiting="2362" ended="50158" arrived="50158" collisions="136" teleports="136" halting="21" stopped="0" meanWaitingTime="363.33" meanTravelTime="321.39" meanSpeed="17.22" meanSpeedRelative="0.54" duration="4"/>
    <step time="49500.00" loaded="53656" inserted="51265" running="682" waiting="2391" ended="50583" arrived="50583" collisions="139" teleports="139" halting="15" stopped="0" meanWaitingTime="371.37" meanTravelTime="321.92" meanSpeed="17.07" meanSpeedRelative="0.53" duration="4"/>
    <step time="49800.00" loaded="54179" inserted="51742" running="718" waiting="2437" ended="51024" arrived="51024" collisions="140" teleports="140" halting="21" stopped="0" meanWaitingTime="378.69" meanTravelTime="322.94" meanSpeed="16.08" meanSpeedRelative="0.50" duration="4"/>
    <step time="50100.00" loaded="54711" inserted="52200" running="685" waiting="2511" ended="51515" arrived="51515" collisions="142" teleports="142" halting="2" stopped="0" meanWaitingTime="385.30" meanTravelTime="324.23" meanSpeed="16.64" meanSpeedRelative="0.52" duration="4"/>
    <step time="50400.00" loaded="55242" inserted="52691" running="682" waiting="2551" ended="52009" arrived="52009" collisions="143" teleports="143" halting="18" stopped="0" meanWaitingTime="392.64" meanTravelTime="325.08" meanSpeed="15.80" meanSpeedRelative="0.49" duration="93"/>
    <step time="50700.00" loaded="55975" inserted="53251" running="724" waiting="2724" ended="52527" arrived="52527" collisions="145" teleports="145" halting="21" stopped="0" meanWaitingTime="398.67" meanTravelTime="326.02" meanSpeed="16.12" meanSpeedRelative="0.50" duration="5"/>
    <step time="51000.00" loaded="56684" inserted="53772" running="741" waiting="2912" ended="53031" arrived="53031" collisions="145" teleports="145" halting="13" stopped="0" meanWaitingTime="402.96" meanTravelTime="326.72" meanSpeed="15.71" meanSpeedRelative="0.49" duration="5"/>
    <step time="51300.00" loaded="57413" inserted="54351" running="837" waiting="3062" ended="53514" arrived="53514" collisions="147" teleports="147" halting="8" stopped="0" meanWaitingTime="411.50" meanTravelTime="327.54" meanSpeed="14.54" meanSpeedRelative="0.45" duration="5"/>
    <step time="51600.00" loaded="58097" inserted="54846" running="844" waiting="3251" ended="54002" arrived="54002" collisions="149" teleports="149" halting="4" stopped="0" meanWaitingTime="416.46" meanTravelTime="328.74" meanSpeed="13.84" meanSpeedRelative="0.43" duration="6"/>
    <step time="51900.00" loaded="58828" inserted="55396" running="872" waiting="3432" ended="54524" arrived="54524" collisions="151" teleports="151" halting="2" stopped="0" meanWaitingTime="425.34" meanTravelTime="330.06" meanSpeed="14.29" meanSpeedRelative="0.45" duration="6"/>
    <step time="52200.00" loaded="59518" inserted="55928" running="887" waiting="3590" ended="55041" arrived="55041" collisions="158" teleports="158" halting="5" stopped="0" meanWaitingTime="434.34" meanTravelTime="331.44" meanSpeed="13.03" meanSpeedRelative="0.41" duration="7"/>
    <step time="52500.00" loaded="60260" inserted="56443" running="898" waiting="3817" ended="55545" arrived="55545" collisions="163" teleports="163" halting="37" stopped="0" meanWaitingTime="441.75" meanTravelTime="332.97" meanSpeed="13.27" meanSpeedRelative="0.41" duration="6"/>
    <step time="52800.00" loaded="60963" inserted="56955" running="910" waiting="4008" ended="56045" arrived="56045" collisions="165" teleports="165" halting="19" stopped="0" meanWaitingTime="449.63" meanTravelTime="334.70" meanSpeed="12.41" meanSpeedRelative="0.39" duration="7"/>
    <step time="53100.00" loaded="61725" inserted="57491" running="941" waiting="4234" ended="56550" arrived="56550" collisions="166" teleports="166" halting="17" stopped="0" meanWaitingTime="456.54" meanTravelTime="336.57" meanSpeed="13.24" meanSpeedRelative="0.41" duration="8"/>
    <step time="53400.00" loaded="62437" inserted="58045" running="968" waiting="4392" ended="57077" arrived="57077" collisions="168" teleports="168" halting="30" stopped="0" meanWaitingTime="469.31" meanTravelTime="338.55" meanSpeed="12.91" meanSpeedRelative="0.40" duration="7"/>
    <step time="53700.00" loaded="63130" inserted="58583" running="963" waiting="4547" ended="57620" arrived="57620" collisions="171" teleports="171" halting="5" stopped="0" meanWaitingTime="477.62" meanTravelTime="340.27" meanSpeed="13.11" meanSpeedRelative="0.41" duration="5"/>
    <step time="54000.00" loaded="63834" inserted="59118" running="979" waiting="4716" ended="58139" arrived="58139" collisions="172" teleports="172" halting="32" stopped="0" meanWaitingTime="486.42" meanTravelTime="341.90" meanSpeed="12.57" meanSpeedRelative="0.39" duration="93"/>
    <step time="54300.00" loaded="64263" inserted="59578" running="912" waiting="4685" ended="58666" arrived="58666" collisions="174" teleports="174" halting="18" stopped="0" meanWaitingTime="497.03" meanTravelTime="343.64" meanSpeed="12.55" meanSpeedRelative="0.39" duration="7"/>
    <step time="54600.00" loaded="64723" inserted="60031" running="863" waiting="4692" ended="59168" arrived="59168" collisions="177" teleports="177" halting="3" stopped="0" meanWaitingTime="509.57" meanTravelTime="345.55" meanSpeed="13.28" meanSpeedRelative="0.41" duration="7"/>
    <step time="54900.00" loaded="65155" inserted="60478" running="841" waiting="4677" ended="59637" arrived="59637" collisions="182" teleports="182" halting="17" stopped="0" meanWaitingTime="520.63" meanTravelTime="347.34" meanSpeed="12.88" meanSpeedRelative="0.40" duration="7"/>
    <step time="55200.00" loaded="65590" inserted="60959" running="823" waiting="4631" ended="60136" arrived="60136" collisions="184" teleports="184" halting="25" stopped="0" meanWaitingTime="535.05" meanTravelTime="349.04" meanSpeed="13.08" meanSpeedRelative="0.41" duration="6"/>
    <step time="55500.00" loaded="66055" inserted="61414" running="795" waiting="4641" ended="60619" arrived="60619" collisions="186" teleports="186" halting="11" stopped="0" meanWaitingTime="547.45" meanTravelTime="350.35" meanSpeed="14.73" meanSpeedRelative="0.46" duration="6"/>
    <step time="55800.00" loaded="66501" inserted="61877" running="773" waiting="4624" ended="61104" arrived="61104" collisions="189" teleports="189" halting="28" stopped="0" meanWaitingTime="560.76" meanTravelTime="351.52" meanSpeed="13.51" meanSpeedRelative="0.42" duration="5"/>
    <step time="56100.00" loaded="67003" inserted="62384" running="811" waiting="4619" ended="61573" arrived="61573" collisions="190" teleports="190" halting="2" stopped="0" meanWaitingTime="578.36" meanTravelTime="352.53" meanSpeed="13.82" meanSpeedRelative="0.43" duration="6"/>
    <step time="56400.00" loaded="67467" inserted="62835" running="799" waiting="4632" ended="62036" arrived="62036" collisions="191" teleports="191" halting="17" stopped="0" meanWaitingTime="590.96" meanTravelTime="353.53" meanSpeed="13.77" meanSpeedRelative="0.43" duration="6"/>
    <step time="56700.00" loaded="67938" inserted="63323" running="819" waiting="4615" ended="62504" arrived="62504" collisions="195" teleports="195" halting="22" stopped="0" meanWaitingTime="606.34" meanTravelTime="354.82" meanSpeed="13.59" meanSpeedRelative="0.42" duration="6"/>
    <step time="57000.00" loaded="68391" inserted="63769" running="765" waiting="4622" ended="63004" arrived="63004" collisions="197" teleports="197" halting="20" stopped="0" meanWaitingTime="618.46" meanTravelTime="355.99" meanSpeed="14.04" meanSpeedRelative="0.44" duration="6"/>
    <step time="57300.00" loaded="68808" inserted="64211" running="748" waiting="4597" ended="63463" arrived="63463" collisions="200" teleports="200" halting="14" stopped="0" meanWaitingTime="634.16" meanTravelTime="357.13" meanSpeed="14.21" meanSpeedRelative="0.44" duration="6"/>
    <step time="57600.00" loaded="69257" inserted="64677" running="741" waiting="4580" ended="63936" arrived="63936" collisions="200" teleports="200" halting="8" stopped="0" meanWaitingTime="648.30" meanTravelTime="358.31" meanSpeed="15.24" meanSpeedRelative="0.48" duration="82"/>
    <step time="57900.00" loaded="69851" inserted="65209" running="776" waiting="4642" ended="64433" arrived="64433" collisions="200" teleports="200" halting="17" stopped="0" meanWaitingTime="663.63" meanTravelTime="359.09" meanSpeed="15.16" meanSpeedRelative="0.47" duration="6"/>
    <step time="58200.00" loaded="70432" inserted="65714" running="765" waiting="4718" ended="64949" arrived="64949" collisions="200" teleports="200" halting="23" stopped="0" meanWaitingTime="675.44" meanTravelTime="359.80" meanSpeed="15.36" meanSpeedRelative="0.48" duration="6"/>
    <step time="58500.00" loaded="70987" inserted="66214" running="773" waiting="4773" ended="65441" arrived="65441" collisions="202" teleports="202" halting="12" stopped="0" meanWaitingTime="689.71" meanTravelTime="360.58" meanSpeed="15.69" meanSpeedRelative="0.49" duration="7"/>
    <step time="58800.00" loaded="71556" inserted="66745" running="796" waiting="4811" ended="65949" arrived="65949" collisions="203" teleports="203" halting="1" stopped="0" meanWaitingTime="704.20" meanTravelTime="361.43" meanSpeed="15.82" meanSpeedRelative="0.49" duration="7"/>
    <step time="59100.00" loaded="72084" inserted="67212" running="761" waiting="4872" ended="66451" arrived="66451" collisions="206" teleports="206" halting="19" stopped="0" meanWaitingTime="715.15" meanTravelTime="362.17" meanSpeed="15.64" meanSpeedRelative="0.49" duration="7"/>
    <step time="59400.00" loaded="72661" inserted="67725" running="788" waiting="4936" ended="66937" arrived="66937" collisions="207" teleports="207" halting="10" stopped="0" meanWaitingTime="730.45" meanTravelTime="362.79" meanSpeed="14.55" meanSpeedRelative="0.45" duration="4"/>
    <step time="59700.00" loaded="73226" inserted="68203" running="784" waiting="5023" ended="67419" arrived="67419" collisions="208" teleports="208" halting="36" stopped="0" meanWaitingTime="741.42" meanTravelTime="363.66" meanSpeed="14.58" meanSpeedRelative="0.46" duration="6"/>
    <step time="60000.00" loaded="73793" inserted="68693" running="795" waiting="5100" ended="67898" arrived="67898" collisions="211" teleports="211" halting="19" stopped="0" meanWaitingTime="753.82" meanTravelTime="364.58" meanSpeed="14.62" meanSpeedRelative="0.46" duration="5"/>
    <step time="60300.00" loaded="74349" inserted="69185" running="771" waiting="5164" ended="68414" arrived="68414" collisions="213" teleports="213" halting="14" stopped="0" meanWaitingTime="767.91" meanTravelTime="365.44" meanSpeed="15.01" meanSpeedRelative="0.47" duration="7"/>
    <step time="60600.00" loaded="74911" inserted="69685" running="778" waiting="5226" ended="68907" arrived="68907" collisions="216" teleports="216" halting="26" stopped="0" meanWaitingTime="780.90" meanTravelTime="366.27" meanSpeed="14.83" meanSpeedRelative="0.46" duration="6"/>
    <step time="60900.00" loaded="75518" inserted="70226" running="835" waiting="5292" ended="69391" arrived="69391" collisions="219" teleports="219" halting="14" stopped="0" meanWaitingTime="794.72" meanTravelTime="366.99" meanSpeed="14.55" meanSpeedRelative="0.45" duration="7"/>
    <step time="61200.00" loaded="76019" inserted="70689" running="789" waiting="5330" ended="69900" arrived="69900" collisions="221" teleports="221" halting="24" stopped="0" meanWaitingTime="804.36" meanTravelTime="367.83" meanSpeed="15.19" meanSpeedRelative="0.47" duration="84"/>
    <step time="61500.00" loaded="76101" inserted="71040" running="671" waiting="5061" ended="70369" arrived="70369" collisions="222" teleports="222" halting="13" stopped="0" meanWaitingTime="820.21" meanTravelTime="368.87" meanSpeed="15.03" meanSpeedRelative="0.47" duration="5"/>
    <step time="61800.00" loaded="76176" inserted="71385" running="604" waiting="4791" ended="70781" arrived="70781" collisions="225" teleports="225" halting="1" stopped="0" meanWaitingTime="835.49" meanTravelTime="369.82" meanSpeed="15.01" meanSpeedRelative="0.47" duration="6"/>
    <step time="62100.00" loaded="76239" inserted="71737" running="559" waiting="4502" ended="71178" arrived="71178" collisions="225" teleports="225" halting="5" stopped="0" meanWaitingTime="850.95" meanTravelTime="370.66" meanSpeed="15.55" meanSpeedRelative="0.49" duration="4"/>
    <step time="62400.00" loaded="76308" inserted="72129" running="578" waiting="4179" ended="71551" arrived="71551" collisions="225" teleports="225" halting="6" stopped="0" meanWaitingTime="870.66" meanTravelTime="371.07" meanSpeed="15.57" meanSpeedRelative="0.49" duration="3"/>
    <step time="62700.00" loaded="76368" inserted="72509" running="579" waiting="3859" ended="71930" arrived="71930" collisions="226" teleports="226" halting="4" stopped="0" meanWaitingTime="888.30" meanTravelTime="371.65" meanSpeed="15.88" meanSpeedRelative="0.50" duration="4"/>
    <step time="63000.00" loaded="76437" inserted="72915" running="574" waiting="3522" ended="72341" arrived="72341" collisions="229" teleports="229" halting="5" stopped="0" meanWaitingTime="906.17" meanTravelTime="372.11" meanSpeed="15.78" meanSpeedRelative="0.49" duration="5"/>
    <step time="63300.00" loaded="76512" inserted="73327" running="601" waiting="3185" ended="72726" arrived="72726" collisions="229" teleports="229" halting="11" stopped="0" meanWaitingTime="924.79" meanTravelTime="372.43" meanSpeed="15.26" meanSpeedRelative="0.48" duration="4"/>
    <step time="63600.00" loaded="76587" inserted="73689" running="561" waiting="2898" ended="73128" arrived="73128" collisions="232" teleports="232" halting="5" stopped="0" meanWaitingTime="937.74" meanTravelTime="372.84" meanSpeed="14.57" meanSpeedRelative="0.46" duration="5"/>
    <step time="63900.00" loaded="76662" inserted="73992" running="477" waiting="2670" ended="73515" arrived="73515" collisions="234" teleports="234" halting="7" stopped="0" meanWaitingTime="952.41" meanTravelTime="373.07" meanSpeed="14.80" meanSpeedRelative="0.46" duration="4"/>
    <step time="64200.00" loaded="76736" inserted="74255" running="412" waiting="2481" ended="73843" arrived="73843" collisions="235" teleports="235" halting="2" stopped="0" meanWaitingTime="964.03" meanTravelTime="373.58" meanSpeed="18.26" meanSpeedRelative="0.57" duration="2"/>
    <step time="64500.00" loaded="76810" inserted="74535" running="339" waiting="2275" ended="74196" arrived="74196" collisions="235" teleports="235" halting="13" stopped="0" meanWaitingTime="978.61" meanTravelTime="374.16" meanSpeed="18.99" meanSpeedRelative="0.59" duration="3"/>
    <step time="64800.00" loaded="76884" inserted="74811" running="303" waiting="2073" ended="74508" arrived="74508" collisions="235" teleports="235" halting="1" stopped="0" meanWaitingTime="991.91" meanTravelTime="374.10" meanSpeed="20.90" meanSpeedRelative="0.65" duration="93"/>
    <step time="65100.00" loaded="76938" inserted="75067" running="265" waiting="1871" ended="74802" arrived="74802" collisions="237" teleports="237" halting="0" stopped="0" meanWaitingTime="1007.33" meanTravelTime="373.97" meanSpeed="20.70" meanSpeedRelative="0.65" duration="2"/>
    <step time="65400.00" loaded="76986" inserted="75297" running="246" waiting="1689" ended="75051" arrived="75051" collisions="237" teleports="237" halting="2" stopped="0" meanWaitingTime="1024.22" meanTravelTime="373.85" meanSpeed="21.21" meanSpeedRelative="0.66" duration="2"/>
    <step time="65700.00" loaded="77043" inserted="75535" running="251" waiting="1508" ended="75284" arrived="75284" collisions="237" teleports="237" halting="0" stopped="0" meanWaitingTime="1040.93" meanTravelTime="373.69" meanSpeed="22.03" meanSpeedRelative="0.69" duration="2"/>
    <step time="66000.00" loaded="77096" inserted="75776" running="248" waiting="1320" ended="75528" arrived="75528" collisions="237" teleports="237" halting="1" stopped="0" meanWaitingTime="1057.28" meanTravelTime="373.47" meanSpeed="22.11" meanSpeedRelative="0.69" duration="1"/>
    <step time="66300.00" loaded="77139" inserted="76013" running="252" waiting="1126" ended="75761" arrived="75761" collisions="238" teleports="238" halting="1" stopped="0" meanWaitingTime="1071.94" meanTravelTime="373.26" meanSpeed="22.13" meanSpeedRelative="0.69" duration="1"/>
    <step time="66600.00" loaded="77187" inserted="76250" running="238" waiting="937" ended="76012" arrived="76012" collisions="238" teleports="238" halting="1" stopped="0" meanWaitingTime="1085.43" meanTravelTime="373.02" meanSpeed="22.97" meanSpeedRelative="0.72" duration="2"/>
    <step time="66900.00" loaded="77252" inserted="76438" running="162" waiting="814" ended="76276" arrived="76276" collisions="238" teleports="238" halting="0" stopped="0" meanWaitingTime="1097.31" meanTravelTime="372.81" meanSpeed="22.66" meanSpeedRelative="0.71" duration="1"/>
    <step time="67200.00" loaded="77303" inserted="76617" running="148" waiting="686" ended="76469" arrived="76469" collisions="238" teleports="238" halting="1" stopped="0" meanWaitingTime="1109.40" meanTravelTime="372.55" meanSpeed="22.90" meanSpeedRelative="0.72" duration="1"/>
    <step time="67500.00" loaded="77357" inserted="76801" running="142" waiting="556" ended="76659" arrived="76659" collisions="238" teleports="238" halting="1" stopped="0" meanWaitingTime="1120.01" meanTravelTime="372.31" meanSpeed="22.92" meanSpeedRelative="0.72" duration="1"/>
    <step time="67800.00" loaded="77413" inserted="76980" running="141" waiting="433" ended="76839" arrived="76839" collisions="238" teleports="238" halting="1" stopped="0" meanWaitingTime="1127.73" meanTravelTime="371.90" meanSpeed="25.62" meanSpeedRelative="0.80" duration="1"/>
    <step time="68100.00" loaded="77450" inserted="77096" running="136" waiting="354" ended="76960" arrived="76960" collisions="238" teleports="238" halting="1" stopped="0" meanWaitingTime="1135.21" meanTravelTime="371.83" meanSpeed="24.51" meanSpeedRelative="0.77" duration="1"/>
    <step time="68400.00" loaded="77504" inserted="77225" running="141" waiting="279" ended="77084" arrived="77084" collisions="238" teleports="238" halting="0" stopped="0" meanWaitingTime="1142.10" meanTravelTime="371.72" meanSpeed="23.40" meanSpeedRelative="0.73" duration="88"/>
    <step time="68700.00" loaded="77675" inserted="77446" running="208" waiting="229" ended="77238" arrived="77238" collisions="238" teleports="238" halting="0" stopped="0" meanWaitingTime="1147.02" meanTravelTime="371.66" meanSpeed="23.72" meanSpeedRelative="0.74" duration="1"/>
    <step time="69000.00" loaded="77817" inserted="77660" running="231" waiting="157" ended="77429" arrived="77429" collisions="238" teleports="238" halting="0" stopped="0" meanWaitingTime="1151.83" meanTravelTime="371.38" meanSpeed="22.33" meanSpeedRelative="0.70" duration="1"/>
    <step time="69300.00" loaded="77979" inserted="77891" running="243" waiting="88" ended="77648" arrived="77648" collisions="239" teleports="239" halting="0" stopped="0" meanWaitingTime="1155.41" meanTravelTime="371.22" meanSpeed="23.16" meanSpeedRelative="0.72" duration="1"/>
    <step time="69600.00" loaded="78141" inserted="78112" running="254" waiting="29" ended="77858" arrived="77858" collisions="239" teleports="239" halting="3" stopped="0" meanWaitingTime="1154.62" meanTravelTime="371.11" meanSpeed="22.23" meanSpeedRelative="0.69" duration="1"/>
    <step time="69900.00" loaded="78311" inserted="78311" running="244" waiting="0" ended="78067" arrived="78067" collisions="240" teleports="240" halting="1" stopped="0" meanWaitingTime="1151.85" meanTravelTime="371.10" meanSpeed="22.77" meanSpeedRelative="0.71" duration="1"/>
    <step time="70200.00" loaded="78467" inserted="78467" running="184" waiting="0" ended="78283" arrived="78283" collisions="240" teleports="240" halting="1" stopped="0" meanWaitingTime="1149.56" meanTravelTime="371.06" meanSpeed="25.52" meanSpeedRelative="0.80" duration="2"/>
    <step time="70500.00" loaded="78632" inserted="78632" running="167" waiting="0" ended="78465" arrived="78465" collisions="240" teleports="240" halting="2" stopped="0" meanWaitingTime="1147.15" meanTravelTime="371.05" meanSpeed="25.36" meanSpeedRelative="0.79" duration="1"/>
    <step time="70800.00" loaded="78794" inserted="78794" running="144" waiting="0" ended="78650" arrived="78650" collisions="240" teleports="240" halting="0" stopped="0" meanWaitingTime="1144.79" meanTravelTime="370.91" meanSpeed="25.85" meanSpeedRelative="0.81" duration="1"/>
    <step time="71100.00" loaded="78940" inserted="78940" running="140" waiting="0" ended="78800" arrived="78800" collisions="240" teleports="240" halting="1" stopped="0" meanWaitingTime="1142.67" meanTravelTime="370.81" meanSpeed="25.20" meanSpeedRelative="0.79" duration="2"/>
    <step time="71400.00" loaded="79104" inserted="79104" running="146" waiting="0" ended="78958" arrived="78958" collisions="240" teleports="240" halting="0" stopped="0" meanWaitingTime="1140.30" meanTravelTime="370.58" meanSpeed="25.91" meanSpeedRelative="0.81" duration="1"/>
    <step time="71700.00" loaded="79266" inserted="79266" running="154" waiting="0" ended="79112" arrived="79112" collisions="240" teleports="240" halting="0" stopped="0" meanWaitingTime="1137.97" meanTravelTime="370.35" meanSpeed="26.22" meanSpeedRelative="0.82" duration="1"/>
    <step time="72000.00" loaded="79436" inserted="79436" running="150" waiting="0" ended="79286" arrived="79286" collisions="240" teleports="240" halting="1" stopped="0" meanWaitingTime="1135.54" meanTravelTime="370.18" meanSpeed="25.82" meanSpeedRelative="0.81" duration="82"/>
    <step time="72300.00" loaded="79566" inserted="79566" running="127" waiting="0" ended="79439" arrived="79439" collisions="240" teleports="240" halting="1" stopped="0" meanWaitingTime="1133.68" meanTravelTime="370.02" meanSpeed="25.53" meanSpeedRelative="0.80" duration="0"/>
    <step time="72600.00" loaded="79708" inserted="79708" running="133" waiting="0" ended="79575" arrived="79575" collisions="241" teleports="241" halting="0" stopped="0" meanWaitingTime="1131.67" meanTravelTime="369.87" meanSpeed="25.86" meanSpeedRelative="0.81" duration="1"/>
    <step time="72900.00" loaded="79840" inserted="79839" running="138" waiting="1" ended="79701" arrived="79701" collisions="242" teleports="242" halting="0" stopped="0" meanWaitingTime="1129.81" meanTravelTime="369.75" meanSpeed="25.45" meanSpeedRelative="0.80" duration="1"/>
    <step time="73200.00" loaded="79960" inserted="79960" running="113" waiting="0" ended="79847" arrived="79847" collisions="242" teleports="242" halting="1" stopped="0" meanWaitingTime="1128.10" meanTravelTime="369.64" meanSpeed="25.13" meanSpeedRelative="0.79" duration="1"/>
    <step time="73500.00" loaded="80101" inserted="80101" running="126" waiting="0" ended="79975" arrived="79975" collisions="242" teleports="242" halting="0" stopped="0" meanWaitingTime="1126.11" meanTravelTime="369.46" meanSpeed="25.50" meanSpeedRelative="0.80" duration="1"/>
    <step time="73800.00" loaded="80259" inserted="80259" running="131" waiting="0" ended="80128" arrived="80128" collisions="242" teleports="242" halting="0" stopped="0" meanWaitingTime="1123.90" meanTravelTime="369.27" meanSpeed="26.24" meanSpeedRelative="0.82" duration="1"/>
    <step time="74100.00" loaded="80383" inserted="80383" running="108" waiting="0" ended="80275" arrived="80275" collisions="242" teleports="242" halting="0" stopped="0" meanWaitingTime="1122.16" meanTravelTime="369.07" meanSpeed="26.00" meanSpeedRelative="0.81" duration="1"/>
    <step time="74400.00" loaded="80501" inserted="80501" running="96" waiting="0" ended="80405" arrived="80405" collisions="242" teleports="242" halting="1" stopped="0" meanWaitingTime="1120.52" meanTravelTime="368.86" meanSpeed="25.78" meanSpeedRelative="0.81" duration="1"/>
    <step time="74700.00" loaded="80653" inserted="80653" running="120" waiting="0" ended="80533" arrived="80533" collisions="242" teleports="242" halting="0" stopped="0" meanWaitingTime="1118.41" meanTravelTime="368.67" meanSpeed="26.58" meanSpeedRelative="0.83" duration="1"/>
    <step time="75000.00" loaded="80785" inserted="80785" running="107" waiting="0" ended="80678" arrived="80678" collisions="242" teleports="242" halting="0" stopped="0" meanWaitingTime="1116.58" meanTravelTime="368.49" meanSpeed="25.63" meanSpeedRelative="0.80" duration="1"/>
    <step time="75300.00" loaded="80905" inserted="80905" running="102" waiting="0" ended="80803" arrived="80803" collisions="243" teleports="243" halting="0" stopped="0" meanWaitingTime="1114.93" meanTravelTime="368.32" meanSpeed="26.64" meanSpeedRelative="0.83" duration="1"/>
    <step time="75600.00" loaded="81033" inserted="81033" running="117" waiting="0" ended="80916" arrived="80916" collisions="243" teleports="243" halting="0" stopped="0" meanWaitingTime="1113.17" meanTravelTime="368.16" meanSpeed="26.34" meanSpeedRelative="0.82" duration="81"/>
    <step time="75900.00" loaded="81228" inserted="81228" running="173" waiting="0" ended="81055" arrived="81055" collisions="243" teleports="243" halting="0" stopped="0" meanWaitingTime="1110.49" meanTravelTime="367.94" meanSpeed="24.32" meanSpeedRelative="0.76" duration="1"/>
    <step time="76200.00" loaded="81423" inserted="81423" running="164" waiting="0" ended="81259" arrived="81259" collisions="245" teleports="245" halting="0" stopped="0" meanWaitingTime="1107.84" meanTravelTime="367.65" meanSpeed="25.15" meanSpeedRelative="0.79" duration="2"/>
    <step time="76500.00" loaded="81600" inserted="81600" running="154" waiting="0" ended="81446" arrived="81446" collisions="246" teleports="246" halting="1" stopped="0" meanWaitingTime="1105.43" meanTravelTime="367.41" meanSpeed="24.92" meanSpeedRelative="0.78" duration="1"/>
    <step time="76800.00" loaded="81790" inserted="81788" running="169" waiting="2" ended="81619" arrived="81619" collisions="247" teleports="247" halting="1" stopped="0" meanWaitingTime="1102.89" meanTravelTime="367.19" meanSpeed="24.93" meanSpeedRelative="0.78" duration="1"/>
    <step time="77100.00" loaded="81999" inserted="81999" running="190" waiting="0" ended="81809" arrived="81809" collisions="248" teleports="248" halting="1" stopped="0" meanWaitingTime="1100.06" meanTravelTime="366.92" meanSpeed="24.91" meanSpeedRelative="0.78" duration="1"/>
    <step time="77400.00" loaded="82193" inserted="82193" running="163" waiting="0" ended="82030" arrived="82030" collisions="249" teleports="249" halting="0" stopped="0" meanWaitingTime="1097.46" meanTravelTime="366.63" meanSpeed="24.70" meanSpeedRelative="0.77" duration="1"/>
    <step time="77700.00" loaded="82398" inserted="82398" running="179" waiting="0" ended="82219" arrived="82219" collisions="249" teleports="249" halting="0" stopped="0" meanWaitingTime="1094.73" meanTravelTime="366.34" meanSpeed="24.88" meanSpeedRelative="0.78" duration="1"/>
    <step time="78000.00" loaded="82596" inserted="82593" running="175" waiting="3" ended="82418" arrived="82418" collisions="250" teleports="250" halting="0" stopped="0" meanWaitingTime="1092.15" meanTravelTime="366.09" meanSpeed="23.94" meanSpeedRelative="0.75" duration="1"/>
    <step time="78300.00" loaded="82796" inserted="82796" running="195" waiting="0" ended="82601" arrived="82601" collisions="250" teleports="250" halting="1" stopped="0" meanWaitingTime="1089.47" meanTravelTime="365.90" meanSpeed="25.21" meanSpeedRelative="0.79" duration="1"/>
    <step time="78600.00" loaded="82981" inserted="82981" running="178" waiting="0" ended="82803" arrived="82803" collisions="250" teleports="250" halting="0" stopped="0" meanWaitingTime="1087.05" meanTravelTime="365.63" meanSpeed="25.32" meanSpeedRelative="0.79" duration="1"/>
    <step time="78900.00" loaded="83165" inserted="83165" running="147" waiting="0" ended="83018" arrived="83018" collisions="250" teleports="250" halting="1" stopped="0" meanWaitingTime="1084.64" meanTravelTime="365.44" meanSpeed="24.74" meanSpeedRelative="0.77" duration="1"/>
    <step time="79200.00" loaded="83358" inserted="83356" running="163" waiting="2" ended="83193" arrived="83193" collisions="250" teleports="250" halting="2" stopped="0" meanWaitingTime="1082.16" meanTravelTime="365.24" meanSpeed="24.57" meanSpeedRelative="0.77" duration="81"/>
    <step time="79500.00" loaded="83533" inserted="83533" running="163" waiting="0" ended="83370" arrived="83370" collisions="251" teleports="251" halting="1" stopped="0" meanWaitingTime="1079.87" meanTravelTime="365.02" meanSpeed="24.94" meanSpeedRelative="0.78" duration="1"/>
    <step time="79800.00" loaded="83714" inserted="83713" running="165" waiting="1" ended="83548" arrived="83548" collisions="251" teleports="251" halting="1" stopped="0" meanWaitingTime="1077.54" meanTravelTime="364.82" meanSpeed="25.30" meanSpeedRelative="0.79" duration="1"/>
    <step time="80100.00" loaded="83885" inserted="83885" running="177" waiting="0" ended="83708" arrived="83708" collisions="251" teleports="251" halting="1" stopped="0" meanWaitingTime="1075.34" meanTravelTime="364.66" meanSpeed="25.15" meanSpeedRelative="0.79" duration="1"/>
    <step time="80400.00" loaded="84069" inserted="84069" running="173" waiting="0" ended="83896" arrived="83896" collisions="251" teleports="251" halting="2" stopped="0" meanWaitingTime="1072.98" meanTravelTime="364.51" meanSpeed="24.91" meanSpeedRelative="0.78" duration="1"/>
    <step time="80700.00" loaded="84230" inserted="84230" running="157" waiting="0" ended="84073" arrived="84073" collisions="251" teleports="251" halting="4" stopped="0" meanWaitingTime="1070.93" meanTravelTime="364.32" meanSpeed="23.75" meanSpeedRelative="0.74" duration="1"/>
    <step time="81000.00" loaded="84396" inserted="84396" running="139" waiting="0" ended="84257" arrived="84257" collisions="251" teleports="251" halting="2" stopped="0" meanWaitingTime="1068.83" meanTravelTime="364.15" meanSpeed="25.35" meanSpeedRelative="0.79" duration="1"/>
    <step time="81300.00" loaded="84555" inserted="84555" running="147" waiting="0" ended="84408" arrived="84408" collisions="252" teleports="252" halting="0" stopped="0" meanWaitingTime="1066.82" meanTravelTime="363.97" meanSpeed="25.76" meanSpeedRelative="0.81" duration="1"/>
    <step time="81600.00" loaded="84735" inserted="84735" running="167" waiting="0" ended="84568" arrived="84568" collisions="253" teleports="253" halting="0" stopped="0" meanWaitingTime="1064.55" meanTravelTime="363.79" meanSpeed="25.16" meanSpeedRelative="0.79" duration="1"/>
    <step time="81900.00" loaded="84893" inserted="84893" running="151" waiting="0" ended="84742" arrived="84742" collisions="253" teleports="253" halting="1" stopped="0" meanWaitingTime="1062.57" meanTravelTime="363.63" meanSpeed="25.62" meanSpeedRelative="0.80" duration="1"/>
    <step time="82200.00" loaded="85069" inserted="85069" running="152" waiting="0" ended="84917" arrived="84917" collisions="253" teleports="253" halting="0" stopped="0" meanWaitingTime="1060.37" meanTravelTime="363.39" meanSpeed="25.56" meanSpeedRelative="0.80" duration="1"/>
    <step time="82500.00" loaded="85221" inserted="85221" running="133" waiting="0" ended="85088" arrived="85088" collisions="253" teleports="253" halting="0" stopped="0" meanWaitingTime="1058.48" meanTravelTime="363.22" meanSpeed="25.27" meanSpeedRelative="0.79" duration="1"/>
</summary>
