<?xml version="1.0" encoding="UTF-8"?>

<!-- generated on 2025-08-07 17:39:38 by Eclipse SUMO sumo Version 1.23.1
<sumoConfiguration xmlns:xsi="http://www.w3.org/2001/XMLSchema-instance" xsi:noNamespaceSchemaLocation="http://sumo.dlr.de/xsd/sumoConfiguration.xsd">

    <input>
        <net-file value="Desktop\Master Thesis\Network_fin.net.xml"/>
        <route-files value="Desktop\Master Thesis\demand_model_amsterdam.rou.xml"/>
        <additional-files value="Desktop\Master Thesis\Additionnal.add.xml"/>
    </input>

    <output>
        <summary-output value="outputf/summary_alinea_K80_target5_40036.xml"/>
        <summary-output.period value="300"/>
        <tripinfo-output value="outputf/tripinfo_alinea_K80_target5_40036.xml"/>
    </output>

    <time>
        <begin value="0"/>
        <end value="82800"/>
        <step-length value="1"/>
    </time>

    <processing>
        <time-to-teleport value="-1"/>
    </processing>

    <report>
        <verbose value="true"/>
        <no-step-log value="true"/>
    </report>

    <emissions>
        <device.emissions.period value="10"/>
    </emissions>

    <traci_server>
        <remote-port value="64290"/>
    </traci_server>

    <random_number>
        <seed value="40036"/>
    </random_number>

</sumoConfiguration>
-->

<summary xmlns:xsi="http://www.w3.org/2001/XMLSchema-instance" xsi:noNamespaceSchemaLocation="http://sumo.dlr.de/xsd/summary_file.xsd">
    <step time="0.00" loaded="0" inserted="0" running="0" waiting="0" ended="0" arrived="0" collisions="0" teleports="0" halting="0" stopped="0" meanWaitingTime="-1.00" meanTravelTime="-1.00" meanSpeed="-1.00" meanSpeedRelative="-1.00" duration="0"/>
    <step time="300.00" loaded="151" inserted="151" running="90" waiting="0" ended="61" arrived="61" collisions="0" teleports="0" halting="1" stopped="0" meanWaitingTime="0.32" meanTravelTime="101.31" meanSpeed="25.54" meanSpeedRelative="0.80" duration="1"/>
    <step time="600.00" loaded="316" inserted="316" running="132" waiting="0" ended="184" arrived="184" collisions="0" teleports="0" halting="0" stopped="0" meanWaitingTime="0.40" meanTravelTime="156.13" meanSpeed="24.75" meanSpeedRelative="0.77" duration="1"/>
    <step time="900.00" loaded="467" inserted="467" running="140" waiting="0" ended="327" arrived="327" collisions="0" teleports="0" halting="1" stopped="0" meanWaitingTime="0.39" meanTravelTime="185.46" meanSpeed="25.85" meanSpeedRelative="0.81" duration="0"/>
    <step time="1200.00" loaded="643" inserted="643" running="143" waiting="0" ended="500" arrived="500" collisions="0" teleports="0" halting="1" stopped="0" meanWaitingTime="0.34" meanTravelTime="207.11" meanSpeed="26.14" meanSpeedRelative="0.82" duration="1"/>
    <step time="1500.00" loaded="804" inserted="804" running="131" waiting="0" ended="673" arrived="673" collisions="0" teleports="0" halting="1" stopped="0" meanWaitingTime="0.33" meanTravelTime="218.17" meanSpeed="26.17" meanSpeedRelative="0.82" duration="1"/>
    <step time="1800.00" loaded="982" inserted="982" running="145" waiting="0" ended="837" arrived="837" collisions="0" teleports="0" halting="0" stopped="0" meanWaitingTime="0.32" meanTravelTime="223.65" meanSpeed="26.22" meanSpeedRelative="0.82" duration="1"/>
    <step time="2100.00" loaded="1171" inserted="1171" running="160" waiting="0" ended="1011" arrived="1011" collisions="0" teleports="0" halting="2" stopped="0" meanWaitingTime="0.35" meanTravelTime="227.99" meanSpeed="24.67" meanSpeedRelative="0.77" duration="1"/>
    <step time="2400.00" loaded="1348" inserted="1348" running="154" waiting="0" ended="1194" arrived="1194" collisions="0" teleports="0" halting="0" stopped="0" meanWaitingTime="0.37" meanTravelTime="231.94" meanSpeed="24.85" meanSpeedRelative="0.78" duration="1"/>
    <step time="2700.00" loaded="1528" inserted="1528" running="154" waiting="0" ended="1374" arrived="1374" collisions="1" teleports="1" halting="2" stopped="0" meanWaitingTime="0.35" meanTravelTime="235.49" meanSpeed="25.00" meanSpeedRelative="0.78" duration="1"/>
    <step time="3000.00" loaded="1697" inserted="1697" running="148" waiting="0" ended="1549" arrived="1549" collisions="2" teleports="2" halting="0" stopped="0" meanWaitingTime="0.37" meanTravelTime="240.89" meanSpeed="25.62" meanSpeedRelative="0.80" duration="1"/>
    <step time="3300.00" loaded="1861" inserted="1860" running="138" waiting="1" ended="1722" arrived="1722" collisions="2" teleports="2" halting="0" stopped="0" meanWaitingTime="0.36" meanTravelTime="246.28" meanSpeed="25.93" meanSpeedRelative="0.81" duration="1"/>
    <step time="3600.00" loaded="2039" inserted="2039" running="160" waiting="0" ended="1879" arrived="1879" collisions="2" teleports="2" halting="0" stopped="0" meanWaitingTime="0.37" meanTravelTime="247.34" meanSpeed="24.60" meanSpeedRelative="0.77" duration="84"/>
    <step time="3900.00" loaded="2141" inserted="2141" running="112" waiting="0" ended="2029" arrived="2029" collisions="2" teleports="2" halting="0" stopped="0" meanWaitingTime="0.36" meanTravelTime="250.79" meanSpeed="25.77" meanSpeedRelative="0.81" duration="1"/>
    <step time="4200.00" loaded="2263" inserted="2262" running="115" waiting="1" ended="2147" arrived="2147" collisions="2" teleports="2" halting="1" stopped="0" meanWaitingTime="0.35" meanTravelTime="254.93" meanSpeed="25.70" meanSpeedRelative="0.80" duration="0"/>
    <step time="4500.00" loaded="2392" inserted="2391" running="114" waiting="1" ended="2277" arrived="2277" collisions="2" teleports="2" halting="0" stopped="0" meanWaitingTime="0.34" meanTravelTime="254.94" meanSpeed="24.51" meanSpeedRelative="0.77" duration="1"/>
    <step time="4800.00" loaded="2501" inserted="2501" running="84" waiting="0" ended="2417" arrived="2417" collisions="2" teleports="2" halting="0" stopped="0" meanWaitingTime="0.34" meanTravelTime="256.83" meanSpeed="25.32" meanSpeedRelative="0.79" duration="0"/>
    <step time="5100.00" loaded="2609" inserted="2609" running="87" waiting="0" ended="2522" arrived="2522" collisions="2" teleports="2" halting="1" stopped="0" meanWaitingTime="0.34" meanTravelTime="257.56" meanSpeed="25.65" meanSpeedRelative="0.80" duration="1"/>
    <step time="5400.00" loaded="2717" inserted="2717" running="93" waiting="0" ended="2624" arrived="2624" collisions="2" teleports="2" halting="0" stopped="0" meanWaitingTime="0.33" meanTravelTime="256.65" meanSpeed="25.34" meanSpeedRelative="0.79" duration="1"/>
    <step time="5700.00" loaded="2812" inserted="2812" running="95" waiting="0" ended="2717" arrived="2717" collisions="2" teleports="2" halting="0" stopped="0" meanWaitingTime="0.32" meanTravelTime="256.65" meanSpeed="26.12" meanSpeedRelative="0.82" duration="0"/>
    <step time="6000.00" loaded="2916" inserted="2916" running="80" waiting="0" ended="2836" arrived="2836" collisions="3" teleports="3" halting="1" stopped="0" meanWaitingTime="0.32" meanTravelTime="257.45" meanSpeed="26.46" meanSpeedRelative="0.83" duration="1"/>
    <step time="6300.00" loaded="3017" inserted="3017" running="78" waiting="0" ended="2939" arrived="2939" collisions="3" teleports="3" halting="0" stopped="0" meanWaitingTime="0.32" meanTravelTime="257.61" meanSpeed="25.47" meanSpeedRelative="0.80" duration="0"/>
    <step time="6600.00" loaded="3130" inserted="3130" running="87" waiting="0" ended="3043" arrived="3043" collisions="3" teleports="3" halting="1" stopped="0" meanWaitingTime="0.32" meanTravelTime="256.76" meanSpeed="26.27" meanSpeedRelative="0.82" duration="0"/>
    <step time="6900.00" loaded="3228" inserted="3228" running="93" waiting="0" ended="3135" arrived="3135" collisions="3" teleports="3" halting="0" stopped="0" meanWaitingTime="0.31" meanTravelTime="256.03" meanSpeed="25.94" meanSpeedRelative="0.81" duration="1"/>
    <step time="7200.00" loaded="3341" inserted="3341" running="100" waiting="0" ended="3241" arrived="3241" collisions="3" teleports="3" halting="1" stopped="0" meanWaitingTime="0.31" meanTravelTime="256.20" meanSpeed="26.17" meanSpeedRelative="0.82" duration="86"/>
    <step time="7500.00" loaded="3502" inserted="3502" running="141" waiting="0" ended="3361" arrived="3361" collisions="3" teleports="3" halting="0" stopped="0" meanWaitingTime="0.32" meanTravelTime="255.12" meanSpeed="25.42" meanSpeedRelative="0.79" duration="1"/>
    <step time="7800.00" loaded="3651" inserted="3651" running="125" waiting="0" ended="3526" arrived="3526" collisions="3" teleports="3" halting="1" stopped="0" meanWaitingTime="0.33" meanTravelTime="256.24" meanSpeed="25.17" meanSpeedRelative="0.79" duration="1"/>
    <step time="8100.00" loaded="3809" inserted="3808" running="139" waiting="1" ended="3669" arrived="3669" collisions="3" teleports="3" halting="0" stopped="0" meanWaitingTime="0.33" meanTravelTime="256.56" meanSpeed="25.02" meanSpeedRelative="0.78" duration="1"/>
    <step time="8400.00" loaded="3951" inserted="3951" running="125" waiting="0" ended="3826" arrived="3826" collisions="4" teleports="4" halting="1" stopped="0" meanWaitingTime="0.33" meanTravelTime="256.65" meanSpeed="25.64" meanSpeedRelative="0.80" duration="0"/>
    <step time="8700.00" loaded="4105" inserted="4105" running="129" waiting="0" ended="3976" arrived="3976" collisions="4" teleports="4" halting="1" stopped="0" meanWaitingTime="0.33" meanTravelTime="255.97" meanSpeed="24.73" meanSpeedRelative="0.77" duration="1"/>
    <step time="9000.00" loaded="4274" inserted="4274" running="129" waiting="0" ended="4145" arrived="4145" collisions="4" teleports="4" halting="1" stopped="0" meanWaitingTime="0.34" meanTravelTime="254.93" meanSpeed="24.81" meanSpeedRelative="0.78" duration="1"/>
    <step time="9300.00" loaded="4408" inserted="4408" running="119" waiting="0" ended="4289" arrived="4289" collisions="4" teleports="4" halting="0" stopped="0" meanWaitingTime="0.34" meanTravelTime="255.12" meanSpeed="25.40" meanSpeedRelative="0.79" duration="1"/>
    <step time="9600.00" loaded="4552" inserted="4552" running="120" waiting="0" ended="4432" arrived="4432" collisions="4" teleports="4" halting="1" stopped="0" meanWaitingTime="0.34" meanTravelTime="254.88" meanSpeed="25.60" meanSpeedRelative="0.80" duration="1"/>
    <step time="9900.00" loaded="4736" inserted="4736" running="153" waiting="0" ended="4583" arrived="4583" collisions="4" teleports="4" halting="0" stopped="0" meanWaitingTime="0.35" meanTravelTime="254.11" meanSpeed="25.17" meanSpeedRelative="0.79" duration="1"/>
    <step time="10200.00" loaded="4874" inserted="4874" running="129" waiting="0" ended="4745" arrived="4745" collisions="4" teleports="4" halting="1" stopped="0" meanWaitingTime="0.35" meanTravelTime="254.97" meanSpeed="25.11" meanSpeedRelative="0.78" duration="1"/>
    <step time="10500.00" loaded="5032" inserted="5031" running="144" waiting="1" ended="4887" arrived="4887" collisions="4" teleports="4" halting="0" stopped="0" meanWaitingTime="0.35" meanTravelTime="254.95" meanSpeed="24.72" meanSpeedRelative="0.77" duration="1"/>
    <step time="10800.00" loaded="5199" inserted="5198" running="138" waiting="1" ended="5060" arrived="5060" collisions="4" teleports="4" halting="2" stopped="0" meanWaitingTime="0.36" meanTravelTime="255.90" meanSpeed="24.80" meanSpeedRelative="0.77" duration="85"/>
    <step time="11100.00" loaded="5363" inserted="5363" running="167" waiting="0" ended="5196" arrived="5196" collisions="4" teleports="4" halting="1" stopped="0" meanWaitingTime="0.36" meanTravelTime="255.65" meanSpeed="24.75" meanSpeedRelative="0.77" duration="1"/>
    <step time="11400.00" loaded="5514" inserted="5514" running="123" waiting="0" ended="5391" arrived="5391" collisions="4" teleports="4" halting="0" stopped="0" meanWaitingTime="0.36" meanTravelTime="255.84" meanSpeed="25.96" meanSpeedRelative="0.81" duration="0"/>
    <step time="11700.00" loaded="5650" inserted="5649" running="119" waiting="1" ended="5530" arrived="5530" collisions="5" teleports="5" halting="1" stopped="0" meanWaitingTime="0.35" meanTravelTime="256.15" meanSpeed="24.54" meanSpeedRelative="0.77" duration="1"/>
    <step time="12000.00" loaded="5797" inserted="5797" running="113" waiting="0" ended="5684" arrived="5684" collisions="5" teleports="5" halting="0" stopped="0" meanWaitingTime="0.35" meanTravelTime="256.22" meanSpeed="24.18" meanSpeedRelative="0.76" duration="1"/>
    <step time="12300.00" loaded="5931" inserted="5931" running="102" waiting="0" ended="5829" arrived="5829" collisions="5" teleports="5" halting="0" stopped="0" meanWaitingTime="0.36" meanTravelTime="255.64" meanSpeed="24.72" meanSpeedRelative="0.77" duration="0"/>
    <step time="12600.00" loaded="6080" inserted="6080" running="109" waiting="0" ended="5971" arrived="5971" collisions="5" teleports="5" halting="0" stopped="0" meanWaitingTime="0.36" meanTravelTime="255.21" meanSpeed="25.03" meanSpeedRelative="0.78" duration="0"/>
    <step time="12900.00" loaded="6207" inserted="6207" running="101" waiting="0" ended="6106" arrived="6106" collisions="5" teleports="5" halting="0" stopped="0" meanWaitingTime="0.36" meanTravelTime="254.46" meanSpeed="25.66" meanSpeedRelative="0.80" duration="1"/>
    <step time="13200.00" loaded="6339" inserted="6339" running="100" waiting="0" ended="6239" arrived="6239" collisions="5" teleports="5" halting="2" stopped="0" meanWaitingTime="0.36" meanTravelTime="253.78" meanSpeed="25.43" meanSpeedRelative="0.79" duration="1"/>
    <step time="13500.00" loaded="6474" inserted="6474" running="106" waiting="0" ended="6368" arrived="6368" collisions="5" teleports="5" halting="0" stopped="0" meanWaitingTime="0.35" meanTravelTime="253.24" meanSpeed="25.94" meanSpeedRelative="0.81" duration="1"/>
    <step time="13800.00" loaded="6631" inserted="6630" running="126" waiting="1" ended="6504" arrived="6504" collisions="6" teleports="6" halting="2" stopped="0" meanWaitingTime="0.35" meanTravelTime="253.10" meanSpeed="24.72" meanSpeedRelative="0.77" duration="1"/>
    <step time="14100.00" loaded="6774" inserted="6773" running="117" waiting="1" ended="6656" arrived="6656" collisions="6" teleports="6" halting="0" stopped="0" meanWaitingTime="0.36" meanTravelTime="253.17" meanSpeed="25.17" meanSpeedRelative="0.79" duration="0"/>
    <step time="14400.00" loaded="6897" inserted="6897" running="99" waiting="0" ended="6798" arrived="6798" collisions="6" teleports="6" halting="0" stopped="0" meanWaitingTime="0.35" meanTravelTime="252.38" meanSpeed="25.75" meanSpeedRelative="0.80" duration="84"/>
    <step time="14700.00" loaded="7011" inserted="7011" running="83" waiting="0" ended="6928" arrived="6928" collisions="6" teleports="6" halting="0" stopped="0" meanWaitingTime="0.35" meanTravelTime="252.38" meanSpeed="25.18" meanSpeedRelative="0.79" duration="0"/>
    <step time="15000.00" loaded="7102" inserted="7102" running="81" waiting="0" ended="7021" arrived="7021" collisions="6" teleports="6" halting="0" stopped="0" meanWaitingTime="0.35" meanTravelTime="252.79" meanSpeed="25.21" meanSpeedRelative="0.79" duration="0"/>
    <step time="15300.00" loaded="7216" inserted="7216" running="79" waiting="0" ended="7137" arrived="7137" collisions="6" teleports="6" halting="1" stopped="0" meanWaitingTime="0.35" meanTravelTime="252.06" meanSpeed="25.84" meanSpeedRelative="0.81" duration="1"/>
    <step time="15600.00" loaded="7309" inserted="7309" running="73" waiting="0" ended="7236" arrived="7236" collisions="6" teleports="6" halting="0" stopped="0" meanWaitingTime="0.34" meanTravelTime="252.18" meanSpeed="27.07" meanSpeedRelative="0.85" duration="1"/>
    <step time="15900.00" loaded="7409" inserted="7409" running="79" waiting="0" ended="7330" arrived="7330" collisions="6" teleports="6" halting="2" stopped="0" meanWaitingTime="0.34" meanTravelTime="252.14" meanSpeed="24.87" meanSpeedRelative="0.78" duration="0"/>
    <step time="16200.00" loaded="7510" inserted="7510" running="73" waiting="0" ended="7437" arrived="7437" collisions="6" teleports="6" halting="1" stopped="0" meanWaitingTime="0.34" meanTravelTime="251.48" meanSpeed="25.19" meanSpeedRelative="0.79" duration="0"/>
    <step time="16500.00" loaded="7629" inserted="7629" running="79" waiting="0" ended="7550" arrived="7550" collisions="6" teleports="6" halting="0" stopped="0" meanWaitingTime="0.34" meanTravelTime="251.08" meanSpeed="26.19" meanSpeedRelative="0.82" duration="1"/>
    <step time="16800.00" loaded="7731" inserted="7731" running="78" waiting="0" ended="7653" arrived="7653" collisions="6" teleports="6" halting="0" stopped="0" meanWaitingTime="0.34" meanTravelTime="250.15" meanSpeed="25.87" meanSpeedRelative="0.81" duration="0"/>
    <step time="17100.00" loaded="7826" inserted="7826" running="73" waiting="0" ended="7753" arrived="7753" collisions="6" teleports="6" halting="0" stopped="0" meanWaitingTime="0.33" meanTravelTime="250.00" meanSpeed="26.32" meanSpeedRelative="0.82" duration="1"/>
    <step time="17400.00" loaded="7923" inserted="7923" running="69" waiting="0" ended="7854" arrived="7854" collisions="6" teleports="6" halting="0" stopped="0" meanWaitingTime="0.33" meanTravelTime="249.60" meanSpeed="25.28" meanSpeedRelative="0.79" duration="1"/>
    <step time="17700.00" loaded="8032" inserted="8032" running="77" waiting="0" ended="7955" arrived="7955" collisions="6" teleports="6" halting="0" stopped="0" meanWaitingTime="0.33" meanTravelTime="249.25" meanSpeed="25.83" meanSpeedRelative="0.81" duration="0"/>
    <step time="18000.00" loaded="8124" inserted="8124" running="67" waiting="0" ended="8057" arrived="8057" collisions="6" teleports="6" halting="0" stopped="0" meanWaitingTime="0.33" meanTravelTime="248.97" meanSpeed="25.55" meanSpeedRelative="0.80" duration="78"/>
    <step time="18300.00" loaded="8325" inserted="8324" running="150" waiting="1" ended="8174" arrived="8174" collisions="6" teleports="6" halting="0" stopped="0" meanWaitingTime="0.34" meanTravelTime="248.03" meanSpeed="25.71" meanSpeedRelative="0.80" duration="1"/>
    <step time="18600.00" loaded="8536" inserted="8536" running="158" waiting="0" ended="8378" arrived="8378" collisions="6" teleports="6" halting="0" stopped="0" meanWaitingTime="0.36" meanTravelTime="247.25" meanSpeed="25.53" meanSpeedRelative="0.80" duration="1"/>
    <step time="18900.00" loaded="8747" inserted="8747" running="169" waiting="0" ended="8578" arrived="8578" collisions="6" teleports="6" halting="0" stopped="0" meanWaitingTime="0.37" meanTravelTime="247.11" meanSpeed="24.73" meanSpeedRelative="0.77" duration="1"/>
    <step time="19200.00" loaded="8951" inserted="8951" running="169" waiting="0" ended="8782" arrived="8782" collisions="6" teleports="6" halting="0" stopped="0" meanWaitingTime="0.37" meanTravelTime="246.79" meanSpeed="25.13" meanSpeedRelative="0.79" duration="1"/>
    <step time="19500.00" loaded="9168" inserted="9168" running="163" waiting="0" ended="9005" arrived="9005" collisions="7" teleports="7" halting="1" stopped="0" meanWaitingTime="0.38" meanTravelTime="246.65" meanSpeed="24.36" meanSpeedRelative="0.76" duration="1"/>
    <step time="19800.00" loaded="9395" inserted="9395" running="168" waiting="0" ended="9227" arrived="9227" collisions="7" teleports="7" halting="1" stopped="0" meanWaitingTime="0.39" meanTravelTime="247.04" meanSpeed="25.23" meanSpeedRelative="0.79" duration="1"/>
    <step time="20100.00" loaded="9575" inserted="9575" running="150" waiting="0" ended="9425" arrived="9425" collisions="7" teleports="7" halting="1" stopped="0" meanWaitingTime="0.39" meanTravelTime="246.89" meanSpeed="24.62" meanSpeedRelative="0.77" duration="1"/>
    <step time="20400.00" loaded="9781" inserted="9781" running="149" waiting="0" ended="9632" arrived="9632" collisions="7" teleports="7" halting="1" stopped="0" meanWaitingTime="0.40" meanTravelTime="246.43" meanSpeed="25.24" meanSpeedRelative="0.79" duration="1"/>
    <step time="20700.00" loaded="9957" inserted="9956" running="141" waiting="1" ended="9815" arrived="9815" collisions="7" teleports="7" halting="1" stopped="0" meanWaitingTime="0.40" meanTravelTime="246.42" meanSpeed="25.44" meanSpeedRelative="0.79" duration="1"/>
    <step time="21000.00" loaded="10149" inserted="10149" running="143" waiting="0" ended="10006" arrived="10006" collisions="7" teleports="7" halting="1" stopped="0" meanWaitingTime="0.40" meanTravelTime="246.24" meanSpeed="25.08" meanSpeedRelative="0.78" duration="1"/>
    <step time="21300.00" loaded="10358" inserted="10358" running="145" waiting="0" ended="10213" arrived="10213" collisions="7" teleports="7" halting="0" stopped="0" meanWaitingTime="0.41" meanTravelTime="245.88" meanSpeed="25.24" meanSpeedRelative="0.79" duration="1"/>
    <step time="21600.00" loaded="10551" inserted="10550" running="153" waiting="1" ended="10397" arrived="10397" collisions="7" teleports="7" halting="0" stopped="0" meanWaitingTime="0.41" meanTravelTime="245.79" meanSpeed="25.32" meanSpeedRelative="0.79" duration="78"/>
    <step time="21900.00" loaded="11030" inserted="10992" running="354" waiting="38" ended="10638" arrived="10638" collisions="8" teleports="8" halting="3" stopped="0" meanWaitingTime="0.87" meanTravelTime="244.75" meanSpeed="21.55" meanSpeedRelative="0.67" duration="2"/>
    <step time="22200.00" loaded="11511" inserted="11428" running="440" waiting="83" ended="10988" arrived="10988" collisions="9" teleports="9" halting="2" stopped="0" meanWaitingTime="2.18" meanTravelTime="244.86" meanSpeed="20.31" meanSpeedRelative="0.63" duration="2"/>
    <step time="22500.00" loaded="11950" inserted="11856" running="445" waiting="94" ended="11411" arrived="11411" collisions="9" teleports="9" halting="3" stopped="0" meanWaitingTime="4.19" meanTravelTime="247.21" meanSpeed="20.03" meanSpeedRelative="0.63" duration="3"/>
    <step time="22800.00" loaded="12394" inserted="12288" running="471" waiting="106" ended="11817" arrived="11817" collisions="9" teleports="9" halting="4" stopped="0" meanWaitingTime="6.28" meanTravelTime="248.92" meanSpeed="19.73" meanSpeedRelative="0.62" duration="2"/>
    <step time="23100.00" loaded="12856" inserted="12712" running="488" waiting="144" ended="12224" arrived="12224" collisions="9" teleports="9" halting="0" stopped="0" meanWaitingTime="8.74" meanTravelTime="251.22" meanSpeed="19.97" meanSpeedRelative="0.62" duration="2"/>
    <step time="23400.00" loaded="13278" inserted="13156" running="512" waiting="122" ended="12644" arrived="12644" collisions="9" teleports="9" halting="13" stopped="0" meanWaitingTime="11.49" meanTravelTime="254.34" meanSpeed="19.12" meanSpeedRelative="0.60" duration="3"/>
    <step time="23700.00" loaded="13743" inserted="13587" running="504" waiting="156" ended="13083" arrived="13083" collisions="12" teleports="12" halting="4" stopped="0" meanWaitingTime="13.96" meanTravelTime="257.21" meanSpeed="19.03" meanSpeedRelative="0.59" duration="2"/>
    <step time="24000.00" loaded="14227" inserted="14030" running="517" waiting="197" ended="13513" arrived="13513" collisions="14" teleports="14" halting="15" stopped="0" meanWaitingTime="16.82" meanTravelTime="260.26" meanSpeed="19.02" meanSpeedRelative="0.59" duration="2"/>
    <step time="24300.00" loaded="14679" inserted="14449" running="507" waiting="230" ended="13942" arrived="13942" collisions="15" teleports="15" halting="16" stopped="0" meanWaitingTime="20.13" meanTravelTime="263.29" meanSpeed="18.70" meanSpeedRelative="0.58" duration="2"/>
    <step time="24600.00" loaded="15124" inserted="14853" running="509" waiting="271" ended="14344" arrived="14344" collisions="15" teleports="15" halting="18" stopped="0" meanWaitingTime="23.68" meanTravelTime="265.85" meanSpeed="18.05" meanSpeedRelative="0.56" duration="4"/>
    <step time="24900.00" loaded="15556" inserted="15280" running="495" waiting="276" ended="14785" arrived="14785" collisions="16" teleports="16" halting="7" stopped="0" meanWaitingTime="28.21" meanTravelTime="268.93" meanSpeed="18.70" meanSpeedRelative="0.58" duration="3"/>
    <step time="25200.00" loaded="16006" inserted="15684" running="470" waiting="322" ended="15214" arrived="15214" collisions="17" teleports="17" halting="18" stopped="0" meanWaitingTime="32.09" meanTravelTime="271.44" meanSpeed="19.07" meanSpeedRelative="0.60" duration="88"/>
    <step time="25500.00" loaded="16546" inserted="16125" running="494" waiting="421" ended="15631" arrived="15631" collisions="19" teleports="19" halting="2" stopped="0" meanWaitingTime="36.41" meanTravelTime="273.27" meanSpeed="19.01" meanSpeedRelative="0.59" duration="4"/>
    <step time="25800.00" loaded="17073" inserted="16583" running="507" waiting="490" ended="16076" arrived="16076" collisions="19" teleports="19" halting="5" stopped="0" meanWaitingTime="42.34" meanTravelTime="275.19" meanSpeed="19.26" meanSpeedRelative="0.60" duration="3"/>
    <step time="26100.00" loaded="17635" inserted="17027" running="522" waiting="608" ended="16505" arrived="16505" collisions="22" teleports="22" halting="18" stopped="0" meanWaitingTime="47.34" meanTravelTime="276.56" meanSpeed="18.17" meanSpeedRelative="0.57" duration="4"/>
    <step time="26400.00" loaded="18180" inserted="17504" running="576" waiting="676" ended="16928" arrived="16928" collisions="23" teleports="23" halting="4" stopped="0" meanWaitingTime="54.46" meanTravelTime="278.40" meanSpeed="18.25" meanSpeedRelative="0.57" duration="3"/>
    <step time="26700.00" loaded="18738" inserted="17960" running="550" waiting="778" ended="17410" arrived="17410" collisions="23" teleports="23" halting="19" stopped="0" meanWaitingTime="61.46" meanTravelTime="280.53" meanSpeed="18.62" meanSpeedRelative="0.58" duration="3"/>
    <step time="27000.00" loaded="19300" inserted="18408" running="530" waiting="892" ended="17878" arrived="17878" collisions="27" teleports="27" halting="3" stopped="0" meanWaitingTime="69.65" meanTravelTime="282.64" meanSpeed="19.02" meanSpeedRelative="0.59" duration="3"/>
    <step time="27300.00" loaded="19864" inserted="18888" running="547" waiting="976" ended="18341" arrived="18341" collisions="28" teleports="28" halting="13" stopped="0" meanWaitingTime="78.77" meanTravelTime="284.62" meanSpeed="18.42" meanSpeedRelative="0.58" duration="4"/>
    <step time="27600.00" loaded="20413" inserted="19329" running="538" waiting="1084" ended="18791" arrived="18791" collisions="29" teleports="29" halting="17" stopped="0" meanWaitingTime="86.41" meanTravelTime="286.40" meanSpeed="18.15" meanSpeedRelative="0.57" duration="3"/>
    <step time="27900.00" loaded="20968" inserted="19807" running="534" waiting="1161" ended="19273" arrived="19273" collisions="30" teleports="30" halting="1" stopped="0" meanWaitingTime="96.31" meanTravelTime="288.05" meanSpeed="18.29" meanSpeedRelative="0.57" duration="3"/>
    <step time="28200.00" loaded="21530" inserted="20259" running="526" waiting="1271" ended="19733" arrived="19733" collisions="30" teleports="30" halting="18" stopped="0" meanWaitingTime="105.42" meanTravelTime="289.24" meanSpeed="19.47" meanSpeedRelative="0.61" duration="3"/>
    <step time="28500.00" loaded="22085" inserted="20721" running="508" waiting="1364" ended="20213" arrived="20213" collisions="30" teleports="30" halting="11" stopped="0" meanWaitingTime="116.17" meanTravelTime="290.28" meanSpeed="19.10" meanSpeedRelative="0.60" duration="2"/>
    <step time="28800.00" loaded="22600" inserted="21163" running="498" waiting="1437" ended="20665" arrived="20665" collisions="33" teleports="33" halting="9" stopped="0" meanWaitingTime="127.32" meanTravelTime="291.45" meanSpeed="19.04" meanSpeedRelative="0.59" duration="89"/>
    <step time="29100.00" loaded="22963" inserted="21589" running="480" waiting="1374" ended="21109" arrived="21109" collisions="35" teleports="35" halting="5" stopped="0" meanWaitingTime="139.32" meanTravelTime="292.08" meanSpeed="20.07" meanSpeedRelative="0.63" duration="2"/>
    <step time="29400.00" loaded="23302" inserted="22025" running="466" waiting="1277" ended="21559" arrived="21559" collisions="35" teleports="35" halting="4" stopped="0" meanWaitingTime="152.96" meanTravelTime="293.31" meanSpeed="19.63" meanSpeedRelative="0.61" duration="3"/>
    <step time="29700.00" loaded="23662" inserted="22432" running="459" waiting="1230" ended="21973" arrived="21973" collisions="36" teleports="36" halting="17" stopped="0" meanWaitingTime="163.65" meanTravelTime="293.68" meanSpeed="20.67" meanSpeedRelative="0.65" duration="3"/>
    <step time="30000.00" loaded="23987" inserted="22860" running="467" waiting="1127" ended="22393" arrived="22393" collisions="36" teleports="36" halting="9" stopped="0" meanWaitingTime="176.13" meanTravelTime="294.26" meanSpeed="19.26" meanSpeedRelative="0.60" duration="4"/>
    <step time="30300.00" loaded="24374" inserted="23266" running="452" waiting="1108" ended="22814" arrived="22814" collisions="37" teleports="37" halting="1" stopped="0" meanWaitingTime="184.62" meanTravelTime="294.92" meanSpeed="20.39" meanSpeedRelative="0.64" duration="3"/>
    <step time="30600.00" loaded="24754" inserted="23686" running="464" waiting="1068" ended="23222" arrived="23222" collisions="39" teleports="39" halting="16" stopped="0" meanWaitingTime="194.02" meanTravelTime="295.88" meanSpeed="19.14" meanSpeedRelative="0.60" duration="3"/>
    <step time="30900.00" loaded="25138" inserted="24095" running="441" waiting="1043" ended="23654" arrived="23654" collisions="39" teleports="39" halting="23" stopped="0" meanWaitingTime="201.93" meanTravelTime="296.43" meanSpeed="19.41" meanSpeedRelative="0.61" duration="3"/>
    <step time="31200.00" loaded="25486" inserted="24477" running="401" waiting="1009" ended="24076" arrived="24076" collisions="42" teleports="42" halting="2" stopped="0" meanWaitingTime="212.60" meanTravelTime="296.54" meanSpeed="20.85" meanSpeedRelative="0.65" duration="4"/>
    <step time="31500.00" loaded="25802" inserted="24838" running="374" waiting="964" ended="24464" arrived="24464" collisions="42" teleports="42" halting="2" stopped="0" meanWaitingTime="223.31" meanTravelTime="296.75" meanSpeed="20.51" meanSpeedRelative="0.64" duration="2"/>
    <step time="31800.00" loaded="26180" inserted="25249" running="401" waiting="931" ended="24848" arrived="24848" collisions="44" teleports="44" halting="4" stopped="0" meanWaitingTime="232.18" meanTravelTime="297.35" meanSpeed="20.63" meanSpeedRelative="0.64" duration="2"/>
    <step time="32100.00" loaded="26561" inserted="25654" running="417" waiting="907" ended="25237" arrived="25237" collisions="44" teleports="44" halting="17" stopped="0" meanWaitingTime="240.60" meanTravelTime="297.18" meanSpeed="20.85" meanSpeedRelative="0.65" duration="2"/>
    <step time="32400.00" loaded="26911" inserted="26036" running="398" waiting="875" ended="25638" arrived="25638" collisions="44" teleports="44" halting="2" stopped="0" meanWaitingTime="249.47" meanTravelTime="297.42" meanSpeed="20.78" meanSpeedRelative="0.65" duration="85"/>
    <step time="32700.00" loaded="27178" inserted="26358" running="324" waiting="820" ended="26034" arrived="26034" collisions="44" teleports="44" halting="2" stopped="0" meanWaitingTime="255.50" meanTravelTime="297.97" meanSpeed="20.54" meanSpeedRelative="0.64" duration="2"/>
    <step time="33000.00" loaded="27452" inserted="26699" running="337" waiting="753" ended="26362" arrived="26362" collisions="44" teleports="44" halting="16" stopped="0" meanWaitingTime="264.27" meanTravelTime="297.80" meanSpeed="20.67" meanSpeedRelative="0.65" duration="2"/>
    <step time="33300.00" loaded="27680" inserted="27006" running="283" waiting="674" ended="26723" arrived="26723" collisions="44" teleports="44" halting="4" stopped="0" meanWaitingTime="271.01" meanTravelTime="297.77" meanSpeed="20.96" meanSpeedRelative="0.66" duration="2"/>
    <step time="33600.00" loaded="27956" inserted="27352" running="302" waiting="604" ended="27050" arrived="27050" collisions="46" teleports="46" halting="3" stopped="0" meanWaitingTime="281.39" meanTravelTime="297.45" meanSpeed="20.67" meanSpeedRelative="0.65" duration="2"/>
    <step time="33900.00" loaded="28196" inserted="27666" running="307" waiting="530" ended="27359" arrived="27359" collisions="48" teleports="48" halting="17" stopped="0" meanWaitingTime="285.08" meanTravelTime="297.23" meanSpeed="20.67" meanSpeedRelative="0.65" duration="2"/>
    <step time="34200.00" loaded="28458" inserted="27973" running="301" waiting="485" ended="27672" arrived="27672" collisions="48" teleports="48" halting="0" stopped="0" meanWaitingTime="289.66" meanTravelTime="297.01" meanSpeed="21.30" meanSpeedRelative="0.67" duration="2"/>
    <step time="34500.00" loaded="28708" inserted="28270" running="286" waiting="438" ended="27984" arrived="27984" collisions="48" teleports="48" halting="12" stopped="0" meanWaitingTime="293.61" meanTravelTime="297.00" meanSpeed="20.26" meanSpeedRelative="0.63" duration="1"/>
    <step time="34800.00" loaded="28979" inserted="28580" running="284" waiting="399" ended="28296" arrived="28296" collisions="48" teleports="48" halting="14" stopped="0" meanWaitingTime="299.91" meanTravelTime="296.99" meanSpeed="20.49" meanSpeedRelative="0.64" duration="2"/>
    <step time="35100.00" loaded="29249" inserted="28907" running="299" waiting="342" ended="28608" arrived="28608" collisions="48" teleports="48" halting="2" stopped="0" meanWaitingTime="304.56" meanTravelTime="296.92" meanSpeed="21.77" meanSpeedRelative="0.68" duration="2"/>
    <step time="35400.00" loaded="29502" inserted="29228" running="305" waiting="274" ended="28923" arrived="28923" collisions="48" teleports="48" halting="7" stopped="0" meanWaitingTime="309.14" meanTravelTime="296.72" meanSpeed="21.62" meanSpeedRelative="0.68" duration="2"/>
    <step time="35700.00" loaded="29765" inserted="29553" running="299" waiting="212" ended="29254" arrived="29254" collisions="48" teleports="48" halting="11" stopped="0" meanWaitingTime="312.18" meanTravelTime="296.44" meanSpeed="20.47" meanSpeedRelative="0.64" duration="2"/>
    <step time="36000.00" loaded="30017" inserted="29872" running="291" waiting="145" ended="29581" arrived="29581" collisions="50" teleports="50" halting="3" stopped="0" meanWaitingTime="313.58" meanTravelTime="296.24" meanSpeed="22.37" meanSpeedRelative="0.70" duration="82"/>
    <step time="36300.00" loaded="30491" inserted="30317" running="404" waiting="174" ended="29913" arrived="29913" collisions="50" teleports="50" halting="1" stopped="0" meanWaitingTime="311.56" meanTravelTime="296.09" meanSpeed="21.12" meanSpeedRelative="0.66" duration="2"/>
    <step time="36600.00" loaded="30946" inserted="30750" running="440" waiting="196" ended="30310" arrived="30310" collisions="51" teleports="51" halting="22" stopped="0" meanWaitingTime="309.49" meanTravelTime="295.74" meanSpeed="20.29" meanSpeedRelative="0.63" duration="3"/>
    <step time="36900.00" loaded="31421" inserted="31199" running="469" waiting="222" ended="30730" arrived="30730" collisions="51" teleports="51" halting="13" stopped="0" meanWaitingTime="307.59" meanTravelTime="295.82" meanSpeed="19.82" meanSpeedRelative="0.62" duration="2"/>
    <step time="37200.00" loaded="31881" inserted="31631" running="475" waiting="250" ended="31156" arrived="31156" collisions="54" teleports="54" halting="2" stopped="0" meanWaitingTime="305.32" meanTravelTime="296.31" meanSpeed="20.18" meanSpeedRelative="0.63" duration="2"/>
    <step time="37500.00" loaded="32349" inserted="32088" running="491" waiting="261" ended="31597" arrived="31597" collisions="56" teleports="56" halting="13" stopped="0" meanWaitingTime="303.30" meanTravelTime="296.48" meanSpeed="20.39" meanSpeedRelative="0.64" duration="3"/>
    <step time="37800.00" loaded="32804" inserted="32537" running="493" waiting="267" ended="32044" arrived="32044" collisions="56" teleports="56" halting="4" stopped="0" meanWaitingTime="301.24" meanTravelTime="296.71" meanSpeed="19.95" meanSpeedRelative="0.62" duration="3"/>
    <step time="38100.00" loaded="33279" inserted="33001" running="501" waiting="278" ended="32500" arrived="32500" collisions="57" teleports="57" halting="11" stopped="0" meanWaitingTime="299.86" meanTravelTime="297.27" meanSpeed="19.75" meanSpeedRelative="0.62" duration="2"/>
    <step time="38400.00" loaded="33775" inserted="33468" running="527" waiting="307" ended="32941" arrived="32941" collisions="61" teleports="61" halting="20" stopped="0" meanWaitingTime="298.07" meanTravelTime="297.62" meanSpeed="19.01" meanSpeedRelative="0.59" duration="3"/>
    <step time="38700.00" loaded="34208" inserted="33846" running="461" waiting="362" ended="33385" arrived="33385" collisions="61" teleports="61" halting="2" stopped="0" meanWaitingTime="296.02" meanTravelTime="298.15" meanSpeed="20.72" meanSpeedRelative="0.65" duration="3"/>
    <step time="39000.00" loaded="34649" inserted="34291" running="459" waiting="358" ended="33832" arrived="33832" collisions="62" teleports="62" halting="5" stopped="0" meanWaitingTime="295.40" meanTravelTime="298.74" meanSpeed="19.80" meanSpeedRelative="0.62" duration="3"/>
    <step time="39300.00" loaded="35132" inserted="34739" running="476" waiting="393" ended="34263" arrived="34263" collisions="62" teleports="62" halting="18" stopped="0" meanWaitingTime="293.24" meanTravelTime="298.96" meanSpeed="20.40" meanSpeedRelative="0.64" duration="2"/>
    <step time="39600.00" loaded="35587" inserted="35165" running="448" waiting="422" ended="34717" arrived="34717" collisions="62" teleports="62" halting="17" stopped="0" meanWaitingTime="292.66" meanTravelTime="299.30" meanSpeed="20.33" meanSpeedRelative="0.64" duration="86"/>
    <step time="39900.00" loaded="36087" inserted="35647" running="500" waiting="440" ended="35147" arrived="35147" collisions="62" teleports="62" halting="1" stopped="0" meanWaitingTime="291.97" meanTravelTime="299.57" meanSpeed="20.45" meanSpeedRelative="0.64" duration="3"/>
    <step time="40200.00" loaded="36638" inserted="36151" running="557" waiting="487" ended="35594" arrived="35594" collisions="63" teleports="63" halting="21" stopped="0" meanWaitingTime="291.41" meanTravelTime="299.89" meanSpeed="17.87" meanSpeedRelative="0.56" duration="4"/>
    <step time="40500.00" loaded="37157" inserted="36600" running="540" waiting="557" ended="36060" arrived="36060" collisions="65" teleports="65" halting="17" stopped="0" meanWaitingTime="289.99" meanTravelTime="300.04" meanSpeed="19.15" meanSpeedRelative="0.60" duration="3"/>
    <step time="40800.00" loaded="37627" inserted="37052" running="541" waiting="575" ended="36511" arrived="36511" collisions="66" teleports="66" halting="18" stopped="0" meanWaitingTime="289.66" meanTravelTime="300.49" meanSpeed="18.43" meanSpeedRelative="0.58" duration="3"/>
    <step time="41100.00" loaded="38129" inserted="37506" running="515" waiting="623" ended="36991" arrived="36991" collisions="67" teleports="67" halting="5" stopped="0" meanWaitingTime="289.60" meanTravelTime="301.34" meanSpeed="18.69" meanSpeedRelative="0.58" duration="2"/>
    <step time="41400.00" loaded="38655" inserted="37937" running="473" waiting="718" ended="37464" arrived="37464" collisions="68" teleports="68" halting="1" stopped="0" meanWaitingTime="289.62" meanTravelTime="301.89" meanSpeed="19.76" meanSpeedRelative="0.62" duration="4"/>
    <step time="41700.00" loaded="39208" inserted="38450" running="540" waiting="758" ended="37910" arrived="37910" collisions="70" teleports="70" halting="18" stopped="0" meanWaitingTime="290.84" meanTravelTime="301.99" meanSpeed="20.09" meanSpeedRelative="0.63" duration="3"/>
    <step time="42000.00" loaded="39679" inserted="38899" running="505" waiting="780" ended="38394" arrived="38394" collisions="72" teleports="72" halting="2" stopped="0" meanWaitingTime="292.13" meanTravelTime="302.24" meanSpeed="20.20" meanSpeedRelative="0.63" duration="2"/>
    <step time="42300.00" loaded="40194" inserted="39405" running="550" waiting="789" ended="38855" arrived="38855" collisions="73" teleports="73" halting="2" stopped="0" meanWaitingTime="293.63" meanTravelTime="302.83" meanSpeed="19.14" meanSpeedRelative="0.60" duration="4"/>
    <step time="42600.00" loaded="40713" inserted="39866" running="537" waiting="847" ended="39329" arrived="39329" collisions="75" teleports="75" halting="8" stopped="0" meanWaitingTime="293.87" meanTravelTime="303.19" meanSpeed="19.69" meanSpeedRelative="0.62" duration="3"/>
    <step time="42900.00" loaded="41227" inserted="40334" running="545" waiting="893" ended="39789" arrived="39789" collisions="75" teleports="75" halting="6" stopped="0" meanWaitingTime="295.89" meanTravelTime="303.63" meanSpeed="18.76" meanSpeedRelative="0.59" duration="3"/>
    <step time="43200.00" loaded="41782" inserted="40818" running="562" waiting="964" ended="40256" arrived="40256" collisions="78" teleports="78" halting="1" stopped="0" meanWaitingTime="297.89" meanTravelTime="304.06" meanSpeed="19.46" meanSpeedRelative="0.61" duration="93"/>
    <step time="43500.00" loaded="42304" inserted="41315" running="576" waiting="989" ended="40739" arrived="40739" collisions="78" teleports="78" halting="12" stopped="0" meanWaitingTime="300.35" meanTravelTime="304.58" meanSpeed="19.24" meanSpeedRelative="0.60" duration="4"/>
    <step time="43800.00" loaded="42895" inserted="41816" running="608" waiting="1079" ended="41208" arrived="41208" collisions="78" teleports="78" halting="2" stopped="0" meanWaitingTime="302.03" meanTravelTime="305.15" meanSpeed="18.75" meanSpeedRelative="0.59" duration="4"/>
    <step time="44100.00" loaded="43448" inserted="42301" running="614" waiting="1147" ended="41687" arrived="41687" collisions="79" teleports="79" halting="6" stopped="0" meanWaitingTime="304.62" meanTravelTime="305.86" meanSpeed="17.71" meanSpeedRelative="0.55" duration="5"/>
    <step time="44400.00" loaded="43981" inserted="42788" running="623" waiting="1193" ended="42165" arrived="42165" collisions="82" teleports="82" halting="15" stopped="0" meanWaitingTime="306.68" meanTravelTime="306.92" meanSpeed="17.14" meanSpeedRelative="0.54" duration="4"/>
    <step time="44700.00" loaded="44535" inserted="43294" running="635" waiting="1241" ended="42659" arrived="42659" collisions="84" teleports="84" halting="12" stopped="0" meanWaitingTime="310.37" meanTravelTime="307.63" meanSpeed="17.34" meanSpeedRelative="0.54" duration="4"/>
    <step time="45000.00" loaded="45057" inserted="43773" running="620" waiting="1284" ended="43153" arrived="43153" collisions="85" teleports="85" halting="17" stopped="0" meanWaitingTime="313.16" meanTravelTime="308.47" meanSpeed="17.67" meanSpeedRelative="0.55" duration="4"/>
    <step time="45300.00" loaded="45604" inserted="44247" running="611" waiting="1357" ended="43636" arrived="43636" collisions="87" teleports="87" halting="9" stopped="0" meanWaitingTime="316.13" meanTravelTime="309.37" meanSpeed="17.49" meanSpeedRelative="0.55" duration="3"/>
    <step time="45600.00" loaded="46122" inserted="44700" running="628" waiting="1422" ended="44072" arrived="44072" collisions="89" teleports="89" halting="4" stopped="0" meanWaitingTime="317.87" meanTravelTime="310.23" meanSpeed="17.65" meanSpeedRelative="0.55" duration="3"/>
    <step time="45900.00" loaded="46659" inserted="45181" running="625" waiting="1478" ended="44556" arrived="44556" collisions="91" teleports="91" halting="5" stopped="0" meanWaitingTime="321.81" meanTravelTime="311.14" meanSpeed="18.09" meanSpeedRelative="0.57" duration="3"/>
    <step time="46200.00" loaded="47193" inserted="45644" running="607" waiting="1549" ended="45037" arrived="45037" collisions="91" teleports="91" halting="5" stopped="0" meanWaitingTime="325.01" meanTravelTime="312.32" meanSpeed="17.50" meanSpeedRelative="0.55" duration="4"/>
    <step time="46500.00" loaded="47716" inserted="46124" running="612" waiting="1592" ended="45512" arrived="45512" collisions="92" teleports="92" halting="13" stopped="0" meanWaitingTime="329.54" meanTravelTime="313.20" meanSpeed="17.95" meanSpeedRelative="0.56" duration="3"/>
    <step time="46800.00" loaded="48213" inserted="46573" running="595" waiting="1640" ended="45978" arrived="45978" collisions="94" teleports="94" halting="4" stopped="0" meanWaitingTime="333.50" meanTravelTime="313.97" meanSpeed="18.55" meanSpeedRelative="0.58" duration="91"/>
    <step time="47100.00" loaded="48769" inserted="47083" running="623" waiting="1686" ended="46460" arrived="46460" collisions="96" teleports="96" halting="7" stopped="0" meanWaitingTime="337.80" meanTravelTime="314.73" meanSpeed="17.85" meanSpeedRelative="0.56" duration="8"/>
    <step time="47400.00" loaded="49312" inserted="47579" running="627" waiting="1733" ended="46952" arrived="46952" collisions="96" teleports="96" halting="5" stopped="0" meanWaitingTime="343.19" meanTravelTime="315.33" meanSpeed="18.41" meanSpeedRelative="0.58" duration="4"/>
    <step time="47700.00" loaded="49829" inserted="48054" running="603" waiting="1775" ended="47451" arrived="47451" collisions="99" teleports="99" halting="8" stopped="0" meanWaitingTime="348.48" meanTravelTime="315.86" meanSpeed="17.88" meanSpeedRelative="0.56" duration="3"/>
    <step time="48000.00" loaded="50345" inserted="48542" running="619" waiting="1803" ended="47923" arrived="47923" collisions="99" teleports="99" halting="11" stopped="0" meanWaitingTime="354.66" meanTravelTime="316.62" meanSpeed="17.45" meanSpeedRelative="0.55" duration="3"/>
    <step time="48300.00" loaded="50853" inserted="49030" running="624" waiting="1823" ended="48406" arrived="48406" collisions="102" teleports="102" halting="10" stopped="0" meanWaitingTime="358.93" meanTravelTime="317.44" meanSpeed="17.74" meanSpeedRelative="0.55" duration="5"/>
    <step time="48600.00" loaded="51408" inserted="49507" running="619" waiting="1901" ended="48888" arrived="48888" collisions="104" teleports="104" halting="0" stopped="0" meanWaitingTime="362.88" meanTravelTime="318.11" meanSpeed="16.95" meanSpeedRelative="0.53" duration="3"/>
    <step time="48900.00" loaded="51928" inserted="50022" running="649" waiting="1906" ended="49373" arrived="49373" collisions="106" teleports="106" halting="8" stopped="0" meanWaitingTime="370.82" meanTravelTime="318.79" meanSpeed="17.07" meanSpeedRelative="0.53" duration="4"/>
    <step time="49200.00" loaded="52505" inserted="50537" running="685" waiting="1968" ended="49852" arrived="49852" collisions="107" teleports="107" halting="6" stopped="0" meanWaitingTime="375.81" meanTravelTime="319.26" meanSpeed="16.50" meanSpeedRelative="0.52" duration="5"/>
    <step time="49500.00" loaded="53027" inserted="51036" running="681" waiting="1991" ended="50355" arrived="50355" collisions="109" teleports="109" halting="11" stopped="0" meanWaitingTime="383.20" meanTravelTime="320.09" meanSpeed="17.04" meanSpeedRelative="0.53" duration="4"/>
    <step time="49800.00" loaded="53540" inserted="51508" running="655" waiting="2032" ended="50853" arrived="50853" collisions="111" teleports="111" halting="5" stopped="0" meanWaitingTime="388.55" meanTravelTime="321.03" meanSpeed="17.23" meanSpeedRelative="0.54" duration="4"/>
    <step time="50100.00" loaded="54058" inserted="51985" running="637" waiting="2073" ended="51348" arrived="51348" collisions="112" teleports="112" halting="24" stopped="0" meanWaitingTime="393.04" meanTravelTime="321.75" meanSpeed="16.85" meanSpeedRelative="0.53" duration="4"/>
    <step time="50400.00" loaded="54606" inserted="52454" running="628" waiting="2152" ended="51826" arrived="51826" collisions="112" teleports="112" halting="2" stopped="0" meanWaitingTime="398.52" meanTravelTime="322.58" meanSpeed="18.09" meanSpeedRelative="0.57" duration="92"/>
    <step time="50700.00" loaded="55336" inserted="53033" running="711" waiting="2303" ended="52322" arrived="52322" collisions="113" teleports="113" halting="14" stopped="0" meanWaitingTime="404.97" meanTravelTime="323.20" meanSpeed="17.17" meanSpeedRelative="0.54" duration="4"/>
    <step time="51000.00" loaded="56013" inserted="53566" running="724" waiting="2447" ended="52842" arrived="52842" collisions="116" teleports="116" halting="3" stopped="0" meanWaitingTime="411.27" meanTravelTime="324.09" meanSpeed="17.01" meanSpeedRelative="0.53" duration="5"/>
    <step time="51300.00" loaded="56768" inserted="54150" running="795" waiting="2618" ended="53355" arrived="53355" collisions="119" teleports="119" halting="1" stopped="0" meanWaitingTime="416.41" meanTravelTime="324.75" meanSpeed="16.18" meanSpeedRelative="0.51" duration="6"/>
    <step time="51600.00" loaded="57519" inserted="54704" running="838" waiting="2815" ended="53866" arrived="53866" collisions="122" teleports="122" halting="19" stopped="0" meanWaitingTime="420.96" meanTravelTime="325.58" meanSpeed="14.60" meanSpeedRelative="0.46" duration="5"/>
    <step time="51900.00" loaded="58236" inserted="55234" running="854" waiting="3002" ended="54380" arrived="54380" collisions="125" teleports="125" halting="19" stopped="0" meanWaitingTime="427.95" meanTravelTime="326.63" meanSpeed="14.81" meanSpeedRelative="0.46" duration="6"/>
    <step time="52200.00" loaded="58964" inserted="55760" running="858" waiting="3204" ended="54902" arrived="54902" collisions="131" teleports="131" halting="14" stopped="0" meanWaitingTime="434.84" meanTravelTime="328.09" meanSpeed="13.43" meanSpeedRelative="0.42" duration="6"/>
    <step time="52500.00" loaded="59673" inserted="56282" running="864" waiting="3391" ended="55418" arrived="55418" collisions="134" teleports="134" halting="32" stopped="0" meanWaitingTime="441.09" meanTravelTime="329.31" meanSpeed="13.45" meanSpeedRelative="0.42" duration="7"/>
    <step time="52800.00" loaded="60419" inserted="56834" running="898" waiting="3585" ended="55936" arrived="55936" collisions="138" teleports="138" halting="14" stopped="0" meanWaitingTime="449.43" meanTravelTime="330.78" meanSpeed="13.77" meanSpeedRelative="0.43" duration="6"/>
    <step time="53100.00" loaded="61104" inserted="57361" running="910" waiting="3743" ended="56451" arrived="56451" collisions="143" teleports="143" halting="6" stopped="0" meanWaitingTime="457.15" meanTravelTime="332.41" meanSpeed="13.68" meanSpeedRelative="0.43" duration="7"/>
    <step time="53400.00" loaded="61839" inserted="57909" running="933" waiting="3930" ended="56976" arrived="56976" collisions="146" teleports="146" halting="40" stopped="0" meanWaitingTime="465.76" meanTravelTime="333.82" meanSpeed="13.37" meanSpeedRelative="0.42" duration="5"/>
    <step time="53700.00" loaded="62557" inserted="58412" running="896" waiting="4145" ended="57516" arrived="57516" collisions="149" teleports="149" halting="19" stopped="0" meanWaitingTime="475.11" meanTravelTime="335.86" meanSpeed="13.40" meanSpeedRelative="0.42" duration="6"/>
    <step time="54000.00" loaded="63291" inserted="58922" running="895" waiting="4369" ended="58027" arrived="58027" collisions="151" teleports="151" halting="14" stopped="0" meanWaitingTime="482.49" meanTravelTime="337.50" meanSpeed="14.11" meanSpeedRelative="0.44" duration="89"/>
    <step time="54300.00" loaded="63723" inserted="59378" running="819" waiting="4345" ended="58559" arrived="58559" collisions="153" teleports="153" halting="13" stopped="0" meanWaitingTime="493.41" meanTravelTime="339.23" meanSpeed="13.56" meanSpeedRelative="0.42" duration="6"/>
    <step time="54600.00" loaded="64181" inserted="59837" running="790" waiting="4344" ended="59047" arrived="59047" collisions="154" teleports="154" halting="1" stopped="0" meanWaitingTime="503.44" meanTravelTime="340.94" meanSpeed="15.02" meanSpeedRelative="0.47" duration="6"/>
    <step time="54900.00" loaded="64666" inserted="60340" running="793" waiting="4326" ended="59547" arrived="59547" collisions="158" teleports="158" halting="15" stopped="0" meanWaitingTime="515.79" meanTravelTime="342.35" meanSpeed="14.40" meanSpeedRelative="0.45" duration="5"/>
    <step time="55200.00" loaded="65098" inserted="60781" running="737" waiting="4317" ended="60044" arrived="60044" collisions="160" teleports="160" halting="5" stopped="0" meanWaitingTime="527.00" meanTravelTime="343.69" meanSpeed="14.19" meanSpeedRelative="0.44" duration="6"/>
    <step time="55500.00" loaded="65547" inserted="61224" running="692" waiting="4323" ended="60532" arrived="60532" collisions="161" teleports="161" halting="2" stopped="0" meanWaitingTime="536.51" meanTravelTime="344.84" meanSpeed="16.57" meanSpeedRelative="0.52" duration="6"/>
    <step time="55800.00" loaded="66033" inserted="61746" running="749" waiting="4287" ended="60997" arrived="60997" collisions="165" teleports="165" halting="22" stopped="0" meanWaitingTime="549.69" meanTravelTime="345.66" meanSpeed="15.40" meanSpeedRelative="0.48" duration="8"/>
    <step time="56100.00" loaded="66492" inserted="62183" running="687" waiting="4309" ended="61496" arrived="61496" collisions="168" teleports="168" halting="19" stopped="0" meanWaitingTime="558.78" meanTravelTime="346.51" meanSpeed="15.91" meanSpeedRelative="0.50" duration="6"/>
    <step time="56400.00" loaded="66907" inserted="62693" running="717" waiting="4214" ended="61976" arrived="61976" collisions="170" teleports="170" halting="20" stopped="0" meanWaitingTime="573.96" meanTravelTime="347.19" meanSpeed="15.27" meanSpeedRelative="0.48" duration="5"/>
    <step time="56700.00" loaded="67329" inserted="63146" running="702" waiting="4183" ended="62444" arrived="62444" collisions="171" teleports="171" halting="4" stopped="0" meanWaitingTime="585.43" meanTravelTime="347.87" meanSpeed="14.67" meanSpeedRelative="0.46" duration="6"/>
    <step time="57000.00" loaded="67793" inserted="63617" running="696" waiting="4176" ended="62921" arrived="62921" collisions="171" teleports="171" halting="11" stopped="0" meanWaitingTime="597.29" meanTravelTime="348.55" meanSpeed="14.21" meanSpeedRelative="0.44" duration="4"/>
    <step time="57300.00" loaded="68258" inserted="64113" running="737" waiting="4145" ended="63376" arrived="63376" collisions="171" teleports="171" halting="16" stopped="0" meanWaitingTime="611.28" meanTravelTime="349.14" meanSpeed="15.14" meanSpeedRelative="0.47" duration="5"/>
    <step time="57600.00" loaded="68679" inserted="64587" running="743" waiting="4092" ended="63844" arrived="63844" collisions="172" teleports="172" halting="3" stopped="0" meanWaitingTime="625.13" meanTravelTime="349.94" meanSpeed="14.93" meanSpeedRelative="0.47" duration="84"/>
    <step time="57900.00" loaded="69256" inserted="65125" running="793" waiting="4131" ended="64332" arrived="64332" collisions="173" teleports="173" halting="3" stopped="0" meanWaitingTime="638.09" meanTravelTime="350.79" meanSpeed="14.46" meanSpeedRelative="0.45" duration="6"/>
    <step time="58200.00" loaded="69793" inserted="65606" running="793" waiting="4187" ended="64813" arrived="64813" collisions="175" teleports="175" halting="15" stopped="0" meanWaitingTime="648.88" meanTravelTime="351.58" meanSpeed="13.90" meanSpeedRelative="0.43" duration="6"/>
    <step time="58500.00" loaded="70375" inserted="66106" running="811" waiting="4269" ended="65295" arrived="65295" collisions="176" teleports="176" halting="25" stopped="0" meanWaitingTime="662.35" meanTravelTime="352.36" meanSpeed="13.49" meanSpeedRelative="0.42" duration="6"/>
    <step time="58800.00" loaded="70921" inserted="66608" running="833" waiting="4313" ended="65775" arrived="65775" collisions="177" teleports="177" halting="30" stopped="0" meanWaitingTime="675.21" meanTravelTime="353.11" meanSpeed="13.35" meanSpeedRelative="0.42" duration="6"/>
    <step time="59100.00" loaded="71501" inserted="67085" running="823" waiting="4416" ended="66262" arrived="66262" collisions="181" teleports="181" halting="18" stopped="0" meanWaitingTime="686.13" meanTravelTime="354.06" meanSpeed="14.24" meanSpeedRelative="0.45" duration="6"/>
    <step time="59400.00" loaded="72063" inserted="67550" running="794" waiting="4513" ended="66756" arrived="66756" collisions="183" teleports="183" halting="26" stopped="0" meanWaitingTime="698.12" meanTravelTime="355.40" meanSpeed="14.54" meanSpeedRelative="0.45" duration="5"/>
    <step time="59700.00" loaded="72594" inserted="68073" running="824" waiting="4521" ended="67249" arrived="67249" collisions="185" teleports="185" halting="11" stopped="0" meanWaitingTime="711.33" meanTravelTime="356.53" meanSpeed="14.64" meanSpeedRelative="0.46" duration="7"/>
    <step time="60000.00" loaded="73176" inserted="68595" running="854" waiting="4581" ended="67741" arrived="67741" collisions="187" teleports="187" halting="23" stopped="0" meanWaitingTime="723.44" meanTravelTime="357.67" meanSpeed="13.99" meanSpeedRelative="0.44" duration="6"/>
    <step time="60300.00" loaded="73742" inserted="69080" running="822" waiting="4662" ended="68258" arrived="68258" collisions="188" teleports="188" halting="18" stopped="0" meanWaitingTime="733.65" meanTravelTime="358.88" meanSpeed="14.69" meanSpeedRelative="0.46" duration="7"/>
    <step time="60600.00" loaded="74309" inserted="69581" running="823" waiting="4728" ended="68758" arrived="68758" collisions="191" teleports="191" halting="22" stopped="0" meanWaitingTime="744.93" meanTravelTime="359.74" meanSpeed="14.65" meanSpeedRelative="0.46" duration="8"/>
    <step time="60900.00" loaded="74865" inserted="70087" running="815" waiting="4778" ended="69272" arrived="69272" collisions="194" teleports="194" halting="17" stopped="0" meanWaitingTime="758.21" meanTravelTime="360.76" meanSpeed="14.50" meanSpeedRelative="0.45" duration="7"/>
    <step time="61200.00" loaded="75426" inserted="70562" running="802" waiting="4864" ended="69760" arrived="69760" collisions="197" teleports="197" halting="19" stopped="0" meanWaitingTime="769.38" meanTravelTime="361.56" meanSpeed="14.89" meanSpeedRelative="0.47" duration="86"/>
    <step time="61500.00" loaded="75496" inserted="70897" running="677" waiting="4599" ended="70220" arrived="70220" collisions="197" teleports="197" halting="13" stopped="0" meanWaitingTime="783.39" meanTravelTime="362.57" meanSpeed="15.04" meanSpeedRelative="0.47" duration="5"/>
    <step time="61800.00" loaded="75559" inserted="71254" running="593" waiting="4305" ended="70661" arrived="70661" collisions="198" teleports="198" halting="10" stopped="0" meanWaitingTime="798.97" meanTravelTime="363.77" meanSpeed="15.33" meanSpeedRelative="0.48" duration="5"/>
    <step time="62100.00" loaded="75632" inserted="71616" running="541" waiting="4016" ended="71075" arrived="71075" collisions="199" teleports="199" halting="2" stopped="0" meanWaitingTime="813.72" meanTravelTime="364.86" meanSpeed="16.52" meanSpeedRelative="0.52" duration="3"/>
    <step time="62400.00" loaded="75710" inserted="72023" running="548" waiting="3687" ended="71475" arrived="71475" collisions="202" teleports="202" halting="2" stopped="0" meanWaitingTime="830.30" meanTravelTime="365.43" meanSpeed="16.34" meanSpeedRelative="0.51" duration="5"/>
    <step time="62700.00" loaded="75772" inserted="72397" running="538" waiting="3375" ended="71859" arrived="71859" collisions="202" teleports="202" halting="3" stopped="0" meanWaitingTime="843.69" meanTravelTime="365.80" meanSpeed="16.14" meanSpeedRelative="0.50" duration="4"/>
    <step time="63000.00" loaded="75842" inserted="72759" running="518" waiting="3083" ended="72241" arrived="72241" collisions="202" teleports="202" halting="0" stopped="0" meanWaitingTime="859.47" meanTravelTime="365.92" meanSpeed="15.91" meanSpeedRelative="0.50" duration="4"/>
    <step time="63300.00" loaded="75912" inserted="73106" running="485" waiting="2806" ended="72621" arrived="72621" collisions="203" teleports="203" halting="3" stopped="0" meanWaitingTime="875.49" meanTravelTime="366.37" meanSpeed="14.52" meanSpeedRelative="0.45" duration="4"/>
    <step time="63600.00" loaded="75988" inserted="73433" running="446" waiting="2555" ended="72987" arrived="72987" collisions="204" teleports="204" halting="0" stopped="0" meanWaitingTime="888.15" meanTravelTime="366.62" meanSpeed="15.66" meanSpeedRelative="0.49" duration="2"/>
    <step time="63900.00" loaded="76056" inserted="73711" running="362" waiting="2345" ended="73349" arrived="73349" collisions="204" teleports="204" halting="8" stopped="0" meanWaitingTime="901.26" meanTravelTime="366.79" meanSpeed="18.23" meanSpeedRelative="0.57" duration="3"/>
    <step time="64200.00" loaded="76137" inserted="74002" running="304" waiting="2135" ended="73698" arrived="73698" collisions="204" teleports="204" halting="3" stopped="0" meanWaitingTime="915.32" meanTravelTime="367.04" meanSpeed="20.22" meanSpeedRelative="0.63" duration="2"/>
    <step time="64500.00" loaded="76210" inserted="74280" running="322" waiting="1930" ended="73958" arrived="73958" collisions="205" teleports="205" halting="6" stopped="0" meanWaitingTime="926.91" meanTravelTime="366.84" meanSpeed="19.02" meanSpeedRelative="0.59" duration="2"/>
    <step time="64800.00" loaded="76271" inserted="74503" running="245" waiting="1768" ended="74258" arrived="74258" collisions="205" teleports="205" halting="2" stopped="0" meanWaitingTime="935.15" meanTravelTime="366.76" meanSpeed="20.93" meanSpeedRelative="0.65" duration="92"/>
    <step time="65100.00" loaded="76312" inserted="74752" running="239" waiting="1560" ended="74513" arrived="74513" collisions="205" teleports="205" halting="1" stopped="0" meanWaitingTime="951.99" meanTravelTime="366.55" meanSpeed="22.53" meanSpeedRelative="0.70" duration="2"/>
    <step time="65400.00" loaded="76356" inserted="74990" running="232" waiting="1366" ended="74758" arrived="74758" collisions="205" teleports="205" halting="0" stopped="0" meanWaitingTime="967.45" meanTravelTime="366.34" meanSpeed="21.93" meanSpeedRelative="0.69" duration="2"/>
    <step time="65700.00" loaded="76406" inserted="75229" running="236" waiting="1177" ended="74993" arrived="74993" collisions="205" teleports="205" halting="2" stopped="0" meanWaitingTime="982.72" meanTravelTime="366.11" meanSpeed="23.01" meanSpeedRelative="0.72" duration="1"/>
    <step time="66000.00" loaded="76451" inserted="75466" running="241" waiting="985" ended="75225" arrived="75225" collisions="205" teleports="205" halting="1" stopped="0" meanWaitingTime="996.38" meanTravelTime="365.84" meanSpeed="22.68" meanSpeedRelative="0.71" duration="2"/>
    <step time="66300.00" loaded="76500" inserted="75712" running="235" waiting="788" ended="75477" arrived="75477" collisions="205" teleports="205" halting="0" stopped="0" meanWaitingTime="1008.60" meanTravelTime="365.59" meanSpeed="22.90" meanSpeedRelative="0.72" duration="1"/>
    <step time="66600.00" loaded="76542" inserted="75927" running="203" waiting="615" ended="75724" arrived="75724" collisions="206" teleports="206" halting="1" stopped="0" meanWaitingTime="1019.15" meanTravelTime="365.39" meanSpeed="22.27" meanSpeedRelative="0.70" duration="1"/>
    <step time="66900.00" loaded="76594" inserted="76113" running="142" waiting="481" ended="75971" arrived="75971" collisions="206" teleports="206" halting="0" stopped="0" meanWaitingTime="1027.74" meanTravelTime="365.11" meanSpeed="23.21" meanSpeedRelative="0.73" duration="0"/>
    <step time="67200.00" loaded="76659" inserted="76279" running="129" waiting="380" ended="76150" arrived="76150" collisions="206" teleports="206" halting="0" stopped="0" meanWaitingTime="1033.99" meanTravelTime="364.90" meanSpeed="25.63" meanSpeedRelative="0.80" duration="1"/>
    <step time="67500.00" loaded="76707" inserted="76400" running="113" waiting="307" ended="76287" arrived="76287" collisions="206" teleports="206" halting="0" stopped="0" meanWaitingTime="1040.32" meanTravelTime="364.77" meanSpeed="24.79" meanSpeedRelative="0.77" duration="1"/>
    <step time="67800.00" loaded="76763" inserted="76533" running="122" waiting="230" ended="76411" arrived="76411" collisions="206" teleports="206" halting="0" stopped="0" meanWaitingTime="1046.49" meanTravelTime="364.60" meanSpeed="24.95" meanSpeedRelative="0.78" duration="2"/>
    <step time="68100.00" loaded="76821" inserted="76665" running="116" waiting="156" ended="76549" arrived="76549" collisions="206" teleports="206" halting="0" stopped="0" meanWaitingTime="1052.53" meanTravelTime="364.46" meanSpeed="24.30" meanSpeedRelative="0.76" duration="1"/>
    <step time="68400.00" loaded="76875" inserted="76793" running="108" waiting="82" ended="76685" arrived="76685" collisions="206" teleports="206" halting="0" stopped="0" meanWaitingTime="1057.79" meanTravelTime="364.32" meanSpeed="25.48" meanSpeedRelative="0.80" duration="87"/>
    <step time="68700.00" loaded="77054" inserted="77037" running="209" waiting="17" ended="76828" arrived="76828" collisions="206" teleports="206" halting="0" stopped="0" meanWaitingTime="1058.38" meanTravelTime="364.05" meanSpeed="23.30" meanSpeedRelative="0.73" duration="2"/>
    <step time="69000.00" loaded="77208" inserted="77208" running="197" waiting="0" ended="77011" arrived="77011" collisions="206" teleports="206" halting="0" stopped="0" meanWaitingTime="1056.12" meanTravelTime="363.85" meanSpeed="25.68" meanSpeedRelative="0.80" duration="1"/>
    <step time="69300.00" loaded="77373" inserted="77372" running="163" waiting="1" ended="77209" arrived="77209" collisions="207" teleports="207" halting="0" stopped="0" meanWaitingTime="1053.89" meanTravelTime="363.71" meanSpeed="25.31" meanSpeedRelative="0.79" duration="1"/>
    <step time="69600.00" loaded="77520" inserted="77520" running="126" waiting="0" ended="77394" arrived="77394" collisions="207" teleports="207" halting="1" stopped="0" meanWaitingTime="1051.88" meanTravelTime="363.66" meanSpeed="25.47" meanSpeedRelative="0.80" duration="1"/>
    <step time="69900.00" loaded="77658" inserted="77658" running="114" waiting="0" ended="77544" arrived="77544" collisions="207" teleports="207" halting="0" stopped="0" meanWaitingTime="1050.01" meanTravelTime="363.48" meanSpeed="25.71" meanSpeedRelative="0.80" duration="1"/>
    <step time="70200.00" loaded="77818" inserted="77818" running="145" waiting="0" ended="77673" arrived="77673" collisions="207" teleports="207" halting="0" stopped="0" meanWaitingTime="1047.85" meanTravelTime="363.29" meanSpeed="25.85" meanSpeedRelative="0.81" duration="1"/>
    <step time="70500.00" loaded="77980" inserted="77980" running="146" waiting="0" ended="77834" arrived="77834" collisions="207" teleports="207" halting="1" stopped="0" meanWaitingTime="1045.67" meanTravelTime="363.05" meanSpeed="25.25" meanSpeedRelative="0.79" duration="1"/>
    <step time="70800.00" loaded="78136" inserted="78136" running="130" waiting="0" ended="78006" arrived="78006" collisions="207" teleports="207" halting="1" stopped="0" meanWaitingTime="1043.59" meanTravelTime="362.82" meanSpeed="25.61" meanSpeedRelative="0.80" duration="1"/>
    <step time="71100.00" loaded="78291" inserted="78291" running="144" waiting="0" ended="78147" arrived="78147" collisions="207" teleports="207" halting="3" stopped="0" meanWaitingTime="1041.52" meanTravelTime="362.65" meanSpeed="25.20" meanSpeedRelative="0.79" duration="1"/>
    <step time="71400.00" loaded="78433" inserted="78433" running="125" waiting="0" ended="78308" arrived="78308" collisions="207" teleports="207" halting="0" stopped="0" meanWaitingTime="1039.63" meanTravelTime="362.45" meanSpeed="25.15" meanSpeedRelative="0.79" duration="1"/>
    <step time="71700.00" loaded="78600" inserted="78600" running="135" waiting="0" ended="78465" arrived="78465" collisions="207" teleports="207" halting="0" stopped="0" meanWaitingTime="1037.43" meanTravelTime="362.21" meanSpeed="25.36" meanSpeedRelative="0.79" duration="1"/>
    <step time="72000.00" loaded="78743" inserted="78743" running="121" waiting="0" ended="78622" arrived="78622" collisions="207" teleports="207" halting="0" stopped="0" meanWaitingTime="1035.54" meanTravelTime="362.04" meanSpeed="25.12" meanSpeedRelative="0.79" duration="82"/>
    <step time="72300.00" loaded="78882" inserted="78882" running="125" waiting="0" ended="78757" arrived="78757" collisions="207" teleports="207" halting="0" stopped="0" meanWaitingTime="1033.72" meanTravelTime="361.88" meanSpeed="26.69" meanSpeedRelative="0.83" duration="0"/>
    <step time="72600.00" loaded="79012" inserted="79012" running="111" waiting="0" ended="78901" arrived="78901" collisions="207" teleports="207" halting="0" stopped="0" meanWaitingTime="1032.02" meanTravelTime="361.71" meanSpeed="25.96" meanSpeedRelative="0.81" duration="1"/>
    <step time="72900.00" loaded="79149" inserted="79149" running="118" waiting="0" ended="79031" arrived="79031" collisions="207" teleports="207" halting="1" stopped="0" meanWaitingTime="1030.23" meanTravelTime="361.59" meanSpeed="25.94" meanSpeedRelative="0.81" duration="1"/>
    <step time="73200.00" loaded="79290" inserted="79290" running="128" waiting="0" ended="79162" arrived="79162" collisions="207" teleports="207" halting="0" stopped="0" meanWaitingTime="1028.40" meanTravelTime="361.43" meanSpeed="24.51" meanSpeedRelative="0.77" duration="1"/>
    <step time="73500.00" loaded="79423" inserted="79423" running="108" waiting="0" ended="79315" arrived="79315" collisions="207" teleports="207" halting="0" stopped="0" meanWaitingTime="1026.68" meanTravelTime="361.21" meanSpeed="25.76" meanSpeedRelative="0.80" duration="1"/>
    <step time="73800.00" loaded="79545" inserted="79545" running="106" waiting="0" ended="79439" arrived="79439" collisions="208" teleports="208" halting="1" stopped="0" meanWaitingTime="1025.10" meanTravelTime="361.03" meanSpeed="25.11" meanSpeedRelative="0.78" duration="1"/>
    <step time="74100.00" loaded="79682" inserted="79682" running="121" waiting="0" ended="79561" arrived="79561" collisions="208" teleports="208" halting="0" stopped="0" meanWaitingTime="1023.34" meanTravelTime="360.89" meanSpeed="26.39" meanSpeedRelative="0.82" duration="1"/>
    <step time="74400.00" loaded="79819" inserted="79819" running="118" waiting="0" ended="79701" arrived="79701" collisions="208" teleports="208" halting="1" stopped="0" meanWaitingTime="1021.59" meanTravelTime="360.73" meanSpeed="26.29" meanSpeedRelative="0.82" duration="1"/>
    <step time="74700.00" loaded="79950" inserted="79950" running="117" waiting="0" ended="79833" arrived="79833" collisions="208" teleports="208" halting="0" stopped="0" meanWaitingTime="1019.91" meanTravelTime="360.59" meanSpeed="26.33" meanSpeedRelative="0.82" duration="0"/>
    <step time="75000.00" loaded="80096" inserted="80096" running="111" waiting="0" ended="79985" arrived="79985" collisions="208" teleports="208" halting="0" stopped="0" meanWaitingTime="1018.06" meanTravelTime="360.39" meanSpeed="26.08" meanSpeedRelative="0.81" duration="1"/>
    <step time="75300.00" loaded="80237" inserted="80237" running="125" waiting="0" ended="80112" arrived="80112" collisions="208" teleports="208" halting="0" stopped="0" meanWaitingTime="1016.27" meanTravelTime="360.23" meanSpeed="25.44" meanSpeedRelative="0.79" duration="1"/>
    <step time="75600.00" loaded="80380" inserted="80380" running="128" waiting="0" ended="80252" arrived="80252" collisions="208" teleports="208" halting="0" stopped="0" meanWaitingTime="1014.46" meanTravelTime="360.04" meanSpeed="25.88" meanSpeedRelative="0.81" duration="82"/>
    <step time="75900.00" loaded="80572" inserted="80572" running="161" waiting="0" ended="80411" arrived="80411" collisions="208" teleports="208" halting="0" stopped="0" meanWaitingTime="1012.04" meanTravelTime="359.81" meanSpeed="25.40" meanSpeedRelative="0.79" duration="0"/>
    <step time="76200.00" loaded="80768" inserted="80768" running="155" waiting="0" ended="80613" arrived="80613" collisions="208" teleports="208" halting="0" stopped="0" meanWaitingTime="1009.59" meanTravelTime="359.54" meanSpeed="26.08" meanSpeedRelative="0.81" duration="1"/>
    <step time="76500.00" loaded="80940" inserted="80940" running="148" waiting="0" ended="80792" arrived="80792" collisions="208" teleports="208" halting="0" stopped="0" meanWaitingTime="1007.44" meanTravelTime="359.26" meanSpeed="25.86" meanSpeedRelative="0.81" duration="1"/>
    <step time="76800.00" loaded="81127" inserted="81127" running="169" waiting="0" ended="80958" arrived="80958" collisions="208" teleports="208" halting="1" stopped="0" meanWaitingTime="1005.12" meanTravelTime="359.08" meanSpeed="25.33" meanSpeedRelative="0.79" duration="1"/>
    <step time="77100.00" loaded="81307" inserted="81307" running="140" waiting="0" ended="81167" arrived="81167" collisions="208" teleports="208" halting="0" stopped="0" meanWaitingTime="1002.90" meanTravelTime="358.77" meanSpeed="25.07" meanSpeedRelative="0.78" duration="0"/>
    <step time="77400.00" loaded="81490" inserted="81490" running="169" waiting="0" ended="81321" arrived="81321" collisions="208" teleports="208" halting="1" stopped="0" meanWaitingTime="1000.65" meanTravelTime="358.67" meanSpeed="24.76" meanSpeedRelative="0.77" duration="1"/>
    <step time="77700.00" loaded="81671" inserted="81671" running="162" waiting="0" ended="81509" arrived="81509" collisions="209" teleports="209" halting="0" stopped="0" meanWaitingTime="998.43" meanTravelTime="358.47" meanSpeed="24.75" meanSpeedRelative="0.77" duration="1"/>
    <step time="78000.00" loaded="81887" inserted="81887" running="170" waiting="0" ended="81717" arrived="81717" collisions="209" teleports="209" halting="1" stopped="0" meanWaitingTime="995.80" meanTravelTime="358.17" meanSpeed="24.84" meanSpeedRelative="0.78" duration="1"/>
    <step time="78300.00" loaded="82074" inserted="82074" running="171" waiting="0" ended="81903" arrived="81903" collisions="210" teleports="210" halting="0" stopped="0" meanWaitingTime="993.53" meanTravelTime="357.94" meanSpeed="24.81" meanSpeedRelative="0.78" duration="1"/>
    <step time="78600.00" loaded="82277" inserted="82277" running="181" waiting="0" ended="82096" arrived="82096" collisions="210" teleports="210" halting="0" stopped="0" meanWaitingTime="991.08" meanTravelTime="357.72" meanSpeed="24.98" meanSpeedRelative="0.78" duration="1"/>
    <step time="78900.00" loaded="82457" inserted="82456" running="152" waiting="1" ended="82304" arrived="82304" collisions="210" teleports="210" halting="3" stopped="0" meanWaitingTime="988.93" meanTravelTime="357.43" meanSpeed="24.64" meanSpeedRelative="0.77" duration="1"/>
    <step time="79200.00" loaded="82661" inserted="82661" running="168" waiting="0" ended="82493" arrived="82493" collisions="211" teleports="211" halting="1" stopped="0" meanWaitingTime="986.48" meanTravelTime="357.24" meanSpeed="25.82" meanSpeedRelative="0.81" duration="80"/>
    <step time="79500.00" loaded="82842" inserted="82840" running="161" waiting="2" ended="82679" arrived="82679" collisions="211" teleports="211" halting="1" stopped="0" meanWaitingTime="984.35" meanTravelTime="357.04" meanSpeed="25.55" meanSpeedRelative="0.80" duration="1"/>
    <step time="79800.00" loaded="83015" inserted="83015" running="160" waiting="0" ended="82855" arrived="82855" collisions="211" teleports="211" halting="0" stopped="0" meanWaitingTime="982.27" meanTravelTime="356.86" meanSpeed="25.58" meanSpeedRelative="0.80" duration="1"/>
    <step time="80100.00" loaded="83180" inserted="83179" running="140" waiting="1" ended="83039" arrived="83039" collisions="211" teleports="211" halting="1" stopped="0" meanWaitingTime="980.34" meanTravelTime="356.70" meanSpeed="25.55" meanSpeedRelative="0.80" duration="1"/>
    <step time="80400.00" loaded="83352" inserted="83352" running="172" waiting="0" ended="83180" arrived="83180" collisions="211" teleports="211" halting="1" stopped="0" meanWaitingTime="978.30" meanTravelTime="356.59" meanSpeed="24.98" meanSpeedRelative="0.78" duration="1"/>
    <step time="80700.00" loaded="83511" inserted="83511" running="158" waiting="0" ended="83353" arrived="83353" collisions="211" teleports="211" halting="0" stopped="0" meanWaitingTime="976.44" meanTravelTime="356.41" meanSpeed="25.38" meanSpeedRelative="0.79" duration="1"/>
    <step time="81000.00" loaded="83687" inserted="83687" running="153" waiting="0" ended="83534" arrived="83534" collisions="211" teleports="211" halting="0" stopped="0" meanWaitingTime="974.39" meanTravelTime="356.21" meanSpeed="26.28" meanSpeedRelative="0.82" duration="1"/>
    <step time="81300.00" loaded="83863" inserted="83861" running="146" waiting="2" ended="83715" arrived="83715" collisions="211" teleports="211" halting="0" stopped="0" meanWaitingTime="972.37" meanTravelTime="356.04" meanSpeed="25.27" meanSpeedRelative="0.79" duration="1"/>
    <step time="81600.00" loaded="84053" inserted="84053" running="161" waiting="0" ended="83892" arrived="83892" collisions="211" teleports="211" halting="0" stopped="0" meanWaitingTime="970.15" meanTravelTime="355.81" meanSpeed="26.26" meanSpeedRelative="0.82" duration="1"/>
    <step time="81900.00" loaded="84224" inserted="84224" running="138" waiting="0" ended="84086" arrived="84086" collisions="212" teleports="212" halting="1" stopped="0" meanWaitingTime="968.18" meanTravelTime="355.57" meanSpeed="25.63" meanSpeedRelative="0.80" duration="1"/>
    <step time="82200.00" loaded="84389" inserted="84389" running="130" waiting="0" ended="84259" arrived="84259" collisions="212" teleports="212" halting="1" stopped="0" meanWaitingTime="966.29" meanTravelTime="355.32" meanSpeed="26.20" meanSpeedRelative="0.82" duration="1"/>
    <step time="82500.00" loaded="84555" inserted="84555" running="140" waiting="0" ended="84415" arrived="84415" collisions="212" teleports="212" halting="0" stopped="0" meanWaitingTime="964.39" meanTravelTime="355.12" meanSpeed="24.71" meanSpeedRelative="0.77" duration="1"/>
</summary>
