<?xml version="1.0" encoding="UTF-8"?>

<!-- generated on 2025-08-07 18:04:36 by Eclipse SUMO sumo Version 1.23.1
<sumoConfiguration xmlns:xsi="http://www.w3.org/2001/XMLSchema-instance" xsi:noNamespaceSchemaLocation="http://sumo.dlr.de/xsd/sumoConfiguration.xsd">

    <input>
        <net-file value="Desktop\Master Thesis\Network_fin.net.xml"/>
        <route-files value="Desktop\Master Thesis\demand_model_amsterdam.rou.xml"/>
        <additional-files value="Desktop\Master Thesis\Additionnal.add.xml"/>
    </input>

    <output>
        <summary-output value="outputf/summary_alinea_K80_target5_38349.xml"/>
        <summary-output.period value="300"/>
        <tripinfo-output value="outputf/tripinfo_alinea_K80_target5_38349.xml"/>
    </output>

    <time>
        <begin value="0"/>
        <end value="82800"/>
        <step-length value="1"/>
    </time>

    <processing>
        <time-to-teleport value="-1"/>
    </processing>

    <report>
        <verbose value="true"/>
        <no-step-log value="true"/>
    </report>

    <emissions>
        <device.emissions.period value="10"/>
    </emissions>

    <traci_server>
        <remote-port value="64364"/>
    </traci_server>

    <random_number>
        <seed value="38349"/>
    </random_number>

</sumoConfiguration>
-->

<summary xmlns:xsi="http://www.w3.org/2001/XMLSchema-instance" xsi:noNamespaceSchemaLocation="http://sumo.dlr.de/xsd/summary_file.xsd">
    <step time="0.00" loaded="0" inserted="0" running="0" waiting="0" ended="0" arrived="0" collisions="0" teleports="0" halting="0" stopped="0" meanWaitingTime="-1.00" meanTravelTime="-1.00" meanSpeed="-1.00" meanSpeedRelative="-1.00" duration="1"/>
    <step time="300.00" loaded="149" inserted="149" running="95" waiting="0" ended="54" arrived="54" collisions="0" teleports="0" halting="0" stopped="0" meanWaitingTime="0.21" meanTravelTime="98.39" meanSpeed="25.52" meanSpeedRelative="0.80" duration="1"/>
    <step time="600.00" loaded="335" inserted="335" running="148" waiting="0" ended="187" arrived="187" collisions="0" teleports="0" halting="1" stopped="0" meanWaitingTime="0.34" meanTravelTime="149.30" meanSpeed="24.98" meanSpeedRelative="0.78" duration="1"/>
    <step time="900.00" loaded="510" inserted="510" running="159" waiting="0" ended="351" arrived="351" collisions="1" teleports="1" halting="0" stopped="0" meanWaitingTime="0.36" meanTravelTime="176.68" meanSpeed="24.57" meanSpeedRelative="0.77" duration="1"/>
    <step time="1200.00" loaded="677" inserted="677" running="154" waiting="0" ended="523" arrived="523" collisions="2" teleports="2" halting="0" stopped="0" meanWaitingTime="0.35" meanTravelTime="206.27" meanSpeed="25.54" meanSpeedRelative="0.80" duration="0"/>
    <step time="1500.00" loaded="840" inserted="840" running="144" waiting="0" ended="696" arrived="696" collisions="2" teleports="2" halting="0" stopped="0" meanWaitingTime="0.33" meanTravelTime="225.19" meanSpeed="25.73" meanSpeedRelative="0.80" duration="1"/>
    <step time="1800.00" loaded="1044" inserted="1044" running="168" waiting="0" ended="876" arrived="876" collisions="3" teleports="3" halting="1" stopped="0" meanWaitingTime="0.38" meanTravelTime="234.49" meanSpeed="23.88" meanSpeedRelative="0.75" duration="1"/>
    <step time="2100.00" loaded="1218" inserted="1218" running="160" waiting="0" ended="1058" arrived="1058" collisions="3" teleports="3" halting="1" stopped="0" meanWaitingTime="0.37" meanTravelTime="240.15" meanSpeed="24.92" meanSpeedRelative="0.78" duration="1"/>
    <step time="2400.00" loaded="1413" inserted="1413" running="173" waiting="0" ended="1240" arrived="1240" collisions="3" teleports="3" halting="0" stopped="0" meanWaitingTime="0.42" meanTravelTime="242.04" meanSpeed="25.03" meanSpeedRelative="0.78" duration="2"/>
    <step time="2700.00" loaded="1567" inserted="1567" running="145" waiting="0" ended="1422" arrived="1422" collisions="3" teleports="3" halting="1" stopped="0" meanWaitingTime="0.40" meanTravelTime="247.41" meanSpeed="24.78" meanSpeedRelative="0.77" duration="1"/>
    <step time="3000.00" loaded="1744" inserted="1743" running="161" waiting="1" ended="1582" arrived="1582" collisions="3" teleports="3" halting="0" stopped="0" meanWaitingTime="0.40" meanTravelTime="250.73" meanSpeed="25.49" meanSpeedRelative="0.80" duration="1"/>
    <step time="3300.00" loaded="1933" inserted="1933" running="169" waiting="0" ended="1764" arrived="1764" collisions="4" teleports="4" halting="1" stopped="0" meanWaitingTime="0.42" meanTravelTime="250.72" meanSpeed="25.29" meanSpeedRelative="0.79" duration="1"/>
    <step time="3600.00" loaded="2111" inserted="2111" running="164" waiting="0" ended="1947" arrived="1947" collisions="4" teleports="4" halting="0" stopped="0" meanWaitingTime="0.44" meanTravelTime="252.13" meanSpeed="25.14" meanSpeedRelative="0.79" duration="89"/>
    <step time="3900.00" loaded="2208" inserted="2208" running="86" waiting="0" ended="2122" arrived="2122" collisions="4" teleports="4" halting="1" stopped="0" meanWaitingTime="0.43" meanTravelTime="254.06" meanSpeed="24.90" meanSpeedRelative="0.78" duration="1"/>
    <step time="4200.00" loaded="2323" inserted="2323" running="93" waiting="0" ended="2230" arrived="2230" collisions="4" teleports="4" halting="0" stopped="0" meanWaitingTime="0.41" meanTravelTime="257.47" meanSpeed="26.01" meanSpeedRelative="0.81" duration="1"/>
    <step time="4500.00" loaded="2431" inserted="2431" running="98" waiting="0" ended="2333" arrived="2333" collisions="4" teleports="4" halting="0" stopped="0" meanWaitingTime="0.40" meanTravelTime="256.20" meanSpeed="25.18" meanSpeedRelative="0.79" duration="0"/>
    <step time="4800.00" loaded="2531" inserted="2531" running="75" waiting="0" ended="2456" arrived="2456" collisions="4" teleports="4" halting="1" stopped="0" meanWaitingTime="0.39" meanTravelTime="256.88" meanSpeed="26.14" meanSpeedRelative="0.82" duration="0"/>
    <step time="5100.00" loaded="2633" inserted="2633" running="75" waiting="0" ended="2558" arrived="2558" collisions="4" teleports="4" halting="0" stopped="0" meanWaitingTime="0.38" meanTravelTime="255.85" meanSpeed="25.68" meanSpeedRelative="0.80" duration="0"/>
    <step time="5400.00" loaded="2751" inserted="2751" running="83" waiting="0" ended="2668" arrived="2668" collisions="4" teleports="4" halting="0" stopped="0" meanWaitingTime="0.37" meanTravelTime="254.42" meanSpeed="26.70" meanSpeedRelative="0.83" duration="0"/>
    <step time="5700.00" loaded="2876" inserted="2876" running="98" waiting="0" ended="2778" arrived="2778" collisions="4" teleports="4" halting="0" stopped="0" meanWaitingTime="0.36" meanTravelTime="254.26" meanSpeed="26.87" meanSpeedRelative="0.84" duration="1"/>
    <step time="6000.00" loaded="2977" inserted="2977" running="86" waiting="0" ended="2891" arrived="2891" collisions="4" teleports="4" halting="0" stopped="0" meanWaitingTime="0.36" meanTravelTime="252.99" meanSpeed="26.61" meanSpeedRelative="0.83" duration="1"/>
    <step time="6300.00" loaded="3093" inserted="3093" running="96" waiting="0" ended="2997" arrived="2997" collisions="4" teleports="4" halting="0" stopped="0" meanWaitingTime="0.35" meanTravelTime="253.30" meanSpeed="25.68" meanSpeedRelative="0.80" duration="0"/>
    <step time="6600.00" loaded="3194" inserted="3194" running="85" waiting="0" ended="3109" arrived="3109" collisions="4" teleports="4" halting="0" stopped="0" meanWaitingTime="0.35" meanTravelTime="252.70" meanSpeed="25.68" meanSpeedRelative="0.80" duration="1"/>
    <step time="6900.00" loaded="3319" inserted="3319" running="94" waiting="0" ended="3225" arrived="3225" collisions="4" teleports="4" halting="0" stopped="0" meanWaitingTime="0.34" meanTravelTime="251.85" meanSpeed="25.70" meanSpeedRelative="0.80" duration="1"/>
    <step time="7200.00" loaded="3428" inserted="3428" running="80" waiting="0" ended="3348" arrived="3348" collisions="4" teleports="4" halting="0" stopped="0" meanWaitingTime="0.34" meanTravelTime="251.49" meanSpeed="26.00" meanSpeedRelative="0.81" duration="83"/>
    <step time="7500.00" loaded="3572" inserted="3572" running="119" waiting="0" ended="3453" arrived="3453" collisions="4" teleports="4" halting="1" stopped="0" meanWaitingTime="0.35" meanTravelTime="251.09" meanSpeed="24.77" meanSpeedRelative="0.77" duration="0"/>
    <step time="7800.00" loaded="3713" inserted="3712" running="117" waiting="1" ended="3595" arrived="3595" collisions="4" teleports="4" halting="0" stopped="0" meanWaitingTime="0.35" meanTravelTime="250.92" meanSpeed="25.17" meanSpeedRelative="0.79" duration="1"/>
    <step time="8100.00" loaded="3862" inserted="3862" running="123" waiting="0" ended="3739" arrived="3739" collisions="4" teleports="4" halting="1" stopped="0" meanWaitingTime="0.35" meanTravelTime="249.58" meanSpeed="25.57" meanSpeedRelative="0.80" duration="1"/>
    <step time="8400.00" loaded="4014" inserted="4014" running="117" waiting="0" ended="3897" arrived="3897" collisions="4" teleports="4" halting="0" stopped="0" meanWaitingTime="0.35" meanTravelTime="248.90" meanSpeed="24.79" meanSpeedRelative="0.77" duration="1"/>
    <step time="8700.00" loaded="4162" inserted="4162" running="118" waiting="0" ended="4044" arrived="4044" collisions="4" teleports="4" halting="0" stopped="0" meanWaitingTime="0.35" meanTravelTime="248.31" meanSpeed="25.97" meanSpeedRelative="0.81" duration="1"/>
    <step time="9000.00" loaded="4324" inserted="4324" running="137" waiting="0" ended="4187" arrived="4187" collisions="4" teleports="4" halting="1" stopped="0" meanWaitingTime="0.35" meanTravelTime="248.90" meanSpeed="25.47" meanSpeedRelative="0.80" duration="1"/>
    <step time="9300.00" loaded="4472" inserted="4472" running="122" waiting="0" ended="4350" arrived="4350" collisions="4" teleports="4" halting="1" stopped="0" meanWaitingTime="0.35" meanTravelTime="248.69" meanSpeed="25.10" meanSpeedRelative="0.78" duration="1"/>
    <step time="9600.00" loaded="4613" inserted="4613" running="116" waiting="0" ended="4497" arrived="4497" collisions="4" teleports="4" halting="0" stopped="0" meanWaitingTime="0.35" meanTravelTime="248.54" meanSpeed="26.03" meanSpeedRelative="0.81" duration="1"/>
    <step time="9900.00" loaded="4744" inserted="4744" running="109" waiting="0" ended="4635" arrived="4635" collisions="4" teleports="4" halting="0" stopped="0" meanWaitingTime="0.35" meanTravelTime="248.44" meanSpeed="26.04" meanSpeedRelative="0.81" duration="1"/>
    <step time="10200.00" loaded="4885" inserted="4885" running="117" waiting="0" ended="4768" arrived="4768" collisions="5" teleports="5" halting="1" stopped="0" meanWaitingTime="0.35" meanTravelTime="247.71" meanSpeed="25.49" meanSpeedRelative="0.80" duration="0"/>
    <step time="10500.00" loaded="5036" inserted="5036" running="126" waiting="0" ended="4910" arrived="4910" collisions="5" teleports="5" halting="3" stopped="0" meanWaitingTime="0.35" meanTravelTime="247.71" meanSpeed="24.52" meanSpeedRelative="0.77" duration="1"/>
    <step time="10800.00" loaded="5189" inserted="5189" running="131" waiting="0" ended="5058" arrived="5058" collisions="5" teleports="5" halting="0" stopped="0" meanWaitingTime="0.36" meanTravelTime="247.20" meanSpeed="25.53" meanSpeedRelative="0.80" duration="87"/>
    <step time="11100.00" loaded="5343" inserted="5343" running="120" waiting="0" ended="5223" arrived="5223" collisions="5" teleports="5" halting="0" stopped="0" meanWaitingTime="0.35" meanTravelTime="247.95" meanSpeed="25.62" meanSpeedRelative="0.80" duration="0"/>
    <step time="11400.00" loaded="5494" inserted="5494" running="125" waiting="0" ended="5369" arrived="5369" collisions="5" teleports="5" halting="0" stopped="0" meanWaitingTime="0.36" meanTravelTime="247.94" meanSpeed="26.36" meanSpeedRelative="0.82" duration="1"/>
    <step time="11700.00" loaded="5629" inserted="5629" running="95" waiting="0" ended="5534" arrived="5534" collisions="5" teleports="5" halting="1" stopped="0" meanWaitingTime="0.36" meanTravelTime="247.98" meanSpeed="26.35" meanSpeedRelative="0.82" duration="0"/>
    <step time="12000.00" loaded="5752" inserted="5752" running="95" waiting="0" ended="5657" arrived="5657" collisions="5" teleports="5" halting="0" stopped="0" meanWaitingTime="0.36" meanTravelTime="247.21" meanSpeed="25.96" meanSpeedRelative="0.81" duration="0"/>
    <step time="12300.00" loaded="5887" inserted="5887" running="102" waiting="0" ended="5785" arrived="5785" collisions="5" teleports="5" halting="0" stopped="0" meanWaitingTime="0.36" meanTravelTime="247.00" meanSpeed="25.31" meanSpeedRelative="0.79" duration="1"/>
    <step time="12600.00" loaded="6018" inserted="6018" running="99" waiting="0" ended="5919" arrived="5919" collisions="5" teleports="5" halting="0" stopped="0" meanWaitingTime="0.36" meanTravelTime="247.02" meanSpeed="26.08" meanSpeedRelative="0.82" duration="0"/>
    <step time="12900.00" loaded="6154" inserted="6153" running="102" waiting="1" ended="6051" arrived="6051" collisions="5" teleports="5" halting="1" stopped="0" meanWaitingTime="0.36" meanTravelTime="246.21" meanSpeed="24.26" meanSpeedRelative="0.76" duration="1"/>
    <step time="13200.00" loaded="6300" inserted="6300" running="108" waiting="0" ended="6192" arrived="6192" collisions="5" teleports="5" halting="1" stopped="0" meanWaitingTime="0.37" meanTravelTime="245.60" meanSpeed="25.71" meanSpeedRelative="0.80" duration="1"/>
    <step time="13500.00" loaded="6454" inserted="6453" running="107" waiting="1" ended="6346" arrived="6346" collisions="5" teleports="5" halting="0" stopped="0" meanWaitingTime="0.36" meanTravelTime="244.86" meanSpeed="26.01" meanSpeedRelative="0.81" duration="1"/>
    <step time="13800.00" loaded="6626" inserted="6626" running="116" waiting="0" ended="6510" arrived="6510" collisions="5" teleports="5" halting="0" stopped="0" meanWaitingTime="0.36" meanTravelTime="243.86" meanSpeed="26.34" meanSpeedRelative="0.82" duration="0"/>
    <step time="14100.00" loaded="6784" inserted="6784" running="107" waiting="0" ended="6677" arrived="6677" collisions="5" teleports="5" halting="0" stopped="0" meanWaitingTime="0.36" meanTravelTime="243.07" meanSpeed="25.78" meanSpeedRelative="0.81" duration="1"/>
    <step time="14400.00" loaded="6936" inserted="6936" running="111" waiting="0" ended="6825" arrived="6825" collisions="5" teleports="5" halting="1" stopped="0" meanWaitingTime="0.36" meanTravelTime="242.23" meanSpeed="25.56" meanSpeedRelative="0.80" duration="85"/>
    <step time="14700.00" loaded="7033" inserted="7033" running="92" waiting="0" ended="6941" arrived="6941" collisions="5" teleports="5" halting="0" stopped="0" meanWaitingTime="0.36" meanTravelTime="242.20" meanSpeed="25.71" meanSpeedRelative="0.80" duration="1"/>
    <step time="15000.00" loaded="7137" inserted="7137" running="86" waiting="0" ended="7051" arrived="7051" collisions="5" teleports="5" halting="0" stopped="0" meanWaitingTime="0.36" meanTravelTime="242.56" meanSpeed="24.69" meanSpeedRelative="0.77" duration="0"/>
    <step time="15300.00" loaded="7246" inserted="7246" running="79" waiting="0" ended="7167" arrived="7167" collisions="5" teleports="5" halting="0" stopped="0" meanWaitingTime="0.36" meanTravelTime="242.98" meanSpeed="26.02" meanSpeedRelative="0.81" duration="1"/>
    <step time="15600.00" loaded="7348" inserted="7348" running="81" waiting="0" ended="7267" arrived="7267" collisions="5" teleports="5" halting="1" stopped="0" meanWaitingTime="0.36" meanTravelTime="242.53" meanSpeed="25.53" meanSpeedRelative="0.80" duration="1"/>
    <step time="15900.00" loaded="7455" inserted="7455" running="78" waiting="0" ended="7377" arrived="7377" collisions="6" teleports="6" halting="0" stopped="0" meanWaitingTime="0.36" meanTravelTime="242.25" meanSpeed="26.09" meanSpeedRelative="0.82" duration="1"/>
    <step time="16200.00" loaded="7557" inserted="7557" running="79" waiting="0" ended="7478" arrived="7478" collisions="6" teleports="6" halting="0" stopped="0" meanWaitingTime="0.36" meanTravelTime="241.79" meanSpeed="25.49" meanSpeedRelative="0.80" duration="1"/>
    <step time="16500.00" loaded="7658" inserted="7658" running="69" waiting="0" ended="7589" arrived="7589" collisions="6" teleports="6" halting="0" stopped="0" meanWaitingTime="0.35" meanTravelTime="241.40" meanSpeed="27.29" meanSpeedRelative="0.85" duration="1"/>
    <step time="16800.00" loaded="7758" inserted="7758" running="67" waiting="0" ended="7691" arrived="7691" collisions="6" teleports="6" halting="0" stopped="0" meanWaitingTime="0.35" meanTravelTime="241.24" meanSpeed="25.33" meanSpeedRelative="0.79" duration="1"/>
    <step time="17100.00" loaded="7864" inserted="7864" running="71" waiting="0" ended="7793" arrived="7793" collisions="6" teleports="6" halting="0" stopped="0" meanWaitingTime="0.35" meanTravelTime="240.52" meanSpeed="26.13" meanSpeedRelative="0.82" duration="1"/>
    <step time="17400.00" loaded="7976" inserted="7976" running="80" waiting="0" ended="7896" arrived="7896" collisions="6" teleports="6" halting="0" stopped="0" meanWaitingTime="0.35" meanTravelTime="240.23" meanSpeed="26.08" meanSpeedRelative="0.82" duration="0"/>
    <step time="17700.00" loaded="8080" inserted="8080" running="76" waiting="0" ended="8004" arrived="8004" collisions="6" teleports="6" halting="0" stopped="0" meanWaitingTime="0.35" meanTravelTime="239.80" meanSpeed="25.87" meanSpeedRelative="0.81" duration="0"/>
    <step time="18000.00" loaded="8176" inserted="8176" running="59" waiting="0" ended="8117" arrived="8117" collisions="6" teleports="6" halting="0" stopped="0" meanWaitingTime="0.34" meanTravelTime="239.57" meanSpeed="25.24" meanSpeedRelative="0.79" duration="79"/>
    <step time="18300.00" loaded="8370" inserted="8370" running="116" waiting="0" ended="8254" arrived="8254" collisions="6" teleports="6" halting="0" stopped="0" meanWaitingTime="0.35" meanTravelTime="238.62" meanSpeed="25.63" meanSpeedRelative="0.80" duration="1"/>
    <step time="18600.00" loaded="8569" inserted="8569" running="155" waiting="0" ended="8414" arrived="8414" collisions="6" teleports="6" halting="2" stopped="0" meanWaitingTime="0.35" meanTravelTime="237.47" meanSpeed="25.05" meanSpeedRelative="0.78" duration="1"/>
    <step time="18900.00" loaded="8774" inserted="8774" running="172" waiting="0" ended="8602" arrived="8602" collisions="6" teleports="6" halting="1" stopped="0" meanWaitingTime="0.37" meanTravelTime="237.40" meanSpeed="25.13" meanSpeedRelative="0.79" duration="1"/>
    <step time="19200.00" loaded="8982" inserted="8982" running="168" waiting="0" ended="8814" arrived="8814" collisions="6" teleports="6" halting="1" stopped="0" meanWaitingTime="0.39" meanTravelTime="237.20" meanSpeed="25.31" meanSpeedRelative="0.79" duration="1"/>
    <step time="19500.00" loaded="9181" inserted="9180" running="146" waiting="1" ended="9034" arrived="9034" collisions="7" teleports="7" halting="1" stopped="0" meanWaitingTime="0.40" meanTravelTime="237.21" meanSpeed="25.29" meanSpeedRelative="0.79" duration="1"/>
    <step time="19800.00" loaded="9392" inserted="9391" running="168" waiting="1" ended="9223" arrived="9223" collisions="8" teleports="8" halting="0" stopped="0" meanWaitingTime="0.40" meanTravelTime="237.26" meanSpeed="25.01" meanSpeedRelative="0.78" duration="1"/>
    <step time="20100.00" loaded="9599" inserted="9599" running="182" waiting="0" ended="9417" arrived="9417" collisions="8" teleports="8" halting="1" stopped="0" meanWaitingTime="0.40" meanTravelTime="237.43" meanSpeed="25.24" meanSpeedRelative="0.79" duration="2"/>
    <step time="20400.00" loaded="9782" inserted="9782" running="159" waiting="0" ended="9623" arrived="9623" collisions="8" teleports="8" halting="0" stopped="0" meanWaitingTime="0.41" meanTravelTime="238.18" meanSpeed="24.87" meanSpeedRelative="0.78" duration="1"/>
    <step time="20700.00" loaded="9999" inserted="9999" running="168" waiting="0" ended="9831" arrived="9831" collisions="8" teleports="8" halting="1" stopped="0" meanWaitingTime="0.41" meanTravelTime="237.97" meanSpeed="24.76" meanSpeedRelative="0.77" duration="1"/>
    <step time="21000.00" loaded="10192" inserted="10192" running="161" waiting="0" ended="10031" arrived="10031" collisions="8" teleports="8" halting="0" stopped="0" meanWaitingTime="0.41" meanTravelTime="238.43" meanSpeed="25.59" meanSpeedRelative="0.80" duration="1"/>
    <step time="21300.00" loaded="10402" inserted="10402" running="165" waiting="0" ended="10237" arrived="10237" collisions="8" teleports="8" halting="1" stopped="0" meanWaitingTime="0.42" meanTravelTime="238.31" meanSpeed="25.29" meanSpeedRelative="0.79" duration="1"/>
    <step time="21600.00" loaded="10592" inserted="10592" running="145" waiting="0" ended="10447" arrived="10447" collisions="8" teleports="8" halting="2" stopped="0" meanWaitingTime="0.42" meanTravelTime="238.47" meanSpeed="25.95" meanSpeedRelative="0.81" duration="78"/>
    <step time="21900.00" loaded="11090" inserted="11062" running="374" waiting="28" ended="10688" arrived="10688" collisions="8" teleports="8" halting="0" stopped="0" meanWaitingTime="0.91" meanTravelTime="237.87" meanSpeed="21.70" meanSpeedRelative="0.68" duration="1"/>
    <step time="22200.00" loaded="11537" inserted="11500" running="429" waiting="37" ended="11071" arrived="11071" collisions="8" teleports="8" halting="1" stopped="0" meanWaitingTime="1.71" meanTravelTime="238.33" meanSpeed="21.19" meanSpeedRelative="0.66" duration="2"/>
    <step time="22500.00" loaded="11997" inserted="11930" running="435" waiting="67" ended="11495" arrived="11495" collisions="9" teleports="9" halting="4" stopped="0" meanWaitingTime="2.83" meanTravelTime="240.18" meanSpeed="19.79" meanSpeedRelative="0.62" duration="2"/>
    <step time="22800.00" loaded="12458" inserted="12371" running="486" waiting="87" ended="11885" arrived="11885" collisions="10" teleports="10" halting="2" stopped="0" meanWaitingTime="4.50" meanTravelTime="242.43" meanSpeed="20.61" meanSpeedRelative="0.64" duration="2"/>
    <step time="23100.00" loaded="12929" inserted="12810" running="481" waiting="119" ended="12329" arrived="12329" collisions="11" teleports="11" halting="14" stopped="0" meanWaitingTime="6.40" meanTravelTime="245.05" meanSpeed="19.66" meanSpeedRelative="0.61" duration="3"/>
    <step time="23400.00" loaded="13429" inserted="13249" running="491" waiting="180" ended="12758" arrived="12758" collisions="11" teleports="11" halting="19" stopped="0" meanWaitingTime="8.91" meanTravelTime="248.16" meanSpeed="18.87" meanSpeedRelative="0.59" duration="2"/>
    <step time="23700.00" loaded="13903" inserted="13678" running="486" waiting="225" ended="13192" arrived="13192" collisions="12" teleports="12" halting="4" stopped="0" meanWaitingTime="12.32" meanTravelTime="251.59" meanSpeed="18.46" meanSpeedRelative="0.58" duration="2"/>
    <step time="24000.00" loaded="14376" inserted="14143" running="520" waiting="233" ended="13623" arrived="13623" collisions="13" teleports="13" halting="5" stopped="0" meanWaitingTime="16.39" meanTravelTime="253.89" meanSpeed="18.22" meanSpeedRelative="0.57" duration="2"/>
    <step time="24300.00" loaded="14802" inserted="14553" running="509" waiting="249" ended="14044" arrived="14044" collisions="16" teleports="16" halting="3" stopped="0" meanWaitingTime="20.31" meanTravelTime="256.83" meanSpeed="18.09" meanSpeedRelative="0.57" duration="3"/>
    <step time="24600.00" loaded="15292" inserted="15001" running="569" waiting="291" ended="14432" arrived="14432" collisions="17" teleports="17" halting="5" stopped="0" meanWaitingTime="24.78" meanTravelTime="259.67" meanSpeed="17.05" meanSpeedRelative="0.53" duration="3"/>
    <step time="24900.00" loaded="15755" inserted="15415" running="567" waiting="340" ended="14848" arrived="14848" collisions="17" teleports="17" halting="8" stopped="0" meanWaitingTime="28.94" meanTravelTime="262.92" meanSpeed="16.53" meanSpeedRelative="0.52" duration="2"/>
    <step time="25200.00" loaded="16218" inserted="15835" running="573" waiting="383" ended="15262" arrived="15262" collisions="19" teleports="19" halting="11" stopped="0" meanWaitingTime="33.84" meanTravelTime="266.39" meanSpeed="15.95" meanSpeedRelative="0.50" duration="87"/>
    <step time="25500.00" loaded="16762" inserted="16305" running="603" waiting="457" ended="15702" arrived="15702" collisions="19" teleports="19" halting="17" stopped="0" meanWaitingTime="39.20" meanTravelTime="270.49" meanSpeed="16.49" meanSpeedRelative="0.52" duration="3"/>
    <step time="25800.00" loaded="17328" inserted="16753" running="558" waiting="575" ended="16195" arrived="16195" collisions="21" teleports="21" halting="17" stopped="0" meanWaitingTime="45.00" meanTravelTime="274.64" meanSpeed="17.55" meanSpeedRelative="0.55" duration="2"/>
    <step time="26100.00" loaded="17836" inserted="17223" running="571" waiting="613" ended="16652" arrived="16652" collisions="23" teleports="23" halting="6" stopped="0" meanWaitingTime="51.67" meanTravelTime="277.09" meanSpeed="18.67" meanSpeedRelative="0.58" duration="3"/>
    <step time="26400.00" loaded="18395" inserted="17675" running="545" waiting="720" ended="17130" arrived="17130" collisions="24" teleports="24" halting="4" stopped="0" meanWaitingTime="58.46" meanTravelTime="279.23" meanSpeed="18.29" meanSpeedRelative="0.57" duration="3"/>
    <step time="26700.00" loaded="18945" inserted="18128" running="535" waiting="817" ended="17593" arrived="17593" collisions="24" teleports="24" halting="17" stopped="0" meanWaitingTime="66.45" meanTravelTime="281.54" meanSpeed="17.60" meanSpeedRelative="0.55" duration="4"/>
    <step time="27000.00" loaded="19515" inserted="18592" running="547" waiting="923" ended="18045" arrived="18045" collisions="25" teleports="25" halting="17" stopped="0" meanWaitingTime="74.18" meanTravelTime="283.85" meanSpeed="18.06" meanSpeedRelative="0.56" duration="3"/>
    <step time="27300.00" loaded="20084" inserted="19097" running="578" waiting="987" ended="18519" arrived="18519" collisions="27" teleports="27" halting="17" stopped="0" meanWaitingTime="83.95" meanTravelTime="285.32" meanSpeed="17.30" meanSpeedRelative="0.54" duration="4"/>
    <step time="27600.00" loaded="20690" inserted="19570" running="579" waiting="1120" ended="18991" arrived="18991" collisions="28" teleports="28" halting="8" stopped="0" meanWaitingTime="92.49" meanTravelTime="287.20" meanSpeed="17.79" meanSpeedRelative="0.56" duration="2"/>
    <step time="27900.00" loaded="21273" inserted="20033" running="560" waiting="1240" ended="19473" arrived="19473" collisions="29" teleports="29" halting="21" stopped="0" meanWaitingTime="102.83" meanTravelTime="289.00" meanSpeed="17.01" meanSpeedRelative="0.53" duration="4"/>
    <step time="28200.00" loaded="21846" inserted="20477" running="551" waiting="1369" ended="19926" arrived="19926" collisions="30" teleports="30" halting="7" stopped="0" meanWaitingTime="110.81" meanTravelTime="290.65" meanSpeed="18.64" meanSpeedRelative="0.58" duration="3"/>
    <step time="28500.00" loaded="22394" inserted="20925" running="552" waiting="1469" ended="20373" arrived="20373" collisions="33" teleports="33" halting="2" stopped="0" meanWaitingTime="121.28" meanTravelTime="292.55" meanSpeed="17.32" meanSpeedRelative="0.54" duration="3"/>
    <step time="28800.00" loaded="22951" inserted="21400" running="550" waiting="1551" ended="20850" arrived="20850" collisions="34" teleports="34" halting="17" stopped="0" meanWaitingTime="132.82" meanTravelTime="294.17" meanSpeed="17.42" meanSpeedRelative="0.54" duration="85"/>
    <step time="29100.00" loaded="23317" inserted="21802" running="499" waiting="1515" ended="21303" arrived="21303" collisions="36" teleports="36" halting="19" stopped="0" meanWaitingTime="144.25" meanTravelTime="295.50" meanSpeed="18.82" meanSpeedRelative="0.59" duration="3"/>
    <step time="29400.00" loaded="23686" inserted="22214" running="470" waiting="1472" ended="21744" arrived="21744" collisions="37" teleports="37" halting="5" stopped="0" meanWaitingTime="157.54" meanTravelTime="297.18" meanSpeed="19.56" meanSpeedRelative="0.61" duration="2"/>
    <step time="29700.00" loaded="24037" inserted="22639" running="454" waiting="1398" ended="22185" arrived="22185" collisions="39" teleports="39" halting="15" stopped="0" meanWaitingTime="171.62" meanTravelTime="297.96" meanSpeed="20.63" meanSpeedRelative="0.64" duration="3"/>
    <step time="30000.00" loaded="24398" inserted="23088" running="471" waiting="1310" ended="22617" arrived="22617" collisions="39" teleports="39" halting="16" stopped="0" meanWaitingTime="187.44" meanTravelTime="298.51" meanSpeed="19.39" meanSpeedRelative="0.61" duration="3"/>
    <step time="30300.00" loaded="24769" inserted="23505" running="447" waiting="1264" ended="23058" arrived="23058" collisions="40" teleports="40" halting="1" stopped="0" meanWaitingTime="199.48" meanTravelTime="299.12" meanSpeed="20.53" meanSpeedRelative="0.64" duration="3"/>
    <step time="30600.00" loaded="25100" inserted="23943" running="460" waiting="1157" ended="23483" arrived="23483" collisions="40" teleports="40" halting="0" stopped="0" meanWaitingTime="214.59" meanTravelTime="299.44" meanSpeed="19.66" meanSpeedRelative="0.61" duration="3"/>
    <step time="30900.00" loaded="25439" inserted="24362" running="446" waiting="1077" ended="23916" arrived="23916" collisions="41" teleports="41" halting="20" stopped="0" meanWaitingTime="225.53" meanTravelTime="299.99" meanSpeed="19.87" meanSpeedRelative="0.62" duration="4"/>
    <step time="31200.00" loaded="25805" inserted="24799" running="467" waiting="1006" ended="24332" arrived="24332" collisions="41" teleports="41" halting="4" stopped="0" meanWaitingTime="238.23" meanTravelTime="300.36" meanSpeed="19.90" meanSpeedRelative="0.62" duration="3"/>
    <step time="31500.00" loaded="26162" inserted="25219" running="462" waiting="943" ended="24757" arrived="24757" collisions="41" teleports="41" halting="11" stopped="0" meanWaitingTime="247.54" meanTravelTime="300.66" meanSpeed="19.26" meanSpeedRelative="0.60" duration="2"/>
    <step time="31800.00" loaded="26527" inserted="25632" running="445" waiting="895" ended="25187" arrived="25187" collisions="42" teleports="42" halting="11" stopped="0" meanWaitingTime="257.67" meanTravelTime="301.15" meanSpeed="19.58" meanSpeedRelative="0.61" duration="2"/>
    <step time="32100.00" loaded="26889" inserted="26038" running="433" waiting="851" ended="25605" arrived="25605" collisions="42" teleports="42" halting="14" stopped="0" meanWaitingTime="266.00" meanTravelTime="301.53" meanSpeed="19.85" meanSpeedRelative="0.62" duration="3"/>
    <step time="32400.00" loaded="27234" inserted="26472" running="477" waiting="762" ended="25995" arrived="25995" collisions="42" teleports="42" halting="12" stopped="0" meanWaitingTime="275.60" meanTravelTime="301.47" meanSpeed="19.57" meanSpeedRelative="0.61" duration="85"/>
    <step time="32700.00" loaded="27521" inserted="26794" running="370" waiting="727" ended="26424" arrived="26424" collisions="44" teleports="44" halting="1" stopped="0" meanWaitingTime="280.44" meanTravelTime="302.27" meanSpeed="19.83" meanSpeedRelative="0.62" duration="2"/>
    <step time="33000.00" loaded="27782" inserted="27138" running="341" waiting="644" ended="26797" arrived="26797" collisions="45" teleports="45" halting="7" stopped="0" meanWaitingTime="288.94" meanTravelTime="302.75" meanSpeed="19.72" meanSpeedRelative="0.62" duration="2"/>
    <step time="33300.00" loaded="28033" inserted="27464" running="340" waiting="569" ended="27124" arrived="27124" collisions="45" teleports="45" halting="8" stopped="0" meanWaitingTime="295.05" meanTravelTime="302.95" meanSpeed="20.16" meanSpeedRelative="0.63" duration="2"/>
    <step time="33600.00" loaded="28283" inserted="27750" running="285" waiting="533" ended="27465" arrived="27465" collisions="47" teleports="47" halting="3" stopped="0" meanWaitingTime="298.08" meanTravelTime="302.82" meanSpeed="21.29" meanSpeedRelative="0.67" duration="3"/>
    <step time="33900.00" loaded="28513" inserted="28086" running="309" waiting="427" ended="27777" arrived="27777" collisions="48" teleports="48" halting="3" stopped="0" meanWaitingTime="304.68" meanTravelTime="302.84" meanSpeed="19.96" meanSpeedRelative="0.62" duration="2"/>
    <step time="34200.00" loaded="28765" inserted="28372" running="296" waiting="393" ended="28076" arrived="28076" collisions="48" teleports="48" halting="1" stopped="0" meanWaitingTime="307.05" meanTravelTime="302.53" meanSpeed="21.25" meanSpeedRelative="0.66" duration="1"/>
    <step time="34500.00" loaded="29036" inserted="28708" running="301" waiting="328" ended="28407" arrived="28407" collisions="49" teleports="49" halting="1" stopped="0" meanWaitingTime="313.21" meanTravelTime="302.47" meanSpeed="21.95" meanSpeedRelative="0.69" duration="3"/>
    <step time="34800.00" loaded="29286" inserted="29040" running="302" waiting="246" ended="28738" arrived="28738" collisions="50" teleports="50" halting="3" stopped="0" meanWaitingTime="318.18" meanTravelTime="302.11" meanSpeed="21.54" meanSpeedRelative="0.67" duration="3"/>
    <step time="35100.00" loaded="29543" inserted="29359" running="315" waiting="184" ended="29044" arrived="29044" collisions="52" teleports="52" halting="2" stopped="0" meanWaitingTime="319.83" meanTravelTime="301.79" meanSpeed="21.10" meanSpeedRelative="0.66" duration="2"/>
    <step time="35400.00" loaded="29796" inserted="29675" running="302" waiting="121" ended="29373" arrived="29373" collisions="54" teleports="54" halting="0" stopped="0" meanWaitingTime="320.32" meanTravelTime="301.56" meanSpeed="21.59" meanSpeedRelative="0.67" duration="2"/>
    <step time="35700.00" loaded="30050" inserted="29978" running="291" waiting="72" ended="29687" arrived="29687" collisions="58" teleports="58" halting="0" stopped="0" meanWaitingTime="319.22" meanTravelTime="301.36" meanSpeed="20.77" meanSpeedRelative="0.65" duration="2"/>
    <step time="36000.00" loaded="30284" inserted="30278" running="272" waiting="6" ended="30006" arrived="30006" collisions="58" teleports="58" halting="2" stopped="0" meanWaitingTime="316.85" meanTravelTime="301.15" meanSpeed="22.96" meanSpeedRelative="0.72" duration="83"/>
    <step time="36300.00" loaded="30744" inserted="30711" running="369" waiting="33" ended="30342" arrived="30342" collisions="59" teleports="59" halting="1" stopped="0" meanWaitingTime="312.49" meanTravelTime="300.96" meanSpeed="21.94" meanSpeedRelative="0.69" duration="2"/>
    <step time="36600.00" loaded="31225" inserted="31164" running="426" waiting="61" ended="30738" arrived="30738" collisions="61" teleports="61" halting="1" stopped="0" meanWaitingTime="308.34" meanTravelTime="300.53" meanSpeed="21.16" meanSpeedRelative="0.66" duration="3"/>
    <step time="36900.00" loaded="31694" inserted="31597" running="426" waiting="97" ended="31171" arrived="31171" collisions="63" teleports="63" halting="5" stopped="0" meanWaitingTime="304.76" meanTravelTime="300.28" meanSpeed="20.93" meanSpeedRelative="0.65" duration="2"/>
    <step time="37200.00" loaded="32139" inserted="32057" running="454" waiting="82" ended="31603" arrived="31603" collisions="64" teleports="64" halting="1" stopped="0" meanWaitingTime="301.19" meanTravelTime="300.01" meanSpeed="21.30" meanSpeedRelative="0.67" duration="3"/>
    <step time="37500.00" loaded="32586" inserted="32494" running="447" waiting="92" ended="32047" arrived="32047" collisions="65" teleports="65" halting="3" stopped="0" meanWaitingTime="297.85" meanTravelTime="300.13" meanSpeed="20.57" meanSpeedRelative="0.64" duration="3"/>
    <step time="37800.00" loaded="33063" inserted="32963" running="489" waiting="100" ended="32474" arrived="32474" collisions="65" teleports="65" halting="3" stopped="0" meanWaitingTime="294.35" meanTravelTime="300.11" meanSpeed="20.33" meanSpeedRelative="0.64" duration="3"/>
    <step time="38100.00" loaded="33598" inserted="33428" running="488" waiting="170" ended="32940" arrived="32940" collisions="65" teleports="65" halting="3" stopped="0" meanWaitingTime="291.20" meanTravelTime="300.31" meanSpeed="20.50" meanSpeedRelative="0.64" duration="3"/>
    <step time="38400.00" loaded="34053" inserted="33877" running="498" waiting="176" ended="33379" arrived="33379" collisions="66" teleports="66" halting="3" stopped="0" meanWaitingTime="288.70" meanTravelTime="300.81" meanSpeed="19.81" meanSpeedRelative="0.62" duration="3"/>
    <step time="38700.00" loaded="34549" inserted="34317" running="473" waiting="232" ended="33844" arrived="33844" collisions="68" teleports="68" halting="17" stopped="0" meanWaitingTime="286.43" meanTravelTime="301.15" meanSpeed="19.87" meanSpeedRelative="0.62" duration="2"/>
    <step time="39000.00" loaded="35006" inserted="34757" running="492" waiting="249" ended="34265" arrived="34265" collisions="68" teleports="68" halting="2" stopped="0" meanWaitingTime="284.44" meanTravelTime="301.50" meanSpeed="19.40" meanSpeedRelative="0.61" duration="3"/>
    <step time="39300.00" loaded="35478" inserted="35198" running="486" waiting="280" ended="34712" arrived="34712" collisions="68" teleports="68" halting="3" stopped="0" meanWaitingTime="282.70" meanTravelTime="301.85" meanSpeed="19.74" meanSpeedRelative="0.62" duration="3"/>
    <step time="39600.00" loaded="35978" inserted="35663" running="510" waiting="315" ended="35153" arrived="35153" collisions="72" teleports="72" halting="4" stopped="0" meanWaitingTime="281.08" meanTravelTime="302.38" meanSpeed="18.98" meanSpeedRelative="0.59" duration="89"/>
    <step time="39900.00" loaded="36532" inserted="36168" running="550" waiting="364" ended="35618" arrived="35618" collisions="73" teleports="73" halting="19" stopped="0" meanWaitingTime="279.43" meanTravelTime="302.57" meanSpeed="18.92" meanSpeedRelative="0.59" duration="3"/>
    <step time="40200.00" loaded="37048" inserted="36598" running="523" waiting="450" ended="36075" arrived="36075" collisions="75" teleports="75" halting="9" stopped="0" meanWaitingTime="278.28" meanTravelTime="302.91" meanSpeed="19.34" meanSpeedRelative="0.60" duration="3"/>
    <step time="40500.00" loaded="37557" inserted="37067" running="514" waiting="490" ended="36553" arrived="36553" collisions="77" teleports="77" halting="9" stopped="0" meanWaitingTime="277.91" meanTravelTime="303.72" meanSpeed="19.14" meanSpeedRelative="0.60" duration="3"/>
    <step time="40800.00" loaded="38035" inserted="37498" running="496" waiting="537" ended="37002" arrived="37002" collisions="77" teleports="77" halting="9" stopped="0" meanWaitingTime="277.74" meanTravelTime="304.22" meanSpeed="18.75" meanSpeedRelative="0.59" duration="2"/>
    <step time="41100.00" loaded="38533" inserted="37940" running="485" waiting="593" ended="37455" arrived="37455" collisions="79" teleports="79" halting="11" stopped="0" meanWaitingTime="277.36" meanTravelTime="304.53" meanSpeed="19.82" meanSpeedRelative="0.62" duration="3"/>
    <step time="41400.00" loaded="38997" inserted="38390" running="479" waiting="607" ended="37911" arrived="37911" collisions="80" teleports="80" halting="8" stopped="0" meanWaitingTime="277.91" meanTravelTime="304.73" meanSpeed="19.94" meanSpeedRelative="0.62" duration="3"/>
    <step time="41700.00" loaded="39489" inserted="38825" running="460" waiting="664" ended="38365" arrived="38365" collisions="82" teleports="82" halting="2" stopped="0" meanWaitingTime="278.68" meanTravelTime="305.01" meanSpeed="20.29" meanSpeedRelative="0.63" duration="3"/>
    <step time="42000.00" loaded="39996" inserted="39327" running="530" waiting="669" ended="38797" arrived="38797" collisions="85" teleports="85" halting="16" stopped="0" meanWaitingTime="280.20" meanTravelTime="305.12" meanSpeed="18.58" meanSpeedRelative="0.58" duration="4"/>
    <step time="42300.00" loaded="40491" inserted="39754" running="506" waiting="737" ended="39248" arrived="39248" collisions="86" teleports="86" halting="18" stopped="0" meanWaitingTime="280.66" meanTravelTime="305.58" meanSpeed="18.81" meanSpeedRelative="0.59" duration="3"/>
    <step time="42600.00" loaded="40988" inserted="40225" running="522" waiting="763" ended="39703" arrived="39703" collisions="87" teleports="87" halting="19" stopped="0" meanWaitingTime="281.73" meanTravelTime="305.92" meanSpeed="19.54" meanSpeedRelative="0.61" duration="3"/>
    <step time="42900.00" loaded="41479" inserted="40678" running="534" waiting="801" ended="40144" arrived="40144" collisions="87" teleports="87" halting="3" stopped="0" meanWaitingTime="283.41" meanTravelTime="306.25" meanSpeed="19.35" meanSpeedRelative="0.60" duration="3"/>
    <step time="43200.00" loaded="42002" inserted="41137" running="548" waiting="865" ended="40589" arrived="40589" collisions="88" teleports="88" halting="18" stopped="0" meanWaitingTime="284.47" meanTravelTime="306.54" meanSpeed="19.28" meanSpeedRelative="0.60" duration="88"/>
    <step time="43500.00" loaded="42560" inserted="41663" running="599" waiting="897" ended="41064" arrived="41064" collisions="89" teleports="89" halting="7" stopped="0" meanWaitingTime="286.61" meanTravelTime="307.02" meanSpeed="18.33" meanSpeedRelative="0.57" duration="4"/>
    <step time="43800.00" loaded="43067" inserted="42172" running="619" waiting="895" ended="41553" arrived="41553" collisions="91" teleports="91" halting="3" stopped="0" meanWaitingTime="289.17" meanTravelTime="307.61" meanSpeed="18.36" meanSpeedRelative="0.57" duration="4"/>
    <step time="44100.00" loaded="43575" inserted="42654" running="615" waiting="921" ended="42039" arrived="42039" collisions="92" teleports="92" halting="14" stopped="0" meanWaitingTime="291.74" meanTravelTime="308.50" meanSpeed="17.89" meanSpeedRelative="0.56" duration="3"/>
    <step time="44400.00" loaded="44133" inserted="43122" running="604" waiting="1011" ended="42518" arrived="42518" collisions="92" teleports="92" halting="1" stopped="0" meanWaitingTime="293.23" meanTravelTime="309.02" meanSpeed="18.88" meanSpeedRelative="0.59" duration="4"/>
    <step time="44700.00" loaded="44681" inserted="43611" running="641" waiting="1070" ended="42970" arrived="42970" collisions="93" teleports="93" halting="5" stopped="0" meanWaitingTime="295.78" meanTravelTime="309.73" meanSpeed="17.84" meanSpeedRelative="0.56" duration="4"/>
    <step time="45000.00" loaded="45213" inserted="44049" running="611" waiting="1164" ended="43438" arrived="43438" collisions="94" teleports="94" halting="18" stopped="0" meanWaitingTime="297.25" meanTravelTime="310.78" meanSpeed="17.21" meanSpeedRelative="0.54" duration="3"/>
    <step time="45300.00" loaded="45735" inserted="44509" running="596" waiting="1226" ended="43913" arrived="43913" collisions="97" teleports="97" halting="3" stopped="0" meanWaitingTime="299.69" meanTravelTime="311.95" meanSpeed="17.28" meanSpeedRelative="0.54" duration="3"/>
    <step time="45600.00" loaded="46248" inserted="45004" running="607" waiting="1244" ended="44397" arrived="44397" collisions="99" teleports="99" halting="2" stopped="0" meanWaitingTime="302.98" meanTravelTime="312.56" meanSpeed="17.60" meanSpeedRelative="0.55" duration="3"/>
    <step time="45900.00" loaded="46789" inserted="45479" running="597" waiting="1310" ended="44882" arrived="44882" collisions="100" teleports="100" halting="7" stopped="0" meanWaitingTime="306.65" meanTravelTime="313.29" meanSpeed="18.42" meanSpeedRelative="0.58" duration="4"/>
    <step time="46200.00" loaded="47335" inserted="45964" running="626" waiting="1371" ended="45338" arrived="45338" collisions="103" teleports="103" halting="30" stopped="0" meanWaitingTime="309.14" meanTravelTime="313.98" meanSpeed="16.67" meanSpeedRelative="0.52" duration="5"/>
    <step time="46500.00" loaded="47862" inserted="46438" running="613" waiting="1424" ended="45825" arrived="45825" collisions="104" teleports="104" halting="18" stopped="0" meanWaitingTime="311.70" meanTravelTime="314.66" meanSpeed="17.16" meanSpeedRelative="0.54" duration="3"/>
    <step time="46800.00" loaded="48453" inserted="46940" running="650" waiting="1513" ended="46290" arrived="46290" collisions="105" teleports="105" halting="7" stopped="0" meanWaitingTime="315.22" meanTravelTime="315.15" meanSpeed="16.82" meanSpeedRelative="0.53" duration="93"/>
    <step time="47100.00" loaded="48977" inserted="47432" running="660" waiting="1545" ended="46772" arrived="46772" collisions="105" teleports="105" halting="13" stopped="0" meanWaitingTime="319.78" meanTravelTime="315.81" meanSpeed="17.45" meanSpeedRelative="0.55" duration="4"/>
    <step time="47400.00" loaded="49457" inserted="47896" running="655" waiting="1561" ended="47241" arrived="47241" collisions="107" teleports="107" halting="28" stopped="0" meanWaitingTime="323.93" meanTravelTime="316.96" meanSpeed="17.26" meanSpeedRelative="0.54" duration="4"/>
    <step time="47700.00" loaded="49989" inserted="48385" running="673" waiting="1604" ended="47712" arrived="47712" collisions="107" teleports="107" halting="9" stopped="0" meanWaitingTime="327.97" meanTravelTime="317.81" meanSpeed="16.87" meanSpeedRelative="0.53" duration="4"/>
    <step time="48000.00" loaded="50504" inserted="48828" running="656" waiting="1676" ended="48172" arrived="48172" collisions="108" teleports="108" halting="18" stopped="0" meanWaitingTime="330.93" meanTravelTime="318.84" meanSpeed="16.75" meanSpeedRelative="0.52" duration="5"/>
    <step time="48300.00" loaded="51018" inserted="49288" running="648" waiting="1730" ended="48640" arrived="48640" collisions="116" teleports="116" halting="13" stopped="0" meanWaitingTime="334.62" meanTravelTime="319.66" meanSpeed="16.95" meanSpeedRelative="0.53" duration="5"/>
    <step time="48600.00" loaded="51599" inserted="49823" running="674" waiting="1776" ended="49149" arrived="49149" collisions="119" teleports="119" halting="17" stopped="0" meanWaitingTime="341.00" meanTravelTime="320.78" meanSpeed="16.66" meanSpeedRelative="0.52" duration="5"/>
    <step time="48900.00" loaded="52133" inserted="50305" running="663" waiting="1828" ended="49642" arrived="49642" collisions="121" teleports="121" halting="18" stopped="0" meanWaitingTime="346.03" meanTravelTime="321.70" meanSpeed="17.42" meanSpeedRelative="0.54" duration="4"/>
    <step time="49200.00" loaded="52676" inserted="50788" running="651" waiting="1888" ended="50137" arrived="50137" collisions="122" teleports="122" halting="3" stopped="0" meanWaitingTime="351.21" meanTravelTime="322.50" meanSpeed="16.85" meanSpeedRelative="0.53" duration="5"/>
    <step time="49500.00" loaded="53199" inserted="51244" running="627" waiting="1955" ended="50617" arrived="50617" collisions="127" teleports="127" halting="18" stopped="0" meanWaitingTime="357.30" meanTravelTime="323.50" meanSpeed="17.34" meanSpeedRelative="0.54" duration="7"/>
    <step time="49800.00" loaded="53696" inserted="51698" running="632" waiting="1998" ended="51066" arrived="51066" collisions="128" teleports="128" halting="2" stopped="0" meanWaitingTime="361.88" meanTravelTime="324.21" meanSpeed="18.14" meanSpeedRelative="0.57" duration="3"/>
    <step time="50100.00" loaded="54200" inserted="52188" running="643" waiting="2012" ended="51545" arrived="51545" collisions="131" teleports="131" halting="18" stopped="0" meanWaitingTime="368.82" meanTravelTime="325.04" meanSpeed="16.26" meanSpeedRelative="0.51" duration="5"/>
    <step time="50400.00" loaded="54718" inserted="52656" running="645" waiting="2062" ended="52011" arrived="52011" collisions="134" teleports="134" halting="5" stopped="0" meanWaitingTime="374.46" meanTravelTime="325.77" meanSpeed="16.95" meanSpeedRelative="0.53" duration="92"/>
    <step time="50700.00" loaded="55472" inserted="53233" running="757" waiting="2239" ended="52476" arrived="52476" collisions="135" teleports="135" halting="20" stopped="0" meanWaitingTime="380.18" meanTravelTime="326.19" meanSpeed="15.66" meanSpeedRelative="0.49" duration="5"/>
    <step time="51000.00" loaded="56156" inserted="53816" running="834" waiting="2340" ended="52982" arrived="52982" collisions="136" teleports="136" halting="12" stopped="0" meanWaitingTime="386.04" meanTravelTime="327.01" meanSpeed="15.03" meanSpeedRelative="0.47" duration="5"/>
    <step time="51300.00" loaded="56866" inserted="54347" running="841" waiting="2519" ended="53506" arrived="53506" collisions="140" teleports="140" halting="34" stopped="0" meanWaitingTime="391.62" meanTravelTime="328.00" meanSpeed="14.64" meanSpeedRelative="0.46" duration="5"/>
    <step time="51600.00" loaded="57539" inserted="54874" running="851" waiting="2665" ended="54023" arrived="54023" collisions="142" teleports="142" halting="20" stopped="0" meanWaitingTime="397.10" meanTravelTime="329.39" meanSpeed="14.62" meanSpeedRelative="0.46" duration="6"/>
    <step time="51900.00" loaded="58240" inserted="55394" running="870" waiting="2846" ended="54524" arrived="54524" collisions="145" teleports="145" halting="4" stopped="0" meanWaitingTime="401.60" meanTravelTime="330.77" meanSpeed="14.33" meanSpeedRelative="0.45" duration="5"/>
    <step time="52200.00" loaded="58953" inserted="55920" running="864" waiting="3033" ended="55056" arrived="55056" collisions="146" teleports="146" halting="10" stopped="0" meanWaitingTime="407.92" meanTravelTime="332.19" meanSpeed="14.41" meanSpeedRelative="0.45" duration="5"/>
    <step time="52500.00" loaded="59696" inserted="56479" running="883" waiting="3217" ended="55596" arrived="55596" collisions="146" teleports="146" halting="17" stopped="0" meanWaitingTime="414.75" meanTravelTime="333.59" meanSpeed="13.65" meanSpeedRelative="0.43" duration="4"/>
    <step time="52800.00" loaded="60428" inserted="57019" running="893" waiting="3409" ended="56126" arrived="56126" collisions="147" teleports="147" halting="20" stopped="0" meanWaitingTime="422.97" meanTravelTime="334.88" meanSpeed="13.72" meanSpeedRelative="0.43" duration="5"/>
    <step time="53100.00" loaded="61145" inserted="57522" running="890" waiting="3623" ended="56632" arrived="56632" collisions="148" teleports="148" halting="29" stopped="0" meanWaitingTime="428.41" meanTravelTime="336.60" meanSpeed="13.72" meanSpeedRelative="0.43" duration="6"/>
    <step time="53400.00" loaded="61853" inserted="58026" running="869" waiting="3827" ended="57157" arrived="57157" collisions="150" teleports="150" halting="21" stopped="0" meanWaitingTime="435.26" meanTravelTime="338.30" meanSpeed="13.24" meanSpeedRelative="0.41" duration="7"/>
    <step time="53700.00" loaded="62600" inserted="58601" running="925" waiting="3999" ended="57676" arrived="57676" collisions="153" teleports="153" halting="8" stopped="0" meanWaitingTime="443.84" meanTravelTime="339.85" meanSpeed="13.53" meanSpeedRelative="0.42" duration="8"/>
    <step time="54000.00" loaded="63290" inserted="59139" running="915" waiting="4151" ended="58224" arrived="58224" collisions="153" teleports="153" halting="24" stopped="0" meanWaitingTime="453.83" meanTravelTime="341.44" meanSpeed="13.62" meanSpeedRelative="0.43" duration="86"/>
    <step time="54300.00" loaded="63754" inserted="59602" running="840" waiting="4152" ended="58762" arrived="58762" collisions="157" teleports="157" halting="4" stopped="0" meanWaitingTime="463.18" meanTravelTime="342.87" meanSpeed="14.51" meanSpeedRelative="0.45" duration="6"/>
    <step time="54600.00" loaded="64232" inserted="60105" running="837" waiting="4127" ended="59268" arrived="59268" collisions="159" teleports="159" halting="8" stopped="0" meanWaitingTime="475.23" meanTravelTime="344.58" meanSpeed="14.49" meanSpeedRelative="0.45" duration="4"/>
    <step time="54900.00" loaded="64697" inserted="60542" running="777" waiting="4155" ended="59765" arrived="59765" collisions="161" teleports="161" halting="35" stopped="0" meanWaitingTime="484.08" meanTravelTime="346.07" meanSpeed="14.65" meanSpeedRelative="0.46" duration="9"/>
    <step time="55200.00" loaded="65160" inserted="60961" running="702" waiting="4199" ended="60259" arrived="60259" collisions="162" teleports="162" halting="20" stopped="0" meanWaitingTime="493.31" meanTravelTime="347.23" meanSpeed="15.40" meanSpeedRelative="0.48" duration="6"/>
    <step time="55500.00" loaded="65602" inserted="61447" running="685" waiting="4155" ended="60762" arrived="60762" collisions="162" teleports="162" halting="19" stopped="0" meanWaitingTime="505.11" meanTravelTime="348.27" meanSpeed="15.60" meanSpeedRelative="0.49" duration="5"/>
    <step time="55800.00" loaded="66030" inserted="61899" running="702" waiting="4131" ended="61197" arrived="61197" collisions="162" teleports="162" halting="30" stopped="0" meanWaitingTime="516.04" meanTravelTime="349.01" meanSpeed="15.10" meanSpeedRelative="0.47" duration="4"/>
    <step time="56100.00" loaded="66488" inserted="62376" running="709" waiting="4112" ended="61667" arrived="61667" collisions="163" teleports="163" halting="12" stopped="0" meanWaitingTime="528.44" meanTravelTime="349.86" meanSpeed="15.68" meanSpeedRelative="0.49" duration="5"/>
    <step time="56400.00" loaded="66918" inserted="62815" running="695" waiting="4103" ended="62120" arrived="62120" collisions="164" teleports="164" halting="1" stopped="0" meanWaitingTime="539.37" meanTravelTime="350.66" meanSpeed="16.16" meanSpeedRelative="0.50" duration="5"/>
    <step time="56700.00" loaded="67364" inserted="63311" running="703" waiting="4053" ended="62608" arrived="62608" collisions="167" teleports="167" halting="14" stopped="0" meanWaitingTime="552.79" meanTravelTime="351.57" meanSpeed="15.49" meanSpeedRelative="0.48" duration="4"/>
    <step time="57000.00" loaded="67774" inserted="63772" running="704" waiting="4002" ended="63068" arrived="63068" collisions="168" teleports="168" halting="7" stopped="0" meanWaitingTime="564.41" meanTravelTime="352.26" meanSpeed="15.51" meanSpeedRelative="0.48" duration="5"/>
    <step time="57300.00" loaded="68242" inserted="64262" running="703" waiting="3980" ended="63559" arrived="63559" collisions="169" teleports="169" halting="19" stopped="0" meanWaitingTime="576.95" meanTravelTime="353.03" meanSpeed="15.14" meanSpeedRelative="0.47" duration="5"/>
    <step time="57600.00" loaded="68697" inserted="64768" running="711" waiting="3929" ended="64057" arrived="64057" collisions="169" teleports="169" halting="4" stopped="0" meanWaitingTime="590.52" meanTravelTime="353.63" meanSpeed="15.47" meanSpeedRelative="0.48" duration="80"/>
    <step time="57900.00" loaded="69261" inserted="65280" running="741" waiting="3981" ended="64539" arrived="64539" collisions="170" teleports="170" halting="0" stopped="0" meanWaitingTime="602.37" meanTravelTime="354.02" meanSpeed="15.63" meanSpeedRelative="0.49" duration="6"/>
    <step time="58200.00" loaded="69817" inserted="65810" running="784" waiting="4007" ended="65026" arrived="65026" collisions="172" teleports="172" halting="18" stopped="0" meanWaitingTime="616.35" meanTravelTime="354.40" meanSpeed="14.12" meanSpeedRelative="0.44" duration="5"/>
    <step time="58500.00" loaded="70375" inserted="66285" running="802" waiting="4090" ended="65483" arrived="65483" collisions="172" teleports="172" halting="29" stopped="0" meanWaitingTime="626.64" meanTravelTime="355.21" meanSpeed="14.26" meanSpeedRelative="0.45" duration="6"/>
    <step time="58800.00" loaded="70969" inserted="66815" running="833" waiting="4154" ended="65982" arrived="65982" collisions="175" teleports="175" halting="1" stopped="0" meanWaitingTime="637.63" meanTravelTime="355.90" meanSpeed="14.78" meanSpeedRelative="0.46" duration="7"/>
    <step time="59100.00" loaded="71538" inserted="67337" running="874" waiting="4201" ended="66463" arrived="66463" collisions="177" teleports="177" halting="37" stopped="0" meanWaitingTime="650.73" meanTravelTime="356.89" meanSpeed="13.46" meanSpeedRelative="0.42" duration="7"/>
    <step time="59400.00" loaded="72099" inserted="67771" running="816" waiting="4328" ended="66955" arrived="66955" collisions="179" teleports="179" halting="33" stopped="0" meanWaitingTime="658.28" meanTravelTime="358.12" meanSpeed="14.13" meanSpeedRelative="0.44" duration="6"/>
    <step time="59700.00" loaded="72662" inserted="68283" running="824" waiting="4379" ended="67459" arrived="67459" collisions="181" teleports="181" halting="4" stopped="0" meanWaitingTime="669.73" meanTravelTime="359.29" meanSpeed="14.52" meanSpeedRelative="0.45" duration="6"/>
    <step time="60000.00" loaded="73226" inserted="68769" running="806" waiting="4457" ended="67963" arrived="67963" collisions="184" teleports="184" halting="26" stopped="0" meanWaitingTime="679.40" meanTravelTime="360.52" meanSpeed="14.79" meanSpeedRelative="0.46" duration="6"/>
    <step time="60300.00" loaded="73802" inserted="69302" running="796" waiting="4500" ended="68506" arrived="68506" collisions="186" teleports="186" halting="17" stopped="0" meanWaitingTime="692.45" meanTravelTime="361.47" meanSpeed="14.55" meanSpeedRelative="0.45" duration="6"/>
    <step time="60600.00" loaded="74376" inserted="69818" running="810" waiting="4558" ended="69008" arrived="69008" collisions="188" teleports="188" halting="3" stopped="0" meanWaitingTime="702.20" meanTravelTime="362.48" meanSpeed="14.27" meanSpeedRelative="0.45" duration="6"/>
    <step time="60900.00" loaded="74973" inserted="70328" running="805" waiting="4645" ended="69523" arrived="69523" collisions="189" teleports="189" halting="4" stopped="0" meanWaitingTime="712.20" meanTravelTime="363.20" meanSpeed="14.76" meanSpeedRelative="0.46" duration="8"/>
    <step time="61200.00" loaded="75528" inserted="70866" running="827" waiting="4662" ended="70039" arrived="70039" collisions="192" teleports="192" halting="27" stopped="0" meanWaitingTime="724.89" meanTravelTime="363.97" meanSpeed="14.02" meanSpeedRelative="0.44" duration="83"/>
    <step time="61500.00" loaded="75592" inserted="71212" running="701" waiting="4380" ended="70511" arrived="70511" collisions="194" teleports="194" halting="2" stopped="0" meanWaitingTime="738.04" meanTravelTime="365.00" meanSpeed="15.06" meanSpeedRelative="0.47" duration="4"/>
    <step time="61800.00" loaded="75660" inserted="71546" running="619" waiting="4114" ended="70927" arrived="70927" collisions="198" teleports="198" halting="2" stopped="0" meanWaitingTime="750.75" meanTravelTime="365.96" meanSpeed="14.19" meanSpeedRelative="0.44" duration="6"/>
    <step time="62100.00" loaded="75734" inserted="71941" running="594" waiting="3793" ended="71347" arrived="71347" collisions="201" teleports="201" halting="3" stopped="0" meanWaitingTime="766.81" meanTravelTime="367.02" meanSpeed="14.35" meanSpeedRelative="0.45" duration="4"/>
    <step time="62400.00" loaded="75806" inserted="72331" running="590" waiting="3475" ended="71741" arrived="71741" collisions="202" teleports="202" halting="11" stopped="0" meanWaitingTime="783.87" meanTravelTime="367.57" meanSpeed="14.82" meanSpeedRelative="0.46" duration="4"/>
    <step time="62700.00" loaded="75869" inserted="72648" running="511" waiting="3221" ended="72137" arrived="72137" collisions="203" teleports="203" halting="11" stopped="0" meanWaitingTime="797.36" meanTravelTime="368.16" meanSpeed="14.92" meanSpeedRelative="0.47" duration="3"/>
    <step time="63000.00" loaded="75944" inserted="73010" running="478" waiting="2934" ended="72532" arrived="72532" collisions="205" teleports="205" halting="7" stopped="0" meanWaitingTime="814.45" meanTravelTime="368.51" meanSpeed="15.17" meanSpeedRelative="0.47" duration="2"/>
    <step time="63300.00" loaded="76006" inserted="73335" running="455" waiting="2671" ended="72880" arrived="72880" collisions="205" teleports="205" halting="1" stopped="0" meanWaitingTime="826.85" meanTravelTime="368.83" meanSpeed="16.97" meanSpeedRelative="0.53" duration="5"/>
    <step time="63600.00" loaded="76080" inserted="73682" running="437" waiting="2398" ended="73245" arrived="73245" collisions="206" teleports="206" halting="0" stopped="0" meanWaitingTime="840.20" meanTravelTime="369.02" meanSpeed="17.33" meanSpeedRelative="0.54" duration="3"/>
    <step time="63900.00" loaded="76149" inserted="73958" running="354" waiting="2191" ended="73604" arrived="73604" collisions="206" teleports="206" halting="7" stopped="0" meanWaitingTime="853.20" meanTravelTime="369.15" meanSpeed="18.75" meanSpeedRelative="0.59" duration="2"/>
    <step time="64200.00" loaded="76227" inserted="74242" running="310" waiting="1985" ended="73932" arrived="73932" collisions="208" teleports="208" halting="2" stopped="0" meanWaitingTime="866.16" meanTravelTime="369.30" meanSpeed="20.68" meanSpeedRelative="0.65" duration="2"/>
    <step time="64500.00" loaded="76289" inserted="74530" running="285" waiting="1759" ended="74245" arrived="74245" collisions="210" teleports="210" halting="7" stopped="0" meanWaitingTime="879.93" meanTravelTime="369.11" meanSpeed="19.91" meanSpeedRelative="0.62" duration="1"/>
    <step time="64800.00" loaded="76347" inserted="74766" running="255" waiting="1581" ended="74511" arrived="74511" collisions="210" teleports="210" halting="16" stopped="0" meanWaitingTime="888.16" meanTravelTime="368.89" meanSpeed="20.56" meanSpeedRelative="0.64" duration="92"/>
    <step time="65100.00" loaded="76407" inserted="74990" running="232" waiting="1417" ended="74758" arrived="74758" collisions="210" teleports="210" halting="1" stopped="0" meanWaitingTime="901.74" meanTravelTime="368.69" meanSpeed="22.59" meanSpeedRelative="0.71" duration="2"/>
    <step time="65400.00" loaded="76463" inserted="75233" running="237" waiting="1230" ended="74996" arrived="74996" collisions="210" teleports="210" halting="0" stopped="0" meanWaitingTime="917.41" meanTravelTime="368.57" meanSpeed="21.65" meanSpeedRelative="0.68" duration="1"/>
    <step time="65700.00" loaded="76509" inserted="75469" running="246" waiting="1040" ended="75223" arrived="75223" collisions="210" teleports="210" halting="2" stopped="0" meanWaitingTime="931.44" meanTravelTime="368.39" meanSpeed="21.84" meanSpeedRelative="0.68" duration="2"/>
    <step time="66000.00" loaded="76560" inserted="75697" running="226" waiting="863" ended="75471" arrived="75471" collisions="210" teleports="210" halting="1" stopped="0" meanWaitingTime="943.01" meanTravelTime="368.14" meanSpeed="23.12" meanSpeedRelative="0.72" duration="2"/>
    <step time="66300.00" loaded="76608" inserted="75883" running="163" waiting="725" ended="75720" arrived="75720" collisions="210" teleports="210" halting="0" stopped="0" meanWaitingTime="954.72" meanTravelTime="367.89" meanSpeed="23.87" meanSpeedRelative="0.75" duration="1"/>
    <step time="66600.00" loaded="76664" inserted="76072" running="151" waiting="592" ended="75921" arrived="75921" collisions="211" teleports="211" halting="1" stopped="0" meanWaitingTime="965.71" meanTravelTime="367.70" meanSpeed="23.97" meanSpeedRelative="0.75" duration="1"/>
    <step time="66900.00" loaded="76707" inserted="76245" running="134" waiting="462" ended="76111" arrived="76111" collisions="211" teleports="211" halting="0" stopped="0" meanWaitingTime="975.15" meanTravelTime="367.39" meanSpeed="23.85" meanSpeedRelative="0.75" duration="1"/>
    <step time="67200.00" loaded="76747" inserted="76400" running="117" waiting="347" ended="76283" arrived="76283" collisions="211" teleports="211" halting="0" stopped="0" meanWaitingTime="982.14" meanTravelTime="367.11" meanSpeed="24.13" meanSpeedRelative="0.75" duration="1"/>
    <step time="67500.00" loaded="76807" inserted="76528" running="141" waiting="279" ended="76387" arrived="76387" collisions="211" teleports="211" halting="0" stopped="0" meanWaitingTime="988.19" meanTravelTime="367.03" meanSpeed="24.60" meanSpeedRelative="0.77" duration="1"/>
    <step time="67800.00" loaded="76859" inserted="76653" running="151" waiting="206" ended="76502" arrived="76502" collisions="212" teleports="212" halting="0" stopped="0" meanWaitingTime="994.04" meanTravelTime="366.94" meanSpeed="24.26" meanSpeedRelative="0.76" duration="1"/>
    <step time="68100.00" loaded="76914" inserted="76778" running="154" waiting="136" ended="76624" arrived="76624" collisions="213" teleports="213" halting="1" stopped="0" meanWaitingTime="999.75" meanTravelTime="366.96" meanSpeed="24.96" meanSpeedRelative="0.78" duration="1"/>
    <step time="68400.00" loaded="76972" inserted="76906" running="133" waiting="66" ended="76773" arrived="76773" collisions="213" teleports="213" halting="1" stopped="0" meanWaitingTime="1004.12" meanTravelTime="366.88" meanSpeed="24.46" meanSpeedRelative="0.76" duration="88"/>
    <step time="68700.00" loaded="77143" inserted="77135" running="199" waiting="8" ended="76936" arrived="76936" collisions="213" teleports="213" halting="1" stopped="0" meanWaitingTime="1003.00" meanTravelTime="366.75" meanSpeed="23.01" meanSpeedRelative="0.72" duration="1"/>
    <step time="69000.00" loaded="77307" inserted="77307" running="170" waiting="0" ended="77137" arrived="77137" collisions="213" teleports="213" halting="0" stopped="0" meanWaitingTime="1000.78" meanTravelTime="366.51" meanSpeed="25.11" meanSpeedRelative="0.78" duration="1"/>
    <step time="69300.00" loaded="77493" inserted="77493" running="187" waiting="0" ended="77306" arrived="77306" collisions="213" teleports="213" halting="0" stopped="0" meanWaitingTime="998.38" meanTravelTime="366.36" meanSpeed="25.11" meanSpeedRelative="0.78" duration="1"/>
    <step time="69600.00" loaded="77674" inserted="77673" running="185" waiting="1" ended="77488" arrived="77488" collisions="213" teleports="213" halting="1" stopped="0" meanWaitingTime="996.07" meanTravelTime="366.24" meanSpeed="25.24" meanSpeedRelative="0.79" duration="1"/>
    <step time="69900.00" loaded="77836" inserted="77836" running="175" waiting="0" ended="77661" arrived="77661" collisions="213" teleports="213" halting="0" stopped="0" meanWaitingTime="993.98" meanTravelTime="366.13" meanSpeed="24.74" meanSpeedRelative="0.77" duration="1"/>
    <step time="70200.00" loaded="77994" inserted="77994" running="151" waiting="0" ended="77843" arrived="77843" collisions="213" teleports="213" halting="0" stopped="0" meanWaitingTime="991.97" meanTravelTime="366.03" meanSpeed="24.95" meanSpeedRelative="0.78" duration="1"/>
    <step time="70500.00" loaded="78155" inserted="78155" running="154" waiting="0" ended="78001" arrived="78001" collisions="214" teleports="214" halting="1" stopped="0" meanWaitingTime="989.92" meanTravelTime="365.87" meanSpeed="25.05" meanSpeedRelative="0.78" duration="1"/>
    <step time="70800.00" loaded="78303" inserted="78303" running="132" waiting="0" ended="78171" arrived="78171" collisions="214" teleports="214" halting="1" stopped="0" meanWaitingTime="988.05" meanTravelTime="365.73" meanSpeed="25.32" meanSpeedRelative="0.79" duration="1"/>
    <step time="71100.00" loaded="78457" inserted="78457" running="125" waiting="0" ended="78332" arrived="78332" collisions="215" teleports="215" halting="0" stopped="0" meanWaitingTime="986.12" meanTravelTime="365.49" meanSpeed="25.16" meanSpeedRelative="0.79" duration="0"/>
    <step time="71400.00" loaded="78616" inserted="78616" running="122" waiting="0" ended="78494" arrived="78494" collisions="215" teleports="215" halting="2" stopped="0" meanWaitingTime="984.12" meanTravelTime="365.31" meanSpeed="24.68" meanSpeedRelative="0.77" duration="1"/>
    <step time="71700.00" loaded="78757" inserted="78757" running="149" waiting="0" ended="78608" arrived="78608" collisions="215" teleports="215" halting="0" stopped="0" meanWaitingTime="982.36" meanTravelTime="365.15" meanSpeed="25.56" meanSpeedRelative="0.80" duration="1"/>
    <step time="72000.00" loaded="78877" inserted="78876" running="109" waiting="1" ended="78767" arrived="78767" collisions="215" teleports="215" halting="0" stopped="0" meanWaitingTime="980.88" meanTravelTime="365.02" meanSpeed="26.39" meanSpeedRelative="0.82" duration="81"/>
    <step time="72300.00" loaded="78997" inserted="78997" running="107" waiting="0" ended="78890" arrived="78890" collisions="215" teleports="215" halting="0" stopped="0" meanWaitingTime="979.38" meanTravelTime="364.89" meanSpeed="25.88" meanSpeedRelative="0.81" duration="1"/>
    <step time="72600.00" loaded="79133" inserted="79133" running="116" waiting="0" ended="79017" arrived="79017" collisions="215" teleports="215" halting="0" stopped="0" meanWaitingTime="977.69" meanTravelTime="364.72" meanSpeed="25.85" meanSpeedRelative="0.81" duration="0"/>
    <step time="72900.00" loaded="79281" inserted="79281" running="130" waiting="0" ended="79151" arrived="79151" collisions="215" teleports="215" halting="1" stopped="0" meanWaitingTime="975.87" meanTravelTime="364.51" meanSpeed="25.61" meanSpeedRelative="0.80" duration="1"/>
    <step time="73200.00" loaded="79408" inserted="79408" running="128" waiting="0" ended="79280" arrived="79280" collisions="215" teleports="215" halting="0" stopped="0" meanWaitingTime="974.31" meanTravelTime="364.37" meanSpeed="25.98" meanSpeedRelative="0.81" duration="1"/>
    <step time="73500.00" loaded="79568" inserted="79568" running="149" waiting="0" ended="79419" arrived="79419" collisions="215" teleports="215" halting="2" stopped="0" meanWaitingTime="972.35" meanTravelTime="364.20" meanSpeed="24.56" meanSpeedRelative="0.77" duration="1"/>
    <step time="73800.00" loaded="79716" inserted="79716" running="136" waiting="0" ended="79580" arrived="79580" collisions="215" teleports="215" halting="1" stopped="0" meanWaitingTime="970.55" meanTravelTime="364.03" meanSpeed="24.90" meanSpeedRelative="0.78" duration="1"/>
    <step time="74100.00" loaded="79882" inserted="79882" running="138" waiting="0" ended="79744" arrived="79744" collisions="215" teleports="215" halting="0" stopped="0" meanWaitingTime="968.53" meanTravelTime="363.80" meanSpeed="25.21" meanSpeedRelative="0.79" duration="1"/>
    <step time="74400.00" loaded="79999" inserted="79999" running="109" waiting="0" ended="79890" arrived="79890" collisions="216" teleports="216" halting="0" stopped="0" meanWaitingTime="967.11" meanTravelTime="363.65" meanSpeed="26.92" meanSpeedRelative="0.84" duration="1"/>
    <step time="74700.00" loaded="80134" inserted="80134" running="117" waiting="0" ended="80017" arrived="80017" collisions="216" teleports="216" halting="0" stopped="0" meanWaitingTime="965.49" meanTravelTime="363.51" meanSpeed="25.49" meanSpeedRelative="0.80" duration="1"/>
    <step time="75000.00" loaded="80276" inserted="80276" running="121" waiting="0" ended="80155" arrived="80155" collisions="216" teleports="216" halting="0" stopped="0" meanWaitingTime="963.78" meanTravelTime="363.37" meanSpeed="25.66" meanSpeedRelative="0.80" duration="1"/>
    <step time="75300.00" loaded="80424" inserted="80424" running="120" waiting="0" ended="80304" arrived="80304" collisions="216" teleports="216" halting="0" stopped="0" meanWaitingTime="962.01" meanTravelTime="363.19" meanSpeed="25.75" meanSpeedRelative="0.80" duration="1"/>
    <step time="75600.00" loaded="80565" inserted="80565" running="121" waiting="0" ended="80444" arrived="80444" collisions="217" teleports="217" halting="0" stopped="0" meanWaitingTime="960.32" meanTravelTime="362.97" meanSpeed="25.47" meanSpeedRelative="0.80" duration="80"/>
    <step time="75900.00" loaded="80757" inserted="80757" running="164" waiting="0" ended="80593" arrived="80593" collisions="217" teleports="217" halting="1" stopped="0" meanWaitingTime="958.04" meanTravelTime="362.77" meanSpeed="24.95" meanSpeedRelative="0.78" duration="1"/>
    <step time="76200.00" loaded="80935" inserted="80935" running="156" waiting="0" ended="80779" arrived="80779" collisions="217" teleports="217" halting="0" stopped="0" meanWaitingTime="955.93" meanTravelTime="362.53" meanSpeed="25.85" meanSpeedRelative="0.81" duration="1"/>
    <step time="76500.00" loaded="81136" inserted="81136" running="162" waiting="0" ended="80974" arrived="80974" collisions="218" teleports="218" halting="1" stopped="0" meanWaitingTime="953.57" meanTravelTime="362.30" meanSpeed="25.17" meanSpeedRelative="0.79" duration="0"/>
    <step time="76800.00" loaded="81346" inserted="81345" running="186" waiting="1" ended="81159" arrived="81159" collisions="218" teleports="218" halting="2" stopped="0" meanWaitingTime="951.12" meanTravelTime="362.03" meanSpeed="24.30" meanSpeedRelative="0.76" duration="1"/>
    <step time="77100.00" loaded="81556" inserted="81556" running="189" waiting="0" ended="81367" arrived="81367" collisions="218" teleports="218" halting="1" stopped="0" meanWaitingTime="948.66" meanTravelTime="361.79" meanSpeed="25.27" meanSpeedRelative="0.79" duration="1"/>
    <step time="77400.00" loaded="81764" inserted="81764" running="200" waiting="0" ended="81564" arrived="81564" collisions="218" teleports="218" halting="2" stopped="0" meanWaitingTime="946.25" meanTravelTime="361.52" meanSpeed="25.50" meanSpeedRelative="0.80" duration="1"/>
    <step time="77700.00" loaded="81983" inserted="81983" running="195" waiting="0" ended="81788" arrived="81788" collisions="218" teleports="218" halting="1" stopped="0" meanWaitingTime="943.72" meanTravelTime="361.31" meanSpeed="24.80" meanSpeedRelative="0.78" duration="1"/>
    <step time="78000.00" loaded="82156" inserted="82156" running="157" waiting="0" ended="81999" arrived="81999" collisions="218" teleports="218" halting="1" stopped="0" meanWaitingTime="941.73" meanTravelTime="361.10" meanSpeed="25.37" meanSpeedRelative="0.79" duration="1"/>
    <step time="78300.00" loaded="82359" inserted="82359" running="184" waiting="0" ended="82175" arrived="82175" collisions="218" teleports="218" halting="0" stopped="0" meanWaitingTime="939.41" meanTravelTime="360.94" meanSpeed="24.78" meanSpeedRelative="0.77" duration="1"/>
    <step time="78600.00" loaded="82577" inserted="82577" running="181" waiting="0" ended="82396" arrived="82396" collisions="219" teleports="219" halting="1" stopped="0" meanWaitingTime="936.93" meanTravelTime="360.62" meanSpeed="24.13" meanSpeedRelative="0.75" duration="2"/>
    <step time="78900.00" loaded="82787" inserted="82787" running="187" waiting="0" ended="82600" arrived="82600" collisions="219" teleports="219" halting="1" stopped="0" meanWaitingTime="934.56" meanTravelTime="360.37" meanSpeed="25.28" meanSpeedRelative="0.79" duration="2"/>
    <step time="79200.00" loaded="83001" inserted="83000" running="189" waiting="1" ended="82811" arrived="82811" collisions="219" teleports="219" halting="0" stopped="0" meanWaitingTime="932.16" meanTravelTime="360.06" meanSpeed="25.38" meanSpeedRelative="0.79" duration="81"/>
    <step time="79500.00" loaded="83164" inserted="83164" running="149" waiting="0" ended="83015" arrived="83015" collisions="219" teleports="219" halting="0" stopped="0" meanWaitingTime="930.32" meanTravelTime="359.91" meanSpeed="25.80" meanSpeedRelative="0.81" duration="1"/>
    <step time="79800.00" loaded="83337" inserted="83337" running="150" waiting="0" ended="83187" arrived="83187" collisions="220" teleports="220" halting="0" stopped="0" meanWaitingTime="928.39" meanTravelTime="359.75" meanSpeed="24.88" meanSpeedRelative="0.78" duration="1"/>
    <step time="80100.00" loaded="83510" inserted="83507" running="141" waiting="3" ended="83366" arrived="83366" collisions="221" teleports="221" halting="2" stopped="0" meanWaitingTime="926.50" meanTravelTime="359.56" meanSpeed="24.49" meanSpeedRelative="0.77" duration="1"/>
    <step time="80400.00" loaded="83709" inserted="83709" running="178" waiting="0" ended="83531" arrived="83531" collisions="221" teleports="221" halting="1" stopped="0" meanWaitingTime="924.27" meanTravelTime="359.36" meanSpeed="25.14" meanSpeedRelative="0.79" duration="1"/>
    <step time="80700.00" loaded="83884" inserted="83884" running="163" waiting="0" ended="83721" arrived="83721" collisions="221" teleports="221" halting="1" stopped="0" meanWaitingTime="922.34" meanTravelTime="359.18" meanSpeed="24.27" meanSpeedRelative="0.76" duration="1"/>
    <step time="81000.00" loaded="84054" inserted="84054" running="155" waiting="0" ended="83899" arrived="83899" collisions="221" teleports="221" halting="0" stopped="0" meanWaitingTime="920.48" meanTravelTime="359.00" meanSpeed="24.87" meanSpeedRelative="0.78" duration="1"/>
    <step time="81300.00" loaded="84230" inserted="84230" running="161" waiting="0" ended="84069" arrived="84069" collisions="221" teleports="221" halting="1" stopped="0" meanWaitingTime="918.55" meanTravelTime="358.82" meanSpeed="25.69" meanSpeedRelative="0.80" duration="1"/>
    <step time="81600.00" loaded="84425" inserted="84424" running="173" waiting="1" ended="84251" arrived="84251" collisions="221" teleports="221" halting="0" stopped="0" meanWaitingTime="916.44" meanTravelTime="358.63" meanSpeed="23.97" meanSpeedRelative="0.75" duration="2"/>
    <step time="81900.00" loaded="84608" inserted="84608" running="169" waiting="0" ended="84439" arrived="84439" collisions="221" teleports="221" halting="0" stopped="0" meanWaitingTime="914.45" meanTravelTime="358.42" meanSpeed="25.39" meanSpeedRelative="0.79" duration="1"/>
    <step time="82200.00" loaded="84754" inserted="84754" running="133" waiting="0" ended="84621" arrived="84621" collisions="222" teleports="222" halting="0" stopped="0" meanWaitingTime="912.88" meanTravelTime="358.25" meanSpeed="25.41" meanSpeedRelative="0.79" duration="1"/>
    <step time="82500.00" loaded="84928" inserted="84928" running="141" waiting="0" ended="84787" arrived="84787" collisions="222" teleports="222" halting="1" stopped="0" meanWaitingTime="911.01" meanTravelTime="358.09" meanSpeed="24.72" meanSpeedRelative="0.77" duration="1"/>
</summary>
