<?xml version="1.0" encoding="UTF-8"?>

<!-- generated on 2025-08-07 18:54:26 by Eclipse SUMO sumo Version 1.23.1
<sumoConfiguration xmlns:xsi="http://www.w3.org/2001/XMLSchema-instance" xsi:noNamespaceSchemaLocation="http://sumo.dlr.de/xsd/sumoConfiguration.xsd">

    <input>
        <net-file value="Desktop\Master Thesis\Network_fin.net.xml"/>
        <route-files value="Desktop\Master Thesis\demand_model_amsterdam.rou.xml"/>
        <additional-files value="Desktop\Master Thesis\Additionnal.add.xml"/>
    </input>

    <output>
        <summary-output value="outputf/summary_alinea_K80_target5_92372.xml"/>
        <summary-output.period value="300"/>
        <tripinfo-output value="outputf/tripinfo_alinea_K80_target5_92372.xml"/>
    </output>

    <time>
        <begin value="0"/>
        <end value="82800"/>
        <step-length value="1"/>
    </time>

    <processing>
        <time-to-teleport value="-1"/>
    </processing>

    <report>
        <verbose value="true"/>
        <no-step-log value="true"/>
    </report>

    <emissions>
        <device.emissions.period value="10"/>
    </emissions>

    <traci_server>
        <remote-port value="64538"/>
    </traci_server>

    <random_number>
        <seed value="92372"/>
    </random_number>

</sumoConfiguration>
-->

<summary xmlns:xsi="http://www.w3.org/2001/XMLSchema-instance" xsi:noNamespaceSchemaLocation="http://sumo.dlr.de/xsd/summary_file.xsd">
    <step time="0.00" loaded="0" inserted="0" running="0" waiting="0" ended="0" arrived="0" collisions="0" teleports="0" halting="0" stopped="0" meanWaitingTime="-1.00" meanTravelTime="-1.00" meanSpeed="-1.00" meanSpeedRelative="-1.00" duration="1"/>
    <step time="300.00" loaded="181" inserted="181" running="101" waiting="0" ended="80" arrived="80" collisions="0" teleports="0" halting="1" stopped="0" meanWaitingTime="0.54" meanTravelTime="97.45" meanSpeed="25.09" meanSpeedRelative="0.78" duration="1"/>
    <step time="600.00" loaded="369" inserted="367" running="141" waiting="2" ended="226" arrived="226" collisions="0" teleports="0" halting="0" stopped="0" meanWaitingTime="0.47" meanTravelTime="144.00" meanSpeed="24.57" meanSpeedRelative="0.77" duration="1"/>
    <step time="900.00" loaded="560" inserted="560" running="158" waiting="0" ended="402" arrived="402" collisions="0" teleports="0" halting="0" stopped="0" meanWaitingTime="0.43" meanTravelTime="171.27" meanSpeed="25.23" meanSpeedRelative="0.79" duration="0"/>
    <step time="1200.00" loaded="733" inserted="733" running="167" waiting="0" ended="566" arrived="566" collisions="0" teleports="0" halting="2" stopped="0" meanWaitingTime="0.43" meanTravelTime="192.59" meanSpeed="25.67" meanSpeedRelative="0.80" duration="1"/>
    <step time="1500.00" loaded="903" inserted="903" running="158" waiting="0" ended="745" arrived="745" collisions="0" teleports="0" halting="1" stopped="0" meanWaitingTime="0.44" meanTravelTime="213.33" meanSpeed="25.15" meanSpeedRelative="0.79" duration="1"/>
    <step time="1800.00" loaded="1104" inserted="1104" running="168" waiting="0" ended="936" arrived="936" collisions="0" teleports="0" halting="2" stopped="0" meanWaitingTime="0.43" meanTravelTime="220.57" meanSpeed="25.25" meanSpeedRelative="0.79" duration="1"/>
    <step time="2100.00" loaded="1309" inserted="1309" running="177" waiting="0" ended="1132" arrived="1132" collisions="0" teleports="0" halting="1" stopped="0" meanWaitingTime="0.43" meanTravelTime="226.95" meanSpeed="24.43" meanSpeedRelative="0.76" duration="2"/>
    <step time="2400.00" loaded="1486" inserted="1486" running="158" waiting="0" ended="1328" arrived="1328" collisions="0" teleports="0" halting="1" stopped="0" meanWaitingTime="0.44" meanTravelTime="229.48" meanSpeed="25.60" meanSpeedRelative="0.80" duration="1"/>
    <step time="2700.00" loaded="1667" inserted="1667" running="140" waiting="0" ended="1527" arrived="1527" collisions="0" teleports="0" halting="4" stopped="0" meanWaitingTime="0.45" meanTravelTime="234.60" meanSpeed="23.94" meanSpeedRelative="0.75" duration="1"/>
    <step time="3000.00" loaded="1836" inserted="1836" running="131" waiting="0" ended="1705" arrived="1705" collisions="1" teleports="1" halting="0" stopped="0" meanWaitingTime="0.43" meanTravelTime="236.23" meanSpeed="25.15" meanSpeedRelative="0.79" duration="1"/>
    <step time="3300.00" loaded="2018" inserted="2017" running="159" waiting="1" ended="1858" arrived="1858" collisions="2" teleports="2" halting="1" stopped="0" meanWaitingTime="0.43" meanTravelTime="235.15" meanSpeed="24.07" meanSpeedRelative="0.75" duration="1"/>
    <step time="3600.00" loaded="2205" inserted="2205" running="160" waiting="0" ended="2045" arrived="2045" collisions="2" teleports="2" halting="0" stopped="0" meanWaitingTime="0.45" meanTravelTime="236.28" meanSpeed="25.97" meanSpeedRelative="0.81" duration="85"/>
    <step time="3900.00" loaded="2319" inserted="2319" running="114" waiting="0" ended="2205" arrived="2205" collisions="2" teleports="2" halting="0" stopped="0" meanWaitingTime="0.44" meanTravelTime="238.19" meanSpeed="25.87" meanSpeedRelative="0.81" duration="0"/>
    <step time="4200.00" loaded="2422" inserted="2422" running="91" waiting="0" ended="2331" arrived="2331" collisions="2" teleports="2" halting="0" stopped="0" meanWaitingTime="0.43" meanTravelTime="241.47" meanSpeed="26.56" meanSpeedRelative="0.83" duration="1"/>
    <step time="4500.00" loaded="2529" inserted="2529" running="93" waiting="0" ended="2436" arrived="2436" collisions="2" teleports="2" halting="1" stopped="0" meanWaitingTime="0.43" meanTravelTime="243.63" meanSpeed="26.63" meanSpeedRelative="0.83" duration="0"/>
    <step time="4800.00" loaded="2662" inserted="2661" running="105" waiting="1" ended="2556" arrived="2556" collisions="2" teleports="2" halting="0" stopped="0" meanWaitingTime="0.42" meanTravelTime="243.11" meanSpeed="25.43" meanSpeedRelative="0.79" duration="1"/>
    <step time="5100.00" loaded="2766" inserted="2766" running="83" waiting="0" ended="2683" arrived="2683" collisions="2" teleports="2" halting="1" stopped="0" meanWaitingTime="0.41" meanTravelTime="242.61" meanSpeed="25.56" meanSpeedRelative="0.80" duration="0"/>
    <step time="5400.00" loaded="2868" inserted="2868" running="92" waiting="0" ended="2776" arrived="2776" collisions="2" teleports="2" halting="1" stopped="0" meanWaitingTime="0.41" meanTravelTime="243.83" meanSpeed="26.19" meanSpeedRelative="0.82" duration="1"/>
    <step time="5700.00" loaded="2974" inserted="2974" running="87" waiting="0" ended="2887" arrived="2887" collisions="2" teleports="2" halting="1" stopped="0" meanWaitingTime="0.40" meanTravelTime="243.46" meanSpeed="27.03" meanSpeedRelative="0.84" duration="0"/>
    <step time="6000.00" loaded="3081" inserted="3081" running="90" waiting="0" ended="2991" arrived="2991" collisions="2" teleports="2" halting="0" stopped="0" meanWaitingTime="0.39" meanTravelTime="242.66" meanSpeed="25.01" meanSpeedRelative="0.78" duration="1"/>
    <step time="6300.00" loaded="3191" inserted="3191" running="97" waiting="0" ended="3094" arrived="3094" collisions="2" teleports="2" halting="1" stopped="0" meanWaitingTime="0.39" meanTravelTime="241.40" meanSpeed="26.25" meanSpeedRelative="0.82" duration="1"/>
    <step time="6600.00" loaded="3313" inserted="3313" running="105" waiting="0" ended="3208" arrived="3208" collisions="2" teleports="2" halting="1" stopped="0" meanWaitingTime="0.38" meanTravelTime="242.85" meanSpeed="25.39" meanSpeedRelative="0.79" duration="1"/>
    <step time="6900.00" loaded="3414" inserted="3414" running="90" waiting="0" ended="3324" arrived="3324" collisions="2" teleports="2" halting="1" stopped="0" meanWaitingTime="0.38" meanTravelTime="243.47" meanSpeed="25.33" meanSpeedRelative="0.79" duration="1"/>
    <step time="7200.00" loaded="3528" inserted="3528" running="94" waiting="0" ended="3434" arrived="3434" collisions="2" teleports="2" halting="1" stopped="0" meanWaitingTime="0.38" meanTravelTime="243.99" meanSpeed="26.39" meanSpeedRelative="0.82" duration="87"/>
    <step time="7500.00" loaded="3685" inserted="3684" running="123" waiting="1" ended="3561" arrived="3561" collisions="2" teleports="2" halting="0" stopped="0" meanWaitingTime="0.38" meanTravelTime="243.46" meanSpeed="26.21" meanSpeedRelative="0.82" duration="1"/>
    <step time="7800.00" loaded="3845" inserted="3845" running="135" waiting="0" ended="3710" arrived="3710" collisions="2" teleports="2" halting="1" stopped="0" meanWaitingTime="0.39" meanTravelTime="243.73" meanSpeed="25.29" meanSpeedRelative="0.79" duration="1"/>
    <step time="8100.00" loaded="4018" inserted="4018" running="145" waiting="0" ended="3873" arrived="3873" collisions="2" teleports="2" halting="0" stopped="0" meanWaitingTime="0.41" meanTravelTime="243.41" meanSpeed="25.10" meanSpeedRelative="0.78" duration="0"/>
    <step time="8400.00" loaded="4169" inserted="4168" running="149" waiting="1" ended="4019" arrived="4019" collisions="2" teleports="2" halting="0" stopped="0" meanWaitingTime="0.40" meanTravelTime="243.25" meanSpeed="25.93" meanSpeedRelative="0.81" duration="1"/>
    <step time="8700.00" loaded="4317" inserted="4317" running="116" waiting="0" ended="4201" arrived="4201" collisions="2" teleports="2" halting="0" stopped="0" meanWaitingTime="0.41" meanTravelTime="245.81" meanSpeed="25.21" meanSpeedRelative="0.79" duration="0"/>
    <step time="9000.00" loaded="4477" inserted="4477" running="128" waiting="0" ended="4349" arrived="4349" collisions="2" teleports="2" halting="0" stopped="0" meanWaitingTime="0.41" meanTravelTime="245.15" meanSpeed="24.91" meanSpeedRelative="0.78" duration="1"/>
    <step time="9300.00" loaded="4637" inserted="4637" running="128" waiting="0" ended="4509" arrived="4509" collisions="2" teleports="2" halting="0" stopped="0" meanWaitingTime="0.41" meanTravelTime="245.01" meanSpeed="25.19" meanSpeedRelative="0.79" duration="1"/>
    <step time="9600.00" loaded="4793" inserted="4793" running="124" waiting="0" ended="4669" arrived="4669" collisions="2" teleports="2" halting="0" stopped="0" meanWaitingTime="0.41" meanTravelTime="245.43" meanSpeed="25.45" meanSpeedRelative="0.80" duration="1"/>
    <step time="9900.00" loaded="4953" inserted="4953" running="115" waiting="0" ended="4838" arrived="4838" collisions="2" teleports="2" halting="0" stopped="0" meanWaitingTime="0.41" meanTravelTime="244.97" meanSpeed="24.66" meanSpeedRelative="0.77" duration="1"/>
    <step time="10200.00" loaded="5102" inserted="5102" running="111" waiting="0" ended="4991" arrived="4991" collisions="2" teleports="2" halting="1" stopped="0" meanWaitingTime="0.41" meanTravelTime="244.56" meanSpeed="26.50" meanSpeedRelative="0.83" duration="1"/>
    <step time="10500.00" loaded="5246" inserted="5246" running="119" waiting="0" ended="5127" arrived="5127" collisions="2" teleports="2" halting="0" stopped="0" meanWaitingTime="0.41" meanTravelTime="244.34" meanSpeed="25.52" meanSpeedRelative="0.80" duration="1"/>
    <step time="10800.00" loaded="5391" inserted="5391" running="107" waiting="0" ended="5284" arrived="5284" collisions="2" teleports="2" halting="1" stopped="0" meanWaitingTime="0.41" meanTravelTime="243.73" meanSpeed="25.73" meanSpeedRelative="0.80" duration="85"/>
    <step time="11100.00" loaded="5531" inserted="5531" running="101" waiting="0" ended="5430" arrived="5430" collisions="2" teleports="2" halting="0" stopped="0" meanWaitingTime="0.41" meanTravelTime="244.09" meanSpeed="25.10" meanSpeedRelative="0.78" duration="0"/>
    <step time="11400.00" loaded="5674" inserted="5674" running="114" waiting="0" ended="5560" arrived="5560" collisions="2" teleports="2" halting="0" stopped="0" meanWaitingTime="0.41" meanTravelTime="243.50" meanSpeed="25.36" meanSpeedRelative="0.79" duration="1"/>
    <step time="11700.00" loaded="5832" inserted="5832" running="118" waiting="0" ended="5714" arrived="5714" collisions="2" teleports="2" halting="2" stopped="0" meanWaitingTime="0.40" meanTravelTime="243.45" meanSpeed="24.40" meanSpeedRelative="0.76" duration="1"/>
    <step time="12000.00" loaded="5972" inserted="5972" running="105" waiting="0" ended="5867" arrived="5867" collisions="2" teleports="2" halting="0" stopped="0" meanWaitingTime="0.40" meanTravelTime="242.60" meanSpeed="25.73" meanSpeedRelative="0.80" duration="1"/>
    <step time="12300.00" loaded="6105" inserted="6104" running="95" waiting="1" ended="6009" arrived="6009" collisions="3" teleports="3" halting="0" stopped="0" meanWaitingTime="0.40" meanTravelTime="242.47" meanSpeed="25.55" meanSpeedRelative="0.80" duration="1"/>
    <step time="12600.00" loaded="6250" inserted="6250" running="110" waiting="0" ended="6140" arrived="6140" collisions="3" teleports="3" halting="0" stopped="0" meanWaitingTime="0.40" meanTravelTime="242.30" meanSpeed="25.44" meanSpeedRelative="0.80" duration="1"/>
    <step time="12900.00" loaded="6391" inserted="6391" running="112" waiting="0" ended="6279" arrived="6279" collisions="3" teleports="3" halting="0" stopped="0" meanWaitingTime="0.40" meanTravelTime="241.45" meanSpeed="25.52" meanSpeedRelative="0.80" duration="1"/>
    <step time="13200.00" loaded="6539" inserted="6539" running="117" waiting="0" ended="6422" arrived="6422" collisions="3" teleports="3" halting="0" stopped="0" meanWaitingTime="0.41" meanTravelTime="241.31" meanSpeed="25.46" meanSpeedRelative="0.80" duration="1"/>
    <step time="13500.00" loaded="6675" inserted="6675" running="100" waiting="0" ended="6575" arrived="6575" collisions="3" teleports="3" halting="2" stopped="0" meanWaitingTime="0.40" meanTravelTime="240.99" meanSpeed="24.90" meanSpeedRelative="0.78" duration="1"/>
    <step time="13800.00" loaded="6834" inserted="6834" running="122" waiting="0" ended="6712" arrived="6712" collisions="3" teleports="3" halting="1" stopped="0" meanWaitingTime="0.41" meanTravelTime="240.44" meanSpeed="25.03" meanSpeedRelative="0.78" duration="1"/>
    <step time="14100.00" loaded="6988" inserted="6986" running="115" waiting="2" ended="6871" arrived="6871" collisions="3" teleports="3" halting="0" stopped="0" meanWaitingTime="0.41" meanTravelTime="239.90" meanSpeed="25.13" meanSpeedRelative="0.79" duration="0"/>
    <step time="14400.00" loaded="7164" inserted="7164" running="122" waiting="0" ended="7042" arrived="7042" collisions="3" teleports="3" halting="1" stopped="0" meanWaitingTime="0.41" meanTravelTime="239.67" meanSpeed="26.35" meanSpeedRelative="0.82" duration="84"/>
    <step time="14700.00" loaded="7263" inserted="7263" running="85" waiting="0" ended="7178" arrived="7178" collisions="3" teleports="3" halting="0" stopped="0" meanWaitingTime="0.41" meanTravelTime="239.54" meanSpeed="25.60" meanSpeedRelative="0.80" duration="0"/>
    <step time="15000.00" loaded="7371" inserted="7371" running="83" waiting="0" ended="7288" arrived="7288" collisions="3" teleports="3" halting="0" stopped="0" meanWaitingTime="0.41" meanTravelTime="239.45" meanSpeed="24.34" meanSpeedRelative="0.76" duration="1"/>
    <step time="15300.00" loaded="7477" inserted="7477" running="76" waiting="0" ended="7401" arrived="7401" collisions="3" teleports="3" halting="0" stopped="0" meanWaitingTime="0.41" meanTravelTime="239.12" meanSpeed="24.59" meanSpeedRelative="0.77" duration="1"/>
    <step time="15600.00" loaded="7559" inserted="7559" running="59" waiting="0" ended="7500" arrived="7500" collisions="3" teleports="3" halting="0" stopped="0" meanWaitingTime="0.41" meanTravelTime="239.32" meanSpeed="25.21" meanSpeedRelative="0.79" duration="1"/>
    <step time="15900.00" loaded="7661" inserted="7661" running="73" waiting="0" ended="7588" arrived="7588" collisions="3" teleports="3" halting="0" stopped="0" meanWaitingTime="0.40" meanTravelTime="238.63" meanSpeed="24.81" meanSpeedRelative="0.78" duration="0"/>
    <step time="16200.00" loaded="7781" inserted="7781" running="86" waiting="0" ended="7695" arrived="7695" collisions="3" teleports="3" halting="0" stopped="0" meanWaitingTime="0.40" meanTravelTime="238.65" meanSpeed="25.20" meanSpeedRelative="0.79" duration="1"/>
    <step time="16500.00" loaded="7884" inserted="7884" running="73" waiting="0" ended="7811" arrived="7811" collisions="3" teleports="3" halting="0" stopped="0" meanWaitingTime="0.40" meanTravelTime="237.91" meanSpeed="25.38" meanSpeedRelative="0.79" duration="1"/>
    <step time="16800.00" loaded="7987" inserted="7987" running="73" waiting="0" ended="7914" arrived="7914" collisions="4" teleports="4" halting="0" stopped="0" meanWaitingTime="0.40" meanTravelTime="237.71" meanSpeed="25.46" meanSpeedRelative="0.80" duration="1"/>
    <step time="17100.00" loaded="8084" inserted="8084" running="85" waiting="0" ended="7999" arrived="7999" collisions="4" teleports="4" halting="2" stopped="0" meanWaitingTime="0.39" meanTravelTime="237.65" meanSpeed="24.87" meanSpeedRelative="0.78" duration="1"/>
    <step time="17400.00" loaded="8183" inserted="8183" running="69" waiting="0" ended="8114" arrived="8114" collisions="4" teleports="4" halting="1" stopped="0" meanWaitingTime="0.39" meanTravelTime="237.65" meanSpeed="25.55" meanSpeedRelative="0.80" duration="0"/>
    <step time="17700.00" loaded="8285" inserted="8285" running="73" waiting="0" ended="8212" arrived="8212" collisions="4" teleports="4" halting="0" stopped="0" meanWaitingTime="0.39" meanTravelTime="237.40" meanSpeed="25.45" meanSpeedRelative="0.80" duration="0"/>
    <step time="18000.00" loaded="8384" inserted="8384" running="67" waiting="0" ended="8317" arrived="8317" collisions="4" teleports="4" halting="2" stopped="0" meanWaitingTime="0.39" meanTravelTime="236.82" meanSpeed="25.46" meanSpeedRelative="0.80" duration="79"/>
    <step time="18300.00" loaded="8595" inserted="8595" running="147" waiting="0" ended="8448" arrived="8448" collisions="4" teleports="4" halting="1" stopped="0" meanWaitingTime="0.39" meanTravelTime="236.15" meanSpeed="24.69" meanSpeedRelative="0.77" duration="1"/>
    <step time="18600.00" loaded="8805" inserted="8805" running="161" waiting="0" ended="8644" arrived="8644" collisions="4" teleports="4" halting="0" stopped="0" meanWaitingTime="0.40" meanTravelTime="235.32" meanSpeed="25.31" meanSpeedRelative="0.79" duration="1"/>
    <step time="18900.00" loaded="8989" inserted="8989" running="146" waiting="0" ended="8843" arrived="8843" collisions="4" teleports="4" halting="0" stopped="0" meanWaitingTime="0.41" meanTravelTime="235.17" meanSpeed="26.22" meanSpeedRelative="0.82" duration="1"/>
    <step time="19200.00" loaded="9182" inserted="9182" running="162" waiting="0" ended="9020" arrived="9020" collisions="4" teleports="4" halting="0" stopped="0" meanWaitingTime="0.42" meanTravelTime="235.65" meanSpeed="25.36" meanSpeedRelative="0.79" duration="1"/>
    <step time="19500.00" loaded="9372" inserted="9372" running="151" waiting="0" ended="9221" arrived="9221" collisions="4" teleports="4" halting="1" stopped="0" meanWaitingTime="0.42" meanTravelTime="236.02" meanSpeed="26.00" meanSpeedRelative="0.81" duration="1"/>
    <step time="19800.00" loaded="9588" inserted="9585" running="159" waiting="3" ended="9426" arrived="9426" collisions="4" teleports="4" halting="0" stopped="0" meanWaitingTime="0.42" meanTravelTime="235.83" meanSpeed="24.74" meanSpeedRelative="0.77" duration="1"/>
    <step time="20100.00" loaded="9774" inserted="9774" running="134" waiting="0" ended="9640" arrived="9640" collisions="4" teleports="4" halting="1" stopped="0" meanWaitingTime="0.43" meanTravelTime="235.49" meanSpeed="24.24" meanSpeedRelative="0.76" duration="1"/>
    <step time="20400.00" loaded="9986" inserted="9986" running="159" waiting="0" ended="9827" arrived="9827" collisions="4" teleports="4" halting="1" stopped="0" meanWaitingTime="0.43" meanTravelTime="235.66" meanSpeed="24.33" meanSpeedRelative="0.76" duration="1"/>
    <step time="20700.00" loaded="10186" inserted="10186" running="173" waiting="0" ended="10013" arrived="10013" collisions="4" teleports="4" halting="2" stopped="0" meanWaitingTime="0.43" meanTravelTime="235.76" meanSpeed="24.37" meanSpeedRelative="0.76" duration="1"/>
    <step time="21000.00" loaded="10363" inserted="10363" running="142" waiting="0" ended="10221" arrived="10221" collisions="5" teleports="5" halting="0" stopped="0" meanWaitingTime="0.43" meanTravelTime="236.31" meanSpeed="25.40" meanSpeedRelative="0.79" duration="1"/>
    <step time="21300.00" loaded="10564" inserted="10564" running="159" waiting="0" ended="10405" arrived="10405" collisions="6" teleports="6" halting="1" stopped="0" meanWaitingTime="0.43" meanTravelTime="236.31" meanSpeed="24.73" meanSpeedRelative="0.77" duration="1"/>
    <step time="21600.00" loaded="10764" inserted="10764" running="168" waiting="0" ended="10596" arrived="10596" collisions="6" teleports="6" halting="0" stopped="0" meanWaitingTime="0.44" meanTravelTime="236.81" meanSpeed="24.71" meanSpeedRelative="0.77" duration="79"/>
    <step time="21900.00" loaded="11237" inserted="11209" running="345" waiting="28" ended="10864" arrived="10864" collisions="6" teleports="6" halting="2" stopped="0" meanWaitingTime="0.70" meanTravelTime="236.31" meanSpeed="21.92" meanSpeedRelative="0.68" duration="2"/>
    <step time="22200.00" loaded="11720" inserted="11671" running="452" waiting="49" ended="11219" arrived="11219" collisions="6" teleports="6" halting="2" stopped="0" meanWaitingTime="1.52" meanTravelTime="236.61" meanSpeed="20.45" meanSpeedRelative="0.64" duration="2"/>
    <step time="22500.00" loaded="12185" inserted="12116" running="479" waiting="69" ended="11637" arrived="11637" collisions="9" teleports="9" halting="3" stopped="0" meanWaitingTime="2.83" meanTravelTime="238.26" meanSpeed="19.53" meanSpeedRelative="0.61" duration="2"/>
    <step time="22800.00" loaded="12655" inserted="12555" running="482" waiting="100" ended="12073" arrived="12073" collisions="11" teleports="11" halting="7" stopped="0" meanWaitingTime="4.56" meanTravelTime="241.12" meanSpeed="19.95" meanSpeedRelative="0.62" duration="3"/>
    <step time="23100.00" loaded="13155" inserted="13010" running="484" waiting="145" ended="12526" arrived="12526" collisions="11" teleports="11" halting="1" stopped="0" meanWaitingTime="6.70" meanTravelTime="243.75" meanSpeed="20.48" meanSpeedRelative="0.64" duration="3"/>
    <step time="23400.00" loaded="13593" inserted="13425" running="483" waiting="168" ended="12942" arrived="12942" collisions="11" teleports="11" halting="4" stopped="0" meanWaitingTime="9.59" meanTravelTime="246.82" meanSpeed="19.98" meanSpeedRelative="0.62" duration="3"/>
    <step time="23700.00" loaded="14038" inserted="13839" running="467" waiting="199" ended="13372" arrived="13372" collisions="12" teleports="12" halting="2" stopped="0" meanWaitingTime="12.75" meanTravelTime="250.00" meanSpeed="19.90" meanSpeedRelative="0.62" duration="3"/>
    <step time="24000.00" loaded="14487" inserted="14295" running="496" waiting="192" ended="13799" arrived="13799" collisions="13" teleports="13" halting="11" stopped="0" meanWaitingTime="16.44" meanTravelTime="252.49" meanSpeed="18.86" meanSpeedRelative="0.59" duration="3"/>
    <step time="24300.00" loaded="14947" inserted="14730" running="506" waiting="217" ended="14224" arrived="14224" collisions="16" teleports="16" halting="2" stopped="0" meanWaitingTime="19.97" meanTravelTime="254.92" meanSpeed="19.13" meanSpeedRelative="0.60" duration="3"/>
    <step time="24600.00" loaded="15441" inserted="15180" running="503" waiting="261" ended="14677" arrived="14677" collisions="18" teleports="18" halting="2" stopped="0" meanWaitingTime="23.52" meanTravelTime="258.17" meanSpeed="19.66" meanSpeedRelative="0.61" duration="3"/>
    <step time="24900.00" loaded="15941" inserted="15617" running="496" waiting="324" ended="15121" arrived="15121" collisions="18" teleports="18" halting="2" stopped="0" meanWaitingTime="27.56" meanTravelTime="260.22" meanSpeed="20.15" meanSpeedRelative="0.63" duration="3"/>
    <step time="25200.00" loaded="16415" inserted="16050" running="490" waiting="365" ended="15560" arrived="15560" collisions="19" teleports="19" halting="7" stopped="0" meanWaitingTime="31.88" meanTravelTime="262.21" meanSpeed="18.98" meanSpeedRelative="0.59" duration="85"/>
    <step time="25500.00" loaded="17018" inserted="16541" running="572" waiting="477" ended="15969" arrived="15969" collisions="19" teleports="19" halting="3" stopped="0" meanWaitingTime="37.04" meanTravelTime="263.81" meanSpeed="19.02" meanSpeedRelative="0.59" duration="2"/>
    <step time="25800.00" loaded="17554" inserted="17022" running="579" waiting="532" ended="16443" arrived="16443" collisions="22" teleports="22" halting="4" stopped="0" meanWaitingTime="42.44" meanTravelTime="266.52" meanSpeed="18.79" meanSpeedRelative="0.59" duration="3"/>
    <step time="26100.00" loaded="18119" inserted="17474" running="581" waiting="645" ended="16893" arrived="16893" collisions="23" teleports="23" halting="17" stopped="0" meanWaitingTime="48.16" meanTravelTime="269.61" meanSpeed="17.81" meanSpeedRelative="0.56" duration="4"/>
    <step time="26400.00" loaded="18693" inserted="17939" running="564" waiting="754" ended="17375" arrived="17375" collisions="23" teleports="23" halting="3" stopped="0" meanWaitingTime="55.36" meanTravelTime="272.43" meanSpeed="18.43" meanSpeedRelative="0.58" duration="3"/>
    <step time="26700.00" loaded="19269" inserted="18387" running="513" waiting="882" ended="17874" arrived="17874" collisions="26" teleports="26" halting="7" stopped="0" meanWaitingTime="62.90" meanTravelTime="274.85" meanSpeed="18.51" meanSpeedRelative="0.58" duration="4"/>
    <step time="27000.00" loaded="19837" inserted="18867" running="519" waiting="970" ended="18348" arrived="18348" collisions="27" teleports="27" halting="20" stopped="0" meanWaitingTime="72.01" meanTravelTime="276.89" meanSpeed="18.67" meanSpeedRelative="0.58" duration="3"/>
    <step time="27300.00" loaded="20406" inserted="19318" running="506" waiting="1088" ended="18812" arrived="18812" collisions="29" teleports="29" halting="1" stopped="0" meanWaitingTime="80.70" meanTravelTime="278.04" meanSpeed="19.09" meanSpeedRelative="0.60" duration="2"/>
    <step time="27600.00" loaded="20946" inserted="19769" running="500" waiting="1177" ended="19269" arrived="19269" collisions="30" teleports="30" halting="17" stopped="0" meanWaitingTime="91.31" meanTravelTime="279.28" meanSpeed="18.59" meanSpeedRelative="0.58" duration="3"/>
    <step time="27900.00" loaded="21485" inserted="20247" running="547" waiting="1238" ended="19700" arrived="19700" collisions="31" teleports="31" halting="13" stopped="0" meanWaitingTime="102.35" meanTravelTime="280.28" meanSpeed="19.02" meanSpeedRelative="0.59" duration="3"/>
    <step time="28200.00" loaded="22033" inserted="20714" running="554" waiting="1319" ended="20160" arrived="20160" collisions="35" teleports="35" halting="2" stopped="0" meanWaitingTime="113.84" meanTravelTime="281.86" meanSpeed="18.89" meanSpeedRelative="0.59" duration="3"/>
    <step time="28500.00" loaded="22629" inserted="21192" running="542" waiting="1437" ended="20650" arrived="20650" collisions="35" teleports="35" halting="10" stopped="0" meanWaitingTime="124.96" meanTravelTime="283.24" meanSpeed="18.28" meanSpeedRelative="0.57" duration="4"/>
    <step time="28800.00" loaded="23189" inserted="21651" running="564" waiting="1538" ended="21087" arrived="21087" collisions="36" teleports="36" halting="19" stopped="0" meanWaitingTime="136.36" meanTravelTime="284.84" meanSpeed="17.99" meanSpeedRelative="0.56" duration="88"/>
    <step time="29100.00" loaded="23561" inserted="22041" running="483" waiting="1520" ended="21558" arrived="21558" collisions="36" teleports="36" halting="16" stopped="0" meanWaitingTime="147.70" meanTravelTime="286.83" meanSpeed="19.41" meanSpeedRelative="0.61" duration="2"/>
    <step time="29400.00" loaded="23901" inserted="22449" running="466" waiting="1452" ended="21983" arrived="21983" collisions="40" teleports="40" halting="2" stopped="0" meanWaitingTime="161.12" meanTravelTime="288.07" meanSpeed="19.89" meanSpeedRelative="0.62" duration="4"/>
    <step time="29700.00" loaded="24276" inserted="22889" running="459" waiting="1387" ended="22430" arrived="22430" collisions="42" teleports="42" halting="0" stopped="0" meanWaitingTime="175.02" meanTravelTime="289.22" meanSpeed="20.60" meanSpeedRelative="0.64" duration="3"/>
    <step time="30000.00" loaded="24603" inserted="23321" running="475" waiting="1282" ended="22846" arrived="22846" collisions="43" teleports="43" halting="9" stopped="0" meanWaitingTime="188.70" meanTravelTime="289.90" meanSpeed="19.76" meanSpeedRelative="0.62" duration="5"/>
    <step time="30300.00" loaded="24963" inserted="23733" running="456" waiting="1230" ended="23277" arrived="23277" collisions="43" teleports="43" halting="0" stopped="0" meanWaitingTime="199.90" meanTravelTime="290.60" meanSpeed="20.14" meanSpeedRelative="0.63" duration="3"/>
    <step time="30600.00" loaded="25310" inserted="24138" running="429" waiting="1172" ended="23709" arrived="23709" collisions="44" teleports="44" halting="17" stopped="0" meanWaitingTime="212.34" meanTravelTime="291.32" meanSpeed="19.71" meanSpeedRelative="0.62" duration="2"/>
    <step time="30900.00" loaded="25653" inserted="24534" running="389" waiting="1119" ended="24145" arrived="24145" collisions="44" teleports="44" halting="13" stopped="0" meanWaitingTime="225.39" meanTravelTime="291.83" meanSpeed="19.93" meanSpeedRelative="0.62" duration="2"/>
    <step time="31200.00" loaded="25995" inserted="24947" running="400" waiting="1048" ended="24547" arrived="24547" collisions="46" teleports="46" halting="4" stopped="0" meanWaitingTime="237.44" meanTravelTime="291.78" meanSpeed="21.00" meanSpeedRelative="0.66" duration="2"/>
    <step time="31500.00" loaded="26373" inserted="25389" running="426" waiting="984" ended="24963" arrived="24963" collisions="46" teleports="46" halting="17" stopped="0" meanWaitingTime="250.13" meanTravelTime="291.66" meanSpeed="19.77" meanSpeedRelative="0.62" duration="3"/>
    <step time="31800.00" loaded="26724" inserted="25771" running="413" waiting="953" ended="25358" arrived="25358" collisions="47" teleports="47" halting="16" stopped="0" meanWaitingTime="258.48" meanTravelTime="291.90" meanSpeed="19.82" meanSpeedRelative="0.62" duration="3"/>
    <step time="32100.00" loaded="27082" inserted="26192" running="431" waiting="890" ended="25761" arrived="25761" collisions="47" teleports="47" halting="9" stopped="0" meanWaitingTime="268.54" meanTravelTime="292.19" meanSpeed="19.59" meanSpeedRelative="0.61" duration="2"/>
    <step time="32400.00" loaded="27439" inserted="26606" running="447" waiting="833" ended="26159" arrived="26159" collisions="47" teleports="47" halting="8" stopped="0" meanWaitingTime="276.68" meanTravelTime="292.48" meanSpeed="19.47" meanSpeedRelative="0.61" duration="86"/>
    <step time="32700.00" loaded="27714" inserted="26947" running="382" waiting="767" ended="26565" arrived="26565" collisions="49" teleports="49" halting="2" stopped="0" meanWaitingTime="284.25" meanTravelTime="292.91" meanSpeed="20.39" meanSpeedRelative="0.64" duration="2"/>
    <step time="33000.00" loaded="27969" inserted="27285" running="350" waiting="684" ended="26935" arrived="26935" collisions="49" teleports="49" halting="13" stopped="0" meanWaitingTime="292.49" meanTravelTime="293.17" meanSpeed="20.60" meanSpeedRelative="0.64" duration="2"/>
    <step time="33300.00" loaded="28218" inserted="27627" running="333" waiting="591" ended="27294" arrived="27294" collisions="50" teleports="50" halting="9" stopped="0" meanWaitingTime="300.91" meanTravelTime="293.38" meanSpeed="20.43" meanSpeedRelative="0.64" duration="2"/>
    <step time="33600.00" loaded="28499" inserted="27971" running="321" waiting="528" ended="27650" arrived="27650" collisions="50" teleports="50" halting="18" stopped="0" meanWaitingTime="305.36" meanTravelTime="293.28" meanSpeed="20.79" meanSpeedRelative="0.65" duration="2"/>
    <step time="33900.00" loaded="28764" inserted="28306" running="314" waiting="458" ended="27992" arrived="27992" collisions="51" teleports="51" halting="2" stopped="0" meanWaitingTime="310.79" meanTravelTime="293.29" meanSpeed="20.16" meanSpeedRelative="0.63" duration="1"/>
    <step time="34200.00" loaded="29052" inserted="28651" running="330" waiting="401" ended="28321" arrived="28321" collisions="51" teleports="51" halting="16" stopped="0" meanWaitingTime="314.37" meanTravelTime="293.04" meanSpeed="19.93" meanSpeedRelative="0.62" duration="2"/>
    <step time="34500.00" loaded="29300" inserted="28947" running="302" waiting="353" ended="28645" arrived="28645" collisions="51" teleports="51" halting="15" stopped="0" meanWaitingTime="314.79" meanTravelTime="293.14" meanSpeed="20.22" meanSpeedRelative="0.63" duration="2"/>
    <step time="34800.00" loaded="29591" inserted="29295" running="326" waiting="296" ended="28969" arrived="28969" collisions="51" teleports="51" halting="1" stopped="0" meanWaitingTime="315.18" meanTravelTime="293.03" meanSpeed="20.13" meanSpeedRelative="0.63" duration="2"/>
    <step time="35100.00" loaded="29862" inserted="29623" running="343" waiting="239" ended="29280" arrived="29280" collisions="52" teleports="52" halting="4" stopped="0" meanWaitingTime="315.27" meanTravelTime="292.91" meanSpeed="20.39" meanSpeedRelative="0.64" duration="2"/>
    <step time="35400.00" loaded="30122" inserted="29907" running="287" waiting="215" ended="29620" arrived="29620" collisions="52" teleports="52" halting="16" stopped="0" meanWaitingTime="313.42" meanTravelTime="293.19" meanSpeed="20.53" meanSpeedRelative="0.64" duration="2"/>
    <step time="35700.00" loaded="30372" inserted="30183" running="268" waiting="189" ended="29915" arrived="29915" collisions="52" teleports="52" halting="2" stopped="0" meanWaitingTime="315.42" meanTravelTime="293.10" meanSpeed="22.64" meanSpeedRelative="0.71" duration="2"/>
    <step time="36000.00" loaded="30623" inserted="30477" running="275" waiting="146" ended="30202" arrived="30202" collisions="53" teleports="53" halting="0" stopped="0" meanWaitingTime="317.45" meanTravelTime="293.15" meanSpeed="22.52" meanSpeedRelative="0.70" duration="83"/>
    <step time="36300.00" loaded="31120" inserted="30974" running="415" waiting="146" ended="30559" arrived="30559" collisions="54" teleports="54" halting="16" stopped="0" meanWaitingTime="316.51" meanTravelTime="292.56" meanSpeed="20.67" meanSpeedRelative="0.65" duration="2"/>
    <step time="36600.00" loaded="31582" inserted="31405" running="444" waiting="177" ended="30961" arrived="30961" collisions="54" teleports="54" halting="1" stopped="0" meanWaitingTime="314.29" meanTravelTime="292.48" meanSpeed="20.80" meanSpeedRelative="0.65" duration="3"/>
    <step time="36900.00" loaded="32048" inserted="31861" running="457" waiting="187" ended="31404" arrived="31404" collisions="54" teleports="54" halting="1" stopped="0" meanWaitingTime="312.03" meanTravelTime="292.53" meanSpeed="19.82" meanSpeedRelative="0.62" duration="3"/>
    <step time="37200.00" loaded="32480" inserted="32282" running="473" waiting="198" ended="31809" arrived="31809" collisions="54" teleports="54" halting="6" stopped="0" meanWaitingTime="309.42" meanTravelTime="292.91" meanSpeed="20.33" meanSpeedRelative="0.64" duration="3"/>
    <step time="37500.00" loaded="32957" inserted="32731" running="472" waiting="226" ended="32259" arrived="32259" collisions="54" teleports="54" halting="15" stopped="0" meanWaitingTime="306.90" meanTravelTime="293.42" meanSpeed="19.79" meanSpeedRelative="0.62" duration="3"/>
    <step time="37800.00" loaded="33414" inserted="33168" running="449" waiting="246" ended="32719" arrived="32719" collisions="54" teleports="54" halting="16" stopped="0" meanWaitingTime="304.42" meanTravelTime="293.66" meanSpeed="19.98" meanSpeedRelative="0.62" duration="2"/>
    <step time="38100.00" loaded="33873" inserted="33610" running="477" waiting="263" ended="33133" arrived="33133" collisions="55" teleports="55" halting="17" stopped="0" meanWaitingTime="302.53" meanTravelTime="294.12" meanSpeed="19.34" meanSpeedRelative="0.60" duration="3"/>
    <step time="38400.00" loaded="34345" inserted="34038" running="483" waiting="307" ended="33555" arrived="33555" collisions="56" teleports="56" halting="2" stopped="0" meanWaitingTime="300.34" meanTravelTime="294.47" meanSpeed="20.00" meanSpeedRelative="0.62" duration="3"/>
    <step time="38700.00" loaded="34831" inserted="34508" running="494" waiting="323" ended="34014" arrived="34014" collisions="59" teleports="59" halting="2" stopped="0" meanWaitingTime="298.48" meanTravelTime="294.74" meanSpeed="19.70" meanSpeedRelative="0.62" duration="2"/>
    <step time="39000.00" loaded="35294" inserted="34955" running="469" waiting="339" ended="34486" arrived="34486" collisions="60" teleports="60" halting="18" stopped="0" meanWaitingTime="296.89" meanTravelTime="295.25" meanSpeed="19.89" meanSpeedRelative="0.62" duration="2"/>
    <step time="39300.00" loaded="35723" inserted="35378" running="444" waiting="345" ended="34934" arrived="34934" collisions="63" teleports="63" halting="1" stopped="0" meanWaitingTime="296.03" meanTravelTime="295.50" meanSpeed="19.51" meanSpeedRelative="0.61" duration="2"/>
    <step time="39600.00" loaded="36202" inserted="35838" running="476" waiting="364" ended="35362" arrived="35362" collisions="64" teleports="64" halting="14" stopped="0" meanWaitingTime="295.11" meanTravelTime="295.55" meanSpeed="19.82" meanSpeedRelative="0.62" duration="87"/>
    <step time="39900.00" loaded="36733" inserted="36325" running="560" waiting="408" ended="35765" arrived="35765" collisions="65" teleports="65" halting="8" stopped="0" meanWaitingTime="294.09" meanTravelTime="296.08" meanSpeed="18.96" meanSpeedRelative="0.59" duration="3"/>
    <step time="40200.00" loaded="37227" inserted="36771" running="569" waiting="456" ended="36202" arrived="36202" collisions="65" teleports="65" halting="17" stopped="0" meanWaitingTime="293.31" meanTravelTime="296.70" meanSpeed="18.00" meanSpeedRelative="0.56" duration="3"/>
    <step time="40500.00" loaded="37779" inserted="37240" running="558" waiting="539" ended="36682" arrived="36682" collisions="65" teleports="65" halting="3" stopped="0" meanWaitingTime="292.93" meanTravelTime="297.59" meanSpeed="18.95" meanSpeedRelative="0.59" duration="3"/>
    <step time="40800.00" loaded="38308" inserted="37722" running="580" waiting="586" ended="37142" arrived="37142" collisions="67" teleports="67" halting="1" stopped="0" meanWaitingTime="292.55" meanTravelTime="298.39" meanSpeed="18.26" meanSpeedRelative="0.57" duration="3"/>
    <step time="41100.00" loaded="38827" inserted="38198" running="569" waiting="629" ended="37629" arrived="37629" collisions="72" teleports="72" halting="12" stopped="0" meanWaitingTime="292.75" meanTravelTime="299.32" meanSpeed="18.81" meanSpeedRelative="0.59" duration="4"/>
    <step time="41400.00" loaded="39350" inserted="38688" running="579" waiting="662" ended="38109" arrived="38109" collisions="73" teleports="73" halting="9" stopped="0" meanWaitingTime="293.37" meanTravelTime="299.89" meanSpeed="18.45" meanSpeedRelative="0.58" duration="3"/>
    <step time="41700.00" loaded="39859" inserted="39158" running="563" waiting="701" ended="38595" arrived="38595" collisions="74" teleports="74" halting="2" stopped="0" meanWaitingTime="294.25" meanTravelTime="300.70" meanSpeed="18.80" meanSpeedRelative="0.59" duration="3"/>
    <step time="42000.00" loaded="40370" inserted="39614" running="529" waiting="756" ended="39085" arrived="39085" collisions="74" teleports="74" halting="9" stopped="0" meanWaitingTime="294.97" meanTravelTime="301.51" meanSpeed="19.11" meanSpeedRelative="0.60" duration="4"/>
    <step time="42300.00" loaded="40866" inserted="40096" running="547" waiting="770" ended="39549" arrived="39549" collisions="75" teleports="75" halting="2" stopped="0" meanWaitingTime="295.99" meanTravelTime="301.79" meanSpeed="19.22" meanSpeedRelative="0.60" duration="3"/>
    <step time="42600.00" loaded="41348" inserted="40541" running="535" waiting="807" ended="40006" arrived="40006" collisions="75" teleports="75" halting="6" stopped="0" meanWaitingTime="297.66" meanTravelTime="302.37" meanSpeed="18.37" meanSpeedRelative="0.57" duration="3"/>
    <step time="42900.00" loaded="41891" inserted="41001" running="548" waiting="890" ended="40453" arrived="40453" collisions="77" teleports="77" halting="2" stopped="0" meanWaitingTime="298.54" meanTravelTime="303.02" meanSpeed="19.35" meanSpeedRelative="0.60" duration="3"/>
    <step time="43200.00" loaded="42420" inserted="41493" running="576" waiting="927" ended="40917" arrived="40917" collisions="78" teleports="78" halting="36" stopped="0" meanWaitingTime="300.69" meanTravelTime="303.65" meanSpeed="18.03" meanSpeedRelative="0.56" duration="92"/>
    <step time="43500.00" loaded="42983" inserted="41967" running="574" waiting="1016" ended="41393" arrived="41393" collisions="79" teleports="79" halting="4" stopped="0" meanWaitingTime="301.91" meanTravelTime="304.26" meanSpeed="19.32" meanSpeedRelative="0.60" duration="3"/>
    <step time="43800.00" loaded="43524" inserted="42465" running="594" waiting="1059" ended="41871" arrived="41871" collisions="81" teleports="81" halting="1" stopped="0" meanWaitingTime="304.24" meanTravelTime="304.86" meanSpeed="19.29" meanSpeedRelative="0.60" duration="3"/>
    <step time="44100.00" loaded="44035" inserted="42940" running="581" waiting="1095" ended="42359" arrived="42359" collisions="84" teleports="84" halting="2" stopped="0" meanWaitingTime="306.78" meanTravelTime="305.71" meanSpeed="18.76" meanSpeedRelative="0.59" duration="3"/>
    <step time="44400.00" loaded="44551" inserted="43424" running="599" waiting="1127" ended="42825" arrived="42825" collisions="85" teleports="85" halting="10" stopped="0" meanWaitingTime="309.47" meanTravelTime="306.39" meanSpeed="18.20" meanSpeedRelative="0.57" duration="3"/>
    <step time="44700.00" loaded="45066" inserted="43904" running="637" waiting="1162" ended="43267" arrived="43267" collisions="87" teleports="87" halting="17" stopped="0" meanWaitingTime="311.12" meanTravelTime="306.93" meanSpeed="18.22" meanSpeedRelative="0.57" duration="4"/>
    <step time="45000.00" loaded="45618" inserted="44424" running="677" waiting="1194" ended="43747" arrived="43747" collisions="89" teleports="89" halting="21" stopped="0" meanWaitingTime="314.79" meanTravelTime="307.71" meanSpeed="16.86" meanSpeedRelative="0.53" duration="5"/>
    <step time="45300.00" loaded="46162" inserted="44895" running="657" waiting="1267" ended="44238" arrived="44238" collisions="91" teleports="91" halting="7" stopped="0" meanWaitingTime="317.76" meanTravelTime="308.95" meanSpeed="17.48" meanSpeedRelative="0.55" duration="3"/>
    <step time="45600.00" loaded="46698" inserted="45387" running="661" waiting="1311" ended="44726" arrived="44726" collisions="94" teleports="94" halting="10" stopped="0" meanWaitingTime="321.17" meanTravelTime="309.91" meanSpeed="16.98" meanSpeedRelative="0.53" duration="4"/>
    <step time="45900.00" loaded="47251" inserted="45859" running="652" waiting="1392" ended="45207" arrived="45207" collisions="96" teleports="96" halting="3" stopped="0" meanWaitingTime="323.99" meanTravelTime="310.75" meanSpeed="17.34" meanSpeedRelative="0.54" duration="4"/>
    <step time="46200.00" loaded="47784" inserted="46319" running="642" waiting="1465" ended="45677" arrived="45677" collisions="99" teleports="99" halting="4" stopped="0" meanWaitingTime="326.61" meanTravelTime="311.77" meanSpeed="17.45" meanSpeedRelative="0.55" duration="5"/>
    <step time="46500.00" loaded="48311" inserted="46792" running="640" waiting="1519" ended="46152" arrived="46152" collisions="101" teleports="101" halting="20" stopped="0" meanWaitingTime="330.33" meanTravelTime="312.97" meanSpeed="16.90" meanSpeedRelative="0.53" duration="4"/>
    <step time="46800.00" loaded="48840" inserted="47260" running="621" waiting="1580" ended="46639" arrived="46639" collisions="103" teleports="103" halting="16" stopped="0" meanWaitingTime="333.84" meanTravelTime="313.97" meanSpeed="17.27" meanSpeedRelative="0.54" duration="92"/>
    <step time="47100.00" loaded="49370" inserted="47712" running="601" waiting="1658" ended="47111" arrived="47111" collisions="103" teleports="103" halting="16" stopped="0" meanWaitingTime="336.36" meanTravelTime="315.00" meanSpeed="17.09" meanSpeedRelative="0.53" duration="4"/>
    <step time="47400.00" loaded="49891" inserted="48201" running="629" waiting="1690" ended="47572" arrived="47572" collisions="103" teleports="103" halting="8" stopped="0" meanWaitingTime="340.99" meanTravelTime="315.82" meanSpeed="17.52" meanSpeedRelative="0.55" duration="4"/>
    <step time="47700.00" loaded="50429" inserted="48690" running="661" waiting="1739" ended="48029" arrived="48029" collisions="105" teleports="105" halting="5" stopped="0" meanWaitingTime="346.04" meanTravelTime="316.37" meanSpeed="16.63" meanSpeedRelative="0.52" duration="5"/>
    <step time="48000.00" loaded="50934" inserted="49132" running="618" waiting="1802" ended="48514" arrived="48514" collisions="107" teleports="107" halting="18" stopped="0" meanWaitingTime="348.47" meanTravelTime="317.23" meanSpeed="16.42" meanSpeedRelative="0.51" duration="3"/>
    <step time="48300.00" loaded="51469" inserted="49603" running="641" waiting="1866" ended="48962" arrived="48962" collisions="109" teleports="109" halting="8" stopped="0" meanWaitingTime="353.13" meanTravelTime="318.16" meanSpeed="16.80" meanSpeedRelative="0.52" duration="3"/>
    <step time="48600.00" loaded="52025" inserted="50117" running="698" waiting="1908" ended="49419" arrived="49419" collisions="111" teleports="111" halting="7" stopped="0" meanWaitingTime="358.80" meanTravelTime="318.82" meanSpeed="15.93" meanSpeedRelative="0.50" duration="5"/>
    <step time="48900.00" loaded="52563" inserted="50588" running="690" waiting="1975" ended="49898" arrived="49898" collisions="112" teleports="112" halting="20" stopped="0" meanWaitingTime="364.23" meanTravelTime="319.84" meanSpeed="16.58" meanSpeedRelative="0.52" duration="5"/>
    <step time="49200.00" loaded="53100" inserted="51065" running="693" waiting="2035" ended="50372" arrived="50372" collisions="113" teleports="113" halting="5" stopped="0" meanWaitingTime="368.29" meanTravelTime="320.80" meanSpeed="16.56" meanSpeedRelative="0.52" duration="4"/>
    <step time="49500.00" loaded="53609" inserted="51549" running="683" waiting="2060" ended="50866" arrived="50866" collisions="115" teleports="115" halting="0" stopped="0" meanWaitingTime="373.97" meanTravelTime="321.82" meanSpeed="16.92" meanSpeedRelative="0.53" duration="4"/>
    <step time="49800.00" loaded="54148" inserted="52012" running="656" waiting="2136" ended="51356" arrived="51356" collisions="120" teleports="120" halting="1" stopped="0" meanWaitingTime="379.30" meanTravelTime="322.58" meanSpeed="16.49" meanSpeedRelative="0.52" duration="4"/>
    <step time="50100.00" loaded="54668" inserted="52481" running="648" waiting="2187" ended="51833" arrived="51833" collisions="121" teleports="121" halting="7" stopped="0" meanWaitingTime="385.78" meanTravelTime="323.89" meanSpeed="16.85" meanSpeedRelative="0.53" duration="5"/>
    <step time="50400.00" loaded="55165" inserted="52956" running="641" waiting="2209" ended="52315" arrived="52315" collisions="127" teleports="127" halting="5" stopped="0" meanWaitingTime="392.26" meanTravelTime="324.63" meanSpeed="17.12" meanSpeedRelative="0.53" duration="92"/>
    <step time="50700.00" loaded="55865" inserted="53555" running="768" waiting="2310" ended="52787" arrived="52787" collisions="128" teleports="128" halting="24" stopped="0" meanWaitingTime="400.37" meanTravelTime="325.23" meanSpeed="16.10" meanSpeedRelative="0.50" duration="5"/>
    <step time="51000.00" loaded="56620" inserted="54100" running="796" waiting="2520" ended="53304" arrived="53304" collisions="130" teleports="130" halting="17" stopped="0" meanWaitingTime="405.43" meanTravelTime="326.09" meanSpeed="15.14" meanSpeedRelative="0.47" duration="5"/>
    <step time="51300.00" loaded="57350" inserted="54646" running="825" waiting="2704" ended="53821" arrived="53821" collisions="132" teleports="132" halting="8" stopped="0" meanWaitingTime="412.81" meanTravelTime="326.94" meanSpeed="14.89" meanSpeedRelative="0.47" duration="6"/>
    <step time="51600.00" loaded="58094" inserted="55205" running="878" waiting="2889" ended="54327" arrived="54327" collisions="135" teleports="135" halting="29" stopped="0" meanWaitingTime="420.21" meanTravelTime="328.24" meanSpeed="14.19" meanSpeedRelative="0.44" duration="8"/>
    <step time="51900.00" loaded="58819" inserted="55734" running="895" waiting="3085" ended="54839" arrived="54839" collisions="139" teleports="139" halting="6" stopped="0" meanWaitingTime="425.71" meanTravelTime="329.59" meanSpeed="14.28" meanSpeedRelative="0.45" duration="7"/>
    <step time="52200.00" loaded="59515" inserted="56257" running="863" waiting="3258" ended="55394" arrived="55394" collisions="141" teleports="141" halting="24" stopped="0" meanWaitingTime="431.92" meanTravelTime="330.89" meanSpeed="14.63" meanSpeedRelative="0.46" duration="4"/>
    <step time="52500.00" loaded="60204" inserted="56800" running="869" waiting="3404" ended="55931" arrived="55931" collisions="142" teleports="142" halting="17" stopped="0" meanWaitingTime="440.21" meanTravelTime="332.44" meanSpeed="14.34" meanSpeedRelative="0.45" duration="6"/>
    <step time="52800.00" loaded="60944" inserted="57344" running="889" waiting="3600" ended="56455" arrived="56455" collisions="144" teleports="144" halting="22" stopped="0" meanWaitingTime="447.12" meanTravelTime="333.93" meanSpeed="13.17" meanSpeedRelative="0.41" duration="7"/>
    <step time="53100.00" loaded="61699" inserted="57867" running="900" waiting="3832" ended="56967" arrived="56967" collisions="145" teleports="145" halting="13" stopped="0" meanWaitingTime="452.91" meanTravelTime="335.71" meanSpeed="13.54" meanSpeedRelative="0.42" duration="7"/>
    <step time="53400.00" loaded="62434" inserted="58408" running="915" waiting="4026" ended="57493" arrived="57493" collisions="145" teleports="145" halting="19" stopped="0" meanWaitingTime="461.57" meanTravelTime="337.13" meanSpeed="13.60" meanSpeedRelative="0.43" duration="5"/>
    <step time="53700.00" loaded="63135" inserted="58890" running="876" waiting="4245" ended="58014" arrived="58014" collisions="147" teleports="147" halting="25" stopped="0" meanWaitingTime="467.68" meanTravelTime="338.72" meanSpeed="13.40" meanSpeedRelative="0.42" duration="5"/>
    <step time="54000.00" loaded="63857" inserted="59435" running="908" waiting="4422" ended="58527" arrived="58527" collisions="148" teleports="148" halting="19" stopped="0" meanWaitingTime="478.47" meanTravelTime="340.18" meanSpeed="13.32" meanSpeedRelative="0.42" duration="93"/>
    <step time="54300.00" loaded="64303" inserted="59886" running="845" waiting="4417" ended="59041" arrived="59041" collisions="149" teleports="149" halting="29" stopped="0" meanWaitingTime="489.28" meanTravelTime="341.73" meanSpeed="13.33" meanSpeedRelative="0.42" duration="7"/>
    <step time="54600.00" loaded="64801" inserted="60367" running="850" waiting="4434" ended="59517" arrived="59517" collisions="152" teleports="152" halting="17" stopped="0" meanWaitingTime="499.02" meanTravelTime="343.51" meanSpeed="12.82" meanSpeedRelative="0.40" duration="6"/>
    <step time="54900.00" loaded="65268" inserted="60838" running="823" waiting="4430" ended="60015" arrived="60015" collisions="154" teleports="154" halting="21" stopped="0" meanWaitingTime="510.15" meanTravelTime="345.12" meanSpeed="13.83" meanSpeedRelative="0.43" duration="5"/>
    <step time="55200.00" loaded="65736" inserted="61328" running="807" waiting="4408" ended="60521" arrived="60521" collisions="157" teleports="157" halting="22" stopped="0" meanWaitingTime="522.11" meanTravelTime="346.58" meanSpeed="13.78" meanSpeedRelative="0.43" duration="6"/>
    <step time="55500.00" loaded="66184" inserted="61794" running="763" waiting="4390" ended="61031" arrived="61031" collisions="158" teleports="158" halting="3" stopped="0" meanWaitingTime="533.72" meanTravelTime="347.76" meanSpeed="14.97" meanSpeedRelative="0.47" duration="7"/>
    <step time="55800.00" loaded="66672" inserted="62297" running="749" waiting="4375" ended="61548" arrived="61548" collisions="159" teleports="159" halting="11" stopped="0" meanWaitingTime="546.42" meanTravelTime="348.74" meanSpeed="14.97" meanSpeedRelative="0.47" duration="6"/>
    <step time="56100.00" loaded="67102" inserted="62774" running="751" waiting="4328" ended="62023" arrived="62023" collisions="161" teleports="161" halting="22" stopped="0" meanWaitingTime="559.84" meanTravelTime="349.39" meanSpeed="15.12" meanSpeedRelative="0.47" duration="6"/>
    <step time="56400.00" loaded="67548" inserted="63285" running="802" waiting="4263" ended="62483" arrived="62483" collisions="162" teleports="162" halting="28" stopped="0" meanWaitingTime="574.48" meanTravelTime="350.00" meanSpeed="14.79" meanSpeedRelative="0.46" duration="6"/>
    <step time="56700.00" loaded="67999" inserted="63687" running="734" waiting="4312" ended="62953" arrived="62953" collisions="162" teleports="162" halting="13" stopped="0" meanWaitingTime="583.31" meanTravelTime="351.10" meanSpeed="15.59" meanSpeedRelative="0.49" duration="5"/>
    <step time="57000.00" loaded="68441" inserted="64142" running="696" waiting="4299" ended="63446" arrived="63446" collisions="163" teleports="163" halting="13" stopped="0" meanWaitingTime="596.05" meanTravelTime="352.35" meanSpeed="15.27" meanSpeedRelative="0.48" duration="5"/>
    <step time="57300.00" loaded="68887" inserted="64588" running="699" waiting="4299" ended="63889" arrived="63889" collisions="169" teleports="169" halting="34" stopped="0" meanWaitingTime="608.44" meanTravelTime="353.08" meanSpeed="15.35" meanSpeedRelative="0.48" duration="5"/>
    <step time="57600.00" loaded="69318" inserted="65053" running="695" waiting="4265" ended="64358" arrived="64358" collisions="169" teleports="169" halting="5" stopped="0" meanWaitingTime="623.10" meanTravelTime="354.12" meanSpeed="15.71" meanSpeedRelative="0.49" duration="85"/>
    <step time="57900.00" loaded="69840" inserted="65569" running="748" waiting="4271" ended="64821" arrived="64821" collisions="170" teleports="170" halting="3" stopped="0" meanWaitingTime="636.20" meanTravelTime="354.87" meanSpeed="15.39" meanSpeedRelative="0.48" duration="6"/>
    <step time="58200.00" loaded="70444" inserted="66073" running="784" waiting="4371" ended="65289" arrived="65289" collisions="170" teleports="170" halting="18" stopped="0" meanWaitingTime="647.54" meanTravelTime="355.51" meanSpeed="15.15" meanSpeedRelative="0.47" duration="5"/>
    <step time="58500.00" loaded="70967" inserted="66572" running="780" waiting="4395" ended="65792" arrived="65792" collisions="174" teleports="174" halting="24" stopped="0" meanWaitingTime="660.46" meanTravelTime="356.25" meanSpeed="14.50" meanSpeedRelative="0.45" duration="5"/>
    <step time="58800.00" loaded="71548" inserted="67063" running="790" waiting="4485" ended="66273" arrived="66273" collisions="175" teleports="175" halting="13" stopped="0" meanWaitingTime="669.05" meanTravelTime="356.98" meanSpeed="14.19" meanSpeedRelative="0.44" duration="6"/>
    <step time="59100.00" loaded="72121" inserted="67570" running="837" waiting="4551" ended="66733" arrived="66733" collisions="175" teleports="175" halting="15" stopped="0" meanWaitingTime="683.05" meanTravelTime="357.79" meanSpeed="14.91" meanSpeedRelative="0.47" duration="6"/>
    <step time="59400.00" loaded="72638" inserted="68020" running="782" waiting="4618" ended="67238" arrived="67238" collisions="176" teleports="176" halting="11" stopped="0" meanWaitingTime="693.28" meanTravelTime="358.87" meanSpeed="14.19" meanSpeedRelative="0.44" duration="7"/>
    <step time="59700.00" loaded="73209" inserted="68542" running="800" waiting="4667" ended="67742" arrived="67742" collisions="179" teleports="179" halting="21" stopped="0" meanWaitingTime="706.38" meanTravelTime="359.73" meanSpeed="14.01" meanSpeedRelative="0.44" duration="7"/>
    <step time="60000.00" loaded="73773" inserted="69046" running="791" waiting="4727" ended="68255" arrived="68255" collisions="180" teleports="180" halting="11" stopped="0" meanWaitingTime="718.30" meanTravelTime="360.49" meanSpeed="14.31" meanSpeedRelative="0.45" duration="7"/>
    <step time="60300.00" loaded="74323" inserted="69568" running="820" waiting="4755" ended="68748" arrived="68748" collisions="183" teleports="183" halting="12" stopped="0" meanWaitingTime="731.26" meanTravelTime="361.33" meanSpeed="13.96" meanSpeedRelative="0.44" duration="6"/>
    <step time="60600.00" loaded="74895" inserted="70044" running="797" waiting="4851" ended="69247" arrived="69247" collisions="185" teleports="185" halting="7" stopped="0" meanWaitingTime="739.92" meanTravelTime="362.26" meanSpeed="14.40" meanSpeedRelative="0.45" duration="7"/>
    <step time="60900.00" loaded="75501" inserted="70581" running="827" waiting="4920" ended="69754" arrived="69754" collisions="186" teleports="186" halting="21" stopped="0" meanWaitingTime="754.43" meanTravelTime="363.09" meanSpeed="14.48" meanSpeedRelative="0.45" duration="7"/>
    <step time="61200.00" loaded="76060" inserted="71050" running="792" waiting="5010" ended="70258" arrived="70258" collisions="186" teleports="186" halting="4" stopped="0" meanWaitingTime="766.88" meanTravelTime="363.91" meanSpeed="14.42" meanSpeedRelative="0.45" duration="85"/>
    <step time="61500.00" loaded="76135" inserted="71371" running="671" waiting="4764" ended="70700" arrived="70700" collisions="188" teleports="188" halting="4" stopped="0" meanWaitingTime="780.29" meanTravelTime="364.89" meanSpeed="14.65" meanSpeedRelative="0.46" duration="5"/>
    <step time="61800.00" loaded="76210" inserted="71719" running="626" waiting="4491" ended="71093" arrived="71093" collisions="188" teleports="188" halting="17" stopped="0" meanWaitingTime="795.26" meanTravelTime="365.89" meanSpeed="14.95" meanSpeedRelative="0.47" duration="4"/>
    <step time="62100.00" loaded="76301" inserted="72099" running="577" waiting="4202" ended="71522" arrived="71522" collisions="188" teleports="188" halting="8" stopped="0" meanWaitingTime="812.87" meanTravelTime="366.77" meanSpeed="15.75" meanSpeedRelative="0.49" duration="5"/>
    <step time="62400.00" loaded="76371" inserted="72468" running="574" waiting="3903" ended="71894" arrived="71894" collisions="189" teleports="189" halting="2" stopped="0" meanWaitingTime="828.90" meanTravelTime="367.53" meanSpeed="15.30" meanSpeedRelative="0.48" duration="5"/>
    <step time="62700.00" loaded="76439" inserted="72862" running="580" waiting="3577" ended="72282" arrived="72282" collisions="189" teleports="189" halting="14" stopped="0" meanWaitingTime="846.75" meanTravelTime="368.10" meanSpeed="15.42" meanSpeedRelative="0.48" duration="4"/>
    <step time="63000.00" loaded="76522" inserted="73252" running="600" waiting="3270" ended="72652" arrived="72652" collisions="189" teleports="189" halting="19" stopped="0" meanWaitingTime="861.23" meanTravelTime="368.63" meanSpeed="14.74" meanSpeedRelative="0.46" duration="4"/>
    <step time="63300.00" loaded="76590" inserted="73621" running="577" waiting="2969" ended="73044" arrived="73044" collisions="190" teleports="190" halting="6" stopped="0" meanWaitingTime="874.12" meanTravelTime="369.20" meanSpeed="14.53" meanSpeedRelative="0.45" duration="3"/>
    <step time="63600.00" loaded="76660" inserted="73984" running="559" waiting="2676" ended="73425" arrived="73425" collisions="190" teleports="190" halting="3" stopped="0" meanWaitingTime="890.09" meanTravelTime="369.51" meanSpeed="14.91" meanSpeedRelative="0.47" duration="3"/>
    <step time="63900.00" loaded="76731" inserted="74331" running="554" waiting="2400" ended="73777" arrived="73777" collisions="192" teleports="192" halting="2" stopped="0" meanWaitingTime="906.66" meanTravelTime="369.88" meanSpeed="14.17" meanSpeedRelative="0.44" duration="4"/>
    <step time="64200.00" loaded="76800" inserted="74660" running="501" waiting="2140" ended="74159" arrived="74159" collisions="193" teleports="193" halting="10" stopped="0" meanWaitingTime="920.12" meanTravelTime="370.46" meanSpeed="14.70" meanSpeedRelative="0.46" duration="3"/>
    <step time="64500.00" loaded="76868" inserted="74925" running="393" waiting="1943" ended="74532" arrived="74532" collisions="194" teleports="194" halting="6" stopped="0" meanWaitingTime="931.93" meanTravelTime="370.85" meanSpeed="17.34" meanSpeedRelative="0.54" duration="3"/>
    <step time="64800.00" loaded="76946" inserted="75167" running="277" waiting="1779" ended="74890" arrived="74890" collisions="195" teleports="195" halting="0" stopped="0" meanWaitingTime="945.95" meanTravelTime="371.38" meanSpeed="22.32" meanSpeedRelative="0.70" duration="91"/>
    <step time="65100.00" loaded="76997" inserted="75405" running="255" waiting="1592" ended="75150" arrived="75150" collisions="195" teleports="195" halting="0" stopped="0" meanWaitingTime="961.80" meanTravelTime="371.34" meanSpeed="22.78" meanSpeedRelative="0.71" duration="2"/>
    <step time="65400.00" loaded="77052" inserted="75654" running="261" waiting="1398" ended="75393" arrived="75393" collisions="195" teleports="195" halting="0" stopped="0" meanWaitingTime="978.52" meanTravelTime="371.16" meanSpeed="22.06" meanSpeedRelative="0.69" duration="2"/>
    <step time="65700.00" loaded="77105" inserted="75896" running="248" waiting="1209" ended="75648" arrived="75648" collisions="196" teleports="196" halting="2" stopped="0" meanWaitingTime="994.34" meanTravelTime="370.90" meanSpeed="21.48" meanSpeedRelative="0.67" duration="3"/>
    <step time="66000.00" loaded="77151" inserted="76130" running="234" waiting="1021" ended="75896" arrived="75896" collisions="196" teleports="196" halting="0" stopped="0" meanWaitingTime="1007.97" meanTravelTime="370.73" meanSpeed="22.26" meanSpeedRelative="0.70" duration="2"/>
    <step time="66300.00" loaded="77196" inserted="76375" running="239" waiting="821" ended="76136" arrived="76136" collisions="196" teleports="196" halting="0" stopped="0" meanWaitingTime="1020.51" meanTravelTime="370.43" meanSpeed="22.99" meanSpeedRelative="0.72" duration="2"/>
    <step time="66600.00" loaded="77259" inserted="76592" running="218" waiting="667" ended="76374" arrived="76374" collisions="196" teleports="196" halting="3" stopped="0" meanWaitingTime="1031.40" meanTravelTime="370.22" meanSpeed="21.35" meanSpeedRelative="0.67" duration="2"/>
    <step time="66900.00" loaded="77304" inserted="76765" running="158" waiting="539" ended="76607" arrived="76607" collisions="196" teleports="196" halting="0" stopped="0" meanWaitingTime="1041.31" meanTravelTime="370.04" meanSpeed="23.33" meanSpeedRelative="0.73" duration="1"/>
    <step time="67200.00" loaded="77358" inserted="76951" running="151" waiting="407" ended="76800" arrived="76800" collisions="196" teleports="196" halting="0" stopped="0" meanWaitingTime="1051.31" meanTravelTime="369.76" meanSpeed="23.36" meanSpeedRelative="0.73" duration="1"/>
    <step time="67500.00" loaded="77414" inserted="77141" running="152" waiting="273" ended="76989" arrived="76989" collisions="196" teleports="196" halting="3" stopped="0" meanWaitingTime="1059.53" meanTravelTime="369.47" meanSpeed="23.44" meanSpeedRelative="0.73" duration="2"/>
    <step time="67800.00" loaded="77465" inserted="77311" running="140" waiting="154" ended="77171" arrived="77171" collisions="196" teleports="196" halting="0" stopped="0" meanWaitingTime="1065.06" meanTravelTime="369.16" meanSpeed="25.95" meanSpeedRelative="0.81" duration="1"/>
    <step time="68100.00" loaded="77519" inserted="77439" running="140" waiting="80" ended="77299" arrived="77299" collisions="196" teleports="196" halting="1" stopped="0" meanWaitingTime="1069.79" meanTravelTime="369.05" meanSpeed="24.76" meanSpeedRelative="0.77" duration="0"/>
    <step time="68400.00" loaded="77584" inserted="77574" running="136" waiting="10" ended="77438" arrived="77438" collisions="196" teleports="196" halting="0" stopped="0" meanWaitingTime="1071.35" meanTravelTime="369.03" meanSpeed="25.44" meanSpeedRelative="0.80" duration="88"/>
    <step time="68700.00" loaded="77759" inserted="77759" running="175" waiting="0" ended="77584" arrived="77584" collisions="197" teleports="197" halting="0" stopped="0" meanWaitingTime="1068.86" meanTravelTime="368.86" meanSpeed="25.23" meanSpeedRelative="0.79" duration="1"/>
    <step time="69000.00" loaded="77921" inserted="77921" running="176" waiting="0" ended="77745" arrived="77745" collisions="197" teleports="197" halting="2" stopped="0" meanWaitingTime="1066.64" meanTravelTime="368.79" meanSpeed="25.18" meanSpeedRelative="0.79" duration="1"/>
    <step time="69300.00" loaded="78083" inserted="78083" running="158" waiting="0" ended="77925" arrived="77925" collisions="197" teleports="197" halting="0" stopped="0" meanWaitingTime="1064.43" meanTravelTime="368.68" meanSpeed="24.57" meanSpeedRelative="0.77" duration="1"/>
    <step time="69600.00" loaded="78248" inserted="78247" running="137" waiting="1" ended="78110" arrived="78110" collisions="197" teleports="197" halting="0" stopped="0" meanWaitingTime="1062.20" meanTravelTime="368.51" meanSpeed="24.34" meanSpeedRelative="0.76" duration="1"/>
    <step time="69900.00" loaded="78390" inserted="78389" running="138" waiting="1" ended="78251" arrived="78251" collisions="197" teleports="197" halting="1" stopped="0" meanWaitingTime="1060.27" meanTravelTime="368.32" meanSpeed="24.27" meanSpeedRelative="0.76" duration="1"/>
    <step time="70200.00" loaded="78546" inserted="78545" running="148" waiting="1" ended="78397" arrived="78397" collisions="197" teleports="197" halting="2" stopped="0" meanWaitingTime="1058.17" meanTravelTime="368.14" meanSpeed="25.55" meanSpeedRelative="0.80" duration="1"/>
    <step time="70500.00" loaded="78695" inserted="78695" running="146" waiting="0" ended="78549" arrived="78549" collisions="197" teleports="197" halting="0" stopped="0" meanWaitingTime="1056.15" meanTravelTime="368.00" meanSpeed="25.31" meanSpeedRelative="0.79" duration="1"/>
    <step time="70800.00" loaded="78855" inserted="78855" running="152" waiting="0" ended="78703" arrived="78703" collisions="197" teleports="197" halting="0" stopped="0" meanWaitingTime="1054.01" meanTravelTime="367.75" meanSpeed="25.40" meanSpeedRelative="0.79" duration="0"/>
    <step time="71100.00" loaded="79026" inserted="79024" running="154" waiting="2" ended="78870" arrived="78870" collisions="197" teleports="197" halting="1" stopped="0" meanWaitingTime="1051.76" meanTravelTime="367.61" meanSpeed="25.45" meanSpeedRelative="0.80" duration="1"/>
    <step time="71400.00" loaded="79173" inserted="79173" running="142" waiting="0" ended="79031" arrived="79031" collisions="197" teleports="197" halting="1" stopped="0" meanWaitingTime="1049.78" meanTravelTime="367.42" meanSpeed="25.33" meanSpeedRelative="0.79" duration="1"/>
    <step time="71700.00" loaded="79319" inserted="79319" running="136" waiting="0" ended="79183" arrived="79183" collisions="197" teleports="197" halting="0" stopped="0" meanWaitingTime="1047.85" meanTravelTime="367.26" meanSpeed="26.00" meanSpeedRelative="0.81" duration="0"/>
    <step time="72000.00" loaded="79487" inserted="79487" running="141" waiting="0" ended="79346" arrived="79346" collisions="198" teleports="198" halting="0" stopped="0" meanWaitingTime="1045.63" meanTravelTime="367.03" meanSpeed="25.15" meanSpeedRelative="0.79" duration="82"/>
    <step time="72300.00" loaded="79627" inserted="79627" running="128" waiting="0" ended="79499" arrived="79499" collisions="198" teleports="198" halting="2" stopped="0" meanWaitingTime="1043.80" meanTravelTime="366.86" meanSpeed="25.15" meanSpeedRelative="0.79" duration="1"/>
    <step time="72600.00" loaded="79752" inserted="79752" running="107" waiting="0" ended="79645" arrived="79645" collisions="198" teleports="198" halting="0" stopped="0" meanWaitingTime="1042.16" meanTravelTime="366.67" meanSpeed="25.44" meanSpeedRelative="0.80" duration="1"/>
    <step time="72900.00" loaded="79881" inserted="79881" running="119" waiting="0" ended="79762" arrived="79762" collisions="198" teleports="198" halting="0" stopped="0" meanWaitingTime="1040.48" meanTravelTime="366.55" meanSpeed="25.58" meanSpeedRelative="0.80" duration="1"/>
    <step time="73200.00" loaded="80006" inserted="80005" running="107" waiting="1" ended="79898" arrived="79898" collisions="199" teleports="199" halting="0" stopped="0" meanWaitingTime="1038.87" meanTravelTime="366.36" meanSpeed="25.29" meanSpeedRelative="0.79" duration="1"/>
    <step time="73500.00" loaded="80130" inserted="80130" running="121" waiting="0" ended="80009" arrived="80009" collisions="199" teleports="199" halting="1" stopped="0" meanWaitingTime="1037.25" meanTravelTime="366.23" meanSpeed="25.60" meanSpeedRelative="0.80" duration="1"/>
    <step time="73800.00" loaded="80280" inserted="80280" running="135" waiting="0" ended="80145" arrived="80145" collisions="200" teleports="200" halting="0" stopped="0" meanWaitingTime="1035.31" meanTravelTime="366.05" meanSpeed="25.04" meanSpeedRelative="0.78" duration="0"/>
    <step time="74100.00" loaded="80395" inserted="80395" running="108" waiting="0" ended="80287" arrived="80287" collisions="200" teleports="200" halting="1" stopped="0" meanWaitingTime="1033.83" meanTravelTime="365.89" meanSpeed="24.38" meanSpeedRelative="0.76" duration="0"/>
    <step time="74400.00" loaded="80540" inserted="80540" running="132" waiting="0" ended="80408" arrived="80408" collisions="200" teleports="200" halting="0" stopped="0" meanWaitingTime="1031.97" meanTravelTime="365.75" meanSpeed="25.33" meanSpeedRelative="0.79" duration="1"/>
    <step time="74700.00" loaded="80672" inserted="80672" running="123" waiting="0" ended="80549" arrived="80549" collisions="200" teleports="200" halting="1" stopped="0" meanWaitingTime="1030.28" meanTravelTime="365.58" meanSpeed="24.94" meanSpeedRelative="0.78" duration="0"/>
    <step time="75000.00" loaded="80803" inserted="80803" running="128" waiting="0" ended="80675" arrived="80675" collisions="200" teleports="200" halting="0" stopped="0" meanWaitingTime="1028.61" meanTravelTime="365.43" meanSpeed="25.41" meanSpeedRelative="0.79" duration="0"/>
    <step time="75300.00" loaded="80909" inserted="80908" running="117" waiting="1" ended="80791" arrived="80791" collisions="200" teleports="200" halting="1" stopped="0" meanWaitingTime="1027.27" meanTravelTime="365.36" meanSpeed="24.46" meanSpeedRelative="0.76" duration="1"/>
    <step time="75600.00" loaded="81038" inserted="81038" running="103" waiting="0" ended="80935" arrived="80935" collisions="200" teleports="200" halting="0" stopped="0" meanWaitingTime="1025.63" meanTravelTime="365.23" meanSpeed="25.00" meanSpeedRelative="0.78" duration="81"/>
    <step time="75900.00" loaded="81220" inserted="81220" running="146" waiting="0" ended="81074" arrived="81074" collisions="200" teleports="200" halting="0" stopped="0" meanWaitingTime="1023.33" meanTravelTime="365.01" meanSpeed="25.88" meanSpeedRelative="0.81" duration="0"/>
    <step time="76200.00" loaded="81389" inserted="81389" running="139" waiting="0" ended="81250" arrived="81250" collisions="200" teleports="200" halting="0" stopped="0" meanWaitingTime="1021.20" meanTravelTime="364.73" meanSpeed="25.54" meanSpeedRelative="0.80" duration="1"/>
    <step time="76500.00" loaded="81604" inserted="81604" running="170" waiting="0" ended="81434" arrived="81434" collisions="200" teleports="200" halting="0" stopped="0" meanWaitingTime="1018.52" meanTravelTime="364.44" meanSpeed="25.36" meanSpeedRelative="0.79" duration="1"/>
    <step time="76800.00" loaded="81823" inserted="81823" running="200" waiting="0" ended="81623" arrived="81623" collisions="200" teleports="200" halting="0" stopped="0" meanWaitingTime="1015.79" meanTravelTime="364.18" meanSpeed="24.65" meanSpeedRelative="0.77" duration="2"/>
    <step time="77100.00" loaded="82016" inserted="82016" running="191" waiting="0" ended="81825" arrived="81825" collisions="200" teleports="200" halting="3" stopped="0" meanWaitingTime="1013.40" meanTravelTime="363.94" meanSpeed="24.51" meanSpeedRelative="0.77" duration="1"/>
    <step time="77400.00" loaded="82205" inserted="82204" running="175" waiting="1" ended="82029" arrived="82029" collisions="200" teleports="200" halting="0" stopped="0" meanWaitingTime="1011.08" meanTravelTime="363.71" meanSpeed="24.38" meanSpeedRelative="0.76" duration="2"/>
    <step time="77700.00" loaded="82390" inserted="82390" running="163" waiting="0" ended="82227" arrived="82227" collisions="200" teleports="200" halting="0" stopped="0" meanWaitingTime="1008.80" meanTravelTime="363.49" meanSpeed="25.18" meanSpeedRelative="0.79" duration="1"/>
    <step time="78000.00" loaded="82585" inserted="82585" running="170" waiting="0" ended="82415" arrived="82415" collisions="200" teleports="200" halting="0" stopped="0" meanWaitingTime="1006.42" meanTravelTime="363.29" meanSpeed="24.74" meanSpeedRelative="0.77" duration="2"/>
    <step time="78300.00" loaded="82779" inserted="82779" running="163" waiting="0" ended="82616" arrived="82616" collisions="200" teleports="200" halting="0" stopped="0" meanWaitingTime="1004.07" meanTravelTime="363.07" meanSpeed="25.27" meanSpeedRelative="0.79" duration="1"/>
    <step time="78600.00" loaded="82972" inserted="82972" running="158" waiting="0" ended="82814" arrived="82814" collisions="200" teleports="200" halting="0" stopped="0" meanWaitingTime="1001.73" meanTravelTime="362.87" meanSpeed="24.61" meanSpeedRelative="0.77" duration="1"/>
    <step time="78900.00" loaded="83170" inserted="83168" running="169" waiting="2" ended="82999" arrived="82999" collisions="200" teleports="200" halting="1" stopped="0" meanWaitingTime="999.37" meanTravelTime="362.61" meanSpeed="24.97" meanSpeedRelative="0.78" duration="1"/>
    <step time="79200.00" loaded="83359" inserted="83355" running="174" waiting="4" ended="83181" arrived="83181" collisions="202" teleports="202" halting="0" stopped="0" meanWaitingTime="997.13" meanTravelTime="362.37" meanSpeed="24.30" meanSpeedRelative="0.76" duration="82"/>
    <step time="79500.00" loaded="83513" inserted="83513" running="150" waiting="0" ended="83363" arrived="83363" collisions="202" teleports="202" halting="1" stopped="0" meanWaitingTime="995.24" meanTravelTime="362.24" meanSpeed="25.57" meanSpeedRelative="0.80" duration="1"/>
    <step time="79800.00" loaded="83680" inserted="83679" running="139" waiting="1" ended="83540" arrived="83540" collisions="203" teleports="203" halting="0" stopped="0" meanWaitingTime="993.27" meanTravelTime="362.02" meanSpeed="25.63" meanSpeedRelative="0.80" duration="1"/>
    <step time="80100.00" loaded="83851" inserted="83850" running="168" waiting="1" ended="83682" arrived="83682" collisions="203" teleports="203" halting="0" stopped="0" meanWaitingTime="991.25" meanTravelTime="361.88" meanSpeed="25.49" meanSpeedRelative="0.80" duration="1"/>
    <step time="80400.00" loaded="84029" inserted="84029" running="164" waiting="0" ended="83865" arrived="83865" collisions="203" teleports="203" halting="1" stopped="0" meanWaitingTime="989.14" meanTravelTime="361.65" meanSpeed="24.86" meanSpeedRelative="0.78" duration="1"/>
    <step time="80700.00" loaded="84190" inserted="84190" running="151" waiting="0" ended="84039" arrived="84039" collisions="203" teleports="203" halting="0" stopped="0" meanWaitingTime="987.24" meanTravelTime="361.49" meanSpeed="24.99" meanSpeedRelative="0.78" duration="0"/>
    <step time="81000.00" loaded="84362" inserted="84362" running="153" waiting="0" ended="84209" arrived="84209" collisions="203" teleports="203" halting="0" stopped="0" meanWaitingTime="985.23" meanTravelTime="361.32" meanSpeed="24.01" meanSpeedRelative="0.75" duration="1"/>
    <step time="81300.00" loaded="84508" inserted="84508" running="135" waiting="0" ended="84373" arrived="84373" collisions="203" teleports="203" halting="0" stopped="0" meanWaitingTime="983.53" meanTravelTime="361.16" meanSpeed="25.60" meanSpeedRelative="0.80" duration="1"/>
    <step time="81600.00" loaded="84667" inserted="84667" running="142" waiting="0" ended="84525" arrived="84525" collisions="204" teleports="204" halting="1" stopped="0" meanWaitingTime="981.68" meanTravelTime="360.96" meanSpeed="25.01" meanSpeedRelative="0.78" duration="1"/>
    <step time="81900.00" loaded="84836" inserted="84836" running="147" waiting="0" ended="84689" arrived="84689" collisions="204" teleports="204" halting="1" stopped="0" meanWaitingTime="979.73" meanTravelTime="360.75" meanSpeed="25.02" meanSpeedRelative="0.78" duration="1"/>
    <step time="82200.00" loaded="85001" inserted="85001" running="153" waiting="0" ended="84848" arrived="84848" collisions="204" teleports="204" halting="0" stopped="0" meanWaitingTime="977.83" meanTravelTime="360.56" meanSpeed="25.19" meanSpeedRelative="0.79" duration="1"/>
    <step time="82500.00" loaded="85166" inserted="85166" running="145" waiting="0" ended="85021" arrived="85021" collisions="204" teleports="204" halting="0" stopped="0" meanWaitingTime="975.93" meanTravelTime="360.33" meanSpeed="24.43" meanSpeedRelative="0.76" duration="1"/>
</summary>
