<?xml version="1.0" encoding="UTF-8"?>

<!-- generated on 2025-08-08 16:32:00 by Eclipse SUMO sumo Version 1.23.1
<sumoConfiguration xmlns:xsi="http://www.w3.org/2001/XMLSchema-instance" xsi:noNamespaceSchemaLocation="http://sumo.dlr.de/xsd/sumoConfiguration.xsd">

    <input>
        <net-file value="Desktop\Master Thesis\Network_fin.net.xml"/>
        <route-files value="Desktop\Master Thesis\demand_model_amsterdam.rou.xml"/>
        <additional-files value="Desktop\Master Thesis\Additionnal.add.xml"/>
    </input>

    <output>
        <summary-output value="outputf\summary_metaline_22644.xml"/>
        <summary-output.period value="300"/>
        <tripinfo-output value="outputf\tripinfo_metaline_22644.xml"/>
    </output>

    <time>
        <begin value="0"/>
        <end value="82800"/>
        <step-length value="1"/>
    </time>

    <processing>
        <time-to-teleport value="-1"/>
    </processing>

    <report>
        <verbose value="true"/>
        <no-step-log value="true"/>
    </report>

    <emissions>
        <device.emissions.period value="10"/>
    </emissions>

    <traci_server>
        <remote-port value="56235"/>
    </traci_server>

    <random_number>
        <seed value="22644"/>
    </random_number>

</sumoConfiguration>
-->

<summary xmlns:xsi="http://www.w3.org/2001/XMLSchema-instance" xsi:noNamespaceSchemaLocation="http://sumo.dlr.de/xsd/summary_file.xsd">
    <step time="0.00" loaded="0" inserted="0" running="0" waiting="0" ended="0" arrived="0" collisions="0" teleports="0" halting="0" stopped="0" meanWaitingTime="-1.00" meanTravelTime="-1.00" meanSpeed="-1.00" meanSpeedRelative="-1.00" duration="0"/>
    <step time="300.00" loaded="175" inserted="175" running="106" waiting="0" ended="69" arrived="69" collisions="0" teleports="0" halting="1" stopped="0" meanWaitingTime="0.31" meanTravelTime="98.09" meanSpeed="25.29" meanSpeedRelative="0.79" duration="1"/>
    <step time="600.00" loaded="339" inserted="339" running="141" waiting="0" ended="198" arrived="198" collisions="0" teleports="0" halting="1" stopped="0" meanWaitingTime="0.34" meanTravelTime="154.49" meanSpeed="24.91" meanSpeedRelative="0.78" duration="1"/>
    <step time="900.00" loaded="523" inserted="523" running="153" waiting="0" ended="370" arrived="370" collisions="1" teleports="1" halting="2" stopped="0" meanWaitingTime="0.48" meanTravelTime="184.34" meanSpeed="24.86" meanSpeedRelative="0.78" duration="1"/>
    <step time="1200.00" loaded="711" inserted="711" running="161" waiting="0" ended="550" arrived="550" collisions="1" teleports="1" halting="1" stopped="0" meanWaitingTime="0.46" meanTravelTime="212.04" meanSpeed="25.05" meanSpeedRelative="0.78" duration="1"/>
    <step time="1500.00" loaded="910" inserted="910" running="178" waiting="0" ended="732" arrived="732" collisions="1" teleports="1" halting="1" stopped="0" meanWaitingTime="0.46" meanTravelTime="223.66" meanSpeed="25.23" meanSpeedRelative="0.79" duration="1"/>
    <step time="1800.00" loaded="1107" inserted="1107" running="179" waiting="0" ended="928" arrived="928" collisions="1" teleports="1" halting="1" stopped="0" meanWaitingTime="0.46" meanTravelTime="231.91" meanSpeed="24.74" meanSpeedRelative="0.77" duration="1"/>
    <step time="2100.00" loaded="1270" inserted="1270" running="154" waiting="0" ended="1116" arrived="1116" collisions="1" teleports="1" halting="0" stopped="0" meanWaitingTime="0.44" meanTravelTime="238.55" meanSpeed="25.16" meanSpeedRelative="0.79" duration="2"/>
    <step time="2400.00" loaded="1443" inserted="1443" running="159" waiting="0" ended="1284" arrived="1284" collisions="1" teleports="1" halting="0" stopped="0" meanWaitingTime="0.43" meanTravelTime="242.14" meanSpeed="24.56" meanSpeedRelative="0.77" duration="1"/>
    <step time="2700.00" loaded="1617" inserted="1616" running="139" waiting="1" ended="1477" arrived="1477" collisions="1" teleports="1" halting="1" stopped="0" meanWaitingTime="0.41" meanTravelTime="248.42" meanSpeed="25.18" meanSpeedRelative="0.79" duration="0"/>
    <step time="3000.00" loaded="1799" inserted="1799" running="166" waiting="0" ended="1633" arrived="1633" collisions="1" teleports="1" halting="0" stopped="0" meanWaitingTime="0.42" meanTravelTime="248.64" meanSpeed="24.41" meanSpeedRelative="0.76" duration="0"/>
    <step time="3300.00" loaded="1961" inserted="1961" running="155" waiting="0" ended="1806" arrived="1806" collisions="1" teleports="1" halting="0" stopped="0" meanWaitingTime="0.39" meanTravelTime="249.85" meanSpeed="24.37" meanSpeedRelative="0.76" duration="1"/>
    <step time="3600.00" loaded="2150" inserted="2150" running="174" waiting="0" ended="1976" arrived="1976" collisions="2" teleports="2" halting="3" stopped="0" meanWaitingTime="0.40" meanTravelTime="251.07" meanSpeed="25.61" meanSpeedRelative="0.80" duration="87"/>
    <step time="3900.00" loaded="2276" inserted="2276" running="118" waiting="0" ended="2158" arrived="2158" collisions="3" teleports="3" halting="0" stopped="0" meanWaitingTime="0.40" meanTravelTime="255.24" meanSpeed="25.16" meanSpeedRelative="0.79" duration="1"/>
    <step time="4200.00" loaded="2398" inserted="2398" running="109" waiting="0" ended="2289" arrived="2289" collisions="3" teleports="3" halting="0" stopped="0" meanWaitingTime="0.39" meanTravelTime="257.95" meanSpeed="26.77" meanSpeedRelative="0.84" duration="1"/>
    <step time="4500.00" loaded="2530" inserted="2529" running="111" waiting="1" ended="2418" arrived="2418" collisions="3" teleports="3" halting="2" stopped="0" meanWaitingTime="0.39" meanTravelTime="258.03" meanSpeed="24.75" meanSpeedRelative="0.77" duration="1"/>
    <step time="4800.00" loaded="2632" inserted="2632" running="90" waiting="0" ended="2542" arrived="2542" collisions="3" teleports="3" halting="1" stopped="0" meanWaitingTime="0.38" meanTravelTime="259.32" meanSpeed="24.76" meanSpeedRelative="0.77" duration="0"/>
    <step time="5100.00" loaded="2730" inserted="2730" running="85" waiting="0" ended="2645" arrived="2645" collisions="3" teleports="3" halting="2" stopped="0" meanWaitingTime="0.37" meanTravelTime="259.70" meanSpeed="25.09" meanSpeedRelative="0.78" duration="1"/>
    <step time="5400.00" loaded="2824" inserted="2824" running="79" waiting="0" ended="2745" arrived="2745" collisions="3" teleports="3" halting="0" stopped="0" meanWaitingTime="0.37" meanTravelTime="258.88" meanSpeed="25.23" meanSpeedRelative="0.79" duration="1"/>
    <step time="5700.00" loaded="2940" inserted="2939" running="91" waiting="1" ended="2848" arrived="2848" collisions="3" teleports="3" halting="1" stopped="0" meanWaitingTime="0.36" meanTravelTime="258.48" meanSpeed="25.06" meanSpeedRelative="0.78" duration="1"/>
    <step time="6000.00" loaded="3044" inserted="3044" running="68" waiting="0" ended="2976" arrived="2976" collisions="3" teleports="3" halting="0" stopped="0" meanWaitingTime="0.36" meanTravelTime="257.03" meanSpeed="26.22" meanSpeedRelative="0.82" duration="0"/>
    <step time="6300.00" loaded="3166" inserted="3166" running="99" waiting="0" ended="3067" arrived="3067" collisions="3" teleports="3" halting="1" stopped="0" meanWaitingTime="0.35" meanTravelTime="255.58" meanSpeed="24.72" meanSpeedRelative="0.77" duration="1"/>
    <step time="6600.00" loaded="3286" inserted="3286" running="103" waiting="0" ended="3183" arrived="3183" collisions="3" teleports="3" halting="0" stopped="0" meanWaitingTime="0.35" meanTravelTime="255.18" meanSpeed="25.18" meanSpeedRelative="0.79" duration="1"/>
    <step time="6900.00" loaded="3415" inserted="3415" running="112" waiting="0" ended="3303" arrived="3303" collisions="3" teleports="3" halting="1" stopped="0" meanWaitingTime="0.35" meanTravelTime="254.26" meanSpeed="24.93" meanSpeedRelative="0.78" duration="1"/>
    <step time="7200.00" loaded="3543" inserted="3542" running="119" waiting="1" ended="3423" arrived="3423" collisions="3" teleports="3" halting="1" stopped="0" meanWaitingTime="0.35" meanTravelTime="254.57" meanSpeed="24.69" meanSpeedRelative="0.77" duration="89"/>
    <step time="7500.00" loaded="3692" inserted="3692" running="131" waiting="0" ended="3561" arrived="3561" collisions="3" teleports="3" halting="0" stopped="0" meanWaitingTime="0.35" meanTravelTime="254.23" meanSpeed="24.47" meanSpeedRelative="0.76" duration="1"/>
    <step time="7800.00" loaded="3842" inserted="3842" running="126" waiting="0" ended="3716" arrived="3716" collisions="3" teleports="3" halting="2" stopped="0" meanWaitingTime="0.36" meanTravelTime="254.57" meanSpeed="24.55" meanSpeedRelative="0.77" duration="1"/>
    <step time="8100.00" loaded="3983" inserted="3983" running="119" waiting="0" ended="3864" arrived="3864" collisions="3" teleports="3" halting="0" stopped="0" meanWaitingTime="0.36" meanTravelTime="255.38" meanSpeed="24.20" meanSpeedRelative="0.76" duration="0"/>
    <step time="8400.00" loaded="4152" inserted="4152" running="132" waiting="0" ended="4020" arrived="4020" collisions="3" teleports="3" halting="1" stopped="0" meanWaitingTime="0.38" meanTravelTime="254.06" meanSpeed="24.37" meanSpeedRelative="0.76" duration="1"/>
    <step time="8700.00" loaded="4326" inserted="4325" running="151" waiting="1" ended="4174" arrived="4174" collisions="4" teleports="4" halting="1" stopped="0" meanWaitingTime="0.38" meanTravelTime="253.99" meanSpeed="25.31" meanSpeedRelative="0.79" duration="1"/>
    <step time="9000.00" loaded="4483" inserted="4483" running="132" waiting="0" ended="4351" arrived="4351" collisions="4" teleports="4" halting="1" stopped="0" meanWaitingTime="0.39" meanTravelTime="253.97" meanSpeed="24.86" meanSpeedRelative="0.78" duration="1"/>
    <step time="9300.00" loaded="4612" inserted="4612" running="126" waiting="0" ended="4486" arrived="4486" collisions="4" teleports="4" halting="3" stopped="0" meanWaitingTime="0.39" meanTravelTime="253.58" meanSpeed="24.62" meanSpeedRelative="0.77" duration="1"/>
    <step time="9600.00" loaded="4758" inserted="4758" running="126" waiting="0" ended="4632" arrived="4632" collisions="5" teleports="5" halting="1" stopped="0" meanWaitingTime="0.38" meanTravelTime="254.64" meanSpeed="25.27" meanSpeedRelative="0.79" duration="1"/>
    <step time="9900.00" loaded="4908" inserted="4907" running="125" waiting="1" ended="4782" arrived="4782" collisions="5" teleports="5" halting="0" stopped="0" meanWaitingTime="0.38" meanTravelTime="255.15" meanSpeed="25.06" meanSpeedRelative="0.78" duration="1"/>
    <step time="10200.00" loaded="5058" inserted="5058" running="125" waiting="0" ended="4933" arrived="4933" collisions="5" teleports="5" halting="0" stopped="0" meanWaitingTime="0.38" meanTravelTime="255.08" meanSpeed="25.91" meanSpeedRelative="0.81" duration="1"/>
    <step time="10500.00" loaded="5221" inserted="5221" running="138" waiting="0" ended="5083" arrived="5083" collisions="6" teleports="6" halting="1" stopped="0" meanWaitingTime="0.38" meanTravelTime="254.53" meanSpeed="25.07" meanSpeedRelative="0.78" duration="1"/>
    <step time="10800.00" loaded="5380" inserted="5379" running="134" waiting="1" ended="5245" arrived="5245" collisions="6" teleports="6" halting="0" stopped="0" meanWaitingTime="0.38" meanTravelTime="254.35" meanSpeed="25.41" meanSpeedRelative="0.79" duration="89"/>
    <step time="11100.00" loaded="5522" inserted="5522" running="116" waiting="0" ended="5406" arrived="5406" collisions="7" teleports="7" halting="3" stopped="0" meanWaitingTime="0.38" meanTravelTime="254.98" meanSpeed="25.83" meanSpeedRelative="0.81" duration="1"/>
    <step time="11400.00" loaded="5674" inserted="5674" running="117" waiting="0" ended="5557" arrived="5557" collisions="7" teleports="7" halting="0" stopped="0" meanWaitingTime="0.38" meanTravelTime="254.61" meanSpeed="24.62" meanSpeedRelative="0.77" duration="1"/>
    <step time="11700.00" loaded="5838" inserted="5838" running="114" waiting="0" ended="5724" arrived="5724" collisions="8" teleports="8" halting="0" stopped="0" meanWaitingTime="0.38" meanTravelTime="253.31" meanSpeed="24.99" meanSpeedRelative="0.78" duration="1"/>
    <step time="12000.00" loaded="5978" inserted="5978" running="113" waiting="0" ended="5865" arrived="5865" collisions="8" teleports="8" halting="1" stopped="0" meanWaitingTime="0.38" meanTravelTime="252.54" meanSpeed="25.27" meanSpeedRelative="0.79" duration="1"/>
    <step time="12300.00" loaded="6140" inserted="6140" running="117" waiting="0" ended="6023" arrived="6023" collisions="8" teleports="8" halting="2" stopped="0" meanWaitingTime="0.39" meanTravelTime="252.41" meanSpeed="25.30" meanSpeedRelative="0.79" duration="0"/>
    <step time="12600.00" loaded="6267" inserted="6267" running="102" waiting="0" ended="6165" arrived="6165" collisions="8" teleports="8" halting="2" stopped="0" meanWaitingTime="0.39" meanTravelTime="251.84" meanSpeed="24.11" meanSpeedRelative="0.75" duration="0"/>
    <step time="12900.00" loaded="6417" inserted="6417" running="106" waiting="0" ended="6311" arrived="6311" collisions="8" teleports="8" halting="2" stopped="0" meanWaitingTime="0.39" meanTravelTime="251.01" meanSpeed="24.12" meanSpeedRelative="0.75" duration="1"/>
    <step time="13200.00" loaded="6564" inserted="6564" running="117" waiting="0" ended="6447" arrived="6447" collisions="8" teleports="8" halting="1" stopped="0" meanWaitingTime="0.39" meanTravelTime="250.54" meanSpeed="25.26" meanSpeedRelative="0.79" duration="1"/>
    <step time="13500.00" loaded="6693" inserted="6693" running="93" waiting="0" ended="6600" arrived="6600" collisions="8" teleports="8" halting="1" stopped="0" meanWaitingTime="0.39" meanTravelTime="250.06" meanSpeed="24.86" meanSpeedRelative="0.78" duration="0"/>
    <step time="13800.00" loaded="6825" inserted="6825" running="97" waiting="0" ended="6728" arrived="6728" collisions="8" teleports="8" halting="0" stopped="0" meanWaitingTime="0.39" meanTravelTime="249.93" meanSpeed="25.50" meanSpeedRelative="0.80" duration="0"/>
    <step time="14100.00" loaded="6960" inserted="6960" running="96" waiting="0" ended="6864" arrived="6864" collisions="8" teleports="8" halting="0" stopped="0" meanWaitingTime="0.38" meanTravelTime="248.85" meanSpeed="25.63" meanSpeedRelative="0.80" duration="0"/>
    <step time="14400.00" loaded="7120" inserted="7120" running="121" waiting="0" ended="6999" arrived="6999" collisions="8" teleports="8" halting="0" stopped="0" meanWaitingTime="0.38" meanTravelTime="248.48" meanSpeed="24.48" meanSpeedRelative="0.76" duration="89"/>
    <step time="14700.00" loaded="7227" inserted="7227" running="91" waiting="0" ended="7136" arrived="7136" collisions="8" teleports="8" halting="0" stopped="0" meanWaitingTime="0.38" meanTravelTime="248.00" meanSpeed="24.82" meanSpeedRelative="0.78" duration="1"/>
    <step time="15000.00" loaded="7328" inserted="7328" running="76" waiting="0" ended="7252" arrived="7252" collisions="8" teleports="8" halting="0" stopped="0" meanWaitingTime="0.38" meanTravelTime="248.12" meanSpeed="25.87" meanSpeedRelative="0.81" duration="1"/>
    <step time="15300.00" loaded="7417" inserted="7417" running="65" waiting="0" ended="7352" arrived="7352" collisions="8" teleports="8" halting="2" stopped="0" meanWaitingTime="0.37" meanTravelTime="248.08" meanSpeed="25.33" meanSpeedRelative="0.79" duration="1"/>
    <step time="15600.00" loaded="7507" inserted="7506" running="67" waiting="1" ended="7439" arrived="7439" collisions="8" teleports="8" halting="1" stopped="0" meanWaitingTime="0.37" meanTravelTime="247.98" meanSpeed="25.81" meanSpeedRelative="0.81" duration="0"/>
    <step time="15900.00" loaded="7588" inserted="7588" running="59" waiting="0" ended="7529" arrived="7529" collisions="8" teleports="8" halting="1" stopped="0" meanWaitingTime="0.37" meanTravelTime="247.79" meanSpeed="25.25" meanSpeedRelative="0.79" duration="0"/>
    <step time="16200.00" loaded="7676" inserted="7676" running="67" waiting="0" ended="7609" arrived="7609" collisions="8" teleports="8" halting="1" stopped="0" meanWaitingTime="0.36" meanTravelTime="247.18" meanSpeed="23.77" meanSpeedRelative="0.74" duration="1"/>
    <step time="16500.00" loaded="7786" inserted="7786" running="83" waiting="0" ended="7703" arrived="7703" collisions="8" teleports="8" halting="2" stopped="0" meanWaitingTime="0.36" meanTravelTime="246.91" meanSpeed="23.43" meanSpeedRelative="0.73" duration="0"/>
    <step time="16800.00" loaded="7905" inserted="7905" running="78" waiting="0" ended="7827" arrived="7827" collisions="8" teleports="8" halting="0" stopped="0" meanWaitingTime="0.36" meanTravelTime="246.10" meanSpeed="26.48" meanSpeedRelative="0.83" duration="1"/>
    <step time="17100.00" loaded="7998" inserted="7998" running="57" waiting="0" ended="7941" arrived="7941" collisions="8" teleports="8" halting="1" stopped="0" meanWaitingTime="0.36" meanTravelTime="245.47" meanSpeed="25.02" meanSpeedRelative="0.78" duration="0"/>
    <step time="17400.00" loaded="8096" inserted="8096" running="70" waiting="0" ended="8026" arrived="8026" collisions="8" teleports="8" halting="1" stopped="0" meanWaitingTime="0.36" meanTravelTime="245.06" meanSpeed="24.79" meanSpeedRelative="0.77" duration="1"/>
    <step time="17700.00" loaded="8193" inserted="8193" running="69" waiting="0" ended="8124" arrived="8124" collisions="8" teleports="8" halting="0" stopped="0" meanWaitingTime="0.36" meanTravelTime="244.42" meanSpeed="24.25" meanSpeedRelative="0.76" duration="0"/>
    <step time="18000.00" loaded="8297" inserted="8297" running="70" waiting="0" ended="8227" arrived="8227" collisions="8" teleports="8" halting="1" stopped="0" meanWaitingTime="0.36" meanTravelTime="244.02" meanSpeed="26.63" meanSpeedRelative="0.83" duration="82"/>
    <step time="18300.00" loaded="8474" inserted="8474" running="133" waiting="0" ended="8341" arrived="8341" collisions="9" teleports="9" halting="3" stopped="0" meanWaitingTime="0.36" meanTravelTime="243.24" meanSpeed="25.20" meanSpeedRelative="0.79" duration="0"/>
    <step time="18600.00" loaded="8676" inserted="8676" running="165" waiting="0" ended="8511" arrived="8511" collisions="9" teleports="9" halting="1" stopped="0" meanWaitingTime="0.37" meanTravelTime="242.68" meanSpeed="25.00" meanSpeedRelative="0.78" duration="1"/>
    <step time="18900.00" loaded="8850" inserted="8850" running="147" waiting="0" ended="8703" arrived="8703" collisions="9" teleports="9" halting="1" stopped="0" meanWaitingTime="0.36" meanTravelTime="242.27" meanSpeed="25.49" meanSpeedRelative="0.80" duration="1"/>
    <step time="19200.00" loaded="9035" inserted="9035" running="150" waiting="0" ended="8885" arrived="8885" collisions="10" teleports="10" halting="2" stopped="0" meanWaitingTime="0.37" meanTravelTime="242.61" meanSpeed="24.22" meanSpeedRelative="0.76" duration="1"/>
    <step time="19500.00" loaded="9226" inserted="9226" running="162" waiting="0" ended="9064" arrived="9064" collisions="10" teleports="10" halting="2" stopped="0" meanWaitingTime="0.38" meanTravelTime="242.87" meanSpeed="25.44" meanSpeedRelative="0.80" duration="1"/>
    <step time="19800.00" loaded="9416" inserted="9416" running="155" waiting="0" ended="9261" arrived="9261" collisions="10" teleports="10" halting="1" stopped="0" meanWaitingTime="0.38" meanTravelTime="242.77" meanSpeed="25.44" meanSpeedRelative="0.79" duration="1"/>
    <step time="20100.00" loaded="9608" inserted="9608" running="152" waiting="0" ended="9456" arrived="9456" collisions="10" teleports="10" halting="1" stopped="0" meanWaitingTime="0.38" meanTravelTime="242.50" meanSpeed="25.01" meanSpeedRelative="0.78" duration="1"/>
    <step time="20400.00" loaded="9803" inserted="9803" running="150" waiting="0" ended="9653" arrived="9653" collisions="10" teleports="10" halting="4" stopped="0" meanWaitingTime="0.38" meanTravelTime="241.95" meanSpeed="24.22" meanSpeedRelative="0.76" duration="1"/>
    <step time="20700.00" loaded="10003" inserted="10002" running="164" waiting="1" ended="9838" arrived="9838" collisions="10" teleports="10" halting="0" stopped="0" meanWaitingTime="0.38" meanTravelTime="242.33" meanSpeed="25.28" meanSpeedRelative="0.79" duration="1"/>
    <step time="21000.00" loaded="10212" inserted="10211" running="170" waiting="1" ended="10041" arrived="10041" collisions="10" teleports="10" halting="1" stopped="0" meanWaitingTime="0.38" meanTravelTime="242.35" meanSpeed="24.56" meanSpeedRelative="0.77" duration="1"/>
    <step time="21300.00" loaded="10394" inserted="10393" running="154" waiting="1" ended="10239" arrived="10239" collisions="10" teleports="10" halting="1" stopped="0" meanWaitingTime="0.38" meanTravelTime="242.62" meanSpeed="24.66" meanSpeedRelative="0.77" duration="0"/>
    <step time="21600.00" loaded="10614" inserted="10614" running="156" waiting="0" ended="10458" arrived="10458" collisions="10" teleports="10" halting="2" stopped="0" meanWaitingTime="0.40" meanTravelTime="242.66" meanSpeed="24.74" meanSpeedRelative="0.77" duration="83"/>
    <step time="21900.00" loaded="11069" inserted="11043" running="326" waiting="26" ended="10717" arrived="10717" collisions="11" teleports="11" halting="2" stopped="0" meanWaitingTime="0.77" meanTravelTime="241.54" meanSpeed="22.17" meanSpeedRelative="0.69" duration="2"/>
    <step time="22200.00" loaded="11548" inserted="11503" running="445" waiting="45" ended="11058" arrived="11058" collisions="12" teleports="12" halting="6" stopped="0" meanWaitingTime="1.72" meanTravelTime="241.15" meanSpeed="20.08" meanSpeedRelative="0.63" duration="3"/>
    <step time="22500.00" loaded="11989" inserted="11925" running="483" waiting="64" ended="11442" arrived="11442" collisions="12" teleports="12" halting="4" stopped="0" meanWaitingTime="3.05" meanTravelTime="242.83" meanSpeed="19.96" meanSpeedRelative="0.62" duration="3"/>
    <step time="22800.00" loaded="12477" inserted="12373" running="517" waiting="104" ended="11856" arrived="11856" collisions="13" teleports="13" halting="4" stopped="0" meanWaitingTime="4.72" meanTravelTime="245.05" meanSpeed="19.07" meanSpeedRelative="0.60" duration="4"/>
    <step time="23100.00" loaded="12936" inserted="12805" running="525" waiting="131" ended="12280" arrived="12280" collisions="14" teleports="14" halting="13" stopped="0" meanWaitingTime="6.93" meanTravelTime="249.03" meanSpeed="19.30" meanSpeedRelative="0.60" duration="4"/>
    <step time="23400.00" loaded="13418" inserted="13223" running="502" waiting="195" ended="12721" arrived="12721" collisions="14" teleports="14" halting="11" stopped="0" meanWaitingTime="9.63" meanTravelTime="253.17" meanSpeed="18.90" meanSpeedRelative="0.59" duration="2"/>
    <step time="23700.00" loaded="13828" inserted="13628" running="470" waiting="200" ended="13158" arrived="13158" collisions="15" teleports="15" halting="21" stopped="0" meanWaitingTime="13.10" meanTravelTime="256.31" meanSpeed="19.70" meanSpeedRelative="0.62" duration="3"/>
    <step time="24000.00" loaded="14334" inserted="14061" running="518" waiting="273" ended="13543" arrived="13543" collisions="15" teleports="15" halting="4" stopped="0" meanWaitingTime="16.55" meanTravelTime="259.17" meanSpeed="19.18" meanSpeedRelative="0.60" duration="3"/>
    <step time="24300.00" loaded="14790" inserted="14480" running="499" waiting="310" ended="13981" arrived="13981" collisions="20" teleports="20" halting="15" stopped="0" meanWaitingTime="20.87" meanTravelTime="262.38" meanSpeed="19.06" meanSpeedRelative="0.60" duration="3"/>
    <step time="24600.00" loaded="15241" inserted="14906" running="473" waiting="335" ended="14433" arrived="14433" collisions="22" teleports="22" halting="21" stopped="0" meanWaitingTime="25.50" meanTravelTime="265.24" meanSpeed="19.08" meanSpeedRelative="0.60" duration="2"/>
    <step time="24900.00" loaded="15695" inserted="15320" running="467" waiting="375" ended="14853" arrived="14853" collisions="23" teleports="23" halting="21" stopped="0" meanWaitingTime="30.80" meanTravelTime="267.22" meanSpeed="18.59" meanSpeedRelative="0.58" duration="3"/>
    <step time="25200.00" loaded="16150" inserted="15737" running="461" waiting="413" ended="15276" arrived="15276" collisions="26" teleports="26" halting="9" stopped="0" meanWaitingTime="36.23" meanTravelTime="268.97" meanSpeed="20.03" meanSpeedRelative="0.63" duration="90"/>
    <step time="25500.00" loaded="16709" inserted="16200" running="500" waiting="509" ended="15700" arrived="15700" collisions="26" teleports="26" halting="11" stopped="0" meanWaitingTime="42.41" meanTravelTime="270.17" meanSpeed="20.13" meanSpeedRelative="0.63" duration="3"/>
    <step time="25800.00" loaded="17262" inserted="16656" running="518" waiting="606" ended="16138" arrived="16138" collisions="28" teleports="28" halting="21" stopped="0" meanWaitingTime="48.31" meanTravelTime="271.62" meanSpeed="19.02" meanSpeedRelative="0.59" duration="5"/>
    <step time="26100.00" loaded="17846" inserted="17109" running="535" waiting="737" ended="16574" arrived="16574" collisions="32" teleports="32" halting="8" stopped="0" meanWaitingTime="54.34" meanTravelTime="274.02" meanSpeed="17.93" meanSpeedRelative="0.56" duration="2"/>
    <step time="26400.00" loaded="18392" inserted="17576" running="530" waiting="816" ended="17046" arrived="17046" collisions="32" teleports="32" halting="9" stopped="0" meanWaitingTime="61.24" meanTravelTime="275.82" meanSpeed="18.67" meanSpeedRelative="0.58" duration="3"/>
    <step time="26700.00" loaded="18929" inserted="17999" running="513" waiting="930" ended="17486" arrived="17486" collisions="33" teleports="33" halting="1" stopped="0" meanWaitingTime="68.91" meanTravelTime="277.67" meanSpeed="17.80" meanSpeedRelative="0.56" duration="3"/>
    <step time="27000.00" loaded="19488" inserted="18470" running="556" waiting="1018" ended="17914" arrived="17914" collisions="35" teleports="35" halting="6" stopped="0" meanWaitingTime="76.76" meanTravelTime="279.79" meanSpeed="18.15" meanSpeedRelative="0.57" duration="5"/>
    <step time="27300.00" loaded="20043" inserted="18920" running="533" waiting="1123" ended="18387" arrived="18387" collisions="37" teleports="37" halting="22" stopped="0" meanWaitingTime="85.37" meanTravelTime="281.76" meanSpeed="18.10" meanSpeedRelative="0.57" duration="3"/>
    <step time="27600.00" loaded="20605" inserted="19380" running="527" waiting="1225" ended="18853" arrived="18853" collisions="39" teleports="39" halting="5" stopped="0" meanWaitingTime="95.02" meanTravelTime="283.45" meanSpeed="18.44" meanSpeedRelative="0.58" duration="3"/>
    <step time="27900.00" loaded="21167" inserted="19861" running="551" waiting="1306" ended="19310" arrived="19310" collisions="39" teleports="39" halting="23" stopped="0" meanWaitingTime="104.88" meanTravelTime="285.11" meanSpeed="18.19" meanSpeedRelative="0.57" duration="5"/>
    <step time="28200.00" loaded="21713" inserted="20310" running="558" waiting="1403" ended="19752" arrived="19752" collisions="42" teleports="42" halting="5" stopped="0" meanWaitingTime="114.20" meanTravelTime="286.75" meanSpeed="17.85" meanSpeedRelative="0.56" duration="3"/>
    <step time="28500.00" loaded="22277" inserted="20751" running="534" waiting="1526" ended="20217" arrived="20217" collisions="42" teleports="42" halting="19" stopped="0" meanWaitingTime="124.29" meanTravelTime="288.68" meanSpeed="19.02" meanSpeedRelative="0.59" duration="3"/>
    <step time="28800.00" loaded="22807" inserted="21163" running="506" waiting="1644" ended="20657" arrived="20657" collisions="43" teleports="43" halting="7" stopped="0" meanWaitingTime="133.62" meanTravelTime="290.03" meanSpeed="19.01" meanSpeedRelative="0.59" duration="94"/>
    <step time="29100.00" loaded="23154" inserted="21554" running="502" waiting="1600" ended="21052" arrived="21052" collisions="44" teleports="44" halting="14" stopped="0" meanWaitingTime="145.57" meanTravelTime="291.58" meanSpeed="19.45" meanSpeedRelative="0.61" duration="3"/>
    <step time="29400.00" loaded="23513" inserted="21929" running="463" waiting="1584" ended="21466" arrived="21466" collisions="45" teleports="45" halting="11" stopped="0" meanWaitingTime="156.12" meanTravelTime="293.52" meanSpeed="19.96" meanSpeedRelative="0.62" duration="4"/>
    <step time="29700.00" loaded="23844" inserted="22328" running="456" waiting="1516" ended="21872" arrived="21872" collisions="46" teleports="46" halting="4" stopped="0" meanWaitingTime="169.04" meanTravelTime="294.59" meanSpeed="20.94" meanSpeedRelative="0.65" duration="3"/>
    <step time="30000.00" loaded="24201" inserted="22739" running="447" waiting="1462" ended="22292" arrived="22292" collisions="46" teleports="46" halting="18" stopped="0" meanWaitingTime="182.62" meanTravelTime="295.47" meanSpeed="19.96" meanSpeedRelative="0.62" duration="3"/>
    <step time="30300.00" loaded="24573" inserted="23158" running="433" waiting="1415" ended="22725" arrived="22725" collisions="46" teleports="46" halting="2" stopped="0" meanWaitingTime="195.34" meanTravelTime="295.89" meanSpeed="20.49" meanSpeedRelative="0.64" duration="3"/>
    <step time="30600.00" loaded="24932" inserted="23587" running="455" waiting="1345" ended="23132" arrived="23132" collisions="46" teleports="46" halting="15" stopped="0" meanWaitingTime="210.01" meanTravelTime="296.27" meanSpeed="20.32" meanSpeedRelative="0.63" duration="4"/>
    <step time="30900.00" loaded="25291" inserted="23984" running="408" waiting="1307" ended="23576" arrived="23576" collisions="46" teleports="46" halting="3" stopped="0" meanWaitingTime="222.98" meanTravelTime="296.47" meanSpeed="19.92" meanSpeedRelative="0.62" duration="3"/>
    <step time="31200.00" loaded="25636" inserted="24395" running="420" waiting="1241" ended="23975" arrived="23975" collisions="47" teleports="47" halting="5" stopped="0" meanWaitingTime="235.21" meanTravelTime="296.54" meanSpeed="20.02" meanSpeedRelative="0.63" duration="3"/>
    <step time="31500.00" loaded="25966" inserted="24799" running="423" waiting="1167" ended="24376" arrived="24376" collisions="47" teleports="47" halting="9" stopped="0" meanWaitingTime="246.33" meanTravelTime="296.75" meanSpeed="19.11" meanSpeedRelative="0.60" duration="2"/>
    <step time="31800.00" loaded="26340" inserted="25179" running="395" waiting="1161" ended="24784" arrived="24784" collisions="48" teleports="48" halting="2" stopped="0" meanWaitingTime="256.94" meanTravelTime="297.20" meanSpeed="21.28" meanSpeedRelative="0.67" duration="2"/>
    <step time="32100.00" loaded="26699" inserted="25571" running="386" waiting="1128" ended="25185" arrived="25185" collisions="48" teleports="48" halting="6" stopped="0" meanWaitingTime="268.75" meanTravelTime="297.14" meanSpeed="21.47" meanSpeedRelative="0.67" duration="3"/>
    <step time="32400.00" loaded="27063" inserted="25971" running="394" waiting="1092" ended="25577" arrived="25577" collisions="49" teleports="49" halting="11" stopped="0" meanWaitingTime="279.33" meanTravelTime="297.09" meanSpeed="20.57" meanSpeedRelative="0.64" duration="95"/>
    <step time="32700.00" loaded="27311" inserted="26283" running="322" waiting="1028" ended="25961" arrived="25961" collisions="49" teleports="49" halting="19" stopped="0" meanWaitingTime="289.24" meanTravelTime="297.16" meanSpeed="20.47" meanSpeedRelative="0.64" duration="2"/>
    <step time="33000.00" loaded="27603" inserted="26631" running="332" waiting="972" ended="26299" arrived="26299" collisions="49" teleports="49" halting="3" stopped="0" meanWaitingTime="298.10" meanTravelTime="297.12" meanSpeed="21.07" meanSpeedRelative="0.66" duration="2"/>
    <step time="33300.00" loaded="27870" inserted="26969" running="302" waiting="901" ended="26667" arrived="26667" collisions="50" teleports="50" halting="5" stopped="0" meanWaitingTime="307.27" meanTravelTime="297.02" meanSpeed="20.54" meanSpeedRelative="0.64" duration="2"/>
    <step time="33600.00" loaded="28148" inserted="27305" running="306" waiting="843" ended="26999" arrived="26999" collisions="50" teleports="50" halting="10" stopped="0" meanWaitingTime="315.49" meanTravelTime="296.78" meanSpeed="20.79" meanSpeedRelative="0.65" duration="2"/>
    <step time="33900.00" loaded="28433" inserted="27650" running="319" waiting="783" ended="27331" arrived="27331" collisions="50" teleports="50" halting="11" stopped="0" meanWaitingTime="323.41" meanTravelTime="296.41" meanSpeed="21.05" meanSpeedRelative="0.66" duration="2"/>
    <step time="34200.00" loaded="28701" inserted="27978" running="302" waiting="723" ended="27676" arrived="27676" collisions="52" teleports="52" halting="18" stopped="0" meanWaitingTime="328.96" meanTravelTime="296.13" meanSpeed="20.23" meanSpeedRelative="0.63" duration="2"/>
    <step time="34500.00" loaded="28969" inserted="28292" running="276" waiting="677" ended="28016" arrived="28016" collisions="52" teleports="52" halting="5" stopped="0" meanWaitingTime="336.43" meanTravelTime="295.90" meanSpeed="21.58" meanSpeedRelative="0.67" duration="2"/>
    <step time="34800.00" loaded="29222" inserted="28598" running="270" waiting="624" ended="28328" arrived="28328" collisions="53" teleports="53" halting="2" stopped="0" meanWaitingTime="344.73" meanTravelTime="295.66" meanSpeed="21.95" meanSpeedRelative="0.69" duration="2"/>
    <step time="35100.00" loaded="29490" inserted="28910" running="277" waiting="580" ended="28633" arrived="28633" collisions="54" teleports="54" halting="1" stopped="0" meanWaitingTime="352.31" meanTravelTime="295.26" meanSpeed="21.40" meanSpeedRelative="0.67" duration="1"/>
    <step time="35400.00" loaded="29765" inserted="29212" running="285" waiting="553" ended="28927" arrived="28927" collisions="55" teleports="55" halting="4" stopped="0" meanWaitingTime="359.13" meanTravelTime="294.93" meanSpeed="21.76" meanSpeedRelative="0.68" duration="1"/>
    <step time="35700.00" loaded="30007" inserted="29508" running="271" waiting="499" ended="29237" arrived="29237" collisions="55" teleports="55" halting="1" stopped="0" meanWaitingTime="365.77" meanTravelTime="294.86" meanSpeed="21.27" meanSpeedRelative="0.66" duration="2"/>
    <step time="36000.00" loaded="30273" inserted="29819" running="270" waiting="454" ended="29549" arrived="29549" collisions="55" teleports="55" halting="2" stopped="0" meanWaitingTime="371.27" meanTravelTime="294.56" meanSpeed="22.71" meanSpeedRelative="0.71" duration="86"/>
    <step time="36300.00" loaded="30739" inserted="30277" running="392" waiting="462" ended="29885" arrived="29885" collisions="55" teleports="55" halting="3" stopped="0" meanWaitingTime="373.61" meanTravelTime="293.90" meanSpeed="21.79" meanSpeedRelative="0.68" duration="2"/>
    <step time="36600.00" loaded="31229" inserted="30744" running="466" waiting="485" ended="30278" arrived="30278" collisions="56" teleports="56" halting="12" stopped="0" meanWaitingTime="375.73" meanTravelTime="293.70" meanSpeed="20.15" meanSpeedRelative="0.63" duration="2"/>
    <step time="36900.00" loaded="31717" inserted="31197" running="477" waiting="520" ended="30720" arrived="30720" collisions="56" teleports="56" halting="21" stopped="0" meanWaitingTime="375.18" meanTravelTime="293.74" meanSpeed="19.87" meanSpeedRelative="0.62" duration="4"/>
    <step time="37200.00" loaded="32184" inserted="31634" running="475" waiting="550" ended="31159" arrived="31159" collisions="57" teleports="57" halting="4" stopped="0" meanWaitingTime="374.24" meanTravelTime="293.87" meanSpeed="20.45" meanSpeedRelative="0.64" duration="3"/>
    <step time="37500.00" loaded="32703" inserted="32099" running="491" waiting="604" ended="31608" arrived="31608" collisions="58" teleports="58" halting="12" stopped="0" meanWaitingTime="373.78" meanTravelTime="294.43" meanSpeed="18.91" meanSpeedRelative="0.59" duration="3"/>
    <step time="37800.00" loaded="33123" inserted="32511" running="468" waiting="612" ended="32043" arrived="32043" collisions="59" teleports="59" halting="4" stopped="0" meanWaitingTime="373.68" meanTravelTime="294.73" meanSpeed="19.89" meanSpeedRelative="0.62" duration="2"/>
    <step time="38100.00" loaded="33581" inserted="32932" running="434" waiting="649" ended="32498" arrived="32498" collisions="61" teleports="61" halting="7" stopped="0" meanWaitingTime="375.16" meanTravelTime="295.18" meanSpeed="20.15" meanSpeedRelative="0.63" duration="2"/>
    <step time="38400.00" loaded="34066" inserted="33391" running="499" waiting="675" ended="32892" arrived="32892" collisions="63" teleports="63" halting="5" stopped="0" meanWaitingTime="375.34" meanTravelTime="295.56" meanSpeed="19.72" meanSpeedRelative="0.62" duration="3"/>
    <step time="38700.00" loaded="34526" inserted="33811" running="485" waiting="715" ended="33326" arrived="33326" collisions="66" teleports="66" halting="11" stopped="0" meanWaitingTime="375.50" meanTravelTime="296.06" meanSpeed="19.29" meanSpeedRelative="0.60" duration="4"/>
    <step time="39000.00" loaded="35007" inserted="34243" running="476" waiting="764" ended="33767" arrived="33767" collisions="66" teleports="66" halting="12" stopped="0" meanWaitingTime="374.95" meanTravelTime="296.53" meanSpeed="20.02" meanSpeedRelative="0.63" duration="3"/>
    <step time="39300.00" loaded="35470" inserted="34663" running="477" waiting="807" ended="34186" arrived="34186" collisions="67" teleports="67" halting="3" stopped="0" meanWaitingTime="374.42" meanTravelTime="296.78" meanSpeed="19.87" meanSpeedRelative="0.62" duration="4"/>
    <step time="39600.00" loaded="35957" inserted="35105" running="490" waiting="852" ended="34615" arrived="34615" collisions="67" teleports="67" halting="11" stopped="0" meanWaitingTime="374.53" meanTravelTime="297.44" meanSpeed="19.79" meanSpeedRelative="0.62" duration="94"/>
    <step time="39900.00" loaded="36462" inserted="35563" running="515" waiting="899" ended="35048" arrived="35048" collisions="68" teleports="68" halting="23" stopped="0" meanWaitingTime="374.92" meanTravelTime="297.93" meanSpeed="19.38" meanSpeedRelative="0.61" duration="3"/>
    <step time="40200.00" loaded="36966" inserted="36020" running="518" waiting="946" ended="35502" arrived="35502" collisions="69" teleports="69" halting="11" stopped="0" meanWaitingTime="375.04" meanTravelTime="298.28" meanSpeed="19.56" meanSpeedRelative="0.61" duration="5"/>
    <step time="40500.00" loaded="37443" inserted="36459" running="513" waiting="984" ended="35946" arrived="35946" collisions="72" teleports="72" halting="3" stopped="0" meanWaitingTime="375.18" meanTravelTime="299.07" meanSpeed="19.24" meanSpeedRelative="0.60" duration="4"/>
    <step time="40800.00" loaded="37958" inserted="36922" running="516" waiting="1036" ended="36406" arrived="36406" collisions="74" teleports="74" halting="8" stopped="0" meanWaitingTime="376.19" meanTravelTime="299.58" meanSpeed="18.64" meanSpeedRelative="0.58" duration="3"/>
    <step time="41100.00" loaded="38514" inserted="37409" running="545" waiting="1105" ended="36864" arrived="36864" collisions="78" teleports="78" halting="11" stopped="0" meanWaitingTime="377.41" meanTravelTime="300.08" meanSpeed="18.93" meanSpeedRelative="0.59" duration="4"/>
    <step time="41400.00" loaded="39030" inserted="37872" running="550" waiting="1158" ended="37322" arrived="37322" collisions="78" teleports="78" halting="21" stopped="0" meanWaitingTime="378.22" meanTravelTime="300.50" meanSpeed="18.28" meanSpeedRelative="0.57" duration="3"/>
    <step time="41700.00" loaded="39543" inserted="38327" running="553" waiting="1216" ended="37774" arrived="37774" collisions="78" teleports="78" halting="3" stopped="0" meanWaitingTime="379.03" meanTravelTime="300.96" meanSpeed="18.06" meanSpeedRelative="0.56" duration="3"/>
    <step time="42000.00" loaded="40061" inserted="38796" running="570" waiting="1265" ended="38226" arrived="38226" collisions="80" teleports="80" halting="5" stopped="0" meanWaitingTime="380.18" meanTravelTime="301.79" meanSpeed="18.51" meanSpeedRelative="0.58" duration="3"/>
    <step time="42300.00" loaded="40590" inserted="39280" running="576" waiting="1310" ended="38704" arrived="38704" collisions="81" teleports="81" halting="12" stopped="0" meanWaitingTime="382.38" meanTravelTime="302.51" meanSpeed="17.50" meanSpeedRelative="0.55" duration="5"/>
    <step time="42600.00" loaded="41114" inserted="39744" running="563" waiting="1370" ended="39181" arrived="39181" collisions="83" teleports="83" halting="18" stopped="0" meanWaitingTime="384.13" meanTravelTime="303.49" meanSpeed="18.13" meanSpeedRelative="0.57" duration="4"/>
    <step time="42900.00" loaded="41675" inserted="40183" running="534" waiting="1492" ended="39649" arrived="39649" collisions="87" teleports="87" halting="2" stopped="0" meanWaitingTime="385.04" meanTravelTime="304.20" meanSpeed="19.61" meanSpeedRelative="0.61" duration="4"/>
    <step time="43200.00" loaded="42174" inserted="40665" running="557" waiting="1509" ended="40108" arrived="40108" collisions="87" teleports="87" halting="8" stopped="0" meanWaitingTime="388.54" meanTravelTime="304.70" meanSpeed="18.90" meanSpeedRelative="0.59" duration="95"/>
    <step time="43500.00" loaded="42739" inserted="41148" running="580" waiting="1591" ended="40568" arrived="40568" collisions="89" teleports="89" halting="21" stopped="0" meanWaitingTime="391.69" meanTravelTime="305.26" meanSpeed="18.34" meanSpeedRelative="0.57" duration="4"/>
    <step time="43800.00" loaded="43285" inserted="41612" running="585" waiting="1673" ended="41027" arrived="41027" collisions="89" teleports="89" halting="6" stopped="0" meanWaitingTime="394.41" meanTravelTime="305.88" meanSpeed="18.16" meanSpeedRelative="0.57" duration="5"/>
    <step time="44100.00" loaded="43831" inserted="42100" running="621" waiting="1731" ended="41479" arrived="41479" collisions="89" teleports="89" halting="22" stopped="0" meanWaitingTime="397.76" meanTravelTime="306.51" meanSpeed="17.15" meanSpeedRelative="0.54" duration="4"/>
    <step time="44400.00" loaded="44358" inserted="42562" running="622" waiting="1796" ended="41940" arrived="41940" collisions="90" teleports="90" halting="6" stopped="0" meanWaitingTime="399.57" meanTravelTime="307.54" meanSpeed="17.28" meanSpeedRelative="0.54" duration="5"/>
    <step time="44700.00" loaded="44890" inserted="43027" running="610" waiting="1863" ended="42417" arrived="42417" collisions="90" teleports="90" halting="22" stopped="0" meanWaitingTime="402.77" meanTravelTime="308.43" meanSpeed="17.74" meanSpeedRelative="0.55" duration="5"/>
    <step time="45000.00" loaded="45412" inserted="43496" running="608" waiting="1916" ended="42888" arrived="42888" collisions="90" teleports="90" halting="11" stopped="0" meanWaitingTime="405.38" meanTravelTime="309.49" meanSpeed="17.51" meanSpeedRelative="0.55" duration="4"/>
    <step time="45300.00" loaded="45953" inserted="43968" running="631" waiting="1985" ended="43337" arrived="43337" collisions="90" teleports="90" halting="4" stopped="0" meanWaitingTime="408.80" meanTravelTime="310.14" meanSpeed="16.52" meanSpeedRelative="0.52" duration="5"/>
    <step time="45600.00" loaded="46475" inserted="44431" running="627" waiting="2044" ended="43804" arrived="43804" collisions="90" teleports="90" halting="9" stopped="0" meanWaitingTime="413.51" meanTravelTime="311.01" meanSpeed="16.31" meanSpeedRelative="0.51" duration="5"/>
    <step time="45900.00" loaded="46984" inserted="44868" running="632" waiting="2116" ended="44236" arrived="44236" collisions="92" teleports="92" halting="19" stopped="0" meanWaitingTime="417.97" meanTravelTime="311.93" meanSpeed="15.77" meanSpeedRelative="0.49" duration="5"/>
    <step time="46200.00" loaded="47553" inserted="45361" running="665" waiting="2192" ended="44696" arrived="44696" collisions="94" teleports="94" halting="21" stopped="0" meanWaitingTime="421.15" meanTravelTime="312.99" meanSpeed="16.20" meanSpeedRelative="0.51" duration="5"/>
    <step time="46500.00" loaded="48062" inserted="45818" running="659" waiting="2244" ended="45159" arrived="45159" collisions="95" teleports="95" halting="22" stopped="0" meanWaitingTime="426.29" meanTravelTime="314.09" meanSpeed="15.90" meanSpeedRelative="0.50" duration="5"/>
    <step time="46800.00" loaded="48638" inserted="46340" running="703" waiting="2298" ended="45637" arrived="45637" collisions="95" teleports="95" halting="6" stopped="0" meanWaitingTime="430.65" meanTravelTime="315.15" meanSpeed="15.39" meanSpeedRelative="0.48" duration="95"/>
    <step time="47100.00" loaded="49163" inserted="46822" running="668" waiting="2341" ended="46154" arrived="46154" collisions="95" teleports="95" halting="23" stopped="0" meanWaitingTime="435.83" meanTravelTime="316.33" meanSpeed="15.74" meanSpeedRelative="0.49" duration="4"/>
    <step time="47400.00" loaded="49746" inserted="47289" running="656" waiting="2457" ended="46633" arrived="46633" collisions="96" teleports="96" halting="6" stopped="0" meanWaitingTime="440.01" meanTravelTime="317.47" meanSpeed="15.56" meanSpeedRelative="0.49" duration="6"/>
    <step time="47700.00" loaded="50290" inserted="47771" running="676" waiting="2519" ended="47095" arrived="47095" collisions="97" teleports="97" halting="7" stopped="0" meanWaitingTime="444.05" meanTravelTime="318.50" meanSpeed="16.56" meanSpeedRelative="0.52" duration="5"/>
    <step time="48000.00" loaded="50812" inserted="48256" running="674" waiting="2556" ended="47582" arrived="47582" collisions="97" teleports="97" halting="10" stopped="0" meanWaitingTime="450.27" meanTravelTime="319.45" meanSpeed="16.27" meanSpeedRelative="0.51" duration="6"/>
    <step time="48300.00" loaded="51325" inserted="48709" running="669" waiting="2616" ended="48040" arrived="48040" collisions="99" teleports="99" halting="14" stopped="0" meanWaitingTime="456.23" meanTravelTime="320.51" meanSpeed="16.89" meanSpeedRelative="0.53" duration="4"/>
    <step time="48600.00" loaded="51872" inserted="49193" running="673" waiting="2679" ended="48520" arrived="48520" collisions="102" teleports="102" halting="20" stopped="0" meanWaitingTime="460.84" meanTravelTime="321.45" meanSpeed="16.66" meanSpeedRelative="0.52" duration="6"/>
    <step time="48900.00" loaded="52411" inserted="49673" running="687" waiting="2738" ended="48986" arrived="48986" collisions="105" teleports="105" halting="19" stopped="0" meanWaitingTime="466.85" meanTravelTime="322.38" meanSpeed="16.28" meanSpeedRelative="0.51" duration="5"/>
    <step time="49200.00" loaded="52917" inserted="50122" running="668" waiting="2795" ended="49454" arrived="49454" collisions="106" teleports="106" halting="2" stopped="0" meanWaitingTime="472.15" meanTravelTime="323.46" meanSpeed="15.66" meanSpeedRelative="0.49" duration="4"/>
    <step time="49500.00" loaded="53395" inserted="50575" running="665" waiting="2820" ended="49910" arrived="49910" collisions="106" teleports="106" halting="14" stopped="0" meanWaitingTime="478.95" meanTravelTime="324.49" meanSpeed="15.98" meanSpeedRelative="0.50" duration="6"/>
    <step time="49800.00" loaded="53920" inserted="51053" running="664" waiting="2867" ended="50389" arrived="50389" collisions="108" teleports="108" halting="10" stopped="0" meanWaitingTime="485.95" meanTravelTime="325.46" meanSpeed="16.41" meanSpeedRelative="0.51" duration="5"/>
    <step time="50100.00" loaded="54447" inserted="51529" running="673" waiting="2918" ended="50856" arrived="50856" collisions="108" teleports="108" halting="24" stopped="0" meanWaitingTime="492.57" meanTravelTime="326.48" meanSpeed="16.38" meanSpeedRelative="0.51" duration="5"/>
    <step time="50400.00" loaded="55029" inserted="52022" running="698" waiting="3007" ended="51324" arrived="51324" collisions="110" teleports="110" halting="16" stopped="0" meanWaitingTime="499.63" meanTravelTime="327.34" meanSpeed="15.62" meanSpeedRelative="0.49" duration="97"/>
    <step time="50700.00" loaded="55725" inserted="52554" running="731" waiting="3171" ended="51823" arrived="51823" collisions="112" teleports="112" halting="9" stopped="0" meanWaitingTime="505.22" meanTravelTime="328.17" meanSpeed="16.27" meanSpeedRelative="0.51" duration="7"/>
    <step time="51000.00" loaded="56388" inserted="53066" running="763" waiting="3322" ended="52303" arrived="52303" collisions="114" teleports="114" halting="22" stopped="0" meanWaitingTime="510.60" meanTravelTime="328.96" meanSpeed="15.02" meanSpeedRelative="0.47" duration="6"/>
    <step time="51300.00" loaded="57124" inserted="53591" running="810" waiting="3533" ended="52781" arrived="52781" collisions="116" teleports="116" halting="14" stopped="0" meanWaitingTime="514.97" meanTravelTime="330.05" meanSpeed="15.15" meanSpeedRelative="0.47" duration="6"/>
    <step time="51600.00" loaded="57851" inserted="54129" running="841" waiting="3722" ended="53288" arrived="53288" collisions="117" teleports="117" halting="21" stopped="0" meanWaitingTime="520.59" meanTravelTime="331.26" meanSpeed="14.38" meanSpeedRelative="0.45" duration="7"/>
    <step time="51900.00" loaded="58566" inserted="54615" running="829" waiting="3951" ended="53786" arrived="53786" collisions="120" teleports="120" halting="34" stopped="0" meanWaitingTime="525.00" meanTravelTime="332.62" meanSpeed="14.61" meanSpeedRelative="0.46" duration="7"/>
    <step time="52200.00" loaded="59294" inserted="55163" running="875" waiting="4131" ended="54288" arrived="54288" collisions="122" teleports="122" halting="20" stopped="0" meanWaitingTime="531.35" meanTravelTime="334.26" meanSpeed="14.05" meanSpeedRelative="0.44" duration="7"/>
    <step time="52500.00" loaded="60026" inserted="55705" running="915" waiting="4321" ended="54790" arrived="54790" collisions="125" teleports="125" halting="20" stopped="0" meanWaitingTime="536.90" meanTravelTime="335.68" meanSpeed="12.96" meanSpeedRelative="0.40" duration="8"/>
    <step time="52800.00" loaded="60740" inserted="56211" running="922" waiting="4529" ended="55289" arrived="55289" collisions="129" teleports="129" halting="13" stopped="0" meanWaitingTime="541.01" meanTravelTime="337.19" meanSpeed="13.52" meanSpeedRelative="0.42" duration="6"/>
    <step time="53100.00" loaded="61457" inserted="56745" running="965" waiting="4712" ended="55780" arrived="55780" collisions="134" teleports="134" halting="32" stopped="0" meanWaitingTime="549.38" meanTravelTime="338.91" meanSpeed="12.45" meanSpeedRelative="0.39" duration="8"/>
    <step time="53400.00" loaded="62171" inserted="57219" running="946" waiting="4952" ended="56273" arrived="56273" collisions="137" teleports="137" halting="37" stopped="0" meanWaitingTime="556.16" meanTravelTime="340.77" meanSpeed="12.65" meanSpeedRelative="0.40" duration="8"/>
    <step time="53700.00" loaded="62885" inserted="57718" running="976" waiting="5167" ended="56742" arrived="56742" collisions="140" teleports="140" halting="37" stopped="0" meanWaitingTime="561.74" meanTravelTime="342.62" meanSpeed="12.81" meanSpeedRelative="0.40" duration="9"/>
    <step time="54000.00" loaded="63626" inserted="58238" running="1009" waiting="5388" ended="57229" arrived="57229" collisions="142" teleports="142" halting="54" stopped="0" meanWaitingTime="569.36" meanTravelTime="344.67" meanSpeed="11.35" meanSpeedRelative="0.35" duration="97"/>
    <step time="54300.00" loaded="64081" inserted="58656" running="934" waiting="5425" ended="57722" arrived="57722" collisions="144" teleports="144" halting="17" stopped="0" meanWaitingTime="578.24" meanTravelTime="346.78" meanSpeed="11.86" meanSpeedRelative="0.37" duration="9"/>
    <step time="54600.00" loaded="64584" inserted="59137" running="925" waiting="5447" ended="58212" arrived="58212" collisions="145" teleports="145" halting="37" stopped="0" meanWaitingTime="588.94" meanTravelTime="348.80" meanSpeed="12.10" meanSpeedRelative="0.38" duration="6"/>
    <step time="54900.00" loaded="65042" inserted="59585" running="885" waiting="5457" ended="58700" arrived="58700" collisions="146" teleports="146" halting="25" stopped="0" meanWaitingTime="601.86" meanTravelTime="350.82" meanSpeed="12.68" meanSpeedRelative="0.40" duration="8"/>
    <step time="55200.00" loaded="65486" inserted="60034" running="821" waiting="5452" ended="59213" arrived="59213" collisions="146" teleports="146" halting="6" stopped="0" meanWaitingTime="613.88" meanTravelTime="352.82" meanSpeed="13.64" meanSpeedRelative="0.43" duration="6"/>
    <step time="55500.00" loaded="65944" inserted="60503" running="792" waiting="5441" ended="59711" arrived="59711" collisions="149" teleports="149" halting="4" stopped="0" meanWaitingTime="627.69" meanTravelTime="354.77" meanSpeed="14.38" meanSpeedRelative="0.45" duration="5"/>
    <step time="55800.00" loaded="66409" inserted="60989" running="805" waiting="5420" ended="60184" arrived="60184" collisions="150" teleports="150" halting="4" stopped="0" meanWaitingTime="640.08" meanTravelTime="356.05" meanSpeed="13.65" meanSpeedRelative="0.43" duration="8"/>
    <step time="56100.00" loaded="66914" inserted="61483" running="820" waiting="5431" ended="60663" arrived="60663" collisions="151" teleports="151" halting="23" stopped="0" meanWaitingTime="653.34" meanTravelTime="357.28" meanSpeed="13.45" meanSpeedRelative="0.42" duration="9"/>
    <step time="56400.00" loaded="67357" inserted="61957" running="790" waiting="5400" ended="61167" arrived="61167" collisions="152" teleports="152" halting="27" stopped="0" meanWaitingTime="666.07" meanTravelTime="358.48" meanSpeed="13.85" meanSpeedRelative="0.43" duration="9"/>
    <step time="56700.00" loaded="67824" inserted="62400" running="738" waiting="5424" ended="61662" arrived="61662" collisions="155" teleports="155" halting="14" stopped="0" meanWaitingTime="678.26" meanTravelTime="359.33" meanSpeed="15.14" meanSpeedRelative="0.47" duration="7"/>
    <step time="57000.00" loaded="68264" inserted="62861" running="700" waiting="5403" ended="62161" arrived="62161" collisions="155" teleports="155" halting="11" stopped="0" meanWaitingTime="692.95" meanTravelTime="360.15" meanSpeed="15.82" meanSpeedRelative="0.49" duration="7"/>
    <step time="57300.00" loaded="68733" inserted="63339" running="696" waiting="5394" ended="62643" arrived="62643" collisions="157" teleports="157" halting="4" stopped="0" meanWaitingTime="704.91" meanTravelTime="361.07" meanSpeed="16.05" meanSpeedRelative="0.50" duration="4"/>
    <step time="57600.00" loaded="69202" inserted="63796" running="691" waiting="5406" ended="63105" arrived="63105" collisions="157" teleports="157" halting="17" stopped="0" meanWaitingTime="718.38" meanTravelTime="361.59" meanSpeed="14.61" meanSpeedRelative="0.46" duration="95"/>
    <step time="57900.00" loaded="69766" inserted="64289" running="747" waiting="5477" ended="63542" arrived="63542" collisions="158" teleports="158" halting="10" stopped="0" meanWaitingTime="730.37" meanTravelTime="362.19" meanSpeed="14.29" meanSpeedRelative="0.45" duration="9"/>
    <step time="58200.00" loaded="70310" inserted="64763" running="747" waiting="5547" ended="64016" arrived="64016" collisions="159" teleports="159" halting="12" stopped="0" meanWaitingTime="743.39" meanTravelTime="362.77" meanSpeed="14.92" meanSpeedRelative="0.47" duration="6"/>
    <step time="58500.00" loaded="70869" inserted="65251" running="756" waiting="5618" ended="64495" arrived="64495" collisions="159" teleports="159" halting="21" stopped="0" meanWaitingTime="756.42" meanTravelTime="363.58" meanSpeed="15.45" meanSpeedRelative="0.48" duration="6"/>
    <step time="58800.00" loaded="71403" inserted="65737" running="753" waiting="5666" ended="64984" arrived="64984" collisions="161" teleports="161" halting="22" stopped="0" meanWaitingTime="769.91" meanTravelTime="364.25" meanSpeed="13.97" meanSpeedRelative="0.44" duration="8"/>
    <step time="59100.00" loaded="71955" inserted="66224" running="749" waiting="5731" ended="65475" arrived="65475" collisions="161" teleports="161" halting="22" stopped="0" meanWaitingTime="781.53" meanTravelTime="365.01" meanSpeed="14.32" meanSpeedRelative="0.45" duration="7"/>
    <step time="59400.00" loaded="72518" inserted="66697" running="733" waiting="5821" ended="65964" arrived="65964" collisions="161" teleports="161" halting="23" stopped="0" meanWaitingTime="793.93" meanTravelTime="365.80" meanSpeed="14.63" meanSpeedRelative="0.46" duration="6"/>
    <step time="59700.00" loaded="73071" inserted="67173" running="766" waiting="5898" ended="66407" arrived="66407" collisions="161" teleports="161" halting="4" stopped="0" meanWaitingTime="806.07" meanTravelTime="366.28" meanSpeed="15.22" meanSpeedRelative="0.48" duration="10"/>
    <step time="60000.00" loaded="73721" inserted="67685" running="796" waiting="6036" ended="66889" arrived="66889" collisions="164" teleports="164" halting="7" stopped="0" meanWaitingTime="820.05" meanTravelTime="367.00" meanSpeed="15.27" meanSpeedRelative="0.48" duration="9"/>
    <step time="60300.00" loaded="74334" inserted="68203" running="840" waiting="6131" ended="67363" arrived="67363" collisions="167" teleports="167" halting="43" stopped="0" meanWaitingTime="831.16" meanTravelTime="367.73" meanSpeed="14.29" meanSpeedRelative="0.45" duration="8"/>
    <step time="60600.00" loaded="74904" inserted="68664" running="800" waiting="6240" ended="67864" arrived="67864" collisions="171" teleports="171" halting="6" stopped="0" meanWaitingTime="839.07" meanTravelTime="368.82" meanSpeed="14.72" meanSpeedRelative="0.46" duration="8"/>
    <step time="60900.00" loaded="75500" inserted="69158" running="807" waiting="6342" ended="68351" arrived="68351" collisions="171" teleports="171" halting="11" stopped="0" meanWaitingTime="850.84" meanTravelTime="369.76" meanSpeed="14.63" meanSpeedRelative="0.46" duration="8"/>
    <step time="61200.00" loaded="76089" inserted="69663" running="829" waiting="6426" ended="68834" arrived="68834" collisions="173" teleports="173" halting="19" stopped="0" meanWaitingTime="863.33" meanTravelTime="370.81" meanSpeed="15.42" meanSpeedRelative="0.48" duration="88"/>
    <step time="61500.00" loaded="76157" inserted="69998" running="675" waiting="6159" ended="69323" arrived="69323" collisions="175" teleports="175" halting="4" stopped="0" meanWaitingTime="877.98" meanTravelTime="371.93" meanSpeed="15.81" meanSpeedRelative="0.49" duration="7"/>
    <step time="61800.00" loaded="76234" inserted="70336" running="593" waiting="5898" ended="69743" arrived="69743" collisions="177" teleports="177" halting="10" stopped="0" meanWaitingTime="893.61" meanTravelTime="372.90" meanSpeed="15.09" meanSpeedRelative="0.47" duration="6"/>
    <step time="62100.00" loaded="76313" inserted="70679" running="536" waiting="5634" ended="70143" arrived="70143" collisions="178" teleports="178" halting="3" stopped="0" meanWaitingTime="909.01" meanTravelTime="373.65" meanSpeed="16.58" meanSpeedRelative="0.52" duration="6"/>
    <step time="62400.00" loaded="76388" inserted="71043" running="512" waiting="5345" ended="70531" arrived="70531" collisions="178" teleports="178" halting="1" stopped="0" meanWaitingTime="928.38" meanTravelTime="374.17" meanSpeed="16.51" meanSpeedRelative="0.52" duration="3"/>
    <step time="62700.00" loaded="76466" inserted="71390" running="498" waiting="5076" ended="70892" arrived="70892" collisions="178" teleports="178" halting="18" stopped="0" meanWaitingTime="944.97" meanTravelTime="374.62" meanSpeed="17.29" meanSpeedRelative="0.54" duration="5"/>
    <step time="63000.00" loaded="76531" inserted="71743" running="497" waiting="4788" ended="71246" arrived="71246" collisions="181" teleports="181" halting="1" stopped="0" meanWaitingTime="962.95" meanTravelTime="374.74" meanSpeed="17.98" meanSpeedRelative="0.56" duration="6"/>
    <step time="63300.00" loaded="76602" inserted="72105" running="479" waiting="4497" ended="71626" arrived="71626" collisions="182" teleports="182" halting="2" stopped="0" meanWaitingTime="981.66" meanTravelTime="374.99" meanSpeed="17.19" meanSpeedRelative="0.54" duration="4"/>
    <step time="63600.00" loaded="76679" inserted="72445" running="459" waiting="4234" ended="71986" arrived="71986" collisions="183" teleports="183" halting="3" stopped="0" meanWaitingTime="998.42" meanTravelTime="375.02" meanSpeed="17.16" meanSpeedRelative="0.54" duration="5"/>
    <step time="63900.00" loaded="76751" inserted="72744" running="394" waiting="4007" ended="72350" arrived="72350" collisions="183" teleports="183" halting="12" stopped="0" meanWaitingTime="1015.70" meanTravelTime="375.27" meanSpeed="17.59" meanSpeedRelative="0.55" duration="4"/>
    <step time="64200.00" loaded="76828" inserted="73046" running="336" waiting="3782" ended="72710" arrived="72710" collisions="183" teleports="183" halting="19" stopped="0" meanWaitingTime="1033.24" meanTravelTime="375.46" meanSpeed="18.37" meanSpeedRelative="0.57" duration="2"/>
    <step time="64500.00" loaded="76907" inserted="73357" running="332" waiting="3550" ended="73025" arrived="73025" collisions="183" teleports="183" halting="3" stopped="0" meanWaitingTime="1048.83" meanTravelTime="375.32" meanSpeed="20.71" meanSpeedRelative="0.65" duration="2"/>
    <step time="64800.00" loaded="76975" inserted="73634" running="272" waiting="3341" ended="73362" arrived="73362" collisions="183" teleports="183" halting="10" stopped="0" meanWaitingTime="1062.92" meanTravelTime="374.96" meanSpeed="21.08" meanSpeedRelative="0.66" duration="94"/>
    <step time="65100.00" loaded="77033" inserted="73849" running="225" waiting="3184" ended="73624" arrived="73624" collisions="183" teleports="183" halting="3" stopped="0" meanWaitingTime="1078.88" meanTravelTime="374.71" meanSpeed="22.03" meanSpeedRelative="0.69" duration="1"/>
    <step time="65400.00" loaded="77087" inserted="74055" running="212" waiting="3032" ended="73843" arrived="73843" collisions="183" teleports="183" halting="4" stopped="0" meanWaitingTime="1096.02" meanTravelTime="374.60" meanSpeed="21.84" meanSpeedRelative="0.68" duration="1"/>
    <step time="65700.00" loaded="77150" inserted="74271" running="201" waiting="2879" ended="74070" arrived="74070" collisions="183" teleports="183" halting="2" stopped="0" meanWaitingTime="1113.01" meanTravelTime="374.38" meanSpeed="22.34" meanSpeedRelative="0.70" duration="1"/>
    <step time="66000.00" loaded="77206" inserted="74483" running="208" waiting="2723" ended="74275" arrived="74275" collisions="184" teleports="184" halting="3" stopped="0" meanWaitingTime="1129.48" meanTravelTime="374.16" meanSpeed="22.07" meanSpeedRelative="0.69" duration="2"/>
    <step time="66300.00" loaded="77254" inserted="74690" running="203" waiting="2564" ended="74487" arrived="74487" collisions="184" teleports="184" halting="2" stopped="0" meanWaitingTime="1144.32" meanTravelTime="373.87" meanSpeed="22.39" meanSpeedRelative="0.70" duration="2"/>
    <step time="66600.00" loaded="77310" inserted="74903" running="195" waiting="2407" ended="74708" arrived="74708" collisions="185" teleports="185" halting="2" stopped="0" meanWaitingTime="1158.04" meanTravelTime="373.64" meanSpeed="22.26" meanSpeedRelative="0.70" duration="2"/>
    <step time="66900.00" loaded="77373" inserted="75058" running="137" waiting="2315" ended="74921" arrived="74921" collisions="185" teleports="185" halting="4" stopped="0" meanWaitingTime="1171.41" meanTravelTime="373.36" meanSpeed="21.81" meanSpeedRelative="0.68" duration="1"/>
    <step time="67200.00" loaded="77413" inserted="75190" running="100" waiting="2223" ended="75090" arrived="75090" collisions="185" teleports="185" halting="3" stopped="0" meanWaitingTime="1184.44" meanTravelTime="373.05" meanSpeed="22.11" meanSpeedRelative="0.69" duration="1"/>
    <step time="67500.00" loaded="77468" inserted="75337" running="101" waiting="2131" ended="75236" arrived="75236" collisions="185" teleports="185" halting="2" stopped="0" meanWaitingTime="1197.67" meanTravelTime="372.81" meanSpeed="22.51" meanSpeedRelative="0.70" duration="1"/>
    <step time="67800.00" loaded="77507" inserted="75479" running="94" waiting="2028" ended="75385" arrived="75385" collisions="185" teleports="185" halting="4" stopped="0" meanWaitingTime="1211.94" meanTravelTime="372.50" meanSpeed="21.66" meanSpeedRelative="0.68" duration="0"/>
    <step time="68100.00" loaded="77559" inserted="75621" running="92" waiting="1938" ended="75529" arrived="75529" collisions="185" teleports="185" halting="2" stopped="0" meanWaitingTime="1225.50" meanTravelTime="372.16" meanSpeed="20.10" meanSpeedRelative="0.63" duration="1"/>
    <step time="68400.00" loaded="77595" inserted="75758" running="77" waiting="1837" ended="75681" arrived="75681" collisions="185" teleports="185" halting="0" stopped="0" meanWaitingTime="1238.47" meanTravelTime="371.83" meanSpeed="21.01" meanSpeedRelative="0.66" duration="92"/>
    <step time="68700.00" loaded="77754" inserted="75996" running="158" waiting="1758" ended="75838" arrived="75838" collisions="185" teleports="185" halting="1" stopped="0" meanWaitingTime="1246.51" meanTravelTime="371.38" meanSpeed="22.68" meanSpeedRelative="0.71" duration="2"/>
    <step time="69000.00" loaded="77889" inserted="76177" running="158" waiting="1712" ended="76019" arrived="76019" collisions="185" teleports="185" halting="2" stopped="0" meanWaitingTime="1253.47" meanTravelTime="371.00" meanSpeed="23.69" meanSpeedRelative="0.74" duration="1"/>
    <step time="69300.00" loaded="78033" inserted="76347" running="175" waiting="1686" ended="76172" arrived="76172" collisions="185" teleports="185" halting="1" stopped="0" meanWaitingTime="1260.04" meanTravelTime="370.83" meanSpeed="23.81" meanSpeedRelative="0.74" duration="2"/>
    <step time="69600.00" loaded="78184" inserted="76523" running="178" waiting="1661" ended="76345" arrived="76345" collisions="185" teleports="185" halting="3" stopped="0" meanWaitingTime="1266.77" meanTravelTime="370.65" meanSpeed="22.88" meanSpeedRelative="0.71" duration="1"/>
    <step time="69900.00" loaded="78367" inserted="76726" running="194" waiting="1641" ended="76532" arrived="76532" collisions="185" teleports="185" halting="0" stopped="0" meanWaitingTime="1272.32" meanTravelTime="370.43" meanSpeed="24.07" meanSpeedRelative="0.75" duration="1"/>
    <step time="70200.00" loaded="78530" inserted="76915" running="189" waiting="1615" ended="76726" arrived="76726" collisions="185" teleports="185" halting="0" stopped="0" meanWaitingTime="1279.11" meanTravelTime="370.23" meanSpeed="24.43" meanSpeedRelative="0.76" duration="3"/>
    <step time="70500.00" loaded="78674" inserted="77084" running="176" waiting="1590" ended="76908" arrived="76908" collisions="185" teleports="185" halting="2" stopped="0" meanWaitingTime="1285.51" meanTravelTime="370.05" meanSpeed="24.09" meanSpeedRelative="0.75" duration="2"/>
    <step time="70800.00" loaded="78843" inserted="77275" running="182" waiting="1568" ended="77093" arrived="77093" collisions="186" teleports="186" halting="1" stopped="0" meanWaitingTime="1291.83" meanTravelTime="369.92" meanSpeed="23.38" meanSpeedRelative="0.73" duration="2"/>
    <step time="71100.00" loaded="79015" inserted="77472" running="179" waiting="1543" ended="77293" arrived="77293" collisions="187" teleports="187" halting="0" stopped="0" meanWaitingTime="1297.57" meanTravelTime="369.68" meanSpeed="23.69" meanSpeedRelative="0.74" duration="2"/>
    <step time="71400.00" loaded="79178" inserted="77659" running="187" waiting="1519" ended="77472" arrived="77472" collisions="188" teleports="188" halting="0" stopped="0" meanWaitingTime="1304.00" meanTravelTime="369.47" meanSpeed="23.42" meanSpeedRelative="0.73" duration="2"/>
    <step time="71700.00" loaded="79332" inserted="77838" running="177" waiting="1494" ended="77661" arrived="77661" collisions="188" teleports="188" halting="1" stopped="0" meanWaitingTime="1311.11" meanTravelTime="369.28" meanSpeed="23.86" meanSpeedRelative="0.75" duration="1"/>
    <step time="72000.00" loaded="79486" inserted="78023" running="182" waiting="1463" ended="77841" arrived="77841" collisions="188" teleports="188" halting="2" stopped="0" meanWaitingTime="1317.37" meanTravelTime="369.09" meanSpeed="23.71" meanSpeedRelative="0.74" duration="89"/>
    <step time="72300.00" loaded="79631" inserted="78191" running="172" waiting="1440" ended="78019" arrived="78019" collisions="189" teleports="189" halting="1" stopped="0" meanWaitingTime="1324.20" meanTravelTime="368.88" meanSpeed="23.41" meanSpeedRelative="0.73" duration="1"/>
    <step time="72600.00" loaded="79770" inserted="78359" running="154" waiting="1411" ended="78205" arrived="78205" collisions="189" teleports="189" halting="2" stopped="0" meanWaitingTime="1331.30" meanTravelTime="368.77" meanSpeed="22.85" meanSpeedRelative="0.71" duration="2"/>
    <step time="72900.00" loaded="79914" inserted="78522" running="160" waiting="1392" ended="78362" arrived="78362" collisions="189" teleports="189" halting="1" stopped="0" meanWaitingTime="1338.47" meanTravelTime="368.68" meanSpeed="23.36" meanSpeedRelative="0.73" duration="1"/>
    <step time="73200.00" loaded="80047" inserted="78684" running="162" waiting="1363" ended="78522" arrived="78522" collisions="189" teleports="189" halting="0" stopped="0" meanWaitingTime="1345.13" meanTravelTime="368.44" meanSpeed="24.12" meanSpeedRelative="0.75" duration="1"/>
    <step time="73500.00" loaded="80183" inserted="78839" running="161" waiting="1344" ended="78678" arrived="78678" collisions="189" teleports="189" halting="4" stopped="0" meanWaitingTime="1351.93" meanTravelTime="368.31" meanSpeed="23.98" meanSpeedRelative="0.75" duration="2"/>
    <step time="73800.00" loaded="80311" inserted="78993" running="154" waiting="1318" ended="78839" arrived="78839" collisions="190" teleports="190" halting="2" stopped="0" meanWaitingTime="1359.02" meanTravelTime="368.23" meanSpeed="23.41" meanSpeedRelative="0.73" duration="1"/>
    <step time="74100.00" loaded="80440" inserted="79150" running="155" waiting="1290" ended="78995" arrived="78995" collisions="190" teleports="190" halting="1" stopped="0" meanWaitingTime="1365.82" meanTravelTime="368.10" meanSpeed="23.65" meanSpeedRelative="0.74" duration="1"/>
    <step time="74400.00" loaded="80583" inserted="79324" running="157" waiting="1259" ended="79167" arrived="79167" collisions="191" teleports="191" halting="0" stopped="0" meanWaitingTime="1372.36" meanTravelTime="367.87" meanSpeed="24.67" meanSpeedRelative="0.77" duration="1"/>
    <step time="74700.00" loaded="80712" inserted="79479" running="149" waiting="1233" ended="79330" arrived="79330" collisions="191" teleports="191" halting="4" stopped="0" meanWaitingTime="1379.23" meanTravelTime="367.69" meanSpeed="24.30" meanSpeedRelative="0.76" duration="1"/>
    <step time="75000.00" loaded="80835" inserted="79633" running="145" waiting="1202" ended="79488" arrived="79488" collisions="191" teleports="191" halting="1" stopped="0" meanWaitingTime="1386.09" meanTravelTime="367.54" meanSpeed="23.63" meanSpeedRelative="0.74" duration="1"/>
    <step time="75300.00" loaded="80986" inserted="79812" running="148" waiting="1174" ended="79664" arrived="79664" collisions="191" teleports="191" halting="1" stopped="0" meanWaitingTime="1393.27" meanTravelTime="367.31" meanSpeed="23.62" meanSpeedRelative="0.74" duration="1"/>
    <step time="75600.00" loaded="81112" inserted="79957" running="154" waiting="1155" ended="79803" arrived="79803" collisions="192" teleports="192" halting="0" stopped="0" meanWaitingTime="1400.76" meanTravelTime="367.14" meanSpeed="24.50" meanSpeedRelative="0.77" duration="84"/>
    <step time="75900.00" loaded="81313" inserted="80173" running="200" waiting="1140" ended="79973" arrived="79973" collisions="193" teleports="193" halting="2" stopped="0" meanWaitingTime="1406.94" meanTravelTime="366.94" meanSpeed="23.55" meanSpeedRelative="0.74" duration="1"/>
    <step time="76200.00" loaded="81530" inserted="80409" running="226" waiting="1121" ended="80183" arrived="80183" collisions="193" teleports="193" halting="3" stopped="0" meanWaitingTime="1412.99" meanTravelTime="366.77" meanSpeed="23.69" meanSpeedRelative="0.74" duration="2"/>
    <step time="76500.00" loaded="81728" inserted="80617" running="214" waiting="1111" ended="80403" arrived="80403" collisions="193" teleports="193" halting="2" stopped="0" meanWaitingTime="1418.72" meanTravelTime="366.56" meanSpeed="23.35" meanSpeedRelative="0.73" duration="2"/>
    <step time="76800.00" loaded="81911" inserted="80832" running="208" waiting="1079" ended="80624" arrived="80624" collisions="194" teleports="194" halting="2" stopped="0" meanWaitingTime="1425.06" meanTravelTime="366.31" meanSpeed="23.32" meanSpeedRelative="0.73" duration="1"/>
    <step time="77100.00" loaded="82112" inserted="81048" running="198" waiting="1064" ended="80850" arrived="80850" collisions="195" teleports="195" halting="0" stopped="0" meanWaitingTime="1430.57" meanTravelTime="366.15" meanSpeed="23.45" meanSpeedRelative="0.73" duration="2"/>
    <step time="77400.00" loaded="82293" inserted="81248" running="182" waiting="1045" ended="81066" arrived="81066" collisions="195" teleports="195" halting="2" stopped="0" meanWaitingTime="1436.79" meanTravelTime="365.87" meanSpeed="23.64" meanSpeedRelative="0.74" duration="1"/>
    <step time="77700.00" loaded="82491" inserted="81469" running="213" waiting="1022" ended="81256" arrived="81256" collisions="196" teleports="196" halting="1" stopped="0" meanWaitingTime="1442.34" meanTravelTime="365.70" meanSpeed="23.72" meanSpeedRelative="0.74" duration="1"/>
    <step time="78000.00" loaded="82677" inserted="81669" running="214" waiting="1008" ended="81455" arrived="81455" collisions="196" teleports="196" halting="2" stopped="0" meanWaitingTime="1448.26" meanTravelTime="365.53" meanSpeed="23.15" meanSpeedRelative="0.72" duration="1"/>
    <step time="78300.00" loaded="82868" inserted="81877" running="212" waiting="991" ended="81665" arrived="81665" collisions="196" teleports="196" halting="1" stopped="0" meanWaitingTime="1453.77" meanTravelTime="365.39" meanSpeed="22.48" meanSpeedRelative="0.70" duration="2"/>
    <step time="78600.00" loaded="83066" inserted="82091" running="192" waiting="975" ended="81899" arrived="81899" collisions="197" teleports="197" halting="1" stopped="0" meanWaitingTime="1459.16" meanTravelTime="365.12" meanSpeed="23.02" meanSpeedRelative="0.72" duration="2"/>
    <step time="78900.00" loaded="83270" inserted="82314" running="198" waiting="956" ended="82116" arrived="82116" collisions="197" teleports="197" halting="0" stopped="0" meanWaitingTime="1463.89" meanTravelTime="364.88" meanSpeed="23.26" meanSpeedRelative="0.73" duration="2"/>
    <step time="79200.00" loaded="83500" inserted="82560" running="223" waiting="940" ended="82337" arrived="82337" collisions="199" teleports="199" halting="2" stopped="0" meanWaitingTime="1468.90" meanTravelTime="364.68" meanSpeed="23.63" meanSpeedRelative="0.74" duration="87"/>
    <step time="79500.00" loaded="83671" inserted="82750" running="208" waiting="921" ended="82542" arrived="82542" collisions="199" teleports="199" halting="1" stopped="0" meanWaitingTime="1475.11" meanTravelTime="364.48" meanSpeed="24.35" meanSpeedRelative="0.76" duration="1"/>
    <step time="79800.00" loaded="83834" inserted="82934" running="184" waiting="900" ended="82750" arrived="82750" collisions="199" teleports="199" halting="1" stopped="0" meanWaitingTime="1481.18" meanTravelTime="364.31" meanSpeed="23.54" meanSpeedRelative="0.74" duration="1"/>
    <step time="80100.00" loaded="83997" inserted="83120" running="187" waiting="877" ended="82933" arrived="82933" collisions="199" teleports="199" halting="3" stopped="0" meanWaitingTime="1487.18" meanTravelTime="364.23" meanSpeed="24.21" meanSpeedRelative="0.76" duration="1"/>
    <step time="80400.00" loaded="84178" inserted="83324" running="207" waiting="854" ended="83117" arrived="83117" collisions="199" teleports="199" halting="2" stopped="0" meanWaitingTime="1493.07" meanTravelTime="364.12" meanSpeed="23.41" meanSpeedRelative="0.73" duration="2"/>
    <step time="80700.00" loaded="84338" inserted="83511" running="178" waiting="827" ended="83333" arrived="83333" collisions="200" teleports="200" halting="1" stopped="0" meanWaitingTime="1498.76" meanTravelTime="363.92" meanSpeed="23.13" meanSpeedRelative="0.72" duration="1"/>
    <step time="81000.00" loaded="84501" inserted="83698" running="176" waiting="803" ended="83522" arrived="83522" collisions="200" teleports="200" halting="2" stopped="0" meanWaitingTime="1504.66" meanTravelTime="363.77" meanSpeed="24.39" meanSpeedRelative="0.76" duration="1"/>
    <step time="81300.00" loaded="84676" inserted="83893" running="172" waiting="783" ended="83721" arrived="83721" collisions="201" teleports="201" halting="2" stopped="0" meanWaitingTime="1510.38" meanTravelTime="363.62" meanSpeed="23.52" meanSpeedRelative="0.74" duration="1"/>
    <step time="81600.00" loaded="84830" inserted="84071" running="175" waiting="759" ended="83896" arrived="83896" collisions="201" teleports="201" halting="2" stopped="0" meanWaitingTime="1516.41" meanTravelTime="363.52" meanSpeed="23.32" meanSpeedRelative="0.73" duration="1"/>
    <step time="81900.00" loaded="85020" inserted="84281" running="208" waiting="739" ended="84073" arrived="84073" collisions="201" teleports="201" halting="1" stopped="0" meanWaitingTime="1521.43" meanTravelTime="363.30" meanSpeed="23.29" meanSpeedRelative="0.73" duration="2"/>
    <step time="82200.00" loaded="85196" inserted="84491" running="218" waiting="705" ended="84273" arrived="84273" collisions="201" teleports="201" halting="1" stopped="0" meanWaitingTime="1525.75" meanTravelTime="363.12" meanSpeed="23.30" meanSpeedRelative="0.73" duration="1"/>
    <step time="82500.00" loaded="85351" inserted="84673" running="198" waiting="678" ended="84475" arrived="84475" collisions="201" teleports="201" halting="2" stopped="0" meanWaitingTime="1528.93" meanTravelTime="363.01" meanSpeed="23.59" meanSpeedRelative="0.74" duration="1"/>
</summary>
