<?xml version="1.0" encoding="UTF-8"?>

<!-- generated on 2025-08-08 17:05:22 by Eclipse SUMO sumo Version 1.23.1
<sumoConfiguration xmlns:xsi="http://www.w3.org/2001/XMLSchema-instance" xsi:noNamespaceSchemaLocation="http://sumo.dlr.de/xsd/sumoConfiguration.xsd">

    <input>
        <net-file value="Desktop\Master Thesis\Network_fin.net.xml"/>
        <route-files value="Desktop\Master Thesis\demand_model_amsterdam.rou.xml"/>
        <additional-files value="Desktop\Master Thesis\Additionnal.add.xml"/>
    </input>

    <output>
        <summary-output value="outputf\summary_metaline_38349.xml"/>
        <summary-output.period value="300"/>
        <tripinfo-output value="outputf\tripinfo_metaline_38349.xml"/>
    </output>

    <time>
        <begin value="0"/>
        <end value="82800"/>
        <step-length value="1"/>
    </time>

    <processing>
        <time-to-teleport value="-1"/>
    </processing>

    <report>
        <verbose value="true"/>
        <no-step-log value="true"/>
    </report>

    <emissions>
        <device.emissions.period value="10"/>
    </emissions>

    <traci_server>
        <remote-port value="56357"/>
    </traci_server>

    <random_number>
        <seed value="38349"/>
    </random_number>

</sumoConfiguration>
-->

<summary xmlns:xsi="http://www.w3.org/2001/XMLSchema-instance" xsi:noNamespaceSchemaLocation="http://sumo.dlr.de/xsd/summary_file.xsd">
    <step time="0.00" loaded="0" inserted="0" running="0" waiting="0" ended="0" arrived="0" collisions="0" teleports="0" halting="0" stopped="0" meanWaitingTime="-1.00" meanTravelTime="-1.00" meanSpeed="-1.00" meanSpeedRelative="-1.00" duration="1"/>
    <step time="300.00" loaded="149" inserted="149" running="95" waiting="0" ended="54" arrived="54" collisions="0" teleports="0" halting="0" stopped="0" meanWaitingTime="0.21" meanTravelTime="98.39" meanSpeed="25.52" meanSpeedRelative="0.80" duration="0"/>
    <step time="600.00" loaded="335" inserted="335" running="148" waiting="0" ended="187" arrived="187" collisions="0" teleports="0" halting="1" stopped="0" meanWaitingTime="0.34" meanTravelTime="149.30" meanSpeed="24.98" meanSpeedRelative="0.78" duration="1"/>
    <step time="900.00" loaded="510" inserted="510" running="159" waiting="0" ended="351" arrived="351" collisions="1" teleports="1" halting="0" stopped="0" meanWaitingTime="0.36" meanTravelTime="176.68" meanSpeed="24.57" meanSpeedRelative="0.77" duration="2"/>
    <step time="1200.00" loaded="677" inserted="677" running="154" waiting="0" ended="523" arrived="523" collisions="2" teleports="2" halting="0" stopped="0" meanWaitingTime="0.35" meanTravelTime="206.27" meanSpeed="25.54" meanSpeedRelative="0.80" duration="0"/>
    <step time="1500.00" loaded="840" inserted="840" running="144" waiting="0" ended="696" arrived="696" collisions="2" teleports="2" halting="0" stopped="0" meanWaitingTime="0.33" meanTravelTime="225.19" meanSpeed="25.73" meanSpeedRelative="0.80" duration="2"/>
    <step time="1800.00" loaded="1044" inserted="1044" running="168" waiting="0" ended="876" arrived="876" collisions="3" teleports="3" halting="1" stopped="0" meanWaitingTime="0.38" meanTravelTime="234.49" meanSpeed="23.88" meanSpeedRelative="0.75" duration="1"/>
    <step time="2100.00" loaded="1218" inserted="1218" running="160" waiting="0" ended="1058" arrived="1058" collisions="3" teleports="3" halting="1" stopped="0" meanWaitingTime="0.37" meanTravelTime="240.15" meanSpeed="24.92" meanSpeedRelative="0.78" duration="2"/>
    <step time="2400.00" loaded="1413" inserted="1413" running="173" waiting="0" ended="1240" arrived="1240" collisions="3" teleports="3" halting="0" stopped="0" meanWaitingTime="0.42" meanTravelTime="242.04" meanSpeed="25.03" meanSpeedRelative="0.78" duration="2"/>
    <step time="2700.00" loaded="1567" inserted="1567" running="145" waiting="0" ended="1422" arrived="1422" collisions="3" teleports="3" halting="1" stopped="0" meanWaitingTime="0.40" meanTravelTime="247.41" meanSpeed="24.78" meanSpeedRelative="0.77" duration="1"/>
    <step time="3000.00" loaded="1744" inserted="1743" running="161" waiting="1" ended="1582" arrived="1582" collisions="3" teleports="3" halting="0" stopped="0" meanWaitingTime="0.40" meanTravelTime="250.73" meanSpeed="25.49" meanSpeedRelative="0.80" duration="2"/>
    <step time="3300.00" loaded="1933" inserted="1933" running="169" waiting="0" ended="1764" arrived="1764" collisions="4" teleports="4" halting="2" stopped="0" meanWaitingTime="0.41" meanTravelTime="250.73" meanSpeed="24.86" meanSpeedRelative="0.78" duration="1"/>
    <step time="3600.00" loaded="2111" inserted="2111" running="166" waiting="0" ended="1945" arrived="1945" collisions="4" teleports="4" halting="0" stopped="0" meanWaitingTime="0.44" meanTravelTime="252.56" meanSpeed="24.83" meanSpeedRelative="0.78" duration="88"/>
    <step time="3900.00" loaded="2208" inserted="2208" running="87" waiting="0" ended="2121" arrived="2121" collisions="4" teleports="4" halting="1" stopped="0" meanWaitingTime="0.42" meanTravelTime="254.45" meanSpeed="24.62" meanSpeedRelative="0.77" duration="0"/>
    <step time="4200.00" loaded="2323" inserted="2323" running="93" waiting="0" ended="2230" arrived="2230" collisions="4" teleports="4" halting="2" stopped="0" meanWaitingTime="0.41" meanTravelTime="257.96" meanSpeed="25.31" meanSpeedRelative="0.79" duration="1"/>
    <step time="4500.00" loaded="2431" inserted="2431" running="99" waiting="0" ended="2332" arrived="2332" collisions="4" teleports="4" halting="0" stopped="0" meanWaitingTime="0.40" meanTravelTime="256.85" meanSpeed="25.05" meanSpeedRelative="0.78" duration="0"/>
    <step time="4800.00" loaded="2531" inserted="2531" running="74" waiting="0" ended="2457" arrived="2457" collisions="4" teleports="4" halting="1" stopped="0" meanWaitingTime="0.39" meanTravelTime="257.61" meanSpeed="25.93" meanSpeedRelative="0.81" duration="0"/>
    <step time="5100.00" loaded="2633" inserted="2633" running="75" waiting="0" ended="2558" arrived="2558" collisions="4" teleports="4" halting="0" stopped="0" meanWaitingTime="0.38" meanTravelTime="256.57" meanSpeed="25.05" meanSpeedRelative="0.78" duration="0"/>
    <step time="5400.00" loaded="2751" inserted="2751" running="83" waiting="0" ended="2668" arrived="2668" collisions="4" teleports="4" halting="2" stopped="0" meanWaitingTime="0.37" meanTravelTime="255.15" meanSpeed="26.26" meanSpeedRelative="0.82" duration="1"/>
    <step time="5700.00" loaded="2876" inserted="2876" running="97" waiting="0" ended="2779" arrived="2779" collisions="4" teleports="4" halting="0" stopped="0" meanWaitingTime="0.36" meanTravelTime="255.10" meanSpeed="26.60" meanSpeedRelative="0.83" duration="1"/>
    <step time="6000.00" loaded="2977" inserted="2977" running="88" waiting="0" ended="2889" arrived="2889" collisions="4" teleports="4" halting="1" stopped="0" meanWaitingTime="0.36" meanTravelTime="253.95" meanSpeed="26.37" meanSpeedRelative="0.82" duration="1"/>
    <step time="6300.00" loaded="3093" inserted="3093" running="96" waiting="0" ended="2997" arrived="2997" collisions="4" teleports="4" halting="1" stopped="0" meanWaitingTime="0.35" meanTravelTime="254.15" meanSpeed="25.08" meanSpeedRelative="0.78" duration="1"/>
    <step time="6600.00" loaded="3194" inserted="3194" running="86" waiting="0" ended="3108" arrived="3108" collisions="4" teleports="4" halting="1" stopped="0" meanWaitingTime="0.35" meanTravelTime="253.40" meanSpeed="25.09" meanSpeedRelative="0.78" duration="0"/>
    <step time="6900.00" loaded="3319" inserted="3319" running="96" waiting="0" ended="3223" arrived="3223" collisions="4" teleports="4" halting="0" stopped="0" meanWaitingTime="0.34" meanTravelTime="252.92" meanSpeed="25.65" meanSpeedRelative="0.80" duration="1"/>
    <step time="7200.00" loaded="3428" inserted="3428" running="80" waiting="0" ended="3348" arrived="3348" collisions="4" teleports="4" halting="1" stopped="0" meanWaitingTime="0.34" meanTravelTime="252.48" meanSpeed="25.64" meanSpeedRelative="0.80" duration="86"/>
    <step time="7500.00" loaded="3572" inserted="3572" running="120" waiting="0" ended="3452" arrived="3452" collisions="4" teleports="4" halting="2" stopped="0" meanWaitingTime="0.35" meanTravelTime="252.04" meanSpeed="24.48" meanSpeedRelative="0.76" duration="1"/>
    <step time="7800.00" loaded="3713" inserted="3712" running="118" waiting="1" ended="3594" arrived="3594" collisions="4" teleports="4" halting="1" stopped="0" meanWaitingTime="0.35" meanTravelTime="251.64" meanSpeed="24.68" meanSpeedRelative="0.77" duration="1"/>
    <step time="8100.00" loaded="3862" inserted="3862" running="124" waiting="0" ended="3738" arrived="3738" collisions="4" teleports="4" halting="2" stopped="0" meanWaitingTime="0.35" meanTravelTime="250.61" meanSpeed="25.26" meanSpeedRelative="0.79" duration="1"/>
    <step time="8400.00" loaded="4014" inserted="4014" running="118" waiting="0" ended="3896" arrived="3896" collisions="4" teleports="4" halting="1" stopped="0" meanWaitingTime="0.35" meanTravelTime="249.91" meanSpeed="24.20" meanSpeedRelative="0.76" duration="1"/>
    <step time="8700.00" loaded="4162" inserted="4162" running="118" waiting="0" ended="4044" arrived="4044" collisions="4" teleports="4" halting="0" stopped="0" meanWaitingTime="0.35" meanTravelTime="249.35" meanSpeed="25.86" meanSpeedRelative="0.81" duration="1"/>
    <step time="9000.00" loaded="4324" inserted="4324" running="135" waiting="0" ended="4189" arrived="4189" collisions="4" teleports="4" halting="2" stopped="0" meanWaitingTime="0.36" meanTravelTime="249.79" meanSpeed="24.90" meanSpeedRelative="0.78" duration="1"/>
    <step time="9300.00" loaded="4472" inserted="4472" running="122" waiting="0" ended="4350" arrived="4350" collisions="4" teleports="4" halting="1" stopped="0" meanWaitingTime="0.35" meanTravelTime="249.61" meanSpeed="25.13" meanSpeedRelative="0.79" duration="0"/>
    <step time="9600.00" loaded="4613" inserted="4613" running="116" waiting="0" ended="4497" arrived="4497" collisions="4" teleports="4" halting="1" stopped="0" meanWaitingTime="0.35" meanTravelTime="249.47" meanSpeed="26.20" meanSpeedRelative="0.82" duration="1"/>
    <step time="9900.00" loaded="4744" inserted="4744" running="109" waiting="0" ended="4635" arrived="4635" collisions="4" teleports="4" halting="0" stopped="0" meanWaitingTime="0.35" meanTravelTime="249.33" meanSpeed="25.54" meanSpeedRelative="0.80" duration="1"/>
    <step time="10200.00" loaded="4885" inserted="4885" running="117" waiting="0" ended="4768" arrived="4768" collisions="4" teleports="4" halting="1" stopped="0" meanWaitingTime="0.35" meanTravelTime="248.47" meanSpeed="25.21" meanSpeedRelative="0.79" duration="1"/>
    <step time="10500.00" loaded="5036" inserted="5036" running="125" waiting="0" ended="4911" arrived="4911" collisions="4" teleports="4" halting="3" stopped="0" meanWaitingTime="0.35" meanTravelTime="248.64" meanSpeed="24.41" meanSpeedRelative="0.76" duration="1"/>
    <step time="10800.00" loaded="5189" inserted="5189" running="134" waiting="0" ended="5055" arrived="5055" collisions="4" teleports="4" halting="0" stopped="0" meanWaitingTime="0.36" meanTravelTime="248.23" meanSpeed="25.14" meanSpeedRelative="0.79" duration="87"/>
    <step time="11100.00" loaded="5343" inserted="5343" running="122" waiting="0" ended="5221" arrived="5221" collisions="4" teleports="4" halting="1" stopped="0" meanWaitingTime="0.35" meanTravelTime="248.87" meanSpeed="25.05" meanSpeedRelative="0.78" duration="0"/>
    <step time="11400.00" loaded="5494" inserted="5494" running="125" waiting="0" ended="5369" arrived="5369" collisions="4" teleports="4" halting="0" stopped="0" meanWaitingTime="0.36" meanTravelTime="248.93" meanSpeed="26.30" meanSpeedRelative="0.82" duration="0"/>
    <step time="11700.00" loaded="5629" inserted="5629" running="96" waiting="0" ended="5533" arrived="5533" collisions="4" teleports="4" halting="2" stopped="0" meanWaitingTime="0.35" meanTravelTime="248.95" meanSpeed="25.89" meanSpeedRelative="0.81" duration="1"/>
    <step time="12000.00" loaded="5752" inserted="5752" running="95" waiting="0" ended="5657" arrived="5657" collisions="4" teleports="4" halting="1" stopped="0" meanWaitingTime="0.36" meanTravelTime="248.20" meanSpeed="25.55" meanSpeedRelative="0.80" duration="0"/>
    <step time="12300.00" loaded="5887" inserted="5887" running="102" waiting="0" ended="5785" arrived="5785" collisions="4" teleports="4" halting="0" stopped="0" meanWaitingTime="0.36" meanTravelTime="248.02" meanSpeed="24.93" meanSpeedRelative="0.78" duration="0"/>
    <step time="12600.00" loaded="6018" inserted="6018" running="100" waiting="0" ended="5918" arrived="5918" collisions="4" teleports="4" halting="1" stopped="0" meanWaitingTime="0.36" meanTravelTime="248.07" meanSpeed="25.95" meanSpeedRelative="0.81" duration="0"/>
    <step time="12900.00" loaded="6154" inserted="6152" running="104" waiting="2" ended="6048" arrived="6048" collisions="4" teleports="4" halting="1" stopped="0" meanWaitingTime="0.36" meanTravelTime="247.31" meanSpeed="24.04" meanSpeedRelative="0.75" duration="1"/>
    <step time="13200.00" loaded="6300" inserted="6300" running="108" waiting="0" ended="6192" arrived="6192" collisions="4" teleports="4" halting="1" stopped="0" meanWaitingTime="0.36" meanTravelTime="246.65" meanSpeed="25.58" meanSpeedRelative="0.80" duration="1"/>
    <step time="13500.00" loaded="6454" inserted="6453" running="108" waiting="1" ended="6345" arrived="6345" collisions="4" teleports="4" halting="0" stopped="0" meanWaitingTime="0.36" meanTravelTime="245.91" meanSpeed="25.75" meanSpeedRelative="0.80" duration="1"/>
    <step time="13800.00" loaded="6626" inserted="6626" running="117" waiting="0" ended="6509" arrived="6509" collisions="4" teleports="4" halting="0" stopped="0" meanWaitingTime="0.36" meanTravelTime="244.86" meanSpeed="25.68" meanSpeedRelative="0.80" duration="0"/>
    <step time="14100.00" loaded="6784" inserted="6784" running="108" waiting="0" ended="6676" arrived="6676" collisions="4" teleports="4" halting="1" stopped="0" meanWaitingTime="0.36" meanTravelTime="244.09" meanSpeed="25.16" meanSpeedRelative="0.79" duration="1"/>
    <step time="14400.00" loaded="6936" inserted="6936" running="110" waiting="0" ended="6826" arrived="6826" collisions="4" teleports="4" halting="2" stopped="0" meanWaitingTime="0.36" meanTravelTime="243.40" meanSpeed="24.98" meanSpeedRelative="0.78" duration="85"/>
    <step time="14700.00" loaded="7033" inserted="7033" running="92" waiting="0" ended="6941" arrived="6941" collisions="4" teleports="4" halting="0" stopped="0" meanWaitingTime="0.36" meanTravelTime="243.28" meanSpeed="25.78" meanSpeedRelative="0.81" duration="1"/>
    <step time="15000.00" loaded="7137" inserted="7137" running="86" waiting="0" ended="7051" arrived="7051" collisions="4" teleports="4" halting="0" stopped="0" meanWaitingTime="0.36" meanTravelTime="243.64" meanSpeed="24.64" meanSpeedRelative="0.77" duration="1"/>
    <step time="15300.00" loaded="7246" inserted="7246" running="80" waiting="0" ended="7166" arrived="7166" collisions="5" teleports="5" halting="0" stopped="0" meanWaitingTime="0.36" meanTravelTime="244.05" meanSpeed="25.01" meanSpeedRelative="0.78" duration="0"/>
    <step time="15600.00" loaded="7348" inserted="7348" running="81" waiting="0" ended="7267" arrived="7267" collisions="5" teleports="5" halting="2" stopped="0" meanWaitingTime="0.36" meanTravelTime="243.59" meanSpeed="24.79" meanSpeedRelative="0.77" duration="0"/>
    <step time="15900.00" loaded="7455" inserted="7455" running="79" waiting="0" ended="7376" arrived="7376" collisions="5" teleports="5" halting="0" stopped="0" meanWaitingTime="0.36" meanTravelTime="243.30" meanSpeed="25.89" meanSpeedRelative="0.81" duration="1"/>
    <step time="16200.00" loaded="7557" inserted="7557" running="79" waiting="0" ended="7478" arrived="7478" collisions="5" teleports="5" halting="1" stopped="0" meanWaitingTime="0.35" meanTravelTime="242.75" meanSpeed="24.72" meanSpeedRelative="0.77" duration="1"/>
    <step time="16500.00" loaded="7658" inserted="7658" running="69" waiting="0" ended="7589" arrived="7589" collisions="5" teleports="5" halting="1" stopped="0" meanWaitingTime="0.35" meanTravelTime="242.46" meanSpeed="26.36" meanSpeedRelative="0.82" duration="0"/>
    <step time="16800.00" loaded="7758" inserted="7758" running="67" waiting="0" ended="7691" arrived="7691" collisions="5" teleports="5" halting="2" stopped="0" meanWaitingTime="0.35" meanTravelTime="242.30" meanSpeed="24.47" meanSpeedRelative="0.76" duration="0"/>
    <step time="17100.00" loaded="7864" inserted="7864" running="71" waiting="0" ended="7793" arrived="7793" collisions="5" teleports="5" halting="2" stopped="0" meanWaitingTime="0.35" meanTravelTime="241.57" meanSpeed="25.25" meanSpeedRelative="0.79" duration="0"/>
    <step time="17400.00" loaded="7976" inserted="7976" running="81" waiting="0" ended="7895" arrived="7895" collisions="5" teleports="5" halting="1" stopped="0" meanWaitingTime="0.35" meanTravelTime="241.24" meanSpeed="25.73" meanSpeedRelative="0.80" duration="0"/>
    <step time="17700.00" loaded="8080" inserted="8080" running="76" waiting="0" ended="8004" arrived="8004" collisions="5" teleports="5" halting="0" stopped="0" meanWaitingTime="0.34" meanTravelTime="240.85" meanSpeed="25.80" meanSpeedRelative="0.81" duration="0"/>
    <step time="18000.00" loaded="8176" inserted="8176" running="59" waiting="0" ended="8117" arrived="8117" collisions="5" teleports="5" halting="0" stopped="0" meanWaitingTime="0.34" meanTravelTime="240.62" meanSpeed="25.30" meanSpeedRelative="0.79" duration="79"/>
    <step time="18300.00" loaded="8370" inserted="8370" running="116" waiting="0" ended="8254" arrived="8254" collisions="5" teleports="5" halting="1" stopped="0" meanWaitingTime="0.34" meanTravelTime="239.69" meanSpeed="25.75" meanSpeedRelative="0.80" duration="1"/>
    <step time="18600.00" loaded="8569" inserted="8569" running="155" waiting="0" ended="8414" arrived="8414" collisions="5" teleports="5" halting="3" stopped="0" meanWaitingTime="0.35" meanTravelTime="238.51" meanSpeed="24.79" meanSpeedRelative="0.77" duration="1"/>
    <step time="18900.00" loaded="8774" inserted="8774" running="174" waiting="0" ended="8600" arrived="8600" collisions="6" teleports="6" halting="2" stopped="0" meanWaitingTime="0.37" meanTravelTime="238.44" meanSpeed="24.65" meanSpeedRelative="0.77" duration="1"/>
    <step time="19200.00" loaded="8982" inserted="8982" running="168" waiting="0" ended="8814" arrived="8814" collisions="6" teleports="6" halting="1" stopped="0" meanWaitingTime="0.39" meanTravelTime="238.26" meanSpeed="24.79" meanSpeedRelative="0.77" duration="1"/>
    <step time="19500.00" loaded="9181" inserted="9180" running="146" waiting="1" ended="9034" arrived="9034" collisions="6" teleports="6" halting="1" stopped="0" meanWaitingTime="0.40" meanTravelTime="238.23" meanSpeed="24.94" meanSpeedRelative="0.78" duration="1"/>
    <step time="19800.00" loaded="9392" inserted="9392" running="169" waiting="0" ended="9223" arrived="9223" collisions="6" teleports="6" halting="3" stopped="0" meanWaitingTime="0.40" meanTravelTime="238.34" meanSpeed="24.53" meanSpeedRelative="0.77" duration="1"/>
    <step time="20100.00" loaded="9599" inserted="9599" running="181" waiting="0" ended="9418" arrived="9418" collisions="6" teleports="6" halting="3" stopped="0" meanWaitingTime="0.40" meanTravelTime="238.48" meanSpeed="24.56" meanSpeedRelative="0.77" duration="1"/>
    <step time="20400.00" loaded="9782" inserted="9782" running="159" waiting="0" ended="9623" arrived="9623" collisions="6" teleports="6" halting="0" stopped="0" meanWaitingTime="0.40" meanTravelTime="239.19" meanSpeed="24.19" meanSpeedRelative="0.76" duration="1"/>
    <step time="20700.00" loaded="9999" inserted="9999" running="166" waiting="0" ended="9833" arrived="9833" collisions="6" teleports="6" halting="1" stopped="0" meanWaitingTime="0.40" meanTravelTime="239.11" meanSpeed="24.41" meanSpeedRelative="0.76" duration="1"/>
    <step time="21000.00" loaded="10192" inserted="10192" running="162" waiting="0" ended="10030" arrived="10030" collisions="6" teleports="6" halting="1" stopped="0" meanWaitingTime="0.41" meanTravelTime="239.42" meanSpeed="25.21" meanSpeedRelative="0.79" duration="1"/>
    <step time="21300.00" loaded="10402" inserted="10402" running="165" waiting="0" ended="10237" arrived="10237" collisions="6" teleports="6" halting="1" stopped="0" meanWaitingTime="0.41" meanTravelTime="239.33" meanSpeed="24.74" meanSpeedRelative="0.77" duration="1"/>
    <step time="21600.00" loaded="10592" inserted="10592" running="145" waiting="0" ended="10447" arrived="10447" collisions="6" teleports="6" halting="2" stopped="0" meanWaitingTime="0.41" meanTravelTime="239.50" meanSpeed="25.78" meanSpeedRelative="0.81" duration="79"/>
    <step time="21900.00" loaded="11090" inserted="11062" running="378" waiting="28" ended="10684" arrived="10684" collisions="6" teleports="6" halting="3" stopped="0" meanWaitingTime="0.91" meanTravelTime="238.96" meanSpeed="21.22" meanSpeedRelative="0.66" duration="3"/>
    <step time="22200.00" loaded="11537" inserted="11501" running="428" waiting="36" ended="11073" arrived="11073" collisions="7" teleports="7" halting="3" stopped="0" meanWaitingTime="1.73" meanTravelTime="239.33" meanSpeed="20.82" meanSpeedRelative="0.65" duration="2"/>
    <step time="22500.00" loaded="11997" inserted="11918" running="424" waiting="79" ended="11494" arrived="11494" collisions="7" teleports="7" halting="19" stopped="0" meanWaitingTime="2.87" meanTravelTime="241.33" meanSpeed="19.77" meanSpeedRelative="0.62" duration="2"/>
    <step time="22800.00" loaded="12458" inserted="12349" running="467" waiting="109" ended="11882" arrived="11882" collisions="10" teleports="10" halting="6" stopped="0" meanWaitingTime="4.75" meanTravelTime="243.46" meanSpeed="19.81" meanSpeedRelative="0.62" duration="3"/>
    <step time="23100.00" loaded="12929" inserted="12776" running="459" waiting="153" ended="12317" arrived="12317" collisions="12" teleports="12" halting="3" stopped="0" meanWaitingTime="6.93" meanTravelTime="246.07" meanSpeed="19.54" meanSpeedRelative="0.61" duration="2"/>
    <step time="23400.00" loaded="13429" inserted="13218" running="489" waiting="211" ended="12729" arrived="12729" collisions="13" teleports="13" halting="4" stopped="0" meanWaitingTime="9.97" meanTravelTime="248.85" meanSpeed="18.96" meanSpeedRelative="0.59" duration="3"/>
    <step time="23700.00" loaded="13903" inserted="13642" running="486" waiting="261" ended="13156" arrived="13156" collisions="13" teleports="13" halting="8" stopped="0" meanWaitingTime="13.65" meanTravelTime="252.29" meanSpeed="17.61" meanSpeedRelative="0.55" duration="2"/>
    <step time="24000.00" loaded="14376" inserted="14090" running="505" waiting="286" ended="13585" arrived="13585" collisions="14" teleports="14" halting="20" stopped="0" meanWaitingTime="17.80" meanTravelTime="254.81" meanSpeed="18.44" meanSpeedRelative="0.58" duration="4"/>
    <step time="24300.00" loaded="14802" inserted="14497" running="489" waiting="305" ended="14008" arrived="14008" collisions="14" teleports="14" halting="4" stopped="0" meanWaitingTime="22.21" meanTravelTime="257.44" meanSpeed="19.11" meanSpeedRelative="0.60" duration="2"/>
    <step time="24600.00" loaded="15292" inserted="14925" running="497" waiting="367" ended="14428" arrived="14428" collisions="14" teleports="14" halting="12" stopped="0" meanWaitingTime="27.13" meanTravelTime="260.96" meanSpeed="18.41" meanSpeedRelative="0.58" duration="2"/>
    <step time="24900.00" loaded="15755" inserted="15345" running="482" waiting="410" ended="14863" arrived="14863" collisions="14" teleports="14" halting="5" stopped="0" meanWaitingTime="31.95" meanTravelTime="263.58" meanSpeed="19.10" meanSpeedRelative="0.60" duration="2"/>
    <step time="25200.00" loaded="16218" inserted="15761" running="474" waiting="457" ended="15287" arrived="15287" collisions="17" teleports="17" halting="19" stopped="0" meanWaitingTime="37.38" meanTravelTime="265.78" meanSpeed="18.60" meanSpeedRelative="0.58" duration="89"/>
    <step time="25500.00" loaded="16762" inserted="16232" running="524" waiting="530" ended="15708" arrived="15708" collisions="18" teleports="18" halting="23" stopped="0" meanWaitingTime="43.30" meanTravelTime="267.31" meanSpeed="18.53" meanSpeedRelative="0.58" duration="3"/>
    <step time="25800.00" loaded="17328" inserted="16674" running="532" waiting="654" ended="16142" arrived="16142" collisions="18" teleports="18" halting="17" stopped="0" meanWaitingTime="49.26" meanTravelTime="269.35" meanSpeed="18.44" meanSpeedRelative="0.58" duration="2"/>
    <step time="26100.00" loaded="17836" inserted="17146" running="552" waiting="690" ended="16594" arrived="16594" collisions="20" teleports="20" halting="12" stopped="0" meanWaitingTime="56.85" meanTravelTime="271.59" meanSpeed="18.59" meanSpeedRelative="0.58" duration="2"/>
    <step time="26400.00" loaded="18395" inserted="17598" running="539" waiting="797" ended="17059" arrived="17059" collisions="22" teleports="22" halting="6" stopped="0" meanWaitingTime="63.90" meanTravelTime="273.60" meanSpeed="18.23" meanSpeedRelative="0.57" duration="4"/>
    <step time="26700.00" loaded="18945" inserted="18049" running="527" waiting="896" ended="17522" arrived="17522" collisions="22" teleports="22" halting="9" stopped="0" meanWaitingTime="72.96" meanTravelTime="275.94" meanSpeed="18.71" meanSpeedRelative="0.58" duration="4"/>
    <step time="27000.00" loaded="19515" inserted="18518" running="534" waiting="997" ended="17984" arrived="17984" collisions="23" teleports="23" halting="21" stopped="0" meanWaitingTime="81.39" meanTravelTime="278.08" meanSpeed="18.17" meanSpeedRelative="0.57" duration="3"/>
    <step time="27300.00" loaded="20084" inserted="18995" running="548" waiting="1089" ended="18447" arrived="18447" collisions="23" teleports="23" halting="22" stopped="0" meanWaitingTime="89.75" meanTravelTime="279.30" meanSpeed="18.00" meanSpeedRelative="0.56" duration="5"/>
    <step time="27600.00" loaded="20690" inserted="19472" running="554" waiting="1218" ended="18918" arrived="18918" collisions="26" teleports="26" halting="10" stopped="0" meanWaitingTime="98.89" meanTravelTime="281.04" meanSpeed="17.99" meanSpeedRelative="0.56" duration="5"/>
    <step time="27900.00" loaded="21273" inserted="19921" running="539" waiting="1352" ended="19382" arrived="19382" collisions="28" teleports="28" halting="4" stopped="0" meanWaitingTime="109.02" meanTravelTime="283.24" meanSpeed="18.16" meanSpeedRelative="0.57" duration="3"/>
    <step time="28200.00" loaded="21846" inserted="20391" running="544" waiting="1455" ended="19847" arrived="19847" collisions="30" teleports="30" halting="13" stopped="0" meanWaitingTime="119.75" meanTravelTime="284.65" meanSpeed="18.05" meanSpeedRelative="0.56" duration="4"/>
    <step time="28500.00" loaded="22394" inserted="20832" running="527" waiting="1562" ended="20305" arrived="20305" collisions="31" teleports="31" halting="15" stopped="0" meanWaitingTime="130.06" meanTravelTime="286.46" meanSpeed="18.07" meanSpeedRelative="0.56" duration="5"/>
    <step time="28800.00" loaded="22951" inserted="21306" running="529" waiting="1645" ended="20777" arrived="20777" collisions="32" teleports="32" halting="20" stopped="0" meanWaitingTime="141.88" meanTravelTime="287.65" meanSpeed="18.03" meanSpeedRelative="0.56" duration="93"/>
    <step time="29100.00" loaded="23317" inserted="21720" running="472" waiting="1597" ended="21248" arrived="21248" collisions="32" teleports="32" halting="4" stopped="0" meanWaitingTime="154.84" meanTravelTime="288.94" meanSpeed="19.13" meanSpeedRelative="0.60" duration="3"/>
    <step time="29400.00" loaded="23686" inserted="22135" running="471" waiting="1551" ended="21664" arrived="21664" collisions="33" teleports="33" halting="4" stopped="0" meanWaitingTime="168.41" meanTravelTime="289.91" meanSpeed="19.67" meanSpeedRelative="0.61" duration="4"/>
    <step time="29700.00" loaded="24037" inserted="22556" running="469" waiting="1481" ended="22087" arrived="22087" collisions="33" teleports="33" halting="6" stopped="0" meanWaitingTime="182.49" meanTravelTime="290.92" meanSpeed="19.59" meanSpeedRelative="0.61" duration="4"/>
    <step time="30000.00" loaded="24398" inserted="22970" running="458" waiting="1428" ended="22512" arrived="22512" collisions="33" teleports="33" halting="4" stopped="0" meanWaitingTime="194.78" meanTravelTime="291.82" meanSpeed="19.67" meanSpeedRelative="0.61" duration="3"/>
    <step time="30300.00" loaded="24769" inserted="23392" running="456" waiting="1377" ended="22936" arrived="22936" collisions="34" teleports="34" halting="14" stopped="0" meanWaitingTime="208.21" meanTravelTime="292.63" meanSpeed="20.12" meanSpeedRelative="0.63" duration="5"/>
    <step time="30600.00" loaded="25100" inserted="23807" running="442" waiting="1293" ended="23365" arrived="23365" collisions="35" teleports="35" halting="19" stopped="0" meanWaitingTime="221.67" meanTravelTime="293.02" meanSpeed="20.18" meanSpeedRelative="0.63" duration="4"/>
    <step time="30900.00" loaded="25439" inserted="24228" running="431" waiting="1211" ended="23797" arrived="23797" collisions="37" teleports="37" halting="4" stopped="0" meanWaitingTime="233.35" meanTravelTime="293.62" meanSpeed="20.06" meanSpeedRelative="0.63" duration="3"/>
    <step time="31200.00" loaded="25805" inserted="24651" running="447" waiting="1154" ended="24204" arrived="24204" collisions="39" teleports="39" halting="4" stopped="0" meanWaitingTime="245.11" meanTravelTime="293.71" meanSpeed="20.70" meanSpeedRelative="0.65" duration="4"/>
    <step time="31500.00" loaded="26162" inserted="25076" running="439" waiting="1086" ended="24637" arrived="24637" collisions="40" teleports="40" halting="10" stopped="0" meanWaitingTime="255.75" meanTravelTime="294.16" meanSpeed="19.43" meanSpeedRelative="0.61" duration="4"/>
    <step time="31800.00" loaded="26527" inserted="25475" running="434" waiting="1052" ended="25041" arrived="25041" collisions="40" teleports="40" halting="22" stopped="0" meanWaitingTime="265.04" meanTravelTime="294.56" meanSpeed="19.35" meanSpeedRelative="0.60" duration="3"/>
    <step time="32100.00" loaded="26889" inserted="25874" running="420" waiting="1015" ended="25454" arrived="25454" collisions="40" teleports="40" halting="4" stopped="0" meanWaitingTime="273.01" meanTravelTime="294.99" meanSpeed="20.06" meanSpeedRelative="0.63" duration="3"/>
    <step time="32400.00" loaded="27234" inserted="26274" running="422" waiting="960" ended="25852" arrived="25852" collisions="40" teleports="40" halting="18" stopped="0" meanWaitingTime="279.51" meanTravelTime="295.12" meanSpeed="20.37" meanSpeedRelative="0.64" duration="92"/>
    <step time="32700.00" loaded="27521" inserted="26612" running="346" waiting="909" ended="26266" arrived="26266" collisions="42" teleports="42" halting="4" stopped="0" meanWaitingTime="287.26" meanTravelTime="295.56" meanSpeed="20.69" meanSpeedRelative="0.65" duration="3"/>
    <step time="33000.00" loaded="27782" inserted="26944" running="324" waiting="838" ended="26620" arrived="26620" collisions="42" teleports="42" halting="16" stopped="0" meanWaitingTime="296.80" meanTravelTime="295.85" meanSpeed="20.72" meanSpeedRelative="0.65" duration="3"/>
    <step time="33300.00" loaded="28033" inserted="27260" running="316" waiting="773" ended="26944" arrived="26944" collisions="42" teleports="42" halting="17" stopped="0" meanWaitingTime="302.90" meanTravelTime="295.97" meanSpeed="20.84" meanSpeedRelative="0.65" duration="2"/>
    <step time="33600.00" loaded="28283" inserted="27559" running="271" waiting="724" ended="27288" arrived="27288" collisions="42" teleports="42" halting="0" stopped="0" meanWaitingTime="308.30" meanTravelTime="295.93" meanSpeed="22.01" meanSpeedRelative="0.69" duration="2"/>
    <step time="33900.00" loaded="28513" inserted="27877" running="283" waiting="636" ended="27594" arrived="27594" collisions="42" teleports="42" halting="6" stopped="0" meanWaitingTime="315.39" meanTravelTime="295.70" meanSpeed="20.16" meanSpeedRelative="0.63" duration="2"/>
    <step time="34200.00" loaded="28765" inserted="28177" running="286" waiting="588" ended="27891" arrived="27891" collisions="42" teleports="42" halting="1" stopped="0" meanWaitingTime="319.60" meanTravelTime="295.34" meanSpeed="21.79" meanSpeedRelative="0.68" duration="2"/>
    <step time="34500.00" loaded="29036" inserted="28489" running="290" waiting="547" ended="28199" arrived="28199" collisions="42" teleports="42" halting="2" stopped="0" meanWaitingTime="327.00" meanTravelTime="295.13" meanSpeed="23.03" meanSpeedRelative="0.72" duration="1"/>
    <step time="34800.00" loaded="29286" inserted="28790" running="270" waiting="496" ended="28520" arrived="28520" collisions="43" teleports="43" halting="1" stopped="0" meanWaitingTime="333.73" meanTravelTime="294.91" meanSpeed="22.20" meanSpeedRelative="0.69" duration="2"/>
    <step time="35100.00" loaded="29543" inserted="29100" running="283" waiting="443" ended="28817" arrived="28817" collisions="44" teleports="44" halting="2" stopped="0" meanWaitingTime="339.11" meanTravelTime="294.61" meanSpeed="22.37" meanSpeedRelative="0.70" duration="2"/>
    <step time="35400.00" loaded="29796" inserted="29405" running="282" waiting="391" ended="29123" arrived="29123" collisions="44" teleports="44" halting="1" stopped="0" meanWaitingTime="343.67" meanTravelTime="294.34" meanSpeed="22.67" meanSpeedRelative="0.71" duration="2"/>
    <step time="35700.00" loaded="30050" inserted="29697" running="270" waiting="353" ended="29427" arrived="29427" collisions="44" teleports="44" halting="2" stopped="0" meanWaitingTime="347.40" meanTravelTime="294.18" meanSpeed="22.04" meanSpeedRelative="0.69" duration="2"/>
    <step time="36000.00" loaded="30284" inserted="29973" running="251" waiting="311" ended="29722" arrived="29722" collisions="45" teleports="45" halting="3" stopped="0" meanWaitingTime="350.58" meanTravelTime="293.92" meanSpeed="23.30" meanSpeedRelative="0.73" duration="85"/>
    <step time="36300.00" loaded="30744" inserted="30410" running="371" waiting="334" ended="30039" arrived="30039" collisions="46" teleports="46" halting="2" stopped="0" meanWaitingTime="351.16" meanTravelTime="293.86" meanSpeed="21.39" meanSpeedRelative="0.67" duration="2"/>
    <step time="36600.00" loaded="31225" inserted="30860" running="429" waiting="365" ended="30431" arrived="30431" collisions="47" teleports="47" halting="8" stopped="0" meanWaitingTime="351.12" meanTravelTime="293.69" meanSpeed="20.23" meanSpeedRelative="0.63" duration="3"/>
    <step time="36900.00" loaded="31694" inserted="31287" running="433" waiting="407" ended="30854" arrived="30854" collisions="48" teleports="48" halting="12" stopped="0" meanWaitingTime="351.11" meanTravelTime="293.44" meanSpeed="20.67" meanSpeedRelative="0.65" duration="2"/>
    <step time="37200.00" loaded="32139" inserted="31727" running="431" waiting="412" ended="31296" arrived="31296" collisions="51" teleports="51" halting="4" stopped="0" meanWaitingTime="349.54" meanTravelTime="293.24" meanSpeed="21.06" meanSpeedRelative="0.66" duration="3"/>
    <step time="37500.00" loaded="32586" inserted="32163" running="438" waiting="423" ended="31725" arrived="31725" collisions="52" teleports="52" halting="7" stopped="0" meanWaitingTime="349.24" meanTravelTime="293.39" meanSpeed="20.33" meanSpeedRelative="0.64" duration="2"/>
    <step time="37800.00" loaded="33063" inserted="32623" running="486" waiting="440" ended="32137" arrived="32137" collisions="52" teleports="52" halting="8" stopped="0" meanWaitingTime="347.92" meanTravelTime="293.62" meanSpeed="19.41" meanSpeedRelative="0.61" duration="2"/>
    <step time="38100.00" loaded="33598" inserted="33079" running="490" waiting="519" ended="32589" arrived="32589" collisions="53" teleports="53" halting="6" stopped="0" meanWaitingTime="346.95" meanTravelTime="293.93" meanSpeed="19.75" meanSpeedRelative="0.62" duration="3"/>
    <step time="38400.00" loaded="34053" inserted="33524" running="481" waiting="529" ended="33043" arrived="33043" collisions="54" teleports="54" halting="18" stopped="0" meanWaitingTime="346.45" meanTravelTime="294.49" meanSpeed="19.70" meanSpeedRelative="0.62" duration="2"/>
    <step time="38700.00" loaded="34549" inserted="33951" running="458" waiting="598" ended="33493" arrived="33493" collisions="55" teleports="55" halting="7" stopped="0" meanWaitingTime="344.71" meanTravelTime="294.88" meanSpeed="19.61" meanSpeedRelative="0.61" duration="3"/>
    <step time="39000.00" loaded="35006" inserted="34386" running="484" waiting="620" ended="33902" arrived="33902" collisions="55" teleports="55" halting="5" stopped="0" meanWaitingTime="344.40" meanTravelTime="295.28" meanSpeed="19.50" meanSpeedRelative="0.61" duration="3"/>
    <step time="39300.00" loaded="35478" inserted="34803" running="471" waiting="675" ended="34332" arrived="34332" collisions="57" teleports="57" halting="10" stopped="0" meanWaitingTime="343.68" meanTravelTime="295.75" meanSpeed="18.89" meanSpeedRelative="0.59" duration="3"/>
    <step time="39600.00" loaded="35978" inserted="35249" running="496" waiting="729" ended="34753" arrived="34753" collisions="59" teleports="59" halting="13" stopped="0" meanWaitingTime="344.12" meanTravelTime="296.35" meanSpeed="18.93" meanSpeedRelative="0.59" duration="94"/>
    <step time="39900.00" loaded="36532" inserted="35740" running="531" waiting="792" ended="35209" arrived="35209" collisions="59" teleports="59" halting="6" stopped="0" meanWaitingTime="342.96" meanTravelTime="296.44" meanSpeed="19.59" meanSpeedRelative="0.61" duration="3"/>
    <step time="40200.00" loaded="37048" inserted="36188" running="510" waiting="860" ended="35678" arrived="35678" collisions="60" teleports="60" halting="12" stopped="0" meanWaitingTime="343.21" meanTravelTime="296.96" meanSpeed="19.31" meanSpeedRelative="0.60" duration="3"/>
    <step time="40500.00" loaded="37557" inserted="36624" running="497" waiting="933" ended="36127" arrived="36127" collisions="60" teleports="60" halting="14" stopped="0" meanWaitingTime="342.62" meanTravelTime="297.61" meanSpeed="19.15" meanSpeedRelative="0.60" duration="3"/>
    <step time="40800.00" loaded="38035" inserted="37053" running="494" waiting="982" ended="36559" arrived="36559" collisions="63" teleports="63" halting="28" stopped="0" meanWaitingTime="343.54" meanTravelTime="298.20" meanSpeed="18.07" meanSpeedRelative="0.56" duration="2"/>
    <step time="41100.00" loaded="38533" inserted="37508" running="498" waiting="1025" ended="37010" arrived="37010" collisions="64" teleports="64" halting="20" stopped="0" meanWaitingTime="344.04" meanTravelTime="298.58" meanSpeed="19.05" meanSpeedRelative="0.60" duration="3"/>
    <step time="41400.00" loaded="38997" inserted="37933" running="480" waiting="1064" ended="37453" arrived="37453" collisions="65" teleports="65" halting="14" stopped="0" meanWaitingTime="345.03" meanTravelTime="299.03" meanSpeed="19.46" meanSpeedRelative="0.61" duration="5"/>
    <step time="41700.00" loaded="39489" inserted="38358" running="461" waiting="1131" ended="37897" arrived="37897" collisions="65" teleports="65" halting="6" stopped="0" meanWaitingTime="345.97" meanTravelTime="299.37" meanSpeed="20.13" meanSpeedRelative="0.63" duration="4"/>
    <step time="42000.00" loaded="39996" inserted="38832" running="501" waiting="1164" ended="38331" arrived="38331" collisions="65" teleports="65" halting="5" stopped="0" meanWaitingTime="348.25" meanTravelTime="299.61" meanSpeed="19.05" meanSpeedRelative="0.60" duration="4"/>
    <step time="42300.00" loaded="40491" inserted="39275" running="496" waiting="1216" ended="38779" arrived="38779" collisions="67" teleports="67" halting="7" stopped="0" meanWaitingTime="349.86" meanTravelTime="300.03" meanSpeed="19.18" meanSpeedRelative="0.60" duration="3"/>
    <step time="42600.00" loaded="40988" inserted="39748" running="519" waiting="1240" ended="39229" arrived="39229" collisions="68" teleports="68" halting="13" stopped="0" meanWaitingTime="352.69" meanTravelTime="300.41" meanSpeed="19.18" meanSpeedRelative="0.60" duration="5"/>
    <step time="42900.00" loaded="41479" inserted="40187" running="539" waiting="1292" ended="39648" arrived="39648" collisions="69" teleports="69" halting="22" stopped="0" meanWaitingTime="354.97" meanTravelTime="300.74" meanSpeed="19.40" meanSpeedRelative="0.61" duration="3"/>
    <step time="43200.00" loaded="42002" inserted="40652" running="549" waiting="1350" ended="40103" arrived="40103" collisions="70" teleports="70" halting="5" stopped="0" meanWaitingTime="357.31" meanTravelTime="301.07" meanSpeed="19.73" meanSpeedRelative="0.62" duration="93"/>
    <step time="43500.00" loaded="42560" inserted="41164" running="584" waiting="1396" ended="40580" arrived="40580" collisions="72" teleports="72" halting="25" stopped="0" meanWaitingTime="360.11" meanTravelTime="301.63" meanSpeed="18.58" meanSpeedRelative="0.58" duration="3"/>
    <step time="43800.00" loaded="43067" inserted="41643" running="594" waiting="1424" ended="41049" arrived="41049" collisions="74" teleports="74" halting="8" stopped="0" meanWaitingTime="362.29" meanTravelTime="302.36" meanSpeed="18.74" meanSpeedRelative="0.59" duration="3"/>
    <step time="44100.00" loaded="43575" inserted="42113" running="580" waiting="1462" ended="41533" arrived="41533" collisions="75" teleports="75" halting="17" stopped="0" meanWaitingTime="366.03" meanTravelTime="303.17" meanSpeed="18.19" meanSpeedRelative="0.57" duration="4"/>
    <step time="44400.00" loaded="44133" inserted="42588" running="598" waiting="1545" ended="41990" arrived="41990" collisions="75" teleports="75" halting="7" stopped="0" meanWaitingTime="367.93" meanTravelTime="303.82" meanSpeed="18.50" meanSpeedRelative="0.58" duration="3"/>
    <step time="44700.00" loaded="44681" inserted="43066" running="637" waiting="1615" ended="42429" arrived="42429" collisions="76" teleports="76" halting="8" stopped="0" meanWaitingTime="370.76" meanTravelTime="304.55" meanSpeed="17.43" meanSpeedRelative="0.54" duration="5"/>
    <step time="45000.00" loaded="45213" inserted="43510" running="595" waiting="1703" ended="42915" arrived="42915" collisions="76" teleports="76" halting="5" stopped="0" meanWaitingTime="373.78" meanTravelTime="305.57" meanSpeed="17.38" meanSpeedRelative="0.54" duration="4"/>
    <step time="45300.00" loaded="45735" inserted="43963" running="593" waiting="1772" ended="43370" arrived="43370" collisions="79" teleports="79" halting="4" stopped="0" meanWaitingTime="376.43" meanTravelTime="306.57" meanSpeed="17.57" meanSpeedRelative="0.55" duration="4"/>
    <step time="45600.00" loaded="46248" inserted="44440" running="585" waiting="1808" ended="43855" arrived="43855" collisions="79" teleports="79" halting="13" stopped="0" meanWaitingTime="380.62" meanTravelTime="307.45" meanSpeed="17.79" meanSpeedRelative="0.56" duration="4"/>
    <step time="45900.00" loaded="46789" inserted="44905" running="572" waiting="1884" ended="44333" arrived="44333" collisions="81" teleports="81" halting="24" stopped="0" meanWaitingTime="384.89" meanTravelTime="308.21" meanSpeed="17.48" meanSpeedRelative="0.55" duration="4"/>
    <step time="46200.00" loaded="47335" inserted="45395" running="609" waiting="1940" ended="44786" arrived="44786" collisions="83" teleports="83" halting="22" stopped="0" meanWaitingTime="388.53" meanTravelTime="308.99" meanSpeed="17.10" meanSpeedRelative="0.53" duration="6"/>
    <step time="46500.00" loaded="47862" inserted="45882" running="606" waiting="1980" ended="45276" arrived="45276" collisions="83" teleports="83" halting="13" stopped="0" meanWaitingTime="392.17" meanTravelTime="309.48" meanSpeed="17.36" meanSpeedRelative="0.54" duration="5"/>
    <step time="46800.00" loaded="48453" inserted="46390" running="663" waiting="2063" ended="45727" arrived="45727" collisions="86" teleports="86" halting="20" stopped="0" meanWaitingTime="396.72" meanTravelTime="309.86" meanSpeed="15.79" meanSpeedRelative="0.49" duration="95"/>
    <step time="47100.00" loaded="48977" inserted="46867" running="669" waiting="2110" ended="46198" arrived="46198" collisions="88" teleports="88" halting="20" stopped="0" meanWaitingTime="399.92" meanTravelTime="310.66" meanSpeed="16.85" meanSpeedRelative="0.53" duration="6"/>
    <step time="47400.00" loaded="49457" inserted="47315" running="638" waiting="2142" ended="46677" arrived="46677" collisions="88" teleports="88" halting="1" stopped="0" meanWaitingTime="402.80" meanTravelTime="311.83" meanSpeed="17.10" meanSpeedRelative="0.53" duration="4"/>
    <step time="47700.00" loaded="49989" inserted="47793" running="653" waiting="2196" ended="47140" arrived="47140" collisions="91" teleports="91" halting="7" stopped="0" meanWaitingTime="407.01" meanTravelTime="312.96" meanSpeed="16.91" meanSpeedRelative="0.53" duration="5"/>
    <step time="48000.00" loaded="50504" inserted="48252" running="649" waiting="2252" ended="47603" arrived="47603" collisions="94" teleports="94" halting="9" stopped="0" meanWaitingTime="411.61" meanTravelTime="314.00" meanSpeed="16.49" meanSpeedRelative="0.52" duration="6"/>
    <step time="48300.00" loaded="51018" inserted="48694" running="640" waiting="2324" ended="48054" arrived="48054" collisions="95" teleports="95" halting="4" stopped="0" meanWaitingTime="415.31" meanTravelTime="314.97" meanSpeed="16.93" meanSpeedRelative="0.53" duration="5"/>
    <step time="48600.00" loaded="51599" inserted="49202" running="668" waiting="2397" ended="48534" arrived="48534" collisions="96" teleports="96" halting="5" stopped="0" meanWaitingTime="420.34" meanTravelTime="315.92" meanSpeed="16.44" meanSpeedRelative="0.51" duration="6"/>
    <step time="48900.00" loaded="52133" inserted="49676" running="657" waiting="2457" ended="49019" arrived="49019" collisions="96" teleports="96" halting="7" stopped="0" meanWaitingTime="425.69" meanTravelTime="317.01" meanSpeed="16.85" meanSpeedRelative="0.53" duration="5"/>
    <step time="49200.00" loaded="52676" inserted="50150" running="646" waiting="2526" ended="49504" arrived="49504" collisions="97" teleports="97" halting="6" stopped="0" meanWaitingTime="430.90" meanTravelTime="317.91" meanSpeed="16.51" meanSpeedRelative="0.52" duration="5"/>
    <step time="49500.00" loaded="53199" inserted="50580" running="612" waiting="2619" ended="49968" arrived="49968" collisions="99" teleports="99" halting="9" stopped="0" meanWaitingTime="436.04" meanTravelTime="318.96" meanSpeed="17.02" meanSpeedRelative="0.53" duration="3"/>
    <step time="49800.00" loaded="53696" inserted="51021" running="627" waiting="2675" ended="50394" arrived="50394" collisions="100" teleports="100" halting="19" stopped="0" meanWaitingTime="440.74" meanTravelTime="319.88" meanSpeed="17.28" meanSpeedRelative="0.54" duration="6"/>
    <step time="50100.00" loaded="54200" inserted="51476" running="621" waiting="2724" ended="50855" arrived="50855" collisions="101" teleports="101" halting="5" stopped="0" meanWaitingTime="444.95" meanTravelTime="320.89" meanSpeed="16.87" meanSpeedRelative="0.53" duration="5"/>
    <step time="50400.00" loaded="54718" inserted="51928" running="624" waiting="2790" ended="51304" arrived="51304" collisions="102" teleports="102" halting="6" stopped="0" meanWaitingTime="450.86" meanTravelTime="321.63" meanSpeed="17.22" meanSpeedRelative="0.54" duration="90"/>
    <step time="50700.00" loaded="55472" inserted="52473" running="700" waiting="2999" ended="51773" arrived="51773" collisions="102" teleports="102" halting="9" stopped="0" meanWaitingTime="456.08" meanTravelTime="322.27" meanSpeed="16.32" meanSpeedRelative="0.51" duration="7"/>
    <step time="51000.00" loaded="56156" inserted="53021" running="772" waiting="3135" ended="52249" arrived="52249" collisions="104" teleports="104" halting="5" stopped="0" meanWaitingTime="462.05" meanTravelTime="323.07" meanSpeed="16.31" meanSpeedRelative="0.51" duration="5"/>
    <step time="51300.00" loaded="56866" inserted="53556" running="805" waiting="3310" ended="52751" arrived="52751" collisions="105" teleports="105" halting="14" stopped="0" meanWaitingTime="467.53" meanTravelTime="324.06" meanSpeed="15.09" meanSpeedRelative="0.47" duration="6"/>
    <step time="51600.00" loaded="57539" inserted="54050" running="768" waiting="3489" ended="53282" arrived="53282" collisions="110" teleports="110" halting="22" stopped="0" meanWaitingTime="471.14" meanTravelTime="325.32" meanSpeed="15.25" meanSpeedRelative="0.48" duration="7"/>
    <step time="51900.00" loaded="58240" inserted="54543" running="763" waiting="3697" ended="53780" arrived="53780" collisions="112" teleports="112" halting="6" stopped="0" meanWaitingTime="474.38" meanTravelTime="326.61" meanSpeed="15.53" meanSpeedRelative="0.49" duration="8"/>
    <step time="52200.00" loaded="58953" inserted="55080" running="786" waiting="3873" ended="54294" arrived="54294" collisions="112" teleports="112" halting="12" stopped="0" meanWaitingTime="483.11" meanTravelTime="327.81" meanSpeed="14.82" meanSpeedRelative="0.46" duration="8"/>
    <step time="52500.00" loaded="59696" inserted="55616" running="801" waiting="4080" ended="54815" arrived="54815" collisions="115" teleports="115" halting="5" stopped="0" meanWaitingTime="489.15" meanTravelTime="328.88" meanSpeed="14.61" meanSpeedRelative="0.46" duration="7"/>
    <step time="52800.00" loaded="60428" inserted="56136" running="812" waiting="4292" ended="55324" arrived="55324" collisions="117" teleports="117" halting="10" stopped="0" meanWaitingTime="496.08" meanTravelTime="330.02" meanSpeed="14.28" meanSpeedRelative="0.45" duration="5"/>
    <step time="53100.00" loaded="61145" inserted="56666" running="829" waiting="4479" ended="55837" arrived="55837" collisions="120" teleports="120" halting="15" stopped="0" meanWaitingTime="504.84" meanTravelTime="331.36" meanSpeed="14.62" meanSpeedRelative="0.46" duration="8"/>
    <step time="53400.00" loaded="61853" inserted="57204" running="858" waiting="4649" ended="56346" arrived="56346" collisions="124" teleports="124" halting="23" stopped="0" meanWaitingTime="513.29" meanTravelTime="332.53" meanSpeed="13.19" meanSpeedRelative="0.41" duration="8"/>
    <step time="53700.00" loaded="62600" inserted="57747" running="898" waiting="4853" ended="56849" arrived="56849" collisions="125" teleports="125" halting="23" stopped="0" meanWaitingTime="519.18" meanTravelTime="333.75" meanSpeed="12.92" meanSpeedRelative="0.40" duration="7"/>
    <step time="54000.00" loaded="63290" inserted="58246" running="882" waiting="5044" ended="57364" arrived="57364" collisions="128" teleports="128" halting="30" stopped="0" meanWaitingTime="527.21" meanTravelTime="335.25" meanSpeed="13.08" meanSpeedRelative="0.41" duration="94"/>
    <step time="54300.00" loaded="63754" inserted="58683" running="798" waiting="5071" ended="57885" arrived="57885" collisions="130" teleports="130" halting="21" stopped="0" meanWaitingTime="535.97" meanTravelTime="336.85" meanSpeed="14.76" meanSpeedRelative="0.46" duration="8"/>
    <step time="54600.00" loaded="64232" inserted="59133" running="749" waiting="5099" ended="58384" arrived="58384" collisions="134" teleports="134" halting="3" stopped="0" meanWaitingTime="545.95" meanTravelTime="338.46" meanSpeed="15.23" meanSpeedRelative="0.48" duration="7"/>
    <step time="54900.00" loaded="64697" inserted="59581" running="710" waiting="5116" ended="58871" arrived="58871" collisions="135" teleports="135" halting="14" stopped="0" meanWaitingTime="558.40" meanTravelTime="339.77" meanSpeed="15.47" meanSpeedRelative="0.48" duration="6"/>
    <step time="55200.00" loaded="65160" inserted="60017" running="691" waiting="5143" ended="59326" arrived="59326" collisions="137" teleports="137" halting="19" stopped="0" meanWaitingTime="568.93" meanTravelTime="340.85" meanSpeed="14.56" meanSpeedRelative="0.45" duration="7"/>
    <step time="55500.00" loaded="65602" inserted="60469" running="670" waiting="5133" ended="59799" arrived="59799" collisions="139" teleports="139" halting="3" stopped="0" meanWaitingTime="579.08" meanTravelTime="341.77" meanSpeed="15.88" meanSpeedRelative="0.50" duration="5"/>
    <step time="55800.00" loaded="66030" inserted="60921" running="679" waiting="5109" ended="60242" arrived="60242" collisions="140" teleports="140" halting="25" stopped="0" meanWaitingTime="590.98" meanTravelTime="342.71" meanSpeed="15.55" meanSpeedRelative="0.49" duration="6"/>
    <step time="56100.00" loaded="66488" inserted="61375" running="678" waiting="5113" ended="60697" arrived="60697" collisions="141" teleports="141" halting="8" stopped="0" meanWaitingTime="603.95" meanTravelTime="343.42" meanSpeed="16.30" meanSpeedRelative="0.51" duration="6"/>
    <step time="56400.00" loaded="66918" inserted="61813" running="645" waiting="5105" ended="61168" arrived="61168" collisions="141" teleports="141" halting="20" stopped="0" meanWaitingTime="617.14" meanTravelTime="344.36" meanSpeed="16.12" meanSpeedRelative="0.50" duration="7"/>
    <step time="56700.00" loaded="67364" inserted="62288" running="672" waiting="5076" ended="61616" arrived="61616" collisions="143" teleports="143" halting="6" stopped="0" meanWaitingTime="629.61" meanTravelTime="345.04" meanSpeed="15.67" meanSpeedRelative="0.49" duration="5"/>
    <step time="57000.00" loaded="67774" inserted="62742" running="676" waiting="5032" ended="62066" arrived="62066" collisions="144" teleports="144" halting="5" stopped="0" meanWaitingTime="642.09" meanTravelTime="345.64" meanSpeed="14.56" meanSpeedRelative="0.45" duration="8"/>
    <step time="57300.00" loaded="68242" inserted="63222" running="698" waiting="5020" ended="62524" arrived="62524" collisions="145" teleports="145" halting="21" stopped="0" meanWaitingTime="656.02" meanTravelTime="346.21" meanSpeed="15.41" meanSpeedRelative="0.48" duration="7"/>
    <step time="57600.00" loaded="68697" inserted="63714" running="704" waiting="4983" ended="63010" arrived="63010" collisions="146" teleports="146" halting="25" stopped="0" meanWaitingTime="669.80" meanTravelTime="346.95" meanSpeed="15.24" meanSpeedRelative="0.48" duration="86"/>
    <step time="57900.00" loaded="69261" inserted="64212" running="724" waiting="5049" ended="63488" arrived="63488" collisions="148" teleports="148" halting="22" stopped="0" meanWaitingTime="681.82" meanTravelTime="347.55" meanSpeed="15.23" meanSpeedRelative="0.48" duration="7"/>
    <step time="58200.00" loaded="69817" inserted="64693" running="749" waiting="5124" ended="63944" arrived="63944" collisions="149" teleports="149" halting="5" stopped="0" meanWaitingTime="693.04" meanTravelTime="348.17" meanSpeed="15.45" meanSpeedRelative="0.48" duration="7"/>
    <step time="58500.00" loaded="70375" inserted="65176" running="764" waiting="5199" ended="64412" arrived="64412" collisions="151" teleports="151" halting="37" stopped="0" meanWaitingTime="705.30" meanTravelTime="348.93" meanSpeed="14.57" meanSpeedRelative="0.46" duration="7"/>
    <step time="58800.00" loaded="70969" inserted="65678" running="797" waiting="5291" ended="64881" arrived="64881" collisions="152" teleports="152" halting="7" stopped="0" meanWaitingTime="715.25" meanTravelTime="349.74" meanSpeed="14.04" meanSpeedRelative="0.44" duration="8"/>
    <step time="59100.00" loaded="71538" inserted="66168" running="834" waiting="5370" ended="65334" arrived="65334" collisions="153" teleports="153" halting="21" stopped="0" meanWaitingTime="726.73" meanTravelTime="350.73" meanSpeed="13.91" meanSpeedRelative="0.43" duration="7"/>
    <step time="59400.00" loaded="72099" inserted="66627" running="817" waiting="5472" ended="65810" arrived="65810" collisions="155" teleports="155" halting="13" stopped="0" meanWaitingTime="736.71" meanTravelTime="351.94" meanSpeed="13.63" meanSpeedRelative="0.43" duration="9"/>
    <step time="59700.00" loaded="72662" inserted="67110" running="803" waiting="5552" ended="66307" arrived="66307" collisions="156" teleports="156" halting="18" stopped="0" meanWaitingTime="747.16" meanTravelTime="353.33" meanSpeed="14.32" meanSpeedRelative="0.45" duration="9"/>
    <step time="60000.00" loaded="73226" inserted="67601" running="802" waiting="5625" ended="66799" arrived="66799" collisions="157" teleports="157" halting="8" stopped="0" meanWaitingTime="757.22" meanTravelTime="354.28" meanSpeed="14.71" meanSpeedRelative="0.46" duration="8"/>
    <step time="60300.00" loaded="73802" inserted="68101" running="772" waiting="5701" ended="67329" arrived="67329" collisions="158" teleports="158" halting="13" stopped="0" meanWaitingTime="769.52" meanTravelTime="355.35" meanSpeed="14.54" meanSpeedRelative="0.45" duration="8"/>
    <step time="60600.00" loaded="74376" inserted="68611" running="784" waiting="5765" ended="67827" arrived="67827" collisions="159" teleports="159" halting="21" stopped="0" meanWaitingTime="780.72" meanTravelTime="356.40" meanSpeed="14.50" meanSpeedRelative="0.45" duration="5"/>
    <step time="60900.00" loaded="74973" inserted="69117" running="799" waiting="5856" ended="68318" arrived="68318" collisions="160" teleports="160" halting="25" stopped="0" meanWaitingTime="791.39" meanTravelTime="357.02" meanSpeed="14.22" meanSpeedRelative="0.44" duration="6"/>
    <step time="61200.00" loaded="75528" inserted="69596" running="780" waiting="5932" ended="68816" arrived="68816" collisions="160" teleports="160" halting="23" stopped="0" meanWaitingTime="799.29" meanTravelTime="357.88" meanSpeed="14.85" meanSpeedRelative="0.46" duration="90"/>
    <step time="61500.00" loaded="75592" inserted="69938" running="651" waiting="5654" ended="69287" arrived="69287" collisions="161" teleports="161" halting="0" stopped="0" meanWaitingTime="813.18" meanTravelTime="358.85" meanSpeed="16.29" meanSpeedRelative="0.51" duration="7"/>
    <step time="61800.00" loaded="75660" inserted="70281" running="568" waiting="5379" ended="69713" arrived="69713" collisions="164" teleports="164" halting="7" stopped="0" meanWaitingTime="830.19" meanTravelTime="360.04" meanSpeed="15.15" meanSpeedRelative="0.47" duration="6"/>
    <step time="62100.00" loaded="75734" inserted="70631" running="531" waiting="5103" ended="70100" arrived="70100" collisions="165" teleports="165" halting="3" stopped="0" meanWaitingTime="844.92" meanTravelTime="360.79" meanSpeed="15.67" meanSpeedRelative="0.49" duration="7"/>
    <step time="62400.00" loaded="75806" inserted="70971" running="495" waiting="4835" ended="70476" arrived="70476" collisions="166" teleports="166" halting="17" stopped="0" meanWaitingTime="861.14" meanTravelTime="361.40" meanSpeed="16.27" meanSpeedRelative="0.51" duration="7"/>
    <step time="62700.00" loaded="75869" inserted="71272" running="429" waiting="4597" ended="70843" arrived="70843" collisions="166" teleports="166" halting="6" stopped="0" meanWaitingTime="878.65" meanTravelTime="361.78" meanSpeed="16.32" meanSpeedRelative="0.51" duration="5"/>
    <step time="63000.00" loaded="75944" inserted="71568" running="364" waiting="4376" ended="71204" arrived="71204" collisions="166" teleports="166" halting="3" stopped="0" meanWaitingTime="893.52" meanTravelTime="362.19" meanSpeed="17.77" meanSpeedRelative="0.56" duration="4"/>
    <step time="63300.00" loaded="76006" inserted="71874" running="342" waiting="4132" ended="71532" arrived="71532" collisions="166" teleports="166" halting="3" stopped="0" meanWaitingTime="909.89" meanTravelTime="362.33" meanSpeed="19.83" meanSpeedRelative="0.62" duration="4"/>
    <step time="63600.00" loaded="76080" inserted="72190" running="328" waiting="3890" ended="71862" arrived="71862" collisions="166" teleports="166" halting="3" stopped="0" meanWaitingTime="928.05" meanTravelTime="362.25" meanSpeed="20.04" meanSpeedRelative="0.63" duration="3"/>
    <step time="63900.00" loaded="76149" inserted="72496" running="312" waiting="3653" ended="72184" arrived="72184" collisions="166" teleports="166" halting="11" stopped="0" meanWaitingTime="944.42" meanTravelTime="361.99" meanSpeed="20.32" meanSpeedRelative="0.64" duration="2"/>
    <step time="64200.00" loaded="76227" inserted="72812" running="323" waiting="3415" ended="72489" arrived="72489" collisions="166" teleports="166" halting="9" stopped="0" meanWaitingTime="961.29" meanTravelTime="361.72" meanSpeed="20.08" meanSpeedRelative="0.63" duration="3"/>
    <step time="64500.00" loaded="76289" inserted="73115" running="295" waiting="3174" ended="72820" arrived="72820" collisions="166" teleports="166" halting="2" stopped="0" meanWaitingTime="976.01" meanTravelTime="361.50" meanSpeed="20.30" meanSpeedRelative="0.63" duration="2"/>
    <step time="64800.00" loaded="76347" inserted="73411" running="279" waiting="2936" ended="73132" arrived="73132" collisions="166" teleports="166" halting="2" stopped="0" meanWaitingTime="989.55" meanTravelTime="361.18" meanSpeed="21.89" meanSpeedRelative="0.68" duration="93"/>
    <step time="65100.00" loaded="76407" inserted="73646" running="252" waiting="2761" ended="73394" arrived="73394" collisions="166" teleports="166" halting="2" stopped="0" meanWaitingTime="1004.93" meanTravelTime="360.94" meanSpeed="21.87" meanSpeedRelative="0.68" duration="2"/>
    <step time="65400.00" loaded="76463" inserted="73841" running="212" waiting="2622" ended="73629" arrived="73629" collisions="166" teleports="166" halting="1" stopped="0" meanWaitingTime="1019.32" meanTravelTime="360.88" meanSpeed="21.61" meanSpeedRelative="0.68" duration="2"/>
    <step time="65700.00" loaded="76509" inserted="74035" running="192" waiting="2474" ended="73843" arrived="73843" collisions="167" teleports="167" halting="4" stopped="0" meanWaitingTime="1033.30" meanTravelTime="360.86" meanSpeed="21.81" meanSpeedRelative="0.68" duration="2"/>
    <step time="66000.00" loaded="76560" inserted="74223" running="165" waiting="2337" ended="74058" arrived="74058" collisions="167" teleports="167" halting="3" stopped="0" meanWaitingTime="1045.05" meanTravelTime="360.60" meanSpeed="22.26" meanSpeedRelative="0.70" duration="2"/>
    <step time="66300.00" loaded="76608" inserted="74370" running="109" waiting="2238" ended="74261" arrived="74261" collisions="167" teleports="167" halting="4" stopped="0" meanWaitingTime="1057.60" meanTravelTime="360.35" meanSpeed="22.51" meanSpeedRelative="0.70" duration="1"/>
    <step time="66600.00" loaded="76664" inserted="74521" running="104" waiting="2143" ended="74417" arrived="74417" collisions="167" teleports="167" halting="4" stopped="0" meanWaitingTime="1069.90" meanTravelTime="360.08" meanSpeed="20.62" meanSpeedRelative="0.64" duration="2"/>
    <step time="66900.00" loaded="76707" inserted="74650" running="101" waiting="2057" ended="74549" arrived="74549" collisions="167" teleports="167" halting="2" stopped="0" meanWaitingTime="1081.41" meanTravelTime="359.93" meanSpeed="21.72" meanSpeedRelative="0.68" duration="1"/>
    <step time="67200.00" loaded="76747" inserted="74785" running="101" waiting="1962" ended="74684" arrived="74684" collisions="167" teleports="167" halting="3" stopped="0" meanWaitingTime="1091.87" meanTravelTime="359.64" meanSpeed="22.33" meanSpeedRelative="0.70" duration="1"/>
    <step time="67500.00" loaded="76807" inserted="74901" running="99" waiting="1906" ended="74802" arrived="74802" collisions="167" teleports="167" halting="1" stopped="0" meanWaitingTime="1100.16" meanTravelTime="359.45" meanSpeed="23.98" meanSpeedRelative="0.75" duration="1"/>
    <step time="67800.00" loaded="76859" inserted="74987" running="96" waiting="1872" ended="74891" arrived="74891" collisions="167" teleports="167" halting="2" stopped="0" meanWaitingTime="1108.03" meanTravelTime="359.41" meanSpeed="23.40" meanSpeedRelative="0.73" duration="1"/>
    <step time="68100.00" loaded="76914" inserted="75073" running="101" waiting="1841" ended="74972" arrived="74972" collisions="167" teleports="167" halting="1" stopped="0" meanWaitingTime="1115.89" meanTravelTime="359.41" meanSpeed="22.40" meanSpeedRelative="0.70" duration="1"/>
    <step time="68400.00" loaded="76972" inserted="75164" running="91" waiting="1808" ended="75073" arrived="75073" collisions="167" teleports="167" halting="3" stopped="0" meanWaitingTime="1124.15" meanTravelTime="359.34" meanSpeed="22.83" meanSpeedRelative="0.71" duration="91"/>
    <step time="68700.00" loaded="77143" inserted="75356" running="157" waiting="1787" ended="75199" arrived="75199" collisions="167" teleports="167" halting="1" stopped="0" meanWaitingTime="1130.86" meanTravelTime="359.16" meanSpeed="23.63" meanSpeedRelative="0.74" duration="2"/>
    <step time="69000.00" loaded="77307" inserted="75544" running="165" waiting="1763" ended="75379" arrived="75379" collisions="167" teleports="167" halting="2" stopped="0" meanWaitingTime="1137.59" meanTravelTime="358.93" meanSpeed="24.00" meanSpeedRelative="0.75" duration="1"/>
    <step time="69300.00" loaded="77493" inserted="75753" running="189" waiting="1740" ended="75564" arrived="75564" collisions="167" teleports="167" halting="2" stopped="0" meanWaitingTime="1143.54" meanTravelTime="358.66" meanSpeed="24.22" meanSpeedRelative="0.76" duration="2"/>
    <step time="69600.00" loaded="77674" inserted="75952" running="202" waiting="1722" ended="75750" arrived="75750" collisions="167" teleports="167" halting="2" stopped="0" meanWaitingTime="1149.67" meanTravelTime="358.47" meanSpeed="23.33" meanSpeedRelative="0.73" duration="2"/>
    <step time="69900.00" loaded="77836" inserted="76139" running="208" waiting="1697" ended="75931" arrived="75931" collisions="169" teleports="169" halting="1" stopped="0" meanWaitingTime="1156.26" meanTravelTime="358.34" meanSpeed="23.80" meanSpeedRelative="0.74" duration="1"/>
    <step time="70200.00" loaded="77994" inserted="76317" running="179" waiting="1677" ended="76138" arrived="76138" collisions="169" teleports="169" halting="0" stopped="0" meanWaitingTime="1162.76" meanTravelTime="358.24" meanSpeed="22.65" meanSpeedRelative="0.71" duration="1"/>
    <step time="70500.00" loaded="78155" inserted="76502" running="185" waiting="1653" ended="76317" arrived="76317" collisions="169" teleports="169" halting="1" stopped="0" meanWaitingTime="1169.17" meanTravelTime="358.08" meanSpeed="23.18" meanSpeedRelative="0.72" duration="2"/>
    <step time="70800.00" loaded="78303" inserted="76673" running="158" waiting="1630" ended="76515" arrived="76515" collisions="169" teleports="169" halting="1" stopped="0" meanWaitingTime="1176.31" meanTravelTime="357.94" meanSpeed="23.81" meanSpeedRelative="0.74" duration="1"/>
    <step time="71100.00" loaded="78457" inserted="76854" running="160" waiting="1603" ended="76694" arrived="76694" collisions="169" teleports="169" halting="0" stopped="0" meanWaitingTime="1182.81" meanTravelTime="357.75" meanSpeed="23.46" meanSpeedRelative="0.73" duration="1"/>
    <step time="71400.00" loaded="78616" inserted="77041" running="157" waiting="1575" ended="76884" arrived="76884" collisions="169" teleports="169" halting="2" stopped="0" meanWaitingTime="1189.72" meanTravelTime="357.61" meanSpeed="23.38" meanSpeedRelative="0.73" duration="1"/>
    <step time="71700.00" loaded="78757" inserted="77210" running="175" waiting="1547" ended="77035" arrived="77035" collisions="171" teleports="171" halting="2" stopped="0" meanWaitingTime="1196.92" meanTravelTime="357.43" meanSpeed="24.45" meanSpeedRelative="0.76" duration="1"/>
    <step time="72000.00" loaded="78877" inserted="77358" running="138" waiting="1519" ended="77220" arrived="77220" collisions="171" teleports="171" halting="0" stopped="0" meanWaitingTime="1204.74" meanTravelTime="357.29" meanSpeed="24.21" meanSpeedRelative="0.76" duration="82"/>
    <step time="72300.00" loaded="78997" inserted="77511" running="144" waiting="1486" ended="77367" arrived="77367" collisions="172" teleports="172" halting="1" stopped="0" meanWaitingTime="1212.24" meanTravelTime="357.14" meanSpeed="23.82" meanSpeedRelative="0.74" duration="1"/>
    <step time="72600.00" loaded="79133" inserted="77684" running="159" waiting="1449" ended="77525" arrived="77525" collisions="172" teleports="172" halting="3" stopped="0" meanWaitingTime="1219.94" meanTravelTime="356.94" meanSpeed="23.22" meanSpeedRelative="0.73" duration="1"/>
    <step time="72900.00" loaded="79281" inserted="77863" running="182" waiting="1418" ended="77681" arrived="77681" collisions="173" teleports="173" halting="2" stopped="0" meanWaitingTime="1227.05" meanTravelTime="356.75" meanSpeed="23.69" meanSpeedRelative="0.74" duration="2"/>
    <step time="73200.00" loaded="79408" inserted="78012" running="169" waiting="1396" ended="77843" arrived="77843" collisions="174" teleports="174" halting="0" stopped="0" meanWaitingTime="1234.65" meanTravelTime="356.66" meanSpeed="24.11" meanSpeedRelative="0.75" duration="1"/>
    <step time="73500.00" loaded="79568" inserted="78193" running="190" waiting="1375" ended="78003" arrived="78003" collisions="174" teleports="174" halting="3" stopped="0" meanWaitingTime="1241.75" meanTravelTime="356.59" meanSpeed="23.31" meanSpeedRelative="0.73" duration="1"/>
    <step time="73800.00" loaded="79716" inserted="78372" running="182" waiting="1344" ended="78190" arrived="78190" collisions="174" teleports="174" halting="1" stopped="0" meanWaitingTime="1248.67" meanTravelTime="356.45" meanSpeed="23.79" meanSpeedRelative="0.74" duration="1"/>
    <step time="74100.00" loaded="79882" inserted="78567" running="183" waiting="1315" ended="78384" arrived="78384" collisions="174" teleports="174" halting="1" stopped="0" meanWaitingTime="1256.10" meanTravelTime="356.25" meanSpeed="23.71" meanSpeedRelative="0.74" duration="1"/>
    <step time="74400.00" loaded="79999" inserted="78713" running="146" waiting="1286" ended="78567" arrived="78567" collisions="175" teleports="175" halting="0" stopped="0" meanWaitingTime="1263.81" meanTravelTime="356.17" meanSpeed="24.52" meanSpeedRelative="0.77" duration="1"/>
    <step time="74700.00" loaded="80134" inserted="78872" running="151" waiting="1262" ended="78721" arrived="78721" collisions="175" teleports="175" halting="1" stopped="0" meanWaitingTime="1270.77" meanTravelTime="356.10" meanSpeed="23.80" meanSpeedRelative="0.74" duration="1"/>
    <step time="75000.00" loaded="80276" inserted="79043" running="158" waiting="1233" ended="78885" arrived="78885" collisions="176" teleports="176" halting="0" stopped="0" meanWaitingTime="1278.01" meanTravelTime="355.98" meanSpeed="23.40" meanSpeedRelative="0.73" duration="1"/>
    <step time="75300.00" loaded="80424" inserted="79225" running="165" waiting="1199" ended="79060" arrived="79060" collisions="176" teleports="176" halting="1" stopped="0" meanWaitingTime="1285.02" meanTravelTime="355.81" meanSpeed="23.78" meanSpeedRelative="0.74" duration="2"/>
    <step time="75600.00" loaded="80565" inserted="79397" running="163" waiting="1168" ended="79234" arrived="79234" collisions="179" teleports="179" halting="2" stopped="0" meanWaitingTime="1291.65" meanTravelTime="355.62" meanSpeed="23.40" meanSpeedRelative="0.73" duration="87"/>
    <step time="75900.00" loaded="80757" inserted="79605" running="206" waiting="1152" ended="79399" arrived="79399" collisions="179" teleports="179" halting="2" stopped="0" meanWaitingTime="1297.67" meanTravelTime="355.48" meanSpeed="23.32" meanSpeedRelative="0.73" duration="2"/>
    <step time="76200.00" loaded="80935" inserted="79804" running="191" waiting="1131" ended="79613" arrived="79613" collisions="179" teleports="179" halting="0" stopped="0" meanWaitingTime="1304.81" meanTravelTime="355.28" meanSpeed="24.07" meanSpeedRelative="0.75" duration="1"/>
    <step time="76500.00" loaded="81136" inserted="80028" running="201" waiting="1108" ended="79827" arrived="79827" collisions="180" teleports="180" halting="1" stopped="0" meanWaitingTime="1311.48" meanTravelTime="355.09" meanSpeed="23.81" meanSpeedRelative="0.74" duration="2"/>
    <step time="76800.00" loaded="81346" inserted="80260" running="226" waiting="1086" ended="80034" arrived="80034" collisions="180" teleports="180" halting="4" stopped="0" meanWaitingTime="1316.97" meanTravelTime="354.88" meanSpeed="22.81" meanSpeedRelative="0.71" duration="1"/>
    <step time="77100.00" loaded="81556" inserted="80493" running="223" waiting="1063" ended="80270" arrived="80270" collisions="180" teleports="180" halting="3" stopped="0" meanWaitingTime="1322.92" meanTravelTime="354.75" meanSpeed="23.55" meanSpeedRelative="0.74" duration="2"/>
    <step time="77400.00" loaded="81764" inserted="80721" running="241" waiting="1043" ended="80480" arrived="80480" collisions="181" teleports="181" halting="2" stopped="0" meanWaitingTime="1328.94" meanTravelTime="354.48" meanSpeed="24.27" meanSpeedRelative="0.76" duration="2"/>
    <step time="77700.00" loaded="81983" inserted="80960" running="223" waiting="1023" ended="80737" arrived="80737" collisions="181" teleports="181" halting="0" stopped="0" meanWaitingTime="1334.01" meanTravelTime="354.36" meanSpeed="23.37" meanSpeedRelative="0.73" duration="2"/>
    <step time="78000.00" loaded="82156" inserted="81155" running="184" waiting="1001" ended="80971" arrived="80971" collisions="181" teleports="181" halting="2" stopped="0" meanWaitingTime="1340.74" meanTravelTime="354.18" meanSpeed="23.37" meanSpeedRelative="0.73" duration="1"/>
    <step time="78300.00" loaded="82359" inserted="81377" running="213" waiting="982" ended="81164" arrived="81164" collisions="181" teleports="181" halting="1" stopped="0" meanWaitingTime="1346.74" meanTravelTime="354.07" meanSpeed="23.38" meanSpeedRelative="0.73" duration="1"/>
    <step time="78600.00" loaded="82577" inserted="81615" running="218" waiting="962" ended="81397" arrived="81397" collisions="182" teleports="182" halting="3" stopped="0" meanWaitingTime="1352.45" meanTravelTime="353.78" meanSpeed="23.12" meanSpeedRelative="0.72" duration="1"/>
    <step time="78900.00" loaded="82787" inserted="81849" running="220" waiting="938" ended="81629" arrived="81629" collisions="182" teleports="182" halting="3" stopped="0" meanWaitingTime="1358.19" meanTravelTime="353.55" meanSpeed="23.16" meanSpeedRelative="0.72" duration="2"/>
    <step time="79200.00" loaded="83001" inserted="82078" running="225" waiting="923" ended="81853" arrived="81853" collisions="182" teleports="182" halting="1" stopped="0" meanWaitingTime="1363.24" meanTravelTime="353.34" meanSpeed="23.63" meanSpeedRelative="0.74" duration="84"/>
    <step time="79500.00" loaded="83164" inserted="82264" running="192" waiting="900" ended="82072" arrived="82072" collisions="182" teleports="182" halting="2" stopped="0" meanWaitingTime="1369.98" meanTravelTime="353.20" meanSpeed="23.48" meanSpeedRelative="0.73" duration="1"/>
    <step time="79800.00" loaded="83337" inserted="82462" running="191" waiting="875" ended="82271" arrived="82271" collisions="182" teleports="182" halting="1" stopped="0" meanWaitingTime="1376.02" meanTravelTime="353.09" meanSpeed="23.06" meanSpeedRelative="0.72" duration="1"/>
    <step time="80100.00" loaded="83510" inserted="82646" running="177" waiting="864" ended="82469" arrived="82469" collisions="183" teleports="183" halting="3" stopped="0" meanWaitingTime="1381.80" meanTravelTime="352.99" meanSpeed="23.61" meanSpeedRelative="0.74" duration="1"/>
    <step time="80400.00" loaded="83709" inserted="82868" running="215" waiting="841" ended="82653" arrived="82653" collisions="183" teleports="183" halting="1" stopped="0" meanWaitingTime="1387.42" meanTravelTime="352.86" meanSpeed="23.64" meanSpeedRelative="0.74" duration="1"/>
    <step time="80700.00" loaded="83884" inserted="83069" running="221" waiting="815" ended="82848" arrived="82848" collisions="183" teleports="183" halting="2" stopped="0" meanWaitingTime="1393.38" meanTravelTime="352.74" meanSpeed="23.24" meanSpeedRelative="0.73" duration="1"/>
    <step time="81000.00" loaded="84054" inserted="83265" running="204" waiting="789" ended="83061" arrived="83061" collisions="183" teleports="183" halting="1" stopped="0" meanWaitingTime="1399.18" meanTravelTime="352.68" meanSpeed="23.34" meanSpeedRelative="0.73" duration="1"/>
    <step time="81300.00" loaded="84230" inserted="83461" running="206" waiting="769" ended="83255" arrived="83255" collisions="184" teleports="184" halting="2" stopped="0" meanWaitingTime="1405.22" meanTravelTime="352.56" meanSpeed="24.30" meanSpeedRelative="0.76" duration="1"/>
    <step time="81600.00" loaded="84425" inserted="83673" running="207" waiting="752" ended="83466" arrived="83466" collisions="185" teleports="185" halting="2" stopped="0" meanWaitingTime="1410.96" meanTravelTime="352.44" meanSpeed="23.40" meanSpeedRelative="0.73" duration="2"/>
    <step time="81900.00" loaded="84608" inserted="83880" running="198" waiting="728" ended="83682" arrived="83682" collisions="186" teleports="186" halting="0" stopped="0" meanWaitingTime="1416.20" meanTravelTime="352.31" meanSpeed="24.01" meanSpeedRelative="0.75" duration="1"/>
    <step time="82200.00" loaded="84754" inserted="84052" running="171" waiting="702" ended="83881" arrived="83881" collisions="186" teleports="186" halting="2" stopped="0" meanWaitingTime="1420.98" meanTravelTime="352.15" meanSpeed="23.70" meanSpeedRelative="0.74" duration="1"/>
    <step time="82500.00" loaded="84928" inserted="84253" running="182" waiting="675" ended="84071" arrived="84071" collisions="186" teleports="186" halting="3" stopped="0" meanWaitingTime="1424.54" meanTravelTime="352.06" meanSpeed="22.79" meanSpeedRelative="0.71" duration="1"/>
</summary>
