<?xml version="1.0" encoding="UTF-8"?>

<!-- generated on 2025-08-08 17:16:24 by Eclipse SUMO sumo Version 1.23.1
<sumoConfiguration xmlns:xsi="http://www.w3.org/2001/XMLSchema-instance" xsi:noNamespaceSchemaLocation="http://sumo.dlr.de/xsd/sumoConfiguration.xsd">

    <input>
        <net-file value="Desktop\Master Thesis\Network_fin.net.xml"/>
        <route-files value="Desktop\Master Thesis\demand_model_amsterdam.rou.xml"/>
        <additional-files value="Desktop\Master Thesis\Additionnal.add.xml"/>
    </input>

    <output>
        <summary-output value="outputf\summary_metaline_20120.xml"/>
        <summary-output.period value="300"/>
        <tripinfo-output value="outputf\tripinfo_metaline_20120.xml"/>
    </output>

    <time>
        <begin value="0"/>
        <end value="82800"/>
        <step-length value="1"/>
    </time>

    <processing>
        <time-to-teleport value="-1"/>
    </processing>

    <report>
        <verbose value="true"/>
        <no-step-log value="true"/>
    </report>

    <emissions>
        <device.emissions.period value="10"/>
    </emissions>

    <traci_server>
        <remote-port value="56388"/>
    </traci_server>

    <random_number>
        <seed value="20120"/>
    </random_number>

</sumoConfiguration>
-->

<summary xmlns:xsi="http://www.w3.org/2001/XMLSchema-instance" xsi:noNamespaceSchemaLocation="http://sumo.dlr.de/xsd/summary_file.xsd">
    <step time="0.00" loaded="0" inserted="0" running="0" waiting="0" ended="0" arrived="0" collisions="0" teleports="0" halting="0" stopped="0" meanWaitingTime="-1.00" meanTravelTime="-1.00" meanSpeed="-1.00" meanSpeedRelative="-1.00" duration="0"/>
    <step time="300.00" loaded="178" inserted="178" running="117" waiting="0" ended="61" arrived="61" collisions="0" teleports="0" halting="3" stopped="0" meanWaitingTime="0.57" meanTravelTime="103.44" meanSpeed="25.81" meanSpeedRelative="0.81" duration="0"/>
    <step time="600.00" loaded="350" inserted="349" running="128" waiting="1" ended="221" arrived="221" collisions="0" teleports="0" halting="0" stopped="0" meanWaitingTime="0.43" meanTravelTime="168.64" meanSpeed="25.35" meanSpeedRelative="0.79" duration="1"/>
    <step time="900.00" loaded="516" inserted="516" running="130" waiting="0" ended="386" arrived="386" collisions="0" teleports="0" halting="0" stopped="0" meanWaitingTime="0.41" meanTravelTime="190.71" meanSpeed="25.59" meanSpeedRelative="0.80" duration="0"/>
    <step time="1200.00" loaded="708" inserted="708" running="161" waiting="0" ended="547" arrived="547" collisions="0" teleports="0" halting="0" stopped="0" meanWaitingTime="0.42" meanTravelTime="201.38" meanSpeed="25.09" meanSpeedRelative="0.78" duration="1"/>
    <step time="1500.00" loaded="886" inserted="886" running="148" waiting="0" ended="738" arrived="738" collisions="1" teleports="1" halting="1" stopped="0" meanWaitingTime="0.39" meanTravelTime="208.99" meanSpeed="25.53" meanSpeedRelative="0.80" duration="1"/>
    <step time="1800.00" loaded="1061" inserted="1061" running="161" waiting="0" ended="900" arrived="900" collisions="1" teleports="1" halting="0" stopped="0" meanWaitingTime="0.37" meanTravelTime="214.82" meanSpeed="25.19" meanSpeedRelative="0.79" duration="0"/>
    <step time="2100.00" loaded="1231" inserted="1231" running="157" waiting="0" ended="1074" arrived="1074" collisions="1" teleports="1" halting="0" stopped="0" meanWaitingTime="0.36" meanTravelTime="225.25" meanSpeed="25.42" meanSpeedRelative="0.79" duration="1"/>
    <step time="2400.00" loaded="1431" inserted="1431" running="168" waiting="0" ended="1263" arrived="1263" collisions="1" teleports="1" halting="1" stopped="0" meanWaitingTime="0.37" meanTravelTime="230.44" meanSpeed="25.44" meanSpeedRelative="0.79" duration="1"/>
    <step time="2700.00" loaded="1604" inserted="1603" running="152" waiting="1" ended="1451" arrived="1451" collisions="1" teleports="1" halting="2" stopped="0" meanWaitingTime="0.40" meanTravelTime="235.81" meanSpeed="25.56" meanSpeedRelative="0.80" duration="2"/>
    <step time="3000.00" loaded="1787" inserted="1787" running="154" waiting="0" ended="1633" arrived="1633" collisions="1" teleports="1" halting="1" stopped="0" meanWaitingTime="0.41" meanTravelTime="235.04" meanSpeed="25.54" meanSpeedRelative="0.80" duration="1"/>
    <step time="3300.00" loaded="1955" inserted="1955" running="156" waiting="0" ended="1799" arrived="1799" collisions="1" teleports="1" halting="1" stopped="0" meanWaitingTime="0.39" meanTravelTime="236.54" meanSpeed="24.25" meanSpeedRelative="0.76" duration="1"/>
    <step time="3600.00" loaded="2150" inserted="2149" running="176" waiting="1" ended="1973" arrived="1973" collisions="1" teleports="1" halting="0" stopped="0" meanWaitingTime="0.41" meanTravelTime="239.63" meanSpeed="24.93" meanSpeedRelative="0.78" duration="83"/>
    <step time="3900.00" loaded="2257" inserted="2257" running="114" waiting="0" ended="2143" arrived="2143" collisions="1" teleports="1" halting="0" stopped="0" meanWaitingTime="0.39" meanTravelTime="243.95" meanSpeed="25.47" meanSpeedRelative="0.80" duration="1"/>
    <step time="4200.00" loaded="2385" inserted="2385" running="100" waiting="0" ended="2285" arrived="2285" collisions="1" teleports="1" halting="0" stopped="0" meanWaitingTime="0.39" meanTravelTime="247.24" meanSpeed="25.21" meanSpeedRelative="0.79" duration="1"/>
    <step time="4500.00" loaded="2482" inserted="2482" running="73" waiting="0" ended="2409" arrived="2409" collisions="1" teleports="1" halting="1" stopped="0" meanWaitingTime="0.38" meanTravelTime="247.97" meanSpeed="26.50" meanSpeedRelative="0.83" duration="1"/>
    <step time="4800.00" loaded="2581" inserted="2581" running="92" waiting="0" ended="2489" arrived="2489" collisions="1" teleports="1" halting="0" stopped="0" meanWaitingTime="0.38" meanTravelTime="249.51" meanSpeed="25.86" meanSpeedRelative="0.81" duration="1"/>
    <step time="5100.00" loaded="2700" inserted="2700" running="79" waiting="0" ended="2621" arrived="2621" collisions="1" teleports="1" halting="2" stopped="0" meanWaitingTime="0.37" meanTravelTime="249.73" meanSpeed="25.77" meanSpeedRelative="0.81" duration="1"/>
    <step time="5400.00" loaded="2825" inserted="2825" running="106" waiting="0" ended="2719" arrived="2719" collisions="1" teleports="1" halting="1" stopped="0" meanWaitingTime="0.37" meanTravelTime="248.70" meanSpeed="25.17" meanSpeedRelative="0.79" duration="1"/>
    <step time="5700.00" loaded="2938" inserted="2938" running="99" waiting="0" ended="2839" arrived="2839" collisions="1" teleports="1" halting="0" stopped="0" meanWaitingTime="0.36" meanTravelTime="248.79" meanSpeed="24.98" meanSpeedRelative="0.78" duration="0"/>
    <step time="6000.00" loaded="3054" inserted="3054" running="98" waiting="0" ended="2956" arrived="2956" collisions="1" teleports="1" halting="0" stopped="0" meanWaitingTime="0.36" meanTravelTime="248.42" meanSpeed="25.82" meanSpeedRelative="0.81" duration="1"/>
    <step time="6300.00" loaded="3155" inserted="3155" running="102" waiting="0" ended="3053" arrived="3053" collisions="1" teleports="1" halting="2" stopped="0" meanWaitingTime="0.36" meanTravelTime="249.93" meanSpeed="25.32" meanSpeedRelative="0.79" duration="0"/>
    <step time="6600.00" loaded="3262" inserted="3262" running="105" waiting="0" ended="3157" arrived="3157" collisions="2" teleports="2" halting="1" stopped="0" meanWaitingTime="0.35" meanTravelTime="250.69" meanSpeed="24.86" meanSpeedRelative="0.78" duration="1"/>
    <step time="6900.00" loaded="3382" inserted="3382" running="107" waiting="0" ended="3275" arrived="3275" collisions="2" teleports="2" halting="1" stopped="0" meanWaitingTime="0.34" meanTravelTime="251.21" meanSpeed="25.89" meanSpeedRelative="0.81" duration="1"/>
    <step time="7200.00" loaded="3488" inserted="3488" running="96" waiting="0" ended="3392" arrived="3392" collisions="2" teleports="2" halting="0" stopped="0" meanWaitingTime="0.34" meanTravelTime="252.43" meanSpeed="25.06" meanSpeedRelative="0.78" duration="85"/>
    <step time="7500.00" loaded="3638" inserted="3638" running="122" waiting="0" ended="3516" arrived="3516" collisions="2" teleports="2" halting="2" stopped="0" meanWaitingTime="0.35" meanTravelTime="252.42" meanSpeed="25.04" meanSpeedRelative="0.78" duration="1"/>
    <step time="7800.00" loaded="3797" inserted="3797" running="138" waiting="0" ended="3659" arrived="3659" collisions="2" teleports="2" halting="1" stopped="0" meanWaitingTime="0.36" meanTravelTime="252.01" meanSpeed="25.41" meanSpeedRelative="0.79" duration="1"/>
    <step time="8100.00" loaded="3960" inserted="3960" running="140" waiting="0" ended="3820" arrived="3820" collisions="2" teleports="2" halting="2" stopped="0" meanWaitingTime="0.35" meanTravelTime="250.91" meanSpeed="24.24" meanSpeedRelative="0.76" duration="1"/>
    <step time="8400.00" loaded="4099" inserted="4099" running="128" waiting="0" ended="3971" arrived="3971" collisions="2" teleports="2" halting="2" stopped="0" meanWaitingTime="0.35" meanTravelTime="251.55" meanSpeed="24.73" meanSpeedRelative="0.77" duration="1"/>
    <step time="8700.00" loaded="4234" inserted="4234" running="113" waiting="0" ended="4121" arrived="4121" collisions="2" teleports="2" halting="0" stopped="0" meanWaitingTime="0.36" meanTravelTime="252.00" meanSpeed="25.77" meanSpeedRelative="0.81" duration="1"/>
    <step time="9000.00" loaded="4385" inserted="4385" running="123" waiting="0" ended="4262" arrived="4262" collisions="2" teleports="2" halting="1" stopped="0" meanWaitingTime="0.36" meanTravelTime="252.49" meanSpeed="25.46" meanSpeedRelative="0.80" duration="1"/>
    <step time="9300.00" loaded="4537" inserted="4537" running="122" waiting="0" ended="4415" arrived="4415" collisions="2" teleports="2" halting="0" stopped="0" meanWaitingTime="0.37" meanTravelTime="252.09" meanSpeed="24.98" meanSpeedRelative="0.78" duration="1"/>
    <step time="9600.00" loaded="4672" inserted="4672" running="116" waiting="0" ended="4556" arrived="4556" collisions="2" teleports="2" halting="0" stopped="0" meanWaitingTime="0.36" meanTravelTime="251.10" meanSpeed="26.18" meanSpeedRelative="0.82" duration="1"/>
    <step time="9900.00" loaded="4829" inserted="4829" running="128" waiting="0" ended="4701" arrived="4701" collisions="2" teleports="2" halting="2" stopped="0" meanWaitingTime="0.37" meanTravelTime="250.63" meanSpeed="25.26" meanSpeedRelative="0.79" duration="1"/>
    <step time="10200.00" loaded="4984" inserted="4983" running="143" waiting="1" ended="4840" arrived="4840" collisions="2" teleports="2" halting="1" stopped="0" meanWaitingTime="0.37" meanTravelTime="250.21" meanSpeed="24.80" meanSpeedRelative="0.78" duration="1"/>
    <step time="10500.00" loaded="5121" inserted="5121" running="116" waiting="0" ended="5005" arrived="5005" collisions="2" teleports="2" halting="1" stopped="0" meanWaitingTime="0.37" meanTravelTime="250.77" meanSpeed="25.65" meanSpeedRelative="0.80" duration="0"/>
    <step time="10800.00" loaded="5263" inserted="5263" running="132" waiting="0" ended="5131" arrived="5131" collisions="2" teleports="2" halting="4" stopped="0" meanWaitingTime="0.38" meanTravelTime="251.48" meanSpeed="25.46" meanSpeedRelative="0.80" duration="86"/>
    <step time="11100.00" loaded="5411" inserted="5411" running="117" waiting="0" ended="5294" arrived="5294" collisions="2" teleports="2" halting="1" stopped="0" meanWaitingTime="0.39" meanTravelTime="252.11" meanSpeed="25.27" meanSpeedRelative="0.79" duration="1"/>
    <step time="11400.00" loaded="5553" inserted="5553" running="124" waiting="0" ended="5429" arrived="5429" collisions="2" teleports="2" halting="1" stopped="0" meanWaitingTime="0.39" meanTravelTime="251.70" meanSpeed="24.88" meanSpeedRelative="0.78" duration="0"/>
    <step time="11700.00" loaded="5709" inserted="5709" running="109" waiting="0" ended="5600" arrived="5600" collisions="2" teleports="2" halting="0" stopped="0" meanWaitingTime="0.39" meanTravelTime="251.31" meanSpeed="25.83" meanSpeedRelative="0.81" duration="0"/>
    <step time="12000.00" loaded="5854" inserted="5854" running="103" waiting="0" ended="5751" arrived="5751" collisions="2" teleports="2" halting="0" stopped="0" meanWaitingTime="0.39" meanTravelTime="250.07" meanSpeed="26.18" meanSpeedRelative="0.82" duration="0"/>
    <step time="12300.00" loaded="5993" inserted="5993" running="107" waiting="0" ended="5886" arrived="5886" collisions="2" teleports="2" halting="1" stopped="0" meanWaitingTime="0.39" meanTravelTime="249.72" meanSpeed="24.96" meanSpeedRelative="0.78" duration="1"/>
    <step time="12600.00" loaded="6143" inserted="6143" running="129" waiting="0" ended="6014" arrived="6014" collisions="2" teleports="2" halting="1" stopped="0" meanWaitingTime="0.40" meanTravelTime="249.70" meanSpeed="24.83" meanSpeedRelative="0.78" duration="1"/>
    <step time="12900.00" loaded="6295" inserted="6295" running="119" waiting="0" ended="6176" arrived="6176" collisions="2" teleports="2" halting="2" stopped="0" meanWaitingTime="0.40" meanTravelTime="248.99" meanSpeed="25.09" meanSpeedRelative="0.78" duration="1"/>
    <step time="13200.00" loaded="6437" inserted="6437" running="106" waiting="0" ended="6331" arrived="6331" collisions="2" teleports="2" halting="1" stopped="0" meanWaitingTime="0.40" meanTravelTime="248.58" meanSpeed="24.61" meanSpeedRelative="0.77" duration="1"/>
    <step time="13500.00" loaded="6579" inserted="6579" running="108" waiting="0" ended="6471" arrived="6471" collisions="2" teleports="2" halting="3" stopped="0" meanWaitingTime="0.40" meanTravelTime="248.26" meanSpeed="24.17" meanSpeedRelative="0.76" duration="0"/>
    <step time="13800.00" loaded="6715" inserted="6715" running="103" waiting="0" ended="6612" arrived="6612" collisions="3" teleports="3" halting="0" stopped="0" meanWaitingTime="0.40" meanTravelTime="247.57" meanSpeed="26.79" meanSpeedRelative="0.84" duration="1"/>
    <step time="14100.00" loaded="6844" inserted="6844" running="88" waiting="0" ended="6756" arrived="6756" collisions="3" teleports="3" halting="2" stopped="0" meanWaitingTime="0.40" meanTravelTime="247.67" meanSpeed="25.77" meanSpeedRelative="0.81" duration="1"/>
    <step time="14400.00" loaded="6969" inserted="6969" running="96" waiting="0" ended="6873" arrived="6873" collisions="3" teleports="3" halting="1" stopped="0" meanWaitingTime="0.39" meanTravelTime="247.09" meanSpeed="26.19" meanSpeedRelative="0.82" duration="89"/>
    <step time="14700.00" loaded="7084" inserted="7084" running="84" waiting="0" ended="7000" arrived="7000" collisions="3" teleports="3" halting="0" stopped="0" meanWaitingTime="0.39" meanTravelTime="246.40" meanSpeed="25.02" meanSpeedRelative="0.78" duration="1"/>
    <step time="15000.00" loaded="7183" inserted="7183" running="79" waiting="0" ended="7104" arrived="7104" collisions="3" teleports="3" halting="2" stopped="0" meanWaitingTime="0.39" meanTravelTime="246.44" meanSpeed="24.63" meanSpeedRelative="0.77" duration="0"/>
    <step time="15300.00" loaded="7289" inserted="7289" running="81" waiting="0" ended="7208" arrived="7208" collisions="3" teleports="3" halting="1" stopped="0" meanWaitingTime="0.39" meanTravelTime="245.89" meanSpeed="25.74" meanSpeedRelative="0.80" duration="0"/>
    <step time="15600.00" loaded="7380" inserted="7380" running="69" waiting="0" ended="7311" arrived="7311" collisions="3" teleports="3" halting="2" stopped="0" meanWaitingTime="0.39" meanTravelTime="245.93" meanSpeed="25.46" meanSpeedRelative="0.80" duration="1"/>
    <step time="15900.00" loaded="7475" inserted="7475" running="65" waiting="0" ended="7410" arrived="7410" collisions="3" teleports="3" halting="0" stopped="0" meanWaitingTime="0.39" meanTravelTime="245.74" meanSpeed="24.73" meanSpeedRelative="0.77" duration="0"/>
    <step time="16200.00" loaded="7583" inserted="7583" running="66" waiting="0" ended="7517" arrived="7517" collisions="3" teleports="3" halting="0" stopped="0" meanWaitingTime="0.39" meanTravelTime="245.23" meanSpeed="25.81" meanSpeedRelative="0.81" duration="0"/>
    <step time="16500.00" loaded="7685" inserted="7685" running="71" waiting="0" ended="7614" arrived="7614" collisions="3" teleports="3" halting="0" stopped="0" meanWaitingTime="0.39" meanTravelTime="245.02" meanSpeed="26.15" meanSpeedRelative="0.82" duration="1"/>
    <step time="16800.00" loaded="7763" inserted="7763" running="52" waiting="0" ended="7711" arrived="7711" collisions="3" teleports="3" halting="0" stopped="0" meanWaitingTime="0.38" meanTravelTime="244.31" meanSpeed="25.20" meanSpeedRelative="0.79" duration="1"/>
    <step time="17100.00" loaded="7855" inserted="7855" running="60" waiting="0" ended="7795" arrived="7795" collisions="3" teleports="3" halting="1" stopped="0" meanWaitingTime="0.38" meanTravelTime="244.13" meanSpeed="26.81" meanSpeedRelative="0.84" duration="0"/>
    <step time="17400.00" loaded="7956" inserted="7956" running="61" waiting="0" ended="7895" arrived="7895" collisions="3" teleports="3" halting="0" stopped="0" meanWaitingTime="0.38" meanTravelTime="243.29" meanSpeed="26.31" meanSpeedRelative="0.82" duration="0"/>
    <step time="17700.00" loaded="8059" inserted="8059" running="69" waiting="0" ended="7990" arrived="7990" collisions="3" teleports="3" halting="2" stopped="0" meanWaitingTime="0.38" meanTravelTime="242.55" meanSpeed="25.29" meanSpeedRelative="0.79" duration="1"/>
    <step time="18000.00" loaded="8162" inserted="8162" running="70" waiting="0" ended="8092" arrived="8092" collisions="3" teleports="3" halting="0" stopped="0" meanWaitingTime="0.38" meanTravelTime="242.25" meanSpeed="23.71" meanSpeedRelative="0.74" duration="80"/>
    <step time="18300.00" loaded="8353" inserted="8352" running="114" waiting="1" ended="8238" arrived="8238" collisions="3" teleports="3" halting="0" stopped="0" meanWaitingTime="0.38" meanTravelTime="241.26" meanSpeed="24.90" meanSpeedRelative="0.78" duration="0"/>
    <step time="18600.00" loaded="8572" inserted="8572" running="156" waiting="0" ended="8416" arrived="8416" collisions="3" teleports="3" halting="0" stopped="0" meanWaitingTime="0.38" meanTravelTime="239.75" meanSpeed="26.00" meanSpeedRelative="0.81" duration="1"/>
    <step time="18900.00" loaded="8775" inserted="8775" running="158" waiting="0" ended="8617" arrived="8617" collisions="3" teleports="3" halting="3" stopped="0" meanWaitingTime="0.38" meanTravelTime="239.66" meanSpeed="24.20" meanSpeedRelative="0.76" duration="1"/>
    <step time="19200.00" loaded="8977" inserted="8977" running="144" waiting="0" ended="8833" arrived="8833" collisions="3" teleports="3" halting="1" stopped="0" meanWaitingTime="0.39" meanTravelTime="239.29" meanSpeed="24.35" meanSpeedRelative="0.76" duration="1"/>
    <step time="19500.00" loaded="9204" inserted="9202" running="179" waiting="2" ended="9023" arrived="9023" collisions="3" teleports="3" halting="3" stopped="0" meanWaitingTime="0.39" meanTravelTime="238.78" meanSpeed="24.30" meanSpeedRelative="0.76" duration="1"/>
    <step time="19800.00" loaded="9390" inserted="9390" running="138" waiting="0" ended="9252" arrived="9252" collisions="3" teleports="3" halting="1" stopped="0" meanWaitingTime="0.40" meanTravelTime="238.65" meanSpeed="24.96" meanSpeedRelative="0.78" duration="1"/>
    <step time="20100.00" loaded="9620" inserted="9620" running="166" waiting="0" ended="9454" arrived="9454" collisions="3" teleports="3" halting="2" stopped="0" meanWaitingTime="0.41" meanTravelTime="238.08" meanSpeed="25.17" meanSpeedRelative="0.79" duration="1"/>
    <step time="20400.00" loaded="9834" inserted="9834" running="171" waiting="0" ended="9663" arrived="9663" collisions="3" teleports="3" halting="1" stopped="0" meanWaitingTime="0.41" meanTravelTime="237.87" meanSpeed="24.41" meanSpeedRelative="0.76" duration="1"/>
    <step time="20700.00" loaded="10020" inserted="10020" running="160" waiting="0" ended="9860" arrived="9860" collisions="3" teleports="3" halting="3" stopped="0" meanWaitingTime="0.42" meanTravelTime="238.09" meanSpeed="24.67" meanSpeedRelative="0.77" duration="2"/>
    <step time="21000.00" loaded="10229" inserted="10228" running="168" waiting="1" ended="10060" arrived="10060" collisions="3" teleports="3" halting="1" stopped="0" meanWaitingTime="0.42" meanTravelTime="238.35" meanSpeed="23.85" meanSpeedRelative="0.75" duration="1"/>
    <step time="21300.00" loaded="10413" inserted="10413" running="144" waiting="0" ended="10269" arrived="10269" collisions="3" teleports="3" halting="1" stopped="0" meanWaitingTime="0.42" meanTravelTime="238.34" meanSpeed="24.48" meanSpeedRelative="0.76" duration="1"/>
    <step time="21600.00" loaded="10616" inserted="10616" running="143" waiting="0" ended="10473" arrived="10473" collisions="3" teleports="3" halting="4" stopped="0" meanWaitingTime="0.43" meanTravelTime="238.00" meanSpeed="23.28" meanSpeedRelative="0.73" duration="79"/>
    <step time="21900.00" loaded="11080" inserted="11062" running="351" waiting="18" ended="10711" arrived="10711" collisions="3" teleports="3" halting="5" stopped="0" meanWaitingTime="0.60" meanTravelTime="237.55" meanSpeed="21.57" meanSpeedRelative="0.67" duration="2"/>
    <step time="22200.00" loaded="11554" inserted="11495" running="424" waiting="59" ended="11071" arrived="11071" collisions="3" teleports="3" halting="5" stopped="0" meanWaitingTime="1.37" meanTravelTime="237.48" meanSpeed="20.73" meanSpeedRelative="0.65" duration="3"/>
    <step time="22500.00" loaded="12007" inserted="11913" running="463" waiting="94" ended="11450" arrived="11450" collisions="3" teleports="3" halting="3" stopped="0" meanWaitingTime="2.91" meanTravelTime="239.09" meanSpeed="20.64" meanSpeedRelative="0.65" duration="3"/>
    <step time="22800.00" loaded="12455" inserted="12334" running="455" waiting="121" ended="11879" arrived="11879" collisions="3" teleports="3" halting="3" stopped="0" meanWaitingTime="5.02" meanTravelTime="242.29" meanSpeed="19.62" meanSpeedRelative="0.61" duration="3"/>
    <step time="23100.00" loaded="12890" inserted="12760" running="461" waiting="130" ended="12299" arrived="12299" collisions="6" teleports="6" halting="8" stopped="0" meanWaitingTime="7.52" meanTravelTime="245.60" meanSpeed="19.11" meanSpeedRelative="0.60" duration="2"/>
    <step time="23400.00" loaded="13373" inserted="13195" running="476" waiting="178" ended="12719" arrived="12719" collisions="6" teleports="6" halting="8" stopped="0" meanWaitingTime="10.26" meanTravelTime="247.86" meanSpeed="19.82" meanSpeedRelative="0.62" duration="2"/>
    <step time="23700.00" loaded="13801" inserted="13604" running="464" waiting="197" ended="13140" arrived="13140" collisions="9" teleports="9" halting="18" stopped="0" meanWaitingTime="13.10" meanTravelTime="250.54" meanSpeed="19.31" meanSpeedRelative="0.60" duration="2"/>
    <step time="24000.00" loaded="14239" inserted="14017" running="478" waiting="222" ended="13539" arrived="13539" collisions="11" teleports="11" halting="19" stopped="0" meanWaitingTime="16.31" meanTravelTime="253.24" meanSpeed="19.50" meanSpeedRelative="0.61" duration="2"/>
    <step time="24300.00" loaded="14672" inserted="14405" running="444" waiting="267" ended="13961" arrived="13961" collisions="11" teleports="11" halting="1" stopped="0" meanWaitingTime="19.95" meanTravelTime="256.09" meanSpeed="20.79" meanSpeedRelative="0.65" duration="2"/>
    <step time="24600.00" loaded="15140" inserted="14853" running="503" waiting="287" ended="14350" arrived="14350" collisions="11" teleports="11" halting="3" stopped="0" meanWaitingTime="24.09" meanTravelTime="258.19" meanSpeed="19.51" meanSpeedRelative="0.61" duration="4"/>
    <step time="24900.00" loaded="15608" inserted="15306" running="519" waiting="302" ended="14787" arrived="14787" collisions="12" teleports="12" halting="6" stopped="0" meanWaitingTime="28.61" meanTravelTime="260.53" meanSpeed="19.18" meanSpeedRelative="0.60" duration="3"/>
    <step time="25200.00" loaded="16054" inserted="15734" running="503" waiting="320" ended="15231" arrived="15231" collisions="12" teleports="12" halting="20" stopped="0" meanWaitingTime="32.75" meanTravelTime="263.14" meanSpeed="18.08" meanSpeedRelative="0.56" duration="89"/>
    <step time="25500.00" loaded="16635" inserted="16193" running="523" waiting="442" ended="15670" arrived="15670" collisions="12" teleports="12" halting="20" stopped="0" meanWaitingTime="36.38" meanTravelTime="265.61" meanSpeed="17.86" meanSpeedRelative="0.56" duration="2"/>
    <step time="25800.00" loaded="17158" inserted="16624" running="517" waiting="534" ended="16107" arrived="16107" collisions="13" teleports="13" halting="12" stopped="0" meanWaitingTime="40.99" meanTravelTime="267.92" meanSpeed="19.08" meanSpeedRelative="0.60" duration="2"/>
    <step time="26100.00" loaded="17744" inserted="17104" running="533" waiting="640" ended="16571" arrived="16571" collisions="14" teleports="14" halting="6" stopped="0" meanWaitingTime="46.33" meanTravelTime="269.88" meanSpeed="18.95" meanSpeedRelative="0.59" duration="3"/>
    <step time="26400.00" loaded="18290" inserted="17549" running="524" waiting="741" ended="17025" arrived="17025" collisions="15" teleports="15" halting="16" stopped="0" meanWaitingTime="52.29" meanTravelTime="272.04" meanSpeed="19.05" meanSpeedRelative="0.60" duration="4"/>
    <step time="26700.00" loaded="18830" inserted="18012" running="545" waiting="818" ended="17467" arrived="17467" collisions="17" teleports="17" halting="14" stopped="0" meanWaitingTime="58.91" meanTravelTime="274.07" meanSpeed="18.51" meanSpeedRelative="0.58" duration="4"/>
    <step time="27000.00" loaded="19383" inserted="18461" running="517" waiting="922" ended="17944" arrived="17944" collisions="18" teleports="18" halting="21" stopped="0" meanWaitingTime="66.77" meanTravelTime="276.18" meanSpeed="18.65" meanSpeedRelative="0.58" duration="4"/>
    <step time="27300.00" loaded="19945" inserted="18922" running="537" waiting="1023" ended="18385" arrived="18385" collisions="18" teleports="18" halting="25" stopped="0" meanWaitingTime="74.84" meanTravelTime="277.88" meanSpeed="18.92" meanSpeedRelative="0.59" duration="3"/>
    <step time="27600.00" loaded="20503" inserted="19360" running="520" waiting="1143" ended="18840" arrived="18840" collisions="20" teleports="20" halting="4" stopped="0" meanWaitingTime="83.03" meanTravelTime="279.54" meanSpeed="18.40" meanSpeedRelative="0.58" duration="4"/>
    <step time="27900.00" loaded="21063" inserted="19806" running="517" waiting="1257" ended="19289" arrived="19289" collisions="23" teleports="23" halting="18" stopped="0" meanWaitingTime="91.99" meanTravelTime="281.03" meanSpeed="19.28" meanSpeedRelative="0.60" duration="3"/>
    <step time="28200.00" loaded="21643" inserted="20265" running="515" waiting="1378" ended="19750" arrived="19750" collisions="23" teleports="23" halting="23" stopped="0" meanWaitingTime="101.89" meanTravelTime="282.71" meanSpeed="18.33" meanSpeedRelative="0.57" duration="4"/>
    <step time="28500.00" loaded="22236" inserted="20731" running="523" waiting="1505" ended="20208" arrived="20208" collisions="26" teleports="26" halting="7" stopped="0" meanWaitingTime="111.23" meanTravelTime="283.88" meanSpeed="19.15" meanSpeedRelative="0.60" duration="4"/>
    <step time="28800.00" loaded="22798" inserted="21186" running="526" waiting="1612" ended="20660" arrived="20660" collisions="26" teleports="26" halting="17" stopped="0" meanWaitingTime="122.85" meanTravelTime="285.15" meanSpeed="18.08" meanSpeedRelative="0.57" duration="90"/>
    <step time="29100.00" loaded="23157" inserted="21601" running="479" waiting="1556" ended="21122" arrived="21122" collisions="28" teleports="28" halting="19" stopped="0" meanWaitingTime="134.29" meanTravelTime="286.67" meanSpeed="19.17" meanSpeedRelative="0.60" duration="4"/>
    <step time="29400.00" loaded="23526" inserted="22037" running="491" waiting="1489" ended="21546" arrived="21546" collisions="28" teleports="28" halting="3" stopped="0" meanWaitingTime="146.00" meanTravelTime="287.38" meanSpeed="19.39" meanSpeedRelative="0.61" duration="3"/>
    <step time="29700.00" loaded="23898" inserted="22460" running="469" waiting="1438" ended="21991" arrived="21991" collisions="29" teleports="29" halting="22" stopped="0" meanWaitingTime="159.09" meanTravelTime="288.30" meanSpeed="19.46" meanSpeedRelative="0.61" duration="5"/>
    <step time="30000.00" loaded="24259" inserted="22869" running="450" waiting="1390" ended="22419" arrived="22419" collisions="31" teleports="31" halting="5" stopped="0" meanWaitingTime="170.81" meanTravelTime="289.52" meanSpeed="19.97" meanSpeedRelative="0.62" duration="3"/>
    <step time="30300.00" loaded="24592" inserted="23264" running="445" waiting="1328" ended="22819" arrived="22819" collisions="33" teleports="33" halting="5" stopped="0" meanWaitingTime="182.37" meanTravelTime="290.22" meanSpeed="20.43" meanSpeedRelative="0.64" duration="3"/>
    <step time="30600.00" loaded="24944" inserted="23652" running="386" waiting="1292" ended="23266" arrived="23266" collisions="33" teleports="33" halting="10" stopped="0" meanWaitingTime="194.98" meanTravelTime="290.80" meanSpeed="20.57" meanSpeedRelative="0.64" duration="3"/>
    <step time="30900.00" loaded="25313" inserted="24062" running="407" waiting="1251" ended="23655" arrived="23655" collisions="33" teleports="33" halting="18" stopped="0" meanWaitingTime="207.13" meanTravelTime="290.78" meanSpeed="19.07" meanSpeedRelative="0.60" duration="3"/>
    <step time="31200.00" loaded="25665" inserted="24468" running="427" waiting="1197" ended="24041" arrived="24041" collisions="33" teleports="33" halting="19" stopped="0" meanWaitingTime="218.34" meanTravelTime="290.94" meanSpeed="19.85" meanSpeedRelative="0.62" duration="3"/>
    <step time="31500.00" loaded="25985" inserted="24850" running="411" waiting="1135" ended="24439" arrived="24439" collisions="33" teleports="33" halting="4" stopped="0" meanWaitingTime="228.94" meanTravelTime="291.38" meanSpeed="20.19" meanSpeedRelative="0.63" duration="3"/>
    <step time="31800.00" loaded="26355" inserted="25246" running="391" waiting="1109" ended="24855" arrived="24855" collisions="33" teleports="33" halting="12" stopped="0" meanWaitingTime="241.23" meanTravelTime="291.77" meanSpeed="20.10" meanSpeedRelative="0.63" duration="3"/>
    <step time="32100.00" loaded="26726" inserted="25629" running="394" waiting="1097" ended="25235" arrived="25235" collisions="33" teleports="33" halting="20" stopped="0" meanWaitingTime="250.59" meanTravelTime="291.93" meanSpeed="19.60" meanSpeedRelative="0.61" duration="3"/>
    <step time="32400.00" loaded="27070" inserted="26003" running="382" waiting="1067" ended="25621" arrived="25621" collisions="33" teleports="33" halting="5" stopped="0" meanWaitingTime="259.27" meanTravelTime="291.81" meanSpeed="20.16" meanSpeedRelative="0.63" duration="90"/>
    <step time="32700.00" loaded="27346" inserted="26335" running="340" waiting="1011" ended="25995" arrived="25995" collisions="33" teleports="33" halting="4" stopped="0" meanWaitingTime="266.82" meanTravelTime="292.25" meanSpeed="21.49" meanSpeedRelative="0.67" duration="2"/>
    <step time="33000.00" loaded="27627" inserted="26679" running="332" waiting="948" ended="26347" arrived="26347" collisions="33" teleports="33" halting="10" stopped="0" meanWaitingTime="276.35" meanTravelTime="292.22" meanSpeed="20.96" meanSpeedRelative="0.65" duration="2"/>
    <step time="33300.00" loaded="27885" inserted="27009" running="309" waiting="876" ended="26700" arrived="26700" collisions="34" teleports="34" halting="16" stopped="0" meanWaitingTime="283.48" meanTravelTime="292.13" meanSpeed="20.74" meanSpeedRelative="0.65" duration="2"/>
    <step time="33600.00" loaded="28154" inserted="27327" running="279" waiting="827" ended="27048" arrived="27048" collisions="34" teleports="34" halting="2" stopped="0" meanWaitingTime="289.89" meanTravelTime="291.92" meanSpeed="21.30" meanSpeedRelative="0.67" duration="2"/>
    <step time="33900.00" loaded="28382" inserted="27638" running="300" waiting="744" ended="27338" arrived="27338" collisions="34" teleports="34" halting="10" stopped="0" meanWaitingTime="296.84" meanTravelTime="291.54" meanSpeed="20.31" meanSpeedRelative="0.63" duration="2"/>
    <step time="34200.00" loaded="28643" inserted="27980" running="330" waiting="663" ended="27650" arrived="27650" collisions="34" teleports="34" halting="18" stopped="0" meanWaitingTime="301.62" meanTravelTime="291.63" meanSpeed="19.46" meanSpeedRelative="0.61" duration="2"/>
    <step time="34500.00" loaded="28891" inserted="28268" running="299" waiting="623" ended="27969" arrived="27969" collisions="37" teleports="37" halting="2" stopped="0" meanWaitingTime="303.03" meanTravelTime="291.73" meanSpeed="21.84" meanSpeedRelative="0.68" duration="2"/>
    <step time="34800.00" loaded="29182" inserted="28598" running="280" waiting="584" ended="28318" arrived="28318" collisions="38" teleports="38" halting="3" stopped="0" meanWaitingTime="310.95" meanTravelTime="291.70" meanSpeed="22.20" meanSpeedRelative="0.69" duration="1"/>
    <step time="35100.00" loaded="29439" inserted="28897" running="268" waiting="542" ended="28629" arrived="28629" collisions="39" teleports="39" halting="4" stopped="0" meanWaitingTime="317.91" meanTravelTime="291.51" meanSpeed="21.33" meanSpeedRelative="0.67" duration="1"/>
    <step time="35400.00" loaded="29686" inserted="29192" running="278" waiting="494" ended="28914" arrived="28914" collisions="39" teleports="39" halting="2" stopped="0" meanWaitingTime="324.15" meanTravelTime="291.31" meanSpeed="21.53" meanSpeedRelative="0.67" duration="2"/>
    <step time="35700.00" loaded="29928" inserted="29496" running="267" waiting="432" ended="29229" arrived="29229" collisions="39" teleports="39" halting="0" stopped="0" meanWaitingTime="329.70" meanTravelTime="290.89" meanSpeed="22.62" meanSpeedRelative="0.71" duration="2"/>
    <step time="36000.00" loaded="30195" inserted="29802" running="264" waiting="393" ended="29538" arrived="29538" collisions="39" teleports="39" halting="4" stopped="0" meanWaitingTime="334.35" meanTravelTime="290.75" meanSpeed="22.23" meanSpeedRelative="0.69" duration="87"/>
    <step time="36300.00" loaded="30650" inserted="30254" running="386" waiting="396" ended="29868" arrived="29868" collisions="40" teleports="40" halting="19" stopped="0" meanWaitingTime="335.48" meanTravelTime="290.30" meanSpeed="21.40" meanSpeedRelative="0.67" duration="3"/>
    <step time="36600.00" loaded="31126" inserted="30688" running="421" waiting="438" ended="30267" arrived="30267" collisions="41" teleports="41" halting="3" stopped="0" meanWaitingTime="333.55" meanTravelTime="289.92" meanSpeed="21.07" meanSpeedRelative="0.66" duration="2"/>
    <step time="36900.00" loaded="31631" inserted="31153" running="475" waiting="478" ended="30678" arrived="30678" collisions="43" teleports="43" halting="22" stopped="0" meanWaitingTime="333.17" meanTravelTime="289.97" meanSpeed="19.81" meanSpeedRelative="0.62" duration="4"/>
    <step time="37200.00" loaded="32110" inserted="31592" running="495" waiting="518" ended="31097" arrived="31097" collisions="44" teleports="44" halting="2" stopped="0" meanWaitingTime="332.19" meanTravelTime="290.22" meanSpeed="20.30" meanSpeedRelative="0.63" duration="3"/>
    <step time="37500.00" loaded="32581" inserted="32022" running="482" waiting="559" ended="31540" arrived="31540" collisions="46" teleports="46" halting="12" stopped="0" meanWaitingTime="332.35" meanTravelTime="290.82" meanSpeed="20.31" meanSpeedRelative="0.63" duration="4"/>
    <step time="37800.00" loaded="33041" inserted="32463" running="488" waiting="578" ended="31975" arrived="31975" collisions="46" teleports="46" halting="3" stopped="0" meanWaitingTime="332.22" meanTravelTime="291.78" meanSpeed="19.34" meanSpeedRelative="0.60" duration="3"/>
    <step time="38100.00" loaded="33500" inserted="32876" running="452" waiting="624" ended="32424" arrived="32424" collisions="47" teleports="47" halting="5" stopped="0" meanWaitingTime="331.53" meanTravelTime="292.37" meanSpeed="18.88" meanSpeedRelative="0.59" duration="3"/>
    <step time="38400.00" loaded="33994" inserted="33339" running="485" waiting="655" ended="32854" arrived="32854" collisions="48" teleports="48" halting="17" stopped="0" meanWaitingTime="332.31" meanTravelTime="292.80" meanSpeed="20.23" meanSpeedRelative="0.63" duration="3"/>
    <step time="38700.00" loaded="34451" inserted="33764" running="481" waiting="687" ended="33283" arrived="33283" collisions="50" teleports="50" halting="20" stopped="0" meanWaitingTime="332.77" meanTravelTime="293.09" meanSpeed="19.25" meanSpeedRelative="0.60" duration="4"/>
    <step time="39000.00" loaded="34898" inserted="34197" running="463" waiting="701" ended="33734" arrived="33734" collisions="53" teleports="53" halting="7" stopped="0" meanWaitingTime="331.78" meanTravelTime="293.56" meanSpeed="19.73" meanSpeedRelative="0.62" duration="3"/>
    <step time="39300.00" loaded="35390" inserted="34654" running="497" waiting="736" ended="34157" arrived="34157" collisions="54" teleports="54" halting="17" stopped="0" meanWaitingTime="333.72" meanTravelTime="293.87" meanSpeed="19.22" meanSpeedRelative="0.60" duration="3"/>
    <step time="39600.00" loaded="35888" inserted="35086" running="498" waiting="802" ended="34588" arrived="34588" collisions="55" teleports="55" halting="23" stopped="0" meanWaitingTime="334.29" meanTravelTime="294.28" meanSpeed="19.16" meanSpeedRelative="0.60" duration="94"/>
    <step time="39900.00" loaded="36454" inserted="35561" running="540" waiting="893" ended="35021" arrived="35021" collisions="55" teleports="55" halting="24" stopped="0" meanWaitingTime="333.12" meanTravelTime="294.77" meanSpeed="18.68" meanSpeedRelative="0.58" duration="3"/>
    <step time="40200.00" loaded="36954" inserted="35985" running="523" waiting="969" ended="35462" arrived="35462" collisions="55" teleports="55" halting="5" stopped="0" meanWaitingTime="332.90" meanTravelTime="295.38" meanSpeed="18.65" meanSpeedRelative="0.58" duration="2"/>
    <step time="40500.00" loaded="37510" inserted="36451" running="541" waiting="1059" ended="35910" arrived="35910" collisions="56" teleports="56" halting="7" stopped="0" meanWaitingTime="333.86" meanTravelTime="296.18" meanSpeed="18.07" meanSpeedRelative="0.56" duration="4"/>
    <step time="40800.00" loaded="38057" inserted="36931" running="544" waiting="1126" ended="36387" arrived="36387" collisions="56" teleports="56" halting="12" stopped="0" meanWaitingTime="336.27" meanTravelTime="296.88" meanSpeed="18.80" meanSpeedRelative="0.59" duration="3"/>
    <step time="41100.00" loaded="38608" inserted="37414" running="581" waiting="1194" ended="36833" arrived="36833" collisions="57" teleports="57" halting="14" stopped="0" meanWaitingTime="337.45" meanTravelTime="297.42" meanSpeed="18.78" meanSpeedRelative="0.59" duration="3"/>
    <step time="41400.00" loaded="39167" inserted="37883" running="591" waiting="1284" ended="37292" arrived="37292" collisions="59" teleports="59" halting="20" stopped="0" meanWaitingTime="338.51" meanTravelTime="298.28" meanSpeed="18.49" meanSpeedRelative="0.58" duration="5"/>
    <step time="41700.00" loaded="39729" inserted="38364" running="595" waiting="1365" ended="37769" arrived="37769" collisions="61" teleports="61" halting="19" stopped="0" meanWaitingTime="340.44" meanTravelTime="299.04" meanSpeed="18.06" meanSpeedRelative="0.56" duration="4"/>
    <step time="42000.00" loaded="40228" inserted="38777" running="555" waiting="1451" ended="38222" arrived="38222" collisions="62" teleports="62" halting="3" stopped="0" meanWaitingTime="341.95" meanTravelTime="299.95" meanSpeed="17.73" meanSpeedRelative="0.55" duration="4"/>
    <step time="42300.00" loaded="40773" inserted="39229" running="577" waiting="1544" ended="38652" arrived="38652" collisions="63" teleports="63" halting="20" stopped="0" meanWaitingTime="345.29" meanTravelTime="300.93" meanSpeed="17.71" meanSpeedRelative="0.55" duration="5"/>
    <step time="42600.00" loaded="41317" inserted="39692" running="596" waiting="1625" ended="39096" arrived="39096" collisions="67" teleports="67" halting="14" stopped="0" meanWaitingTime="348.72" meanTravelTime="302.07" meanSpeed="17.52" meanSpeedRelative="0.55" duration="4"/>
    <step time="42900.00" loaded="41808" inserted="40149" running="592" waiting="1659" ended="39557" arrived="39557" collisions="70" teleports="70" halting="7" stopped="0" meanWaitingTime="351.63" meanTravelTime="302.81" meanSpeed="17.51" meanSpeedRelative="0.55" duration="3"/>
    <step time="43200.00" loaded="42315" inserted="40609" running="600" waiting="1706" ended="40009" arrived="40009" collisions="70" teleports="70" halting="3" stopped="0" meanWaitingTime="355.94" meanTravelTime="303.61" meanSpeed="17.26" meanSpeedRelative="0.54" duration="99"/>
    <step time="43500.00" loaded="42875" inserted="41082" running="637" waiting="1793" ended="40445" arrived="40445" collisions="71" teleports="71" halting="4" stopped="0" meanWaitingTime="359.63" meanTravelTime="304.51" meanSpeed="17.28" meanSpeedRelative="0.54" duration="5"/>
    <step time="43800.00" loaded="43387" inserted="41526" running="605" waiting="1861" ended="40921" arrived="40921" collisions="71" teleports="71" halting="6" stopped="0" meanWaitingTime="362.57" meanTravelTime="305.73" meanSpeed="17.65" meanSpeedRelative="0.55" duration="4"/>
    <step time="44100.00" loaded="43915" inserted="41983" running="597" waiting="1932" ended="41386" arrived="41386" collisions="73" teleports="73" halting="17" stopped="0" meanWaitingTime="367.04" meanTravelTime="306.93" meanSpeed="17.67" meanSpeedRelative="0.55" duration="6"/>
    <step time="44400.00" loaded="44424" inserted="42445" running="600" waiting="1979" ended="41845" arrived="41845" collisions="74" teleports="74" halting="9" stopped="0" meanWaitingTime="371.85" meanTravelTime="307.75" meanSpeed="17.20" meanSpeedRelative="0.54" duration="5"/>
    <step time="44700.00" loaded="44955" inserted="42930" running="637" waiting="2025" ended="42293" arrived="42293" collisions="75" teleports="75" halting="7" stopped="0" meanWaitingTime="377.05" meanTravelTime="308.59" meanSpeed="16.92" meanSpeedRelative="0.53" duration="5"/>
    <step time="45000.00" loaded="45457" inserted="43384" running="612" waiting="2073" ended="42772" arrived="42772" collisions="75" teleports="75" halting="13" stopped="0" meanWaitingTime="383.16" meanTravelTime="309.38" meanSpeed="16.22" meanSpeedRelative="0.51" duration="4"/>
    <step time="45300.00" loaded="45964" inserted="43845" running="606" waiting="2119" ended="43239" arrived="43239" collisions="77" teleports="77" halting="19" stopped="0" meanWaitingTime="387.41" meanTravelTime="310.71" meanSpeed="17.06" meanSpeedRelative="0.53" duration="5"/>
    <step time="45600.00" loaded="46487" inserted="44321" running="621" waiting="2166" ended="43700" arrived="43700" collisions="80" teleports="80" halting="3" stopped="0" meanWaitingTime="392.44" meanTravelTime="311.42" meanSpeed="17.17" meanSpeedRelative="0.54" duration="6"/>
    <step time="45900.00" loaded="47022" inserted="44785" running="623" waiting="2237" ended="44162" arrived="44162" collisions="82" teleports="82" halting="18" stopped="0" meanWaitingTime="395.92" meanTravelTime="312.23" meanSpeed="16.65" meanSpeedRelative="0.52" duration="4"/>
    <step time="46200.00" loaded="47553" inserted="45239" running="625" waiting="2314" ended="44614" arrived="44614" collisions="82" teleports="82" halting="4" stopped="0" meanWaitingTime="399.30" meanTravelTime="313.28" meanSpeed="16.80" meanSpeedRelative="0.52" duration="6"/>
    <step time="46500.00" loaded="48103" inserted="45722" running="618" waiting="2381" ended="45104" arrived="45104" collisions="83" teleports="83" halting="7" stopped="0" meanWaitingTime="404.57" meanTravelTime="314.22" meanSpeed="16.59" meanSpeedRelative="0.52" duration="5"/>
    <step time="46800.00" loaded="48625" inserted="46186" running="623" waiting="2439" ended="45563" arrived="45563" collisions="83" teleports="83" halting="11" stopped="0" meanWaitingTime="409.88" meanTravelTime="314.81" meanSpeed="16.50" meanSpeedRelative="0.52" duration="96"/>
    <step time="47100.00" loaded="49173" inserted="46659" running="622" waiting="2514" ended="46037" arrived="46037" collisions="84" teleports="84" halting="22" stopped="0" meanWaitingTime="414.45" meanTravelTime="315.78" meanSpeed="17.25" meanSpeedRelative="0.54" duration="6"/>
    <step time="47400.00" loaded="49681" inserted="47122" running="616" waiting="2559" ended="46506" arrived="46506" collisions="85" teleports="85" halting="8" stopped="0" meanWaitingTime="420.63" meanTravelTime="316.81" meanSpeed="17.60" meanSpeedRelative="0.55" duration="4"/>
    <step time="47700.00" loaded="50194" inserted="47607" running="633" waiting="2587" ended="46974" arrived="46974" collisions="87" teleports="87" halting="8" stopped="0" meanWaitingTime="426.53" meanTravelTime="317.54" meanSpeed="17.10" meanSpeedRelative="0.53" duration="4"/>
    <step time="48000.00" loaded="50714" inserted="48070" running="630" waiting="2644" ended="47440" arrived="47440" collisions="88" teleports="88" halting="18" stopped="0" meanWaitingTime="432.90" meanTravelTime="318.30" meanSpeed="17.19" meanSpeedRelative="0.54" duration="6"/>
    <step time="48300.00" loaded="51201" inserted="48521" running="608" waiting="2680" ended="47913" arrived="47913" collisions="88" teleports="88" halting="5" stopped="0" meanWaitingTime="438.80" meanTravelTime="319.11" meanSpeed="17.26" meanSpeedRelative="0.54" duration="6"/>
    <step time="48600.00" loaded="51752" inserted="49028" running="662" waiting="2724" ended="48366" arrived="48366" collisions="88" teleports="88" halting="6" stopped="0" meanWaitingTime="443.32" meanTravelTime="319.90" meanSpeed="16.66" meanSpeedRelative="0.52" duration="5"/>
    <step time="48900.00" loaded="52267" inserted="49508" running="663" waiting="2759" ended="48845" arrived="48845" collisions="89" teleports="89" halting="11" stopped="0" meanWaitingTime="449.75" meanTravelTime="320.74" meanSpeed="16.82" meanSpeedRelative="0.53" duration="5"/>
    <step time="49200.00" loaded="52801" inserted="49985" running="636" waiting="2816" ended="49349" arrived="49349" collisions="89" teleports="89" halting="19" stopped="0" meanWaitingTime="454.86" meanTravelTime="321.67" meanSpeed="16.50" meanSpeedRelative="0.52" duration="4"/>
    <step time="49500.00" loaded="53302" inserted="50437" running="662" waiting="2865" ended="49775" arrived="49775" collisions="89" teleports="89" halting="9" stopped="0" meanWaitingTime="458.91" meanTravelTime="322.56" meanSpeed="16.39" meanSpeedRelative="0.51" duration="5"/>
    <step time="49800.00" loaded="53816" inserted="50899" running="671" waiting="2917" ended="50228" arrived="50228" collisions="90" teleports="90" halting="19" stopped="0" meanWaitingTime="465.52" meanTravelTime="323.51" meanSpeed="16.65" meanSpeedRelative="0.52" duration="6"/>
    <step time="50100.00" loaded="54388" inserted="51365" running="663" waiting="3023" ended="50702" arrived="50702" collisions="93" teleports="93" halting="16" stopped="0" meanWaitingTime="471.61" meanTravelTime="324.35" meanSpeed="16.64" meanSpeedRelative="0.52" duration="5"/>
    <step time="50400.00" loaded="54947" inserted="51837" running="674" waiting="3110" ended="51163" arrived="51163" collisions="94" teleports="94" halting="4" stopped="0" meanWaitingTime="476.09" meanTravelTime="325.25" meanSpeed="16.58" meanSpeedRelative="0.52" duration="96"/>
    <step time="50700.00" loaded="55610" inserted="52325" running="680" waiting="3285" ended="51645" arrived="51645" collisions="96" teleports="96" halting="5" stopped="0" meanWaitingTime="481.02" meanTravelTime="326.32" meanSpeed="17.15" meanSpeedRelative="0.54" duration="5"/>
    <step time="51000.00" loaded="56365" inserted="52879" running="729" waiting="3486" ended="52150" arrived="52150" collisions="98" teleports="98" halting="15" stopped="0" meanWaitingTime="487.59" meanTravelTime="327.23" meanSpeed="15.90" meanSpeedRelative="0.50" duration="5"/>
    <step time="51300.00" loaded="57110" inserted="53403" running="759" waiting="3707" ended="52644" arrived="52644" collisions="98" teleports="98" halting="21" stopped="0" meanWaitingTime="493.99" meanTravelTime="327.97" meanSpeed="15.49" meanSpeedRelative="0.48" duration="15"/>
    <step time="51600.00" loaded="57861" inserted="53936" running="796" waiting="3925" ended="53140" arrived="53140" collisions="103" teleports="103" halting="22" stopped="0" meanWaitingTime="500.76" meanTravelTime="328.89" meanSpeed="14.97" meanSpeedRelative="0.47" duration="6"/>
    <step time="51900.00" loaded="58575" inserted="54448" running="785" waiting="4127" ended="53663" arrived="53663" collisions="103" teleports="103" halting="21" stopped="0" meanWaitingTime="505.87" meanTravelTime="330.03" meanSpeed="15.30" meanSpeedRelative="0.48" duration="6"/>
    <step time="52200.00" loaded="59317" inserted="55003" running="826" waiting="4314" ended="54177" arrived="54177" collisions="107" teleports="107" halting="18" stopped="0" meanWaitingTime="513.60" meanTravelTime="331.43" meanSpeed="14.77" meanSpeedRelative="0.46" duration="7"/>
    <step time="52500.00" loaded="60055" inserted="55561" running="907" waiting="4494" ended="54654" arrived="54654" collisions="107" teleports="107" halting="23" stopped="0" meanWaitingTime="521.80" meanTravelTime="332.59" meanSpeed="13.03" meanSpeedRelative="0.41" duration="8"/>
    <step time="52800.00" loaded="60784" inserted="56075" running="900" waiting="4709" ended="55175" arrived="55175" collisions="109" teleports="109" halting="18" stopped="0" meanWaitingTime="526.18" meanTravelTime="333.86" meanSpeed="13.56" meanSpeedRelative="0.42" duration="8"/>
    <step time="53100.00" loaded="61528" inserted="56600" running="901" waiting="4928" ended="55699" arrived="55699" collisions="110" teleports="110" halting="23" stopped="0" meanWaitingTime="534.48" meanTravelTime="335.50" meanSpeed="13.40" meanSpeedRelative="0.42" duration="7"/>
    <step time="53400.00" loaded="62294" inserted="57125" running="896" waiting="5169" ended="56229" arrived="56229" collisions="112" teleports="112" halting="9" stopped="0" meanWaitingTime="544.19" meanTravelTime="336.97" meanSpeed="13.71" meanSpeedRelative="0.43" duration="8"/>
    <step time="53700.00" loaded="62993" inserted="57662" running="926" waiting="5331" ended="56736" arrived="56736" collisions="113" teleports="113" halting="28" stopped="0" meanWaitingTime="553.73" meanTravelTime="338.59" meanSpeed="12.96" meanSpeedRelative="0.41" duration="8"/>
    <step time="54000.00" loaded="63683" inserted="58180" running="933" waiting="5503" ended="57247" arrived="57247" collisions="115" teleports="115" halting="7" stopped="0" meanWaitingTime="563.29" meanTravelTime="340.24" meanSpeed="12.54" meanSpeedRelative="0.39" duration="93"/>
    <step time="54300.00" loaded="64160" inserted="58623" running="861" waiting="5537" ended="57762" arrived="57762" collisions="118" teleports="118" halting="2" stopped="0" meanWaitingTime="572.22" meanTravelTime="342.17" meanSpeed="13.00" meanSpeedRelative="0.41" duration="7"/>
    <step time="54600.00" loaded="64603" inserted="59074" running="817" waiting="5529" ended="58257" arrived="58257" collisions="118" teleports="118" halting="32" stopped="0" meanWaitingTime="585.72" meanTravelTime="343.71" meanSpeed="12.58" meanSpeedRelative="0.39" duration="9"/>
    <step time="54900.00" loaded="65081" inserted="59538" running="820" waiting="5543" ended="58718" arrived="58718" collisions="118" teleports="118" halting="7" stopped="0" meanWaitingTime="599.03" meanTravelTime="345.05" meanSpeed="13.57" meanSpeedRelative="0.42" duration="5"/>
    <step time="55200.00" loaded="65550" inserted="60020" running="806" waiting="5530" ended="59214" arrived="59214" collisions="120" teleports="120" halting="27" stopped="0" meanWaitingTime="612.23" meanTravelTime="346.79" meanSpeed="13.81" meanSpeedRelative="0.43" duration="8"/>
    <step time="55500.00" loaded="66006" inserted="60487" running="812" waiting="5519" ended="59675" arrived="59675" collisions="121" teleports="121" halting="49" stopped="0" meanWaitingTime="623.75" meanTravelTime="348.17" meanSpeed="13.68" meanSpeedRelative="0.43" duration="8"/>
    <step time="55800.00" loaded="66467" inserted="60946" running="794" waiting="5521" ended="60152" arrived="60152" collisions="124" teleports="124" halting="33" stopped="0" meanWaitingTime="636.71" meanTravelTime="349.40" meanSpeed="14.19" meanSpeedRelative="0.44" duration="8"/>
    <step time="56100.00" loaded="66922" inserted="61376" running="763" waiting="5546" ended="60613" arrived="60613" collisions="124" teleports="124" halting="9" stopped="0" meanWaitingTime="649.07" meanTravelTime="350.71" meanSpeed="14.26" meanSpeedRelative="0.45" duration="7"/>
    <step time="56400.00" loaded="67401" inserted="61849" running="714" waiting="5552" ended="61135" arrived="61135" collisions="125" teleports="125" halting="21" stopped="0" meanWaitingTime="663.02" meanTravelTime="351.86" meanSpeed="13.77" meanSpeedRelative="0.43" duration="5"/>
    <step time="56700.00" loaded="67821" inserted="62291" running="693" waiting="5530" ended="61598" arrived="61598" collisions="127" teleports="127" halting="2" stopped="0" meanWaitingTime="675.63" meanTravelTime="352.50" meanSpeed="14.42" meanSpeedRelative="0.45" duration="4"/>
    <step time="57000.00" loaded="68253" inserted="62780" running="724" waiting="5473" ended="62056" arrived="62056" collisions="128" teleports="128" halting="8" stopped="0" meanWaitingTime="691.71" meanTravelTime="353.44" meanSpeed="14.70" meanSpeedRelative="0.46" duration="7"/>
    <step time="57300.00" loaded="68718" inserted="63249" running="702" waiting="5469" ended="62547" arrived="62547" collisions="128" teleports="128" halting="7" stopped="0" meanWaitingTime="704.27" meanTravelTime="354.34" meanSpeed="14.67" meanSpeedRelative="0.46" duration="8"/>
    <step time="57600.00" loaded="69172" inserted="63710" running="694" waiting="5462" ended="63016" arrived="63016" collisions="129" teleports="129" halting="4" stopped="0" meanWaitingTime="719.08" meanTravelTime="355.10" meanSpeed="15.51" meanSpeedRelative="0.48" duration="88"/>
    <step time="57900.00" loaded="69727" inserted="64209" running="738" waiting="5518" ended="63471" arrived="63471" collisions="130" teleports="130" halting="22" stopped="0" meanWaitingTime="734.60" meanTravelTime="355.64" meanSpeed="14.46" meanSpeedRelative="0.45" duration="6"/>
    <step time="58200.00" loaded="70251" inserted="64675" running="731" waiting="5576" ended="63944" arrived="63944" collisions="130" teleports="130" halting="9" stopped="0" meanWaitingTime="747.55" meanTravelTime="356.61" meanSpeed="14.79" meanSpeedRelative="0.46" duration="5"/>
    <step time="58500.00" loaded="70815" inserted="65164" running="761" waiting="5651" ended="64403" arrived="64403" collisions="130" teleports="130" halting="28" stopped="0" meanWaitingTime="759.09" meanTravelTime="357.42" meanSpeed="14.38" meanSpeedRelative="0.45" duration="9"/>
    <step time="58800.00" loaded="71391" inserted="65667" running="794" waiting="5724" ended="64873" arrived="64873" collisions="132" teleports="132" halting="32" stopped="0" meanWaitingTime="772.70" meanTravelTime="358.15" meanSpeed="15.14" meanSpeedRelative="0.47" duration="7"/>
    <step time="59100.00" loaded="71949" inserted="66137" running="811" waiting="5812" ended="65326" arrived="65326" collisions="134" teleports="134" halting="31" stopped="0" meanWaitingTime="786.39" meanTravelTime="359.08" meanSpeed="14.17" meanSpeedRelative="0.44" duration="8"/>
    <step time="59400.00" loaded="72508" inserted="66622" running="801" waiting="5886" ended="65821" arrived="65821" collisions="136" teleports="136" halting="5" stopped="0" meanWaitingTime="801.20" meanTravelTime="359.98" meanSpeed="14.43" meanSpeedRelative="0.45" duration="8"/>
    <step time="59700.00" loaded="73089" inserted="67119" running="793" waiting="5970" ended="66326" arrived="66326" collisions="140" teleports="140" halting="10" stopped="0" meanWaitingTime="814.57" meanTravelTime="361.06" meanSpeed="14.10" meanSpeedRelative="0.44" duration="9"/>
    <step time="60000.00" loaded="73652" inserted="67605" running="763" waiting="6047" ended="66842" arrived="66842" collisions="140" teleports="140" halting="19" stopped="0" meanWaitingTime="825.56" meanTravelTime="362.01" meanSpeed="14.78" meanSpeedRelative="0.46" duration="7"/>
    <step time="60300.00" loaded="74200" inserted="68100" running="772" waiting="6100" ended="67328" arrived="67328" collisions="141" teleports="141" halting="14" stopped="0" meanWaitingTime="838.52" meanTravelTime="362.88" meanSpeed="15.64" meanSpeedRelative="0.49" duration="6"/>
    <step time="60600.00" loaded="74762" inserted="68596" running="768" waiting="6166" ended="67828" arrived="67828" collisions="142" teleports="142" halting="19" stopped="0" meanWaitingTime="851.29" meanTravelTime="363.66" meanSpeed="15.66" meanSpeedRelative="0.49" duration="9"/>
    <step time="60900.00" loaded="75286" inserted="69105" running="787" waiting="6181" ended="68318" arrived="68318" collisions="143" teleports="143" halting="14" stopped="0" meanWaitingTime="863.78" meanTravelTime="364.46" meanSpeed="14.92" meanSpeedRelative="0.47" duration="9"/>
    <step time="61200.00" loaded="75875" inserted="69604" running="806" waiting="6271" ended="68798" arrived="68798" collisions="144" teleports="144" halting="28" stopped="0" meanWaitingTime="876.37" meanTravelTime="365.23" meanSpeed="14.70" meanSpeedRelative="0.46" duration="83"/>
    <step time="61500.00" loaded="75941" inserted="69958" running="692" waiting="5983" ended="69266" arrived="69266" collisions="146" teleports="146" halting="34" stopped="0" meanWaitingTime="891.77" meanTravelTime="366.17" meanSpeed="13.72" meanSpeedRelative="0.43" duration="7"/>
    <step time="61800.00" loaded="76014" inserted="70300" running="611" waiting="5714" ended="69689" arrived="69689" collisions="149" teleports="149" halting="8" stopped="0" meanWaitingTime="910.30" meanTravelTime="366.87" meanSpeed="15.06" meanSpeedRelative="0.47" duration="5"/>
    <step time="62100.00" loaded="76087" inserted="70650" running="567" waiting="5437" ended="70083" arrived="70083" collisions="149" teleports="149" halting="1" stopped="0" meanWaitingTime="926.96" meanTravelTime="367.70" meanSpeed="17.17" meanSpeedRelative="0.54" duration="7"/>
    <step time="62400.00" loaded="76171" inserted="71026" running="547" waiting="5145" ended="70479" arrived="70479" collisions="150" teleports="150" halting="18" stopped="0" meanWaitingTime="947.05" meanTravelTime="368.64" meanSpeed="16.42" meanSpeedRelative="0.51" duration="5"/>
    <step time="62700.00" loaded="76244" inserted="71368" running="514" waiting="4876" ended="70854" arrived="70854" collisions="151" teleports="151" halting="4" stopped="0" meanWaitingTime="962.72" meanTravelTime="369.19" meanSpeed="16.61" meanSpeedRelative="0.52" duration="4"/>
    <step time="63000.00" loaded="76311" inserted="71655" running="409" waiting="4656" ended="71246" arrived="71246" collisions="153" teleports="153" halting="1" stopped="0" meanWaitingTime="978.84" meanTravelTime="369.54" meanSpeed="17.50" meanSpeedRelative="0.55" duration="3"/>
    <step time="63300.00" loaded="76381" inserted="71963" running="372" waiting="4418" ended="71591" arrived="71591" collisions="156" teleports="156" halting="6" stopped="0" meanWaitingTime="996.62" meanTravelTime="369.86" meanSpeed="18.05" meanSpeedRelative="0.56" duration="3"/>
    <step time="63600.00" loaded="76455" inserted="72272" running="336" waiting="4183" ended="71936" arrived="71936" collisions="156" teleports="156" halting="3" stopped="0" meanWaitingTime="1015.21" meanTravelTime="369.86" meanSpeed="18.94" meanSpeedRelative="0.59" duration="4"/>
    <step time="63900.00" loaded="76515" inserted="72576" running="318" waiting="3939" ended="72258" arrived="72258" collisions="156" teleports="156" halting="3" stopped="0" meanWaitingTime="1032.53" meanTravelTime="369.81" meanSpeed="19.99" meanSpeedRelative="0.62" duration="3"/>
    <step time="64200.00" loaded="76592" inserted="72890" running="305" waiting="3702" ended="72585" arrived="72585" collisions="156" teleports="156" halting="3" stopped="0" meanWaitingTime="1051.27" meanTravelTime="369.56" meanSpeed="21.13" meanSpeedRelative="0.66" duration="3"/>
    <step time="64500.00" loaded="76653" inserted="73205" running="307" waiting="3448" ended="72898" arrived="72898" collisions="156" teleports="156" halting="19" stopped="0" meanWaitingTime="1067.98" meanTravelTime="369.22" meanSpeed="20.53" meanSpeedRelative="0.64" duration="4"/>
    <step time="64800.00" loaded="76747" inserted="73516" running="296" waiting="3231" ended="73220" arrived="73220" collisions="156" teleports="156" halting="6" stopped="0" meanWaitingTime="1082.89" meanTravelTime="368.90" meanSpeed="20.17" meanSpeedRelative="0.63" duration="94"/>
    <step time="65100.00" loaded="76788" inserted="73750" running="237" waiting="3038" ended="73513" arrived="73513" collisions="156" teleports="156" halting="4" stopped="0" meanWaitingTime="1099.53" meanTravelTime="368.71" meanSpeed="21.06" meanSpeedRelative="0.66" duration="2"/>
    <step time="65400.00" loaded="76863" inserted="73964" running="207" waiting="2899" ended="73757" arrived="73757" collisions="156" teleports="156" halting="0" stopped="0" meanWaitingTime="1116.21" meanTravelTime="368.47" meanSpeed="23.11" meanSpeedRelative="0.72" duration="1"/>
    <step time="65700.00" loaded="76923" inserted="74176" running="193" waiting="2747" ended="73983" arrived="73983" collisions="157" teleports="157" halting="2" stopped="0" meanWaitingTime="1132.90" meanTravelTime="368.23" meanSpeed="22.50" meanSpeedRelative="0.70" duration="2"/>
    <step time="66000.00" loaded="76968" inserted="74377" running="198" waiting="2591" ended="74179" arrived="74179" collisions="158" teleports="158" halting="1" stopped="0" meanWaitingTime="1150.17" meanTravelTime="367.97" meanSpeed="22.33" meanSpeedRelative="0.70" duration="2"/>
    <step time="66300.00" loaded="77016" inserted="74572" running="188" waiting="2444" ended="74384" arrived="74384" collisions="158" teleports="158" halting="1" stopped="0" meanWaitingTime="1165.75" meanTravelTime="367.78" meanSpeed="21.78" meanSpeedRelative="0.68" duration="1"/>
    <step time="66600.00" loaded="77069" inserted="74777" running="191" waiting="2292" ended="74586" arrived="74586" collisions="158" teleports="158" halting="3" stopped="0" meanWaitingTime="1178.93" meanTravelTime="367.59" meanSpeed="21.72" meanSpeedRelative="0.68" duration="2"/>
    <step time="66900.00" loaded="77122" inserted="74933" running="142" waiting="2189" ended="74791" arrived="74791" collisions="158" teleports="158" halting="1" stopped="0" meanWaitingTime="1191.41" meanTravelTime="367.34" meanSpeed="22.26" meanSpeedRelative="0.70" duration="1"/>
    <step time="67200.00" loaded="77163" inserted="75071" running="112" waiting="2092" ended="74959" arrived="74959" collisions="158" teleports="158" halting="0" stopped="0" meanWaitingTime="1204.13" meanTravelTime="367.06" meanSpeed="22.19" meanSpeedRelative="0.69" duration="1"/>
    <step time="67500.00" loaded="77216" inserted="75215" running="122" waiting="2001" ended="75093" arrived="75093" collisions="158" teleports="158" halting="3" stopped="0" meanWaitingTime="1216.49" meanTravelTime="366.85" meanSpeed="22.63" meanSpeedRelative="0.71" duration="1"/>
    <step time="67800.00" loaded="77265" inserted="75360" running="115" waiting="1905" ended="75245" arrived="75245" collisions="158" teleports="158" halting="2" stopped="0" meanWaitingTime="1226.53" meanTravelTime="366.69" meanSpeed="21.90" meanSpeedRelative="0.68" duration="1"/>
    <step time="68100.00" loaded="77318" inserted="75466" running="85" waiting="1852" ended="75381" arrived="75381" collisions="158" teleports="158" halting="2" stopped="0" meanWaitingTime="1234.87" meanTravelTime="366.48" meanSpeed="23.72" meanSpeedRelative="0.74" duration="1"/>
    <step time="68400.00" loaded="77363" inserted="75544" running="90" waiting="1819" ended="75454" arrived="75454" collisions="158" teleports="158" halting="2" stopped="0" meanWaitingTime="1243.25" meanTravelTime="366.45" meanSpeed="23.24" meanSpeedRelative="0.73" duration="92"/>
    <step time="68700.00" loaded="77519" inserted="75727" running="151" waiting="1792" ended="75576" arrived="75576" collisions="158" teleports="158" halting="2" stopped="0" meanWaitingTime="1250.36" meanTravelTime="366.28" meanSpeed="23.44" meanSpeedRelative="0.73" duration="1"/>
    <step time="69000.00" loaded="77678" inserted="75912" running="182" waiting="1766" ended="75730" arrived="75730" collisions="158" teleports="158" halting="2" stopped="0" meanWaitingTime="1255.88" meanTravelTime="366.10" meanSpeed="23.08" meanSpeedRelative="0.72" duration="2"/>
    <step time="69300.00" loaded="77821" inserted="76079" running="180" waiting="1742" ended="75899" arrived="75899" collisions="159" teleports="159" halting="0" stopped="0" meanWaitingTime="1262.41" meanTravelTime="365.90" meanSpeed="23.74" meanSpeedRelative="0.74" duration="2"/>
    <step time="69600.00" loaded="77954" inserted="76244" running="181" waiting="1710" ended="76063" arrived="76063" collisions="159" teleports="159" halting="2" stopped="0" meanWaitingTime="1270.18" meanTravelTime="365.77" meanSpeed="23.50" meanSpeedRelative="0.73" duration="3"/>
    <step time="69900.00" loaded="78112" inserted="76421" running="178" waiting="1691" ended="76243" arrived="76243" collisions="160" teleports="160" halting="1" stopped="0" meanWaitingTime="1275.98" meanTravelTime="365.66" meanSpeed="24.10" meanSpeedRelative="0.75" duration="1"/>
    <step time="70200.00" loaded="78259" inserted="76593" running="168" waiting="1666" ended="76425" arrived="76425" collisions="161" teleports="161" halting="0" stopped="0" meanWaitingTime="1282.15" meanTravelTime="365.54" meanSpeed="24.45" meanSpeedRelative="0.76" duration="2"/>
    <step time="70500.00" loaded="78396" inserted="76759" running="164" waiting="1637" ended="76595" arrived="76595" collisions="162" teleports="162" halting="3" stopped="0" meanWaitingTime="1289.45" meanTravelTime="365.32" meanSpeed="23.86" meanSpeedRelative="0.75" duration="1"/>
    <step time="70800.00" loaded="78555" inserted="76945" running="173" waiting="1610" ended="76772" arrived="76772" collisions="162" teleports="162" halting="1" stopped="0" meanWaitingTime="1295.16" meanTravelTime="365.12" meanSpeed="24.32" meanSpeedRelative="0.76" duration="1"/>
    <step time="71100.00" loaded="78702" inserted="77122" running="178" waiting="1580" ended="76944" arrived="76944" collisions="162" teleports="162" halting="1" stopped="0" meanWaitingTime="1302.32" meanTravelTime="364.94" meanSpeed="23.90" meanSpeedRelative="0.75" duration="1"/>
    <step time="71400.00" loaded="78858" inserted="77303" running="181" waiting="1555" ended="77122" arrived="77122" collisions="162" teleports="162" halting="1" stopped="0" meanWaitingTime="1308.66" meanTravelTime="364.81" meanSpeed="24.16" meanSpeedRelative="0.75" duration="2"/>
    <step time="71700.00" loaded="79020" inserted="77492" running="174" waiting="1528" ended="77318" arrived="77318" collisions="162" teleports="162" halting="0" stopped="0" meanWaitingTime="1315.13" meanTravelTime="364.56" meanSpeed="23.54" meanSpeedRelative="0.74" duration="1"/>
    <step time="72000.00" loaded="79167" inserted="77663" running="151" waiting="1504" ended="77512" arrived="77512" collisions="162" teleports="162" halting="3" stopped="0" meanWaitingTime="1322.43" meanTravelTime="364.39" meanSpeed="23.25" meanSpeedRelative="0.73" duration="84"/>
    <step time="72300.00" loaded="79308" inserted="77829" running="171" waiting="1479" ended="77658" arrived="77658" collisions="163" teleports="163" halting="4" stopped="0" meanWaitingTime="1329.05" meanTravelTime="364.28" meanSpeed="23.55" meanSpeedRelative="0.74" duration="1"/>
    <step time="72600.00" loaded="79433" inserted="77985" running="161" waiting="1448" ended="77824" arrived="77824" collisions="163" teleports="163" halting="0" stopped="0" meanWaitingTime="1336.64" meanTravelTime="364.11" meanSpeed="23.61" meanSpeedRelative="0.74" duration="2"/>
    <step time="72900.00" loaded="79586" inserted="78162" running="164" waiting="1424" ended="77998" arrived="77998" collisions="163" teleports="163" halting="1" stopped="0" meanWaitingTime="1343.60" meanTravelTime="364.00" meanSpeed="24.19" meanSpeedRelative="0.76" duration="2"/>
    <step time="73200.00" loaded="79731" inserted="78334" running="159" waiting="1397" ended="78175" arrived="78175" collisions="164" teleports="164" halting="1" stopped="0" meanWaitingTime="1350.18" meanTravelTime="363.86" meanSpeed="23.66" meanSpeedRelative="0.74" duration="2"/>
    <step time="73500.00" loaded="79879" inserted="78510" running="166" waiting="1369" ended="78344" arrived="78344" collisions="165" teleports="165" halting="1" stopped="0" meanWaitingTime="1356.71" meanTravelTime="363.66" meanSpeed="24.35" meanSpeedRelative="0.76" duration="1"/>
    <step time="73800.00" loaded="80025" inserted="78678" running="170" waiting="1347" ended="78508" arrived="78508" collisions="165" teleports="165" halting="2" stopped="0" meanWaitingTime="1363.15" meanTravelTime="363.51" meanSpeed="23.54" meanSpeedRelative="0.74" duration="1"/>
    <step time="74100.00" loaded="80160" inserted="78845" running="161" waiting="1315" ended="78684" arrived="78684" collisions="165" teleports="165" halting="0" stopped="0" meanWaitingTime="1370.65" meanTravelTime="363.34" meanSpeed="22.88" meanSpeedRelative="0.72" duration="1"/>
    <step time="74400.00" loaded="80317" inserted="79027" running="171" waiting="1290" ended="78856" arrived="78856" collisions="165" teleports="165" halting="4" stopped="0" meanWaitingTime="1377.40" meanTravelTime="363.16" meanSpeed="21.97" meanSpeedRelative="0.69" duration="1"/>
    <step time="74700.00" loaded="80441" inserted="79178" running="156" waiting="1263" ended="79022" arrived="79022" collisions="165" teleports="165" halting="1" stopped="0" meanWaitingTime="1384.71" meanTravelTime="363.04" meanSpeed="24.08" meanSpeedRelative="0.75" duration="1"/>
    <step time="75000.00" loaded="80572" inserted="79339" running="145" waiting="1233" ended="79194" arrived="79194" collisions="165" teleports="165" halting="3" stopped="0" meanWaitingTime="1391.86" meanTravelTime="362.84" meanSpeed="23.32" meanSpeedRelative="0.73" duration="1"/>
    <step time="75300.00" loaded="80705" inserted="79489" running="147" waiting="1216" ended="79342" arrived="79342" collisions="165" teleports="165" halting="1" stopped="0" meanWaitingTime="1398.90" meanTravelTime="362.75" meanSpeed="23.68" meanSpeedRelative="0.74" duration="1"/>
    <step time="75600.00" loaded="80841" inserted="79655" running="160" waiting="1186" ended="79495" arrived="79495" collisions="165" teleports="165" halting="0" stopped="0" meanWaitingTime="1406.40" meanTravelTime="362.59" meanSpeed="24.15" meanSpeedRelative="0.75" duration="84"/>
    <step time="75900.00" loaded="81035" inserted="79872" running="209" waiting="1163" ended="79663" arrived="79663" collisions="166" teleports="166" halting="2" stopped="0" meanWaitingTime="1412.39" meanTravelTime="362.35" meanSpeed="23.74" meanSpeedRelative="0.74" duration="2"/>
    <step time="76200.00" loaded="81208" inserted="80067" running="188" waiting="1141" ended="79879" arrived="79879" collisions="166" teleports="166" halting="4" stopped="0" meanWaitingTime="1418.47" meanTravelTime="362.19" meanSpeed="23.74" meanSpeedRelative="0.74" duration="2"/>
    <step time="76500.00" loaded="81404" inserted="80284" running="199" waiting="1120" ended="80085" arrived="80085" collisions="166" teleports="166" halting="2" stopped="0" meanWaitingTime="1424.64" meanTravelTime="361.97" meanSpeed="23.89" meanSpeedRelative="0.75" duration="2"/>
    <step time="76800.00" loaded="81586" inserted="80482" running="206" waiting="1104" ended="80276" arrived="80276" collisions="166" teleports="166" halting="2" stopped="0" meanWaitingTime="1430.36" meanTravelTime="361.79" meanSpeed="22.92" meanSpeedRelative="0.72" duration="1"/>
    <step time="77100.00" loaded="81797" inserted="80713" running="210" waiting="1084" ended="80503" arrived="80503" collisions="166" teleports="166" halting="4" stopped="0" meanWaitingTime="1436.51" meanTravelTime="361.61" meanSpeed="24.01" meanSpeedRelative="0.75" duration="1"/>
    <step time="77400.00" loaded="81995" inserted="80930" running="200" waiting="1065" ended="80730" arrived="80730" collisions="167" teleports="167" halting="2" stopped="0" meanWaitingTime="1442.07" meanTravelTime="361.34" meanSpeed="23.71" meanSpeedRelative="0.74" duration="2"/>
    <step time="77700.00" loaded="82177" inserted="81132" running="190" waiting="1045" ended="80942" arrived="80942" collisions="167" teleports="167" halting="2" stopped="0" meanWaitingTime="1447.86" meanTravelTime="361.11" meanSpeed="23.97" meanSpeedRelative="0.75" duration="2"/>
    <step time="78000.00" loaded="82399" inserted="81373" running="215" waiting="1026" ended="81158" arrived="81158" collisions="167" teleports="167" halting="0" stopped="0" meanWaitingTime="1452.92" meanTravelTime="360.91" meanSpeed="24.56" meanSpeedRelative="0.77" duration="1"/>
    <step time="78300.00" loaded="82605" inserted="81597" running="218" waiting="1008" ended="81379" arrived="81379" collisions="167" teleports="167" halting="2" stopped="0" meanWaitingTime="1458.48" meanTravelTime="360.65" meanSpeed="23.84" meanSpeedRelative="0.75" duration="2"/>
    <step time="78600.00" loaded="82819" inserted="81820" running="219" waiting="999" ended="81601" arrived="81601" collisions="167" teleports="167" halting="1" stopped="0" meanWaitingTime="1464.28" meanTravelTime="360.49" meanSpeed="24.18" meanSpeedRelative="0.76" duration="2"/>
    <step time="78900.00" loaded="82995" inserted="82013" running="210" waiting="982" ended="81803" arrived="81803" collisions="167" teleports="167" halting="1" stopped="0" meanWaitingTime="1470.09" meanTravelTime="360.35" meanSpeed="24.15" meanSpeedRelative="0.75" duration="1"/>
    <step time="79200.00" loaded="83180" inserted="82228" running="221" waiting="952" ended="82007" arrived="82007" collisions="167" teleports="167" halting="4" stopped="0" meanWaitingTime="1475.75" meanTravelTime="360.17" meanSpeed="23.25" meanSpeedRelative="0.73" duration="82"/>
    <step time="79500.00" loaded="83350" inserted="82421" running="185" waiting="929" ended="82236" arrived="82236" collisions="167" teleports="167" halting="0" stopped="0" meanWaitingTime="1481.77" meanTravelTime="360.10" meanSpeed="23.31" meanSpeedRelative="0.73" duration="1"/>
    <step time="79800.00" loaded="83529" inserted="82624" running="185" waiting="905" ended="82439" arrived="82439" collisions="167" teleports="167" halting="0" stopped="0" meanWaitingTime="1488.08" meanTravelTime="359.90" meanSpeed="24.27" meanSpeedRelative="0.76" duration="1"/>
    <step time="80100.00" loaded="83706" inserted="82827" running="192" waiting="879" ended="82635" arrived="82635" collisions="167" teleports="167" halting="2" stopped="0" meanWaitingTime="1494.11" meanTravelTime="359.71" meanSpeed="24.44" meanSpeedRelative="0.76" duration="1"/>
    <step time="80400.00" loaded="83884" inserted="83032" running="202" waiting="852" ended="82830" arrived="82830" collisions="167" teleports="167" halting="3" stopped="0" meanWaitingTime="1499.86" meanTravelTime="359.54" meanSpeed="23.37" meanSpeedRelative="0.73" duration="1"/>
    <step time="80700.00" loaded="84064" inserted="83240" running="210" waiting="824" ended="83030" arrived="83030" collisions="167" teleports="167" halting="2" stopped="0" meanWaitingTime="1505.77" meanTravelTime="359.37" meanSpeed="22.93" meanSpeedRelative="0.72" duration="2"/>
    <step time="81000.00" loaded="84245" inserted="83447" running="206" waiting="798" ended="83241" arrived="83241" collisions="167" teleports="167" halting="4" stopped="0" meanWaitingTime="1511.41" meanTravelTime="359.26" meanSpeed="23.38" meanSpeedRelative="0.73" duration="2"/>
    <step time="81300.00" loaded="84416" inserted="83642" running="187" waiting="774" ended="83455" arrived="83455" collisions="169" teleports="169" halting="0" stopped="0" meanWaitingTime="1517.25" meanTravelTime="359.16" meanSpeed="23.96" meanSpeedRelative="0.75" duration="1"/>
    <step time="81600.00" loaded="84566" inserted="83814" running="179" waiting="752" ended="83635" arrived="83635" collisions="169" teleports="169" halting="0" stopped="0" meanWaitingTime="1523.48" meanTravelTime="359.02" meanSpeed="23.60" meanSpeedRelative="0.74" duration="1"/>
    <step time="81900.00" loaded="84723" inserted="84003" running="184" waiting="720" ended="83819" arrived="83819" collisions="169" teleports="169" halting="2" stopped="0" meanWaitingTime="1530.03" meanTravelTime="358.94" meanSpeed="23.98" meanSpeedRelative="0.75" duration="1"/>
    <step time="82200.00" loaded="84884" inserted="84189" running="178" waiting="695" ended="84011" arrived="84011" collisions="169" teleports="169" halting="2" stopped="0" meanWaitingTime="1535.31" meanTravelTime="358.77" meanSpeed="22.82" meanSpeedRelative="0.71" duration="1"/>
    <step time="82500.00" loaded="85056" inserted="84384" running="213" waiting="672" ended="84171" arrived="84171" collisions="169" teleports="169" halting="1" stopped="0" meanWaitingTime="1539.86" meanTravelTime="358.61" meanSpeed="22.36" meanSpeedRelative="0.70" duration="2"/>
</summary>
