<?xml version="1.0" encoding="UTF-8"?>

<!-- generated on 2025-08-08 16:11:02 by Eclipse SUMO sumo Version 1.23.1
<sumoConfiguration xmlns:xsi="http://www.w3.org/2001/XMLSchema-instance" xsi:noNamespaceSchemaLocation="http://sumo.dlr.de/xsd/sumoConfiguration.xsd">

    <input>
        <net-file value="Desktop\Master Thesis\Network_fin.net.xml"/>
        <route-files value="Desktop\Master Thesis\demand_model_amsterdam.rou.xml"/>
        <additional-files value="Desktop\Master Thesis\Additionnal.add.xml"/>
    </input>

    <output>
        <summary-output value="outputf\summary_metaline_56618.xml"/>
        <summary-output.period value="300"/>
        <tripinfo-output value="outputf\tripinfo_metaline_56618.xml"/>
    </output>

    <time>
        <begin value="0"/>
        <end value="82800"/>
        <step-length value="1"/>
    </time>

    <processing>
        <time-to-teleport value="-1"/>
    </processing>

    <report>
        <verbose value="true"/>
        <no-step-log value="true"/>
    </report>

    <emissions>
        <device.emissions.period value="10"/>
    </emissions>

    <traci_server>
        <remote-port value="56127"/>
    </traci_server>

    <random_number>
        <seed value="56618"/>
    </random_number>

</sumoConfiguration>
-->

<summary xmlns:xsi="http://www.w3.org/2001/XMLSchema-instance" xsi:noNamespaceSchemaLocation="http://sumo.dlr.de/xsd/summary_file.xsd">
    <step time="0.00" loaded="0" inserted="0" running="0" waiting="0" ended="0" arrived="0" collisions="0" teleports="0" halting="0" stopped="0" meanWaitingTime="-1.00" meanTravelTime="-1.00" meanSpeed="-1.00" meanSpeedRelative="-1.00" duration="1"/>
    <step time="300.00" loaded="174" inserted="174" running="105" waiting="0" ended="69" arrived="69" collisions="0" teleports="0" halting="1" stopped="0" meanWaitingTime="0.36" meanTravelTime="97.19" meanSpeed="26.25" meanSpeedRelative="0.82" duration="1"/>
    <step time="600.00" loaded="365" inserted="364" running="134" waiting="1" ended="230" arrived="230" collisions="0" teleports="0" halting="0" stopped="0" meanWaitingTime="0.50" meanTravelTime="151.33" meanSpeed="24.35" meanSpeedRelative="0.76" duration="2"/>
    <step time="900.00" loaded="541" inserted="541" running="149" waiting="0" ended="392" arrived="392" collisions="0" teleports="0" halting="1" stopped="0" meanWaitingTime="0.43" meanTravelTime="185.07" meanSpeed="25.61" meanSpeedRelative="0.80" duration="1"/>
    <step time="1200.00" loaded="715" inserted="715" running="146" waiting="0" ended="569" arrived="569" collisions="0" teleports="0" halting="0" stopped="0" meanWaitingTime="0.43" meanTravelTime="206.73" meanSpeed="25.52" meanSpeedRelative="0.80" duration="1"/>
    <step time="1500.00" loaded="889" inserted="889" running="141" waiting="0" ended="748" arrived="748" collisions="0" teleports="0" halting="0" stopped="0" meanWaitingTime="0.44" meanTravelTime="215.64" meanSpeed="25.48" meanSpeedRelative="0.80" duration="1"/>
    <step time="1800.00" loaded="1072" inserted="1071" running="154" waiting="1" ended="917" arrived="917" collisions="0" teleports="0" halting="2" stopped="0" meanWaitingTime="0.42" meanTravelTime="222.46" meanSpeed="25.94" meanSpeedRelative="0.81" duration="1"/>
    <step time="2100.00" loaded="1257" inserted="1257" running="170" waiting="0" ended="1087" arrived="1087" collisions="0" teleports="0" halting="0" stopped="0" meanWaitingTime="0.42" meanTravelTime="224.61" meanSpeed="24.71" meanSpeedRelative="0.77" duration="1"/>
    <step time="2400.00" loaded="1446" inserted="1446" running="175" waiting="0" ended="1271" arrived="1271" collisions="1" teleports="1" halting="2" stopped="0" meanWaitingTime="0.42" meanTravelTime="230.43" meanSpeed="25.33" meanSpeedRelative="0.79" duration="1"/>
    <step time="2700.00" loaded="1617" inserted="1616" running="159" waiting="1" ended="1457" arrived="1457" collisions="1" teleports="1" halting="1" stopped="0" meanWaitingTime="0.44" meanTravelTime="234.98" meanSpeed="25.30" meanSpeedRelative="0.79" duration="0"/>
    <step time="3000.00" loaded="1787" inserted="1787" running="138" waiting="0" ended="1649" arrived="1649" collisions="1" teleports="1" halting="2" stopped="0" meanWaitingTime="0.42" meanTravelTime="239.64" meanSpeed="25.43" meanSpeedRelative="0.79" duration="1"/>
    <step time="3300.00" loaded="1952" inserted="1950" running="161" waiting="2" ended="1789" arrived="1789" collisions="2" teleports="2" halting="1" stopped="0" meanWaitingTime="0.42" meanTravelTime="239.67" meanSpeed="24.98" meanSpeedRelative="0.78" duration="1"/>
    <step time="3600.00" loaded="2145" inserted="2145" running="174" waiting="0" ended="1971" arrived="1971" collisions="2" teleports="2" halting="1" stopped="0" meanWaitingTime="0.41" meanTravelTime="243.76" meanSpeed="25.30" meanSpeedRelative="0.79" duration="85"/>
    <step time="3900.00" loaded="2262" inserted="2262" running="110" waiting="0" ended="2152" arrived="2152" collisions="2" teleports="2" halting="2" stopped="0" meanWaitingTime="0.41" meanTravelTime="249.31" meanSpeed="24.63" meanSpeedRelative="0.77" duration="0"/>
    <step time="4200.00" loaded="2367" inserted="2367" running="102" waiting="0" ended="2265" arrived="2265" collisions="2" teleports="2" halting="0" stopped="0" meanWaitingTime="0.41" meanTravelTime="251.10" meanSpeed="25.94" meanSpeedRelative="0.81" duration="1"/>
    <step time="4500.00" loaded="2479" inserted="2479" running="91" waiting="0" ended="2388" arrived="2388" collisions="2" teleports="2" halting="1" stopped="0" meanWaitingTime="0.40" meanTravelTime="251.65" meanSpeed="24.38" meanSpeedRelative="0.76" duration="1"/>
    <step time="4800.00" loaded="2576" inserted="2576" running="86" waiting="0" ended="2490" arrived="2490" collisions="2" teleports="2" halting="0" stopped="0" meanWaitingTime="0.39" meanTravelTime="252.99" meanSpeed="25.72" meanSpeedRelative="0.80" duration="1"/>
    <step time="5100.00" loaded="2689" inserted="2689" running="89" waiting="0" ended="2600" arrived="2600" collisions="2" teleports="2" halting="0" stopped="0" meanWaitingTime="0.39" meanTravelTime="252.57" meanSpeed="25.63" meanSpeedRelative="0.80" duration="1"/>
    <step time="5400.00" loaded="2789" inserted="2789" running="84" waiting="0" ended="2705" arrived="2705" collisions="2" teleports="2" halting="0" stopped="0" meanWaitingTime="0.38" meanTravelTime="252.54" meanSpeed="26.68" meanSpeedRelative="0.83" duration="1"/>
    <step time="5700.00" loaded="2898" inserted="2898" running="98" waiting="0" ended="2800" arrived="2800" collisions="2" teleports="2" halting="2" stopped="0" meanWaitingTime="0.37" meanTravelTime="252.01" meanSpeed="25.54" meanSpeedRelative="0.80" duration="0"/>
    <step time="6000.00" loaded="2981" inserted="2981" running="71" waiting="0" ended="2910" arrived="2910" collisions="3" teleports="3" halting="1" stopped="0" meanWaitingTime="0.36" meanTravelTime="252.65" meanSpeed="26.24" meanSpeedRelative="0.82" duration="0"/>
    <step time="6300.00" loaded="3098" inserted="3098" running="85" waiting="0" ended="3013" arrived="3013" collisions="3" teleports="3" halting="2" stopped="0" meanWaitingTime="0.37" meanTravelTime="252.53" meanSpeed="25.34" meanSpeedRelative="0.79" duration="1"/>
    <step time="6600.00" loaded="3225" inserted="3225" running="107" waiting="0" ended="3118" arrived="3118" collisions="4" teleports="4" halting="0" stopped="0" meanWaitingTime="0.37" meanTravelTime="252.02" meanSpeed="24.78" meanSpeedRelative="0.77" duration="1"/>
    <step time="6900.00" loaded="3322" inserted="3322" running="99" waiting="0" ended="3223" arrived="3223" collisions="4" teleports="4" halting="0" stopped="0" meanWaitingTime="0.36" meanTravelTime="252.78" meanSpeed="25.73" meanSpeedRelative="0.80" duration="1"/>
    <step time="7200.00" loaded="3433" inserted="3433" running="82" waiting="0" ended="3351" arrived="3351" collisions="4" teleports="4" halting="3" stopped="0" meanWaitingTime="0.36" meanTravelTime="253.30" meanSpeed="23.93" meanSpeedRelative="0.75" duration="87"/>
    <step time="7500.00" loaded="3588" inserted="3587" running="108" waiting="1" ended="3479" arrived="3479" collisions="5" teleports="5" halting="3" stopped="0" meanWaitingTime="0.38" meanTravelTime="252.26" meanSpeed="24.20" meanSpeedRelative="0.76" duration="1"/>
    <step time="7800.00" loaded="3725" inserted="3725" running="120" waiting="0" ended="3605" arrived="3605" collisions="5" teleports="5" halting="0" stopped="0" meanWaitingTime="0.37" meanTravelTime="251.43" meanSpeed="24.21" meanSpeedRelative="0.76" duration="1"/>
    <step time="8100.00" loaded="3890" inserted="3890" running="140" waiting="0" ended="3750" arrived="3750" collisions="5" teleports="5" halting="2" stopped="0" meanWaitingTime="0.38" meanTravelTime="250.96" meanSpeed="23.90" meanSpeedRelative="0.75" duration="1"/>
    <step time="8400.00" loaded="4039" inserted="4039" running="135" waiting="0" ended="3904" arrived="3904" collisions="5" teleports="5" halting="3" stopped="0" meanWaitingTime="0.38" meanTravelTime="251.82" meanSpeed="24.95" meanSpeedRelative="0.78" duration="1"/>
    <step time="8700.00" loaded="4186" inserted="4186" running="125" waiting="0" ended="4061" arrived="4061" collisions="5" teleports="5" halting="0" stopped="0" meanWaitingTime="0.38" meanTravelTime="252.06" meanSpeed="26.11" meanSpeedRelative="0.82" duration="1"/>
    <step time="9000.00" loaded="4339" inserted="4339" running="131" waiting="0" ended="4208" arrived="4208" collisions="5" teleports="5" halting="0" stopped="0" meanWaitingTime="0.37" meanTravelTime="252.13" meanSpeed="25.68" meanSpeedRelative="0.80" duration="1"/>
    <step time="9300.00" loaded="4499" inserted="4496" running="133" waiting="3" ended="4363" arrived="4363" collisions="5" teleports="5" halting="0" stopped="0" meanWaitingTime="0.37" meanTravelTime="252.58" meanSpeed="24.55" meanSpeedRelative="0.77" duration="1"/>
    <step time="9600.00" loaded="4644" inserted="4644" running="121" waiting="0" ended="4523" arrived="4523" collisions="5" teleports="5" halting="2" stopped="0" meanWaitingTime="0.37" meanTravelTime="253.63" meanSpeed="25.19" meanSpeedRelative="0.79" duration="1"/>
    <step time="9900.00" loaded="4807" inserted="4807" running="127" waiting="0" ended="4680" arrived="4680" collisions="5" teleports="5" halting="0" stopped="0" meanWaitingTime="0.38" meanTravelTime="253.24" meanSpeed="25.01" meanSpeedRelative="0.78" duration="1"/>
    <step time="10200.00" loaded="4963" inserted="4961" running="140" waiting="2" ended="4821" arrived="4821" collisions="5" teleports="5" halting="0" stopped="0" meanWaitingTime="0.37" meanTravelTime="253.48" meanSpeed="24.81" meanSpeedRelative="0.78" duration="0"/>
    <step time="10500.00" loaded="5119" inserted="5118" running="132" waiting="1" ended="4986" arrived="4986" collisions="5" teleports="5" halting="1" stopped="0" meanWaitingTime="0.38" meanTravelTime="253.36" meanSpeed="25.06" meanSpeedRelative="0.78" duration="1"/>
    <step time="10800.00" loaded="5275" inserted="5275" running="129" waiting="0" ended="5146" arrived="5146" collisions="5" teleports="5" halting="0" stopped="0" meanWaitingTime="0.38" meanTravelTime="253.40" meanSpeed="26.03" meanSpeedRelative="0.81" duration="85"/>
    <step time="11100.00" loaded="5432" inserted="5432" running="117" waiting="0" ended="5315" arrived="5315" collisions="5" teleports="5" halting="2" stopped="0" meanWaitingTime="0.38" meanTravelTime="253.44" meanSpeed="23.53" meanSpeedRelative="0.74" duration="1"/>
    <step time="11400.00" loaded="5578" inserted="5577" running="114" waiting="1" ended="5463" arrived="5463" collisions="5" teleports="5" halting="0" stopped="0" meanWaitingTime="0.38" meanTravelTime="252.24" meanSpeed="25.23" meanSpeedRelative="0.79" duration="0"/>
    <step time="11700.00" loaded="5735" inserted="5735" running="118" waiting="0" ended="5617" arrived="5617" collisions="5" teleports="5" halting="1" stopped="0" meanWaitingTime="0.38" meanTravelTime="251.42" meanSpeed="25.53" meanSpeedRelative="0.80" duration="1"/>
    <step time="12000.00" loaded="5905" inserted="5905" running="128" waiting="0" ended="5777" arrived="5777" collisions="5" teleports="5" halting="1" stopped="0" meanWaitingTime="0.39" meanTravelTime="250.28" meanSpeed="24.89" meanSpeedRelative="0.78" duration="1"/>
    <step time="12300.00" loaded="6058" inserted="6058" running="129" waiting="0" ended="5929" arrived="5929" collisions="5" teleports="5" halting="1" stopped="0" meanWaitingTime="0.39" meanTravelTime="249.30" meanSpeed="25.56" meanSpeedRelative="0.80" duration="0"/>
    <step time="12600.00" loaded="6216" inserted="6216" running="113" waiting="0" ended="6103" arrived="6103" collisions="5" teleports="5" halting="1" stopped="0" meanWaitingTime="0.40" meanTravelTime="249.05" meanSpeed="24.45" meanSpeedRelative="0.76" duration="1"/>
    <step time="12900.00" loaded="6378" inserted="6378" running="138" waiting="0" ended="6240" arrived="6240" collisions="5" teleports="5" halting="2" stopped="0" meanWaitingTime="0.40" meanTravelTime="249.09" meanSpeed="24.95" meanSpeedRelative="0.78" duration="1"/>
    <step time="13200.00" loaded="6546" inserted="6546" running="139" waiting="0" ended="6407" arrived="6407" collisions="5" teleports="5" halting="1" stopped="0" meanWaitingTime="0.40" meanTravelTime="248.97" meanSpeed="25.46" meanSpeedRelative="0.80" duration="1"/>
    <step time="13500.00" loaded="6695" inserted="6695" running="115" waiting="0" ended="6580" arrived="6580" collisions="5" teleports="5" halting="0" stopped="0" meanWaitingTime="0.40" meanTravelTime="248.37" meanSpeed="25.48" meanSpeedRelative="0.80" duration="1"/>
    <step time="13800.00" loaded="6864" inserted="6864" running="134" waiting="0" ended="6730" arrived="6730" collisions="5" teleports="5" halting="1" stopped="0" meanWaitingTime="0.40" meanTravelTime="248.48" meanSpeed="25.31" meanSpeedRelative="0.79" duration="1"/>
    <step time="14100.00" loaded="7008" inserted="7008" running="120" waiting="0" ended="6888" arrived="6888" collisions="5" teleports="5" halting="1" stopped="0" meanWaitingTime="0.41" meanTravelTime="248.30" meanSpeed="24.60" meanSpeedRelative="0.77" duration="0"/>
    <step time="14400.00" loaded="7158" inserted="7158" running="118" waiting="0" ended="7040" arrived="7040" collisions="5" teleports="5" halting="1" stopped="0" meanWaitingTime="0.40" meanTravelTime="248.73" meanSpeed="25.03" meanSpeedRelative="0.78" duration="88"/>
    <step time="14700.00" loaded="7259" inserted="7258" running="90" waiting="1" ended="7168" arrived="7168" collisions="5" teleports="5" halting="0" stopped="0" meanWaitingTime="0.40" meanTravelTime="248.29" meanSpeed="25.53" meanSpeedRelative="0.80" duration="0"/>
    <step time="15000.00" loaded="7343" inserted="7343" running="67" waiting="0" ended="7276" arrived="7276" collisions="5" teleports="5" halting="1" stopped="0" meanWaitingTime="0.40" meanTravelTime="248.59" meanSpeed="26.04" meanSpeedRelative="0.81" duration="0"/>
    <step time="15300.00" loaded="7445" inserted="7445" running="65" waiting="0" ended="7380" arrived="7380" collisions="5" teleports="5" halting="0" stopped="0" meanWaitingTime="0.39" meanTravelTime="248.86" meanSpeed="24.87" meanSpeedRelative="0.78" duration="1"/>
    <step time="15600.00" loaded="7550" inserted="7550" running="79" waiting="0" ended="7471" arrived="7471" collisions="5" teleports="5" halting="1" stopped="0" meanWaitingTime="0.39" meanTravelTime="248.19" meanSpeed="25.03" meanSpeedRelative="0.78" duration="1"/>
    <step time="15900.00" loaded="7640" inserted="7640" running="58" waiting="0" ended="7582" arrived="7582" collisions="5" teleports="5" halting="2" stopped="0" meanWaitingTime="0.39" meanTravelTime="247.69" meanSpeed="25.55" meanSpeedRelative="0.80" duration="1"/>
    <step time="16200.00" loaded="7752" inserted="7752" running="81" waiting="0" ended="7671" arrived="7671" collisions="5" teleports="5" halting="2" stopped="0" meanWaitingTime="0.39" meanTravelTime="247.16" meanSpeed="26.08" meanSpeedRelative="0.81" duration="1"/>
    <step time="16500.00" loaded="7852" inserted="7852" running="72" waiting="0" ended="7780" arrived="7780" collisions="5" teleports="5" halting="0" stopped="0" meanWaitingTime="0.39" meanTravelTime="246.95" meanSpeed="26.34" meanSpeedRelative="0.82" duration="0"/>
    <step time="16800.00" loaded="7946" inserted="7946" running="64" waiting="0" ended="7882" arrived="7882" collisions="5" teleports="5" halting="0" stopped="0" meanWaitingTime="0.38" meanTravelTime="246.53" meanSpeed="25.50" meanSpeedRelative="0.80" duration="1"/>
    <step time="17100.00" loaded="8037" inserted="8037" running="72" waiting="0" ended="7965" arrived="7965" collisions="6" teleports="6" halting="0" stopped="0" meanWaitingTime="0.38" meanTravelTime="246.13" meanSpeed="26.26" meanSpeedRelative="0.82" duration="1"/>
    <step time="17400.00" loaded="8143" inserted="8143" running="74" waiting="0" ended="8069" arrived="8069" collisions="6" teleports="6" halting="2" stopped="0" meanWaitingTime="0.38" meanTravelTime="245.76" meanSpeed="25.38" meanSpeedRelative="0.79" duration="0"/>
    <step time="17700.00" loaded="8246" inserted="8246" running="82" waiting="0" ended="8164" arrived="8164" collisions="6" teleports="6" halting="0" stopped="0" meanWaitingTime="0.38" meanTravelTime="245.30" meanSpeed="25.46" meanSpeedRelative="0.80" duration="0"/>
    <step time="18000.00" loaded="8349" inserted="8349" running="67" waiting="0" ended="8282" arrived="8282" collisions="6" teleports="6" halting="0" stopped="0" meanWaitingTime="0.38" meanTravelTime="244.99" meanSpeed="25.99" meanSpeedRelative="0.81" duration="79"/>
    <step time="18300.00" loaded="8554" inserted="8554" running="146" waiting="0" ended="8408" arrived="8408" collisions="7" teleports="7" halting="1" stopped="0" meanWaitingTime="0.38" meanTravelTime="244.01" meanSpeed="24.58" meanSpeedRelative="0.77" duration="1"/>
    <step time="18600.00" loaded="8754" inserted="8754" running="160" waiting="0" ended="8594" arrived="8594" collisions="7" teleports="7" halting="1" stopped="0" meanWaitingTime="0.39" meanTravelTime="243.19" meanSpeed="23.80" meanSpeedRelative="0.74" duration="1"/>
    <step time="18900.00" loaded="8935" inserted="8935" running="149" waiting="0" ended="8786" arrived="8786" collisions="7" teleports="7" halting="2" stopped="0" meanWaitingTime="0.40" meanTravelTime="243.32" meanSpeed="24.07" meanSpeedRelative="0.75" duration="1"/>
    <step time="19200.00" loaded="9113" inserted="9113" running="142" waiting="0" ended="8971" arrived="8971" collisions="7" teleports="7" halting="0" stopped="0" meanWaitingTime="0.40" meanTravelTime="243.65" meanSpeed="25.24" meanSpeedRelative="0.79" duration="1"/>
    <step time="19500.00" loaded="9297" inserted="9297" running="139" waiting="0" ended="9158" arrived="9158" collisions="7" teleports="7" halting="1" stopped="0" meanWaitingTime="0.40" meanTravelTime="243.51" meanSpeed="24.99" meanSpeedRelative="0.78" duration="1"/>
    <step time="19800.00" loaded="9498" inserted="9498" running="144" waiting="0" ended="9354" arrived="9354" collisions="7" teleports="7" halting="2" stopped="0" meanWaitingTime="0.40" meanTravelTime="243.50" meanSpeed="25.42" meanSpeedRelative="0.79" duration="1"/>
    <step time="20100.00" loaded="9687" inserted="9687" running="156" waiting="0" ended="9531" arrived="9531" collisions="7" teleports="7" halting="3" stopped="0" meanWaitingTime="0.41" meanTravelTime="243.07" meanSpeed="24.95" meanSpeedRelative="0.78" duration="1"/>
    <step time="20400.00" loaded="9881" inserted="9881" running="151" waiting="0" ended="9730" arrived="9730" collisions="7" teleports="7" halting="1" stopped="0" meanWaitingTime="0.41" meanTravelTime="243.05" meanSpeed="23.48" meanSpeedRelative="0.73" duration="1"/>
    <step time="20700.00" loaded="10075" inserted="10075" running="150" waiting="0" ended="9925" arrived="9925" collisions="7" teleports="7" halting="1" stopped="0" meanWaitingTime="0.41" meanTravelTime="242.58" meanSpeed="24.63" meanSpeedRelative="0.77" duration="1"/>
    <step time="21000.00" loaded="10266" inserted="10266" running="171" waiting="0" ended="10095" arrived="10095" collisions="7" teleports="7" halting="1" stopped="0" meanWaitingTime="0.41" meanTravelTime="242.45" meanSpeed="25.54" meanSpeedRelative="0.80" duration="1"/>
    <step time="21300.00" loaded="10462" inserted="10462" running="159" waiting="0" ended="10303" arrived="10303" collisions="7" teleports="7" halting="2" stopped="0" meanWaitingTime="0.41" meanTravelTime="242.77" meanSpeed="24.18" meanSpeedRelative="0.76" duration="1"/>
    <step time="21600.00" loaded="10654" inserted="10654" running="151" waiting="0" ended="10503" arrived="10503" collisions="7" teleports="7" halting="0" stopped="0" meanWaitingTime="0.42" meanTravelTime="242.67" meanSpeed="25.53" meanSpeedRelative="0.80" duration="79"/>
    <step time="21900.00" loaded="11136" inserted="11089" running="334" waiting="47" ended="10755" arrived="10755" collisions="8" teleports="8" halting="3" stopped="0" meanWaitingTime="0.73" meanTravelTime="241.91" meanSpeed="21.41" meanSpeedRelative="0.67" duration="2"/>
    <step time="22200.00" loaded="11637" inserted="11528" running="432" waiting="109" ended="11096" arrived="11096" collisions="8" teleports="8" halting="21" stopped="0" meanWaitingTime="2.07" meanTravelTime="241.81" meanSpeed="20.43" meanSpeedRelative="0.64" duration="3"/>
    <step time="22500.00" loaded="12109" inserted="11953" running="455" waiting="156" ended="11498" arrived="11498" collisions="11" teleports="11" halting="3" stopped="0" meanWaitingTime="4.88" meanTravelTime="243.88" meanSpeed="19.82" meanSpeedRelative="0.62" duration="3"/>
    <step time="22800.00" loaded="12575" inserted="12375" running="467" waiting="200" ended="11908" arrived="11908" collisions="13" teleports="13" halting="5" stopped="0" meanWaitingTime="8.17" meanTravelTime="246.65" meanSpeed="20.08" meanSpeedRelative="0.63" duration="3"/>
    <step time="23100.00" loaded="13083" inserted="12816" running="492" waiting="267" ended="12324" arrived="12324" collisions="13" teleports="13" halting="4" stopped="0" meanWaitingTime="12.17" meanTravelTime="249.21" meanSpeed="20.05" meanSpeedRelative="0.63" duration="3"/>
    <step time="23400.00" loaded="13537" inserted="13207" running="486" waiting="330" ended="12721" arrived="12721" collisions="15" teleports="15" halting="3" stopped="0" meanWaitingTime="16.69" meanTravelTime="252.43" meanSpeed="19.70" meanSpeedRelative="0.62" duration="3"/>
    <step time="23700.00" loaded="14025" inserted="13647" running="484" waiting="378" ended="13163" arrived="13163" collisions="16" teleports="16" halting="11" stopped="0" meanWaitingTime="22.66" meanTravelTime="256.07" meanSpeed="19.62" meanSpeedRelative="0.61" duration="4"/>
    <step time="24000.00" loaded="14454" inserted="14058" running="468" waiting="396" ended="13590" arrived="13590" collisions="17" teleports="17" halting="21" stopped="0" meanWaitingTime="29.39" meanTravelTime="258.28" meanSpeed="19.99" meanSpeedRelative="0.62" duration="3"/>
    <step time="24300.00" loaded="14935" inserted="14506" running="492" waiting="429" ended="14014" arrived="14014" collisions="18" teleports="18" halting="6" stopped="0" meanWaitingTime="36.48" meanTravelTime="260.19" meanSpeed="20.27" meanSpeedRelative="0.63" duration="4"/>
    <step time="24600.00" loaded="15396" inserted="14949" running="498" waiting="447" ended="14451" arrived="14451" collisions="18" teleports="18" halting="11" stopped="0" meanWaitingTime="43.60" meanTravelTime="262.01" meanSpeed="19.56" meanSpeedRelative="0.61" duration="3"/>
    <step time="24900.00" loaded="15861" inserted="15379" running="486" waiting="482" ended="14893" arrived="14893" collisions="18" teleports="18" halting="24" stopped="0" meanWaitingTime="50.57" meanTravelTime="264.78" meanSpeed="19.34" meanSpeedRelative="0.60" duration="2"/>
    <step time="25200.00" loaded="16270" inserted="15776" running="462" waiting="494" ended="15314" arrived="15314" collisions="20" teleports="20" halting="12" stopped="0" meanWaitingTime="57.50" meanTravelTime="266.89" meanSpeed="19.25" meanSpeedRelative="0.60" duration="87"/>
    <step time="25500.00" loaded="16809" inserted="16230" running="496" waiting="579" ended="15734" arrived="15734" collisions="22" teleports="22" halting="22" stopped="0" meanWaitingTime="64.37" meanTravelTime="268.91" meanSpeed="19.71" meanSpeedRelative="0.62" duration="3"/>
    <step time="25800.00" loaded="17339" inserted="16670" running="505" waiting="669" ended="16165" arrived="16165" collisions="24" teleports="24" halting="8" stopped="0" meanWaitingTime="71.16" meanTravelTime="270.43" meanSpeed="19.15" meanSpeedRelative="0.60" duration="3"/>
    <step time="26100.00" loaded="17899" inserted="17103" running="493" waiting="796" ended="16610" arrived="16610" collisions="25" teleports="25" halting="12" stopped="0" meanWaitingTime="78.10" meanTravelTime="272.15" meanSpeed="18.93" meanSpeedRelative="0.59" duration="2"/>
    <step time="26400.00" loaded="18464" inserted="17569" running="521" waiting="895" ended="17048" arrived="17048" collisions="26" teleports="26" halting="12" stopped="0" meanWaitingTime="85.63" meanTravelTime="273.92" meanSpeed="18.76" meanSpeedRelative="0.59" duration="3"/>
    <step time="26700.00" loaded="19018" inserted="18020" running="527" waiting="998" ended="17493" arrived="17493" collisions="28" teleports="28" halting="20" stopped="0" meanWaitingTime="94.37" meanTravelTime="275.84" meanSpeed="18.87" meanSpeedRelative="0.59" duration="3"/>
    <step time="27000.00" loaded="19590" inserted="18466" running="511" waiting="1124" ended="17955" arrived="17955" collisions="30" teleports="30" halting="19" stopped="0" meanWaitingTime="103.18" meanTravelTime="277.48" meanSpeed="18.51" meanSpeedRelative="0.58" duration="5"/>
    <step time="27300.00" loaded="20177" inserted="18926" running="499" waiting="1251" ended="18427" arrived="18427" collisions="31" teleports="31" halting="21" stopped="0" meanWaitingTime="112.27" meanTravelTime="279.07" meanSpeed="18.59" meanSpeedRelative="0.58" duration="4"/>
    <step time="27600.00" loaded="20714" inserted="19363" running="485" waiting="1351" ended="18878" arrived="18878" collisions="31" teleports="31" halting="4" stopped="0" meanWaitingTime="122.32" meanTravelTime="280.23" meanSpeed="19.29" meanSpeedRelative="0.60" duration="3"/>
    <step time="27900.00" loaded="21273" inserted="19838" running="501" waiting="1435" ended="19337" arrived="19337" collisions="31" teleports="31" halting="8" stopped="0" meanWaitingTime="133.95" meanTravelTime="280.93" meanSpeed="19.18" meanSpeedRelative="0.60" duration="3"/>
    <step time="28200.00" loaded="21894" inserted="20315" running="526" waiting="1579" ended="19789" arrived="19789" collisions="31" teleports="31" halting="11" stopped="0" meanWaitingTime="145.49" meanTravelTime="282.36" meanSpeed="18.15" meanSpeedRelative="0.57" duration="3"/>
    <step time="28500.00" loaded="22444" inserted="20759" running="510" waiting="1685" ended="20249" arrived="20249" collisions="33" teleports="33" halting="23" stopped="0" meanWaitingTime="156.44" meanTravelTime="283.58" meanSpeed="18.51" meanSpeedRelative="0.58" duration="3"/>
    <step time="28800.00" loaded="23007" inserted="21211" running="520" waiting="1796" ended="20691" arrived="20691" collisions="33" teleports="33" halting="23" stopped="0" meanWaitingTime="168.16" meanTravelTime="284.69" meanSpeed="18.48" meanSpeedRelative="0.58" duration="89"/>
    <step time="29100.00" loaded="23376" inserted="21603" running="462" waiting="1773" ended="21141" arrived="21141" collisions="34" teleports="34" halting="11" stopped="0" meanWaitingTime="180.50" meanTravelTime="286.01" meanSpeed="18.93" meanSpeedRelative="0.59" duration="4"/>
    <step time="29400.00" loaded="23726" inserted="22002" running="474" waiting="1724" ended="21528" arrived="21528" collisions="34" teleports="34" halting="21" stopped="0" meanWaitingTime="193.60" meanTravelTime="287.20" meanSpeed="19.67" meanSpeedRelative="0.61" duration="3"/>
    <step time="29700.00" loaded="24102" inserted="22397" running="454" waiting="1705" ended="21943" arrived="21943" collisions="35" teleports="35" halting="21" stopped="0" meanWaitingTime="207.23" meanTravelTime="288.11" meanSpeed="19.52" meanSpeedRelative="0.61" duration="3"/>
    <step time="30000.00" loaded="24454" inserted="22797" running="445" waiting="1657" ended="22352" arrived="22352" collisions="36" teleports="36" halting="9" stopped="0" meanWaitingTime="221.99" meanTravelTime="289.21" meanSpeed="19.62" meanSpeedRelative="0.61" duration="3"/>
    <step time="30300.00" loaded="24837" inserted="23206" running="435" waiting="1631" ended="22771" arrived="22771" collisions="38" teleports="38" halting="10" stopped="0" meanWaitingTime="234.48" meanTravelTime="290.27" meanSpeed="19.61" meanSpeedRelative="0.61" duration="3"/>
    <step time="30600.00" loaded="25179" inserted="23607" running="437" waiting="1572" ended="23170" arrived="23170" collisions="38" teleports="38" halting="16" stopped="0" meanWaitingTime="247.64" meanTravelTime="290.56" meanSpeed="20.53" meanSpeedRelative="0.64" duration="2"/>
    <step time="30900.00" loaded="25550" inserted="24016" running="432" waiting="1534" ended="23584" arrived="23584" collisions="38" teleports="38" halting="26" stopped="0" meanWaitingTime="259.70" meanTravelTime="291.37" meanSpeed="19.76" meanSpeedRelative="0.62" duration="2"/>
    <step time="31200.00" loaded="25897" inserted="24427" running="423" waiting="1470" ended="24004" arrived="24004" collisions="38" teleports="38" halting="5" stopped="0" meanWaitingTime="272.44" meanTravelTime="291.64" meanSpeed="19.93" meanSpeedRelative="0.62" duration="3"/>
    <step time="31500.00" loaded="26223" inserted="24838" running="410" waiting="1385" ended="24428" arrived="24428" collisions="38" teleports="38" halting="1" stopped="0" meanWaitingTime="285.84" meanTravelTime="291.99" meanSpeed="20.91" meanSpeedRelative="0.65" duration="2"/>
    <step time="31800.00" loaded="26549" inserted="25250" running="432" waiting="1299" ended="24818" arrived="24818" collisions="38" teleports="38" halting="3" stopped="0" meanWaitingTime="297.18" meanTravelTime="292.27" meanSpeed="20.13" meanSpeedRelative="0.63" duration="3"/>
    <step time="32100.00" loaded="26877" inserted="25661" running="458" waiting="1216" ended="25203" arrived="25203" collisions="38" teleports="38" halting="10" stopped="0" meanWaitingTime="309.35" meanTravelTime="292.67" meanSpeed="19.55" meanSpeedRelative="0.61" duration="3"/>
    <step time="32400.00" loaded="27250" inserted="26078" running="440" waiting="1172" ended="25638" arrived="25638" collisions="40" teleports="40" halting="18" stopped="0" meanWaitingTime="318.60" meanTravelTime="293.36" meanSpeed="20.07" meanSpeedRelative="0.63" duration="89"/>
    <step time="32700.00" loaded="27511" inserted="26391" running="307" waiting="1120" ended="26084" arrived="26084" collisions="40" teleports="40" halting="3" stopped="0" meanWaitingTime="327.53" meanTravelTime="293.65" meanSpeed="20.86" meanSpeedRelative="0.65" duration="2"/>
    <step time="33000.00" loaded="27793" inserted="26734" running="303" waiting="1059" ended="26431" arrived="26431" collisions="41" teleports="41" halting="8" stopped="0" meanWaitingTime="338.98" meanTravelTime="293.60" meanSpeed="19.92" meanSpeedRelative="0.62" duration="2"/>
    <step time="33300.00" loaded="28044" inserted="27049" running="321" waiting="995" ended="26728" arrived="26728" collisions="41" teleports="41" halting="20" stopped="0" meanWaitingTime="347.61" meanTravelTime="293.37" meanSpeed="20.48" meanSpeedRelative="0.64" duration="1"/>
    <step time="33600.00" loaded="28294" inserted="27359" running="293" waiting="935" ended="27066" arrived="27066" collisions="42" teleports="42" halting="16" stopped="0" meanWaitingTime="355.15" meanTravelTime="293.37" meanSpeed="21.11" meanSpeedRelative="0.66" duration="3"/>
    <step time="33900.00" loaded="28556" inserted="27690" running="289" waiting="866" ended="27401" arrived="27401" collisions="43" teleports="43" halting="4" stopped="0" meanWaitingTime="362.70" meanTravelTime="293.07" meanSpeed="21.56" meanSpeedRelative="0.67" duration="2"/>
    <step time="34200.00" loaded="28830" inserted="28028" running="324" waiting="802" ended="27704" arrived="27704" collisions="45" teleports="45" halting="19" stopped="0" meanWaitingTime="370.31" meanTravelTime="292.67" meanSpeed="20.29" meanSpeedRelative="0.63" duration="2"/>
    <step time="34500.00" loaded="29076" inserted="28339" running="293" waiting="737" ended="28046" arrived="28046" collisions="45" teleports="45" halting="4" stopped="0" meanWaitingTime="375.36" meanTravelTime="292.70" meanSpeed="20.81" meanSpeedRelative="0.65" duration="2"/>
    <step time="34800.00" loaded="29351" inserted="28646" running="278" waiting="705" ended="28368" arrived="28368" collisions="46" teleports="46" halting="5" stopped="0" meanWaitingTime="383.02" meanTravelTime="292.47" meanSpeed="21.53" meanSpeedRelative="0.67" duration="2"/>
    <step time="35100.00" loaded="29591" inserted="28935" running="263" waiting="656" ended="28672" arrived="28672" collisions="46" teleports="46" halting="2" stopped="0" meanWaitingTime="391.53" meanTravelTime="292.19" meanSpeed="21.86" meanSpeedRelative="0.68" duration="2"/>
    <step time="35400.00" loaded="29881" inserted="29270" running="314" waiting="611" ended="28956" arrived="28956" collisions="46" teleports="46" halting="3" stopped="0" meanWaitingTime="398.68" meanTravelTime="292.17" meanSpeed="21.59" meanSpeedRelative="0.67" duration="2"/>
    <step time="35700.00" loaded="30155" inserted="29591" running="314" waiting="564" ended="29277" arrived="29277" collisions="46" teleports="46" halting="3" stopped="0" meanWaitingTime="405.06" meanTravelTime="291.91" meanSpeed="22.49" meanSpeedRelative="0.70" duration="2"/>
    <step time="36000.00" loaded="30420" inserted="29891" running="288" waiting="529" ended="29603" arrived="29603" collisions="47" teleports="47" halting="3" stopped="0" meanWaitingTime="411.72" meanTravelTime="292.01" meanSpeed="21.95" meanSpeedRelative="0.69" duration="84"/>
    <step time="36300.00" loaded="30907" inserted="30355" running="410" waiting="552" ended="29945" arrived="29945" collisions="49" teleports="49" halting="5" stopped="0" meanWaitingTime="414.40" meanTravelTime="291.84" meanSpeed="20.75" meanSpeedRelative="0.65" duration="3"/>
    <step time="36600.00" loaded="31331" inserted="30789" running="435" waiting="542" ended="30354" arrived="30354" collisions="49" teleports="49" halting="21" stopped="0" meanWaitingTime="414.91" meanTravelTime="291.73" meanSpeed="20.25" meanSpeedRelative="0.63" duration="3"/>
    <step time="36900.00" loaded="31823" inserted="31229" running="440" waiting="594" ended="30789" arrived="30789" collisions="49" teleports="49" halting="4" stopped="0" meanWaitingTime="413.23" meanTravelTime="291.60" meanSpeed="20.44" meanSpeedRelative="0.64" duration="3"/>
    <step time="37200.00" loaded="32257" inserted="31660" running="433" waiting="597" ended="31227" arrived="31227" collisions="49" teleports="49" halting="6" stopped="0" meanWaitingTime="411.91" meanTravelTime="291.90" meanSpeed="20.46" meanSpeedRelative="0.64" duration="2"/>
    <step time="37500.00" loaded="32724" inserted="32099" running="441" waiting="625" ended="31658" arrived="31658" collisions="50" teleports="50" halting="7" stopped="0" meanWaitingTime="411.59" meanTravelTime="291.80" meanSpeed="20.53" meanSpeedRelative="0.64" duration="3"/>
    <step time="37800.00" loaded="33177" inserted="32560" running="467" waiting="617" ended="32093" arrived="32093" collisions="50" teleports="50" halting="23" stopped="0" meanWaitingTime="412.00" meanTravelTime="292.05" meanSpeed="18.69" meanSpeedRelative="0.58" duration="2"/>
    <step time="38100.00" loaded="33653" inserted="33011" running="491" waiting="642" ended="32520" arrived="32520" collisions="51" teleports="51" halting="23" stopped="0" meanWaitingTime="411.03" meanTravelTime="292.32" meanSpeed="19.00" meanSpeedRelative="0.59" duration="3"/>
    <step time="38400.00" loaded="34110" inserted="33438" running="487" waiting="672" ended="32951" arrived="32951" collisions="53" teleports="53" halting="21" stopped="0" meanWaitingTime="408.67" meanTravelTime="292.65" meanSpeed="19.39" meanSpeedRelative="0.61" duration="4"/>
    <step time="38700.00" loaded="34618" inserted="33893" running="501" waiting="725" ended="33392" arrived="33392" collisions="56" teleports="56" halting="6" stopped="0" meanWaitingTime="407.80" meanTravelTime="293.20" meanSpeed="19.70" meanSpeedRelative="0.62" duration="3"/>
    <step time="39000.00" loaded="35119" inserted="34356" running="522" waiting="763" ended="33834" arrived="33834" collisions="58" teleports="58" halting="17" stopped="0" meanWaitingTime="408.24" meanTravelTime="293.64" meanSpeed="18.95" meanSpeedRelative="0.59" duration="3"/>
    <step time="39300.00" loaded="35554" inserted="34761" running="458" waiting="793" ended="34303" arrived="34303" collisions="60" teleports="60" halting="22" stopped="0" meanWaitingTime="408.66" meanTravelTime="294.45" meanSpeed="19.46" meanSpeedRelative="0.61" duration="3"/>
    <step time="39600.00" loaded="36029" inserted="35186" running="449" waiting="843" ended="34737" arrived="34737" collisions="62" teleports="62" halting="3" stopped="0" meanWaitingTime="407.89" meanTravelTime="294.97" meanSpeed="20.22" meanSpeedRelative="0.63" duration="90"/>
    <step time="39900.00" loaded="36524" inserted="35653" running="492" waiting="871" ended="35161" arrived="35161" collisions="63" teleports="63" halting="17" stopped="0" meanWaitingTime="408.93" meanTravelTime="295.17" meanSpeed="18.94" meanSpeedRelative="0.59" duration="3"/>
    <step time="40200.00" loaded="37045" inserted="36121" running="509" waiting="924" ended="35612" arrived="35612" collisions="63" teleports="63" halting="12" stopped="0" meanWaitingTime="408.50" meanTravelTime="295.64" meanSpeed="19.20" meanSpeedRelative="0.60" duration="3"/>
    <step time="40500.00" loaded="37551" inserted="36598" running="526" waiting="953" ended="36072" arrived="36072" collisions="64" teleports="64" halting="5" stopped="0" meanWaitingTime="408.50" meanTravelTime="295.93" meanSpeed="19.59" meanSpeedRelative="0.61" duration="4"/>
    <step time="40800.00" loaded="38062" inserted="37065" running="536" waiting="997" ended="36529" arrived="36529" collisions="66" teleports="66" halting="14" stopped="0" meanWaitingTime="409.59" meanTravelTime="296.23" meanSpeed="18.59" meanSpeedRelative="0.58" duration="5"/>
    <step time="41100.00" loaded="38589" inserted="37538" running="564" waiting="1051" ended="36974" arrived="36974" collisions="68" teleports="68" halting="21" stopped="0" meanWaitingTime="410.14" meanTravelTime="296.82" meanSpeed="18.38" meanSpeedRelative="0.57" duration="3"/>
    <step time="41400.00" loaded="39125" inserted="38008" running="577" waiting="1117" ended="37431" arrived="37431" collisions="70" teleports="70" halting="9" stopped="0" meanWaitingTime="410.20" meanTravelTime="297.45" meanSpeed="18.34" meanSpeedRelative="0.57" duration="4"/>
    <step time="41700.00" loaded="39623" inserted="38459" running="552" waiting="1164" ended="37907" arrived="37907" collisions="70" teleports="70" halting="10" stopped="0" meanWaitingTime="410.91" meanTravelTime="298.27" meanSpeed="18.65" meanSpeedRelative="0.58" duration="4"/>
    <step time="42000.00" loaded="40175" inserted="38928" running="542" waiting="1247" ended="38386" arrived="38386" collisions="73" teleports="73" halting="4" stopped="0" meanWaitingTime="410.71" meanTravelTime="299.00" meanSpeed="19.08" meanSpeedRelative="0.60" duration="4"/>
    <step time="42300.00" loaded="40724" inserted="39422" running="603" waiting="1302" ended="38819" arrived="38819" collisions="73" teleports="73" halting="4" stopped="0" meanWaitingTime="411.71" meanTravelTime="299.56" meanSpeed="18.60" meanSpeedRelative="0.58" duration="4"/>
    <step time="42600.00" loaded="41242" inserted="39863" running="568" waiting="1379" ended="39295" arrived="39295" collisions="73" teleports="73" halting="12" stopped="0" meanWaitingTime="413.81" meanTravelTime="300.49" meanSpeed="18.58" meanSpeedRelative="0.58" duration="4"/>
    <step time="42900.00" loaded="41765" inserted="40308" running="568" waiting="1457" ended="39740" arrived="39740" collisions="74" teleports="74" halting="20" stopped="0" meanWaitingTime="415.66" meanTravelTime="301.42" meanSpeed="18.07" meanSpeedRelative="0.56" duration="3"/>
    <step time="43200.00" loaded="42258" inserted="40766" running="579" waiting="1492" ended="40187" arrived="40187" collisions="74" teleports="74" halting="24" stopped="0" meanWaitingTime="417.34" meanTravelTime="302.39" meanSpeed="18.33" meanSpeedRelative="0.57" duration="93"/>
    <step time="43500.00" loaded="42803" inserted="41251" running="597" waiting="1552" ended="40654" arrived="40654" collisions="77" teleports="77" halting="5" stopped="0" meanWaitingTime="418.90" meanTravelTime="303.03" meanSpeed="18.08" meanSpeedRelative="0.57" duration="3"/>
    <step time="43800.00" loaded="43329" inserted="41699" running="563" waiting="1630" ended="41136" arrived="41136" collisions="77" teleports="77" halting="6" stopped="0" meanWaitingTime="421.84" meanTravelTime="304.04" meanSpeed="17.75" meanSpeedRelative="0.55" duration="5"/>
    <step time="44100.00" loaded="43857" inserted="42174" running="608" waiting="1683" ended="41566" arrived="41566" collisions="78" teleports="78" halting="14" stopped="0" meanWaitingTime="425.34" meanTravelTime="304.59" meanSpeed="17.10" meanSpeedRelative="0.53" duration="5"/>
    <step time="44400.00" loaded="44423" inserted="42674" running="648" waiting="1749" ended="42026" arrived="42026" collisions="78" teleports="78" halting="19" stopped="0" meanWaitingTime="428.34" meanTravelTime="305.35" meanSpeed="17.22" meanSpeedRelative="0.54" duration="3"/>
    <step time="44700.00" loaded="44964" inserted="43141" running="643" waiting="1823" ended="42498" arrived="42498" collisions="78" teleports="78" halting="3" stopped="0" meanWaitingTime="429.34" meanTravelTime="306.56" meanSpeed="17.96" meanSpeedRelative="0.56" duration="4"/>
    <step time="45000.00" loaded="45493" inserted="43615" running="626" waiting="1878" ended="42989" arrived="42989" collisions="80" teleports="80" halting="4" stopped="0" meanWaitingTime="432.12" meanTravelTime="307.51" meanSpeed="16.97" meanSpeedRelative="0.53" duration="4"/>
    <step time="45300.00" loaded="46031" inserted="44090" running="603" waiting="1941" ended="43487" arrived="43487" collisions="80" teleports="80" halting="11" stopped="0" meanWaitingTime="436.22" meanTravelTime="308.58" meanSpeed="17.54" meanSpeedRelative="0.55" duration="3"/>
    <step time="45600.00" loaded="46549" inserted="44535" running="565" waiting="2014" ended="43970" arrived="43970" collisions="81" teleports="81" halting="18" stopped="0" meanWaitingTime="438.82" meanTravelTime="309.46" meanSpeed="17.52" meanSpeedRelative="0.55" duration="6"/>
    <step time="45900.00" loaded="47109" inserted="45025" running="612" waiting="2084" ended="44413" arrived="44413" collisions="81" teleports="81" halting="4" stopped="0" meanWaitingTime="442.56" meanTravelTime="310.06" meanSpeed="18.28" meanSpeedRelative="0.57" duration="4"/>
    <step time="46200.00" loaded="47658" inserted="45504" running="613" waiting="2154" ended="44891" arrived="44891" collisions="81" teleports="81" halting="7" stopped="0" meanWaitingTime="447.47" meanTravelTime="310.76" meanSpeed="17.93" meanSpeedRelative="0.56" duration="4"/>
    <step time="46500.00" loaded="48165" inserted="45987" running="628" waiting="2178" ended="45359" arrived="45359" collisions="81" teleports="81" halting="20" stopped="0" meanWaitingTime="452.16" meanTravelTime="311.32" meanSpeed="17.59" meanSpeedRelative="0.55" duration="5"/>
    <step time="46800.00" loaded="48678" inserted="46451" running="653" waiting="2227" ended="45798" arrived="45798" collisions="84" teleports="84" halting="2" stopped="0" meanWaitingTime="456.38" meanTravelTime="312.17" meanSpeed="17.04" meanSpeedRelative="0.53" duration="93"/>
    <step time="47100.00" loaded="49193" inserted="46923" running="651" waiting="2270" ended="46272" arrived="46272" collisions="84" teleports="84" halting="3" stopped="0" meanWaitingTime="459.83" meanTravelTime="313.24" meanSpeed="16.73" meanSpeedRelative="0.52" duration="4"/>
    <step time="47400.00" loaded="49718" inserted="47385" running="679" waiting="2333" ended="46706" arrived="46706" collisions="84" teleports="84" halting="32" stopped="0" meanWaitingTime="463.89" meanTravelTime="314.24" meanSpeed="16.32" meanSpeedRelative="0.51" duration="6"/>
    <step time="47700.00" loaded="50246" inserted="47816" running="664" waiting="2430" ended="47152" arrived="47152" collisions="86" teleports="86" halting="10" stopped="0" meanWaitingTime="465.69" meanTravelTime="315.71" meanSpeed="16.52" meanSpeedRelative="0.52" duration="5"/>
    <step time="48000.00" loaded="50788" inserted="48278" running="645" waiting="2510" ended="47633" arrived="47633" collisions="86" teleports="86" halting="11" stopped="0" meanWaitingTime="468.84" meanTravelTime="316.80" meanSpeed="17.25" meanSpeedRelative="0.54" duration="4"/>
    <step time="48300.00" loaded="51329" inserted="48724" running="607" waiting="2605" ended="48117" arrived="48117" collisions="89" teleports="89" halting="11" stopped="0" meanWaitingTime="474.62" meanTravelTime="317.99" meanSpeed="17.74" meanSpeedRelative="0.55" duration="5"/>
    <step time="48600.00" loaded="51856" inserted="49189" running="599" waiting="2667" ended="48590" arrived="48590" collisions="93" teleports="93" halting="6" stopped="0" meanWaitingTime="479.56" meanTravelTime="318.82" meanSpeed="17.58" meanSpeedRelative="0.55" duration="5"/>
    <step time="48900.00" loaded="52413" inserted="49663" running="613" waiting="2750" ended="49050" arrived="49050" collisions="94" teleports="94" halting="17" stopped="0" meanWaitingTime="484.86" meanTravelTime="319.36" meanSpeed="17.61" meanSpeedRelative="0.55" duration="6"/>
    <step time="49200.00" loaded="52952" inserted="50126" running="629" waiting="2826" ended="49497" arrived="49497" collisions="94" teleports="94" halting="19" stopped="0" meanWaitingTime="488.88" meanTravelTime="320.12" meanSpeed="17.08" meanSpeedRelative="0.53" duration="7"/>
    <step time="49500.00" loaded="53465" inserted="50573" running="620" waiting="2892" ended="49953" arrived="49953" collisions="94" teleports="94" halting="18" stopped="0" meanWaitingTime="493.14" meanTravelTime="320.82" meanSpeed="17.24" meanSpeedRelative="0.54" duration="4"/>
    <step time="49800.00" loaded="54015" inserted="51049" running="616" waiting="2966" ended="50433" arrived="50433" collisions="98" teleports="98" halting="4" stopped="0" meanWaitingTime="499.05" meanTravelTime="321.78" meanSpeed="16.59" meanSpeedRelative="0.52" duration="5"/>
    <step time="50100.00" loaded="54625" inserted="51558" running="667" waiting="3067" ended="50891" arrived="50891" collisions="99" teleports="99" halting="14" stopped="0" meanWaitingTime="505.88" meanTravelTime="322.44" meanSpeed="16.23" meanSpeedRelative="0.51" duration="5"/>
    <step time="50400.00" loaded="55142" inserted="52022" running="658" waiting="3120" ended="51364" arrived="51364" collisions="100" teleports="100" halting="8" stopped="0" meanWaitingTime="512.25" meanTravelTime="323.12" meanSpeed="16.95" meanSpeedRelative="0.53" duration="98"/>
    <step time="50700.00" loaded="55856" inserted="52551" running="717" waiting="3305" ended="51834" arrived="51834" collisions="101" teleports="101" halting="6" stopped="0" meanWaitingTime="517.42" meanTravelTime="323.94" meanSpeed="16.00" meanSpeedRelative="0.50" duration="7"/>
    <step time="51000.00" loaded="56573" inserted="53072" running="726" waiting="3501" ended="52346" arrived="52346" collisions="101" teleports="101" halting="24" stopped="0" meanWaitingTime="522.59" meanTravelTime="324.75" meanSpeed="16.21" meanSpeedRelative="0.51" duration="7"/>
    <step time="51300.00" loaded="57315" inserted="53585" running="735" waiting="3730" ended="52850" arrived="52850" collisions="102" teleports="102" halting="16" stopped="0" meanWaitingTime="527.44" meanTravelTime="325.67" meanSpeed="14.92" meanSpeedRelative="0.47" duration="5"/>
    <step time="51600.00" loaded="58030" inserted="54114" running="785" waiting="3916" ended="53329" arrived="53329" collisions="103" teleports="103" halting="19" stopped="0" meanWaitingTime="533.89" meanTravelTime="326.67" meanSpeed="14.46" meanSpeedRelative="0.45" duration="6"/>
    <step time="51900.00" loaded="58751" inserted="54605" running="796" waiting="4146" ended="53809" arrived="53809" collisions="104" teleports="104" halting="25" stopped="0" meanWaitingTime="536.76" meanTravelTime="327.56" meanSpeed="15.24" meanSpeedRelative="0.48" duration="8"/>
    <step time="52200.00" loaded="59439" inserted="55127" running="842" waiting="4312" ended="54285" arrived="54285" collisions="104" teleports="104" halting="5" stopped="0" meanWaitingTime="542.19" meanTravelTime="328.83" meanSpeed="14.70" meanSpeedRelative="0.46" duration="8"/>
    <step time="52500.00" loaded="60159" inserted="55632" running="830" waiting="4527" ended="54802" arrived="54802" collisions="107" teleports="107" halting="20" stopped="0" meanWaitingTime="549.00" meanTravelTime="330.28" meanSpeed="13.89" meanSpeedRelative="0.43" duration="5"/>
    <step time="52800.00" loaded="60842" inserted="56169" running="860" waiting="4673" ended="55309" arrived="55309" collisions="110" teleports="110" halting="14" stopped="0" meanWaitingTime="557.91" meanTravelTime="331.87" meanSpeed="13.66" meanSpeedRelative="0.43" duration="9"/>
    <step time="53100.00" loaded="61574" inserted="56714" running="899" waiting="4860" ended="55815" arrived="55815" collisions="113" teleports="113" halting="26" stopped="0" meanWaitingTime="566.60" meanTravelTime="333.25" meanSpeed="13.76" meanSpeedRelative="0.43" duration="10"/>
    <step time="53400.00" loaded="62327" inserted="57207" running="892" waiting="5120" ended="56315" arrived="56315" collisions="115" teleports="115" halting="37" stopped="0" meanWaitingTime="571.64" meanTravelTime="334.76" meanSpeed="12.54" meanSpeedRelative="0.39" duration="9"/>
    <step time="53700.00" loaded="63030" inserted="57722" running="938" waiting="5308" ended="56784" arrived="56784" collisions="115" teleports="115" halting="20" stopped="0" meanWaitingTime="580.20" meanTravelTime="336.37" meanSpeed="12.91" meanSpeedRelative="0.40" duration="9"/>
    <step time="54000.00" loaded="63724" inserted="58229" running="900" waiting="5495" ended="57329" arrived="57329" collisions="115" teleports="115" halting="7" stopped="0" meanWaitingTime="590.84" meanTravelTime="338.01" meanSpeed="12.76" meanSpeedRelative="0.40" duration="94"/>
    <step time="54300.00" loaded="64167" inserted="58672" running="809" waiting="5495" ended="57863" arrived="57863" collisions="118" teleports="118" halting="3" stopped="0" meanWaitingTime="601.37" meanTravelTime="339.71" meanSpeed="13.91" meanSpeedRelative="0.43" duration="9"/>
    <step time="54600.00" loaded="64634" inserted="59150" running="779" waiting="5484" ended="58371" arrived="58371" collisions="119" teleports="119" halting="20" stopped="0" meanWaitingTime="613.28" meanTravelTime="341.74" meanSpeed="13.87" meanSpeedRelative="0.43" duration="9"/>
    <step time="54900.00" loaded="65059" inserted="59595" running="732" waiting="5464" ended="58863" arrived="58863" collisions="120" teleports="120" halting="19" stopped="0" meanWaitingTime="624.92" meanTravelTime="343.22" meanSpeed="14.76" meanSpeedRelative="0.46" duration="6"/>
    <step time="55200.00" loaded="65514" inserted="60040" running="712" waiting="5474" ended="59328" arrived="59328" collisions="123" teleports="123" halting="5" stopped="0" meanWaitingTime="635.57" meanTravelTime="344.25" meanSpeed="15.04" meanSpeedRelative="0.47" duration="6"/>
    <step time="55500.00" loaded="65977" inserted="60531" running="713" waiting="5446" ended="59818" arrived="59818" collisions="126" teleports="126" halting="4" stopped="0" meanWaitingTime="649.72" meanTravelTime="345.09" meanSpeed="15.83" meanSpeedRelative="0.49" duration="8"/>
    <step time="55800.00" loaded="66426" inserted="60987" running="685" waiting="5439" ended="60302" arrived="60302" collisions="128" teleports="128" halting="21" stopped="0" meanWaitingTime="663.64" meanTravelTime="345.81" meanSpeed="15.46" meanSpeedRelative="0.48" duration="9"/>
    <step time="56100.00" loaded="66881" inserted="61454" running="712" waiting="5427" ended="60742" arrived="60742" collisions="128" teleports="128" halting="5" stopped="0" meanWaitingTime="677.02" meanTravelTime="346.57" meanSpeed="15.77" meanSpeedRelative="0.49" duration="7"/>
    <step time="56400.00" loaded="67320" inserted="61924" running="713" waiting="5396" ended="61211" arrived="61211" collisions="129" teleports="129" halting="3" stopped="0" meanWaitingTime="691.15" meanTravelTime="347.17" meanSpeed="14.84" meanSpeedRelative="0.46" duration="8"/>
    <step time="56700.00" loaded="67789" inserted="62396" running="714" waiting="5393" ended="61682" arrived="61682" collisions="131" teleports="131" halting="20" stopped="0" meanWaitingTime="705.03" meanTravelTime="348.08" meanSpeed="14.68" meanSpeedRelative="0.46" duration="7"/>
    <step time="57000.00" loaded="68282" inserted="62856" running="728" waiting="5426" ended="62128" arrived="62128" collisions="131" teleports="131" halting="22" stopped="0" meanWaitingTime="718.27" meanTravelTime="348.78" meanSpeed="15.75" meanSpeedRelative="0.49" duration="7"/>
    <step time="57300.00" loaded="68719" inserted="63315" running="713" waiting="5404" ended="62602" arrived="62602" collisions="135" teleports="135" halting="7" stopped="0" meanWaitingTime="732.39" meanTravelTime="349.68" meanSpeed="15.30" meanSpeedRelative="0.48" duration="6"/>
    <step time="57600.00" loaded="69142" inserted="63768" running="689" waiting="5374" ended="63079" arrived="63079" collisions="135" teleports="135" halting="23" stopped="0" meanWaitingTime="747.42" meanTravelTime="350.63" meanSpeed="15.48" meanSpeedRelative="0.48" duration="85"/>
    <step time="57900.00" loaded="69691" inserted="64265" running="738" waiting="5426" ended="63527" arrived="63527" collisions="136" teleports="136" halting="11" stopped="0" meanWaitingTime="762.08" meanTravelTime="351.33" meanSpeed="15.53" meanSpeedRelative="0.49" duration="7"/>
    <step time="58200.00" loaded="70260" inserted="64733" running="722" waiting="5527" ended="64011" arrived="64011" collisions="138" teleports="138" halting="25" stopped="0" meanWaitingTime="774.08" meanTravelTime="352.29" meanSpeed="14.92" meanSpeedRelative="0.47" duration="8"/>
    <step time="58500.00" loaded="70837" inserted="65242" running="733" waiting="5595" ended="64509" arrived="64509" collisions="138" teleports="138" halting="10" stopped="0" meanWaitingTime="786.73" meanTravelTime="353.12" meanSpeed="15.95" meanSpeedRelative="0.50" duration="7"/>
    <step time="58800.00" loaded="71403" inserted="65752" running="758" waiting="5651" ended="64994" arrived="64994" collisions="140" teleports="140" halting="17" stopped="0" meanWaitingTime="799.80" meanTravelTime="353.73" meanSpeed="15.37" meanSpeedRelative="0.48" duration="7"/>
    <step time="59100.00" loaded="71949" inserted="66242" running="740" waiting="5707" ended="65502" arrived="65502" collisions="142" teleports="142" halting="4" stopped="0" meanWaitingTime="813.29" meanTravelTime="354.45" meanSpeed="15.44" meanSpeedRelative="0.48" duration="7"/>
    <step time="59400.00" loaded="72506" inserted="66727" running="738" waiting="5779" ended="65989" arrived="65989" collisions="142" teleports="142" halting="23" stopped="0" meanWaitingTime="825.45" meanTravelTime="355.05" meanSpeed="14.32" meanSpeedRelative="0.45" duration="9"/>
    <step time="59700.00" loaded="73080" inserted="67235" running="770" waiting="5845" ended="66465" arrived="66465" collisions="143" teleports="143" halting="12" stopped="0" meanWaitingTime="838.77" meanTravelTime="355.87" meanSpeed="13.94" meanSpeedRelative="0.44" duration="8"/>
    <step time="60000.00" loaded="73645" inserted="67720" running="776" waiting="5925" ended="66944" arrived="66944" collisions="144" teleports="144" halting="3" stopped="0" meanWaitingTime="850.15" meanTravelTime="356.55" meanSpeed="14.80" meanSpeedRelative="0.46" duration="8"/>
    <step time="60300.00" loaded="74169" inserted="68192" running="752" waiting="5977" ended="67440" arrived="67440" collisions="145" teleports="145" halting="28" stopped="0" meanWaitingTime="863.79" meanTravelTime="357.34" meanSpeed="15.53" meanSpeedRelative="0.49" duration="9"/>
    <step time="60600.00" loaded="74709" inserted="68663" running="758" waiting="6046" ended="67905" arrived="67905" collisions="145" teleports="145" halting="3" stopped="0" meanWaitingTime="876.25" meanTravelTime="358.12" meanSpeed="14.75" meanSpeedRelative="0.46" duration="6"/>
    <step time="60900.00" loaded="75280" inserted="69167" running="769" waiting="6113" ended="68398" arrived="68398" collisions="146" teleports="146" halting="6" stopped="0" meanWaitingTime="887.23" meanTravelTime="358.91" meanSpeed="15.03" meanSpeedRelative="0.47" duration="9"/>
    <step time="61200.00" loaded="75846" inserted="69671" running="791" waiting="6175" ended="68880" arrived="68880" collisions="148" teleports="148" halting="5" stopped="0" meanWaitingTime="898.83" meanTravelTime="359.76" meanSpeed="15.18" meanSpeedRelative="0.47" duration="93"/>
    <step time="61500.00" loaded="75923" inserted="70010" running="679" waiting="5913" ended="69331" arrived="69331" collisions="149" teleports="149" halting="18" stopped="0" meanWaitingTime="914.41" meanTravelTime="360.54" meanSpeed="15.42" meanSpeedRelative="0.48" duration="5"/>
    <step time="61800.00" loaded="75989" inserted="70353" running="601" waiting="5636" ended="69752" arrived="69752" collisions="151" teleports="151" halting="4" stopped="0" meanWaitingTime="930.38" meanTravelTime="361.62" meanSpeed="15.68" meanSpeedRelative="0.49" duration="7"/>
    <step time="62100.00" loaded="76073" inserted="70708" running="549" waiting="5365" ended="70159" arrived="70159" collisions="153" teleports="153" halting="18" stopped="0" meanWaitingTime="946.89" meanTravelTime="362.78" meanSpeed="16.09" meanSpeedRelative="0.50" duration="6"/>
    <step time="62400.00" loaded="76148" inserted="71061" running="520" waiting="5087" ended="70541" arrived="70541" collisions="153" teleports="153" halting="16" stopped="0" meanWaitingTime="963.76" meanTravelTime="363.37" meanSpeed="16.42" meanSpeedRelative="0.51" duration="3"/>
    <step time="62700.00" loaded="76219" inserted="71401" running="496" waiting="4818" ended="70905" arrived="70905" collisions="154" teleports="154" halting="3" stopped="0" meanWaitingTime="978.99" meanTravelTime="364.03" meanSpeed="16.95" meanSpeedRelative="0.53" duration="6"/>
    <step time="63000.00" loaded="76281" inserted="71750" running="467" waiting="4531" ended="71283" arrived="71283" collisions="154" teleports="154" halting="1" stopped="0" meanWaitingTime="994.56" meanTravelTime="364.35" meanSpeed="17.97" meanSpeedRelative="0.56" duration="5"/>
    <step time="63300.00" loaded="76362" inserted="72111" running="447" waiting="4251" ended="71664" arrived="71664" collisions="156" teleports="156" halting="4" stopped="0" meanWaitingTime="1010.92" meanTravelTime="364.59" meanSpeed="19.13" meanSpeedRelative="0.60" duration="5"/>
    <step time="63600.00" loaded="76433" inserted="72429" running="396" waiting="4004" ended="72033" arrived="72033" collisions="156" teleports="156" halting="4" stopped="0" meanWaitingTime="1027.40" meanTravelTime="364.75" meanSpeed="19.08" meanSpeedRelative="0.60" duration="3"/>
    <step time="63900.00" loaded="76515" inserted="72743" running="363" waiting="3772" ended="72380" arrived="72380" collisions="156" teleports="156" halting="6" stopped="0" meanWaitingTime="1044.90" meanTravelTime="364.74" meanSpeed="18.16" meanSpeedRelative="0.57" duration="4"/>
    <step time="64200.00" loaded="76594" inserted="73057" running="347" waiting="3537" ended="72710" arrived="72710" collisions="156" teleports="156" halting="2" stopped="0" meanWaitingTime="1060.83" meanTravelTime="364.70" meanSpeed="19.77" meanSpeedRelative="0.62" duration="4"/>
    <step time="64500.00" loaded="76681" inserted="73368" running="336" waiting="3313" ended="73032" arrived="73032" collisions="156" teleports="156" halting="9" stopped="0" meanWaitingTime="1075.27" meanTravelTime="364.48" meanSpeed="20.23" meanSpeedRelative="0.63" duration="3"/>
    <step time="64800.00" loaded="76763" inserted="73621" running="281" waiting="3142" ended="73340" arrived="73340" collisions="156" teleports="156" halting="4" stopped="0" meanWaitingTime="1089.66" meanTravelTime="364.28" meanSpeed="21.46" meanSpeedRelative="0.67" duration="95"/>
    <step time="65100.00" loaded="76821" inserted="73859" running="245" waiting="2962" ended="73614" arrived="73614" collisions="156" teleports="156" halting="8" stopped="0" meanWaitingTime="1105.57" meanTravelTime="364.19" meanSpeed="21.17" meanSpeedRelative="0.66" duration="3"/>
    <step time="65400.00" loaded="76872" inserted="74060" running="201" waiting="2812" ended="73859" arrived="73859" collisions="156" teleports="156" halting="0" stopped="0" meanWaitingTime="1121.49" meanTravelTime="364.06" meanSpeed="22.31" meanSpeedRelative="0.70" duration="2"/>
    <step time="65700.00" loaded="76916" inserted="74256" running="187" waiting="2660" ended="74069" arrived="74069" collisions="156" teleports="156" halting="1" stopped="0" meanWaitingTime="1136.54" meanTravelTime="363.87" meanSpeed="21.86" meanSpeedRelative="0.68" duration="3"/>
    <step time="66000.00" loaded="76968" inserted="74463" running="195" waiting="2505" ended="74268" arrived="74268" collisions="156" teleports="156" halting="0" stopped="0" meanWaitingTime="1150.15" meanTravelTime="363.66" meanSpeed="22.35" meanSpeedRelative="0.70" duration="2"/>
    <step time="66300.00" loaded="77042" inserted="74629" running="139" waiting="2413" ended="74490" arrived="74490" collisions="156" teleports="156" halting="3" stopped="0" meanWaitingTime="1163.38" meanTravelTime="363.40" meanSpeed="23.05" meanSpeedRelative="0.72" duration="2"/>
    <step time="66600.00" loaded="77082" inserted="74763" running="108" waiting="2319" ended="74655" arrived="74655" collisions="156" teleports="156" halting="1" stopped="0" meanWaitingTime="1176.55" meanTravelTime="363.18" meanSpeed="22.75" meanSpeedRelative="0.71" duration="1"/>
    <step time="66900.00" loaded="77130" inserted="74904" running="106" waiting="2226" ended="74798" arrived="74798" collisions="156" teleports="156" halting="2" stopped="0" meanWaitingTime="1189.41" meanTravelTime="362.97" meanSpeed="22.52" meanSpeedRelative="0.70" duration="1"/>
    <step time="67200.00" loaded="77181" inserted="75049" running="111" waiting="2132" ended="74938" arrived="74938" collisions="156" teleports="156" halting="3" stopped="0" meanWaitingTime="1201.89" meanTravelTime="362.70" meanSpeed="21.85" meanSpeedRelative="0.68" duration="1"/>
    <step time="67500.00" loaded="77236" inserted="75194" running="98" waiting="2042" ended="75096" arrived="75096" collisions="156" teleports="156" halting="2" stopped="0" meanWaitingTime="1214.56" meanTravelTime="362.41" meanSpeed="20.45" meanSpeedRelative="0.64" duration="1"/>
    <step time="67800.00" loaded="77289" inserted="75342" running="113" waiting="1947" ended="75229" arrived="75229" collisions="156" teleports="156" halting="2" stopped="0" meanWaitingTime="1226.51" meanTravelTime="362.10" meanSpeed="21.29" meanSpeedRelative="0.67" duration="1"/>
    <step time="68100.00" loaded="77329" inserted="75484" running="107" waiting="1845" ended="75377" arrived="75377" collisions="156" teleports="156" halting="3" stopped="0" meanWaitingTime="1236.44" meanTravelTime="361.85" meanSpeed="21.69" meanSpeedRelative="0.68" duration="1"/>
    <step time="68400.00" loaded="77392" inserted="75598" running="94" waiting="1794" ended="75504" arrived="75504" collisions="156" teleports="156" halting="2" stopped="0" meanWaitingTime="1244.24" meanTravelTime="361.68" meanSpeed="22.71" meanSpeedRelative="0.71" duration="89"/>
    <step time="68700.00" loaded="77573" inserted="75807" running="179" waiting="1766" ended="75628" arrived="75628" collisions="157" teleports="157" halting="2" stopped="0" meanWaitingTime="1250.83" meanTravelTime="361.45" meanSpeed="23.88" meanSpeedRelative="0.75" duration="1"/>
    <step time="69000.00" loaded="77723" inserted="75980" running="165" waiting="1743" ended="75815" arrived="75815" collisions="157" teleports="157" halting="1" stopped="0" meanWaitingTime="1257.99" meanTravelTime="361.26" meanSpeed="24.33" meanSpeedRelative="0.76" duration="1"/>
    <step time="69300.00" loaded="77895" inserted="76170" running="178" waiting="1725" ended="75992" arrived="75992" collisions="157" teleports="157" halting="1" stopped="0" meanWaitingTime="1264.36" meanTravelTime="361.05" meanSpeed="24.11" meanSpeedRelative="0.75" duration="1"/>
    <step time="69600.00" loaded="78053" inserted="76352" running="157" waiting="1701" ended="76195" arrived="76195" collisions="157" teleports="157" halting="0" stopped="0" meanWaitingTime="1270.58" meanTravelTime="360.93" meanSpeed="23.22" meanSpeedRelative="0.73" duration="1"/>
    <step time="69900.00" loaded="78215" inserted="76538" running="168" waiting="1677" ended="76370" arrived="76370" collisions="157" teleports="157" halting="3" stopped="0" meanWaitingTime="1277.22" meanTravelTime="360.68" meanSpeed="21.20" meanSpeedRelative="0.66" duration="1"/>
    <step time="70200.00" loaded="78384" inserted="76725" running="174" waiting="1659" ended="76551" arrived="76551" collisions="157" teleports="157" halting="1" stopped="0" meanWaitingTime="1283.37" meanTravelTime="360.52" meanSpeed="24.18" meanSpeedRelative="0.76" duration="1"/>
    <step time="70500.00" loaded="78544" inserted="76911" running="176" waiting="1633" ended="76735" arrived="76735" collisions="158" teleports="158" halting="0" stopped="0" meanWaitingTime="1290.05" meanTravelTime="360.34" meanSpeed="23.60" meanSpeedRelative="0.74" duration="3"/>
    <step time="70800.00" loaded="78697" inserted="77089" running="185" waiting="1608" ended="76904" arrived="76904" collisions="158" teleports="158" halting="2" stopped="0" meanWaitingTime="1296.86" meanTravelTime="360.19" meanSpeed="23.27" meanSpeedRelative="0.73" duration="1"/>
    <step time="71100.00" loaded="78849" inserted="77269" running="182" waiting="1580" ended="77087" arrived="77087" collisions="159" teleports="159" halting="1" stopped="0" meanWaitingTime="1302.88" meanTravelTime="359.98" meanSpeed="23.59" meanSpeedRelative="0.74" duration="1"/>
    <step time="71400.00" loaded="79008" inserted="77452" running="180" waiting="1556" ended="77272" arrived="77272" collisions="160" teleports="160" halting="1" stopped="0" meanWaitingTime="1309.38" meanTravelTime="359.85" meanSpeed="23.80" meanSpeedRelative="0.74" duration="1"/>
    <step time="71700.00" loaded="79145" inserted="77614" running="178" waiting="1531" ended="77436" arrived="77436" collisions="160" teleports="160" halting="2" stopped="0" meanWaitingTime="1316.01" meanTravelTime="359.71" meanSpeed="22.78" meanSpeedRelative="0.71" duration="1"/>
    <step time="72000.00" loaded="79296" inserted="77785" running="171" waiting="1511" ended="77614" arrived="77614" collisions="160" teleports="160" halting="2" stopped="0" meanWaitingTime="1322.23" meanTravelTime="359.62" meanSpeed="23.59" meanSpeedRelative="0.74" duration="83"/>
    <step time="72300.00" loaded="79413" inserted="77927" running="145" waiting="1486" ended="77782" arrived="77782" collisions="160" teleports="160" halting="3" stopped="0" meanWaitingTime="1328.98" meanTravelTime="359.48" meanSpeed="22.72" meanSpeedRelative="0.71" duration="1"/>
    <step time="72600.00" loaded="79562" inserted="78099" running="154" waiting="1463" ended="77945" arrived="77945" collisions="160" teleports="160" halting="2" stopped="0" meanWaitingTime="1335.51" meanTravelTime="359.35" meanSpeed="23.53" meanSpeedRelative="0.74" duration="1"/>
    <step time="72900.00" loaded="79697" inserted="78255" running="146" waiting="1442" ended="78109" arrived="78109" collisions="160" teleports="160" halting="1" stopped="0" meanWaitingTime="1342.60" meanTravelTime="359.20" meanSpeed="23.02" meanSpeedRelative="0.72" duration="1"/>
    <step time="73200.00" loaded="79843" inserted="78427" running="152" waiting="1416" ended="78275" arrived="78275" collisions="161" teleports="161" halting="1" stopped="0" meanWaitingTime="1348.94" meanTravelTime="358.95" meanSpeed="23.14" meanSpeedRelative="0.72" duration="1"/>
    <step time="73500.00" loaded="79981" inserted="78593" running="157" waiting="1388" ended="78436" arrived="78436" collisions="161" teleports="161" halting="1" stopped="0" meanWaitingTime="1356.45" meanTravelTime="358.73" meanSpeed="22.52" meanSpeedRelative="0.70" duration="3"/>
    <step time="73800.00" loaded="80141" inserted="78776" running="176" waiting="1365" ended="78600" arrived="78600" collisions="161" teleports="161" halting="1" stopped="0" meanWaitingTime="1362.90" meanTravelTime="358.58" meanSpeed="23.78" meanSpeedRelative="0.74" duration="1"/>
    <step time="74100.00" loaded="80273" inserted="78936" running="174" waiting="1337" ended="78762" arrived="78762" collisions="162" teleports="162" halting="1" stopped="0" meanWaitingTime="1370.04" meanTravelTime="358.43" meanSpeed="24.20" meanSpeedRelative="0.76" duration="1"/>
    <step time="74400.00" loaded="80387" inserted="79078" running="161" waiting="1309" ended="78917" arrived="78917" collisions="162" teleports="162" halting="0" stopped="0" meanWaitingTime="1377.24" meanTravelTime="358.33" meanSpeed="23.33" meanSpeedRelative="0.73" duration="1"/>
    <step time="74700.00" loaded="80516" inserted="79229" running="140" waiting="1287" ended="79089" arrived="79089" collisions="163" teleports="163" halting="1" stopped="0" meanWaitingTime="1384.58" meanTravelTime="358.20" meanSpeed="23.90" meanSpeedRelative="0.75" duration="1"/>
    <step time="75000.00" loaded="80633" inserted="79373" running="127" waiting="1260" ended="79246" arrived="79246" collisions="163" teleports="163" halting="1" stopped="0" meanWaitingTime="1391.80" meanTravelTime="358.12" meanSpeed="23.31" meanSpeedRelative="0.73" duration="1"/>
    <step time="75300.00" loaded="80768" inserted="79536" running="150" waiting="1232" ended="79386" arrived="79386" collisions="163" teleports="163" halting="0" stopped="0" meanWaitingTime="1399.39" meanTravelTime="357.98" meanSpeed="24.67" meanSpeedRelative="0.77" duration="1"/>
    <step time="75600.00" loaded="80898" inserted="79695" running="149" waiting="1203" ended="79546" arrived="79546" collisions="163" teleports="163" halting="1" stopped="0" meanWaitingTime="1407.03" meanTravelTime="357.80" meanSpeed="23.99" meanSpeedRelative="0.75" duration="83"/>
    <step time="75900.00" loaded="81098" inserted="79913" running="177" waiting="1185" ended="79736" arrived="79736" collisions="163" teleports="163" halting="1" stopped="0" meanWaitingTime="1413.07" meanTravelTime="357.58" meanSpeed="23.92" meanSpeedRelative="0.75" duration="1"/>
    <step time="76200.00" loaded="81320" inserted="80148" running="215" waiting="1172" ended="79933" arrived="79933" collisions="164" teleports="164" halting="0" stopped="0" meanWaitingTime="1418.25" meanTravelTime="357.32" meanSpeed="23.08" meanSpeedRelative="0.72" duration="2"/>
    <step time="76500.00" loaded="81512" inserted="80362" running="221" waiting="1150" ended="80141" arrived="80141" collisions="165" teleports="165" halting="1" stopped="0" meanWaitingTime="1424.28" meanTravelTime="357.11" meanSpeed="23.89" meanSpeedRelative="0.75" duration="2"/>
    <step time="76800.00" loaded="81706" inserted="80576" running="217" waiting="1130" ended="80359" arrived="80359" collisions="165" teleports="165" halting="2" stopped="0" meanWaitingTime="1430.26" meanTravelTime="356.96" meanSpeed="23.63" meanSpeedRelative="0.74" duration="1"/>
    <step time="77100.00" loaded="81891" inserted="80783" running="224" waiting="1108" ended="80559" arrived="80559" collisions="165" teleports="165" halting="2" stopped="0" meanWaitingTime="1435.80" meanTravelTime="356.86" meanSpeed="23.29" meanSpeedRelative="0.73" duration="2"/>
    <step time="77400.00" loaded="82107" inserted="81027" running="231" waiting="1080" ended="80796" arrived="80796" collisions="165" teleports="165" halting="0" stopped="0" meanWaitingTime="1441.15" meanTravelTime="356.69" meanSpeed="23.65" meanSpeedRelative="0.74" duration="2"/>
    <step time="77700.00" loaded="82310" inserted="81251" running="229" waiting="1059" ended="81022" arrived="81022" collisions="165" teleports="165" halting="1" stopped="0" meanWaitingTime="1447.33" meanTravelTime="356.54" meanSpeed="23.61" meanSpeedRelative="0.74" duration="1"/>
    <step time="78000.00" loaded="82508" inserted="81473" running="227" waiting="1035" ended="81246" arrived="81246" collisions="165" teleports="165" halting="1" stopped="0" meanWaitingTime="1453.25" meanTravelTime="356.38" meanSpeed="22.78" meanSpeedRelative="0.71" duration="2"/>
    <step time="78300.00" loaded="82686" inserted="81669" running="212" waiting="1017" ended="81457" arrived="81457" collisions="166" teleports="166" halting="4" stopped="0" meanWaitingTime="1459.33" meanTravelTime="356.29" meanSpeed="23.09" meanSpeedRelative="0.72" duration="1"/>
    <step time="78600.00" loaded="82868" inserted="81874" running="199" waiting="994" ended="81675" arrived="81675" collisions="166" teleports="166" halting="1" stopped="0" meanWaitingTime="1465.22" meanTravelTime="356.19" meanSpeed="23.42" meanSpeedRelative="0.73" duration="2"/>
    <step time="78900.00" loaded="83026" inserted="82061" running="189" waiting="965" ended="81872" arrived="81872" collisions="166" teleports="166" halting="2" stopped="0" meanWaitingTime="1471.63" meanTravelTime="356.01" meanSpeed="23.86" meanSpeedRelative="0.75" duration="2"/>
    <step time="79200.00" loaded="83234" inserted="82284" running="222" waiting="950" ended="82062" arrived="82062" collisions="166" teleports="166" halting="3" stopped="0" meanWaitingTime="1476.62" meanTravelTime="355.83" meanSpeed="24.18" meanSpeedRelative="0.76" duration="85"/>
    <step time="79500.00" loaded="83433" inserted="82504" running="218" waiting="929" ended="82286" arrived="82286" collisions="166" teleports="166" halting="2" stopped="0" meanWaitingTime="1481.87" meanTravelTime="355.64" meanSpeed="23.01" meanSpeedRelative="0.72" duration="2"/>
    <step time="79800.00" loaded="83592" inserted="82685" running="183" waiting="907" ended="82502" arrived="82502" collisions="166" teleports="166" halting="1" stopped="0" meanWaitingTime="1488.29" meanTravelTime="355.51" meanSpeed="23.75" meanSpeedRelative="0.74" duration="1"/>
    <step time="80100.00" loaded="83782" inserted="82898" running="200" waiting="884" ended="82698" arrived="82698" collisions="166" teleports="166" halting="2" stopped="0" meanWaitingTime="1494.37" meanTravelTime="355.37" meanSpeed="23.24" meanSpeedRelative="0.73" duration="2"/>
    <step time="80400.00" loaded="83957" inserted="83101" running="201" waiting="856" ended="82900" arrived="82900" collisions="166" teleports="166" halting="2" stopped="0" meanWaitingTime="1500.10" meanTravelTime="355.20" meanSpeed="23.24" meanSpeedRelative="0.73" duration="1"/>
    <step time="80700.00" loaded="84139" inserted="83297" running="191" waiting="842" ended="83106" arrived="83106" collisions="167" teleports="167" halting="2" stopped="0" meanWaitingTime="1505.96" meanTravelTime="355.06" meanSpeed="23.60" meanSpeedRelative="0.74" duration="2"/>
    <step time="81000.00" loaded="84296" inserted="83475" running="185" waiting="821" ended="83290" arrived="83290" collisions="168" teleports="168" halting="0" stopped="0" meanWaitingTime="1512.11" meanTravelTime="354.94" meanSpeed="22.99" meanSpeedRelative="0.72" duration="2"/>
    <step time="81300.00" loaded="84466" inserted="83677" running="195" waiting="789" ended="83482" arrived="83482" collisions="168" teleports="168" halting="3" stopped="0" meanWaitingTime="1517.77" meanTravelTime="354.82" meanSpeed="23.60" meanSpeedRelative="0.74" duration="1"/>
    <step time="81600.00" loaded="84618" inserted="83850" running="167" waiting="768" ended="83683" arrived="83683" collisions="169" teleports="169" halting="2" stopped="0" meanWaitingTime="1524.17" meanTravelTime="354.66" meanSpeed="24.36" meanSpeedRelative="0.76" duration="1"/>
    <step time="81900.00" loaded="84816" inserted="84063" running="197" waiting="753" ended="83866" arrived="83866" collisions="169" teleports="169" halting="1" stopped="0" meanWaitingTime="1529.66" meanTravelTime="354.54" meanSpeed="23.93" meanSpeedRelative="0.75" duration="1"/>
    <step time="82200.00" loaded="84999" inserted="84268" running="185" waiting="731" ended="84083" arrived="84083" collisions="169" teleports="169" halting="1" stopped="0" meanWaitingTime="1533.78" meanTravelTime="354.34" meanSpeed="23.87" meanSpeedRelative="0.75" duration="1"/>
    <step time="82500.00" loaded="85184" inserted="84470" running="175" waiting="714" ended="84295" arrived="84295" collisions="171" teleports="171" halting="1" stopped="0" meanWaitingTime="1537.18" meanTravelTime="354.16" meanSpeed="23.84" meanSpeedRelative="0.75" duration="1"/>
</summary>
