<?xml version="1.0" encoding="UTF-8"?>

<!-- generated on 2025-08-08 16:54:13 by Eclipse SUMO sumo Version 1.23.1
<sumoConfiguration xmlns:xsi="http://www.w3.org/2001/XMLSchema-instance" xsi:noNamespaceSchemaLocation="http://sumo.dlr.de/xsd/sumoConfiguration.xsd">

    <input>
        <net-file value="Desktop\Master Thesis\Network_fin.net.xml"/>
        <route-files value="Desktop\Master Thesis\demand_model_amsterdam.rou.xml"/>
        <additional-files value="Desktop\Master Thesis\Additionnal.add.xml"/>
    </input>

    <output>
        <summary-output value="outputf\summary_metaline_66189.xml"/>
        <summary-output.period value="300"/>
        <tripinfo-output value="outputf\tripinfo_metaline_66189.xml"/>
    </output>

    <time>
        <begin value="0"/>
        <end value="82800"/>
        <step-length value="1"/>
    </time>

    <processing>
        <time-to-teleport value="-1"/>
    </processing>

    <report>
        <verbose value="true"/>
        <no-step-log value="true"/>
    </report>

    <emissions>
        <device.emissions.period value="10"/>
    </emissions>

    <traci_server>
        <remote-port value="56329"/>
    </traci_server>

    <random_number>
        <seed value="66189"/>
    </random_number>

</sumoConfiguration>
-->

<summary xmlns:xsi="http://www.w3.org/2001/XMLSchema-instance" xsi:noNamespaceSchemaLocation="http://sumo.dlr.de/xsd/summary_file.xsd">
    <step time="0.00" loaded="2" inserted="1" running="1" waiting="1" ended="0" arrived="0" collisions="0" teleports="0" halting="1" stopped="0" meanWaitingTime="0.00" meanTravelTime="-1.00" meanSpeed="0.00" meanSpeedRelative="0.00" duration="1"/>
    <step time="300.00" loaded="188" inserted="188" running="114" waiting="0" ended="74" arrived="74" collisions="0" teleports="0" halting="1" stopped="0" meanWaitingTime="0.77" meanTravelTime="111.73" meanSpeed="25.20" meanSpeedRelative="0.79" duration="1"/>
    <step time="600.00" loaded="367" inserted="367" running="147" waiting="0" ended="220" arrived="220" collisions="0" teleports="0" halting="0" stopped="0" meanWaitingTime="0.50" meanTravelTime="166.80" meanSpeed="25.41" meanSpeedRelative="0.79" duration="1"/>
    <step time="900.00" loaded="564" inserted="564" running="189" waiting="0" ended="375" arrived="375" collisions="0" teleports="0" halting="0" stopped="0" meanWaitingTime="0.47" meanTravelTime="200.72" meanSpeed="25.07" meanSpeedRelative="0.78" duration="1"/>
    <step time="1200.00" loaded="766" inserted="766" running="185" waiting="0" ended="581" arrived="581" collisions="0" teleports="0" halting="1" stopped="0" meanWaitingTime="0.49" meanTravelTime="217.89" meanSpeed="24.43" meanSpeedRelative="0.76" duration="1"/>
    <step time="1500.00" loaded="926" inserted="926" running="153" waiting="0" ended="773" arrived="773" collisions="0" teleports="0" halting="0" stopped="0" meanWaitingTime="0.48" meanTravelTime="235.04" meanSpeed="24.26" meanSpeedRelative="0.76" duration="1"/>
    <step time="1800.00" loaded="1108" inserted="1108" running="173" waiting="0" ended="935" arrived="935" collisions="1" teleports="1" halting="0" stopped="0" meanWaitingTime="0.49" meanTravelTime="241.37" meanSpeed="25.32" meanSpeedRelative="0.79" duration="1"/>
    <step time="2100.00" loaded="1302" inserted="1302" running="169" waiting="0" ended="1133" arrived="1133" collisions="1" teleports="1" halting="3" stopped="0" meanWaitingTime="0.47" meanTravelTime="248.22" meanSpeed="23.72" meanSpeedRelative="0.74" duration="1"/>
    <step time="2400.00" loaded="1497" inserted="1497" running="186" waiting="0" ended="1311" arrived="1311" collisions="1" teleports="1" halting="1" stopped="0" meanWaitingTime="0.48" meanTravelTime="249.44" meanSpeed="25.06" meanSpeedRelative="0.78" duration="1"/>
    <step time="2700.00" loaded="1680" inserted="1680" running="159" waiting="0" ended="1521" arrived="1521" collisions="2" teleports="2" halting="0" stopped="0" meanWaitingTime="0.46" meanTravelTime="254.81" meanSpeed="25.42" meanSpeedRelative="0.79" duration="1"/>
    <step time="3000.00" loaded="1865" inserted="1865" running="161" waiting="0" ended="1704" arrived="1704" collisions="2" teleports="2" halting="0" stopped="0" meanWaitingTime="0.46" meanTravelTime="256.28" meanSpeed="26.10" meanSpeedRelative="0.82" duration="1"/>
    <step time="3300.00" loaded="2033" inserted="2033" running="148" waiting="0" ended="1885" arrived="1885" collisions="2" teleports="2" halting="1" stopped="0" meanWaitingTime="0.45" meanTravelTime="257.00" meanSpeed="24.45" meanSpeedRelative="0.76" duration="1"/>
    <step time="3600.00" loaded="2234" inserted="2234" running="176" waiting="0" ended="2058" arrived="2058" collisions="3" teleports="3" halting="2" stopped="0" meanWaitingTime="0.45" meanTravelTime="256.67" meanSpeed="24.06" meanSpeedRelative="0.75" duration="89"/>
    <step time="3900.00" loaded="2355" inserted="2355" running="101" waiting="0" ended="2254" arrived="2254" collisions="3" teleports="3" halting="2" stopped="0" meanWaitingTime="0.44" meanTravelTime="257.90" meanSpeed="24.86" meanSpeedRelative="0.78" duration="1"/>
    <step time="4200.00" loaded="2464" inserted="2464" running="96" waiting="0" ended="2368" arrived="2368" collisions="3" teleports="3" halting="0" stopped="0" meanWaitingTime="0.43" meanTravelTime="258.49" meanSpeed="24.72" meanSpeedRelative="0.77" duration="1"/>
    <step time="4500.00" loaded="2583" inserted="2583" running="102" waiting="0" ended="2481" arrived="2481" collisions="3" teleports="3" halting="0" stopped="0" meanWaitingTime="0.44" meanTravelTime="260.61" meanSpeed="25.78" meanSpeedRelative="0.81" duration="0"/>
    <step time="4800.00" loaded="2689" inserted="2689" running="93" waiting="0" ended="2596" arrived="2596" collisions="3" teleports="3" halting="1" stopped="0" meanWaitingTime="0.43" meanTravelTime="259.44" meanSpeed="25.41" meanSpeedRelative="0.79" duration="1"/>
    <step time="5100.00" loaded="2794" inserted="2794" running="81" waiting="0" ended="2713" arrived="2713" collisions="3" teleports="3" halting="1" stopped="0" meanWaitingTime="0.42" meanTravelTime="258.92" meanSpeed="24.99" meanSpeedRelative="0.78" duration="1"/>
    <step time="5400.00" loaded="2911" inserted="2911" running="97" waiting="0" ended="2814" arrived="2814" collisions="3" teleports="3" halting="2" stopped="0" meanWaitingTime="0.41" meanTravelTime="259.08" meanSpeed="25.27" meanSpeedRelative="0.79" duration="1"/>
    <step time="5700.00" loaded="3013" inserted="3013" running="97" waiting="0" ended="2916" arrived="2916" collisions="4" teleports="4" halting="3" stopped="0" meanWaitingTime="0.40" meanTravelTime="259.11" meanSpeed="25.09" meanSpeedRelative="0.78" duration="1"/>
    <step time="6000.00" loaded="3119" inserted="3119" running="97" waiting="0" ended="3022" arrived="3022" collisions="4" teleports="4" halting="1" stopped="0" meanWaitingTime="0.39" meanTravelTime="258.67" meanSpeed="26.17" meanSpeedRelative="0.82" duration="1"/>
    <step time="6300.00" loaded="3226" inserted="3226" running="94" waiting="0" ended="3132" arrived="3132" collisions="4" teleports="4" halting="0" stopped="0" meanWaitingTime="0.38" meanTravelTime="258.46" meanSpeed="25.18" meanSpeedRelative="0.79" duration="0"/>
    <step time="6600.00" loaded="3335" inserted="3335" running="85" waiting="0" ended="3250" arrived="3250" collisions="4" teleports="4" halting="2" stopped="0" meanWaitingTime="0.39" meanTravelTime="258.46" meanSpeed="25.50" meanSpeedRelative="0.80" duration="0"/>
    <step time="6900.00" loaded="3440" inserted="3440" running="88" waiting="0" ended="3352" arrived="3352" collisions="4" teleports="4" halting="0" stopped="0" meanWaitingTime="0.38" meanTravelTime="258.14" meanSpeed="25.86" meanSpeedRelative="0.81" duration="0"/>
    <step time="7200.00" loaded="3566" inserted="3566" running="95" waiting="0" ended="3471" arrived="3471" collisions="4" teleports="4" halting="2" stopped="0" meanWaitingTime="0.38" meanTravelTime="257.48" meanSpeed="25.55" meanSpeedRelative="0.80" duration="85"/>
    <step time="7500.00" loaded="3730" inserted="3730" running="121" waiting="0" ended="3609" arrived="3609" collisions="4" teleports="4" halting="1" stopped="0" meanWaitingTime="0.38" meanTravelTime="257.45" meanSpeed="25.59" meanSpeedRelative="0.80" duration="1"/>
    <step time="7800.00" loaded="3896" inserted="3895" running="131" waiting="1" ended="3764" arrived="3764" collisions="4" teleports="4" halting="0" stopped="0" meanWaitingTime="0.38" meanTravelTime="255.25" meanSpeed="24.57" meanSpeedRelative="0.77" duration="1"/>
    <step time="8100.00" loaded="4058" inserted="4056" running="129" waiting="2" ended="3927" arrived="3927" collisions="4" teleports="4" halting="0" stopped="0" meanWaitingTime="0.38" meanTravelTime="255.27" meanSpeed="24.13" meanSpeedRelative="0.75" duration="1"/>
    <step time="8400.00" loaded="4210" inserted="4210" running="139" waiting="0" ended="4071" arrived="4071" collisions="4" teleports="4" halting="0" stopped="0" meanWaitingTime="0.39" meanTravelTime="255.38" meanSpeed="24.32" meanSpeedRelative="0.76" duration="0"/>
    <step time="8700.00" loaded="4369" inserted="4368" running="126" waiting="1" ended="4242" arrived="4242" collisions="4" teleports="4" halting="1" stopped="0" meanWaitingTime="0.39" meanTravelTime="254.51" meanSpeed="25.28" meanSpeedRelative="0.79" duration="0"/>
    <step time="9000.00" loaded="4518" inserted="4516" running="124" waiting="2" ended="4392" arrived="4392" collisions="4" teleports="4" halting="1" stopped="0" meanWaitingTime="0.39" meanTravelTime="254.45" meanSpeed="25.64" meanSpeedRelative="0.80" duration="2"/>
    <step time="9300.00" loaded="4662" inserted="4662" running="118" waiting="0" ended="4544" arrived="4544" collisions="4" teleports="4" halting="0" stopped="0" meanWaitingTime="0.39" meanTravelTime="253.89" meanSpeed="25.70" meanSpeedRelative="0.80" duration="0"/>
    <step time="9600.00" loaded="4822" inserted="4822" running="130" waiting="0" ended="4692" arrived="4692" collisions="4" teleports="4" halting="1" stopped="0" meanWaitingTime="0.39" meanTravelTime="254.53" meanSpeed="25.32" meanSpeedRelative="0.79" duration="1"/>
    <step time="9900.00" loaded="4972" inserted="4972" running="123" waiting="0" ended="4849" arrived="4849" collisions="4" teleports="4" halting="2" stopped="0" meanWaitingTime="0.39" meanTravelTime="254.81" meanSpeed="24.26" meanSpeedRelative="0.76" duration="0"/>
    <step time="10200.00" loaded="5133" inserted="5133" running="118" waiting="0" ended="5015" arrived="5015" collisions="4" teleports="4" halting="0" stopped="0" meanWaitingTime="0.40" meanTravelTime="254.03" meanSpeed="24.92" meanSpeedRelative="0.78" duration="1"/>
    <step time="10500.00" loaded="5273" inserted="5272" running="114" waiting="1" ended="5158" arrived="5158" collisions="4" teleports="4" halting="1" stopped="0" meanWaitingTime="0.39" meanTravelTime="253.66" meanSpeed="24.28" meanSpeedRelative="0.76" duration="0"/>
    <step time="10800.00" loaded="5421" inserted="5421" running="114" waiting="0" ended="5307" arrived="5307" collisions="4" teleports="4" halting="0" stopped="0" meanWaitingTime="0.39" meanTravelTime="252.91" meanSpeed="24.69" meanSpeedRelative="0.77" duration="85"/>
    <step time="11100.00" loaded="5576" inserted="5576" running="136" waiting="0" ended="5440" arrived="5440" collisions="4" teleports="4" halting="0" stopped="0" meanWaitingTime="0.39" meanTravelTime="252.68" meanSpeed="24.13" meanSpeedRelative="0.75" duration="1"/>
    <step time="11400.00" loaded="5729" inserted="5729" running="126" waiting="0" ended="5603" arrived="5603" collisions="4" teleports="4" halting="2" stopped="0" meanWaitingTime="0.38" meanTravelTime="252.67" meanSpeed="24.60" meanSpeedRelative="0.77" duration="1"/>
    <step time="11700.00" loaded="5883" inserted="5882" running="106" waiting="1" ended="5776" arrived="5776" collisions="4" teleports="4" halting="0" stopped="0" meanWaitingTime="0.38" meanTravelTime="252.08" meanSpeed="25.05" meanSpeedRelative="0.78" duration="0"/>
    <step time="12000.00" loaded="6040" inserted="6040" running="112" waiting="0" ended="5928" arrived="5928" collisions="4" teleports="4" halting="1" stopped="0" meanWaitingTime="0.39" meanTravelTime="250.94" meanSpeed="25.25" meanSpeedRelative="0.79" duration="0"/>
    <step time="12300.00" loaded="6184" inserted="6184" running="102" waiting="0" ended="6082" arrived="6082" collisions="4" teleports="4" halting="1" stopped="0" meanWaitingTime="0.38" meanTravelTime="250.11" meanSpeed="25.30" meanSpeedRelative="0.79" duration="1"/>
    <step time="12600.00" loaded="6340" inserted="6339" running="116" waiting="1" ended="6223" arrived="6223" collisions="4" teleports="4" halting="4" stopped="0" meanWaitingTime="0.38" meanTravelTime="249.82" meanSpeed="24.44" meanSpeedRelative="0.76" duration="1"/>
    <step time="12900.00" loaded="6495" inserted="6494" running="119" waiting="1" ended="6375" arrived="6375" collisions="4" teleports="4" halting="1" stopped="0" meanWaitingTime="0.38" meanTravelTime="248.66" meanSpeed="24.88" meanSpeedRelative="0.78" duration="1"/>
    <step time="13200.00" loaded="6661" inserted="6661" running="142" waiting="0" ended="6519" arrived="6519" collisions="4" teleports="4" halting="1" stopped="0" meanWaitingTime="0.40" meanTravelTime="247.99" meanSpeed="25.16" meanSpeedRelative="0.79" duration="1"/>
    <step time="13500.00" loaded="6816" inserted="6816" running="122" waiting="0" ended="6694" arrived="6694" collisions="4" teleports="4" halting="4" stopped="0" meanWaitingTime="0.40" meanTravelTime="247.59" meanSpeed="24.40" meanSpeedRelative="0.76" duration="1"/>
    <step time="13800.00" loaded="6956" inserted="6956" running="98" waiting="0" ended="6858" arrived="6858" collisions="4" teleports="4" halting="1" stopped="0" meanWaitingTime="0.39" meanTravelTime="247.09" meanSpeed="25.11" meanSpeedRelative="0.78" duration="0"/>
    <step time="14100.00" loaded="7092" inserted="7092" running="101" waiting="0" ended="6991" arrived="6991" collisions="4" teleports="4" halting="0" stopped="0" meanWaitingTime="0.40" meanTravelTime="247.03" meanSpeed="25.31" meanSpeedRelative="0.79" duration="1"/>
    <step time="14400.00" loaded="7246" inserted="7246" running="107" waiting="0" ended="7139" arrived="7139" collisions="4" teleports="4" halting="1" stopped="0" meanWaitingTime="0.40" meanTravelTime="246.25" meanSpeed="25.41" meanSpeedRelative="0.79" duration="86"/>
    <step time="14700.00" loaded="7350" inserted="7350" running="75" waiting="0" ended="7275" arrived="7275" collisions="4" teleports="4" halting="0" stopped="0" meanWaitingTime="0.40" meanTravelTime="246.05" meanSpeed="26.25" meanSpeedRelative="0.82" duration="0"/>
    <step time="15000.00" loaded="7446" inserted="7446" running="65" waiting="0" ended="7381" arrived="7381" collisions="4" teleports="4" halting="1" stopped="0" meanWaitingTime="0.40" meanTravelTime="245.58" meanSpeed="26.21" meanSpeedRelative="0.82" duration="0"/>
    <step time="15300.00" loaded="7544" inserted="7544" running="69" waiting="0" ended="7475" arrived="7475" collisions="4" teleports="4" halting="1" stopped="0" meanWaitingTime="0.40" meanTravelTime="245.31" meanSpeed="25.56" meanSpeedRelative="0.80" duration="0"/>
    <step time="15600.00" loaded="7624" inserted="7624" running="58" waiting="0" ended="7566" arrived="7566" collisions="4" teleports="4" halting="0" stopped="0" meanWaitingTime="0.40" meanTravelTime="245.01" meanSpeed="25.97" meanSpeedRelative="0.81" duration="1"/>
    <step time="15900.00" loaded="7722" inserted="7722" running="60" waiting="0" ended="7662" arrived="7662" collisions="4" teleports="4" halting="0" stopped="0" meanWaitingTime="0.39" meanTravelTime="244.41" meanSpeed="26.03" meanSpeedRelative="0.81" duration="0"/>
    <step time="16200.00" loaded="7814" inserted="7814" running="60" waiting="0" ended="7754" arrived="7754" collisions="4" teleports="4" halting="1" stopped="0" meanWaitingTime="0.39" meanTravelTime="244.16" meanSpeed="25.63" meanSpeedRelative="0.80" duration="0"/>
    <step time="16500.00" loaded="7903" inserted="7903" running="68" waiting="0" ended="7835" arrived="7835" collisions="4" teleports="4" halting="0" stopped="0" meanWaitingTime="0.39" meanTravelTime="243.56" meanSpeed="25.23" meanSpeedRelative="0.79" duration="0"/>
    <step time="16800.00" loaded="8002" inserted="8002" running="72" waiting="0" ended="7930" arrived="7930" collisions="4" teleports="4" halting="0" stopped="0" meanWaitingTime="0.39" meanTravelTime="243.31" meanSpeed="25.96" meanSpeedRelative="0.81" duration="0"/>
    <step time="17100.00" loaded="8089" inserted="8089" running="70" waiting="0" ended="8019" arrived="8019" collisions="4" teleports="4" halting="1" stopped="0" meanWaitingTime="0.39" meanTravelTime="243.04" meanSpeed="24.25" meanSpeedRelative="0.76" duration="1"/>
    <step time="17400.00" loaded="8198" inserted="8198" running="81" waiting="0" ended="8117" arrived="8117" collisions="4" teleports="4" halting="0" stopped="0" meanWaitingTime="0.38" meanTravelTime="242.36" meanSpeed="25.27" meanSpeedRelative="0.79" duration="0"/>
    <step time="17700.00" loaded="8291" inserted="8291" running="71" waiting="0" ended="8220" arrived="8220" collisions="4" teleports="4" halting="0" stopped="0" meanWaitingTime="0.38" meanTravelTime="242.66" meanSpeed="25.50" meanSpeedRelative="0.80" duration="1"/>
    <step time="18000.00" loaded="8380" inserted="8379" running="57" waiting="1" ended="8322" arrived="8322" collisions="4" teleports="4" halting="1" stopped="0" meanWaitingTime="0.38" meanTravelTime="242.34" meanSpeed="25.31" meanSpeedRelative="0.79" duration="80"/>
    <step time="18300.00" loaded="8577" inserted="8577" running="122" waiting="0" ended="8455" arrived="8455" collisions="4" teleports="4" halting="3" stopped="0" meanWaitingTime="0.38" meanTravelTime="241.17" meanSpeed="24.57" meanSpeedRelative="0.77" duration="1"/>
    <step time="18600.00" loaded="8783" inserted="8780" running="150" waiting="3" ended="8630" arrived="8630" collisions="4" teleports="4" halting="1" stopped="0" meanWaitingTime="0.39" meanTravelTime="240.00" meanSpeed="24.61" meanSpeedRelative="0.77" duration="1"/>
    <step time="18900.00" loaded="8949" inserted="8949" running="145" waiting="0" ended="8804" arrived="8804" collisions="4" teleports="4" halting="2" stopped="0" meanWaitingTime="0.40" meanTravelTime="239.81" meanSpeed="24.73" meanSpeedRelative="0.77" duration="2"/>
    <step time="19200.00" loaded="9141" inserted="9141" running="148" waiting="0" ended="8993" arrived="8993" collisions="4" teleports="4" halting="1" stopped="0" meanWaitingTime="0.40" meanTravelTime="240.12" meanSpeed="24.78" meanSpeedRelative="0.77" duration="1"/>
    <step time="19500.00" loaded="9326" inserted="9326" running="142" waiting="0" ended="9184" arrived="9184" collisions="4" teleports="4" halting="0" stopped="0" meanWaitingTime="0.40" meanTravelTime="240.08" meanSpeed="25.36" meanSpeedRelative="0.79" duration="1"/>
    <step time="19800.00" loaded="9536" inserted="9535" running="185" waiting="1" ended="9350" arrived="9350" collisions="5" teleports="5" halting="2" stopped="0" meanWaitingTime="0.41" meanTravelTime="239.98" meanSpeed="24.75" meanSpeedRelative="0.77" duration="1"/>
    <step time="20100.00" loaded="9721" inserted="9720" running="165" waiting="1" ended="9555" arrived="9555" collisions="5" teleports="5" halting="1" stopped="0" meanWaitingTime="0.42" meanTravelTime="240.06" meanSpeed="24.07" meanSpeedRelative="0.75" duration="1"/>
    <step time="20400.00" loaded="9910" inserted="9910" running="155" waiting="0" ended="9755" arrived="9755" collisions="5" teleports="5" halting="1" stopped="0" meanWaitingTime="0.42" meanTravelTime="240.00" meanSpeed="23.97" meanSpeedRelative="0.75" duration="1"/>
    <step time="20700.00" loaded="10111" inserted="10110" running="158" waiting="1" ended="9952" arrived="9952" collisions="5" teleports="5" halting="2" stopped="0" meanWaitingTime="0.43" meanTravelTime="240.34" meanSpeed="23.81" meanSpeedRelative="0.74" duration="0"/>
    <step time="21000.00" loaded="10301" inserted="10300" running="144" waiting="1" ended="10156" arrived="10156" collisions="5" teleports="5" halting="3" stopped="0" meanWaitingTime="0.43" meanTravelTime="240.03" meanSpeed="24.56" meanSpeedRelative="0.77" duration="1"/>
    <step time="21300.00" loaded="10484" inserted="10484" running="146" waiting="0" ended="10338" arrived="10338" collisions="6" teleports="6" halting="0" stopped="0" meanWaitingTime="0.44" meanTravelTime="239.81" meanSpeed="24.64" meanSpeedRelative="0.77" duration="1"/>
    <step time="21600.00" loaded="10692" inserted="10692" running="168" waiting="0" ended="10524" arrived="10524" collisions="6" teleports="6" halting="3" stopped="0" meanWaitingTime="0.44" meanTravelTime="239.78" meanSpeed="25.08" meanSpeedRelative="0.78" duration="81"/>
    <step time="21900.00" loaded="11141" inserted="11112" running="358" waiting="29" ended="10754" arrived="10754" collisions="6" teleports="6" halting="5" stopped="0" meanWaitingTime="0.85" meanTravelTime="239.53" meanSpeed="21.44" meanSpeedRelative="0.67" duration="3"/>
    <step time="22200.00" loaded="11608" inserted="11559" running="455" waiting="49" ended="11104" arrived="11104" collisions="7" teleports="7" halting="11" stopped="0" meanWaitingTime="1.71" meanTravelTime="240.36" meanSpeed="19.10" meanSpeedRelative="0.60" duration="2"/>
    <step time="22500.00" loaded="12065" inserted="11963" running="449" waiting="102" ended="11514" arrived="11514" collisions="7" teleports="7" halting="18" stopped="0" meanWaitingTime="3.15" meanTravelTime="243.11" meanSpeed="19.06" meanSpeedRelative="0.60" duration="3"/>
    <step time="22800.00" loaded="12503" inserted="12380" running="474" waiting="123" ended="11906" arrived="11906" collisions="7" teleports="7" halting="7" stopped="0" meanWaitingTime="5.38" meanTravelTime="246.23" meanSpeed="19.23" meanSpeedRelative="0.60" duration="2"/>
    <step time="23100.00" loaded="13003" inserted="12814" running="504" waiting="189" ended="12310" arrived="12310" collisions="8" teleports="8" halting="5" stopped="0" meanWaitingTime="7.82" meanTravelTime="248.80" meanSpeed="18.48" meanSpeedRelative="0.58" duration="2"/>
    <step time="23400.00" loaded="13460" inserted="13245" running="488" waiting="215" ended="12757" arrived="12757" collisions="8" teleports="8" halting="14" stopped="0" meanWaitingTime="11.48" meanTravelTime="252.15" meanSpeed="18.60" meanSpeedRelative="0.58" duration="3"/>
    <step time="23700.00" loaded="13912" inserted="13669" running="514" waiting="243" ended="13155" arrived="13155" collisions="9" teleports="9" halting="19" stopped="0" meanWaitingTime="15.29" meanTravelTime="255.10" meanSpeed="17.94" meanSpeedRelative="0.56" duration="3"/>
    <step time="24000.00" loaded="14387" inserted="14078" running="497" waiting="309" ended="13581" arrived="13581" collisions="9" teleports="9" halting="23" stopped="0" meanWaitingTime="18.93" meanTravelTime="258.47" meanSpeed="18.29" meanSpeedRelative="0.57" duration="3"/>
    <step time="24300.00" loaded="14850" inserted="14494" running="495" waiting="356" ended="13999" arrived="13999" collisions="10" teleports="10" halting="2" stopped="0" meanWaitingTime="23.74" meanTravelTime="261.26" meanSpeed="18.18" meanSpeedRelative="0.57" duration="2"/>
    <step time="24600.00" loaded="15332" inserted="14957" running="528" waiting="375" ended="14429" arrived="14429" collisions="11" teleports="11" halting="12" stopped="0" meanWaitingTime="29.63" meanTravelTime="264.22" meanSpeed="17.90" meanSpeedRelative="0.56" duration="3"/>
    <step time="24900.00" loaded="15799" inserted="15387" running="524" waiting="412" ended="14863" arrived="14863" collisions="12" teleports="12" halting="5" stopped="0" meanWaitingTime="34.60" meanTravelTime="266.84" meanSpeed="19.12" meanSpeedRelative="0.60" duration="3"/>
    <step time="25200.00" loaded="16289" inserted="15806" running="517" waiting="483" ended="15289" arrived="15289" collisions="12" teleports="12" halting="4" stopped="0" meanWaitingTime="39.63" meanTravelTime="269.20" meanSpeed="18.57" meanSpeedRelative="0.58" duration="88"/>
    <step time="25500.00" loaded="16841" inserted="16250" running="535" waiting="591" ended="15715" arrived="15715" collisions="12" teleports="12" halting="5" stopped="0" meanWaitingTime="44.62" meanTravelTime="271.94" meanSpeed="18.63" meanSpeedRelative="0.58" duration="3"/>
    <step time="25800.00" loaded="17408" inserted="16696" running="536" waiting="712" ended="16160" arrived="16160" collisions="12" teleports="12" halting="5" stopped="0" meanWaitingTime="51.01" meanTravelTime="274.19" meanSpeed="18.84" meanSpeedRelative="0.59" duration="3"/>
    <step time="26100.00" loaded="17934" inserted="17139" running="533" waiting="795" ended="16606" arrived="16606" collisions="14" teleports="14" halting="6" stopped="0" meanWaitingTime="57.78" meanTravelTime="276.40" meanSpeed="18.69" meanSpeedRelative="0.58" duration="3"/>
    <step time="26400.00" loaded="18526" inserted="17584" running="531" waiting="942" ended="17053" arrived="17053" collisions="15" teleports="15" halting="5" stopped="0" meanWaitingTime="65.72" meanTravelTime="278.21" meanSpeed="19.09" meanSpeedRelative="0.60" duration="3"/>
    <step time="26700.00" loaded="19077" inserted="18047" running="533" waiting="1030" ended="17514" arrived="17514" collisions="15" teleports="15" halting="3" stopped="0" meanWaitingTime="74.45" meanTravelTime="280.13" meanSpeed="18.90" meanSpeedRelative="0.59" duration="3"/>
    <step time="27000.00" loaded="19635" inserted="18507" running="556" waiting="1128" ended="17951" arrived="17951" collisions="16" teleports="16" halting="7" stopped="0" meanWaitingTime="83.81" meanTravelTime="282.01" meanSpeed="17.92" meanSpeedRelative="0.56" duration="4"/>
    <step time="27300.00" loaded="20207" inserted="18974" running="558" waiting="1233" ended="18416" arrived="18416" collisions="19" teleports="19" halting="14" stopped="0" meanWaitingTime="93.67" meanTravelTime="284.46" meanSpeed="17.96" meanSpeedRelative="0.56" duration="3"/>
    <step time="27600.00" loaded="20786" inserted="19442" running="563" waiting="1344" ended="18879" arrived="18879" collisions="20" teleports="20" halting="12" stopped="0" meanWaitingTime="104.10" meanTravelTime="286.21" meanSpeed="16.82" meanSpeedRelative="0.53" duration="4"/>
    <step time="27900.00" loaded="21329" inserted="19866" running="524" waiting="1463" ended="19342" arrived="19342" collisions="22" teleports="22" halting="18" stopped="0" meanWaitingTime="114.79" meanTravelTime="288.26" meanSpeed="17.74" meanSpeedRelative="0.55" duration="4"/>
    <step time="28200.00" loaded="21869" inserted="20317" running="528" waiting="1552" ended="19789" arrived="19789" collisions="24" teleports="24" halting="4" stopped="0" meanWaitingTime="126.34" meanTravelTime="289.55" meanSpeed="17.80" meanSpeedRelative="0.56" duration="3"/>
    <step time="28500.00" loaded="22431" inserted="20778" running="549" waiting="1653" ended="20229" arrived="20229" collisions="25" teleports="25" halting="4" stopped="0" meanWaitingTime="139.23" meanTravelTime="291.02" meanSpeed="17.82" meanSpeedRelative="0.56" duration="3"/>
    <step time="28800.00" loaded="22987" inserted="21234" running="529" waiting="1753" ended="20705" arrived="20705" collisions="28" teleports="28" halting="21" stopped="0" meanWaitingTime="150.93" meanTravelTime="292.40" meanSpeed="17.76" meanSpeedRelative="0.56" duration="91"/>
    <step time="29100.00" loaded="23336" inserted="21654" running="488" waiting="1682" ended="21166" arrived="21166" collisions="31" teleports="31" halting="12" stopped="0" meanWaitingTime="163.95" meanTravelTime="293.62" meanSpeed="18.79" meanSpeedRelative="0.59" duration="4"/>
    <step time="29400.00" loaded="23713" inserted="22071" running="475" waiting="1642" ended="21596" arrived="21596" collisions="31" teleports="31" halting="6" stopped="0" meanWaitingTime="177.79" meanTravelTime="294.87" meanSpeed="19.98" meanSpeedRelative="0.62" duration="4"/>
    <step time="29700.00" loaded="24064" inserted="22490" running="455" waiting="1574" ended="22035" arrived="22035" collisions="31" teleports="31" halting="14" stopped="0" meanWaitingTime="192.31" meanTravelTime="296.13" meanSpeed="19.35" meanSpeedRelative="0.60" duration="2"/>
    <step time="30000.00" loaded="24442" inserted="22897" running="445" waiting="1545" ended="22452" arrived="22452" collisions="32" teleports="32" halting="20" stopped="0" meanWaitingTime="206.39" meanTravelTime="296.79" meanSpeed="18.98" meanSpeedRelative="0.59" duration="3"/>
    <step time="30300.00" loaded="24795" inserted="23313" running="463" waiting="1482" ended="22850" arrived="22850" collisions="33" teleports="33" halting="11" stopped="0" meanWaitingTime="220.14" meanTravelTime="297.01" meanSpeed="19.55" meanSpeedRelative="0.61" duration="3"/>
    <step time="30600.00" loaded="25157" inserted="23733" running="448" waiting="1424" ended="23285" arrived="23285" collisions="36" teleports="36" halting="20" stopped="0" meanWaitingTime="232.20" meanTravelTime="297.39" meanSpeed="20.21" meanSpeedRelative="0.63" duration="3"/>
    <step time="30900.00" loaded="25518" inserted="24145" running="444" waiting="1373" ended="23701" arrived="23701" collisions="38" teleports="38" halting="4" stopped="0" meanWaitingTime="244.11" meanTravelTime="297.98" meanSpeed="20.74" meanSpeedRelative="0.65" duration="4"/>
    <step time="31200.00" loaded="25885" inserted="24558" running="421" waiting="1327" ended="24137" arrived="24137" collisions="38" teleports="38" halting="7" stopped="0" meanWaitingTime="256.03" meanTravelTime="298.61" meanSpeed="20.20" meanSpeedRelative="0.63" duration="2"/>
    <step time="31500.00" loaded="26224" inserted="24957" running="394" waiting="1267" ended="24563" arrived="24563" collisions="38" teleports="38" halting="10" stopped="0" meanWaitingTime="267.98" meanTravelTime="298.78" meanSpeed="20.23" meanSpeedRelative="0.63" duration="3"/>
    <step time="31800.00" loaded="26591" inserted="25362" running="412" waiting="1229" ended="24950" arrived="24950" collisions="39" teleports="39" halting="19" stopped="0" meanWaitingTime="278.40" meanTravelTime="298.86" meanSpeed="19.85" meanSpeedRelative="0.62" duration="3"/>
    <step time="32100.00" loaded="26931" inserted="25759" running="410" waiting="1172" ended="25349" arrived="25349" collisions="40" teleports="40" halting="4" stopped="0" meanWaitingTime="287.33" meanTravelTime="298.82" meanSpeed="19.90" meanSpeedRelative="0.62" duration="3"/>
    <step time="32400.00" loaded="27309" inserted="26166" running="404" waiting="1143" ended="25762" arrived="25762" collisions="41" teleports="41" halting="11" stopped="0" meanWaitingTime="296.72" meanTravelTime="298.82" meanSpeed="20.45" meanSpeedRelative="0.64" duration="88"/>
    <step time="32700.00" loaded="27558" inserted="26519" running="383" waiting="1039" ended="26136" arrived="26136" collisions="41" teleports="41" halting="22" stopped="0" meanWaitingTime="306.67" meanTravelTime="299.00" meanSpeed="19.90" meanSpeedRelative="0.62" duration="2"/>
    <step time="33000.00" loaded="27814" inserted="26862" running="339" waiting="952" ended="26523" arrived="26523" collisions="41" teleports="41" halting="2" stopped="0" meanWaitingTime="313.60" meanTravelTime="299.24" meanSpeed="20.54" meanSpeedRelative="0.64" duration="3"/>
    <step time="33300.00" loaded="28068" inserted="27195" running="331" waiting="873" ended="26864" arrived="26864" collisions="41" teleports="41" halting="3" stopped="0" meanWaitingTime="321.01" meanTravelTime="299.41" meanSpeed="21.29" meanSpeedRelative="0.67" duration="3"/>
    <step time="33600.00" loaded="28342" inserted="27519" running="299" waiting="823" ended="27220" arrived="27220" collisions="41" teleports="41" halting="10" stopped="0" meanWaitingTime="328.16" meanTravelTime="299.17" meanSpeed="20.40" meanSpeedRelative="0.64" duration="2"/>
    <step time="33900.00" loaded="28606" inserted="27829" running="289" waiting="777" ended="27540" arrived="27540" collisions="41" teleports="41" halting="1" stopped="0" meanWaitingTime="335.48" meanTravelTime="298.90" meanSpeed="22.23" meanSpeedRelative="0.69" duration="2"/>
    <step time="34200.00" loaded="28874" inserted="28147" running="286" waiting="727" ended="27861" arrived="27861" collisions="41" teleports="41" halting="2" stopped="0" meanWaitingTime="345.14" meanTravelTime="298.61" meanSpeed="22.10" meanSpeedRelative="0.69" duration="2"/>
    <step time="34500.00" loaded="29126" inserted="28446" running="267" waiting="680" ended="28179" arrived="28179" collisions="41" teleports="41" halting="1" stopped="0" meanWaitingTime="354.95" meanTravelTime="298.33" meanSpeed="22.20" meanSpeedRelative="0.69" duration="2"/>
    <step time="34800.00" loaded="29387" inserted="28754" running="265" waiting="633" ended="28489" arrived="28489" collisions="42" teleports="42" halting="2" stopped="0" meanWaitingTime="363.78" meanTravelTime="297.98" meanSpeed="22.10" meanSpeedRelative="0.69" duration="2"/>
    <step time="35100.00" loaded="29673" inserted="29083" running="280" waiting="590" ended="28803" arrived="28803" collisions="42" teleports="42" halting="3" stopped="0" meanWaitingTime="371.06" meanTravelTime="297.36" meanSpeed="22.33" meanSpeedRelative="0.70" duration="1"/>
    <step time="35400.00" loaded="29962" inserted="29418" running="325" waiting="544" ended="29093" arrived="29093" collisions="42" teleports="42" halting="1" stopped="0" meanWaitingTime="377.14" meanTravelTime="297.32" meanSpeed="22.26" meanSpeedRelative="0.70" duration="1"/>
    <step time="35700.00" loaded="30234" inserted="29731" running="313" waiting="503" ended="29418" arrived="29418" collisions="43" teleports="43" halting="5" stopped="0" meanWaitingTime="382.60" meanTravelTime="297.17" meanSpeed="21.57" meanSpeedRelative="0.67" duration="3"/>
    <step time="36000.00" loaded="30512" inserted="30038" running="290" waiting="474" ended="29748" arrived="29748" collisions="45" teleports="45" halting="6" stopped="0" meanWaitingTime="387.35" meanTravelTime="297.06" meanSpeed="21.55" meanSpeedRelative="0.67" duration="85"/>
    <step time="36300.00" loaded="31000" inserted="30492" running="418" waiting="508" ended="30074" arrived="30074" collisions="46" teleports="46" halting="5" stopped="0" meanWaitingTime="388.86" meanTravelTime="296.69" meanSpeed="20.70" meanSpeedRelative="0.65" duration="2"/>
    <step time="36600.00" loaded="31483" inserted="30954" running="473" waiting="529" ended="30481" arrived="30481" collisions="47" teleports="47" halting="5" stopped="0" meanWaitingTime="388.26" meanTravelTime="296.54" meanSpeed="19.09" meanSpeedRelative="0.60" duration="3"/>
    <step time="36900.00" loaded="31962" inserted="31400" running="484" waiting="562" ended="30916" arrived="30916" collisions="47" teleports="47" halting="9" stopped="0" meanWaitingTime="387.00" meanTravelTime="296.69" meanSpeed="19.49" meanSpeedRelative="0.61" duration="3"/>
    <step time="37200.00" loaded="32439" inserted="31850" running="474" waiting="589" ended="31376" arrived="31376" collisions="51" teleports="51" halting="6" stopped="0" meanWaitingTime="386.82" meanTravelTime="296.94" meanSpeed="21.10" meanSpeedRelative="0.66" duration="2"/>
    <step time="37500.00" loaded="32921" inserted="32293" running="477" waiting="628" ended="31816" arrived="31816" collisions="54" teleports="54" halting="9" stopped="0" meanWaitingTime="386.77" meanTravelTime="297.31" meanSpeed="19.74" meanSpeedRelative="0.62" duration="2"/>
    <step time="37800.00" loaded="33383" inserted="32721" running="475" waiting="662" ended="32246" arrived="32246" collisions="54" teleports="54" halting="20" stopped="0" meanWaitingTime="386.40" meanTravelTime="297.75" meanSpeed="19.00" meanSpeedRelative="0.59" duration="4"/>
    <step time="38100.00" loaded="33808" inserted="33145" running="469" waiting="663" ended="32676" arrived="32676" collisions="55" teleports="55" halting="15" stopped="0" meanWaitingTime="385.93" meanTravelTime="298.31" meanSpeed="20.10" meanSpeedRelative="0.63" duration="4"/>
    <step time="38400.00" loaded="34267" inserted="33580" running="467" waiting="687" ended="33113" arrived="33113" collisions="57" teleports="57" halting="25" stopped="0" meanWaitingTime="385.93" meanTravelTime="298.83" meanSpeed="20.27" meanSpeedRelative="0.63" duration="2"/>
    <step time="38700.00" loaded="34728" inserted="34005" running="453" waiting="723" ended="33552" arrived="33552" collisions="58" teleports="58" halting="6" stopped="0" meanWaitingTime="385.51" meanTravelTime="299.22" meanSpeed="19.93" meanSpeedRelative="0.62" duration="2"/>
    <step time="39000.00" loaded="35224" inserted="34469" running="467" waiting="755" ended="34002" arrived="34002" collisions="59" teleports="59" halting="7" stopped="0" meanWaitingTime="385.83" meanTravelTime="299.48" meanSpeed="19.98" meanSpeedRelative="0.62" duration="3"/>
    <step time="39300.00" loaded="35676" inserted="34908" running="467" waiting="768" ended="34441" arrived="34441" collisions="60" teleports="60" halting="6" stopped="0" meanWaitingTime="386.82" meanTravelTime="299.60" meanSpeed="19.98" meanSpeedRelative="0.62" duration="2"/>
    <step time="39600.00" loaded="36140" inserted="35352" running="480" waiting="788" ended="34872" arrived="34872" collisions="62" teleports="62" halting="21" stopped="0" meanWaitingTime="387.19" meanTravelTime="299.73" meanSpeed="18.78" meanSpeedRelative="0.59" duration="86"/>
    <step time="39900.00" loaded="36671" inserted="35800" running="515" waiting="871" ended="35285" arrived="35285" collisions="62" teleports="62" halting="14" stopped="0" meanWaitingTime="386.62" meanTravelTime="300.10" meanSpeed="18.62" meanSpeedRelative="0.58" duration="3"/>
    <step time="40200.00" loaded="37180" inserted="36254" running="524" waiting="926" ended="35730" arrived="35730" collisions="67" teleports="67" halting="8" stopped="0" meanWaitingTime="385.88" meanTravelTime="300.52" meanSpeed="19.08" meanSpeedRelative="0.60" duration="3"/>
    <step time="40500.00" loaded="37698" inserted="36706" running="547" waiting="992" ended="36159" arrived="36159" collisions="68" teleports="68" halting="22" stopped="0" meanWaitingTime="385.79" meanTravelTime="301.12" meanSpeed="18.90" meanSpeedRelative="0.59" duration="3"/>
    <step time="40800.00" loaded="38230" inserted="37178" running="550" waiting="1052" ended="36628" arrived="36628" collisions="68" teleports="68" halting="7" stopped="0" meanWaitingTime="385.95" meanTravelTime="301.78" meanSpeed="19.22" meanSpeedRelative="0.60" duration="4"/>
    <step time="41100.00" loaded="38739" inserted="37633" running="544" waiting="1106" ended="37089" arrived="37089" collisions="69" teleports="69" halting="6" stopped="0" meanWaitingTime="387.39" meanTravelTime="302.34" meanSpeed="19.24" meanSpeedRelative="0.60" duration="3"/>
    <step time="41400.00" loaded="39257" inserted="38102" running="558" waiting="1155" ended="37544" arrived="37544" collisions="70" teleports="70" halting="4" stopped="0" meanWaitingTime="388.97" meanTravelTime="302.87" meanSpeed="19.06" meanSpeedRelative="0.60" duration="4"/>
    <step time="41700.00" loaded="39785" inserted="38571" running="558" waiting="1214" ended="38013" arrived="38013" collisions="70" teleports="70" halting="5" stopped="0" meanWaitingTime="390.88" meanTravelTime="303.73" meanSpeed="18.64" meanSpeedRelative="0.58" duration="5"/>
    <step time="42000.00" loaded="40296" inserted="39054" running="585" waiting="1242" ended="38469" arrived="38469" collisions="72" teleports="72" halting="20" stopped="0" meanWaitingTime="393.99" meanTravelTime="304.35" meanSpeed="18.30" meanSpeedRelative="0.57" duration="4"/>
    <step time="42300.00" loaded="40835" inserted="39510" running="562" waiting="1325" ended="38948" arrived="38948" collisions="73" teleports="73" halting="4" stopped="0" meanWaitingTime="395.68" meanTravelTime="304.98" meanSpeed="18.53" meanSpeedRelative="0.58" duration="4"/>
    <step time="42600.00" loaded="41360" inserted="39991" running="554" waiting="1369" ended="39437" arrived="39437" collisions="73" teleports="73" halting="5" stopped="0" meanWaitingTime="398.17" meanTravelTime="305.76" meanSpeed="17.94" meanSpeedRelative="0.56" duration="4"/>
    <step time="42900.00" loaded="41898" inserted="40483" running="564" waiting="1415" ended="39919" arrived="39919" collisions="74" teleports="74" halting="9" stopped="0" meanWaitingTime="400.90" meanTravelTime="306.33" meanSpeed="18.32" meanSpeedRelative="0.57" duration="3"/>
    <step time="43200.00" loaded="42491" inserted="40964" running="590" waiting="1527" ended="40374" arrived="40374" collisions="77" teleports="77" halting="2" stopped="0" meanWaitingTime="402.37" meanTravelTime="306.83" meanSpeed="18.35" meanSpeedRelative="0.57" duration="93"/>
    <step time="43500.00" loaded="43028" inserted="41446" running="601" waiting="1582" ended="40845" arrived="40845" collisions="79" teleports="79" halting="7" stopped="0" meanWaitingTime="404.87" meanTravelTime="307.69" meanSpeed="17.23" meanSpeedRelative="0.54" duration="5"/>
    <step time="43800.00" loaded="43583" inserted="41924" running="627" waiting="1659" ended="41297" arrived="41297" collisions="81" teleports="81" halting="9" stopped="0" meanWaitingTime="408.40" meanTravelTime="308.40" meanSpeed="17.15" meanSpeedRelative="0.54" duration="5"/>
    <step time="44100.00" loaded="44092" inserted="42385" running="612" waiting="1707" ended="41773" arrived="41773" collisions="81" teleports="81" halting="18" stopped="0" meanWaitingTime="411.70" meanTravelTime="309.04" meanSpeed="16.59" meanSpeedRelative="0.52" duration="4"/>
    <step time="44400.00" loaded="44606" inserted="42835" running="604" waiting="1771" ended="42231" arrived="42231" collisions="82" teleports="82" halting="12" stopped="0" meanWaitingTime="412.91" meanTravelTime="309.99" meanSpeed="17.34" meanSpeedRelative="0.54" duration="4"/>
    <step time="44700.00" loaded="45176" inserted="43328" running="622" waiting="1848" ended="42706" arrived="42706" collisions="82" teleports="82" halting="12" stopped="0" meanWaitingTime="417.07" meanTravelTime="311.11" meanSpeed="16.70" meanSpeedRelative="0.52" duration="4"/>
    <step time="45000.00" loaded="45766" inserted="43807" running="621" waiting="1959" ended="43186" arrived="43186" collisions="84" teleports="84" halting="21" stopped="0" meanWaitingTime="421.13" meanTravelTime="311.98" meanSpeed="17.76" meanSpeedRelative="0.55" duration="4"/>
    <step time="45300.00" loaded="46298" inserted="44262" running="618" waiting="2036" ended="43644" arrived="43644" collisions="84" teleports="84" halting="7" stopped="0" meanWaitingTime="425.08" meanTravelTime="312.74" meanSpeed="16.74" meanSpeedRelative="0.52" duration="4"/>
    <step time="45600.00" loaded="46849" inserted="44749" running="656" waiting="2100" ended="44093" arrived="44093" collisions="87" teleports="87" halting="8" stopped="0" meanWaitingTime="429.13" meanTravelTime="313.50" meanSpeed="16.25" meanSpeedRelative="0.51" duration="5"/>
    <step time="45900.00" loaded="47390" inserted="45214" running="645" waiting="2176" ended="44569" arrived="44569" collisions="89" teleports="89" halting="19" stopped="0" meanWaitingTime="433.18" meanTravelTime="314.52" meanSpeed="16.50" meanSpeedRelative="0.52" duration="5"/>
    <step time="46200.00" loaded="47917" inserted="45670" running="608" waiting="2247" ended="45062" arrived="45062" collisions="90" teleports="90" halting="5" stopped="0" meanWaitingTime="437.58" meanTravelTime="315.58" meanSpeed="17.40" meanSpeedRelative="0.54" duration="4"/>
    <step time="46500.00" loaded="48475" inserted="46166" running="657" waiting="2309" ended="45509" arrived="45509" collisions="92" teleports="92" halting="11" stopped="0" meanWaitingTime="442.94" meanTravelTime="316.45" meanSpeed="16.73" meanSpeedRelative="0.52" duration="5"/>
    <step time="46800.00" loaded="49002" inserted="46629" running="642" waiting="2373" ended="45987" arrived="45987" collisions="94" teleports="94" halting="5" stopped="0" meanWaitingTime="446.21" meanTravelTime="317.50" meanSpeed="17.45" meanSpeedRelative="0.55" duration="97"/>
    <step time="47100.00" loaded="49541" inserted="47068" running="609" waiting="2473" ended="46459" arrived="46459" collisions="97" teleports="97" halting="18" stopped="0" meanWaitingTime="448.69" meanTravelTime="318.35" meanSpeed="17.41" meanSpeedRelative="0.54" duration="3"/>
    <step time="47400.00" loaded="50038" inserted="47524" running="632" waiting="2514" ended="46892" arrived="46892" collisions="97" teleports="97" halting="23" stopped="0" meanWaitingTime="453.75" meanTravelTime="319.36" meanSpeed="17.38" meanSpeedRelative="0.54" duration="4"/>
    <step time="47700.00" loaded="50570" inserted="47978" running="596" waiting="2592" ended="47382" arrived="47382" collisions="98" teleports="98" halting="6" stopped="0" meanWaitingTime="458.64" meanTravelTime="320.31" meanSpeed="17.70" meanSpeedRelative="0.55" duration="4"/>
    <step time="48000.00" loaded="51078" inserted="48439" running="614" waiting="2639" ended="47825" arrived="47825" collisions="99" teleports="99" halting="23" stopped="0" meanWaitingTime="463.12" meanTravelTime="320.92" meanSpeed="17.48" meanSpeedRelative="0.55" duration="5"/>
    <step time="48300.00" loaded="51610" inserted="48904" running="619" waiting="2706" ended="48285" arrived="48285" collisions="99" teleports="99" halting="5" stopped="0" meanWaitingTime="466.91" meanTravelTime="321.50" meanSpeed="17.30" meanSpeedRelative="0.54" duration="4"/>
    <step time="48600.00" loaded="52161" inserted="49396" running="627" waiting="2765" ended="48769" arrived="48769" collisions="101" teleports="101" halting="3" stopped="0" meanWaitingTime="471.39" meanTravelTime="322.28" meanSpeed="17.70" meanSpeedRelative="0.55" duration="5"/>
    <step time="48900.00" loaded="52683" inserted="49870" running="616" waiting="2813" ended="49254" arrived="49254" collisions="103" teleports="103" halting="10" stopped="0" meanWaitingTime="478.96" meanTravelTime="322.89" meanSpeed="17.54" meanSpeedRelative="0.55" duration="5"/>
    <step time="49200.00" loaded="53199" inserted="50368" running="639" waiting="2831" ended="49729" arrived="49729" collisions="107" teleports="107" halting="17" stopped="0" meanWaitingTime="485.41" meanTravelTime="323.55" meanSpeed="16.24" meanSpeedRelative="0.51" duration="4"/>
    <step time="49500.00" loaded="53717" inserted="50837" running="619" waiting="2880" ended="50218" arrived="50218" collisions="108" teleports="108" halting="18" stopped="0" meanWaitingTime="490.93" meanTravelTime="324.27" meanSpeed="17.38" meanSpeedRelative="0.54" duration="5"/>
    <step time="49800.00" loaded="54299" inserted="51306" running="597" waiting="2993" ended="50709" arrived="50709" collisions="108" teleports="108" halting="21" stopped="0" meanWaitingTime="496.36" meanTravelTime="325.00" meanSpeed="17.21" meanSpeedRelative="0.54" duration="4"/>
    <step time="50100.00" loaded="54817" inserted="51771" running="635" waiting="3046" ended="51136" arrived="51136" collisions="108" teleports="108" halting="5" stopped="0" meanWaitingTime="501.28" meanTravelTime="325.42" meanSpeed="16.50" meanSpeedRelative="0.52" duration="5"/>
    <step time="50400.00" loaded="55348" inserted="52238" running="649" waiting="3110" ended="51589" arrived="51589" collisions="109" teleports="109" halting="10" stopped="0" meanWaitingTime="506.88" meanTravelTime="326.18" meanSpeed="17.12" meanSpeedRelative="0.53" duration="92"/>
    <step time="50700.00" loaded="56088" inserted="52779" running="717" waiting="3309" ended="52062" arrived="52062" collisions="109" teleports="109" halting="19" stopped="0" meanWaitingTime="512.86" meanTravelTime="326.84" meanSpeed="15.72" meanSpeedRelative="0.49" duration="5"/>
    <step time="51000.00" loaded="56804" inserted="53288" running="758" waiting="3516" ended="52530" arrived="52530" collisions="113" teleports="113" halting="19" stopped="0" meanWaitingTime="517.66" meanTravelTime="327.61" meanSpeed="16.36" meanSpeedRelative="0.51" duration="5"/>
    <step time="51300.00" loaded="57518" inserted="53832" running="805" waiting="3686" ended="53027" arrived="53027" collisions="115" teleports="115" halting="15" stopped="0" meanWaitingTime="524.43" meanTravelTime="328.62" meanSpeed="14.98" meanSpeedRelative="0.47" duration="7"/>
    <step time="51600.00" loaded="58228" inserted="54325" running="792" waiting="3903" ended="53533" arrived="53533" collisions="115" teleports="115" halting="4" stopped="0" meanWaitingTime="528.63" meanTravelTime="329.84" meanSpeed="15.44" meanSpeedRelative="0.48" duration="5"/>
    <step time="51900.00" loaded="58903" inserted="54828" running="781" waiting="4075" ended="54047" arrived="54047" collisions="118" teleports="118" halting="14" stopped="0" meanWaitingTime="535.92" meanTravelTime="331.07" meanSpeed="14.34" meanSpeedRelative="0.45" duration="5"/>
    <step time="52200.00" loaded="59677" inserted="55394" running="848" waiting="4283" ended="54546" arrived="54546" collisions="118" teleports="118" halting="22" stopped="0" meanWaitingTime="542.36" meanTravelTime="332.29" meanSpeed="14.38" meanSpeedRelative="0.45" duration="6"/>
    <step time="52500.00" loaded="60388" inserted="55930" running="882" waiting="4458" ended="55048" arrived="55048" collisions="119" teleports="119" halting="8" stopped="0" meanWaitingTime="548.40" meanTravelTime="333.39" meanSpeed="13.47" meanSpeedRelative="0.42" duration="6"/>
    <step time="52800.00" loaded="61115" inserted="56459" running="897" waiting="4656" ended="55562" arrived="55562" collisions="120" teleports="120" halting="29" stopped="0" meanWaitingTime="555.45" meanTravelTime="335.05" meanSpeed="13.14" meanSpeedRelative="0.41" duration="9"/>
    <step time="53100.00" loaded="61865" inserted="56988" running="920" waiting="4877" ended="56068" arrived="56068" collisions="120" teleports="120" halting="20" stopped="0" meanWaitingTime="561.46" meanTravelTime="336.57" meanSpeed="13.15" meanSpeedRelative="0.41" duration="8"/>
    <step time="53400.00" loaded="62592" inserted="57501" running="922" waiting="5091" ended="56579" arrived="56579" collisions="120" teleports="120" halting="27" stopped="0" meanWaitingTime="568.47" meanTravelTime="338.10" meanSpeed="12.98" meanSpeedRelative="0.41" duration="7"/>
    <step time="53700.00" loaded="63311" inserted="58016" running="925" waiting="5295" ended="57091" arrived="57091" collisions="121" teleports="121" halting="9" stopped="0" meanWaitingTime="576.71" meanTravelTime="339.52" meanSpeed="12.56" meanSpeedRelative="0.39" duration="8"/>
    <step time="54000.00" loaded="64054" inserted="58524" running="912" waiting="5530" ended="57612" arrived="57612" collisions="124" teleports="124" halting="22" stopped="0" meanWaitingTime="585.70" meanTravelTime="341.48" meanSpeed="12.66" meanSpeedRelative="0.40" duration="94"/>
    <step time="54300.00" loaded="64513" inserted="58977" running="876" waiting="5536" ended="58101" arrived="58101" collisions="126" teleports="126" halting="36" stopped="0" meanWaitingTime="594.07" meanTravelTime="343.34" meanSpeed="12.71" meanSpeedRelative="0.40" duration="6"/>
    <step time="54600.00" loaded="64982" inserted="59464" running="868" waiting="5518" ended="58596" arrived="58596" collisions="127" teleports="127" halting="24" stopped="0" meanWaitingTime="604.08" meanTravelTime="345.13" meanSpeed="12.69" meanSpeedRelative="0.40" duration="7"/>
    <step time="54900.00" loaded="65462" inserted="59945" running="848" waiting="5517" ended="59097" arrived="59097" collisions="128" teleports="128" halting="20" stopped="0" meanWaitingTime="616.49" meanTravelTime="346.37" meanSpeed="13.07" meanSpeedRelative="0.41" duration="8"/>
    <step time="55200.00" loaded="65911" inserted="60398" running="783" waiting="5513" ended="59615" arrived="59615" collisions="129" teleports="129" halting="4" stopped="0" meanWaitingTime="630.48" meanTravelTime="347.91" meanSpeed="14.32" meanSpeedRelative="0.45" duration="6"/>
    <step time="55500.00" loaded="66361" inserted="60851" running="755" waiting="5510" ended="60096" arrived="60096" collisions="133" teleports="133" halting="33" stopped="0" meanWaitingTime="644.08" meanTravelTime="349.15" meanSpeed="13.66" meanSpeedRelative="0.43" duration="8"/>
    <step time="55800.00" loaded="66834" inserted="61303" running="743" waiting="5531" ended="60560" arrived="60560" collisions="134" teleports="134" halting="33" stopped="0" meanWaitingTime="657.09" meanTravelTime="350.15" meanSpeed="14.66" meanSpeedRelative="0.46" duration="5"/>
    <step time="56100.00" loaded="67284" inserted="61745" running="685" waiting="5539" ended="61060" arrived="61060" collisions="135" teleports="135" halting="11" stopped="0" meanWaitingTime="671.67" meanTravelTime="351.52" meanSpeed="15.33" meanSpeedRelative="0.48" duration="6"/>
    <step time="56400.00" loaded="67713" inserted="62198" running="681" waiting="5515" ended="61517" arrived="61517" collisions="138" teleports="138" halting="19" stopped="0" meanWaitingTime="685.50" meanTravelTime="352.53" meanSpeed="14.97" meanSpeedRelative="0.47" duration="8"/>
    <step time="56700.00" loaded="68195" inserted="62662" running="683" waiting="5533" ended="61979" arrived="61979" collisions="143" teleports="143" halting="6" stopped="0" meanWaitingTime="696.69" meanTravelTime="353.50" meanSpeed="15.71" meanSpeedRelative="0.49" duration="7"/>
    <step time="57000.00" loaded="68631" inserted="63125" running="658" waiting="5506" ended="62467" arrived="62467" collisions="143" teleports="143" halting="3" stopped="0" meanWaitingTime="711.73" meanTravelTime="354.23" meanSpeed="15.93" meanSpeedRelative="0.50" duration="7"/>
    <step time="57300.00" loaded="69093" inserted="63599" running="662" waiting="5494" ended="62937" arrived="62937" collisions="144" teleports="144" halting="18" stopped="0" meanWaitingTime="725.48" meanTravelTime="354.75" meanSpeed="15.73" meanSpeedRelative="0.49" duration="6"/>
    <step time="57600.00" loaded="69550" inserted="64056" running="666" waiting="5494" ended="63390" arrived="63390" collisions="147" teleports="147" halting="22" stopped="0" meanWaitingTime="739.62" meanTravelTime="355.13" meanSpeed="16.05" meanSpeedRelative="0.50" duration="89"/>
    <step time="57900.00" loaded="70123" inserted="64567" running="709" waiting="5556" ended="63858" arrived="63858" collisions="150" teleports="150" halting="23" stopped="0" meanWaitingTime="754.86" meanTravelTime="355.65" meanSpeed="15.93" meanSpeedRelative="0.50" duration="6"/>
    <step time="58200.00" loaded="70623" inserted="65041" running="702" waiting="5582" ended="64339" arrived="64339" collisions="151" teleports="151" halting="12" stopped="0" meanWaitingTime="767.20" meanTravelTime="356.26" meanSpeed="15.94" meanSpeedRelative="0.50" duration="7"/>
    <step time="58500.00" loaded="71182" inserted="65533" running="703" waiting="5649" ended="64830" arrived="64830" collisions="152" teleports="152" halting="10" stopped="0" meanWaitingTime="779.13" meanTravelTime="356.95" meanSpeed="16.15" meanSpeedRelative="0.50" duration="7"/>
    <step time="58800.00" loaded="71733" inserted="66031" running="704" waiting="5702" ended="65327" arrived="65327" collisions="154" teleports="154" halting="7" stopped="0" meanWaitingTime="792.61" meanTravelTime="357.32" meanSpeed="15.82" meanSpeedRelative="0.49" duration="6"/>
    <step time="59100.00" loaded="72304" inserted="66536" running="716" waiting="5768" ended="65820" arrived="65820" collisions="160" teleports="160" halting="9" stopped="0" meanWaitingTime="805.65" meanTravelTime="357.74" meanSpeed="15.42" meanSpeedRelative="0.48" duration="9"/>
    <step time="59400.00" loaded="72876" inserted="67071" running="749" waiting="5805" ended="66322" arrived="66322" collisions="162" teleports="162" halting="5" stopped="0" meanWaitingTime="819.04" meanTravelTime="358.23" meanSpeed="15.55" meanSpeedRelative="0.49" duration="6"/>
    <step time="59700.00" loaded="73451" inserted="67574" running="750" waiting="5877" ended="66824" arrived="66824" collisions="163" teleports="163" halting="13" stopped="0" meanWaitingTime="832.60" meanTravelTime="358.67" meanSpeed="14.95" meanSpeedRelative="0.47" duration="6"/>
    <step time="60000.00" loaded="73995" inserted="68039" running="749" waiting="5956" ended="67290" arrived="67290" collisions="167" teleports="167" halting="8" stopped="0" meanWaitingTime="845.10" meanTravelTime="359.46" meanSpeed="15.29" meanSpeedRelative="0.48" duration="9"/>
    <step time="60300.00" loaded="74601" inserted="68539" running="764" waiting="6062" ended="67775" arrived="67775" collisions="169" teleports="169" halting="33" stopped="0" meanWaitingTime="858.01" meanTravelTime="360.11" meanSpeed="14.96" meanSpeedRelative="0.47" duration="8"/>
    <step time="60600.00" loaded="75163" inserted="69019" running="778" waiting="6144" ended="68241" arrived="68241" collisions="171" teleports="171" halting="20" stopped="0" meanWaitingTime="867.51" meanTravelTime="360.91" meanSpeed="14.79" meanSpeedRelative="0.46" duration="8"/>
    <step time="60900.00" loaded="75726" inserted="69481" running="761" waiting="6245" ended="68720" arrived="68720" collisions="171" teleports="171" halting="9" stopped="0" meanWaitingTime="878.58" meanTravelTime="361.75" meanSpeed="15.35" meanSpeedRelative="0.48" duration="9"/>
    <step time="61200.00" loaded="76269" inserted="69984" running="774" waiting="6285" ended="69210" arrived="69210" collisions="171" teleports="171" halting="21" stopped="0" meanWaitingTime="890.49" meanTravelTime="362.61" meanSpeed="14.72" meanSpeedRelative="0.46" duration="86"/>
    <step time="61500.00" loaded="76331" inserted="70299" running="654" waiting="6032" ended="69645" arrived="69645" collisions="174" teleports="174" halting="2" stopped="0" meanWaitingTime="903.90" meanTravelTime="363.52" meanSpeed="15.02" meanSpeedRelative="0.47" duration="5"/>
    <step time="61800.00" loaded="76417" inserted="70664" running="598" waiting="5753" ended="70066" arrived="70066" collisions="175" teleports="175" halting="17" stopped="0" meanWaitingTime="922.24" meanTravelTime="364.48" meanSpeed="15.33" meanSpeedRelative="0.48" duration="5"/>
    <step time="62100.00" loaded="76481" inserted="71011" running="542" waiting="5470" ended="70469" arrived="70469" collisions="175" teleports="175" halting="17" stopped="0" meanWaitingTime="939.13" meanTravelTime="365.30" meanSpeed="16.09" meanSpeedRelative="0.50" duration="6"/>
    <step time="62400.00" loaded="76557" inserted="71358" running="500" waiting="5199" ended="70858" arrived="70858" collisions="175" teleports="175" halting="3" stopped="0" meanWaitingTime="954.76" meanTravelTime="365.98" meanSpeed="17.60" meanSpeedRelative="0.55" duration="7"/>
    <step time="62700.00" loaded="76624" inserted="71719" running="521" waiting="4905" ended="71198" arrived="71198" collisions="176" teleports="176" halting="4" stopped="0" meanWaitingTime="971.68" meanTravelTime="366.45" meanSpeed="17.04" meanSpeedRelative="0.53" duration="4"/>
    <step time="63000.00" loaded="76692" inserted="72058" running="487" waiting="4634" ended="71571" arrived="71571" collisions="178" teleports="178" halting="4" stopped="0" meanWaitingTime="987.48" meanTravelTime="366.84" meanSpeed="17.33" meanSpeedRelative="0.54" duration="3"/>
    <step time="63300.00" loaded="76767" inserted="72371" running="420" waiting="4396" ended="71951" arrived="71951" collisions="180" teleports="180" halting="2" stopped="0" meanWaitingTime="1004.45" meanTravelTime="367.17" meanSpeed="18.16" meanSpeedRelative="0.57" duration="3"/>
    <step time="63600.00" loaded="76856" inserted="72674" running="361" waiting="4182" ended="72313" arrived="72313" collisions="181" teleports="181" halting="3" stopped="0" meanWaitingTime="1022.17" meanTravelTime="367.32" meanSpeed="19.02" meanSpeedRelative="0.59" duration="3"/>
    <step time="63900.00" loaded="76935" inserted="72978" running="323" waiting="3957" ended="72655" arrived="72655" collisions="181" teleports="181" halting="4" stopped="0" meanWaitingTime="1038.04" meanTravelTime="367.23" meanSpeed="20.13" meanSpeedRelative="0.63" duration="3"/>
    <step time="64200.00" loaded="77003" inserted="73305" running="333" waiting="3698" ended="72972" arrived="72972" collisions="181" teleports="181" halting="8" stopped="0" meanWaitingTime="1057.55" meanTravelTime="367.03" meanSpeed="19.78" meanSpeedRelative="0.62" duration="2"/>
    <step time="64500.00" loaded="77065" inserted="73609" running="308" waiting="3456" ended="73301" arrived="73301" collisions="181" teleports="181" halting="1" stopped="0" meanWaitingTime="1073.30" meanTravelTime="366.72" meanSpeed="20.81" meanSpeedRelative="0.65" duration="3"/>
    <step time="64800.00" loaded="77118" inserted="73887" running="290" waiting="3231" ended="73597" arrived="73597" collisions="182" teleports="182" halting="1" stopped="0" meanWaitingTime="1087.09" meanTravelTime="366.47" meanSpeed="20.71" meanSpeedRelative="0.65" duration="97"/>
    <step time="65100.00" loaded="77168" inserted="74103" running="233" waiting="3065" ended="73870" arrived="73870" collisions="182" teleports="182" halting="2" stopped="0" meanWaitingTime="1101.81" meanTravelTime="366.22" meanSpeed="21.99" meanSpeedRelative="0.69" duration="2"/>
    <step time="65400.00" loaded="77209" inserted="74303" running="219" waiting="2906" ended="74084" arrived="74084" collisions="182" teleports="182" halting="2" stopped="0" meanWaitingTime="1118.47" meanTravelTime="366.12" meanSpeed="21.87" meanSpeedRelative="0.68" duration="2"/>
    <step time="65700.00" loaded="77269" inserted="74512" running="216" waiting="2757" ended="74296" arrived="74296" collisions="183" teleports="183" halting="3" stopped="0" meanWaitingTime="1134.63" meanTravelTime="366.00" meanSpeed="22.49" meanSpeedRelative="0.70" duration="3"/>
    <step time="66000.00" loaded="77311" inserted="74714" running="197" waiting="2597" ended="74517" arrived="74517" collisions="183" teleports="183" halting="1" stopped="0" meanWaitingTime="1149.15" meanTravelTime="365.93" meanSpeed="21.61" meanSpeedRelative="0.68" duration="3"/>
    <step time="66300.00" loaded="77362" inserted="74904" running="182" waiting="2458" ended="74722" arrived="74722" collisions="183" teleports="183" halting="2" stopped="0" meanWaitingTime="1162.00" meanTravelTime="365.71" meanSpeed="22.23" meanSpeedRelative="0.69" duration="2"/>
    <step time="66600.00" loaded="77417" inserted="75055" running="117" waiting="2362" ended="74938" arrived="74938" collisions="183" teleports="183" halting="2" stopped="0" meanWaitingTime="1175.46" meanTravelTime="365.46" meanSpeed="22.01" meanSpeedRelative="0.69" duration="1"/>
    <step time="66900.00" loaded="77472" inserted="75203" running="111" waiting="2269" ended="75092" arrived="75092" collisions="183" teleports="183" halting="2" stopped="0" meanWaitingTime="1188.29" meanTravelTime="365.20" meanSpeed="22.08" meanSpeedRelative="0.69" duration="2"/>
    <step time="67200.00" loaded="77526" inserted="75350" running="106" waiting="2176" ended="75244" arrived="75244" collisions="183" teleports="183" halting="2" stopped="0" meanWaitingTime="1200.62" meanTravelTime="364.91" meanSpeed="21.92" meanSpeedRelative="0.69" duration="1"/>
    <step time="67500.00" loaded="77575" inserted="75495" running="102" waiting="2080" ended="75393" arrived="75393" collisions="183" teleports="183" halting="0" stopped="0" meanWaitingTime="1213.48" meanTravelTime="364.64" meanSpeed="20.86" meanSpeedRelative="0.65" duration="1"/>
    <step time="67800.00" loaded="77631" inserted="75643" running="114" waiting="1988" ended="75529" arrived="75529" collisions="183" teleports="183" halting="3" stopped="0" meanWaitingTime="1223.82" meanTravelTime="364.35" meanSpeed="22.44" meanSpeedRelative="0.70" duration="0"/>
    <step time="68100.00" loaded="77680" inserted="75762" running="94" waiting="1918" ended="75668" arrived="75668" collisions="183" teleports="183" halting="5" stopped="0" meanWaitingTime="1232.21" meanTravelTime="364.15" meanSpeed="23.09" meanSpeedRelative="0.72" duration="1"/>
    <step time="68400.00" loaded="77716" inserted="75837" running="87" waiting="1879" ended="75750" arrived="75750" collisions="183" teleports="183" halting="3" stopped="0" meanWaitingTime="1241.20" meanTravelTime="364.04" meanSpeed="24.09" meanSpeedRelative="0.75" duration="91"/>
    <step time="68700.00" loaded="77870" inserted="76016" running="152" waiting="1854" ended="75864" arrived="75864" collisions="183" teleports="183" halting="0" stopped="0" meanWaitingTime="1247.70" meanTravelTime="363.96" meanSpeed="23.14" meanSpeedRelative="0.72" duration="1"/>
    <step time="69000.00" loaded="78036" inserted="76209" running="183" waiting="1827" ended="76026" arrived="76026" collisions="185" teleports="185" halting="0" stopped="0" meanWaitingTime="1254.21" meanTravelTime="363.76" meanSpeed="23.33" meanSpeedRelative="0.73" duration="3"/>
    <step time="69300.00" loaded="78187" inserted="76388" running="190" waiting="1799" ended="76198" arrived="76198" collisions="185" teleports="185" halting="1" stopped="0" meanWaitingTime="1261.41" meanTravelTime="363.57" meanSpeed="23.58" meanSpeedRelative="0.74" duration="2"/>
    <step time="69600.00" loaded="78340" inserted="76557" running="180" waiting="1783" ended="76377" arrived="76377" collisions="185" teleports="185" halting="0" stopped="0" meanWaitingTime="1268.02" meanTravelTime="363.43" meanSpeed="23.73" meanSpeedRelative="0.74" duration="2"/>
    <step time="69900.00" loaded="78495" inserted="76740" running="174" waiting="1755" ended="76566" arrived="76566" collisions="185" teleports="185" halting="1" stopped="0" meanWaitingTime="1274.69" meanTravelTime="363.32" meanSpeed="23.41" meanSpeedRelative="0.73" duration="2"/>
    <step time="70200.00" loaded="78658" inserted="76931" running="185" waiting="1727" ended="76746" arrived="76746" collisions="185" teleports="185" halting="2" stopped="0" meanWaitingTime="1280.97" meanTravelTime="363.14" meanSpeed="23.89" meanSpeedRelative="0.75" duration="2"/>
    <step time="70500.00" loaded="78839" inserted="77134" running="187" waiting="1705" ended="76947" arrived="76947" collisions="185" teleports="185" halting="1" stopped="0" meanWaitingTime="1287.07" meanTravelTime="362.92" meanSpeed="22.86" meanSpeedRelative="0.71" duration="1"/>
    <step time="70800.00" loaded="78995" inserted="77317" running="187" waiting="1678" ended="77130" arrived="77130" collisions="185" teleports="185" halting="0" stopped="0" meanWaitingTime="1293.98" meanTravelTime="362.73" meanSpeed="23.68" meanSpeedRelative="0.74" duration="2"/>
    <step time="71100.00" loaded="79134" inserted="77484" running="169" waiting="1650" ended="77315" arrived="77315" collisions="186" teleports="186" halting="1" stopped="0" meanWaitingTime="1300.41" meanTravelTime="362.58" meanSpeed="23.52" meanSpeedRelative="0.73" duration="1"/>
    <step time="71400.00" loaded="79295" inserted="77668" running="169" waiting="1627" ended="77499" arrived="77499" collisions="186" teleports="186" halting="1" stopped="0" meanWaitingTime="1307.07" meanTravelTime="362.45" meanSpeed="24.17" meanSpeedRelative="0.76" duration="2"/>
    <step time="71700.00" loaded="79426" inserted="77825" running="154" waiting="1601" ended="77671" arrived="77671" collisions="186" teleports="186" halting="1" stopped="0" meanWaitingTime="1314.20" meanTravelTime="362.31" meanSpeed="22.89" meanSpeedRelative="0.72" duration="2"/>
    <step time="72000.00" loaded="79590" inserted="78017" running="180" waiting="1573" ended="77837" arrived="77837" collisions="186" teleports="186" halting="1" stopped="0" meanWaitingTime="1320.53" meanTravelTime="362.13" meanSpeed="23.55" meanSpeedRelative="0.74" duration="83"/>
    <step time="72300.00" loaded="79721" inserted="78169" running="170" waiting="1552" ended="77999" arrived="77999" collisions="186" teleports="186" halting="2" stopped="0" meanWaitingTime="1327.03" meanTravelTime="361.97" meanSpeed="23.74" meanSpeedRelative="0.74" duration="1"/>
    <step time="72600.00" loaded="79856" inserted="78335" running="160" waiting="1521" ended="78175" arrived="78175" collisions="187" teleports="187" halting="1" stopped="0" meanWaitingTime="1334.34" meanTravelTime="361.85" meanSpeed="24.30" meanSpeedRelative="0.76" duration="2"/>
    <step time="72900.00" loaded="79984" inserted="78487" running="155" waiting="1497" ended="78332" arrived="78332" collisions="187" teleports="187" halting="4" stopped="0" meanWaitingTime="1341.66" meanTravelTime="361.72" meanSpeed="23.27" meanSpeedRelative="0.73" duration="2"/>
    <step time="73200.00" loaded="80127" inserted="78658" running="162" waiting="1469" ended="78496" arrived="78496" collisions="187" teleports="187" halting="1" stopped="0" meanWaitingTime="1348.44" meanTravelTime="361.57" meanSpeed="23.10" meanSpeedRelative="0.72" duration="2"/>
    <step time="73500.00" loaded="80262" inserted="78821" running="168" waiting="1441" ended="78653" arrived="78653" collisions="188" teleports="188" halting="0" stopped="0" meanWaitingTime="1354.61" meanTravelTime="361.40" meanSpeed="23.05" meanSpeedRelative="0.72" duration="2"/>
    <step time="73800.00" loaded="80388" inserted="78968" running="141" waiting="1420" ended="78827" arrived="78827" collisions="188" teleports="188" halting="0" stopped="0" meanWaitingTime="1361.07" meanTravelTime="361.27" meanSpeed="23.28" meanSpeedRelative="0.73" duration="2"/>
    <step time="74100.00" loaded="80546" inserted="79152" running="163" waiting="1394" ended="78989" arrived="78989" collisions="189" teleports="189" halting="1" stopped="0" meanWaitingTime="1367.94" meanTravelTime="361.12" meanSpeed="23.81" meanSpeedRelative="0.74" duration="1"/>
    <step time="74400.00" loaded="80686" inserted="79319" running="156" waiting="1367" ended="79163" arrived="79163" collisions="189" teleports="189" halting="0" stopped="0" meanWaitingTime="1374.59" meanTravelTime="360.96" meanSpeed="24.37" meanSpeedRelative="0.76" duration="1"/>
    <step time="74700.00" loaded="80819" inserted="79480" running="156" waiting="1339" ended="79324" arrived="79324" collisions="189" teleports="189" halting="2" stopped="0" meanWaitingTime="1381.65" meanTravelTime="360.81" meanSpeed="24.08" meanSpeedRelative="0.75" duration="1"/>
    <step time="75000.00" loaded="80937" inserted="79622" running="142" waiting="1315" ended="79480" arrived="79480" collisions="189" teleports="189" halting="1" stopped="0" meanWaitingTime="1388.76" meanTravelTime="360.68" meanSpeed="23.69" meanSpeedRelative="0.74" duration="1"/>
    <step time="75300.00" loaded="81080" inserted="79786" running="153" waiting="1294" ended="79633" arrived="79633" collisions="189" teleports="189" halting="1" stopped="0" meanWaitingTime="1396.25" meanTravelTime="360.53" meanSpeed="24.30" meanSpeedRelative="0.76" duration="1"/>
    <step time="75600.00" loaded="81226" inserted="79958" running="154" waiting="1268" ended="79804" arrived="79804" collisions="190" teleports="190" halting="0" stopped="0" meanWaitingTime="1403.04" meanTravelTime="360.34" meanSpeed="23.50" meanSpeedRelative="0.73" duration="83"/>
    <step time="75900.00" loaded="81412" inserted="80164" running="184" waiting="1248" ended="79980" arrived="79980" collisions="191" teleports="191" halting="1" stopped="0" meanWaitingTime="1409.20" meanTravelTime="360.17" meanSpeed="22.94" meanSpeedRelative="0.72" duration="1"/>
    <step time="76200.00" loaded="81625" inserted="80395" running="220" waiting="1230" ended="80175" arrived="80175" collisions="191" teleports="191" halting="1" stopped="0" meanWaitingTime="1415.38" meanTravelTime="359.97" meanSpeed="24.20" meanSpeedRelative="0.76" duration="1"/>
    <step time="76500.00" loaded="81820" inserted="80610" running="200" waiting="1210" ended="80410" arrived="80410" collisions="191" teleports="191" halting="3" stopped="0" meanWaitingTime="1421.05" meanTravelTime="359.72" meanSpeed="23.71" meanSpeedRelative="0.74" duration="1"/>
    <step time="76800.00" loaded="82035" inserted="80841" running="212" waiting="1194" ended="80629" arrived="80629" collisions="191" teleports="191" halting="0" stopped="0" meanWaitingTime="1427.17" meanTravelTime="359.55" meanSpeed="23.07" meanSpeedRelative="0.72" duration="2"/>
    <step time="77100.00" loaded="82219" inserted="81043" running="209" waiting="1176" ended="80834" arrived="80834" collisions="191" teleports="191" halting="1" stopped="0" meanWaitingTime="1433.24" meanTravelTime="359.33" meanSpeed="23.11" meanSpeedRelative="0.72" duration="2"/>
    <step time="77400.00" loaded="82406" inserted="81255" running="187" waiting="1151" ended="81068" arrived="81068" collisions="191" teleports="191" halting="1" stopped="0" meanWaitingTime="1439.12" meanTravelTime="359.09" meanSpeed="23.27" meanSpeedRelative="0.73" duration="3"/>
    <step time="77700.00" loaded="82617" inserted="81487" running="217" waiting="1130" ended="81270" arrived="81270" collisions="191" teleports="191" halting="2" stopped="0" meanWaitingTime="1444.87" meanTravelTime="358.93" meanSpeed="23.39" meanSpeedRelative="0.73" duration="1"/>
    <step time="78000.00" loaded="82798" inserted="81693" running="211" waiting="1105" ended="81482" arrived="81482" collisions="191" teleports="191" halting="3" stopped="0" meanWaitingTime="1450.84" meanTravelTime="358.72" meanSpeed="24.00" meanSpeedRelative="0.75" duration="1"/>
    <step time="78300.00" loaded="82980" inserted="81899" running="196" waiting="1081" ended="81703" arrived="81703" collisions="191" teleports="191" halting="2" stopped="0" meanWaitingTime="1456.80" meanTravelTime="358.54" meanSpeed="23.80" meanSpeedRelative="0.74" duration="1"/>
    <step time="78600.00" loaded="83195" inserted="82132" running="210" waiting="1063" ended="81922" arrived="81922" collisions="192" teleports="192" halting="1" stopped="0" meanWaitingTime="1461.77" meanTravelTime="358.37" meanSpeed="23.20" meanSpeedRelative="0.73" duration="1"/>
    <step time="78900.00" loaded="83382" inserted="82340" running="193" waiting="1042" ended="82147" arrived="82147" collisions="192" teleports="192" halting="2" stopped="0" meanWaitingTime="1467.65" meanTravelTime="358.13" meanSpeed="23.78" meanSpeedRelative="0.74" duration="1"/>
    <step time="79200.00" loaded="83552" inserted="82531" running="174" waiting="1021" ended="82357" arrived="82357" collisions="192" teleports="192" halting="3" stopped="0" meanWaitingTime="1473.81" meanTravelTime="357.93" meanSpeed="23.85" meanSpeedRelative="0.75" duration="84"/>
    <step time="79500.00" loaded="83744" inserted="82747" running="200" waiting="997" ended="82547" arrived="82547" collisions="192" teleports="192" halting="2" stopped="0" meanWaitingTime="1480.02" meanTravelTime="357.74" meanSpeed="23.67" meanSpeedRelative="0.74" duration="1"/>
    <step time="79800.00" loaded="83927" inserted="82951" running="206" waiting="976" ended="82745" arrived="82745" collisions="193" teleports="193" halting="2" stopped="0" meanWaitingTime="1486.42" meanTravelTime="357.58" meanSpeed="23.41" meanSpeedRelative="0.73" duration="1"/>
    <step time="80100.00" loaded="84113" inserted="83154" running="209" waiting="959" ended="82945" arrived="82945" collisions="193" teleports="193" halting="0" stopped="0" meanWaitingTime="1492.08" meanTravelTime="357.37" meanSpeed="23.48" meanSpeedRelative="0.73" duration="2"/>
    <step time="80400.00" loaded="84283" inserted="83338" running="197" waiting="945" ended="83141" arrived="83141" collisions="193" teleports="193" halting="2" stopped="0" meanWaitingTime="1497.55" meanTravelTime="357.22" meanSpeed="23.65" meanSpeedRelative="0.74" duration="1"/>
    <step time="80700.00" loaded="84457" inserted="83541" running="176" waiting="916" ended="83365" arrived="83365" collisions="193" teleports="193" halting="1" stopped="0" meanWaitingTime="1503.64" meanTravelTime="357.11" meanSpeed="24.00" meanSpeedRelative="0.75" duration="2"/>
    <step time="81000.00" loaded="84606" inserted="83720" running="176" waiting="886" ended="83544" arrived="83544" collisions="193" teleports="193" halting="0" stopped="0" meanWaitingTime="1509.89" meanTravelTime="356.89" meanSpeed="24.08" meanSpeedRelative="0.75" duration="2"/>
    <step time="81300.00" loaded="84792" inserted="83936" running="193" waiting="856" ended="83743" arrived="83743" collisions="193" teleports="193" halting="0" stopped="0" meanWaitingTime="1516.00" meanTravelTime="356.71" meanSpeed="24.11" meanSpeedRelative="0.75" duration="1"/>
    <step time="81600.00" loaded="84952" inserted="84126" running="198" waiting="826" ended="83928" arrived="83928" collisions="193" teleports="193" halting="1" stopped="0" meanWaitingTime="1521.82" meanTravelTime="356.53" meanSpeed="23.52" meanSpeedRelative="0.73" duration="1"/>
    <step time="81900.00" loaded="85147" inserted="84342" running="213" waiting="805" ended="84129" arrived="84129" collisions="193" teleports="193" halting="2" stopped="0" meanWaitingTime="1527.17" meanTravelTime="356.39" meanSpeed="23.18" meanSpeedRelative="0.72" duration="2"/>
    <step time="82200.00" loaded="85329" inserted="84547" running="205" waiting="782" ended="84342" arrived="84342" collisions="193" teleports="193" halting="1" stopped="0" meanWaitingTime="1532.97" meanTravelTime="356.32" meanSpeed="23.15" meanSpeedRelative="0.72" duration="1"/>
    <step time="82500.00" loaded="85501" inserted="84745" running="207" waiting="756" ended="84538" arrived="84538" collisions="193" teleports="193" halting="1" stopped="0" meanWaitingTime="1539.02" meanTravelTime="356.18" meanSpeed="22.87" meanSpeedRelative="0.71" duration="2"/>
</summary>
