<?xml version="1.0" encoding="UTF-8"?>

<!-- generated on 2025-08-08 17:37:19 by Eclipse SUMO sumo Version 1.23.1
<sumoConfiguration xmlns:xsi="http://www.w3.org/2001/XMLSchema-instance" xsi:noNamespaceSchemaLocation="http://sumo.dlr.de/xsd/sumoConfiguration.xsd">

    <input>
        <net-file value="Desktop\Master Thesis\Network_fin.net.xml"/>
        <route-files value="Desktop\Master Thesis\demand_model_amsterdam.rou.xml"/>
        <additional-files value="Desktop\Master Thesis\Additionnal.add.xml"/>
    </input>

    <output>
        <summary-output value="outputf\summary_metaline_72390.xml"/>
        <summary-output.period value="300"/>
        <tripinfo-output value="outputf\tripinfo_metaline_72390.xml"/>
    </output>

    <time>
        <begin value="0"/>
        <end value="82800"/>
        <step-length value="1"/>
    </time>

    <processing>
        <time-to-teleport value="-1"/>
    </processing>

    <report>
        <verbose value="true"/>
        <no-step-log value="true"/>
    </report>

    <emissions>
        <device.emissions.period value="10"/>
    </emissions>

    <traci_server>
        <remote-port value="56500"/>
    </traci_server>

    <random_number>
        <seed value="72390"/>
    </random_number>

</sumoConfiguration>
-->

<summary xmlns:xsi="http://www.w3.org/2001/XMLSchema-instance" xsi:noNamespaceSchemaLocation="http://sumo.dlr.de/xsd/summary_file.xsd">
    <step time="0.00" loaded="1" inserted="1" running="1" waiting="0" ended="0" arrived="0" collisions="0" teleports="0" halting="1" stopped="0" meanWaitingTime="0.00" meanTravelTime="-1.00" meanSpeed="0.00" meanSpeedRelative="0.00" duration="1"/>
    <step time="300.00" loaded="188" inserted="188" running="115" waiting="0" ended="73" arrived="73" collisions="0" teleports="0" halting="0" stopped="0" meanWaitingTime="0.41" meanTravelTime="90.78" meanSpeed="25.29" meanSpeedRelative="0.79" duration="1"/>
    <step time="600.00" loaded="368" inserted="368" running="162" waiting="0" ended="206" arrived="206" collisions="0" teleports="0" halting="0" stopped="0" meanWaitingTime="0.37" meanTravelTime="151.39" meanSpeed="25.51" meanSpeedRelative="0.80" duration="1"/>
    <step time="900.00" loaded="533" inserted="533" running="152" waiting="0" ended="381" arrived="381" collisions="0" teleports="0" halting="0" stopped="0" meanWaitingTime="0.38" meanTravelTime="199.27" meanSpeed="24.81" meanSpeedRelative="0.78" duration="1"/>
    <step time="1200.00" loaded="720" inserted="720" running="164" waiting="0" ended="556" arrived="556" collisions="1" teleports="1" halting="0" stopped="0" meanWaitingTime="0.36" meanTravelTime="216.79" meanSpeed="25.44" meanSpeedRelative="0.79" duration="1"/>
    <step time="1500.00" loaded="905" inserted="905" running="149" waiting="0" ended="756" arrived="756" collisions="1" teleports="1" halting="0" stopped="0" meanWaitingTime="0.43" meanTravelTime="226.28" meanSpeed="25.55" meanSpeedRelative="0.80" duration="1"/>
    <step time="1800.00" loaded="1069" inserted="1069" running="142" waiting="0" ended="927" arrived="927" collisions="2" teleports="2" halting="0" stopped="0" meanWaitingTime="0.43" meanTravelTime="238.38" meanSpeed="25.99" meanSpeedRelative="0.81" duration="1"/>
    <step time="2100.00" loaded="1244" inserted="1244" running="144" waiting="0" ended="1100" arrived="1100" collisions="2" teleports="2" halting="0" stopped="0" meanWaitingTime="0.41" meanTravelTime="240.77" meanSpeed="26.35" meanSpeedRelative="0.82" duration="1"/>
    <step time="2400.00" loaded="1438" inserted="1437" running="146" waiting="1" ended="1291" arrived="1291" collisions="2" teleports="2" halting="2" stopped="0" meanWaitingTime="0.41" meanTravelTime="244.56" meanSpeed="24.21" meanSpeedRelative="0.76" duration="1"/>
    <step time="2700.00" loaded="1610" inserted="1610" running="150" waiting="0" ended="1460" arrived="1460" collisions="2" teleports="2" halting="3" stopped="0" meanWaitingTime="0.41" meanTravelTime="243.48" meanSpeed="25.50" meanSpeedRelative="0.80" duration="1"/>
    <step time="3000.00" loaded="1799" inserted="1799" running="147" waiting="0" ended="1652" arrived="1652" collisions="2" teleports="2" halting="1" stopped="0" meanWaitingTime="0.42" meanTravelTime="241.81" meanSpeed="24.77" meanSpeedRelative="0.77" duration="1"/>
    <step time="3300.00" loaded="2004" inserted="2003" running="177" waiting="1" ended="1826" arrived="1826" collisions="2" teleports="2" halting="1" stopped="0" meanWaitingTime="0.41" meanTravelTime="243.84" meanSpeed="24.96" meanSpeedRelative="0.78" duration="1"/>
    <step time="3600.00" loaded="2170" inserted="2170" running="154" waiting="0" ended="2016" arrived="2016" collisions="2" teleports="2" halting="2" stopped="0" meanWaitingTime="0.41" meanTravelTime="245.74" meanSpeed="24.59" meanSpeedRelative="0.77" duration="85"/>
    <step time="3900.00" loaded="2281" inserted="2281" running="103" waiting="0" ended="2178" arrived="2178" collisions="2" teleports="2" halting="3" stopped="0" meanWaitingTime="0.39" meanTravelTime="250.43" meanSpeed="24.79" meanSpeedRelative="0.77" duration="1"/>
    <step time="4200.00" loaded="2402" inserted="2402" running="103" waiting="0" ended="2299" arrived="2299" collisions="2" teleports="2" halting="1" stopped="0" meanWaitingTime="0.38" meanTravelTime="251.82" meanSpeed="24.65" meanSpeedRelative="0.77" duration="0"/>
    <step time="4500.00" loaded="2493" inserted="2493" running="91" waiting="0" ended="2402" arrived="2402" collisions="2" teleports="2" halting="0" stopped="0" meanWaitingTime="0.37" meanTravelTime="254.13" meanSpeed="26.43" meanSpeedRelative="0.83" duration="1"/>
    <step time="4800.00" loaded="2604" inserted="2604" running="93" waiting="0" ended="2511" arrived="2511" collisions="2" teleports="2" halting="0" stopped="0" meanWaitingTime="0.36" meanTravelTime="255.46" meanSpeed="25.51" meanSpeedRelative="0.80" duration="1"/>
    <step time="5100.00" loaded="2720" inserted="2720" running="89" waiting="0" ended="2631" arrived="2631" collisions="2" teleports="2" halting="4" stopped="0" meanWaitingTime="0.37" meanTravelTime="255.66" meanSpeed="24.61" meanSpeedRelative="0.77" duration="0"/>
    <step time="5400.00" loaded="2823" inserted="2823" running="85" waiting="0" ended="2738" arrived="2738" collisions="2" teleports="2" halting="1" stopped="0" meanWaitingTime="0.36" meanTravelTime="256.28" meanSpeed="24.31" meanSpeedRelative="0.76" duration="1"/>
    <step time="5700.00" loaded="2925" inserted="2925" running="71" waiting="0" ended="2854" arrived="2854" collisions="2" teleports="2" halting="0" stopped="0" meanWaitingTime="0.35" meanTravelTime="253.86" meanSpeed="26.00" meanSpeedRelative="0.81" duration="1"/>
    <step time="6000.00" loaded="3024" inserted="3024" running="80" waiting="0" ended="2944" arrived="2944" collisions="2" teleports="2" halting="1" stopped="0" meanWaitingTime="0.34" meanTravelTime="254.13" meanSpeed="26.07" meanSpeedRelative="0.81" duration="1"/>
    <step time="6300.00" loaded="3119" inserted="3119" running="85" waiting="0" ended="3034" arrived="3034" collisions="2" teleports="2" halting="0" stopped="0" meanWaitingTime="0.34" meanTravelTime="254.11" meanSpeed="26.47" meanSpeedRelative="0.83" duration="0"/>
    <step time="6600.00" loaded="3242" inserted="3242" running="104" waiting="0" ended="3138" arrived="3138" collisions="2" teleports="2" halting="1" stopped="0" meanWaitingTime="0.33" meanTravelTime="254.23" meanSpeed="25.17" meanSpeedRelative="0.79" duration="0"/>
    <step time="6900.00" loaded="3342" inserted="3342" running="105" waiting="0" ended="3237" arrived="3237" collisions="2" teleports="2" halting="1" stopped="0" meanWaitingTime="0.33" meanTravelTime="254.44" meanSpeed="25.57" meanSpeedRelative="0.80" duration="0"/>
    <step time="7200.00" loaded="3460" inserted="3460" running="100" waiting="0" ended="3360" arrived="3360" collisions="2" teleports="2" halting="1" stopped="0" meanWaitingTime="0.32" meanTravelTime="255.48" meanSpeed="24.97" meanSpeedRelative="0.78" duration="85"/>
    <step time="7500.00" loaded="3604" inserted="3604" running="123" waiting="0" ended="3481" arrived="3481" collisions="2" teleports="2" halting="1" stopped="0" meanWaitingTime="0.32" meanTravelTime="254.94" meanSpeed="25.67" meanSpeedRelative="0.80" duration="1"/>
    <step time="7800.00" loaded="3779" inserted="3779" running="151" waiting="0" ended="3628" arrived="3628" collisions="2" teleports="2" halting="3" stopped="0" meanWaitingTime="0.35" meanTravelTime="254.53" meanSpeed="24.69" meanSpeedRelative="0.77" duration="1"/>
    <step time="8100.00" loaded="3929" inserted="3929" running="128" waiting="0" ended="3801" arrived="3801" collisions="2" teleports="2" halting="0" stopped="0" meanWaitingTime="0.35" meanTravelTime="253.88" meanSpeed="25.55" meanSpeedRelative="0.80" duration="0"/>
    <step time="8400.00" loaded="4074" inserted="4074" running="124" waiting="0" ended="3950" arrived="3950" collisions="2" teleports="2" halting="3" stopped="0" meanWaitingTime="0.37" meanTravelTime="254.14" meanSpeed="26.35" meanSpeedRelative="0.82" duration="1"/>
    <step time="8700.00" loaded="4230" inserted="4230" running="129" waiting="0" ended="4101" arrived="4101" collisions="2" teleports="2" halting="2" stopped="0" meanWaitingTime="0.37" meanTravelTime="253.76" meanSpeed="24.52" meanSpeedRelative="0.77" duration="1"/>
    <step time="9000.00" loaded="4386" inserted="4386" running="141" waiting="0" ended="4245" arrived="4245" collisions="2" teleports="2" halting="0" stopped="0" meanWaitingTime="0.37" meanTravelTime="253.73" meanSpeed="25.54" meanSpeedRelative="0.80" duration="1"/>
    <step time="9300.00" loaded="4560" inserted="4560" running="143" waiting="0" ended="4417" arrived="4417" collisions="2" teleports="2" halting="0" stopped="0" meanWaitingTime="0.37" meanTravelTime="253.78" meanSpeed="23.67" meanSpeedRelative="0.74" duration="1"/>
    <step time="9600.00" loaded="4706" inserted="4706" running="133" waiting="0" ended="4573" arrived="4573" collisions="2" teleports="2" halting="1" stopped="0" meanWaitingTime="0.38" meanTravelTime="254.53" meanSpeed="23.94" meanSpeedRelative="0.75" duration="1"/>
    <step time="9900.00" loaded="4847" inserted="4846" running="116" waiting="1" ended="4730" arrived="4730" collisions="2" teleports="2" halting="1" stopped="0" meanWaitingTime="0.37" meanTravelTime="254.57" meanSpeed="24.42" meanSpeedRelative="0.76" duration="1"/>
    <step time="10200.00" loaded="4993" inserted="4993" running="114" waiting="0" ended="4879" arrived="4879" collisions="2" teleports="2" halting="0" stopped="0" meanWaitingTime="0.38" meanTravelTime="253.70" meanSpeed="25.54" meanSpeedRelative="0.80" duration="0"/>
    <step time="10500.00" loaded="5126" inserted="5126" running="113" waiting="0" ended="5013" arrived="5013" collisions="2" teleports="2" halting="0" stopped="0" meanWaitingTime="0.38" meanTravelTime="253.16" meanSpeed="25.50" meanSpeedRelative="0.80" duration="1"/>
    <step time="10800.00" loaded="5278" inserted="5278" running="134" waiting="0" ended="5144" arrived="5144" collisions="2" teleports="2" halting="1" stopped="0" meanWaitingTime="0.38" meanTravelTime="253.17" meanSpeed="25.38" meanSpeedRelative="0.79" duration="85"/>
    <step time="11100.00" loaded="5418" inserted="5418" running="119" waiting="0" ended="5299" arrived="5299" collisions="2" teleports="2" halting="0" stopped="0" meanWaitingTime="0.37" meanTravelTime="253.22" meanSpeed="25.51" meanSpeedRelative="0.80" duration="0"/>
    <step time="11400.00" loaded="5571" inserted="5570" running="104" waiting="1" ended="5466" arrived="5466" collisions="2" teleports="2" halting="0" stopped="0" meanWaitingTime="0.38" meanTravelTime="252.66" meanSpeed="25.00" meanSpeedRelative="0.78" duration="0"/>
    <step time="11700.00" loaded="5728" inserted="5728" running="115" waiting="0" ended="5613" arrived="5613" collisions="2" teleports="2" halting="0" stopped="0" meanWaitingTime="0.38" meanTravelTime="251.58" meanSpeed="25.03" meanSpeedRelative="0.78" duration="1"/>
    <step time="12000.00" loaded="5865" inserted="5865" running="100" waiting="0" ended="5765" arrived="5765" collisions="2" teleports="2" halting="3" stopped="0" meanWaitingTime="0.38" meanTravelTime="250.99" meanSpeed="24.40" meanSpeedRelative="0.76" duration="1"/>
    <step time="12300.00" loaded="6016" inserted="6016" running="108" waiting="0" ended="5908" arrived="5908" collisions="2" teleports="2" halting="1" stopped="0" meanWaitingTime="0.38" meanTravelTime="250.14" meanSpeed="24.73" meanSpeedRelative="0.77" duration="1"/>
    <step time="12600.00" loaded="6178" inserted="6178" running="112" waiting="0" ended="6066" arrived="6066" collisions="2" teleports="2" halting="0" stopped="0" meanWaitingTime="0.39" meanTravelTime="249.45" meanSpeed="24.21" meanSpeedRelative="0.76" duration="0"/>
    <step time="12900.00" loaded="6326" inserted="6326" running="101" waiting="0" ended="6225" arrived="6225" collisions="2" teleports="2" halting="2" stopped="0" meanWaitingTime="0.39" meanTravelTime="248.55" meanSpeed="24.29" meanSpeedRelative="0.76" duration="1"/>
    <step time="13200.00" loaded="6474" inserted="6474" running="109" waiting="0" ended="6365" arrived="6365" collisions="2" teleports="2" halting="1" stopped="0" meanWaitingTime="0.40" meanTravelTime="247.81" meanSpeed="23.98" meanSpeedRelative="0.75" duration="0"/>
    <step time="13500.00" loaded="6622" inserted="6622" running="125" waiting="0" ended="6497" arrived="6497" collisions="3" teleports="3" halting="1" stopped="0" meanWaitingTime="0.40" meanTravelTime="247.16" meanSpeed="24.70" meanSpeedRelative="0.77" duration="1"/>
    <step time="13800.00" loaded="6751" inserted="6751" running="101" waiting="0" ended="6650" arrived="6650" collisions="3" teleports="3" halting="4" stopped="0" meanWaitingTime="0.40" meanTravelTime="246.54" meanSpeed="23.87" meanSpeedRelative="0.75" duration="1"/>
    <step time="14100.00" loaded="6912" inserted="6912" running="117" waiting="0" ended="6795" arrived="6795" collisions="3" teleports="3" halting="0" stopped="0" meanWaitingTime="0.42" meanTravelTime="246.39" meanSpeed="25.10" meanSpeedRelative="0.78" duration="1"/>
    <step time="14400.00" loaded="7065" inserted="7065" running="118" waiting="0" ended="6947" arrived="6947" collisions="3" teleports="3" halting="1" stopped="0" meanWaitingTime="0.42" meanTravelTime="245.24" meanSpeed="24.76" meanSpeedRelative="0.77" duration="87"/>
    <step time="14700.00" loaded="7163" inserted="7163" running="88" waiting="0" ended="7075" arrived="7075" collisions="3" teleports="3" halting="0" stopped="0" meanWaitingTime="0.42" meanTravelTime="244.74" meanSpeed="24.51" meanSpeedRelative="0.77" duration="1"/>
    <step time="15000.00" loaded="7276" inserted="7276" running="87" waiting="0" ended="7189" arrived="7189" collisions="3" teleports="3" halting="0" stopped="0" meanWaitingTime="0.42" meanTravelTime="244.80" meanSpeed="25.30" meanSpeedRelative="0.79" duration="1"/>
    <step time="15300.00" loaded="7389" inserted="7388" running="78" waiting="1" ended="7310" arrived="7310" collisions="3" teleports="3" halting="0" stopped="0" meanWaitingTime="0.42" meanTravelTime="245.01" meanSpeed="26.15" meanSpeedRelative="0.82" duration="1"/>
    <step time="15600.00" loaded="7490" inserted="7490" running="74" waiting="0" ended="7416" arrived="7416" collisions="3" teleports="3" halting="2" stopped="0" meanWaitingTime="0.42" meanTravelTime="244.65" meanSpeed="25.80" meanSpeedRelative="0.81" duration="0"/>
    <step time="15900.00" loaded="7599" inserted="7599" running="82" waiting="0" ended="7517" arrived="7517" collisions="3" teleports="3" halting="0" stopped="0" meanWaitingTime="0.42" meanTravelTime="244.37" meanSpeed="26.59" meanSpeedRelative="0.83" duration="1"/>
    <step time="16200.00" loaded="7703" inserted="7703" running="77" waiting="0" ended="7626" arrived="7626" collisions="3" teleports="3" halting="0" stopped="0" meanWaitingTime="0.41" meanTravelTime="243.73" meanSpeed="25.61" meanSpeedRelative="0.80" duration="1"/>
    <step time="16500.00" loaded="7809" inserted="7809" running="74" waiting="0" ended="7735" arrived="7735" collisions="3" teleports="3" halting="3" stopped="0" meanWaitingTime="0.41" meanTravelTime="243.71" meanSpeed="24.42" meanSpeedRelative="0.76" duration="1"/>
    <step time="16800.00" loaded="7897" inserted="7897" running="74" waiting="0" ended="7823" arrived="7823" collisions="3" teleports="3" halting="1" stopped="0" meanWaitingTime="0.41" meanTravelTime="243.62" meanSpeed="26.41" meanSpeedRelative="0.83" duration="1"/>
    <step time="17100.00" loaded="7998" inserted="7998" running="67" waiting="0" ended="7931" arrived="7931" collisions="3" teleports="3" halting="1" stopped="0" meanWaitingTime="0.40" meanTravelTime="242.85" meanSpeed="25.93" meanSpeedRelative="0.81" duration="0"/>
    <step time="17400.00" loaded="8113" inserted="8113" running="74" waiting="0" ended="8039" arrived="8039" collisions="3" teleports="3" halting="0" stopped="0" meanWaitingTime="0.40" meanTravelTime="242.37" meanSpeed="26.04" meanSpeedRelative="0.81" duration="1"/>
    <step time="17700.00" loaded="8219" inserted="8219" running="70" waiting="0" ended="8149" arrived="8149" collisions="3" teleports="3" halting="1" stopped="0" meanWaitingTime="0.40" meanTravelTime="242.29" meanSpeed="24.82" meanSpeedRelative="0.78" duration="1"/>
    <step time="18000.00" loaded="8317" inserted="8317" running="61" waiting="0" ended="8256" arrived="8256" collisions="3" teleports="3" halting="0" stopped="0" meanWaitingTime="0.40" meanTravelTime="241.84" meanSpeed="25.49" meanSpeedRelative="0.80" duration="80"/>
    <step time="18300.00" loaded="8506" inserted="8506" running="116" waiting="0" ended="8390" arrived="8390" collisions="4" teleports="4" halting="1" stopped="0" meanWaitingTime="0.40" meanTravelTime="240.68" meanSpeed="24.63" meanSpeedRelative="0.77" duration="1"/>
    <step time="18600.00" loaded="8706" inserted="8706" running="154" waiting="0" ended="8552" arrived="8552" collisions="4" teleports="4" halting="2" stopped="0" meanWaitingTime="0.41" meanTravelTime="239.53" meanSpeed="25.45" meanSpeedRelative="0.80" duration="0"/>
    <step time="18900.00" loaded="8885" inserted="8885" running="136" waiting="0" ended="8749" arrived="8749" collisions="4" teleports="4" halting="1" stopped="0" meanWaitingTime="0.41" meanTravelTime="239.92" meanSpeed="25.05" meanSpeedRelative="0.78" duration="1"/>
    <step time="19200.00" loaded="9054" inserted="9053" running="133" waiting="1" ended="8920" arrived="8920" collisions="4" teleports="4" halting="2" stopped="0" meanWaitingTime="0.42" meanTravelTime="239.61" meanSpeed="25.18" meanSpeedRelative="0.79" duration="0"/>
    <step time="19500.00" loaded="9242" inserted="9241" running="151" waiting="1" ended="9090" arrived="9090" collisions="5" teleports="5" halting="0" stopped="0" meanWaitingTime="0.42" meanTravelTime="239.53" meanSpeed="25.35" meanSpeedRelative="0.79" duration="1"/>
    <step time="19800.00" loaded="9456" inserted="9456" running="149" waiting="0" ended="9307" arrived="9307" collisions="5" teleports="5" halting="1" stopped="0" meanWaitingTime="0.42" meanTravelTime="239.06" meanSpeed="25.22" meanSpeedRelative="0.79" duration="1"/>
    <step time="20100.00" loaded="9666" inserted="9665" running="172" waiting="1" ended="9493" arrived="9493" collisions="5" teleports="5" halting="2" stopped="0" meanWaitingTime="0.44" meanTravelTime="238.91" meanSpeed="24.92" meanSpeedRelative="0.78" duration="1"/>
    <step time="20400.00" loaded="9859" inserted="9859" running="150" waiting="0" ended="9709" arrived="9709" collisions="5" teleports="5" halting="3" stopped="0" meanWaitingTime="0.44" meanTravelTime="238.61" meanSpeed="23.82" meanSpeedRelative="0.74" duration="1"/>
    <step time="20700.00" loaded="10056" inserted="10055" running="167" waiting="1" ended="9888" arrived="9888" collisions="5" teleports="5" halting="1" stopped="0" meanWaitingTime="0.44" meanTravelTime="238.68" meanSpeed="24.12" meanSpeedRelative="0.75" duration="2"/>
    <step time="21000.00" loaded="10294" inserted="10292" running="200" waiting="2" ended="10092" arrived="10092" collisions="5" teleports="5" halting="1" stopped="0" meanWaitingTime="0.47" meanTravelTime="238.96" meanSpeed="23.37" meanSpeedRelative="0.73" duration="1"/>
    <step time="21300.00" loaded="10479" inserted="10479" running="153" waiting="0" ended="10326" arrived="10326" collisions="5" teleports="5" halting="2" stopped="0" meanWaitingTime="0.48" meanTravelTime="238.85" meanSpeed="25.03" meanSpeedRelative="0.78" duration="1"/>
    <step time="21600.00" loaded="10670" inserted="10670" running="149" waiting="0" ended="10521" arrived="10521" collisions="5" teleports="5" halting="0" stopped="0" meanWaitingTime="0.48" meanTravelTime="239.01" meanSpeed="24.22" meanSpeedRelative="0.76" duration="79"/>
    <step time="21900.00" loaded="11117" inserted="11094" running="327" waiting="23" ended="10767" arrived="10767" collisions="5" teleports="5" halting="5" stopped="0" meanWaitingTime="0.83" meanTravelTime="238.11" meanSpeed="21.98" meanSpeedRelative="0.69" duration="2"/>
    <step time="22200.00" loaded="11537" inserted="11493" running="380" waiting="44" ended="11113" arrived="11113" collisions="7" teleports="7" halting="5" stopped="0" meanWaitingTime="1.54" meanTravelTime="238.00" meanSpeed="21.59" meanSpeedRelative="0.67" duration="2"/>
    <step time="22500.00" loaded="12024" inserted="11943" running="458" waiting="81" ended="11485" arrived="11485" collisions="8" teleports="8" halting="19" stopped="0" meanWaitingTime="2.87" meanTravelTime="239.34" meanSpeed="19.10" meanSpeedRelative="0.60" duration="3"/>
    <step time="22800.00" loaded="12478" inserted="12372" running="465" waiting="106" ended="11907" arrived="11907" collisions="9" teleports="9" halting="8" stopped="0" meanWaitingTime="4.81" meanTravelTime="241.72" meanSpeed="19.76" meanSpeedRelative="0.62" duration="3"/>
    <step time="23100.00" loaded="12980" inserted="12837" running="487" waiting="143" ended="12350" arrived="12350" collisions="9" teleports="9" halting="11" stopped="0" meanWaitingTime="7.25" meanTravelTime="244.45" meanSpeed="19.53" meanSpeedRelative="0.61" duration="3"/>
    <step time="23400.00" loaded="13458" inserted="13278" running="502" waiting="180" ended="12776" arrived="12776" collisions="10" teleports="10" halting="22" stopped="0" meanWaitingTime="10.22" meanTravelTime="247.09" meanSpeed="18.84" meanSpeedRelative="0.59" duration="3"/>
    <step time="23700.00" loaded="13920" inserted="13707" running="491" waiting="213" ended="13216" arrived="13216" collisions="12" teleports="12" halting="20" stopped="0" meanWaitingTime="13.33" meanTravelTime="250.00" meanSpeed="18.65" meanSpeedRelative="0.58" duration="2"/>
    <step time="24000.00" loaded="14406" inserted="14129" running="480" waiting="277" ended="13649" arrived="13649" collisions="13" teleports="13" halting="4" stopped="0" meanWaitingTime="16.68" meanTravelTime="252.79" meanSpeed="19.48" meanSpeedRelative="0.61" duration="2"/>
    <step time="24300.00" loaded="14870" inserted="14560" running="475" waiting="310" ended="14085" arrived="14085" collisions="14" teleports="14" halting="6" stopped="0" meanWaitingTime="21.03" meanTravelTime="255.72" meanSpeed="19.36" meanSpeedRelative="0.60" duration="3"/>
    <step time="24600.00" loaded="15334" inserted="14969" running="458" waiting="365" ended="14511" arrived="14511" collisions="14" teleports="14" halting="20" stopped="0" meanWaitingTime="25.64" meanTravelTime="258.00" meanSpeed="19.27" meanSpeedRelative="0.60" duration="2"/>
    <step time="24900.00" loaded="15789" inserted="15390" running="457" waiting="399" ended="14933" arrived="14933" collisions="14" teleports="14" halting="8" stopped="0" meanWaitingTime="30.68" meanTravelTime="260.11" meanSpeed="19.42" meanSpeedRelative="0.61" duration="3"/>
    <step time="25200.00" loaded="16242" inserted="15834" running="490" waiting="408" ended="15344" arrived="15344" collisions="14" teleports="14" halting="14" stopped="0" meanWaitingTime="36.38" meanTravelTime="261.39" meanSpeed="18.68" meanSpeedRelative="0.58" duration="87"/>
    <step time="25500.00" loaded="16808" inserted="16268" running="489" waiting="540" ended="15779" arrived="15779" collisions="14" teleports="14" halting="22" stopped="0" meanWaitingTime="41.58" meanTravelTime="263.46" meanSpeed="19.38" meanSpeedRelative="0.61" duration="4"/>
    <step time="25800.00" loaded="17399" inserted="16741" running="531" waiting="658" ended="16210" arrived="16210" collisions="14" teleports="14" halting="11" stopped="0" meanWaitingTime="48.00" meanTravelTime="265.30" meanSpeed="18.46" meanSpeedRelative="0.58" duration="3"/>
    <step time="26100.00" loaded="18003" inserted="17214" running="563" waiting="789" ended="16651" arrived="16651" collisions="15" teleports="15" halting="24" stopped="0" meanWaitingTime="54.72" meanTravelTime="267.30" meanSpeed="18.28" meanSpeedRelative="0.57" duration="3"/>
    <step time="26400.00" loaded="18562" inserted="17658" running="541" waiting="904" ended="17117" arrived="17117" collisions="15" teleports="15" halting="5" stopped="0" meanWaitingTime="61.56" meanTravelTime="269.89" meanSpeed="18.48" meanSpeedRelative="0.58" duration="3"/>
    <step time="26700.00" loaded="19106" inserted="18109" running="533" waiting="997" ended="17576" arrived="17576" collisions="16" teleports="16" halting="15" stopped="0" meanWaitingTime="70.49" meanTravelTime="272.20" meanSpeed="18.26" meanSpeedRelative="0.57" duration="3"/>
    <step time="27000.00" loaded="19655" inserted="18558" running="513" waiting="1097" ended="18045" arrived="18045" collisions="16" teleports="16" halting="19" stopped="0" meanWaitingTime="79.41" meanTravelTime="274.37" meanSpeed="18.36" meanSpeedRelative="0.57" duration="3"/>
    <step time="27300.00" loaded="20261" inserted="19042" running="545" waiting="1219" ended="18497" arrived="18497" collisions="16" teleports="16" halting="7" stopped="0" meanWaitingTime="89.16" meanTravelTime="276.10" meanSpeed="18.12" meanSpeedRelative="0.57" duration="3"/>
    <step time="27600.00" loaded="20809" inserted="19493" running="544" waiting="1316" ended="18949" arrived="18949" collisions="17" teleports="17" halting="14" stopped="0" meanWaitingTime="99.99" meanTravelTime="277.76" meanSpeed="17.80" meanSpeedRelative="0.56" duration="3"/>
    <step time="27900.00" loaded="21387" inserted="19966" running="554" waiting="1421" ended="19412" arrived="19412" collisions="17" teleports="17" halting="20" stopped="0" meanWaitingTime="110.25" meanTravelTime="279.35" meanSpeed="17.37" meanSpeedRelative="0.54" duration="4"/>
    <step time="28200.00" loaded="21941" inserted="20428" running="554" waiting="1513" ended="19874" arrived="19874" collisions="20" teleports="20" halting="4" stopped="0" meanWaitingTime="120.54" meanTravelTime="281.08" meanSpeed="17.86" meanSpeedRelative="0.56" duration="3"/>
    <step time="28500.00" loaded="22540" inserted="20883" running="544" waiting="1657" ended="20339" arrived="20339" collisions="21" teleports="21" halting="12" stopped="0" meanWaitingTime="133.09" meanTravelTime="282.93" meanSpeed="17.30" meanSpeedRelative="0.54" duration="4"/>
    <step time="28800.00" loaded="23053" inserted="21316" running="530" waiting="1737" ended="20786" arrived="20786" collisions="21" teleports="21" halting="25" stopped="0" meanWaitingTime="144.25" meanTravelTime="284.70" meanSpeed="17.92" meanSpeedRelative="0.56" duration="87"/>
    <step time="29100.00" loaded="23438" inserted="21733" running="487" waiting="1705" ended="21246" arrived="21246" collisions="22" teleports="22" halting="5" stopped="0" meanWaitingTime="156.68" meanTravelTime="286.26" meanSpeed="18.79" meanSpeedRelative="0.59" duration="5"/>
    <step time="29400.00" loaded="23779" inserted="22122" running="423" waiting="1657" ended="21699" arrived="21699" collisions="24" teleports="24" halting="4" stopped="0" meanWaitingTime="169.04" meanTravelTime="287.58" meanSpeed="20.65" meanSpeedRelative="0.65" duration="3"/>
    <step time="29700.00" loaded="24151" inserted="22553" running="453" waiting="1598" ended="22100" arrived="22100" collisions="25" teleports="25" halting="9" stopped="0" meanWaitingTime="185.62" meanTravelTime="287.74" meanSpeed="20.26" meanSpeedRelative="0.63" duration="4"/>
    <step time="30000.00" loaded="24505" inserted="22988" running="467" waiting="1517" ended="22521" arrived="22521" collisions="27" teleports="27" halting="20" stopped="0" meanWaitingTime="199.65" meanTravelTime="288.34" meanSpeed="20.49" meanSpeedRelative="0.64" duration="3"/>
    <step time="30300.00" loaded="24864" inserted="23423" running="473" waiting="1441" ended="22950" arrived="22950" collisions="28" teleports="28" halting="11" stopped="0" meanWaitingTime="213.48" meanTravelTime="289.09" meanSpeed="19.39" meanSpeedRelative="0.61" duration="4"/>
    <step time="30600.00" loaded="25240" inserted="23833" running="439" waiting="1407" ended="23394" arrived="23394" collisions="30" teleports="30" halting="4" stopped="0" meanWaitingTime="227.01" meanTravelTime="290.33" meanSpeed="20.43" meanSpeedRelative="0.64" duration="3"/>
    <step time="30900.00" loaded="25617" inserted="24259" running="455" waiting="1358" ended="23804" arrived="23804" collisions="30" teleports="30" halting="1" stopped="0" meanWaitingTime="239.77" meanTravelTime="290.68" meanSpeed="20.50" meanSpeedRelative="0.64" duration="4"/>
    <step time="31200.00" loaded="25967" inserted="24667" running="435" waiting="1300" ended="24232" arrived="24232" collisions="30" teleports="30" halting="9" stopped="0" meanWaitingTime="252.16" meanTravelTime="291.11" meanSpeed="20.51" meanSpeedRelative="0.64" duration="4"/>
    <step time="31500.00" loaded="26350" inserted="25081" running="438" waiting="1269" ended="24643" arrived="24643" collisions="30" teleports="30" halting="22" stopped="0" meanWaitingTime="262.21" meanTravelTime="291.73" meanSpeed="18.85" meanSpeedRelative="0.59" duration="3"/>
    <step time="31800.00" loaded="26690" inserted="25465" running="404" waiting="1225" ended="25061" arrived="25061" collisions="30" teleports="30" halting="21" stopped="0" meanWaitingTime="271.88" meanTravelTime="292.06" meanSpeed="20.18" meanSpeedRelative="0.63" duration="3"/>
    <step time="32100.00" loaded="27025" inserted="25826" running="378" waiting="1199" ended="25448" arrived="25448" collisions="30" teleports="30" halting="10" stopped="0" meanWaitingTime="281.38" meanTravelTime="292.38" meanSpeed="20.41" meanSpeedRelative="0.64" duration="2"/>
    <step time="32400.00" loaded="27371" inserted="26215" running="365" waiting="1156" ended="25850" arrived="25850" collisions="30" teleports="30" halting="9" stopped="0" meanWaitingTime="291.68" meanTravelTime="292.47" meanSpeed="21.34" meanSpeedRelative="0.67" duration="88"/>
    <step time="32700.00" loaded="27636" inserted="26549" running="327" waiting="1087" ended="26222" arrived="26222" collisions="30" teleports="30" halting="3" stopped="0" meanWaitingTime="302.23" meanTravelTime="292.71" meanSpeed="21.10" meanSpeedRelative="0.66" duration="2"/>
    <step time="33000.00" loaded="27907" inserted="26876" running="292" waiting="1031" ended="26584" arrived="26584" collisions="30" teleports="30" halting="6" stopped="0" meanWaitingTime="313.60" meanTravelTime="292.69" meanSpeed="20.98" meanSpeedRelative="0.66" duration="2"/>
    <step time="33300.00" loaded="28192" inserted="27218" running="323" waiting="974" ended="26895" arrived="26895" collisions="30" teleports="30" halting="20" stopped="0" meanWaitingTime="324.01" meanTravelTime="292.43" meanSpeed="20.25" meanSpeedRelative="0.63" duration="2"/>
    <step time="33600.00" loaded="28458" inserted="27536" running="307" waiting="922" ended="27229" arrived="27229" collisions="30" teleports="30" halting="11" stopped="0" meanWaitingTime="333.62" meanTravelTime="292.29" meanSpeed="21.34" meanSpeedRelative="0.67" duration="2"/>
    <step time="33900.00" loaded="28712" inserted="27853" running="300" waiting="859" ended="27553" arrived="27553" collisions="31" teleports="31" halting="1" stopped="0" meanWaitingTime="341.12" meanTravelTime="292.15" meanSpeed="20.94" meanSpeedRelative="0.65" duration="2"/>
    <step time="34200.00" loaded="28994" inserted="28199" running="304" waiting="795" ended="27895" arrived="27895" collisions="32" teleports="32" halting="3" stopped="0" meanWaitingTime="347.70" meanTravelTime="292.05" meanSpeed="21.11" meanSpeedRelative="0.66" duration="2"/>
    <step time="34500.00" loaded="29243" inserted="28502" running="282" waiting="741" ended="28220" arrived="28220" collisions="33" teleports="33" halting="2" stopped="0" meanWaitingTime="353.52" meanTravelTime="291.65" meanSpeed="21.65" meanSpeedRelative="0.68" duration="2"/>
    <step time="34800.00" loaded="29542" inserted="28853" running="323" waiting="689" ended="28530" arrived="28530" collisions="33" teleports="33" halting="9" stopped="0" meanWaitingTime="358.58" meanTravelTime="291.63" meanSpeed="20.66" meanSpeedRelative="0.65" duration="2"/>
    <step time="35100.00" loaded="29815" inserted="29164" running="286" waiting="651" ended="28878" arrived="28878" collisions="33" teleports="33" halting="3" stopped="0" meanWaitingTime="363.99" meanTravelTime="291.34" meanSpeed="22.54" meanSpeedRelative="0.70" duration="2"/>
    <step time="35400.00" loaded="30089" inserted="29481" running="274" waiting="608" ended="29207" arrived="29207" collisions="33" teleports="33" halting="1" stopped="0" meanWaitingTime="370.48" meanTravelTime="291.24" meanSpeed="22.23" meanSpeedRelative="0.69" duration="2"/>
    <step time="35700.00" loaded="30358" inserted="29794" running="297" waiting="564" ended="29497" arrived="29497" collisions="35" teleports="35" halting="3" stopped="0" meanWaitingTime="376.51" meanTravelTime="290.86" meanSpeed="22.80" meanSpeedRelative="0.71" duration="1"/>
    <step time="36000.00" loaded="30613" inserted="30106" running="277" waiting="507" ended="29829" arrived="29829" collisions="36" teleports="36" halting="4" stopped="0" meanWaitingTime="381.81" meanTravelTime="290.75" meanSpeed="23.22" meanSpeedRelative="0.73" duration="84"/>
    <step time="36300.00" loaded="31109" inserted="30581" running="400" waiting="528" ended="30181" arrived="30181" collisions="37" teleports="37" halting="6" stopped="0" meanWaitingTime="384.22" meanTravelTime="290.43" meanSpeed="21.47" meanSpeedRelative="0.67" duration="2"/>
    <step time="36600.00" loaded="31614" inserted="31043" running="461" waiting="571" ended="30582" arrived="30582" collisions="38" teleports="38" halting="11" stopped="0" meanWaitingTime="383.86" meanTravelTime="290.26" meanSpeed="20.37" meanSpeedRelative="0.64" duration="3"/>
    <step time="36900.00" loaded="32049" inserted="31463" running="457" waiting="586" ended="31006" arrived="31006" collisions="39" teleports="39" halting="6" stopped="0" meanWaitingTime="383.27" meanTravelTime="290.51" meanSpeed="19.59" meanSpeedRelative="0.61" duration="3"/>
    <step time="37200.00" loaded="32520" inserted="31904" running="460" waiting="616" ended="31444" arrived="31444" collisions="40" teleports="40" halting="3" stopped="0" meanWaitingTime="383.14" meanTravelTime="290.70" meanSpeed="20.39" meanSpeedRelative="0.64" duration="3"/>
    <step time="37500.00" loaded="32956" inserted="32337" running="459" waiting="619" ended="31878" arrived="31878" collisions="40" teleports="40" halting="11" stopped="0" meanWaitingTime="383.18" meanTravelTime="290.99" meanSpeed="20.72" meanSpeedRelative="0.65" duration="3"/>
    <step time="37800.00" loaded="33411" inserted="32789" running="469" waiting="622" ended="32320" arrived="32320" collisions="42" teleports="42" halting="20" stopped="0" meanWaitingTime="382.44" meanTravelTime="291.42" meanSpeed="19.46" meanSpeedRelative="0.61" duration="3"/>
    <step time="38100.00" loaded="33869" inserted="33217" running="460" waiting="652" ended="32757" arrived="32757" collisions="44" teleports="44" halting="6" stopped="0" meanWaitingTime="381.56" meanTravelTime="291.67" meanSpeed="20.02" meanSpeedRelative="0.63" duration="4"/>
    <step time="38400.00" loaded="34372" inserted="33672" running="482" waiting="700" ended="33190" arrived="33190" collisions="45" teleports="45" halting="16" stopped="0" meanWaitingTime="381.33" meanTravelTime="291.95" meanSpeed="19.59" meanSpeedRelative="0.61" duration="4"/>
    <step time="38700.00" loaded="34864" inserted="34114" running="490" waiting="750" ended="33624" arrived="33624" collisions="46" teleports="46" halting="5" stopped="0" meanWaitingTime="381.11" meanTravelTime="292.26" meanSpeed="19.94" meanSpeedRelative="0.62" duration="3"/>
    <step time="39000.00" loaded="35313" inserted="34554" running="480" waiting="759" ended="34074" arrived="34074" collisions="47" teleports="47" halting="5" stopped="0" meanWaitingTime="381.64" meanTravelTime="292.84" meanSpeed="19.72" meanSpeedRelative="0.62" duration="3"/>
    <step time="39300.00" loaded="35809" inserted="35035" running="531" waiting="774" ended="34504" arrived="34504" collisions="48" teleports="48" halting="12" stopped="0" meanWaitingTime="382.56" meanTravelTime="293.34" meanSpeed="19.08" meanSpeedRelative="0.60" duration="3"/>
    <step time="39600.00" loaded="36285" inserted="35479" running="508" waiting="806" ended="34971" arrived="34971" collisions="49" teleports="49" halting="12" stopped="0" meanWaitingTime="382.37" meanTravelTime="293.94" meanSpeed="19.11" meanSpeedRelative="0.60" duration="89"/>
    <step time="39900.00" loaded="36819" inserted="35946" running="509" waiting="873" ended="35437" arrived="35437" collisions="49" teleports="49" halting="22" stopped="0" meanWaitingTime="382.01" meanTravelTime="294.48" meanSpeed="19.15" meanSpeedRelative="0.60" duration="4"/>
    <step time="40200.00" loaded="37331" inserted="36430" running="553" waiting="901" ended="35877" arrived="35877" collisions="54" teleports="54" halting="13" stopped="0" meanWaitingTime="381.74" meanTravelTime="295.12" meanSpeed="17.73" meanSpeedRelative="0.55" duration="3"/>
    <step time="40500.00" loaded="37868" inserted="36882" running="580" waiting="986" ended="36302" arrived="36302" collisions="55" teleports="55" halting="4" stopped="0" meanWaitingTime="381.31" meanTravelTime="295.66" meanSpeed="17.83" meanSpeedRelative="0.56" duration="3"/>
    <step time="40800.00" loaded="38388" inserted="37319" running="587" waiting="1069" ended="36732" arrived="36732" collisions="58" teleports="58" halting="15" stopped="0" meanWaitingTime="381.26" meanTravelTime="296.59" meanSpeed="17.24" meanSpeedRelative="0.54" duration="3"/>
    <step time="41100.00" loaded="38952" inserted="37804" running="616" waiting="1148" ended="37188" arrived="37188" collisions="62" teleports="62" halting="6" stopped="0" meanWaitingTime="380.64" meanTravelTime="297.46" meanSpeed="17.10" meanSpeedRelative="0.53" duration="4"/>
    <step time="41400.00" loaded="39463" inserted="38269" running="621" waiting="1194" ended="37648" arrived="37648" collisions="64" teleports="64" halting="10" stopped="0" meanWaitingTime="382.32" meanTravelTime="298.62" meanSpeed="17.43" meanSpeedRelative="0.54" duration="5"/>
    <step time="41700.00" loaded="39957" inserted="38713" running="580" waiting="1244" ended="38133" arrived="38133" collisions="65" teleports="65" halting="3" stopped="0" meanWaitingTime="382.49" meanTravelTime="300.04" meanSpeed="18.28" meanSpeedRelative="0.57" duration="3"/>
    <step time="42000.00" loaded="40461" inserted="39175" running="582" waiting="1286" ended="38593" arrived="38593" collisions="66" teleports="66" halting="2" stopped="0" meanWaitingTime="384.23" meanTravelTime="300.95" meanSpeed="17.75" meanSpeedRelative="0.55" duration="3"/>
    <step time="42300.00" loaded="40946" inserted="39626" running="567" waiting="1320" ended="39059" arrived="39059" collisions="70" teleports="70" halting="21" stopped="0" meanWaitingTime="386.59" meanTravelTime="302.10" meanSpeed="17.37" meanSpeedRelative="0.54" duration="3"/>
    <step time="42600.00" loaded="41460" inserted="40090" running="564" waiting="1370" ended="39526" arrived="39526" collisions="70" teleports="70" halting="18" stopped="0" meanWaitingTime="388.69" meanTravelTime="302.91" meanSpeed="17.87" meanSpeedRelative="0.56" duration="5"/>
    <step time="42900.00" loaded="41983" inserted="40549" running="542" waiting="1434" ended="40007" arrived="40007" collisions="70" teleports="70" halting="5" stopped="0" meanWaitingTime="391.03" meanTravelTime="303.31" meanSpeed="17.89" meanSpeedRelative="0.56" duration="4"/>
    <step time="43200.00" loaded="42481" inserted="40988" running="513" waiting="1493" ended="40475" arrived="40475" collisions="70" teleports="70" halting="20" stopped="0" meanWaitingTime="394.32" meanTravelTime="304.36" meanSpeed="17.69" meanSpeedRelative="0.55" duration="90"/>
    <step time="43500.00" loaded="43012" inserted="41475" running="548" waiting="1537" ended="40927" arrived="40927" collisions="70" teleports="70" halting="7" stopped="0" meanWaitingTime="396.59" meanTravelTime="304.94" meanSpeed="19.08" meanSpeedRelative="0.60" duration="4"/>
    <step time="43800.00" loaded="43553" inserted="41953" running="566" waiting="1600" ended="41387" arrived="41387" collisions="73" teleports="73" halting="6" stopped="0" meanWaitingTime="399.14" meanTravelTime="305.13" meanSpeed="18.18" meanSpeedRelative="0.57" duration="3"/>
    <step time="44100.00" loaded="44066" inserted="42400" running="567" waiting="1666" ended="41833" arrived="41833" collisions="74" teleports="74" halting="3" stopped="0" meanWaitingTime="401.94" meanTravelTime="305.63" meanSpeed="17.83" meanSpeedRelative="0.56" duration="3"/>
    <step time="44400.00" loaded="44614" inserted="42893" running="592" waiting="1721" ended="42301" arrived="42301" collisions="74" teleports="74" halting="10" stopped="0" meanWaitingTime="405.76" meanTravelTime="306.39" meanSpeed="17.78" meanSpeedRelative="0.56" duration="3"/>
    <step time="44700.00" loaded="45185" inserted="43375" running="643" waiting="1810" ended="42732" arrived="42732" collisions="75" teleports="75" halting="6" stopped="0" meanWaitingTime="408.69" meanTravelTime="306.84" meanSpeed="17.04" meanSpeedRelative="0.53" duration="4"/>
    <step time="45000.00" loaded="45694" inserted="43832" running="645" waiting="1862" ended="43187" arrived="43187" collisions="80" teleports="80" halting="25" stopped="0" meanWaitingTime="414.25" meanTravelTime="307.62" meanSpeed="16.58" meanSpeedRelative="0.52" duration="6"/>
    <step time="45300.00" loaded="46233" inserted="44302" running="648" waiting="1931" ended="43654" arrived="43654" collisions="80" teleports="80" halting="20" stopped="0" meanWaitingTime="416.12" meanTravelTime="308.96" meanSpeed="15.73" meanSpeedRelative="0.49" duration="4"/>
    <step time="45600.00" loaded="46745" inserted="44720" running="613" waiting="2025" ended="44107" arrived="44107" collisions="80" teleports="80" halting="3" stopped="0" meanWaitingTime="417.68" meanTravelTime="310.25" meanSpeed="18.10" meanSpeedRelative="0.57" duration="5"/>
    <step time="45900.00" loaded="47306" inserted="45212" running="629" waiting="2094" ended="44583" arrived="44583" collisions="81" teleports="81" halting="11" stopped="0" meanWaitingTime="423.94" meanTravelTime="311.38" meanSpeed="16.30" meanSpeedRelative="0.51" duration="3"/>
    <step time="46200.00" loaded="47847" inserted="45714" running="668" waiting="2133" ended="45046" arrived="45046" collisions="84" teleports="84" halting="22" stopped="0" meanWaitingTime="429.12" meanTravelTime="312.06" meanSpeed="17.08" meanSpeedRelative="0.53" duration="6"/>
    <step time="46500.00" loaded="48379" inserted="46202" running="671" waiting="2177" ended="45531" arrived="45531" collisions="87" teleports="87" halting="13" stopped="0" meanWaitingTime="433.41" meanTravelTime="313.05" meanSpeed="16.44" meanSpeedRelative="0.51" duration="5"/>
    <step time="46800.00" loaded="48906" inserted="46662" running="674" waiting="2244" ended="45988" arrived="45988" collisions="89" teleports="89" halting="19" stopped="0" meanWaitingTime="436.91" meanTravelTime="314.13" meanSpeed="16.47" meanSpeedRelative="0.51" duration="94"/>
    <step time="47100.00" loaded="49419" inserted="47091" running="631" waiting="2328" ended="46460" arrived="46460" collisions="90" teleports="90" halting="1" stopped="0" meanWaitingTime="441.51" meanTravelTime="315.38" meanSpeed="16.45" meanSpeedRelative="0.51" duration="6"/>
    <step time="47400.00" loaded="49920" inserted="47544" running="631" waiting="2376" ended="46913" arrived="46913" collisions="91" teleports="91" halting="10" stopped="0" meanWaitingTime="445.18" meanTravelTime="316.55" meanSpeed="16.25" meanSpeedRelative="0.51" duration="5"/>
    <step time="47700.00" loaded="50457" inserted="48012" running="631" waiting="2445" ended="47381" arrived="47381" collisions="92" teleports="92" halting="6" stopped="0" meanWaitingTime="448.10" meanTravelTime="317.50" meanSpeed="17.34" meanSpeedRelative="0.54" duration="6"/>
    <step time="48000.00" loaded="51015" inserted="48523" running="664" waiting="2492" ended="47859" arrived="47859" collisions="92" teleports="92" halting="9" stopped="0" meanWaitingTime="454.29" meanTravelTime="318.42" meanSpeed="16.42" meanSpeedRelative="0.51" duration="8"/>
    <step time="48300.00" loaded="51527" inserted="48989" running="662" waiting="2538" ended="48327" arrived="48327" collisions="92" teleports="92" halting="18" stopped="0" meanWaitingTime="460.20" meanTravelTime="319.16" meanSpeed="17.22" meanSpeedRelative="0.54" duration="4"/>
    <step time="48600.00" loaded="52084" inserted="49442" running="635" waiting="2642" ended="48807" arrived="48807" collisions="92" teleports="92" halting="21" stopped="0" meanWaitingTime="465.55" meanTravelTime="320.03" meanSpeed="16.95" meanSpeedRelative="0.53" duration="5"/>
    <step time="48900.00" loaded="52579" inserted="49906" running="625" waiting="2673" ended="49281" arrived="49281" collisions="92" teleports="92" halting="10" stopped="0" meanWaitingTime="471.67" meanTravelTime="320.93" meanSpeed="17.08" meanSpeedRelative="0.53" duration="4"/>
    <step time="49200.00" loaded="53131" inserted="50382" running="620" waiting="2749" ended="49762" arrived="49762" collisions="93" teleports="93" halting="15" stopped="0" meanWaitingTime="478.21" meanTravelTime="321.80" meanSpeed="16.42" meanSpeedRelative="0.51" duration="4"/>
    <step time="49500.00" loaded="53651" inserted="50860" running="623" waiting="2791" ended="50237" arrived="50237" collisions="95" teleports="95" halting="7" stopped="0" meanWaitingTime="485.27" meanTravelTime="322.49" meanSpeed="16.95" meanSpeedRelative="0.53" duration="6"/>
    <step time="49800.00" loaded="54182" inserted="51352" running="643" waiting="2830" ended="50709" arrived="50709" collisions="96" teleports="96" halting="11" stopped="0" meanWaitingTime="493.17" meanTravelTime="322.98" meanSpeed="17.55" meanSpeedRelative="0.55" duration="6"/>
    <step time="50100.00" loaded="54743" inserted="51837" running="656" waiting="2906" ended="51181" arrived="51181" collisions="97" teleports="97" halting="20" stopped="0" meanWaitingTime="499.94" meanTravelTime="323.74" meanSpeed="17.23" meanSpeedRelative="0.54" duration="4"/>
    <step time="50400.00" loaded="55278" inserted="52309" running="668" waiting="2969" ended="51641" arrived="51641" collisions="98" teleports="98" halting="11" stopped="0" meanWaitingTime="504.82" meanTravelTime="324.41" meanSpeed="16.64" meanSpeedRelative="0.52" duration="93"/>
    <step time="50700.00" loaded="55980" inserted="52852" running="736" waiting="3128" ended="52116" arrived="52116" collisions="100" teleports="100" halting="9" stopped="0" meanWaitingTime="511.37" meanTravelTime="325.14" meanSpeed="15.37" meanSpeedRelative="0.48" duration="5"/>
    <step time="51000.00" loaded="56708" inserted="53387" running="781" waiting="3321" ended="52606" arrived="52606" collisions="102" teleports="102" halting="7" stopped="0" meanWaitingTime="515.89" meanTravelTime="326.05" meanSpeed="15.66" meanSpeedRelative="0.49" duration="8"/>
    <step time="51300.00" loaded="57456" inserted="53920" running="805" waiting="3536" ended="53115" arrived="53115" collisions="103" teleports="103" halting="22" stopped="0" meanWaitingTime="521.69" meanTravelTime="327.08" meanSpeed="14.49" meanSpeedRelative="0.45" duration="5"/>
    <step time="51600.00" loaded="58154" inserted="54446" running="831" waiting="3708" ended="53615" arrived="53615" collisions="106" teleports="106" halting="34" stopped="0" meanWaitingTime="526.12" meanTravelTime="328.36" meanSpeed="14.26" meanSpeedRelative="0.45" duration="5"/>
    <step time="51900.00" loaded="58894" inserted="54968" running="876" waiting="3926" ended="54092" arrived="54092" collisions="108" teleports="108" halting="17" stopped="0" meanWaitingTime="530.49" meanTravelTime="329.63" meanSpeed="13.29" meanSpeedRelative="0.42" duration="7"/>
    <step time="52200.00" loaded="59627" inserted="55479" running="903" waiting="4148" ended="54576" arrived="54576" collisions="110" teleports="110" halting="11" stopped="0" meanWaitingTime="535.32" meanTravelTime="331.03" meanSpeed="13.88" meanSpeedRelative="0.43" duration="6"/>
    <step time="52500.00" loaded="60355" inserted="56039" running="933" waiting="4316" ended="55106" arrived="55106" collisions="113" teleports="113" halting="13" stopped="0" meanWaitingTime="543.77" meanTravelTime="332.63" meanSpeed="13.25" meanSpeedRelative="0.41" duration="7"/>
    <step time="52800.00" loaded="61091" inserted="56558" running="937" waiting="4533" ended="55621" arrived="55621" collisions="115" teleports="115" halting="22" stopped="0" meanWaitingTime="549.36" meanTravelTime="334.68" meanSpeed="12.77" meanSpeedRelative="0.40" duration="7"/>
    <step time="53100.00" loaded="61801" inserted="57036" running="908" waiting="4765" ended="56128" arrived="56128" collisions="117" teleports="117" halting="44" stopped="0" meanWaitingTime="552.66" meanTravelTime="336.42" meanSpeed="12.23" meanSpeedRelative="0.38" duration="7"/>
    <step time="53400.00" loaded="62492" inserted="57527" running="901" waiting="4965" ended="56626" arrived="56626" collisions="119" teleports="119" halting="50" stopped="0" meanWaitingTime="559.42" meanTravelTime="338.08" meanSpeed="12.10" meanSpeedRelative="0.38" duration="6"/>
    <step time="53700.00" loaded="63174" inserted="58025" running="903" waiting="5149" ended="57122" arrived="57122" collisions="124" teleports="124" halting="11" stopped="0" meanWaitingTime="568.28" meanTravelTime="340.01" meanSpeed="13.01" meanSpeedRelative="0.41" duration="8"/>
    <step time="54000.00" loaded="63849" inserted="58535" running="913" waiting="5314" ended="57622" arrived="57622" collisions="125" teleports="125" halting="27" stopped="0" meanWaitingTime="577.43" meanTravelTime="341.87" meanSpeed="12.63" meanSpeedRelative="0.39" duration="91"/>
    <step time="54300.00" loaded="64320" inserted="58987" running="846" waiting="5333" ended="58141" arrived="58141" collisions="125" teleports="125" halting="23" stopped="0" meanWaitingTime="588.54" meanTravelTime="343.79" meanSpeed="13.04" meanSpeedRelative="0.41" duration="8"/>
    <step time="54600.00" loaded="64808" inserted="59434" running="806" waiting="5374" ended="58628" arrived="58628" collisions="130" teleports="130" halting="14" stopped="0" meanWaitingTime="599.90" meanTravelTime="345.35" meanSpeed="13.53" meanSpeedRelative="0.42" duration="6"/>
    <step time="54900.00" loaded="65266" inserted="59919" running="786" waiting="5347" ended="59133" arrived="59133" collisions="130" teleports="130" halting="8" stopped="0" meanWaitingTime="612.45" meanTravelTime="346.66" meanSpeed="14.42" meanSpeedRelative="0.45" duration="7"/>
    <step time="55200.00" loaded="65726" inserted="60402" running="765" waiting="5324" ended="59637" arrived="59637" collisions="131" teleports="131" halting="19" stopped="0" meanWaitingTime="624.87" meanTravelTime="348.15" meanSpeed="14.85" meanSpeedRelative="0.46" duration="7"/>
    <step time="55500.00" loaded="66202" inserted="60884" running="789" waiting="5318" ended="60095" arrived="60095" collisions="132" teleports="132" halting="14" stopped="0" meanWaitingTime="637.50" meanTravelTime="349.32" meanSpeed="14.81" meanSpeedRelative="0.46" duration="7"/>
    <step time="55800.00" loaded="66659" inserted="61344" running="757" waiting="5315" ended="60587" arrived="60587" collisions="135" teleports="135" halting="19" stopped="0" meanWaitingTime="650.70" meanTravelTime="350.19" meanSpeed="14.42" meanSpeedRelative="0.45" duration="6"/>
    <step time="56100.00" loaded="67101" inserted="61785" running="707" waiting="5316" ended="61078" arrived="61078" collisions="136" teleports="136" halting="16" stopped="0" meanWaitingTime="663.95" meanTravelTime="351.27" meanSpeed="15.47" meanSpeedRelative="0.48" duration="6"/>
    <step time="56400.00" loaded="67556" inserted="62236" running="677" waiting="5320" ended="61559" arrived="61559" collisions="139" teleports="139" halting="11" stopped="0" meanWaitingTime="676.51" meanTravelTime="352.08" meanSpeed="16.45" meanSpeedRelative="0.51" duration="6"/>
    <step time="56700.00" loaded="67999" inserted="62707" running="698" waiting="5292" ended="62009" arrived="62009" collisions="140" teleports="140" halting="23" stopped="0" meanWaitingTime="690.27" meanTravelTime="353.10" meanSpeed="15.46" meanSpeedRelative="0.48" duration="6"/>
    <step time="57000.00" loaded="68423" inserted="63156" running="676" waiting="5267" ended="62480" arrived="62480" collisions="140" teleports="140" halting="21" stopped="0" meanWaitingTime="702.03" meanTravelTime="353.78" meanSpeed="15.59" meanSpeedRelative="0.49" duration="8"/>
    <step time="57300.00" loaded="68909" inserted="63608" running="657" waiting="5301" ended="62951" arrived="62951" collisions="140" teleports="140" halting="5" stopped="0" meanWaitingTime="713.65" meanTravelTime="354.64" meanSpeed="16.45" meanSpeedRelative="0.51" duration="6"/>
    <step time="57600.00" loaded="69348" inserted="64064" running="661" waiting="5284" ended="63403" arrived="63403" collisions="142" teleports="142" halting="27" stopped="0" meanWaitingTime="726.94" meanTravelTime="355.26" meanSpeed="16.49" meanSpeedRelative="0.52" duration="86"/>
    <step time="57900.00" loaded="69903" inserted="64550" running="663" waiting="5353" ended="63887" arrived="63887" collisions="144" teleports="144" halting="7" stopped="0" meanWaitingTime="740.12" meanTravelTime="355.65" meanSpeed="16.12" meanSpeedRelative="0.50" duration="6"/>
    <step time="58200.00" loaded="70453" inserted="65065" running="687" waiting="5388" ended="64378" arrived="64378" collisions="145" teleports="145" halting="4" stopped="0" meanWaitingTime="753.68" meanTravelTime="356.02" meanSpeed="16.60" meanSpeedRelative="0.52" duration="6"/>
    <step time="58500.00" loaded="71025" inserted="65563" running="724" waiting="5462" ended="64839" arrived="64839" collisions="145" teleports="145" halting="9" stopped="0" meanWaitingTime="765.49" meanTravelTime="356.38" meanSpeed="14.82" meanSpeedRelative="0.46" duration="8"/>
    <step time="58800.00" loaded="71578" inserted="66056" running="734" waiting="5522" ended="65322" arrived="65322" collisions="148" teleports="148" halting="33" stopped="0" meanWaitingTime="777.72" meanTravelTime="357.01" meanSpeed="15.53" meanSpeedRelative="0.49" duration="6"/>
    <step time="59100.00" loaded="72130" inserted="66528" running="732" waiting="5602" ended="65796" arrived="65796" collisions="149" teleports="149" halting="19" stopped="0" meanWaitingTime="792.27" meanTravelTime="357.72" meanSpeed="15.05" meanSpeedRelative="0.47" duration="7"/>
    <step time="59400.00" loaded="72674" inserted="67013" running="714" waiting="5661" ended="66299" arrived="66299" collisions="149" teleports="149" halting="7" stopped="0" meanWaitingTime="803.73" meanTravelTime="358.35" meanSpeed="15.50" meanSpeedRelative="0.48" duration="8"/>
    <step time="59700.00" loaded="73229" inserted="67536" running="775" waiting="5693" ended="66761" arrived="66761" collisions="151" teleports="151" halting="12" stopped="0" meanWaitingTime="817.68" meanTravelTime="358.87" meanSpeed="14.77" meanSpeedRelative="0.46" duration="7"/>
    <step time="60000.00" loaded="73750" inserted="68064" running="801" waiting="5686" ended="67263" arrived="67263" collisions="152" teleports="152" halting="5" stopped="0" meanWaitingTime="829.07" meanTravelTime="359.50" meanSpeed="14.98" meanSpeedRelative="0.47" duration="9"/>
    <step time="60300.00" loaded="74306" inserted="68566" running="834" waiting="5740" ended="67732" arrived="67732" collisions="152" teleports="152" halting="15" stopped="0" meanWaitingTime="842.23" meanTravelTime="360.10" meanSpeed="14.28" meanSpeedRelative="0.45" duration="9"/>
    <step time="60600.00" loaded="74833" inserted="69062" running="846" waiting="5771" ended="68216" arrived="68216" collisions="154" teleports="154" halting="22" stopped="0" meanWaitingTime="853.99" meanTravelTime="360.86" meanSpeed="14.32" meanSpeedRelative="0.45" duration="8"/>
    <step time="60900.00" loaded="75440" inserted="69534" running="853" waiting="5906" ended="68681" arrived="68681" collisions="155" teleports="155" halting="37" stopped="0" meanWaitingTime="862.34" meanTravelTime="361.83" meanSpeed="14.41" meanSpeedRelative="0.45" duration="9"/>
    <step time="61200.00" loaded="76017" inserted="69991" running="816" waiting="6026" ended="69175" arrived="69175" collisions="155" teleports="155" halting="33" stopped="0" meanWaitingTime="874.39" meanTravelTime="363.08" meanSpeed="14.75" meanSpeedRelative="0.46" duration="87"/>
    <step time="61500.00" loaded="76085" inserted="70338" running="704" waiting="5747" ended="69634" arrived="69634" collisions="157" teleports="157" halting="1" stopped="0" meanWaitingTime="887.09" meanTravelTime="364.45" meanSpeed="14.66" meanSpeedRelative="0.46" duration="6"/>
    <step time="61800.00" loaded="76141" inserted="70675" running="605" waiting="5466" ended="70070" arrived="70070" collisions="157" teleports="157" halting="10" stopped="0" meanWaitingTime="900.95" meanTravelTime="365.85" meanSpeed="15.45" meanSpeedRelative="0.48" duration="4"/>
    <step time="62100.00" loaded="76220" inserted="71017" running="562" waiting="5203" ended="70455" arrived="70455" collisions="158" teleports="158" halting="3" stopped="0" meanWaitingTime="916.31" meanTravelTime="366.65" meanSpeed="16.52" meanSpeedRelative="0.52" duration="6"/>
    <step time="62400.00" loaded="76285" inserted="71377" running="509" waiting="4908" ended="70868" arrived="70868" collisions="158" teleports="158" halting="18" stopped="0" meanWaitingTime="934.79" meanTravelTime="367.44" meanSpeed="17.07" meanSpeedRelative="0.53" duration="4"/>
    <step time="62700.00" loaded="76364" inserted="71732" running="468" waiting="4632" ended="71264" arrived="71264" collisions="160" teleports="160" halting="1" stopped="0" meanWaitingTime="950.01" meanTravelTime="368.06" meanSpeed="17.96" meanSpeedRelative="0.56" duration="4"/>
    <step time="63000.00" loaded="76448" inserted="72093" running="469" waiting="4355" ended="71624" arrived="71624" collisions="161" teleports="161" halting="3" stopped="0" meanWaitingTime="967.51" meanTravelTime="368.18" meanSpeed="18.13" meanSpeedRelative="0.57" duration="5"/>
    <step time="63300.00" loaded="76522" inserted="72415" running="408" waiting="4107" ended="72007" arrived="72007" collisions="161" teleports="161" halting="3" stopped="0" meanWaitingTime="984.85" meanTravelTime="368.33" meanSpeed="18.47" meanSpeedRelative="0.58" duration="3"/>
    <step time="63600.00" loaded="76592" inserted="72731" running="354" waiting="3861" ended="72377" arrived="72377" collisions="161" teleports="161" halting="6" stopped="0" meanWaitingTime="1002.01" meanTravelTime="368.34" meanSpeed="19.42" meanSpeedRelative="0.61" duration="3"/>
    <step time="63900.00" loaded="76664" inserted="73051" running="326" waiting="3613" ended="72725" arrived="72725" collisions="161" teleports="161" halting="9" stopped="0" meanWaitingTime="1019.03" meanTravelTime="368.29" meanSpeed="19.04" meanSpeedRelative="0.59" duration="2"/>
    <step time="64200.00" loaded="76749" inserted="73363" running="333" waiting="3386" ended="73030" arrived="73030" collisions="162" teleports="162" halting="3" stopped="0" meanWaitingTime="1032.53" meanTravelTime="368.00" meanSpeed="20.31" meanSpeedRelative="0.63" duration="3"/>
    <step time="64500.00" loaded="76821" inserted="73616" running="290" waiting="3205" ended="73326" arrived="73326" collisions="162" teleports="162" halting="2" stopped="0" meanWaitingTime="1048.49" meanTravelTime="367.80" meanSpeed="21.57" meanSpeedRelative="0.67" duration="2"/>
    <step time="64800.00" loaded="76888" inserted="73863" running="262" waiting="3025" ended="73601" arrived="73601" collisions="162" teleports="162" halting="2" stopped="0" meanWaitingTime="1064.41" meanTravelTime="367.61" meanSpeed="22.15" meanSpeedRelative="0.69" duration="91"/>
    <step time="65100.00" loaded="76931" inserted="74057" running="202" waiting="2874" ended="73855" arrived="73855" collisions="163" teleports="163" halting="0" stopped="0" meanWaitingTime="1079.94" meanTravelTime="367.56" meanSpeed="21.56" meanSpeedRelative="0.67" duration="2"/>
    <step time="65400.00" loaded="76982" inserted="74261" running="201" waiting="2721" ended="74060" arrived="74060" collisions="163" teleports="163" halting="2" stopped="0" meanWaitingTime="1095.64" meanTravelTime="367.37" meanSpeed="21.19" meanSpeedRelative="0.66" duration="2"/>
    <step time="65700.00" loaded="77041" inserted="74472" running="199" waiting="2569" ended="74273" arrived="74273" collisions="163" teleports="163" halting="2" stopped="0" meanWaitingTime="1109.94" meanTravelTime="367.17" meanSpeed="21.50" meanSpeedRelative="0.67" duration="2"/>
    <step time="66000.00" loaded="77089" inserted="74662" running="164" waiting="2427" ended="74498" arrived="74498" collisions="163" teleports="163" halting="0" stopped="0" meanWaitingTime="1122.87" meanTravelTime="366.90" meanSpeed="21.64" meanSpeedRelative="0.68" duration="1"/>
    <step time="66300.00" loaded="77140" inserted="74807" running="99" waiting="2333" ended="74708" arrived="74708" collisions="163" teleports="163" halting="1" stopped="0" meanWaitingTime="1135.89" meanTravelTime="366.64" meanSpeed="21.72" meanSpeedRelative="0.68" duration="1"/>
    <step time="66600.00" loaded="77196" inserted="74962" running="104" waiting="2234" ended="74858" arrived="74858" collisions="163" teleports="163" halting="3" stopped="0" meanWaitingTime="1148.60" meanTravelTime="366.33" meanSpeed="21.63" meanSpeedRelative="0.68" duration="1"/>
    <step time="66900.00" loaded="77255" inserted="75116" running="109" waiting="2139" ended="75007" arrived="75007" collisions="163" teleports="163" halting="3" stopped="0" meanWaitingTime="1161.17" meanTravelTime="366.02" meanSpeed="21.19" meanSpeedRelative="0.66" duration="1"/>
    <step time="67200.00" loaded="77324" inserted="75275" running="111" waiting="2049" ended="75164" arrived="75164" collisions="163" teleports="163" halting="2" stopped="0" meanWaitingTime="1173.49" meanTravelTime="365.68" meanSpeed="21.81" meanSpeedRelative="0.68" duration="1"/>
    <step time="67500.00" loaded="77374" inserted="75423" running="108" waiting="1951" ended="75315" arrived="75315" collisions="163" teleports="163" halting="4" stopped="0" meanWaitingTime="1186.12" meanTravelTime="365.36" meanSpeed="22.05" meanSpeedRelative="0.69" duration="1"/>
    <step time="67800.00" loaded="77430" inserted="75572" running="121" waiting="1858" ended="75451" arrived="75451" collisions="163" teleports="163" halting="1" stopped="0" meanWaitingTime="1195.35" meanTravelTime="365.10" meanSpeed="23.76" meanSpeedRelative="0.74" duration="1"/>
    <step time="68100.00" loaded="77469" inserted="75677" running="92" waiting="1792" ended="75585" arrived="75585" collisions="163" teleports="163" halting="2" stopped="0" meanWaitingTime="1203.03" meanTravelTime="364.88" meanSpeed="24.08" meanSpeedRelative="0.75" duration="1"/>
    <step time="68400.00" loaded="77531" inserted="75772" running="103" waiting="1759" ended="75669" arrived="75669" collisions="163" teleports="163" halting="2" stopped="0" meanWaitingTime="1210.75" meanTravelTime="364.84" meanSpeed="24.84" meanSpeedRelative="0.78" duration="91"/>
    <step time="68700.00" loaded="77685" inserted="75958" running="166" waiting="1727" ended="75792" arrived="75792" collisions="164" teleports="164" halting="1" stopped="0" meanWaitingTime="1216.78" meanTravelTime="364.70" meanSpeed="23.78" meanSpeedRelative="0.74" duration="1"/>
    <step time="69000.00" loaded="77831" inserted="76134" running="169" waiting="1697" ended="75965" arrived="75965" collisions="164" teleports="164" halting="1" stopped="0" meanWaitingTime="1223.95" meanTravelTime="364.48" meanSpeed="23.65" meanSpeedRelative="0.74" duration="1"/>
    <step time="69300.00" loaded="77986" inserted="76315" running="171" waiting="1671" ended="76144" arrived="76144" collisions="164" teleports="164" halting="1" stopped="0" meanWaitingTime="1230.78" meanTravelTime="364.25" meanSpeed="23.83" meanSpeedRelative="0.74" duration="1"/>
    <step time="69600.00" loaded="78134" inserted="76486" running="169" waiting="1648" ended="76317" arrived="76317" collisions="164" teleports="164" halting="1" stopped="0" meanWaitingTime="1237.05" meanTravelTime="364.11" meanSpeed="23.30" meanSpeedRelative="0.73" duration="1"/>
    <step time="69900.00" loaded="78295" inserted="76674" running="177" waiting="1621" ended="76497" arrived="76497" collisions="164" teleports="164" halting="2" stopped="0" meanWaitingTime="1243.33" meanTravelTime="363.91" meanSpeed="23.49" meanSpeedRelative="0.73" duration="1"/>
    <step time="70200.00" loaded="78453" inserted="76859" running="181" waiting="1594" ended="76678" arrived="76678" collisions="164" teleports="164" halting="2" stopped="0" meanWaitingTime="1249.68" meanTravelTime="363.71" meanSpeed="23.41" meanSpeedRelative="0.73" duration="2"/>
    <step time="70500.00" loaded="78586" inserted="77028" running="162" waiting="1558" ended="76866" arrived="76866" collisions="164" teleports="164" halting="1" stopped="0" meanWaitingTime="1256.54" meanTravelTime="363.63" meanSpeed="22.29" meanSpeedRelative="0.70" duration="1"/>
    <step time="70800.00" loaded="78733" inserted="77208" running="161" waiting="1525" ended="77047" arrived="77047" collisions="164" teleports="164" halting="2" stopped="0" meanWaitingTime="1263.45" meanTravelTime="363.36" meanSpeed="23.62" meanSpeedRelative="0.74" duration="2"/>
    <step time="71100.00" loaded="78879" inserted="77378" running="158" waiting="1501" ended="77220" arrived="77220" collisions="164" teleports="164" halting="2" stopped="0" meanWaitingTime="1270.28" meanTravelTime="363.16" meanSpeed="24.14" meanSpeedRelative="0.75" duration="1"/>
    <step time="71400.00" loaded="79043" inserted="77568" running="166" waiting="1475" ended="77402" arrived="77402" collisions="164" teleports="164" halting="2" stopped="0" meanWaitingTime="1276.06" meanTravelTime="362.94" meanSpeed="23.28" meanSpeedRelative="0.73" duration="1"/>
    <step time="71700.00" loaded="79202" inserted="77750" running="165" waiting="1452" ended="77585" arrived="77585" collisions="164" teleports="164" halting="0" stopped="0" meanWaitingTime="1282.48" meanTravelTime="362.78" meanSpeed="24.62" meanSpeedRelative="0.77" duration="1"/>
    <step time="72000.00" loaded="79360" inserted="77933" running="167" waiting="1427" ended="77766" arrived="77766" collisions="164" teleports="164" halting="2" stopped="0" meanWaitingTime="1288.87" meanTravelTime="362.55" meanSpeed="24.69" meanSpeedRelative="0.77" duration="82"/>
    <step time="72300.00" loaded="79496" inserted="78101" running="149" waiting="1395" ended="77952" arrived="77952" collisions="165" teleports="165" halting="0" stopped="0" meanWaitingTime="1295.01" meanTravelTime="362.34" meanSpeed="24.01" meanSpeedRelative="0.75" duration="1"/>
    <step time="72600.00" loaded="79618" inserted="78249" running="158" waiting="1369" ended="78091" arrived="78091" collisions="165" teleports="165" halting="0" stopped="0" meanWaitingTime="1301.75" meanTravelTime="362.21" meanSpeed="24.13" meanSpeedRelative="0.75" duration="1"/>
    <step time="72900.00" loaded="79740" inserted="78396" running="139" waiting="1344" ended="78257" arrived="78257" collisions="165" teleports="165" halting="3" stopped="0" meanWaitingTime="1308.29" meanTravelTime="362.03" meanSpeed="22.93" meanSpeedRelative="0.72" duration="2"/>
    <step time="73200.00" loaded="79892" inserted="78570" running="164" waiting="1322" ended="78406" arrived="78406" collisions="165" teleports="165" halting="0" stopped="0" meanWaitingTime="1314.66" meanTravelTime="361.91" meanSpeed="22.79" meanSpeedRelative="0.71" duration="1"/>
    <step time="73500.00" loaded="80046" inserted="78753" running="180" waiting="1293" ended="78573" arrived="78573" collisions="165" teleports="165" halting="3" stopped="0" meanWaitingTime="1321.63" meanTravelTime="361.70" meanSpeed="22.19" meanSpeedRelative="0.69" duration="2"/>
    <step time="73800.00" loaded="80163" inserted="78897" running="168" waiting="1266" ended="78729" arrived="78729" collisions="165" teleports="165" halting="1" stopped="0" meanWaitingTime="1329.02" meanTravelTime="361.59" meanSpeed="22.52" meanSpeedRelative="0.70" duration="1"/>
    <step time="74100.00" loaded="80298" inserted="79057" running="159" waiting="1241" ended="78898" arrived="78898" collisions="165" teleports="165" halting="0" stopped="0" meanWaitingTime="1336.41" meanTravelTime="361.51" meanSpeed="24.47" meanSpeedRelative="0.76" duration="1"/>
    <step time="74400.00" loaded="80426" inserted="79213" running="160" waiting="1213" ended="79053" arrived="79053" collisions="165" teleports="165" halting="0" stopped="0" meanWaitingTime="1343.85" meanTravelTime="361.40" meanSpeed="23.52" meanSpeedRelative="0.74" duration="2"/>
    <step time="74700.00" loaded="80553" inserted="79369" running="157" waiting="1184" ended="79212" arrived="79212" collisions="165" teleports="165" halting="1" stopped="0" meanWaitingTime="1350.74" meanTravelTime="361.33" meanSpeed="23.79" meanSpeedRelative="0.74" duration="2"/>
    <step time="75000.00" loaded="80685" inserted="79527" running="170" waiting="1158" ended="79357" arrived="79357" collisions="165" teleports="165" halting="1" stopped="0" meanWaitingTime="1357.79" meanTravelTime="361.19" meanSpeed="23.79" meanSpeedRelative="0.74" duration="1"/>
    <step time="75300.00" loaded="80820" inserted="79688" running="169" waiting="1132" ended="79519" arrived="79519" collisions="165" teleports="165" halting="7" stopped="0" meanWaitingTime="1365.23" meanTravelTime="361.10" meanSpeed="23.51" meanSpeedRelative="0.73" duration="1"/>
    <step time="75600.00" loaded="80960" inserted="79855" running="173" waiting="1105" ended="79682" arrived="79682" collisions="165" teleports="165" halting="2" stopped="0" meanWaitingTime="1371.29" meanTravelTime="360.97" meanSpeed="24.03" meanSpeedRelative="0.75" duration="84"/>
    <step time="75900.00" loaded="81199" inserted="80103" running="215" waiting="1096" ended="79888" arrived="79888" collisions="166" teleports="166" halting="2" stopped="0" meanWaitingTime="1375.67" meanTravelTime="360.79" meanSpeed="23.53" meanSpeedRelative="0.74" duration="2"/>
    <step time="76200.00" loaded="81410" inserted="80334" running="207" waiting="1076" ended="80127" arrived="80127" collisions="166" teleports="166" halting="2" stopped="0" meanWaitingTime="1381.29" meanTravelTime="360.58" meanSpeed="23.63" meanSpeedRelative="0.74" duration="2"/>
    <step time="76500.00" loaded="81604" inserted="80552" running="195" waiting="1052" ended="80357" arrived="80357" collisions="166" teleports="166" halting="5" stopped="0" meanWaitingTime="1386.84" meanTravelTime="360.31" meanSpeed="23.60" meanSpeedRelative="0.74" duration="1"/>
    <step time="76800.00" loaded="81832" inserted="80809" running="257" waiting="1023" ended="80552" arrived="80552" collisions="166" teleports="166" halting="1" stopped="0" meanWaitingTime="1391.91" meanTravelTime="360.10" meanSpeed="23.50" meanSpeedRelative="0.73" duration="2"/>
    <step time="77100.00" loaded="82048" inserted="81043" running="225" waiting="1005" ended="80818" arrived="80818" collisions="167" teleports="167" halting="3" stopped="0" meanWaitingTime="1397.33" meanTravelTime="359.87" meanSpeed="23.00" meanSpeedRelative="0.72" duration="1"/>
    <step time="77400.00" loaded="82264" inserted="81280" running="234" waiting="984" ended="81046" arrived="81046" collisions="167" teleports="167" halting="2" stopped="0" meanWaitingTime="1402.42" meanTravelTime="359.65" meanSpeed="23.76" meanSpeedRelative="0.74" duration="2"/>
    <step time="77700.00" loaded="82458" inserted="81495" running="214" waiting="963" ended="81281" arrived="81281" collisions="167" teleports="167" halting="1" stopped="0" meanWaitingTime="1407.91" meanTravelTime="359.42" meanSpeed="23.42" meanSpeedRelative="0.73" duration="1"/>
    <step time="78000.00" loaded="82667" inserted="81722" running="212" waiting="945" ended="81510" arrived="81510" collisions="167" teleports="167" halting="2" stopped="0" meanWaitingTime="1413.21" meanTravelTime="359.25" meanSpeed="23.64" meanSpeedRelative="0.74" duration="2"/>
    <step time="78300.00" loaded="82858" inserted="81942" running="219" waiting="916" ended="81723" arrived="81723" collisions="167" teleports="167" halting="2" stopped="0" meanWaitingTime="1418.86" meanTravelTime="359.09" meanSpeed="23.18" meanSpeedRelative="0.72" duration="1"/>
    <step time="78600.00" loaded="83077" inserted="82186" running="231" waiting="891" ended="81955" arrived="81955" collisions="167" teleports="167" halting="2" stopped="0" meanWaitingTime="1424.57" meanTravelTime="358.91" meanSpeed="24.26" meanSpeedRelative="0.76" duration="2"/>
    <step time="78900.00" loaded="83274" inserted="82400" running="223" waiting="874" ended="82177" arrived="82177" collisions="168" teleports="168" halting="2" stopped="0" meanWaitingTime="1430.09" meanTravelTime="358.73" meanSpeed="23.32" meanSpeedRelative="0.73" duration="2"/>
    <step time="79200.00" loaded="83470" inserted="82621" running="221" waiting="849" ended="82400" arrived="82400" collisions="168" teleports="168" halting="2" stopped="0" meanWaitingTime="1435.93" meanTravelTime="358.54" meanSpeed="22.81" meanSpeedRelative="0.71" duration="84"/>
    <step time="79500.00" loaded="83648" inserted="82823" running="204" waiting="825" ended="82619" arrived="82619" collisions="168" teleports="168" halting="0" stopped="0" meanWaitingTime="1441.57" meanTravelTime="358.36" meanSpeed="23.80" meanSpeedRelative="0.74" duration="1"/>
    <step time="79800.00" loaded="83816" inserted="83013" running="190" waiting="803" ended="82823" arrived="82823" collisions="168" teleports="168" halting="0" stopped="0" meanWaitingTime="1448.12" meanTravelTime="358.29" meanSpeed="22.51" meanSpeedRelative="0.70" duration="1"/>
    <step time="80100.00" loaded="83997" inserted="83216" running="216" waiting="781" ended="83000" arrived="83000" collisions="168" teleports="168" halting="1" stopped="0" meanWaitingTime="1453.46" meanTravelTime="358.17" meanSpeed="24.12" meanSpeedRelative="0.75" duration="1"/>
    <step time="80400.00" loaded="84163" inserted="83402" running="188" waiting="761" ended="83214" arrived="83214" collisions="168" teleports="168" halting="2" stopped="0" meanWaitingTime="1459.35" meanTravelTime="358.09" meanSpeed="23.39" meanSpeedRelative="0.73" duration="2"/>
    <step time="80700.00" loaded="84342" inserted="83606" running="189" waiting="736" ended="83417" arrived="83417" collisions="168" teleports="168" halting="0" stopped="0" meanWaitingTime="1464.44" meanTravelTime="358.01" meanSpeed="23.93" meanSpeedRelative="0.75" duration="1"/>
    <step time="81000.00" loaded="84514" inserted="83803" running="180" waiting="711" ended="83623" arrived="83623" collisions="168" teleports="168" halting="1" stopped="0" meanWaitingTime="1470.38" meanTravelTime="357.86" meanSpeed="22.89" meanSpeedRelative="0.72" duration="2"/>
    <step time="81300.00" loaded="84671" inserted="83989" running="176" waiting="682" ended="83813" arrived="83813" collisions="168" teleports="168" halting="2" stopped="0" meanWaitingTime="1476.49" meanTravelTime="357.73" meanSpeed="23.91" meanSpeedRelative="0.75" duration="1"/>
    <step time="81600.00" loaded="84845" inserted="84191" running="178" waiting="654" ended="84013" arrived="84013" collisions="168" teleports="168" halting="2" stopped="0" meanWaitingTime="1481.68" meanTravelTime="357.50" meanSpeed="22.65" meanSpeedRelative="0.71" duration="1"/>
    <step time="81900.00" loaded="85032" inserted="84396" running="191" waiting="636" ended="84205" arrived="84205" collisions="168" teleports="168" halting="1" stopped="0" meanWaitingTime="1485.57" meanTravelTime="357.30" meanSpeed="23.88" meanSpeedRelative="0.75" duration="1"/>
    <step time="82200.00" loaded="85230" inserted="84620" running="221" waiting="610" ended="84399" arrived="84399" collisions="168" teleports="168" halting="2" stopped="0" meanWaitingTime="1488.27" meanTravelTime="357.16" meanSpeed="22.96" meanSpeedRelative="0.72" duration="1"/>
    <step time="82500.00" loaded="85415" inserted="84828" running="225" waiting="587" ended="84603" arrived="84603" collisions="169" teleports="169" halting="1" stopped="0" meanWaitingTime="1490.72" meanTravelTime="356.97" meanSpeed="22.87" meanSpeedRelative="0.71" duration="2"/>
</summary>
