<?xml version="1.0" encoding="UTF-8"?>

<!-- generated on 2025-08-08 17:27:15 by Eclipse SUMO sumo Version 1.23.1
<sumoConfiguration xmlns:xsi="http://www.w3.org/2001/XMLSchema-instance" xsi:noNamespaceSchemaLocation="http://sumo.dlr.de/xsd/sumoConfiguration.xsd">

    <input>
        <net-file value="Desktop\Master Thesis\Network_fin.net.xml"/>
        <route-files value="Desktop\Master Thesis\demand_model_amsterdam.rou.xml"/>
        <additional-files value="Desktop\Master Thesis\Additionnal.add.xml"/>
    </input>

    <output>
        <summary-output value="outputf\summary_metaline_84723.xml"/>
        <summary-output.period value="300"/>
        <tripinfo-output value="outputf\tripinfo_metaline_84723.xml"/>
    </output>

    <time>
        <begin value="0"/>
        <end value="82800"/>
        <step-length value="1"/>
    </time>

    <processing>
        <time-to-teleport value="-1"/>
    </processing>

    <report>
        <verbose value="true"/>
        <no-step-log value="true"/>
    </report>

    <emissions>
        <device.emissions.period value="10"/>
    </emissions>

    <traci_server>
        <remote-port value="56451"/>
    </traci_server>

    <random_number>
        <seed value="84723"/>
    </random_number>

</sumoConfiguration>
-->

<summary xmlns:xsi="http://www.w3.org/2001/XMLSchema-instance" xsi:noNamespaceSchemaLocation="http://sumo.dlr.de/xsd/summary_file.xsd">
    <step time="0.00" loaded="1" inserted="1" running="1" waiting="0" ended="0" arrived="0" collisions="0" teleports="0" halting="1" stopped="0" meanWaitingTime="0.00" meanTravelTime="-1.00" meanSpeed="0.00" meanSpeedRelative="0.00" duration="1"/>
    <step time="300.00" loaded="200" inserted="200" running="126" waiting="0" ended="74" arrived="74" collisions="0" teleports="0" halting="0" stopped="0" meanWaitingTime="0.66" meanTravelTime="107.58" meanSpeed="25.45" meanSpeedRelative="0.80" duration="2"/>
    <step time="600.00" loaded="367" inserted="367" running="133" waiting="0" ended="234" arrived="234" collisions="0" teleports="0" halting="0" stopped="0" meanWaitingTime="0.50" meanTravelTime="156.97" meanSpeed="25.25" meanSpeedRelative="0.79" duration="1"/>
    <step time="900.00" loaded="545" inserted="545" running="143" waiting="0" ended="402" arrived="402" collisions="0" teleports="0" halting="1" stopped="0" meanWaitingTime="0.50" meanTravelTime="193.48" meanSpeed="25.54" meanSpeedRelative="0.80" duration="1"/>
    <step time="1200.00" loaded="732" inserted="732" running="166" waiting="0" ended="566" arrived="566" collisions="0" teleports="0" halting="0" stopped="0" meanWaitingTime="0.52" meanTravelTime="209.31" meanSpeed="26.04" meanSpeedRelative="0.81" duration="1"/>
    <step time="1500.00" loaded="907" inserted="907" running="160" waiting="0" ended="747" arrived="747" collisions="0" teleports="0" halting="0" stopped="0" meanWaitingTime="0.52" meanTravelTime="219.54" meanSpeed="25.42" meanSpeedRelative="0.79" duration="1"/>
    <step time="1800.00" loaded="1102" inserted="1102" running="190" waiting="0" ended="912" arrived="912" collisions="0" teleports="0" halting="0" stopped="0" meanWaitingTime="0.49" meanTravelTime="230.23" meanSpeed="25.59" meanSpeedRelative="0.80" duration="2"/>
    <step time="2100.00" loaded="1278" inserted="1278" running="159" waiting="0" ended="1119" arrived="1119" collisions="0" teleports="0" halting="1" stopped="0" meanWaitingTime="0.45" meanTravelTime="237.91" meanSpeed="25.03" meanSpeedRelative="0.78" duration="1"/>
    <step time="2400.00" loaded="1453" inserted="1453" running="143" waiting="0" ended="1310" arrived="1310" collisions="1" teleports="1" halting="0" stopped="0" meanWaitingTime="0.44" meanTravelTime="246.05" meanSpeed="25.11" meanSpeedRelative="0.78" duration="1"/>
    <step time="2700.00" loaded="1621" inserted="1621" running="144" waiting="0" ended="1477" arrived="1477" collisions="1" teleports="1" halting="2" stopped="0" meanWaitingTime="0.42" meanTravelTime="248.17" meanSpeed="24.99" meanSpeedRelative="0.78" duration="1"/>
    <step time="3000.00" loaded="1799" inserted="1798" running="149" waiting="1" ended="1649" arrived="1649" collisions="1" teleports="1" halting="1" stopped="0" meanWaitingTime="0.44" meanTravelTime="246.06" meanSpeed="24.58" meanSpeedRelative="0.77" duration="1"/>
    <step time="3300.00" loaded="2003" inserted="2003" running="165" waiting="0" ended="1838" arrived="1838" collisions="1" teleports="1" halting="0" stopped="0" meanWaitingTime="0.45" meanTravelTime="244.73" meanSpeed="24.81" meanSpeedRelative="0.78" duration="1"/>
    <step time="3600.00" loaded="2179" inserted="2179" running="144" waiting="0" ended="2035" arrived="2035" collisions="1" teleports="1" halting="1" stopped="0" meanWaitingTime="0.43" meanTravelTime="245.96" meanSpeed="24.36" meanSpeedRelative="0.76" duration="84"/>
    <step time="3900.00" loaded="2277" inserted="2277" running="108" waiting="0" ended="2169" arrived="2169" collisions="1" teleports="1" halting="2" stopped="0" meanWaitingTime="0.42" meanTravelTime="247.86" meanSpeed="25.83" meanSpeedRelative="0.81" duration="1"/>
    <step time="4200.00" loaded="2373" inserted="2373" running="95" waiting="0" ended="2278" arrived="2278" collisions="1" teleports="1" halting="1" stopped="0" meanWaitingTime="0.40" meanTravelTime="251.56" meanSpeed="25.64" meanSpeedRelative="0.80" duration="1"/>
    <step time="4500.00" loaded="2487" inserted="2487" running="94" waiting="0" ended="2393" arrived="2393" collisions="2" teleports="2" halting="1" stopped="0" meanWaitingTime="0.40" meanTravelTime="251.43" meanSpeed="23.94" meanSpeedRelative="0.75" duration="1"/>
    <step time="4800.00" loaded="2593" inserted="2593" running="95" waiting="0" ended="2498" arrived="2498" collisions="2" teleports="2" halting="3" stopped="0" meanWaitingTime="0.39" meanTravelTime="253.19" meanSpeed="24.69" meanSpeedRelative="0.77" duration="0"/>
    <step time="5100.00" loaded="2706" inserted="2706" running="102" waiting="0" ended="2604" arrived="2604" collisions="2" teleports="2" halting="1" stopped="0" meanWaitingTime="0.39" meanTravelTime="253.48" meanSpeed="25.20" meanSpeedRelative="0.79" duration="1"/>
    <step time="5400.00" loaded="2824" inserted="2824" running="107" waiting="0" ended="2717" arrived="2717" collisions="3" teleports="3" halting="2" stopped="0" meanWaitingTime="0.38" meanTravelTime="254.12" meanSpeed="25.14" meanSpeedRelative="0.79" duration="1"/>
    <step time="5700.00" loaded="2930" inserted="2930" running="97" waiting="0" ended="2833" arrived="2833" collisions="3" teleports="3" halting="0" stopped="0" meanWaitingTime="0.37" meanTravelTime="253.76" meanSpeed="24.77" meanSpeedRelative="0.77" duration="1"/>
    <step time="6000.00" loaded="3040" inserted="3040" running="104" waiting="0" ended="2936" arrived="2936" collisions="3" teleports="3" halting="2" stopped="0" meanWaitingTime="0.36" meanTravelTime="255.33" meanSpeed="24.84" meanSpeedRelative="0.78" duration="1"/>
    <step time="6300.00" loaded="3148" inserted="3148" running="95" waiting="0" ended="3053" arrived="3053" collisions="3" teleports="3" halting="1" stopped="0" meanWaitingTime="0.36" meanTravelTime="255.92" meanSpeed="25.34" meanSpeedRelative="0.79" duration="1"/>
    <step time="6600.00" loaded="3239" inserted="3239" running="74" waiting="0" ended="3165" arrived="3165" collisions="3" teleports="3" halting="0" stopped="0" meanWaitingTime="0.36" meanTravelTime="256.35" meanSpeed="25.60" meanSpeedRelative="0.80" duration="0"/>
    <step time="6900.00" loaded="3358" inserted="3358" running="103" waiting="0" ended="3255" arrived="3255" collisions="3" teleports="3" halting="1" stopped="0" meanWaitingTime="0.35" meanTravelTime="255.56" meanSpeed="25.34" meanSpeedRelative="0.79" duration="1"/>
    <step time="7200.00" loaded="3473" inserted="3473" running="101" waiting="0" ended="3372" arrived="3372" collisions="3" teleports="3" halting="0" stopped="0" meanWaitingTime="0.36" meanTravelTime="255.55" meanSpeed="25.25" meanSpeedRelative="0.79" duration="85"/>
    <step time="7500.00" loaded="3622" inserted="3622" running="111" waiting="0" ended="3511" arrived="3511" collisions="3" teleports="3" halting="1" stopped="0" meanWaitingTime="0.36" meanTravelTime="255.43" meanSpeed="25.70" meanSpeedRelative="0.80" duration="1"/>
    <step time="7800.00" loaded="3772" inserted="3771" running="142" waiting="1" ended="3629" arrived="3629" collisions="3" teleports="3" halting="0" stopped="0" meanWaitingTime="0.35" meanTravelTime="256.02" meanSpeed="24.90" meanSpeedRelative="0.78" duration="1"/>
    <step time="8100.00" loaded="3920" inserted="3920" running="129" waiting="0" ended="3791" arrived="3791" collisions="3" teleports="3" halting="3" stopped="0" meanWaitingTime="0.35" meanTravelTime="255.14" meanSpeed="24.60" meanSpeedRelative="0.77" duration="1"/>
    <step time="8400.00" loaded="4063" inserted="4062" running="121" waiting="1" ended="3941" arrived="3941" collisions="3" teleports="3" halting="1" stopped="0" meanWaitingTime="0.36" meanTravelTime="255.45" meanSpeed="24.14" meanSpeedRelative="0.75" duration="1"/>
    <step time="8700.00" loaded="4192" inserted="4192" running="112" waiting="0" ended="4080" arrived="4080" collisions="3" teleports="3" halting="0" stopped="0" meanWaitingTime="0.36" meanTravelTime="255.26" meanSpeed="26.18" meanSpeedRelative="0.82" duration="1"/>
    <step time="9000.00" loaded="4348" inserted="4348" running="120" waiting="0" ended="4228" arrived="4228" collisions="3" teleports="3" halting="2" stopped="0" meanWaitingTime="0.38" meanTravelTime="254.90" meanSpeed="24.65" meanSpeedRelative="0.77" duration="1"/>
    <step time="9300.00" loaded="4492" inserted="4492" running="122" waiting="0" ended="4370" arrived="4370" collisions="3" teleports="3" halting="0" stopped="0" meanWaitingTime="0.38" meanTravelTime="254.66" meanSpeed="25.36" meanSpeedRelative="0.79" duration="1"/>
    <step time="9600.00" loaded="4639" inserted="4639" running="115" waiting="0" ended="4524" arrived="4524" collisions="3" teleports="3" halting="0" stopped="0" meanWaitingTime="0.38" meanTravelTime="254.48" meanSpeed="25.83" meanSpeedRelative="0.81" duration="0"/>
    <step time="9900.00" loaded="4808" inserted="4808" running="129" waiting="0" ended="4679" arrived="4679" collisions="3" teleports="3" halting="3" stopped="0" meanWaitingTime="0.38" meanTravelTime="253.70" meanSpeed="24.42" meanSpeedRelative="0.76" duration="1"/>
    <step time="10200.00" loaded="4951" inserted="4951" running="120" waiting="0" ended="4831" arrived="4831" collisions="3" teleports="3" halting="2" stopped="0" meanWaitingTime="0.38" meanTravelTime="254.12" meanSpeed="25.49" meanSpeedRelative="0.80" duration="1"/>
    <step time="10500.00" loaded="5096" inserted="5096" running="109" waiting="0" ended="4987" arrived="4987" collisions="4" teleports="4" halting="2" stopped="0" meanWaitingTime="0.37" meanTravelTime="253.93" meanSpeed="24.74" meanSpeedRelative="0.77" duration="1"/>
    <step time="10800.00" loaded="5246" inserted="5246" running="130" waiting="0" ended="5116" arrived="5116" collisions="4" teleports="4" halting="1" stopped="0" meanWaitingTime="0.37" meanTravelTime="253.07" meanSpeed="23.75" meanSpeedRelative="0.74" duration="88"/>
    <step time="11100.00" loaded="5385" inserted="5385" running="109" waiting="0" ended="5276" arrived="5276" collisions="4" teleports="4" halting="1" stopped="0" meanWaitingTime="0.37" meanTravelTime="253.59" meanSpeed="24.47" meanSpeedRelative="0.76" duration="1"/>
    <step time="11400.00" loaded="5521" inserted="5521" running="108" waiting="0" ended="5413" arrived="5413" collisions="4" teleports="4" halting="0" stopped="0" meanWaitingTime="0.37" meanTravelTime="252.67" meanSpeed="24.81" meanSpeedRelative="0.78" duration="1"/>
    <step time="11700.00" loaded="5677" inserted="5677" running="113" waiting="0" ended="5564" arrived="5564" collisions="4" teleports="4" halting="3" stopped="0" meanWaitingTime="0.36" meanTravelTime="252.04" meanSpeed="24.20" meanSpeedRelative="0.76" duration="1"/>
    <step time="12000.00" loaded="5846" inserted="5846" running="117" waiting="0" ended="5729" arrived="5729" collisions="4" teleports="4" halting="2" stopped="0" meanWaitingTime="0.37" meanTravelTime="250.98" meanSpeed="24.14" meanSpeedRelative="0.75" duration="1"/>
    <step time="12300.00" loaded="5999" inserted="5999" running="111" waiting="0" ended="5888" arrived="5888" collisions="4" teleports="4" halting="2" stopped="0" meanWaitingTime="0.37" meanTravelTime="249.98" meanSpeed="25.19" meanSpeedRelative="0.79" duration="1"/>
    <step time="12600.00" loaded="6130" inserted="6129" running="103" waiting="1" ended="6026" arrived="6026" collisions="4" teleports="4" halting="0" stopped="0" meanWaitingTime="0.37" meanTravelTime="249.67" meanSpeed="25.57" meanSpeedRelative="0.80" duration="1"/>
    <step time="12900.00" loaded="6279" inserted="6279" running="117" waiting="0" ended="6162" arrived="6162" collisions="4" teleports="4" halting="1" stopped="0" meanWaitingTime="0.36" meanTravelTime="249.31" meanSpeed="25.46" meanSpeedRelative="0.80" duration="0"/>
    <step time="13200.00" loaded="6427" inserted="6426" running="102" waiting="1" ended="6324" arrived="6324" collisions="4" teleports="4" halting="0" stopped="0" meanWaitingTime="0.38" meanTravelTime="248.62" meanSpeed="24.32" meanSpeedRelative="0.76" duration="1"/>
    <step time="13500.00" loaded="6556" inserted="6556" running="95" waiting="0" ended="6461" arrived="6461" collisions="4" teleports="4" halting="1" stopped="0" meanWaitingTime="0.38" meanTravelTime="247.95" meanSpeed="25.07" meanSpeedRelative="0.78" duration="1"/>
    <step time="13800.00" loaded="6699" inserted="6699" running="109" waiting="0" ended="6590" arrived="6590" collisions="4" teleports="4" halting="1" stopped="0" meanWaitingTime="0.38" meanTravelTime="247.22" meanSpeed="25.62" meanSpeedRelative="0.80" duration="1"/>
    <step time="14100.00" loaded="6812" inserted="6811" running="85" waiting="1" ended="6726" arrived="6726" collisions="4" teleports="4" halting="2" stopped="0" meanWaitingTime="0.38" meanTravelTime="246.75" meanSpeed="24.27" meanSpeedRelative="0.76" duration="1"/>
    <step time="14400.00" loaded="6946" inserted="6946" running="105" waiting="0" ended="6841" arrived="6841" collisions="4" teleports="4" halting="2" stopped="0" meanWaitingTime="0.37" meanTravelTime="246.27" meanSpeed="25.13" meanSpeedRelative="0.79" duration="86"/>
    <step time="14700.00" loaded="7054" inserted="7054" running="84" waiting="0" ended="6970" arrived="6970" collisions="4" teleports="4" halting="1" stopped="0" meanWaitingTime="0.37" meanTravelTime="246.29" meanSpeed="24.91" meanSpeedRelative="0.78" duration="0"/>
    <step time="15000.00" loaded="7151" inserted="7151" running="69" waiting="0" ended="7082" arrived="7082" collisions="4" teleports="4" halting="1" stopped="0" meanWaitingTime="0.37" meanTravelTime="245.79" meanSpeed="25.88" meanSpeedRelative="0.81" duration="0"/>
    <step time="15300.00" loaded="7253" inserted="7253" running="67" waiting="0" ended="7186" arrived="7186" collisions="4" teleports="4" halting="1" stopped="0" meanWaitingTime="0.37" meanTravelTime="245.33" meanSpeed="25.08" meanSpeedRelative="0.78" duration="0"/>
    <step time="15600.00" loaded="7357" inserted="7357" running="65" waiting="0" ended="7292" arrived="7292" collisions="4" teleports="4" halting="3" stopped="0" meanWaitingTime="0.36" meanTravelTime="245.09" meanSpeed="24.64" meanSpeedRelative="0.77" duration="0"/>
    <step time="15900.00" loaded="7434" inserted="7434" running="62" waiting="0" ended="7372" arrived="7372" collisions="4" teleports="4" halting="0" stopped="0" meanWaitingTime="0.36" meanTravelTime="244.97" meanSpeed="26.50" meanSpeedRelative="0.83" duration="1"/>
    <step time="16200.00" loaded="7526" inserted="7526" running="73" waiting="0" ended="7453" arrived="7453" collisions="4" teleports="4" halting="1" stopped="0" meanWaitingTime="0.36" meanTravelTime="244.81" meanSpeed="25.64" meanSpeedRelative="0.80" duration="0"/>
    <step time="16500.00" loaded="7632" inserted="7632" running="67" waiting="0" ended="7565" arrived="7565" collisions="4" teleports="4" halting="0" stopped="0" meanWaitingTime="0.36" meanTravelTime="244.45" meanSpeed="26.31" meanSpeedRelative="0.82" duration="1"/>
    <step time="16800.00" loaded="7730" inserted="7729" running="65" waiting="1" ended="7664" arrived="7664" collisions="4" teleports="4" halting="0" stopped="0" meanWaitingTime="0.36" meanTravelTime="244.06" meanSpeed="25.11" meanSpeedRelative="0.78" duration="1"/>
    <step time="17100.00" loaded="7835" inserted="7835" running="77" waiting="0" ended="7758" arrived="7758" collisions="4" teleports="4" halting="1" stopped="0" meanWaitingTime="0.36" meanTravelTime="243.41" meanSpeed="25.21" meanSpeedRelative="0.79" duration="0"/>
    <step time="17400.00" loaded="7941" inserted="7941" running="76" waiting="0" ended="7865" arrived="7865" collisions="4" teleports="4" halting="0" stopped="0" meanWaitingTime="0.36" meanTravelTime="243.01" meanSpeed="25.24" meanSpeedRelative="0.79" duration="1"/>
    <step time="17700.00" loaded="8032" inserted="8032" running="66" waiting="0" ended="7966" arrived="7966" collisions="4" teleports="4" halting="1" stopped="0" meanWaitingTime="0.35" meanTravelTime="242.89" meanSpeed="25.82" meanSpeedRelative="0.81" duration="1"/>
    <step time="18000.00" loaded="8135" inserted="8135" running="69" waiting="0" ended="8066" arrived="8066" collisions="4" teleports="4" halting="1" stopped="0" meanWaitingTime="0.35" meanTravelTime="242.16" meanSpeed="25.47" meanSpeedRelative="0.80" duration="79"/>
    <step time="18300.00" loaded="8317" inserted="8316" running="133" waiting="1" ended="8183" arrived="8183" collisions="4" teleports="4" halting="0" stopped="0" meanWaitingTime="0.36" meanTravelTime="241.80" meanSpeed="25.37" meanSpeedRelative="0.79" duration="1"/>
    <step time="18600.00" loaded="8505" inserted="8505" running="153" waiting="0" ended="8352" arrived="8352" collisions="4" teleports="4" halting="1" stopped="0" meanWaitingTime="0.37" meanTravelTime="241.20" meanSpeed="24.84" meanSpeedRelative="0.78" duration="1"/>
    <step time="18900.00" loaded="8686" inserted="8686" running="132" waiting="0" ended="8554" arrived="8554" collisions="4" teleports="4" halting="1" stopped="0" meanWaitingTime="0.37" meanTravelTime="240.81" meanSpeed="25.06" meanSpeedRelative="0.78" duration="1"/>
    <step time="19200.00" loaded="8892" inserted="8892" running="168" waiting="0" ended="8724" arrived="8724" collisions="4" teleports="4" halting="0" stopped="0" meanWaitingTime="0.37" meanTravelTime="240.22" meanSpeed="24.46" meanSpeedRelative="0.76" duration="1"/>
    <step time="19500.00" loaded="9108" inserted="9107" running="168" waiting="1" ended="8939" arrived="8939" collisions="4" teleports="4" halting="1" stopped="0" meanWaitingTime="0.37" meanTravelTime="239.80" meanSpeed="23.30" meanSpeedRelative="0.73" duration="2"/>
    <step time="19800.00" loaded="9304" inserted="9303" running="163" waiting="1" ended="9140" arrived="9140" collisions="4" teleports="4" halting="1" stopped="0" meanWaitingTime="0.37" meanTravelTime="239.71" meanSpeed="24.62" meanSpeedRelative="0.77" duration="0"/>
    <step time="20100.00" loaded="9512" inserted="9512" running="154" waiting="0" ended="9358" arrived="9358" collisions="4" teleports="4" halting="1" stopped="0" meanWaitingTime="0.39" meanTravelTime="240.07" meanSpeed="24.24" meanSpeedRelative="0.76" duration="1"/>
    <step time="20400.00" loaded="9713" inserted="9711" running="160" waiting="2" ended="9551" arrived="9551" collisions="4" teleports="4" halting="1" stopped="0" meanWaitingTime="0.39" meanTravelTime="240.05" meanSpeed="23.74" meanSpeedRelative="0.74" duration="1"/>
    <step time="20700.00" loaded="9903" inserted="9903" running="165" waiting="0" ended="9738" arrived="9738" collisions="4" teleports="4" halting="2" stopped="0" meanWaitingTime="0.39" meanTravelTime="239.92" meanSpeed="24.80" meanSpeedRelative="0.77" duration="1"/>
    <step time="21000.00" loaded="10106" inserted="10106" running="180" waiting="0" ended="9926" arrived="9926" collisions="5" teleports="5" halting="4" stopped="0" meanWaitingTime="0.39" meanTravelTime="240.23" meanSpeed="24.58" meanSpeedRelative="0.77" duration="2"/>
    <step time="21300.00" loaded="10306" inserted="10305" running="170" waiting="1" ended="10135" arrived="10135" collisions="5" teleports="5" halting="2" stopped="0" meanWaitingTime="0.40" meanTravelTime="240.05" meanSpeed="24.10" meanSpeedRelative="0.75" duration="1"/>
    <step time="21600.00" loaded="10508" inserted="10508" running="170" waiting="0" ended="10338" arrived="10338" collisions="5" teleports="5" halting="3" stopped="0" meanWaitingTime="0.40" meanTravelTime="240.50" meanSpeed="24.60" meanSpeedRelative="0.77" duration="78"/>
    <step time="21900.00" loaded="10958" inserted="10934" running="343" waiting="24" ended="10591" arrived="10591" collisions="5" teleports="5" halting="8" stopped="0" meanWaitingTime="0.60" meanTravelTime="240.27" meanSpeed="21.89" meanSpeedRelative="0.68" duration="1"/>
    <step time="22200.00" loaded="11399" inserted="11355" running="406" waiting="44" ended="10949" arrived="10949" collisions="5" teleports="5" halting="6" stopped="0" meanWaitingTime="1.46" meanTravelTime="240.92" meanSpeed="21.11" meanSpeedRelative="0.66" duration="2"/>
    <step time="22500.00" loaded="11902" inserted="11803" running="459" waiting="99" ended="11344" arrived="11344" collisions="5" teleports="5" halting="8" stopped="0" meanWaitingTime="2.89" meanTravelTime="242.25" meanSpeed="19.75" meanSpeedRelative="0.62" duration="3"/>
    <step time="22800.00" loaded="12367" inserted="12237" running="470" waiting="130" ended="11767" arrived="11767" collisions="5" teleports="5" halting="5" stopped="0" meanWaitingTime="5.17" meanTravelTime="244.80" meanSpeed="19.30" meanSpeedRelative="0.60" duration="3"/>
    <step time="23100.00" loaded="12837" inserted="12657" running="487" waiting="180" ended="12170" arrived="12170" collisions="6" teleports="6" halting="7" stopped="0" meanWaitingTime="7.99" meanTravelTime="247.59" meanSpeed="18.25" meanSpeedRelative="0.57" duration="3"/>
    <step time="23400.00" loaded="13302" inserted="13094" running="495" waiting="208" ended="12599" arrived="12599" collisions="6" teleports="6" halting="7" stopped="0" meanWaitingTime="11.01" meanTravelTime="250.90" meanSpeed="18.59" meanSpeedRelative="0.58" duration="2"/>
    <step time="23700.00" loaded="13759" inserted="13514" running="490" waiting="245" ended="13024" arrived="13024" collisions="6" teleports="6" halting="12" stopped="0" meanWaitingTime="15.00" meanTravelTime="254.03" meanSpeed="19.03" meanSpeedRelative="0.59" duration="3"/>
    <step time="24000.00" loaded="14225" inserted="13930" running="492" waiting="295" ended="13438" arrived="13438" collisions="7" teleports="7" halting="20" stopped="0" meanWaitingTime="18.99" meanTravelTime="257.18" meanSpeed="18.59" meanSpeedRelative="0.58" duration="2"/>
    <step time="24300.00" loaded="14729" inserted="14373" running="510" waiting="356" ended="13863" arrived="13863" collisions="9" teleports="9" halting="22" stopped="0" meanWaitingTime="23.55" meanTravelTime="259.65" meanSpeed="18.32" meanSpeedRelative="0.57" duration="2"/>
    <step time="24600.00" loaded="15149" inserted="14780" running="475" waiting="369" ended="14305" arrived="14305" collisions="11" teleports="11" halting="4" stopped="0" meanWaitingTime="28.63" meanTravelTime="262.50" meanSpeed="19.56" meanSpeedRelative="0.61" duration="3"/>
    <step time="24900.00" loaded="15602" inserted="15215" running="500" waiting="387" ended="14715" arrived="14715" collisions="12" teleports="12" halting="5" stopped="0" meanWaitingTime="34.65" meanTravelTime="264.88" meanSpeed="18.94" meanSpeedRelative="0.59" duration="3"/>
    <step time="25200.00" loaded="16114" inserted="15672" running="515" waiting="442" ended="15157" arrived="15157" collisions="13" teleports="13" halting="11" stopped="0" meanWaitingTime="41.03" meanTravelTime="267.19" meanSpeed="18.58" meanSpeedRelative="0.58" duration="85"/>
    <step time="25500.00" loaded="16699" inserted="16151" running="547" waiting="548" ended="15604" arrived="15604" collisions="13" teleports="13" halting="4" stopped="0" meanWaitingTime="46.72" meanTravelTime="269.21" meanSpeed="17.96" meanSpeedRelative="0.56" duration="2"/>
    <step time="25800.00" loaded="17246" inserted="16592" running="520" waiting="654" ended="16072" arrived="16072" collisions="14" teleports="14" halting="21" stopped="0" meanWaitingTime="53.28" meanTravelTime="271.39" meanSpeed="18.90" meanSpeedRelative="0.59" duration="3"/>
    <step time="26100.00" loaded="17799" inserted="17044" running="538" waiting="755" ended="16506" arrived="16506" collisions="15" teleports="15" halting="20" stopped="0" meanWaitingTime="59.78" meanTravelTime="273.36" meanSpeed="19.01" meanSpeedRelative="0.59" duration="2"/>
    <step time="26400.00" loaded="18368" inserted="17500" running="531" waiting="868" ended="16969" arrived="16969" collisions="16" teleports="16" halting="5" stopped="0" meanWaitingTime="66.87" meanTravelTime="275.41" meanSpeed="18.00" meanSpeedRelative="0.56" duration="3"/>
    <step time="26700.00" loaded="18929" inserted="17926" running="489" waiting="1003" ended="17437" arrived="17437" collisions="16" teleports="16" halting="7" stopped="0" meanWaitingTime="74.91" meanTravelTime="277.92" meanSpeed="19.25" meanSpeedRelative="0.60" duration="2"/>
    <step time="27000.00" loaded="19468" inserted="18368" running="469" waiting="1100" ended="17899" arrived="17899" collisions="17" teleports="17" halting="5" stopped="0" meanWaitingTime="84.79" meanTravelTime="279.41" meanSpeed="19.85" meanSpeedRelative="0.62" duration="3"/>
    <step time="27300.00" loaded="20030" inserted="18822" running="480" waiting="1208" ended="18342" arrived="18342" collisions="18" teleports="18" halting="12" stopped="0" meanWaitingTime="95.68" meanTravelTime="280.15" meanSpeed="20.00" meanSpeedRelative="0.63" duration="3"/>
    <step time="27600.00" loaded="20610" inserted="19273" running="523" waiting="1337" ended="18750" arrived="18750" collisions="18" teleports="18" halting="4" stopped="0" meanWaitingTime="105.81" meanTravelTime="281.51" meanSpeed="18.74" meanSpeedRelative="0.59" duration="2"/>
    <step time="27900.00" loaded="21162" inserted="19710" running="483" waiting="1452" ended="19227" arrived="19227" collisions="19" teleports="19" halting="5" stopped="0" meanWaitingTime="117.13" meanTravelTime="282.90" meanSpeed="20.07" meanSpeedRelative="0.63" duration="2"/>
    <step time="28200.00" loaded="21741" inserted="20164" running="492" waiting="1577" ended="19672" arrived="19672" collisions="20" teleports="20" halting="17" stopped="0" meanWaitingTime="129.41" meanTravelTime="283.85" meanSpeed="19.03" meanSpeedRelative="0.59" duration="3"/>
    <step time="28500.00" loaded="22294" inserted="20649" running="531" waiting="1645" ended="20118" arrived="20118" collisions="21" teleports="21" halting="5" stopped="0" meanWaitingTime="141.89" meanTravelTime="285.02" meanSpeed="18.52" meanSpeedRelative="0.58" duration="4"/>
    <step time="28800.00" loaded="22912" inserted="21133" running="542" waiting="1779" ended="20591" arrived="20591" collisions="22" teleports="22" halting="6" stopped="0" meanWaitingTime="154.72" meanTravelTime="286.19" meanSpeed="17.95" meanSpeedRelative="0.56" duration="89"/>
    <step time="29100.00" loaded="23251" inserted="21543" running="484" waiting="1708" ended="21059" arrived="21059" collisions="23" teleports="23" halting="11" stopped="0" meanWaitingTime="168.34" meanTravelTime="287.39" meanSpeed="18.69" meanSpeedRelative="0.58" duration="3"/>
    <step time="29400.00" loaded="23628" inserted="21982" running="464" waiting="1646" ended="21518" arrived="21518" collisions="23" teleports="23" halting="22" stopped="0" meanWaitingTime="182.32" meanTravelTime="288.18" meanSpeed="19.92" meanSpeedRelative="0.62" duration="3"/>
    <step time="29700.00" loaded="23972" inserted="22371" running="426" waiting="1601" ended="21945" arrived="21945" collisions="24" teleports="24" halting="4" stopped="0" meanWaitingTime="197.84" meanTravelTime="288.56" meanSpeed="21.27" meanSpeedRelative="0.66" duration="2"/>
    <step time="30000.00" loaded="24314" inserted="22795" running="438" waiting="1519" ended="22357" arrived="22357" collisions="25" teleports="25" halting="20" stopped="0" meanWaitingTime="213.80" meanTravelTime="289.10" meanSpeed="19.59" meanSpeedRelative="0.61" duration="3"/>
    <step time="30300.00" loaded="24712" inserted="23222" running="429" waiting="1490" ended="22793" arrived="22793" collisions="28" teleports="28" halting="1" stopped="0" meanWaitingTime="227.91" meanTravelTime="289.90" meanSpeed="20.35" meanSpeedRelative="0.64" duration="2"/>
    <step time="30600.00" loaded="25071" inserted="23624" running="415" waiting="1447" ended="23209" arrived="23209" collisions="29" teleports="29" halting="3" stopped="0" meanWaitingTime="241.62" meanTravelTime="290.25" meanSpeed="20.10" meanSpeedRelative="0.63" duration="2"/>
    <step time="30900.00" loaded="25386" inserted="24025" running="403" waiting="1361" ended="23622" arrived="23622" collisions="30" teleports="30" halting="8" stopped="0" meanWaitingTime="255.89" meanTravelTime="290.39" meanSpeed="20.76" meanSpeedRelative="0.65" duration="2"/>
    <step time="31200.00" loaded="25728" inserted="24447" running="437" waiting="1281" ended="24010" arrived="24010" collisions="30" teleports="30" halting="21" stopped="0" meanWaitingTime="268.52" meanTravelTime="290.59" meanSpeed="20.05" meanSpeedRelative="0.63" duration="2"/>
    <step time="31500.00" loaded="26055" inserted="24844" running="445" waiting="1211" ended="24399" arrived="24399" collisions="31" teleports="31" halting="11" stopped="0" meanWaitingTime="279.39" meanTravelTime="291.12" meanSpeed="20.81" meanSpeedRelative="0.65" duration="2"/>
    <step time="31800.00" loaded="26392" inserted="25272" running="454" waiting="1120" ended="24818" arrived="24818" collisions="31" teleports="31" halting="19" stopped="0" meanWaitingTime="289.49" meanTravelTime="291.72" meanSpeed="20.56" meanSpeedRelative="0.64" duration="3"/>
    <step time="32100.00" loaded="26755" inserted="25698" running="448" waiting="1057" ended="25250" arrived="25250" collisions="31" teleports="31" halting="6" stopped="0" meanWaitingTime="297.30" meanTravelTime="292.16" meanSpeed="20.06" meanSpeedRelative="0.63" duration="3"/>
    <step time="32400.00" loaded="27101" inserted="26091" running="402" waiting="1010" ended="25689" arrived="25689" collisions="33" teleports="33" halting="10" stopped="0" meanWaitingTime="305.19" meanTravelTime="292.56" meanSpeed="19.89" meanSpeedRelative="0.62" duration="87"/>
    <step time="32700.00" loaded="27375" inserted="26437" running="350" waiting="938" ended="26087" arrived="26087" collisions="34" teleports="34" halting="2" stopped="0" meanWaitingTime="312.23" meanTravelTime="292.85" meanSpeed="21.34" meanSpeedRelative="0.67" duration="2"/>
    <step time="33000.00" loaded="27633" inserted="26772" running="324" waiting="861" ended="26448" arrived="26448" collisions="34" teleports="34" halting="7" stopped="0" meanWaitingTime="321.97" meanTravelTime="292.64" meanSpeed="20.58" meanSpeedRelative="0.64" duration="3"/>
    <step time="33300.00" loaded="27914" inserted="27097" running="298" waiting="817" ended="26799" arrived="26799" collisions="34" teleports="34" halting="8" stopped="0" meanWaitingTime="329.34" meanTravelTime="292.61" meanSpeed="21.00" meanSpeedRelative="0.66" duration="2"/>
    <step time="33600.00" loaded="28180" inserted="27414" running="304" waiting="766" ended="27110" arrived="27110" collisions="35" teleports="35" halting="4" stopped="0" meanWaitingTime="334.73" meanTravelTime="292.70" meanSpeed="21.27" meanSpeedRelative="0.66" duration="1"/>
    <step time="33900.00" loaded="28441" inserted="27746" running="306" waiting="695" ended="27440" arrived="27440" collisions="35" teleports="35" halting="1" stopped="0" meanWaitingTime="340.22" meanTravelTime="292.54" meanSpeed="20.69" meanSpeedRelative="0.65" duration="1"/>
    <step time="34200.00" loaded="28697" inserted="28061" running="296" waiting="636" ended="27765" arrived="27765" collisions="36" teleports="36" halting="10" stopped="0" meanWaitingTime="344.31" meanTravelTime="292.54" meanSpeed="19.97" meanSpeedRelative="0.62" duration="2"/>
    <step time="34500.00" loaded="28950" inserted="28351" running="270" waiting="599" ended="28081" arrived="28081" collisions="36" teleports="36" halting="3" stopped="0" meanWaitingTime="349.89" meanTravelTime="292.47" meanSpeed="21.93" meanSpeedRelative="0.69" duration="2"/>
    <step time="34800.00" loaded="29226" inserted="28670" running="293" waiting="556" ended="28377" arrived="28377" collisions="36" teleports="36" halting="1" stopped="0" meanWaitingTime="357.12" meanTravelTime="292.31" meanSpeed="22.39" meanSpeedRelative="0.70" duration="2"/>
    <step time="35100.00" loaded="29480" inserted="28984" running="280" waiting="496" ended="28704" arrived="28704" collisions="36" teleports="36" halting="2" stopped="0" meanWaitingTime="363.45" meanTravelTime="292.10" meanSpeed="22.40" meanSpeedRelative="0.70" duration="1"/>
    <step time="35400.00" loaded="29752" inserted="29293" running="295" waiting="459" ended="28998" arrived="28998" collisions="38" teleports="38" halting="3" stopped="0" meanWaitingTime="369.01" meanTravelTime="291.89" meanSpeed="23.05" meanSpeedRelative="0.72" duration="2"/>
    <step time="35700.00" loaded="30006" inserted="29598" running="270" waiting="408" ended="29328" arrived="29328" collisions="38" teleports="38" halting="2" stopped="0" meanWaitingTime="373.28" meanTravelTime="291.63" meanSpeed="22.14" meanSpeedRelative="0.69" duration="1"/>
    <step time="36000.00" loaded="30265" inserted="29901" running="279" waiting="364" ended="29622" arrived="29622" collisions="38" teleports="38" halting="2" stopped="0" meanWaitingTime="376.73" meanTravelTime="291.56" meanSpeed="21.28" meanSpeedRelative="0.67" duration="83"/>
    <step time="36300.00" loaded="30741" inserted="30364" running="399" waiting="377" ended="29965" arrived="29965" collisions="38" teleports="38" halting="14" stopped="0" meanWaitingTime="377.31" meanTravelTime="291.05" meanSpeed="20.45" meanSpeedRelative="0.64" duration="2"/>
    <step time="36600.00" loaded="31197" inserted="30798" running="418" waiting="399" ended="30380" arrived="30380" collisions="39" teleports="39" halting="4" stopped="0" meanWaitingTime="376.43" meanTravelTime="290.78" meanSpeed="20.62" meanSpeedRelative="0.64" duration="3"/>
    <step time="36900.00" loaded="31688" inserted="31249" running="454" waiting="439" ended="30795" arrived="30795" collisions="40" teleports="40" halting="5" stopped="0" meanWaitingTime="374.98" meanTravelTime="290.83" meanSpeed="20.24" meanSpeedRelative="0.63" duration="2"/>
    <step time="37200.00" loaded="32164" inserted="31700" running="468" waiting="464" ended="31232" arrived="31232" collisions="41" teleports="41" halting="6" stopped="0" meanWaitingTime="372.50" meanTravelTime="290.99" meanSpeed="20.86" meanSpeedRelative="0.65" duration="3"/>
    <step time="37500.00" loaded="32631" inserted="32164" running="499" waiting="467" ended="31665" arrived="31665" collisions="41" teleports="41" halting="13" stopped="0" meanWaitingTime="371.46" meanTravelTime="291.13" meanSpeed="19.27" meanSpeedRelative="0.60" duration="3"/>
    <step time="37800.00" loaded="33095" inserted="32615" running="492" waiting="480" ended="32123" arrived="32123" collisions="41" teleports="41" halting="21" stopped="0" meanWaitingTime="369.77" meanTravelTime="291.76" meanSpeed="19.13" meanSpeedRelative="0.60" duration="3"/>
    <step time="38100.00" loaded="33600" inserted="33073" running="476" waiting="527" ended="32597" arrived="32597" collisions="42" teleports="42" halting="21" stopped="0" meanWaitingTime="367.73" meanTravelTime="292.18" meanSpeed="19.21" meanSpeedRelative="0.60" duration="3"/>
    <step time="38400.00" loaded="34083" inserted="33515" running="489" waiting="568" ended="33026" arrived="33026" collisions="43" teleports="43" halting="7" stopped="0" meanWaitingTime="366.02" meanTravelTime="292.59" meanSpeed="19.36" meanSpeedRelative="0.61" duration="2"/>
    <step time="38700.00" loaded="34521" inserted="33950" running="462" waiting="571" ended="33488" arrived="33488" collisions="44" teleports="44" halting="15" stopped="0" meanWaitingTime="364.72" meanTravelTime="292.96" meanSpeed="19.82" meanSpeedRelative="0.62" duration="4"/>
    <step time="39000.00" loaded="34962" inserted="34368" running="427" waiting="594" ended="33941" arrived="33941" collisions="46" teleports="46" halting="3" stopped="0" meanWaitingTime="363.77" meanTravelTime="293.39" meanSpeed="20.14" meanSpeedRelative="0.63" duration="2"/>
    <step time="39300.00" loaded="35429" inserted="34804" running="460" waiting="625" ended="34344" arrived="34344" collisions="47" teleports="47" halting="15" stopped="0" meanWaitingTime="363.57" meanTravelTime="293.53" meanSpeed="18.63" meanSpeedRelative="0.58" duration="2"/>
    <step time="39600.00" loaded="35889" inserted="35231" running="490" waiting="658" ended="34741" arrived="34741" collisions="49" teleports="49" halting="19" stopped="0" meanWaitingTime="362.78" meanTravelTime="293.85" meanSpeed="19.64" meanSpeedRelative="0.61" duration="87"/>
    <step time="39900.00" loaded="36372" inserted="35685" running="524" waiting="687" ended="35161" arrived="35161" collisions="50" teleports="50" halting="23" stopped="0" meanWaitingTime="362.15" meanTravelTime="294.29" meanSpeed="18.90" meanSpeedRelative="0.59" duration="3"/>
    <step time="40200.00" loaded="36875" inserted="36139" running="525" waiting="736" ended="35614" arrived="35614" collisions="51" teleports="51" halting="12" stopped="0" meanWaitingTime="362.42" meanTravelTime="294.89" meanSpeed="18.10" meanSpeedRelative="0.57" duration="3"/>
    <step time="40500.00" loaded="37397" inserted="36605" running="535" waiting="792" ended="36070" arrived="36070" collisions="52" teleports="52" halting="4" stopped="0" meanWaitingTime="361.17" meanTravelTime="295.52" meanSpeed="18.74" meanSpeedRelative="0.59" duration="3"/>
    <step time="40800.00" loaded="37877" inserted="37062" running="526" waiting="815" ended="36536" arrived="36536" collisions="53" teleports="53" halting="9" stopped="0" meanWaitingTime="361.74" meanTravelTime="296.18" meanSpeed="18.53" meanSpeedRelative="0.58" duration="4"/>
    <step time="41100.00" loaded="38389" inserted="37519" running="539" waiting="870" ended="36980" arrived="36980" collisions="54" teleports="54" halting="17" stopped="0" meanWaitingTime="362.53" meanTravelTime="296.83" meanSpeed="18.48" meanSpeedRelative="0.58" duration="3"/>
    <step time="41400.00" loaded="38883" inserted="37953" running="498" waiting="930" ended="37455" arrived="37455" collisions="54" teleports="54" halting="18" stopped="0" meanWaitingTime="363.20" meanTravelTime="297.21" meanSpeed="19.49" meanSpeedRelative="0.61" duration="4"/>
    <step time="41700.00" loaded="39410" inserted="38413" running="506" waiting="997" ended="37907" arrived="37907" collisions="54" teleports="54" halting="6" stopped="0" meanWaitingTime="363.58" meanTravelTime="297.69" meanSpeed="19.70" meanSpeedRelative="0.62" duration="3"/>
    <step time="42000.00" loaded="39938" inserted="38913" running="558" waiting="1025" ended="38355" arrived="38355" collisions="54" teleports="54" halting="14" stopped="0" meanWaitingTime="364.67" meanTravelTime="298.11" meanSpeed="18.77" meanSpeedRelative="0.59" duration="3"/>
    <step time="42300.00" loaded="40438" inserted="39364" running="562" waiting="1074" ended="38802" arrived="38802" collisions="55" teleports="55" halting="21" stopped="0" meanWaitingTime="365.93" meanTravelTime="298.67" meanSpeed="18.76" meanSpeedRelative="0.59" duration="3"/>
    <step time="42600.00" loaded="40963" inserted="39811" running="529" waiting="1152" ended="39282" arrived="39282" collisions="55" teleports="55" halting="6" stopped="0" meanWaitingTime="366.06" meanTravelTime="299.45" meanSpeed="18.78" meanSpeedRelative="0.59" duration="3"/>
    <step time="42900.00" loaded="41483" inserted="40269" running="514" waiting="1214" ended="39755" arrived="39755" collisions="55" teleports="55" halting="5" stopped="0" meanWaitingTime="368.07" meanTravelTime="300.07" meanSpeed="20.16" meanSpeedRelative="0.63" duration="4"/>
    <step time="43200.00" loaded="42041" inserted="40779" running="574" waiting="1262" ended="40205" arrived="40205" collisions="55" teleports="55" halting="15" stopped="0" meanWaitingTime="370.14" meanTravelTime="300.48" meanSpeed="19.08" meanSpeedRelative="0.60" duration="89"/>
    <step time="43500.00" loaded="42595" inserted="41296" running="636" waiting="1299" ended="40660" arrived="40660" collisions="57" teleports="57" halting="23" stopped="0" meanWaitingTime="371.84" meanTravelTime="300.93" meanSpeed="17.26" meanSpeedRelative="0.54" duration="3"/>
    <step time="43800.00" loaded="43134" inserted="41745" running="593" waiting="1389" ended="41152" arrived="41152" collisions="60" teleports="60" halting="8" stopped="0" meanWaitingTime="373.21" meanTravelTime="301.67" meanSpeed="18.78" meanSpeedRelative="0.59" duration="3"/>
    <step time="44100.00" loaded="43684" inserted="42229" running="600" waiting="1455" ended="41629" arrived="41629" collisions="63" teleports="63" halting="11" stopped="0" meanWaitingTime="376.26" meanTravelTime="302.54" meanSpeed="17.63" meanSpeedRelative="0.55" duration="3"/>
    <step time="44400.00" loaded="44278" inserted="42696" running="607" waiting="1582" ended="42089" arrived="42089" collisions="64" teleports="64" halting="20" stopped="0" meanWaitingTime="378.90" meanTravelTime="303.52" meanSpeed="18.16" meanSpeedRelative="0.57" duration="3"/>
    <step time="44700.00" loaded="44819" inserted="43191" running="647" waiting="1628" ended="42544" arrived="42544" collisions="65" teleports="65" halting="5" stopped="0" meanWaitingTime="381.61" meanTravelTime="304.45" meanSpeed="16.86" meanSpeedRelative="0.53" duration="6"/>
    <step time="45000.00" loaded="45340" inserted="43663" running="653" waiting="1677" ended="43010" arrived="43010" collisions="65" teleports="65" halting="26" stopped="0" meanWaitingTime="383.89" meanTravelTime="305.45" meanSpeed="17.40" meanSpeedRelative="0.54" duration="4"/>
    <step time="45300.00" loaded="45872" inserted="44130" running="635" waiting="1742" ended="43495" arrived="43495" collisions="65" teleports="65" halting="20" stopped="0" meanWaitingTime="386.13" meanTravelTime="306.53" meanSpeed="17.43" meanSpeedRelative="0.54" duration="5"/>
    <step time="45600.00" loaded="46385" inserted="44601" running="614" waiting="1784" ended="43987" arrived="43987" collisions="70" teleports="70" halting="12" stopped="0" meanWaitingTime="389.66" meanTravelTime="307.60" meanSpeed="17.65" meanSpeedRelative="0.55" duration="3"/>
    <step time="45900.00" loaded="46941" inserted="45096" running="634" waiting="1845" ended="44462" arrived="44462" collisions="70" teleports="70" halting="24" stopped="0" meanWaitingTime="392.34" meanTravelTime="308.62" meanSpeed="16.76" meanSpeedRelative="0.52" duration="5"/>
    <step time="46200.00" loaded="47475" inserted="45560" running="622" waiting="1915" ended="44938" arrived="44938" collisions="71" teleports="71" halting="2" stopped="0" meanWaitingTime="394.49" meanTravelTime="309.46" meanSpeed="17.41" meanSpeedRelative="0.54" duration="5"/>
    <step time="46500.00" loaded="48000" inserted="46023" running="594" waiting="1977" ended="45429" arrived="45429" collisions="73" teleports="73" halting="9" stopped="0" meanWaitingTime="399.74" meanTravelTime="310.24" meanSpeed="17.66" meanSpeedRelative="0.55" duration="4"/>
    <step time="46800.00" loaded="48532" inserted="46468" running="588" waiting="2064" ended="45880" arrived="45880" collisions="75" teleports="75" halting="5" stopped="0" meanWaitingTime="402.39" meanTravelTime="311.06" meanSpeed="18.37" meanSpeedRelative="0.57" duration="95"/>
    <step time="47100.00" loaded="49075" inserted="46932" running="581" waiting="2143" ended="46351" arrived="46351" collisions="76" teleports="76" halting="22" stopped="0" meanWaitingTime="406.68" meanTravelTime="311.75" meanSpeed="17.30" meanSpeedRelative="0.54" duration="3"/>
    <step time="47400.00" loaded="49563" inserted="47363" running="569" waiting="2200" ended="46794" arrived="46794" collisions="77" teleports="77" halting="4" stopped="0" meanWaitingTime="408.77" meanTravelTime="312.57" meanSpeed="18.79" meanSpeedRelative="0.59" duration="4"/>
    <step time="47700.00" loaded="50131" inserted="47840" running="571" waiting="2291" ended="47269" arrived="47269" collisions="79" teleports="79" halting="22" stopped="0" meanWaitingTime="413.26" meanTravelTime="313.34" meanSpeed="17.95" meanSpeedRelative="0.56" duration="3"/>
    <step time="48000.00" loaded="50646" inserted="48311" running="576" waiting="2335" ended="47735" arrived="47735" collisions="82" teleports="82" halting="4" stopped="0" meanWaitingTime="419.10" meanTravelTime="313.72" meanSpeed="18.95" meanSpeedRelative="0.59" duration="5"/>
    <step time="48300.00" loaded="51153" inserted="48789" running="608" waiting="2364" ended="48181" arrived="48181" collisions="82" teleports="82" halting="10" stopped="0" meanWaitingTime="424.63" meanTravelTime="313.96" meanSpeed="18.20" meanSpeedRelative="0.57" duration="5"/>
    <step time="48600.00" loaded="51751" inserted="49273" running="645" waiting="2478" ended="48628" arrived="48628" collisions="84" teleports="84" halting="23" stopped="0" meanWaitingTime="430.12" meanTravelTime="314.61" meanSpeed="16.41" meanSpeedRelative="0.51" duration="4"/>
    <step time="48900.00" loaded="52274" inserted="49731" running="628" waiting="2543" ended="49103" arrived="49103" collisions="85" teleports="85" halting="21" stopped="0" meanWaitingTime="434.84" meanTravelTime="315.54" meanSpeed="16.92" meanSpeedRelative="0.53" duration="4"/>
    <step time="49200.00" loaded="52816" inserted="50203" running="622" waiting="2613" ended="49581" arrived="49581" collisions="86" teleports="86" halting="6" stopped="0" meanWaitingTime="440.29" meanTravelTime="316.38" meanSpeed="17.10" meanSpeedRelative="0.53" duration="3"/>
    <step time="49500.00" loaded="53344" inserted="50678" running="614" waiting="2666" ended="50064" arrived="50064" collisions="87" teleports="87" halting="20" stopped="0" meanWaitingTime="446.57" meanTravelTime="317.29" meanSpeed="16.99" meanSpeedRelative="0.53" duration="5"/>
    <step time="49800.00" loaded="53886" inserted="51157" running="616" waiting="2729" ended="50541" arrived="50541" collisions="88" teleports="88" halting="5" stopped="0" meanWaitingTime="452.22" meanTravelTime="317.97" meanSpeed="17.38" meanSpeedRelative="0.54" duration="5"/>
    <step time="50100.00" loaded="54421" inserted="51620" running="622" waiting="2801" ended="50998" arrived="50998" collisions="90" teleports="90" halting="4" stopped="0" meanWaitingTime="458.32" meanTravelTime="318.56" meanSpeed="17.06" meanSpeedRelative="0.53" duration="4"/>
    <step time="50400.00" loaded="54932" inserted="52091" running="642" waiting="2841" ended="51449" arrived="51449" collisions="91" teleports="91" halting="11" stopped="0" meanWaitingTime="465.59" meanTravelTime="319.27" meanSpeed="16.94" meanSpeedRelative="0.53" duration="93"/>
    <step time="50700.00" loaded="55697" inserted="52645" running="707" waiting="3052" ended="51938" arrived="51938" collisions="92" teleports="92" halting="20" stopped="0" meanWaitingTime="470.20" meanTravelTime="319.92" meanSpeed="16.22" meanSpeedRelative="0.51" duration="5"/>
    <step time="51000.00" loaded="56369" inserted="53163" running="728" waiting="3206" ended="52435" arrived="52435" collisions="93" teleports="93" halting="22" stopped="0" meanWaitingTime="475.09" meanTravelTime="320.81" meanSpeed="16.11" meanSpeedRelative="0.50" duration="5"/>
    <step time="51300.00" loaded="57102" inserted="53690" running="757" waiting="3412" ended="52933" arrived="52933" collisions="93" teleports="93" halting="21" stopped="0" meanWaitingTime="480.61" meanTravelTime="321.65" meanSpeed="16.27" meanSpeedRelative="0.51" duration="6"/>
    <step time="51600.00" loaded="57826" inserted="54208" running="771" waiting="3618" ended="53437" arrived="53437" collisions="93" teleports="93" halting="25" stopped="0" meanWaitingTime="485.00" meanTravelTime="322.63" meanSpeed="14.95" meanSpeedRelative="0.47" duration="6"/>
    <step time="51900.00" loaded="58511" inserted="54693" running="785" waiting="3818" ended="53908" arrived="53908" collisions="95" teleports="95" halting="10" stopped="0" meanWaitingTime="488.25" meanTravelTime="323.76" meanSpeed="14.51" meanSpeedRelative="0.45" duration="6"/>
    <step time="52200.00" loaded="59242" inserted="55230" running="834" waiting="4012" ended="54396" arrived="54396" collisions="98" teleports="98" halting="20" stopped="0" meanWaitingTime="494.00" meanTravelTime="324.98" meanSpeed="14.46" meanSpeedRelative="0.45" duration="7"/>
    <step time="52500.00" loaded="60031" inserted="55784" running="906" waiting="4247" ended="54878" arrived="54878" collisions="100" teleports="100" halting="24" stopped="0" meanWaitingTime="500.06" meanTravelTime="326.13" meanSpeed="13.32" meanSpeedRelative="0.42" duration="8"/>
    <step time="52800.00" loaded="60726" inserted="56318" running="902" waiting="4408" ended="55416" arrived="55416" collisions="100" teleports="100" halting="7" stopped="0" meanWaitingTime="506.02" meanTravelTime="327.90" meanSpeed="13.71" meanSpeedRelative="0.43" duration="7"/>
    <step time="53100.00" loaded="61432" inserted="56807" running="893" waiting="4625" ended="55914" arrived="55914" collisions="103" teleports="103" halting="36" stopped="0" meanWaitingTime="511.44" meanTravelTime="329.23" meanSpeed="13.27" meanSpeedRelative="0.41" duration="6"/>
    <step time="53400.00" loaded="62111" inserted="57280" running="874" waiting="4831" ended="56406" arrived="56406" collisions="104" teleports="104" halting="26" stopped="0" meanWaitingTime="518.08" meanTravelTime="331.23" meanSpeed="13.09" meanSpeedRelative="0.41" duration="7"/>
    <step time="53700.00" loaded="62784" inserted="57783" running="888" waiting="5001" ended="56895" arrived="56895" collisions="104" teleports="104" halting="37" stopped="0" meanWaitingTime="525.90" meanTravelTime="332.98" meanSpeed="12.89" meanSpeedRelative="0.40" duration="8"/>
    <step time="54000.00" loaded="63482" inserted="58271" running="875" waiting="5211" ended="57396" arrived="57396" collisions="106" teleports="106" halting="22" stopped="0" meanWaitingTime="534.01" meanTravelTime="334.73" meanSpeed="13.09" meanSpeedRelative="0.41" duration="90"/>
    <step time="54300.00" loaded="63924" inserted="58720" running="838" waiting="5204" ended="57882" arrived="57882" collisions="109" teleports="109" halting="23" stopped="0" meanWaitingTime="544.79" meanTravelTime="336.62" meanSpeed="13.48" meanSpeedRelative="0.42" duration="8"/>
    <step time="54600.00" loaded="64392" inserted="59185" running="803" waiting="5207" ended="58382" arrived="58382" collisions="113" teleports="113" halting="14" stopped="0" meanWaitingTime="556.39" meanTravelTime="338.33" meanSpeed="14.42" meanSpeedRelative="0.45" duration="8"/>
    <step time="54900.00" loaded="64834" inserted="59642" running="757" waiting="5192" ended="58885" arrived="58885" collisions="116" teleports="116" halting="4" stopped="0" meanWaitingTime="569.15" meanTravelTime="339.63" meanSpeed="14.76" meanSpeedRelative="0.46" duration="6"/>
    <step time="55200.00" loaded="65243" inserted="60087" running="719" waiting="5156" ended="59368" arrived="59368" collisions="118" teleports="118" halting="20" stopped="0" meanWaitingTime="580.86" meanTravelTime="340.93" meanSpeed="14.45" meanSpeedRelative="0.45" duration="7"/>
    <step time="55500.00" loaded="65693" inserted="60533" running="733" waiting="5160" ended="59800" arrived="59800" collisions="119" teleports="119" halting="20" stopped="0" meanWaitingTime="593.29" meanTravelTime="341.87" meanSpeed="15.37" meanSpeedRelative="0.48" duration="5"/>
    <step time="55800.00" loaded="66120" inserted="60991" running="700" waiting="5129" ended="60291" arrived="60291" collisions="122" teleports="122" halting="4" stopped="0" meanWaitingTime="605.41" meanTravelTime="342.94" meanSpeed="14.89" meanSpeedRelative="0.47" duration="7"/>
    <step time="56100.00" loaded="66571" inserted="61438" running="700" waiting="5133" ended="60738" arrived="60738" collisions="122" teleports="122" halting="24" stopped="0" meanWaitingTime="620.99" meanTravelTime="343.81" meanSpeed="14.28" meanSpeedRelative="0.45" duration="5"/>
    <step time="56400.00" loaded="67003" inserted="61889" running="713" waiting="5114" ended="61176" arrived="61176" collisions="123" teleports="123" halting="6" stopped="0" meanWaitingTime="634.49" meanTravelTime="344.60" meanSpeed="14.01" meanSpeedRelative="0.44" duration="6"/>
    <step time="56700.00" loaded="67491" inserted="62349" running="753" waiting="5142" ended="61596" arrived="61596" collisions="124" teleports="124" halting="12" stopped="0" meanWaitingTime="648.08" meanTravelTime="345.57" meanSpeed="14.70" meanSpeedRelative="0.46" duration="7"/>
    <step time="57000.00" loaded="67977" inserted="62822" running="750" waiting="5155" ended="62072" arrived="62072" collisions="126" teleports="126" halting="7" stopped="0" meanWaitingTime="661.70" meanTravelTime="346.72" meanSpeed="14.65" meanSpeedRelative="0.46" duration="7"/>
    <step time="57300.00" loaded="68446" inserted="63297" running="761" waiting="5149" ended="62536" arrived="62536" collisions="127" teleports="127" halting="33" stopped="0" meanWaitingTime="676.12" meanTravelTime="347.63" meanSpeed="13.84" meanSpeedRelative="0.43" duration="7"/>
    <step time="57600.00" loaded="68928" inserted="63767" running="758" waiting="5161" ended="63009" arrived="63009" collisions="129" teleports="129" halting="26" stopped="0" meanWaitingTime="689.42" meanTravelTime="348.42" meanSpeed="14.77" meanSpeedRelative="0.46" duration="83"/>
    <step time="57900.00" loaded="69498" inserted="64255" running="745" waiting="5243" ended="63510" arrived="63510" collisions="130" teleports="130" halting="24" stopped="0" meanWaitingTime="701.32" meanTravelTime="349.72" meanSpeed="15.25" meanSpeedRelative="0.48" duration="6"/>
    <step time="58200.00" loaded="70043" inserted="64720" running="731" waiting="5323" ended="63989" arrived="63989" collisions="131" teleports="131" halting="18" stopped="0" meanWaitingTime="712.57" meanTravelTime="350.69" meanSpeed="15.33" meanSpeedRelative="0.48" duration="5"/>
    <step time="58500.00" loaded="70606" inserted="65187" running="721" waiting="5419" ended="64466" arrived="64466" collisions="133" teleports="133" halting="38" stopped="0" meanWaitingTime="723.90" meanTravelTime="351.58" meanSpeed="14.73" meanSpeedRelative="0.46" duration="6"/>
    <step time="58800.00" loaded="71149" inserted="65681" running="752" waiting="5468" ended="64929" arrived="64929" collisions="134" teleports="134" halting="16" stopped="0" meanWaitingTime="736.15" meanTravelTime="352.37" meanSpeed="14.54" meanSpeedRelative="0.45" duration="7"/>
    <step time="59100.00" loaded="71660" inserted="66166" running="791" waiting="5494" ended="65375" arrived="65375" collisions="134" teleports="134" halting="19" stopped="0" meanWaitingTime="749.25" meanTravelTime="353.07" meanSpeed="14.35" meanSpeedRelative="0.45" duration="7"/>
    <step time="59400.00" loaded="72225" inserted="66647" running="781" waiting="5578" ended="65866" arrived="65866" collisions="138" teleports="138" halting="22" stopped="0" meanWaitingTime="761.25" meanTravelTime="354.06" meanSpeed="14.06" meanSpeedRelative="0.44" duration="8"/>
    <step time="59700.00" loaded="72784" inserted="67136" running="776" waiting="5648" ended="66360" arrived="66360" collisions="139" teleports="139" halting="2" stopped="0" meanWaitingTime="772.97" meanTravelTime="354.87" meanSpeed="14.23" meanSpeedRelative="0.44" duration="7"/>
    <step time="60000.00" loaded="73340" inserted="67623" running="795" waiting="5717" ended="66828" arrived="66828" collisions="141" teleports="141" halting="9" stopped="0" meanWaitingTime="787.27" meanTravelTime="355.76" meanSpeed="14.12" meanSpeedRelative="0.44" duration="5"/>
    <step time="60300.00" loaded="73877" inserted="68123" running="801" waiting="5754" ended="67322" arrived="67322" collisions="143" teleports="143" halting="21" stopped="0" meanWaitingTime="801.62" meanTravelTime="356.59" meanSpeed="14.77" meanSpeedRelative="0.46" duration="7"/>
    <step time="60600.00" loaded="74421" inserted="68611" running="794" waiting="5810" ended="67817" arrived="67817" collisions="145" teleports="145" halting="41" stopped="0" meanWaitingTime="813.34" meanTravelTime="357.61" meanSpeed="14.24" meanSpeedRelative="0.44" duration="5"/>
    <step time="60900.00" loaded="74982" inserted="69096" running="802" waiting="5886" ended="68294" arrived="68294" collisions="146" teleports="146" halting="7" stopped="0" meanWaitingTime="825.58" meanTravelTime="358.55" meanSpeed="14.15" meanSpeedRelative="0.44" duration="8"/>
    <step time="61200.00" loaded="75521" inserted="69590" running="799" waiting="5931" ended="68791" arrived="68791" collisions="150" teleports="150" halting="15" stopped="0" meanWaitingTime="837.81" meanTravelTime="359.47" meanSpeed="14.46" meanSpeedRelative="0.45" duration="86"/>
    <step time="61500.00" loaded="75599" inserted="69939" running="694" waiting="5660" ended="69245" arrived="69245" collisions="153" teleports="153" halting="33" stopped="0" meanWaitingTime="850.13" meanTravelTime="360.52" meanSpeed="13.64" meanSpeedRelative="0.43" duration="4"/>
    <step time="61800.00" loaded="75662" inserted="70288" running="619" waiting="5374" ended="69669" arrived="69669" collisions="154" teleports="154" halting="1" stopped="0" meanWaitingTime="864.12" meanTravelTime="361.44" meanSpeed="14.37" meanSpeedRelative="0.45" duration="7"/>
    <step time="62100.00" loaded="75726" inserted="70639" running="543" waiting="5087" ended="70096" arrived="70096" collisions="156" teleports="156" halting="1" stopped="0" meanWaitingTime="881.55" meanTravelTime="362.51" meanSpeed="16.29" meanSpeedRelative="0.51" duration="5"/>
    <step time="62400.00" loaded="75786" inserted="70999" running="533" waiting="4787" ended="70466" arrived="70466" collisions="158" teleports="158" halting="18" stopped="0" meanWaitingTime="899.61" meanTravelTime="363.20" meanSpeed="16.40" meanSpeedRelative="0.51" duration="5"/>
    <step time="62700.00" loaded="75868" inserted="71359" running="528" waiting="4509" ended="70831" arrived="70831" collisions="158" teleports="158" halting="17" stopped="0" meanWaitingTime="915.88" meanTravelTime="363.73" meanSpeed="16.90" meanSpeedRelative="0.53" duration="4"/>
    <step time="63000.00" loaded="75941" inserted="71717" running="503" waiting="4224" ended="71214" arrived="71214" collisions="159" teleports="159" halting="2" stopped="0" meanWaitingTime="932.25" meanTravelTime="364.10" meanSpeed="17.88" meanSpeedRelative="0.56" duration="6"/>
    <step time="63300.00" loaded="76016" inserted="72049" running="439" waiting="3967" ended="71610" arrived="71610" collisions="159" teleports="159" halting="3" stopped="0" meanWaitingTime="948.72" meanTravelTime="364.49" meanSpeed="18.57" meanSpeedRelative="0.58" duration="4"/>
    <step time="63600.00" loaded="76079" inserted="72337" running="364" waiting="3742" ended="71973" arrived="71973" collisions="159" teleports="159" halting="11" stopped="0" meanWaitingTime="964.30" meanTravelTime="364.73" meanSpeed="17.87" meanSpeedRelative="0.56" duration="2"/>
    <step time="63900.00" loaded="76152" inserted="72636" running="333" waiting="3516" ended="72303" arrived="72303" collisions="160" teleports="160" halting="4" stopped="0" meanWaitingTime="978.76" meanTravelTime="364.78" meanSpeed="20.15" meanSpeedRelative="0.63" duration="3"/>
    <step time="64200.00" loaded="76210" inserted="72957" running="320" waiting="3253" ended="72637" arrived="72637" collisions="160" teleports="160" halting="2" stopped="0" meanWaitingTime="996.26" meanTravelTime="364.56" meanSpeed="20.85" meanSpeedRelative="0.65" duration="3"/>
    <step time="64500.00" loaded="76266" inserted="73263" running="329" waiting="3003" ended="72934" arrived="72934" collisions="160" teleports="160" halting="4" stopped="0" meanWaitingTime="1010.44" meanTravelTime="364.30" meanSpeed="20.88" meanSpeedRelative="0.65" duration="2"/>
    <step time="64800.00" loaded="76337" inserted="73510" running="251" waiting="2827" ended="73259" arrived="73259" collisions="160" teleports="160" halting="1" stopped="0" meanWaitingTime="1023.07" meanTravelTime="364.13" meanSpeed="21.61" meanSpeedRelative="0.68" duration="92"/>
    <step time="65100.00" loaded="76397" inserted="73719" running="204" waiting="2678" ended="73515" arrived="73515" collisions="160" teleports="160" halting="0" stopped="0" meanWaitingTime="1038.88" meanTravelTime="363.99" meanSpeed="21.86" meanSpeedRelative="0.68" duration="2"/>
    <step time="65400.00" loaded="76438" inserted="73922" running="203" waiting="2516" ended="73719" arrived="73719" collisions="160" teleports="160" halting="4" stopped="0" meanWaitingTime="1054.82" meanTravelTime="363.73" meanSpeed="22.58" meanSpeedRelative="0.71" duration="2"/>
    <step time="65700.00" loaded="76494" inserted="74130" running="204" waiting="2364" ended="73926" arrived="73926" collisions="160" teleports="160" halting="1" stopped="0" meanWaitingTime="1068.52" meanTravelTime="363.64" meanSpeed="22.86" meanSpeedRelative="0.71" duration="1"/>
    <step time="66000.00" loaded="76535" inserted="74311" running="171" waiting="2224" ended="74140" arrived="74140" collisions="160" teleports="160" halting="1" stopped="0" meanWaitingTime="1080.76" meanTravelTime="363.41" meanSpeed="22.56" meanSpeedRelative="0.71" duration="1"/>
    <step time="66300.00" loaded="76581" inserted="74454" running="109" waiting="2127" ended="74345" arrived="74345" collisions="160" teleports="160" halting="4" stopped="0" meanWaitingTime="1093.25" meanTravelTime="363.23" meanSpeed="21.38" meanSpeedRelative="0.67" duration="1"/>
    <step time="66600.00" loaded="76642" inserted="74602" running="108" waiting="2040" ended="74494" arrived="74494" collisions="160" teleports="160" halting="3" stopped="0" meanWaitingTime="1105.19" meanTravelTime="362.97" meanSpeed="21.52" meanSpeedRelative="0.67" duration="1"/>
    <step time="66900.00" loaded="76694" inserted="74747" running="119" waiting="1947" ended="74628" arrived="74628" collisions="161" teleports="161" halting="1" stopped="0" meanWaitingTime="1116.53" meanTravelTime="362.74" meanSpeed="21.28" meanSpeedRelative="0.67" duration="1"/>
    <step time="67200.00" loaded="76746" inserted="74887" running="109" waiting="1859" ended="74778" arrived="74778" collisions="161" teleports="161" halting="2" stopped="0" meanWaitingTime="1125.31" meanTravelTime="362.49" meanSpeed="22.48" meanSpeedRelative="0.70" duration="1"/>
    <step time="67500.00" loaded="76796" inserted="74970" running="90" waiting="1826" ended="74880" arrived="74880" collisions="161" teleports="161" halting="4" stopped="0" meanWaitingTime="1133.44" meanTravelTime="362.40" meanSpeed="23.27" meanSpeedRelative="0.73" duration="1"/>
    <step time="67800.00" loaded="76850" inserted="75058" running="87" waiting="1792" ended="74971" arrived="74971" collisions="161" teleports="161" halting="2" stopped="0" meanWaitingTime="1141.26" meanTravelTime="362.33" meanSpeed="23.16" meanSpeedRelative="0.72" duration="1"/>
    <step time="68100.00" loaded="76905" inserted="75144" running="78" waiting="1761" ended="75066" arrived="75066" collisions="161" teleports="161" halting="5" stopped="0" meanWaitingTime="1149.37" meanTravelTime="362.25" meanSpeed="21.03" meanSpeedRelative="0.66" duration="1"/>
    <step time="68400.00" loaded="76963" inserted="75237" running="93" waiting="1726" ended="75144" arrived="75144" collisions="161" teleports="161" halting="3" stopped="0" meanWaitingTime="1157.39" meanTravelTime="362.20" meanSpeed="22.43" meanSpeedRelative="0.70" duration="89"/>
    <step time="68700.00" loaded="77104" inserted="75409" running="142" waiting="1695" ended="75267" arrived="75267" collisions="161" teleports="161" halting="3" stopped="0" meanWaitingTime="1164.18" meanTravelTime="362.02" meanSpeed="23.45" meanSpeedRelative="0.73" duration="1"/>
    <step time="69000.00" loaded="77257" inserted="75590" running="178" waiting="1667" ended="75412" arrived="75412" collisions="162" teleports="162" halting="2" stopped="0" meanWaitingTime="1171.08" meanTravelTime="361.81" meanSpeed="23.42" meanSpeedRelative="0.73" duration="2"/>
    <step time="69300.00" loaded="77401" inserted="75763" running="174" waiting="1638" ended="75589" arrived="75589" collisions="162" teleports="162" halting="0" stopped="0" meanWaitingTime="1177.87" meanTravelTime="361.62" meanSpeed="24.62" meanSpeedRelative="0.77" duration="1"/>
    <step time="69600.00" loaded="77561" inserted="75944" running="160" waiting="1617" ended="75784" arrived="75784" collisions="162" teleports="162" halting="1" stopped="0" meanWaitingTime="1184.31" meanTravelTime="361.42" meanSpeed="24.17" meanSpeedRelative="0.76" duration="1"/>
    <step time="69900.00" loaded="77717" inserted="76130" running="156" waiting="1587" ended="75974" arrived="75974" collisions="163" teleports="163" halting="0" stopped="0" meanWaitingTime="1190.92" meanTravelTime="361.23" meanSpeed="23.88" meanSpeedRelative="0.75" duration="1"/>
    <step time="70200.00" loaded="77872" inserted="76305" running="156" waiting="1567" ended="76149" arrived="76149" collisions="163" teleports="163" halting="1" stopped="0" meanWaitingTime="1196.50" meanTravelTime="361.02" meanSpeed="24.74" meanSpeedRelative="0.77" duration="1"/>
    <step time="70500.00" loaded="78012" inserted="76471" running="151" waiting="1541" ended="76320" arrived="76320" collisions="165" teleports="165" halting="1" stopped="0" meanWaitingTime="1203.50" meanTravelTime="360.83" meanSpeed="24.57" meanSpeedRelative="0.77" duration="1"/>
    <step time="70800.00" loaded="78154" inserted="76639" running="146" waiting="1515" ended="76493" arrived="76493" collisions="165" teleports="165" halting="1" stopped="0" meanWaitingTime="1210.22" meanTravelTime="360.63" meanSpeed="24.96" meanSpeedRelative="0.78" duration="2"/>
    <step time="71100.00" loaded="78319" inserted="76828" running="167" waiting="1491" ended="76661" arrived="76661" collisions="165" teleports="165" halting="2" stopped="0" meanWaitingTime="1216.36" meanTravelTime="360.41" meanSpeed="24.40" meanSpeedRelative="0.76" duration="2"/>
    <step time="71400.00" loaded="78483" inserted="77017" running="187" waiting="1466" ended="76830" arrived="76830" collisions="165" teleports="165" halting="2" stopped="0" meanWaitingTime="1223.02" meanTravelTime="360.19" meanSpeed="23.40" meanSpeedRelative="0.73" duration="2"/>
    <step time="71700.00" loaded="78654" inserted="77209" running="197" waiting="1445" ended="77012" arrived="77012" collisions="167" teleports="167" halting="2" stopped="0" meanWaitingTime="1228.65" meanTravelTime="360.03" meanSpeed="23.68" meanSpeedRelative="0.74" duration="2"/>
    <step time="72000.00" loaded="78817" inserted="77394" running="173" waiting="1423" ended="77221" arrived="77221" collisions="167" teleports="167" halting="1" stopped="0" meanWaitingTime="1234.91" meanTravelTime="359.83" meanSpeed="24.58" meanSpeedRelative="0.77" duration="82"/>
    <step time="72300.00" loaded="78961" inserted="77563" running="173" waiting="1398" ended="77390" arrived="77390" collisions="167" teleports="167" halting="1" stopped="0" meanWaitingTime="1242.21" meanTravelTime="359.69" meanSpeed="23.93" meanSpeedRelative="0.75" duration="1"/>
    <step time="72600.00" loaded="79091" inserted="77718" running="155" waiting="1373" ended="77563" arrived="77563" collisions="167" teleports="167" halting="3" stopped="0" meanWaitingTime="1248.98" meanTravelTime="359.53" meanSpeed="23.72" meanSpeedRelative="0.74" duration="1"/>
    <step time="72900.00" loaded="79230" inserted="77884" running="168" waiting="1346" ended="77716" arrived="77716" collisions="167" teleports="167" halting="2" stopped="0" meanWaitingTime="1256.33" meanTravelTime="359.44" meanSpeed="23.42" meanSpeedRelative="0.73" duration="1"/>
    <step time="73200.00" loaded="79357" inserted="78043" running="160" waiting="1314" ended="77883" arrived="77883" collisions="168" teleports="168" halting="1" stopped="0" meanWaitingTime="1264.03" meanTravelTime="359.27" meanSpeed="23.80" meanSpeedRelative="0.74" duration="1"/>
    <step time="73500.00" loaded="79508" inserted="78222" running="151" waiting="1286" ended="78071" arrived="78071" collisions="168" teleports="168" halting="2" stopped="0" meanWaitingTime="1270.90" meanTravelTime="359.11" meanSpeed="23.77" meanSpeedRelative="0.74" duration="2"/>
    <step time="73800.00" loaded="79647" inserted="78380" running="162" waiting="1267" ended="78218" arrived="78218" collisions="168" teleports="168" halting="1" stopped="0" meanWaitingTime="1278.12" meanTravelTime="358.94" meanSpeed="24.66" meanSpeedRelative="0.77" duration="1"/>
    <step time="74100.00" loaded="79782" inserted="78540" running="158" waiting="1242" ended="78382" arrived="78382" collisions="168" teleports="168" halting="4" stopped="0" meanWaitingTime="1284.80" meanTravelTime="358.79" meanSpeed="23.16" meanSpeedRelative="0.72" duration="1"/>
    <step time="74400.00" loaded="79905" inserted="78690" running="153" waiting="1215" ended="78537" arrived="78537" collisions="168" teleports="168" halting="0" stopped="0" meanWaitingTime="1292.08" meanTravelTime="358.64" meanSpeed="23.01" meanSpeedRelative="0.72" duration="1"/>
    <step time="74700.00" loaded="80060" inserted="78868" running="158" waiting="1192" ended="78710" arrived="78710" collisions="168" teleports="168" halting="1" stopped="0" meanWaitingTime="1298.08" meanTravelTime="358.50" meanSpeed="23.84" meanSpeedRelative="0.74" duration="1"/>
    <step time="75000.00" loaded="80189" inserted="79030" running="146" waiting="1159" ended="78884" arrived="78884" collisions="168" teleports="168" halting="0" stopped="0" meanWaitingTime="1304.57" meanTravelTime="358.40" meanSpeed="24.16" meanSpeedRelative="0.76" duration="1"/>
    <step time="75300.00" loaded="80311" inserted="79177" running="147" waiting="1134" ended="79030" arrived="79030" collisions="168" teleports="168" halting="1" stopped="0" meanWaitingTime="1311.26" meanTravelTime="358.25" meanSpeed="23.27" meanSpeedRelative="0.73" duration="1"/>
    <step time="75600.00" loaded="80450" inserted="79345" running="143" waiting="1105" ended="79202" arrived="79202" collisions="168" teleports="168" halting="3" stopped="0" meanWaitingTime="1318.06" meanTravelTime="358.08" meanSpeed="23.92" meanSpeedRelative="0.75" duration="80"/>
    <step time="75900.00" loaded="80661" inserted="79579" running="178" waiting="1082" ended="79401" arrived="79401" collisions="168" teleports="168" halting="1" stopped="0" meanWaitingTime="1323.50" meanTravelTime="357.76" meanSpeed="23.07" meanSpeedRelative="0.72" duration="2"/>
    <step time="76200.00" loaded="80847" inserted="79784" running="182" waiting="1063" ended="79602" arrived="79602" collisions="168" teleports="168" halting="1" stopped="0" meanWaitingTime="1329.39" meanTravelTime="357.45" meanSpeed="23.72" meanSpeedRelative="0.74" duration="1"/>
    <step time="76500.00" loaded="81008" inserted="79961" running="169" waiting="1047" ended="79792" arrived="79792" collisions="169" teleports="169" halting="1" stopped="0" meanWaitingTime="1335.70" meanTravelTime="357.29" meanSpeed="22.60" meanSpeedRelative="0.71" duration="1"/>
    <step time="76800.00" loaded="81196" inserted="80173" running="199" waiting="1023" ended="79974" arrived="79974" collisions="170" teleports="170" halting="2" stopped="0" meanWaitingTime="1341.43" meanTravelTime="357.11" meanSpeed="23.97" meanSpeedRelative="0.75" duration="1"/>
    <step time="77100.00" loaded="81403" inserted="80397" running="230" waiting="1006" ended="80167" arrived="80167" collisions="170" teleports="170" halting="4" stopped="0" meanWaitingTime="1346.93" meanTravelTime="356.89" meanSpeed="23.97" meanSpeedRelative="0.75" duration="1"/>
    <step time="77400.00" loaded="81614" inserted="80618" running="212" waiting="996" ended="80406" arrived="80406" collisions="170" teleports="170" halting="1" stopped="0" meanWaitingTime="1351.96" meanTravelTime="356.70" meanSpeed="23.14" meanSpeedRelative="0.72" duration="1"/>
    <step time="77700.00" loaded="81811" inserted="80835" running="193" waiting="976" ended="80642" arrived="80642" collisions="170" teleports="170" halting="1" stopped="0" meanWaitingTime="1357.72" meanTravelTime="356.41" meanSpeed="23.54" meanSpeedRelative="0.74" duration="2"/>
    <step time="78000.00" loaded="82013" inserted="81057" running="210" waiting="956" ended="80847" arrived="80847" collisions="170" teleports="170" halting="1" stopped="0" meanWaitingTime="1363.37" meanTravelTime="356.26" meanSpeed="23.74" meanSpeedRelative="0.74" duration="2"/>
    <step time="78300.00" loaded="82223" inserted="81293" running="226" waiting="930" ended="81067" arrived="81067" collisions="171" teleports="171" halting="1" stopped="0" meanWaitingTime="1368.77" meanTravelTime="356.06" meanSpeed="23.67" meanSpeedRelative="0.74" duration="2"/>
    <step time="78600.00" loaded="82443" inserted="81527" running="214" waiting="916" ended="81313" arrived="81313" collisions="172" teleports="172" halting="2" stopped="0" meanWaitingTime="1373.70" meanTravelTime="355.86" meanSpeed="23.71" meanSpeedRelative="0.74" duration="2"/>
    <step time="78900.00" loaded="82652" inserted="81761" running="228" waiting="891" ended="81533" arrived="81533" collisions="172" teleports="172" halting="1" stopped="0" meanWaitingTime="1379.06" meanTravelTime="355.61" meanSpeed="23.88" meanSpeedRelative="0.75" duration="1"/>
    <step time="79200.00" loaded="82844" inserted="81981" running="213" waiting="863" ended="81768" arrived="81768" collisions="172" teleports="172" halting="0" stopped="0" meanWaitingTime="1384.17" meanTravelTime="355.42" meanSpeed="24.04" meanSpeedRelative="0.75" duration="84"/>
    <step time="79500.00" loaded="83023" inserted="82179" running="199" waiting="844" ended="81980" arrived="81980" collisions="172" teleports="172" halting="2" stopped="0" meanWaitingTime="1389.92" meanTravelTime="355.27" meanSpeed="23.83" meanSpeedRelative="0.74" duration="1"/>
    <step time="79800.00" loaded="83190" inserted="82366" running="199" waiting="824" ended="82167" arrived="82167" collisions="173" teleports="173" halting="1" stopped="0" meanWaitingTime="1396.10" meanTravelTime="355.19" meanSpeed="24.44" meanSpeedRelative="0.76" duration="1"/>
    <step time="80100.00" loaded="83347" inserted="82553" running="205" waiting="794" ended="82348" arrived="82348" collisions="173" teleports="173" halting="1" stopped="0" meanWaitingTime="1402.27" meanTravelTime="355.14" meanSpeed="22.93" meanSpeedRelative="0.72" duration="1"/>
    <step time="80400.00" loaded="83543" inserted="82774" running="214" waiting="769" ended="82560" arrived="82560" collisions="173" teleports="173" halting="0" stopped="0" meanWaitingTime="1407.85" meanTravelTime="354.90" meanSpeed="23.36" meanSpeedRelative="0.73" duration="1"/>
    <step time="80700.00" loaded="83711" inserted="82969" running="198" waiting="742" ended="82771" arrived="82771" collisions="173" teleports="173" halting="4" stopped="0" meanWaitingTime="1413.86" meanTravelTime="354.77" meanSpeed="23.47" meanSpeedRelative="0.73" duration="2"/>
    <step time="81000.00" loaded="83868" inserted="83151" running="192" waiting="717" ended="82959" arrived="82959" collisions="173" teleports="173" halting="0" stopped="0" meanWaitingTime="1420.32" meanTravelTime="354.65" meanSpeed="23.45" meanSpeedRelative="0.73" duration="1"/>
    <step time="81300.00" loaded="84014" inserted="83328" running="182" waiting="686" ended="83146" arrived="83146" collisions="174" teleports="174" halting="0" stopped="0" meanWaitingTime="1426.03" meanTravelTime="354.58" meanSpeed="23.13" meanSpeedRelative="0.72" duration="1"/>
    <step time="81600.00" loaded="84183" inserted="83515" running="186" waiting="668" ended="83329" arrived="83329" collisions="176" teleports="176" halting="2" stopped="0" meanWaitingTime="1430.73" meanTravelTime="354.46" meanSpeed="23.92" meanSpeedRelative="0.75" duration="3"/>
    <step time="81900.00" loaded="84344" inserted="83697" running="185" waiting="647" ended="83512" arrived="83512" collisions="176" teleports="176" halting="1" stopped="0" meanWaitingTime="1434.10" meanTravelTime="354.33" meanSpeed="23.67" meanSpeedRelative="0.74" duration="1"/>
    <step time="82200.00" loaded="84515" inserted="83897" running="201" waiting="618" ended="83696" arrived="83696" collisions="176" teleports="176" halting="1" stopped="0" meanWaitingTime="1437.01" meanTravelTime="354.21" meanSpeed="23.53" meanSpeedRelative="0.74" duration="2"/>
    <step time="82500.00" loaded="84657" inserted="84062" running="184" waiting="595" ended="83878" arrived="83878" collisions="176" teleports="176" halting="1" stopped="0" meanWaitingTime="1439.72" meanTravelTime="354.10" meanSpeed="23.50" meanSpeedRelative="0.73" duration="1"/>
</summary>
