<?xml version="1.0" encoding="UTF-8"?>

<!-- generated on 2025-08-08 16:43:10 by Eclipse SUMO sumo Version 1.23.1
<sumoConfiguration xmlns:xsi="http://www.w3.org/2001/XMLSchema-instance" xsi:noNamespaceSchemaLocation="http://sumo.dlr.de/xsd/sumoConfiguration.xsd">

    <input>
        <net-file value="Desktop\Master Thesis\Network_fin.net.xml"/>
        <route-files value="Desktop\Master Thesis\demand_model_amsterdam.rou.xml"/>
        <additional-files value="Desktop\Master Thesis\Additionnal.add.xml"/>
    </input>

    <output>
        <summary-output value="outputf\summary_metaline_40036.xml"/>
        <summary-output.period value="300"/>
        <tripinfo-output value="outputf\tripinfo_metaline_40036.xml"/>
    </output>

    <time>
        <begin value="0"/>
        <end value="82800"/>
        <step-length value="1"/>
    </time>

    <processing>
        <time-to-teleport value="-1"/>
    </processing>

    <report>
        <verbose value="true"/>
        <no-step-log value="true"/>
    </report>

    <emissions>
        <device.emissions.period value="10"/>
    </emissions>

    <traci_server>
        <remote-port value="56289"/>
    </traci_server>

    <random_number>
        <seed value="40036"/>
    </random_number>

</sumoConfiguration>
-->

<summary xmlns:xsi="http://www.w3.org/2001/XMLSchema-instance" xsi:noNamespaceSchemaLocation="http://sumo.dlr.de/xsd/summary_file.xsd">
    <step time="0.00" loaded="0" inserted="0" running="0" waiting="0" ended="0" arrived="0" collisions="0" teleports="0" halting="0" stopped="0" meanWaitingTime="-1.00" meanTravelTime="-1.00" meanSpeed="-1.00" meanSpeedRelative="-1.00" duration="0"/>
    <step time="300.00" loaded="151" inserted="151" running="90" waiting="0" ended="61" arrived="61" collisions="0" teleports="0" halting="1" stopped="0" meanWaitingTime="0.32" meanTravelTime="101.31" meanSpeed="25.54" meanSpeedRelative="0.80" duration="1"/>
    <step time="600.00" loaded="316" inserted="316" running="132" waiting="0" ended="184" arrived="184" collisions="0" teleports="0" halting="0" stopped="0" meanWaitingTime="0.40" meanTravelTime="156.13" meanSpeed="24.75" meanSpeedRelative="0.77" duration="1"/>
    <step time="900.00" loaded="467" inserted="467" running="140" waiting="0" ended="327" arrived="327" collisions="0" teleports="0" halting="1" stopped="0" meanWaitingTime="0.39" meanTravelTime="185.46" meanSpeed="25.85" meanSpeedRelative="0.81" duration="1"/>
    <step time="1200.00" loaded="643" inserted="643" running="143" waiting="0" ended="500" arrived="500" collisions="0" teleports="0" halting="1" stopped="0" meanWaitingTime="0.34" meanTravelTime="207.11" meanSpeed="26.14" meanSpeedRelative="0.82" duration="1"/>
    <step time="1500.00" loaded="804" inserted="804" running="131" waiting="0" ended="673" arrived="673" collisions="0" teleports="0" halting="1" stopped="0" meanWaitingTime="0.33" meanTravelTime="218.17" meanSpeed="26.17" meanSpeedRelative="0.82" duration="1"/>
    <step time="1800.00" loaded="982" inserted="982" running="145" waiting="0" ended="837" arrived="837" collisions="0" teleports="0" halting="0" stopped="0" meanWaitingTime="0.32" meanTravelTime="223.65" meanSpeed="26.22" meanSpeedRelative="0.82" duration="1"/>
    <step time="2100.00" loaded="1171" inserted="1171" running="160" waiting="0" ended="1011" arrived="1011" collisions="0" teleports="0" halting="2" stopped="0" meanWaitingTime="0.35" meanTravelTime="227.99" meanSpeed="24.67" meanSpeedRelative="0.77" duration="1"/>
    <step time="2400.00" loaded="1348" inserted="1348" running="154" waiting="0" ended="1194" arrived="1194" collisions="0" teleports="0" halting="0" stopped="0" meanWaitingTime="0.37" meanTravelTime="231.94" meanSpeed="24.85" meanSpeedRelative="0.78" duration="1"/>
    <step time="2700.00" loaded="1528" inserted="1528" running="154" waiting="0" ended="1374" arrived="1374" collisions="1" teleports="1" halting="2" stopped="0" meanWaitingTime="0.35" meanTravelTime="235.49" meanSpeed="25.00" meanSpeedRelative="0.78" duration="0"/>
    <step time="3000.00" loaded="1697" inserted="1697" running="148" waiting="0" ended="1549" arrived="1549" collisions="2" teleports="2" halting="0" stopped="0" meanWaitingTime="0.37" meanTravelTime="240.89" meanSpeed="25.62" meanSpeedRelative="0.80" duration="1"/>
    <step time="3300.00" loaded="1861" inserted="1860" running="139" waiting="1" ended="1721" arrived="1721" collisions="2" teleports="2" halting="0" stopped="0" meanWaitingTime="0.36" meanTravelTime="246.39" meanSpeed="25.44" meanSpeedRelative="0.79" duration="0"/>
    <step time="3600.00" loaded="2039" inserted="2039" running="165" waiting="0" ended="1874" arrived="1874" collisions="2" teleports="2" halting="2" stopped="0" meanWaitingTime="0.37" meanTravelTime="247.81" meanSpeed="24.24" meanSpeedRelative="0.76" duration="86"/>
    <step time="3900.00" loaded="2141" inserted="2141" running="112" waiting="0" ended="2029" arrived="2029" collisions="2" teleports="2" halting="1" stopped="0" meanWaitingTime="0.36" meanTravelTime="251.12" meanSpeed="25.66" meanSpeedRelative="0.80" duration="0"/>
    <step time="4200.00" loaded="2263" inserted="2262" running="116" waiting="1" ended="2146" arrived="2146" collisions="2" teleports="2" halting="2" stopped="0" meanWaitingTime="0.35" meanTravelTime="255.35" meanSpeed="25.42" meanSpeedRelative="0.79" duration="1"/>
    <step time="4500.00" loaded="2392" inserted="2391" running="114" waiting="1" ended="2277" arrived="2277" collisions="2" teleports="2" halting="3" stopped="0" meanWaitingTime="0.34" meanTravelTime="255.52" meanSpeed="22.83" meanSpeedRelative="0.71" duration="1"/>
    <step time="4800.00" loaded="2501" inserted="2501" running="85" waiting="0" ended="2416" arrived="2416" collisions="2" teleports="2" halting="1" stopped="0" meanWaitingTime="0.34" meanTravelTime="257.61" meanSpeed="24.50" meanSpeedRelative="0.77" duration="0"/>
    <step time="5100.00" loaded="2609" inserted="2609" running="87" waiting="0" ended="2522" arrived="2522" collisions="2" teleports="2" halting="2" stopped="0" meanWaitingTime="0.34" meanTravelTime="258.36" meanSpeed="25.18" meanSpeedRelative="0.79" duration="1"/>
    <step time="5400.00" loaded="2717" inserted="2717" running="92" waiting="0" ended="2625" arrived="2625" collisions="2" teleports="2" halting="1" stopped="0" meanWaitingTime="0.33" meanTravelTime="257.56" meanSpeed="25.05" meanSpeedRelative="0.78" duration="1"/>
    <step time="5700.00" loaded="2812" inserted="2812" running="98" waiting="0" ended="2714" arrived="2714" collisions="2" teleports="2" halting="0" stopped="0" meanWaitingTime="0.33" meanTravelTime="257.31" meanSpeed="26.08" meanSpeedRelative="0.81" duration="1"/>
    <step time="6000.00" loaded="2916" inserted="2916" running="80" waiting="0" ended="2836" arrived="2836" collisions="3" teleports="3" halting="1" stopped="0" meanWaitingTime="0.32" meanTravelTime="258.29" meanSpeed="26.14" meanSpeedRelative="0.82" duration="0"/>
    <step time="6300.00" loaded="3017" inserted="3017" running="78" waiting="0" ended="2939" arrived="2939" collisions="3" teleports="3" halting="1" stopped="0" meanWaitingTime="0.32" meanTravelTime="258.45" meanSpeed="25.09" meanSpeedRelative="0.78" duration="1"/>
    <step time="6600.00" loaded="3130" inserted="3130" running="89" waiting="0" ended="3041" arrived="3041" collisions="3" teleports="3" halting="3" stopped="0" meanWaitingTime="0.32" meanTravelTime="257.52" meanSpeed="25.58" meanSpeedRelative="0.80" duration="1"/>
    <step time="6900.00" loaded="3228" inserted="3228" running="94" waiting="0" ended="3134" arrived="3134" collisions="3" teleports="3" halting="0" stopped="0" meanWaitingTime="0.32" meanTravelTime="257.03" meanSpeed="25.90" meanSpeedRelative="0.81" duration="1"/>
    <step time="7200.00" loaded="3341" inserted="3341" running="101" waiting="0" ended="3240" arrived="3240" collisions="3" teleports="3" halting="1" stopped="0" meanWaitingTime="0.31" meanTravelTime="257.28" meanSpeed="26.19" meanSpeedRelative="0.82" duration="86"/>
    <step time="7500.00" loaded="3502" inserted="3502" running="141" waiting="0" ended="3361" arrived="3361" collisions="4" teleports="4" halting="0" stopped="0" meanWaitingTime="0.33" meanTravelTime="256.19" meanSpeed="25.14" meanSpeedRelative="0.79" duration="0"/>
    <step time="7800.00" loaded="3651" inserted="3651" running="126" waiting="0" ended="3525" arrived="3525" collisions="4" teleports="4" halting="2" stopped="0" meanWaitingTime="0.33" meanTravelTime="257.37" meanSpeed="24.91" meanSpeedRelative="0.78" duration="1"/>
    <step time="8100.00" loaded="3809" inserted="3809" running="141" waiting="0" ended="3668" arrived="3668" collisions="4" teleports="4" halting="1" stopped="0" meanWaitingTime="0.33" meanTravelTime="257.64" meanSpeed="24.68" meanSpeedRelative="0.77" duration="1"/>
    <step time="8400.00" loaded="3951" inserted="3951" running="129" waiting="0" ended="3822" arrived="3822" collisions="4" teleports="4" halting="3" stopped="0" meanWaitingTime="0.33" meanTravelTime="257.76" meanSpeed="25.08" meanSpeedRelative="0.78" duration="1"/>
    <step time="8700.00" loaded="4105" inserted="4105" running="132" waiting="0" ended="3973" arrived="3973" collisions="4" teleports="4" halting="1" stopped="0" meanWaitingTime="0.33" meanTravelTime="257.00" meanSpeed="24.56" meanSpeedRelative="0.77" duration="1"/>
    <step time="9000.00" loaded="4274" inserted="4274" running="129" waiting="0" ended="4145" arrived="4145" collisions="4" teleports="4" halting="1" stopped="0" meanWaitingTime="0.34" meanTravelTime="256.17" meanSpeed="24.33" meanSpeedRelative="0.76" duration="1"/>
    <step time="9300.00" loaded="4408" inserted="4408" running="119" waiting="0" ended="4289" arrived="4289" collisions="4" teleports="4" halting="1" stopped="0" meanWaitingTime="0.34" meanTravelTime="256.26" meanSpeed="24.52" meanSpeedRelative="0.77" duration="1"/>
    <step time="9600.00" loaded="4552" inserted="4552" running="120" waiting="0" ended="4432" arrived="4432" collisions="4" teleports="4" halting="1" stopped="0" meanWaitingTime="0.34" meanTravelTime="256.09" meanSpeed="25.28" meanSpeedRelative="0.79" duration="1"/>
    <step time="9900.00" loaded="4736" inserted="4736" running="154" waiting="0" ended="4582" arrived="4582" collisions="4" teleports="4" halting="2" stopped="0" meanWaitingTime="0.35" meanTravelTime="255.36" meanSpeed="24.56" meanSpeedRelative="0.77" duration="1"/>
    <step time="10200.00" loaded="4874" inserted="4874" running="131" waiting="0" ended="4743" arrived="4743" collisions="4" teleports="4" halting="1" stopped="0" meanWaitingTime="0.35" meanTravelTime="255.90" meanSpeed="25.23" meanSpeedRelative="0.79" duration="1"/>
    <step time="10500.00" loaded="5032" inserted="5031" running="144" waiting="1" ended="4887" arrived="4887" collisions="4" teleports="4" halting="2" stopped="0" meanWaitingTime="0.35" meanTravelTime="256.20" meanSpeed="24.06" meanSpeedRelative="0.75" duration="1"/>
    <step time="10800.00" loaded="5199" inserted="5198" running="138" waiting="1" ended="5060" arrived="5060" collisions="4" teleports="4" halting="2" stopped="0" meanWaitingTime="0.36" meanTravelTime="257.30" meanSpeed="24.66" meanSpeedRelative="0.77" duration="87"/>
    <step time="11100.00" loaded="5363" inserted="5363" running="164" waiting="0" ended="5199" arrived="5199" collisions="4" teleports="4" halting="2" stopped="0" meanWaitingTime="0.36" meanTravelTime="256.98" meanSpeed="24.84" meanSpeedRelative="0.78" duration="1"/>
    <step time="11400.00" loaded="5514" inserted="5514" running="122" waiting="0" ended="5392" arrived="5392" collisions="4" teleports="4" halting="0" stopped="0" meanWaitingTime="0.36" meanTravelTime="257.22" meanSpeed="25.87" meanSpeedRelative="0.81" duration="0"/>
    <step time="11700.00" loaded="5650" inserted="5649" running="119" waiting="1" ended="5530" arrived="5530" collisions="4" teleports="4" halting="1" stopped="0" meanWaitingTime="0.35" meanTravelTime="257.41" meanSpeed="24.46" meanSpeedRelative="0.76" duration="1"/>
    <step time="12000.00" loaded="5797" inserted="5797" running="112" waiting="0" ended="5685" arrived="5685" collisions="4" teleports="4" halting="1" stopped="0" meanWaitingTime="0.36" meanTravelTime="257.45" meanSpeed="23.75" meanSpeedRelative="0.74" duration="1"/>
    <step time="12300.00" loaded="5931" inserted="5931" running="101" waiting="0" ended="5830" arrived="5830" collisions="4" teleports="4" halting="0" stopped="0" meanWaitingTime="0.36" meanTravelTime="256.88" meanSpeed="24.77" meanSpeedRelative="0.77" duration="1"/>
    <step time="12600.00" loaded="6080" inserted="6080" running="109" waiting="0" ended="5971" arrived="5971" collisions="4" teleports="4" halting="0" stopped="0" meanWaitingTime="0.36" meanTravelTime="256.43" meanSpeed="24.73" meanSpeedRelative="0.77" duration="0"/>
    <step time="12900.00" loaded="6207" inserted="6207" running="101" waiting="0" ended="6106" arrived="6106" collisions="4" teleports="4" halting="0" stopped="0" meanWaitingTime="0.36" meanTravelTime="255.71" meanSpeed="25.15" meanSpeedRelative="0.79" duration="1"/>
    <step time="13200.00" loaded="6339" inserted="6339" running="102" waiting="0" ended="6237" arrived="6237" collisions="4" teleports="4" halting="3" stopped="0" meanWaitingTime="0.36" meanTravelTime="254.91" meanSpeed="25.53" meanSpeedRelative="0.80" duration="1"/>
    <step time="13500.00" loaded="6474" inserted="6474" running="107" waiting="0" ended="6367" arrived="6367" collisions="4" teleports="4" halting="1" stopped="0" meanWaitingTime="0.35" meanTravelTime="254.48" meanSpeed="25.55" meanSpeedRelative="0.80" duration="0"/>
    <step time="13800.00" loaded="6631" inserted="6630" running="125" waiting="1" ended="6505" arrived="6505" collisions="4" teleports="4" halting="2" stopped="0" meanWaitingTime="0.35" meanTravelTime="254.33" meanSpeed="24.00" meanSpeedRelative="0.75" duration="1"/>
    <step time="14100.00" loaded="6774" inserted="6773" running="120" waiting="1" ended="6653" arrived="6653" collisions="4" teleports="4" halting="0" stopped="0" meanWaitingTime="0.36" meanTravelTime="254.47" meanSpeed="25.10" meanSpeedRelative="0.78" duration="1"/>
    <step time="14400.00" loaded="6897" inserted="6897" running="99" waiting="0" ended="6798" arrived="6798" collisions="4" teleports="4" halting="0" stopped="0" meanWaitingTime="0.35" meanTravelTime="253.63" meanSpeed="25.68" meanSpeedRelative="0.80" duration="86"/>
    <step time="14700.00" loaded="7011" inserted="7011" running="83" waiting="0" ended="6928" arrived="6928" collisions="4" teleports="4" halting="0" stopped="0" meanWaitingTime="0.35" meanTravelTime="253.61" meanSpeed="25.10" meanSpeedRelative="0.78" duration="1"/>
    <step time="15000.00" loaded="7102" inserted="7102" running="82" waiting="0" ended="7020" arrived="7020" collisions="4" teleports="4" halting="1" stopped="0" meanWaitingTime="0.35" meanTravelTime="254.04" meanSpeed="24.44" meanSpeedRelative="0.76" duration="1"/>
    <step time="15300.00" loaded="7216" inserted="7216" running="79" waiting="0" ended="7137" arrived="7137" collisions="4" teleports="4" halting="1" stopped="0" meanWaitingTime="0.35" meanTravelTime="253.29" meanSpeed="26.15" meanSpeedRelative="0.82" duration="0"/>
    <step time="15600.00" loaded="7309" inserted="7309" running="73" waiting="0" ended="7236" arrived="7236" collisions="4" teleports="4" halting="1" stopped="0" meanWaitingTime="0.35" meanTravelTime="253.39" meanSpeed="27.02" meanSpeedRelative="0.84" duration="0"/>
    <step time="15900.00" loaded="7409" inserted="7409" running="80" waiting="0" ended="7329" arrived="7329" collisions="4" teleports="4" halting="2" stopped="0" meanWaitingTime="0.34" meanTravelTime="253.36" meanSpeed="24.72" meanSpeedRelative="0.77" duration="1"/>
    <step time="16200.00" loaded="7510" inserted="7510" running="74" waiting="0" ended="7436" arrived="7436" collisions="4" teleports="4" halting="1" stopped="0" meanWaitingTime="0.34" meanTravelTime="252.67" meanSpeed="24.68" meanSpeedRelative="0.77" duration="0"/>
    <step time="16500.00" loaded="7629" inserted="7629" running="79" waiting="0" ended="7550" arrived="7550" collisions="4" teleports="4" halting="1" stopped="0" meanWaitingTime="0.34" meanTravelTime="252.29" meanSpeed="25.77" meanSpeedRelative="0.81" duration="0"/>
    <step time="16800.00" loaded="7731" inserted="7731" running="78" waiting="0" ended="7653" arrived="7653" collisions="4" teleports="4" halting="0" stopped="0" meanWaitingTime="0.34" meanTravelTime="251.35" meanSpeed="25.74" meanSpeedRelative="0.80" duration="0"/>
    <step time="17100.00" loaded="7826" inserted="7826" running="75" waiting="0" ended="7751" arrived="7751" collisions="4" teleports="4" halting="1" stopped="0" meanWaitingTime="0.34" meanTravelTime="251.11" meanSpeed="25.49" meanSpeedRelative="0.80" duration="0"/>
    <step time="17400.00" loaded="7923" inserted="7923" running="69" waiting="0" ended="7854" arrived="7854" collisions="4" teleports="4" halting="0" stopped="0" meanWaitingTime="0.33" meanTravelTime="250.80" meanSpeed="24.47" meanSpeedRelative="0.76" duration="0"/>
    <step time="17700.00" loaded="8032" inserted="8032" running="78" waiting="0" ended="7954" arrived="7954" collisions="4" teleports="4" halting="1" stopped="0" meanWaitingTime="0.33" meanTravelTime="250.43" meanSpeed="25.62" meanSpeedRelative="0.80" duration="0"/>
    <step time="18000.00" loaded="8124" inserted="8124" running="66" waiting="0" ended="8058" arrived="8058" collisions="4" teleports="4" halting="0" stopped="0" meanWaitingTime="0.33" meanTravelTime="250.16" meanSpeed="25.25" meanSpeedRelative="0.79" duration="79"/>
    <step time="18300.00" loaded="8325" inserted="8324" running="152" waiting="1" ended="8172" arrived="8172" collisions="4" teleports="4" halting="1" stopped="0" meanWaitingTime="0.34" meanTravelTime="249.17" meanSpeed="25.30" meanSpeedRelative="0.79" duration="1"/>
    <step time="18600.00" loaded="8536" inserted="8536" running="160" waiting="0" ended="8376" arrived="8376" collisions="4" teleports="4" halting="0" stopped="0" meanWaitingTime="0.36" meanTravelTime="248.49" meanSpeed="25.11" meanSpeedRelative="0.78" duration="1"/>
    <step time="18900.00" loaded="8747" inserted="8747" running="168" waiting="0" ended="8579" arrived="8579" collisions="4" teleports="4" halting="0" stopped="0" meanWaitingTime="0.37" meanTravelTime="248.29" meanSpeed="24.60" meanSpeedRelative="0.77" duration="0"/>
    <step time="19200.00" loaded="8951" inserted="8951" running="167" waiting="0" ended="8784" arrived="8784" collisions="4" teleports="4" halting="1" stopped="0" meanWaitingTime="0.37" meanTravelTime="247.97" meanSpeed="24.73" meanSpeedRelative="0.77" duration="1"/>
    <step time="19500.00" loaded="9168" inserted="9168" running="165" waiting="0" ended="9003" arrived="9003" collisions="4" teleports="4" halting="2" stopped="0" meanWaitingTime="0.38" meanTravelTime="247.85" meanSpeed="24.12" meanSpeedRelative="0.75" duration="1"/>
    <step time="19800.00" loaded="9395" inserted="9395" running="169" waiting="0" ended="9226" arrived="9226" collisions="4" teleports="4" halting="2" stopped="0" meanWaitingTime="0.39" meanTravelTime="248.25" meanSpeed="24.99" meanSpeedRelative="0.78" duration="1"/>
    <step time="20100.00" loaded="9575" inserted="9575" running="151" waiting="0" ended="9424" arrived="9424" collisions="5" teleports="5" halting="2" stopped="0" meanWaitingTime="0.39" meanTravelTime="248.14" meanSpeed="24.07" meanSpeedRelative="0.75" duration="1"/>
    <step time="20400.00" loaded="9781" inserted="9781" running="151" waiting="0" ended="9630" arrived="9630" collisions="5" teleports="5" halting="2" stopped="0" meanWaitingTime="0.40" meanTravelTime="247.67" meanSpeed="24.20" meanSpeedRelative="0.76" duration="1"/>
    <step time="20700.00" loaded="9957" inserted="9957" running="144" waiting="0" ended="9813" arrived="9813" collisions="5" teleports="5" halting="3" stopped="0" meanWaitingTime="0.40" meanTravelTime="247.66" meanSpeed="24.83" meanSpeedRelative="0.78" duration="1"/>
    <step time="21000.00" loaded="10149" inserted="10149" running="144" waiting="0" ended="10005" arrived="10005" collisions="5" teleports="5" halting="1" stopped="0" meanWaitingTime="0.40" meanTravelTime="247.51" meanSpeed="24.90" meanSpeedRelative="0.78" duration="0"/>
    <step time="21300.00" loaded="10358" inserted="10358" running="147" waiting="0" ended="10211" arrived="10211" collisions="5" teleports="5" halting="1" stopped="0" meanWaitingTime="0.41" meanTravelTime="247.12" meanSpeed="24.77" meanSpeedRelative="0.77" duration="1"/>
    <step time="21600.00" loaded="10551" inserted="10550" running="154" waiting="1" ended="10396" arrived="10396" collisions="6" teleports="6" halting="2" stopped="0" meanWaitingTime="0.41" meanTravelTime="247.05" meanSpeed="24.83" meanSpeedRelative="0.78" duration="81"/>
    <step time="21900.00" loaded="11030" inserted="10992" running="351" waiting="38" ended="10641" arrived="10641" collisions="6" teleports="6" halting="6" stopped="0" meanWaitingTime="0.87" meanTravelTime="246.01" meanSpeed="21.44" meanSpeedRelative="0.67" duration="3"/>
    <step time="22200.00" loaded="11511" inserted="11427" running="442" waiting="84" ended="10985" arrived="10985" collisions="8" teleports="8" halting="6" stopped="0" meanWaitingTime="2.20" meanTravelTime="246.11" meanSpeed="19.67" meanSpeedRelative="0.61" duration="2"/>
    <step time="22500.00" loaded="11950" inserted="11855" running="448" waiting="95" ended="11407" arrived="11407" collisions="8" teleports="8" halting="8" stopped="0" meanWaitingTime="4.20" meanTravelTime="248.47" meanSpeed="19.50" meanSpeedRelative="0.61" duration="2"/>
    <step time="22800.00" loaded="12394" inserted="12283" running="472" waiting="111" ended="11811" arrived="11811" collisions="9" teleports="9" halting="19" stopped="0" meanWaitingTime="6.38" meanTravelTime="250.36" meanSpeed="19.55" meanSpeedRelative="0.61" duration="2"/>
    <step time="23100.00" loaded="12856" inserted="12700" running="482" waiting="156" ended="12218" arrived="12218" collisions="10" teleports="10" halting="17" stopped="0" meanWaitingTime="9.06" meanTravelTime="252.66" meanSpeed="19.13" meanSpeedRelative="0.60" duration="2"/>
    <step time="23400.00" loaded="13278" inserted="13133" running="500" waiting="145" ended="12633" arrived="12633" collisions="10" teleports="10" halting="20" stopped="0" meanWaitingTime="12.03" meanTravelTime="255.76" meanSpeed="19.31" meanSpeedRelative="0.60" duration="2"/>
    <step time="23700.00" loaded="13743" inserted="13562" running="497" waiting="181" ended="13065" arrived="13065" collisions="12" teleports="12" halting="23" stopped="0" meanWaitingTime="14.69" meanTravelTime="258.50" meanSpeed="19.22" meanSpeedRelative="0.60" duration="3"/>
    <step time="24000.00" loaded="14227" inserted="13993" running="504" waiting="234" ended="13489" arrived="13489" collisions="12" teleports="12" halting="23" stopped="0" meanWaitingTime="17.63" meanTravelTime="261.15" meanSpeed="18.85" meanSpeedRelative="0.59" duration="3"/>
    <step time="24300.00" loaded="14679" inserted="14403" running="488" waiting="276" ended="13915" arrived="13915" collisions="13" teleports="13" halting="17" stopped="0" meanWaitingTime="20.93" meanTravelTime="263.87" meanSpeed="18.73" meanSpeedRelative="0.59" duration="2"/>
    <step time="24600.00" loaded="15124" inserted="14817" running="486" waiting="307" ended="14331" arrived="14331" collisions="14" teleports="14" halting="7" stopped="0" meanWaitingTime="24.71" meanTravelTime="266.67" meanSpeed="18.23" meanSpeedRelative="0.57" duration="3"/>
    <step time="24900.00" loaded="15556" inserted="15242" running="495" waiting="314" ended="14747" arrived="14747" collisions="14" teleports="14" halting="12" stopped="0" meanWaitingTime="29.67" meanTravelTime="268.89" meanSpeed="19.41" meanSpeedRelative="0.61" duration="4"/>
    <step time="25200.00" loaded="16006" inserted="15647" running="464" waiting="359" ended="15183" arrived="15183" collisions="16" teleports="16" halting="4" stopped="0" meanWaitingTime="33.84" meanTravelTime="271.40" meanSpeed="19.46" meanSpeedRelative="0.61" duration="87"/>
    <step time="25500.00" loaded="16546" inserted="16096" running="500" waiting="450" ended="15596" arrived="15596" collisions="16" teleports="16" halting="3" stopped="0" meanWaitingTime="38.96" meanTravelTime="273.32" meanSpeed="18.76" meanSpeedRelative="0.59" duration="3"/>
    <step time="25800.00" loaded="17073" inserted="16529" running="493" waiting="544" ended="16036" arrived="16036" collisions="17" teleports="17" halting="15" stopped="0" meanWaitingTime="44.24" meanTravelTime="275.07" meanSpeed="19.16" meanSpeedRelative="0.60" duration="4"/>
    <step time="26100.00" loaded="17635" inserted="16981" running="515" waiting="654" ended="16466" arrived="16466" collisions="17" teleports="17" halting="11" stopped="0" meanWaitingTime="50.32" meanTravelTime="276.30" meanSpeed="18.53" meanSpeedRelative="0.58" duration="2"/>
    <step time="26400.00" loaded="18180" inserted="17453" running="564" waiting="727" ended="16889" arrived="16889" collisions="18" teleports="18" halting="6" stopped="0" meanWaitingTime="57.48" meanTravelTime="278.27" meanSpeed="18.22" meanSpeedRelative="0.57" duration="5"/>
    <step time="26700.00" loaded="18738" inserted="17910" running="533" waiting="828" ended="17377" arrived="17377" collisions="20" teleports="20" halting="13" stopped="0" meanWaitingTime="64.82" meanTravelTime="280.64" meanSpeed="18.18" meanSpeedRelative="0.57" duration="3"/>
    <step time="27000.00" loaded="19300" inserted="18349" running="520" waiting="951" ended="17829" arrived="17829" collisions="23" teleports="23" halting="6" stopped="0" meanWaitingTime="72.65" meanTravelTime="282.19" meanSpeed="19.64" meanSpeedRelative="0.61" duration="2"/>
    <step time="27300.00" loaded="19864" inserted="18820" running="530" waiting="1044" ended="18290" arrived="18290" collisions="24" teleports="24" halting="7" stopped="0" meanWaitingTime="81.54" meanTravelTime="283.98" meanSpeed="18.77" meanSpeedRelative="0.59" duration="4"/>
    <step time="27600.00" loaded="20413" inserted="19273" running="527" waiting="1140" ended="18746" arrived="18746" collisions="25" teleports="25" halting="20" stopped="0" meanWaitingTime="90.45" meanTravelTime="285.71" meanSpeed="18.37" meanSpeedRelative="0.57" duration="3"/>
    <step time="27900.00" loaded="20968" inserted="19745" running="529" waiting="1223" ended="19216" arrived="19216" collisions="26" teleports="26" halting="14" stopped="0" meanWaitingTime="100.08" meanTravelTime="286.98" meanSpeed="18.96" meanSpeedRelative="0.59" duration="3"/>
    <step time="28200.00" loaded="21530" inserted="20206" running="528" waiting="1324" ended="19678" arrived="19678" collisions="28" teleports="28" halting="23" stopped="0" meanWaitingTime="110.00" meanTravelTime="288.25" meanSpeed="18.70" meanSpeedRelative="0.58" duration="4"/>
    <step time="28500.00" loaded="22085" inserted="20667" running="512" waiting="1418" ended="20155" arrived="20155" collisions="28" teleports="28" halting="8" stopped="0" meanWaitingTime="120.87" meanTravelTime="289.56" meanSpeed="18.51" meanSpeedRelative="0.58" duration="5"/>
    <step time="28800.00" loaded="22600" inserted="21103" running="496" waiting="1497" ended="20607" arrived="20607" collisions="29" teleports="29" halting="19" stopped="0" meanWaitingTime="131.70" meanTravelTime="290.89" meanSpeed="19.34" meanSpeedRelative="0.60" duration="92"/>
    <step time="29100.00" loaded="22963" inserted="21522" running="473" waiting="1441" ended="21049" arrived="21049" collisions="30" teleports="30" halting="5" stopped="0" meanWaitingTime="143.20" meanTravelTime="291.22" meanSpeed="19.63" meanSpeedRelative="0.61" duration="3"/>
    <step time="29400.00" loaded="23302" inserted="21935" running="462" waiting="1367" ended="21473" arrived="21473" collisions="30" teleports="30" halting="5" stopped="0" meanWaitingTime="154.64" meanTravelTime="292.41" meanSpeed="19.86" meanSpeedRelative="0.62" duration="5"/>
    <step time="29700.00" loaded="23662" inserted="22350" running="452" waiting="1312" ended="21898" arrived="21898" collisions="30" teleports="30" halting="8" stopped="0" meanWaitingTime="166.96" meanTravelTime="292.98" meanSpeed="20.41" meanSpeedRelative="0.64" duration="3"/>
    <step time="30000.00" loaded="23987" inserted="22760" running="443" waiting="1227" ended="22317" arrived="22317" collisions="30" teleports="30" halting="3" stopped="0" meanWaitingTime="177.71" meanTravelTime="293.66" meanSpeed="19.83" meanSpeedRelative="0.62" duration="4"/>
    <step time="30300.00" loaded="24374" inserted="23184" running="453" waiting="1190" ended="22731" arrived="22731" collisions="31" teleports="31" halting="10" stopped="0" meanWaitingTime="188.62" meanTravelTime="294.08" meanSpeed="19.88" meanSpeedRelative="0.62" duration="3"/>
    <step time="30600.00" loaded="24754" inserted="23606" running="462" waiting="1148" ended="23144" arrived="23144" collisions="32" teleports="32" halting="19" stopped="0" meanWaitingTime="198.84" meanTravelTime="294.90" meanSpeed="19.83" meanSpeedRelative="0.62" duration="3"/>
    <step time="30900.00" loaded="25138" inserted="24023" running="440" waiting="1115" ended="23583" arrived="23583" collisions="32" teleports="32" halting="21" stopped="0" meanWaitingTime="207.86" meanTravelTime="295.48" meanSpeed="19.76" meanSpeedRelative="0.62" duration="4"/>
    <step time="31200.00" loaded="25486" inserted="24385" running="379" waiting="1101" ended="24006" arrived="24006" collisions="32" teleports="32" halting="4" stopped="0" meanWaitingTime="216.15" meanTravelTime="295.69" meanSpeed="21.19" meanSpeedRelative="0.66" duration="2"/>
    <step time="31500.00" loaded="25802" inserted="24736" running="362" waiting="1066" ended="24374" arrived="24374" collisions="32" teleports="32" halting="12" stopped="0" meanWaitingTime="226.50" meanTravelTime="295.78" meanSpeed="20.55" meanSpeedRelative="0.64" duration="2"/>
    <step time="31800.00" loaded="26180" inserted="25144" running="387" waiting="1036" ended="24757" arrived="24757" collisions="34" teleports="34" halting="21" stopped="0" meanWaitingTime="235.10" meanTravelTime="296.16" meanSpeed="20.21" meanSpeedRelative="0.63" duration="2"/>
    <step time="32100.00" loaded="26561" inserted="25543" running="408" waiting="1018" ended="25135" arrived="25135" collisions="34" teleports="34" halting="4" stopped="0" meanWaitingTime="242.79" meanTravelTime="295.88" meanSpeed="20.60" meanSpeedRelative="0.64" duration="3"/>
    <step time="32400.00" loaded="26911" inserted="25918" running="380" waiting="993" ended="25538" arrived="25538" collisions="35" teleports="35" halting="11" stopped="0" meanWaitingTime="251.29" meanTravelTime="296.33" meanSpeed="20.40" meanSpeedRelative="0.64" duration="87"/>
    <step time="32700.00" loaded="27178" inserted="26248" running="328" waiting="930" ended="25920" arrived="25920" collisions="36" teleports="36" halting="20" stopped="0" meanWaitingTime="258.91" meanTravelTime="296.43" meanSpeed="20.78" meanSpeedRelative="0.65" duration="2"/>
    <step time="33000.00" loaded="27452" inserted="26574" running="326" waiting="878" ended="26248" arrived="26248" collisions="38" teleports="38" halting="3" stopped="0" meanWaitingTime="265.77" meanTravelTime="296.18" meanSpeed="21.59" meanSpeedRelative="0.67" duration="1"/>
    <step time="33300.00" loaded="27680" inserted="26885" running="272" waiting="795" ended="26613" arrived="26613" collisions="39" teleports="39" halting="3" stopped="0" meanWaitingTime="273.89" meanTravelTime="296.14" meanSpeed="21.48" meanSpeedRelative="0.67" duration="2"/>
    <step time="33600.00" loaded="27956" inserted="27207" running="285" waiting="749" ended="26922" arrived="26922" collisions="40" teleports="40" halting="8" stopped="0" meanWaitingTime="281.77" meanTravelTime="295.86" meanSpeed="21.22" meanSpeedRelative="0.66" duration="2"/>
    <step time="33900.00" loaded="28196" inserted="27536" running="299" waiting="660" ended="27237" arrived="27237" collisions="42" teleports="42" halting="1" stopped="0" meanWaitingTime="288.29" meanTravelTime="295.51" meanSpeed="21.48" meanSpeedRelative="0.67" duration="2"/>
    <step time="34200.00" loaded="28458" inserted="27842" running="293" waiting="616" ended="27549" arrived="27549" collisions="43" teleports="43" halting="9" stopped="0" meanWaitingTime="293.53" meanTravelTime="295.20" meanSpeed="21.61" meanSpeedRelative="0.68" duration="2"/>
    <step time="34500.00" loaded="28708" inserted="28143" running="286" waiting="565" ended="27857" arrived="27857" collisions="43" teleports="43" halting="10" stopped="0" meanWaitingTime="298.02" meanTravelTime="295.28" meanSpeed="19.77" meanSpeedRelative="0.62" duration="3"/>
    <step time="34800.00" loaded="28979" inserted="28439" running="261" waiting="540" ended="28178" arrived="28178" collisions="43" teleports="43" halting="3" stopped="0" meanWaitingTime="303.90" meanTravelTime="295.21" meanSpeed="21.83" meanSpeedRelative="0.68" duration="2"/>
    <step time="35100.00" loaded="29249" inserted="28758" running="279" waiting="491" ended="28479" arrived="28479" collisions="43" teleports="43" halting="3" stopped="0" meanWaitingTime="309.80" meanTravelTime="295.07" meanSpeed="22.09" meanSpeedRelative="0.69" duration="1"/>
    <step time="35400.00" loaded="29502" inserted="29062" running="277" waiting="440" ended="28785" arrived="28785" collisions="43" teleports="43" halting="0" stopped="0" meanWaitingTime="315.01" meanTravelTime="294.74" meanSpeed="22.33" meanSpeedRelative="0.70" duration="2"/>
    <step time="35700.00" loaded="29765" inserted="29364" running="265" waiting="401" ended="29099" arrived="29099" collisions="43" teleports="43" halting="1" stopped="0" meanWaitingTime="318.33" meanTravelTime="294.51" meanSpeed="21.44" meanSpeedRelative="0.67" duration="1"/>
    <step time="36000.00" loaded="30017" inserted="29645" running="265" waiting="372" ended="29380" arrived="29380" collisions="43" teleports="43" halting="3" stopped="0" meanWaitingTime="322.80" meanTravelTime="294.23" meanSpeed="23.24" meanSpeedRelative="0.73" duration="84"/>
    <step time="36300.00" loaded="30491" inserted="30087" running="386" waiting="404" ended="29701" arrived="29701" collisions="43" teleports="43" halting="11" stopped="0" meanWaitingTime="324.06" meanTravelTime="294.12" meanSpeed="20.67" meanSpeedRelative="0.65" duration="2"/>
    <step time="36600.00" loaded="30946" inserted="30508" running="435" waiting="438" ended="30073" arrived="30073" collisions="43" teleports="43" halting="23" stopped="0" meanWaitingTime="323.22" meanTravelTime="293.74" meanSpeed="19.78" meanSpeedRelative="0.62" duration="2"/>
    <step time="36900.00" loaded="31421" inserted="30941" running="448" waiting="480" ended="30493" arrived="30493" collisions="43" teleports="43" halting="5" stopped="0" meanWaitingTime="322.17" meanTravelTime="293.80" meanSpeed="19.93" meanSpeedRelative="0.62" duration="4"/>
    <step time="37200.00" loaded="31881" inserted="31367" running="444" waiting="514" ended="30923" arrived="30923" collisions="44" teleports="44" halting="3" stopped="0" meanWaitingTime="323.31" meanTravelTime="294.14" meanSpeed="20.33" meanSpeedRelative="0.64" duration="4"/>
    <step time="37500.00" loaded="32349" inserted="31812" running="456" waiting="537" ended="31356" arrived="31356" collisions="45" teleports="45" halting="11" stopped="0" meanWaitingTime="323.64" meanTravelTime="294.05" meanSpeed="20.40" meanSpeedRelative="0.64" duration="3"/>
    <step time="37800.00" loaded="32804" inserted="32251" running="462" waiting="553" ended="31789" arrived="31789" collisions="46" teleports="46" halting="20" stopped="0" meanWaitingTime="323.10" meanTravelTime="294.26" meanSpeed="19.78" meanSpeedRelative="0.62" duration="3"/>
    <step time="38100.00" loaded="33279" inserted="32696" running="474" waiting="583" ended="32222" arrived="32222" collisions="46" teleports="46" halting="6" stopped="0" meanWaitingTime="323.69" meanTravelTime="294.71" meanSpeed="19.92" meanSpeedRelative="0.62" duration="4"/>
    <step time="38400.00" loaded="33775" inserted="33152" running="500" waiting="623" ended="32652" arrived="32652" collisions="46" teleports="46" halting="23" stopped="0" meanWaitingTime="324.50" meanTravelTime="294.96" meanSpeed="19.42" meanSpeedRelative="0.61" duration="3"/>
    <step time="38700.00" loaded="34208" inserted="33546" running="453" waiting="662" ended="33093" arrived="33093" collisions="46" teleports="46" halting="3" stopped="0" meanWaitingTime="324.47" meanTravelTime="295.35" meanSpeed="20.94" meanSpeedRelative="0.65" duration="3"/>
    <step time="39000.00" loaded="34649" inserted="33976" running="454" waiting="673" ended="33522" arrived="33522" collisions="46" teleports="46" halting="7" stopped="0" meanWaitingTime="326.44" meanTravelTime="295.70" meanSpeed="20.39" meanSpeedRelative="0.64" duration="4"/>
    <step time="39300.00" loaded="35132" inserted="34441" running="467" waiting="691" ended="33974" arrived="33974" collisions="47" teleports="47" halting="14" stopped="0" meanWaitingTime="326.92" meanTravelTime="295.93" meanSpeed="20.31" meanSpeedRelative="0.63" duration="4"/>
    <step time="39600.00" loaded="35587" inserted="34853" running="440" waiting="734" ended="34413" arrived="34413" collisions="48" teleports="48" halting="2" stopped="0" meanWaitingTime="327.27" meanTravelTime="296.15" meanSpeed="21.06" meanSpeedRelative="0.66" duration="92"/>
    <step time="39900.00" loaded="36087" inserted="35337" running="483" waiting="750" ended="34854" arrived="34854" collisions="49" teleports="49" halting="22" stopped="0" meanWaitingTime="329.09" meanTravelTime="296.44" meanSpeed="19.72" meanSpeedRelative="0.62" duration="4"/>
    <step time="40200.00" loaded="36638" inserted="35801" running="502" waiting="837" ended="35299" arrived="35299" collisions="53" teleports="53" halting="5" stopped="0" meanWaitingTime="326.72" meanTravelTime="296.71" meanSpeed="19.18" meanSpeedRelative="0.60" duration="2"/>
    <step time="40500.00" loaded="37157" inserted="36278" running="521" waiting="879" ended="35757" arrived="35757" collisions="55" teleports="55" halting="9" stopped="0" meanWaitingTime="327.95" meanTravelTime="296.87" meanSpeed="19.38" meanSpeedRelative="0.61" duration="4"/>
    <step time="40800.00" loaded="37627" inserted="36733" running="527" waiting="894" ended="36206" arrived="36206" collisions="56" teleports="56" halting="12" stopped="0" meanWaitingTime="329.35" meanTravelTime="297.16" meanSpeed="19.09" meanSpeedRelative="0.60" duration="4"/>
    <step time="41100.00" loaded="38129" inserted="37179" running="517" waiting="950" ended="36662" arrived="36662" collisions="57" teleports="57" halting="20" stopped="0" meanWaitingTime="330.05" meanTravelTime="297.67" meanSpeed="19.26" meanSpeedRelative="0.60" duration="2"/>
    <step time="41400.00" loaded="38655" inserted="37622" running="494" waiting="1033" ended="37128" arrived="37128" collisions="58" teleports="58" halting="22" stopped="0" meanWaitingTime="330.92" meanTravelTime="298.34" meanSpeed="18.69" meanSpeedRelative="0.58" duration="4"/>
    <step time="41700.00" loaded="39208" inserted="38108" running="526" waiting="1100" ended="37582" arrived="37582" collisions="60" teleports="60" halting="14" stopped="0" meanWaitingTime="331.62" meanTravelTime="298.71" meanSpeed="19.97" meanSpeedRelative="0.62" duration="4"/>
    <step time="42000.00" loaded="39679" inserted="38548" running="492" waiting="1131" ended="38056" arrived="38056" collisions="61" teleports="61" halting="22" stopped="0" meanWaitingTime="333.27" meanTravelTime="298.95" meanSpeed="19.55" meanSpeedRelative="0.61" duration="3"/>
    <step time="42300.00" loaded="40194" inserted="39028" running="532" waiting="1166" ended="38496" arrived="38496" collisions="62" teleports="62" halting="5" stopped="0" meanWaitingTime="334.48" meanTravelTime="299.49" meanSpeed="19.22" meanSpeedRelative="0.60" duration="4"/>
    <step time="42600.00" loaded="40713" inserted="39505" running="533" waiting="1208" ended="38972" arrived="38972" collisions="64" teleports="64" halting="15" stopped="0" meanWaitingTime="336.76" meanTravelTime="299.90" meanSpeed="18.60" meanSpeedRelative="0.58" duration="3"/>
    <step time="42900.00" loaded="41227" inserted="39953" running="535" waiting="1274" ended="39418" arrived="39418" collisions="66" teleports="66" halting="5" stopped="0" meanWaitingTime="337.97" meanTravelTime="300.32" meanSpeed="18.61" meanSpeedRelative="0.58" duration="4"/>
    <step time="43200.00" loaded="41782" inserted="40426" running="564" waiting="1356" ended="39862" arrived="39862" collisions="66" teleports="66" halting="3" stopped="0" meanWaitingTime="341.11" meanTravelTime="300.84" meanSpeed="18.53" meanSpeedRelative="0.58" duration="90"/>
    <step time="43500.00" loaded="42304" inserted="40903" running="570" waiting="1401" ended="40333" arrived="40333" collisions="67" teleports="67" halting="21" stopped="0" meanWaitingTime="343.44" meanTravelTime="301.55" meanSpeed="18.61" meanSpeedRelative="0.58" duration="4"/>
    <step time="43800.00" loaded="42895" inserted="41395" running="616" waiting="1500" ended="40779" arrived="40779" collisions="67" teleports="67" halting="22" stopped="0" meanWaitingTime="344.66" meanTravelTime="302.02" meanSpeed="18.02" meanSpeedRelative="0.56" duration="4"/>
    <step time="44100.00" loaded="43448" inserted="41865" running="604" waiting="1583" ended="41261" arrived="41261" collisions="68" teleports="68" halting="21" stopped="0" meanWaitingTime="347.50" meanTravelTime="302.98" meanSpeed="17.09" meanSpeedRelative="0.53" duration="5"/>
    <step time="44400.00" loaded="43981" inserted="42343" running="627" waiting="1638" ended="41716" arrived="41716" collisions="68" teleports="68" halting="24" stopped="0" meanWaitingTime="349.93" meanTravelTime="304.09" meanSpeed="16.01" meanSpeedRelative="0.50" duration="5"/>
    <step time="44700.00" loaded="44535" inserted="42815" running="654" waiting="1720" ended="42161" arrived="42161" collisions="70" teleports="70" halting="11" stopped="0" meanWaitingTime="352.36" meanTravelTime="304.83" meanSpeed="15.95" meanSpeedRelative="0.50" duration="5"/>
    <step time="45000.00" loaded="45057" inserted="43275" running="642" waiting="1782" ended="42633" arrived="42633" collisions="71" teleports="71" halting="10" stopped="0" meanWaitingTime="354.26" meanTravelTime="305.91" meanSpeed="16.77" meanSpeedRelative="0.52" duration="4"/>
    <step time="45300.00" loaded="45604" inserted="43742" running="632" waiting="1862" ended="43110" arrived="43110" collisions="71" teleports="71" halting="23" stopped="0" meanWaitingTime="358.09" meanTravelTime="307.10" meanSpeed="16.96" meanSpeedRelative="0.53" duration="5"/>
    <step time="45600.00" loaded="46122" inserted="44215" running="636" waiting="1907" ended="43579" arrived="43579" collisions="71" teleports="71" halting="5" stopped="0" meanWaitingTime="361.64" meanTravelTime="308.34" meanSpeed="16.62" meanSpeedRelative="0.52" duration="6"/>
    <step time="45900.00" loaded="46659" inserted="44682" running="638" waiting="1977" ended="44044" arrived="44044" collisions="71" teleports="71" halting="19" stopped="0" meanWaitingTime="365.89" meanTravelTime="309.49" meanSpeed="16.94" meanSpeedRelative="0.53" duration="3"/>
    <step time="46200.00" loaded="47193" inserted="45117" running="617" waiting="2076" ended="44500" arrived="44500" collisions="73" teleports="73" halting="35" stopped="0" meanWaitingTime="369.71" meanTravelTime="310.63" meanSpeed="16.96" meanSpeedRelative="0.53" duration="3"/>
    <step time="46500.00" loaded="47716" inserted="45567" running="616" waiting="2149" ended="44951" arrived="44951" collisions="76" teleports="76" halting="20" stopped="0" meanWaitingTime="373.86" meanTravelTime="311.84" meanSpeed="17.29" meanSpeedRelative="0.54" duration="5"/>
    <step time="46800.00" loaded="48213" inserted="46017" running="604" waiting="2196" ended="45413" arrived="45413" collisions="78" teleports="78" halting="6" stopped="0" meanWaitingTime="378.10" meanTravelTime="312.79" meanSpeed="17.52" meanSpeedRelative="0.55" duration="93"/>
    <step time="47100.00" loaded="48769" inserted="46520" running="647" waiting="2249" ended="45873" arrived="45873" collisions="79" teleports="79" halting="21" stopped="0" meanWaitingTime="382.93" meanTravelTime="313.57" meanSpeed="16.26" meanSpeedRelative="0.51" duration="5"/>
    <step time="47400.00" loaded="49312" inserted="46996" running="665" waiting="2316" ended="46331" arrived="46331" collisions="80" teleports="80" halting="13" stopped="0" meanWaitingTime="387.75" meanTravelTime="314.30" meanSpeed="16.57" meanSpeedRelative="0.52" duration="4"/>
    <step time="47700.00" loaded="49829" inserted="47462" running="641" waiting="2367" ended="46821" arrived="46821" collisions="80" teleports="80" halting="4" stopped="0" meanWaitingTime="392.51" meanTravelTime="315.18" meanSpeed="16.17" meanSpeedRelative="0.51" duration="5"/>
    <step time="48000.00" loaded="50345" inserted="47927" running="655" waiting="2418" ended="47272" arrived="47272" collisions="83" teleports="83" halting="14" stopped="0" meanWaitingTime="397.69" meanTravelTime="316.13" meanSpeed="15.97" meanSpeedRelative="0.50" duration="4"/>
    <step time="48300.00" loaded="50853" inserted="48403" running="633" waiting="2450" ended="47770" arrived="47770" collisions="83" teleports="83" halting="21" stopped="0" meanWaitingTime="403.48" meanTravelTime="317.33" meanSpeed="16.55" meanSpeedRelative="0.52" duration="5"/>
    <step time="48600.00" loaded="51408" inserted="48887" running="631" waiting="2521" ended="48256" arrived="48256" collisions="84" teleports="84" halting="20" stopped="0" meanWaitingTime="409.70" meanTravelTime="318.32" meanSpeed="16.57" meanSpeedRelative="0.52" duration="5"/>
    <step time="48900.00" loaded="51928" inserted="49357" running="633" waiting="2571" ended="48724" arrived="48724" collisions="87" teleports="87" halting="5" stopped="0" meanWaitingTime="415.76" meanTravelTime="319.13" meanSpeed="17.11" meanSpeedRelative="0.53" duration="6"/>
    <step time="49200.00" loaded="52505" inserted="49869" running="671" waiting="2636" ended="49198" arrived="49198" collisions="88" teleports="88" halting="17" stopped="0" meanWaitingTime="422.75" meanTravelTime="319.80" meanSpeed="16.11" meanSpeedRelative="0.50" duration="6"/>
    <step time="49500.00" loaded="53027" inserted="50358" running="684" waiting="2669" ended="49674" arrived="49674" collisions="90" teleports="90" halting="19" stopped="0" meanWaitingTime="429.62" meanTravelTime="320.45" meanSpeed="16.71" meanSpeedRelative="0.52" duration="4"/>
    <step time="49800.00" loaded="53540" inserted="50812" running="650" waiting="2728" ended="50162" arrived="50162" collisions="92" teleports="92" halting="22" stopped="0" meanWaitingTime="434.30" meanTravelTime="321.39" meanSpeed="16.09" meanSpeedRelative="0.50" duration="5"/>
    <step time="50100.00" loaded="54058" inserted="51292" running="647" waiting="2766" ended="50645" arrived="50645" collisions="94" teleports="94" halting="21" stopped="0" meanWaitingTime="440.53" meanTravelTime="322.40" meanSpeed="16.43" meanSpeedRelative="0.51" duration="4"/>
    <step time="50400.00" loaded="54606" inserted="51753" running="636" waiting="2853" ended="51117" arrived="51117" collisions="94" teleports="94" halting="30" stopped="0" meanWaitingTime="446.60" meanTravelTime="323.37" meanSpeed="16.75" meanSpeedRelative="0.52" duration="96"/>
    <step time="50700.00" loaded="55336" inserted="52282" running="675" waiting="3054" ended="51607" arrived="51607" collisions="97" teleports="97" halting="8" stopped="0" meanWaitingTime="451.76" meanTravelTime="324.07" meanSpeed="17.33" meanSpeedRelative="0.54" duration="7"/>
    <step time="51000.00" loaded="56013" inserted="52798" running="705" waiting="3215" ended="52093" arrived="52093" collisions="101" teleports="101" halting="32" stopped="0" meanWaitingTime="457.55" meanTravelTime="324.81" meanSpeed="16.89" meanSpeedRelative="0.53" duration="4"/>
    <step time="51300.00" loaded="56768" inserted="53345" running="757" waiting="3423" ended="52588" arrived="52588" collisions="105" teleports="105" halting="21" stopped="0" meanWaitingTime="462.07" meanTravelTime="325.62" meanSpeed="15.79" meanSpeedRelative="0.49" duration="5"/>
    <step time="51600.00" loaded="57519" inserted="53875" running="775" waiting="3644" ended="53100" arrived="53100" collisions="109" teleports="109" halting="8" stopped="0" meanWaitingTime="466.98" meanTravelTime="326.42" meanSpeed="15.65" meanSpeedRelative="0.49" duration="8"/>
    <step time="51900.00" loaded="58236" inserted="54383" running="795" waiting="3853" ended="53588" arrived="53588" collisions="112" teleports="112" halting="36" stopped="0" meanWaitingTime="471.88" meanTravelTime="327.41" meanSpeed="14.32" meanSpeedRelative="0.45" duration="7"/>
    <step time="52200.00" loaded="58964" inserted="54874" running="807" waiting="4090" ended="54067" arrived="54067" collisions="116" teleports="116" halting="23" stopped="0" meanWaitingTime="478.59" meanTravelTime="328.69" meanSpeed="14.64" meanSpeedRelative="0.46" duration="7"/>
    <step time="52500.00" loaded="59673" inserted="55390" running="817" waiting="4283" ended="54573" arrived="54573" collisions="117" teleports="117" halting="20" stopped="0" meanWaitingTime="484.66" meanTravelTime="329.96" meanSpeed="13.94" meanSpeedRelative="0.44" duration="7"/>
    <step time="52800.00" loaded="60419" inserted="55921" running="855" waiting="4498" ended="55066" arrived="55066" collisions="117" teleports="117" halting="26" stopped="0" meanWaitingTime="492.82" meanTravelTime="331.09" meanSpeed="13.72" meanSpeedRelative="0.43" duration="9"/>
    <step time="53100.00" loaded="61104" inserted="56440" running="860" waiting="4664" ended="55580" arrived="55580" collisions="119" teleports="119" halting="22" stopped="0" meanWaitingTime="501.27" meanTravelTime="332.69" meanSpeed="13.97" meanSpeedRelative="0.44" duration="7"/>
    <step time="53400.00" loaded="61839" inserted="56967" running="872" waiting="4872" ended="56095" arrived="56095" collisions="122" teleports="122" halting="22" stopped="0" meanWaitingTime="509.75" meanTravelTime="334.00" meanSpeed="13.65" meanSpeedRelative="0.43" duration="9"/>
    <step time="53700.00" loaded="62557" inserted="57455" running="832" waiting="5102" ended="56623" arrived="56623" collisions="123" teleports="123" halting="3" stopped="0" meanWaitingTime="517.04" meanTravelTime="335.54" meanSpeed="13.92" meanSpeedRelative="0.43" duration="8"/>
    <step time="54000.00" loaded="63291" inserted="57972" running="844" waiting="5319" ended="57128" arrived="57128" collisions="127" teleports="127" halting="14" stopped="0" meanWaitingTime="527.50" meanTravelTime="337.19" meanSpeed="14.07" meanSpeedRelative="0.44" duration="96"/>
    <step time="54300.00" loaded="63723" inserted="58426" running="789" waiting="5297" ended="57637" arrived="57637" collisions="132" teleports="132" halting="23" stopped="0" meanWaitingTime="539.26" meanTravelTime="338.64" meanSpeed="14.13" meanSpeedRelative="0.44" duration="7"/>
    <step time="54600.00" loaded="64181" inserted="58875" running="748" waiting="5306" ended="58127" arrived="58127" collisions="134" teleports="134" halting="18" stopped="0" meanWaitingTime="550.02" meanTravelTime="340.16" meanSpeed="14.59" meanSpeedRelative="0.46" duration="6"/>
    <step time="54900.00" loaded="64666" inserted="59348" running="745" waiting="5318" ended="58603" arrived="58603" collisions="134" teleports="134" halting="6" stopped="0" meanWaitingTime="561.18" meanTravelTime="341.46" meanSpeed="14.72" meanSpeedRelative="0.46" duration="8"/>
    <step time="55200.00" loaded="65098" inserted="59785" running="694" waiting="5313" ended="59091" arrived="59091" collisions="135" teleports="135" halting="8" stopped="0" meanWaitingTime="574.23" meanTravelTime="342.51" meanSpeed="14.55" meanSpeedRelative="0.45" duration="8"/>
    <step time="55500.00" loaded="65547" inserted="60252" running="693" waiting="5295" ended="59559" arrived="59559" collisions="138" teleports="138" halting="19" stopped="0" meanWaitingTime="587.51" meanTravelTime="343.32" meanSpeed="15.41" meanSpeedRelative="0.48" duration="6"/>
    <step time="55800.00" loaded="66033" inserted="60745" running="735" waiting="5288" ended="60010" arrived="60010" collisions="140" teleports="140" halting="8" stopped="0" meanWaitingTime="600.57" meanTravelTime="344.07" meanSpeed="15.76" meanSpeedRelative="0.49" duration="5"/>
    <step time="56100.00" loaded="66492" inserted="61213" running="706" waiting="5279" ended="60507" arrived="60507" collisions="141" teleports="141" halting="11" stopped="0" meanWaitingTime="614.51" meanTravelTime="344.97" meanSpeed="15.29" meanSpeedRelative="0.48" duration="5"/>
    <step time="56400.00" loaded="66907" inserted="61662" running="691" waiting="5245" ended="60971" arrived="60971" collisions="141" teleports="141" halting="25" stopped="0" meanWaitingTime="627.94" meanTravelTime="345.79" meanSpeed="14.99" meanSpeedRelative="0.47" duration="8"/>
    <step time="56700.00" loaded="67329" inserted="62109" running="665" waiting="5220" ended="61444" arrived="61444" collisions="143" teleports="143" halting="5" stopped="0" meanWaitingTime="640.08" meanTravelTime="346.71" meanSpeed="15.47" meanSpeedRelative="0.48" duration="6"/>
    <step time="57000.00" loaded="67793" inserted="62589" running="672" waiting="5204" ended="61917" arrived="61917" collisions="144" teleports="144" halting="8" stopped="0" meanWaitingTime="654.82" meanTravelTime="347.33" meanSpeed="15.56" meanSpeedRelative="0.49" duration="6"/>
    <step time="57300.00" loaded="68258" inserted="63069" running="703" waiting="5189" ended="62366" arrived="62366" collisions="148" teleports="148" halting="24" stopped="0" meanWaitingTime="669.13" meanTravelTime="347.89" meanSpeed="15.32" meanSpeedRelative="0.48" duration="8"/>
    <step time="57600.00" loaded="68679" inserted="63520" running="681" waiting="5159" ended="62839" arrived="62839" collisions="148" teleports="148" halting="25" stopped="0" meanWaitingTime="682.41" meanTravelTime="348.71" meanSpeed="14.55" meanSpeedRelative="0.45" duration="83"/>
    <step time="57900.00" loaded="69256" inserted="64037" running="719" waiting="5219" ended="63318" arrived="63318" collisions="148" teleports="148" halting="5" stopped="0" meanWaitingTime="695.27" meanTravelTime="349.23" meanSpeed="16.39" meanSpeedRelative="0.51" duration="6"/>
    <step time="58200.00" loaded="69793" inserted="64534" running="744" waiting="5259" ended="63790" arrived="63790" collisions="149" teleports="149" halting="10" stopped="0" meanWaitingTime="709.90" meanTravelTime="349.74" meanSpeed="15.06" meanSpeedRelative="0.47" duration="7"/>
    <step time="58500.00" loaded="70375" inserted="65036" running="762" waiting="5339" ended="64274" arrived="64274" collisions="149" teleports="149" halting="30" stopped="0" meanWaitingTime="723.41" meanTravelTime="350.46" meanSpeed="14.76" meanSpeedRelative="0.46" duration="8"/>
    <step time="58800.00" loaded="70921" inserted="65513" running="743" waiting="5408" ended="64770" arrived="64770" collisions="151" teleports="151" halting="13" stopped="0" meanWaitingTime="735.88" meanTravelTime="351.18" meanSpeed="14.55" meanSpeedRelative="0.45" duration="7"/>
    <step time="59100.00" loaded="71501" inserted="66007" running="751" waiting="5494" ended="65256" arrived="65256" collisions="151" teleports="151" halting="12" stopped="0" meanWaitingTime="750.14" meanTravelTime="352.05" meanSpeed="15.27" meanSpeedRelative="0.48" duration="9"/>
    <step time="59400.00" loaded="72063" inserted="66489" running="749" waiting="5574" ended="65740" arrived="65740" collisions="153" teleports="153" halting="12" stopped="0" meanWaitingTime="763.68" meanTravelTime="352.82" meanSpeed="15.35" meanSpeedRelative="0.48" duration="8"/>
    <step time="59700.00" loaded="72594" inserted="67001" running="784" waiting="5593" ended="66217" arrived="66217" collisions="154" teleports="154" halting="20" stopped="0" meanWaitingTime="776.49" meanTravelTime="353.58" meanSpeed="14.41" meanSpeedRelative="0.45" duration="9"/>
    <step time="60000.00" loaded="73176" inserted="67499" running="786" waiting="5677" ended="66713" arrived="66713" collisions="159" teleports="159" halting="18" stopped="0" meanWaitingTime="787.83" meanTravelTime="354.46" meanSpeed="14.22" meanSpeedRelative="0.44" duration="8"/>
    <step time="60300.00" loaded="73742" inserted="67991" running="788" waiting="5751" ended="67203" arrived="67203" collisions="160" teleports="160" halting="6" stopped="0" meanWaitingTime="799.32" meanTravelTime="355.35" meanSpeed="14.85" meanSpeedRelative="0.46" duration="8"/>
    <step time="60600.00" loaded="74309" inserted="68473" running="784" waiting="5836" ended="67689" arrived="67689" collisions="162" teleports="162" halting="9" stopped="0" meanWaitingTime="811.77" meanTravelTime="356.17" meanSpeed="14.61" meanSpeedRelative="0.46" duration="8"/>
    <step time="60900.00" loaded="74865" inserted="68959" running="795" waiting="5906" ended="68164" arrived="68164" collisions="163" teleports="163" halting="17" stopped="0" meanWaitingTime="824.53" meanTravelTime="357.06" meanSpeed="14.87" meanSpeedRelative="0.46" duration="9"/>
    <step time="61200.00" loaded="75426" inserted="69434" running="777" waiting="5992" ended="68657" arrived="68657" collisions="164" teleports="164" halting="24" stopped="0" meanWaitingTime="836.28" meanTravelTime="358.03" meanSpeed="14.74" meanSpeedRelative="0.46" duration="89"/>
    <step time="61500.00" loaded="75496" inserted="69760" running="638" waiting="5736" ended="69122" arrived="69122" collisions="166" teleports="166" halting="6" stopped="0" meanWaitingTime="849.39" meanTravelTime="359.14" meanSpeed="15.07" meanSpeedRelative="0.47" duration="5"/>
    <step time="61800.00" loaded="75559" inserted="70092" running="551" waiting="5467" ended="69541" arrived="69541" collisions="168" teleports="168" halting="2" stopped="0" meanWaitingTime="865.48" meanTravelTime="360.40" meanSpeed="16.30" meanSpeedRelative="0.51" duration="7"/>
    <step time="62100.00" loaded="75632" inserted="70435" running="515" waiting="5197" ended="69920" arrived="69920" collisions="169" teleports="169" halting="3" stopped="0" meanWaitingTime="881.37" meanTravelTime="361.05" meanSpeed="16.01" meanSpeedRelative="0.50" duration="5"/>
    <step time="62400.00" loaded="75710" inserted="70783" running="481" waiting="4927" ended="70302" arrived="70302" collisions="169" teleports="169" halting="2" stopped="0" meanWaitingTime="897.64" meanTravelTime="361.61" meanSpeed="16.64" meanSpeedRelative="0.52" duration="6"/>
    <step time="62700.00" loaded="75772" inserted="71124" running="448" waiting="4648" ended="70676" arrived="70676" collisions="169" teleports="169" halting="3" stopped="0" meanWaitingTime="913.99" meanTravelTime="362.01" meanSpeed="18.08" meanSpeedRelative="0.56" duration="3"/>
    <step time="63000.00" loaded="75842" inserted="71440" running="404" waiting="4402" ended="71036" arrived="71036" collisions="169" teleports="169" halting="3" stopped="0" meanWaitingTime="930.72" meanTravelTime="362.19" meanSpeed="18.31" meanSpeedRelative="0.57" duration="2"/>
    <step time="63300.00" loaded="75912" inserted="71741" running="346" waiting="4171" ended="71395" arrived="71395" collisions="170" teleports="170" halting="22" stopped="0" meanWaitingTime="948.14" meanTravelTime="362.34" meanSpeed="17.98" meanSpeedRelative="0.56" duration="3"/>
    <step time="63600.00" loaded="75988" inserted="72061" running="338" waiting="3927" ended="71723" arrived="71723" collisions="170" teleports="170" halting="15" stopped="0" meanWaitingTime="965.34" meanTravelTime="362.22" meanSpeed="20.26" meanSpeedRelative="0.63" duration="3"/>
    <step time="63900.00" loaded="76056" inserted="72374" running="335" waiting="3682" ended="72039" arrived="72039" collisions="170" teleports="170" halting="5" stopped="0" meanWaitingTime="981.82" meanTravelTime="361.95" meanSpeed="20.26" meanSpeedRelative="0.63" duration="4"/>
    <step time="64200.00" loaded="76137" inserted="72693" running="328" waiting="3444" ended="72365" arrived="72365" collisions="170" teleports="170" halting="11" stopped="0" meanWaitingTime="999.05" meanTravelTime="361.75" meanSpeed="20.37" meanSpeedRelative="0.64" duration="3"/>
    <step time="64500.00" loaded="76210" inserted="72976" running="309" waiting="3234" ended="72667" arrived="72667" collisions="170" teleports="170" halting="1" stopped="0" meanWaitingTime="1011.13" meanTravelTime="361.53" meanSpeed="20.75" meanSpeedRelative="0.65" duration="3"/>
    <step time="64800.00" loaded="76271" inserted="73206" running="226" waiting="3065" ended="72980" arrived="72980" collisions="170" teleports="170" halting="0" stopped="0" meanWaitingTime="1022.97" meanTravelTime="361.46" meanSpeed="21.00" meanSpeedRelative="0.66" duration="92"/>
    <step time="65100.00" loaded="76312" inserted="73415" running="201" waiting="2897" ended="73214" arrived="73214" collisions="170" teleports="170" halting="1" stopped="0" meanWaitingTime="1040.33" meanTravelTime="361.28" meanSpeed="22.22" meanSpeedRelative="0.69" duration="2"/>
    <step time="65400.00" loaded="76356" inserted="73618" running="186" waiting="2738" ended="73432" arrived="73432" collisions="170" teleports="170" halting="3" stopped="0" meanWaitingTime="1056.56" meanTravelTime="361.02" meanSpeed="22.66" meanSpeedRelative="0.71" duration="1"/>
    <step time="65700.00" loaded="76406" inserted="73817" running="193" waiting="2589" ended="73624" arrived="73624" collisions="170" teleports="170" halting="4" stopped="0" meanWaitingTime="1072.89" meanTravelTime="360.85" meanSpeed="22.30" meanSpeedRelative="0.70" duration="2"/>
    <step time="66000.00" loaded="76451" inserted="74020" running="198" waiting="2431" ended="73822" arrived="73822" collisions="170" teleports="170" halting="3" stopped="0" meanWaitingTime="1087.85" meanTravelTime="360.70" meanSpeed="22.19" meanSpeedRelative="0.69" duration="1"/>
    <step time="66300.00" loaded="76500" inserted="74228" running="195" waiting="2272" ended="74033" arrived="74033" collisions="170" teleports="170" halting="3" stopped="0" meanWaitingTime="1101.24" meanTravelTime="360.42" meanSpeed="22.38" meanSpeedRelative="0.70" duration="3"/>
    <step time="66600.00" loaded="76542" inserted="74401" running="158" waiting="2141" ended="74243" arrived="74243" collisions="170" teleports="170" halting="3" stopped="0" meanWaitingTime="1113.14" meanTravelTime="360.22" meanSpeed="21.58" meanSpeedRelative="0.67" duration="1"/>
    <step time="66900.00" loaded="76594" inserted="74547" running="106" waiting="2047" ended="74441" arrived="74441" collisions="170" teleports="170" halting="2" stopped="0" meanWaitingTime="1124.64" meanTravelTime="360.04" meanSpeed="20.83" meanSpeedRelative="0.65" duration="1"/>
    <step time="67200.00" loaded="76659" inserted="74699" running="113" waiting="1960" ended="74586" arrived="74586" collisions="170" teleports="170" halting="1" stopped="0" meanWaitingTime="1134.28" meanTravelTime="359.86" meanSpeed="21.91" meanSpeedRelative="0.68" duration="1"/>
    <step time="67500.00" loaded="76707" inserted="74822" running="78" waiting="1885" ended="74744" arrived="74744" collisions="170" teleports="170" halting="4" stopped="0" meanWaitingTime="1142.78" meanTravelTime="359.54" meanSpeed="22.21" meanSpeedRelative="0.69" duration="1"/>
    <step time="67800.00" loaded="76763" inserted="74915" running="89" waiting="1848" ended="74826" arrived="74826" collisions="170" teleports="170" halting="3" stopped="0" meanWaitingTime="1150.77" meanTravelTime="359.46" meanSpeed="22.09" meanSpeedRelative="0.69" duration="1"/>
    <step time="68100.00" loaded="76821" inserted="75007" running="83" waiting="1814" ended="74924" arrived="74924" collisions="170" teleports="170" halting="3" stopped="0" meanWaitingTime="1159.00" meanTravelTime="359.37" meanSpeed="22.80" meanSpeedRelative="0.71" duration="1"/>
    <step time="68400.00" loaded="76875" inserted="75098" running="85" waiting="1777" ended="75013" arrived="75013" collisions="171" teleports="171" halting="2" stopped="0" meanWaitingTime="1166.98" meanTravelTime="359.31" meanSpeed="22.54" meanSpeedRelative="0.70" duration="89"/>
    <step time="68700.00" loaded="77054" inserted="75303" running="175" waiting="1751" ended="75128" arrived="75128" collisions="171" teleports="171" halting="1" stopped="0" meanWaitingTime="1172.46" meanTravelTime="359.10" meanSpeed="22.74" meanSpeedRelative="0.71" duration="1"/>
    <step time="69000.00" loaded="77208" inserted="75490" running="187" waiting="1718" ended="75303" arrived="75303" collisions="171" teleports="171" halting="1" stopped="0" meanWaitingTime="1178.96" meanTravelTime="358.85" meanSpeed="24.08" meanSpeedRelative="0.75" duration="1"/>
    <step time="69300.00" loaded="77373" inserted="75681" running="180" waiting="1692" ended="75501" arrived="75501" collisions="171" teleports="171" halting="2" stopped="0" meanWaitingTime="1184.45" meanTravelTime="358.68" meanSpeed="22.01" meanSpeedRelative="0.69" duration="1"/>
    <step time="69600.00" loaded="77520" inserted="75860" running="163" waiting="1660" ended="75697" arrived="75697" collisions="171" teleports="171" halting="1" stopped="0" meanWaitingTime="1191.08" meanTravelTime="358.55" meanSpeed="23.83" meanSpeedRelative="0.74" duration="1"/>
    <step time="69900.00" loaded="77658" inserted="76022" running="153" waiting="1636" ended="75869" arrived="75869" collisions="171" teleports="171" halting="0" stopped="0" meanWaitingTime="1197.74" meanTravelTime="358.36" meanSpeed="23.89" meanSpeedRelative="0.75" duration="1"/>
    <step time="70200.00" loaded="77818" inserted="76208" running="183" waiting="1610" ended="76025" arrived="76025" collisions="171" teleports="171" halting="1" stopped="0" meanWaitingTime="1204.02" meanTravelTime="358.20" meanSpeed="23.98" meanSpeedRelative="0.75" duration="1"/>
    <step time="70500.00" loaded="77980" inserted="76386" running="176" waiting="1594" ended="76210" arrived="76210" collisions="171" teleports="171" halting="1" stopped="0" meanWaitingTime="1210.21" meanTravelTime="357.99" meanSpeed="23.53" meanSpeedRelative="0.74" duration="2"/>
    <step time="70800.00" loaded="78136" inserted="76565" running="171" waiting="1571" ended="76394" arrived="76394" collisions="171" teleports="171" halting="2" stopped="0" meanWaitingTime="1216.64" meanTravelTime="357.80" meanSpeed="23.63" meanSpeedRelative="0.74" duration="1"/>
    <step time="71100.00" loaded="78291" inserted="76741" running="192" waiting="1550" ended="76549" arrived="76549" collisions="172" teleports="172" halting="3" stopped="0" meanWaitingTime="1223.37" meanTravelTime="357.68" meanSpeed="24.12" meanSpeedRelative="0.75" duration="2"/>
    <step time="71400.00" loaded="78433" inserted="76912" running="168" waiting="1521" ended="76744" arrived="76744" collisions="172" teleports="172" halting="1" stopped="0" meanWaitingTime="1230.20" meanTravelTime="357.53" meanSpeed="23.68" meanSpeedRelative="0.74" duration="1"/>
    <step time="71700.00" loaded="78600" inserted="77108" running="169" waiting="1492" ended="76939" arrived="76939" collisions="172" teleports="172" halting="2" stopped="0" meanWaitingTime="1236.87" meanTravelTime="357.39" meanSpeed="23.66" meanSpeedRelative="0.74" duration="1"/>
    <step time="72000.00" loaded="78743" inserted="77273" running="157" waiting="1470" ended="77116" arrived="77116" collisions="172" teleports="172" halting="0" stopped="0" meanWaitingTime="1243.08" meanTravelTime="357.25" meanSpeed="23.18" meanSpeedRelative="0.72" duration="83"/>
    <step time="72300.00" loaded="78882" inserted="77439" running="168" waiting="1443" ended="77271" arrived="77271" collisions="172" teleports="172" halting="0" stopped="0" meanWaitingTime="1249.77" meanTravelTime="357.10" meanSpeed="24.73" meanSpeedRelative="0.77" duration="1"/>
    <step time="72600.00" loaded="79012" inserted="77598" running="158" waiting="1414" ended="77440" arrived="77440" collisions="172" teleports="172" halting="1" stopped="0" meanWaitingTime="1256.33" meanTravelTime="356.97" meanSpeed="24.11" meanSpeedRelative="0.75" duration="1"/>
    <step time="72900.00" loaded="79149" inserted="77760" running="151" waiting="1389" ended="77609" arrived="77609" collisions="172" teleports="172" halting="1" stopped="0" meanWaitingTime="1263.11" meanTravelTime="356.89" meanSpeed="24.56" meanSpeedRelative="0.77" duration="2"/>
    <step time="73200.00" loaded="79290" inserted="77930" running="165" waiting="1360" ended="77765" arrived="77765" collisions="172" teleports="172" halting="1" stopped="0" meanWaitingTime="1269.78" meanTravelTime="356.80" meanSpeed="23.00" meanSpeedRelative="0.72" duration="2"/>
    <step time="73500.00" loaded="79423" inserted="78092" running="143" waiting="1331" ended="77949" arrived="77949" collisions="172" teleports="172" halting="1" stopped="0" meanWaitingTime="1276.13" meanTravelTime="356.59" meanSpeed="23.43" meanSpeedRelative="0.73" duration="1"/>
    <step time="73800.00" loaded="79545" inserted="78233" running="133" waiting="1312" ended="78100" arrived="78100" collisions="172" teleports="172" halting="1" stopped="0" meanWaitingTime="1282.83" meanTravelTime="356.43" meanSpeed="23.69" meanSpeedRelative="0.74" duration="2"/>
    <step time="74100.00" loaded="79682" inserted="78395" running="154" waiting="1287" ended="78241" arrived="78241" collisions="172" teleports="172" halting="1" stopped="0" meanWaitingTime="1289.40" meanTravelTime="356.32" meanSpeed="23.89" meanSpeedRelative="0.75" duration="1"/>
    <step time="74400.00" loaded="79819" inserted="78556" running="151" waiting="1263" ended="78405" arrived="78405" collisions="173" teleports="173" halting="2" stopped="0" meanWaitingTime="1295.97" meanTravelTime="356.17" meanSpeed="24.53" meanSpeedRelative="0.77" duration="1"/>
    <step time="74700.00" loaded="79950" inserted="78713" running="154" waiting="1237" ended="78559" arrived="78559" collisions="173" teleports="173" halting="0" stopped="0" meanWaitingTime="1303.58" meanTravelTime="356.10" meanSpeed="24.40" meanSpeedRelative="0.76" duration="1"/>
    <step time="75000.00" loaded="80096" inserted="78895" running="162" waiting="1201" ended="78733" arrived="78733" collisions="173" teleports="173" halting="0" stopped="0" meanWaitingTime="1310.49" meanTravelTime="355.88" meanSpeed="23.52" meanSpeedRelative="0.73" duration="2"/>
    <step time="75300.00" loaded="80237" inserted="79058" running="169" waiting="1179" ended="78889" arrived="78889" collisions="173" teleports="173" halting="0" stopped="0" meanWaitingTime="1316.92" meanTravelTime="355.77" meanSpeed="23.23" meanSpeedRelative="0.73" duration="1"/>
    <step time="75600.00" loaded="80380" inserted="79232" running="169" waiting="1148" ended="79063" arrived="79063" collisions="173" teleports="173" halting="0" stopped="0" meanWaitingTime="1323.16" meanTravelTime="355.63" meanSpeed="24.22" meanSpeedRelative="0.76" duration="81"/>
    <step time="75900.00" loaded="80572" inserted="79451" running="201" waiting="1121" ended="79250" arrived="79250" collisions="173" teleports="173" halting="2" stopped="0" meanWaitingTime="1328.87" meanTravelTime="355.40" meanSpeed="24.32" meanSpeedRelative="0.76" duration="1"/>
    <step time="76200.00" loaded="80768" inserted="79658" running="190" waiting="1110" ended="79468" arrived="79468" collisions="173" teleports="173" halting="1" stopped="0" meanWaitingTime="1334.52" meanTravelTime="355.20" meanSpeed="24.04" meanSpeedRelative="0.75" duration="1"/>
    <step time="76500.00" loaded="80940" inserted="79849" running="180" waiting="1091" ended="79669" arrived="79669" collisions="173" teleports="173" halting="1" stopped="0" meanWaitingTime="1340.15" meanTravelTime="354.99" meanSpeed="23.69" meanSpeedRelative="0.74" duration="1"/>
    <step time="76800.00" loaded="81127" inserted="80058" running="194" waiting="1069" ended="79864" arrived="79864" collisions="173" teleports="173" halting="1" stopped="0" meanWaitingTime="1345.00" meanTravelTime="354.82" meanSpeed="23.92" meanSpeedRelative="0.75" duration="1"/>
    <step time="77100.00" loaded="81307" inserted="80259" running="174" waiting="1048" ended="80085" arrived="80085" collisions="173" teleports="173" halting="0" stopped="0" meanWaitingTime="1350.47" meanTravelTime="354.57" meanSpeed="24.00" meanSpeedRelative="0.75" duration="1"/>
    <step time="77400.00" loaded="81490" inserted="80459" running="207" waiting="1031" ended="80252" arrived="80252" collisions="173" teleports="173" halting="1" stopped="0" meanWaitingTime="1356.18" meanTravelTime="354.46" meanSpeed="23.48" meanSpeedRelative="0.73" duration="2"/>
    <step time="77700.00" loaded="81671" inserted="80665" running="188" waiting="1006" ended="80477" arrived="80477" collisions="173" teleports="173" halting="1" stopped="0" meanWaitingTime="1362.00" meanTravelTime="354.32" meanSpeed="23.43" meanSpeedRelative="0.73" duration="2"/>
    <step time="78000.00" loaded="81887" inserted="80890" running="202" waiting="997" ended="80688" arrived="80688" collisions="173" teleports="173" halting="1" stopped="0" meanWaitingTime="1367.76" meanTravelTime="354.10" meanSpeed="23.40" meanSpeedRelative="0.73" duration="1"/>
    <step time="78300.00" loaded="82074" inserted="81098" running="201" waiting="976" ended="80897" arrived="80897" collisions="175" teleports="175" halting="1" stopped="0" meanWaitingTime="1373.58" meanTravelTime="353.89" meanSpeed="23.59" meanSpeedRelative="0.74" duration="1"/>
    <step time="78600.00" loaded="82277" inserted="81324" running="220" waiting="953" ended="81104" arrived="81104" collisions="176" teleports="176" halting="1" stopped="0" meanWaitingTime="1379.35" meanTravelTime="353.68" meanSpeed="23.72" meanSpeedRelative="0.74" duration="2"/>
    <step time="78900.00" loaded="82457" inserted="81519" running="187" waiting="938" ended="81332" arrived="81332" collisions="176" teleports="176" halting="4" stopped="0" meanWaitingTime="1385.65" meanTravelTime="353.46" meanSpeed="22.76" meanSpeedRelative="0.71" duration="2"/>
    <step time="79200.00" loaded="82661" inserted="81752" running="201" waiting="909" ended="81551" arrived="81551" collisions="177" teleports="177" halting="2" stopped="0" meanWaitingTime="1391.04" meanTravelTime="353.30" meanSpeed="24.14" meanSpeedRelative="0.75" duration="87"/>
    <step time="79500.00" loaded="82842" inserted="81956" running="197" waiting="886" ended="81759" arrived="81759" collisions="177" teleports="177" halting="2" stopped="0" meanWaitingTime="1396.92" meanTravelTime="353.11" meanSpeed="23.96" meanSpeedRelative="0.75" duration="2"/>
    <step time="79800.00" loaded="83015" inserted="82153" running="194" waiting="862" ended="81959" arrived="81959" collisions="177" teleports="177" halting="1" stopped="0" meanWaitingTime="1402.71" meanTravelTime="352.97" meanSpeed="24.12" meanSpeedRelative="0.75" duration="1"/>
    <step time="80100.00" loaded="83180" inserted="82341" running="180" waiting="839" ended="82161" arrived="82161" collisions="178" teleports="178" halting="2" stopped="0" meanWaitingTime="1408.65" meanTravelTime="352.81" meanSpeed="23.44" meanSpeedRelative="0.73" duration="1"/>
    <step time="80400.00" loaded="83352" inserted="82539" running="207" waiting="813" ended="82332" arrived="82332" collisions="178" teleports="178" halting="1" stopped="0" meanWaitingTime="1414.91" meanTravelTime="352.71" meanSpeed="23.57" meanSpeedRelative="0.74" duration="2"/>
    <step time="80700.00" loaded="83511" inserted="82721" running="186" waiting="790" ended="82535" arrived="82535" collisions="178" teleports="178" halting="0" stopped="0" meanWaitingTime="1421.45" meanTravelTime="352.54" meanSpeed="24.03" meanSpeedRelative="0.75" duration="1"/>
    <step time="81000.00" loaded="83687" inserted="82927" running="187" waiting="760" ended="82740" arrived="82740" collisions="178" teleports="178" halting="0" stopped="0" meanWaitingTime="1427.82" meanTravelTime="352.39" meanSpeed="24.30" meanSpeedRelative="0.76" duration="2"/>
    <step time="81300.00" loaded="83863" inserted="83125" running="176" waiting="738" ended="82949" arrived="82949" collisions="178" teleports="178" halting="2" stopped="0" meanWaitingTime="1434.05" meanTravelTime="352.20" meanSpeed="24.01" meanSpeedRelative="0.75" duration="1"/>
    <step time="81600.00" loaded="84053" inserted="83346" running="192" waiting="707" ended="83154" arrived="83154" collisions="178" teleports="178" halting="0" stopped="0" meanWaitingTime="1439.60" meanTravelTime="351.92" meanSpeed="24.34" meanSpeedRelative="0.76" duration="1"/>
    <step time="81900.00" loaded="84224" inserted="83543" running="170" waiting="681" ended="83373" arrived="83373" collisions="178" teleports="178" halting="3" stopped="0" meanWaitingTime="1445.61" meanTravelTime="351.74" meanSpeed="24.43" meanSpeedRelative="0.76" duration="1"/>
    <step time="82200.00" loaded="84389" inserted="83736" running="167" waiting="653" ended="83569" arrived="83569" collisions="178" teleports="178" halting="2" stopped="0" meanWaitingTime="1450.94" meanTravelTime="351.53" meanSpeed="24.45" meanSpeedRelative="0.76" duration="2"/>
    <step time="82500.00" loaded="84555" inserted="83933" running="187" waiting="622" ended="83746" arrived="83746" collisions="179" teleports="179" halting="1" stopped="0" meanWaitingTime="1454.63" meanTravelTime="351.31" meanSpeed="22.77" meanSpeedRelative="0.71" duration="1"/>
</summary>
