<?xml version="1.0" encoding="UTF-8"?>

<!-- generated on 2025-08-08 16:21:30 by Eclipse SUMO sumo Version 1.23.1
<sumoConfiguration xmlns:xsi="http://www.w3.org/2001/XMLSchema-instance" xsi:noNamespaceSchemaLocation="http://sumo.dlr.de/xsd/sumoConfiguration.xsd">

    <input>
        <net-file value="Desktop\Master Thesis\Network_fin.net.xml"/>
        <route-files value="Desktop\Master Thesis\demand_model_amsterdam.rou.xml"/>
        <additional-files value="Desktop\Master Thesis\Additionnal.add.xml"/>
    </input>

    <output>
        <summary-output value="outputf\summary_metaline_44835.xml"/>
        <summary-output.period value="300"/>
        <tripinfo-output value="outputf\tripinfo_metaline_44835.xml"/>
    </output>

    <time>
        <begin value="0"/>
        <end value="82800"/>
        <step-length value="1"/>
    </time>

    <processing>
        <time-to-teleport value="-1"/>
    </processing>

    <report>
        <verbose value="true"/>
        <no-step-log value="true"/>
    </report>

    <emissions>
        <device.emissions.period value="10"/>
    </emissions>

    <traci_server>
        <remote-port value="56174"/>
    </traci_server>

    <random_number>
        <seed value="44835"/>
    </random_number>

</sumoConfiguration>
-->

<summary xmlns:xsi="http://www.w3.org/2001/XMLSchema-instance" xsi:noNamespaceSchemaLocation="http://sumo.dlr.de/xsd/summary_file.xsd">
    <step time="0.00" loaded="2" inserted="2" running="2" waiting="0" ended="0" arrived="0" collisions="0" teleports="0" halting="2" stopped="0" meanWaitingTime="0.00" meanTravelTime="-1.00" meanSpeed="0.00" meanSpeedRelative="0.00" duration="0"/>
    <step time="300.00" loaded="182" inserted="182" running="111" waiting="0" ended="71" arrived="71" collisions="0" teleports="0" halting="1" stopped="0" meanWaitingTime="0.24" meanTravelTime="106.62" meanSpeed="25.18" meanSpeedRelative="0.79" duration="1"/>
    <step time="600.00" loaded="397" inserted="397" running="164" waiting="0" ended="233" arrived="233" collisions="0" teleports="0" halting="0" stopped="0" meanWaitingTime="0.42" meanTravelTime="161.18" meanSpeed="25.70" meanSpeedRelative="0.80" duration="1"/>
    <step time="900.00" loaded="570" inserted="570" running="162" waiting="0" ended="408" arrived="408" collisions="2" teleports="2" halting="1" stopped="0" meanWaitingTime="0.39" meanTravelTime="187.78" meanSpeed="24.30" meanSpeedRelative="0.76" duration="1"/>
    <step time="1200.00" loaded="735" inserted="735" running="151" waiting="0" ended="584" arrived="584" collisions="2" teleports="2" halting="2" stopped="0" meanWaitingTime="0.38" meanTravelTime="213.22" meanSpeed="25.46" meanSpeedRelative="0.80" duration="0"/>
    <step time="1500.00" loaded="904" inserted="902" running="150" waiting="2" ended="752" arrived="752" collisions="2" teleports="2" halting="1" stopped="0" meanWaitingTime="0.39" meanTravelTime="228.34" meanSpeed="24.95" meanSpeedRelative="0.78" duration="1"/>
    <step time="1800.00" loaded="1087" inserted="1087" running="155" waiting="0" ended="932" arrived="932" collisions="2" teleports="2" halting="0" stopped="0" meanWaitingTime="0.39" meanTravelTime="228.31" meanSpeed="24.64" meanSpeedRelative="0.77" duration="1"/>
    <step time="2100.00" loaded="1266" inserted="1265" running="168" waiting="1" ended="1097" arrived="1097" collisions="2" teleports="2" halting="1" stopped="0" meanWaitingTime="0.39" meanTravelTime="234.39" meanSpeed="24.70" meanSpeedRelative="0.77" duration="2"/>
    <step time="2400.00" loaded="1450" inserted="1450" running="156" waiting="0" ended="1294" arrived="1294" collisions="2" teleports="2" halting="1" stopped="0" meanWaitingTime="0.40" meanTravelTime="240.79" meanSpeed="25.15" meanSpeedRelative="0.79" duration="1"/>
    <step time="2700.00" loaded="1625" inserted="1625" running="144" waiting="0" ended="1481" arrived="1481" collisions="2" teleports="2" halting="0" stopped="0" meanWaitingTime="0.39" meanTravelTime="240.90" meanSpeed="25.13" meanSpeedRelative="0.79" duration="1"/>
    <step time="3000.00" loaded="1807" inserted="1807" running="144" waiting="0" ended="1663" arrived="1663" collisions="3" teleports="3" halting="0" stopped="0" meanWaitingTime="0.37" meanTravelTime="243.10" meanSpeed="25.29" meanSpeedRelative="0.79" duration="1"/>
    <step time="3300.00" loaded="2006" inserted="2006" running="166" waiting="0" ended="1840" arrived="1840" collisions="3" teleports="3" halting="1" stopped="0" meanWaitingTime="0.39" meanTravelTime="244.89" meanSpeed="23.81" meanSpeedRelative="0.74" duration="1"/>
    <step time="3600.00" loaded="2159" inserted="2159" running="152" waiting="0" ended="2007" arrived="2007" collisions="4" teleports="4" halting="0" stopped="0" meanWaitingTime="0.39" meanTravelTime="247.40" meanSpeed="25.18" meanSpeedRelative="0.79" duration="84"/>
    <step time="3900.00" loaded="2260" inserted="2260" running="108" waiting="0" ended="2152" arrived="2152" collisions="4" teleports="4" halting="0" stopped="0" meanWaitingTime="0.39" meanTravelTime="251.09" meanSpeed="24.49" meanSpeedRelative="0.77" duration="0"/>
    <step time="4200.00" loaded="2365" inserted="2365" running="99" waiting="0" ended="2266" arrived="2266" collisions="5" teleports="5" halting="0" stopped="0" meanWaitingTime="0.38" meanTravelTime="252.82" meanSpeed="25.47" meanSpeedRelative="0.80" duration="1"/>
    <step time="4500.00" loaded="2493" inserted="2493" running="109" waiting="0" ended="2384" arrived="2384" collisions="5" teleports="5" halting="2" stopped="0" meanWaitingTime="0.37" meanTravelTime="253.43" meanSpeed="24.45" meanSpeedRelative="0.76" duration="1"/>
    <step time="4800.00" loaded="2619" inserted="2619" running="101" waiting="0" ended="2518" arrived="2518" collisions="5" teleports="5" halting="3" stopped="0" meanWaitingTime="0.36" meanTravelTime="254.97" meanSpeed="26.48" meanSpeedRelative="0.83" duration="1"/>
    <step time="5100.00" loaded="2714" inserted="2714" running="82" waiting="0" ended="2632" arrived="2632" collisions="5" teleports="5" halting="1" stopped="0" meanWaitingTime="0.35" meanTravelTime="255.13" meanSpeed="24.60" meanSpeedRelative="0.77" duration="1"/>
    <step time="5400.00" loaded="2828" inserted="2828" running="106" waiting="0" ended="2722" arrived="2722" collisions="6" teleports="6" halting="2" stopped="0" meanWaitingTime="0.35" meanTravelTime="255.56" meanSpeed="24.75" meanSpeedRelative="0.77" duration="0"/>
    <step time="5700.00" loaded="2933" inserted="2933" running="86" waiting="0" ended="2847" arrived="2847" collisions="6" teleports="6" halting="1" stopped="0" meanWaitingTime="0.34" meanTravelTime="255.68" meanSpeed="26.26" meanSpeedRelative="0.82" duration="1"/>
    <step time="6000.00" loaded="3046" inserted="3046" running="93" waiting="0" ended="2953" arrived="2953" collisions="6" teleports="6" halting="2" stopped="0" meanWaitingTime="0.33" meanTravelTime="255.21" meanSpeed="26.36" meanSpeedRelative="0.82" duration="1"/>
    <step time="6300.00" loaded="3143" inserted="3142" running="90" waiting="1" ended="3052" arrived="3052" collisions="6" teleports="6" halting="1" stopped="0" meanWaitingTime="0.33" meanTravelTime="255.96" meanSpeed="24.93" meanSpeedRelative="0.78" duration="1"/>
    <step time="6600.00" loaded="3259" inserted="3259" running="89" waiting="0" ended="3170" arrived="3170" collisions="7" teleports="7" halting="1" stopped="0" meanWaitingTime="0.34" meanTravelTime="256.21" meanSpeed="25.22" meanSpeedRelative="0.79" duration="1"/>
    <step time="6900.00" loaded="3386" inserted="3386" running="98" waiting="0" ended="3288" arrived="3288" collisions="7" teleports="7" halting="1" stopped="0" meanWaitingTime="0.33" meanTravelTime="255.23" meanSpeed="24.98" meanSpeedRelative="0.78" duration="1"/>
    <step time="7200.00" loaded="3496" inserted="3496" running="102" waiting="0" ended="3394" arrived="3394" collisions="7" teleports="7" halting="2" stopped="0" meanWaitingTime="0.33" meanTravelTime="255.66" meanSpeed="25.48" meanSpeedRelative="0.80" duration="85"/>
    <step time="7500.00" loaded="3628" inserted="3628" running="121" waiting="0" ended="3507" arrived="3507" collisions="7" teleports="7" halting="1" stopped="0" meanWaitingTime="0.33" meanTravelTime="255.27" meanSpeed="23.93" meanSpeedRelative="0.75" duration="1"/>
    <step time="7800.00" loaded="3785" inserted="3785" running="141" waiting="0" ended="3644" arrived="3644" collisions="7" teleports="7" halting="3" stopped="0" meanWaitingTime="0.33" meanTravelTime="254.95" meanSpeed="24.81" meanSpeedRelative="0.78" duration="1"/>
    <step time="8100.00" loaded="3953" inserted="3952" running="151" waiting="1" ended="3801" arrived="3801" collisions="7" teleports="7" halting="2" stopped="0" meanWaitingTime="0.33" meanTravelTime="255.00" meanSpeed="24.63" meanSpeedRelative="0.77" duration="1"/>
    <step time="8400.00" loaded="4103" inserted="4102" running="137" waiting="1" ended="3965" arrived="3965" collisions="7" teleports="7" halting="1" stopped="0" meanWaitingTime="0.33" meanTravelTime="255.73" meanSpeed="25.07" meanSpeedRelative="0.78" duration="0"/>
    <step time="8700.00" loaded="4244" inserted="4244" running="134" waiting="0" ended="4110" arrived="4110" collisions="7" teleports="7" halting="2" stopped="0" meanWaitingTime="0.34" meanTravelTime="256.69" meanSpeed="24.56" meanSpeedRelative="0.77" duration="0"/>
    <step time="9000.00" loaded="4409" inserted="4408" running="135" waiting="1" ended="4273" arrived="4273" collisions="7" teleports="7" halting="1" stopped="0" meanWaitingTime="0.34" meanTravelTime="256.45" meanSpeed="25.82" meanSpeedRelative="0.81" duration="1"/>
    <step time="9300.00" loaded="4558" inserted="4558" running="140" waiting="0" ended="4418" arrived="4418" collisions="8" teleports="8" halting="2" stopped="0" meanWaitingTime="0.35" meanTravelTime="256.82" meanSpeed="25.20" meanSpeedRelative="0.79" duration="1"/>
    <step time="9600.00" loaded="4714" inserted="4714" running="126" waiting="0" ended="4588" arrived="4588" collisions="8" teleports="8" halting="1" stopped="0" meanWaitingTime="0.35" meanTravelTime="256.86" meanSpeed="25.54" meanSpeedRelative="0.80" duration="1"/>
    <step time="9900.00" loaded="4872" inserted="4872" running="126" waiting="0" ended="4746" arrived="4746" collisions="8" teleports="8" halting="0" stopped="0" meanWaitingTime="0.36" meanTravelTime="256.45" meanSpeed="24.97" meanSpeedRelative="0.78" duration="0"/>
    <step time="10200.00" loaded="5049" inserted="5049" running="140" waiting="0" ended="4909" arrived="4909" collisions="8" teleports="8" halting="0" stopped="0" meanWaitingTime="0.36" meanTravelTime="255.98" meanSpeed="23.25" meanSpeedRelative="0.73" duration="0"/>
    <step time="10500.00" loaded="5211" inserted="5211" running="134" waiting="0" ended="5077" arrived="5077" collisions="8" teleports="8" halting="2" stopped="0" meanWaitingTime="0.36" meanTravelTime="255.20" meanSpeed="25.28" meanSpeedRelative="0.79" duration="0"/>
    <step time="10800.00" loaded="5379" inserted="5379" running="132" waiting="0" ended="5247" arrived="5247" collisions="8" teleports="8" halting="0" stopped="0" meanWaitingTime="0.36" meanTravelTime="254.68" meanSpeed="25.16" meanSpeedRelative="0.79" duration="86"/>
    <step time="11100.00" loaded="5535" inserted="5535" running="124" waiting="0" ended="5411" arrived="5411" collisions="8" teleports="8" halting="2" stopped="0" meanWaitingTime="0.36" meanTravelTime="254.85" meanSpeed="24.51" meanSpeedRelative="0.77" duration="1"/>
    <step time="11400.00" loaded="5682" inserted="5682" running="117" waiting="0" ended="5565" arrived="5565" collisions="8" teleports="8" halting="2" stopped="0" meanWaitingTime="0.35" meanTravelTime="255.44" meanSpeed="23.43" meanSpeedRelative="0.73" duration="1"/>
    <step time="11700.00" loaded="5829" inserted="5829" running="119" waiting="0" ended="5710" arrived="5710" collisions="8" teleports="8" halting="1" stopped="0" meanWaitingTime="0.35" meanTravelTime="253.86" meanSpeed="24.87" meanSpeedRelative="0.78" duration="0"/>
    <step time="12000.00" loaded="5964" inserted="5964" running="107" waiting="0" ended="5857" arrived="5857" collisions="8" teleports="8" halting="1" stopped="0" meanWaitingTime="0.35" meanTravelTime="253.91" meanSpeed="24.43" meanSpeedRelative="0.76" duration="1"/>
    <step time="12300.00" loaded="6112" inserted="6112" running="112" waiting="0" ended="6000" arrived="6000" collisions="8" teleports="8" halting="1" stopped="0" meanWaitingTime="0.35" meanTravelTime="253.71" meanSpeed="24.70" meanSpeedRelative="0.77" duration="1"/>
    <step time="12600.00" loaded="6250" inserted="6250" running="108" waiting="0" ended="6142" arrived="6142" collisions="8" teleports="8" halting="1" stopped="0" meanWaitingTime="0.35" meanTravelTime="253.04" meanSpeed="25.49" meanSpeedRelative="0.80" duration="0"/>
    <step time="12900.00" loaded="6380" inserted="6380" running="90" waiting="0" ended="6290" arrived="6290" collisions="8" teleports="8" halting="1" stopped="0" meanWaitingTime="0.35" meanTravelTime="251.95" meanSpeed="24.38" meanSpeedRelative="0.76" duration="1"/>
    <step time="13200.00" loaded="6525" inserted="6525" running="115" waiting="0" ended="6410" arrived="6410" collisions="8" teleports="8" halting="4" stopped="0" meanWaitingTime="0.35" meanTravelTime="251.14" meanSpeed="24.36" meanSpeedRelative="0.76" duration="1"/>
    <step time="13500.00" loaded="6662" inserted="6662" running="119" waiting="0" ended="6543" arrived="6543" collisions="8" teleports="8" halting="0" stopped="0" meanWaitingTime="0.35" meanTravelTime="250.84" meanSpeed="25.74" meanSpeedRelative="0.80" duration="0"/>
    <step time="13800.00" loaded="6824" inserted="6824" running="127" waiting="0" ended="6697" arrived="6697" collisions="9" teleports="9" halting="4" stopped="0" meanWaitingTime="0.35" meanTravelTime="250.69" meanSpeed="24.22" meanSpeedRelative="0.76" duration="1"/>
    <step time="14100.00" loaded="6976" inserted="6976" running="119" waiting="0" ended="6857" arrived="6857" collisions="9" teleports="9" halting="1" stopped="0" meanWaitingTime="0.35" meanTravelTime="250.55" meanSpeed="24.80" meanSpeedRelative="0.78" duration="1"/>
    <step time="14400.00" loaded="7121" inserted="7121" running="122" waiting="0" ended="6999" arrived="6999" collisions="9" teleports="9" halting="1" stopped="0" meanWaitingTime="0.35" meanTravelTime="250.12" meanSpeed="25.43" meanSpeedRelative="0.79" duration="85"/>
    <step time="14700.00" loaded="7213" inserted="7213" running="71" waiting="0" ended="7142" arrived="7142" collisions="9" teleports="9" halting="2" stopped="0" meanWaitingTime="0.35" meanTravelTime="250.03" meanSpeed="25.70" meanSpeedRelative="0.80" duration="0"/>
    <step time="15000.00" loaded="7316" inserted="7316" running="80" waiting="0" ended="7236" arrived="7236" collisions="9" teleports="9" halting="1" stopped="0" meanWaitingTime="0.35" meanTravelTime="249.87" meanSpeed="25.30" meanSpeedRelative="0.79" duration="0"/>
    <step time="15300.00" loaded="7425" inserted="7425" running="79" waiting="0" ended="7346" arrived="7346" collisions="9" teleports="9" halting="0" stopped="0" meanWaitingTime="0.35" meanTravelTime="249.15" meanSpeed="25.52" meanSpeedRelative="0.80" duration="0"/>
    <step time="15600.00" loaded="7518" inserted="7518" running="67" waiting="0" ended="7451" arrived="7451" collisions="9" teleports="9" halting="1" stopped="0" meanWaitingTime="0.35" meanTravelTime="248.92" meanSpeed="25.65" meanSpeedRelative="0.80" duration="1"/>
    <step time="15900.00" loaded="7607" inserted="7607" running="62" waiting="0" ended="7545" arrived="7545" collisions="9" teleports="9" halting="0" stopped="0" meanWaitingTime="0.34" meanTravelTime="248.78" meanSpeed="25.07" meanSpeedRelative="0.78" duration="1"/>
    <step time="16200.00" loaded="7710" inserted="7710" running="84" waiting="0" ended="7626" arrived="7626" collisions="9" teleports="9" halting="2" stopped="0" meanWaitingTime="0.34" meanTravelTime="248.10" meanSpeed="25.49" meanSpeedRelative="0.80" duration="0"/>
    <step time="16500.00" loaded="7817" inserted="7817" running="69" waiting="0" ended="7748" arrived="7748" collisions="9" teleports="9" halting="1" stopped="0" meanWaitingTime="0.34" meanTravelTime="247.85" meanSpeed="25.58" meanSpeedRelative="0.80" duration="1"/>
    <step time="16800.00" loaded="7916" inserted="7916" running="78" waiting="0" ended="7838" arrived="7838" collisions="9" teleports="9" halting="2" stopped="0" meanWaitingTime="0.34" meanTravelTime="247.61" meanSpeed="24.38" meanSpeedRelative="0.76" duration="0"/>
    <step time="17100.00" loaded="8009" inserted="8008" running="70" waiting="1" ended="7938" arrived="7938" collisions="9" teleports="9" halting="1" stopped="0" meanWaitingTime="0.34" meanTravelTime="247.31" meanSpeed="26.23" meanSpeedRelative="0.82" duration="0"/>
    <step time="17400.00" loaded="8100" inserted="8100" running="55" waiting="0" ended="8045" arrived="8045" collisions="9" teleports="9" halting="0" stopped="0" meanWaitingTime="0.34" meanTravelTime="246.86" meanSpeed="26.53" meanSpeedRelative="0.83" duration="0"/>
    <step time="17700.00" loaded="8197" inserted="8197" running="62" waiting="0" ended="8135" arrived="8135" collisions="9" teleports="9" halting="1" stopped="0" meanWaitingTime="0.34" meanTravelTime="246.43" meanSpeed="24.97" meanSpeedRelative="0.78" duration="1"/>
    <step time="18000.00" loaded="8293" inserted="8293" running="61" waiting="0" ended="8232" arrived="8232" collisions="9" teleports="9" halting="0" stopped="0" meanWaitingTime="0.34" meanTravelTime="245.58" meanSpeed="26.05" meanSpeedRelative="0.81" duration="78"/>
    <step time="18300.00" loaded="8491" inserted="8491" running="119" waiting="0" ended="8372" arrived="8372" collisions="9" teleports="9" halting="2" stopped="0" meanWaitingTime="0.34" meanTravelTime="244.36" meanSpeed="24.40" meanSpeedRelative="0.76" duration="0"/>
    <step time="18600.00" loaded="8684" inserted="8684" running="152" waiting="0" ended="8532" arrived="8532" collisions="9" teleports="9" halting="2" stopped="0" meanWaitingTime="0.35" meanTravelTime="243.35" meanSpeed="24.31" meanSpeedRelative="0.76" duration="1"/>
    <step time="18900.00" loaded="8902" inserted="8901" running="174" waiting="1" ended="8727" arrived="8727" collisions="9" teleports="9" halting="2" stopped="0" meanWaitingTime="0.36" meanTravelTime="243.37" meanSpeed="24.31" meanSpeedRelative="0.76" duration="1"/>
    <step time="19200.00" loaded="9093" inserted="9091" running="156" waiting="2" ended="8935" arrived="8935" collisions="9" teleports="9" halting="2" stopped="0" meanWaitingTime="0.38" meanTravelTime="243.06" meanSpeed="24.08" meanSpeedRelative="0.75" duration="1"/>
    <step time="19500.00" loaded="9276" inserted="9276" running="132" waiting="0" ended="9144" arrived="9144" collisions="9" teleports="9" halting="0" stopped="0" meanWaitingTime="0.39" meanTravelTime="243.06" meanSpeed="25.35" meanSpeedRelative="0.79" duration="1"/>
    <step time="19800.00" loaded="9476" inserted="9474" running="149" waiting="2" ended="9325" arrived="9325" collisions="9" teleports="9" halting="1" stopped="0" meanWaitingTime="0.41" meanTravelTime="243.08" meanSpeed="24.25" meanSpeedRelative="0.76" duration="1"/>
    <step time="20100.00" loaded="9692" inserted="9691" running="166" waiting="1" ended="9525" arrived="9525" collisions="9" teleports="9" halting="2" stopped="0" meanWaitingTime="0.42" meanTravelTime="242.84" meanSpeed="24.99" meanSpeedRelative="0.78" duration="1"/>
    <step time="20400.00" loaded="9861" inserted="9861" running="134" waiting="0" ended="9727" arrived="9727" collisions="9" teleports="9" halting="1" stopped="0" meanWaitingTime="0.43" meanTravelTime="242.44" meanSpeed="25.21" meanSpeedRelative="0.79" duration="1"/>
    <step time="20700.00" loaded="10069" inserted="10068" running="171" waiting="1" ended="9897" arrived="9897" collisions="9" teleports="9" halting="1" stopped="0" meanWaitingTime="0.45" meanTravelTime="242.40" meanSpeed="24.41" meanSpeedRelative="0.76" duration="1"/>
    <step time="21000.00" loaded="10259" inserted="10259" running="156" waiting="0" ended="10103" arrived="10103" collisions="9" teleports="9" halting="1" stopped="0" meanWaitingTime="0.46" meanTravelTime="242.36" meanSpeed="24.85" meanSpeedRelative="0.78" duration="1"/>
    <step time="21300.00" loaded="10450" inserted="10450" running="141" waiting="0" ended="10309" arrived="10309" collisions="10" teleports="10" halting="2" stopped="0" meanWaitingTime="0.47" meanTravelTime="242.65" meanSpeed="25.44" meanSpeedRelative="0.79" duration="1"/>
    <step time="21600.00" loaded="10630" inserted="10627" running="144" waiting="3" ended="10483" arrived="10483" collisions="10" teleports="10" halting="7" stopped="0" meanWaitingTime="0.47" meanTravelTime="242.41" meanSpeed="23.12" meanSpeedRelative="0.72" duration="78"/>
    <step time="21900.00" loaded="11091" inserted="11057" running="352" waiting="34" ended="10705" arrived="10705" collisions="11" teleports="11" halting="4" stopped="0" meanWaitingTime="0.75" meanTravelTime="241.86" meanSpeed="20.90" meanSpeedRelative="0.65" duration="2"/>
    <step time="22200.00" loaded="11574" inserted="11503" running="435" waiting="71" ended="11068" arrived="11068" collisions="11" teleports="11" halting="7" stopped="0" meanWaitingTime="2.08" meanTravelTime="241.91" meanSpeed="20.74" meanSpeedRelative="0.65" duration="3"/>
    <step time="22500.00" loaded="12050" inserted="11951" running="468" waiting="99" ended="11483" arrived="11483" collisions="11" teleports="11" halting="9" stopped="0" meanWaitingTime="3.91" meanTravelTime="243.91" meanSpeed="19.46" meanSpeedRelative="0.61" duration="2"/>
    <step time="22800.00" loaded="12503" inserted="12375" running="474" waiting="128" ended="11901" arrived="11901" collisions="13" teleports="13" halting="11" stopped="0" meanWaitingTime="6.18" meanTravelTime="246.34" meanSpeed="19.66" meanSpeedRelative="0.61" duration="3"/>
    <step time="23100.00" loaded="12959" inserted="12783" running="469" waiting="176" ended="12314" arrived="12314" collisions="14" teleports="14" halting="1" stopped="0" meanWaitingTime="8.84" meanTravelTime="249.20" meanSpeed="19.80" meanSpeedRelative="0.62" duration="3"/>
    <step time="23400.00" loaded="13407" inserted="13215" running="489" waiting="192" ended="12726" arrived="12726" collisions="16" teleports="16" halting="10" stopped="0" meanWaitingTime="12.38" meanTravelTime="252.08" meanSpeed="19.39" meanSpeedRelative="0.61" duration="4"/>
    <step time="23700.00" loaded="13903" inserted="13652" running="537" waiting="251" ended="13115" arrived="13115" collisions="20" teleports="20" halting="6" stopped="0" meanWaitingTime="15.60" meanTravelTime="254.95" meanSpeed="19.07" meanSpeedRelative="0.60" duration="3"/>
    <step time="24000.00" loaded="14382" inserted="14099" running="537" waiting="283" ended="13562" arrived="13562" collisions="20" teleports="20" halting="11" stopped="0" meanWaitingTime="20.17" meanTravelTime="258.39" meanSpeed="18.44" meanSpeedRelative="0.58" duration="3"/>
    <step time="24300.00" loaded="14810" inserted="14489" running="496" waiting="321" ended="13993" arrived="13993" collisions="20" teleports="20" halting="19" stopped="0" meanWaitingTime="24.89" meanTravelTime="262.10" meanSpeed="18.55" meanSpeedRelative="0.58" duration="3"/>
    <step time="24600.00" loaded="15270" inserted="14924" running="507" waiting="346" ended="14417" arrived="14417" collisions="22" teleports="22" halting="7" stopped="0" meanWaitingTime="29.73" meanTravelTime="264.35" meanSpeed="19.07" meanSpeedRelative="0.60" duration="3"/>
    <step time="24900.00" loaded="15708" inserted="15335" running="491" waiting="373" ended="14844" arrived="14844" collisions="22" teleports="22" halting="5" stopped="0" meanWaitingTime="34.53" meanTravelTime="267.32" meanSpeed="19.18" meanSpeedRelative="0.60" duration="3"/>
    <step time="25200.00" loaded="16163" inserted="15750" running="487" waiting="413" ended="15263" arrived="15263" collisions="22" teleports="22" halting="4" stopped="0" meanWaitingTime="39.37" meanTravelTime="269.09" meanSpeed="19.25" meanSpeedRelative="0.60" duration="87"/>
    <step time="25500.00" loaded="16673" inserted="16180" running="473" waiting="493" ended="15707" arrived="15707" collisions="22" teleports="22" halting="3" stopped="0" meanWaitingTime="44.61" meanTravelTime="271.60" meanSpeed="19.65" meanSpeedRelative="0.61" duration="3"/>
    <step time="25800.00" loaded="17217" inserted="16628" running="481" waiting="589" ended="16147" arrived="16147" collisions="22" teleports="22" halting="13" stopped="0" meanWaitingTime="50.61" meanTravelTime="273.11" meanSpeed="19.56" meanSpeedRelative="0.61" duration="3"/>
    <step time="26100.00" loaded="17785" inserted="17099" running="518" waiting="686" ended="16581" arrived="16581" collisions="22" teleports="22" halting="18" stopped="0" meanWaitingTime="56.90" meanTravelTime="274.58" meanSpeed="18.51" meanSpeedRelative="0.58" duration="3"/>
    <step time="26400.00" loaded="18350" inserted="17571" running="522" waiting="779" ended="17049" arrived="17049" collisions="23" teleports="23" halting="11" stopped="0" meanWaitingTime="63.52" meanTravelTime="275.95" meanSpeed="18.58" meanSpeedRelative="0.58" duration="2"/>
    <step time="26700.00" loaded="18878" inserted="18027" running="536" waiting="851" ended="17491" arrived="17491" collisions="28" teleports="28" halting="19" stopped="0" meanWaitingTime="70.84" meanTravelTime="277.95" meanSpeed="18.03" meanSpeedRelative="0.56" duration="3"/>
    <step time="27000.00" loaded="19478" inserted="18494" running="543" waiting="984" ended="17951" arrived="17951" collisions="28" teleports="28" halting="3" stopped="0" meanWaitingTime="78.94" meanTravelTime="279.81" meanSpeed="18.73" meanSpeedRelative="0.59" duration="3"/>
    <step time="27300.00" loaded="20014" inserted="18942" running="532" waiting="1072" ended="18410" arrived="18410" collisions="28" teleports="28" halting="12" stopped="0" meanWaitingTime="87.92" meanTravelTime="281.48" meanSpeed="19.03" meanSpeedRelative="0.59" duration="4"/>
    <step time="27600.00" loaded="20544" inserted="19362" running="483" waiting="1182" ended="18879" arrived="18879" collisions="30" teleports="30" halting="14" stopped="0" meanWaitingTime="96.57" meanTravelTime="283.30" meanSpeed="18.32" meanSpeedRelative="0.57" duration="4"/>
    <step time="27900.00" loaded="21116" inserted="19823" running="496" waiting="1293" ended="19327" arrived="19327" collisions="32" teleports="32" halting="20" stopped="0" meanWaitingTime="106.09" meanTravelTime="284.65" meanSpeed="19.06" meanSpeedRelative="0.60" duration="3"/>
    <step time="28200.00" loaded="21651" inserted="20276" running="483" waiting="1375" ended="19793" arrived="19793" collisions="34" teleports="34" halting="20" stopped="0" meanWaitingTime="116.28" meanTravelTime="285.58" meanSpeed="19.29" meanSpeedRelative="0.60" duration="4"/>
    <step time="28500.00" loaded="22228" inserted="20727" running="485" waiting="1501" ended="20242" arrived="20242" collisions="34" teleports="34" halting="24" stopped="0" meanWaitingTime="127.03" meanTravelTime="286.39" meanSpeed="19.20" meanSpeedRelative="0.60" duration="4"/>
    <step time="28800.00" loaded="22776" inserted="21180" running="487" waiting="1596" ended="20693" arrived="20693" collisions="34" teleports="34" halting="6" stopped="0" meanWaitingTime="138.60" meanTravelTime="286.98" meanSpeed="18.46" meanSpeedRelative="0.58" duration="89"/>
    <step time="29100.00" loaded="23125" inserted="21596" running="468" waiting="1529" ended="21128" arrived="21128" collisions="35" teleports="35" halting="14" stopped="0" meanWaitingTime="151.84" meanTravelTime="288.35" meanSpeed="19.83" meanSpeedRelative="0.62" duration="3"/>
    <step time="29400.00" loaded="23507" inserted="22029" running="446" waiting="1478" ended="21583" arrived="21583" collisions="37" teleports="37" halting="21" stopped="0" meanWaitingTime="164.42" meanTravelTime="288.92" meanSpeed="19.70" meanSpeedRelative="0.62" duration="3"/>
    <step time="29700.00" loaded="23888" inserted="22455" running="448" waiting="1433" ended="22007" arrived="22007" collisions="37" teleports="37" halting="18" stopped="0" meanWaitingTime="177.34" meanTravelTime="289.22" meanSpeed="19.94" meanSpeedRelative="0.62" duration="2"/>
    <step time="30000.00" loaded="24250" inserted="22865" running="430" waiting="1385" ended="22435" arrived="22435" collisions="37" teleports="37" halting="4" stopped="0" meanWaitingTime="189.72" meanTravelTime="289.80" meanSpeed="20.30" meanSpeedRelative="0.63" duration="4"/>
    <step time="30300.00" loaded="24619" inserted="23293" running="437" waiting="1326" ended="22856" arrived="22856" collisions="38" teleports="38" halting="15" stopped="0" meanWaitingTime="203.70" meanTravelTime="290.39" meanSpeed="19.87" meanSpeedRelative="0.62" duration="4"/>
    <step time="30600.00" loaded="24960" inserted="23709" running="452" waiting="1251" ended="23257" arrived="23257" collisions="38" teleports="38" halting="24" stopped="0" meanWaitingTime="216.21" meanTravelTime="290.60" meanSpeed="19.25" meanSpeedRelative="0.60" duration="3"/>
    <step time="30900.00" loaded="25350" inserted="24133" running="446" waiting="1217" ended="23687" arrived="23687" collisions="38" teleports="38" halting="7" stopped="0" meanWaitingTime="226.76" meanTravelTime="291.24" meanSpeed="20.01" meanSpeedRelative="0.63" duration="2"/>
    <step time="31200.00" loaded="25712" inserted="24567" running="462" waiting="1145" ended="24105" arrived="24105" collisions="38" teleports="38" halting="9" stopped="0" meanWaitingTime="237.52" meanTravelTime="291.71" meanSpeed="19.93" meanSpeedRelative="0.62" duration="4"/>
    <step time="31500.00" loaded="26064" inserted="24987" running="435" waiting="1077" ended="24552" arrived="24552" collisions="40" teleports="40" halting="6" stopped="0" meanWaitingTime="246.33" meanTravelTime="292.30" meanSpeed="20.54" meanSpeedRelative="0.64" duration="3"/>
    <step time="31800.00" loaded="26404" inserted="25378" running="407" waiting="1026" ended="24971" arrived="24971" collisions="41" teleports="41" halting="23" stopped="0" meanWaitingTime="255.91" meanTravelTime="292.72" meanSpeed="19.48" meanSpeedRelative="0.61" duration="3"/>
    <step time="32100.00" loaded="26782" inserted="25793" running="407" waiting="989" ended="25386" arrived="25386" collisions="42" teleports="42" halting="3" stopped="0" meanWaitingTime="263.59" meanTravelTime="292.94" meanSpeed="21.44" meanSpeedRelative="0.67" duration="3"/>
    <step time="32400.00" loaded="27140" inserted="26203" running="402" waiting="937" ended="25801" arrived="25801" collisions="42" teleports="42" halting="4" stopped="0" meanWaitingTime="272.72" meanTravelTime="292.69" meanSpeed="20.95" meanSpeedRelative="0.65" duration="89"/>
    <step time="32700.00" loaded="27392" inserted="26558" running="351" waiting="834" ended="26207" arrived="26207" collisions="42" teleports="42" halting="14" stopped="0" meanWaitingTime="279.93" meanTravelTime="292.99" meanSpeed="20.42" meanSpeedRelative="0.64" duration="2"/>
    <step time="33000.00" loaded="27639" inserted="26901" running="344" waiting="738" ended="26557" arrived="26557" collisions="42" teleports="42" halting="1" stopped="0" meanWaitingTime="285.19" meanTravelTime="293.08" meanSpeed="20.74" meanSpeedRelative="0.65" duration="2"/>
    <step time="33300.00" loaded="27923" inserted="27255" running="356" waiting="668" ended="26899" arrived="26899" collisions="42" teleports="42" halting="8" stopped="0" meanWaitingTime="290.54" meanTravelTime="293.11" meanSpeed="20.81" meanSpeedRelative="0.65" duration="2"/>
    <step time="33600.00" loaded="28190" inserted="27567" running="314" waiting="623" ended="27253" arrived="27253" collisions="43" teleports="43" halting="2" stopped="0" meanWaitingTime="294.10" meanTravelTime="293.28" meanSpeed="21.11" meanSpeedRelative="0.66" duration="2"/>
    <step time="33900.00" loaded="28466" inserted="27889" running="308" waiting="577" ended="27581" arrived="27581" collisions="44" teleports="44" halting="1" stopped="0" meanWaitingTime="301.99" meanTravelTime="293.04" meanSpeed="22.55" meanSpeedRelative="0.70" duration="2"/>
    <step time="34200.00" loaded="28740" inserted="28215" running="308" waiting="525" ended="27907" arrived="27907" collisions="44" teleports="44" halting="4" stopped="0" meanWaitingTime="308.94" meanTravelTime="293.01" meanSpeed="22.08" meanSpeedRelative="0.69" duration="2"/>
    <step time="34500.00" loaded="29001" inserted="28528" running="284" waiting="473" ended="28244" arrived="28244" collisions="44" teleports="44" halting="2" stopped="0" meanWaitingTime="315.34" meanTravelTime="292.90" meanSpeed="23.09" meanSpeedRelative="0.72" duration="2"/>
    <step time="34800.00" loaded="29262" inserted="28835" running="266" waiting="427" ended="28569" arrived="28569" collisions="44" teleports="44" halting="1" stopped="0" meanWaitingTime="320.39" meanTravelTime="292.76" meanSpeed="21.72" meanSpeedRelative="0.68" duration="2"/>
    <step time="35100.00" loaded="29507" inserted="29128" running="257" waiting="379" ended="28871" arrived="28871" collisions="45" teleports="45" halting="3" stopped="0" meanWaitingTime="324.66" meanTravelTime="292.58" meanSpeed="22.05" meanSpeedRelative="0.69" duration="1"/>
    <step time="35400.00" loaded="29762" inserted="29425" running="271" waiting="337" ended="29154" arrived="29154" collisions="46" teleports="46" halting="3" stopped="0" meanWaitingTime="328.45" meanTravelTime="292.40" meanSpeed="23.91" meanSpeedRelative="0.75" duration="1"/>
    <step time="35700.00" loaded="30008" inserted="29697" running="238" waiting="311" ended="29459" arrived="29459" collisions="46" teleports="46" halting="2" stopped="0" meanWaitingTime="331.96" meanTravelTime="292.28" meanSpeed="23.11" meanSpeedRelative="0.72" duration="4"/>
    <step time="36000.00" loaded="30258" inserted="29972" running="252" waiting="286" ended="29720" arrived="29720" collisions="47" teleports="47" halting="2" stopped="0" meanWaitingTime="335.00" meanTravelTime="291.93" meanSpeed="23.66" meanSpeedRelative="0.74" duration="84"/>
    <step time="36300.00" loaded="30730" inserted="30426" running="393" waiting="304" ended="30033" arrived="30033" collisions="47" teleports="47" halting="6" stopped="0" meanWaitingTime="335.67" meanTravelTime="291.46" meanSpeed="21.03" meanSpeedRelative="0.66" duration="2"/>
    <step time="36600.00" loaded="31229" inserted="30885" running="457" waiting="344" ended="30428" arrived="30428" collisions="48" teleports="48" halting="9" stopped="0" meanWaitingTime="335.49" meanTravelTime="291.32" meanSpeed="20.51" meanSpeedRelative="0.64" duration="3"/>
    <step time="36900.00" loaded="31730" inserted="31350" running="459" waiting="380" ended="30891" arrived="30891" collisions="49" teleports="49" halting="10" stopped="0" meanWaitingTime="335.19" meanTravelTime="291.11" meanSpeed="20.55" meanSpeedRelative="0.64" duration="3"/>
    <step time="37200.00" loaded="32220" inserted="31801" running="456" waiting="419" ended="31345" arrived="31345" collisions="49" teleports="49" halting="25" stopped="0" meanWaitingTime="333.53" meanTravelTime="291.24" meanSpeed="19.58" meanSpeedRelative="0.61" duration="3"/>
    <step time="37500.00" loaded="32649" inserted="32224" running="470" waiting="425" ended="31754" arrived="31754" collisions="50" teleports="50" halting="5" stopped="0" meanWaitingTime="331.69" meanTravelTime="291.55" meanSpeed="19.35" meanSpeedRelative="0.60" duration="2"/>
    <step time="37800.00" loaded="33061" inserted="32617" running="419" waiting="444" ended="32198" arrived="32198" collisions="51" teleports="51" halting="4" stopped="0" meanWaitingTime="331.44" meanTravelTime="292.07" meanSpeed="20.33" meanSpeedRelative="0.64" duration="3"/>
    <step time="38100.00" loaded="33561" inserted="33076" running="454" waiting="485" ended="32622" arrived="32622" collisions="53" teleports="53" halting="21" stopped="0" meanWaitingTime="331.40" meanTravelTime="292.24" meanSpeed="19.65" meanSpeedRelative="0.61" duration="2"/>
    <step time="38400.00" loaded="34071" inserted="33531" running="483" waiting="540" ended="33048" arrived="33048" collisions="55" teleports="55" halting="21" stopped="0" meanWaitingTime="329.80" meanTravelTime="292.71" meanSpeed="19.39" meanSpeedRelative="0.61" duration="3"/>
    <step time="38700.00" loaded="34545" inserted="33977" running="500" waiting="568" ended="33477" arrived="33477" collisions="57" teleports="57" halting="9" stopped="0" meanWaitingTime="328.38" meanTravelTime="292.99" meanSpeed="19.59" meanSpeedRelative="0.61" duration="3"/>
    <step time="39000.00" loaded="35047" inserted="34428" running="506" waiting="619" ended="33922" arrived="33922" collisions="58" teleports="58" halting="23" stopped="0" meanWaitingTime="327.58" meanTravelTime="293.55" meanSpeed="18.77" meanSpeedRelative="0.59" duration="3"/>
    <step time="39300.00" loaded="35527" inserted="34864" running="506" waiting="663" ended="34358" arrived="34358" collisions="59" teleports="59" halting="20" stopped="0" meanWaitingTime="326.73" meanTravelTime="294.06" meanSpeed="19.66" meanSpeedRelative="0.61" duration="4"/>
    <step time="39600.00" loaded="35997" inserted="35293" running="500" waiting="704" ended="34793" arrived="34793" collisions="60" teleports="60" halting="20" stopped="0" meanWaitingTime="327.06" meanTravelTime="294.75" meanSpeed="19.50" meanSpeedRelative="0.61" duration="91"/>
    <step time="39900.00" loaded="36534" inserted="35752" running="516" waiting="782" ended="35236" arrived="35236" collisions="60" teleports="60" halting="6" stopped="0" meanWaitingTime="326.47" meanTravelTime="295.38" meanSpeed="19.31" meanSpeedRelative="0.60" duration="3"/>
    <step time="40200.00" loaded="37073" inserted="36230" running="546" waiting="843" ended="35684" arrived="35684" collisions="60" teleports="60" halting="23" stopped="0" meanWaitingTime="325.93" meanTravelTime="295.95" meanSpeed="18.67" meanSpeedRelative="0.58" duration="3"/>
    <step time="40500.00" loaded="37600" inserted="36692" running="518" waiting="908" ended="36174" arrived="36174" collisions="61" teleports="61" halting="12" stopped="0" meanWaitingTime="325.84" meanTravelTime="296.63" meanSpeed="19.24" meanSpeedRelative="0.60" duration="3"/>
    <step time="40800.00" loaded="38143" inserted="37176" running="552" waiting="967" ended="36624" arrived="36624" collisions="61" teleports="61" halting="19" stopped="0" meanWaitingTime="326.26" meanTravelTime="297.12" meanSpeed="18.13" meanSpeedRelative="0.57" duration="3"/>
    <step time="41100.00" loaded="38685" inserted="37619" running="532" waiting="1066" ended="37087" arrived="37087" collisions="62" teleports="62" halting="25" stopped="0" meanWaitingTime="326.35" meanTravelTime="297.63" meanSpeed="18.63" meanSpeedRelative="0.58" duration="3"/>
    <step time="41400.00" loaded="39234" inserted="38092" running="532" waiting="1142" ended="37560" arrived="37560" collisions="63" teleports="63" halting="17" stopped="0" meanWaitingTime="327.36" meanTravelTime="298.10" meanSpeed="18.41" meanSpeedRelative="0.58" duration="5"/>
    <step time="41700.00" loaded="39724" inserted="38523" running="525" waiting="1201" ended="37998" arrived="37998" collisions="65" teleports="65" halting="14" stopped="0" meanWaitingTime="328.79" meanTravelTime="299.03" meanSpeed="18.62" meanSpeedRelative="0.58" duration="3"/>
    <step time="42000.00" loaded="40250" inserted="38981" running="539" waiting="1269" ended="38442" arrived="38442" collisions="66" teleports="66" halting="22" stopped="0" meanWaitingTime="330.28" meanTravelTime="299.71" meanSpeed="18.95" meanSpeedRelative="0.59" duration="4"/>
    <step time="42300.00" loaded="40759" inserted="39439" running="524" waiting="1320" ended="38915" arrived="38915" collisions="68" teleports="68" halting="5" stopped="0" meanWaitingTime="333.09" meanTravelTime="300.24" meanSpeed="18.72" meanSpeedRelative="0.59" duration="4"/>
    <step time="42600.00" loaded="41277" inserted="39923" running="550" waiting="1354" ended="39373" arrived="39373" collisions="72" teleports="72" halting="10" stopped="0" meanWaitingTime="336.34" meanTravelTime="300.66" meanSpeed="19.44" meanSpeedRelative="0.61" duration="3"/>
    <step time="42900.00" loaded="41805" inserted="40376" running="551" waiting="1429" ended="39825" arrived="39825" collisions="73" teleports="73" halting="22" stopped="0" meanWaitingTime="339.07" meanTravelTime="301.17" meanSpeed="18.66" meanSpeedRelative="0.58" duration="4"/>
    <step time="43200.00" loaded="42337" inserted="40841" running="567" waiting="1496" ended="40274" arrived="40274" collisions="74" teleports="74" halting="5" stopped="0" meanWaitingTime="340.89" meanTravelTime="301.89" meanSpeed="18.31" meanSpeedRelative="0.57" duration="96"/>
    <step time="43500.00" loaded="42886" inserted="41307" running="565" waiting="1579" ended="40742" arrived="40742" collisions="75" teleports="75" halting="9" stopped="0" meanWaitingTime="343.34" meanTravelTime="302.74" meanSpeed="18.24" meanSpeedRelative="0.57" duration="4"/>
    <step time="43800.00" loaded="43433" inserted="41766" running="573" waiting="1667" ended="41193" arrived="41193" collisions="76" teleports="76" halting="7" stopped="0" meanWaitingTime="346.96" meanTravelTime="303.34" meanSpeed="18.15" meanSpeedRelative="0.57" duration="3"/>
    <step time="44100.00" loaded="43972" inserted="42255" running="600" waiting="1717" ended="41655" arrived="41655" collisions="78" teleports="78" halting="19" stopped="0" meanWaitingTime="349.13" meanTravelTime="303.90" meanSpeed="17.99" meanSpeedRelative="0.56" duration="3"/>
    <step time="44400.00" loaded="44531" inserted="42735" running="607" waiting="1796" ended="42128" arrived="42128" collisions="79" teleports="79" halting="24" stopped="0" meanWaitingTime="351.11" meanTravelTime="304.66" meanSpeed="17.34" meanSpeedRelative="0.54" duration="4"/>
    <step time="44700.00" loaded="45109" inserted="43209" running="599" waiting="1900" ended="42610" arrived="42610" collisions="83" teleports="83" halting="14" stopped="0" meanWaitingTime="353.77" meanTravelTime="305.53" meanSpeed="17.73" meanSpeedRelative="0.55" duration="4"/>
    <step time="45000.00" loaded="45682" inserted="43680" running="629" waiting="2002" ended="43051" arrived="43051" collisions="83" teleports="83" halting="20" stopped="0" meanWaitingTime="357.86" meanTravelTime="306.29" meanSpeed="17.98" meanSpeedRelative="0.56" duration="6"/>
    <step time="45300.00" loaded="46206" inserted="44151" running="643" waiting="2055" ended="43508" arrived="43508" collisions="84" teleports="84" halting="20" stopped="0" meanWaitingTime="362.25" meanTravelTime="307.14" meanSpeed="17.15" meanSpeedRelative="0.54" duration="4"/>
    <step time="45600.00" loaded="46732" inserted="44623" running="628" waiting="2109" ended="43995" arrived="43995" collisions="84" teleports="84" halting="15" stopped="0" meanWaitingTime="365.17" meanTravelTime="308.17" meanSpeed="17.32" meanSpeedRelative="0.54" duration="5"/>
    <step time="45900.00" loaded="47269" inserted="45081" running="635" waiting="2188" ended="44446" arrived="44446" collisions="84" teleports="84" halting="3" stopped="0" meanWaitingTime="368.56" meanTravelTime="309.24" meanSpeed="17.18" meanSpeedRelative="0.54" duration="5"/>
    <step time="46200.00" loaded="47817" inserted="45581" running="645" waiting="2236" ended="44936" arrived="44936" collisions="87" teleports="87" halting="23" stopped="0" meanWaitingTime="373.56" meanTravelTime="310.31" meanSpeed="17.17" meanSpeedRelative="0.54" duration="4"/>
    <step time="46500.00" loaded="48381" inserted="46052" running="632" waiting="2329" ended="45420" arrived="45420" collisions="88" teleports="88" halting="9" stopped="0" meanWaitingTime="378.48" meanTravelTime="311.14" meanSpeed="16.99" meanSpeedRelative="0.53" duration="6"/>
    <step time="46800.00" loaded="48919" inserted="46490" running="596" waiting="2429" ended="45894" arrived="45894" collisions="90" teleports="90" halting="32" stopped="0" meanWaitingTime="382.85" meanTravelTime="312.21" meanSpeed="17.42" meanSpeedRelative="0.54" duration="94"/>
    <step time="47100.00" loaded="49429" inserted="46938" running="578" waiting="2491" ended="46360" arrived="46360" collisions="92" teleports="92" halting="7" stopped="0" meanWaitingTime="388.15" meanTravelTime="313.25" meanSpeed="18.49" meanSpeedRelative="0.58" duration="4"/>
    <step time="47400.00" loaded="49985" inserted="47435" running="618" waiting="2550" ended="46817" arrived="46817" collisions="93" teleports="93" halting="12" stopped="0" meanWaitingTime="394.52" meanTravelTime="313.79" meanSpeed="17.95" meanSpeedRelative="0.56" duration="5"/>
    <step time="47700.00" loaded="50522" inserted="47901" running="639" waiting="2621" ended="47262" arrived="47262" collisions="96" teleports="96" halting="15" stopped="0" meanWaitingTime="400.09" meanTravelTime="314.47" meanSpeed="17.61" meanSpeedRelative="0.55" duration="4"/>
    <step time="48000.00" loaded="51052" inserted="48359" running="622" waiting="2693" ended="47737" arrived="47737" collisions="97" teleports="97" halting="22" stopped="0" meanWaitingTime="405.40" meanTravelTime="315.21" meanSpeed="16.81" meanSpeedRelative="0.53" duration="6"/>
    <step time="48300.00" loaded="51559" inserted="48825" running="633" waiting="2734" ended="48192" arrived="48192" collisions="100" teleports="100" halting="9" stopped="0" meanWaitingTime="411.24" meanTravelTime="316.09" meanSpeed="16.95" meanSpeedRelative="0.53" duration="5"/>
    <step time="48600.00" loaded="52097" inserted="49301" running="635" waiting="2796" ended="48666" arrived="48666" collisions="102" teleports="102" halting="12" stopped="0" meanWaitingTime="416.92" meanTravelTime="316.70" meanSpeed="16.71" meanSpeedRelative="0.52" duration="6"/>
    <step time="48900.00" loaded="52624" inserted="49782" running="649" waiting="2842" ended="49133" arrived="49133" collisions="102" teleports="102" halting="5" stopped="0" meanWaitingTime="423.22" meanTravelTime="317.57" meanSpeed="17.07" meanSpeedRelative="0.53" duration="5"/>
    <step time="49200.00" loaded="53168" inserted="50268" running="643" waiting="2900" ended="49625" arrived="49625" collisions="103" teleports="103" halting="13" stopped="0" meanWaitingTime="430.69" meanTravelTime="318.59" meanSpeed="17.16" meanSpeedRelative="0.54" duration="6"/>
    <step time="49500.00" loaded="53656" inserted="50704" running="649" waiting="2952" ended="50055" arrived="50055" collisions="105" teleports="105" halting="15" stopped="0" meanWaitingTime="437.71" meanTravelTime="319.33" meanSpeed="17.23" meanSpeedRelative="0.54" duration="6"/>
    <step time="49800.00" loaded="54179" inserted="51155" running="662" waiting="3024" ended="50493" arrived="50493" collisions="107" teleports="107" halting="19" stopped="0" meanWaitingTime="443.38" meanTravelTime="320.25" meanSpeed="16.83" meanSpeedRelative="0.53" duration="4"/>
    <step time="50100.00" loaded="54711" inserted="51619" running="651" waiting="3092" ended="50968" arrived="50968" collisions="110" teleports="110" halting="6" stopped="0" meanWaitingTime="450.60" meanTravelTime="321.42" meanSpeed="17.57" meanSpeedRelative="0.55" duration="5"/>
    <step time="50400.00" loaded="55242" inserted="52098" running="625" waiting="3144" ended="51473" arrived="51473" collisions="113" teleports="113" halting="10" stopped="0" meanWaitingTime="457.26" meanTravelTime="322.24" meanSpeed="16.47" meanSpeedRelative="0.51" duration="97"/>
    <step time="50700.00" loaded="55975" inserted="52623" running="661" waiting="3352" ended="51962" arrived="51962" collisions="115" teleports="115" halting="1" stopped="0" meanWaitingTime="462.15" meanTravelTime="322.90" meanSpeed="17.37" meanSpeedRelative="0.54" duration="4"/>
    <step time="51000.00" loaded="56684" inserted="53160" running="716" waiting="3524" ended="52444" arrived="52444" collisions="116" teleports="116" halting="20" stopped="0" meanWaitingTime="469.60" meanTravelTime="323.39" meanSpeed="16.57" meanSpeedRelative="0.52" duration="8"/>
    <step time="51300.00" loaded="57413" inserted="53703" running="770" waiting="3710" ended="52933" arrived="52933" collisions="118" teleports="118" halting="6" stopped="0" meanWaitingTime="475.98" meanTravelTime="324.24" meanSpeed="15.67" meanSpeedRelative="0.49" duration="7"/>
    <step time="51600.00" loaded="58097" inserted="54199" running="787" waiting="3898" ended="53412" arrived="53412" collisions="121" teleports="121" halting="21" stopped="0" meanWaitingTime="482.28" meanTravelTime="325.19" meanSpeed="14.45" meanSpeedRelative="0.45" duration="5"/>
    <step time="51900.00" loaded="58828" inserted="54715" running="784" waiting="4113" ended="53931" arrived="53931" collisions="121" teleports="121" halting="19" stopped="0" meanWaitingTime="488.70" meanTravelTime="326.52" meanSpeed="15.03" meanSpeedRelative="0.47" duration="5"/>
    <step time="52200.00" loaded="59518" inserted="55230" running="812" waiting="4288" ended="54418" arrived="54418" collisions="124" teleports="124" halting="26" stopped="0" meanWaitingTime="496.89" meanTravelTime="327.62" meanSpeed="13.89" meanSpeedRelative="0.43" duration="7"/>
    <step time="52500.00" loaded="60260" inserted="55755" running="822" waiting="4505" ended="54933" arrived="54933" collisions="126" teleports="126" halting="24" stopped="0" meanWaitingTime="503.85" meanTravelTime="329.14" meanSpeed="14.04" meanSpeedRelative="0.44" duration="8"/>
    <step time="52800.00" loaded="60963" inserted="56257" running="833" waiting="4706" ended="55424" arrived="55424" collisions="128" teleports="128" halting="34" stopped="0" meanWaitingTime="509.93" meanTravelTime="330.60" meanSpeed="13.36" meanSpeedRelative="0.42" duration="7"/>
    <step time="53100.00" loaded="61725" inserted="56784" running="871" waiting="4941" ended="55913" arrived="55913" collisions="131" teleports="131" halting="7" stopped="0" meanWaitingTime="515.34" meanTravelTime="332.06" meanSpeed="13.59" meanSpeedRelative="0.42" duration="8"/>
    <step time="53400.00" loaded="62437" inserted="57313" running="899" waiting="5124" ended="56414" arrived="56414" collisions="132" teleports="132" halting="24" stopped="0" meanWaitingTime="524.83" meanTravelTime="333.49" meanSpeed="13.46" meanSpeedRelative="0.42" duration="8"/>
    <step time="53700.00" loaded="63130" inserted="57840" running="917" waiting="5290" ended="56923" arrived="56923" collisions="136" teleports="136" halting="8" stopped="0" meanWaitingTime="532.35" meanTravelTime="334.89" meanSpeed="12.68" meanSpeedRelative="0.40" duration="7"/>
    <step time="54000.00" loaded="63834" inserted="58357" running="944" waiting="5477" ended="57413" arrived="57413" collisions="139" teleports="139" halting="28" stopped="0" meanWaitingTime="540.34" meanTravelTime="336.56" meanSpeed="12.36" meanSpeedRelative="0.39" duration="90"/>
    <step time="54300.00" loaded="64263" inserted="58772" running="871" waiting="5491" ended="57901" arrived="57901" collisions="141" teleports="141" halting="47" stopped="0" meanWaitingTime="548.57" meanTravelTime="338.31" meanSpeed="12.85" meanSpeedRelative="0.40" duration="7"/>
    <step time="54600.00" loaded="64723" inserted="59211" running="841" waiting="5512" ended="58370" arrived="58370" collisions="142" teleports="142" halting="6" stopped="0" meanWaitingTime="561.42" meanTravelTime="340.09" meanSpeed="13.02" meanSpeedRelative="0.41" duration="10"/>
    <step time="54900.00" loaded="65155" inserted="59679" running="809" waiting="5476" ended="58870" arrived="58870" collisions="146" teleports="146" halting="32" stopped="0" meanWaitingTime="574.86" meanTravelTime="341.82" meanSpeed="12.93" meanSpeedRelative="0.40" duration="9"/>
    <step time="55200.00" loaded="65590" inserted="60134" running="776" waiting="5456" ended="59358" arrived="59358" collisions="148" teleports="148" halting="22" stopped="0" meanWaitingTime="588.21" meanTravelTime="343.25" meanSpeed="13.58" meanSpeedRelative="0.42" duration="9"/>
    <step time="55500.00" loaded="66055" inserted="60618" running="772" waiting="5437" ended="59846" arrived="59846" collisions="149" teleports="149" halting="6" stopped="0" meanWaitingTime="602.02" meanTravelTime="344.41" meanSpeed="14.35" meanSpeedRelative="0.45" duration="9"/>
    <step time="55800.00" loaded="66501" inserted="61089" running="755" waiting="5412" ended="60334" arrived="60334" collisions="149" teleports="149" halting="19" stopped="0" meanWaitingTime="616.05" meanTravelTime="345.56" meanSpeed="13.66" meanSpeedRelative="0.43" duration="7"/>
    <step time="56100.00" loaded="67003" inserted="61554" running="754" waiting="5449" ended="60800" arrived="60800" collisions="151" teleports="151" halting="18" stopped="0" meanWaitingTime="631.50" meanTravelTime="346.53" meanSpeed="13.90" meanSpeedRelative="0.43" duration="6"/>
    <step time="56400.00" loaded="67467" inserted="61987" running="743" waiting="5480" ended="61244" arrived="61244" collisions="153" teleports="153" halting="12" stopped="0" meanWaitingTime="643.43" meanTravelTime="347.33" meanSpeed="13.77" meanSpeedRelative="0.43" duration="4"/>
    <step time="56700.00" loaded="67938" inserted="62445" running="785" waiting="5493" ended="61660" arrived="61660" collisions="155" teleports="155" halting="33" stopped="0" meanWaitingTime="657.34" meanTravelTime="348.42" meanSpeed="13.83" meanSpeedRelative="0.43" duration="6"/>
    <step time="57000.00" loaded="68391" inserted="62884" running="765" waiting="5507" ended="62119" arrived="62119" collisions="159" teleports="159" halting="43" stopped="0" meanWaitingTime="670.76" meanTravelTime="349.73" meanSpeed="14.05" meanSpeedRelative="0.44" duration="9"/>
    <step time="57300.00" loaded="68808" inserted="63319" running="724" waiting="5489" ended="62595" arrived="62595" collisions="162" teleports="162" halting="22" stopped="0" meanWaitingTime="686.36" meanTravelTime="351.17" meanSpeed="14.53" meanSpeedRelative="0.45" duration="7"/>
    <step time="57600.00" loaded="69257" inserted="63786" running="727" waiting="5471" ended="63059" arrived="63059" collisions="163" teleports="163" halting="8" stopped="0" meanWaitingTime="701.21" meanTravelTime="352.12" meanSpeed="15.16" meanSpeedRelative="0.47" duration="87"/>
    <step time="57900.00" loaded="69851" inserted="64311" running="771" waiting="5540" ended="63540" arrived="63540" collisions="164" teleports="164" halting="21" stopped="0" meanWaitingTime="716.98" meanTravelTime="353.03" meanSpeed="14.69" meanSpeedRelative="0.46" duration="4"/>
    <step time="58200.00" loaded="70432" inserted="64814" running="782" waiting="5618" ended="64032" arrived="64032" collisions="164" teleports="164" halting="33" stopped="0" meanWaitingTime="729.52" meanTravelTime="353.72" meanSpeed="14.01" meanSpeedRelative="0.44" duration="6"/>
    <step time="58500.00" loaded="70987" inserted="65293" running="786" waiting="5694" ended="64507" arrived="64507" collisions="167" teleports="167" halting="25" stopped="0" meanWaitingTime="743.31" meanTravelTime="354.47" meanSpeed="14.66" meanSpeedRelative="0.46" duration="6"/>
    <step time="58800.00" loaded="71556" inserted="65794" running="789" waiting="5762" ended="65005" arrived="65005" collisions="168" teleports="168" halting="22" stopped="0" meanWaitingTime="756.61" meanTravelTime="355.42" meanSpeed="14.77" meanSpeedRelative="0.46" duration="7"/>
    <step time="59100.00" loaded="72084" inserted="66238" running="752" waiting="5846" ended="65486" arrived="65486" collisions="168" teleports="168" halting="22" stopped="0" meanWaitingTime="768.02" meanTravelTime="356.45" meanSpeed="15.30" meanSpeedRelative="0.48" duration="6"/>
    <step time="59400.00" loaded="72661" inserted="66710" running="757" waiting="5951" ended="65953" arrived="65953" collisions="170" teleports="170" halting="14" stopped="0" meanWaitingTime="782.00" meanTravelTime="357.32" meanSpeed="15.33" meanSpeedRelative="0.48" duration="9"/>
    <step time="59700.00" loaded="73226" inserted="67196" running="776" waiting="6030" ended="66420" arrived="66420" collisions="170" teleports="170" halting="24" stopped="0" meanWaitingTime="795.10" meanTravelTime="358.46" meanSpeed="14.49" meanSpeedRelative="0.45" duration="8"/>
    <step time="60000.00" loaded="73793" inserted="67661" running="760" waiting="6132" ended="66901" arrived="66901" collisions="170" teleports="170" halting="6" stopped="0" meanWaitingTime="806.03" meanTravelTime="359.43" meanSpeed="14.69" meanSpeedRelative="0.46" duration="9"/>
    <step time="60300.00" loaded="74349" inserted="68137" running="761" waiting="6212" ended="67376" arrived="67376" collisions="173" teleports="173" halting="20" stopped="0" meanWaitingTime="818.99" meanTravelTime="360.33" meanSpeed="15.35" meanSpeedRelative="0.48" duration="7"/>
    <step time="60600.00" loaded="74911" inserted="68630" running="758" waiting="6281" ended="67872" arrived="67872" collisions="173" teleports="173" halting="7" stopped="0" meanWaitingTime="831.73" meanTravelTime="361.36" meanSpeed="15.22" meanSpeedRelative="0.48" duration="6"/>
    <step time="60900.00" loaded="75518" inserted="69154" running="787" waiting="6364" ended="68367" arrived="68367" collisions="176" teleports="176" halting="10" stopped="0" meanWaitingTime="843.98" meanTravelTime="362.10" meanSpeed="14.47" meanSpeedRelative="0.45" duration="10"/>
    <step time="61200.00" loaded="76019" inserted="69621" running="754" waiting="6398" ended="68867" arrived="68867" collisions="177" teleports="177" halting="20" stopped="0" meanWaitingTime="856.16" meanTravelTime="362.85" meanSpeed="15.40" meanSpeedRelative="0.48" duration="85"/>
    <step time="61500.00" loaded="76101" inserted="69952" running="655" waiting="6149" ended="69297" arrived="69297" collisions="179" teleports="179" halting="19" stopped="0" meanWaitingTime="870.24" meanTravelTime="363.76" meanSpeed="15.57" meanSpeedRelative="0.49" duration="5"/>
    <step time="61800.00" loaded="76176" inserted="70284" running="567" waiting="5892" ended="69717" arrived="69717" collisions="180" teleports="180" halting="3" stopped="0" meanWaitingTime="885.98" meanTravelTime="364.72" meanSpeed="15.73" meanSpeedRelative="0.49" duration="7"/>
    <step time="62100.00" loaded="76239" inserted="70635" running="508" waiting="5604" ended="70127" arrived="70127" collisions="181" teleports="181" halting="2" stopped="0" meanWaitingTime="903.75" meanTravelTime="365.46" meanSpeed="17.56" meanSpeedRelative="0.55" duration="6"/>
    <step time="62400.00" loaded="76308" inserted="70987" running="477" waiting="5321" ended="70510" arrived="70510" collisions="181" teleports="181" halting="7" stopped="0" meanWaitingTime="922.87" meanTravelTime="365.96" meanSpeed="17.37" meanSpeedRelative="0.54" duration="4"/>
    <step time="62700.00" loaded="76368" inserted="71338" running="484" waiting="5030" ended="70854" arrived="70854" collisions="182" teleports="182" halting="19" stopped="0" meanWaitingTime="941.15" meanTravelTime="366.29" meanSpeed="16.63" meanSpeedRelative="0.52" duration="5"/>
    <step time="63000.00" loaded="76437" inserted="71694" running="463" waiting="4743" ended="71231" arrived="71231" collisions="183" teleports="183" halting="14" stopped="0" meanWaitingTime="958.45" meanTravelTime="366.58" meanSpeed="17.74" meanSpeedRelative="0.55" duration="6"/>
    <step time="63300.00" loaded="76512" inserted="72044" running="452" waiting="4468" ended="71592" arrived="71592" collisions="183" teleports="183" halting="4" stopped="0" meanWaitingTime="974.50" meanTravelTime="366.74" meanSpeed="18.25" meanSpeedRelative="0.57" duration="4"/>
    <step time="63600.00" loaded="76587" inserted="72380" running="410" waiting="4207" ended="71970" arrived="71970" collisions="184" teleports="184" halting="9" stopped="0" meanWaitingTime="992.24" meanTravelTime="366.75" meanSpeed="18.93" meanSpeedRelative="0.59" duration="4"/>
    <step time="63900.00" loaded="76662" inserted="72686" running="343" waiting="3976" ended="72343" arrived="72343" collisions="184" teleports="184" halting="3" stopped="0" meanWaitingTime="1009.30" meanTravelTime="366.70" meanSpeed="19.98" meanSpeedRelative="0.62" duration="4"/>
    <step time="64200.00" loaded="76736" inserted="73005" running="331" waiting="3731" ended="72674" arrived="72674" collisions="184" teleports="184" halting="4" stopped="0" meanWaitingTime="1028.04" meanTravelTime="366.68" meanSpeed="20.33" meanSpeedRelative="0.64" duration="5"/>
    <step time="64500.00" loaded="76810" inserted="73312" running="324" waiting="3498" ended="72988" arrived="72988" collisions="185" teleports="185" halting="10" stopped="0" meanWaitingTime="1044.21" meanTravelTime="366.41" meanSpeed="20.97" meanSpeedRelative="0.66" duration="3"/>
    <step time="64800.00" loaded="76884" inserted="73618" running="315" waiting="3266" ended="73303" arrived="73303" collisions="185" teleports="185" halting="2" stopped="0" meanWaitingTime="1059.57" meanTravelTime="366.17" meanSpeed="21.16" meanSpeedRelative="0.66" duration="93"/>
    <step time="65100.00" loaded="76938" inserted="73861" running="248" waiting="3077" ended="73613" arrived="73613" collisions="185" teleports="185" halting="1" stopped="0" meanWaitingTime="1072.77" meanTravelTime="365.90" meanSpeed="21.96" meanSpeedRelative="0.69" duration="2"/>
    <step time="65400.00" loaded="76986" inserted="74058" running="199" waiting="2928" ended="73859" arrived="73859" collisions="185" teleports="185" halting="1" stopped="0" meanWaitingTime="1089.45" meanTravelTime="365.82" meanSpeed="22.56" meanSpeedRelative="0.71" duration="2"/>
    <step time="65700.00" loaded="77043" inserted="74265" running="194" waiting="2778" ended="74071" arrived="74071" collisions="185" teleports="185" halting="5" stopped="0" meanWaitingTime="1106.28" meanTravelTime="365.69" meanSpeed="21.99" meanSpeedRelative="0.69" duration="2"/>
    <step time="66000.00" loaded="77096" inserted="74466" running="189" waiting="2630" ended="74277" arrived="74277" collisions="185" teleports="185" halting="5" stopped="0" meanWaitingTime="1121.86" meanTravelTime="365.47" meanSpeed="21.98" meanSpeedRelative="0.69" duration="1"/>
    <step time="66300.00" loaded="77139" inserted="74666" running="197" waiting="2473" ended="74469" arrived="74469" collisions="185" teleports="185" halting="2" stopped="0" meanWaitingTime="1136.10" meanTravelTime="365.25" meanSpeed="22.05" meanSpeedRelative="0.69" duration="1"/>
    <step time="66600.00" loaded="77187" inserted="74861" running="198" waiting="2326" ended="74663" arrived="74663" collisions="185" teleports="185" halting="1" stopped="0" meanWaitingTime="1149.33" meanTravelTime="365.03" meanSpeed="22.89" meanSpeedRelative="0.72" duration="2"/>
    <step time="66900.00" loaded="77252" inserted="75020" running="136" waiting="2232" ended="74884" arrived="74884" collisions="185" teleports="185" halting="4" stopped="0" meanWaitingTime="1162.78" meanTravelTime="364.80" meanSpeed="21.22" meanSpeedRelative="0.66" duration="2"/>
    <step time="67200.00" loaded="77303" inserted="75160" running="108" waiting="2143" ended="75052" arrived="75052" collisions="185" teleports="185" halting="4" stopped="0" meanWaitingTime="1175.20" meanTravelTime="364.61" meanSpeed="21.56" meanSpeedRelative="0.67" duration="1"/>
    <step time="67500.00" loaded="77357" inserted="75303" running="110" waiting="2054" ended="75193" arrived="75193" collisions="185" teleports="185" halting="3" stopped="0" meanWaitingTime="1187.27" meanTravelTime="364.38" meanSpeed="21.92" meanSpeedRelative="0.68" duration="1"/>
    <step time="67800.00" loaded="77413" inserted="75454" running="112" waiting="1959" ended="75342" arrived="75342" collisions="185" teleports="185" halting="2" stopped="0" meanWaitingTime="1196.98" meanTravelTime="364.06" meanSpeed="22.79" meanSpeedRelative="0.71" duration="1"/>
    <step time="68100.00" loaded="77450" inserted="75551" running="88" waiting="1899" ended="75463" arrived="75463" collisions="185" teleports="185" halting="5" stopped="0" meanWaitingTime="1205.77" meanTravelTime="363.85" meanSpeed="23.14" meanSpeedRelative="0.72" duration="1"/>
    <step time="68400.00" loaded="77504" inserted="75643" running="92" waiting="1861" ended="75551" arrived="75551" collisions="185" teleports="185" halting="5" stopped="0" meanWaitingTime="1214.73" meanTravelTime="363.80" meanSpeed="22.75" meanSpeedRelative="0.71" duration="89"/>
    <step time="68700.00" loaded="77675" inserted="75827" running="150" waiting="1848" ended="75677" arrived="75677" collisions="185" teleports="185" halting="0" stopped="0" meanWaitingTime="1221.44" meanTravelTime="363.72" meanSpeed="24.11" meanSpeedRelative="0.75" duration="1"/>
    <step time="69000.00" loaded="77817" inserted="76003" running="171" waiting="1814" ended="75832" arrived="75832" collisions="185" teleports="185" halting="0" stopped="0" meanWaitingTime="1228.28" meanTravelTime="363.47" meanSpeed="23.66" meanSpeedRelative="0.74" duration="2"/>
    <step time="69300.00" loaded="77979" inserted="76195" running="184" waiting="1784" ended="76011" arrived="76011" collisions="185" teleports="185" halting="0" stopped="0" meanWaitingTime="1234.85" meanTravelTime="363.26" meanSpeed="24.25" meanSpeedRelative="0.76" duration="1"/>
    <step time="69600.00" loaded="78141" inserted="76380" running="178" waiting="1761" ended="76202" arrived="76202" collisions="186" teleports="186" halting="3" stopped="0" meanWaitingTime="1242.05" meanTravelTime="363.07" meanSpeed="22.55" meanSpeedRelative="0.70" duration="2"/>
    <step time="69900.00" loaded="78311" inserted="76565" running="180" waiting="1746" ended="76385" arrived="76385" collisions="186" teleports="186" halting="3" stopped="0" meanWaitingTime="1248.23" meanTravelTime="362.92" meanSpeed="23.32" meanSpeedRelative="0.73" duration="1"/>
    <step time="70200.00" loaded="78467" inserted="76740" running="168" waiting="1727" ended="76572" arrived="76572" collisions="186" teleports="186" halting="3" stopped="0" meanWaitingTime="1255.56" meanTravelTime="362.74" meanSpeed="24.17" meanSpeedRelative="0.76" duration="2"/>
    <step time="70500.00" loaded="78632" inserted="76936" running="189" waiting="1696" ended="76747" arrived="76747" collisions="186" teleports="186" halting="2" stopped="0" meanWaitingTime="1262.31" meanTravelTime="362.57" meanSpeed="24.37" meanSpeedRelative="0.76" duration="2"/>
    <step time="70800.00" loaded="78794" inserted="77130" running="176" waiting="1664" ended="76954" arrived="76954" collisions="186" teleports="186" halting="1" stopped="0" meanWaitingTime="1269.08" meanTravelTime="362.40" meanSpeed="24.15" meanSpeedRelative="0.75" duration="2"/>
    <step time="71100.00" loaded="78940" inserted="77305" running="177" waiting="1635" ended="77128" arrived="77128" collisions="186" teleports="186" halting="1" stopped="0" meanWaitingTime="1275.67" meanTravelTime="362.27" meanSpeed="23.87" meanSpeedRelative="0.75" duration="2"/>
    <step time="71400.00" loaded="79104" inserted="77491" running="179" waiting="1613" ended="77312" arrived="77312" collisions="186" teleports="186" halting="0" stopped="0" meanWaitingTime="1281.60" meanTravelTime="362.06" meanSpeed="24.67" meanSpeedRelative="0.77" duration="1"/>
    <step time="71700.00" loaded="79266" inserted="77677" running="187" waiting="1589" ended="77490" arrived="77490" collisions="186" teleports="186" halting="1" stopped="0" meanWaitingTime="1287.82" meanTravelTime="361.87" meanSpeed="23.95" meanSpeedRelative="0.75" duration="2"/>
    <step time="72000.00" loaded="79436" inserted="77871" running="189" waiting="1565" ended="77682" arrived="77682" collisions="186" teleports="186" halting="1" stopped="0" meanWaitingTime="1294.97" meanTravelTime="361.73" meanSpeed="24.57" meanSpeedRelative="0.77" duration="82"/>
    <step time="72300.00" loaded="79566" inserted="78024" running="160" waiting="1542" ended="77864" arrived="77864" collisions="187" teleports="187" halting="1" stopped="0" meanWaitingTime="1301.77" meanTravelTime="361.58" meanSpeed="24.23" meanSpeedRelative="0.76" duration="1"/>
    <step time="72600.00" loaded="79708" inserted="78187" running="164" waiting="1521" ended="78023" arrived="78023" collisions="187" teleports="187" halting="2" stopped="0" meanWaitingTime="1309.18" meanTravelTime="361.48" meanSpeed="24.03" meanSpeedRelative="0.75" duration="1"/>
    <step time="72900.00" loaded="79840" inserted="78345" running="167" waiting="1495" ended="78178" arrived="78178" collisions="187" teleports="187" halting="0" stopped="0" meanWaitingTime="1316.15" meanTravelTime="361.38" meanSpeed="24.05" meanSpeedRelative="0.75" duration="1"/>
    <step time="73200.00" loaded="79960" inserted="78496" running="149" waiting="1464" ended="78347" arrived="78347" collisions="187" teleports="187" halting="1" stopped="0" meanWaitingTime="1323.47" meanTravelTime="361.28" meanSpeed="23.10" meanSpeedRelative="0.72" duration="1"/>
    <step time="73500.00" loaded="80101" inserted="78665" running="159" waiting="1436" ended="78506" arrived="78506" collisions="188" teleports="188" halting="1" stopped="0" meanWaitingTime="1330.50" meanTravelTime="361.13" meanSpeed="24.04" meanSpeedRelative="0.75" duration="1"/>
    <step time="73800.00" loaded="80259" inserted="78842" running="161" waiting="1417" ended="78681" arrived="78681" collisions="188" teleports="188" halting="1" stopped="0" meanWaitingTime="1337.41" meanTravelTime="360.93" meanSpeed="24.06" meanSpeedRelative="0.75" duration="1"/>
    <step time="74100.00" loaded="80383" inserted="78992" running="144" waiting="1391" ended="78848" arrived="78848" collisions="188" teleports="188" halting="0" stopped="0" meanWaitingTime="1344.78" meanTravelTime="360.78" meanSpeed="23.68" meanSpeedRelative="0.74" duration="2"/>
    <step time="74400.00" loaded="80501" inserted="79135" running="133" waiting="1366" ended="79002" arrived="79002" collisions="188" teleports="188" halting="1" stopped="0" meanWaitingTime="1352.02" meanTravelTime="360.60" meanSpeed="23.70" meanSpeedRelative="0.74" duration="1"/>
    <step time="74700.00" loaded="80653" inserted="79312" running="154" waiting="1341" ended="79158" arrived="79158" collisions="188" teleports="188" halting="0" stopped="0" meanWaitingTime="1358.71" meanTravelTime="360.44" meanSpeed="24.07" meanSpeedRelative="0.75" duration="1"/>
    <step time="75000.00" loaded="80785" inserted="79472" running="144" waiting="1313" ended="79328" arrived="79328" collisions="188" teleports="188" halting="1" stopped="0" meanWaitingTime="1365.96" meanTravelTime="360.31" meanSpeed="23.11" meanSpeedRelative="0.72" duration="1"/>
    <step time="75300.00" loaded="80905" inserted="79621" running="148" waiting="1284" ended="79473" arrived="79473" collisions="188" teleports="188" halting="0" stopped="0" meanWaitingTime="1373.09" meanTravelTime="360.16" meanSpeed="24.17" meanSpeedRelative="0.76" duration="1"/>
    <step time="75600.00" loaded="81033" inserted="79775" running="159" waiting="1258" ended="79616" arrived="79616" collisions="188" teleports="188" halting="0" stopped="0" meanWaitingTime="1380.36" meanTravelTime="360.02" meanSpeed="23.61" meanSpeedRelative="0.74" duration="83"/>
    <step time="75900.00" loaded="81228" inserted="79994" running="213" waiting="1234" ended="79781" arrived="79781" collisions="188" teleports="188" halting="1" stopped="0" meanWaitingTime="1386.46" meanTravelTime="359.87" meanSpeed="22.90" meanSpeedRelative="0.72" duration="2"/>
    <step time="76200.00" loaded="81423" inserted="80217" running="207" waiting="1206" ended="80010" arrived="80010" collisions="190" teleports="190" halting="0" stopped="0" meanWaitingTime="1392.99" meanTravelTime="359.59" meanSpeed="23.54" meanSpeedRelative="0.74" duration="1"/>
    <step time="76500.00" loaded="81600" inserted="80416" running="195" waiting="1184" ended="80221" arrived="80221" collisions="190" teleports="190" halting="2" stopped="0" meanWaitingTime="1399.16" meanTravelTime="359.42" meanSpeed="23.61" meanSpeedRelative="0.74" duration="1"/>
    <step time="76800.00" loaded="81790" inserted="80630" running="213" waiting="1160" ended="80417" arrived="80417" collisions="190" teleports="190" halting="2" stopped="0" meanWaitingTime="1405.04" meanTravelTime="359.27" meanSpeed="23.79" meanSpeedRelative="0.74" duration="2"/>
    <step time="77100.00" loaded="81999" inserted="80869" running="224" waiting="1130" ended="80645" arrived="80645" collisions="191" teleports="191" halting="4" stopped="0" meanWaitingTime="1410.99" meanTravelTime="359.04" meanSpeed="23.85" meanSpeedRelative="0.75" duration="1"/>
    <step time="77400.00" loaded="82193" inserted="81084" running="198" waiting="1109" ended="80886" arrived="80886" collisions="191" teleports="191" halting="1" stopped="0" meanWaitingTime="1417.08" meanTravelTime="358.79" meanSpeed="22.45" meanSpeedRelative="0.70" duration="1"/>
    <step time="77700.00" loaded="82398" inserted="81308" running="208" waiting="1090" ended="81100" arrived="81100" collisions="191" teleports="191" halting="0" stopped="0" meanWaitingTime="1422.47" meanTravelTime="358.55" meanSpeed="23.84" meanSpeedRelative="0.75" duration="1"/>
    <step time="78000.00" loaded="82596" inserted="81530" running="206" waiting="1066" ended="81324" arrived="81324" collisions="191" teleports="191" halting="1" stopped="0" meanWaitingTime="1428.41" meanTravelTime="358.33" meanSpeed="22.71" meanSpeedRelative="0.71" duration="2"/>
    <step time="78300.00" loaded="82796" inserted="81752" running="224" waiting="1044" ended="81528" arrived="81528" collisions="192" teleports="192" halting="2" stopped="0" meanWaitingTime="1434.56" meanTravelTime="358.15" meanSpeed="23.80" meanSpeedRelative="0.74" duration="1"/>
    <step time="78600.00" loaded="82981" inserted="81958" running="204" waiting="1023" ended="81754" arrived="81754" collisions="192" teleports="192" halting="1" stopped="0" meanWaitingTime="1441.21" meanTravelTime="357.94" meanSpeed="24.01" meanSpeedRelative="0.75" duration="1"/>
    <step time="78900.00" loaded="83165" inserted="82164" running="185" waiting="1001" ended="81979" arrived="81979" collisions="192" teleports="192" halting="3" stopped="0" meanWaitingTime="1447.31" meanTravelTime="357.81" meanSpeed="23.23" meanSpeedRelative="0.73" duration="2"/>
    <step time="79200.00" loaded="83358" inserted="82377" running="207" waiting="981" ended="82170" arrived="82170" collisions="192" teleports="192" halting="2" stopped="0" meanWaitingTime="1453.27" meanTravelTime="357.65" meanSpeed="23.49" meanSpeedRelative="0.73" duration="85"/>
    <step time="79500.00" loaded="83533" inserted="82580" running="202" waiting="953" ended="82378" arrived="82378" collisions="192" teleports="192" halting="1" stopped="0" meanWaitingTime="1459.62" meanTravelTime="357.47" meanSpeed="24.40" meanSpeedRelative="0.76" duration="1"/>
    <step time="79800.00" loaded="83714" inserted="82780" running="207" waiting="934" ended="82573" arrived="82573" collisions="192" teleports="192" halting="2" stopped="0" meanWaitingTime="1465.21" meanTravelTime="357.32" meanSpeed="23.90" meanSpeedRelative="0.75" duration="2"/>
    <step time="80100.00" loaded="83885" inserted="82980" running="220" waiting="905" ended="82760" arrived="82760" collisions="192" teleports="192" halting="3" stopped="0" meanWaitingTime="1471.28" meanTravelTime="357.23" meanSpeed="23.67" meanSpeedRelative="0.74" duration="1"/>
    <step time="80400.00" loaded="84069" inserted="83194" running="221" waiting="875" ended="82973" arrived="82973" collisions="193" teleports="193" halting="3" stopped="0" meanWaitingTime="1478.11" meanTravelTime="357.11" meanSpeed="23.10" meanSpeedRelative="0.72" duration="2"/>
    <step time="80700.00" loaded="84230" inserted="83378" running="196" waiting="852" ended="83182" arrived="83182" collisions="193" teleports="193" halting="5" stopped="0" meanWaitingTime="1484.69" meanTravelTime="357.00" meanSpeed="21.77" meanSpeedRelative="0.68" duration="2"/>
    <step time="81000.00" loaded="84396" inserted="83570" running="194" waiting="826" ended="83376" arrived="83376" collisions="193" teleports="193" halting="3" stopped="0" meanWaitingTime="1491.10" meanTravelTime="356.91" meanSpeed="23.67" meanSpeedRelative="0.74" duration="1"/>
    <step time="81300.00" loaded="84555" inserted="83756" running="191" waiting="799" ended="83565" arrived="83565" collisions="193" teleports="193" halting="0" stopped="0" meanWaitingTime="1497.10" meanTravelTime="356.79" meanSpeed="23.71" meanSpeedRelative="0.74" duration="1"/>
    <step time="81600.00" loaded="84735" inserted="83961" running="211" waiting="774" ended="83750" arrived="83750" collisions="195" teleports="195" halting="0" stopped="0" meanWaitingTime="1502.98" meanTravelTime="356.67" meanSpeed="24.13" meanSpeedRelative="0.75" duration="2"/>
    <step time="81900.00" loaded="84893" inserted="84142" running="182" waiting="751" ended="83960" arrived="83960" collisions="196" teleports="196" halting="1" stopped="0" meanWaitingTime="1509.02" meanTravelTime="356.54" meanSpeed="23.62" meanSpeedRelative="0.74" duration="1"/>
    <step time="82200.00" loaded="85069" inserted="84339" running="191" waiting="730" ended="84148" arrived="84148" collisions="197" teleports="197" halting="0" stopped="0" meanWaitingTime="1515.50" meanTravelTime="356.38" meanSpeed="23.94" meanSpeedRelative="0.75" duration="1"/>
    <step time="82500.00" loaded="85221" inserted="84517" running="171" waiting="704" ended="84346" arrived="84346" collisions="197" teleports="197" halting="1" stopped="0" meanWaitingTime="1521.84" meanTravelTime="356.24" meanSpeed="23.82" meanSpeedRelative="0.74" duration="1"/>
</summary>
