<?xml version="1.0" encoding="UTF-8"?>

<!-- generated on 2025-08-08 17:47:37 by Eclipse SUMO sumo Version 1.23.1
<sumoConfiguration xmlns:xsi="http://www.w3.org/2001/XMLSchema-instance" xsi:noNamespaceSchemaLocation="http://sumo.dlr.de/xsd/sumoConfiguration.xsd">

    <input>
        <net-file value="Desktop\Master Thesis\Network_fin.net.xml"/>
        <route-files value="Desktop\Master Thesis\demand_model_amsterdam.rou.xml"/>
        <additional-files value="Desktop\Master Thesis\Additionnal.add.xml"/>
    </input>

    <output>
        <summary-output value="outputf\summary_metaline_92372.xml"/>
        <summary-output.period value="300"/>
        <tripinfo-output value="outputf\tripinfo_metaline_92372.xml"/>
    </output>

    <time>
        <begin value="0"/>
        <end value="82800"/>
        <step-length value="1"/>
    </time>

    <processing>
        <time-to-teleport value="-1"/>
    </processing>

    <report>
        <verbose value="true"/>
        <no-step-log value="true"/>
    </report>

    <emissions>
        <device.emissions.period value="10"/>
    </emissions>

    <traci_server>
        <remote-port value="56557"/>
    </traci_server>

    <random_number>
        <seed value="92372"/>
    </random_number>

</sumoConfiguration>
-->

<summary xmlns:xsi="http://www.w3.org/2001/XMLSchema-instance" xsi:noNamespaceSchemaLocation="http://sumo.dlr.de/xsd/summary_file.xsd">
    <step time="0.00" loaded="0" inserted="0" running="0" waiting="0" ended="0" arrived="0" collisions="0" teleports="0" halting="0" stopped="0" meanWaitingTime="-1.00" meanTravelTime="-1.00" meanSpeed="-1.00" meanSpeedRelative="-1.00" duration="0"/>
    <step time="300.00" loaded="181" inserted="181" running="101" waiting="0" ended="80" arrived="80" collisions="0" teleports="0" halting="1" stopped="0" meanWaitingTime="0.54" meanTravelTime="97.45" meanSpeed="25.09" meanSpeedRelative="0.78" duration="2"/>
    <step time="600.00" loaded="369" inserted="367" running="141" waiting="2" ended="226" arrived="226" collisions="0" teleports="0" halting="0" stopped="0" meanWaitingTime="0.47" meanTravelTime="144.00" meanSpeed="24.57" meanSpeedRelative="0.77" duration="1"/>
    <step time="900.00" loaded="560" inserted="560" running="158" waiting="0" ended="402" arrived="402" collisions="0" teleports="0" halting="0" stopped="0" meanWaitingTime="0.43" meanTravelTime="171.27" meanSpeed="25.23" meanSpeedRelative="0.79" duration="1"/>
    <step time="1200.00" loaded="733" inserted="733" running="167" waiting="0" ended="566" arrived="566" collisions="0" teleports="0" halting="2" stopped="0" meanWaitingTime="0.43" meanTravelTime="192.59" meanSpeed="25.67" meanSpeedRelative="0.80" duration="2"/>
    <step time="1500.00" loaded="903" inserted="903" running="158" waiting="0" ended="745" arrived="745" collisions="0" teleports="0" halting="1" stopped="0" meanWaitingTime="0.44" meanTravelTime="213.33" meanSpeed="25.15" meanSpeedRelative="0.79" duration="1"/>
    <step time="1800.00" loaded="1104" inserted="1104" running="168" waiting="0" ended="936" arrived="936" collisions="0" teleports="0" halting="2" stopped="0" meanWaitingTime="0.43" meanTravelTime="220.57" meanSpeed="25.25" meanSpeedRelative="0.79" duration="1"/>
    <step time="2100.00" loaded="1309" inserted="1309" running="177" waiting="0" ended="1132" arrived="1132" collisions="0" teleports="0" halting="1" stopped="0" meanWaitingTime="0.43" meanTravelTime="226.95" meanSpeed="24.43" meanSpeedRelative="0.76" duration="1"/>
    <step time="2400.00" loaded="1486" inserted="1486" running="158" waiting="0" ended="1328" arrived="1328" collisions="0" teleports="0" halting="1" stopped="0" meanWaitingTime="0.44" meanTravelTime="229.48" meanSpeed="25.60" meanSpeedRelative="0.80" duration="1"/>
    <step time="2700.00" loaded="1667" inserted="1667" running="140" waiting="0" ended="1527" arrived="1527" collisions="0" teleports="0" halting="4" stopped="0" meanWaitingTime="0.45" meanTravelTime="234.60" meanSpeed="23.94" meanSpeedRelative="0.75" duration="1"/>
    <step time="3000.00" loaded="1836" inserted="1836" running="131" waiting="0" ended="1705" arrived="1705" collisions="1" teleports="1" halting="0" stopped="0" meanWaitingTime="0.43" meanTravelTime="236.23" meanSpeed="25.15" meanSpeedRelative="0.79" duration="0"/>
    <step time="3300.00" loaded="2018" inserted="2017" running="159" waiting="1" ended="1858" arrived="1858" collisions="2" teleports="2" halting="1" stopped="0" meanWaitingTime="0.43" meanTravelTime="235.21" meanSpeed="23.68" meanSpeedRelative="0.74" duration="1"/>
    <step time="3600.00" loaded="2205" inserted="2205" running="163" waiting="0" ended="2042" arrived="2042" collisions="2" teleports="2" halting="1" stopped="0" meanWaitingTime="0.45" meanTravelTime="236.55" meanSpeed="25.41" meanSpeedRelative="0.79" duration="85"/>
    <step time="3900.00" loaded="2319" inserted="2319" running="114" waiting="0" ended="2205" arrived="2205" collisions="2" teleports="2" halting="0" stopped="0" meanWaitingTime="0.44" meanTravelTime="238.84" meanSpeed="25.40" meanSpeedRelative="0.79" duration="1"/>
    <step time="4200.00" loaded="2422" inserted="2422" running="92" waiting="0" ended="2330" arrived="2330" collisions="2" teleports="2" halting="1" stopped="0" meanWaitingTime="0.43" meanTravelTime="242.03" meanSpeed="25.79" meanSpeedRelative="0.81" duration="1"/>
    <step time="4500.00" loaded="2529" inserted="2529" running="94" waiting="0" ended="2435" arrived="2435" collisions="2" teleports="2" halting="1" stopped="0" meanWaitingTime="0.43" meanTravelTime="244.06" meanSpeed="26.33" meanSpeedRelative="0.82" duration="1"/>
    <step time="4800.00" loaded="2662" inserted="2661" running="106" waiting="1" ended="2555" arrived="2555" collisions="2" teleports="2" halting="2" stopped="0" meanWaitingTime="0.42" meanTravelTime="243.70" meanSpeed="24.88" meanSpeedRelative="0.78" duration="0"/>
    <step time="5100.00" loaded="2766" inserted="2766" running="83" waiting="0" ended="2683" arrived="2683" collisions="2" teleports="2" halting="2" stopped="0" meanWaitingTime="0.41" meanTravelTime="243.04" meanSpeed="25.08" meanSpeedRelative="0.78" duration="1"/>
    <step time="5400.00" loaded="2868" inserted="2868" running="92" waiting="0" ended="2776" arrived="2776" collisions="2" teleports="2" halting="3" stopped="0" meanWaitingTime="0.40" meanTravelTime="244.22" meanSpeed="24.59" meanSpeedRelative="0.77" duration="0"/>
    <step time="5700.00" loaded="2974" inserted="2974" running="87" waiting="0" ended="2887" arrived="2887" collisions="2" teleports="2" halting="2" stopped="0" meanWaitingTime="0.40" meanTravelTime="244.18" meanSpeed="26.08" meanSpeedRelative="0.82" duration="1"/>
    <step time="6000.00" loaded="3081" inserted="3081" running="90" waiting="0" ended="2991" arrived="2991" collisions="2" teleports="2" halting="1" stopped="0" meanWaitingTime="0.39" meanTravelTime="243.55" meanSpeed="25.06" meanSpeedRelative="0.78" duration="0"/>
    <step time="6300.00" loaded="3191" inserted="3191" running="98" waiting="0" ended="3093" arrived="3093" collisions="2" teleports="2" halting="2" stopped="0" meanWaitingTime="0.38" meanTravelTime="242.07" meanSpeed="25.72" meanSpeedRelative="0.80" duration="1"/>
    <step time="6600.00" loaded="3313" inserted="3313" running="104" waiting="0" ended="3209" arrived="3209" collisions="2" teleports="2" halting="3" stopped="0" meanWaitingTime="0.38" meanTravelTime="243.64" meanSpeed="25.14" meanSpeedRelative="0.79" duration="1"/>
    <step time="6900.00" loaded="3414" inserted="3414" running="90" waiting="0" ended="3324" arrived="3324" collisions="2" teleports="2" halting="1" stopped="0" meanWaitingTime="0.38" meanTravelTime="244.21" meanSpeed="25.42" meanSpeedRelative="0.79" duration="1"/>
    <step time="7200.00" loaded="3528" inserted="3528" running="94" waiting="0" ended="3434" arrived="3434" collisions="2" teleports="2" halting="0" stopped="0" meanWaitingTime="0.38" meanTravelTime="244.68" meanSpeed="26.14" meanSpeedRelative="0.82" duration="86"/>
    <step time="7500.00" loaded="3685" inserted="3684" running="124" waiting="1" ended="3560" arrived="3560" collisions="2" teleports="2" halting="0" stopped="0" meanWaitingTime="0.37" meanTravelTime="243.83" meanSpeed="25.96" meanSpeedRelative="0.81" duration="1"/>
    <step time="7800.00" loaded="3845" inserted="3845" running="135" waiting="0" ended="3710" arrived="3710" collisions="2" teleports="2" halting="2" stopped="0" meanWaitingTime="0.38" meanTravelTime="244.46" meanSpeed="24.83" meanSpeedRelative="0.78" duration="1"/>
    <step time="8100.00" loaded="4018" inserted="4018" running="144" waiting="0" ended="3874" arrived="3874" collisions="2" teleports="2" halting="1" stopped="0" meanWaitingTime="0.40" meanTravelTime="244.08" meanSpeed="24.69" meanSpeedRelative="0.77" duration="1"/>
    <step time="8400.00" loaded="4169" inserted="4168" running="151" waiting="1" ended="4017" arrived="4017" collisions="3" teleports="3" halting="0" stopped="0" meanWaitingTime="0.40" meanTravelTime="243.86" meanSpeed="25.83" meanSpeedRelative="0.81" duration="1"/>
    <step time="8700.00" loaded="4317" inserted="4317" running="117" waiting="0" ended="4200" arrived="4200" collisions="3" teleports="3" halting="0" stopped="0" meanWaitingTime="0.40" meanTravelTime="246.52" meanSpeed="24.73" meanSpeedRelative="0.77" duration="0"/>
    <step time="9000.00" loaded="4477" inserted="4477" running="128" waiting="0" ended="4349" arrived="4349" collisions="3" teleports="3" halting="0" stopped="0" meanWaitingTime="0.41" meanTravelTime="246.03" meanSpeed="24.90" meanSpeedRelative="0.78" duration="1"/>
    <step time="9300.00" loaded="4637" inserted="4637" running="129" waiting="0" ended="4508" arrived="4508" collisions="4" teleports="4" halting="0" stopped="0" meanWaitingTime="0.41" meanTravelTime="245.80" meanSpeed="25.26" meanSpeedRelative="0.79" duration="1"/>
    <step time="9600.00" loaded="4793" inserted="4793" running="127" waiting="0" ended="4666" arrived="4666" collisions="4" teleports="4" halting="1" stopped="0" meanWaitingTime="0.41" meanTravelTime="246.25" meanSpeed="25.10" meanSpeedRelative="0.78" duration="1"/>
    <step time="9900.00" loaded="4953" inserted="4953" running="115" waiting="0" ended="4838" arrived="4838" collisions="4" teleports="4" halting="0" stopped="0" meanWaitingTime="0.41" meanTravelTime="245.83" meanSpeed="25.09" meanSpeedRelative="0.78" duration="1"/>
    <step time="10200.00" loaded="5102" inserted="5102" running="111" waiting="0" ended="4991" arrived="4991" collisions="4" teleports="4" halting="1" stopped="0" meanWaitingTime="0.41" meanTravelTime="245.37" meanSpeed="26.21" meanSpeedRelative="0.82" duration="1"/>
    <step time="10500.00" loaded="5246" inserted="5246" running="120" waiting="0" ended="5126" arrived="5126" collisions="5" teleports="5" halting="1" stopped="0" meanWaitingTime="0.41" meanTravelTime="245.19" meanSpeed="25.45" meanSpeedRelative="0.80" duration="0"/>
    <step time="10800.00" loaded="5391" inserted="5391" running="108" waiting="0" ended="5283" arrived="5283" collisions="5" teleports="5" halting="3" stopped="0" meanWaitingTime="0.41" meanTravelTime="244.67" meanSpeed="25.03" meanSpeedRelative="0.78" duration="87"/>
    <step time="11100.00" loaded="5531" inserted="5531" running="102" waiting="0" ended="5429" arrived="5429" collisions="5" teleports="5" halting="1" stopped="0" meanWaitingTime="0.40" meanTravelTime="244.96" meanSpeed="24.49" meanSpeedRelative="0.77" duration="0"/>
    <step time="11400.00" loaded="5674" inserted="5674" running="115" waiting="0" ended="5559" arrived="5559" collisions="5" teleports="5" halting="1" stopped="0" meanWaitingTime="0.40" meanTravelTime="244.40" meanSpeed="24.95" meanSpeedRelative="0.78" duration="1"/>
    <step time="11700.00" loaded="5832" inserted="5832" running="120" waiting="0" ended="5712" arrived="5712" collisions="5" teleports="5" halting="2" stopped="0" meanWaitingTime="0.40" meanTravelTime="244.31" meanSpeed="23.80" meanSpeedRelative="0.74" duration="1"/>
    <step time="12000.00" loaded="5972" inserted="5972" running="106" waiting="0" ended="5866" arrived="5866" collisions="5" teleports="5" halting="0" stopped="0" meanWaitingTime="0.40" meanTravelTime="243.54" meanSpeed="25.33" meanSpeedRelative="0.79" duration="1"/>
    <step time="12300.00" loaded="6105" inserted="6104" running="99" waiting="1" ended="6005" arrived="6005" collisions="5" teleports="5" halting="1" stopped="0" meanWaitingTime="0.40" meanTravelTime="243.40" meanSpeed="24.79" meanSpeedRelative="0.77" duration="1"/>
    <step time="12600.00" loaded="6250" inserted="6250" running="113" waiting="0" ended="6137" arrived="6137" collisions="5" teleports="5" halting="1" stopped="0" meanWaitingTime="0.39" meanTravelTime="243.32" meanSpeed="24.98" meanSpeedRelative="0.78" duration="0"/>
    <step time="12900.00" loaded="6391" inserted="6391" running="113" waiting="0" ended="6278" arrived="6278" collisions="5" teleports="5" halting="1" stopped="0" meanWaitingTime="0.40" meanTravelTime="242.36" meanSpeed="25.22" meanSpeedRelative="0.79" duration="1"/>
    <step time="13200.00" loaded="6539" inserted="6539" running="117" waiting="0" ended="6422" arrived="6422" collisions="5" teleports="5" halting="0" stopped="0" meanWaitingTime="0.40" meanTravelTime="242.32" meanSpeed="24.71" meanSpeedRelative="0.77" duration="1"/>
    <step time="13500.00" loaded="6675" inserted="6675" running="101" waiting="0" ended="6574" arrived="6574" collisions="5" teleports="5" halting="2" stopped="0" meanWaitingTime="0.40" meanTravelTime="242.05" meanSpeed="24.42" meanSpeedRelative="0.76" duration="1"/>
    <step time="13800.00" loaded="6834" inserted="6834" running="122" waiting="0" ended="6712" arrived="6712" collisions="5" teleports="5" halting="3" stopped="0" meanWaitingTime="0.41" meanTravelTime="241.47" meanSpeed="24.68" meanSpeedRelative="0.77" duration="0"/>
    <step time="14100.00" loaded="6988" inserted="6986" running="115" waiting="2" ended="6871" arrived="6871" collisions="5" teleports="5" halting="0" stopped="0" meanWaitingTime="0.41" meanTravelTime="240.95" meanSpeed="24.96" meanSpeedRelative="0.78" duration="1"/>
    <step time="14400.00" loaded="7164" inserted="7164" running="125" waiting="0" ended="7039" arrived="7039" collisions="6" teleports="6" halting="1" stopped="0" meanWaitingTime="0.41" meanTravelTime="240.59" meanSpeed="26.54" meanSpeedRelative="0.83" duration="88"/>
    <step time="14700.00" loaded="7263" inserted="7263" running="85" waiting="0" ended="7178" arrived="7178" collisions="6" teleports="6" halting="0" stopped="0" meanWaitingTime="0.41" meanTravelTime="240.60" meanSpeed="25.46" meanSpeedRelative="0.80" duration="1"/>
    <step time="15000.00" loaded="7371" inserted="7371" running="84" waiting="0" ended="7287" arrived="7287" collisions="6" teleports="6" halting="0" stopped="0" meanWaitingTime="0.41" meanTravelTime="240.38" meanSpeed="24.52" meanSpeedRelative="0.77" duration="0"/>
    <step time="15300.00" loaded="7477" inserted="7477" running="77" waiting="0" ended="7400" arrived="7400" collisions="6" teleports="6" halting="2" stopped="0" meanWaitingTime="0.41" meanTravelTime="240.18" meanSpeed="24.23" meanSpeedRelative="0.76" duration="1"/>
    <step time="15600.00" loaded="7559" inserted="7559" running="59" waiting="0" ended="7500" arrived="7500" collisions="6" teleports="6" halting="0" stopped="0" meanWaitingTime="0.41" meanTravelTime="240.41" meanSpeed="24.59" meanSpeedRelative="0.77" duration="1"/>
    <step time="15900.00" loaded="7661" inserted="7661" running="71" waiting="0" ended="7590" arrived="7590" collisions="6" teleports="6" halting="0" stopped="0" meanWaitingTime="0.40" meanTravelTime="239.77" meanSpeed="24.72" meanSpeedRelative="0.77" duration="0"/>
    <step time="16200.00" loaded="7781" inserted="7781" running="86" waiting="0" ended="7695" arrived="7695" collisions="6" teleports="6" halting="1" stopped="0" meanWaitingTime="0.40" meanTravelTime="239.68" meanSpeed="24.61" meanSpeedRelative="0.77" duration="1"/>
    <step time="16500.00" loaded="7884" inserted="7884" running="73" waiting="0" ended="7811" arrived="7811" collisions="6" teleports="6" halting="3" stopped="0" meanWaitingTime="0.40" meanTravelTime="238.94" meanSpeed="24.37" meanSpeedRelative="0.76" duration="1"/>
    <step time="16800.00" loaded="7987" inserted="7987" running="73" waiting="0" ended="7914" arrived="7914" collisions="7" teleports="7" halting="2" stopped="0" meanWaitingTime="0.39" meanTravelTime="238.74" meanSpeed="24.54" meanSpeedRelative="0.77" duration="1"/>
    <step time="17100.00" loaded="8084" inserted="8084" running="85" waiting="0" ended="7999" arrived="7999" collisions="7" teleports="7" halting="3" stopped="0" meanWaitingTime="0.39" meanTravelTime="238.66" meanSpeed="24.40" meanSpeedRelative="0.76" duration="0"/>
    <step time="17400.00" loaded="8183" inserted="8183" running="70" waiting="0" ended="8113" arrived="8113" collisions="7" teleports="7" halting="1" stopped="0" meanWaitingTime="0.39" meanTravelTime="238.61" meanSpeed="25.15" meanSpeedRelative="0.79" duration="1"/>
    <step time="17700.00" loaded="8285" inserted="8285" running="74" waiting="0" ended="8211" arrived="8211" collisions="7" teleports="7" halting="0" stopped="0" meanWaitingTime="0.39" meanTravelTime="238.41" meanSpeed="25.51" meanSpeedRelative="0.80" duration="1"/>
    <step time="18000.00" loaded="8384" inserted="8384" running="68" waiting="0" ended="8316" arrived="8316" collisions="7" teleports="7" halting="2" stopped="0" meanWaitingTime="0.38" meanTravelTime="237.86" meanSpeed="25.62" meanSpeedRelative="0.80" duration="81"/>
    <step time="18300.00" loaded="8595" inserted="8594" running="148" waiting="1" ended="8446" arrived="8446" collisions="7" teleports="7" halting="1" stopped="0" meanWaitingTime="0.39" meanTravelTime="237.21" meanSpeed="24.39" meanSpeedRelative="0.76" duration="1"/>
    <step time="18600.00" loaded="8805" inserted="8805" running="162" waiting="0" ended="8643" arrived="8643" collisions="7" teleports="7" halting="1" stopped="0" meanWaitingTime="0.40" meanTravelTime="236.27" meanSpeed="24.53" meanSpeedRelative="0.77" duration="1"/>
    <step time="18900.00" loaded="8989" inserted="8989" running="144" waiting="0" ended="8845" arrived="8845" collisions="7" teleports="7" halting="0" stopped="0" meanWaitingTime="0.41" meanTravelTime="236.23" meanSpeed="25.90" meanSpeedRelative="0.81" duration="1"/>
    <step time="19200.00" loaded="9182" inserted="9182" running="161" waiting="0" ended="9021" arrived="9021" collisions="7" teleports="7" halting="0" stopped="0" meanWaitingTime="0.41" meanTravelTime="236.71" meanSpeed="25.38" meanSpeedRelative="0.79" duration="0"/>
    <step time="19500.00" loaded="9372" inserted="9372" running="153" waiting="0" ended="9219" arrived="9219" collisions="7" teleports="7" halting="1" stopped="0" meanWaitingTime="0.42" meanTravelTime="237.13" meanSpeed="25.99" meanSpeedRelative="0.81" duration="1"/>
    <step time="19800.00" loaded="9588" inserted="9585" running="160" waiting="3" ended="9425" arrived="9425" collisions="7" teleports="7" halting="1" stopped="0" meanWaitingTime="0.42" meanTravelTime="236.90" meanSpeed="24.32" meanSpeedRelative="0.76" duration="1"/>
    <step time="20100.00" loaded="9774" inserted="9774" running="137" waiting="0" ended="9637" arrived="9637" collisions="7" teleports="7" halting="1" stopped="0" meanWaitingTime="0.43" meanTravelTime="236.63" meanSpeed="24.13" meanSpeedRelative="0.75" duration="0"/>
    <step time="20400.00" loaded="9986" inserted="9986" running="161" waiting="0" ended="9825" arrived="9825" collisions="7" teleports="7" halting="2" stopped="0" meanWaitingTime="0.43" meanTravelTime="236.75" meanSpeed="24.12" meanSpeedRelative="0.75" duration="1"/>
    <step time="20700.00" loaded="10186" inserted="10186" running="176" waiting="0" ended="10010" arrived="10010" collisions="7" teleports="7" halting="3" stopped="0" meanWaitingTime="0.43" meanTravelTime="236.94" meanSpeed="23.98" meanSpeedRelative="0.75" duration="1"/>
    <step time="21000.00" loaded="10363" inserted="10363" running="142" waiting="0" ended="10221" arrived="10221" collisions="7" teleports="7" halting="1" stopped="0" meanWaitingTime="0.43" meanTravelTime="237.50" meanSpeed="24.88" meanSpeedRelative="0.78" duration="1"/>
    <step time="21300.00" loaded="10564" inserted="10564" running="160" waiting="0" ended="10404" arrived="10404" collisions="7" teleports="7" halting="1" stopped="0" meanWaitingTime="0.43" meanTravelTime="237.50" meanSpeed="24.46" meanSpeedRelative="0.76" duration="1"/>
    <step time="21600.00" loaded="10764" inserted="10764" running="170" waiting="0" ended="10594" arrived="10594" collisions="7" teleports="7" halting="0" stopped="0" meanWaitingTime="0.43" meanTravelTime="237.97" meanSpeed="24.10" meanSpeedRelative="0.75" duration="80"/>
    <step time="21900.00" loaded="11237" inserted="11209" running="346" waiting="28" ended="10863" arrived="10863" collisions="7" teleports="7" halting="5" stopped="0" meanWaitingTime="0.70" meanTravelTime="237.55" meanSpeed="21.84" meanSpeedRelative="0.68" duration="2"/>
    <step time="22200.00" loaded="11720" inserted="11664" running="448" waiting="56" ended="11216" arrived="11216" collisions="9" teleports="9" halting="23" stopped="0" meanWaitingTime="1.53" meanTravelTime="237.83" meanSpeed="20.21" meanSpeedRelative="0.63" duration="2"/>
    <step time="22500.00" loaded="12185" inserted="12105" running="476" waiting="80" ended="11629" arrived="11629" collisions="10" teleports="10" halting="18" stopped="0" meanWaitingTime="3.06" meanTravelTime="239.63" meanSpeed="19.02" meanSpeedRelative="0.59" duration="2"/>
    <step time="22800.00" loaded="12655" inserted="12531" running="471" waiting="124" ended="12060" arrived="12060" collisions="10" teleports="10" halting="21" stopped="0" meanWaitingTime="5.03" meanTravelTime="242.42" meanSpeed="19.70" meanSpeedRelative="0.62" duration="3"/>
    <step time="23100.00" loaded="13155" inserted="12982" running="485" waiting="173" ended="12497" arrived="12497" collisions="10" teleports="10" halting="12" stopped="0" meanWaitingTime="7.68" meanTravelTime="244.99" meanSpeed="20.09" meanSpeedRelative="0.63" duration="2"/>
    <step time="23400.00" loaded="13593" inserted="13387" running="477" waiting="206" ended="12910" arrived="12910" collisions="11" teleports="11" halting="6" stopped="0" meanWaitingTime="11.00" meanTravelTime="248.05" meanSpeed="19.43" meanSpeedRelative="0.61" duration="3"/>
    <step time="23700.00" loaded="14038" inserted="13803" running="478" waiting="235" ended="13325" arrived="13325" collisions="14" teleports="14" halting="4" stopped="0" meanWaitingTime="14.92" meanTravelTime="251.22" meanSpeed="18.94" meanSpeedRelative="0.59" duration="2"/>
    <step time="24000.00" loaded="14487" inserted="14247" running="487" waiting="240" ended="13760" arrived="13760" collisions="14" teleports="14" halting="12" stopped="0" meanWaitingTime="19.21" meanTravelTime="254.22" meanSpeed="18.75" meanSpeedRelative="0.59" duration="3"/>
    <step time="24300.00" loaded="14947" inserted="14673" running="492" waiting="274" ended="14181" arrived="14181" collisions="14" teleports="14" halting="19" stopped="0" meanWaitingTime="23.47" meanTravelTime="256.58" meanSpeed="18.62" meanSpeedRelative="0.58" duration="3"/>
    <step time="24600.00" loaded="15441" inserted="15114" running="493" waiting="327" ended="14621" arrived="14621" collisions="15" teleports="15" halting="8" stopped="0" meanWaitingTime="27.83" meanTravelTime="259.68" meanSpeed="19.24" meanSpeedRelative="0.60" duration="5"/>
    <step time="24900.00" loaded="15941" inserted="15545" running="485" waiting="396" ended="15060" arrived="15060" collisions="15" teleports="15" halting="10" stopped="0" meanWaitingTime="32.78" meanTravelTime="261.43" meanSpeed="19.55" meanSpeedRelative="0.61" duration="3"/>
    <step time="25200.00" loaded="16415" inserted="15984" running="496" waiting="431" ended="15488" arrived="15488" collisions="16" teleports="16" halting="6" stopped="0" meanWaitingTime="38.22" meanTravelTime="263.31" meanSpeed="18.83" meanSpeedRelative="0.59" duration="86"/>
    <step time="25500.00" loaded="17018" inserted="16467" running="554" waiting="551" ended="15913" arrived="15913" collisions="18" teleports="18" halting="7" stopped="0" meanWaitingTime="43.92" meanTravelTime="265.08" meanSpeed="18.98" meanSpeedRelative="0.59" duration="3"/>
    <step time="25800.00" loaded="17554" inserted="16920" running="558" waiting="634" ended="16362" arrived="16362" collisions="20" teleports="20" halting="7" stopped="0" meanWaitingTime="49.95" meanTravelTime="267.48" meanSpeed="19.05" meanSpeedRelative="0.60" duration="3"/>
    <step time="26100.00" loaded="18119" inserted="17374" running="546" waiting="745" ended="16828" arrived="16828" collisions="21" teleports="21" halting="11" stopped="0" meanWaitingTime="56.71" meanTravelTime="270.35" meanSpeed="17.46" meanSpeedRelative="0.55" duration="3"/>
    <step time="26400.00" loaded="18693" inserted="17835" running="561" waiting="858" ended="17274" arrived="17274" collisions="21" teleports="21" halting="11" stopped="0" meanWaitingTime="64.37" meanTravelTime="272.50" meanSpeed="18.20" meanSpeedRelative="0.57" duration="4"/>
    <step time="26700.00" loaded="19269" inserted="18279" running="508" waiting="990" ended="17771" arrived="17771" collisions="24" teleports="24" halting="2" stopped="0" meanWaitingTime="72.27" meanTravelTime="275.03" meanSpeed="17.82" meanSpeedRelative="0.56" duration="2"/>
    <step time="27000.00" loaded="19837" inserted="18738" running="503" waiting="1099" ended="18235" arrived="18235" collisions="27" teleports="27" halting="11" stopped="0" meanWaitingTime="81.17" meanTravelTime="276.65" meanSpeed="18.55" meanSpeedRelative="0.58" duration="3"/>
    <step time="27300.00" loaded="20406" inserted="19201" running="507" waiting="1205" ended="18694" arrived="18694" collisions="27" teleports="27" halting="11" stopped="0" meanWaitingTime="90.79" meanTravelTime="277.99" meanSpeed="18.73" meanSpeedRelative="0.59" duration="3"/>
    <step time="27600.00" loaded="20946" inserted="19633" running="485" waiting="1313" ended="19148" arrived="19148" collisions="28" teleports="28" halting="4" stopped="0" meanWaitingTime="100.82" meanTravelTime="279.33" meanSpeed="19.08" meanSpeedRelative="0.60" duration="3"/>
    <step time="27900.00" loaded="21485" inserted="20100" running="526" waiting="1385" ended="19574" arrived="19574" collisions="28" teleports="28" halting="23" stopped="0" meanWaitingTime="111.76" meanTravelTime="280.38" meanSpeed="18.85" meanSpeedRelative="0.59" duration="3"/>
    <step time="28200.00" loaded="22033" inserted="20544" running="540" waiting="1489" ended="20004" arrived="20004" collisions="29" teleports="29" halting="21" stopped="0" meanWaitingTime="122.39" meanTravelTime="281.73" meanSpeed="18.73" meanSpeedRelative="0.59" duration="3"/>
    <step time="28500.00" loaded="22629" inserted="21019" running="524" waiting="1610" ended="20495" arrived="20495" collisions="30" teleports="30" halting="4" stopped="0" meanWaitingTime="134.06" meanTravelTime="283.51" meanSpeed="18.10" meanSpeedRelative="0.57" duration="3"/>
    <step time="28800.00" loaded="23189" inserted="21487" running="558" waiting="1702" ended="20929" arrived="20929" collisions="31" teleports="31" halting="10" stopped="0" meanWaitingTime="146.93" meanTravelTime="284.99" meanSpeed="17.86" meanSpeedRelative="0.56" duration="90"/>
    <step time="29100.00" loaded="23561" inserted="21884" running="490" waiting="1677" ended="21394" arrived="21394" collisions="33" teleports="33" halting="4" stopped="0" meanWaitingTime="159.43" meanTravelTime="286.43" meanSpeed="19.22" meanSpeedRelative="0.60" duration="3"/>
    <step time="29400.00" loaded="23901" inserted="22286" running="463" waiting="1615" ended="21823" arrived="21823" collisions="33" teleports="33" halting="10" stopped="0" meanWaitingTime="173.37" meanTravelTime="287.82" meanSpeed="19.29" meanSpeedRelative="0.60" duration="3"/>
    <step time="29700.00" loaded="24276" inserted="22706" running="455" waiting="1570" ended="22251" arrived="22251" collisions="33" teleports="33" halting="5" stopped="0" meanWaitingTime="186.15" meanTravelTime="289.10" meanSpeed="20.36" meanSpeedRelative="0.64" duration="3"/>
    <step time="30000.00" loaded="24603" inserted="23132" running="456" waiting="1471" ended="22676" arrived="22676" collisions="34" teleports="34" halting="12" stopped="0" meanWaitingTime="200.63" meanTravelTime="289.81" meanSpeed="19.76" meanSpeedRelative="0.62" duration="3"/>
    <step time="30300.00" loaded="24963" inserted="23556" running="455" waiting="1407" ended="23101" arrived="23101" collisions="35" teleports="35" halting="21" stopped="0" meanWaitingTime="213.64" meanTravelTime="290.17" meanSpeed="19.48" meanSpeedRelative="0.61" duration="4"/>
    <step time="30600.00" loaded="25310" inserted="23955" running="425" waiting="1355" ended="23530" arrived="23530" collisions="35" teleports="35" halting="8" stopped="0" meanWaitingTime="226.22" meanTravelTime="290.97" meanSpeed="19.52" meanSpeedRelative="0.61" duration="3"/>
    <step time="30900.00" loaded="25653" inserted="24336" running="377" waiting="1317" ended="23959" arrived="23959" collisions="39" teleports="39" halting="17" stopped="0" meanWaitingTime="238.64" meanTravelTime="291.47" meanSpeed="19.81" meanSpeedRelative="0.62" duration="3"/>
    <step time="31200.00" loaded="25995" inserted="24744" running="386" waiting="1251" ended="24358" arrived="24358" collisions="39" teleports="39" halting="5" stopped="0" meanWaitingTime="250.88" meanTravelTime="291.63" meanSpeed="20.71" meanSpeedRelative="0.65" duration="2"/>
    <step time="31500.00" loaded="26373" inserted="25168" running="424" waiting="1205" ended="24744" arrived="24744" collisions="41" teleports="41" halting="14" stopped="0" meanWaitingTime="262.99" meanTravelTime="291.48" meanSpeed="19.56" meanSpeedRelative="0.61" duration="4"/>
    <step time="31800.00" loaded="26724" inserted="25569" running="423" waiting="1155" ended="25146" arrived="25146" collisions="42" teleports="42" halting="19" stopped="0" meanWaitingTime="274.21" meanTravelTime="291.46" meanSpeed="20.46" meanSpeedRelative="0.64" duration="3"/>
    <step time="32100.00" loaded="27082" inserted="25977" running="419" waiting="1105" ended="25558" arrived="25558" collisions="42" teleports="42" halting="4" stopped="0" meanWaitingTime="283.53" meanTravelTime="291.76" meanSpeed="20.41" meanSpeedRelative="0.64" duration="3"/>
    <step time="32400.00" loaded="27439" inserted="26389" running="420" waiting="1050" ended="25969" arrived="25969" collisions="43" teleports="43" halting="13" stopped="0" meanWaitingTime="292.19" meanTravelTime="292.08" meanSpeed="19.92" meanSpeedRelative="0.62" duration="89"/>
    <step time="32700.00" loaded="27714" inserted="26733" running="359" waiting="981" ended="26374" arrived="26374" collisions="43" teleports="43" halting="9" stopped="0" meanWaitingTime="301.35" meanTravelTime="292.54" meanSpeed="20.61" meanSpeedRelative="0.64" duration="2"/>
    <step time="33000.00" loaded="27969" inserted="27053" running="325" waiting="916" ended="26728" arrived="26728" collisions="45" teleports="45" halting="17" stopped="0" meanWaitingTime="308.95" meanTravelTime="292.69" meanSpeed="21.34" meanSpeedRelative="0.67" duration="2"/>
    <step time="33300.00" loaded="28218" inserted="27375" running="313" waiting="843" ended="27062" arrived="27062" collisions="45" teleports="45" halting="18" stopped="0" meanWaitingTime="316.83" meanTravelTime="292.72" meanSpeed="21.03" meanSpeedRelative="0.66" duration="2"/>
    <step time="33600.00" loaded="28499" inserted="27729" running="319" waiting="770" ended="27410" arrived="27410" collisions="45" teleports="45" halting="19" stopped="0" meanWaitingTime="323.66" meanTravelTime="292.61" meanSpeed="21.25" meanSpeedRelative="0.66" duration="2"/>
    <step time="33900.00" loaded="28764" inserted="28052" running="298" waiting="712" ended="27754" arrived="27754" collisions="45" teleports="45" halting="17" stopped="0" meanWaitingTime="329.49" meanTravelTime="292.44" meanSpeed="21.11" meanSpeedRelative="0.66" duration="2"/>
    <step time="34200.00" loaded="29052" inserted="28389" running="310" waiting="663" ended="28079" arrived="28079" collisions="45" teleports="45" halting="19" stopped="0" meanWaitingTime="333.49" meanTravelTime="292.13" meanSpeed="21.28" meanSpeedRelative="0.66" duration="2"/>
    <step time="34500.00" loaded="29300" inserted="28703" running="296" waiting="597" ended="28407" arrived="28407" collisions="45" teleports="45" halting="2" stopped="0" meanWaitingTime="336.33" meanTravelTime="292.00" meanSpeed="20.20" meanSpeedRelative="0.63" duration="2"/>
    <step time="34800.00" loaded="29591" inserted="29053" running="318" waiting="538" ended="28735" arrived="28735" collisions="45" teleports="45" halting="12" stopped="0" meanWaitingTime="338.46" meanTravelTime="292.02" meanSpeed="20.31" meanSpeedRelative="0.63" duration="2"/>
    <step time="35100.00" loaded="29862" inserted="29375" running="320" waiting="487" ended="29055" arrived="29055" collisions="48" teleports="48" halting="18" stopped="0" meanWaitingTime="339.21" meanTravelTime="292.00" meanSpeed="20.26" meanSpeedRelative="0.63" duration="2"/>
    <step time="35400.00" loaded="30122" inserted="29658" running="263" waiting="464" ended="29395" arrived="29395" collisions="49" teleports="49" halting="2" stopped="0" meanWaitingTime="340.85" meanTravelTime="292.01" meanSpeed="21.93" meanSpeedRelative="0.69" duration="3"/>
    <step time="35700.00" loaded="30372" inserted="29929" running="252" waiting="443" ended="29677" arrived="29677" collisions="51" teleports="51" halting="2" stopped="0" meanWaitingTime="346.11" meanTravelTime="291.88" meanSpeed="23.06" meanSpeedRelative="0.72" duration="1"/>
    <step time="36000.00" loaded="30623" inserted="30206" running="263" waiting="417" ended="29943" arrived="29943" collisions="51" teleports="51" halting="1" stopped="0" meanWaitingTime="351.08" meanTravelTime="291.74" meanSpeed="23.31" meanSpeedRelative="0.73" duration="84"/>
    <step time="36300.00" loaded="31120" inserted="30680" running="382" waiting="440" ended="30298" arrived="30298" collisions="52" teleports="52" halting="5" stopped="0" meanWaitingTime="353.58" meanTravelTime="291.13" meanSpeed="22.04" meanSpeedRelative="0.69" duration="2"/>
    <step time="36600.00" loaded="31582" inserted="31114" running="408" waiting="468" ended="30706" arrived="30706" collisions="52" teleports="52" halting="5" stopped="0" meanWaitingTime="356.26" meanTravelTime="290.94" meanSpeed="20.81" meanSpeedRelative="0.65" duration="3"/>
    <step time="36900.00" loaded="32048" inserted="31569" running="428" waiting="479" ended="31141" arrived="31141" collisions="54" teleports="54" halting="8" stopped="0" meanWaitingTime="358.23" meanTravelTime="290.67" meanSpeed="19.59" meanSpeedRelative="0.61" duration="3"/>
    <step time="37200.00" loaded="32480" inserted="31997" running="450" waiting="483" ended="31547" arrived="31547" collisions="54" teleports="54" halting="4" stopped="0" meanWaitingTime="359.34" meanTravelTime="290.70" meanSpeed="20.78" meanSpeedRelative="0.65" duration="3"/>
    <step time="37500.00" loaded="32957" inserted="32442" running="459" waiting="515" ended="31983" arrived="31983" collisions="54" teleports="54" halting="7" stopped="0" meanWaitingTime="358.23" meanTravelTime="291.07" meanSpeed="20.73" meanSpeedRelative="0.65" duration="3"/>
    <step time="37800.00" loaded="33414" inserted="32871" running="440" waiting="543" ended="32431" arrived="32431" collisions="54" teleports="54" halting="10" stopped="0" meanWaitingTime="357.58" meanTravelTime="291.12" meanSpeed="20.28" meanSpeedRelative="0.63" duration="2"/>
    <step time="38100.00" loaded="33873" inserted="33293" running="454" waiting="580" ended="32839" arrived="32839" collisions="55" teleports="55" halting="22" stopped="0" meanWaitingTime="356.89" meanTravelTime="291.55" meanSpeed="19.65" meanSpeedRelative="0.61" duration="2"/>
    <step time="38400.00" loaded="34345" inserted="33745" running="473" waiting="600" ended="33272" arrived="33272" collisions="56" teleports="56" halting="13" stopped="0" meanWaitingTime="357.87" meanTravelTime="291.92" meanSpeed="19.80" meanSpeedRelative="0.62" duration="3"/>
    <step time="38700.00" loaded="34831" inserted="34199" running="484" waiting="632" ended="33715" arrived="33715" collisions="59" teleports="59" halting="5" stopped="0" meanWaitingTime="357.16" meanTravelTime="292.06" meanSpeed="20.45" meanSpeedRelative="0.64" duration="3"/>
    <step time="39000.00" loaded="35294" inserted="34643" running="450" waiting="651" ended="34193" arrived="34193" collisions="59" teleports="59" halting="16" stopped="0" meanWaitingTime="357.53" meanTravelTime="292.61" meanSpeed="20.03" meanSpeedRelative="0.63" duration="3"/>
    <step time="39300.00" loaded="35723" inserted="35056" running="421" waiting="667" ended="34635" arrived="34635" collisions="60" teleports="60" halting="21" stopped="0" meanWaitingTime="357.48" meanTravelTime="292.61" meanSpeed="20.01" meanSpeedRelative="0.63" duration="4"/>
    <step time="39600.00" loaded="36202" inserted="35502" running="460" waiting="700" ended="35042" arrived="35042" collisions="61" teleports="61" halting="3" stopped="0" meanWaitingTime="357.68" meanTravelTime="292.74" meanSpeed="20.02" meanSpeedRelative="0.63" duration="88"/>
    <step time="39900.00" loaded="36733" inserted="35972" running="530" waiting="761" ended="35442" arrived="35442" collisions="63" teleports="63" halting="13" stopped="0" meanWaitingTime="357.89" meanTravelTime="293.09" meanSpeed="19.28" meanSpeedRelative="0.60" duration="3"/>
    <step time="40200.00" loaded="37227" inserted="36420" running="542" waiting="807" ended="35878" arrived="35878" collisions="65" teleports="65" halting="18" stopped="0" meanWaitingTime="356.87" meanTravelTime="293.76" meanSpeed="18.26" meanSpeedRelative="0.57" duration="4"/>
    <step time="40500.00" loaded="37779" inserted="36890" running="548" waiting="889" ended="36342" arrived="36342" collisions="65" teleports="65" halting="10" stopped="0" meanWaitingTime="356.71" meanTravelTime="294.46" meanSpeed="19.00" meanSpeedRelative="0.59" duration="4"/>
    <step time="40800.00" loaded="38308" inserted="37358" running="552" waiting="950" ended="36806" arrived="36806" collisions="66" teleports="66" halting="10" stopped="0" meanWaitingTime="357.90" meanTravelTime="295.40" meanSpeed="18.63" meanSpeedRelative="0.58" duration="3"/>
    <step time="41100.00" loaded="38827" inserted="37836" running="571" waiting="991" ended="37265" arrived="37265" collisions="67" teleports="67" halting="23" stopped="0" meanWaitingTime="358.85" meanTravelTime="296.24" meanSpeed="18.15" meanSpeedRelative="0.57" duration="4"/>
    <step time="41400.00" loaded="39350" inserted="38291" running="556" waiting="1059" ended="37735" arrived="37735" collisions="70" teleports="70" halting="12" stopped="0" meanWaitingTime="359.18" meanTravelTime="296.84" meanSpeed="18.11" meanSpeedRelative="0.57" duration="3"/>
    <step time="41700.00" loaded="39859" inserted="38742" running="540" waiting="1117" ended="38202" arrived="38202" collisions="70" teleports="70" halting="9" stopped="0" meanWaitingTime="359.83" meanTravelTime="297.67" meanSpeed="18.94" meanSpeedRelative="0.59" duration="4"/>
    <step time="42000.00" loaded="40370" inserted="39199" running="524" waiting="1171" ended="38675" arrived="38675" collisions="70" teleports="70" halting="23" stopped="0" meanWaitingTime="361.37" meanTravelTime="298.37" meanSpeed="18.87" meanSpeedRelative="0.59" duration="3"/>
    <step time="42300.00" loaded="40866" inserted="39664" running="525" waiting="1202" ended="39139" arrived="39139" collisions="70" teleports="70" halting="8" stopped="0" meanWaitingTime="361.79" meanTravelTime="298.94" meanSpeed="18.68" meanSpeedRelative="0.58" duration="2"/>
    <step time="42600.00" loaded="41348" inserted="40101" running="508" waiting="1247" ended="39593" arrived="39593" collisions="70" teleports="70" halting="12" stopped="0" meanWaitingTime="364.77" meanTravelTime="299.43" meanSpeed="18.35" meanSpeedRelative="0.57" duration="3"/>
    <step time="42900.00" loaded="41891" inserted="40565" running="537" waiting="1326" ended="40028" arrived="40028" collisions="72" teleports="72" halting="11" stopped="0" meanWaitingTime="365.95" meanTravelTime="300.01" meanSpeed="18.85" meanSpeedRelative="0.59" duration="4"/>
    <step time="43200.00" loaded="42420" inserted="41037" running="546" waiting="1383" ended="40491" arrived="40491" collisions="73" teleports="73" halting="13" stopped="0" meanWaitingTime="368.69" meanTravelTime="300.47" meanSpeed="18.34" meanSpeedRelative="0.57" duration="92"/>
    <step time="43500.00" loaded="42983" inserted="41527" running="594" waiting="1456" ended="40933" arrived="40933" collisions="73" teleports="73" halting="26" stopped="0" meanWaitingTime="371.09" meanTravelTime="300.92" meanSpeed="17.90" meanSpeedRelative="0.56" duration="4"/>
    <step time="43800.00" loaded="43524" inserted="41992" running="592" waiting="1532" ended="41400" arrived="41400" collisions="75" teleports="75" halting="19" stopped="0" meanWaitingTime="372.08" meanTravelTime="301.63" meanSpeed="17.95" meanSpeedRelative="0.56" duration="3"/>
    <step time="44100.00" loaded="44035" inserted="42414" running="567" waiting="1621" ended="41847" arrived="41847" collisions="75" teleports="75" halting="20" stopped="0" meanWaitingTime="372.19" meanTravelTime="302.54" meanSpeed="18.03" meanSpeedRelative="0.56" duration="3"/>
    <step time="44400.00" loaded="44551" inserted="42890" running="598" waiting="1661" ended="42292" arrived="42292" collisions="81" teleports="81" halting="12" stopped="0" meanWaitingTime="375.94" meanTravelTime="303.54" meanSpeed="18.28" meanSpeedRelative="0.57" duration="5"/>
    <step time="44700.00" loaded="45066" inserted="43360" running="605" waiting="1706" ended="42755" arrived="42755" collisions="81" teleports="81" halting="7" stopped="0" meanWaitingTime="377.38" meanTravelTime="304.44" meanSpeed="18.23" meanSpeedRelative="0.57" duration="4"/>
    <step time="45000.00" loaded="45618" inserted="43858" running="636" waiting="1760" ended="43222" arrived="43222" collisions="82" teleports="82" halting="6" stopped="0" meanWaitingTime="380.65" meanTravelTime="305.32" meanSpeed="17.54" meanSpeedRelative="0.55" duration="5"/>
    <step time="45300.00" loaded="46162" inserted="44332" running="635" waiting="1830" ended="43697" arrived="43697" collisions="83" teleports="83" halting="21" stopped="0" meanWaitingTime="384.69" meanTravelTime="306.13" meanSpeed="17.28" meanSpeedRelative="0.54" duration="3"/>
    <step time="45600.00" loaded="46698" inserted="44809" running="638" waiting="1889" ended="44171" arrived="44171" collisions="84" teleports="84" halting="8" stopped="0" meanWaitingTime="387.89" meanTravelTime="307.01" meanSpeed="16.91" meanSpeedRelative="0.53" duration="5"/>
    <step time="45900.00" loaded="47251" inserted="45272" running="642" waiting="1979" ended="44630" arrived="44630" collisions="84" teleports="84" halting="24" stopped="0" meanWaitingTime="390.67" meanTravelTime="307.84" meanSpeed="16.37" meanSpeedRelative="0.51" duration="5"/>
    <step time="46200.00" loaded="47784" inserted="45718" running="636" waiting="2066" ended="45082" arrived="45082" collisions="86" teleports="86" halting="22" stopped="0" meanWaitingTime="393.03" meanTravelTime="309.10" meanSpeed="16.72" meanSpeedRelative="0.52" duration="4"/>
    <step time="46500.00" loaded="48311" inserted="46177" running="636" waiting="2134" ended="45541" arrived="45541" collisions="86" teleports="86" halting="9" stopped="0" meanWaitingTime="396.21" meanTravelTime="310.11" meanSpeed="16.67" meanSpeedRelative="0.52" duration="5"/>
    <step time="46800.00" loaded="48840" inserted="46646" running="617" waiting="2194" ended="46029" arrived="46029" collisions="87" teleports="87" halting="7" stopped="0" meanWaitingTime="400.47" meanTravelTime="311.26" meanSpeed="17.26" meanSpeedRelative="0.54" duration="94"/>
    <step time="47100.00" loaded="49370" inserted="47102" running="611" waiting="2268" ended="46491" arrived="46491" collisions="89" teleports="89" halting="7" stopped="0" meanWaitingTime="404.66" meanTravelTime="312.40" meanSpeed="17.28" meanSpeedRelative="0.54" duration="5"/>
    <step time="47400.00" loaded="49891" inserted="47586" running="625" waiting="2305" ended="46961" arrived="46961" collisions="90" teleports="90" halting="11" stopped="0" meanWaitingTime="411.16" meanTravelTime="313.30" meanSpeed="17.40" meanSpeedRelative="0.54" duration="4"/>
    <step time="47700.00" loaded="50429" inserted="48058" running="628" waiting="2371" ended="47430" arrived="47430" collisions="91" teleports="91" halting="7" stopped="0" meanWaitingTime="415.46" meanTravelTime="314.01" meanSpeed="17.73" meanSpeedRelative="0.55" duration="5"/>
    <step time="48000.00" loaded="50934" inserted="48524" running="606" waiting="2410" ended="47918" arrived="47918" collisions="91" teleports="91" halting="5" stopped="0" meanWaitingTime="420.31" meanTravelTime="314.77" meanSpeed="17.51" meanSpeedRelative="0.55" duration="4"/>
    <step time="48300.00" loaded="51469" inserted="48991" running="610" waiting="2478" ended="48381" arrived="48381" collisions="91" teleports="91" halting="23" stopped="0" meanWaitingTime="425.95" meanTravelTime="315.68" meanSpeed="17.42" meanSpeedRelative="0.54" duration="4"/>
    <step time="48600.00" loaded="52025" inserted="49483" running="636" waiting="2542" ended="48847" arrived="48847" collisions="91" teleports="91" halting="4" stopped="0" meanWaitingTime="430.68" meanTravelTime="316.35" meanSpeed="17.77" meanSpeedRelative="0.56" duration="4"/>
    <step time="48900.00" loaded="52563" inserted="49941" running="612" waiting="2622" ended="49329" arrived="49329" collisions="91" teleports="91" halting="11" stopped="0" meanWaitingTime="437.00" meanTravelTime="317.05" meanSpeed="17.29" meanSpeedRelative="0.54" duration="6"/>
    <step time="49200.00" loaded="53100" inserted="50405" running="624" waiting="2695" ended="49781" arrived="49781" collisions="93" teleports="93" halting="5" stopped="0" meanWaitingTime="441.32" meanTravelTime="317.89" meanSpeed="18.09" meanSpeedRelative="0.57" duration="4"/>
    <step time="49500.00" loaded="53609" inserted="50899" running="620" waiting="2710" ended="50279" arrived="50279" collisions="93" teleports="93" halting="19" stopped="0" meanWaitingTime="448.70" meanTravelTime="318.57" meanSpeed="17.32" meanSpeedRelative="0.54" duration="4"/>
    <step time="49800.00" loaded="54148" inserted="51360" running="615" waiting="2788" ended="50745" arrived="50745" collisions="94" teleports="94" halting="3" stopped="0" meanWaitingTime="454.26" meanTravelTime="319.12" meanSpeed="17.69" meanSpeedRelative="0.55" duration="5"/>
    <step time="50100.00" loaded="54668" inserted="51822" running="606" waiting="2846" ended="51216" arrived="51216" collisions="95" teleports="95" halting="13" stopped="0" meanWaitingTime="461.54" meanTravelTime="320.04" meanSpeed="17.08" meanSpeedRelative="0.53" duration="7"/>
    <step time="50400.00" loaded="55165" inserted="52278" running="594" waiting="2887" ended="51684" arrived="51684" collisions="96" teleports="96" halting="6" stopped="0" meanWaitingTime="467.00" meanTravelTime="320.60" meanSpeed="17.62" meanSpeedRelative="0.55" duration="94"/>
    <step time="50700.00" loaded="55865" inserted="52837" running="695" waiting="3028" ended="52142" arrived="52142" collisions="102" teleports="102" halting="15" stopped="0" meanWaitingTime="473.89" meanTravelTime="321.09" meanSpeed="16.44" meanSpeedRelative="0.51" duration="6"/>
    <step time="51000.00" loaded="56620" inserted="53383" running="744" waiting="3237" ended="52639" arrived="52639" collisions="105" teleports="105" halting="23" stopped="0" meanWaitingTime="480.80" meanTravelTime="321.69" meanSpeed="15.57" meanSpeedRelative="0.49" duration="5"/>
    <step time="51300.00" loaded="57350" inserted="53906" running="769" waiting="3444" ended="53137" arrived="53137" collisions="110" teleports="110" halting="20" stopped="0" meanWaitingTime="487.54" meanTravelTime="322.49" meanSpeed="14.93" meanSpeedRelative="0.47" duration="7"/>
    <step time="51600.00" loaded="58094" inserted="54426" running="791" waiting="3668" ended="53635" arrived="53635" collisions="117" teleports="117" halting="15" stopped="0" meanWaitingTime="491.92" meanTravelTime="323.58" meanSpeed="14.82" meanSpeedRelative="0.46" duration="5"/>
    <step time="51900.00" loaded="58819" inserted="54951" running="829" waiting="3868" ended="54122" arrived="54122" collisions="118" teleports="118" halting="35" stopped="0" meanWaitingTime="498.13" meanTravelTime="324.47" meanSpeed="14.66" meanSpeedRelative="0.46" duration="6"/>
    <step time="52200.00" loaded="59515" inserted="55463" running="819" waiting="4052" ended="54644" arrived="54644" collisions="125" teleports="125" halting="20" stopped="0" meanWaitingTime="503.04" meanTravelTime="326.00" meanSpeed="14.80" meanSpeedRelative="0.46" duration="7"/>
    <step time="52500.00" loaded="60204" inserted="55998" running="820" waiting="4206" ended="55178" arrived="55178" collisions="126" teleports="126" halting="8" stopped="0" meanWaitingTime="510.62" meanTravelTime="327.26" meanSpeed="14.30" meanSpeedRelative="0.45" duration="8"/>
    <step time="52800.00" loaded="60944" inserted="56536" running="842" waiting="4408" ended="55694" arrived="55694" collisions="129" teleports="129" halting="37" stopped="0" meanWaitingTime="517.30" meanTravelTime="328.54" meanSpeed="13.47" meanSpeedRelative="0.42" duration="6"/>
    <step time="53100.00" loaded="61699" inserted="57048" running="860" waiting="4651" ended="56188" arrived="56188" collisions="131" teleports="131" halting="20" stopped="0" meanWaitingTime="522.31" meanTravelTime="330.12" meanSpeed="13.93" meanSpeedRelative="0.44" duration="7"/>
    <step time="53400.00" loaded="62434" inserted="57580" running="857" waiting="4854" ended="56723" arrived="56723" collisions="131" teleports="131" halting="8" stopped="0" meanWaitingTime="531.12" meanTravelTime="331.43" meanSpeed="14.02" meanSpeedRelative="0.44" duration="6"/>
    <step time="53700.00" loaded="63135" inserted="58069" running="843" waiting="5066" ended="57226" arrived="57226" collisions="136" teleports="136" halting="5" stopped="0" meanWaitingTime="537.30" meanTravelTime="332.80" meanSpeed="13.72" meanSpeedRelative="0.43" duration="6"/>
    <step time="54000.00" loaded="63857" inserted="58599" running="885" waiting="5258" ended="57714" arrived="57714" collisions="136" teleports="136" halting="14" stopped="0" meanWaitingTime="548.04" meanTravelTime="334.20" meanSpeed="13.05" meanSpeedRelative="0.41" duration="92"/>
    <step time="54300.00" loaded="64303" inserted="59027" running="813" waiting="5276" ended="58214" arrived="58214" collisions="138" teleports="138" halting="19" stopped="0" meanWaitingTime="559.17" meanTravelTime="335.85" meanSpeed="13.05" meanSpeedRelative="0.41" duration="5"/>
    <step time="54600.00" loaded="64801" inserted="59507" running="835" waiting="5294" ended="58672" arrived="58672" collisions="138" teleports="138" halting="26" stopped="0" meanWaitingTime="570.15" meanTravelTime="337.14" meanSpeed="12.81" meanSpeedRelative="0.40" duration="7"/>
    <step time="54900.00" loaded="65268" inserted="59959" running="794" waiting="5309" ended="59165" arrived="59165" collisions="139" teleports="139" halting="23" stopped="0" meanWaitingTime="582.00" meanTravelTime="338.76" meanSpeed="13.60" meanSpeedRelative="0.42" duration="8"/>
    <step time="55200.00" loaded="65736" inserted="60429" running="770" waiting="5307" ended="59659" arrived="59659" collisions="142" teleports="142" halting="21" stopped="0" meanWaitingTime="595.39" meanTravelTime="340.43" meanSpeed="14.66" meanSpeedRelative="0.46" duration="8"/>
    <step time="55500.00" loaded="66184" inserted="60882" running="724" waiting="5302" ended="60158" arrived="60158" collisions="145" teleports="145" halting="17" stopped="0" meanWaitingTime="607.62" meanTravelTime="341.67" meanSpeed="15.24" meanSpeedRelative="0.48" duration="5"/>
    <step time="55800.00" loaded="66672" inserted="61363" running="722" waiting="5309" ended="60641" arrived="60641" collisions="146" teleports="146" halting="4" stopped="0" meanWaitingTime="619.94" meanTravelTime="342.30" meanSpeed="15.11" meanSpeedRelative="0.47" duration="8"/>
    <step time="56100.00" loaded="67102" inserted="61828" running="737" waiting="5274" ended="61091" arrived="61091" collisions="150" teleports="150" halting="12" stopped="0" meanWaitingTime="634.31" meanTravelTime="343.25" meanSpeed="14.97" meanSpeedRelative="0.47" duration="6"/>
    <step time="56400.00" loaded="67548" inserted="62288" running="730" waiting="5260" ended="61558" arrived="61558" collisions="153" teleports="153" halting="29" stopped="0" meanWaitingTime="647.31" meanTravelTime="344.27" meanSpeed="15.74" meanSpeedRelative="0.49" duration="5"/>
    <step time="56700.00" loaded="67999" inserted="62727" running="705" waiting="5272" ended="62022" arrived="62022" collisions="155" teleports="155" halting="6" stopped="0" meanWaitingTime="659.79" meanTravelTime="345.24" meanSpeed="15.25" meanSpeedRelative="0.48" duration="6"/>
    <step time="57000.00" loaded="68441" inserted="63179" running="693" waiting="5262" ended="62486" arrived="62486" collisions="157" teleports="157" halting="12" stopped="0" meanWaitingTime="674.23" meanTravelTime="346.06" meanSpeed="15.60" meanSpeedRelative="0.49" duration="5"/>
    <step time="57300.00" loaded="68887" inserted="63616" running="691" waiting="5271" ended="62925" arrived="62925" collisions="158" teleports="158" halting="23" stopped="0" meanWaitingTime="686.09" meanTravelTime="346.96" meanSpeed="14.38" meanSpeedRelative="0.45" duration="5"/>
    <step time="57600.00" loaded="69318" inserted="64053" running="679" waiting="5265" ended="63374" arrived="63374" collisions="159" teleports="159" halting="5" stopped="0" meanWaitingTime="700.57" meanTravelTime="347.83" meanSpeed="15.81" meanSpeedRelative="0.49" duration="84"/>
    <step time="57900.00" loaded="69840" inserted="64549" running="723" waiting="5291" ended="63826" arrived="63826" collisions="160" teleports="160" halting="13" stopped="0" meanWaitingTime="713.73" meanTravelTime="348.88" meanSpeed="15.24" meanSpeedRelative="0.48" duration="8"/>
    <step time="58200.00" loaded="70444" inserted="65061" running="760" waiting="5383" ended="64301" arrived="64301" collisions="160" teleports="160" halting="5" stopped="0" meanWaitingTime="727.60" meanTravelTime="349.47" meanSpeed="15.45" meanSpeedRelative="0.48" duration="6"/>
    <step time="58500.00" loaded="70967" inserted="65540" running="734" waiting="5427" ended="64806" arrived="64806" collisions="163" teleports="163" halting="19" stopped="0" meanWaitingTime="740.06" meanTravelTime="350.29" meanSpeed="14.79" meanSpeedRelative="0.46" duration="7"/>
    <step time="58800.00" loaded="71548" inserted="66055" running="794" waiting="5493" ended="65261" arrived="65261" collisions="164" teleports="164" halting="21" stopped="0" meanWaitingTime="752.32" meanTravelTime="350.81" meanSpeed="14.36" meanSpeedRelative="0.45" duration="9"/>
    <step time="59100.00" loaded="72121" inserted="66550" running="825" waiting="5571" ended="65725" arrived="65725" collisions="165" teleports="165" halting="22" stopped="0" meanWaitingTime="765.05" meanTravelTime="351.83" meanSpeed="14.50" meanSpeedRelative="0.45" duration="9"/>
    <step time="59400.00" loaded="72638" inserted="66999" running="746" waiting="5639" ended="66253" arrived="66253" collisions="167" teleports="167" halting="12" stopped="0" meanWaitingTime="775.53" meanTravelTime="353.09" meanSpeed="14.32" meanSpeedRelative="0.45" duration="8"/>
    <step time="59700.00" loaded="73209" inserted="67487" running="742" waiting="5722" ended="66745" arrived="66745" collisions="168" teleports="168" halting="7" stopped="0" meanWaitingTime="787.94" meanTravelTime="353.95" meanSpeed="14.90" meanSpeedRelative="0.47" duration="7"/>
    <step time="60000.00" loaded="73773" inserted="67989" running="738" waiting="5784" ended="67251" arrived="67251" collisions="172" teleports="172" halting="22" stopped="0" meanWaitingTime="800.41" meanTravelTime="354.69" meanSpeed="14.86" meanSpeedRelative="0.46" duration="6"/>
    <step time="60300.00" loaded="74323" inserted="68481" running="746" waiting="5842" ended="67735" arrived="67735" collisions="175" teleports="175" halting="24" stopped="0" meanWaitingTime="812.32" meanTravelTime="355.54" meanSpeed="14.51" meanSpeedRelative="0.45" duration="7"/>
    <step time="60600.00" loaded="74895" inserted="68970" running="768" waiting="5925" ended="68202" arrived="68202" collisions="177" teleports="177" halting="8" stopped="0" meanWaitingTime="823.18" meanTravelTime="356.22" meanSpeed="14.74" meanSpeedRelative="0.46" duration="6"/>
    <step time="60900.00" loaded="75501" inserted="69477" running="770" waiting="6024" ended="68707" arrived="68707" collisions="179" teleports="179" halting="8" stopped="0" meanWaitingTime="834.60" meanTravelTime="356.87" meanSpeed="14.62" meanSpeedRelative="0.46" duration="9"/>
    <step time="61200.00" loaded="76060" inserted="69942" running="769" waiting="6118" ended="69173" arrived="69173" collisions="179" teleports="179" halting="13" stopped="0" meanWaitingTime="846.51" meanTravelTime="357.68" meanSpeed="14.84" meanSpeedRelative="0.46" duration="84"/>
    <step time="61500.00" loaded="76135" inserted="70240" running="636" waiting="5895" ended="69604" arrived="69604" collisions="180" teleports="180" halting="4" stopped="0" meanWaitingTime="858.80" meanTravelTime="358.62" meanSpeed="14.80" meanSpeedRelative="0.46" duration="6"/>
    <step time="61800.00" loaded="76210" inserted="70586" running="589" waiting="5624" ended="69997" arrived="69997" collisions="181" teleports="181" halting="0" stopped="0" meanWaitingTime="875.74" meanTravelTime="359.65" meanSpeed="15.66" meanSpeedRelative="0.49" duration="6"/>
    <step time="62100.00" loaded="76301" inserted="70952" running="558" waiting="5349" ended="70394" arrived="70394" collisions="181" teleports="181" halting="18" stopped="0" meanWaitingTime="894.14" meanTravelTime="360.46" meanSpeed="15.37" meanSpeedRelative="0.48" duration="6"/>
    <step time="62400.00" loaded="76371" inserted="71291" running="517" waiting="5080" ended="70774" arrived="70774" collisions="181" teleports="181" halting="0" stopped="0" meanWaitingTime="910.53" meanTravelTime="361.23" meanSpeed="16.71" meanSpeedRelative="0.52" duration="4"/>
    <step time="62700.00" loaded="76439" inserted="71654" running="500" waiting="4785" ended="71154" arrived="71154" collisions="182" teleports="182" halting="18" stopped="0" meanWaitingTime="927.81" meanTravelTime="361.81" meanSpeed="16.97" meanSpeedRelative="0.53" duration="4"/>
    <step time="63000.00" loaded="76522" inserted="72012" running="483" waiting="4510" ended="71529" arrived="71529" collisions="184" teleports="184" halting="14" stopped="0" meanWaitingTime="944.41" meanTravelTime="362.17" meanSpeed="17.22" meanSpeedRelative="0.54" duration="4"/>
    <step time="63300.00" loaded="76590" inserted="72366" running="464" waiting="4224" ended="71902" arrived="71902" collisions="184" teleports="184" halting="5" stopped="0" meanWaitingTime="959.40" meanTravelTime="362.53" meanSpeed="17.85" meanSpeedRelative="0.56" duration="6"/>
    <step time="63600.00" loaded="76660" inserted="72693" running="414" waiting="3967" ended="72279" arrived="72279" collisions="185" teleports="185" halting="5" stopped="0" meanWaitingTime="974.66" meanTravelTime="362.69" meanSpeed="18.51" meanSpeedRelative="0.58" duration="5"/>
    <step time="63900.00" loaded="76731" inserted="73012" running="371" waiting="3719" ended="72641" arrived="72641" collisions="185" teleports="185" halting="5" stopped="0" meanWaitingTime="992.39" meanTravelTime="362.71" meanSpeed="17.68" meanSpeedRelative="0.55" duration="3"/>
    <step time="64200.00" loaded="76800" inserted="73321" running="348" waiting="3479" ended="72973" arrived="72973" collisions="186" teleports="186" halting="12" stopped="0" meanWaitingTime="1008.13" meanTravelTime="362.74" meanSpeed="19.63" meanSpeedRelative="0.61" duration="3"/>
    <step time="64500.00" loaded="76868" inserted="73604" running="296" waiting="3264" ended="73308" arrived="73308" collisions="186" teleports="186" halting="3" stopped="0" meanWaitingTime="1022.32" meanTravelTime="362.59" meanSpeed="20.57" meanSpeedRelative="0.64" duration="2"/>
    <step time="64800.00" loaded="76946" inserted="73875" running="264" waiting="3071" ended="73611" arrived="73611" collisions="186" teleports="186" halting="2" stopped="0" meanWaitingTime="1039.93" meanTravelTime="362.39" meanSpeed="21.83" meanSpeedRelative="0.68" duration="94"/>
    <step time="65100.00" loaded="76997" inserted="74109" running="237" waiting="2888" ended="73872" arrived="73872" collisions="186" teleports="186" halting="0" stopped="0" meanWaitingTime="1054.83" meanTravelTime="362.20" meanSpeed="21.94" meanSpeedRelative="0.69" duration="2"/>
    <step time="65400.00" loaded="77052" inserted="74313" running="205" waiting="2739" ended="74108" arrived="74108" collisions="186" teleports="186" halting="1" stopped="0" meanWaitingTime="1070.65" meanTravelTime="362.02" meanSpeed="21.48" meanSpeedRelative="0.67" duration="2"/>
    <step time="65700.00" loaded="77105" inserted="74514" running="188" waiting="2591" ended="74326" arrived="74326" collisions="186" teleports="186" halting="1" stopped="0" meanWaitingTime="1086.50" meanTravelTime="361.83" meanSpeed="21.41" meanSpeedRelative="0.67" duration="2"/>
    <step time="66000.00" loaded="77151" inserted="74715" running="180" waiting="2436" ended="74535" arrived="74535" collisions="186" teleports="186" halting="3" stopped="0" meanWaitingTime="1101.36" meanTravelTime="361.62" meanSpeed="22.16" meanSpeedRelative="0.69" duration="1"/>
    <step time="66300.00" loaded="77196" inserted="74917" running="185" waiting="2279" ended="74732" arrived="74732" collisions="186" teleports="186" halting="1" stopped="0" meanWaitingTime="1113.97" meanTravelTime="361.40" meanSpeed="21.83" meanSpeedRelative="0.68" duration="1"/>
    <step time="66600.00" loaded="77259" inserted="75089" running="155" waiting="2170" ended="74934" arrived="74934" collisions="186" teleports="186" halting="1" stopped="0" meanWaitingTime="1125.36" meanTravelTime="361.20" meanSpeed="20.62" meanSpeedRelative="0.64" duration="2"/>
    <step time="66900.00" loaded="77304" inserted="75229" running="111" waiting="2075" ended="75118" arrived="75118" collisions="186" teleports="186" halting="3" stopped="0" meanWaitingTime="1137.61" meanTravelTime="360.98" meanSpeed="21.62" meanSpeedRelative="0.68" duration="1"/>
    <step time="67200.00" loaded="77358" inserted="75379" running="103" waiting="1979" ended="75276" arrived="75276" collisions="186" teleports="186" halting="4" stopped="0" meanWaitingTime="1149.26" meanTravelTime="360.66" meanSpeed="22.39" meanSpeedRelative="0.70" duration="1"/>
    <step time="67500.00" loaded="77414" inserted="75532" running="110" waiting="1882" ended="75422" arrived="75422" collisions="186" teleports="186" halting="5" stopped="0" meanWaitingTime="1159.24" meanTravelTime="360.38" meanSpeed="22.44" meanSpeedRelative="0.70" duration="1"/>
    <step time="67800.00" loaded="77465" inserted="75640" running="102" waiting="1825" ended="75538" arrived="75538" collisions="186" teleports="186" halting="3" stopped="0" meanWaitingTime="1167.19" meanTravelTime="360.20" meanSpeed="24.40" meanSpeedRelative="0.76" duration="1"/>
    <step time="68100.00" loaded="77519" inserted="75731" running="95" waiting="1788" ended="75636" arrived="75636" collisions="186" teleports="186" halting="2" stopped="0" meanWaitingTime="1175.42" meanTravelTime="360.14" meanSpeed="22.61" meanSpeedRelative="0.71" duration="1"/>
    <step time="68400.00" loaded="77584" inserted="75830" running="114" waiting="1754" ended="75716" arrived="75716" collisions="186" teleports="186" halting="2" stopped="0" meanWaitingTime="1183.27" meanTravelTime="360.14" meanSpeed="23.83" meanSpeedRelative="0.74" duration="89"/>
    <step time="68700.00" loaded="77759" inserted="76029" running="161" waiting="1730" ended="75868" arrived="75868" collisions="186" teleports="186" halting="2" stopped="0" meanWaitingTime="1189.27" meanTravelTime="359.92" meanSpeed="23.65" meanSpeedRelative="0.74" duration="1"/>
    <step time="69000.00" loaded="77921" inserted="76209" running="196" waiting="1712" ended="76013" arrived="76013" collisions="187" teleports="187" halting="2" stopped="0" meanWaitingTime="1195.10" meanTravelTime="359.79" meanSpeed="23.82" meanSpeedRelative="0.74" duration="2"/>
    <step time="69300.00" loaded="78083" inserted="76395" running="187" waiting="1688" ended="76208" arrived="76208" collisions="187" teleports="187" halting="0" stopped="0" meanWaitingTime="1201.09" meanTravelTime="359.66" meanSpeed="23.35" meanSpeedRelative="0.73" duration="1"/>
    <step time="69600.00" loaded="78248" inserted="76587" running="177" waiting="1661" ended="76410" arrived="76410" collisions="187" teleports="187" halting="0" stopped="0" meanWaitingTime="1207.49" meanTravelTime="359.52" meanSpeed="23.12" meanSpeedRelative="0.72" duration="2"/>
    <step time="69900.00" loaded="78390" inserted="76752" running="168" waiting="1638" ended="76584" arrived="76584" collisions="187" teleports="187" halting="2" stopped="0" meanWaitingTime="1214.57" meanTravelTime="359.37" meanSpeed="23.29" meanSpeedRelative="0.73" duration="2"/>
    <step time="70200.00" loaded="78546" inserted="76924" running="177" waiting="1622" ended="76747" arrived="76747" collisions="187" teleports="187" halting="2" stopped="0" meanWaitingTime="1221.07" meanTravelTime="359.21" meanSpeed="23.71" meanSpeedRelative="0.74" duration="1"/>
    <step time="70500.00" loaded="78695" inserted="77103" running="179" waiting="1592" ended="76924" arrived="76924" collisions="187" teleports="187" halting="2" stopped="0" meanWaitingTime="1227.47" meanTravelTime="359.12" meanSpeed="23.85" meanSpeedRelative="0.75" duration="1"/>
    <step time="70800.00" loaded="78855" inserted="77284" running="178" waiting="1571" ended="77106" arrived="77106" collisions="187" teleports="187" halting="2" stopped="0" meanWaitingTime="1233.89" meanTravelTime="358.89" meanSpeed="23.50" meanSpeedRelative="0.73" duration="2"/>
    <step time="71100.00" loaded="79026" inserted="77481" running="199" waiting="1545" ended="77282" arrived="77282" collisions="187" teleports="187" halting="1" stopped="0" meanWaitingTime="1239.85" meanTravelTime="358.80" meanSpeed="24.19" meanSpeedRelative="0.76" duration="2"/>
    <step time="71400.00" loaded="79173" inserted="77655" running="175" waiting="1518" ended="77480" arrived="77480" collisions="188" teleports="188" halting="2" stopped="0" meanWaitingTime="1246.19" meanTravelTime="358.66" meanSpeed="24.03" meanSpeedRelative="0.75" duration="2"/>
    <step time="71700.00" loaded="79319" inserted="77834" running="179" waiting="1485" ended="77655" arrived="77655" collisions="188" teleports="188" halting="2" stopped="0" meanWaitingTime="1252.97" meanTravelTime="358.50" meanSpeed="24.20" meanSpeedRelative="0.76" duration="1"/>
    <step time="72000.00" loaded="79487" inserted="78030" running="175" waiting="1457" ended="77855" arrived="77855" collisions="188" teleports="188" halting="1" stopped="0" meanWaitingTime="1259.73" meanTravelTime="358.34" meanSpeed="23.53" meanSpeedRelative="0.74" duration="85"/>
    <step time="72300.00" loaded="79627" inserted="78200" running="166" waiting="1427" ended="78034" arrived="78034" collisions="188" teleports="188" halting="4" stopped="0" meanWaitingTime="1265.94" meanTravelTime="358.18" meanSpeed="23.22" meanSpeedRelative="0.73" duration="1"/>
    <step time="72600.00" loaded="79752" inserted="78351" running="149" waiting="1401" ended="78202" arrived="78202" collisions="188" teleports="188" halting="1" stopped="0" meanWaitingTime="1273.23" meanTravelTime="357.99" meanSpeed="23.26" meanSpeedRelative="0.73" duration="1"/>
    <step time="72900.00" loaded="79881" inserted="78504" running="159" waiting="1377" ended="78345" arrived="78345" collisions="188" teleports="188" halting="0" stopped="0" meanWaitingTime="1279.99" meanTravelTime="357.94" meanSpeed="24.08" meanSpeedRelative="0.75" duration="1"/>
    <step time="73200.00" loaded="80006" inserted="78654" running="151" waiting="1352" ended="78503" arrived="78503" collisions="188" teleports="188" halting="2" stopped="0" meanWaitingTime="1287.58" meanTravelTime="357.79" meanSpeed="23.32" meanSpeedRelative="0.73" duration="1"/>
    <step time="73500.00" loaded="80130" inserted="78808" running="162" waiting="1322" ended="78646" arrived="78646" collisions="188" teleports="188" halting="3" stopped="0" meanWaitingTime="1294.62" meanTravelTime="357.68" meanSpeed="23.65" meanSpeedRelative="0.74" duration="1"/>
    <step time="73800.00" loaded="80280" inserted="78987" running="175" waiting="1293" ended="78812" arrived="78812" collisions="188" teleports="188" halting="1" stopped="0" meanWaitingTime="1301.01" meanTravelTime="357.52" meanSpeed="23.72" meanSpeedRelative="0.74" duration="1"/>
    <step time="74100.00" loaded="80395" inserted="79134" running="146" waiting="1261" ended="78988" arrived="78988" collisions="188" teleports="188" halting="1" stopped="0" meanWaitingTime="1307.95" meanTravelTime="357.41" meanSpeed="23.12" meanSpeedRelative="0.72" duration="2"/>
    <step time="74400.00" loaded="80540" inserted="79307" running="159" waiting="1233" ended="79148" arrived="79148" collisions="188" teleports="188" halting="1" stopped="0" meanWaitingTime="1315.20" meanTravelTime="357.27" meanSpeed="23.68" meanSpeedRelative="0.74" duration="1"/>
    <step time="74700.00" loaded="80672" inserted="79466" running="165" waiting="1206" ended="79301" arrived="79301" collisions="188" teleports="188" halting="1" stopped="0" meanWaitingTime="1322.14" meanTravelTime="357.11" meanSpeed="23.17" meanSpeedRelative="0.72" duration="1"/>
    <step time="75000.00" loaded="80803" inserted="79625" running="169" waiting="1178" ended="79456" arrived="79456" collisions="188" teleports="188" halting="1" stopped="0" meanWaitingTime="1328.78" meanTravelTime="357.00" meanSpeed="23.37" meanSpeedRelative="0.73" duration="1"/>
    <step time="75300.00" loaded="80909" inserted="79759" running="161" waiting="1150" ended="79598" arrived="79598" collisions="188" teleports="188" halting="1" stopped="0" meanWaitingTime="1336.07" meanTravelTime="356.98" meanSpeed="23.12" meanSpeedRelative="0.72" duration="2"/>
    <step time="75600.00" loaded="81038" inserted="79910" running="144" waiting="1128" ended="79766" arrived="79766" collisions="188" teleports="188" halting="3" stopped="0" meanWaitingTime="1343.07" meanTravelTime="356.90" meanSpeed="23.49" meanSpeedRelative="0.73" duration="82"/>
    <step time="75900.00" loaded="81220" inserted="80111" running="187" waiting="1109" ended="79924" arrived="79924" collisions="188" teleports="188" halting="3" stopped="0" meanWaitingTime="1349.22" meanTravelTime="356.72" meanSpeed="24.07" meanSpeedRelative="0.75" duration="2"/>
    <step time="76200.00" loaded="81389" inserted="80302" running="183" waiting="1087" ended="80119" arrived="80119" collisions="188" teleports="188" halting="1" stopped="0" meanWaitingTime="1355.76" meanTravelTime="356.53" meanSpeed="23.93" meanSpeedRelative="0.75" duration="1"/>
    <step time="76500.00" loaded="81604" inserted="80537" running="202" waiting="1067" ended="80335" arrived="80335" collisions="188" teleports="188" halting="1" stopped="0" meanWaitingTime="1361.72" meanTravelTime="356.30" meanSpeed="23.46" meanSpeedRelative="0.73" duration="2"/>
    <step time="76800.00" loaded="81823" inserted="80770" running="232" waiting="1053" ended="80538" arrived="80538" collisions="188" teleports="188" halting="1" stopped="0" meanWaitingTime="1366.69" meanTravelTime="356.09" meanSpeed="23.03" meanSpeedRelative="0.72" duration="1"/>
    <step time="77100.00" loaded="82016" inserted="80982" running="230" waiting="1034" ended="80752" arrived="80752" collisions="188" teleports="188" halting="4" stopped="0" meanWaitingTime="1371.99" meanTravelTime="355.91" meanSpeed="22.89" meanSpeedRelative="0.72" duration="1"/>
    <step time="77400.00" loaded="82205" inserted="81191" running="202" waiting="1014" ended="80989" arrived="80989" collisions="188" teleports="188" halting="2" stopped="0" meanWaitingTime="1378.04" meanTravelTime="355.72" meanSpeed="23.18" meanSpeedRelative="0.72" duration="1"/>
    <step time="77700.00" loaded="82390" inserted="81397" running="192" waiting="993" ended="81205" arrived="81205" collisions="188" teleports="188" halting="1" stopped="0" meanWaitingTime="1384.60" meanTravelTime="355.56" meanSpeed="23.79" meanSpeedRelative="0.74" duration="2"/>
    <step time="78000.00" loaded="82585" inserted="81611" running="208" waiting="974" ended="81403" arrived="81403" collisions="188" teleports="188" halting="1" stopped="0" meanWaitingTime="1390.50" meanTravelTime="355.41" meanSpeed="23.63" meanSpeedRelative="0.74" duration="2"/>
    <step time="78300.00" loaded="82779" inserted="81827" running="207" waiting="952" ended="81620" arrived="81620" collisions="189" teleports="189" halting="2" stopped="0" meanWaitingTime="1396.11" meanTravelTime="355.23" meanSpeed="23.55" meanSpeedRelative="0.74" duration="2"/>
    <step time="78600.00" loaded="82972" inserted="82043" running="206" waiting="929" ended="81837" arrived="81837" collisions="189" teleports="189" halting="1" stopped="0" meanWaitingTime="1401.93" meanTravelTime="355.09" meanSpeed="22.86" meanSpeedRelative="0.71" duration="2"/>
    <step time="78900.00" loaded="83170" inserted="82263" running="208" waiting="907" ended="82055" arrived="82055" collisions="189" teleports="189" halting="3" stopped="0" meanWaitingTime="1407.87" meanTravelTime="354.90" meanSpeed="22.47" meanSpeedRelative="0.70" duration="2"/>
    <step time="79200.00" loaded="83359" inserted="82466" running="211" waiting="893" ended="82255" arrived="82255" collisions="191" teleports="191" halting="2" stopped="0" meanWaitingTime="1413.58" meanTravelTime="354.73" meanSpeed="23.24" meanSpeedRelative="0.73" duration="83"/>
    <step time="79500.00" loaded="83513" inserted="82648" running="180" waiting="865" ended="82468" arrived="82468" collisions="191" teleports="191" halting="2" stopped="0" meanWaitingTime="1419.14" meanTravelTime="354.65" meanSpeed="23.95" meanSpeedRelative="0.75" duration="1"/>
    <step time="79800.00" loaded="83680" inserted="82843" running="172" waiting="837" ended="82671" arrived="82671" collisions="191" teleports="191" halting="1" stopped="0" meanWaitingTime="1425.19" meanTravelTime="354.48" meanSpeed="23.83" meanSpeedRelative="0.74" duration="2"/>
    <step time="80100.00" loaded="83851" inserted="83034" running="197" waiting="817" ended="82837" arrived="82837" collisions="192" teleports="192" halting="2" stopped="0" meanWaitingTime="1431.02" meanTravelTime="354.38" meanSpeed="24.04" meanSpeedRelative="0.75" duration="2"/>
    <step time="80400.00" loaded="84029" inserted="83238" running="201" waiting="791" ended="83037" arrived="83037" collisions="192" teleports="192" halting="3" stopped="0" meanWaitingTime="1436.60" meanTravelTime="354.17" meanSpeed="23.24" meanSpeedRelative="0.73" duration="1"/>
    <step time="80700.00" loaded="84190" inserted="83420" running="192" waiting="770" ended="83228" arrived="83228" collisions="193" teleports="193" halting="2" stopped="0" meanWaitingTime="1442.56" meanTravelTime="354.02" meanSpeed="23.30" meanSpeedRelative="0.73" duration="1"/>
    <step time="81000.00" loaded="84362" inserted="83611" running="191" waiting="751" ended="83420" arrived="83420" collisions="193" teleports="193" halting="0" stopped="0" meanWaitingTime="1448.36" meanTravelTime="353.91" meanSpeed="23.29" meanSpeedRelative="0.73" duration="2"/>
    <step time="81300.00" loaded="84508" inserted="83771" running="161" waiting="737" ended="83610" arrived="83610" collisions="193" teleports="193" halting="0" stopped="0" meanWaitingTime="1454.46" meanTravelTime="353.84" meanSpeed="24.07" meanSpeedRelative="0.75" duration="1"/>
    <step time="81600.00" loaded="84667" inserted="83957" running="172" waiting="710" ended="83785" arrived="83785" collisions="193" teleports="193" halting="1" stopped="0" meanWaitingTime="1459.74" meanTravelTime="353.70" meanSpeed="23.54" meanSpeedRelative="0.74" duration="1"/>
    <step time="81900.00" loaded="84836" inserted="84149" running="187" waiting="687" ended="83962" arrived="83962" collisions="193" teleports="193" halting="2" stopped="0" meanWaitingTime="1464.25" meanTravelTime="353.51" meanSpeed="23.54" meanSpeedRelative="0.74" duration="2"/>
    <step time="82200.00" loaded="85001" inserted="84330" running="188" waiting="671" ended="84142" arrived="84142" collisions="193" teleports="193" halting="1" stopped="0" meanWaitingTime="1468.16" meanTravelTime="353.36" meanSpeed="23.17" meanSpeedRelative="0.72" duration="1"/>
    <step time="82500.00" loaded="85166" inserted="84519" running="193" waiting="647" ended="84326" arrived="84326" collisions="194" teleports="194" halting="1" stopped="0" meanWaitingTime="1471.01" meanTravelTime="353.21" meanSpeed="23.68" meanSpeedRelative="0.74" duration="1"/>
</summary>
