<?xml version="1.0" encoding="UTF-8"?>

<!-- generated on 2025-08-07 22:32:54 by Eclipse SUMO sumo Version 1.23.1
<sumoConfiguration xmlns:xsi="http://www.w3.org/2001/XMLSchema-instance" xsi:noNamespaceSchemaLocation="http://sumo.dlr.de/xsd/sumoConfiguration.xsd">

    <input>
        <net-file value="Desktop\Master Thesis\Network_fin.net.xml"/>
        <route-files value="Desktop\Master Thesis\demand_model_amsterdam.rou.xml"/>
        <additional-files value="Desktop\Master Thesis\Additionnal.add.xml"/>
    </input>

    <output>
        <summary-output value="outputf/summary_coor_alinea_1neigh_method2_K80_target5_22644.xml"/>
        <summary-output.period value="300"/>
        <tripinfo-output value="outputf/tripinfo_coor_alinea_1neigh_method2_K80_target5_22644.xml"/>
    </output>

    <time>
        <begin value="0"/>
        <end value="82800"/>
        <step-length value="1"/>
    </time>

    <processing>
        <time-to-teleport value="-1"/>
    </processing>

    <report>
        <verbose value="true"/>
        <no-step-log value="true"/>
    </report>

    <emissions>
        <device.emissions.period value="10"/>
    </emissions>

    <traci_server>
        <remote-port value="65322"/>
    </traci_server>

    <random_number>
        <seed value="22644"/>
    </random_number>

</sumoConfiguration>
-->

<summary xmlns:xsi="http://www.w3.org/2001/XMLSchema-instance" xsi:noNamespaceSchemaLocation="http://sumo.dlr.de/xsd/summary_file.xsd">
    <step time="0.00" loaded="0" inserted="0" running="0" waiting="0" ended="0" arrived="0" collisions="0" teleports="0" halting="0" stopped="0" meanWaitingTime="-1.00" meanTravelTime="-1.00" meanSpeed="-1.00" meanSpeedRelative="-1.00" duration="0"/>
    <step time="300.00" loaded="175" inserted="175" running="106" waiting="0" ended="69" arrived="69" collisions="0" teleports="0" halting="1" stopped="0" meanWaitingTime="0.31" meanTravelTime="98.09" meanSpeed="25.29" meanSpeedRelative="0.79" duration="1"/>
    <step time="600.00" loaded="339" inserted="339" running="141" waiting="0" ended="198" arrived="198" collisions="0" teleports="0" halting="1" stopped="0" meanWaitingTime="0.34" meanTravelTime="154.49" meanSpeed="24.91" meanSpeedRelative="0.78" duration="2"/>
    <step time="900.00" loaded="523" inserted="523" running="153" waiting="0" ended="370" arrived="370" collisions="1" teleports="1" halting="2" stopped="0" meanWaitingTime="0.48" meanTravelTime="184.34" meanSpeed="24.86" meanSpeedRelative="0.78" duration="1"/>
    <step time="1200.00" loaded="711" inserted="711" running="161" waiting="0" ended="550" arrived="550" collisions="1" teleports="1" halting="1" stopped="0" meanWaitingTime="0.46" meanTravelTime="212.04" meanSpeed="25.05" meanSpeedRelative="0.78" duration="1"/>
    <step time="1500.00" loaded="910" inserted="910" running="178" waiting="0" ended="732" arrived="732" collisions="1" teleports="1" halting="1" stopped="0" meanWaitingTime="0.46" meanTravelTime="223.66" meanSpeed="25.23" meanSpeedRelative="0.79" duration="1"/>
    <step time="1800.00" loaded="1107" inserted="1107" running="179" waiting="0" ended="928" arrived="928" collisions="1" teleports="1" halting="1" stopped="0" meanWaitingTime="0.46" meanTravelTime="231.91" meanSpeed="24.74" meanSpeedRelative="0.77" duration="1"/>
    <step time="2100.00" loaded="1270" inserted="1270" running="154" waiting="0" ended="1116" arrived="1116" collisions="1" teleports="1" halting="0" stopped="0" meanWaitingTime="0.44" meanTravelTime="238.55" meanSpeed="25.16" meanSpeedRelative="0.79" duration="2"/>
    <step time="2400.00" loaded="1443" inserted="1443" running="159" waiting="0" ended="1284" arrived="1284" collisions="1" teleports="1" halting="0" stopped="0" meanWaitingTime="0.43" meanTravelTime="242.14" meanSpeed="24.56" meanSpeedRelative="0.77" duration="1"/>
    <step time="2700.00" loaded="1617" inserted="1616" running="139" waiting="1" ended="1477" arrived="1477" collisions="1" teleports="1" halting="1" stopped="0" meanWaitingTime="0.41" meanTravelTime="248.42" meanSpeed="25.18" meanSpeedRelative="0.79" duration="0"/>
    <step time="3000.00" loaded="1799" inserted="1799" running="166" waiting="0" ended="1633" arrived="1633" collisions="1" teleports="1" halting="0" stopped="0" meanWaitingTime="0.42" meanTravelTime="248.64" meanSpeed="24.41" meanSpeedRelative="0.76" duration="1"/>
    <step time="3300.00" loaded="1961" inserted="1959" running="154" waiting="2" ended="1805" arrived="1805" collisions="1" teleports="1" halting="0" stopped="0" meanWaitingTime="0.52" meanTravelTime="249.94" meanSpeed="23.97" meanSpeedRelative="0.75" duration="0"/>
    <step time="3600.00" loaded="2150" inserted="2144" running="167" waiting="6" ended="1977" arrived="1977" collisions="1" teleports="1" halting="3" stopped="0" meanWaitingTime="0.60" meanTravelTime="251.34" meanSpeed="25.31" meanSpeedRelative="0.79" duration="86"/>
    <step time="3900.00" loaded="2276" inserted="2273" running="123" waiting="3" ended="2150" arrived="2150" collisions="1" teleports="1" halting="2" stopped="0" meanWaitingTime="1.56" meanTravelTime="255.81" meanSpeed="23.92" meanSpeedRelative="0.75" duration="1"/>
    <step time="4200.00" loaded="2398" inserted="2398" running="120" waiting="0" ended="2278" arrived="2278" collisions="1" teleports="1" halting="4" stopped="0" meanWaitingTime="1.64" meanTravelTime="258.83" meanSpeed="25.65" meanSpeedRelative="0.80" duration="1"/>
    <step time="4500.00" loaded="2530" inserted="2529" running="111" waiting="1" ended="2418" arrived="2418" collisions="2" teleports="2" halting="2" stopped="0" meanWaitingTime="1.57" meanTravelTime="258.97" meanSpeed="25.09" meanSpeedRelative="0.78" duration="1"/>
    <step time="4800.00" loaded="2632" inserted="2632" running="89" waiting="0" ended="2543" arrived="2543" collisions="3" teleports="3" halting="0" stopped="0" meanWaitingTime="1.52" meanTravelTime="260.28" meanSpeed="25.34" meanSpeedRelative="0.79" duration="1"/>
    <step time="5100.00" loaded="2730" inserted="2730" running="84" waiting="0" ended="2646" arrived="2646" collisions="3" teleports="3" halting="0" stopped="0" meanWaitingTime="1.47" meanTravelTime="260.55" meanSpeed="25.68" meanSpeedRelative="0.80" duration="0"/>
    <step time="5400.00" loaded="2824" inserted="2824" running="79" waiting="0" ended="2745" arrived="2745" collisions="3" teleports="3" halting="0" stopped="0" meanWaitingTime="1.43" meanTravelTime="259.71" meanSpeed="25.91" meanSpeedRelative="0.81" duration="1"/>
    <step time="5700.00" loaded="2940" inserted="2936" running="88" waiting="4" ended="2848" arrived="2848" collisions="3" teleports="3" halting="3" stopped="0" meanWaitingTime="1.51" meanTravelTime="259.26" meanSpeed="24.30" meanSpeedRelative="0.76" duration="1"/>
    <step time="6000.00" loaded="3044" inserted="3042" running="72" waiting="2" ended="2970" arrived="2970" collisions="3" teleports="3" halting="0" stopped="0" meanWaitingTime="1.79" meanTravelTime="258.41" meanSpeed="25.11" meanSpeedRelative="0.78" duration="0"/>
    <step time="6300.00" loaded="3166" inserted="3166" running="102" waiting="0" ended="3064" arrived="3064" collisions="3" teleports="3" halting="2" stopped="0" meanWaitingTime="1.77" meanTravelTime="256.94" meanSpeed="24.77" meanSpeedRelative="0.77" duration="1"/>
    <step time="6600.00" loaded="3286" inserted="3286" running="106" waiting="0" ended="3180" arrived="3180" collisions="3" teleports="3" halting="2" stopped="0" meanWaitingTime="1.79" meanTravelTime="257.02" meanSpeed="24.96" meanSpeedRelative="0.78" duration="1"/>
    <step time="6900.00" loaded="3415" inserted="3415" running="115" waiting="0" ended="3300" arrived="3300" collisions="3" teleports="3" halting="2" stopped="0" meanWaitingTime="1.74" meanTravelTime="255.92" meanSpeed="24.80" meanSpeedRelative="0.78" duration="1"/>
    <step time="7200.00" loaded="3543" inserted="3540" running="121" waiting="3" ended="3419" arrived="3419" collisions="3" teleports="3" halting="4" stopped="0" meanWaitingTime="1.71" meanTravelTime="256.75" meanSpeed="23.43" meanSpeedRelative="0.73" duration="86"/>
    <step time="7500.00" loaded="3692" inserted="3691" running="133" waiting="1" ended="3558" arrived="3558" collisions="3" teleports="3" halting="0" stopped="0" meanWaitingTime="1.70" meanTravelTime="256.49" meanSpeed="24.12" meanSpeedRelative="0.75" duration="1"/>
    <step time="7800.00" loaded="3842" inserted="3838" running="130" waiting="4" ended="3708" arrived="3708" collisions="3" teleports="3" halting="2" stopped="0" meanWaitingTime="1.91" meanTravelTime="256.84" meanSpeed="24.43" meanSpeedRelative="0.76" duration="1"/>
    <step time="8100.00" loaded="3983" inserted="3973" running="124" waiting="10" ended="3849" arrived="3849" collisions="3" teleports="3" halting="2" stopped="0" meanWaitingTime="2.31" meanTravelTime="258.25" meanSpeed="23.45" meanSpeedRelative="0.73" duration="1"/>
    <step time="8400.00" loaded="4152" inserted="4144" running="136" waiting="8" ended="4008" arrived="4008" collisions="4" teleports="4" halting="2" stopped="0" meanWaitingTime="2.79" meanTravelTime="257.15" meanSpeed="23.17" meanSpeedRelative="0.72" duration="1"/>
    <step time="8700.00" loaded="4326" inserted="4307" running="152" waiting="19" ended="4155" arrived="4155" collisions="4" teleports="4" halting="1" stopped="0" meanWaitingTime="3.43" meanTravelTime="257.11" meanSpeed="25.51" meanSpeedRelative="0.80" duration="1"/>
    <step time="9000.00" loaded="4483" inserted="4452" running="121" waiting="31" ended="4331" arrived="4331" collisions="4" teleports="4" halting="3" stopped="0" meanWaitingTime="4.77" meanTravelTime="257.65" meanSpeed="24.01" meanSpeedRelative="0.75" duration="1"/>
    <step time="9300.00" loaded="4612" inserted="4573" running="120" waiting="39" ended="4453" arrived="4453" collisions="4" teleports="4" halting="6" stopped="0" meanWaitingTime="6.01" meanTravelTime="257.28" meanSpeed="24.11" meanSpeedRelative="0.75" duration="1"/>
    <step time="9600.00" loaded="4758" inserted="4723" running="131" waiting="35" ended="4592" arrived="4592" collisions="4" teleports="4" halting="0" stopped="0" meanWaitingTime="8.44" meanTravelTime="258.31" meanSpeed="24.34" meanSpeedRelative="0.76" duration="1"/>
    <step time="9900.00" loaded="4908" inserted="4870" running="128" waiting="38" ended="4742" arrived="4742" collisions="4" teleports="4" halting="1" stopped="0" meanWaitingTime="10.57" meanTravelTime="258.53" meanSpeed="24.25" meanSpeedRelative="0.76" duration="1"/>
    <step time="10200.00" loaded="5058" inserted="5010" running="125" waiting="48" ended="4885" arrived="4885" collisions="4" teleports="4" halting="1" stopped="0" meanWaitingTime="12.08" meanTravelTime="258.39" meanSpeed="25.07" meanSpeedRelative="0.78" duration="1"/>
    <step time="10500.00" loaded="5221" inserted="5178" running="136" waiting="43" ended="5042" arrived="5042" collisions="4" teleports="4" halting="5" stopped="0" meanWaitingTime="14.20" meanTravelTime="258.62" meanSpeed="24.64" meanSpeedRelative="0.77" duration="1"/>
    <step time="10800.00" loaded="5380" inserted="5331" running="137" waiting="49" ended="5194" arrived="5194" collisions="5" teleports="5" halting="6" stopped="0" meanWaitingTime="16.21" meanTravelTime="258.45" meanSpeed="24.15" meanSpeedRelative="0.75" duration="89"/>
    <step time="11100.00" loaded="5522" inserted="5470" running="119" waiting="52" ended="5351" arrived="5351" collisions="5" teleports="5" halting="4" stopped="0" meanWaitingTime="18.35" meanTravelTime="258.82" meanSpeed="24.23" meanSpeedRelative="0.76" duration="2"/>
    <step time="11400.00" loaded="5674" inserted="5617" running="115" waiting="57" ended="5502" arrived="5502" collisions="5" teleports="5" halting="0" stopped="0" meanWaitingTime="20.50" meanTravelTime="258.65" meanSpeed="24.88" meanSpeedRelative="0.78" duration="1"/>
    <step time="11700.00" loaded="5838" inserted="5776" running="114" waiting="62" ended="5662" arrived="5662" collisions="5" teleports="5" halting="5" stopped="0" meanWaitingTime="22.53" meanTravelTime="257.77" meanSpeed="24.17" meanSpeedRelative="0.76" duration="1"/>
    <step time="12000.00" loaded="5978" inserted="5910" running="110" waiting="68" ended="5800" arrived="5800" collisions="5" teleports="5" halting="0" stopped="0" meanWaitingTime="24.50" meanTravelTime="257.24" meanSpeed="24.46" meanSpeedRelative="0.76" duration="0"/>
    <step time="12300.00" loaded="6140" inserted="6074" running="122" waiting="66" ended="5952" arrived="5952" collisions="5" teleports="5" halting="4" stopped="0" meanWaitingTime="27.35" meanTravelTime="256.80" meanSpeed="24.82" meanSpeedRelative="0.78" duration="2"/>
    <step time="12600.00" loaded="6267" inserted="6197" running="111" waiting="70" ended="6086" arrived="6086" collisions="5" teleports="5" halting="6" stopped="0" meanWaitingTime="29.37" meanTravelTime="256.23" meanSpeed="23.73" meanSpeedRelative="0.74" duration="1"/>
    <step time="12900.00" loaded="6417" inserted="6340" running="96" waiting="77" ended="6244" arrived="6244" collisions="5" teleports="5" halting="2" stopped="0" meanWaitingTime="31.89" meanTravelTime="256.45" meanSpeed="24.20" meanSpeedRelative="0.76" duration="1"/>
    <step time="13200.00" loaded="6564" inserted="6486" running="112" waiting="78" ended="6374" arrived="6374" collisions="5" teleports="5" halting="1" stopped="0" meanWaitingTime="34.34" meanTravelTime="255.74" meanSpeed="24.22" meanSpeedRelative="0.76" duration="1"/>
    <step time="13500.00" loaded="6693" inserted="6612" running="95" waiting="81" ended="6517" arrived="6517" collisions="5" teleports="5" halting="3" stopped="0" meanWaitingTime="36.65" meanTravelTime="254.60" meanSpeed="23.06" meanSpeedRelative="0.72" duration="1"/>
    <step time="13800.00" loaded="6825" inserted="6737" running="101" waiting="88" ended="6636" arrived="6636" collisions="5" teleports="5" halting="4" stopped="0" meanWaitingTime="39.17" meanTravelTime="254.30" meanSpeed="22.46" meanSpeedRelative="0.70" duration="0"/>
    <step time="14100.00" loaded="6960" inserted="6874" running="98" waiting="86" ended="6776" arrived="6776" collisions="5" teleports="5" halting="0" stopped="0" meanWaitingTime="41.78" meanTravelTime="253.24" meanSpeed="24.87" meanSpeedRelative="0.78" duration="0"/>
    <step time="14400.00" loaded="7120" inserted="7037" running="129" waiting="83" ended="6908" arrived="6908" collisions="5" teleports="5" halting="1" stopped="0" meanWaitingTime="44.64" meanTravelTime="253.38" meanSpeed="24.17" meanSpeedRelative="0.76" duration="90"/>
    <step time="14700.00" loaded="7227" inserted="7142" running="92" waiting="85" ended="7050" arrived="7050" collisions="5" teleports="5" halting="1" stopped="0" meanWaitingTime="46.92" meanTravelTime="253.26" meanSpeed="23.40" meanSpeedRelative="0.73" duration="0"/>
    <step time="15000.00" loaded="7328" inserted="7247" running="81" waiting="81" ended="7166" arrived="7166" collisions="5" teleports="5" halting="1" stopped="0" meanWaitingTime="49.68" meanTravelTime="253.30" meanSpeed="24.29" meanSpeedRelative="0.76" duration="1"/>
    <step time="15300.00" loaded="7417" inserted="7347" running="83" waiting="70" ended="7264" arrived="7264" collisions="5" teleports="5" halting="1" stopped="0" meanWaitingTime="52.59" meanTravelTime="253.32" meanSpeed="24.38" meanSpeedRelative="0.76" duration="1"/>
    <step time="15600.00" loaded="7507" inserted="7445" running="79" waiting="62" ended="7366" arrived="7366" collisions="5" teleports="5" halting="4" stopped="0" meanWaitingTime="55.17" meanTravelTime="253.21" meanSpeed="23.65" meanSpeedRelative="0.74" duration="0"/>
    <step time="15900.00" loaded="7588" inserted="7540" running="74" waiting="48" ended="7466" arrived="7466" collisions="5" teleports="5" halting="6" stopped="0" meanWaitingTime="57.68" meanTravelTime="253.33" meanSpeed="23.06" meanSpeedRelative="0.72" duration="0"/>
    <step time="16200.00" loaded="7676" inserted="7627" running="70" waiting="49" ended="7557" arrived="7557" collisions="5" teleports="5" halting="0" stopped="0" meanWaitingTime="59.50" meanTravelTime="252.92" meanSpeed="23.56" meanSpeedRelative="0.74" duration="1"/>
    <step time="16500.00" loaded="7786" inserted="7736" running="82" waiting="50" ended="7654" arrived="7654" collisions="5" teleports="5" halting="3" stopped="0" meanWaitingTime="61.23" meanTravelTime="252.76" meanSpeed="22.60" meanSpeedRelative="0.71" duration="0"/>
    <step time="16800.00" loaded="7905" inserted="7862" running="85" waiting="43" ended="7777" arrived="7777" collisions="5" teleports="5" halting="1" stopped="0" meanWaitingTime="62.21" meanTravelTime="252.06" meanSpeed="25.66" meanSpeedRelative="0.80" duration="1"/>
    <step time="17100.00" loaded="7998" inserted="7958" running="68" waiting="40" ended="7890" arrived="7890" collisions="5" teleports="5" halting="6" stopped="0" meanWaitingTime="63.13" meanTravelTime="251.47" meanSpeed="23.70" meanSpeedRelative="0.74" duration="0"/>
    <step time="17400.00" loaded="8096" inserted="8063" running="69" waiting="33" ended="7994" arrived="7994" collisions="5" teleports="5" halting="0" stopped="0" meanWaitingTime="63.84" meanTravelTime="251.11" meanSpeed="23.98" meanSpeedRelative="0.75" duration="1"/>
    <step time="17700.00" loaded="8193" inserted="8170" running="72" waiting="23" ended="8098" arrived="8098" collisions="5" teleports="5" halting="1" stopped="0" meanWaitingTime="64.53" meanTravelTime="250.39" meanSpeed="23.87" meanSpeedRelative="0.75" duration="0"/>
    <step time="18000.00" loaded="8297" inserted="8277" running="89" waiting="20" ended="8188" arrived="8188" collisions="5" teleports="5" halting="2" stopped="0" meanWaitingTime="64.66" meanTravelTime="249.89" meanSpeed="25.16" meanSpeedRelative="0.79" duration="83"/>
    <step time="18300.00" loaded="8474" inserted="8443" running="125" waiting="31" ended="8318" arrived="8318" collisions="5" teleports="5" halting="2" stopped="0" meanWaitingTime="64.30" meanTravelTime="249.30" meanSpeed="24.88" meanSpeedRelative="0.78" duration="0"/>
    <step time="18600.00" loaded="8676" inserted="8625" running="154" waiting="51" ended="8471" arrived="8471" collisions="5" teleports="5" halting="1" stopped="0" meanWaitingTime="63.70" meanTravelTime="249.03" meanSpeed="24.18" meanSpeedRelative="0.76" duration="1"/>
    <step time="18900.00" loaded="8850" inserted="8792" running="142" waiting="58" ended="8650" arrived="8650" collisions="5" teleports="5" halting="1" stopped="0" meanWaitingTime="63.86" meanTravelTime="248.64" meanSpeed="25.05" meanSpeedRelative="0.78" duration="1"/>
    <step time="19200.00" loaded="9035" inserted="8969" running="144" waiting="66" ended="8825" arrived="8825" collisions="5" teleports="5" halting="4" stopped="0" meanWaitingTime="64.34" meanTravelTime="249.05" meanSpeed="24.05" meanSpeedRelative="0.75" duration="1"/>
    <step time="19500.00" loaded="9226" inserted="9156" running="159" waiting="70" ended="8997" arrived="8997" collisions="5" teleports="5" halting="4" stopped="0" meanWaitingTime="64.85" meanTravelTime="248.86" meanSpeed="24.54" meanSpeedRelative="0.77" duration="1"/>
    <step time="19800.00" loaded="9416" inserted="9334" running="149" waiting="82" ended="9185" arrived="9185" collisions="5" teleports="5" halting="4" stopped="0" meanWaitingTime="65.49" meanTravelTime="248.94" meanSpeed="24.37" meanSpeedRelative="0.76" duration="1"/>
    <step time="20100.00" loaded="9608" inserted="9521" running="152" waiting="87" ended="9369" arrived="9369" collisions="5" teleports="5" halting="0" stopped="0" meanWaitingTime="66.28" meanTravelTime="248.55" meanSpeed="24.24" meanSpeedRelative="0.76" duration="1"/>
    <step time="20400.00" loaded="9803" inserted="9710" running="141" waiting="93" ended="9569" arrived="9569" collisions="5" teleports="5" halting="4" stopped="0" meanWaitingTime="67.26" meanTravelTime="248.42" meanSpeed="24.13" meanSpeedRelative="0.75" duration="1"/>
    <step time="20700.00" loaded="10003" inserted="9904" running="163" waiting="99" ended="9741" arrived="9741" collisions="5" teleports="5" halting="5" stopped="0" meanWaitingTime="68.23" meanTravelTime="248.30" meanSpeed="24.27" meanSpeedRelative="0.76" duration="1"/>
    <step time="21000.00" loaded="10212" inserted="10098" running="163" waiting="114" ended="9935" arrived="9935" collisions="5" teleports="5" halting="4" stopped="0" meanWaitingTime="69.22" meanTravelTime="248.18" meanSpeed="24.03" meanSpeedRelative="0.75" duration="1"/>
    <step time="21300.00" loaded="10394" inserted="10270" running="150" waiting="124" ended="10120" arrived="10120" collisions="6" teleports="6" halting="0" stopped="0" meanWaitingTime="70.31" meanTravelTime="248.53" meanSpeed="24.13" meanSpeedRelative="0.75" duration="1"/>
    <step time="21600.00" loaded="10614" inserted="10470" running="145" waiting="144" ended="10325" arrived="10325" collisions="6" teleports="6" halting="1" stopped="0" meanWaitingTime="72.30" meanTravelTime="248.56" meanSpeed="24.72" meanSpeedRelative="0.77" duration="80"/>
    <step time="21900.00" loaded="11069" inserted="10856" running="296" waiting="213" ended="10560" arrived="10560" collisions="6" teleports="6" halting="3" stopped="0" meanWaitingTime="74.75" meanTravelTime="247.70" meanSpeed="22.03" meanSpeedRelative="0.69" duration="2"/>
    <step time="22200.00" loaded="11548" inserted="11261" running="388" waiting="287" ended="10873" arrived="10873" collisions="7" teleports="7" halting="8" stopped="0" meanWaitingTime="77.75" meanTravelTime="247.37" meanSpeed="21.61" meanSpeedRelative="0.68" duration="2"/>
    <step time="22500.00" loaded="11989" inserted="11666" running="409" waiting="323" ended="11257" arrived="11257" collisions="8" teleports="8" halting="9" stopped="0" meanWaitingTime="82.05" meanTravelTime="248.25" meanSpeed="21.21" meanSpeedRelative="0.66" duration="2"/>
    <step time="22800.00" loaded="12477" inserted="12106" running="472" waiting="371" ended="11634" arrived="11634" collisions="8" teleports="8" halting="6" stopped="0" meanWaitingTime="86.74" meanTravelTime="249.96" meanSpeed="19.63" meanSpeedRelative="0.61" duration="3"/>
    <step time="23100.00" loaded="12936" inserted="12512" running="470" waiting="424" ended="12042" arrived="12042" collisions="10" teleports="10" halting="7" stopped="0" meanWaitingTime="91.92" meanTravelTime="252.90" meanSpeed="20.45" meanSpeedRelative="0.64" duration="3"/>
    <step time="23400.00" loaded="13418" inserted="12930" running="477" waiting="488" ended="12453" arrived="12453" collisions="13" teleports="13" halting="12" stopped="0" meanWaitingTime="97.41" meanTravelTime="255.77" meanSpeed="19.82" meanSpeedRelative="0.62" duration="3"/>
    <step time="23700.00" loaded="13828" inserted="13328" running="471" waiting="500" ended="12857" arrived="12857" collisions="14" teleports="14" halting="4" stopped="0" meanWaitingTime="103.16" meanTravelTime="258.01" meanSpeed="20.42" meanSpeedRelative="0.64" duration="2"/>
    <step time="24000.00" loaded="14334" inserted="13752" running="508" waiting="582" ended="13244" arrived="13244" collisions="14" teleports="14" halting="3" stopped="0" meanWaitingTime="109.17" meanTravelTime="261.16" meanSpeed="20.12" meanSpeedRelative="0.63" duration="3"/>
    <step time="24300.00" loaded="14790" inserted="14165" running="489" waiting="625" ended="13676" arrived="13676" collisions="14" teleports="14" halting="9" stopped="0" meanWaitingTime="116.23" meanTravelTime="264.02" meanSpeed="19.78" meanSpeedRelative="0.62" duration="3"/>
    <step time="24600.00" loaded="15241" inserted="14569" running="459" waiting="672" ended="14110" arrived="14110" collisions="15" teleports="15" halting="9" stopped="0" meanWaitingTime="123.68" meanTravelTime="266.89" meanSpeed="20.22" meanSpeedRelative="0.63" duration="2"/>
    <step time="24900.00" loaded="15695" inserted="14974" running="458" waiting="721" ended="14516" arrived="14516" collisions="15" teleports="15" halting="9" stopped="0" meanWaitingTime="131.27" meanTravelTime="269.14" meanSpeed="20.12" meanSpeedRelative="0.63" duration="4"/>
    <step time="25200.00" loaded="16150" inserted="15385" running="454" waiting="765" ended="14931" arrived="14931" collisions="19" teleports="19" halting="8" stopped="0" meanWaitingTime="139.61" meanTravelTime="271.26" meanSpeed="19.69" meanSpeedRelative="0.62" duration="86"/>
    <step time="25500.00" loaded="16709" inserted="15854" running="513" waiting="855" ended="15341" arrived="15341" collisions="22" teleports="22" halting="11" stopped="0" meanWaitingTime="148.45" meanTravelTime="272.58" meanSpeed="19.66" meanSpeedRelative="0.61" duration="3"/>
    <step time="25800.00" loaded="17262" inserted="16303" running="505" waiting="959" ended="15798" arrived="15798" collisions="22" teleports="22" halting="11" stopped="0" meanWaitingTime="157.02" meanTravelTime="274.53" meanSpeed="18.62" meanSpeedRelative="0.58" duration="3"/>
    <step time="26100.00" loaded="17846" inserted="16772" running="543" waiting="1074" ended="16229" arrived="16229" collisions="22" teleports="22" halting="7" stopped="0" meanWaitingTime="166.09" meanTravelTime="276.34" meanSpeed="18.24" meanSpeedRelative="0.57" duration="3"/>
    <step time="26400.00" loaded="18392" inserted="17229" running="549" waiting="1163" ended="16680" arrived="16680" collisions="23" teleports="23" halting="11" stopped="0" meanWaitingTime="175.91" meanTravelTime="278.26" meanSpeed="18.27" meanSpeedRelative="0.57" duration="3"/>
    <step time="26700.00" loaded="18929" inserted="17664" running="541" waiting="1265" ended="17123" arrived="17123" collisions="24" teleports="24" halting="13" stopped="0" meanWaitingTime="186.02" meanTravelTime="280.49" meanSpeed="17.82" meanSpeedRelative="0.56" duration="3"/>
    <step time="27000.00" loaded="19488" inserted="18121" running="560" waiting="1367" ended="17561" arrived="17561" collisions="24" teleports="24" halting="8" stopped="0" meanWaitingTime="196.97" meanTravelTime="283.02" meanSpeed="16.91" meanSpeedRelative="0.53" duration="4"/>
    <step time="27300.00" loaded="20043" inserted="18565" running="566" waiting="1478" ended="17999" arrived="17999" collisions="25" teleports="25" halting="6" stopped="0" meanWaitingTime="207.91" meanTravelTime="285.14" meanSpeed="18.25" meanSpeedRelative="0.57" duration="4"/>
    <step time="27600.00" loaded="20605" inserted="19007" running="553" waiting="1598" ended="18454" arrived="18454" collisions="26" teleports="26" halting="12" stopped="0" meanWaitingTime="219.65" meanTravelTime="286.95" meanSpeed="18.50" meanSpeedRelative="0.58" duration="3"/>
    <step time="27900.00" loaded="21167" inserted="19486" running="587" waiting="1681" ended="18899" arrived="18899" collisions="27" teleports="27" halting="8" stopped="0" meanWaitingTime="231.92" meanTravelTime="289.19" meanSpeed="17.06" meanSpeedRelative="0.53" duration="4"/>
    <step time="28200.00" loaded="21713" inserted="19948" running="587" waiting="1765" ended="19361" arrived="19361" collisions="30" teleports="30" halting="7" stopped="0" meanWaitingTime="244.72" meanTravelTime="291.18" meanSpeed="16.49" meanSpeedRelative="0.52" duration="3"/>
    <step time="28500.00" loaded="22277" inserted="20404" running="590" waiting="1873" ended="19814" arrived="19814" collisions="30" teleports="30" halting="12" stopped="0" meanWaitingTime="258.42" meanTravelTime="293.20" meanSpeed="16.50" meanSpeedRelative="0.52" duration="3"/>
    <step time="28800.00" loaded="22807" inserted="20846" running="587" waiting="1961" ended="20259" arrived="20259" collisions="32" teleports="32" halting="16" stopped="0" meanWaitingTime="273.03" meanTravelTime="295.19" meanSpeed="17.08" meanSpeedRelative="0.53" duration="88"/>
    <step time="29100.00" loaded="23154" inserted="21250" running="582" waiting="1904" ended="20668" arrived="20668" collisions="33" teleports="33" halting="4" stopped="0" meanWaitingTime="286.94" meanTravelTime="297.50" meanSpeed="17.20" meanSpeedRelative="0.54" duration="5"/>
    <step time="29400.00" loaded="23513" inserted="21658" running="566" waiting="1855" ended="21092" arrived="21092" collisions="37" teleports="37" halting="4" stopped="0" meanWaitingTime="301.30" meanTravelTime="300.17" meanSpeed="17.04" meanSpeedRelative="0.53" duration="4"/>
    <step time="29700.00" loaded="23844" inserted="22065" running="550" waiting="1779" ended="21515" arrived="21515" collisions="39" teleports="39" halting="10" stopped="0" meanWaitingTime="315.53" meanTravelTime="301.89" meanSpeed="17.43" meanSpeedRelative="0.54" duration="5"/>
    <step time="30000.00" loaded="24201" inserted="22500" running="546" waiting="1701" ended="21954" arrived="21954" collisions="39" teleports="39" halting="9" stopped="0" meanWaitingTime="330.02" meanTravelTime="303.99" meanSpeed="17.00" meanSpeedRelative="0.53" duration="3"/>
    <step time="30300.00" loaded="24573" inserted="22935" running="533" waiting="1638" ended="22402" arrived="22402" collisions="40" teleports="40" halting="8" stopped="0" meanWaitingTime="344.42" meanTravelTime="305.25" meanSpeed="17.64" meanSpeedRelative="0.55" duration="2"/>
    <step time="30600.00" loaded="24932" inserted="23373" running="549" waiting="1559" ended="22824" arrived="22824" collisions="41" teleports="41" halting="5" stopped="0" meanWaitingTime="358.76" meanTravelTime="306.70" meanSpeed="17.78" meanSpeedRelative="0.56" duration="3"/>
    <step time="30900.00" loaded="25291" inserted="23764" running="485" waiting="1527" ended="23279" arrived="23279" collisions="43" teleports="43" halting="6" stopped="0" meanWaitingTime="372.40" meanTravelTime="307.90" meanSpeed="18.20" meanSpeedRelative="0.57" duration="3"/>
    <step time="31200.00" loaded="25636" inserted="24167" running="478" waiting="1469" ended="23689" arrived="23689" collisions="43" teleports="43" halting="7" stopped="0" meanWaitingTime="386.13" meanTravelTime="309.00" meanSpeed="18.94" meanSpeedRelative="0.59" duration="4"/>
    <step time="31500.00" loaded="25966" inserted="24567" running="459" waiting="1399" ended="24108" arrived="24108" collisions="43" teleports="43" halting="5" stopped="0" meanWaitingTime="399.90" meanTravelTime="309.69" meanSpeed="18.82" meanSpeedRelative="0.59" duration="3"/>
    <step time="31800.00" loaded="26340" inserted="24963" running="443" waiting="1377" ended="24520" arrived="24520" collisions="43" teleports="43" halting="9" stopped="0" meanWaitingTime="412.45" meanTravelTime="310.28" meanSpeed="19.24" meanSpeedRelative="0.60" duration="3"/>
    <step time="32100.00" loaded="26699" inserted="25349" running="434" waiting="1350" ended="24915" arrived="24915" collisions="43" teleports="43" halting="7" stopped="0" meanWaitingTime="424.81" meanTravelTime="310.71" meanSpeed="18.98" meanSpeedRelative="0.59" duration="2"/>
    <step time="32400.00" loaded="27063" inserted="25736" running="405" waiting="1327" ended="25331" arrived="25331" collisions="44" teleports="44" halting="11" stopped="0" meanWaitingTime="436.66" meanTravelTime="311.16" meanSpeed="20.39" meanSpeedRelative="0.64" duration="90"/>
    <step time="32700.00" loaded="27311" inserted="26056" running="341" waiting="1255" ended="25715" arrived="25715" collisions="44" teleports="44" halting="6" stopped="0" meanWaitingTime="449.31" meanTravelTime="311.06" meanSpeed="20.11" meanSpeedRelative="0.63" duration="2"/>
    <step time="33000.00" loaded="27603" inserted="26388" running="322" waiting="1215" ended="26066" arrived="26066" collisions="44" teleports="44" halting="1" stopped="0" meanWaitingTime="459.34" meanTravelTime="311.11" meanSpeed="21.42" meanSpeedRelative="0.67" duration="2"/>
    <step time="33300.00" loaded="27870" inserted="26723" running="314" waiting="1147" ended="26409" arrived="26409" collisions="44" teleports="44" halting="10" stopped="0" meanWaitingTime="470.49" meanTravelTime="310.62" meanSpeed="20.49" meanSpeedRelative="0.64" duration="2"/>
    <step time="33600.00" loaded="28148" inserted="27076" running="327" waiting="1072" ended="26749" arrived="26749" collisions="44" teleports="44" halting="3" stopped="0" meanWaitingTime="479.31" meanTravelTime="310.49" meanSpeed="20.82" meanSpeedRelative="0.65" duration="2"/>
    <step time="33900.00" loaded="28433" inserted="27411" running="327" waiting="1022" ended="27084" arrived="27084" collisions="45" teleports="45" halting="4" stopped="0" meanWaitingTime="488.69" meanTravelTime="310.23" meanSpeed="20.84" meanSpeedRelative="0.65" duration="2"/>
    <step time="34200.00" loaded="28701" inserted="27734" running="316" waiting="967" ended="27418" arrived="27418" collisions="46" teleports="46" halting="4" stopped="0" meanWaitingTime="496.91" meanTravelTime="309.84" meanSpeed="20.57" meanSpeedRelative="0.64" duration="3"/>
    <step time="34500.00" loaded="28969" inserted="28072" running="311" waiting="897" ended="27761" arrived="27761" collisions="46" teleports="46" halting="9" stopped="0" meanWaitingTime="504.17" meanTravelTime="309.59" meanSpeed="20.84" meanSpeedRelative="0.65" duration="2"/>
    <step time="34800.00" loaded="29222" inserted="28387" running="303" waiting="835" ended="28084" arrived="28084" collisions="47" teleports="47" halting="5" stopped="0" meanWaitingTime="510.39" meanTravelTime="309.31" meanSpeed="20.79" meanSpeedRelative="0.65" duration="2"/>
    <step time="35100.00" loaded="29490" inserted="28715" running="306" waiting="775" ended="28409" arrived="28409" collisions="49" teleports="49" halting="4" stopped="0" meanWaitingTime="515.81" meanTravelTime="308.91" meanSpeed="21.14" meanSpeedRelative="0.66" duration="2"/>
    <step time="35400.00" loaded="29765" inserted="29033" running="302" waiting="732" ended="28731" arrived="28731" collisions="49" teleports="49" halting="7" stopped="0" meanWaitingTime="519.71" meanTravelTime="308.80" meanSpeed="21.47" meanSpeedRelative="0.67" duration="1"/>
    <step time="35700.00" loaded="30007" inserted="29351" running="299" waiting="656" ended="29052" arrived="29052" collisions="49" teleports="49" halting="4" stopped="0" meanWaitingTime="523.85" meanTravelTime="308.41" meanSpeed="20.05" meanSpeedRelative="0.63" duration="2"/>
    <step time="36000.00" loaded="30273" inserted="29680" running="303" waiting="593" ended="29377" arrived="29377" collisions="49" teleports="49" halting="7" stopped="0" meanWaitingTime="526.07" meanTravelTime="308.04" meanSpeed="20.87" meanSpeedRelative="0.65" duration="83"/>
    <step time="36300.00" loaded="30739" inserted="30119" running="395" waiting="620" ended="29724" arrived="29724" collisions="50" teleports="50" halting="10" stopped="0" meanWaitingTime="526.44" meanTravelTime="307.55" meanSpeed="21.40" meanSpeedRelative="0.67" duration="3"/>
    <step time="36600.00" loaded="31229" inserted="30560" running="453" waiting="669" ended="30107" arrived="30107" collisions="51" teleports="51" halting="7" stopped="0" meanWaitingTime="527.22" meanTravelTime="307.27" meanSpeed="20.72" meanSpeedRelative="0.65" duration="3"/>
    <step time="36900.00" loaded="31717" inserted="31004" running="472" waiting="713" ended="30532" arrived="30532" collisions="51" teleports="51" halting="10" stopped="0" meanWaitingTime="527.33" meanTravelTime="307.04" meanSpeed="19.59" meanSpeedRelative="0.61" duration="2"/>
    <step time="37200.00" loaded="32184" inserted="31444" running="476" waiting="740" ended="30968" arrived="30968" collisions="56" teleports="56" halting="5" stopped="0" meanWaitingTime="527.13" meanTravelTime="307.07" meanSpeed="20.03" meanSpeedRelative="0.63" duration="3"/>
    <step time="37500.00" loaded="32703" inserted="31921" running="521" waiting="782" ended="31400" arrived="31400" collisions="57" teleports="57" halting="7" stopped="0" meanWaitingTime="526.84" meanTravelTime="307.27" meanSpeed="19.65" meanSpeedRelative="0.61" duration="3"/>
    <step time="37800.00" loaded="33123" inserted="32341" running="492" waiting="782" ended="31849" arrived="31849" collisions="60" teleports="60" halting="14" stopped="0" meanWaitingTime="527.02" meanTravelTime="307.80" meanSpeed="19.83" meanSpeedRelative="0.62" duration="3"/>
    <step time="38100.00" loaded="33581" inserted="32760" running="459" waiting="821" ended="32301" arrived="32301" collisions="62" teleports="62" halting="7" stopped="0" meanWaitingTime="527.05" meanTravelTime="308.19" meanSpeed="19.55" meanSpeedRelative="0.61" duration="3"/>
    <step time="38400.00" loaded="34066" inserted="33215" running="492" waiting="851" ended="32723" arrived="32723" collisions="63" teleports="63" halting="4" stopped="0" meanWaitingTime="526.59" meanTravelTime="308.66" meanSpeed="19.07" meanSpeedRelative="0.60" duration="3"/>
    <step time="38700.00" loaded="34526" inserted="33655" running="494" waiting="871" ended="33161" arrived="33161" collisions="63" teleports="63" halting="10" stopped="0" meanWaitingTime="526.53" meanTravelTime="308.89" meanSpeed="18.87" meanSpeedRelative="0.59" duration="3"/>
    <step time="39000.00" loaded="35007" inserted="34102" running="528" waiting="905" ended="33574" arrived="33574" collisions="65" teleports="65" halting="10" stopped="0" meanWaitingTime="526.47" meanTravelTime="309.30" meanSpeed="18.47" meanSpeedRelative="0.58" duration="3"/>
    <step time="39300.00" loaded="35470" inserted="34539" running="531" waiting="931" ended="34008" arrived="34008" collisions="66" teleports="66" halting="5" stopped="0" meanWaitingTime="526.88" meanTravelTime="309.65" meanSpeed="18.60" meanSpeedRelative="0.58" duration="3"/>
    <step time="39600.00" loaded="35957" inserted="34993" running="558" waiting="964" ended="34435" arrived="34435" collisions="67" teleports="67" halting="8" stopped="0" meanWaitingTime="527.08" meanTravelTime="310.70" meanSpeed="18.20" meanSpeedRelative="0.57" duration="93"/>
    <step time="39900.00" loaded="36462" inserted="35449" running="561" waiting="1013" ended="34888" arrived="34888" collisions="68" teleports="68" halting="12" stopped="0" meanWaitingTime="527.66" meanTravelTime="311.29" meanSpeed="18.12" meanSpeedRelative="0.57" duration="4"/>
    <step time="40200.00" loaded="36966" inserted="35916" running="599" waiting="1050" ended="35317" arrived="35317" collisions="70" teleports="70" halting="2" stopped="0" meanWaitingTime="527.77" meanTravelTime="311.98" meanSpeed="17.66" meanSpeedRelative="0.55" duration="4"/>
    <step time="40500.00" loaded="37443" inserted="36369" running="590" waiting="1074" ended="35779" arrived="35779" collisions="71" teleports="71" halting="9" stopped="0" meanWaitingTime="528.99" meanTravelTime="312.91" meanSpeed="17.48" meanSpeedRelative="0.55" duration="3"/>
    <step time="40800.00" loaded="37958" inserted="36824" running="572" waiting="1134" ended="36252" arrived="36252" collisions="73" teleports="73" halting="11" stopped="0" meanWaitingTime="529.54" meanTravelTime="313.97" meanSpeed="17.39" meanSpeedRelative="0.54" duration="8"/>
    <step time="41100.00" loaded="38514" inserted="37316" running="611" waiting="1198" ended="36705" arrived="36705" collisions="74" teleports="74" halting="9" stopped="0" meanWaitingTime="530.37" meanTravelTime="314.54" meanSpeed="17.58" meanSpeedRelative="0.55" duration="5"/>
    <step time="41400.00" loaded="39030" inserted="37769" running="588" waiting="1261" ended="37181" arrived="37181" collisions="76" teleports="76" halting="12" stopped="0" meanWaitingTime="531.58" meanTravelTime="315.39" meanSpeed="18.21" meanSpeedRelative="0.57" duration="3"/>
    <step time="41700.00" loaded="39543" inserted="38235" running="601" waiting="1308" ended="37634" arrived="37634" collisions="77" teleports="77" halting="8" stopped="0" meanWaitingTime="533.20" meanTravelTime="316.21" meanSpeed="16.72" meanSpeedRelative="0.52" duration="3"/>
    <step time="42000.00" loaded="40061" inserted="38686" running="593" waiting="1375" ended="38093" arrived="38093" collisions="78" teleports="78" halting="10" stopped="0" meanWaitingTime="534.86" meanTravelTime="317.28" meanSpeed="17.62" meanSpeedRelative="0.55" duration="3"/>
    <step time="42300.00" loaded="40590" inserted="39155" running="584" waiting="1435" ended="38571" arrived="38571" collisions="78" teleports="78" halting="10" stopped="0" meanWaitingTime="536.68" meanTravelTime="318.11" meanSpeed="17.49" meanSpeedRelative="0.55" duration="3"/>
    <step time="42600.00" loaded="41114" inserted="39650" running="631" waiting="1464" ended="39019" arrived="39019" collisions="79" teleports="79" halting="11" stopped="0" meanWaitingTime="538.73" meanTravelTime="318.79" meanSpeed="16.67" meanSpeedRelative="0.52" duration="3"/>
    <step time="42900.00" loaded="41675" inserted="40118" running="616" waiting="1557" ended="39502" arrived="39502" collisions="79" teleports="79" halting="8" stopped="0" meanWaitingTime="541.22" meanTravelTime="319.49" meanSpeed="17.30" meanSpeedRelative="0.54" duration="4"/>
    <step time="43200.00" loaded="42174" inserted="40579" running="615" waiting="1595" ended="39964" arrived="39964" collisions="81" teleports="81" halting="5" stopped="0" meanWaitingTime="543.90" meanTravelTime="320.32" meanSpeed="17.17" meanSpeedRelative="0.54" duration="93"/>
    <step time="43500.00" loaded="42739" inserted="41070" running="650" waiting="1669" ended="40420" arrived="40420" collisions="81" teleports="81" halting="10" stopped="0" meanWaitingTime="546.87" meanTravelTime="320.92" meanSpeed="16.52" meanSpeedRelative="0.52" duration="4"/>
    <step time="43800.00" loaded="43285" inserted="41540" running="685" waiting="1745" ended="40855" arrived="40855" collisions="82" teleports="82" halting="12" stopped="0" meanWaitingTime="549.21" meanTravelTime="322.06" meanSpeed="15.72" meanSpeedRelative="0.49" duration="3"/>
    <step time="44100.00" loaded="43831" inserted="42024" running="695" waiting="1807" ended="41329" arrived="41329" collisions="83" teleports="83" halting="7" stopped="0" meanWaitingTime="552.14" meanTravelTime="323.13" meanSpeed="15.81" meanSpeedRelative="0.49" duration="4"/>
    <step time="44400.00" loaded="44358" inserted="42499" running="716" waiting="1859" ended="41783" arrived="41783" collisions="87" teleports="87" halting="6" stopped="0" meanWaitingTime="555.33" meanTravelTime="324.34" meanSpeed="15.85" meanSpeedRelative="0.50" duration="6"/>
    <step time="44700.00" loaded="44890" inserted="42985" running="706" waiting="1905" ended="42279" arrived="42279" collisions="88" teleports="88" halting="9" stopped="0" meanWaitingTime="558.84" meanTravelTime="325.75" meanSpeed="15.57" meanSpeedRelative="0.49" duration="5"/>
    <step time="45000.00" loaded="45412" inserted="43459" running="710" waiting="1953" ended="42749" arrived="42749" collisions="92" teleports="92" halting="9" stopped="0" meanWaitingTime="562.04" meanTravelTime="327.13" meanSpeed="15.16" meanSpeedRelative="0.47" duration="4"/>
    <step time="45300.00" loaded="45953" inserted="43929" running="702" waiting="2024" ended="43227" arrived="43227" collisions="92" teleports="92" halting="15" stopped="0" meanWaitingTime="566.16" meanTravelTime="328.58" meanSpeed="14.99" meanSpeedRelative="0.47" duration="4"/>
    <step time="45600.00" loaded="46475" inserted="44404" running="721" waiting="2071" ended="43683" arrived="43683" collisions="93" teleports="93" halting="10" stopped="0" meanWaitingTime="570.07" meanTravelTime="329.57" meanSpeed="14.98" meanSpeedRelative="0.47" duration="4"/>
    <step time="45900.00" loaded="46984" inserted="44865" running="696" waiting="2119" ended="44169" arrived="44169" collisions="97" teleports="97" halting="12" stopped="0" meanWaitingTime="573.92" meanTravelTime="331.05" meanSpeed="15.16" meanSpeedRelative="0.47" duration="5"/>
    <step time="46200.00" loaded="47553" inserted="45353" running="727" waiting="2200" ended="44626" arrived="44626" collisions="98" teleports="98" halting="13" stopped="0" meanWaitingTime="577.86" meanTravelTime="332.35" meanSpeed="15.00" meanSpeedRelative="0.47" duration="5"/>
    <step time="46500.00" loaded="48062" inserted="45826" running="761" waiting="2236" ended="45065" arrived="45065" collisions="101" teleports="101" halting="11" stopped="0" meanWaitingTime="582.81" meanTravelTime="333.32" meanSpeed="14.69" meanSpeedRelative="0.46" duration="4"/>
    <step time="46800.00" loaded="48638" inserted="46343" running="794" waiting="2295" ended="45549" arrived="45549" collisions="103" teleports="103" halting="15" stopped="0" meanWaitingTime="587.27" meanTravelTime="334.92" meanSpeed="14.39" meanSpeedRelative="0.45" duration="96"/>
    <step time="47100.00" loaded="49163" inserted="46819" running="771" waiting="2344" ended="46048" arrived="46048" collisions="105" teleports="105" halting="12" stopped="0" meanWaitingTime="592.76" meanTravelTime="336.49" meanSpeed="14.38" meanSpeedRelative="0.45" duration="4"/>
    <step time="47400.00" loaded="49746" inserted="47292" running="780" waiting="2454" ended="46512" arrived="46512" collisions="109" teleports="109" halting="15" stopped="0" meanWaitingTime="598.00" meanTravelTime="338.12" meanSpeed="14.07" meanSpeedRelative="0.44" duration="5"/>
    <step time="47700.00" loaded="50290" inserted="47776" running="769" waiting="2514" ended="47007" arrived="47007" collisions="112" teleports="112" halting="11" stopped="0" meanWaitingTime="603.27" meanTravelTime="339.87" meanSpeed="14.84" meanSpeedRelative="0.46" duration="5"/>
    <step time="48000.00" loaded="50812" inserted="48263" running="772" waiting="2549" ended="47491" arrived="47491" collisions="113" teleports="113" halting="10" stopped="0" meanWaitingTime="609.49" meanTravelTime="341.23" meanSpeed="14.64" meanSpeedRelative="0.46" duration="4"/>
    <step time="48300.00" loaded="51325" inserted="48732" running="757" waiting="2593" ended="47975" arrived="47975" collisions="114" teleports="114" halting="13" stopped="0" meanWaitingTime="615.80" meanTravelTime="342.77" meanSpeed="15.03" meanSpeedRelative="0.47" duration="5"/>
    <step time="48600.00" loaded="51872" inserted="49218" running="776" waiting="2654" ended="48442" arrived="48442" collisions="118" teleports="118" halting="11" stopped="0" meanWaitingTime="622.55" meanTravelTime="343.86" meanSpeed="14.86" meanSpeedRelative="0.46" duration="5"/>
    <step time="48900.00" loaded="52411" inserted="49704" running="794" waiting="2707" ended="48910" arrived="48910" collisions="120" teleports="120" halting="9" stopped="0" meanWaitingTime="628.69" meanTravelTime="345.07" meanSpeed="14.18" meanSpeedRelative="0.44" duration="5"/>
    <step time="49200.00" loaded="52917" inserted="50180" running="782" waiting="2737" ended="49398" arrived="49398" collisions="122" teleports="122" halting="21" stopped="0" meanWaitingTime="635.82" meanTravelTime="346.42" meanSpeed="13.80" meanSpeedRelative="0.43" duration="5"/>
    <step time="49500.00" loaded="53395" inserted="50648" running="756" waiting="2747" ended="49892" arrived="49892" collisions="125" teleports="125" halting="7" stopped="0" meanWaitingTime="642.06" meanTravelTime="348.00" meanSpeed="14.13" meanSpeedRelative="0.44" duration="4"/>
    <step time="49800.00" loaded="53920" inserted="51144" running="788" waiting="2776" ended="50356" arrived="50356" collisions="127" teleports="127" halting="12" stopped="0" meanWaitingTime="649.27" meanTravelTime="349.23" meanSpeed="14.35" meanSpeedRelative="0.45" duration="4"/>
    <step time="50100.00" loaded="54447" inserted="51636" running="771" waiting="2811" ended="50865" arrived="50865" collisions="127" teleports="127" halting="12" stopped="0" meanWaitingTime="656.14" meanTravelTime="350.44" meanSpeed="15.22" meanSpeedRelative="0.48" duration="5"/>
    <step time="50400.00" loaded="55029" inserted="52145" running="781" waiting="2884" ended="51364" arrived="51364" collisions="128" teleports="128" halting="14" stopped="0" meanWaitingTime="663.04" meanTravelTime="351.79" meanSpeed="14.59" meanSpeedRelative="0.46" duration="95"/>
    <step time="50700.00" loaded="55725" inserted="52654" running="815" waiting="3071" ended="51839" arrived="51839" collisions="133" teleports="133" halting="14" stopped="0" meanWaitingTime="669.19" meanTravelTime="352.83" meanSpeed="14.45" meanSpeedRelative="0.45" duration="6"/>
    <step time="51000.00" loaded="56388" inserted="53130" running="793" waiting="3258" ended="52337" arrived="52337" collisions="135" teleports="135" halting="6" stopped="0" meanWaitingTime="674.66" meanTravelTime="354.12" meanSpeed="14.84" meanSpeedRelative="0.46" duration="6"/>
    <step time="51300.00" loaded="57124" inserted="53666" running="855" waiting="3458" ended="52811" arrived="52811" collisions="136" teleports="136" halting="10" stopped="0" meanWaitingTime="681.94" meanTravelTime="355.24" meanSpeed="14.53" meanSpeedRelative="0.45" duration="6"/>
    <step time="51600.00" loaded="57851" inserted="54185" running="889" waiting="3666" ended="53296" arrived="53296" collisions="138" teleports="138" halting="10" stopped="0" meanWaitingTime="688.96" meanTravelTime="356.53" meanSpeed="13.79" meanSpeedRelative="0.43" duration="4"/>
    <step time="51900.00" loaded="58566" inserted="54688" running="875" waiting="3878" ended="53813" arrived="53813" collisions="141" teleports="141" halting="14" stopped="0" meanWaitingTime="696.12" meanTravelTime="357.80" meanSpeed="13.52" meanSpeedRelative="0.42" duration="6"/>
    <step time="52200.00" loaded="59294" inserted="55224" running="920" waiting="4070" ended="54304" arrived="54304" collisions="143" teleports="143" halting="13" stopped="0" meanWaitingTime="702.27" meanTravelTime="359.49" meanSpeed="13.90" meanSpeedRelative="0.43" duration="8"/>
    <step time="52500.00" loaded="60026" inserted="55768" running="961" waiting="4258" ended="54807" arrived="54807" collisions="143" teleports="143" halting="10" stopped="0" meanWaitingTime="708.92" meanTravelTime="360.87" meanSpeed="12.90" meanSpeedRelative="0.40" duration="7"/>
    <step time="52800.00" loaded="60740" inserted="56285" running="1000" waiting="4455" ended="55285" arrived="55285" collisions="146" teleports="146" halting="18" stopped="0" meanWaitingTime="715.63" meanTravelTime="362.46" meanSpeed="12.47" meanSpeedRelative="0.39" duration="8"/>
    <step time="53100.00" loaded="61457" inserted="56788" running="1003" waiting="4669" ended="55785" arrived="55785" collisions="149" teleports="149" halting="13" stopped="0" meanWaitingTime="722.25" meanTravelTime="364.40" meanSpeed="12.60" meanSpeedRelative="0.39" duration="7"/>
    <step time="53400.00" loaded="62171" inserted="57297" running="1004" waiting="4874" ended="56293" arrived="56293" collisions="151" teleports="151" halting="18" stopped="0" meanWaitingTime="730.56" meanTravelTime="366.26" meanSpeed="12.30" meanSpeedRelative="0.38" duration="7"/>
    <step time="53700.00" loaded="62885" inserted="57827" running="1037" waiting="5058" ended="56790" arrived="56790" collisions="153" teleports="153" halting="9" stopped="0" meanWaitingTime="738.71" meanTravelTime="368.29" meanSpeed="12.43" meanSpeedRelative="0.39" duration="9"/>
    <step time="54000.00" loaded="63626" inserted="58356" running="1068" waiting="5270" ended="57288" arrived="57288" collisions="154" teleports="154" halting="12" stopped="0" meanWaitingTime="748.42" meanTravelTime="370.43" meanSpeed="12.63" meanSpeedRelative="0.39" duration="94"/>
    <step time="54300.00" loaded="64081" inserted="58828" running="1024" waiting="5253" ended="57804" arrived="57804" collisions="154" teleports="154" halting="17" stopped="0" meanWaitingTime="758.67" meanTravelTime="372.49" meanSpeed="11.72" meanSpeedRelative="0.37" duration="7"/>
    <step time="54600.00" loaded="64584" inserted="59314" running="1018" waiting="5270" ended="58296" arrived="58296" collisions="157" teleports="157" halting="24" stopped="0" meanWaitingTime="768.25" meanTravelTime="374.92" meanSpeed="11.81" meanSpeedRelative="0.37" duration="8"/>
    <step time="54900.00" loaded="65042" inserted="59763" running="984" waiting="5279" ended="58779" arrived="58779" collisions="157" teleports="157" halting="14" stopped="0" meanWaitingTime="777.80" meanTravelTime="377.01" meanSpeed="12.30" meanSpeedRelative="0.38" duration="7"/>
    <step time="55200.00" loaded="65486" inserted="60218" running="936" waiting="5268" ended="59282" arrived="59282" collisions="160" teleports="160" halting="21" stopped="0" meanWaitingTime="788.28" meanTravelTime="379.38" meanSpeed="12.60" meanSpeedRelative="0.39" duration="7"/>
    <step time="55500.00" loaded="65944" inserted="60698" running="886" waiting="5246" ended="59812" arrived="59812" collisions="162" teleports="162" halting="11" stopped="0" meanWaitingTime="800.53" meanTravelTime="381.17" meanSpeed="13.42" meanSpeedRelative="0.42" duration="8"/>
    <step time="55800.00" loaded="66409" inserted="61198" running="851" waiting="5211" ended="60347" arrived="60347" collisions="163" teleports="163" halting="12" stopped="0" meanWaitingTime="812.87" meanTravelTime="382.85" meanSpeed="13.29" meanSpeedRelative="0.42" duration="5"/>
    <step time="56100.00" loaded="66914" inserted="61680" running="850" waiting="5234" ended="60830" arrived="60830" collisions="168" teleports="168" halting="15" stopped="0" meanWaitingTime="823.90" meanTravelTime="384.07" meanSpeed="14.10" meanSpeedRelative="0.44" duration="7"/>
    <step time="56400.00" loaded="67357" inserted="62137" running="817" waiting="5220" ended="61320" arrived="61320" collisions="170" teleports="170" halting="13" stopped="0" meanWaitingTime="836.95" meanTravelTime="385.08" meanSpeed="13.36" meanSpeedRelative="0.42" duration="7"/>
    <step time="56700.00" loaded="67824" inserted="62606" running="820" waiting="5218" ended="61786" arrived="61786" collisions="172" teleports="172" halting="4" stopped="0" meanWaitingTime="850.44" meanTravelTime="385.96" meanSpeed="13.81" meanSpeedRelative="0.43" duration="7"/>
    <step time="57000.00" loaded="68264" inserted="63110" running="823" waiting="5154" ended="62287" arrived="62287" collisions="173" teleports="173" halting="14" stopped="0" meanWaitingTime="864.47" meanTravelTime="386.92" meanSpeed="13.21" meanSpeedRelative="0.41" duration="7"/>
    <step time="57300.00" loaded="68733" inserted="63626" running="861" waiting="5107" ended="62765" arrived="62765" collisions="175" teleports="175" halting="19" stopped="0" meanWaitingTime="878.28" meanTravelTime="387.78" meanSpeed="13.53" meanSpeedRelative="0.42" duration="8"/>
    <step time="57600.00" loaded="69202" inserted="64113" running="868" waiting="5089" ended="63245" arrived="63245" collisions="178" teleports="178" halting="8" stopped="0" meanWaitingTime="891.35" meanTravelTime="388.82" meanSpeed="13.50" meanSpeedRelative="0.42" duration="84"/>
    <step time="57900.00" loaded="69766" inserted="64638" running="907" waiting="5128" ended="63731" arrived="63731" collisions="179" teleports="179" halting="15" stopped="0" meanWaitingTime="905.00" meanTravelTime="389.75" meanSpeed="13.07" meanSpeedRelative="0.41" duration="7"/>
    <step time="58200.00" loaded="70310" inserted="65103" running="892" waiting="5207" ended="64211" arrived="64211" collisions="179" teleports="179" halting="20" stopped="0" meanWaitingTime="916.43" meanTravelTime="390.95" meanSpeed="13.72" meanSpeedRelative="0.43" duration="9"/>
    <step time="58500.00" loaded="70869" inserted="65585" running="863" waiting="5284" ended="64722" arrived="64722" collisions="182" teleports="182" halting="11" stopped="0" meanWaitingTime="927.86" meanTravelTime="392.25" meanSpeed="13.78" meanSpeedRelative="0.43" duration="7"/>
    <step time="58800.00" loaded="71403" inserted="66067" running="832" waiting="5336" ended="65235" arrived="65235" collisions="185" teleports="185" halting="8" stopped="0" meanWaitingTime="939.62" meanTravelTime="393.16" meanSpeed="13.56" meanSpeedRelative="0.42" duration="8"/>
    <step time="59100.00" loaded="71955" inserted="66571" running="830" waiting="5384" ended="65741" arrived="65741" collisions="188" teleports="188" halting="14" stopped="0" meanWaitingTime="950.90" meanTravelTime="394.10" meanSpeed="14.01" meanSpeedRelative="0.44" duration="6"/>
    <step time="59400.00" loaded="72518" inserted="67096" running="861" waiting="5422" ended="66235" arrived="66235" collisions="193" teleports="193" halting="8" stopped="0" meanWaitingTime="963.07" meanTravelTime="394.83" meanSpeed="13.87" meanSpeedRelative="0.43" duration="8"/>
    <step time="59700.00" loaded="73071" inserted="67611" running="890" waiting="5460" ended="66721" arrived="66721" collisions="197" teleports="197" halting="11" stopped="0" meanWaitingTime="974.42" meanTravelTime="395.96" meanSpeed="13.41" meanSpeedRelative="0.42" duration="7"/>
    <step time="60000.00" loaded="73721" inserted="68142" running="922" waiting="5579" ended="67220" arrived="67220" collisions="200" teleports="200" halting="17" stopped="0" meanWaitingTime="985.23" meanTravelTime="396.76" meanSpeed="13.62" meanSpeedRelative="0.43" duration="6"/>
    <step time="60300.00" loaded="74334" inserted="68671" running="910" waiting="5663" ended="67761" arrived="67761" collisions="202" teleports="202" halting="15" stopped="0" meanWaitingTime="995.22" meanTravelTime="397.67" meanSpeed="13.34" meanSpeedRelative="0.42" duration="7"/>
    <step time="60600.00" loaded="74904" inserted="69170" running="924" waiting="5734" ended="68246" arrived="68246" collisions="206" teleports="206" halting="17" stopped="0" meanWaitingTime="1005.59" meanTravelTime="398.65" meanSpeed="13.07" meanSpeedRelative="0.41" duration="9"/>
    <step time="60900.00" loaded="75500" inserted="69705" running="964" waiting="5795" ended="68741" arrived="68741" collisions="207" teleports="207" halting="8" stopped="0" meanWaitingTime="1016.53" meanTravelTime="399.54" meanSpeed="12.87" meanSpeedRelative="0.40" duration="6"/>
    <step time="61200.00" loaded="76089" inserted="70225" running="977" waiting="5864" ended="69248" arrived="69248" collisions="208" teleports="208" halting="15" stopped="0" meanWaitingTime="1027.07" meanTravelTime="400.57" meanSpeed="12.80" meanSpeedRelative="0.40" duration="88"/>
    <step time="61500.00" loaded="76157" inserted="70598" running="898" waiting="5559" ended="69700" arrived="69700" collisions="210" teleports="210" halting="21" stopped="0" meanWaitingTime="1038.63" meanTravelTime="401.77" meanSpeed="12.74" meanSpeedRelative="0.40" duration="7"/>
    <step time="61800.00" loaded="76234" inserted="70970" running="828" waiting="5264" ended="70142" arrived="70142" collisions="214" teleports="214" halting="14" stopped="0" meanWaitingTime="1050.22" meanTravelTime="403.24" meanSpeed="13.14" meanSpeedRelative="0.41" duration="6"/>
    <step time="62100.00" loaded="76313" inserted="71326" running="746" waiting="4987" ended="70580" arrived="70580" collisions="216" teleports="216" halting="11" stopped="0" meanWaitingTime="1061.59" meanTravelTime="404.70" meanSpeed="13.87" meanSpeedRelative="0.43" duration="5"/>
    <step time="62400.00" loaded="76388" inserted="71653" running="655" waiting="4735" ended="70998" arrived="70998" collisions="218" teleports="218" halting="8" stopped="0" meanWaitingTime="1074.68" meanTravelTime="405.90" meanSpeed="14.72" meanSpeedRelative="0.46" duration="4"/>
    <step time="62700.00" loaded="76466" inserted="71972" running="583" waiting="4494" ended="71389" arrived="71389" collisions="221" teleports="221" halting="6" stopped="0" meanWaitingTime="1088.85" meanTravelTime="406.84" meanSpeed="15.73" meanSpeedRelative="0.49" duration="4"/>
    <step time="63000.00" loaded="76531" inserted="72278" running="519" waiting="4253" ended="71759" arrived="71759" collisions="223" teleports="223" halting="4" stopped="0" meanWaitingTime="1101.81" meanTravelTime="407.73" meanSpeed="17.19" meanSpeedRelative="0.54" duration="4"/>
    <step time="63300.00" loaded="76602" inserted="72592" running="466" waiting="4010" ended="72126" arrived="72126" collisions="227" teleports="227" halting="8" stopped="0" meanWaitingTime="1116.02" meanTravelTime="408.18" meanSpeed="18.24" meanSpeedRelative="0.57" duration="4"/>
    <step time="63600.00" loaded="76679" inserted="72894" running="412" waiting="3785" ended="72482" arrived="72482" collisions="229" teleports="229" halting="5" stopped="0" meanWaitingTime="1128.83" meanTravelTime="408.49" meanSpeed="19.21" meanSpeedRelative="0.60" duration="4"/>
    <step time="63900.00" loaded="76751" inserted="73149" running="328" waiting="3602" ended="72821" arrived="72821" collisions="229" teleports="229" halting="2" stopped="0" meanWaitingTime="1142.57" meanTravelTime="408.53" meanSpeed="19.32" meanSpeedRelative="0.60" duration="2"/>
    <step time="64200.00" loaded="76828" inserted="73401" running="258" waiting="3427" ended="73143" arrived="73143" collisions="229" teleports="229" halting="3" stopped="0" meanWaitingTime="1156.82" meanTravelTime="408.47" meanSpeed="21.16" meanSpeedRelative="0.66" duration="2"/>
    <step time="64500.00" loaded="76907" inserted="73680" running="268" waiting="3227" ended="73412" arrived="73412" collisions="229" teleports="229" halting="5" stopped="0" meanWaitingTime="1172.05" meanTravelTime="408.03" meanSpeed="21.52" meanSpeedRelative="0.67" duration="2"/>
    <step time="64800.00" loaded="76975" inserted="73931" running="237" waiting="3044" ended="73694" arrived="73694" collisions="229" teleports="229" halting="3" stopped="0" meanWaitingTime="1186.44" meanTravelTime="407.62" meanSpeed="22.03" meanSpeedRelative="0.69" duration="92"/>
    <step time="65100.00" loaded="77033" inserted="74186" running="240" waiting="2847" ended="73946" arrived="73946" collisions="230" teleports="230" halting="1" stopped="0" meanWaitingTime="1200.04" meanTravelTime="407.13" meanSpeed="21.91" meanSpeedRelative="0.68" duration="1"/>
    <step time="65400.00" loaded="77087" inserted="74392" running="211" waiting="2695" ended="74181" arrived="74181" collisions="230" teleports="230" halting="9" stopped="0" meanWaitingTime="1209.91" meanTravelTime="406.85" meanSpeed="21.41" meanSpeedRelative="0.67" duration="3"/>
    <step time="65700.00" loaded="77150" inserted="74551" running="197" waiting="2599" ended="74354" arrived="74354" collisions="230" teleports="230" halting="9" stopped="0" meanWaitingTime="1218.09" meanTravelTime="406.76" meanSpeed="20.16" meanSpeedRelative="0.63" duration="2"/>
    <step time="66000.00" loaded="77206" inserted="74702" running="185" waiting="2504" ended="74517" arrived="74517" collisions="230" teleports="230" halting="1" stopped="0" meanWaitingTime="1225.94" meanTravelTime="406.78" meanSpeed="20.91" meanSpeedRelative="0.65" duration="1"/>
    <step time="66300.00" loaded="77254" inserted="74843" running="173" waiting="2411" ended="74670" arrived="74670" collisions="230" teleports="230" halting="5" stopped="0" meanWaitingTime="1232.09" meanTravelTime="406.69" meanSpeed="21.62" meanSpeedRelative="0.68" duration="1"/>
    <step time="66600.00" loaded="77310" inserted="74985" running="165" waiting="2325" ended="74820" arrived="74820" collisions="230" teleports="230" halting="5" stopped="0" meanWaitingTime="1237.26" meanTravelTime="406.59" meanSpeed="22.10" meanSpeedRelative="0.69" duration="2"/>
    <step time="66900.00" loaded="77373" inserted="75080" running="105" waiting="2293" ended="74975" arrived="74975" collisions="230" teleports="230" halting="3" stopped="0" meanWaitingTime="1242.74" meanTravelTime="406.43" meanSpeed="20.17" meanSpeedRelative="0.63" duration="1"/>
    <step time="67200.00" loaded="77413" inserted="75155" running="84" waiting="2258" ended="75071" arrived="75071" collisions="230" teleports="230" halting="1" stopped="0" meanWaitingTime="1248.33" meanTravelTime="406.32" meanSpeed="20.02" meanSpeedRelative="0.63" duration="1"/>
    <step time="67500.00" loaded="77468" inserted="75245" running="88" waiting="2223" ended="75157" arrived="75157" collisions="230" teleports="230" halting="4" stopped="0" meanWaitingTime="1254.08" meanTravelTime="406.25" meanSpeed="20.57" meanSpeedRelative="0.64" duration="1"/>
    <step time="67800.00" loaded="77507" inserted="75321" running="87" waiting="2186" ended="75234" arrived="75234" collisions="230" teleports="230" halting="4" stopped="0" meanWaitingTime="1260.15" meanTravelTime="406.13" meanSpeed="19.02" meanSpeedRelative="0.59" duration="1"/>
    <step time="68100.00" loaded="77559" inserted="75406" running="77" waiting="2153" ended="75329" arrived="75329" collisions="230" teleports="230" halting="4" stopped="0" meanWaitingTime="1266.51" meanTravelTime="406.00" meanSpeed="16.07" meanSpeedRelative="0.50" duration="1"/>
    <step time="68400.00" loaded="77595" inserted="75479" running="62" waiting="2116" ended="75417" arrived="75417" collisions="230" teleports="230" halting="7" stopped="0" meanWaitingTime="1272.44" meanTravelTime="405.84" meanSpeed="16.62" meanSpeedRelative="0.52" duration="90"/>
    <step time="68700.00" loaded="77754" inserted="75667" running="132" waiting="2087" ended="75535" arrived="75535" collisions="230" teleports="230" halting="5" stopped="0" meanWaitingTime="1278.59" meanTravelTime="405.52" meanSpeed="21.31" meanSpeedRelative="0.67" duration="1"/>
    <step time="69000.00" loaded="77889" inserted="75833" running="151" waiting="2056" ended="75682" arrived="75682" collisions="230" teleports="230" halting="5" stopped="0" meanWaitingTime="1284.23" meanTravelTime="405.23" meanSpeed="22.56" meanSpeedRelative="0.71" duration="1"/>
    <step time="69300.00" loaded="78033" inserted="76004" running="161" waiting="2029" ended="75843" arrived="75843" collisions="230" teleports="230" halting="7" stopped="0" meanWaitingTime="1289.76" meanTravelTime="404.90" meanSpeed="22.57" meanSpeedRelative="0.71" duration="1"/>
    <step time="69600.00" loaded="78184" inserted="76179" running="157" waiting="2005" ended="76022" arrived="76022" collisions="231" teleports="231" halting="11" stopped="0" meanWaitingTime="1296.02" meanTravelTime="404.56" meanSpeed="21.07" meanSpeedRelative="0.66" duration="1"/>
    <step time="69900.00" loaded="78367" inserted="76387" running="185" waiting="1980" ended="76202" arrived="76202" collisions="231" teleports="231" halting="0" stopped="0" meanWaitingTime="1302.02" meanTravelTime="404.22" meanSpeed="22.18" meanSpeedRelative="0.69" duration="1"/>
    <step time="70200.00" loaded="78530" inserted="76572" running="181" waiting="1958" ended="76391" arrived="76391" collisions="231" teleports="231" halting="3" stopped="0" meanWaitingTime="1307.57" meanTravelTime="403.90" meanSpeed="22.43" meanSpeedRelative="0.70" duration="1"/>
    <step time="70500.00" loaded="78674" inserted="76736" running="171" waiting="1938" ended="76565" arrived="76565" collisions="232" teleports="232" halting="10" stopped="0" meanWaitingTime="1313.85" meanTravelTime="403.66" meanSpeed="21.56" meanSpeedRelative="0.67" duration="1"/>
    <step time="70800.00" loaded="78843" inserted="76928" running="166" waiting="1915" ended="76762" arrived="76762" collisions="232" teleports="232" halting="5" stopped="0" meanWaitingTime="1320.23" meanTravelTime="403.37" meanSpeed="22.11" meanSpeedRelative="0.69" duration="1"/>
    <step time="71100.00" loaded="79015" inserted="77128" running="177" waiting="1887" ended="76951" arrived="76951" collisions="232" teleports="232" halting="2" stopped="0" meanWaitingTime="1326.60" meanTravelTime="403.02" meanSpeed="22.08" meanSpeedRelative="0.69" duration="1"/>
    <step time="71400.00" loaded="79178" inserted="77319" running="181" waiting="1859" ended="77138" arrived="77138" collisions="234" teleports="234" halting="6" stopped="0" meanWaitingTime="1332.30" meanTravelTime="402.71" meanSpeed="22.41" meanSpeedRelative="0.70" duration="1"/>
    <step time="71700.00" loaded="79332" inserted="77493" running="164" waiting="1839" ended="77329" arrived="77329" collisions="235" teleports="235" halting="6" stopped="0" meanWaitingTime="1338.34" meanTravelTime="402.46" meanSpeed="22.40" meanSpeedRelative="0.70" duration="2"/>
    <step time="72000.00" loaded="79486" inserted="77669" running="164" waiting="1817" ended="77505" arrived="77505" collisions="235" teleports="235" halting="4" stopped="0" meanWaitingTime="1344.45" meanTravelTime="402.15" meanSpeed="22.57" meanSpeedRelative="0.71" duration="83"/>
    <step time="72300.00" loaded="79631" inserted="77839" running="158" waiting="1792" ended="77681" arrived="77681" collisions="235" teleports="235" halting="5" stopped="0" meanWaitingTime="1351.48" meanTravelTime="401.81" meanSpeed="21.83" meanSpeedRelative="0.68" duration="1"/>
    <step time="72600.00" loaded="79770" inserted="78010" running="141" waiting="1760" ended="77869" arrived="77869" collisions="235" teleports="235" halting="7" stopped="0" meanWaitingTime="1358.11" meanTravelTime="401.56" meanSpeed="20.97" meanSpeedRelative="0.66" duration="1"/>
    <step time="72900.00" loaded="79914" inserted="78179" running="158" waiting="1735" ended="78021" arrived="78021" collisions="235" teleports="235" halting="1" stopped="0" meanWaitingTime="1364.65" meanTravelTime="401.30" meanSpeed="21.55" meanSpeedRelative="0.67" duration="2"/>
    <step time="73200.00" loaded="80047" inserted="78340" running="159" waiting="1707" ended="78181" arrived="78181" collisions="236" teleports="236" halting="2" stopped="0" meanWaitingTime="1371.32" meanTravelTime="401.02" meanSpeed="22.85" meanSpeedRelative="0.71" duration="1"/>
    <step time="73500.00" loaded="80183" inserted="78516" running="161" waiting="1667" ended="78355" arrived="78355" collisions="236" teleports="236" halting="7" stopped="0" meanWaitingTime="1378.13" meanTravelTime="400.75" meanSpeed="21.70" meanSpeedRelative="0.68" duration="1"/>
    <step time="73800.00" loaded="80311" inserted="78679" running="155" waiting="1632" ended="78524" arrived="78524" collisions="239" teleports="239" halting="6" stopped="0" meanWaitingTime="1385.35" meanTravelTime="400.49" meanSpeed="21.42" meanSpeedRelative="0.67" duration="1"/>
    <step time="74100.00" loaded="80440" inserted="78842" running="159" waiting="1598" ended="78683" arrived="78683" collisions="239" teleports="239" halting="1" stopped="0" meanWaitingTime="1392.12" meanTravelTime="400.27" meanSpeed="22.71" meanSpeedRelative="0.71" duration="1"/>
    <step time="74400.00" loaded="80583" inserted="79011" running="156" waiting="1572" ended="78855" arrived="78855" collisions="239" teleports="239" halting="3" stopped="0" meanWaitingTime="1397.87" meanTravelTime="399.97" meanSpeed="22.83" meanSpeedRelative="0.71" duration="1"/>
    <step time="74700.00" loaded="80712" inserted="79168" running="146" waiting="1544" ended="79022" arrived="79022" collisions="240" teleports="240" halting="7" stopped="0" meanWaitingTime="1402.87" meanTravelTime="399.73" meanSpeed="21.54" meanSpeedRelative="0.67" duration="1"/>
    <step time="75000.00" loaded="80835" inserted="79324" running="134" waiting="1511" ended="79190" arrived="79190" collisions="240" teleports="240" halting="2" stopped="0" meanWaitingTime="1406.67" meanTravelTime="399.49" meanSpeed="21.79" meanSpeedRelative="0.68" duration="1"/>
    <step time="75300.00" loaded="80986" inserted="79502" running="145" waiting="1484" ended="79357" arrived="79357" collisions="240" teleports="240" halting="2" stopped="0" meanWaitingTime="1411.70" meanTravelTime="399.18" meanSpeed="21.87" meanSpeedRelative="0.68" duration="1"/>
    <step time="75600.00" loaded="81112" inserted="79664" running="151" waiting="1448" ended="79513" arrived="79513" collisions="240" teleports="240" halting="6" stopped="0" meanWaitingTime="1416.13" meanTravelTime="398.89" meanSpeed="22.24" meanSpeedRelative="0.70" duration="82"/>
    <step time="75900.00" loaded="81313" inserted="79897" running="204" waiting="1416" ended="79693" arrived="79693" collisions="240" teleports="240" halting="2" stopped="0" meanWaitingTime="1419.56" meanTravelTime="398.55" meanSpeed="22.84" meanSpeedRelative="0.71" duration="1"/>
    <step time="76200.00" loaded="81530" inserted="80135" running="220" waiting="1395" ended="79915" arrived="79915" collisions="240" teleports="240" halting="5" stopped="0" meanWaitingTime="1423.13" meanTravelTime="398.27" meanSpeed="22.34" meanSpeedRelative="0.70" duration="2"/>
    <step time="76500.00" loaded="81728" inserted="80348" running="206" waiting="1380" ended="80142" arrived="80142" collisions="240" teleports="240" halting="5" stopped="0" meanWaitingTime="1426.25" meanTravelTime="397.91" meanSpeed="21.81" meanSpeedRelative="0.68" duration="2"/>
    <step time="76800.00" loaded="81911" inserted="80558" running="196" waiting="1353" ended="80362" arrived="80362" collisions="240" teleports="240" halting="2" stopped="0" meanWaitingTime="1428.59" meanTravelTime="397.58" meanSpeed="22.03" meanSpeedRelative="0.69" duration="2"/>
    <step time="77100.00" loaded="82112" inserted="80779" running="194" waiting="1333" ended="80585" arrived="80585" collisions="240" teleports="240" halting="3" stopped="0" meanWaitingTime="1431.66" meanTravelTime="397.26" meanSpeed="22.22" meanSpeedRelative="0.69" duration="1"/>
    <step time="77400.00" loaded="82293" inserted="80989" running="182" waiting="1304" ended="80807" arrived="80807" collisions="240" teleports="240" halting="7" stopped="0" meanWaitingTime="1434.09" meanTravelTime="396.84" meanSpeed="21.44" meanSpeedRelative="0.67" duration="1"/>
    <step time="77700.00" loaded="82491" inserted="81226" running="216" waiting="1265" ended="81010" arrived="81010" collisions="241" teleports="241" halting="7" stopped="0" meanWaitingTime="1437.15" meanTravelTime="396.50" meanSpeed="21.79" meanSpeedRelative="0.68" duration="2"/>
    <step time="78000.00" loaded="82677" inserted="81438" running="214" waiting="1239" ended="81224" arrived="81224" collisions="241" teleports="241" halting="5" stopped="0" meanWaitingTime="1440.65" meanTravelTime="396.19" meanSpeed="22.22" meanSpeedRelative="0.69" duration="2"/>
    <step time="78300.00" loaded="82868" inserted="81654" running="205" waiting="1214" ended="81449" arrived="81449" collisions="241" teleports="241" halting="2" stopped="0" meanWaitingTime="1443.16" meanTravelTime="395.94" meanSpeed="21.91" meanSpeedRelative="0.68" duration="2"/>
    <step time="78600.00" loaded="83066" inserted="81873" running="187" waiting="1193" ended="81686" arrived="81686" collisions="242" teleports="242" halting="5" stopped="0" meanWaitingTime="1445.51" meanTravelTime="395.53" meanSpeed="21.71" meanSpeedRelative="0.68" duration="1"/>
    <step time="78900.00" loaded="83270" inserted="82102" running="198" waiting="1168" ended="81904" arrived="81904" collisions="242" teleports="242" halting="6" stopped="0" meanWaitingTime="1447.53" meanTravelTime="395.20" meanSpeed="21.98" meanSpeedRelative="0.69" duration="1"/>
    <step time="79200.00" loaded="83500" inserted="82356" running="222" waiting="1144" ended="82134" arrived="82134" collisions="242" teleports="242" halting="4" stopped="0" meanWaitingTime="1448.95" meanTravelTime="394.81" meanSpeed="22.33" meanSpeedRelative="0.70" duration="83"/>
    <step time="79500.00" loaded="83671" inserted="82558" running="201" waiting="1113" ended="82357" arrived="82357" collisions="242" teleports="242" halting="3" stopped="0" meanWaitingTime="1451.22" meanTravelTime="394.50" meanSpeed="23.10" meanSpeedRelative="0.72" duration="1"/>
    <step time="79800.00" loaded="83834" inserted="82735" running="159" waiting="1099" ended="82576" arrived="82576" collisions="242" teleports="242" halting="3" stopped="0" meanWaitingTime="1453.57" meanTravelTime="394.21" meanSpeed="23.66" meanSpeedRelative="0.74" duration="1"/>
    <step time="80100.00" loaded="83997" inserted="82909" running="157" waiting="1088" ended="82752" arrived="82752" collisions="242" teleports="242" halting="10" stopped="0" meanWaitingTime="1455.99" meanTravelTime="394.03" meanSpeed="22.20" meanSpeedRelative="0.69" duration="1"/>
    <step time="80400.00" loaded="84178" inserted="83100" running="181" waiting="1078" ended="82919" arrived="82919" collisions="242" teleports="242" halting="0" stopped="0" meanWaitingTime="1458.68" meanTravelTime="393.78" meanSpeed="23.37" meanSpeedRelative="0.73" duration="1"/>
    <step time="80700.00" loaded="84338" inserted="83267" running="149" waiting="1071" ended="83118" arrived="83118" collisions="242" teleports="242" halting="2" stopped="0" meanWaitingTime="1460.99" meanTravelTime="393.47" meanSpeed="23.11" meanSpeedRelative="0.72" duration="1"/>
    <step time="81000.00" loaded="84501" inserted="83437" running="147" waiting="1064" ended="83290" arrived="83290" collisions="242" teleports="242" halting="5" stopped="0" meanWaitingTime="1464.10" meanTravelTime="393.22" meanSpeed="22.86" meanSpeedRelative="0.71" duration="1"/>
    <step time="81300.00" loaded="84676" inserted="83622" running="165" waiting="1054" ended="83457" arrived="83457" collisions="242" teleports="242" halting="7" stopped="0" meanWaitingTime="1466.42" meanTravelTime="393.03" meanSpeed="22.17" meanSpeedRelative="0.69" duration="1"/>
    <step time="81600.00" loaded="84830" inserted="83786" running="171" waiting="1044" ended="83615" arrived="83615" collisions="242" teleports="242" halting="2" stopped="0" meanWaitingTime="1469.97" meanTravelTime="392.82" meanSpeed="21.77" meanSpeedRelative="0.68" duration="1"/>
    <step time="81900.00" loaded="85020" inserted="83982" running="191" waiting="1038" ended="83791" arrived="83791" collisions="242" teleports="242" halting="1" stopped="0" meanWaitingTime="1472.15" meanTravelTime="392.62" meanSpeed="23.06" meanSpeedRelative="0.72" duration="2"/>
    <step time="82200.00" loaded="85196" inserted="84160" running="194" waiting="1036" ended="83966" arrived="83966" collisions="242" teleports="242" halting="6" stopped="0" meanWaitingTime="1474.71" meanTravelTime="392.43" meanSpeed="23.52" meanSpeedRelative="0.73" duration="1"/>
    <step time="82500.00" loaded="85351" inserted="84324" running="160" waiting="1027" ended="84164" arrived="84164" collisions="244" teleports="244" halting="8" stopped="0" meanWaitingTime="1477.54" meanTravelTime="392.22" meanSpeed="22.37" meanSpeedRelative="0.70" duration="1"/>
</summary>
