<?xml version="1.0" encoding="UTF-8"?>

<!-- generated on 2025-08-07 23:23:33 by Eclipse SUMO sumo Version 1.23.1
<sumoConfiguration xmlns:xsi="http://www.w3.org/2001/XMLSchema-instance" xsi:noNamespaceSchemaLocation="http://sumo.dlr.de/xsd/sumoConfiguration.xsd">

    <input>
        <net-file value="Desktop\Master Thesis\Network_fin.net.xml"/>
        <route-files value="Desktop\Master Thesis\demand_model_amsterdam.rou.xml"/>
        <additional-files value="Desktop\Master Thesis\Additionnal.add.xml"/>
    </input>

    <output>
        <summary-output value="outputf/summary_coor_alinea_1neigh_method2_K80_target5_38349.xml"/>
        <summary-output.period value="300"/>
        <tripinfo-output value="outputf/tripinfo_coor_alinea_1neigh_method2_K80_target5_38349.xml"/>
    </output>

    <time>
        <begin value="0"/>
        <end value="82800"/>
        <step-length value="1"/>
    </time>

    <processing>
        <time-to-teleport value="-1"/>
    </processing>

    <report>
        <verbose value="true"/>
        <no-step-log value="true"/>
    </report>

    <emissions>
        <device.emissions.period value="10"/>
    </emissions>

    <traci_server>
        <remote-port value="65449"/>
    </traci_server>

    <random_number>
        <seed value="38349"/>
    </random_number>

</sumoConfiguration>
-->

<summary xmlns:xsi="http://www.w3.org/2001/XMLSchema-instance" xsi:noNamespaceSchemaLocation="http://sumo.dlr.de/xsd/summary_file.xsd">
    <step time="0.00" loaded="0" inserted="0" running="0" waiting="0" ended="0" arrived="0" collisions="0" teleports="0" halting="0" stopped="0" meanWaitingTime="-1.00" meanTravelTime="-1.00" meanSpeed="-1.00" meanSpeedRelative="-1.00" duration="0"/>
    <step time="300.00" loaded="149" inserted="149" running="95" waiting="0" ended="54" arrived="54" collisions="0" teleports="0" halting="0" stopped="0" meanWaitingTime="0.21" meanTravelTime="98.39" meanSpeed="25.52" meanSpeedRelative="0.80" duration="1"/>
    <step time="600.00" loaded="335" inserted="335" running="148" waiting="0" ended="187" arrived="187" collisions="0" teleports="0" halting="1" stopped="0" meanWaitingTime="0.34" meanTravelTime="149.30" meanSpeed="24.98" meanSpeedRelative="0.78" duration="0"/>
    <step time="900.00" loaded="510" inserted="510" running="159" waiting="0" ended="351" arrived="351" collisions="1" teleports="1" halting="0" stopped="0" meanWaitingTime="0.36" meanTravelTime="176.68" meanSpeed="24.57" meanSpeedRelative="0.77" duration="1"/>
    <step time="1200.00" loaded="677" inserted="677" running="154" waiting="0" ended="523" arrived="523" collisions="2" teleports="2" halting="0" stopped="0" meanWaitingTime="0.35" meanTravelTime="206.27" meanSpeed="25.54" meanSpeedRelative="0.80" duration="0"/>
    <step time="1500.00" loaded="840" inserted="840" running="144" waiting="0" ended="696" arrived="696" collisions="2" teleports="2" halting="0" stopped="0" meanWaitingTime="0.33" meanTravelTime="225.19" meanSpeed="25.73" meanSpeedRelative="0.80" duration="1"/>
    <step time="1800.00" loaded="1044" inserted="1044" running="168" waiting="0" ended="876" arrived="876" collisions="3" teleports="3" halting="1" stopped="0" meanWaitingTime="0.38" meanTravelTime="234.49" meanSpeed="23.88" meanSpeedRelative="0.75" duration="1"/>
    <step time="2100.00" loaded="1218" inserted="1218" running="160" waiting="0" ended="1058" arrived="1058" collisions="3" teleports="3" halting="1" stopped="0" meanWaitingTime="0.37" meanTravelTime="240.15" meanSpeed="24.92" meanSpeedRelative="0.78" duration="1"/>
    <step time="2400.00" loaded="1413" inserted="1413" running="173" waiting="0" ended="1240" arrived="1240" collisions="3" teleports="3" halting="0" stopped="0" meanWaitingTime="0.42" meanTravelTime="242.04" meanSpeed="25.03" meanSpeedRelative="0.78" duration="1"/>
    <step time="2700.00" loaded="1567" inserted="1567" running="145" waiting="0" ended="1422" arrived="1422" collisions="3" teleports="3" halting="1" stopped="0" meanWaitingTime="0.40" meanTravelTime="247.41" meanSpeed="24.78" meanSpeedRelative="0.77" duration="1"/>
    <step time="3000.00" loaded="1744" inserted="1743" running="161" waiting="1" ended="1582" arrived="1582" collisions="3" teleports="3" halting="0" stopped="0" meanWaitingTime="0.40" meanTravelTime="250.73" meanSpeed="25.49" meanSpeedRelative="0.80" duration="1"/>
    <step time="3300.00" loaded="1933" inserted="1933" running="170" waiting="0" ended="1763" arrived="1763" collisions="4" teleports="4" halting="3" stopped="0" meanWaitingTime="0.42" meanTravelTime="250.83" meanSpeed="24.75" meanSpeedRelative="0.77" duration="2"/>
    <step time="3600.00" loaded="2111" inserted="2102" running="161" waiting="9" ended="1941" arrived="1941" collisions="4" teleports="4" halting="0" stopped="0" meanWaitingTime="0.80" meanTravelTime="252.35" meanSpeed="25.04" meanSpeedRelative="0.78" duration="85"/>
    <step time="3900.00" loaded="2208" inserted="2204" running="97" waiting="4" ended="2107" arrived="2107" collisions="4" teleports="4" halting="3" stopped="0" meanWaitingTime="1.70" meanTravelTime="255.20" meanSpeed="23.65" meanSpeedRelative="0.74" duration="1"/>
    <step time="4200.00" loaded="2323" inserted="2323" running="97" waiting="0" ended="2226" arrived="2226" collisions="4" teleports="4" halting="1" stopped="0" meanWaitingTime="1.88" meanTravelTime="258.41" meanSpeed="25.60" meanSpeedRelative="0.80" duration="1"/>
    <step time="4500.00" loaded="2431" inserted="2431" running="101" waiting="0" ended="2330" arrived="2330" collisions="4" teleports="4" halting="0" stopped="0" meanWaitingTime="1.80" meanTravelTime="257.31" meanSpeed="25.22" meanSpeedRelative="0.79" duration="1"/>
    <step time="4800.00" loaded="2531" inserted="2531" running="75" waiting="0" ended="2456" arrived="2456" collisions="4" teleports="4" halting="1" stopped="0" meanWaitingTime="1.74" meanTravelTime="258.73" meanSpeed="26.05" meanSpeedRelative="0.81" duration="0"/>
    <step time="5100.00" loaded="2633" inserted="2633" running="76" waiting="0" ended="2557" arrived="2557" collisions="4" teleports="4" halting="0" stopped="0" meanWaitingTime="1.67" meanTravelTime="257.18" meanSpeed="25.39" meanSpeedRelative="0.79" duration="1"/>
    <step time="5400.00" loaded="2751" inserted="2751" running="87" waiting="0" ended="2664" arrived="2664" collisions="4" teleports="4" halting="1" stopped="0" meanWaitingTime="1.61" meanTravelTime="256.37" meanSpeed="26.47" meanSpeedRelative="0.83" duration="1"/>
    <step time="5700.00" loaded="2876" inserted="2876" running="98" waiting="0" ended="2778" arrived="2778" collisions="4" teleports="4" halting="2" stopped="0" meanWaitingTime="1.54" meanTravelTime="256.12" meanSpeed="25.74" meanSpeedRelative="0.80" duration="0"/>
    <step time="6000.00" loaded="2977" inserted="2977" running="89" waiting="0" ended="2888" arrived="2888" collisions="4" teleports="4" halting="0" stopped="0" meanWaitingTime="1.50" meanTravelTime="255.07" meanSpeed="26.80" meanSpeedRelative="0.84" duration="0"/>
    <step time="6300.00" loaded="3093" inserted="3093" running="96" waiting="0" ended="2997" arrived="2997" collisions="4" teleports="4" halting="0" stopped="0" meanWaitingTime="1.45" meanTravelTime="255.32" meanSpeed="25.37" meanSpeedRelative="0.79" duration="1"/>
    <step time="6600.00" loaded="3194" inserted="3194" running="85" waiting="0" ended="3109" arrived="3109" collisions="4" teleports="4" halting="0" stopped="0" meanWaitingTime="1.42" meanTravelTime="254.62" meanSpeed="25.51" meanSpeedRelative="0.80" duration="1"/>
    <step time="6900.00" loaded="3319" inserted="3319" running="95" waiting="0" ended="3224" arrived="3224" collisions="4" teleports="4" halting="1" stopped="0" meanWaitingTime="1.37" meanTravelTime="253.73" meanSpeed="25.25" meanSpeedRelative="0.79" duration="1"/>
    <step time="7200.00" loaded="3428" inserted="3428" running="81" waiting="0" ended="3347" arrived="3347" collisions="4" teleports="4" halting="0" stopped="0" meanWaitingTime="1.33" meanTravelTime="253.41" meanSpeed="25.85" meanSpeedRelative="0.81" duration="86"/>
    <step time="7500.00" loaded="3572" inserted="3570" running="118" waiting="2" ended="3452" arrived="3452" collisions="4" teleports="4" halting="1" stopped="0" meanWaitingTime="1.31" meanTravelTime="252.88" meanSpeed="23.79" meanSpeedRelative="0.74" duration="0"/>
    <step time="7800.00" loaded="3713" inserted="3707" running="117" waiting="6" ended="3590" arrived="3590" collisions="4" teleports="4" halting="0" stopped="0" meanWaitingTime="1.46" meanTravelTime="253.04" meanSpeed="24.34" meanSpeedRelative="0.76" duration="1"/>
    <step time="8100.00" loaded="3862" inserted="3861" running="126" waiting="1" ended="3735" arrived="3735" collisions="4" teleports="4" halting="2" stopped="0" meanWaitingTime="1.62" meanTravelTime="251.80" meanSpeed="24.60" meanSpeedRelative="0.77" duration="1"/>
    <step time="8400.00" loaded="4014" inserted="4011" running="121" waiting="3" ended="3890" arrived="3890" collisions="4" teleports="4" halting="0" stopped="0" meanWaitingTime="1.98" meanTravelTime="251.45" meanSpeed="24.11" meanSpeedRelative="0.75" duration="0"/>
    <step time="8700.00" loaded="4162" inserted="4162" running="127" waiting="0" ended="4035" arrived="4035" collisions="4" teleports="4" halting="0" stopped="0" meanWaitingTime="2.08" meanTravelTime="250.84" meanSpeed="25.12" meanSpeedRelative="0.79" duration="0"/>
    <step time="9000.00" loaded="4324" inserted="4312" running="131" waiting="12" ended="4181" arrived="4181" collisions="4" teleports="4" halting="0" stopped="0" meanWaitingTime="2.20" meanTravelTime="251.62" meanSpeed="26.04" meanSpeedRelative="0.81" duration="1"/>
    <step time="9300.00" loaded="4472" inserted="4466" running="124" waiting="6" ended="4342" arrived="4342" collisions="4" teleports="4" halting="1" stopped="0" meanWaitingTime="2.72" meanTravelTime="251.74" meanSpeed="24.51" meanSpeedRelative="0.77" duration="1"/>
    <step time="9600.00" loaded="4613" inserted="4609" running="118" waiting="4" ended="4491" arrived="4491" collisions="4" teleports="4" halting="0" stopped="0" meanWaitingTime="2.81" meanTravelTime="251.60" meanSpeed="25.19" meanSpeedRelative="0.79" duration="1"/>
    <step time="9900.00" loaded="4744" inserted="4744" running="112" waiting="0" ended="4632" arrived="4632" collisions="4" teleports="4" halting="0" stopped="0" meanWaitingTime="2.83" meanTravelTime="251.77" meanSpeed="24.65" meanSpeedRelative="0.77" duration="0"/>
    <step time="10200.00" loaded="4885" inserted="4883" running="125" waiting="2" ended="4758" arrived="4758" collisions="4" teleports="4" halting="4" stopped="0" meanWaitingTime="2.97" meanTravelTime="251.03" meanSpeed="24.40" meanSpeedRelative="0.76" duration="1"/>
    <step time="10500.00" loaded="5036" inserted="5034" running="134" waiting="2" ended="4900" arrived="4900" collisions="4" teleports="4" halting="6" stopped="0" meanWaitingTime="3.10" meanTravelTime="251.40" meanSpeed="23.40" meanSpeedRelative="0.73" duration="1"/>
    <step time="10800.00" loaded="5189" inserted="5189" running="135" waiting="0" ended="5054" arrived="5054" collisions="4" teleports="4" halting="1" stopped="0" meanWaitingTime="3.18" meanTravelTime="251.14" meanSpeed="25.35" meanSpeedRelative="0.79" duration="86"/>
    <step time="11100.00" loaded="5343" inserted="5339" running="124" waiting="4" ended="5215" arrived="5215" collisions="4" teleports="4" halting="2" stopped="0" meanWaitingTime="3.20" meanTravelTime="251.96" meanSpeed="25.03" meanSpeedRelative="0.78" duration="1"/>
    <step time="11400.00" loaded="5494" inserted="5472" running="117" waiting="22" ended="5355" arrived="5355" collisions="4" teleports="4" halting="3" stopped="0" meanWaitingTime="3.64" meanTravelTime="252.09" meanSpeed="24.85" meanSpeedRelative="0.78" duration="0"/>
    <step time="11700.00" loaded="5629" inserted="5617" running="107" waiting="12" ended="5510" arrived="5510" collisions="4" teleports="4" halting="1" stopped="0" meanWaitingTime="4.47" meanTravelTime="252.12" meanSpeed="25.33" meanSpeedRelative="0.79" duration="1"/>
    <step time="12000.00" loaded="5752" inserted="5739" running="96" waiting="13" ended="5643" arrived="5643" collisions="4" teleports="4" halting="3" stopped="0" meanWaitingTime="5.07" meanTravelTime="251.49" meanSpeed="23.90" meanSpeedRelative="0.75" duration="1"/>
    <step time="12300.00" loaded="5887" inserted="5871" running="103" waiting="16" ended="5768" arrived="5768" collisions="4" teleports="4" halting="1" stopped="0" meanWaitingTime="5.62" meanTravelTime="251.51" meanSpeed="24.27" meanSpeedRelative="0.76" duration="1"/>
    <step time="12600.00" loaded="6018" inserted="6010" running="104" waiting="8" ended="5906" arrived="5906" collisions="4" teleports="4" halting="1" stopped="0" meanWaitingTime="6.16" meanTravelTime="251.34" meanSpeed="25.47" meanSpeedRelative="0.80" duration="1"/>
    <step time="12900.00" loaded="6154" inserted="6147" running="110" waiting="7" ended="6037" arrived="6037" collisions="4" teleports="4" halting="3" stopped="0" meanWaitingTime="6.35" meanTravelTime="250.85" meanSpeed="24.25" meanSpeedRelative="0.76" duration="1"/>
    <step time="13200.00" loaded="6300" inserted="6287" running="112" waiting="13" ended="6175" arrived="6175" collisions="4" teleports="4" halting="3" stopped="0" meanWaitingTime="6.64" meanTravelTime="250.35" meanSpeed="24.03" meanSpeedRelative="0.75" duration="1"/>
    <step time="13500.00" loaded="6454" inserted="6430" running="109" waiting="24" ended="6321" arrived="6321" collisions="4" teleports="4" halting="3" stopped="0" meanWaitingTime="7.15" meanTravelTime="249.84" meanSpeed="24.99" meanSpeedRelative="0.78" duration="1"/>
    <step time="13800.00" loaded="6626" inserted="6593" running="116" waiting="33" ended="6477" arrived="6477" collisions="4" teleports="4" halting="0" stopped="0" meanWaitingTime="7.89" meanTravelTime="249.06" meanSpeed="25.29" meanSpeedRelative="0.79" duration="0"/>
    <step time="14100.00" loaded="6784" inserted="6745" running="108" waiting="39" ended="6637" arrived="6637" collisions="5" teleports="5" halting="1" stopped="0" meanWaitingTime="9.13" meanTravelTime="248.52" meanSpeed="25.42" meanSpeedRelative="0.79" duration="1"/>
    <step time="14400.00" loaded="6936" inserted="6900" running="116" waiting="36" ended="6784" arrived="6784" collisions="6" teleports="6" halting="3" stopped="0" meanWaitingTime="10.66" meanTravelTime="247.59" meanSpeed="24.45" meanSpeedRelative="0.76" duration="86"/>
    <step time="14700.00" loaded="7033" inserted="6997" running="87" waiting="36" ended="6910" arrived="6910" collisions="6" teleports="6" halting="4" stopped="0" meanWaitingTime="11.84" meanTravelTime="247.61" meanSpeed="24.06" meanSpeedRelative="0.75" duration="1"/>
    <step time="15000.00" loaded="7137" inserted="7107" running="88" waiting="30" ended="7019" arrived="7019" collisions="6" teleports="6" halting="0" stopped="0" meanWaitingTime="13.03" meanTravelTime="247.98" meanSpeed="23.34" meanSpeedRelative="0.73" duration="1"/>
    <step time="15300.00" loaded="7246" inserted="7218" running="94" waiting="28" ended="7124" arrived="7124" collisions="6" teleports="6" halting="1" stopped="0" meanWaitingTime="14.44" meanTravelTime="248.04" meanSpeed="24.74" meanSpeedRelative="0.77" duration="0"/>
    <step time="15600.00" loaded="7348" inserted="7318" running="85" waiting="30" ended="7233" arrived="7233" collisions="6" teleports="6" halting="2" stopped="0" meanWaitingTime="15.35" meanTravelTime="247.95" meanSpeed="23.94" meanSpeedRelative="0.75" duration="1"/>
    <step time="15900.00" loaded="7455" inserted="7417" running="79" waiting="38" ended="7338" arrived="7338" collisions="6" teleports="6" halting="3" stopped="0" meanWaitingTime="16.43" meanTravelTime="248.09" meanSpeed="24.10" meanSpeedRelative="0.75" duration="1"/>
    <step time="16200.00" loaded="7557" inserted="7522" running="83" waiting="35" ended="7439" arrived="7439" collisions="6" teleports="6" halting="6" stopped="0" meanWaitingTime="17.46" meanTravelTime="247.69" meanSpeed="23.29" meanSpeedRelative="0.73" duration="0"/>
    <step time="16500.00" loaded="7658" inserted="7628" running="71" waiting="30" ended="7557" arrived="7557" collisions="6" teleports="6" halting="0" stopped="0" meanWaitingTime="18.63" meanTravelTime="247.30" meanSpeed="25.34" meanSpeedRelative="0.79" duration="1"/>
    <step time="16800.00" loaded="7758" inserted="7735" running="80" waiting="23" ended="7655" arrived="7655" collisions="6" teleports="6" halting="1" stopped="0" meanWaitingTime="19.74" meanTravelTime="247.01" meanSpeed="23.61" meanSpeedRelative="0.74" duration="1"/>
    <step time="17100.00" loaded="7864" inserted="7846" running="86" waiting="18" ended="7760" arrived="7760" collisions="6" teleports="6" halting="3" stopped="0" meanWaitingTime="20.49" meanTravelTime="246.57" meanSpeed="24.47" meanSpeedRelative="0.76" duration="0"/>
    <step time="17400.00" loaded="7976" inserted="7961" running="82" waiting="15" ended="7879" arrived="7879" collisions="7" teleports="7" halting="7" stopped="0" meanWaitingTime="21.01" meanTravelTime="246.51" meanSpeed="24.11" meanSpeedRelative="0.75" duration="1"/>
    <step time="17700.00" loaded="8080" inserted="8073" running="88" waiting="7" ended="7985" arrived="7985" collisions="7" teleports="7" halting="0" stopped="0" meanWaitingTime="21.22" meanTravelTime="246.12" meanSpeed="24.72" meanSpeedRelative="0.77" duration="1"/>
    <step time="18000.00" loaded="8176" inserted="8176" running="68" waiting="0" ended="8108" arrived="8108" collisions="7" teleports="7" halting="1" stopped="0" meanWaitingTime="21.08" meanTravelTime="245.57" meanSpeed="24.96" meanSpeedRelative="0.78" duration="81"/>
    <step time="18300.00" loaded="8370" inserted="8361" running="119" waiting="9" ended="8242" arrived="8242" collisions="7" teleports="7" halting="3" stopped="0" meanWaitingTime="20.80" meanTravelTime="245.05" meanSpeed="23.85" meanSpeedRelative="0.75" duration="1"/>
    <step time="18600.00" loaded="8569" inserted="8542" running="147" waiting="27" ended="8395" arrived="8395" collisions="7" teleports="7" halting="2" stopped="0" meanWaitingTime="20.73" meanTravelTime="244.15" meanSpeed="24.22" meanSpeedRelative="0.76" duration="1"/>
    <step time="18900.00" loaded="8774" inserted="8733" running="162" waiting="41" ended="8571" arrived="8571" collisions="7" teleports="7" halting="4" stopped="0" meanWaitingTime="21.06" meanTravelTime="244.09" meanSpeed="24.15" meanSpeedRelative="0.75" duration="1"/>
    <step time="19200.00" loaded="8982" inserted="8921" running="148" waiting="61" ended="8773" arrived="8773" collisions="7" teleports="7" halting="8" stopped="0" meanWaitingTime="21.62" meanTravelTime="243.94" meanSpeed="23.42" meanSpeedRelative="0.73" duration="1"/>
    <step time="19500.00" loaded="9181" inserted="9101" running="148" waiting="80" ended="8953" arrived="8953" collisions="7" teleports="7" halting="1" stopped="0" meanWaitingTime="22.66" meanTravelTime="243.90" meanSpeed="24.94" meanSpeedRelative="0.78" duration="0"/>
    <step time="19800.00" loaded="9392" inserted="9297" running="156" waiting="95" ended="9141" arrived="9141" collisions="7" teleports="7" halting="2" stopped="0" meanWaitingTime="23.78" meanTravelTime="244.33" meanSpeed="24.53" meanSpeedRelative="0.77" duration="1"/>
    <step time="20100.00" loaded="9599" inserted="9490" running="173" waiting="109" ended="9317" arrived="9317" collisions="7" teleports="7" halting="6" stopped="0" meanWaitingTime="25.38" meanTravelTime="244.35" meanSpeed="24.31" meanSpeedRelative="0.76" duration="1"/>
    <step time="20400.00" loaded="9782" inserted="9669" running="158" waiting="113" ended="9511" arrived="9511" collisions="7" teleports="7" halting="0" stopped="0" meanWaitingTime="27.01" meanTravelTime="244.52" meanSpeed="23.77" meanSpeedRelative="0.74" duration="1"/>
    <step time="20700.00" loaded="9999" inserted="9882" running="165" waiting="117" ended="9717" arrived="9717" collisions="7" teleports="7" halting="4" stopped="0" meanWaitingTime="29.58" meanTravelTime="244.70" meanSpeed="24.09" meanSpeedRelative="0.75" duration="1"/>
    <step time="21000.00" loaded="10192" inserted="10055" running="149" waiting="137" ended="9906" arrived="9906" collisions="7" teleports="7" halting="4" stopped="0" meanWaitingTime="31.88" meanTravelTime="245.01" meanSpeed="24.44" meanSpeedRelative="0.76" duration="1"/>
    <step time="21300.00" loaded="10402" inserted="10259" running="160" waiting="143" ended="10099" arrived="10099" collisions="8" teleports="8" halting="2" stopped="0" meanWaitingTime="34.72" meanTravelTime="244.65" meanSpeed="24.45" meanSpeedRelative="0.76" duration="1"/>
    <step time="21600.00" loaded="10592" inserted="10437" running="153" waiting="155" ended="10284" arrived="10284" collisions="8" teleports="8" halting="3" stopped="0" meanWaitingTime="37.27" meanTravelTime="244.81" meanSpeed="25.46" meanSpeedRelative="0.80" duration="79"/>
    <step time="21900.00" loaded="11090" inserted="10871" running="351" waiting="219" ended="10520" arrived="10520" collisions="8" teleports="8" halting="3" stopped="0" meanWaitingTime="42.07" meanTravelTime="244.46" meanSpeed="21.53" meanSpeedRelative="0.67" duration="2"/>
    <step time="22200.00" loaded="11537" inserted="11290" running="400" waiting="247" ended="10890" arrived="10890" collisions="8" teleports="8" halting="8" stopped="0" meanWaitingTime="47.86" meanTravelTime="244.78" meanSpeed="21.58" meanSpeedRelative="0.67" duration="3"/>
    <step time="22500.00" loaded="11997" inserted="11711" running="417" waiting="286" ended="11294" arrived="11294" collisions="9" teleports="9" halting="11" stopped="0" meanWaitingTime="52.61" meanTravelTime="246.35" meanSpeed="19.90" meanSpeedRelative="0.62" duration="2"/>
    <step time="22800.00" loaded="12458" inserted="12132" running="466" waiting="326" ended="11666" arrived="11666" collisions="11" teleports="11" halting="9" stopped="0" meanWaitingTime="57.72" meanTravelTime="248.21" meanSpeed="20.19" meanSpeedRelative="0.63" duration="2"/>
    <step time="23100.00" loaded="12929" inserted="12559" running="465" waiting="370" ended="12094" arrived="12094" collisions="12" teleports="12" halting="6" stopped="0" meanWaitingTime="62.97" meanTravelTime="250.74" meanSpeed="19.80" meanSpeedRelative="0.62" duration="2"/>
    <step time="23400.00" loaded="13429" inserted="12983" running="497" waiting="446" ended="12486" arrived="12486" collisions="12" teleports="12" halting="9" stopped="0" meanWaitingTime="68.57" meanTravelTime="253.41" meanSpeed="18.74" meanSpeedRelative="0.59" duration="3"/>
    <step time="23700.00" loaded="13903" inserted="13405" running="504" waiting="498" ended="12901" arrived="12901" collisions="14" teleports="14" halting="9" stopped="0" meanWaitingTime="74.65" meanTravelTime="256.06" meanSpeed="18.75" meanSpeedRelative="0.59" duration="3"/>
    <step time="24000.00" loaded="14376" inserted="13838" running="479" waiting="538" ended="13359" arrived="13359" collisions="16" teleports="16" halting="11" stopped="0" meanWaitingTime="81.44" meanTravelTime="259.72" meanSpeed="19.53" meanSpeedRelative="0.61" duration="4"/>
    <step time="24300.00" loaded="14802" inserted="14246" running="466" waiting="556" ended="13780" arrived="13780" collisions="18" teleports="18" halting="7" stopped="0" meanWaitingTime="88.56" meanTravelTime="262.66" meanSpeed="19.41" meanSpeedRelative="0.61" duration="3"/>
    <step time="24600.00" loaded="15292" inserted="14667" running="476" waiting="625" ended="14191" arrived="14191" collisions="21" teleports="21" halting="4" stopped="0" meanWaitingTime="96.37" meanTravelTime="264.99" meanSpeed="20.32" meanSpeedRelative="0.64" duration="4"/>
    <step time="24900.00" loaded="15755" inserted="15083" running="456" waiting="672" ended="14627" arrived="14627" collisions="22" teleports="22" halting="9" stopped="0" meanWaitingTime="104.26" meanTravelTime="266.74" meanSpeed="20.09" meanSpeedRelative="0.63" duration="3"/>
    <step time="25200.00" loaded="16218" inserted="15494" running="464" waiting="724" ended="15030" arrived="15030" collisions="22" teleports="22" halting="5" stopped="0" meanWaitingTime="112.45" meanTravelTime="268.82" meanSpeed="18.92" meanSpeedRelative="0.59" duration="90"/>
    <step time="25500.00" loaded="16762" inserted="15979" running="521" waiting="783" ended="15458" arrived="15458" collisions="22" teleports="22" halting="9" stopped="0" meanWaitingTime="121.54" meanTravelTime="270.36" meanSpeed="18.43" meanSpeedRelative="0.58" duration="3"/>
    <step time="25800.00" loaded="17328" inserted="16438" running="535" waiting="890" ended="15903" arrived="15903" collisions="23" teleports="23" halting="11" stopped="0" meanWaitingTime="130.79" meanTravelTime="272.46" meanSpeed="18.58" meanSpeedRelative="0.58" duration="3"/>
    <step time="26100.00" loaded="17836" inserted="16902" running="569" waiting="934" ended="16333" arrived="16333" collisions="25" teleports="25" halting="16" stopped="0" meanWaitingTime="140.27" meanTravelTime="274.24" meanSpeed="18.07" meanSpeedRelative="0.56" duration="4"/>
    <step time="26400.00" loaded="18395" inserted="17366" running="567" waiting="1029" ended="16799" arrived="16799" collisions="25" teleports="25" halting="6" stopped="0" meanWaitingTime="149.81" meanTravelTime="276.43" meanSpeed="18.36" meanSpeedRelative="0.57" duration="4"/>
    <step time="26700.00" loaded="18945" inserted="17822" running="564" waiting="1123" ended="17258" arrived="17258" collisions="29" teleports="29" halting="4" stopped="0" meanWaitingTime="159.88" meanTravelTime="278.67" meanSpeed="18.15" meanSpeedRelative="0.57" duration="3"/>
    <step time="27000.00" loaded="19515" inserted="18287" running="546" waiting="1228" ended="17741" arrived="17741" collisions="30" teleports="30" halting="11" stopped="0" meanWaitingTime="170.97" meanTravelTime="280.80" meanSpeed="18.56" meanSpeedRelative="0.58" duration="3"/>
    <step time="27300.00" loaded="20084" inserted="18761" running="568" waiting="1323" ended="18193" arrived="18193" collisions="33" teleports="33" halting="10" stopped="0" meanWaitingTime="181.69" meanTravelTime="282.88" meanSpeed="17.46" meanSpeedRelative="0.55" duration="3"/>
    <step time="27600.00" loaded="20690" inserted="19234" running="593" waiting="1456" ended="18641" arrived="18641" collisions="34" teleports="34" halting="11" stopped="0" meanWaitingTime="193.66" meanTravelTime="284.82" meanSpeed="16.66" meanSpeedRelative="0.52" duration="4"/>
    <step time="27900.00" loaded="21273" inserted="19686" running="575" waiting="1587" ended="19111" arrived="19111" collisions="35" teleports="35" halting="6" stopped="0" meanWaitingTime="205.56" meanTravelTime="287.14" meanSpeed="17.66" meanSpeedRelative="0.55" duration="3"/>
    <step time="28200.00" loaded="21846" inserted="20163" running="591" waiting="1683" ended="19572" arrived="19572" collisions="39" teleports="39" halting="8" stopped="0" meanWaitingTime="218.16" meanTravelTime="289.31" meanSpeed="16.95" meanSpeedRelative="0.53" duration="3"/>
    <step time="28500.00" loaded="22394" inserted="20606" running="557" waiting="1788" ended="20049" arrived="20049" collisions="41" teleports="41" halting="14" stopped="0" meanWaitingTime="230.74" meanTravelTime="291.67" meanSpeed="16.80" meanSpeedRelative="0.52" duration="4"/>
    <step time="28800.00" loaded="22951" inserted="21068" running="543" waiting="1883" ended="20525" arrived="20525" collisions="41" teleports="41" halting="4" stopped="0" meanWaitingTime="244.55" meanTravelTime="293.20" meanSpeed="18.23" meanSpeedRelative="0.57" duration="87"/>
    <step time="29100.00" loaded="23317" inserted="21497" running="518" waiting="1820" ended="20979" arrived="20979" collisions="44" teleports="44" halting="7" stopped="0" meanWaitingTime="258.76" meanTravelTime="294.77" meanSpeed="19.11" meanSpeedRelative="0.60" duration="4"/>
    <step time="29400.00" loaded="23686" inserted="21919" running="506" waiting="1767" ended="21413" arrived="21413" collisions="45" teleports="45" halting="9" stopped="0" meanWaitingTime="273.35" meanTravelTime="295.97" meanSpeed="19.48" meanSpeedRelative="0.61" duration="4"/>
    <step time="29700.00" loaded="24037" inserted="22348" running="498" waiting="1689" ended="21850" arrived="21850" collisions="47" teleports="47" halting="8" stopped="0" meanWaitingTime="288.82" meanTravelTime="297.20" meanSpeed="19.55" meanSpeedRelative="0.61" duration="2"/>
    <step time="30000.00" loaded="24398" inserted="22761" running="454" waiting="1637" ended="22307" arrived="22307" collisions="47" teleports="47" halting="10" stopped="0" meanWaitingTime="303.98" meanTravelTime="298.38" meanSpeed="19.80" meanSpeedRelative="0.62" duration="3"/>
    <step time="30300.00" loaded="24769" inserted="23200" running="463" waiting="1569" ended="22737" arrived="22737" collisions="49" teleports="49" halting="14" stopped="0" meanWaitingTime="318.77" meanTravelTime="299.05" meanSpeed="19.91" meanSpeedRelative="0.62" duration="2"/>
    <step time="30600.00" loaded="25100" inserted="23607" running="467" waiting="1493" ended="23140" arrived="23140" collisions="51" teleports="51" halting="7" stopped="0" meanWaitingTime="332.47" meanTravelTime="299.69" meanSpeed="19.10" meanSpeedRelative="0.60" duration="3"/>
    <step time="30900.00" loaded="25439" inserted="24047" running="485" waiting="1392" ended="23562" arrived="23562" collisions="51" teleports="51" halting="7" stopped="0" meanWaitingTime="346.73" meanTravelTime="300.35" meanSpeed="18.77" meanSpeedRelative="0.59" duration="4"/>
    <step time="31200.00" loaded="25805" inserted="24473" running="504" waiting="1332" ended="23969" arrived="23969" collisions="51" teleports="51" halting="7" stopped="0" meanWaitingTime="360.00" meanTravelTime="300.92" meanSpeed="19.49" meanSpeedRelative="0.61" duration="3"/>
    <step time="31500.00" loaded="26162" inserted="24893" running="456" waiting="1269" ended="24437" arrived="24437" collisions="52" teleports="52" halting="11" stopped="0" meanWaitingTime="372.45" meanTravelTime="301.76" meanSpeed="19.89" meanSpeedRelative="0.62" duration="2"/>
    <step time="31800.00" loaded="26527" inserted="25289" running="420" waiting="1238" ended="24869" arrived="24869" collisions="52" teleports="52" halting="4" stopped="0" meanWaitingTime="384.59" meanTravelTime="302.21" meanSpeed="20.28" meanSpeedRelative="0.63" duration="3"/>
    <step time="32100.00" loaded="26889" inserted="25698" running="415" waiting="1191" ended="25283" arrived="25283" collisions="52" teleports="52" halting="6" stopped="0" meanWaitingTime="395.22" meanTravelTime="302.46" meanSpeed="19.81" meanSpeedRelative="0.62" duration="3"/>
    <step time="32400.00" loaded="27234" inserted="26104" running="449" waiting="1130" ended="25655" arrived="25655" collisions="53" teleports="53" halting="11" stopped="0" meanWaitingTime="405.17" meanTravelTime="302.42" meanSpeed="19.28" meanSpeedRelative="0.60" duration="90"/>
    <step time="32700.00" loaded="27521" inserted="26452" running="364" waiting="1069" ended="26088" arrived="26088" collisions="54" teleports="54" halting="7" stopped="0" meanWaitingTime="413.51" meanTravelTime="302.94" meanSpeed="20.17" meanSpeedRelative="0.63" duration="2"/>
    <step time="33000.00" loaded="27782" inserted="26774" running="341" waiting="1008" ended="26433" arrived="26433" collisions="55" teleports="55" halting="4" stopped="0" meanWaitingTime="421.68" meanTravelTime="303.18" meanSpeed="21.31" meanSpeedRelative="0.67" duration="2"/>
    <step time="33300.00" loaded="28033" inserted="27085" running="317" waiting="948" ended="26768" arrived="26768" collisions="55" teleports="55" halting="7" stopped="0" meanWaitingTime="429.59" meanTravelTime="303.42" meanSpeed="20.70" meanSpeedRelative="0.65" duration="2"/>
    <step time="33600.00" loaded="28283" inserted="27393" running="294" waiting="890" ended="27099" arrived="27099" collisions="55" teleports="55" halting="13" stopped="0" meanWaitingTime="437.02" meanTravelTime="303.54" meanSpeed="21.33" meanSpeedRelative="0.67" duration="2"/>
    <step time="33900.00" loaded="28513" inserted="27707" running="287" waiting="806" ended="27420" arrived="27420" collisions="56" teleports="56" halting="0" stopped="0" meanWaitingTime="444.19" meanTravelTime="303.34" meanSpeed="21.31" meanSpeedRelative="0.67" duration="2"/>
    <step time="34200.00" loaded="28765" inserted="28051" running="317" waiting="714" ended="27734" arrived="27734" collisions="56" teleports="56" halting="2" stopped="0" meanWaitingTime="451.33" meanTravelTime="302.85" meanSpeed="21.14" meanSpeedRelative="0.66" duration="2"/>
    <step time="34500.00" loaded="29036" inserted="28370" running="299" waiting="666" ended="28071" arrived="28071" collisions="57" teleports="57" halting="8" stopped="0" meanWaitingTime="456.59" meanTravelTime="302.73" meanSpeed="21.12" meanSpeedRelative="0.66" duration="2"/>
    <step time="34800.00" loaded="29286" inserted="28684" running="292" waiting="602" ended="28392" arrived="28392" collisions="57" teleports="57" halting="8" stopped="0" meanWaitingTime="460.81" meanTravelTime="302.38" meanSpeed="20.35" meanSpeedRelative="0.64" duration="2"/>
    <step time="35100.00" loaded="29543" inserted="29013" running="321" waiting="530" ended="28692" arrived="28692" collisions="58" teleports="58" halting="6" stopped="0" meanWaitingTime="463.34" meanTravelTime="302.08" meanSpeed="20.88" meanSpeedRelative="0.65" duration="2"/>
    <step time="35400.00" loaded="29796" inserted="29338" running="338" waiting="458" ended="29000" arrived="29000" collisions="58" teleports="58" halting="8" stopped="0" meanWaitingTime="465.03" meanTravelTime="301.91" meanSpeed="20.67" meanSpeedRelative="0.65" duration="2"/>
    <step time="35700.00" loaded="30050" inserted="29623" running="281" waiting="427" ended="29342" arrived="29342" collisions="59" teleports="59" halting="6" stopped="0" meanWaitingTime="465.79" meanTravelTime="301.96" meanSpeed="21.11" meanSpeedRelative="0.66" duration="2"/>
    <step time="36000.00" loaded="30284" inserted="29885" running="266" waiting="399" ended="29619" arrived="29619" collisions="59" teleports="59" halting="6" stopped="0" meanWaitingTime="467.03" meanTravelTime="301.90" meanSpeed="21.86" meanSpeedRelative="0.68" duration="84"/>
    <step time="36300.00" loaded="30744" inserted="30313" running="374" waiting="431" ended="29939" arrived="29939" collisions="59" teleports="59" halting="7" stopped="0" meanWaitingTime="466.48" meanTravelTime="301.82" meanSpeed="20.74" meanSpeedRelative="0.65" duration="2"/>
    <step time="36600.00" loaded="31225" inserted="30751" running="420" waiting="474" ended="30331" arrived="30331" collisions="60" teleports="60" halting="5" stopped="0" meanWaitingTime="465.54" meanTravelTime="301.56" meanSpeed="20.86" meanSpeedRelative="0.65" duration="2"/>
    <step time="36900.00" loaded="31694" inserted="31183" running="441" waiting="511" ended="30742" arrived="30742" collisions="60" teleports="60" halting="3" stopped="0" meanWaitingTime="464.44" meanTravelTime="301.25" meanSpeed="21.46" meanSpeedRelative="0.67" duration="3"/>
    <step time="37200.00" loaded="32139" inserted="31639" running="461" waiting="500" ended="31178" arrived="31178" collisions="60" teleports="60" halting="9" stopped="0" meanWaitingTime="463.50" meanTravelTime="301.11" meanSpeed="20.28" meanSpeedRelative="0.63" duration="3"/>
    <step time="37500.00" loaded="32586" inserted="32047" running="435" waiting="539" ended="31612" arrived="31612" collisions="60" teleports="60" halting="11" stopped="0" meanWaitingTime="462.91" meanTravelTime="301.32" meanSpeed="20.23" meanSpeedRelative="0.63" duration="2"/>
    <step time="37800.00" loaded="33063" inserted="32495" running="481" waiting="568" ended="32014" arrived="32014" collisions="61" teleports="61" halting="5" stopped="0" meanWaitingTime="461.60" meanTravelTime="301.47" meanSpeed="19.95" meanSpeedRelative="0.62" duration="2"/>
    <step time="38100.00" loaded="33598" inserted="32953" running="476" waiting="645" ended="32477" arrived="32477" collisions="61" teleports="61" halting="3" stopped="0" meanWaitingTime="460.45" meanTravelTime="301.68" meanSpeed="20.24" meanSpeedRelative="0.63" duration="2"/>
    <step time="38400.00" loaded="34053" inserted="33398" running="502" waiting="655" ended="32896" arrived="32896" collisions="62" teleports="62" halting="12" stopped="0" meanWaitingTime="459.60" meanTravelTime="301.90" meanSpeed="18.70" meanSpeedRelative="0.58" duration="3"/>
    <step time="38700.00" loaded="34549" inserted="33851" running="485" waiting="698" ended="33366" arrived="33366" collisions="63" teleports="63" halting="5" stopped="0" meanWaitingTime="458.61" meanTravelTime="302.43" meanSpeed="19.71" meanSpeedRelative="0.62" duration="3"/>
    <step time="39000.00" loaded="35006" inserted="34277" running="494" waiting="729" ended="33783" arrived="33783" collisions="63" teleports="63" halting="2" stopped="0" meanWaitingTime="457.84" meanTravelTime="302.78" meanSpeed="19.73" meanSpeedRelative="0.62" duration="3"/>
    <step time="39300.00" loaded="35478" inserted="34692" running="467" waiting="786" ended="34225" arrived="34225" collisions="64" teleports="64" halting="9" stopped="0" meanWaitingTime="457.11" meanTravelTime="303.32" meanSpeed="19.28" meanSpeedRelative="0.60" duration="3"/>
    <step time="39600.00" loaded="35978" inserted="35158" running="501" waiting="820" ended="34657" arrived="34657" collisions="66" teleports="66" halting="7" stopped="0" meanWaitingTime="456.21" meanTravelTime="303.71" meanSpeed="19.18" meanSpeedRelative="0.60" duration="87"/>
    <step time="39900.00" loaded="36532" inserted="35664" running="560" waiting="868" ended="35104" arrived="35104" collisions="69" teleports="69" halting="6" stopped="0" meanWaitingTime="455.46" meanTravelTime="303.79" meanSpeed="19.17" meanSpeedRelative="0.60" duration="3"/>
    <step time="40200.00" loaded="37048" inserted="36129" running="562" waiting="919" ended="35567" arrived="35567" collisions="69" teleports="69" halting="10" stopped="0" meanWaitingTime="455.21" meanTravelTime="304.16" meanSpeed="17.98" meanSpeedRelative="0.56" duration="4"/>
    <step time="40500.00" loaded="37557" inserted="36579" running="544" waiting="978" ended="36035" arrived="36035" collisions="70" teleports="70" halting="7" stopped="0" meanWaitingTime="455.35" meanTravelTime="305.21" meanSpeed="17.52" meanSpeedRelative="0.55" duration="4"/>
    <step time="40800.00" loaded="38035" inserted="37008" running="539" waiting="1027" ended="36469" arrived="36469" collisions="73" teleports="73" halting="6" stopped="0" meanWaitingTime="456.32" meanTravelTime="305.84" meanSpeed="17.65" meanSpeedRelative="0.55" duration="3"/>
    <step time="41100.00" loaded="38533" inserted="37479" running="557" waiting="1054" ended="36922" arrived="36922" collisions="74" teleports="74" halting="15" stopped="0" meanWaitingTime="457.61" meanTravelTime="306.44" meanSpeed="17.41" meanSpeedRelative="0.54" duration="3"/>
    <step time="41400.00" loaded="38997" inserted="37943" running="577" waiting="1054" ended="37366" arrived="37366" collisions="76" teleports="76" halting="4" stopped="0" meanWaitingTime="459.03" meanTravelTime="307.14" meanSpeed="17.36" meanSpeedRelative="0.54" duration="4"/>
    <step time="41700.00" loaded="39489" inserted="38377" running="535" waiting="1112" ended="37842" arrived="37842" collisions="80" teleports="80" halting="9" stopped="0" meanWaitingTime="460.48" meanTravelTime="308.09" meanSpeed="17.88" meanSpeedRelative="0.56" duration="4"/>
    <step time="42000.00" loaded="39996" inserted="38852" running="568" waiting="1144" ended="38284" arrived="38284" collisions="80" teleports="80" halting="12" stopped="0" meanWaitingTime="462.13" meanTravelTime="308.68" meanSpeed="17.23" meanSpeedRelative="0.54" duration="4"/>
    <step time="42300.00" loaded="40491" inserted="39309" running="581" waiting="1182" ended="38728" arrived="38728" collisions="80" teleports="80" halting="9" stopped="0" meanWaitingTime="463.92" meanTravelTime="309.44" meanSpeed="17.25" meanSpeedRelative="0.54" duration="4"/>
    <step time="42600.00" loaded="40988" inserted="39769" running="600" waiting="1219" ended="39169" arrived="39169" collisions="83" teleports="83" halting="5" stopped="0" meanWaitingTime="465.31" meanTravelTime="310.11" meanSpeed="17.03" meanSpeedRelative="0.53" duration="3"/>
    <step time="42900.00" loaded="41479" inserted="40241" running="632" waiting="1238" ended="39609" arrived="39609" collisions="85" teleports="85" halting="14" stopped="0" meanWaitingTime="467.36" meanTravelTime="310.81" meanSpeed="17.06" meanSpeedRelative="0.53" duration="5"/>
    <step time="43200.00" loaded="42002" inserted="40709" running="654" waiting="1293" ended="40055" arrived="40055" collisions="89" teleports="89" halting="6" stopped="0" meanWaitingTime="469.25" meanTravelTime="311.89" meanSpeed="16.10" meanSpeedRelative="0.50" duration="90"/>
    <step time="43500.00" loaded="42560" inserted="41224" running="726" waiting="1336" ended="40498" arrived="40498" collisions="89" teleports="89" halting="7" stopped="0" meanWaitingTime="470.98" meanTravelTime="313.00" meanSpeed="15.10" meanSpeedRelative="0.47" duration="3"/>
    <step time="43800.00" loaded="43067" inserted="41719" running="753" waiting="1348" ended="40966" arrived="40966" collisions="90" teleports="90" halting="13" stopped="0" meanWaitingTime="473.46" meanTravelTime="314.37" meanSpeed="15.42" meanSpeedRelative="0.48" duration="3"/>
    <step time="44100.00" loaded="43575" inserted="42182" running="738" waiting="1393" ended="41444" arrived="41444" collisions="92" teleports="92" halting="23" stopped="0" meanWaitingTime="476.24" meanTravelTime="316.04" meanSpeed="15.24" meanSpeedRelative="0.48" duration="5"/>
    <step time="44400.00" loaded="44133" inserted="42662" running="744" waiting="1471" ended="41918" arrived="41918" collisions="95" teleports="95" halting="11" stopped="0" meanWaitingTime="478.92" meanTravelTime="317.72" meanSpeed="15.33" meanSpeedRelative="0.48" duration="5"/>
    <step time="44700.00" loaded="44681" inserted="43136" running="740" waiting="1545" ended="42396" arrived="42396" collisions="95" teleports="95" halting="9" stopped="0" meanWaitingTime="481.60" meanTravelTime="319.21" meanSpeed="15.40" meanSpeedRelative="0.48" duration="5"/>
    <step time="45000.00" loaded="45213" inserted="43602" running="738" waiting="1611" ended="42864" arrived="42864" collisions="97" teleports="97" halting="16" stopped="0" meanWaitingTime="484.43" meanTravelTime="320.70" meanSpeed="15.04" meanSpeedRelative="0.47" duration="5"/>
    <step time="45300.00" loaded="45735" inserted="44049" running="704" waiting="1686" ended="43345" arrived="43345" collisions="97" teleports="97" halting="8" stopped="0" meanWaitingTime="487.33" meanTravelTime="322.67" meanSpeed="14.89" meanSpeedRelative="0.47" duration="4"/>
    <step time="45600.00" loaded="46248" inserted="44526" running="685" waiting="1722" ended="43841" arrived="43841" collisions="98" teleports="98" halting="5" stopped="0" meanWaitingTime="490.50" meanTravelTime="324.20" meanSpeed="15.83" meanSpeedRelative="0.49" duration="4"/>
    <step time="45900.00" loaded="46789" inserted="44990" running="680" waiting="1799" ended="44310" arrived="44310" collisions="99" teleports="99" halting="7" stopped="0" meanWaitingTime="494.18" meanTravelTime="325.42" meanSpeed="15.74" meanSpeedRelative="0.49" duration="4"/>
    <step time="46200.00" loaded="47335" inserted="45495" running="720" waiting="1840" ended="44775" arrived="44775" collisions="100" teleports="100" halting="7" stopped="0" meanWaitingTime="497.85" meanTravelTime="326.46" meanSpeed="15.72" meanSpeedRelative="0.49" duration="5"/>
    <step time="46500.00" loaded="47862" inserted="45968" running="710" waiting="1894" ended="45258" arrived="45258" collisions="102" teleports="102" halting="17" stopped="0" meanWaitingTime="501.79" meanTravelTime="327.79" meanSpeed="15.10" meanSpeedRelative="0.47" duration="5"/>
    <step time="46800.00" loaded="48453" inserted="46476" running="741" waiting="1977" ended="45735" arrived="45735" collisions="103" teleports="103" halting="14" stopped="0" meanWaitingTime="505.83" meanTravelTime="329.03" meanSpeed="14.19" meanSpeedRelative="0.44" duration="90"/>
    <step time="47100.00" loaded="48977" inserted="46978" running="788" waiting="1999" ended="46190" arrived="46190" collisions="104" teleports="104" halting="14" stopped="0" meanWaitingTime="510.07" meanTravelTime="329.97" meanSpeed="14.44" meanSpeedRelative="0.45" duration="6"/>
    <step time="47400.00" loaded="49457" inserted="47439" running="781" waiting="2018" ended="46658" arrived="46658" collisions="105" teleports="105" halting="17" stopped="0" meanWaitingTime="513.99" meanTravelTime="331.59" meanSpeed="13.90" meanSpeedRelative="0.43" duration="5"/>
    <step time="47700.00" loaded="49989" inserted="47912" running="791" waiting="2077" ended="47121" arrived="47121" collisions="109" teleports="109" halting="10" stopped="0" meanWaitingTime="518.21" meanTravelTime="333.02" meanSpeed="14.50" meanSpeedRelative="0.45" duration="5"/>
    <step time="48000.00" loaded="50504" inserted="48372" running="769" waiting="2132" ended="47603" arrived="47603" collisions="109" teleports="109" halting="10" stopped="0" meanWaitingTime="523.13" meanTravelTime="334.83" meanSpeed="14.35" meanSpeedRelative="0.45" duration="5"/>
    <step time="48300.00" loaded="51018" inserted="48838" running="779" waiting="2180" ended="48059" arrived="48059" collisions="110" teleports="110" halting="12" stopped="0" meanWaitingTime="528.08" meanTravelTime="336.40" meanSpeed="14.27" meanSpeedRelative="0.45" duration="5"/>
    <step time="48600.00" loaded="51599" inserted="49332" running="808" waiting="2267" ended="48524" arrived="48524" collisions="112" teleports="112" halting="6" stopped="0" meanWaitingTime="533.09" meanTravelTime="337.82" meanSpeed="14.12" meanSpeedRelative="0.44" duration="5"/>
    <step time="48900.00" loaded="52133" inserted="49802" running="761" waiting="2331" ended="49041" arrived="49041" collisions="115" teleports="115" halting="7" stopped="0" meanWaitingTime="539.01" meanTravelTime="339.43" meanSpeed="14.32" meanSpeedRelative="0.45" duration="6"/>
    <step time="49200.00" loaded="52676" inserted="50289" running="778" waiting="2387" ended="49511" arrived="49511" collisions="117" teleports="117" halting="14" stopped="0" meanWaitingTime="544.77" meanTravelTime="340.80" meanSpeed="13.84" meanSpeedRelative="0.43" duration="5"/>
    <step time="49500.00" loaded="53199" inserted="50731" running="733" waiting="2468" ended="49998" arrived="49998" collisions="120" teleports="120" halting="14" stopped="0" meanWaitingTime="550.23" meanTravelTime="342.51" meanSpeed="15.01" meanSpeedRelative="0.47" duration="5"/>
    <step time="49800.00" loaded="53696" inserted="51187" running="749" waiting="2509" ended="50438" arrived="50438" collisions="123" teleports="123" halting="15" stopped="0" meanWaitingTime="556.18" meanTravelTime="343.83" meanSpeed="15.01" meanSpeedRelative="0.47" duration="4"/>
    <step time="50100.00" loaded="54200" inserted="51666" running="781" waiting="2534" ended="50885" arrived="50885" collisions="125" teleports="125" halting="11" stopped="0" meanWaitingTime="561.51" meanTravelTime="344.98" meanSpeed="13.99" meanSpeedRelative="0.44" duration="4"/>
    <step time="50400.00" loaded="54718" inserted="52136" running="804" waiting="2582" ended="51332" arrived="51332" collisions="128" teleports="128" halting="11" stopped="0" meanWaitingTime="567.34" meanTravelTime="346.26" meanSpeed="13.76" meanSpeedRelative="0.43" duration="92"/>
    <step time="50700.00" loaded="55472" inserted="52657" running="875" waiting="2815" ended="51782" arrived="51782" collisions="129" teleports="129" halting="21" stopped="0" meanWaitingTime="572.50" meanTravelTime="347.60" meanSpeed="13.42" meanSpeedRelative="0.42" duration="5"/>
    <step time="51000.00" loaded="56156" inserted="53197" running="944" waiting="2959" ended="52253" arrived="52253" collisions="130" teleports="130" halting="13" stopped="0" meanWaitingTime="578.65" meanTravelTime="349.09" meanSpeed="13.28" meanSpeedRelative="0.41" duration="6"/>
    <step time="51300.00" loaded="56866" inserted="53718" running="941" waiting="3148" ended="52777" arrived="52777" collisions="132" teleports="132" halting="7" stopped="0" meanWaitingTime="584.43" meanTravelTime="350.92" meanSpeed="13.29" meanSpeedRelative="0.42" duration="6"/>
    <step time="51600.00" loaded="57539" inserted="54205" running="890" waiting="3334" ended="53315" arrived="53315" collisions="134" teleports="134" halting="21" stopped="0" meanWaitingTime="589.58" meanTravelTime="352.94" meanSpeed="13.56" meanSpeedRelative="0.42" duration="6"/>
    <step time="51900.00" loaded="58240" inserted="54721" running="925" waiting="3519" ended="53796" arrived="53796" collisions="138" teleports="138" halting="16" stopped="0" meanWaitingTime="595.29" meanTravelTime="354.82" meanSpeed="13.14" meanSpeedRelative="0.41" duration="8"/>
    <step time="52200.00" loaded="58953" inserted="55228" running="911" waiting="3725" ended="54317" arrived="54317" collisions="138" teleports="138" halting="14" stopped="0" meanWaitingTime="602.61" meanTravelTime="356.67" meanSpeed="13.40" meanSpeedRelative="0.42" duration="7"/>
    <step time="52500.00" loaded="59696" inserted="55763" running="911" waiting="3933" ended="54852" arrived="54852" collisions="141" teleports="141" halting="18" stopped="0" meanWaitingTime="609.91" meanTravelTime="358.02" meanSpeed="13.23" meanSpeedRelative="0.41" duration="7"/>
    <step time="52800.00" loaded="60428" inserted="56290" running="907" waiting="4138" ended="55383" arrived="55383" collisions="144" teleports="144" halting="11" stopped="0" meanWaitingTime="617.10" meanTravelTime="359.63" meanSpeed="13.47" meanSpeedRelative="0.42" duration="8"/>
    <step time="53100.00" loaded="61145" inserted="56821" running="911" waiting="4324" ended="55910" arrived="55910" collisions="144" teleports="144" halting="4" stopped="0" meanWaitingTime="625.10" meanTravelTime="361.13" meanSpeed="12.81" meanSpeedRelative="0.40" duration="5"/>
    <step time="53400.00" loaded="61853" inserted="57324" running="911" waiting="4529" ended="56413" arrived="56413" collisions="148" teleports="148" halting="13" stopped="0" meanWaitingTime="632.72" meanTravelTime="362.74" meanSpeed="12.21" meanSpeedRelative="0.38" duration="7"/>
    <step time="53700.00" loaded="62600" inserted="57858" running="940" waiting="4742" ended="56918" arrived="56918" collisions="150" teleports="150" halting="12" stopped="0" meanWaitingTime="640.97" meanTravelTime="364.21" meanSpeed="12.63" meanSpeedRelative="0.39" duration="8"/>
    <step time="54000.00" loaded="63290" inserted="58388" running="951" waiting="4902" ended="57437" arrived="57437" collisions="152" teleports="152" halting="12" stopped="0" meanWaitingTime="650.37" meanTravelTime="365.94" meanSpeed="13.00" meanSpeedRelative="0.41" duration="90"/>
    <step time="54300.00" loaded="63754" inserted="58860" running="903" waiting="4894" ended="57957" arrived="57957" collisions="155" teleports="155" halting="15" stopped="0" meanWaitingTime="659.70" meanTravelTime="367.32" meanSpeed="13.21" meanSpeedRelative="0.41" duration="6"/>
    <step time="54600.00" loaded="64232" inserted="59323" running="895" waiting="4909" ended="58428" arrived="58428" collisions="157" teleports="157" halting="17" stopped="0" meanWaitingTime="669.15" meanTravelTime="369.06" meanSpeed="13.09" meanSpeedRelative="0.41" duration="7"/>
    <step time="54900.00" loaded="64697" inserted="59781" running="868" waiting="4916" ended="58913" arrived="58913" collisions="158" teleports="158" halting="12" stopped="0" meanWaitingTime="678.34" meanTravelTime="370.72" meanSpeed="13.94" meanSpeedRelative="0.44" duration="7"/>
    <step time="55200.00" loaded="65160" inserted="60256" running="822" waiting="4904" ended="59434" arrived="59434" collisions="161" teleports="161" halting="9" stopped="0" meanWaitingTime="688.90" meanTravelTime="372.26" meanSpeed="14.44" meanSpeedRelative="0.45" duration="8"/>
    <step time="55500.00" loaded="65602" inserted="60740" running="788" waiting="4862" ended="59952" arrived="59952" collisions="162" teleports="162" halting="12" stopped="0" meanWaitingTime="700.81" meanTravelTime="373.30" meanSpeed="14.42" meanSpeedRelative="0.45" duration="7"/>
    <step time="55800.00" loaded="66030" inserted="61212" running="795" waiting="4818" ended="60417" arrived="60417" collisions="163" teleports="163" halting="12" stopped="0" meanWaitingTime="712.34" meanTravelTime="374.18" meanSpeed="15.01" meanSpeedRelative="0.47" duration="8"/>
    <step time="56100.00" loaded="66488" inserted="61703" running="814" waiting="4785" ended="60889" arrived="60889" collisions="164" teleports="164" halting="15" stopped="0" meanWaitingTime="724.19" meanTravelTime="375.13" meanSpeed="14.26" meanSpeedRelative="0.45" duration="7"/>
    <step time="56400.00" loaded="66918" inserted="62156" running="812" waiting="4762" ended="61344" arrived="61344" collisions="165" teleports="165" halting="12" stopped="0" meanWaitingTime="735.97" meanTravelTime="376.31" meanSpeed="13.83" meanSpeedRelative="0.43" duration="5"/>
    <step time="56700.00" loaded="67364" inserted="62641" running="814" waiting="4723" ended="61827" arrived="61827" collisions="168" teleports="168" halting="10" stopped="0" meanWaitingTime="747.06" meanTravelTime="377.37" meanSpeed="14.19" meanSpeedRelative="0.44" duration="8"/>
    <step time="57000.00" loaded="67774" inserted="63102" running="806" waiting="4672" ended="62296" arrived="62296" collisions="168" teleports="168" halting="7" stopped="0" meanWaitingTime="759.09" meanTravelTime="378.26" meanSpeed="13.85" meanSpeedRelative="0.43" duration="7"/>
    <step time="57300.00" loaded="68242" inserted="63578" running="785" waiting="4664" ended="62793" arrived="62793" collisions="169" teleports="169" halting="11" stopped="0" meanWaitingTime="771.24" meanTravelTime="379.33" meanSpeed="13.96" meanSpeedRelative="0.44" duration="6"/>
    <step time="57600.00" loaded="68697" inserted="64056" running="803" waiting="4641" ended="63253" arrived="63253" collisions="171" teleports="171" halting="20" stopped="0" meanWaitingTime="782.73" meanTravelTime="380.37" meanSpeed="13.69" meanSpeedRelative="0.43" duration="83"/>
    <step time="57900.00" loaded="69261" inserted="64576" running="803" waiting="4685" ended="63773" arrived="63773" collisions="174" teleports="174" halting="10" stopped="0" meanWaitingTime="795.13" meanTravelTime="381.02" meanSpeed="14.03" meanSpeedRelative="0.44" duration="5"/>
    <step time="58200.00" loaded="69817" inserted="65069" running="816" waiting="4748" ended="64253" arrived="64253" collisions="175" teleports="175" halting="6" stopped="0" meanWaitingTime="805.80" meanTravelTime="381.90" meanSpeed="14.22" meanSpeedRelative="0.44" duration="6"/>
    <step time="58500.00" loaded="70375" inserted="65581" running="853" waiting="4794" ended="64728" arrived="64728" collisions="179" teleports="179" halting="13" stopped="0" meanWaitingTime="818.47" meanTravelTime="382.69" meanSpeed="13.82" meanSpeedRelative="0.43" duration="8"/>
    <step time="58800.00" loaded="70969" inserted="66117" running="922" waiting="4852" ended="65195" arrived="65195" collisions="181" teleports="181" halting="11" stopped="0" meanWaitingTime="829.62" meanTravelTime="383.61" meanSpeed="13.04" meanSpeedRelative="0.41" duration="8"/>
    <step time="59100.00" loaded="71538" inserted="66608" running="923" waiting="4930" ended="65685" arrived="65685" collisions="184" teleports="184" halting="20" stopped="0" meanWaitingTime="839.89" meanTravelTime="384.75" meanSpeed="12.93" meanSpeedRelative="0.40" duration="7"/>
    <step time="59400.00" loaded="72099" inserted="67088" running="901" waiting="5011" ended="66187" arrived="66187" collisions="186" teleports="186" halting="13" stopped="0" meanWaitingTime="850.57" meanTravelTime="385.88" meanSpeed="12.97" meanSpeedRelative="0.41" duration="8"/>
    <step time="59700.00" loaded="72662" inserted="67596" running="919" waiting="5066" ended="66677" arrived="66677" collisions="188" teleports="188" halting="8" stopped="0" meanWaitingTime="861.18" meanTravelTime="387.18" meanSpeed="12.80" meanSpeedRelative="0.40" duration="8"/>
    <step time="60000.00" loaded="73226" inserted="68103" running="951" waiting="5123" ended="67152" arrived="67152" collisions="189" teleports="189" halting="32" stopped="0" meanWaitingTime="872.67" meanTravelTime="388.26" meanSpeed="12.52" meanSpeedRelative="0.39" duration="9"/>
    <step time="60300.00" loaded="73802" inserted="68601" running="937" waiting="5201" ended="67664" arrived="67664" collisions="192" teleports="192" halting="12" stopped="0" meanWaitingTime="882.10" meanTravelTime="389.59" meanSpeed="12.05" meanSpeedRelative="0.38" duration="8"/>
    <step time="60600.00" loaded="74376" inserted="69088" running="928" waiting="5288" ended="68160" arrived="68160" collisions="194" teleports="194" halting="10" stopped="0" meanWaitingTime="892.29" meanTravelTime="390.68" meanSpeed="12.82" meanSpeedRelative="0.40" duration="6"/>
    <step time="60900.00" loaded="74973" inserted="69605" running="925" waiting="5368" ended="68680" arrived="68680" collisions="199" teleports="199" halting="8" stopped="0" meanWaitingTime="901.87" meanTravelTime="391.83" meanSpeed="12.78" meanSpeedRelative="0.40" duration="8"/>
    <step time="61200.00" loaded="75528" inserted="70095" running="907" waiting="5433" ended="69188" arrived="69188" collisions="201" teleports="201" halting="7" stopped="0" meanWaitingTime="911.88" meanTravelTime="393.27" meanSpeed="13.24" meanSpeedRelative="0.41" duration="86"/>
    <step time="61500.00" loaded="75592" inserted="70459" running="806" waiting="5133" ended="69653" arrived="69653" collisions="204" teleports="204" halting="10" stopped="0" meanWaitingTime="922.79" meanTravelTime="394.64" meanSpeed="13.17" meanSpeedRelative="0.41" duration="6"/>
    <step time="61800.00" loaded="75660" inserted="70799" running="715" waiting="4861" ended="70084" arrived="70084" collisions="207" teleports="207" halting="15" stopped="0" meanWaitingTime="935.03" meanTravelTime="395.87" meanSpeed="13.95" meanSpeedRelative="0.44" duration="5"/>
    <step time="62100.00" loaded="75734" inserted="71155" running="638" waiting="4579" ended="70517" arrived="70517" collisions="210" teleports="210" halting="5" stopped="0" meanWaitingTime="948.84" meanTravelTime="397.01" meanSpeed="14.64" meanSpeedRelative="0.46" duration="4"/>
    <step time="62400.00" loaded="75806" inserted="71491" running="599" waiting="4315" ended="70892" arrived="70892" collisions="212" teleports="212" halting="5" stopped="0" meanWaitingTime="962.13" meanTravelTime="398.09" meanSpeed="14.22" meanSpeedRelative="0.44" duration="3"/>
    <step time="62700.00" loaded="75869" inserted="71788" running="512" waiting="4081" ended="71276" arrived="71276" collisions="213" teleports="213" halting="5" stopped="0" meanWaitingTime="976.23" meanTravelTime="398.76" meanSpeed="14.06" meanSpeedRelative="0.44" duration="4"/>
    <step time="63000.00" loaded="75944" inserted="72081" running="494" waiting="3863" ended="71587" arrived="71587" collisions="214" teleports="214" halting="4" stopped="0" meanWaitingTime="989.80" meanTravelTime="399.23" meanSpeed="14.05" meanSpeedRelative="0.44" duration="4"/>
    <step time="63300.00" loaded="76006" inserted="72381" running="498" waiting="3625" ended="71883" arrived="71883" collisions="215" teleports="215" halting="2" stopped="0" meanWaitingTime="1003.89" meanTravelTime="399.66" meanSpeed="14.02" meanSpeedRelative="0.44" duration="4"/>
    <step time="63600.00" loaded="76080" inserted="72679" running="474" waiting="3401" ended="72205" arrived="72205" collisions="217" teleports="217" halting="5" stopped="0" meanWaitingTime="1017.46" meanTravelTime="400.09" meanSpeed="14.81" meanSpeedRelative="0.46" duration="3"/>
    <step time="63900.00" loaded="76149" inserted="72945" running="425" waiting="3204" ended="72520" arrived="72520" collisions="217" teleports="217" halting="7" stopped="0" meanWaitingTime="1031.24" meanTravelTime="400.32" meanSpeed="15.84" meanSpeedRelative="0.49" duration="2"/>
    <step time="64200.00" loaded="76227" inserted="73220" running="393" waiting="3007" ended="72827" arrived="72827" collisions="219" teleports="219" halting="1" stopped="0" meanWaitingTime="1043.99" meanTravelTime="400.66" meanSpeed="17.49" meanSpeedRelative="0.55" duration="4"/>
    <step time="64500.00" loaded="76289" inserted="73479" running="339" waiting="2810" ended="73140" arrived="73140" collisions="220" teleports="220" halting="2" stopped="0" meanWaitingTime="1056.95" meanTravelTime="400.72" meanSpeed="18.86" meanSpeedRelative="0.59" duration="2"/>
    <step time="64800.00" loaded="76347" inserted="73745" running="298" waiting="2602" ended="73447" arrived="73447" collisions="221" teleports="221" halting="6" stopped="0" meanWaitingTime="1069.17" meanTravelTime="400.74" meanSpeed="19.20" meanSpeedRelative="0.60" duration="95"/>
    <step time="65100.00" loaded="76407" inserted="73998" running="263" waiting="2409" ended="73735" arrived="73735" collisions="221" teleports="221" halting="5" stopped="0" meanWaitingTime="1079.20" meanTravelTime="400.55" meanSpeed="21.41" meanSpeedRelative="0.67" duration="2"/>
    <step time="65400.00" loaded="76463" inserted="74166" running="203" waiting="2297" ended="73963" arrived="73963" collisions="221" teleports="221" halting="4" stopped="0" meanWaitingTime="1087.62" meanTravelTime="400.50" meanSpeed="22.16" meanSpeedRelative="0.69" duration="2"/>
    <step time="65700.00" loaded="76509" inserted="74306" running="178" waiting="2203" ended="74128" arrived="74128" collisions="222" teleports="222" halting="6" stopped="0" meanWaitingTime="1093.69" meanTravelTime="400.52" meanSpeed="21.54" meanSpeedRelative="0.67" duration="1"/>
    <step time="66000.00" loaded="76560" inserted="74438" running="154" waiting="2122" ended="74284" arrived="74284" collisions="222" teleports="222" halting="5" stopped="0" meanWaitingTime="1098.20" meanTravelTime="400.47" meanSpeed="21.08" meanSpeedRelative="0.66" duration="1"/>
    <step time="66300.00" loaded="76608" inserted="74523" running="97" waiting="2085" ended="74426" arrived="74426" collisions="222" teleports="222" halting="2" stopped="0" meanWaitingTime="1103.11" meanTravelTime="400.38" meanSpeed="20.27" meanSpeedRelative="0.63" duration="1"/>
    <step time="66600.00" loaded="76664" inserted="74614" running="88" waiting="2050" ended="74526" arrived="74526" collisions="222" teleports="222" halting="3" stopped="0" meanWaitingTime="1108.33" meanTravelTime="400.31" meanSpeed="19.55" meanSpeedRelative="0.61" duration="1"/>
    <step time="66900.00" loaded="76707" inserted="74690" running="79" waiting="2017" ended="74611" arrived="74611" collisions="222" teleports="222" halting="9" stopped="0" meanWaitingTime="1113.15" meanTravelTime="400.23" meanSpeed="18.29" meanSpeedRelative="0.57" duration="1"/>
    <step time="67200.00" loaded="76747" inserted="74771" running="74" waiting="1976" ended="74697" arrived="74697" collisions="222" teleports="222" halting="4" stopped="0" meanWaitingTime="1119.02" meanTravelTime="400.10" meanSpeed="16.84" meanSpeedRelative="0.53" duration="1"/>
    <step time="67500.00" loaded="76807" inserted="74866" running="93" waiting="1941" ended="74773" arrived="74773" collisions="222" teleports="222" halting="2" stopped="0" meanWaitingTime="1124.35" meanTravelTime="399.96" meanSpeed="20.28" meanSpeedRelative="0.63" duration="1"/>
    <step time="67800.00" loaded="76859" inserted="74956" running="79" waiting="1903" ended="74877" arrived="74877" collisions="222" teleports="222" halting="2" stopped="0" meanWaitingTime="1130.16" meanTravelTime="399.80" meanSpeed="19.24" meanSpeedRelative="0.60" duration="1"/>
    <step time="68100.00" loaded="76914" inserted="75050" running="89" waiting="1864" ended="74961" arrived="74961" collisions="222" teleports="222" halting="11" stopped="0" meanWaitingTime="1135.88" meanTravelTime="399.65" meanSpeed="17.95" meanSpeedRelative="0.56" duration="0"/>
    <step time="68400.00" loaded="76972" inserted="75141" running="78" waiting="1831" ended="75063" arrived="75063" collisions="222" teleports="222" halting="4" stopped="0" meanWaitingTime="1141.82" meanTravelTime="399.49" meanSpeed="17.97" meanSpeedRelative="0.56" duration="89"/>
    <step time="68700.00" loaded="77143" inserted="75349" running="155" waiting="1794" ended="75194" arrived="75194" collisions="222" teleports="222" halting="3" stopped="0" meanWaitingTime="1146.88" meanTravelTime="399.16" meanSpeed="21.19" meanSpeedRelative="0.66" duration="1"/>
    <step time="69000.00" loaded="77307" inserted="75540" running="165" waiting="1767" ended="75375" arrived="75375" collisions="222" teleports="222" halting="8" stopped="0" meanWaitingTime="1152.13" meanTravelTime="398.75" meanSpeed="21.91" meanSpeedRelative="0.68" duration="1"/>
    <step time="69300.00" loaded="77493" inserted="75748" running="190" waiting="1745" ended="75558" arrived="75558" collisions="222" teleports="222" halting="8" stopped="0" meanWaitingTime="1157.00" meanTravelTime="398.36" meanSpeed="22.06" meanSpeedRelative="0.69" duration="1"/>
    <step time="69600.00" loaded="77674" inserted="75951" running="206" waiting="1723" ended="75745" arrived="75745" collisions="223" teleports="223" halting="2" stopped="0" meanWaitingTime="1162.35" meanTravelTime="398.09" meanSpeed="22.49" meanSpeedRelative="0.70" duration="2"/>
    <step time="69900.00" loaded="77836" inserted="76150" running="207" waiting="1686" ended="75943" arrived="75943" collisions="223" teleports="223" halting="5" stopped="0" meanWaitingTime="1167.27" meanTravelTime="397.83" meanSpeed="22.33" meanSpeedRelative="0.70" duration="2"/>
    <step time="70200.00" loaded="77994" inserted="76345" running="183" waiting="1649" ended="76162" arrived="76162" collisions="223" teleports="223" halting="7" stopped="0" meanWaitingTime="1172.99" meanTravelTime="397.58" meanSpeed="21.47" meanSpeedRelative="0.67" duration="1"/>
    <step time="70500.00" loaded="78155" inserted="76524" running="179" waiting="1631" ended="76345" arrived="76345" collisions="223" teleports="223" halting="2" stopped="0" meanWaitingTime="1177.94" meanTravelTime="397.34" meanSpeed="22.32" meanSpeedRelative="0.70" duration="1"/>
    <step time="70800.00" loaded="78303" inserted="76697" running="164" waiting="1606" ended="76533" arrived="76533" collisions="223" teleports="223" halting="3" stopped="0" meanWaitingTime="1182.97" meanTravelTime="397.12" meanSpeed="22.46" meanSpeedRelative="0.70" duration="1"/>
    <step time="71100.00" loaded="78457" inserted="76877" running="159" waiting="1580" ended="76718" arrived="76718" collisions="224" teleports="224" halting="5" stopped="0" meanWaitingTime="1188.05" meanTravelTime="396.79" meanSpeed="21.73" meanSpeedRelative="0.68" duration="1"/>
    <step time="71400.00" loaded="78616" inserted="77062" running="156" waiting="1554" ended="76906" arrived="76906" collisions="224" teleports="224" halting="9" stopped="0" meanWaitingTime="1192.45" meanTravelTime="396.53" meanSpeed="21.07" meanSpeedRelative="0.66" duration="1"/>
    <step time="71700.00" loaded="78757" inserted="77240" running="181" waiting="1517" ended="77059" arrived="77059" collisions="224" teleports="224" halting="4" stopped="0" meanWaitingTime="1195.54" meanTravelTime="396.26" meanSpeed="22.06" meanSpeedRelative="0.69" duration="1"/>
    <step time="72000.00" loaded="78877" inserted="77387" running="139" waiting="1490" ended="77248" arrived="77248" collisions="224" teleports="224" halting="1" stopped="0" meanWaitingTime="1198.50" meanTravelTime="396.04" meanSpeed="21.79" meanSpeedRelative="0.68" duration="85"/>
    <step time="72300.00" loaded="78997" inserted="77541" running="136" waiting="1456" ended="77405" arrived="77405" collisions="226" teleports="226" halting="4" stopped="0" meanWaitingTime="1202.12" meanTravelTime="395.82" meanSpeed="22.02" meanSpeedRelative="0.69" duration="1"/>
    <step time="72600.00" loaded="79133" inserted="77709" running="150" waiting="1424" ended="77559" arrived="77559" collisions="226" teleports="226" halting="5" stopped="0" meanWaitingTime="1205.33" meanTravelTime="395.55" meanSpeed="21.17" meanSpeedRelative="0.66" duration="1"/>
    <step time="72900.00" loaded="79281" inserted="77886" running="157" waiting="1395" ended="77729" arrived="77729" collisions="226" teleports="226" halting="2" stopped="0" meanWaitingTime="1208.15" meanTravelTime="395.24" meanSpeed="22.36" meanSpeedRelative="0.70" duration="1"/>
    <step time="73200.00" loaded="79408" inserted="78046" running="163" waiting="1362" ended="77883" arrived="77883" collisions="227" teleports="227" halting="3" stopped="0" meanWaitingTime="1210.89" meanTravelTime="395.02" meanSpeed="22.72" meanSpeedRelative="0.71" duration="1"/>
    <step time="73500.00" loaded="79568" inserted="78232" running="184" waiting="1336" ended="78048" arrived="78048" collisions="227" teleports="227" halting="7" stopped="0" meanWaitingTime="1213.31" meanTravelTime="394.76" meanSpeed="21.61" meanSpeedRelative="0.68" duration="2"/>
    <step time="73800.00" loaded="79716" inserted="78410" running="160" waiting="1306" ended="78250" arrived="78250" collisions="227" teleports="227" halting="1" stopped="0" meanWaitingTime="1215.91" meanTravelTime="394.45" meanSpeed="22.81" meanSpeedRelative="0.71" duration="1"/>
    <step time="74100.00" loaded="79882" inserted="78585" running="157" waiting="1297" ended="78428" arrived="78428" collisions="227" teleports="227" halting="2" stopped="0" meanWaitingTime="1218.53" meanTravelTime="394.17" meanSpeed="22.62" meanSpeedRelative="0.71" duration="1"/>
    <step time="74400.00" loaded="79999" inserted="78719" running="132" waiting="1280" ended="78587" arrived="78587" collisions="227" teleports="227" halting="4" stopped="0" meanWaitingTime="1221.82" meanTravelTime="393.98" meanSpeed="24.34" meanSpeedRelative="0.76" duration="1"/>
    <step time="74700.00" loaded="80134" inserted="78867" running="134" waiting="1267" ended="78733" arrived="78733" collisions="228" teleports="228" halting="1" stopped="0" meanWaitingTime="1225.18" meanTravelTime="393.80" meanSpeed="23.23" meanSpeedRelative="0.73" duration="1"/>
    <step time="75000.00" loaded="80276" inserted="79025" running="144" waiting="1251" ended="78881" arrived="78881" collisions="229" teleports="229" halting="2" stopped="0" meanWaitingTime="1228.15" meanTravelTime="393.64" meanSpeed="22.88" meanSpeedRelative="0.72" duration="1"/>
    <step time="75300.00" loaded="80424" inserted="79185" running="144" waiting="1239" ended="79041" arrived="79041" collisions="229" teleports="229" halting="5" stopped="0" meanWaitingTime="1230.84" meanTravelTime="393.40" meanSpeed="22.56" meanSpeedRelative="0.71" duration="1"/>
    <step time="75600.00" loaded="80565" inserted="79336" running="139" waiting="1229" ended="79197" arrived="79197" collisions="230" teleports="230" halting="4" stopped="0" meanWaitingTime="1233.70" meanTravelTime="393.14" meanSpeed="22.53" meanSpeedRelative="0.70" duration="83"/>
    <step time="75900.00" loaded="80757" inserted="79524" running="177" waiting="1233" ended="79347" arrived="79347" collisions="230" teleports="230" halting="3" stopped="0" meanWaitingTime="1236.29" meanTravelTime="392.93" meanSpeed="23.23" meanSpeedRelative="0.73" duration="1"/>
    <step time="76200.00" loaded="80935" inserted="79721" running="185" waiting="1214" ended="79536" arrived="79536" collisions="230" teleports="230" halting="3" stopped="0" meanWaitingTime="1239.32" meanTravelTime="392.63" meanSpeed="23.82" meanSpeedRelative="0.74" duration="1"/>
    <step time="76500.00" loaded="81136" inserted="79938" running="191" waiting="1198" ended="79747" arrived="79747" collisions="230" teleports="230" halting="4" stopped="0" meanWaitingTime="1241.25" meanTravelTime="392.36" meanSpeed="23.13" meanSpeedRelative="0.72" duration="1"/>
    <step time="76800.00" loaded="81346" inserted="80144" running="206" waiting="1202" ended="79938" arrived="79938" collisions="230" teleports="230" halting="7" stopped="0" meanWaitingTime="1243.12" meanTravelTime="392.03" meanSpeed="22.46" meanSpeedRelative="0.70" duration="2"/>
    <step time="77100.00" loaded="81556" inserted="80344" running="194" waiting="1212" ended="80150" arrived="80150" collisions="230" teleports="230" halting="1" stopped="0" meanWaitingTime="1245.14" meanTravelTime="391.76" meanSpeed="22.69" meanSpeedRelative="0.71" duration="2"/>
    <step time="77400.00" loaded="81764" inserted="80567" running="222" waiting="1197" ended="80345" arrived="80345" collisions="230" teleports="230" halting="7" stopped="0" meanWaitingTime="1247.10" meanTravelTime="391.51" meanSpeed="23.51" meanSpeedRelative="0.73" duration="1"/>
    <step time="77700.00" loaded="81983" inserted="80790" running="211" waiting="1193" ended="80579" arrived="80579" collisions="230" teleports="230" halting="8" stopped="0" meanWaitingTime="1249.89" meanTravelTime="391.21" meanSpeed="22.73" meanSpeedRelative="0.71" duration="2"/>
    <step time="78000.00" loaded="82156" inserted="80966" running="169" waiting="1190" ended="80797" arrived="80797" collisions="230" teleports="230" halting="3" stopped="0" meanWaitingTime="1253.45" meanTravelTime="391.00" meanSpeed="22.71" meanSpeedRelative="0.71" duration="2"/>
    <step time="78300.00" loaded="82359" inserted="81160" running="189" waiting="1199" ended="80971" arrived="80971" collisions="230" teleports="230" halting="3" stopped="0" meanWaitingTime="1255.68" meanTravelTime="390.81" meanSpeed="23.33" meanSpeedRelative="0.73" duration="2"/>
    <step time="78600.00" loaded="82577" inserted="81377" running="201" waiting="1200" ended="81176" arrived="81176" collisions="230" teleports="230" halting="7" stopped="0" meanWaitingTime="1258.72" meanTravelTime="390.50" meanSpeed="22.01" meanSpeedRelative="0.69" duration="2"/>
    <step time="78900.00" loaded="82787" inserted="81584" running="201" waiting="1203" ended="81383" arrived="81383" collisions="230" teleports="230" halting="0" stopped="0" meanWaitingTime="1260.85" meanTravelTime="390.23" meanSpeed="22.68" meanSpeedRelative="0.71" duration="1"/>
    <step time="79200.00" loaded="83001" inserted="81799" running="203" waiting="1202" ended="81596" arrived="81596" collisions="230" teleports="230" halting="2" stopped="0" meanWaitingTime="1262.90" meanTravelTime="389.91" meanSpeed="23.46" meanSpeedRelative="0.73" duration="82"/>
    <step time="79500.00" loaded="83164" inserted="81965" running="160" waiting="1199" ended="81805" arrived="81805" collisions="230" teleports="230" halting="4" stopped="0" meanWaitingTime="1265.72" meanTravelTime="389.70" meanSpeed="22.78" meanSpeedRelative="0.71" duration="2"/>
    <step time="79800.00" loaded="83337" inserted="82130" running="154" waiting="1207" ended="81976" arrived="81976" collisions="231" teleports="231" halting="7" stopped="0" meanWaitingTime="1268.87" meanTravelTime="389.51" meanSpeed="22.08" meanSpeedRelative="0.69" duration="1"/>
    <step time="80100.00" loaded="83510" inserted="82311" running="163" waiting="1199" ended="82148" arrived="82148" collisions="232" teleports="232" halting="6" stopped="0" meanWaitingTime="1271.83" meanTravelTime="389.32" meanSpeed="22.24" meanSpeedRelative="0.69" duration="1"/>
    <step time="80400.00" loaded="83709" inserted="82516" running="201" waiting="1193" ended="82315" arrived="82315" collisions="233" teleports="233" halting="2" stopped="0" meanWaitingTime="1275.00" meanTravelTime="389.07" meanSpeed="23.08" meanSpeedRelative="0.72" duration="1"/>
    <step time="80700.00" loaded="83884" inserted="82697" running="180" waiting="1187" ended="82517" arrived="82517" collisions="233" teleports="233" halting="10" stopped="0" meanWaitingTime="1278.58" meanTravelTime="388.84" meanSpeed="22.11" meanSpeedRelative="0.69" duration="1"/>
    <step time="81000.00" loaded="84054" inserted="82872" running="168" waiting="1182" ended="82704" arrived="82704" collisions="233" teleports="233" halting="6" stopped="0" meanWaitingTime="1282.01" meanTravelTime="388.66" meanSpeed="22.13" meanSpeedRelative="0.69" duration="1"/>
    <step time="81300.00" loaded="84230" inserted="83060" running="185" waiting="1170" ended="82875" arrived="82875" collisions="233" teleports="233" halting="3" stopped="0" meanWaitingTime="1285.01" meanTravelTime="388.46" meanSpeed="23.58" meanSpeedRelative="0.74" duration="2"/>
    <step time="81600.00" loaded="84425" inserted="83261" running="189" waiting="1164" ended="83072" arrived="83072" collisions="234" teleports="234" halting="7" stopped="0" meanWaitingTime="1287.79" meanTravelTime="388.25" meanSpeed="22.03" meanSpeedRelative="0.69" duration="2"/>
    <step time="81900.00" loaded="84608" inserted="83445" running="190" waiting="1163" ended="83255" arrived="83255" collisions="234" teleports="234" halting="9" stopped="0" meanWaitingTime="1290.62" meanTravelTime="388.02" meanSpeed="22.47" meanSpeedRelative="0.70" duration="1"/>
    <step time="82200.00" loaded="84754" inserted="83603" running="160" waiting="1151" ended="83443" arrived="83443" collisions="234" teleports="234" halting="1" stopped="0" meanWaitingTime="1293.91" meanTravelTime="387.80" meanSpeed="22.94" meanSpeedRelative="0.72" duration="1"/>
    <step time="82500.00" loaded="84928" inserted="83780" running="166" waiting="1148" ended="83614" arrived="83614" collisions="234" teleports="234" halting="6" stopped="0" meanWaitingTime="1297.75" meanTravelTime="387.67" meanSpeed="22.64" meanSpeedRelative="0.71" duration="1"/>
</summary>
