<?xml version="1.0" encoding="UTF-8"?>

<!-- generated on 2025-08-08 00:13:57 by Eclipse SUMO sumo Version 1.23.1
<sumoConfiguration xmlns:xsi="http://www.w3.org/2001/XMLSchema-instance" xsi:noNamespaceSchemaLocation="http://sumo.dlr.de/xsd/sumoConfiguration.xsd">

    <input>
        <net-file value="Desktop\Master Thesis\Network_fin.net.xml"/>
        <route-files value="Desktop\Master Thesis\demand_model_amsterdam.rou.xml"/>
        <additional-files value="Desktop\Master Thesis\Additionnal.add.xml"/>
    </input>

    <output>
        <summary-output value="outputf/summary_coor_alinea_1neigh_method2_K80_target5_72390.xml"/>
        <summary-output.period value="300"/>
        <tripinfo-output value="outputf/tripinfo_coor_alinea_1neigh_method2_K80_target5_72390.xml"/>
    </output>

    <time>
        <begin value="0"/>
        <end value="82800"/>
        <step-length value="1"/>
    </time>

    <processing>
        <time-to-teleport value="-1"/>
    </processing>

    <report>
        <verbose value="true"/>
        <no-step-log value="true"/>
    </report>

    <emissions>
        <device.emissions.period value="10"/>
    </emissions>

    <traci_server>
        <remote-port value="49204"/>
    </traci_server>

    <random_number>
        <seed value="72390"/>
    </random_number>

</sumoConfiguration>
-->

<summary xmlns:xsi="http://www.w3.org/2001/XMLSchema-instance" xsi:noNamespaceSchemaLocation="http://sumo.dlr.de/xsd/summary_file.xsd">
    <step time="0.00" loaded="1" inserted="1" running="1" waiting="0" ended="0" arrived="0" collisions="0" teleports="0" halting="1" stopped="0" meanWaitingTime="0.00" meanTravelTime="-1.00" meanSpeed="0.00" meanSpeedRelative="0.00" duration="1"/>
    <step time="300.00" loaded="188" inserted="188" running="115" waiting="0" ended="73" arrived="73" collisions="0" teleports="0" halting="0" stopped="0" meanWaitingTime="0.41" meanTravelTime="90.78" meanSpeed="25.29" meanSpeedRelative="0.79" duration="0"/>
    <step time="600.00" loaded="368" inserted="368" running="162" waiting="0" ended="206" arrived="206" collisions="0" teleports="0" halting="0" stopped="0" meanWaitingTime="0.37" meanTravelTime="151.39" meanSpeed="25.51" meanSpeedRelative="0.80" duration="1"/>
    <step time="900.00" loaded="533" inserted="533" running="152" waiting="0" ended="381" arrived="381" collisions="0" teleports="0" halting="0" stopped="0" meanWaitingTime="0.38" meanTravelTime="199.27" meanSpeed="24.81" meanSpeedRelative="0.78" duration="1"/>
    <step time="1200.00" loaded="720" inserted="720" running="164" waiting="0" ended="556" arrived="556" collisions="1" teleports="1" halting="0" stopped="0" meanWaitingTime="0.36" meanTravelTime="216.79" meanSpeed="25.44" meanSpeedRelative="0.79" duration="1"/>
    <step time="1500.00" loaded="905" inserted="905" running="149" waiting="0" ended="756" arrived="756" collisions="1" teleports="1" halting="0" stopped="0" meanWaitingTime="0.43" meanTravelTime="226.28" meanSpeed="25.55" meanSpeedRelative="0.80" duration="1"/>
    <step time="1800.00" loaded="1069" inserted="1069" running="142" waiting="0" ended="927" arrived="927" collisions="2" teleports="2" halting="0" stopped="0" meanWaitingTime="0.43" meanTravelTime="238.38" meanSpeed="25.99" meanSpeedRelative="0.81" duration="1"/>
    <step time="2100.00" loaded="1244" inserted="1244" running="144" waiting="0" ended="1100" arrived="1100" collisions="2" teleports="2" halting="0" stopped="0" meanWaitingTime="0.41" meanTravelTime="240.77" meanSpeed="26.35" meanSpeedRelative="0.82" duration="1"/>
    <step time="2400.00" loaded="1438" inserted="1437" running="146" waiting="1" ended="1291" arrived="1291" collisions="2" teleports="2" halting="2" stopped="0" meanWaitingTime="0.41" meanTravelTime="244.56" meanSpeed="24.21" meanSpeedRelative="0.76" duration="1"/>
    <step time="2700.00" loaded="1610" inserted="1610" running="150" waiting="0" ended="1460" arrived="1460" collisions="2" teleports="2" halting="3" stopped="0" meanWaitingTime="0.41" meanTravelTime="243.48" meanSpeed="25.50" meanSpeedRelative="0.80" duration="1"/>
    <step time="3000.00" loaded="1799" inserted="1799" running="147" waiting="0" ended="1652" arrived="1652" collisions="2" teleports="2" halting="1" stopped="0" meanWaitingTime="0.42" meanTravelTime="241.81" meanSpeed="24.77" meanSpeedRelative="0.77" duration="1"/>
    <step time="3300.00" loaded="2004" inserted="1996" running="172" waiting="8" ended="1824" arrived="1824" collisions="2" teleports="2" halting="3" stopped="0" meanWaitingTime="0.72" meanTravelTime="244.16" meanSpeed="24.15" meanSpeedRelative="0.75" duration="1"/>
    <step time="3600.00" loaded="2170" inserted="2147" running="144" waiting="23" ended="2003" arrived="2003" collisions="2" teleports="2" halting="7" stopped="0" meanWaitingTime="1.92" meanTravelTime="247.31" meanSpeed="23.97" meanSpeedRelative="0.75" duration="87"/>
    <step time="3900.00" loaded="2281" inserted="2267" running="107" waiting="14" ended="2160" arrived="2160" collisions="2" teleports="2" halting="1" stopped="0" meanWaitingTime="4.52" meanTravelTime="252.21" meanSpeed="25.67" meanSpeedRelative="0.80" duration="1"/>
    <step time="4200.00" loaded="2402" inserted="2397" running="116" waiting="5" ended="2281" arrived="2281" collisions="2" teleports="2" halting="1" stopped="0" meanWaitingTime="6.33" meanTravelTime="254.00" meanSpeed="24.82" meanSpeedRelative="0.78" duration="1"/>
    <step time="4500.00" loaded="2493" inserted="2493" running="102" waiting="0" ended="2391" arrived="2391" collisions="2" teleports="2" halting="4" stopped="0" meanWaitingTime="6.50" meanTravelTime="255.61" meanSpeed="24.80" meanSpeedRelative="0.78" duration="1"/>
    <step time="4800.00" loaded="2604" inserted="2604" running="105" waiting="0" ended="2499" arrived="2499" collisions="2" teleports="2" halting="2" stopped="0" meanWaitingTime="6.24" meanTravelTime="256.87" meanSpeed="25.24" meanSpeedRelative="0.79" duration="1"/>
    <step time="5100.00" loaded="2720" inserted="2720" running="92" waiting="0" ended="2628" arrived="2628" collisions="2" teleports="2" halting="3" stopped="0" meanWaitingTime="5.99" meanTravelTime="257.67" meanSpeed="25.20" meanSpeedRelative="0.79" duration="1"/>
    <step time="5400.00" loaded="2823" inserted="2823" running="86" waiting="0" ended="2737" arrived="2737" collisions="2" teleports="2" halting="1" stopped="0" meanWaitingTime="5.78" meanTravelTime="259.25" meanSpeed="24.45" meanSpeedRelative="0.76" duration="1"/>
    <step time="5700.00" loaded="2925" inserted="2925" running="71" waiting="0" ended="2854" arrived="2854" collisions="2" teleports="2" halting="0" stopped="0" meanWaitingTime="5.58" meanTravelTime="256.56" meanSpeed="26.23" meanSpeedRelative="0.82" duration="1"/>
    <step time="6000.00" loaded="3024" inserted="3024" running="79" waiting="0" ended="2945" arrived="2945" collisions="2" teleports="2" halting="0" stopped="0" meanWaitingTime="5.41" meanTravelTime="256.67" meanSpeed="26.35" meanSpeedRelative="0.82" duration="0"/>
    <step time="6300.00" loaded="3119" inserted="3119" running="84" waiting="0" ended="3035" arrived="3035" collisions="2" teleports="2" halting="0" stopped="0" meanWaitingTime="5.24" meanTravelTime="256.52" meanSpeed="25.78" meanSpeedRelative="0.81" duration="0"/>
    <step time="6600.00" loaded="3242" inserted="3242" running="103" waiting="0" ended="3139" arrived="3139" collisions="2" teleports="2" halting="0" stopped="0" meanWaitingTime="5.06" meanTravelTime="256.52" meanSpeed="25.26" meanSpeedRelative="0.79" duration="2"/>
    <step time="6900.00" loaded="3342" inserted="3342" running="105" waiting="0" ended="3237" arrived="3237" collisions="2" teleports="2" halting="0" stopped="0" meanWaitingTime="4.91" meanTravelTime="256.98" meanSpeed="25.75" meanSpeedRelative="0.80" duration="1"/>
    <step time="7200.00" loaded="3460" inserted="3460" running="100" waiting="0" ended="3360" arrived="3360" collisions="2" teleports="2" halting="0" stopped="0" meanWaitingTime="4.75" meanTravelTime="257.72" meanSpeed="25.18" meanSpeedRelative="0.79" duration="85"/>
    <step time="7500.00" loaded="3604" inserted="3604" running="127" waiting="0" ended="3477" arrived="3477" collisions="2" teleports="2" halting="5" stopped="0" meanWaitingTime="4.68" meanTravelTime="257.42" meanSpeed="24.59" meanSpeedRelative="0.77" duration="0"/>
    <step time="7800.00" loaded="3779" inserted="3766" running="148" waiting="13" ended="3618" arrived="3618" collisions="2" teleports="2" halting="2" stopped="0" meanWaitingTime="4.87" meanTravelTime="257.36" meanSpeed="24.88" meanSpeedRelative="0.78" duration="1"/>
    <step time="8100.00" loaded="3929" inserted="3915" running="133" waiting="14" ended="3782" arrived="3782" collisions="3" teleports="3" halting="1" stopped="0" meanWaitingTime="5.80" meanTravelTime="256.93" meanSpeed="25.09" meanSpeedRelative="0.78" duration="1"/>
    <step time="8400.00" loaded="4074" inserted="4056" running="117" waiting="18" ended="3939" arrived="3939" collisions="3" teleports="3" halting="4" stopped="0" meanWaitingTime="6.68" meanTravelTime="257.33" meanSpeed="25.96" meanSpeedRelative="0.81" duration="1"/>
    <step time="8700.00" loaded="4230" inserted="4214" running="132" waiting="16" ended="4082" arrived="4082" collisions="3" teleports="3" halting="2" stopped="0" meanWaitingTime="7.50" meanTravelTime="257.01" meanSpeed="24.13" meanSpeedRelative="0.75" duration="1"/>
    <step time="9000.00" loaded="4386" inserted="4367" running="144" waiting="19" ended="4223" arrived="4223" collisions="3" teleports="3" halting="0" stopped="0" meanWaitingTime="8.26" meanTravelTime="256.66" meanSpeed="24.97" meanSpeedRelative="0.78" duration="1"/>
    <step time="9300.00" loaded="4560" inserted="4536" running="145" waiting="24" ended="4391" arrived="4391" collisions="3" teleports="3" halting="0" stopped="0" meanWaitingTime="9.24" meanTravelTime="257.76" meanSpeed="24.27" meanSpeedRelative="0.76" duration="0"/>
    <step time="9600.00" loaded="4706" inserted="4683" running="136" waiting="23" ended="4547" arrived="4547" collisions="3" teleports="3" halting="2" stopped="0" meanWaitingTime="10.51" meanTravelTime="257.74" meanSpeed="24.21" meanSpeedRelative="0.76" duration="1"/>
    <step time="9900.00" loaded="4847" inserted="4819" running="109" waiting="28" ended="4710" arrived="4710" collisions="3" teleports="3" halting="1" stopped="0" meanWaitingTime="11.63" meanTravelTime="258.10" meanSpeed="23.22" meanSpeedRelative="0.73" duration="1"/>
    <step time="10200.00" loaded="4993" inserted="4967" running="128" waiting="26" ended="4839" arrived="4839" collisions="3" teleports="3" halting="0" stopped="0" meanWaitingTime="12.81" meanTravelTime="257.07" meanSpeed="25.09" meanSpeedRelative="0.78" duration="1"/>
    <step time="10500.00" loaded="5126" inserted="5101" running="112" waiting="25" ended="4989" arrived="4989" collisions="3" teleports="3" halting="3" stopped="0" meanWaitingTime="14.12" meanTravelTime="256.79" meanSpeed="24.44" meanSpeedRelative="0.76" duration="1"/>
    <step time="10800.00" loaded="5278" inserted="5251" running="133" waiting="27" ended="5118" arrived="5118" collisions="3" teleports="3" halting="0" stopped="0" meanWaitingTime="14.89" meanTravelTime="257.04" meanSpeed="24.82" meanSpeedRelative="0.78" duration="85"/>
    <step time="11100.00" loaded="5418" inserted="5401" running="123" waiting="17" ended="5278" arrived="5278" collisions="3" teleports="3" halting="1" stopped="0" meanWaitingTime="15.94" meanTravelTime="257.04" meanSpeed="25.00" meanSpeedRelative="0.78" duration="1"/>
    <step time="11400.00" loaded="5571" inserted="5544" running="107" waiting="27" ended="5437" arrived="5437" collisions="3" teleports="3" halting="3" stopped="0" meanWaitingTime="16.53" meanTravelTime="256.93" meanSpeed="23.79" meanSpeedRelative="0.74" duration="1"/>
    <step time="11700.00" loaded="5728" inserted="5697" running="113" waiting="31" ended="5584" arrived="5584" collisions="3" teleports="3" halting="1" stopped="0" meanWaitingTime="17.61" meanTravelTime="255.80" meanSpeed="24.47" meanSpeedRelative="0.76" duration="1"/>
    <step time="12000.00" loaded="5865" inserted="5841" running="109" waiting="24" ended="5732" arrived="5732" collisions="3" teleports="3" halting="2" stopped="0" meanWaitingTime="18.68" meanTravelTime="254.65" meanSpeed="24.43" meanSpeedRelative="0.76" duration="1"/>
    <step time="12300.00" loaded="6016" inserted="5985" running="103" waiting="31" ended="5882" arrived="5882" collisions="3" teleports="3" halting="2" stopped="0" meanWaitingTime="19.45" meanTravelTime="254.51" meanSpeed="24.55" meanSpeedRelative="0.77" duration="1"/>
    <step time="12600.00" loaded="6178" inserted="6140" running="113" waiting="38" ended="6027" arrived="6027" collisions="3" teleports="3" halting="0" stopped="0" meanWaitingTime="20.22" meanTravelTime="253.49" meanSpeed="24.38" meanSpeedRelative="0.76" duration="1"/>
    <step time="12900.00" loaded="6326" inserted="6287" running="103" waiting="39" ended="6184" arrived="6184" collisions="3" teleports="3" halting="3" stopped="0" meanWaitingTime="21.50" meanTravelTime="252.84" meanSpeed="23.48" meanSpeedRelative="0.73" duration="1"/>
    <step time="13200.00" loaded="6474" inserted="6423" running="109" waiting="51" ended="6314" arrived="6314" collisions="3" teleports="3" halting="1" stopped="0" meanWaitingTime="22.45" meanTravelTime="252.35" meanSpeed="24.01" meanSpeedRelative="0.75" duration="1"/>
    <step time="13500.00" loaded="6622" inserted="6570" running="122" waiting="52" ended="6448" arrived="6448" collisions="3" teleports="3" halting="2" stopped="0" meanWaitingTime="23.89" meanTravelTime="251.96" meanSpeed="24.37" meanSpeedRelative="0.76" duration="1"/>
    <step time="13800.00" loaded="6751" inserted="6707" running="107" waiting="44" ended="6600" arrived="6600" collisions="3" teleports="3" halting="5" stopped="0" meanWaitingTime="25.55" meanTravelTime="251.21" meanSpeed="23.61" meanSpeedRelative="0.74" duration="1"/>
    <step time="14100.00" loaded="6912" inserted="6859" running="112" waiting="53" ended="6747" arrived="6747" collisions="3" teleports="3" halting="0" stopped="0" meanWaitingTime="27.09" meanTravelTime="250.96" meanSpeed="24.01" meanSpeedRelative="0.75" duration="1"/>
    <step time="14400.00" loaded="7065" inserted="7016" running="118" waiting="49" ended="6898" arrived="6898" collisions="3" teleports="3" halting="2" stopped="0" meanWaitingTime="28.51" meanTravelTime="249.98" meanSpeed="23.16" meanSpeedRelative="0.72" duration="86"/>
    <step time="14700.00" loaded="7163" inserted="7118" running="99" waiting="45" ended="7019" arrived="7019" collisions="3" teleports="3" halting="5" stopped="0" meanWaitingTime="29.98" meanTravelTime="250.00" meanSpeed="23.82" meanSpeedRelative="0.74" duration="1"/>
    <step time="15000.00" loaded="7276" inserted="7225" running="91" waiting="51" ended="7134" arrived="7134" collisions="4" teleports="4" halting="3" stopped="0" meanWaitingTime="31.33" meanTravelTime="249.95" meanSpeed="23.63" meanSpeedRelative="0.74" duration="0"/>
    <step time="15300.00" loaded="7389" inserted="7343" running="89" waiting="46" ended="7254" arrived="7254" collisions="4" teleports="4" halting="0" stopped="0" meanWaitingTime="33.04" meanTravelTime="250.13" meanSpeed="25.15" meanSpeedRelative="0.79" duration="0"/>
    <step time="15600.00" loaded="7490" inserted="7447" running="75" waiting="43" ended="7372" arrived="7372" collisions="4" teleports="4" halting="4" stopped="0" meanWaitingTime="34.62" meanTravelTime="249.68" meanSpeed="23.97" meanSpeedRelative="0.75" duration="0"/>
    <step time="15900.00" loaded="7599" inserted="7551" running="85" waiting="48" ended="7466" arrived="7466" collisions="4" teleports="4" halting="3" stopped="0" meanWaitingTime="35.80" meanTravelTime="249.46" meanSpeed="24.01" meanSpeedRelative="0.75" duration="0"/>
    <step time="16200.00" loaded="7703" inserted="7663" running="80" waiting="40" ended="7583" arrived="7583" collisions="4" teleports="4" halting="2" stopped="0" meanWaitingTime="37.06" meanTravelTime="249.04" meanSpeed="24.60" meanSpeedRelative="0.77" duration="0"/>
    <step time="16500.00" loaded="7809" inserted="7773" running="81" waiting="36" ended="7692" arrived="7692" collisions="4" teleports="4" halting="1" stopped="0" meanWaitingTime="38.22" meanTravelTime="248.74" meanSpeed="25.16" meanSpeedRelative="0.79" duration="1"/>
    <step time="16800.00" loaded="7897" inserted="7859" running="74" waiting="38" ended="7785" arrived="7785" collisions="4" teleports="4" halting="2" stopped="0" meanWaitingTime="39.29" meanTravelTime="248.72" meanSpeed="24.57" meanSpeedRelative="0.77" duration="0"/>
    <step time="17100.00" loaded="7998" inserted="7962" running="74" waiting="36" ended="7888" arrived="7888" collisions="4" teleports="4" halting="5" stopped="0" meanWaitingTime="40.04" meanTravelTime="248.46" meanSpeed="23.97" meanSpeedRelative="0.75" duration="1"/>
    <step time="17400.00" loaded="8113" inserted="8078" running="77" waiting="35" ended="8001" arrived="8001" collisions="4" teleports="4" halting="2" stopped="0" meanWaitingTime="41.06" meanTravelTime="248.08" meanSpeed="24.01" meanSpeedRelative="0.75" duration="1"/>
    <step time="17700.00" loaded="8219" inserted="8189" running="79" waiting="30" ended="8110" arrived="8110" collisions="4" teleports="4" halting="1" stopped="0" meanWaitingTime="41.89" meanTravelTime="247.84" meanSpeed="24.66" meanSpeedRelative="0.77" duration="0"/>
    <step time="18000.00" loaded="8317" inserted="8290" running="71" waiting="27" ended="8219" arrived="8219" collisions="4" teleports="4" halting="3" stopped="0" meanWaitingTime="42.52" meanTravelTime="247.86" meanSpeed="23.19" meanSpeedRelative="0.72" duration="80"/>
    <step time="18300.00" loaded="8506" inserted="8469" running="112" waiting="37" ended="8357" arrived="8357" collisions="4" teleports="4" halting="0" stopped="0" meanWaitingTime="42.85" meanTravelTime="246.72" meanSpeed="24.46" meanSpeedRelative="0.76" duration="1"/>
    <step time="18600.00" loaded="8706" inserted="8650" running="143" waiting="56" ended="8507" arrived="8507" collisions="4" teleports="4" halting="6" stopped="0" meanWaitingTime="43.07" meanTravelTime="245.67" meanSpeed="24.57" meanSpeedRelative="0.77" duration="1"/>
    <step time="18900.00" loaded="8885" inserted="8825" running="141" waiting="60" ended="8684" arrived="8684" collisions="4" teleports="4" halting="0" stopped="0" meanWaitingTime="43.56" meanTravelTime="245.74" meanSpeed="24.91" meanSpeedRelative="0.78" duration="0"/>
    <step time="19200.00" loaded="9054" inserted="8995" running="133" waiting="59" ended="8862" arrived="8862" collisions="4" teleports="4" halting="1" stopped="0" meanWaitingTime="44.91" meanTravelTime="245.37" meanSpeed="24.62" meanSpeedRelative="0.77" duration="1"/>
    <step time="19500.00" loaded="9242" inserted="9172" running="154" waiting="70" ended="9018" arrived="9018" collisions="4" teleports="4" halting="3" stopped="0" meanWaitingTime="45.72" meanTravelTime="245.44" meanSpeed="23.98" meanSpeedRelative="0.75" duration="0"/>
    <step time="19800.00" loaded="9456" inserted="9377" running="156" waiting="79" ended="9221" arrived="9221" collisions="4" teleports="4" halting="3" stopped="0" meanWaitingTime="46.53" meanTravelTime="245.12" meanSpeed="23.77" meanSpeedRelative="0.74" duration="1"/>
    <step time="20100.00" loaded="9666" inserted="9570" running="162" waiting="96" ended="9408" arrived="9408" collisions="4" teleports="4" halting="1" stopped="0" meanWaitingTime="47.69" meanTravelTime="244.96" meanSpeed="24.99" meanSpeedRelative="0.78" duration="1"/>
    <step time="20400.00" loaded="9859" inserted="9757" running="142" waiting="102" ended="9615" arrived="9615" collisions="4" teleports="4" halting="1" stopped="0" meanWaitingTime="49.36" meanTravelTime="245.06" meanSpeed="24.76" meanSpeedRelative="0.77" duration="1"/>
    <step time="20700.00" loaded="10056" inserted="9933" running="156" waiting="123" ended="9777" arrived="9777" collisions="4" teleports="4" halting="1" stopped="0" meanWaitingTime="50.51" meanTravelTime="244.97" meanSpeed="23.94" meanSpeedRelative="0.75" duration="1"/>
    <step time="21000.00" loaded="10294" inserted="10147" running="179" waiting="147" ended="9968" arrived="9968" collisions="4" teleports="4" halting="1" stopped="0" meanWaitingTime="51.95" meanTravelTime="245.19" meanSpeed="23.06" meanSpeedRelative="0.72" duration="1"/>
    <step time="21300.00" loaded="10479" inserted="10321" running="146" waiting="158" ended="10175" arrived="10175" collisions="4" teleports="4" halting="2" stopped="0" meanWaitingTime="54.11" meanTravelTime="245.00" meanSpeed="23.94" meanSpeedRelative="0.75" duration="1"/>
    <step time="21600.00" loaded="10670" inserted="10512" running="151" waiting="158" ended="10361" arrived="10361" collisions="4" teleports="4" halting="0" stopped="0" meanWaitingTime="56.36" meanTravelTime="245.23" meanSpeed="24.64" meanSpeedRelative="0.77" duration="80"/>
    <step time="21900.00" loaded="11117" inserted="10903" running="302" waiting="214" ended="10601" arrived="10601" collisions="4" teleports="4" halting="3" stopped="0" meanWaitingTime="59.76" meanTravelTime="244.37" meanSpeed="22.48" meanSpeedRelative="0.70" duration="2"/>
    <step time="22200.00" loaded="11537" inserted="11293" running="350" waiting="244" ended="10943" arrived="10943" collisions="5" teleports="5" halting="6" stopped="0" meanWaitingTime="64.72" meanTravelTime="244.04" meanSpeed="22.49" meanSpeedRelative="0.70" duration="3"/>
    <step time="22500.00" loaded="12024" inserted="11711" running="392" waiting="313" ended="11319" arrived="11319" collisions="5" teleports="5" halting="3" stopped="0" meanWaitingTime="68.52" meanTravelTime="244.74" meanSpeed="21.06" meanSpeedRelative="0.66" duration="2"/>
    <step time="22800.00" loaded="12478" inserted="12121" running="416" waiting="357" ended="11705" arrived="11705" collisions="5" teleports="5" halting="6" stopped="0" meanWaitingTime="73.29" meanTravelTime="246.30" meanSpeed="20.76" meanSpeedRelative="0.65" duration="2"/>
    <step time="23100.00" loaded="12980" inserted="12569" running="447" waiting="411" ended="12122" arrived="12122" collisions="7" teleports="7" halting="7" stopped="0" meanWaitingTime="78.75" meanTravelTime="248.10" meanSpeed="19.83" meanSpeedRelative="0.62" duration="3"/>
    <step time="23400.00" loaded="13458" inserted="13002" running="463" waiting="456" ended="12539" arrived="12539" collisions="7" teleports="7" halting="7" stopped="0" meanWaitingTime="84.38" meanTravelTime="249.87" meanSpeed="20.26" meanSpeedRelative="0.63" duration="3"/>
    <step time="23700.00" loaded="13920" inserted="13415" running="468" waiting="505" ended="12947" arrived="12947" collisions="7" teleports="7" halting="9" stopped="0" meanWaitingTime="89.83" meanTravelTime="251.83" meanSpeed="19.75" meanSpeedRelative="0.62" duration="3"/>
    <step time="24000.00" loaded="14406" inserted="13832" running="479" waiting="574" ended="13353" arrived="13353" collisions="11" teleports="11" halting="9" stopped="0" meanWaitingTime="95.89" meanTravelTime="255.08" meanSpeed="19.30" meanSpeedRelative="0.60" duration="4"/>
    <step time="24300.00" loaded="14870" inserted="14256" running="470" waiting="614" ended="13786" arrived="13786" collisions="12" teleports="12" halting="4" stopped="0" meanWaitingTime="102.85" meanTravelTime="257.62" meanSpeed="20.09" meanSpeedRelative="0.63" duration="3"/>
    <step time="24600.00" loaded="15334" inserted="14655" running="450" waiting="679" ended="14205" arrived="14205" collisions="13" teleports="13" halting="5" stopped="0" meanWaitingTime="110.09" meanTravelTime="259.95" meanSpeed="19.93" meanSpeedRelative="0.62" duration="3"/>
    <step time="24900.00" loaded="15789" inserted="15059" running="438" waiting="730" ended="14621" arrived="14621" collisions="14" teleports="14" halting="5" stopped="0" meanWaitingTime="117.90" meanTravelTime="262.25" meanSpeed="20.24" meanSpeedRelative="0.63" duration="3"/>
    <step time="25200.00" loaded="16242" inserted="15492" running="461" waiting="750" ended="15031" arrived="15031" collisions="16" teleports="16" halting="6" stopped="0" meanWaitingTime="126.18" meanTravelTime="263.40" meanSpeed="19.62" meanSpeedRelative="0.61" duration="93"/>
    <step time="25500.00" loaded="16808" inserted="15937" running="505" waiting="871" ended="15432" arrived="15432" collisions="18" teleports="18" halting="8" stopped="0" meanWaitingTime="134.26" meanTravelTime="264.88" meanSpeed="19.18" meanSpeedRelative="0.60" duration="3"/>
    <step time="25800.00" loaded="17399" inserted="16424" running="571" waiting="975" ended="15853" arrived="15853" collisions="21" teleports="21" halting="8" stopped="0" meanWaitingTime="143.65" meanTravelTime="267.00" meanSpeed="18.66" meanSpeedRelative="0.58" duration="3"/>
    <step time="26100.00" loaded="18003" inserted="16892" running="594" waiting="1111" ended="16298" arrived="16298" collisions="23" teleports="23" halting="13" stopped="0" meanWaitingTime="152.67" meanTravelTime="269.89" meanSpeed="17.28" meanSpeedRelative="0.54" duration="3"/>
    <step time="26400.00" loaded="18562" inserted="17345" running="573" waiting="1217" ended="16772" arrived="16772" collisions="25" teleports="25" halting="4" stopped="0" meanWaitingTime="162.52" meanTravelTime="273.03" meanSpeed="17.37" meanSpeedRelative="0.54" duration="3"/>
    <step time="26700.00" loaded="19106" inserted="17816" running="561" waiting="1290" ended="17255" arrived="17255" collisions="25" teleports="25" halting="3" stopped="0" meanWaitingTime="173.59" meanTravelTime="275.47" meanSpeed="18.38" meanSpeedRelative="0.57" duration="4"/>
    <step time="27000.00" loaded="19655" inserted="18275" running="557" waiting="1380" ended="17718" arrived="17718" collisions="27" teleports="27" halting="10" stopped="0" meanWaitingTime="185.01" meanTravelTime="277.80" meanSpeed="18.21" meanSpeedRelative="0.57" duration="3"/>
    <step time="27300.00" loaded="20261" inserted="18754" running="584" waiting="1507" ended="18170" arrived="18170" collisions="27" teleports="27" halting="4" stopped="0" meanWaitingTime="196.26" meanTravelTime="280.34" meanSpeed="16.76" meanSpeedRelative="0.52" duration="3"/>
    <step time="27600.00" loaded="20809" inserted="19218" running="602" waiting="1591" ended="18616" arrived="18616" collisions="28" teleports="28" halting="7" stopped="0" meanWaitingTime="209.10" meanTravelTime="282.55" meanSpeed="16.91" meanSpeedRelative="0.53" duration="4"/>
    <step time="27900.00" loaded="21387" inserted="19691" running="611" waiting="1696" ended="19080" arrived="19080" collisions="28" teleports="28" halting="5" stopped="0" meanWaitingTime="222.23" meanTravelTime="284.68" meanSpeed="16.24" meanSpeedRelative="0.51" duration="4"/>
    <step time="28200.00" loaded="21941" inserted="20170" running="612" waiting="1771" ended="19558" arrived="19558" collisions="29" teleports="29" halting="13" stopped="0" meanWaitingTime="235.55" meanTravelTime="287.49" meanSpeed="15.42" meanSpeedRelative="0.48" duration="3"/>
    <step time="28500.00" loaded="22540" inserted="20636" running="635" waiting="1904" ended="20001" arrived="20001" collisions="29" teleports="29" halting="5" stopped="0" meanWaitingTime="249.31" meanTravelTime="289.62" meanSpeed="15.49" meanSpeedRelative="0.48" duration="3"/>
    <step time="28800.00" loaded="23053" inserted="21075" running="605" waiting="1978" ended="20470" arrived="20470" collisions="29" teleports="29" halting="9" stopped="0" meanWaitingTime="263.70" meanTravelTime="292.33" meanSpeed="14.87" meanSpeedRelative="0.46" duration="86"/>
    <step time="29100.00" loaded="23438" inserted="21515" running="606" waiting="1923" ended="20909" arrived="20909" collisions="29" teleports="29" halting="13" stopped="0" meanWaitingTime="278.98" meanTravelTime="294.53" meanSpeed="15.60" meanSpeedRelative="0.49" duration="3"/>
    <step time="29400.00" loaded="23779" inserted="21941" running="609" waiting="1838" ended="21332" arrived="21332" collisions="30" teleports="30" halting="10" stopped="0" meanWaitingTime="294.55" meanTravelTime="296.65" meanSpeed="16.25" meanSpeedRelative="0.51" duration="3"/>
    <step time="29700.00" loaded="24151" inserted="22367" running="594" waiting="1784" ended="21773" arrived="21773" collisions="32" teleports="32" halting="9" stopped="0" meanWaitingTime="310.33" meanTravelTime="299.38" meanSpeed="16.53" meanSpeedRelative="0.52" duration="5"/>
    <step time="30000.00" loaded="24505" inserted="22794" running="534" waiting="1711" ended="22260" arrived="22260" collisions="34" teleports="34" halting="6" stopped="0" meanWaitingTime="325.37" meanTravelTime="301.29" meanSpeed="17.02" meanSpeedRelative="0.53" duration="3"/>
    <step time="30300.00" loaded="24864" inserted="23228" running="533" waiting="1636" ended="22695" arrived="22695" collisions="36" teleports="36" halting="7" stopped="0" meanWaitingTime="339.86" meanTravelTime="302.83" meanSpeed="17.83" meanSpeedRelative="0.56" duration="3"/>
    <step time="30600.00" loaded="25240" inserted="23648" running="516" waiting="1592" ended="23132" arrived="23132" collisions="37" teleports="37" halting="5" stopped="0" meanWaitingTime="354.18" meanTravelTime="304.28" meanSpeed="18.48" meanSpeedRelative="0.58" duration="3"/>
    <step time="30900.00" loaded="25617" inserted="24074" running="519" waiting="1543" ended="23555" arrived="23555" collisions="39" teleports="39" halting="3" stopped="0" meanWaitingTime="367.08" meanTravelTime="305.88" meanSpeed="18.53" meanSpeedRelative="0.58" duration="4"/>
    <step time="31200.00" loaded="25967" inserted="24470" running="481" waiting="1497" ended="23989" arrived="23989" collisions="40" teleports="40" halting="8" stopped="0" meanWaitingTime="380.50" meanTravelTime="306.65" meanSpeed="19.53" meanSpeedRelative="0.61" duration="3"/>
    <step time="31500.00" loaded="26350" inserted="24885" running="471" waiting="1465" ended="24414" arrived="24414" collisions="40" teleports="40" halting="8" stopped="0" meanWaitingTime="393.97" meanTravelTime="307.66" meanSpeed="18.74" meanSpeedRelative="0.59" duration="3"/>
    <step time="31800.00" loaded="26690" inserted="25291" running="439" waiting="1399" ended="24852" arrived="24852" collisions="42" teleports="42" halting="9" stopped="0" meanWaitingTime="406.86" meanTravelTime="308.38" meanSpeed="19.30" meanSpeedRelative="0.60" duration="3"/>
    <step time="32100.00" loaded="27025" inserted="25681" running="418" waiting="1344" ended="25263" arrived="25263" collisions="42" teleports="42" halting="8" stopped="0" meanWaitingTime="419.28" meanTravelTime="308.43" meanSpeed="19.51" meanSpeedRelative="0.61" duration="3"/>
    <step time="32400.00" loaded="27371" inserted="26072" running="418" waiting="1299" ended="25654" arrived="25654" collisions="43" teleports="43" halting="3" stopped="0" meanWaitingTime="431.35" meanTravelTime="308.74" meanSpeed="19.25" meanSpeedRelative="0.60" duration="86"/>
    <step time="32700.00" loaded="27636" inserted="26409" running="382" waiting="1227" ended="26027" arrived="26027" collisions="43" teleports="43" halting="7" stopped="0" meanWaitingTime="442.75" meanTravelTime="309.06" meanSpeed="19.97" meanSpeedRelative="0.62" duration="3"/>
    <step time="33000.00" loaded="27907" inserted="26719" running="321" waiting="1188" ended="26398" arrived="26398" collisions="43" teleports="43" halting="4" stopped="0" meanWaitingTime="453.45" meanTravelTime="309.33" meanSpeed="21.16" meanSpeedRelative="0.66" duration="2"/>
    <step time="33300.00" loaded="28192" inserted="27057" running="346" waiting="1135" ended="26711" arrived="26711" collisions="43" teleports="43" halting="8" stopped="0" meanWaitingTime="464.20" meanTravelTime="309.25" meanSpeed="20.40" meanSpeedRelative="0.64" duration="2"/>
    <step time="33600.00" loaded="28458" inserted="27375" running="331" waiting="1083" ended="27044" arrived="27044" collisions="43" teleports="43" halting="7" stopped="0" meanWaitingTime="474.16" meanTravelTime="309.34" meanSpeed="20.94" meanSpeedRelative="0.65" duration="2"/>
    <step time="33900.00" loaded="28712" inserted="27687" running="295" waiting="1025" ended="27392" arrived="27392" collisions="43" teleports="43" halting="2" stopped="0" meanWaitingTime="484.25" meanTravelTime="309.26" meanSpeed="21.04" meanSpeedRelative="0.66" duration="2"/>
    <step time="34200.00" loaded="28994" inserted="28031" running="304" waiting="963" ended="27727" arrived="27727" collisions="44" teleports="44" halting="5" stopped="0" meanWaitingTime="493.01" meanTravelTime="309.03" meanSpeed="21.86" meanSpeedRelative="0.68" duration="1"/>
    <step time="34500.00" loaded="29243" inserted="28343" running="292" waiting="900" ended="28051" arrived="28051" collisions="44" teleports="44" halting="6" stopped="0" meanWaitingTime="500.61" meanTravelTime="308.70" meanSpeed="20.23" meanSpeedRelative="0.63" duration="2"/>
    <step time="34800.00" loaded="29542" inserted="28707" running="349" waiting="835" ended="28358" arrived="28358" collisions="44" teleports="44" halting="5" stopped="0" meanWaitingTime="506.94" meanTravelTime="308.40" meanSpeed="21.41" meanSpeedRelative="0.67" duration="3"/>
    <step time="35100.00" loaded="29815" inserted="29044" running="334" waiting="771" ended="28710" arrived="28710" collisions="44" teleports="44" halting="9" stopped="0" meanWaitingTime="512.91" meanTravelTime="308.19" meanSpeed="20.25" meanSpeedRelative="0.63" duration="2"/>
    <step time="35400.00" loaded="30089" inserted="29383" running="351" waiting="706" ended="29032" arrived="29032" collisions="44" teleports="44" halting="5" stopped="0" meanWaitingTime="517.94" meanTravelTime="307.98" meanSpeed="20.07" meanSpeedRelative="0.63" duration="3"/>
    <step time="35700.00" loaded="30358" inserted="29726" running="345" waiting="632" ended="29381" arrived="29381" collisions="45" teleports="45" halting="4" stopped="0" meanWaitingTime="521.46" meanTravelTime="307.76" meanSpeed="20.62" meanSpeedRelative="0.64" duration="2"/>
    <step time="36000.00" loaded="30613" inserted="30060" running="329" waiting="553" ended="29731" arrived="29731" collisions="46" teleports="46" halting="12" stopped="0" meanWaitingTime="524.15" meanTravelTime="307.77" meanSpeed="21.12" meanSpeedRelative="0.66" duration="83"/>
    <step time="36300.00" loaded="31109" inserted="30523" running="419" waiting="586" ended="30104" arrived="30104" collisions="46" teleports="46" halting="6" stopped="0" meanWaitingTime="524.39" meanTravelTime="307.36" meanSpeed="21.06" meanSpeedRelative="0.66" duration="3"/>
    <step time="36600.00" loaded="31614" inserted="30988" running="481" waiting="626" ended="30507" arrived="30507" collisions="47" teleports="47" halting="3" stopped="0" meanWaitingTime="523.32" meanTravelTime="307.10" meanSpeed="19.95" meanSpeedRelative="0.62" duration="4"/>
    <step time="36900.00" loaded="32049" inserted="31415" running="472" waiting="634" ended="30943" arrived="30943" collisions="47" teleports="47" halting="8" stopped="0" meanWaitingTime="522.95" meanTravelTime="307.11" meanSpeed="20.28" meanSpeedRelative="0.63" duration="4"/>
    <step time="37200.00" loaded="32520" inserted="31863" running="479" waiting="657" ended="31384" arrived="31384" collisions="49" teleports="49" halting="12" stopped="0" meanWaitingTime="522.31" meanTravelTime="307.33" meanSpeed="19.83" meanSpeedRelative="0.62" duration="3"/>
    <step time="37500.00" loaded="32956" inserted="32300" running="460" waiting="656" ended="31840" arrived="31840" collisions="51" teleports="51" halting="3" stopped="0" meanWaitingTime="521.65" meanTravelTime="307.39" meanSpeed="19.68" meanSpeedRelative="0.61" duration="3"/>
    <step time="37800.00" loaded="33411" inserted="32751" running="476" waiting="660" ended="32275" arrived="32275" collisions="51" teleports="51" halting="11" stopped="0" meanWaitingTime="521.00" meanTravelTime="307.56" meanSpeed="19.74" meanSpeedRelative="0.62" duration="3"/>
    <step time="38100.00" loaded="33869" inserted="33201" running="494" waiting="668" ended="32707" arrived="32707" collisions="55" teleports="55" halting="8" stopped="0" meanWaitingTime="520.63" meanTravelTime="307.68" meanSpeed="19.72" meanSpeedRelative="0.62" duration="2"/>
    <step time="38400.00" loaded="34372" inserted="33652" running="506" waiting="720" ended="33146" arrived="33146" collisions="55" teleports="55" halting="6" stopped="0" meanWaitingTime="519.65" meanTravelTime="308.05" meanSpeed="19.88" meanSpeedRelative="0.62" duration="3"/>
    <step time="38700.00" loaded="34864" inserted="34116" running="518" waiting="748" ended="33598" arrived="33598" collisions="55" teleports="55" halting="4" stopped="0" meanWaitingTime="518.95" meanTravelTime="308.31" meanSpeed="19.58" meanSpeedRelative="0.61" duration="3"/>
    <step time="39000.00" loaded="35313" inserted="34548" running="502" waiting="765" ended="34046" arrived="34046" collisions="55" teleports="55" halting="8" stopped="0" meanWaitingTime="518.05" meanTravelTime="308.57" meanSpeed="19.19" meanSpeedRelative="0.60" duration="2"/>
    <step time="39300.00" loaded="35809" inserted="35009" running="530" waiting="800" ended="34479" arrived="34479" collisions="56" teleports="56" halting="11" stopped="0" meanWaitingTime="517.26" meanTravelTime="309.30" meanSpeed="18.66" meanSpeedRelative="0.58" duration="3"/>
    <step time="39600.00" loaded="36285" inserted="35457" running="526" waiting="828" ended="34931" arrived="34931" collisions="59" teleports="59" halting="9" stopped="0" meanWaitingTime="516.57" meanTravelTime="309.84" meanSpeed="19.03" meanSpeedRelative="0.59" duration="92"/>
    <step time="39900.00" loaded="36819" inserted="35938" running="539" waiting="881" ended="35399" arrived="35399" collisions="62" teleports="62" halting="12" stopped="0" meanWaitingTime="515.83" meanTravelTime="310.04" meanSpeed="19.36" meanSpeedRelative="0.61" duration="3"/>
    <step time="40200.00" loaded="37331" inserted="36429" running="565" waiting="902" ended="35864" arrived="35864" collisions="64" teleports="64" halting="6" stopped="0" meanWaitingTime="515.30" meanTravelTime="310.75" meanSpeed="18.64" meanSpeedRelative="0.58" duration="3"/>
    <step time="40500.00" loaded="37868" inserted="36899" running="573" waiting="969" ended="36326" arrived="36326" collisions="64" teleports="64" halting="10" stopped="0" meanWaitingTime="515.30" meanTravelTime="311.28" meanSpeed="18.51" meanSpeedRelative="0.58" duration="4"/>
    <step time="40800.00" loaded="38388" inserted="37351" running="570" waiting="1037" ended="36781" arrived="36781" collisions="66" teleports="66" halting="6" stopped="0" meanWaitingTime="515.23" meanTravelTime="311.95" meanSpeed="17.94" meanSpeedRelative="0.56" duration="4"/>
    <step time="41100.00" loaded="38952" inserted="37842" running="599" waiting="1110" ended="37243" arrived="37243" collisions="69" teleports="69" halting="7" stopped="0" meanWaitingTime="514.76" meanTravelTime="312.72" meanSpeed="17.65" meanSpeedRelative="0.55" duration="4"/>
    <step time="41400.00" loaded="39463" inserted="38319" running="596" waiting="1144" ended="37723" arrived="37723" collisions="69" teleports="69" halting="8" stopped="0" meanWaitingTime="515.06" meanTravelTime="313.64" meanSpeed="17.88" meanSpeedRelative="0.56" duration="3"/>
    <step time="41700.00" loaded="39957" inserted="38788" running="579" waiting="1169" ended="38209" arrived="38209" collisions="70" teleports="70" halting="17" stopped="0" meanWaitingTime="515.97" meanTravelTime="314.18" meanSpeed="17.88" meanSpeedRelative="0.56" duration="3"/>
    <step time="42000.00" loaded="40461" inserted="39250" running="574" waiting="1211" ended="38676" arrived="38676" collisions="70" teleports="70" halting="2" stopped="0" meanWaitingTime="517.05" meanTravelTime="314.77" meanSpeed="18.66" meanSpeedRelative="0.58" duration="4"/>
    <step time="42300.00" loaded="40946" inserted="39700" running="561" waiting="1246" ended="39139" arrived="39139" collisions="70" teleports="70" halting="11" stopped="0" meanWaitingTime="518.50" meanTravelTime="315.60" meanSpeed="18.55" meanSpeedRelative="0.58" duration="3"/>
    <step time="42600.00" loaded="41460" inserted="40166" running="560" waiting="1294" ended="39606" arrived="39606" collisions="71" teleports="71" halting="16" stopped="0" meanWaitingTime="519.66" meanTravelTime="316.42" meanSpeed="17.63" meanSpeedRelative="0.55" duration="3"/>
    <step time="42900.00" loaded="41983" inserted="40623" running="566" waiting="1360" ended="40057" arrived="40057" collisions="74" teleports="74" halting="8" stopped="0" meanWaitingTime="521.09" meanTravelTime="316.76" meanSpeed="17.27" meanSpeedRelative="0.54" duration="3"/>
    <step time="43200.00" loaded="42481" inserted="41071" running="588" waiting="1410" ended="40483" arrived="40483" collisions="76" teleports="76" halting="4" stopped="0" meanWaitingTime="523.15" meanTravelTime="317.53" meanSpeed="17.62" meanSpeedRelative="0.55" duration="94"/>
    <step time="43500.00" loaded="43012" inserted="41551" running="594" waiting="1461" ended="40957" arrived="40957" collisions="76" teleports="76" halting="6" stopped="0" meanWaitingTime="525.25" meanTravelTime="318.31" meanSpeed="17.94" meanSpeedRelative="0.56" duration="4"/>
    <step time="43800.00" loaded="43553" inserted="42032" running="595" waiting="1521" ended="41437" arrived="41437" collisions="77" teleports="77" halting="4" stopped="0" meanWaitingTime="527.22" meanTravelTime="318.90" meanSpeed="17.79" meanSpeedRelative="0.56" duration="3"/>
    <step time="44100.00" loaded="44066" inserted="42501" running="573" waiting="1565" ended="41928" arrived="41928" collisions="77" teleports="77" halting="2" stopped="0" meanWaitingTime="529.58" meanTravelTime="319.38" meanSpeed="18.61" meanSpeedRelative="0.58" duration="3"/>
    <step time="44400.00" loaded="44614" inserted="42997" running="605" waiting="1617" ended="42392" arrived="42392" collisions="78" teleports="78" halting="7" stopped="0" meanWaitingTime="532.15" meanTravelTime="319.81" meanSpeed="18.11" meanSpeedRelative="0.57" duration="5"/>
    <step time="44700.00" loaded="45185" inserted="43488" running="657" waiting="1697" ended="42831" arrived="42831" collisions="79" teleports="79" halting="8" stopped="0" meanWaitingTime="534.73" meanTravelTime="320.32" meanSpeed="17.01" meanSpeedRelative="0.53" duration="5"/>
    <step time="45000.00" loaded="45694" inserted="43944" running="634" waiting="1750" ended="43310" arrived="43310" collisions="81" teleports="81" halting="5" stopped="0" meanWaitingTime="537.94" meanTravelTime="321.13" meanSpeed="17.44" meanSpeedRelative="0.55" duration="3"/>
    <step time="45300.00" loaded="46233" inserted="44427" running="669" waiting="1806" ended="43758" arrived="43758" collisions="82" teleports="82" halting="11" stopped="0" meanWaitingTime="540.98" meanTravelTime="321.95" meanSpeed="16.59" meanSpeedRelative="0.52" duration="4"/>
    <step time="45600.00" loaded="46745" inserted="44883" running="649" waiting="1862" ended="44234" arrived="44234" collisions="84" teleports="84" halting="11" stopped="0" meanWaitingTime="544.29" meanTravelTime="323.03" meanSpeed="16.48" meanSpeedRelative="0.52" duration="4"/>
    <step time="45900.00" loaded="47306" inserted="45367" running="668" waiting="1939" ended="44699" arrived="44699" collisions="84" teleports="84" halting="6" stopped="0" meanWaitingTime="548.00" meanTravelTime="324.32" meanSpeed="16.57" meanSpeedRelative="0.52" duration="4"/>
    <step time="46200.00" loaded="47847" inserted="45874" running="709" waiting="1973" ended="45165" arrived="45165" collisions="85" teleports="85" halting="13" stopped="0" meanWaitingTime="551.79" meanTravelTime="325.38" meanSpeed="15.88" meanSpeedRelative="0.50" duration="5"/>
    <step time="46500.00" loaded="48379" inserted="46353" running="705" waiting="2026" ended="45648" arrived="45648" collisions="88" teleports="88" halting="7" stopped="0" meanWaitingTime="555.83" meanTravelTime="326.31" meanSpeed="15.85" meanSpeedRelative="0.50" duration="5"/>
    <step time="46800.00" loaded="48906" inserted="46836" running="731" waiting="2070" ended="46105" arrived="46105" collisions="91" teleports="91" halting="7" stopped="0" meanWaitingTime="559.49" meanTravelTime="327.36" meanSpeed="15.40" meanSpeedRelative="0.48" duration="94"/>
    <step time="47100.00" loaded="49419" inserted="47278" running="688" waiting="2141" ended="46590" arrived="46590" collisions="92" teleports="92" halting="9" stopped="0" meanWaitingTime="563.86" meanTravelTime="328.50" meanSpeed="16.61" meanSpeedRelative="0.52" duration="5"/>
    <step time="47400.00" loaded="49920" inserted="47760" running="694" waiting="2160" ended="47066" arrived="47066" collisions="93" teleports="93" halting="11" stopped="0" meanWaitingTime="568.08" meanTravelTime="329.80" meanSpeed="15.93" meanSpeedRelative="0.50" duration="4"/>
    <step time="47700.00" loaded="50457" inserted="48219" running="679" waiting="2238" ended="47540" arrived="47540" collisions="94" teleports="94" halting="3" stopped="0" meanWaitingTime="571.70" meanTravelTime="331.02" meanSpeed="16.25" meanSpeedRelative="0.51" duration="3"/>
    <step time="48000.00" loaded="51015" inserted="48716" running="726" waiting="2299" ended="47990" arrived="47990" collisions="94" teleports="94" halting="15" stopped="0" meanWaitingTime="576.08" meanTravelTime="332.02" meanSpeed="15.33" meanSpeedRelative="0.48" duration="5"/>
    <step time="48300.00" loaded="51527" inserted="49186" running="714" waiting="2341" ended="48472" arrived="48472" collisions="98" teleports="98" halting="13" stopped="0" meanWaitingTime="581.73" meanTravelTime="333.28" meanSpeed="15.59" meanSpeedRelative="0.49" duration="5"/>
    <step time="48600.00" loaded="52084" inserted="49672" running="693" waiting="2412" ended="48979" arrived="48979" collisions="104" teleports="104" halting="4" stopped="0" meanWaitingTime="586.74" meanTravelTime="334.07" meanSpeed="16.23" meanSpeedRelative="0.51" duration="5"/>
    <step time="48900.00" loaded="52579" inserted="50154" running="704" waiting="2425" ended="49450" arrived="49450" collisions="104" teleports="104" halting="3" stopped="0" meanWaitingTime="592.34" meanTravelTime="335.19" meanSpeed="16.16" meanSpeedRelative="0.50" duration="4"/>
    <step time="49200.00" loaded="53131" inserted="50647" running="725" waiting="2484" ended="49922" arrived="49922" collisions="107" teleports="107" halting="10" stopped="0" meanWaitingTime="597.87" meanTravelTime="336.22" meanSpeed="15.17" meanSpeedRelative="0.47" duration="6"/>
    <step time="49500.00" loaded="53651" inserted="51127" running="705" waiting="2524" ended="50422" arrived="50422" collisions="109" teleports="109" halting="6" stopped="0" meanWaitingTime="603.23" meanTravelTime="337.14" meanSpeed="14.99" meanSpeedRelative="0.47" duration="4"/>
    <step time="49800.00" loaded="54182" inserted="51608" running="736" waiting="2574" ended="50872" arrived="50872" collisions="110" teleports="110" halting="11" stopped="0" meanWaitingTime="609.06" meanTravelTime="338.15" meanSpeed="15.18" meanSpeedRelative="0.47" duration="7"/>
    <step time="50100.00" loaded="54743" inserted="52108" running="743" waiting="2635" ended="51365" arrived="51365" collisions="113" teleports="113" halting="5" stopped="0" meanWaitingTime="614.61" meanTravelTime="339.13" meanSpeed="15.61" meanSpeedRelative="0.49" duration="6"/>
    <step time="50400.00" loaded="55278" inserted="52593" running="773" waiting="2685" ended="51820" arrived="51820" collisions="114" teleports="114" halting="10" stopped="0" meanWaitingTime="620.53" meanTravelTime="340.05" meanSpeed="15.45" meanSpeedRelative="0.48" duration="93"/>
    <step time="50700.00" loaded="55980" inserted="53150" running="839" waiting="2830" ended="52311" arrived="52311" collisions="116" teleports="116" halting="12" stopped="0" meanWaitingTime="625.82" meanTravelTime="341.21" meanSpeed="14.50" meanSpeedRelative="0.45" duration="5"/>
    <step time="51000.00" loaded="56708" inserted="53692" running="887" waiting="3016" ended="52805" arrived="52805" collisions="117" teleports="117" halting="19" stopped="0" meanWaitingTime="631.08" meanTravelTime="342.51" meanSpeed="13.50" meanSpeedRelative="0.42" duration="6"/>
    <step time="51300.00" loaded="57456" inserted="54216" running="907" waiting="3240" ended="53309" arrived="53309" collisions="118" teleports="118" halting="15" stopped="0" meanWaitingTime="636.60" meanTravelTime="344.16" meanSpeed="12.90" meanSpeedRelative="0.40" duration="5"/>
    <step time="51600.00" loaded="58154" inserted="54742" running="914" waiting="3412" ended="53828" arrived="53828" collisions="118" teleports="118" halting="25" stopped="0" meanWaitingTime="642.38" meanTravelTime="345.73" meanSpeed="12.81" meanSpeedRelative="0.40" duration="5"/>
    <step time="51900.00" loaded="58894" inserted="55258" running="941" waiting="3636" ended="54317" arrived="54317" collisions="122" teleports="122" halting="10" stopped="0" meanWaitingTime="648.23" meanTravelTime="347.36" meanSpeed="12.68" meanSpeedRelative="0.40" duration="6"/>
    <step time="52200.00" loaded="59627" inserted="55757" running="933" waiting="3870" ended="54824" arrived="54824" collisions="127" teleports="127" halting="8" stopped="0" meanWaitingTime="654.20" meanTravelTime="349.21" meanSpeed="12.53" meanSpeedRelative="0.39" duration="6"/>
    <step time="52500.00" loaded="60355" inserted="56302" running="986" waiting="4053" ended="55316" arrived="55316" collisions="131" teleports="131" halting="14" stopped="0" meanWaitingTime="660.73" meanTravelTime="351.07" meanSpeed="12.46" meanSpeedRelative="0.39" duration="6"/>
    <step time="52800.00" loaded="61091" inserted="56854" running="1017" waiting="4237" ended="55837" arrived="55837" collisions="136" teleports="136" halting="20" stopped="0" meanWaitingTime="668.02" meanTravelTime="352.82" meanSpeed="12.49" meanSpeedRelative="0.39" duration="7"/>
    <step time="53100.00" loaded="61801" inserted="57382" running="1027" waiting="4419" ended="56355" arrived="56355" collisions="140" teleports="140" halting="17" stopped="0" meanWaitingTime="675.33" meanTravelTime="354.71" meanSpeed="12.05" meanSpeedRelative="0.38" duration="8"/>
    <step time="53400.00" loaded="62492" inserted="57894" running="1021" waiting="4598" ended="56873" arrived="56873" collisions="144" teleports="144" halting="15" stopped="0" meanWaitingTime="683.57" meanTravelTime="356.90" meanSpeed="11.67" meanSpeedRelative="0.36" duration="7"/>
    <step time="53700.00" loaded="63174" inserted="58377" running="1000" waiting="4797" ended="57377" arrived="57377" collisions="146" teleports="146" halting="15" stopped="0" meanWaitingTime="691.21" meanTravelTime="359.08" meanSpeed="11.91" meanSpeedRelative="0.37" duration="7"/>
    <step time="54000.00" loaded="63849" inserted="58870" running="979" waiting="4979" ended="57891" arrived="57891" collisions="147" teleports="147" halting="16" stopped="0" meanWaitingTime="699.28" meanTravelTime="361.32" meanSpeed="12.30" meanSpeedRelative="0.38" duration="94"/>
    <step time="54300.00" loaded="64320" inserted="59336" running="948" waiting="4984" ended="58388" arrived="58388" collisions="148" teleports="148" halting="12" stopped="0" meanWaitingTime="708.81" meanTravelTime="363.32" meanSpeed="12.73" meanSpeedRelative="0.40" duration="6"/>
    <step time="54600.00" loaded="64808" inserted="59810" running="907" waiting="4998" ended="58903" arrived="58903" collisions="153" teleports="153" halting="14" stopped="0" meanWaitingTime="718.52" meanTravelTime="365.18" meanSpeed="13.35" meanSpeedRelative="0.42" duration="6"/>
    <step time="54900.00" loaded="65266" inserted="60300" running="880" waiting="4966" ended="59420" arrived="59420" collisions="153" teleports="153" halting="17" stopped="0" meanWaitingTime="728.96" meanTravelTime="367.15" meanSpeed="12.84" meanSpeedRelative="0.40" duration="7"/>
    <step time="55200.00" loaded="65726" inserted="60793" running="854" waiting="4933" ended="59939" arrived="59939" collisions="155" teleports="155" halting="15" stopped="0" meanWaitingTime="739.70" meanTravelTime="368.42" meanSpeed="13.61" meanSpeedRelative="0.43" duration="6"/>
    <step time="55500.00" loaded="66202" inserted="61295" running="907" waiting="4907" ended="60388" arrived="60388" collisions="157" teleports="157" halting="18" stopped="0" meanWaitingTime="751.58" meanTravelTime="369.48" meanSpeed="12.58" meanSpeedRelative="0.39" duration="8"/>
    <step time="55800.00" loaded="66659" inserted="61775" running="899" waiting="4884" ended="60876" arrived="60876" collisions="158" teleports="158" halting="22" stopped="0" meanWaitingTime="762.67" meanTravelTime="370.76" meanSpeed="13.02" meanSpeedRelative="0.41" duration="9"/>
    <step time="56100.00" loaded="67101" inserted="62224" running="913" waiting="4877" ended="61311" arrived="61311" collisions="159" teleports="159" halting="11" stopped="0" meanWaitingTime="773.70" meanTravelTime="372.37" meanSpeed="12.34" meanSpeedRelative="0.39" duration="8"/>
    <step time="56400.00" loaded="67556" inserted="62703" running="910" waiting="4853" ended="61793" arrived="61793" collisions="159" teleports="159" halting="13" stopped="0" meanWaitingTime="785.16" meanTravelTime="373.93" meanSpeed="13.39" meanSpeedRelative="0.42" duration="6"/>
    <step time="56700.00" loaded="67999" inserted="63193" running="900" waiting="4806" ended="62293" arrived="62293" collisions="160" teleports="160" halting="13" stopped="0" meanWaitingTime="796.82" meanTravelTime="375.37" meanSpeed="13.24" meanSpeedRelative="0.41" duration="8"/>
    <step time="57000.00" loaded="68423" inserted="63678" running="882" waiting="4745" ended="62796" arrived="62796" collisions="163" teleports="163" halting="13" stopped="0" meanWaitingTime="808.55" meanTravelTime="376.68" meanSpeed="12.75" meanSpeedRelative="0.40" duration="6"/>
    <step time="57300.00" loaded="68909" inserted="64160" running="856" waiting="4749" ended="63304" arrived="63304" collisions="167" teleports="167" halting="11" stopped="0" meanWaitingTime="820.47" meanTravelTime="378.17" meanSpeed="13.86" meanSpeedRelative="0.43" duration="6"/>
    <step time="57600.00" loaded="69348" inserted="64639" running="877" waiting="4709" ended="63762" arrived="63762" collisions="169" teleports="169" halting="17" stopped="0" meanWaitingTime="831.63" meanTravelTime="379.23" meanSpeed="13.21" meanSpeedRelative="0.41" duration="87"/>
    <step time="57900.00" loaded="69903" inserted="65138" running="913" waiting="4765" ended="64225" arrived="64225" collisions="172" teleports="172" halting="12" stopped="0" meanWaitingTime="842.72" meanTravelTime="380.60" meanSpeed="12.85" meanSpeedRelative="0.40" duration="8"/>
    <step time="58200.00" loaded="70453" inserted="65658" running="935" waiting="4795" ended="64723" arrived="64723" collisions="173" teleports="173" halting="32" stopped="0" meanWaitingTime="853.25" meanTravelTime="382.00" meanSpeed="12.77" meanSpeedRelative="0.40" duration="8"/>
    <step time="58500.00" loaded="71025" inserted="66175" running="922" waiting="4850" ended="65253" arrived="65253" collisions="177" teleports="177" halting="13" stopped="0" meanWaitingTime="863.62" meanTravelTime="383.30" meanSpeed="12.85" meanSpeedRelative="0.40" duration="8"/>
    <step time="58800.00" loaded="71578" inserted="66670" running="903" waiting="4908" ended="65767" arrived="65767" collisions="177" teleports="177" halting="12" stopped="0" meanWaitingTime="873.51" meanTravelTime="384.63" meanSpeed="13.02" meanSpeedRelative="0.41" duration="7"/>
    <step time="59100.00" loaded="72130" inserted="67173" running="870" waiting="4957" ended="66303" arrived="66303" collisions="178" teleports="178" halting="8" stopped="0" meanWaitingTime="883.21" meanTravelTime="385.66" meanSpeed="13.85" meanSpeedRelative="0.43" duration="7"/>
    <step time="59400.00" loaded="72674" inserted="67700" running="897" waiting="4974" ended="66803" arrived="66803" collisions="179" teleports="179" halting="6" stopped="0" meanWaitingTime="893.20" meanTravelTime="386.51" meanSpeed="13.44" meanSpeedRelative="0.42" duration="6"/>
    <step time="59700.00" loaded="73229" inserted="68230" running="935" waiting="4999" ended="67295" arrived="67295" collisions="184" teleports="184" halting="12" stopped="0" meanWaitingTime="902.86" meanTravelTime="387.36" meanSpeed="12.71" meanSpeedRelative="0.40" duration="6"/>
    <step time="60000.00" loaded="73750" inserted="68745" running="918" waiting="5005" ended="67827" arrived="67827" collisions="186" teleports="186" halting="8" stopped="0" meanWaitingTime="912.88" meanTravelTime="388.48" meanSpeed="13.08" meanSpeedRelative="0.41" duration="9"/>
    <step time="60300.00" loaded="74306" inserted="69251" running="942" waiting="5055" ended="68309" arrived="68309" collisions="187" teleports="187" halting="16" stopped="0" meanWaitingTime="921.79" meanTravelTime="389.56" meanSpeed="13.26" meanSpeedRelative="0.41" duration="6"/>
    <step time="60600.00" loaded="74833" inserted="69743" running="941" waiting="5090" ended="68802" arrived="68802" collisions="190" teleports="190" halting="8" stopped="0" meanWaitingTime="931.02" meanTravelTime="390.57" meanSpeed="13.81" meanSpeedRelative="0.43" duration="8"/>
    <step time="60900.00" loaded="75440" inserted="70258" running="975" waiting="5182" ended="69283" arrived="69283" collisions="193" teleports="193" halting="8" stopped="0" meanWaitingTime="940.45" meanTravelTime="391.68" meanSpeed="13.51" meanSpeedRelative="0.42" duration="8"/>
    <step time="61200.00" loaded="76017" inserted="70757" running="973" waiting="5260" ended="69784" arrived="69784" collisions="193" teleports="193" halting="12" stopped="0" meanWaitingTime="949.74" meanTravelTime="393.08" meanSpeed="12.97" meanSpeedRelative="0.41" duration="89"/>
    <step time="61500.00" loaded="76085" inserted="71112" running="861" waiting="4973" ended="70251" arrived="70251" collisions="197" teleports="197" halting="19" stopped="0" meanWaitingTime="960.46" meanTravelTime="394.76" meanSpeed="12.45" meanSpeedRelative="0.39" duration="8"/>
    <step time="61800.00" loaded="76141" inserted="71437" running="765" waiting="4704" ended="70672" arrived="70672" collisions="199" teleports="199" halting="8" stopped="0" meanWaitingTime="971.65" meanTravelTime="396.22" meanSpeed="13.98" meanSpeedRelative="0.44" duration="7"/>
    <step time="62100.00" loaded="76220" inserted="71743" running="647" waiting="4477" ended="71096" arrived="71096" collisions="200" teleports="200" halting="4" stopped="0" meanWaitingTime="983.92" meanTravelTime="397.64" meanSpeed="15.33" meanSpeedRelative="0.48" duration="5"/>
    <step time="62400.00" loaded="76285" inserted="72057" running="546" waiting="4228" ended="71511" arrived="71511" collisions="202" teleports="202" halting="10" stopped="0" meanWaitingTime="997.21" meanTravelTime="398.73" meanSpeed="16.37" meanSpeedRelative="0.51" duration="4"/>
    <step time="62700.00" loaded="76364" inserted="72375" running="489" waiting="3989" ended="71886" arrived="71886" collisions="204" teleports="204" halting="2" stopped="0" meanWaitingTime="1010.36" meanTravelTime="399.68" meanSpeed="17.55" meanSpeedRelative="0.55" duration="3"/>
    <step time="63000.00" loaded="76448" inserted="72699" running="433" waiting="3749" ended="72266" arrived="72266" collisions="205" teleports="205" halting="3" stopped="0" meanWaitingTime="1023.34" meanTravelTime="399.98" meanSpeed="19.11" meanSpeedRelative="0.60" duration="3"/>
    <step time="63300.00" loaded="76522" inserted="72981" running="365" waiting="3541" ended="72616" arrived="72616" collisions="207" teleports="207" halting="3" stopped="0" meanWaitingTime="1036.19" meanTravelTime="400.17" meanSpeed="19.01" meanSpeedRelative="0.59" duration="3"/>
    <step time="63600.00" loaded="76592" inserted="73247" running="302" waiting="3345" ended="72945" arrived="72945" collisions="208" teleports="208" halting="4" stopped="0" meanWaitingTime="1049.52" meanTravelTime="400.07" meanSpeed="19.87" meanSpeedRelative="0.62" duration="3"/>
    <step time="63900.00" loaded="76664" inserted="73507" running="292" waiting="3157" ended="73215" arrived="73215" collisions="208" teleports="208" halting="2" stopped="0" meanWaitingTime="1062.25" meanTravelTime="399.98" meanSpeed="21.13" meanSpeedRelative="0.66" duration="3"/>
    <step time="64200.00" loaded="76749" inserted="73785" running="259" waiting="2964" ended="73526" arrived="73526" collisions="210" teleports="210" halting="2" stopped="0" meanWaitingTime="1075.63" meanTravelTime="399.65" meanSpeed="22.10" meanSpeedRelative="0.69" duration="2"/>
    <step time="64500.00" loaded="76821" inserted="74053" running="259" waiting="2768" ended="73794" arrived="73794" collisions="210" teleports="210" halting="4" stopped="0" meanWaitingTime="1088.06" meanTravelTime="399.26" meanSpeed="21.88" meanSpeedRelative="0.68" duration="2"/>
    <step time="64800.00" loaded="76888" inserted="74306" running="260" waiting="2582" ended="74046" arrived="74046" collisions="210" teleports="210" halting="7" stopped="0" meanWaitingTime="1098.50" meanTravelTime="398.88" meanSpeed="20.95" meanSpeedRelative="0.65" duration="92"/>
    <step time="65100.00" loaded="76931" inserted="74464" running="209" waiting="2467" ended="74255" arrived="74255" collisions="210" teleports="210" halting="2" stopped="0" meanWaitingTime="1106.52" meanTravelTime="398.71" meanSpeed="21.10" meanSpeedRelative="0.66" duration="2"/>
    <step time="65400.00" loaded="76982" inserted="74613" running="184" waiting="2369" ended="74429" arrived="74429" collisions="210" teleports="210" halting="3" stopped="0" meanWaitingTime="1114.51" meanTravelTime="398.75" meanSpeed="20.71" meanSpeedRelative="0.65" duration="2"/>
    <step time="65700.00" loaded="77041" inserted="74761" running="175" waiting="2280" ended="74586" arrived="74586" collisions="210" teleports="210" halting="7" stopped="0" meanWaitingTime="1120.25" meanTravelTime="398.74" meanSpeed="20.39" meanSpeedRelative="0.64" duration="2"/>
    <step time="66000.00" loaded="77089" inserted="74892" running="143" waiting="2197" ended="74749" arrived="74749" collisions="210" teleports="210" halting="6" stopped="0" meanWaitingTime="1125.48" meanTravelTime="398.64" meanSpeed="19.82" meanSpeedRelative="0.62" duration="1"/>
    <step time="66300.00" loaded="77140" inserted="74975" running="76" waiting="2165" ended="74899" arrived="74899" collisions="210" teleports="210" halting="1" stopped="0" meanWaitingTime="1130.96" meanTravelTime="398.52" meanSpeed="18.82" meanSpeedRelative="0.59" duration="1"/>
    <step time="66600.00" loaded="77196" inserted="75068" running="84" waiting="2128" ended="74984" arrived="74984" collisions="210" teleports="210" halting="5" stopped="0" meanWaitingTime="1136.80" meanTravelTime="398.38" meanSpeed="18.80" meanSpeedRelative="0.59" duration="1"/>
    <step time="66900.00" loaded="77255" inserted="75162" running="88" waiting="2093" ended="75074" arrived="75074" collisions="210" teleports="210" halting="8" stopped="0" meanWaitingTime="1142.43" meanTravelTime="398.22" meanSpeed="17.98" meanSpeedRelative="0.56" duration="1"/>
    <step time="67200.00" loaded="77324" inserted="75260" running="88" waiting="2064" ended="75172" arrived="75172" collisions="210" teleports="210" halting="3" stopped="0" meanWaitingTime="1148.07" meanTravelTime="398.06" meanSpeed="18.64" meanSpeedRelative="0.58" duration="0"/>
    <step time="67500.00" loaded="77374" inserted="75342" running="81" waiting="2032" ended="75261" arrived="75261" collisions="210" teleports="210" halting="2" stopped="0" meanWaitingTime="1153.51" meanTravelTime="397.93" meanSpeed="18.56" meanSpeedRelative="0.58" duration="0"/>
    <step time="67800.00" loaded="77430" inserted="75433" running="91" waiting="1997" ended="75342" arrived="75342" collisions="210" teleports="210" halting="4" stopped="0" meanWaitingTime="1158.90" meanTravelTime="397.82" meanSpeed="20.06" meanSpeedRelative="0.63" duration="0"/>
    <step time="68100.00" loaded="77469" inserted="75513" running="75" waiting="1956" ended="75438" arrived="75438" collisions="210" teleports="210" halting="11" stopped="0" meanWaitingTime="1165.28" meanTravelTime="397.67" meanSpeed="17.61" meanSpeedRelative="0.55" duration="0"/>
    <step time="68400.00" loaded="77531" inserted="75607" running="92" waiting="1924" ended="75515" arrived="75515" collisions="210" teleports="210" halting="1" stopped="0" meanWaitingTime="1170.86" meanTravelTime="397.53" meanSpeed="20.29" meanSpeedRelative="0.63" duration="90"/>
    <step time="68700.00" loaded="77685" inserted="75777" running="148" waiting="1908" ended="75629" arrived="75629" collisions="211" teleports="211" halting="3" stopped="0" meanWaitingTime="1176.10" meanTravelTime="397.31" meanSpeed="22.12" meanSpeedRelative="0.69" duration="1"/>
    <step time="69000.00" loaded="77831" inserted="75953" running="157" waiting="1878" ended="75796" arrived="75796" collisions="211" teleports="211" halting="6" stopped="0" meanWaitingTime="1182.23" meanTravelTime="396.98" meanSpeed="22.71" meanSpeedRelative="0.71" duration="1"/>
    <step time="69300.00" loaded="77986" inserted="76138" running="155" waiting="1848" ended="75983" arrived="75983" collisions="211" teleports="211" halting="3" stopped="0" meanWaitingTime="1187.82" meanTravelTime="396.64" meanSpeed="22.10" meanSpeedRelative="0.69" duration="1"/>
    <step time="69600.00" loaded="78134" inserted="76320" running="165" waiting="1814" ended="76155" arrived="76155" collisions="211" teleports="211" halting="5" stopped="0" meanWaitingTime="1194.14" meanTravelTime="396.34" meanSpeed="21.68" meanSpeedRelative="0.68" duration="1"/>
    <step time="69900.00" loaded="78295" inserted="76496" running="169" waiting="1799" ended="76327" arrived="76327" collisions="211" teleports="211" halting="2" stopped="0" meanWaitingTime="1199.17" meanTravelTime="396.10" meanSpeed="21.54" meanSpeedRelative="0.67" duration="1"/>
    <step time="70200.00" loaded="78453" inserted="76683" running="167" waiting="1770" ended="76516" arrived="76516" collisions="211" teleports="211" halting="7" stopped="0" meanWaitingTime="1205.07" meanTravelTime="395.75" meanSpeed="22.11" meanSpeedRelative="0.69" duration="1"/>
    <step time="70500.00" loaded="78586" inserted="76837" running="155" waiting="1749" ended="76682" arrived="76682" collisions="212" teleports="212" halting="2" stopped="0" meanWaitingTime="1211.26" meanTravelTime="395.56" meanSpeed="22.03" meanSpeedRelative="0.69" duration="1"/>
    <step time="70800.00" loaded="78733" inserted="77016" running="153" waiting="1717" ended="76863" arrived="76863" collisions="212" teleports="212" halting="6" stopped="0" meanWaitingTime="1218.48" meanTravelTime="395.25" meanSpeed="21.41" meanSpeedRelative="0.67" duration="2"/>
    <step time="71100.00" loaded="78879" inserted="77190" running="154" waiting="1689" ended="77036" arrived="77036" collisions="212" teleports="212" halting="5" stopped="0" meanWaitingTime="1224.13" meanTravelTime="394.95" meanSpeed="22.11" meanSpeedRelative="0.69" duration="1"/>
    <step time="71400.00" loaded="79043" inserted="77378" running="162" waiting="1665" ended="77216" arrived="77216" collisions="212" teleports="212" halting="4" stopped="0" meanWaitingTime="1230.88" meanTravelTime="394.62" meanSpeed="21.50" meanSpeedRelative="0.67" duration="1"/>
    <step time="71700.00" loaded="79202" inserted="77571" running="163" waiting="1631" ended="77408" arrived="77408" collisions="212" teleports="212" halting="2" stopped="0" meanWaitingTime="1237.32" meanTravelTime="394.28" meanSpeed="22.84" meanSpeedRelative="0.71" duration="1"/>
    <step time="72000.00" loaded="79360" inserted="77760" running="163" waiting="1600" ended="77597" arrived="77597" collisions="212" teleports="212" halting="7" stopped="0" meanWaitingTime="1243.00" meanTravelTime="393.94" meanSpeed="22.48" meanSpeedRelative="0.70" duration="83"/>
    <step time="72300.00" loaded="79496" inserted="77920" running="149" waiting="1576" ended="77771" arrived="77771" collisions="212" teleports="212" halting="6" stopped="0" meanWaitingTime="1248.26" meanTravelTime="393.68" meanSpeed="21.80" meanSpeedRelative="0.68" duration="1"/>
    <step time="72600.00" loaded="79618" inserted="78081" running="148" waiting="1537" ended="77933" arrived="77933" collisions="212" teleports="212" halting="3" stopped="0" meanWaitingTime="1252.48" meanTravelTime="393.45" meanSpeed="22.65" meanSpeedRelative="0.71" duration="1"/>
    <step time="72900.00" loaded="79740" inserted="78243" running="137" waiting="1497" ended="78106" arrived="78106" collisions="212" teleports="212" halting="3" stopped="0" meanWaitingTime="1256.68" meanTravelTime="393.15" meanSpeed="20.91" meanSpeedRelative="0.65" duration="1"/>
    <step time="73200.00" loaded="79892" inserted="78423" running="161" waiting="1469" ended="78262" arrived="78262" collisions="212" teleports="212" halting="6" stopped="0" meanWaitingTime="1260.48" meanTravelTime="392.90" meanSpeed="21.20" meanSpeedRelative="0.66" duration="1"/>
    <step time="73500.00" loaded="80046" inserted="78604" running="166" waiting="1442" ended="78438" arrived="78438" collisions="212" teleports="212" halting="4" stopped="0" meanWaitingTime="1264.13" meanTravelTime="392.61" meanSpeed="21.92" meanSpeedRelative="0.68" duration="1"/>
    <step time="73800.00" loaded="80163" inserted="78748" running="152" waiting="1415" ended="78596" arrived="78596" collisions="212" teleports="212" halting="4" stopped="0" meanWaitingTime="1267.71" meanTravelTime="392.41" meanSpeed="22.33" meanSpeedRelative="0.70" duration="1"/>
    <step time="74100.00" loaded="80298" inserted="78912" running="150" waiting="1386" ended="78762" arrived="78762" collisions="212" teleports="212" halting="7" stopped="0" meanWaitingTime="1271.07" meanTravelTime="392.23" meanSpeed="22.44" meanSpeedRelative="0.70" duration="1"/>
    <step time="74400.00" loaded="80426" inserted="79072" running="150" waiting="1354" ended="78922" arrived="78922" collisions="212" teleports="212" halting="7" stopped="0" meanWaitingTime="1274.51" meanTravelTime="392.01" meanSpeed="21.84" meanSpeedRelative="0.68" duration="1"/>
    <step time="74700.00" loaded="80553" inserted="79236" running="154" waiting="1317" ended="79082" arrived="79082" collisions="212" teleports="212" halting="6" stopped="0" meanWaitingTime="1278.09" meanTravelTime="391.76" meanSpeed="22.53" meanSpeedRelative="0.70" duration="1"/>
    <step time="75000.00" loaded="80685" inserted="79398" running="155" waiting="1287" ended="79243" arrived="79243" collisions="212" teleports="212" halting="8" stopped="0" meanWaitingTime="1281.17" meanTravelTime="391.51" meanSpeed="22.39" meanSpeedRelative="0.70" duration="2"/>
    <step time="75300.00" loaded="80820" inserted="79558" running="154" waiting="1262" ended="79404" arrived="79404" collisions="212" teleports="212" halting="5" stopped="0" meanWaitingTime="1284.64" meanTravelTime="391.31" meanSpeed="21.52" meanSpeedRelative="0.67" duration="1"/>
    <step time="75600.00" loaded="80960" inserted="79726" running="160" waiting="1234" ended="79566" arrived="79566" collisions="213" teleports="213" halting="5" stopped="0" meanWaitingTime="1287.37" meanTravelTime="391.07" meanSpeed="22.32" meanSpeedRelative="0.70" duration="83"/>
    <step time="75900.00" loaded="81199" inserted="79982" running="230" waiting="1217" ended="79752" arrived="79752" collisions="213" teleports="213" halting="5" stopped="0" meanWaitingTime="1288.48" meanTravelTime="390.81" meanSpeed="22.14" meanSpeedRelative="0.69" duration="1"/>
    <step time="76200.00" loaded="81410" inserted="80226" running="223" waiting="1184" ended="80003" arrived="80003" collisions="213" teleports="213" halting="4" stopped="0" meanWaitingTime="1290.76" meanTravelTime="390.43" meanSpeed="22.98" meanSpeedRelative="0.72" duration="1"/>
    <step time="76500.00" loaded="81604" inserted="80433" running="200" waiting="1171" ended="80233" arrived="80233" collisions="213" teleports="213" halting="5" stopped="0" meanWaitingTime="1292.80" meanTravelTime="390.12" meanSpeed="23.78" meanSpeedRelative="0.74" duration="1"/>
    <step time="76800.00" loaded="81832" inserted="80651" running="218" waiting="1181" ended="80433" arrived="80433" collisions="213" teleports="213" halting="3" stopped="0" meanWaitingTime="1294.96" meanTravelTime="389.94" meanSpeed="23.51" meanSpeedRelative="0.73" duration="2"/>
    <step time="77100.00" loaded="82048" inserted="80868" running="213" waiting="1180" ended="80655" arrived="80655" collisions="214" teleports="214" halting="6" stopped="0" meanWaitingTime="1297.20" meanTravelTime="389.65" meanSpeed="22.64" meanSpeedRelative="0.71" duration="2"/>
    <step time="77400.00" loaded="82264" inserted="81077" running="215" waiting="1187" ended="80862" arrived="80862" collisions="214" teleports="214" halting="4" stopped="0" meanWaitingTime="1299.59" meanTravelTime="389.40" meanSpeed="23.55" meanSpeedRelative="0.74" duration="1"/>
    <step time="77700.00" loaded="82458" inserted="81292" running="209" waiting="1166" ended="81083" arrived="81083" collisions="214" teleports="214" halting="9" stopped="0" meanWaitingTime="1301.95" meanTravelTime="389.14" meanSpeed="23.06" meanSpeedRelative="0.72" duration="2"/>
    <step time="78000.00" loaded="82667" inserted="81507" running="209" waiting="1160" ended="81298" arrived="81298" collisions="214" teleports="214" halting="4" stopped="0" meanWaitingTime="1304.32" meanTravelTime="388.88" meanSpeed="22.82" meanSpeedRelative="0.71" duration="2"/>
    <step time="78300.00" loaded="82858" inserted="81690" running="197" waiting="1168" ended="81493" arrived="81493" collisions="214" teleports="214" halting="6" stopped="0" meanWaitingTime="1306.95" meanTravelTime="388.73" meanSpeed="23.12" meanSpeedRelative="0.72" duration="1"/>
    <step time="78600.00" loaded="83077" inserted="81910" running="216" waiting="1167" ended="81694" arrived="81694" collisions="214" teleports="214" halting="8" stopped="0" meanWaitingTime="1308.78" meanTravelTime="388.48" meanSpeed="23.00" meanSpeedRelative="0.72" duration="2"/>
    <step time="78900.00" loaded="83274" inserted="82114" running="204" waiting="1160" ended="81910" arrived="81910" collisions="214" teleports="214" halting="5" stopped="0" meanWaitingTime="1311.73" meanTravelTime="388.33" meanSpeed="23.00" meanSpeedRelative="0.72" duration="2"/>
    <step time="79200.00" loaded="83470" inserted="82317" running="208" waiting="1153" ended="82109" arrived="82109" collisions="214" teleports="214" halting="1" stopped="0" meanWaitingTime="1314.22" meanTravelTime="388.11" meanSpeed="22.72" meanSpeedRelative="0.71" duration="82"/>
    <step time="79500.00" loaded="83648" inserted="82505" running="182" waiting="1143" ended="82323" arrived="82323" collisions="214" teleports="214" halting="3" stopped="0" meanWaitingTime="1316.96" meanTravelTime="387.86" meanSpeed="23.54" meanSpeedRelative="0.74" duration="1"/>
    <step time="79800.00" loaded="83816" inserted="82685" running="171" waiting="1131" ended="82514" arrived="82514" collisions="215" teleports="215" halting="9" stopped="0" meanWaitingTime="1319.84" meanTravelTime="387.64" meanSpeed="22.42" meanSpeedRelative="0.70" duration="1"/>
    <step time="80100.00" loaded="83997" inserted="82870" running="191" waiting="1127" ended="82679" arrived="82679" collisions="216" teleports="216" halting="0" stopped="0" meanWaitingTime="1322.64" meanTravelTime="387.48" meanSpeed="23.68" meanSpeedRelative="0.74" duration="2"/>
    <step time="80400.00" loaded="84163" inserted="83055" running="180" waiting="1108" ended="82875" arrived="82875" collisions="216" teleports="216" halting="5" stopped="0" meanWaitingTime="1325.79" meanTravelTime="387.23" meanSpeed="23.15" meanSpeedRelative="0.72" duration="1"/>
    <step time="80700.00" loaded="84342" inserted="83240" running="176" waiting="1102" ended="83064" arrived="83064" collisions="216" teleports="216" halting="4" stopped="0" meanWaitingTime="1329.76" meanTravelTime="387.09" meanSpeed="22.71" meanSpeedRelative="0.71" duration="1"/>
    <step time="81000.00" loaded="84514" inserted="83414" running="177" waiting="1100" ended="83237" arrived="83237" collisions="216" teleports="216" halting="2" stopped="0" meanWaitingTime="1332.51" meanTravelTime="386.92" meanSpeed="22.66" meanSpeedRelative="0.71" duration="1"/>
    <step time="81300.00" loaded="84671" inserted="83587" running="166" waiting="1084" ended="83421" arrived="83421" collisions="216" teleports="216" halting="5" stopped="0" meanWaitingTime="1336.47" meanTravelTime="386.73" meanSpeed="22.64" meanSpeedRelative="0.71" duration="1"/>
    <step time="81600.00" loaded="84845" inserted="83767" running="157" waiting="1078" ended="83610" arrived="83610" collisions="217" teleports="217" halting="6" stopped="0" meanWaitingTime="1339.46" meanTravelTime="386.47" meanSpeed="22.25" meanSpeedRelative="0.70" duration="1"/>
    <step time="81900.00" loaded="85032" inserted="83947" running="158" waiting="1085" ended="83789" arrived="83789" collisions="217" teleports="217" halting="6" stopped="0" meanWaitingTime="1343.30" meanTravelTime="386.25" meanSpeed="22.31" meanSpeedRelative="0.70" duration="1"/>
    <step time="82200.00" loaded="85230" inserted="84142" running="187" waiting="1088" ended="83955" arrived="83955" collisions="217" teleports="217" halting="8" stopped="0" meanWaitingTime="1346.63" meanTravelTime="386.02" meanSpeed="23.37" meanSpeedRelative="0.73" duration="1"/>
    <step time="82500.00" loaded="85415" inserted="84323" running="179" waiting="1092" ended="84144" arrived="84144" collisions="217" teleports="217" halting="3" stopped="0" meanWaitingTime="1349.64" meanTravelTime="385.78" meanSpeed="23.21" meanSpeedRelative="0.73" duration="1"/>
</summary>
