<?xml version="1.0" encoding="UTF-8"?>

<!-- generated on 2025-08-07 21:59:06 by Eclipse SUMO sumo Version 1.23.1
<sumoConfiguration xmlns:xsi="http://www.w3.org/2001/XMLSchema-instance" xsi:noNamespaceSchemaLocation="http://sumo.dlr.de/xsd/sumoConfiguration.xsd">

    <input>
        <net-file value="Desktop\Master Thesis\Network_fin.net.xml"/>
        <route-files value="Desktop\Master Thesis\demand_model_amsterdam.rou.xml"/>
        <additional-files value="Desktop\Master Thesis\Additionnal.add.xml"/>
    </input>

    <output>
        <summary-output value="outputf/summary_coor_alinea_1neigh_method2_K80_target5_56618.xml"/>
        <summary-output.period value="300"/>
        <tripinfo-output value="outputf/tripinfo_coor_alinea_1neigh_method2_K80_target5_56618.xml"/>
    </output>

    <time>
        <begin value="0"/>
        <end value="82800"/>
        <step-length value="1"/>
    </time>

    <processing>
        <time-to-teleport value="-1"/>
    </processing>

    <report>
        <verbose value="true"/>
        <no-step-log value="true"/>
    </report>

    <emissions>
        <device.emissions.period value="10"/>
    </emissions>

    <traci_server>
        <remote-port value="65240"/>
    </traci_server>

    <random_number>
        <seed value="56618"/>
    </random_number>

</sumoConfiguration>
-->

<summary xmlns:xsi="http://www.w3.org/2001/XMLSchema-instance" xsi:noNamespaceSchemaLocation="http://sumo.dlr.de/xsd/summary_file.xsd">
    <step time="0.00" loaded="0" inserted="0" running="0" waiting="0" ended="0" arrived="0" collisions="0" teleports="0" halting="0" stopped="0" meanWaitingTime="-1.00" meanTravelTime="-1.00" meanSpeed="-1.00" meanSpeedRelative="-1.00" duration="1"/>
    <step time="300.00" loaded="174" inserted="174" running="105" waiting="0" ended="69" arrived="69" collisions="0" teleports="0" halting="1" stopped="0" meanWaitingTime="0.36" meanTravelTime="97.19" meanSpeed="26.25" meanSpeedRelative="0.82" duration="0"/>
    <step time="600.00" loaded="365" inserted="364" running="134" waiting="1" ended="230" arrived="230" collisions="0" teleports="0" halting="0" stopped="0" meanWaitingTime="0.50" meanTravelTime="151.33" meanSpeed="24.35" meanSpeedRelative="0.76" duration="2"/>
    <step time="900.00" loaded="541" inserted="541" running="149" waiting="0" ended="392" arrived="392" collisions="0" teleports="0" halting="1" stopped="0" meanWaitingTime="0.43" meanTravelTime="185.07" meanSpeed="25.61" meanSpeedRelative="0.80" duration="1"/>
    <step time="1200.00" loaded="715" inserted="715" running="146" waiting="0" ended="569" arrived="569" collisions="0" teleports="0" halting="0" stopped="0" meanWaitingTime="0.43" meanTravelTime="206.73" meanSpeed="25.52" meanSpeedRelative="0.80" duration="2"/>
    <step time="1500.00" loaded="889" inserted="889" running="141" waiting="0" ended="748" arrived="748" collisions="0" teleports="0" halting="0" stopped="0" meanWaitingTime="0.44" meanTravelTime="215.64" meanSpeed="25.48" meanSpeedRelative="0.80" duration="1"/>
    <step time="1800.00" loaded="1072" inserted="1071" running="154" waiting="1" ended="917" arrived="917" collisions="0" teleports="0" halting="2" stopped="0" meanWaitingTime="0.42" meanTravelTime="222.46" meanSpeed="25.94" meanSpeedRelative="0.81" duration="1"/>
    <step time="2100.00" loaded="1257" inserted="1257" running="170" waiting="0" ended="1087" arrived="1087" collisions="0" teleports="0" halting="0" stopped="0" meanWaitingTime="0.42" meanTravelTime="224.61" meanSpeed="24.71" meanSpeedRelative="0.77" duration="1"/>
    <step time="2400.00" loaded="1446" inserted="1446" running="175" waiting="0" ended="1271" arrived="1271" collisions="1" teleports="1" halting="2" stopped="0" meanWaitingTime="0.42" meanTravelTime="230.43" meanSpeed="25.33" meanSpeedRelative="0.79" duration="1"/>
    <step time="2700.00" loaded="1617" inserted="1616" running="159" waiting="1" ended="1457" arrived="1457" collisions="1" teleports="1" halting="1" stopped="0" meanWaitingTime="0.44" meanTravelTime="234.98" meanSpeed="25.30" meanSpeedRelative="0.79" duration="1"/>
    <step time="3000.00" loaded="1787" inserted="1787" running="138" waiting="0" ended="1649" arrived="1649" collisions="1" teleports="1" halting="2" stopped="0" meanWaitingTime="0.42" meanTravelTime="239.64" meanSpeed="25.43" meanSpeedRelative="0.79" duration="1"/>
    <step time="3300.00" loaded="1952" inserted="1950" running="160" waiting="2" ended="1790" arrived="1790" collisions="2" teleports="2" halting="1" stopped="0" meanWaitingTime="0.42" meanTravelTime="239.56" meanSpeed="24.98" meanSpeedRelative="0.78" duration="1"/>
    <step time="3600.00" loaded="2145" inserted="2145" running="172" waiting="0" ended="1973" arrived="1973" collisions="2" teleports="2" halting="1" stopped="0" meanWaitingTime="0.41" meanTravelTime="243.95" meanSpeed="25.71" meanSpeedRelative="0.80" duration="85"/>
    <step time="3900.00" loaded="2262" inserted="2262" running="110" waiting="0" ended="2152" arrived="2152" collisions="2" teleports="2" halting="1" stopped="0" meanWaitingTime="0.42" meanTravelTime="248.97" meanSpeed="24.48" meanSpeedRelative="0.77" duration="0"/>
    <step time="4200.00" loaded="2367" inserted="2362" running="100" waiting="5" ended="2262" arrived="2262" collisions="2" teleports="2" halting="2" stopped="0" meanWaitingTime="0.89" meanTravelTime="251.77" meanSpeed="25.03" meanSpeedRelative="0.78" duration="0"/>
    <step time="4500.00" loaded="2479" inserted="2479" running="94" waiting="0" ended="2385" arrived="2385" collisions="2" teleports="2" halting="2" stopped="0" meanWaitingTime="1.06" meanTravelTime="252.14" meanSpeed="24.42" meanSpeedRelative="0.76" duration="1"/>
    <step time="4800.00" loaded="2576" inserted="2575" running="87" waiting="1" ended="2488" arrived="2488" collisions="3" teleports="3" halting="1" stopped="0" meanWaitingTime="1.05" meanTravelTime="252.84" meanSpeed="24.12" meanSpeedRelative="0.75" duration="1"/>
    <step time="5100.00" loaded="2689" inserted="2682" running="91" waiting="7" ended="2591" arrived="2591" collisions="3" teleports="3" halting="0" stopped="0" meanWaitingTime="1.44" meanTravelTime="253.12" meanSpeed="24.14" meanSpeedRelative="0.75" duration="1"/>
    <step time="5400.00" loaded="2789" inserted="2785" running="90" waiting="4" ended="2695" arrived="2695" collisions="3" teleports="3" halting="1" stopped="0" meanWaitingTime="2.03" meanTravelTime="254.01" meanSpeed="25.08" meanSpeedRelative="0.78" duration="1"/>
    <step time="5700.00" loaded="2898" inserted="2898" running="98" waiting="0" ended="2800" arrived="2800" collisions="3" teleports="3" halting="1" stopped="0" meanWaitingTime="2.07" meanTravelTime="253.54" meanSpeed="26.09" meanSpeedRelative="0.82" duration="0"/>
    <step time="6000.00" loaded="2981" inserted="2981" running="73" waiting="0" ended="2908" arrived="2908" collisions="3" teleports="3" halting="0" stopped="0" meanWaitingTime="2.02" meanTravelTime="253.93" meanSpeed="26.67" meanSpeedRelative="0.83" duration="1"/>
    <step time="6300.00" loaded="3098" inserted="3098" running="85" waiting="0" ended="3013" arrived="3013" collisions="3" teleports="3" halting="1" stopped="0" meanWaitingTime="1.95" meanTravelTime="253.98" meanSpeed="25.81" meanSpeedRelative="0.81" duration="1"/>
    <step time="6600.00" loaded="3225" inserted="3225" running="107" waiting="0" ended="3118" arrived="3118" collisions="3" teleports="3" halting="0" stopped="0" meanWaitingTime="1.90" meanTravelTime="253.39" meanSpeed="24.67" meanSpeedRelative="0.77" duration="0"/>
    <step time="6900.00" loaded="3322" inserted="3322" running="98" waiting="0" ended="3224" arrived="3224" collisions="3" teleports="3" halting="0" stopped="0" meanWaitingTime="1.85" meanTravelTime="254.15" meanSpeed="25.95" meanSpeedRelative="0.81" duration="0"/>
    <step time="7200.00" loaded="3433" inserted="3433" running="82" waiting="0" ended="3351" arrived="3351" collisions="3" teleports="3" halting="1" stopped="0" meanWaitingTime="1.79" meanTravelTime="254.55" meanSpeed="24.48" meanSpeedRelative="0.77" duration="85"/>
    <step time="7500.00" loaded="3588" inserted="3585" running="109" waiting="3" ended="3476" arrived="3476" collisions="3" teleports="3" halting="2" stopped="0" meanWaitingTime="1.75" meanTravelTime="253.40" meanSpeed="24.17" meanSpeedRelative="0.76" duration="1"/>
    <step time="7800.00" loaded="3725" inserted="3725" running="121" waiting="0" ended="3604" arrived="3604" collisions="3" teleports="3" halting="2" stopped="0" meanWaitingTime="1.83" meanTravelTime="252.83" meanSpeed="23.16" meanSpeedRelative="0.72" duration="1"/>
    <step time="8100.00" loaded="3890" inserted="3886" running="141" waiting="4" ended="3745" arrived="3745" collisions="3" teleports="3" halting="0" stopped="0" meanWaitingTime="1.91" meanTravelTime="252.56" meanSpeed="24.23" meanSpeedRelative="0.76" duration="1"/>
    <step time="8400.00" loaded="4039" inserted="4028" running="141" waiting="11" ended="3887" arrived="3887" collisions="4" teleports="4" halting="1" stopped="0" meanWaitingTime="2.33" meanTravelTime="253.31" meanSpeed="24.88" meanSpeedRelative="0.78" duration="1"/>
    <step time="8700.00" loaded="4186" inserted="4175" running="127" waiting="11" ended="4048" arrived="4048" collisions="4" teleports="4" halting="2" stopped="0" meanWaitingTime="3.06" meanTravelTime="254.18" meanSpeed="24.90" meanSpeedRelative="0.78" duration="1"/>
    <step time="9000.00" loaded="4339" inserted="4338" running="140" waiting="1" ended="4198" arrived="4198" collisions="4" teleports="4" halting="2" stopped="0" meanWaitingTime="3.79" meanTravelTime="254.21" meanSpeed="23.92" meanSpeedRelative="0.75" duration="0"/>
    <step time="9300.00" loaded="4499" inserted="4484" running="138" waiting="15" ended="4346" arrived="4346" collisions="5" teleports="5" halting="1" stopped="0" meanWaitingTime="4.10" meanTravelTime="254.60" meanSpeed="24.34" meanSpeedRelative="0.76" duration="1"/>
    <step time="9600.00" loaded="4644" inserted="4626" running="126" waiting="18" ended="4500" arrived="4500" collisions="5" teleports="5" halting="4" stopped="0" meanWaitingTime="4.83" meanTravelTime="255.98" meanSpeed="24.65" meanSpeedRelative="0.77" duration="0"/>
    <step time="9900.00" loaded="4807" inserted="4776" running="127" waiting="31" ended="4649" arrived="4649" collisions="5" teleports="5" halting="3" stopped="0" meanWaitingTime="5.90" meanTravelTime="255.86" meanSpeed="23.00" meanSpeedRelative="0.72" duration="1"/>
    <step time="10200.00" loaded="4963" inserted="4928" running="138" waiting="35" ended="4790" arrived="4790" collisions="5" teleports="5" halting="0" stopped="0" meanWaitingTime="7.00" meanTravelTime="256.49" meanSpeed="24.32" meanSpeedRelative="0.76" duration="0"/>
    <step time="10500.00" loaded="5119" inserted="5081" running="133" waiting="38" ended="4948" arrived="4948" collisions="5" teleports="5" halting="2" stopped="0" meanWaitingTime="8.83" meanTravelTime="256.40" meanSpeed="24.75" meanSpeedRelative="0.77" duration="1"/>
    <step time="10800.00" loaded="5275" inserted="5243" running="134" waiting="32" ended="5109" arrived="5109" collisions="6" teleports="6" halting="3" stopped="0" meanWaitingTime="10.74" meanTravelTime="257.09" meanSpeed="24.75" meanSpeedRelative="0.77" duration="87"/>
    <step time="11100.00" loaded="5432" inserted="5391" running="124" waiting="41" ended="5267" arrived="5267" collisions="6" teleports="6" halting="1" stopped="0" meanWaitingTime="12.18" meanTravelTime="256.27" meanSpeed="23.19" meanSpeedRelative="0.72" duration="1"/>
    <step time="11400.00" loaded="5578" inserted="5538" running="117" waiting="40" ended="5421" arrived="5421" collisions="7" teleports="7" halting="0" stopped="0" meanWaitingTime="13.64" meanTravelTime="255.76" meanSpeed="24.22" meanSpeedRelative="0.76" duration="1"/>
    <step time="11700.00" loaded="5735" inserted="5687" running="109" waiting="48" ended="5578" arrived="5578" collisions="7" teleports="7" halting="0" stopped="0" meanWaitingTime="15.30" meanTravelTime="255.50" meanSpeed="25.20" meanSpeedRelative="0.79" duration="1"/>
    <step time="12000.00" loaded="5905" inserted="5843" running="115" waiting="62" ended="5728" arrived="5728" collisions="7" teleports="7" halting="3" stopped="0" meanWaitingTime="17.25" meanTravelTime="254.32" meanSpeed="24.29" meanSpeedRelative="0.76" duration="1"/>
    <step time="12300.00" loaded="6058" inserted="5994" running="119" waiting="64" ended="5875" arrived="5875" collisions="7" teleports="7" halting="0" stopped="0" meanWaitingTime="18.98" meanTravelTime="253.15" meanSpeed="24.62" meanSpeedRelative="0.77" duration="1"/>
    <step time="12600.00" loaded="6216" inserted="6142" running="116" waiting="74" ended="6026" arrived="6026" collisions="7" teleports="7" halting="2" stopped="0" meanWaitingTime="21.18" meanTravelTime="253.21" meanSpeed="24.12" meanSpeedRelative="0.75" duration="1"/>
    <step time="12900.00" loaded="6378" inserted="6301" running="133" waiting="77" ended="6168" arrived="6168" collisions="7" teleports="7" halting="1" stopped="0" meanWaitingTime="23.49" meanTravelTime="253.02" meanSpeed="24.41" meanSpeedRelative="0.76" duration="1"/>
    <step time="13200.00" loaded="6546" inserted="6463" running="134" waiting="83" ended="6329" arrived="6329" collisions="7" teleports="7" halting="3" stopped="0" meanWaitingTime="26.06" meanTravelTime="253.10" meanSpeed="25.08" meanSpeedRelative="0.78" duration="1"/>
    <step time="13500.00" loaded="6695" inserted="6608" running="112" waiting="87" ended="6496" arrived="6496" collisions="7" teleports="7" halting="1" stopped="0" meanWaitingTime="29.20" meanTravelTime="252.72" meanSpeed="25.08" meanSpeedRelative="0.78" duration="1"/>
    <step time="13800.00" loaded="6864" inserted="6776" running="143" waiting="88" ended="6633" arrived="6633" collisions="7" teleports="7" halting="3" stopped="0" meanWaitingTime="31.71" meanTravelTime="252.63" meanSpeed="24.06" meanSpeedRelative="0.75" duration="1"/>
    <step time="14100.00" loaded="7008" inserted="6902" running="117" waiting="106" ended="6785" arrived="6785" collisions="7" teleports="7" halting="1" stopped="0" meanWaitingTime="34.17" meanTravelTime="252.60" meanSpeed="23.15" meanSpeedRelative="0.72" duration="1"/>
    <step time="14400.00" loaded="7158" inserted="7050" running="122" waiting="108" ended="6928" arrived="6928" collisions="7" teleports="7" halting="1" stopped="0" meanWaitingTime="37.17" meanTravelTime="252.98" meanSpeed="24.72" meanSpeedRelative="0.77" duration="86"/>
    <step time="14700.00" loaded="7259" inserted="7152" running="94" waiting="107" ended="7058" arrived="7058" collisions="7" teleports="7" halting="3" stopped="0" meanWaitingTime="39.93" meanTravelTime="252.88" meanSpeed="24.16" meanSpeedRelative="0.76" duration="1"/>
    <step time="15000.00" loaded="7343" inserted="7243" running="77" waiting="100" ended="7166" arrived="7166" collisions="7" teleports="7" halting="5" stopped="0" meanWaitingTime="42.89" meanTravelTime="253.56" meanSpeed="23.60" meanSpeedRelative="0.74" duration="1"/>
    <step time="15300.00" loaded="7445" inserted="7340" running="72" waiting="105" ended="7268" arrived="7268" collisions="7" teleports="7" halting="1" stopped="0" meanWaitingTime="46.24" meanTravelTime="253.92" meanSpeed="22.52" meanSpeedRelative="0.70" duration="1"/>
    <step time="15600.00" loaded="7550" inserted="7448" running="89" waiting="102" ended="7359" arrived="7359" collisions="7" teleports="7" halting="1" stopped="0" meanWaitingTime="49.63" meanTravelTime="253.45" meanSpeed="24.78" meanSpeedRelative="0.77" duration="1"/>
    <step time="15900.00" loaded="7640" inserted="7543" running="67" waiting="97" ended="7476" arrived="7476" collisions="7" teleports="7" halting="5" stopped="0" meanWaitingTime="53.47" meanTravelTime="253.04" meanSpeed="24.51" meanSpeedRelative="0.77" duration="0"/>
    <step time="16200.00" loaded="7752" inserted="7657" running="83" waiting="95" ended="7574" arrived="7574" collisions="7" teleports="7" halting="0" stopped="0" meanWaitingTime="56.65" meanTravelTime="252.68" meanSpeed="26.17" meanSpeedRelative="0.82" duration="1"/>
    <step time="16500.00" loaded="7852" inserted="7764" running="75" waiting="88" ended="7689" arrived="7689" collisions="7" teleports="7" halting="0" stopped="0" meanWaitingTime="60.23" meanTravelTime="252.19" meanSpeed="25.69" meanSpeedRelative="0.80" duration="0"/>
    <step time="16800.00" loaded="7946" inserted="7862" running="73" waiting="84" ended="7789" arrived="7789" collisions="7" teleports="7" halting="3" stopped="0" meanWaitingTime="63.76" meanTravelTime="251.88" meanSpeed="24.54" meanSpeedRelative="0.77" duration="1"/>
    <step time="17100.00" loaded="8037" inserted="7953" running="78" waiting="84" ended="7875" arrived="7875" collisions="7" teleports="7" halting="4" stopped="0" meanWaitingTime="66.20" meanTravelTime="251.43" meanSpeed="24.79" meanSpeedRelative="0.77" duration="0"/>
    <step time="17400.00" loaded="8143" inserted="8061" running="80" waiting="82" ended="7981" arrived="7981" collisions="7" teleports="7" halting="5" stopped="0" meanWaitingTime="68.94" meanTravelTime="251.06" meanSpeed="24.02" meanSpeedRelative="0.75" duration="0"/>
    <step time="17700.00" loaded="8246" inserted="8169" running="90" waiting="77" ended="8079" arrived="8079" collisions="7" teleports="7" halting="1" stopped="0" meanWaitingTime="71.14" meanTravelTime="250.82" meanSpeed="23.87" meanSpeedRelative="0.75" duration="1"/>
    <step time="18000.00" loaded="8349" inserted="8272" running="71" waiting="77" ended="8201" arrived="8201" collisions="7" teleports="7" halting="0" stopped="0" meanWaitingTime="73.29" meanTravelTime="250.70" meanSpeed="24.86" meanSpeedRelative="0.78" duration="79"/>
    <step time="18300.00" loaded="8554" inserted="8459" running="134" waiting="95" ended="8325" arrived="8325" collisions="7" teleports="7" halting="1" stopped="0" meanWaitingTime="74.99" meanTravelTime="249.97" meanSpeed="24.65" meanSpeedRelative="0.77" duration="1"/>
    <step time="18600.00" loaded="8754" inserted="8637" running="151" waiting="117" ended="8486" arrived="8486" collisions="7" teleports="7" halting="1" stopped="0" meanWaitingTime="75.97" meanTravelTime="249.15" meanSpeed="24.73" meanSpeedRelative="0.77" duration="1"/>
    <step time="18900.00" loaded="8935" inserted="8810" running="150" waiting="125" ended="8660" arrived="8660" collisions="8" teleports="8" halting="7" stopped="0" meanWaitingTime="77.77" meanTravelTime="249.10" meanSpeed="22.09" meanSpeedRelative="0.69" duration="1"/>
    <step time="19200.00" loaded="9113" inserted="8982" running="147" waiting="131" ended="8835" arrived="8835" collisions="8" teleports="8" halting="0" stopped="0" meanWaitingTime="79.13" meanTravelTime="249.33" meanSpeed="24.00" meanSpeedRelative="0.75" duration="1"/>
    <step time="19500.00" loaded="9297" inserted="9149" running="146" waiting="148" ended="9003" arrived="9003" collisions="8" teleports="8" halting="0" stopped="0" meanWaitingTime="80.56" meanTravelTime="249.49" meanSpeed="24.44" meanSpeedRelative="0.76" duration="1"/>
    <step time="19800.00" loaded="9498" inserted="9345" running="138" waiting="153" ended="9207" arrived="9207" collisions="8" teleports="8" halting="4" stopped="0" meanWaitingTime="83.14" meanTravelTime="249.77" meanSpeed="24.33" meanSpeedRelative="0.76" duration="1"/>
    <step time="20100.00" loaded="9687" inserted="9521" running="141" waiting="166" ended="9380" arrived="9380" collisions="8" teleports="8" halting="0" stopped="0" meanWaitingTime="85.08" meanTravelTime="249.31" meanSpeed="24.86" meanSpeedRelative="0.78" duration="1"/>
    <step time="20400.00" loaded="9881" inserted="9700" running="147" waiting="181" ended="9553" arrived="9553" collisions="8" teleports="8" halting="1" stopped="0" meanWaitingTime="87.31" meanTravelTime="249.16" meanSpeed="23.88" meanSpeedRelative="0.75" duration="1"/>
    <step time="20700.00" loaded="10075" inserted="9895" running="145" waiting="180" ended="9750" arrived="9750" collisions="8" teleports="8" halting="4" stopped="0" meanWaitingTime="90.35" meanTravelTime="248.63" meanSpeed="24.24" meanSpeedRelative="0.76" duration="0"/>
    <step time="21000.00" loaded="10266" inserted="10066" running="151" waiting="200" ended="9915" arrived="9915" collisions="8" teleports="8" halting="1" stopped="0" meanWaitingTime="92.77" meanTravelTime="248.46" meanSpeed="24.80" meanSpeedRelative="0.77" duration="1"/>
    <step time="21300.00" loaded="10462" inserted="10255" running="156" waiting="207" ended="10099" arrived="10099" collisions="8" teleports="8" halting="4" stopped="0" meanWaitingTime="95.48" meanTravelTime="248.56" meanSpeed="24.61" meanSpeedRelative="0.77" duration="1"/>
    <step time="21600.00" loaded="10654" inserted="10436" running="146" waiting="218" ended="10290" arrived="10290" collisions="8" teleports="8" halting="1" stopped="0" meanWaitingTime="98.34" meanTravelTime="248.58" meanSpeed="24.14" meanSpeedRelative="0.75" duration="78"/>
    <step time="21900.00" loaded="11136" inserted="10850" running="312" waiting="286" ended="10538" arrived="10538" collisions="9" teleports="9" halting="3" stopped="0" meanWaitingTime="103.96" meanTravelTime="247.89" meanSpeed="22.42" meanSpeedRelative="0.70" duration="2"/>
    <step time="22200.00" loaded="11637" inserted="11275" running="395" waiting="362" ended="10880" arrived="10880" collisions="9" teleports="9" halting="6" stopped="0" meanWaitingTime="110.29" meanTravelTime="247.16" meanSpeed="21.68" meanSpeedRelative="0.68" duration="3"/>
    <step time="22500.00" loaded="12109" inserted="11699" running="443" waiting="410" ended="11256" arrived="11256" collisions="10" teleports="10" halting="11" stopped="0" meanWaitingTime="115.47" meanTravelTime="248.18" meanSpeed="21.23" meanSpeedRelative="0.66" duration="2"/>
    <step time="22800.00" loaded="12575" inserted="12107" running="454" waiting="468" ended="11653" arrived="11653" collisions="11" teleports="11" halting="8" stopped="0" meanWaitingTime="120.44" meanTravelTime="250.47" meanSpeed="21.03" meanSpeedRelative="0.66" duration="2"/>
    <step time="23100.00" loaded="13083" inserted="12551" running="482" waiting="532" ended="12069" arrived="12069" collisions="11" teleports="11" halting="10" stopped="0" meanWaitingTime="126.23" meanTravelTime="252.98" meanSpeed="20.04" meanSpeedRelative="0.63" duration="3"/>
    <step time="23400.00" loaded="13537" inserted="12946" running="472" waiting="591" ended="12474" arrived="12474" collisions="13" teleports="13" halting="8" stopped="0" meanWaitingTime="132.96" meanTravelTime="255.53" meanSpeed="19.96" meanSpeedRelative="0.62" duration="2"/>
    <step time="23700.00" loaded="14025" inserted="13363" running="466" waiting="662" ended="12897" arrived="12897" collisions="15" teleports="15" halting="6" stopped="0" meanWaitingTime="140.40" meanTravelTime="258.59" meanSpeed="19.72" meanSpeedRelative="0.62" duration="3"/>
    <step time="24000.00" loaded="14454" inserted="13770" running="467" waiting="684" ended="13303" arrived="13303" collisions="15" teleports="15" halting="8" stopped="0" meanWaitingTime="148.15" meanTravelTime="261.17" meanSpeed="20.12" meanSpeedRelative="0.63" duration="2"/>
    <step time="24300.00" loaded="14935" inserted="14188" running="468" waiting="747" ended="13720" arrived="13720" collisions="15" teleports="15" halting="4" stopped="0" meanWaitingTime="155.74" meanTravelTime="263.78" meanSpeed="19.82" meanSpeedRelative="0.62" duration="2"/>
    <step time="24600.00" loaded="15396" inserted="14624" running="502" waiting="772" ended="14122" arrived="14122" collisions="16" teleports="16" halting="6" stopped="0" meanWaitingTime="164.52" meanTravelTime="265.40" meanSpeed="19.80" meanSpeedRelative="0.62" duration="3"/>
    <step time="24900.00" loaded="15861" inserted="15045" running="485" waiting="816" ended="14560" arrived="14560" collisions="17" teleports="17" halting="9" stopped="0" meanWaitingTime="173.82" meanTravelTime="267.97" meanSpeed="20.05" meanSpeedRelative="0.63" duration="3"/>
    <step time="25200.00" loaded="16270" inserted="15433" running="447" waiting="837" ended="14986" arrived="14986" collisions="19" teleports="19" halting="8" stopped="0" meanWaitingTime="183.12" meanTravelTime="270.30" meanSpeed="20.29" meanSpeedRelative="0.63" duration="85"/>
    <step time="25500.00" loaded="16809" inserted="15879" running="481" waiting="930" ended="15398" arrived="15398" collisions="20" teleports="20" halting="4" stopped="0" meanWaitingTime="192.65" meanTravelTime="272.01" meanSpeed="20.09" meanSpeedRelative="0.63" duration="2"/>
    <step time="25800.00" loaded="17339" inserted="16316" running="502" waiting="1023" ended="15814" arrived="15814" collisions="20" teleports="20" halting="10" stopped="0" meanWaitingTime="202.25" meanTravelTime="273.49" meanSpeed="19.43" meanSpeedRelative="0.61" duration="2"/>
    <step time="26100.00" loaded="17899" inserted="16785" running="515" waiting="1114" ended="16270" arrived="16270" collisions="21" teleports="21" halting="20" stopped="0" meanWaitingTime="212.39" meanTravelTime="275.35" meanSpeed="18.75" meanSpeedRelative="0.59" duration="3"/>
    <step time="26400.00" loaded="18464" inserted="17263" running="540" waiting="1201" ended="16723" arrived="16723" collisions="24" teleports="24" halting="4" stopped="0" meanWaitingTime="222.25" meanTravelTime="276.58" meanSpeed="18.47" meanSpeedRelative="0.58" duration="5"/>
    <step time="26700.00" loaded="19018" inserted="17732" running="567" waiting="1286" ended="17165" arrived="17165" collisions="29" teleports="29" halting="4" stopped="0" meanWaitingTime="232.56" meanTravelTime="278.36" meanSpeed="17.54" meanSpeedRelative="0.55" duration="3"/>
    <step time="27000.00" loaded="19590" inserted="18207" running="598" waiting="1383" ended="17609" arrived="17609" collisions="29" teleports="29" halting="14" stopped="0" meanWaitingTime="242.96" meanTravelTime="280.28" meanSpeed="16.35" meanSpeedRelative="0.51" duration="4"/>
    <step time="27300.00" loaded="20177" inserted="18685" running="623" waiting="1492" ended="18062" arrived="18062" collisions="30" teleports="30" halting="16" stopped="0" meanWaitingTime="253.77" meanTravelTime="282.72" meanSpeed="15.81" meanSpeedRelative="0.49" duration="4"/>
    <step time="27600.00" loaded="20714" inserted="19125" running="622" waiting="1589" ended="18503" arrived="18503" collisions="30" teleports="30" halting="6" stopped="0" meanWaitingTime="265.15" meanTravelTime="285.22" meanSpeed="16.02" meanSpeedRelative="0.50" duration="4"/>
    <step time="27900.00" loaded="21273" inserted="19597" running="647" waiting="1676" ended="18950" arrived="18950" collisions="31" teleports="31" halting="14" stopped="0" meanWaitingTime="277.30" meanTravelTime="288.06" meanSpeed="14.62" meanSpeedRelative="0.46" duration="4"/>
    <step time="28200.00" loaded="21894" inserted="20060" running="661" waiting="1834" ended="19399" arrived="19399" collisions="32" teleports="32" halting="14" stopped="0" meanWaitingTime="289.50" meanTravelTime="290.92" meanSpeed="15.40" meanSpeedRelative="0.48" duration="4"/>
    <step time="28500.00" loaded="22444" inserted="20524" running="677" waiting="1920" ended="19847" arrived="19847" collisions="32" teleports="32" halting="11" stopped="0" meanWaitingTime="302.64" meanTravelTime="294.20" meanSpeed="14.20" meanSpeedRelative="0.44" duration="5"/>
    <step time="28800.00" loaded="23007" inserted="20985" running="680" waiting="2022" ended="20305" arrived="20305" collisions="32" teleports="32" halting="8" stopped="0" meanWaitingTime="316.52" meanTravelTime="297.16" meanSpeed="14.50" meanSpeedRelative="0.45" duration="98"/>
    <step time="29100.00" loaded="23376" inserted="21419" running="660" waiting="1957" ended="20759" arrived="20759" collisions="34" teleports="34" halting="8" stopped="0" meanWaitingTime="331.36" meanTravelTime="300.20" meanSpeed="14.59" meanSpeedRelative="0.46" duration="4"/>
    <step time="29400.00" loaded="23726" inserted="21845" running="636" waiting="1881" ended="21209" arrived="21209" collisions="37" teleports="37" halting="11" stopped="0" meanWaitingTime="346.00" meanTravelTime="303.39" meanSpeed="15.43" meanSpeedRelative="0.48" duration="3"/>
    <step time="29700.00" loaded="24102" inserted="22268" running="645" waiting="1834" ended="21623" arrived="21623" collisions="37" teleports="37" halting="13" stopped="0" meanWaitingTime="360.77" meanTravelTime="305.87" meanSpeed="14.66" meanSpeedRelative="0.46" duration="3"/>
    <step time="30000.00" loaded="24454" inserted="22667" running="590" waiting="1787" ended="22077" arrived="22077" collisions="39" teleports="39" halting="5" stopped="0" meanWaitingTime="375.67" meanTravelTime="309.70" meanSpeed="16.34" meanSpeedRelative="0.51" duration="3"/>
    <step time="30300.00" loaded="24837" inserted="23083" running="566" waiting="1754" ended="22517" arrived="22517" collisions="40" teleports="40" halting="2" stopped="0" meanWaitingTime="390.32" meanTravelTime="312.20" meanSpeed="16.86" meanSpeedRelative="0.53" duration="3"/>
    <step time="30600.00" loaded="25179" inserted="23512" running="581" waiting="1667" ended="22931" arrived="22931" collisions="40" teleports="40" halting="11" stopped="0" meanWaitingTime="404.18" meanTravelTime="314.06" meanSpeed="16.37" meanSpeedRelative="0.51" duration="3"/>
    <step time="30900.00" loaded="25550" inserted="23928" running="555" waiting="1622" ended="23373" arrived="23373" collisions="40" teleports="40" halting="8" stopped="0" meanWaitingTime="418.56" meanTravelTime="316.16" meanSpeed="16.27" meanSpeedRelative="0.51" duration="3"/>
    <step time="31200.00" loaded="25897" inserted="24350" running="545" waiting="1547" ended="23805" arrived="23805" collisions="41" teleports="41" halting="4" stopped="0" meanWaitingTime="432.89" meanTravelTime="317.30" meanSpeed="16.70" meanSpeedRelative="0.52" duration="3"/>
    <step time="31500.00" loaded="26223" inserted="24768" running="537" waiting="1455" ended="24231" arrived="24231" collisions="41" teleports="41" halting="5" stopped="0" meanWaitingTime="446.16" meanTravelTime="318.87" meanSpeed="16.57" meanSpeedRelative="0.52" duration="4"/>
    <step time="31800.00" loaded="26549" inserted="25190" running="544" waiting="1359" ended="24646" arrived="24646" collisions="44" teleports="44" halting="10" stopped="0" meanWaitingTime="458.86" meanTravelTime="319.97" meanSpeed="15.67" meanSpeedRelative="0.49" duration="3"/>
    <step time="32100.00" loaded="26877" inserted="25580" running="558" waiting="1297" ended="25022" arrived="25022" collisions="45" teleports="45" halting="6" stopped="0" meanWaitingTime="469.77" meanTravelTime="321.42" meanSpeed="15.91" meanSpeedRelative="0.50" duration="3"/>
    <step time="32400.00" loaded="27250" inserted="25983" running="507" waiting="1267" ended="25476" arrived="25476" collisions="46" teleports="46" halting="3" stopped="0" meanWaitingTime="479.72" meanTravelTime="322.74" meanSpeed="17.33" meanSpeedRelative="0.54" duration="91"/>
    <step time="32700.00" loaded="27511" inserted="26312" running="405" waiting="1199" ended="25907" arrived="25907" collisions="47" teleports="47" halting="9" stopped="0" meanWaitingTime="491.80" meanTravelTime="323.82" meanSpeed="16.61" meanSpeedRelative="0.52" duration="3"/>
    <step time="33000.00" loaded="27793" inserted="26639" running="359" waiting="1154" ended="26280" arrived="26280" collisions="48" teleports="48" halting="9" stopped="0" meanWaitingTime="501.94" meanTravelTime="324.43" meanSpeed="17.60" meanSpeedRelative="0.55" duration="2"/>
    <step time="33300.00" loaded="28044" inserted="26967" running="344" waiting="1077" ended="26623" arrived="26623" collisions="48" teleports="48" halting="7" stopped="0" meanWaitingTime="512.89" meanTravelTime="324.53" meanSpeed="18.37" meanSpeedRelative="0.57" duration="3"/>
    <step time="33600.00" loaded="28294" inserted="27285" running="328" waiting="1009" ended="26957" arrived="26957" collisions="50" teleports="50" halting="3" stopped="0" meanWaitingTime="522.75" meanTravelTime="324.46" meanSpeed="20.49" meanSpeedRelative="0.64" duration="2"/>
    <step time="33900.00" loaded="28556" inserted="27616" running="313" waiting="940" ended="27303" arrived="27303" collisions="50" teleports="50" halting="8" stopped="0" meanWaitingTime="531.82" meanTravelTime="324.36" meanSpeed="20.05" meanSpeedRelative="0.63" duration="2"/>
    <step time="34200.00" loaded="28830" inserted="27948" running="321" waiting="882" ended="27627" arrived="27627" collisions="51" teleports="51" halting="9" stopped="0" meanWaitingTime="539.94" meanTravelTime="323.93" meanSpeed="20.97" meanSpeedRelative="0.66" duration="2"/>
    <step time="34500.00" loaded="29076" inserted="28269" running="298" waiting="807" ended="27971" arrived="27971" collisions="52" teleports="52" halting="3" stopped="0" meanWaitingTime="547.08" meanTravelTime="323.51" meanSpeed="21.48" meanSpeedRelative="0.67" duration="2"/>
    <step time="34800.00" loaded="29351" inserted="28604" running="310" waiting="747" ended="28294" arrived="28294" collisions="53" teleports="53" halting="4" stopped="0" meanWaitingTime="552.84" meanTravelTime="322.86" meanSpeed="20.49" meanSpeedRelative="0.64" duration="2"/>
    <step time="35100.00" loaded="29591" inserted="28921" running="322" waiting="670" ended="28599" arrived="28599" collisions="54" teleports="54" halting="12" stopped="0" meanWaitingTime="557.90" meanTravelTime="322.40" meanSpeed="19.31" meanSpeedRelative="0.60" duration="2"/>
    <step time="35400.00" loaded="29881" inserted="29261" running="338" waiting="620" ended="28923" arrived="28923" collisions="54" teleports="54" halting="0" stopped="0" meanWaitingTime="560.82" meanTravelTime="322.23" meanSpeed="20.84" meanSpeedRelative="0.65" duration="2"/>
    <step time="35700.00" loaded="30155" inserted="29610" running="357" waiting="545" ended="29253" arrived="29253" collisions="54" teleports="54" halting="2" stopped="0" meanWaitingTime="563.60" meanTravelTime="321.71" meanSpeed="21.40" meanSpeedRelative="0.67" duration="2"/>
    <step time="36000.00" loaded="30420" inserted="29946" running="345" waiting="474" ended="29601" arrived="29601" collisions="54" teleports="54" halting="7" stopped="0" meanWaitingTime="565.46" meanTravelTime="321.69" meanSpeed="20.42" meanSpeedRelative="0.64" duration="93"/>
    <step time="36300.00" loaded="30907" inserted="30394" running="437" waiting="513" ended="29957" arrived="29957" collisions="55" teleports="55" halting="7" stopped="0" meanWaitingTime="563.51" meanTravelTime="321.40" meanSpeed="20.19" meanSpeedRelative="0.63" duration="3"/>
    <step time="36600.00" loaded="31331" inserted="30838" running="462" waiting="493" ended="30376" arrived="30376" collisions="58" teleports="58" halting="9" stopped="0" meanWaitingTime="561.29" meanTravelTime="321.14" meanSpeed="20.12" meanSpeedRelative="0.63" duration="2"/>
    <step time="36900.00" loaded="31823" inserted="31288" running="462" waiting="535" ended="30826" arrived="30826" collisions="60" teleports="60" halting="3" stopped="0" meanWaitingTime="558.80" meanTravelTime="320.88" meanSpeed="20.38" meanSpeedRelative="0.64" duration="2"/>
    <step time="37200.00" loaded="32257" inserted="31730" running="482" waiting="527" ended="31248" arrived="31248" collisions="61" teleports="61" halting="3" stopped="0" meanWaitingTime="555.98" meanTravelTime="320.88" meanSpeed="19.43" meanSpeedRelative="0.61" duration="3"/>
    <step time="37500.00" loaded="32724" inserted="32171" running="466" waiting="553" ended="31705" arrived="31705" collisions="61" teleports="61" halting="7" stopped="0" meanWaitingTime="553.13" meanTravelTime="320.73" meanSpeed="20.01" meanSpeedRelative="0.63" duration="2"/>
    <step time="37800.00" loaded="33177" inserted="32630" running="473" waiting="547" ended="32157" arrived="32157" collisions="62" teleports="62" halting="7" stopped="0" meanWaitingTime="550.85" meanTravelTime="320.74" meanSpeed="19.68" meanSpeedRelative="0.61" duration="3"/>
    <step time="38100.00" loaded="33653" inserted="33067" running="483" waiting="586" ended="32584" arrived="32584" collisions="63" teleports="63" halting="12" stopped="0" meanWaitingTime="548.16" meanTravelTime="320.74" meanSpeed="19.95" meanSpeedRelative="0.62" duration="3"/>
    <step time="38400.00" loaded="34110" inserted="33512" running="501" waiting="598" ended="33011" arrived="33011" collisions="64" teleports="64" halting="7" stopped="0" meanWaitingTime="545.82" meanTravelTime="320.75" meanSpeed="19.71" meanSpeedRelative="0.62" duration="3"/>
    <step time="38700.00" loaded="34618" inserted="33978" running="526" waiting="640" ended="33452" arrived="33452" collisions="65" teleports="65" halting="12" stopped="0" meanWaitingTime="543.30" meanTravelTime="320.69" meanSpeed="19.58" meanSpeedRelative="0.61" duration="2"/>
    <step time="39000.00" loaded="35119" inserted="34427" running="532" waiting="692" ended="33895" arrived="33895" collisions="65" teleports="65" halting="9" stopped="0" meanWaitingTime="541.00" meanTravelTime="320.95" meanSpeed="19.23" meanSpeedRelative="0.60" duration="3"/>
    <step time="39300.00" loaded="35554" inserted="34850" running="488" waiting="704" ended="34362" arrived="34362" collisions="67" teleports="67" halting="5" stopped="0" meanWaitingTime="539.51" meanTravelTime="321.47" meanSpeed="20.08" meanSpeedRelative="0.63" duration="3"/>
    <step time="39600.00" loaded="36029" inserted="35291" running="490" waiting="738" ended="34801" arrived="34801" collisions="68" teleports="68" halting="7" stopped="0" meanWaitingTime="538.03" meanTravelTime="321.75" meanSpeed="19.58" meanSpeedRelative="0.61" duration="90"/>
    <step time="39900.00" loaded="36524" inserted="35758" running="502" waiting="766" ended="35256" arrived="35256" collisions="71" teleports="71" halting="13" stopped="0" meanWaitingTime="536.20" meanTravelTime="321.86" meanSpeed="20.17" meanSpeedRelative="0.63" duration="3"/>
    <step time="40200.00" loaded="37045" inserted="36225" running="509" waiting="820" ended="35716" arrived="35716" collisions="72" teleports="72" halting="11" stopped="0" meanWaitingTime="534.55" meanTravelTime="322.14" meanSpeed="19.51" meanSpeedRelative="0.61" duration="3"/>
    <step time="40500.00" loaded="37551" inserted="36697" running="534" waiting="854" ended="36163" arrived="36163" collisions="74" teleports="74" halting="8" stopped="0" meanWaitingTime="533.38" meanTravelTime="322.14" meanSpeed="19.05" meanSpeedRelative="0.60" duration="4"/>
    <step time="40800.00" loaded="38062" inserted="37147" running="532" waiting="915" ended="36615" arrived="36615" collisions="76" teleports="76" halting="10" stopped="0" meanWaitingTime="532.73" meanTravelTime="322.37" meanSpeed="18.16" meanSpeedRelative="0.57" duration="3"/>
    <step time="41100.00" loaded="38589" inserted="37629" running="553" waiting="960" ended="37076" arrived="37076" collisions="76" teleports="76" halting="8" stopped="0" meanWaitingTime="532.14" meanTravelTime="322.58" meanSpeed="19.94" meanSpeedRelative="0.62" duration="3"/>
    <step time="41400.00" loaded="39125" inserted="38110" running="572" waiting="1015" ended="37538" arrived="37538" collisions="81" teleports="81" halting="6" stopped="0" meanWaitingTime="531.47" meanTravelTime="322.72" meanSpeed="19.38" meanSpeedRelative="0.61" duration="3"/>
    <step time="41700.00" loaded="39623" inserted="38574" running="578" waiting="1049" ended="37996" arrived="37996" collisions="81" teleports="81" halting="4" stopped="0" meanWaitingTime="531.55" meanTravelTime="323.28" meanSpeed="18.38" meanSpeedRelative="0.57" duration="3"/>
    <step time="42000.00" loaded="40175" inserted="39061" running="571" waiting="1114" ended="38490" arrived="38490" collisions="81" teleports="81" halting="7" stopped="0" meanWaitingTime="531.77" meanTravelTime="324.01" meanSpeed="17.98" meanSpeedRelative="0.56" duration="4"/>
    <step time="42300.00" loaded="40724" inserted="39547" running="632" waiting="1177" ended="38915" arrived="38915" collisions="82" teleports="82" halting="14" stopped="0" meanWaitingTime="531.54" meanTravelTime="324.51" meanSpeed="17.03" meanSpeedRelative="0.53" duration="3"/>
    <step time="42600.00" loaded="41242" inserted="39981" running="572" waiting="1261" ended="39409" arrived="39409" collisions="83" teleports="83" halting="0" stopped="0" meanWaitingTime="532.17" meanTravelTime="325.21" meanSpeed="18.54" meanSpeedRelative="0.58" duration="3"/>
    <step time="42900.00" loaded="41765" inserted="40434" running="601" waiting="1331" ended="39833" arrived="39833" collisions="83" teleports="83" halting="10" stopped="0" meanWaitingTime="532.89" meanTravelTime="326.08" meanSpeed="16.98" meanSpeedRelative="0.53" duration="3"/>
    <step time="43200.00" loaded="42258" inserted="40898" running="603" waiting="1360" ended="40295" arrived="40295" collisions="87" teleports="87" halting="11" stopped="0" meanWaitingTime="534.28" meanTravelTime="326.83" meanSpeed="17.45" meanSpeedRelative="0.55" duration="92"/>
    <step time="43500.00" loaded="42803" inserted="41404" running="645" waiting="1399" ended="40759" arrived="40759" collisions="89" teleports="89" halting="9" stopped="0" meanWaitingTime="535.36" meanTravelTime="327.39" meanSpeed="16.77" meanSpeedRelative="0.52" duration="3"/>
    <step time="43800.00" loaded="43329" inserted="41856" running="624" waiting="1473" ended="41232" arrived="41232" collisions="90" teleports="90" halting="9" stopped="0" meanWaitingTime="536.89" meanTravelTime="328.45" meanSpeed="16.57" meanSpeedRelative="0.52" duration="5"/>
    <step time="44100.00" loaded="43857" inserted="42340" running="669" waiting="1517" ended="41671" arrived="41671" collisions="94" teleports="94" halting="2" stopped="0" meanWaitingTime="538.73" meanTravelTime="329.19" meanSpeed="16.09" meanSpeedRelative="0.50" duration="3"/>
    <step time="44400.00" loaded="44423" inserted="42841" running="705" waiting="1582" ended="42136" arrived="42136" collisions="97" teleports="97" halting="13" stopped="0" meanWaitingTime="540.36" meanTravelTime="330.18" meanSpeed="16.03" meanSpeedRelative="0.50" duration="6"/>
    <step time="44700.00" loaded="44964" inserted="43322" running="696" waiting="1642" ended="42626" arrived="42626" collisions="97" teleports="97" halting="9" stopped="0" meanWaitingTime="541.82" meanTravelTime="331.24" meanSpeed="16.62" meanSpeedRelative="0.52" duration="5"/>
    <step time="45000.00" loaded="45493" inserted="43810" running="693" waiting="1683" ended="43117" arrived="43117" collisions="97" teleports="97" halting="11" stopped="0" meanWaitingTime="544.29" meanTravelTime="332.40" meanSpeed="15.44" meanSpeedRelative="0.48" duration="4"/>
    <step time="45300.00" loaded="46031" inserted="44279" running="668" waiting="1752" ended="43611" arrived="43611" collisions="97" teleports="97" halting="14" stopped="0" meanWaitingTime="546.86" meanTravelTime="333.30" meanSpeed="15.47" meanSpeedRelative="0.48" duration="4"/>
    <step time="45600.00" loaded="46549" inserted="44742" running="674" waiting="1807" ended="44068" arrived="44068" collisions="98" teleports="98" halting="4" stopped="0" meanWaitingTime="550.14" meanTravelTime="334.38" meanSpeed="16.39" meanSpeedRelative="0.51" duration="4"/>
    <step time="45900.00" loaded="47109" inserted="45241" running="703" waiting="1868" ended="44538" arrived="44538" collisions="101" teleports="101" halting="6" stopped="0" meanWaitingTime="553.17" meanTravelTime="335.34" meanSpeed="16.18" meanSpeedRelative="0.51" duration="4"/>
    <step time="46200.00" loaded="47658" inserted="45734" running="711" waiting="1924" ended="45023" arrived="45023" collisions="102" teleports="102" halting="11" stopped="0" meanWaitingTime="556.77" meanTravelTime="336.23" meanSpeed="15.97" meanSpeedRelative="0.50" duration="4"/>
    <step time="46500.00" loaded="48165" inserted="46207" running="695" waiting="1958" ended="45512" arrived="45512" collisions="104" teleports="104" halting="16" stopped="0" meanWaitingTime="560.60" meanTravelTime="337.18" meanSpeed="15.31" meanSpeedRelative="0.48" duration="4"/>
    <step time="46800.00" loaded="48678" inserted="46662" running="729" waiting="2016" ended="45933" arrived="45933" collisions="104" teleports="104" halting="12" stopped="0" meanWaitingTime="563.59" meanTravelTime="338.23" meanSpeed="15.32" meanSpeedRelative="0.48" duration="94"/>
    <step time="47100.00" loaded="49193" inserted="47123" running="731" waiting="2070" ended="46392" arrived="46392" collisions="107" teleports="107" halting="4" stopped="0" meanWaitingTime="568.16" meanTravelTime="339.69" meanSpeed="15.48" meanSpeedRelative="0.48" duration="5"/>
    <step time="47400.00" loaded="49718" inserted="47609" running="739" waiting="2109" ended="46870" arrived="46870" collisions="107" teleports="107" halting="16" stopped="0" meanWaitingTime="572.11" meanTravelTime="341.04" meanSpeed="14.76" meanSpeedRelative="0.46" duration="5"/>
    <step time="47700.00" loaded="50246" inserted="48079" running="745" waiting="2167" ended="47334" arrived="47334" collisions="109" teleports="109" halting="18" stopped="0" meanWaitingTime="576.12" meanTravelTime="342.46" meanSpeed="14.52" meanSpeedRelative="0.45" duration="5"/>
    <step time="48000.00" loaded="50788" inserted="48560" running="740" waiting="2228" ended="47820" arrived="47820" collisions="113" teleports="113" halting="12" stopped="0" meanWaitingTime="581.02" meanTravelTime="343.51" meanSpeed="15.33" meanSpeedRelative="0.48" duration="5"/>
    <step time="48300.00" loaded="51329" inserted="49014" running="734" waiting="2315" ended="48280" arrived="48280" collisions="115" teleports="115" halting="9" stopped="0" meanWaitingTime="586.32" meanTravelTime="344.61" meanSpeed="15.13" meanSpeedRelative="0.47" duration="3"/>
    <step time="48600.00" loaded="51856" inserted="49492" running="751" waiting="2364" ended="48741" arrived="48741" collisions="118" teleports="118" halting="8" stopped="0" meanWaitingTime="591.50" meanTravelTime="345.67" meanSpeed="14.75" meanSpeedRelative="0.46" duration="4"/>
    <step time="48900.00" loaded="52413" inserted="49968" running="765" waiting="2445" ended="49203" arrived="49203" collisions="119" teleports="119" halting="7" stopped="0" meanWaitingTime="597.11" meanTravelTime="346.94" meanSpeed="15.37" meanSpeedRelative="0.48" duration="5"/>
    <step time="49200.00" loaded="52952" inserted="50422" running="771" waiting="2530" ended="49651" arrived="49651" collisions="119" teleports="119" halting="10" stopped="0" meanWaitingTime="602.01" meanTravelTime="348.24" meanSpeed="15.08" meanSpeedRelative="0.47" duration="5"/>
    <step time="49500.00" loaded="53465" inserted="50879" running="741" waiting="2586" ended="50138" arrived="50138" collisions="120" teleports="120" halting="11" stopped="0" meanWaitingTime="606.58" meanTravelTime="349.89" meanSpeed="14.27" meanSpeedRelative="0.45" duration="5"/>
    <step time="49800.00" loaded="54015" inserted="51358" running="745" waiting="2657" ended="50613" arrived="50613" collisions="121" teleports="121" halting="3" stopped="0" meanWaitingTime="612.11" meanTravelTime="351.16" meanSpeed="14.76" meanSpeedRelative="0.46" duration="5"/>
    <step time="50100.00" loaded="54625" inserted="51851" running="767" waiting="2774" ended="51084" arrived="51084" collisions="122" teleports="122" halting="3" stopped="0" meanWaitingTime="617.45" meanTravelTime="352.42" meanSpeed="14.84" meanSpeedRelative="0.46" duration="5"/>
    <step time="50400.00" loaded="55142" inserted="52328" running="764" waiting="2814" ended="51564" arrived="51564" collisions="122" teleports="122" halting="12" stopped="0" meanWaitingTime="623.50" meanTravelTime="353.50" meanSpeed="14.82" meanSpeedRelative="0.46" duration="95"/>
    <step time="50700.00" loaded="55856" inserted="52848" running="811" waiting="3008" ended="52037" arrived="52037" collisions="124" teleports="124" halting="13" stopped="0" meanWaitingTime="629.26" meanTravelTime="354.49" meanSpeed="14.37" meanSpeedRelative="0.45" duration="5"/>
    <step time="51000.00" loaded="56573" inserted="53368" running="822" waiting="3205" ended="52546" arrived="52546" collisions="124" teleports="124" halting="9" stopped="0" meanWaitingTime="634.90" meanTravelTime="355.81" meanSpeed="14.11" meanSpeedRelative="0.44" duration="6"/>
    <step time="51300.00" loaded="57315" inserted="53900" running="855" waiting="3415" ended="53045" arrived="53045" collisions="126" teleports="126" halting="7" stopped="0" meanWaitingTime="640.90" meanTravelTime="356.66" meanSpeed="13.81" meanSpeedRelative="0.43" duration="4"/>
    <step time="51600.00" loaded="58030" inserted="54421" running="891" waiting="3609" ended="53530" arrived="53530" collisions="127" teleports="127" halting="8" stopped="0" meanWaitingTime="647.29" meanTravelTime="358.04" meanSpeed="12.87" meanSpeedRelative="0.40" duration="7"/>
    <step time="51900.00" loaded="58751" inserted="54936" running="900" waiting="3815" ended="54036" arrived="54036" collisions="127" teleports="127" halting="16" stopped="0" meanWaitingTime="653.41" meanTravelTime="359.58" meanSpeed="12.95" meanSpeedRelative="0.40" duration="7"/>
    <step time="52200.00" loaded="59439" inserted="55446" running="936" waiting="3993" ended="54510" arrived="54510" collisions="128" teleports="128" halting="14" stopped="0" meanWaitingTime="659.23" meanTravelTime="361.09" meanSpeed="12.90" meanSpeedRelative="0.40" duration="7"/>
    <step time="52500.00" loaded="60159" inserted="55957" running="931" waiting="4202" ended="55026" arrived="55026" collisions="132" teleports="132" halting="12" stopped="0" meanWaitingTime="666.13" meanTravelTime="362.67" meanSpeed="12.57" meanSpeedRelative="0.39" duration="8"/>
    <step time="52800.00" loaded="60842" inserted="56469" running="942" waiting="4373" ended="55527" arrived="55527" collisions="133" teleports="133" halting="16" stopped="0" meanWaitingTime="673.46" meanTravelTime="364.53" meanSpeed="12.89" meanSpeedRelative="0.40" duration="8"/>
    <step time="53100.00" loaded="61574" inserted="57001" running="979" waiting="4573" ended="56022" arrived="56022" collisions="134" teleports="134" halting="21" stopped="0" meanWaitingTime="682.06" meanTravelTime="366.15" meanSpeed="12.17" meanSpeedRelative="0.38" duration="8"/>
    <step time="53400.00" loaded="62327" inserted="57512" running="978" waiting="4815" ended="56534" arrived="56534" collisions="138" teleports="138" halting="11" stopped="0" meanWaitingTime="690.41" meanTravelTime="367.88" meanSpeed="12.23" meanSpeedRelative="0.38" duration="7"/>
    <step time="53700.00" loaded="63030" inserted="58023" running="971" waiting="5007" ended="57052" arrived="57052" collisions="140" teleports="140" halting="12" stopped="0" meanWaitingTime="699.04" meanTravelTime="369.56" meanSpeed="12.52" meanSpeedRelative="0.39" duration="8"/>
    <step time="54000.00" loaded="63724" inserted="58529" running="961" waiting="5195" ended="57568" arrived="57568" collisions="145" teleports="145" halting="15" stopped="0" meanWaitingTime="707.83" meanTravelTime="371.13" meanSpeed="12.79" meanSpeedRelative="0.40" duration="90"/>
    <step time="54300.00" loaded="64167" inserted="59005" running="918" waiting="5162" ended="58087" arrived="58087" collisions="147" teleports="147" halting="14" stopped="0" meanWaitingTime="718.37" meanTravelTime="372.90" meanSpeed="12.63" meanSpeedRelative="0.39" duration="8"/>
    <step time="54600.00" loaded="64634" inserted="59488" running="877" waiting="5146" ended="58611" arrived="58611" collisions="149" teleports="149" halting="16" stopped="0" meanWaitingTime="729.01" meanTravelTime="374.79" meanSpeed="12.60" meanSpeedRelative="0.39" duration="7"/>
    <step time="54900.00" loaded="65059" inserted="59972" running="852" waiting="5087" ended="59120" arrived="59120" collisions="150" teleports="150" halting="8" stopped="0" meanWaitingTime="741.14" meanTravelTime="376.32" meanSpeed="13.28" meanSpeedRelative="0.42" duration="7"/>
    <step time="55200.00" loaded="65514" inserted="60440" running="830" waiting="5074" ended="59610" arrived="59610" collisions="151" teleports="151" halting="6" stopped="0" meanWaitingTime="752.41" meanTravelTime="377.80" meanSpeed="13.61" meanSpeedRelative="0.43" duration="5"/>
    <step time="55500.00" loaded="65977" inserted="60933" running="798" waiting="5044" ended="60135" arrived="60135" collisions="152" teleports="152" halting="9" stopped="0" meanWaitingTime="764.70" meanTravelTime="378.90" meanSpeed="13.84" meanSpeedRelative="0.43" duration="7"/>
    <step time="55800.00" loaded="66426" inserted="61402" running="783" waiting="5024" ended="60619" arrived="60619" collisions="153" teleports="153" halting="15" stopped="0" meanWaitingTime="778.01" meanTravelTime="379.75" meanSpeed="14.49" meanSpeedRelative="0.45" duration="7"/>
    <step time="56100.00" loaded="66881" inserted="61892" running="791" waiting="4989" ended="61101" arrived="61101" collisions="154" teleports="154" halting="17" stopped="0" meanWaitingTime="790.98" meanTravelTime="380.48" meanSpeed="15.76" meanSpeedRelative="0.49" duration="8"/>
    <step time="56400.00" loaded="67320" inserted="62403" running="815" waiting="4917" ended="61588" arrived="61588" collisions="155" teleports="155" halting="9" stopped="0" meanWaitingTime="803.46" meanTravelTime="381.31" meanSpeed="14.55" meanSpeedRelative="0.45" duration="6"/>
    <step time="56700.00" loaded="67789" inserted="62899" running="824" waiting="4890" ended="62075" arrived="62075" collisions="159" teleports="159" halting="12" stopped="0" meanWaitingTime="815.62" meanTravelTime="382.17" meanSpeed="14.08" meanSpeedRelative="0.44" duration="5"/>
    <step time="57000.00" loaded="68282" inserted="63397" running="833" waiting="4885" ended="62564" arrived="62564" collisions="160" teleports="160" halting="19" stopped="0" meanWaitingTime="828.07" meanTravelTime="383.11" meanSpeed="14.22" meanSpeedRelative="0.44" duration="6"/>
    <step time="57300.00" loaded="68719" inserted="63862" running="831" waiting="4857" ended="63031" arrived="63031" collisions="163" teleports="163" halting="19" stopped="0" meanWaitingTime="839.92" meanTravelTime="384.22" meanSpeed="14.05" meanSpeedRelative="0.44" duration="8"/>
    <step time="57600.00" loaded="69142" inserted="64333" running="836" waiting="4809" ended="63497" arrived="63497" collisions="165" teleports="165" halting="16" stopped="0" meanWaitingTime="851.75" meanTravelTime="385.11" meanSpeed="13.86" meanSpeedRelative="0.43" duration="86"/>
    <step time="57900.00" loaded="69691" inserted="64840" running="858" waiting="4851" ended="63982" arrived="63982" collisions="170" teleports="170" halting="13" stopped="0" meanWaitingTime="862.43" meanTravelTime="386.00" meanSpeed="14.72" meanSpeedRelative="0.46" duration="7"/>
    <step time="58200.00" loaded="70260" inserted="65335" running="839" waiting="4925" ended="64496" arrived="64496" collisions="171" teleports="171" halting="16" stopped="0" meanWaitingTime="873.66" meanTravelTime="386.88" meanSpeed="14.21" meanSpeedRelative="0.44" duration="8"/>
    <step time="58500.00" loaded="70837" inserted="65871" running="873" waiting="4966" ended="64998" arrived="64998" collisions="172" teleports="172" halting="27" stopped="0" meanWaitingTime="885.58" meanTravelTime="387.89" meanSpeed="13.97" meanSpeedRelative="0.44" duration="5"/>
    <step time="58800.00" loaded="71403" inserted="66407" running="912" waiting="4996" ended="65495" arrived="65495" collisions="175" teleports="175" halting="13" stopped="0" meanWaitingTime="896.79" meanTravelTime="388.75" meanSpeed="13.62" meanSpeedRelative="0.43" duration="7"/>
    <step time="59100.00" loaded="71949" inserted="66904" running="872" waiting="5045" ended="66032" arrived="66032" collisions="179" teleports="179" halting="11" stopped="0" meanWaitingTime="906.72" meanTravelTime="389.87" meanSpeed="13.72" meanSpeedRelative="0.43" duration="7"/>
    <step time="59400.00" loaded="72506" inserted="67403" running="884" waiting="5103" ended="66519" arrived="66519" collisions="182" teleports="182" halting="12" stopped="0" meanWaitingTime="916.52" meanTravelTime="390.85" meanSpeed="12.99" meanSpeedRelative="0.41" duration="8"/>
    <step time="59700.00" loaded="73080" inserted="67933" running="921" waiting="5147" ended="67012" arrived="67012" collisions="186" teleports="186" halting="10" stopped="0" meanWaitingTime="926.84" meanTravelTime="391.84" meanSpeed="12.56" meanSpeedRelative="0.39" duration="7"/>
    <step time="60000.00" loaded="73645" inserted="68453" running="943" waiting="5192" ended="67510" arrived="67510" collisions="189" teleports="189" halting="16" stopped="0" meanWaitingTime="936.52" meanTravelTime="392.66" meanSpeed="12.79" meanSpeedRelative="0.40" duration="6"/>
    <step time="60300.00" loaded="74169" inserted="68933" running="935" waiting="5236" ended="67998" arrived="67998" collisions="189" teleports="189" halting="12" stopped="0" meanWaitingTime="946.47" meanTravelTime="393.65" meanSpeed="12.95" meanSpeedRelative="0.40" duration="8"/>
    <step time="60600.00" loaded="74709" inserted="69414" running="910" waiting="5295" ended="68504" arrived="68504" collisions="191" teleports="191" halting="8" stopped="0" meanWaitingTime="955.71" meanTravelTime="395.12" meanSpeed="13.48" meanSpeedRelative="0.42" duration="8"/>
    <step time="60900.00" loaded="75280" inserted="69917" running="919" waiting="5363" ended="68998" arrived="68998" collisions="194" teleports="194" halting="6" stopped="0" meanWaitingTime="965.75" meanTravelTime="396.22" meanSpeed="13.64" meanSpeedRelative="0.43" duration="8"/>
    <step time="61200.00" loaded="75846" inserted="70423" running="903" waiting="5423" ended="69520" arrived="69520" collisions="194" teleports="194" halting="17" stopped="0" meanWaitingTime="975.18" meanTravelTime="397.17" meanSpeed="13.56" meanSpeedRelative="0.42" duration="86"/>
    <step time="61500.00" loaded="75923" inserted="70778" running="826" waiting="5145" ended="69952" arrived="69952" collisions="196" teleports="196" halting="7" stopped="0" meanWaitingTime="985.94" meanTravelTime="398.40" meanSpeed="13.18" meanSpeedRelative="0.41" duration="6"/>
    <step time="61800.00" loaded="75989" inserted="71097" running="699" waiting="4892" ended="70398" arrived="70398" collisions="197" teleports="197" halting="4" stopped="0" meanWaitingTime="997.09" meanTravelTime="399.78" meanSpeed="14.50" meanSpeedRelative="0.45" duration="6"/>
    <step time="62100.00" loaded="76073" inserted="71418" running="568" waiting="4655" ended="70850" arrived="70850" collisions="197" teleports="197" halting="10" stopped="0" meanWaitingTime="1009.94" meanTravelTime="401.09" meanSpeed="17.07" meanSpeedRelative="0.53" duration="6"/>
    <step time="62400.00" loaded="76148" inserted="71727" running="480" waiting="4421" ended="71247" arrived="71247" collisions="198" teleports="198" halting="1" stopped="0" meanWaitingTime="1023.13" meanTravelTime="401.81" meanSpeed="18.05" meanSpeedRelative="0.56" duration="3"/>
    <step time="62700.00" loaded="76219" inserted="72029" running="418" waiting="4190" ended="71611" arrived="71611" collisions="198" teleports="198" halting="2" stopped="0" meanWaitingTime="1036.49" meanTravelTime="402.44" meanSpeed="19.57" meanSpeedRelative="0.61" duration="5"/>
    <step time="63000.00" loaded="76281" inserted="72350" running="381" waiting="3931" ended="71969" arrived="71969" collisions="199" teleports="199" halting="9" stopped="0" meanWaitingTime="1050.60" meanTravelTime="402.59" meanSpeed="20.69" meanSpeedRelative="0.65" duration="4"/>
    <step time="63300.00" loaded="76362" inserted="72674" running="360" waiting="3688" ended="72314" arrived="72314" collisions="199" teleports="199" halting="6" stopped="0" meanWaitingTime="1064.31" meanTravelTime="402.36" meanSpeed="21.29" meanSpeedRelative="0.67" duration="3"/>
    <step time="63600.00" loaded="76433" inserted="72946" running="327" waiting="3487" ended="72619" arrived="72619" collisions="200" teleports="200" halting="3" stopped="0" meanWaitingTime="1076.97" meanTravelTime="402.12" meanSpeed="21.38" meanSpeedRelative="0.67" duration="4"/>
    <step time="63900.00" loaded="76515" inserted="73214" running="265" waiting="3301" ended="72949" arrived="72949" collisions="200" teleports="200" halting="5" stopped="0" meanWaitingTime="1089.94" meanTravelTime="401.89" meanSpeed="22.02" meanSpeedRelative="0.69" duration="3"/>
    <step time="64200.00" loaded="76594" inserted="73475" running="261" waiting="3119" ended="73214" arrived="73214" collisions="200" teleports="200" halting="6" stopped="0" meanWaitingTime="1102.70" meanTravelTime="401.51" meanSpeed="22.35" meanSpeedRelative="0.70" duration="2"/>
    <step time="64500.00" loaded="76681" inserted="73747" running="266" waiting="2934" ended="73481" arrived="73481" collisions="200" teleports="200" halting="0" stopped="0" meanWaitingTime="1115.51" meanTravelTime="401.13" meanSpeed="22.10" meanSpeedRelative="0.69" duration="2"/>
    <step time="64800.00" loaded="76763" inserted="74021" running="257" waiting="2742" ended="73764" arrived="73764" collisions="201" teleports="201" halting="3" stopped="0" meanWaitingTime="1127.22" meanTravelTime="400.74" meanSpeed="21.96" meanSpeedRelative="0.69" duration="93"/>
    <step time="65100.00" loaded="76821" inserted="74267" running="240" waiting="2554" ended="74027" arrived="74027" collisions="201" teleports="201" halting="6" stopped="0" meanWaitingTime="1138.42" meanTravelTime="400.33" meanSpeed="21.81" meanSpeedRelative="0.68" duration="2"/>
    <step time="65400.00" loaded="76872" inserted="74422" running="206" waiting="2450" ended="74216" arrived="74216" collisions="201" teleports="201" halting="1" stopped="0" meanWaitingTime="1146.64" meanTravelTime="400.21" meanSpeed="21.17" meanSpeedRelative="0.66" duration="1"/>
    <step time="65700.00" loaded="76916" inserted="74561" running="174" waiting="2355" ended="74387" arrived="74387" collisions="201" teleports="201" halting="2" stopped="0" meanWaitingTime="1153.76" meanTravelTime="400.22" meanSpeed="21.71" meanSpeedRelative="0.68" duration="1"/>
    <step time="66000.00" loaded="76968" inserted="74715" running="177" waiting="2253" ended="74538" arrived="74538" collisions="201" teleports="201" halting="5" stopped="0" meanWaitingTime="1159.80" meanTravelTime="400.16" meanSpeed="21.60" meanSpeedRelative="0.68" duration="1"/>
    <step time="66300.00" loaded="77042" inserted="74822" running="113" waiting="2220" ended="74709" arrived="74709" collisions="201" teleports="201" halting="9" stopped="0" meanWaitingTime="1164.91" meanTravelTime="400.00" meanSpeed="20.65" meanSpeedRelative="0.65" duration="1"/>
    <step time="66600.00" loaded="77082" inserted="74901" running="82" waiting="2181" ended="74819" arrived="74819" collisions="201" teleports="201" halting="0" stopped="0" meanWaitingTime="1170.21" meanTravelTime="399.92" meanSpeed="21.14" meanSpeedRelative="0.66" duration="0"/>
    <step time="66900.00" loaded="77130" inserted="74989" running="80" waiting="2141" ended="74909" arrived="74909" collisions="201" teleports="201" halting="3" stopped="0" meanWaitingTime="1176.20" meanTravelTime="399.81" meanSpeed="19.65" meanSpeedRelative="0.61" duration="1"/>
    <step time="67200.00" loaded="77181" inserted="75073" running="85" waiting="2108" ended="74988" arrived="74988" collisions="201" teleports="201" halting="9" stopped="0" meanWaitingTime="1182.02" meanTravelTime="399.67" meanSpeed="18.39" meanSpeedRelative="0.57" duration="1"/>
    <step time="67500.00" loaded="77236" inserted="75158" running="73" waiting="2078" ended="75085" arrived="75085" collisions="201" teleports="201" halting="6" stopped="0" meanWaitingTime="1187.90" meanTravelTime="399.51" meanSpeed="16.62" meanSpeedRelative="0.52" duration="0"/>
    <step time="67800.00" loaded="77289" inserted="75249" running="92" waiting="2040" ended="75157" arrived="75157" collisions="201" teleports="201" halting="2" stopped="0" meanWaitingTime="1193.38" meanTravelTime="399.39" meanSpeed="19.15" meanSpeedRelative="0.60" duration="0"/>
    <step time="68100.00" loaded="77329" inserted="75325" running="76" waiting="2004" ended="75249" arrived="75249" collisions="201" teleports="201" halting="6" stopped="0" meanWaitingTime="1198.74" meanTravelTime="399.27" meanSpeed="18.56" meanSpeedRelative="0.58" duration="1"/>
    <step time="68400.00" loaded="77392" inserted="75422" running="87" waiting="1970" ended="75335" arrived="75335" collisions="201" teleports="201" halting="5" stopped="0" meanWaitingTime="1204.54" meanTravelTime="399.12" meanSpeed="19.33" meanSpeedRelative="0.60" duration="88"/>
    <step time="68700.00" loaded="77573" inserted="75618" running="158" waiting="1955" ended="75460" arrived="75460" collisions="201" teleports="201" halting="9" stopped="0" meanWaitingTime="1209.79" meanTravelTime="398.84" meanSpeed="21.75" meanSpeedRelative="0.68" duration="1"/>
    <step time="69000.00" loaded="77723" inserted="75798" running="153" waiting="1925" ended="75645" arrived="75645" collisions="201" teleports="201" halting="5" stopped="0" meanWaitingTime="1214.80" meanTravelTime="398.49" meanSpeed="22.61" meanSpeedRelative="0.71" duration="1"/>
    <step time="69300.00" loaded="77895" inserted="76001" running="181" waiting="1894" ended="75820" arrived="75820" collisions="201" teleports="201" halting="3" stopped="0" meanWaitingTime="1220.95" meanTravelTime="398.12" meanSpeed="22.65" meanSpeedRelative="0.71" duration="2"/>
    <step time="69600.00" loaded="78053" inserted="76178" running="164" waiting="1875" ended="76014" arrived="76014" collisions="201" teleports="201" halting="2" stopped="0" meanWaitingTime="1225.79" meanTravelTime="397.84" meanSpeed="21.96" meanSpeedRelative="0.69" duration="2"/>
    <step time="69900.00" loaded="78215" inserted="76361" running="179" waiting="1854" ended="76182" arrived="76182" collisions="201" teleports="201" halting="4" stopped="0" meanWaitingTime="1230.86" meanTravelTime="397.56" meanSpeed="20.41" meanSpeedRelative="0.64" duration="2"/>
    <step time="70200.00" loaded="78384" inserted="76557" running="183" waiting="1827" ended="76374" arrived="76374" collisions="201" teleports="201" halting="4" stopped="0" meanWaitingTime="1236.34" meanTravelTime="397.31" meanSpeed="22.34" meanSpeedRelative="0.70" duration="1"/>
    <step time="70500.00" loaded="78544" inserted="76738" running="166" waiting="1806" ended="76572" arrived="76572" collisions="201" teleports="201" halting="5" stopped="0" meanWaitingTime="1242.76" meanTravelTime="397.04" meanSpeed="21.96" meanSpeedRelative="0.69" duration="1"/>
    <step time="70800.00" loaded="78697" inserted="76916" running="178" waiting="1781" ended="76738" arrived="76738" collisions="202" teleports="202" halting="4" stopped="0" meanWaitingTime="1247.90" meanTravelTime="396.84" meanSpeed="22.27" meanSpeedRelative="0.70" duration="2"/>
    <step time="71100.00" loaded="78849" inserted="77104" running="182" waiting="1745" ended="76922" arrived="76922" collisions="202" teleports="202" halting="1" stopped="0" meanWaitingTime="1254.07" meanTravelTime="396.51" meanSpeed="22.32" meanSpeedRelative="0.70" duration="1"/>
    <step time="71400.00" loaded="79008" inserted="77288" running="170" waiting="1720" ended="77118" arrived="77118" collisions="202" teleports="202" halting="2" stopped="0" meanWaitingTime="1259.98" meanTravelTime="396.22" meanSpeed="23.16" meanSpeedRelative="0.72" duration="1"/>
    <step time="71700.00" loaded="79145" inserted="77459" running="159" waiting="1686" ended="77300" arrived="77300" collisions="202" teleports="202" halting="4" stopped="0" meanWaitingTime="1266.83" meanTravelTime="395.98" meanSpeed="21.01" meanSpeedRelative="0.66" duration="2"/>
    <step time="72000.00" loaded="79296" inserted="77629" running="159" waiting="1667" ended="77470" arrived="77470" collisions="202" teleports="202" halting="6" stopped="0" meanWaitingTime="1272.36" meanTravelTime="395.75" meanSpeed="22.26" meanSpeedRelative="0.70" duration="85"/>
    <step time="72300.00" loaded="79413" inserted="77779" running="137" waiting="1634" ended="77642" arrived="77642" collisions="202" teleports="202" halting="5" stopped="0" meanWaitingTime="1279.27" meanTravelTime="395.48" meanSpeed="21.16" meanSpeedRelative="0.66" duration="0"/>
    <step time="72600.00" loaded="79562" inserted="77955" running="141" waiting="1607" ended="77814" arrived="77814" collisions="202" teleports="202" halting="8" stopped="0" meanWaitingTime="1284.15" meanTravelTime="395.21" meanSpeed="21.77" meanSpeedRelative="0.68" duration="1"/>
    <step time="72900.00" loaded="79697" inserted="78127" running="139" waiting="1570" ended="77988" arrived="77988" collisions="202" teleports="202" halting="6" stopped="0" meanWaitingTime="1289.31" meanTravelTime="394.92" meanSpeed="21.33" meanSpeedRelative="0.67" duration="1"/>
    <step time="73200.00" loaded="79843" inserted="78297" running="145" waiting="1546" ended="78152" arrived="78152" collisions="202" teleports="202" halting="2" stopped="0" meanWaitingTime="1294.46" meanTravelTime="394.59" meanSpeed="21.86" meanSpeedRelative="0.68" duration="1"/>
    <step time="73500.00" loaded="79981" inserted="78469" running="155" waiting="1512" ended="78314" arrived="78314" collisions="202" teleports="202" halting="2" stopped="0" meanWaitingTime="1299.34" meanTravelTime="394.27" meanSpeed="21.80" meanSpeedRelative="0.68" duration="1"/>
    <step time="73800.00" loaded="80141" inserted="78670" running="176" waiting="1471" ended="78494" arrived="78494" collisions="202" teleports="202" halting="5" stopped="0" meanWaitingTime="1303.17" meanTravelTime="393.96" meanSpeed="22.61" meanSpeedRelative="0.71" duration="1"/>
    <step time="74100.00" loaded="80273" inserted="78838" running="167" waiting="1435" ended="78671" arrived="78671" collisions="202" teleports="202" halting="8" stopped="0" meanWaitingTime="1307.34" meanTravelTime="393.68" meanSpeed="22.54" meanSpeedRelative="0.70" duration="2"/>
    <step time="74400.00" loaded="80387" inserted="78983" running="143" waiting="1404" ended="78840" arrived="78840" collisions="202" teleports="202" halting="5" stopped="0" meanWaitingTime="1311.74" meanTravelTime="393.47" meanSpeed="20.65" meanSpeedRelative="0.65" duration="1"/>
    <step time="74700.00" loaded="80516" inserted="79137" running="131" waiting="1379" ended="79006" arrived="79006" collisions="202" teleports="202" halting="2" stopped="0" meanWaitingTime="1315.24" meanTravelTime="393.25" meanSpeed="21.55" meanSpeedRelative="0.67" duration="1"/>
    <step time="75000.00" loaded="80633" inserted="79279" running="118" waiting="1354" ended="79161" arrived="79161" collisions="202" teleports="202" halting="6" stopped="0" meanWaitingTime="1319.05" meanTravelTime="393.01" meanSpeed="20.37" meanSpeedRelative="0.64" duration="1"/>
    <step time="75300.00" loaded="80768" inserted="79442" running="146" waiting="1326" ended="79296" arrived="79296" collisions="202" teleports="202" halting="6" stopped="0" meanWaitingTime="1323.03" meanTravelTime="392.80" meanSpeed="21.62" meanSpeedRelative="0.68" duration="1"/>
    <step time="75600.00" loaded="80898" inserted="79594" running="136" waiting="1304" ended="79458" arrived="79458" collisions="202" teleports="202" halting="1" stopped="0" meanWaitingTime="1326.32" meanTravelTime="392.50" meanSpeed="22.16" meanSpeedRelative="0.69" duration="82"/>
    <step time="75900.00" loaded="81098" inserted="79822" running="183" waiting="1276" ended="79639" arrived="79639" collisions="202" teleports="202" halting="4" stopped="0" meanWaitingTime="1328.92" meanTravelTime="392.17" meanSpeed="22.57" meanSpeedRelative="0.71" duration="1"/>
    <step time="76200.00" loaded="81320" inserted="80065" running="210" waiting="1255" ended="79855" arrived="79855" collisions="202" teleports="202" halting="6" stopped="0" meanWaitingTime="1331.44" meanTravelTime="391.78" meanSpeed="22.45" meanSpeedRelative="0.70" duration="1"/>
    <step time="76500.00" loaded="81512" inserted="80281" running="213" waiting="1231" ended="80068" arrived="80068" collisions="202" teleports="202" halting="2" stopped="0" meanWaitingTime="1333.58" meanTravelTime="391.45" meanSpeed="23.11" meanSpeedRelative="0.72" duration="1"/>
    <step time="76800.00" loaded="81706" inserted="80496" running="212" waiting="1210" ended="80284" arrived="80284" collisions="202" teleports="202" halting="3" stopped="0" meanWaitingTime="1335.95" meanTravelTime="391.16" meanSpeed="22.78" meanSpeedRelative="0.71" duration="1"/>
    <step time="77100.00" loaded="81891" inserted="80709" running="210" waiting="1182" ended="80499" arrived="80499" collisions="202" teleports="202" halting="7" stopped="0" meanWaitingTime="1337.78" meanTravelTime="390.90" meanSpeed="22.86" meanSpeedRelative="0.71" duration="2"/>
    <step time="77400.00" loaded="82107" inserted="80947" running="223" waiting="1160" ended="80724" arrived="80724" collisions="202" teleports="202" halting="0" stopped="0" meanWaitingTime="1339.11" meanTravelTime="390.60" meanSpeed="22.01" meanSpeedRelative="0.69" duration="2"/>
    <step time="77700.00" loaded="82310" inserted="81173" running="221" waiting="1137" ended="80952" arrived="80952" collisions="202" teleports="202" halting="2" stopped="0" meanWaitingTime="1340.55" meanTravelTime="390.31" meanSpeed="22.25" meanSpeedRelative="0.70" duration="1"/>
    <step time="78000.00" loaded="82508" inserted="81380" running="207" waiting="1128" ended="81173" arrived="81173" collisions="202" teleports="202" halting="6" stopped="0" meanWaitingTime="1343.03" meanTravelTime="389.99" meanSpeed="22.03" meanSpeedRelative="0.69" duration="1"/>
    <step time="78300.00" loaded="82686" inserted="81563" running="193" waiting="1123" ended="81370" arrived="81370" collisions="202" teleports="202" halting="4" stopped="0" meanWaitingTime="1344.85" meanTravelTime="389.83" meanSpeed="22.68" meanSpeedRelative="0.71" duration="1"/>
    <step time="78600.00" loaded="82868" inserted="81742" running="172" waiting="1126" ended="81570" arrived="81570" collisions="202" teleports="202" halting="2" stopped="0" meanWaitingTime="1347.30" meanTravelTime="389.67" meanSpeed="23.00" meanSpeedRelative="0.72" duration="1"/>
    <step time="78900.00" loaded="83026" inserted="81911" running="173" waiting="1115" ended="81738" arrived="81738" collisions="202" teleports="202" halting="8" stopped="0" meanWaitingTime="1349.92" meanTravelTime="389.44" meanSpeed="22.49" meanSpeedRelative="0.70" duration="1"/>
    <step time="79200.00" loaded="83234" inserted="82120" running="207" waiting="1114" ended="81913" arrived="81913" collisions="202" teleports="202" halting="11" stopped="0" meanWaitingTime="1352.48" meanTravelTime="389.26" meanSpeed="23.10" meanSpeedRelative="0.72" duration="81"/>
    <step time="79500.00" loaded="83433" inserted="82323" running="191" waiting="1110" ended="82132" arrived="82132" collisions="203" teleports="203" halting="2" stopped="0" meanWaitingTime="1354.91" meanTravelTime="388.99" meanSpeed="23.52" meanSpeedRelative="0.74" duration="1"/>
    <step time="79800.00" loaded="83592" inserted="82495" running="176" waiting="1097" ended="82319" arrived="82319" collisions="204" teleports="204" halting="5" stopped="0" meanWaitingTime="1357.62" meanTravelTime="388.79" meanSpeed="22.61" meanSpeedRelative="0.71" duration="2"/>
    <step time="80100.00" loaded="83782" inserted="82691" running="191" waiting="1091" ended="82500" arrived="82500" collisions="204" teleports="204" halting="7" stopped="0" meanWaitingTime="1359.41" meanTravelTime="388.54" meanSpeed="23.13" meanSpeedRelative="0.72" duration="2"/>
    <step time="80400.00" loaded="83957" inserted="82862" running="168" waiting="1095" ended="82694" arrived="82694" collisions="204" teleports="204" halting="2" stopped="0" meanWaitingTime="1362.46" meanTravelTime="388.32" meanSpeed="23.15" meanSpeedRelative="0.72" duration="1"/>
    <step time="80700.00" loaded="84139" inserted="83059" running="171" waiting="1080" ended="82888" arrived="82888" collisions="205" teleports="205" halting="4" stopped="0" meanWaitingTime="1365.41" meanTravelTime="388.12" meanSpeed="23.61" meanSpeedRelative="0.74" duration="1"/>
    <step time="81000.00" loaded="84296" inserted="83218" running="161" waiting="1078" ended="83057" arrived="83057" collisions="205" teleports="205" halting="6" stopped="0" meanWaitingTime="1368.46" meanTravelTime="387.95" meanSpeed="21.63" meanSpeedRelative="0.68" duration="1"/>
    <step time="81300.00" loaded="84466" inserted="83406" running="187" waiting="1060" ended="83219" arrived="83219" collisions="206" teleports="206" halting="6" stopped="0" meanWaitingTime="1371.89" meanTravelTime="387.76" meanSpeed="22.78" meanSpeedRelative="0.71" duration="1"/>
    <step time="81600.00" loaded="84618" inserted="83568" running="158" waiting="1050" ended="83410" arrived="83410" collisions="206" teleports="206" halting="5" stopped="0" meanWaitingTime="1375.24" meanTravelTime="387.55" meanSpeed="22.75" meanSpeedRelative="0.71" duration="1"/>
    <step time="81900.00" loaded="84816" inserted="83769" running="184" waiting="1047" ended="83585" arrived="83585" collisions="206" teleports="206" halting="5" stopped="0" meanWaitingTime="1377.69" meanTravelTime="387.39" meanSpeed="23.07" meanSpeedRelative="0.72" duration="1"/>
    <step time="82200.00" loaded="84999" inserted="83956" running="172" waiting="1043" ended="83784" arrived="83784" collisions="206" teleports="206" halting="3" stopped="0" meanWaitingTime="1380.94" meanTravelTime="387.11" meanSpeed="23.10" meanSpeedRelative="0.72" duration="2"/>
    <step time="82500.00" loaded="85184" inserted="84152" running="183" waiting="1032" ended="83969" arrived="83969" collisions="206" teleports="206" halting="1" stopped="0" meanWaitingTime="1383.25" meanTravelTime="386.87" meanSpeed="23.65" meanSpeedRelative="0.74" duration="1"/>
</summary>
