<?xml version="1.0" encoding="UTF-8"?>

<!-- generated on 2025-08-08 00:30:47 by Eclipse SUMO sumo Version 1.23.1
<sumoConfiguration xmlns:xsi="http://www.w3.org/2001/XMLSchema-instance" xsi:noNamespaceSchemaLocation="http://sumo.dlr.de/xsd/sumoConfiguration.xsd">

    <input>
        <net-file value="Desktop\Master Thesis\Network_fin.net.xml"/>
        <route-files value="Desktop\Master Thesis\demand_model_amsterdam.rou.xml"/>
        <additional-files value="Desktop\Master Thesis\Additionnal.add.xml"/>
    </input>

    <output>
        <summary-output value="outputf/summary_coor_alinea_1neigh_method2_K80_target5_92372.xml"/>
        <summary-output.period value="300"/>
        <tripinfo-output value="outputf/tripinfo_coor_alinea_1neigh_method2_K80_target5_92372.xml"/>
    </output>

    <time>
        <begin value="0"/>
        <end value="82800"/>
        <step-length value="1"/>
    </time>

    <processing>
        <time-to-teleport value="-1"/>
    </processing>

    <report>
        <verbose value="true"/>
        <no-step-log value="true"/>
    </report>

    <emissions>
        <device.emissions.period value="10"/>
    </emissions>

    <traci_server>
        <remote-port value="49259"/>
    </traci_server>

    <random_number>
        <seed value="92372"/>
    </random_number>

</sumoConfiguration>
-->

<summary xmlns:xsi="http://www.w3.org/2001/XMLSchema-instance" xsi:noNamespaceSchemaLocation="http://sumo.dlr.de/xsd/summary_file.xsd">
    <step time="0.00" loaded="0" inserted="0" running="0" waiting="0" ended="0" arrived="0" collisions="0" teleports="0" halting="0" stopped="0" meanWaitingTime="-1.00" meanTravelTime="-1.00" meanSpeed="-1.00" meanSpeedRelative="-1.00" duration="0"/>
    <step time="300.00" loaded="181" inserted="181" running="101" waiting="0" ended="80" arrived="80" collisions="0" teleports="0" halting="1" stopped="0" meanWaitingTime="0.54" meanTravelTime="97.45" meanSpeed="25.09" meanSpeedRelative="0.78" duration="1"/>
    <step time="600.00" loaded="369" inserted="367" running="141" waiting="2" ended="226" arrived="226" collisions="0" teleports="0" halting="0" stopped="0" meanWaitingTime="0.47" meanTravelTime="144.00" meanSpeed="24.57" meanSpeedRelative="0.77" duration="1"/>
    <step time="900.00" loaded="560" inserted="560" running="158" waiting="0" ended="402" arrived="402" collisions="0" teleports="0" halting="0" stopped="0" meanWaitingTime="0.43" meanTravelTime="171.27" meanSpeed="25.23" meanSpeedRelative="0.79" duration="1"/>
    <step time="1200.00" loaded="733" inserted="733" running="167" waiting="0" ended="566" arrived="566" collisions="0" teleports="0" halting="2" stopped="0" meanWaitingTime="0.43" meanTravelTime="192.59" meanSpeed="25.67" meanSpeedRelative="0.80" duration="1"/>
    <step time="1500.00" loaded="903" inserted="903" running="158" waiting="0" ended="745" arrived="745" collisions="0" teleports="0" halting="1" stopped="0" meanWaitingTime="0.44" meanTravelTime="213.33" meanSpeed="25.15" meanSpeedRelative="0.79" duration="1"/>
    <step time="1800.00" loaded="1104" inserted="1104" running="168" waiting="0" ended="936" arrived="936" collisions="0" teleports="0" halting="2" stopped="0" meanWaitingTime="0.43" meanTravelTime="220.57" meanSpeed="25.25" meanSpeedRelative="0.79" duration="1"/>
    <step time="2100.00" loaded="1309" inserted="1309" running="177" waiting="0" ended="1132" arrived="1132" collisions="0" teleports="0" halting="1" stopped="0" meanWaitingTime="0.43" meanTravelTime="226.95" meanSpeed="24.43" meanSpeedRelative="0.76" duration="1"/>
    <step time="2400.00" loaded="1486" inserted="1486" running="158" waiting="0" ended="1328" arrived="1328" collisions="0" teleports="0" halting="1" stopped="0" meanWaitingTime="0.44" meanTravelTime="229.48" meanSpeed="25.60" meanSpeedRelative="0.80" duration="1"/>
    <step time="2700.00" loaded="1667" inserted="1667" running="140" waiting="0" ended="1527" arrived="1527" collisions="0" teleports="0" halting="4" stopped="0" meanWaitingTime="0.45" meanTravelTime="234.60" meanSpeed="23.94" meanSpeedRelative="0.75" duration="1"/>
    <step time="3000.00" loaded="1836" inserted="1836" running="131" waiting="0" ended="1705" arrived="1705" collisions="1" teleports="1" halting="0" stopped="0" meanWaitingTime="0.43" meanTravelTime="236.23" meanSpeed="25.15" meanSpeedRelative="0.79" duration="1"/>
    <step time="3300.00" loaded="2018" inserted="2017" running="159" waiting="1" ended="1858" arrived="1858" collisions="2" teleports="2" halting="0" stopped="0" meanWaitingTime="0.45" meanTravelTime="235.19" meanSpeed="24.03" meanSpeedRelative="0.75" duration="1"/>
    <step time="3600.00" loaded="2205" inserted="2199" running="163" waiting="6" ended="2036" arrived="2036" collisions="2" teleports="2" halting="3" stopped="0" meanWaitingTime="0.91" meanTravelTime="237.00" meanSpeed="24.37" meanSpeedRelative="0.76" duration="85"/>
    <step time="3900.00" loaded="2319" inserted="2319" running="120" waiting="0" ended="2199" arrived="2199" collisions="2" teleports="2" halting="3" stopped="0" meanWaitingTime="1.47" meanTravelTime="239.13" meanSpeed="24.64" meanSpeedRelative="0.77" duration="0"/>
    <step time="4200.00" loaded="2422" inserted="2422" running="94" waiting="0" ended="2328" arrived="2328" collisions="2" teleports="2" halting="2" stopped="0" meanWaitingTime="1.42" meanTravelTime="242.70" meanSpeed="25.71" meanSpeedRelative="0.80" duration="0"/>
    <step time="4500.00" loaded="2529" inserted="2529" running="94" waiting="0" ended="2435" arrived="2435" collisions="2" teleports="2" halting="1" stopped="0" meanWaitingTime="1.37" meanTravelTime="244.84" meanSpeed="25.69" meanSpeedRelative="0.80" duration="1"/>
    <step time="4800.00" loaded="2662" inserted="2660" running="110" waiting="2" ended="2550" arrived="2550" collisions="2" teleports="2" halting="2" stopped="0" meanWaitingTime="1.36" meanTravelTime="244.90" meanSpeed="24.30" meanSpeedRelative="0.76" duration="1"/>
    <step time="5100.00" loaded="2766" inserted="2766" running="83" waiting="0" ended="2683" arrived="2683" collisions="2" teleports="2" halting="1" stopped="0" meanWaitingTime="1.32" meanTravelTime="244.53" meanSpeed="25.78" meanSpeedRelative="0.81" duration="1"/>
    <step time="5400.00" loaded="2868" inserted="2868" running="94" waiting="0" ended="2774" arrived="2774" collisions="3" teleports="3" halting="1" stopped="0" meanWaitingTime="1.28" meanTravelTime="245.38" meanSpeed="26.04" meanSpeedRelative="0.81" duration="1"/>
    <step time="5700.00" loaded="2974" inserted="2974" running="88" waiting="0" ended="2886" arrived="2886" collisions="3" teleports="3" halting="2" stopped="0" meanWaitingTime="1.24" meanTravelTime="245.40" meanSpeed="26.36" meanSpeedRelative="0.82" duration="1"/>
    <step time="6000.00" loaded="3081" inserted="3081" running="88" waiting="0" ended="2993" arrived="2993" collisions="3" teleports="3" halting="0" stopped="0" meanWaitingTime="1.20" meanTravelTime="244.73" meanSpeed="24.90" meanSpeedRelative="0.78" duration="0"/>
    <step time="6300.00" loaded="3191" inserted="3191" running="98" waiting="0" ended="3093" arrived="3093" collisions="4" teleports="4" halting="1" stopped="0" meanWaitingTime="1.17" meanTravelTime="243.36" meanSpeed="26.23" meanSpeedRelative="0.82" duration="0"/>
    <step time="6600.00" loaded="3313" inserted="3313" running="105" waiting="0" ended="3208" arrived="3208" collisions="4" teleports="4" halting="1" stopped="0" meanWaitingTime="1.14" meanTravelTime="244.76" meanSpeed="25.71" meanSpeedRelative="0.80" duration="1"/>
    <step time="6900.00" loaded="3414" inserted="3414" running="91" waiting="0" ended="3323" arrived="3323" collisions="5" teleports="5" halting="1" stopped="0" meanWaitingTime="1.11" meanTravelTime="245.29" meanSpeed="25.46" meanSpeedRelative="0.80" duration="0"/>
    <step time="7200.00" loaded="3528" inserted="3523" running="92" waiting="5" ended="3431" arrived="3431" collisions="5" teleports="5" halting="3" stopped="0" meanWaitingTime="1.21" meanTravelTime="245.87" meanSpeed="25.02" meanSpeedRelative="0.78" duration="85"/>
    <step time="7500.00" loaded="3685" inserted="3672" running="121" waiting="13" ended="3551" arrived="3551" collisions="5" teleports="5" halting="1" stopped="0" meanWaitingTime="1.56" meanTravelTime="245.58" meanSpeed="25.08" meanSpeedRelative="0.78" duration="1"/>
    <step time="7800.00" loaded="3845" inserted="3838" running="141" waiting="7" ended="3697" arrived="3697" collisions="5" teleports="5" halting="1" stopped="0" meanWaitingTime="2.30" meanTravelTime="246.21" meanSpeed="25.07" meanSpeedRelative="0.78" duration="1"/>
    <step time="8100.00" loaded="4018" inserted="3995" running="137" waiting="23" ended="3858" arrived="3858" collisions="5" teleports="5" halting="2" stopped="0" meanWaitingTime="2.94" meanTravelTime="246.03" meanSpeed="24.57" meanSpeedRelative="0.77" duration="1"/>
    <step time="8400.00" loaded="4169" inserted="4140" running="151" waiting="29" ended="3989" arrived="3989" collisions="5" teleports="5" halting="1" stopped="0" meanWaitingTime="4.37" meanTravelTime="245.80" meanSpeed="25.07" meanSpeedRelative="0.78" duration="0"/>
    <step time="8700.00" loaded="4317" inserted="4291" running="123" waiting="26" ended="4168" arrived="4168" collisions="5" teleports="5" halting="1" stopped="0" meanWaitingTime="6.07" meanTravelTime="248.70" meanSpeed="24.66" meanSpeedRelative="0.77" duration="1"/>
    <step time="9000.00" loaded="4477" inserted="4441" running="128" waiting="36" ended="4313" arrived="4313" collisions="5" teleports="5" halting="1" stopped="0" meanWaitingTime="7.56" meanTravelTime="248.04" meanSpeed="24.35" meanSpeedRelative="0.76" duration="1"/>
    <step time="9300.00" loaded="4637" inserted="4600" running="128" waiting="37" ended="4472" arrived="4472" collisions="5" teleports="5" halting="2" stopped="0" meanWaitingTime="9.41" meanTravelTime="248.42" meanSpeed="24.50" meanSpeedRelative="0.77" duration="1"/>
    <step time="9600.00" loaded="4793" inserted="4752" running="125" waiting="41" ended="4627" arrived="4627" collisions="5" teleports="5" halting="2" stopped="0" meanWaitingTime="11.32" meanTravelTime="248.86" meanSpeed="24.67" meanSpeedRelative="0.77" duration="1"/>
    <step time="9900.00" loaded="4953" inserted="4916" running="128" waiting="37" ended="4788" arrived="4788" collisions="5" teleports="5" halting="3" stopped="0" meanWaitingTime="13.28" meanTravelTime="248.87" meanSpeed="23.84" meanSpeedRelative="0.75" duration="1"/>
    <step time="10200.00" loaded="5102" inserted="5054" running="115" waiting="48" ended="4939" arrived="4939" collisions="5" teleports="5" halting="1" stopped="0" meanWaitingTime="15.04" meanTravelTime="248.98" meanSpeed="25.25" meanSpeedRelative="0.79" duration="1"/>
    <step time="10500.00" loaded="5246" inserted="5194" running="113" waiting="52" ended="5081" arrived="5081" collisions="5" teleports="5" halting="1" stopped="0" meanWaitingTime="17.03" meanTravelTime="248.57" meanSpeed="24.56" meanSpeedRelative="0.77" duration="1"/>
    <step time="10800.00" loaded="5391" inserted="5337" running="108" waiting="54" ended="5229" arrived="5229" collisions="5" teleports="5" halting="1" stopped="0" meanWaitingTime="19.54" meanTravelTime="247.96" meanSpeed="25.10" meanSpeedRelative="0.78" duration="86"/>
    <step time="11100.00" loaded="5531" inserted="5473" running="107" waiting="58" ended="5366" arrived="5366" collisions="5" teleports="5" halting="3" stopped="0" meanWaitingTime="21.71" meanTravelTime="248.21" meanSpeed="23.39" meanSpeedRelative="0.73" duration="1"/>
    <step time="11400.00" loaded="5674" inserted="5620" running="121" waiting="54" ended="5499" arrived="5499" collisions="5" teleports="5" halting="0" stopped="0" meanWaitingTime="24.06" meanTravelTime="247.52" meanSpeed="24.56" meanSpeedRelative="0.77" duration="1"/>
    <step time="11700.00" loaded="5832" inserted="5780" running="126" waiting="52" ended="5654" arrived="5654" collisions="6" teleports="6" halting="4" stopped="0" meanWaitingTime="26.66" meanTravelTime="247.85" meanSpeed="23.58" meanSpeedRelative="0.74" duration="1"/>
    <step time="12000.00" loaded="5972" inserted="5916" running="111" waiting="56" ended="5805" arrived="5805" collisions="6" teleports="6" halting="1" stopped="0" meanWaitingTime="28.22" meanTravelTime="247.30" meanSpeed="24.76" meanSpeedRelative="0.77" duration="1"/>
    <step time="12300.00" loaded="6105" inserted="6051" running="101" waiting="54" ended="5950" arrived="5950" collisions="6" teleports="6" halting="0" stopped="0" meanWaitingTime="30.25" meanTravelTime="247.21" meanSpeed="24.56" meanSpeedRelative="0.77" duration="0"/>
    <step time="12600.00" loaded="6250" inserted="6198" running="116" waiting="52" ended="6082" arrived="6082" collisions="6" teleports="6" halting="2" stopped="0" meanWaitingTime="32.34" meanTravelTime="247.14" meanSpeed="24.10" meanSpeedRelative="0.75" duration="1"/>
    <step time="12900.00" loaded="6391" inserted="6343" running="115" waiting="48" ended="6228" arrived="6228" collisions="6" teleports="6" halting="0" stopped="0" meanWaitingTime="34.36" meanTravelTime="246.27" meanSpeed="24.70" meanSpeedRelative="0.77" duration="1"/>
    <step time="13200.00" loaded="6539" inserted="6473" running="106" waiting="66" ended="6367" arrived="6367" collisions="6" teleports="6" halting="0" stopped="0" meanWaitingTime="35.88" meanTravelTime="246.42" meanSpeed="24.93" meanSpeedRelative="0.78" duration="0"/>
    <step time="13500.00" loaded="6675" inserted="6615" running="106" waiting="60" ended="6509" arrived="6509" collisions="6" teleports="6" halting="3" stopped="0" meanWaitingTime="37.46" meanTravelTime="246.03" meanSpeed="23.84" meanSpeedRelative="0.74" duration="1"/>
    <step time="13800.00" loaded="6834" inserted="6773" running="127" waiting="61" ended="6646" arrived="6646" collisions="6" teleports="6" halting="6" stopped="0" meanWaitingTime="39.04" meanTravelTime="245.58" meanSpeed="23.32" meanSpeedRelative="0.73" duration="1"/>
    <step time="14100.00" loaded="6988" inserted="6916" running="106" waiting="72" ended="6810" arrived="6810" collisions="6" teleports="6" halting="0" stopped="0" meanWaitingTime="40.95" meanTravelTime="245.34" meanSpeed="25.32" meanSpeedRelative="0.79" duration="1"/>
    <step time="14400.00" loaded="7164" inserted="7082" running="118" waiting="82" ended="6964" arrived="6964" collisions="6" teleports="6" halting="1" stopped="0" meanWaitingTime="42.50" meanTravelTime="245.33" meanSpeed="25.53" meanSpeedRelative="0.80" duration="87"/>
    <step time="14700.00" loaded="7263" inserted="7190" running="103" waiting="73" ended="7087" arrived="7087" collisions="6" teleports="6" halting="2" stopped="0" meanWaitingTime="44.25" meanTravelTime="244.94" meanSpeed="23.91" meanSpeedRelative="0.75" duration="0"/>
    <step time="15000.00" loaded="7371" inserted="7293" running="84" waiting="78" ended="7209" arrived="7209" collisions="6" teleports="6" halting="1" stopped="0" meanWaitingTime="46.12" meanTravelTime="244.98" meanSpeed="22.93" meanSpeedRelative="0.72" duration="0"/>
    <step time="15300.00" loaded="7477" inserted="7400" running="73" waiting="77" ended="7327" arrived="7327" collisions="6" teleports="6" halting="1" stopped="0" meanWaitingTime="48.67" meanTravelTime="245.19" meanSpeed="25.04" meanSpeedRelative="0.78" duration="0"/>
    <step time="15600.00" loaded="7559" inserted="7484" running="59" waiting="75" ended="7425" arrived="7425" collisions="6" teleports="6" halting="2" stopped="0" meanWaitingTime="51.20" meanTravelTime="245.34" meanSpeed="23.43" meanSpeedRelative="0.73" duration="0"/>
    <step time="15900.00" loaded="7661" inserted="7593" running="78" waiting="68" ended="7515" arrived="7515" collisions="6" teleports="6" halting="5" stopped="0" meanWaitingTime="53.62" meanTravelTime="244.99" meanSpeed="22.64" meanSpeedRelative="0.71" duration="1"/>
    <step time="16200.00" loaded="7781" inserted="7721" running="103" waiting="60" ended="7618" arrived="7618" collisions="6" teleports="6" halting="0" stopped="0" meanWaitingTime="56.02" meanTravelTime="244.23" meanSpeed="23.07" meanSpeedRelative="0.72" duration="1"/>
    <step time="16500.00" loaded="7884" inserted="7830" running="87" waiting="54" ended="7743" arrived="7743" collisions="6" teleports="6" halting="1" stopped="0" meanWaitingTime="58.03" meanTravelTime="243.68" meanSpeed="24.23" meanSpeedRelative="0.76" duration="1"/>
    <step time="16800.00" loaded="7987" inserted="7942" running="89" waiting="45" ended="7853" arrived="7853" collisions="6" teleports="6" halting="1" stopped="0" meanWaitingTime="59.79" meanTravelTime="243.51" meanSpeed="23.94" meanSpeedRelative="0.75" duration="1"/>
    <step time="17100.00" loaded="8084" inserted="8042" running="91" waiting="42" ended="7951" arrived="7951" collisions="6" teleports="6" halting="6" stopped="0" meanWaitingTime="61.00" meanTravelTime="243.74" meanSpeed="22.65" meanSpeedRelative="0.71" duration="1"/>
    <step time="17400.00" loaded="8183" inserted="8149" running="83" waiting="34" ended="8066" arrived="8066" collisions="6" teleports="6" halting="1" stopped="0" meanWaitingTime="62.05" meanTravelTime="243.97" meanSpeed="23.92" meanSpeedRelative="0.75" duration="0"/>
    <step time="17700.00" loaded="8285" inserted="8255" running="79" waiting="30" ended="8176" arrived="8176" collisions="6" teleports="6" halting="0" stopped="0" meanWaitingTime="62.78" meanTravelTime="243.80" meanSpeed="24.82" meanSpeedRelative="0.78" duration="0"/>
    <step time="18000.00" loaded="8384" inserted="8358" running="75" waiting="26" ended="8283" arrived="8283" collisions="6" teleports="6" halting="3" stopped="0" meanWaitingTime="63.18" meanTravelTime="243.32" meanSpeed="24.69" meanSpeedRelative="0.77" duration="82"/>
    <step time="18300.00" loaded="8595" inserted="8556" running="148" waiting="39" ended="8408" arrived="8408" collisions="6" teleports="6" halting="0" stopped="0" meanWaitingTime="62.73" meanTravelTime="242.69" meanSpeed="23.85" meanSpeedRelative="0.75" duration="1"/>
    <step time="18600.00" loaded="8805" inserted="8758" running="155" waiting="47" ended="8603" arrived="8603" collisions="6" teleports="6" halting="0" stopped="0" meanWaitingTime="62.41" meanTravelTime="241.75" meanSpeed="24.88" meanSpeedRelative="0.78" duration="0"/>
    <step time="18900.00" loaded="8989" inserted="8935" running="143" waiting="54" ended="8792" arrived="8792" collisions="6" teleports="6" halting="1" stopped="0" meanWaitingTime="62.38" meanTravelTime="241.76" meanSpeed="25.74" meanSpeedRelative="0.80" duration="1"/>
    <step time="19200.00" loaded="9182" inserted="9110" running="152" waiting="72" ended="8958" arrived="8958" collisions="6" teleports="6" halting="1" stopped="0" meanWaitingTime="62.58" meanTravelTime="242.25" meanSpeed="24.37" meanSpeedRelative="0.76" duration="1"/>
    <step time="19500.00" loaded="9372" inserted="9287" running="146" waiting="85" ended="9141" arrived="9141" collisions="6" teleports="6" halting="2" stopped="0" meanWaitingTime="63.20" meanTravelTime="242.53" meanSpeed="25.35" meanSpeedRelative="0.79" duration="1"/>
    <step time="19800.00" loaded="9588" inserted="9491" running="159" waiting="97" ended="9332" arrived="9332" collisions="6" teleports="6" halting="1" stopped="0" meanWaitingTime="63.97" meanTravelTime="242.37" meanSpeed="24.30" meanSpeedRelative="0.76" duration="1"/>
    <step time="20100.00" loaded="9774" inserted="9675" running="137" waiting="99" ended="9538" arrived="9538" collisions="6" teleports="6" halting="6" stopped="0" meanWaitingTime="65.28" meanTravelTime="242.40" meanSpeed="23.57" meanSpeedRelative="0.74" duration="1"/>
    <step time="20400.00" loaded="9986" inserted="9877" running="155" waiting="109" ended="9722" arrived="9722" collisions="6" teleports="6" halting="0" stopped="0" meanWaitingTime="66.88" meanTravelTime="242.40" meanSpeed="24.35" meanSpeedRelative="0.76" duration="1"/>
    <step time="20700.00" loaded="10186" inserted="10074" running="180" waiting="112" ended="9894" arrived="9894" collisions="6" teleports="6" halting="5" stopped="0" meanWaitingTime="68.51" meanTravelTime="242.37" meanSpeed="23.08" meanSpeedRelative="0.72" duration="2"/>
    <step time="21000.00" loaded="10363" inserted="10247" running="156" waiting="116" ended="10091" arrived="10091" collisions="6" teleports="6" halting="7" stopped="0" meanWaitingTime="69.81" meanTravelTime="242.96" meanSpeed="23.87" meanSpeedRelative="0.75" duration="0"/>
    <step time="21300.00" loaded="10564" inserted="10435" running="157" waiting="129" ended="10278" arrived="10278" collisions="6" teleports="6" halting="3" stopped="0" meanWaitingTime="71.08" meanTravelTime="243.35" meanSpeed="23.93" meanSpeedRelative="0.75" duration="0"/>
    <step time="21600.00" loaded="10764" inserted="10627" running="168" waiting="137" ended="10459" arrived="10459" collisions="7" teleports="7" halting="2" stopped="0" meanWaitingTime="72.85" meanTravelTime="243.91" meanSpeed="24.16" meanSpeedRelative="0.75" duration="79"/>
    <step time="21900.00" loaded="11237" inserted="11050" running="316" waiting="187" ended="10734" arrived="10734" collisions="7" teleports="7" halting="3" stopped="0" meanWaitingTime="75.69" meanTravelTime="243.57" meanSpeed="22.46" meanSpeedRelative="0.70" duration="2"/>
    <step time="22200.00" loaded="11720" inserted="11478" running="406" waiting="242" ended="11072" arrived="11072" collisions="8" teleports="8" halting="8" stopped="0" meanWaitingTime="78.09" meanTravelTime="243.15" meanSpeed="21.25" meanSpeedRelative="0.66" duration="2"/>
    <step time="22500.00" loaded="12185" inserted="11890" running="423" waiting="295" ended="11467" arrived="11467" collisions="8" teleports="8" halting="10" stopped="0" meanWaitingTime="81.11" meanTravelTime="244.46" meanSpeed="20.41" meanSpeedRelative="0.64" duration="2"/>
    <step time="22800.00" loaded="12655" inserted="12321" running="454" waiting="334" ended="11867" arrived="11867" collisions="9" teleports="9" halting="2" stopped="0" meanWaitingTime="84.91" meanTravelTime="246.57" meanSpeed="20.21" meanSpeedRelative="0.63" duration="3"/>
    <step time="23100.00" loaded="13155" inserted="12767" running="478" waiting="388" ended="12289" arrived="12289" collisions="9" teleports="9" halting="6" stopped="0" meanWaitingTime="88.95" meanTravelTime="248.41" meanSpeed="19.95" meanSpeedRelative="0.62" duration="3"/>
    <step time="23400.00" loaded="13593" inserted="13142" running="454" waiting="451" ended="12688" arrived="12688" collisions="9" teleports="9" halting="7" stopped="0" meanWaitingTime="93.78" meanTravelTime="251.61" meanSpeed="19.72" meanSpeedRelative="0.62" duration="2"/>
    <step time="23700.00" loaded="14038" inserted="13552" running="441" waiting="486" ended="13111" arrived="13111" collisions="10" teleports="10" halting="9" stopped="0" meanWaitingTime="99.21" meanTravelTime="254.40" meanSpeed="20.25" meanSpeedRelative="0.63" duration="2"/>
    <step time="24000.00" loaded="14487" inserted="13984" running="466" waiting="503" ended="13518" arrived="13518" collisions="12" teleports="12" halting="8" stopped="0" meanWaitingTime="105.05" meanTravelTime="256.79" meanSpeed="19.71" meanSpeedRelative="0.62" duration="2"/>
    <step time="24300.00" loaded="14947" inserted="14397" running="465" waiting="550" ended="13932" arrived="13932" collisions="12" teleports="12" halting="3" stopped="0" meanWaitingTime="110.91" meanTravelTime="258.84" meanSpeed="20.64" meanSpeedRelative="0.64" duration="3"/>
    <step time="24600.00" loaded="15441" inserted="14840" running="498" waiting="601" ended="14342" arrived="14342" collisions="14" teleports="14" halting="8" stopped="0" meanWaitingTime="117.45" meanTravelTime="261.08" meanSpeed="19.68" meanSpeedRelative="0.62" duration="2"/>
    <step time="24900.00" loaded="15941" inserted="15277" running="501" waiting="664" ended="14776" arrived="14776" collisions="17" teleports="17" halting="11" stopped="0" meanWaitingTime="125.17" meanTravelTime="263.44" meanSpeed="18.82" meanSpeedRelative="0.59" duration="3"/>
    <step time="25200.00" loaded="16415" inserted="15688" running="483" waiting="727" ended="15205" arrived="15205" collisions="18" teleports="18" halting="11" stopped="0" meanWaitingTime="132.43" meanTravelTime="265.61" meanSpeed="18.34" meanSpeedRelative="0.57" duration="85"/>
    <step time="25500.00" loaded="17018" inserted="16140" running="512" waiting="878" ended="15628" arrived="15628" collisions="20" teleports="20" halting="10" stopped="0" meanWaitingTime="139.74" meanTravelTime="267.64" meanSpeed="19.23" meanSpeedRelative="0.60" duration="2"/>
    <step time="25800.00" loaded="17554" inserted="16611" running="544" waiting="943" ended="16067" arrived="16067" collisions="21" teleports="21" halting="13" stopped="0" meanWaitingTime="148.17" meanTravelTime="269.59" meanSpeed="18.71" meanSpeedRelative="0.58" duration="3"/>
    <step time="26100.00" loaded="18119" inserted="17072" running="565" waiting="1047" ended="16507" arrived="16507" collisions="23" teleports="23" halting="5" stopped="0" meanWaitingTime="156.84" meanTravelTime="272.06" meanSpeed="17.98" meanSpeedRelative="0.56" duration="3"/>
    <step time="26400.00" loaded="18693" inserted="17550" running="571" waiting="1143" ended="16979" arrived="16979" collisions="23" teleports="23" halting="5" stopped="0" meanWaitingTime="166.07" meanTravelTime="274.40" meanSpeed="18.20" meanSpeedRelative="0.57" duration="7"/>
    <step time="26700.00" loaded="19269" inserted="18001" running="530" waiting="1268" ended="17471" arrived="17471" collisions="23" teleports="23" halting="12" stopped="0" meanWaitingTime="176.08" meanTravelTime="277.09" meanSpeed="17.56" meanSpeedRelative="0.55" duration="4"/>
    <step time="27000.00" loaded="19837" inserted="18469" running="537" waiting="1368" ended="17932" arrived="17932" collisions="25" teleports="25" halting="14" stopped="0" meanWaitingTime="187.06" meanTravelTime="278.85" meanSpeed="17.25" meanSpeedRelative="0.54" duration="4"/>
    <step time="27300.00" loaded="20406" inserted="18934" running="571" waiting="1472" ended="18363" arrived="18363" collisions="25" teleports="25" halting="10" stopped="0" meanWaitingTime="198.68" meanTravelTime="280.53" meanSpeed="17.43" meanSpeedRelative="0.54" duration="4"/>
    <step time="27600.00" loaded="20946" inserted="19396" running="586" waiting="1550" ended="18810" arrived="18810" collisions="25" teleports="25" halting="8" stopped="0" meanWaitingTime="211.76" meanTravelTime="282.38" meanSpeed="16.07" meanSpeedRelative="0.50" duration="3"/>
    <step time="27900.00" loaded="21485" inserted="19853" running="608" waiting="1632" ended="19245" arrived="19245" collisions="26" teleports="26" halting="10" stopped="0" meanWaitingTime="224.15" meanTravelTime="284.92" meanSpeed="16.34" meanSpeedRelative="0.51" duration="5"/>
    <step time="28200.00" loaded="22033" inserted="20311" running="615" waiting="1722" ended="19696" arrived="19696" collisions="27" teleports="27" halting="6" stopped="0" meanWaitingTime="237.63" meanTravelTime="287.66" meanSpeed="16.26" meanSpeedRelative="0.51" duration="3"/>
    <step time="28500.00" loaded="22629" inserted="20780" running="604" waiting="1849" ended="20176" arrived="20176" collisions="27" teleports="27" halting="9" stopped="0" meanWaitingTime="251.33" meanTravelTime="290.02" meanSpeed="16.36" meanSpeedRelative="0.51" duration="3"/>
    <step time="28800.00" loaded="23189" inserted="21235" running="643" waiting="1954" ended="20592" arrived="20592" collisions="29" teleports="29" halting="7" stopped="0" meanWaitingTime="266.39" meanTravelTime="291.68" meanSpeed="15.74" meanSpeedRelative="0.49" duration="90"/>
    <step time="29100.00" loaded="23561" inserted="21663" running="637" waiting="1898" ended="21026" arrived="21026" collisions="30" teleports="30" halting="39" stopped="0" meanWaitingTime="280.80" meanTravelTime="294.43" meanSpeed="14.51" meanSpeedRelative="0.45" duration="4"/>
    <step time="29400.00" loaded="23901" inserted="22059" running="564" waiting="1842" ended="21495" arrived="21495" collisions="30" teleports="30" halting="11" stopped="0" meanWaitingTime="295.90" meanTravelTime="297.46" meanSpeed="16.90" meanSpeedRelative="0.53" duration="4"/>
    <step time="29700.00" loaded="24276" inserted="22526" running="601" waiting="1750" ended="21925" arrived="21925" collisions="31" teleports="31" halting="11" stopped="0" meanWaitingTime="311.80" meanTravelTime="299.82" meanSpeed="16.41" meanSpeedRelative="0.51" duration="5"/>
    <step time="30000.00" loaded="24603" inserted="22947" running="555" waiting="1656" ended="22392" arrived="22392" collisions="31" teleports="31" halting="10" stopped="0" meanWaitingTime="327.23" meanTravelTime="301.70" meanSpeed="17.17" meanSpeedRelative="0.54" duration="3"/>
    <step time="30300.00" loaded="24963" inserted="23383" running="535" waiting="1580" ended="22848" arrived="22848" collisions="31" teleports="31" halting="8" stopped="0" meanWaitingTime="340.87" meanTravelTime="303.60" meanSpeed="17.54" meanSpeedRelative="0.55" duration="3"/>
    <step time="30600.00" loaded="25310" inserted="23785" running="515" waiting="1525" ended="23270" arrived="23270" collisions="34" teleports="34" halting="10" stopped="0" meanWaitingTime="354.17" meanTravelTime="305.14" meanSpeed="17.48" meanSpeedRelative="0.55" duration="3"/>
    <step time="30900.00" loaded="25653" inserted="24169" running="452" waiting="1484" ended="23717" arrived="23717" collisions="34" teleports="34" halting="1" stopped="0" meanWaitingTime="368.06" meanTravelTime="306.48" meanSpeed="18.24" meanSpeedRelative="0.57" duration="3"/>
    <step time="31200.00" loaded="25995" inserted="24569" running="429" waiting="1426" ended="24140" arrived="24140" collisions="34" teleports="34" halting="4" stopped="0" meanWaitingTime="381.98" meanTravelTime="307.21" meanSpeed="18.84" meanSpeedRelative="0.59" duration="3"/>
    <step time="31500.00" loaded="26373" inserted="24999" running="453" waiting="1374" ended="24546" arrived="24546" collisions="36" teleports="36" halting="4" stopped="0" meanWaitingTime="395.68" meanTravelTime="307.68" meanSpeed="18.76" meanSpeedRelative="0.59" duration="2"/>
    <step time="31800.00" loaded="26724" inserted="25398" running="446" waiting="1326" ended="24952" arrived="24952" collisions="36" teleports="36" halting="8" stopped="0" meanWaitingTime="408.26" meanTravelTime="308.10" meanSpeed="18.13" meanSpeedRelative="0.57" duration="3"/>
    <step time="32100.00" loaded="27082" inserted="25794" running="454" waiting="1288" ended="25340" arrived="25340" collisions="36" teleports="36" halting="7" stopped="0" meanWaitingTime="419.73" meanTravelTime="308.38" meanSpeed="18.47" meanSpeedRelative="0.58" duration="2"/>
    <step time="32400.00" loaded="27439" inserted="26217" running="469" waiting="1222" ended="25748" arrived="25748" collisions="37" teleports="37" halting="6" stopped="0" meanWaitingTime="429.81" meanTravelTime="308.56" meanSpeed="18.53" meanSpeedRelative="0.58" duration="86"/>
    <step time="32700.00" loaded="27714" inserted="26568" running="432" waiting="1146" ended="26136" arrived="26136" collisions="37" teleports="37" halting="7" stopped="0" meanWaitingTime="439.68" meanTravelTime="309.14" meanSpeed="19.84" meanSpeedRelative="0.62" duration="3"/>
    <step time="33000.00" loaded="27969" inserted="26885" running="363" waiting="1084" ended="26522" arrived="26522" collisions="37" teleports="37" halting="7" stopped="0" meanWaitingTime="448.95" meanTravelTime="310.02" meanSpeed="20.63" meanSpeedRelative="0.64" duration="2"/>
    <step time="33300.00" loaded="28218" inserted="27223" running="347" waiting="995" ended="26876" arrived="26876" collisions="41" teleports="41" halting="3" stopped="0" meanWaitingTime="458.20" meanTravelTime="310.23" meanSpeed="20.02" meanSpeedRelative="0.63" duration="2"/>
    <step time="33600.00" loaded="28499" inserted="27572" running="349" waiting="927" ended="27223" arrived="27223" collisions="46" teleports="46" halting="6" stopped="0" meanWaitingTime="465.77" meanTravelTime="310.16" meanSpeed="21.10" meanSpeedRelative="0.66" duration="2"/>
    <step time="33900.00" loaded="28764" inserted="27902" running="317" waiting="862" ended="27585" arrived="27585" collisions="46" teleports="46" halting="9" stopped="0" meanWaitingTime="473.21" meanTravelTime="310.15" meanSpeed="20.88" meanSpeedRelative="0.65" duration="1"/>
    <step time="34200.00" loaded="29052" inserted="28242" running="330" waiting="810" ended="27912" arrived="27912" collisions="46" teleports="46" halting="6" stopped="0" meanWaitingTime="479.22" meanTravelTime="309.99" meanSpeed="20.68" meanSpeedRelative="0.65" duration="2"/>
    <step time="34500.00" loaded="29300" inserted="28567" running="307" waiting="733" ended="28260" arrived="28260" collisions="46" teleports="46" halting="3" stopped="0" meanWaitingTime="484.90" meanTravelTime="309.83" meanSpeed="20.83" meanSpeedRelative="0.65" duration="2"/>
    <step time="34800.00" loaded="29591" inserted="28932" running="341" waiting="659" ended="28591" arrived="28591" collisions="46" teleports="46" halting="3" stopped="0" meanWaitingTime="489.16" meanTravelTime="309.40" meanSpeed="21.24" meanSpeedRelative="0.66" duration="2"/>
    <step time="35100.00" loaded="29862" inserted="29265" running="326" waiting="597" ended="28939" arrived="28939" collisions="46" teleports="46" halting="7" stopped="0" meanWaitingTime="492.71" meanTravelTime="309.22" meanSpeed="19.88" meanSpeedRelative="0.62" duration="4"/>
    <step time="35400.00" loaded="30122" inserted="29586" running="314" waiting="536" ended="29272" arrived="29272" collisions="47" teleports="47" halting="7" stopped="0" meanWaitingTime="495.33" meanTravelTime="309.04" meanSpeed="20.73" meanSpeedRelative="0.65" duration="2"/>
    <step time="35700.00" loaded="30372" inserted="29874" running="295" waiting="498" ended="29579" arrived="29579" collisions="47" teleports="47" halting="4" stopped="0" meanWaitingTime="497.72" meanTravelTime="308.71" meanSpeed="20.74" meanSpeedRelative="0.65" duration="2"/>
    <step time="36000.00" loaded="30623" inserted="30136" running="259" waiting="487" ended="29877" arrived="29877" collisions="47" teleports="47" halting="8" stopped="0" meanWaitingTime="499.83" meanTravelTime="308.84" meanSpeed="21.91" meanSpeedRelative="0.68" duration="82"/>
    <step time="36300.00" loaded="31120" inserted="30585" running="381" waiting="535" ended="30204" arrived="30204" collisions="48" teleports="48" halting="7" stopped="0" meanWaitingTime="500.08" meanTravelTime="308.36" meanSpeed="21.03" meanSpeedRelative="0.66" duration="3"/>
    <step time="36600.00" loaded="31582" inserted="31035" running="428" waiting="547" ended="30607" arrived="30607" collisions="48" teleports="48" halting="5" stopped="0" meanWaitingTime="500.02" meanTravelTime="307.84" meanSpeed="20.56" meanSpeedRelative="0.64" duration="2"/>
    <step time="36900.00" loaded="32048" inserted="31482" running="439" waiting="566" ended="31043" arrived="31043" collisions="50" teleports="50" halting="10" stopped="0" meanWaitingTime="499.49" meanTravelTime="307.43" meanSpeed="19.29" meanSpeedRelative="0.60" duration="3"/>
    <step time="37200.00" loaded="32480" inserted="31918" running="490" waiting="562" ended="31428" arrived="31428" collisions="50" teleports="50" halting="6" stopped="0" meanWaitingTime="498.27" meanTravelTime="307.40" meanSpeed="19.60" meanSpeedRelative="0.61" duration="3"/>
    <step time="37500.00" loaded="32957" inserted="32381" running="522" waiting="576" ended="31859" arrived="31859" collisions="50" teleports="50" halting="7" stopped="0" meanWaitingTime="496.66" meanTravelTime="307.74" meanSpeed="18.09" meanSpeedRelative="0.57" duration="3"/>
    <step time="37800.00" loaded="33414" inserted="32820" running="505" waiting="594" ended="32315" arrived="32315" collisions="50" teleports="50" halting="9" stopped="0" meanWaitingTime="495.58" meanTravelTime="307.86" meanSpeed="19.47" meanSpeedRelative="0.61" duration="2"/>
    <step time="38100.00" loaded="33873" inserted="33245" running="493" waiting="628" ended="32752" arrived="32752" collisions="56" teleports="56" halting="10" stopped="0" meanWaitingTime="494.06" meanTravelTime="308.59" meanSpeed="19.65" meanSpeedRelative="0.61" duration="3"/>
    <step time="38400.00" loaded="34345" inserted="33683" running="486" waiting="662" ended="33197" arrived="33197" collisions="57" teleports="57" halting="8" stopped="0" meanWaitingTime="492.84" meanTravelTime="309.06" meanSpeed="19.39" meanSpeedRelative="0.61" duration="4"/>
    <step time="38700.00" loaded="34831" inserted="34144" running="510" waiting="687" ended="33634" arrived="33634" collisions="58" teleports="58" halting="5" stopped="0" meanWaitingTime="491.51" meanTravelTime="309.42" meanSpeed="19.11" meanSpeedRelative="0.60" duration="3"/>
    <step time="39000.00" loaded="35294" inserted="34595" running="481" waiting="699" ended="34114" arrived="34114" collisions="63" teleports="63" halting="6" stopped="0" meanWaitingTime="490.66" meanTravelTime="309.79" meanSpeed="19.53" meanSpeedRelative="0.61" duration="3"/>
    <step time="39300.00" loaded="35723" inserted="35010" running="459" waiting="713" ended="34551" arrived="34551" collisions="64" teleports="64" halting="13" stopped="0" meanWaitingTime="489.86" meanTravelTime="309.92" meanSpeed="19.66" meanSpeedRelative="0.61" duration="3"/>
    <step time="39600.00" loaded="36202" inserted="35440" running="458" waiting="762" ended="34982" arrived="34982" collisions="65" teleports="65" halting="5" stopped="0" meanWaitingTime="489.07" meanTravelTime="310.01" meanSpeed="20.16" meanSpeedRelative="0.63" duration="90"/>
    <step time="39900.00" loaded="36733" inserted="35910" running="523" waiting="823" ended="35387" arrived="35387" collisions="67" teleports="67" halting="10" stopped="0" meanWaitingTime="488.39" meanTravelTime="310.24" meanSpeed="20.06" meanSpeedRelative="0.63" duration="3"/>
    <step time="40200.00" loaded="37227" inserted="36378" running="534" waiting="849" ended="35844" arrived="35844" collisions="68" teleports="68" halting="14" stopped="0" meanWaitingTime="488.06" meanTravelTime="310.63" meanSpeed="18.33" meanSpeedRelative="0.57" duration="3"/>
    <step time="40500.00" loaded="37779" inserted="36858" running="540" waiting="921" ended="36318" arrived="36318" collisions="68" teleports="68" halting="9" stopped="0" meanWaitingTime="487.43" meanTravelTime="310.96" meanSpeed="19.43" meanSpeedRelative="0.61" duration="3"/>
    <step time="40800.00" loaded="38308" inserted="37330" running="572" waiting="978" ended="36758" arrived="36758" collisions="70" teleports="70" halting="6" stopped="0" meanWaitingTime="487.15" meanTravelTime="311.43" meanSpeed="18.52" meanSpeedRelative="0.58" duration="3"/>
    <step time="41100.00" loaded="38827" inserted="37819" running="602" waiting="1008" ended="37217" arrived="37217" collisions="72" teleports="72" halting="12" stopped="0" meanWaitingTime="487.54" meanTravelTime="312.04" meanSpeed="18.11" meanSpeedRelative="0.57" duration="4"/>
    <step time="41400.00" loaded="39350" inserted="38290" running="578" waiting="1060" ended="37712" arrived="37712" collisions="75" teleports="75" halting="9" stopped="0" meanWaitingTime="487.69" meanTravelTime="312.68" meanSpeed="18.15" meanSpeedRelative="0.57" duration="3"/>
    <step time="41700.00" loaded="39859" inserted="38758" running="565" waiting="1101" ended="38193" arrived="38193" collisions="77" teleports="77" halting="2" stopped="0" meanWaitingTime="488.43" meanTravelTime="313.50" meanSpeed="18.36" meanSpeedRelative="0.57" duration="3"/>
    <step time="42000.00" loaded="40370" inserted="39221" running="556" waiting="1149" ended="38665" arrived="38665" collisions="79" teleports="79" halting="8" stopped="0" meanWaitingTime="489.43" meanTravelTime="314.04" meanSpeed="18.13" meanSpeedRelative="0.57" duration="3"/>
    <step time="42300.00" loaded="40866" inserted="39673" running="562" waiting="1193" ended="39111" arrived="39111" collisions="81" teleports="81" halting="10" stopped="0" meanWaitingTime="490.98" meanTravelTime="314.48" meanSpeed="18.10" meanSpeedRelative="0.57" duration="3"/>
    <step time="42600.00" loaded="41348" inserted="40121" running="569" waiting="1227" ended="39552" arrived="39552" collisions="81" teleports="81" halting="7" stopped="0" meanWaitingTime="492.90" meanTravelTime="315.00" meanSpeed="17.32" meanSpeedRelative="0.54" duration="4"/>
    <step time="42900.00" loaded="41891" inserted="40605" running="616" waiting="1286" ended="39989" arrived="39989" collisions="83" teleports="83" halting="7" stopped="0" meanWaitingTime="494.30" meanTravelTime="315.87" meanSpeed="16.79" meanSpeedRelative="0.52" duration="4"/>
    <step time="43200.00" loaded="42420" inserted="41075" running="616" waiting="1345" ended="40459" arrived="40459" collisions="83" teleports="83" halting="7" stopped="0" meanWaitingTime="496.17" meanTravelTime="316.69" meanSpeed="17.33" meanSpeedRelative="0.54" duration="92"/>
    <step time="43500.00" loaded="42983" inserted="41558" running="643" waiting="1425" ended="40915" arrived="40915" collisions="83" teleports="83" halting="11" stopped="0" meanWaitingTime="498.03" meanTravelTime="317.52" meanSpeed="16.81" meanSpeedRelative="0.53" duration="4"/>
    <step time="43800.00" loaded="43524" inserted="42048" running="667" waiting="1476" ended="41381" arrived="41381" collisions="83" teleports="83" halting="15" stopped="0" meanWaitingTime="500.31" meanTravelTime="318.38" meanSpeed="15.74" meanSpeedRelative="0.49" duration="3"/>
    <step time="44100.00" loaded="44035" inserted="42518" running="668" waiting="1517" ended="41850" arrived="41850" collisions="84" teleports="84" halting="5" stopped="0" meanWaitingTime="502.68" meanTravelTime="319.42" meanSpeed="16.13" meanSpeedRelative="0.50" duration="4"/>
    <step time="44400.00" loaded="44551" inserted="42997" running="670" waiting="1554" ended="42327" arrived="42327" collisions="86" teleports="86" halting="7" stopped="0" meanWaitingTime="505.47" meanTravelTime="320.68" meanSpeed="16.16" meanSpeedRelative="0.50" duration="4"/>
    <step time="44700.00" loaded="45066" inserted="43486" running="701" waiting="1580" ended="42785" arrived="42785" collisions="89" teleports="89" halting="9" stopped="0" meanWaitingTime="508.29" meanTravelTime="321.71" meanSpeed="15.86" meanSpeedRelative="0.50" duration="5"/>
    <step time="45000.00" loaded="45618" inserted="43979" running="729" waiting="1639" ended="43250" arrived="43250" collisions="89" teleports="89" halting="11" stopped="0" meanWaitingTime="511.39" meanTravelTime="322.91" meanSpeed="15.58" meanSpeedRelative="0.49" duration="4"/>
    <step time="45300.00" loaded="46162" inserted="44470" running="744" waiting="1692" ended="43726" arrived="43726" collisions="90" teleports="90" halting="15" stopped="0" meanWaitingTime="514.88" meanTravelTime="324.10" meanSpeed="14.99" meanSpeedRelative="0.47" duration="4"/>
    <step time="45600.00" loaded="46698" inserted="44946" running="726" waiting="1752" ended="44220" arrived="44220" collisions="90" teleports="90" halting="11" stopped="0" meanWaitingTime="518.10" meanTravelTime="325.52" meanSpeed="15.63" meanSpeedRelative="0.49" duration="4"/>
    <step time="45900.00" loaded="47251" inserted="45436" running="760" waiting="1815" ended="44676" arrived="44676" collisions="93" teleports="93" halting="12" stopped="0" meanWaitingTime="521.31" meanTravelTime="326.79" meanSpeed="15.05" meanSpeedRelative="0.47" duration="5"/>
    <step time="46200.00" loaded="47784" inserted="45879" running="695" waiting="1905" ended="45184" arrived="45184" collisions="97" teleports="97" halting="11" stopped="0" meanWaitingTime="524.62" meanTravelTime="328.47" meanSpeed="15.54" meanSpeedRelative="0.49" duration="4"/>
    <step time="46500.00" loaded="48311" inserted="46356" running="684" waiting="1955" ended="45672" arrived="45672" collisions="98" teleports="98" halting="10" stopped="0" meanWaitingTime="528.36" meanTravelTime="329.93" meanSpeed="15.81" meanSpeedRelative="0.49" duration="5"/>
    <step time="46800.00" loaded="48840" inserted="46832" running="717" waiting="2008" ended="46115" arrived="46115" collisions="98" teleports="98" halting="6" stopped="0" meanWaitingTime="531.69" meanTravelTime="331.05" meanSpeed="15.74" meanSpeedRelative="0.49" duration="92"/>
    <step time="47100.00" loaded="49370" inserted="47305" running="730" waiting="2065" ended="46575" arrived="46575" collisions="100" teleports="100" halting="8" stopped="0" meanWaitingTime="535.78" meanTravelTime="332.16" meanSpeed="15.72" meanSpeedRelative="0.49" duration="4"/>
    <step time="47400.00" loaded="49891" inserted="47783" running="718" waiting="2108" ended="47065" arrived="47065" collisions="101" teleports="101" halting="16" stopped="0" meanWaitingTime="540.15" meanTravelTime="333.34" meanSpeed="15.65" meanSpeedRelative="0.49" duration="4"/>
    <step time="47700.00" loaded="50429" inserted="48270" running="740" waiting="2159" ended="47530" arrived="47530" collisions="102" teleports="102" halting="13" stopped="0" meanWaitingTime="544.63" meanTravelTime="334.55" meanSpeed="15.07" meanSpeedRelative="0.47" duration="6"/>
    <step time="48000.00" loaded="50934" inserted="48740" running="695" waiting="2194" ended="48045" arrived="48045" collisions="104" teleports="104" halting="16" stopped="0" meanWaitingTime="549.12" meanTravelTime="335.71" meanSpeed="14.88" meanSpeedRelative="0.47" duration="5"/>
    <step time="48300.00" loaded="51469" inserted="49199" running="713" waiting="2270" ended="48486" arrived="48486" collisions="105" teleports="105" halting="10" stopped="0" meanWaitingTime="553.45" meanTravelTime="336.96" meanSpeed="14.93" meanSpeedRelative="0.47" duration="4"/>
    <step time="48600.00" loaded="52025" inserted="49706" running="751" waiting="2319" ended="48955" arrived="48955" collisions="107" teleports="107" halting="4" stopped="0" meanWaitingTime="558.92" meanTravelTime="337.96" meanSpeed="15.53" meanSpeedRelative="0.49" duration="4"/>
    <step time="48900.00" loaded="52563" inserted="50187" running="748" waiting="2376" ended="49439" arrived="49439" collisions="108" teleports="108" halting="6" stopped="0" meanWaitingTime="563.61" meanTravelTime="338.99" meanSpeed="14.98" meanSpeedRelative="0.47" duration="5"/>
    <step time="49200.00" loaded="53100" inserted="50672" running="778" waiting="2428" ended="49894" arrived="49894" collisions="108" teleports="108" halting="12" stopped="0" meanWaitingTime="568.51" meanTravelTime="340.08" meanSpeed="14.63" meanSpeedRelative="0.46" duration="4"/>
    <step time="49500.00" loaded="53609" inserted="51164" running="794" waiting="2445" ended="50370" arrived="50370" collisions="110" teleports="110" halting="7" stopped="0" meanWaitingTime="574.12" meanTravelTime="341.33" meanSpeed="14.90" meanSpeedRelative="0.47" duration="4"/>
    <step time="49800.00" loaded="54148" inserted="51645" running="774" waiting="2503" ended="50871" arrived="50871" collisions="110" teleports="110" halting="5" stopped="0" meanWaitingTime="579.47" meanTravelTime="342.63" meanSpeed="14.85" meanSpeedRelative="0.46" duration="6"/>
    <step time="50100.00" loaded="54668" inserted="52099" running="771" waiting="2569" ended="51328" arrived="51328" collisions="111" teleports="111" halting="12" stopped="0" meanWaitingTime="585.21" meanTravelTime="344.03" meanSpeed="14.46" meanSpeedRelative="0.45" duration="5"/>
    <step time="50400.00" loaded="55165" inserted="52577" running="775" waiting="2588" ended="51802" arrived="51802" collisions="114" teleports="114" halting="12" stopped="0" meanWaitingTime="590.65" meanTravelTime="345.47" meanSpeed="14.66" meanSpeedRelative="0.46" duration="94"/>
    <step time="50700.00" loaded="55865" inserted="53136" running="855" waiting="2729" ended="52281" arrived="52281" collisions="116" teleports="116" halting="17" stopped="0" meanWaitingTime="596.29" meanTravelTime="346.73" meanSpeed="13.93" meanSpeedRelative="0.44" duration="5"/>
    <step time="51000.00" loaded="56620" inserted="53664" running="886" waiting="2956" ended="52778" arrived="52778" collisions="120" teleports="120" halting="6" stopped="0" meanWaitingTime="601.77" meanTravelTime="348.14" meanSpeed="13.54" meanSpeedRelative="0.42" duration="5"/>
    <step time="51300.00" loaded="57350" inserted="54169" running="877" waiting="3181" ended="53292" arrived="53292" collisions="123" teleports="123" halting="10" stopped="0" meanWaitingTime="607.78" meanTravelTime="349.36" meanSpeed="13.44" meanSpeedRelative="0.42" duration="6"/>
    <step time="51600.00" loaded="58094" inserted="54678" running="920" waiting="3416" ended="53758" arrived="53758" collisions="124" teleports="124" halting="14" stopped="0" meanWaitingTime="613.10" meanTravelTime="350.87" meanSpeed="13.07" meanSpeedRelative="0.41" duration="5"/>
    <step time="51900.00" loaded="58819" inserted="55182" running="933" waiting="3637" ended="54249" arrived="54249" collisions="126" teleports="126" halting="20" stopped="0" meanWaitingTime="618.18" meanTravelTime="352.62" meanSpeed="13.16" meanSpeedRelative="0.41" duration="6"/>
    <step time="52200.00" loaded="59515" inserted="55692" running="951" waiting="3823" ended="54741" arrived="54741" collisions="129" teleports="129" halting="15" stopped="0" meanWaitingTime="625.43" meanTravelTime="354.49" meanSpeed="12.81" meanSpeedRelative="0.40" duration="8"/>
    <step time="52500.00" loaded="60204" inserted="56219" running="932" waiting="3985" ended="55287" arrived="55287" collisions="131" teleports="131" halting="17" stopped="0" meanWaitingTime="632.33" meanTravelTime="356.40" meanSpeed="13.13" meanSpeedRelative="0.41" duration="7"/>
    <step time="52800.00" loaded="60944" inserted="56733" running="920" waiting="4211" ended="55813" arrived="55813" collisions="134" teleports="134" halting="20" stopped="0" meanWaitingTime="639.01" meanTravelTime="358.33" meanSpeed="13.02" meanSpeedRelative="0.41" duration="5"/>
    <step time="53100.00" loaded="61699" inserted="57241" running="905" waiting="4458" ended="56336" arrived="56336" collisions="134" teleports="134" halting="8" stopped="0" meanWaitingTime="646.36" meanTravelTime="360.16" meanSpeed="13.55" meanSpeedRelative="0.42" duration="7"/>
    <step time="53400.00" loaded="62434" inserted="57750" running="885" waiting="4684" ended="56865" arrived="56865" collisions="140" teleports="140" halting="19" stopped="0" meanWaitingTime="653.87" meanTravelTime="361.82" meanSpeed="13.82" meanSpeedRelative="0.43" duration="6"/>
    <step time="53700.00" loaded="63135" inserted="58275" running="890" waiting="4860" ended="57385" arrived="57385" collisions="141" teleports="141" halting="13" stopped="0" meanWaitingTime="662.61" meanTravelTime="363.12" meanSpeed="13.44" meanSpeedRelative="0.42" duration="8"/>
    <step time="54000.00" loaded="63857" inserted="58800" running="894" waiting="5057" ended="57906" arrived="57906" collisions="142" teleports="142" halting="11" stopped="0" meanWaitingTime="672.27" meanTravelTime="364.29" meanSpeed="13.67" meanSpeedRelative="0.43" duration="90"/>
    <step time="54300.00" loaded="64303" inserted="59257" running="859" waiting="5046" ended="58398" arrived="58398" collisions="145" teleports="145" halting="14" stopped="0" meanWaitingTime="682.62" meanTravelTime="365.75" meanSpeed="13.39" meanSpeedRelative="0.42" duration="8"/>
    <step time="54600.00" loaded="64801" inserted="59747" running="848" waiting="5054" ended="58899" arrived="58899" collisions="146" teleports="146" halting="14" stopped="0" meanWaitingTime="693.57" meanTravelTime="367.32" meanSpeed="13.91" meanSpeedRelative="0.43" duration="7"/>
    <step time="54900.00" loaded="65268" inserted="60246" running="875" waiting="5022" ended="59371" arrived="59371" collisions="151" teleports="151" halting="14" stopped="0" meanWaitingTime="705.55" meanTravelTime="368.52" meanSpeed="13.42" meanSpeedRelative="0.42" duration="7"/>
    <step time="55200.00" loaded="65736" inserted="60737" running="848" waiting="4999" ended="59889" arrived="59889" collisions="154" teleports="154" halting="13" stopped="0" meanWaitingTime="716.76" meanTravelTime="369.75" meanSpeed="14.09" meanSpeedRelative="0.44" duration="6"/>
    <step time="55500.00" loaded="66184" inserted="61226" running="844" waiting="4958" ended="60382" arrived="60382" collisions="154" teleports="154" halting="11" stopped="0" meanWaitingTime="728.56" meanTravelTime="370.61" meanSpeed="13.88" meanSpeedRelative="0.43" duration="7"/>
    <step time="55800.00" loaded="66672" inserted="61728" running="853" waiting="4944" ended="60875" arrived="60875" collisions="158" teleports="158" halting="13" stopped="0" meanWaitingTime="740.10" meanTravelTime="371.79" meanSpeed="13.85" meanSpeedRelative="0.43" duration="9"/>
    <step time="56100.00" loaded="67102" inserted="62200" running="836" waiting="4902" ended="61364" arrived="61364" collisions="162" teleports="162" halting="7" stopped="0" meanWaitingTime="751.84" meanTravelTime="372.87" meanSpeed="13.62" meanSpeedRelative="0.43" duration="6"/>
    <step time="56400.00" loaded="67548" inserted="62683" running="841" waiting="4865" ended="61842" arrived="61842" collisions="164" teleports="164" halting="14" stopped="0" meanWaitingTime="763.23" meanTravelTime="374.14" meanSpeed="13.91" meanSpeedRelative="0.43" duration="7"/>
    <step time="56700.00" loaded="67999" inserted="63150" running="821" waiting="4849" ended="62329" arrived="62329" collisions="168" teleports="168" halting="12" stopped="0" meanWaitingTime="775.31" meanTravelTime="375.19" meanSpeed="14.16" meanSpeedRelative="0.44" duration="5"/>
    <step time="57000.00" loaded="68441" inserted="63633" running="844" waiting="4808" ended="62789" arrived="62789" collisions="170" teleports="170" halting="7" stopped="0" meanWaitingTime="787.68" meanTravelTime="376.27" meanSpeed="14.13" meanSpeedRelative="0.44" duration="8"/>
    <step time="57300.00" loaded="68887" inserted="64122" running="836" waiting="4765" ended="63286" arrived="63286" collisions="171" teleports="171" halting="8" stopped="0" meanWaitingTime="800.27" meanTravelTime="377.38" meanSpeed="13.78" meanSpeedRelative="0.43" duration="6"/>
    <step time="57600.00" loaded="69318" inserted="64577" running="836" waiting="4741" ended="63741" arrived="63741" collisions="172" teleports="172" halting="13" stopped="0" meanWaitingTime="812.25" meanTravelTime="378.62" meanSpeed="13.55" meanSpeedRelative="0.42" duration="88"/>
    <step time="57900.00" loaded="69840" inserted="65091" running="882" waiting="4749" ended="64209" arrived="64209" collisions="173" teleports="173" halting="11" stopped="0" meanWaitingTime="824.47" meanTravelTime="379.65" meanSpeed="12.86" meanSpeedRelative="0.40" duration="5"/>
    <step time="58200.00" loaded="70444" inserted="65611" running="953" waiting="4833" ended="64658" arrived="64658" collisions="175" teleports="175" halting="9" stopped="0" meanWaitingTime="837.22" meanTravelTime="380.78" meanSpeed="12.98" meanSpeedRelative="0.41" duration="5"/>
    <step time="58500.00" loaded="70967" inserted="66108" running="937" waiting="4859" ended="65171" arrived="65171" collisions="178" teleports="178" halting="12" stopped="0" meanWaitingTime="848.50" meanTravelTime="382.05" meanSpeed="12.80" meanSpeedRelative="0.40" duration="8"/>
    <step time="58800.00" loaded="71548" inserted="66616" running="961" waiting="4932" ended="65655" arrived="65655" collisions="181" teleports="181" halting="11" stopped="0" meanWaitingTime="859.07" meanTravelTime="383.32" meanSpeed="13.19" meanSpeedRelative="0.41" duration="8"/>
    <step time="59100.00" loaded="72121" inserted="67098" running="959" waiting="5023" ended="66139" arrived="66139" collisions="184" teleports="184" halting="11" stopped="0" meanWaitingTime="870.02" meanTravelTime="384.83" meanSpeed="12.90" meanSpeedRelative="0.40" duration="8"/>
    <step time="59400.00" loaded="72638" inserted="67571" running="946" waiting="5067" ended="66625" arrived="66625" collisions="188" teleports="188" halting="8" stopped="0" meanWaitingTime="881.55" meanTravelTime="386.09" meanSpeed="12.88" meanSpeedRelative="0.40" duration="8"/>
    <step time="59700.00" loaded="73209" inserted="68077" running="959" waiting="5132" ended="67118" arrived="67118" collisions="190" teleports="190" halting="12" stopped="0" meanWaitingTime="892.05" meanTravelTime="387.50" meanSpeed="12.98" meanSpeedRelative="0.41" duration="6"/>
    <step time="60000.00" loaded="73773" inserted="68573" running="949" waiting="5200" ended="67624" arrived="67624" collisions="196" teleports="196" halting="16" stopped="0" meanWaitingTime="902.20" meanTravelTime="388.96" meanSpeed="12.80" meanSpeedRelative="0.40" duration="7"/>
    <step time="60300.00" loaded="74323" inserted="69049" running="945" waiting="5274" ended="68104" arrived="68104" collisions="199" teleports="199" halting="14" stopped="0" meanWaitingTime="912.68" meanTravelTime="390.36" meanSpeed="12.42" meanSpeedRelative="0.39" duration="7"/>
    <step time="60600.00" loaded="74895" inserted="69548" running="933" waiting="5347" ended="68615" arrived="68615" collisions="203" teleports="203" halting="4" stopped="0" meanWaitingTime="922.98" meanTravelTime="391.71" meanSpeed="13.18" meanSpeedRelative="0.41" duration="9"/>
    <step time="60900.00" loaded="75501" inserted="70059" running="955" waiting="5442" ended="69104" arrived="69104" collisions="203" teleports="203" halting="11" stopped="0" meanWaitingTime="933.19" meanTravelTime="392.85" meanSpeed="12.34" meanSpeedRelative="0.39" duration="9"/>
    <step time="61200.00" loaded="76060" inserted="70552" running="922" waiting="5508" ended="69630" arrived="69630" collisions="204" teleports="204" halting="10" stopped="0" meanWaitingTime="944.41" meanTravelTime="394.09" meanSpeed="12.59" meanSpeedRelative="0.39" duration="83"/>
    <step time="61500.00" loaded="76135" inserted="70924" running="855" waiting="5211" ended="70069" arrived="70069" collisions="205" teleports="205" halting="9" stopped="0" meanWaitingTime="956.25" meanTravelTime="395.38" meanSpeed="11.93" meanSpeedRelative="0.37" duration="6"/>
    <step time="61800.00" loaded="76210" inserted="71287" running="785" waiting="4923" ended="70502" arrived="70502" collisions="206" teleports="206" halting="8" stopped="0" meanWaitingTime="968.84" meanTravelTime="396.79" meanSpeed="13.60" meanSpeedRelative="0.43" duration="5"/>
    <step time="62100.00" loaded="76301" inserted="71622" running="687" waiting="4679" ended="70935" arrived="70935" collisions="211" teleports="211" halting="10" stopped="0" meanWaitingTime="982.41" meanTravelTime="397.86" meanSpeed="14.45" meanSpeedRelative="0.45" duration="6"/>
    <step time="62400.00" loaded="76371" inserted="71936" running="582" waiting="4435" ended="71354" arrived="71354" collisions="215" teleports="215" halting="11" stopped="0" meanWaitingTime="995.85" meanTravelTime="399.22" meanSpeed="16.35" meanSpeedRelative="0.51" duration="4"/>
    <step time="62700.00" loaded="76439" inserted="72246" running="498" waiting="4193" ended="71748" arrived="71748" collisions="216" teleports="216" halting="7" stopped="0" meanWaitingTime="1008.60" meanTravelTime="400.12" meanSpeed="17.29" meanSpeedRelative="0.54" duration="5"/>
    <step time="63000.00" loaded="76522" inserted="72572" running="435" waiting="3950" ended="72137" arrived="72137" collisions="217" teleports="217" halting="3" stopped="0" meanWaitingTime="1022.16" meanTravelTime="400.78" meanSpeed="18.36" meanSpeedRelative="0.57" duration="2"/>
    <step time="63300.00" loaded="76590" inserted="72890" running="406" waiting="3700" ended="72484" arrived="72484" collisions="217" teleports="217" halting="1" stopped="0" meanWaitingTime="1035.54" meanTravelTime="400.87" meanSpeed="18.53" meanSpeedRelative="0.58" duration="5"/>
    <step time="63600.00" loaded="76660" inserted="73194" running="354" waiting="3466" ended="72840" arrived="72840" collisions="218" teleports="218" halting="4" stopped="0" meanWaitingTime="1048.55" meanTravelTime="400.83" meanSpeed="19.60" meanSpeedRelative="0.61" duration="2"/>
    <step time="63900.00" loaded="76731" inserted="73465" running="308" waiting="3266" ended="73157" arrived="73157" collisions="220" teleports="220" halting="3" stopped="0" meanWaitingTime="1061.79" meanTravelTime="400.63" meanSpeed="20.04" meanSpeedRelative="0.63" duration="3"/>
    <step time="64200.00" loaded="76800" inserted="73722" running="265" waiting="3078" ended="73457" arrived="73457" collisions="221" teleports="221" halting="2" stopped="0" meanWaitingTime="1075.14" meanTravelTime="400.41" meanSpeed="22.09" meanSpeedRelative="0.69" duration="2"/>
    <step time="64500.00" loaded="76868" inserted="73975" running="245" waiting="2893" ended="73730" arrived="73730" collisions="221" teleports="221" halting="3" stopped="0" meanWaitingTime="1088.52" meanTravelTime="400.02" meanSpeed="22.11" meanSpeedRelative="0.69" duration="2"/>
    <step time="64800.00" loaded="76946" inserted="74246" running="257" waiting="2700" ended="73989" arrived="73989" collisions="222" teleports="222" halting="3" stopped="0" meanWaitingTime="1101.44" meanTravelTime="399.68" meanSpeed="21.81" meanSpeedRelative="0.68" duration="92"/>
    <step time="65100.00" loaded="76997" inserted="74504" running="262" waiting="2493" ended="74242" arrived="74242" collisions="222" teleports="222" halting="1" stopped="0" meanWaitingTime="1113.08" meanTravelTime="399.24" meanSpeed="22.35" meanSpeedRelative="0.70" duration="2"/>
    <step time="65400.00" loaded="77052" inserted="74717" running="214" waiting="2335" ended="74503" arrived="74503" collisions="222" teleports="222" halting="6" stopped="0" meanWaitingTime="1122.54" meanTravelTime="398.90" meanSpeed="20.97" meanSpeedRelative="0.66" duration="2"/>
    <step time="65700.00" loaded="77105" inserted="74863" running="182" waiting="2242" ended="74681" arrived="74681" collisions="222" teleports="222" halting="12" stopped="0" meanWaitingTime="1130.16" meanTravelTime="398.87" meanSpeed="21.21" meanSpeedRelative="0.66" duration="1"/>
    <step time="66000.00" loaded="77151" inserted="75010" running="165" waiting="2141" ended="74845" arrived="74845" collisions="222" teleports="222" halting="0" stopped="0" meanWaitingTime="1137.68" meanTravelTime="398.83" meanSpeed="21.05" meanSpeedRelative="0.66" duration="1"/>
    <step time="66300.00" loaded="77196" inserted="75155" running="169" waiting="2041" ended="74986" arrived="74986" collisions="222" teleports="222" halting="2" stopped="0" meanWaitingTime="1143.35" meanTravelTime="398.74" meanSpeed="21.50" meanSpeedRelative="0.67" duration="2"/>
    <step time="66600.00" loaded="77259" inserted="75278" running="128" waiting="1981" ended="75150" arrived="75150" collisions="222" teleports="222" halting="7" stopped="0" meanWaitingTime="1148.21" meanTravelTime="398.61" meanSpeed="20.76" meanSpeedRelative="0.65" duration="1"/>
    <step time="66900.00" loaded="77304" inserted="75362" running="89" waiting="1942" ended="75273" arrived="75273" collisions="222" teleports="222" halting="6" stopped="0" meanWaitingTime="1153.28" meanTravelTime="398.47" meanSpeed="18.60" meanSpeedRelative="0.58" duration="1"/>
    <step time="67200.00" loaded="77358" inserted="75450" running="81" waiting="1908" ended="75369" arrived="75369" collisions="222" teleports="222" halting="2" stopped="0" meanWaitingTime="1158.37" meanTravelTime="398.38" meanSpeed="19.27" meanSpeedRelative="0.60" duration="0"/>
    <step time="67500.00" loaded="77414" inserted="75543" running="89" waiting="1871" ended="75454" arrived="75454" collisions="222" teleports="222" halting="5" stopped="0" meanWaitingTime="1163.37" meanTravelTime="398.26" meanSpeed="20.23" meanSpeedRelative="0.63" duration="1"/>
    <step time="67800.00" loaded="77465" inserted="75633" running="86" waiting="1832" ended="75547" arrived="75547" collisions="222" teleports="222" halting="8" stopped="0" meanWaitingTime="1168.79" meanTravelTime="398.10" meanSpeed="19.25" meanSpeedRelative="0.60" duration="1"/>
    <step time="68100.00" loaded="77519" inserted="75718" running="85" waiting="1801" ended="75633" arrived="75633" collisions="222" teleports="222" halting="4" stopped="0" meanWaitingTime="1173.75" meanTravelTime="397.96" meanSpeed="18.57" meanSpeedRelative="0.58" duration="1"/>
    <step time="68400.00" loaded="77584" inserted="75819" running="96" waiting="1765" ended="75723" arrived="75723" collisions="222" teleports="222" halting="4" stopped="0" meanWaitingTime="1179.07" meanTravelTime="397.90" meanSpeed="20.57" meanSpeedRelative="0.64" duration="88"/>
    <step time="68700.00" loaded="77759" inserted="76023" running="153" waiting="1736" ended="75870" arrived="75870" collisions="222" teleports="222" halting="4" stopped="0" meanWaitingTime="1184.09" meanTravelTime="397.57" meanSpeed="21.52" meanSpeedRelative="0.67" duration="1"/>
    <step time="69000.00" loaded="77921" inserted="76209" running="177" waiting="1712" ended="76032" arrived="76032" collisions="222" teleports="222" halting="3" stopped="0" meanWaitingTime="1189.58" meanTravelTime="397.24" meanSpeed="22.30" meanSpeedRelative="0.70" duration="2"/>
    <step time="69300.00" loaded="78083" inserted="76386" running="166" waiting="1697" ended="76220" arrived="76220" collisions="222" teleports="222" halting="2" stopped="0" meanWaitingTime="1194.07" meanTravelTime="396.91" meanSpeed="22.32" meanSpeedRelative="0.70" duration="1"/>
    <step time="69600.00" loaded="78248" inserted="76574" running="169" waiting="1674" ended="76405" arrived="76405" collisions="222" teleports="222" halting="11" stopped="0" meanWaitingTime="1199.59" meanTravelTime="396.63" meanSpeed="20.89" meanSpeedRelative="0.65" duration="1"/>
    <step time="69900.00" loaded="78390" inserted="76753" running="170" waiting="1637" ended="76583" arrived="76583" collisions="222" teleports="222" halting="4" stopped="0" meanWaitingTime="1205.00" meanTravelTime="396.29" meanSpeed="21.68" meanSpeedRelative="0.68" duration="1"/>
    <step time="70200.00" loaded="78546" inserted="76933" running="173" waiting="1613" ended="76760" arrived="76760" collisions="222" teleports="222" halting="3" stopped="0" meanWaitingTime="1210.00" meanTravelTime="396.02" meanSpeed="22.44" meanSpeedRelative="0.70" duration="2"/>
    <step time="70500.00" loaded="78695" inserted="77104" running="171" waiting="1591" ended="76933" arrived="76933" collisions="222" teleports="222" halting="10" stopped="0" meanWaitingTime="1215.27" meanTravelTime="395.83" meanSpeed="21.92" meanSpeedRelative="0.69" duration="1"/>
    <step time="70800.00" loaded="78855" inserted="77289" running="185" waiting="1566" ended="77104" arrived="77104" collisions="222" teleports="222" halting="1" stopped="0" meanWaitingTime="1219.19" meanTravelTime="395.51" meanSpeed="22.54" meanSpeedRelative="0.70" duration="2"/>
    <step time="71100.00" loaded="79026" inserted="77469" running="173" waiting="1557" ended="77296" arrived="77296" collisions="223" teleports="223" halting="6" stopped="0" meanWaitingTime="1223.42" meanTravelTime="395.31" meanSpeed="22.32" meanSpeedRelative="0.70" duration="1"/>
    <step time="71400.00" loaded="79173" inserted="77651" running="175" waiting="1522" ended="77476" arrived="77476" collisions="223" teleports="223" halting="9" stopped="0" meanWaitingTime="1227.53" meanTravelTime="395.05" meanSpeed="21.76" meanSpeedRelative="0.68" duration="1"/>
    <step time="71700.00" loaded="79319" inserted="77828" running="171" waiting="1491" ended="77657" arrived="77657" collisions="225" teleports="225" halting="4" stopped="0" meanWaitingTime="1230.78" meanTravelTime="394.82" meanSpeed="21.89" meanSpeedRelative="0.68" duration="1"/>
    <step time="72000.00" loaded="79487" inserted="78018" running="170" waiting="1469" ended="77848" arrived="77848" collisions="225" teleports="225" halting="3" stopped="0" meanWaitingTime="1232.96" meanTravelTime="394.51" meanSpeed="22.76" meanSpeedRelative="0.71" duration="85"/>
    <step time="72300.00" loaded="79627" inserted="78186" running="152" waiting="1441" ended="78034" arrived="78034" collisions="225" teleports="225" halting="8" stopped="0" meanWaitingTime="1236.78" meanTravelTime="394.23" meanSpeed="21.80" meanSpeedRelative="0.68" duration="1"/>
    <step time="72600.00" loaded="79752" inserted="78340" running="135" waiting="1412" ended="78205" arrived="78205" collisions="225" teleports="225" halting="2" stopped="0" meanWaitingTime="1239.98" meanTravelTime="393.98" meanSpeed="21.17" meanSpeedRelative="0.66" duration="1"/>
    <step time="72900.00" loaded="79881" inserted="78496" running="146" waiting="1385" ended="78350" arrived="78350" collisions="226" teleports="226" halting="1" stopped="0" meanWaitingTime="1242.77" meanTravelTime="393.78" meanSpeed="22.26" meanSpeedRelative="0.70" duration="1"/>
    <step time="73200.00" loaded="80006" inserted="78645" running="134" waiting="1361" ended="78511" arrived="78511" collisions="226" teleports="226" halting="10" stopped="0" meanWaitingTime="1245.51" meanTravelTime="393.53" meanSpeed="21.06" meanSpeedRelative="0.66" duration="0"/>
    <step time="73500.00" loaded="80130" inserted="78798" running="156" waiting="1332" ended="78642" arrived="78642" collisions="226" teleports="226" halting="4" stopped="0" meanWaitingTime="1248.67" meanTravelTime="393.34" meanSpeed="21.40" meanSpeedRelative="0.67" duration="1"/>
    <step time="73800.00" loaded="80280" inserted="78965" running="166" waiting="1315" ended="78799" arrived="78799" collisions="227" teleports="227" halting="2" stopped="0" meanWaitingTime="1251.24" meanTravelTime="393.13" meanSpeed="22.35" meanSpeedRelative="0.70" duration="1"/>
    <step time="74100.00" loaded="80395" inserted="79113" running="146" waiting="1282" ended="78967" arrived="78967" collisions="227" teleports="227" halting="4" stopped="0" meanWaitingTime="1254.53" meanTravelTime="392.92" meanSpeed="20.94" meanSpeedRelative="0.65" duration="1"/>
    <step time="74400.00" loaded="80540" inserted="79281" running="151" waiting="1259" ended="79130" arrived="79130" collisions="227" teleports="227" halting="4" stopped="0" meanWaitingTime="1256.91" meanTravelTime="392.66" meanSpeed="23.48" meanSpeedRelative="0.73" duration="1"/>
    <step time="74700.00" loaded="80672" inserted="79426" running="149" waiting="1246" ended="79277" arrived="79277" collisions="227" teleports="227" halting="4" stopped="0" meanWaitingTime="1259.90" meanTravelTime="392.47" meanSpeed="21.91" meanSpeedRelative="0.68" duration="1"/>
    <step time="75000.00" loaded="80803" inserted="79565" running="147" waiting="1238" ended="79418" arrived="79418" collisions="227" teleports="227" halting="4" stopped="0" meanWaitingTime="1262.53" meanTravelTime="392.28" meanSpeed="22.59" meanSpeedRelative="0.71" duration="1"/>
    <step time="75300.00" loaded="80909" inserted="79685" running="141" waiting="1224" ended="79544" arrived="79544" collisions="227" teleports="227" halting="5" stopped="0" meanWaitingTime="1265.49" meanTravelTime="392.19" meanSpeed="21.93" meanSpeedRelative="0.69" duration="1"/>
    <step time="75600.00" loaded="81038" inserted="79828" running="124" waiting="1210" ended="79704" arrived="79704" collisions="227" teleports="227" halting="2" stopped="0" meanWaitingTime="1267.85" meanTravelTime="392.02" meanSpeed="22.07" meanSpeedRelative="0.69" duration="82"/>
    <step time="75900.00" loaded="81220" inserted="80015" running="160" waiting="1205" ended="79855" arrived="79855" collisions="227" teleports="227" halting="5" stopped="0" meanWaitingTime="1269.80" meanTravelTime="391.79" meanSpeed="22.99" meanSpeedRelative="0.72" duration="1"/>
    <step time="76200.00" loaded="81389" inserted="80190" running="158" waiting="1199" ended="80032" arrived="80032" collisions="227" teleports="227" halting="4" stopped="0" meanWaitingTime="1272.23" meanTravelTime="391.50" meanSpeed="22.83" meanSpeedRelative="0.71" duration="1"/>
    <step time="76500.00" loaded="81604" inserted="80416" running="195" waiting="1188" ended="80221" arrived="80221" collisions="228" teleports="228" halting="4" stopped="0" meanWaitingTime="1273.88" meanTravelTime="391.18" meanSpeed="23.55" meanSpeedRelative="0.74" duration="2"/>
    <step time="76800.00" loaded="81823" inserted="80641" running="222" waiting="1182" ended="80419" arrived="80419" collisions="228" teleports="228" halting="4" stopped="0" meanWaitingTime="1275.55" meanTravelTime="390.89" meanSpeed="22.98" meanSpeedRelative="0.72" duration="2"/>
    <step time="77100.00" loaded="82016" inserted="80849" running="218" waiting="1167" ended="80631" arrived="80631" collisions="228" teleports="228" halting="4" stopped="0" meanWaitingTime="1278.31" meanTravelTime="390.62" meanSpeed="22.41" meanSpeedRelative="0.70" duration="1"/>
    <step time="77400.00" loaded="82205" inserted="81045" running="195" waiting="1160" ended="80850" arrived="80850" collisions="228" teleports="228" halting="2" stopped="0" meanWaitingTime="1280.98" meanTravelTime="390.32" meanSpeed="22.28" meanSpeedRelative="0.70" duration="1"/>
    <step time="77700.00" loaded="82390" inserted="81236" running="185" waiting="1154" ended="81051" arrived="81051" collisions="228" teleports="228" halting="6" stopped="0" meanWaitingTime="1282.98" meanTravelTime="390.08" meanSpeed="22.66" meanSpeedRelative="0.71" duration="1"/>
    <step time="78000.00" loaded="82585" inserted="81437" running="188" waiting="1148" ended="81249" arrived="81249" collisions="228" teleports="228" halting="7" stopped="0" meanWaitingTime="1285.64" meanTravelTime="389.84" meanSpeed="22.77" meanSpeedRelative="0.71" duration="1"/>
    <step time="78300.00" loaded="82779" inserted="81621" running="173" waiting="1158" ended="81448" arrived="81448" collisions="228" teleports="228" halting="0" stopped="0" meanWaitingTime="1287.81" meanTravelTime="389.61" meanSpeed="23.51" meanSpeedRelative="0.73" duration="1"/>
    <step time="78600.00" loaded="82972" inserted="81821" running="177" waiting="1151" ended="81644" arrived="81644" collisions="228" teleports="228" halting="3" stopped="0" meanWaitingTime="1290.34" meanTravelTime="389.38" meanSpeed="22.94" meanSpeedRelative="0.72" duration="2"/>
    <step time="78900.00" loaded="83170" inserted="82025" running="179" waiting="1145" ended="81846" arrived="81846" collisions="228" teleports="228" halting="7" stopped="0" meanWaitingTime="1292.58" meanTravelTime="389.06" meanSpeed="22.22" meanSpeedRelative="0.69" duration="1"/>
    <step time="79200.00" loaded="83359" inserted="82232" running="203" waiting="1127" ended="82029" arrived="82029" collisions="229" teleports="229" halting="4" stopped="0" meanWaitingTime="1294.52" meanTravelTime="388.80" meanSpeed="22.26" meanSpeedRelative="0.70" duration="82"/>
    <step time="79500.00" loaded="83513" inserted="82400" running="169" waiting="1113" ended="82231" arrived="82231" collisions="229" teleports="229" halting="5" stopped="0" meanWaitingTime="1297.10" meanTravelTime="388.62" meanSpeed="22.17" meanSpeedRelative="0.69" duration="1"/>
    <step time="79800.00" loaded="83680" inserted="82577" running="167" waiting="1103" ended="82410" arrived="82410" collisions="229" teleports="229" halting="6" stopped="0" meanWaitingTime="1299.80" meanTravelTime="388.38" meanSpeed="22.93" meanSpeedRelative="0.72" duration="1"/>
    <step time="80100.00" loaded="83851" inserted="82758" running="182" waiting="1093" ended="82576" arrived="82576" collisions="229" teleports="229" halting="3" stopped="0" meanWaitingTime="1302.72" meanTravelTime="388.23" meanSpeed="23.39" meanSpeedRelative="0.73" duration="1"/>
    <step time="80400.00" loaded="84029" inserted="82934" running="178" waiting="1095" ended="82756" arrived="82756" collisions="230" teleports="230" halting="6" stopped="0" meanWaitingTime="1305.48" meanTravelTime="387.99" meanSpeed="22.87" meanSpeedRelative="0.71" duration="1"/>
    <step time="80700.00" loaded="84190" inserted="83114" running="171" waiting="1076" ended="82943" arrived="82943" collisions="230" teleports="230" halting="5" stopped="0" meanWaitingTime="1308.23" meanTravelTime="387.79" meanSpeed="22.61" meanSpeedRelative="0.71" duration="2"/>
    <step time="81000.00" loaded="84362" inserted="83290" running="169" waiting="1072" ended="83121" arrived="83121" collisions="230" teleports="230" halting="6" stopped="0" meanWaitingTime="1311.08" meanTravelTime="387.58" meanSpeed="22.37" meanSpeedRelative="0.70" duration="1"/>
    <step time="81300.00" loaded="84508" inserted="83458" running="168" waiting="1050" ended="83290" arrived="83290" collisions="230" teleports="230" halting="7" stopped="0" meanWaitingTime="1314.90" meanTravelTime="387.41" meanSpeed="22.36" meanSpeedRelative="0.70" duration="2"/>
    <step time="81600.00" loaded="84667" inserted="83630" running="170" waiting="1037" ended="83460" arrived="83460" collisions="230" teleports="230" halting="4" stopped="0" meanWaitingTime="1318.40" meanTravelTime="387.19" meanSpeed="22.62" meanSpeedRelative="0.71" duration="1"/>
    <step time="81900.00" loaded="84836" inserted="83807" running="158" waiting="1029" ended="83649" arrived="83649" collisions="231" teleports="231" halting="4" stopped="0" meanWaitingTime="1321.58" meanTravelTime="386.94" meanSpeed="22.87" meanSpeedRelative="0.71" duration="1"/>
    <step time="82200.00" loaded="85001" inserted="83969" running="158" waiting="1032" ended="83811" arrived="83811" collisions="231" teleports="231" halting="6" stopped="0" meanWaitingTime="1323.89" meanTravelTime="386.72" meanSpeed="22.48" meanSpeedRelative="0.70" duration="2"/>
    <step time="82500.00" loaded="85166" inserted="84126" running="155" waiting="1040" ended="83971" arrived="83971" collisions="231" teleports="231" halting="5" stopped="0" meanWaitingTime="1327.48" meanTravelTime="386.51" meanSpeed="21.86" meanSpeedRelative="0.68" duration="1"/>
</summary>
