<?xml version="1.0" encoding="UTF-8"?>

<!-- generated on 2025-08-07 23:57:09 by Eclipse SUMO sumo Version 1.23.1
<sumoConfiguration xmlns:xsi="http://www.w3.org/2001/XMLSchema-instance" xsi:noNamespaceSchemaLocation="http://sumo.dlr.de/xsd/sumoConfiguration.xsd">

    <input>
        <net-file value="Desktop\Master Thesis\Network_fin.net.xml"/>
        <route-files value="Desktop\Master Thesis\demand_model_amsterdam.rou.xml"/>
        <additional-files value="Desktop\Master Thesis\Additionnal.add.xml"/>
    </input>

    <output>
        <summary-output value="outputf/summary_coor_alinea_1neigh_method2_K80_target5_84723.xml"/>
        <summary-output.period value="300"/>
        <tripinfo-output value="outputf/tripinfo_coor_alinea_1neigh_method2_K80_target5_84723.xml"/>
    </output>

    <time>
        <begin value="0"/>
        <end value="82800"/>
        <step-length value="1"/>
    </time>

    <processing>
        <time-to-teleport value="-1"/>
    </processing>

    <report>
        <verbose value="true"/>
        <no-step-log value="true"/>
    </report>

    <emissions>
        <device.emissions.period value="10"/>
    </emissions>

    <traci_server>
        <remote-port value="49157"/>
    </traci_server>

    <random_number>
        <seed value="84723"/>
    </random_number>

</sumoConfiguration>
-->

<summary xmlns:xsi="http://www.w3.org/2001/XMLSchema-instance" xsi:noNamespaceSchemaLocation="http://sumo.dlr.de/xsd/summary_file.xsd">
    <step time="0.00" loaded="1" inserted="1" running="1" waiting="0" ended="0" arrived="0" collisions="0" teleports="0" halting="1" stopped="0" meanWaitingTime="0.00" meanTravelTime="-1.00" meanSpeed="0.00" meanSpeedRelative="0.00" duration="0"/>
    <step time="300.00" loaded="200" inserted="200" running="126" waiting="0" ended="74" arrived="74" collisions="0" teleports="0" halting="0" stopped="0" meanWaitingTime="0.66" meanTravelTime="107.58" meanSpeed="25.45" meanSpeedRelative="0.80" duration="1"/>
    <step time="600.00" loaded="367" inserted="367" running="133" waiting="0" ended="234" arrived="234" collisions="0" teleports="0" halting="0" stopped="0" meanWaitingTime="0.50" meanTravelTime="156.97" meanSpeed="25.25" meanSpeedRelative="0.79" duration="1"/>
    <step time="900.00" loaded="545" inserted="545" running="143" waiting="0" ended="402" arrived="402" collisions="0" teleports="0" halting="1" stopped="0" meanWaitingTime="0.50" meanTravelTime="193.48" meanSpeed="25.54" meanSpeedRelative="0.80" duration="1"/>
    <step time="1200.00" loaded="732" inserted="732" running="166" waiting="0" ended="566" arrived="566" collisions="0" teleports="0" halting="0" stopped="0" meanWaitingTime="0.52" meanTravelTime="209.31" meanSpeed="26.04" meanSpeedRelative="0.81" duration="1"/>
    <step time="1500.00" loaded="907" inserted="907" running="160" waiting="0" ended="747" arrived="747" collisions="0" teleports="0" halting="0" stopped="0" meanWaitingTime="0.52" meanTravelTime="219.54" meanSpeed="25.42" meanSpeedRelative="0.79" duration="2"/>
    <step time="1800.00" loaded="1102" inserted="1102" running="190" waiting="0" ended="912" arrived="912" collisions="0" teleports="0" halting="0" stopped="0" meanWaitingTime="0.49" meanTravelTime="230.23" meanSpeed="25.59" meanSpeedRelative="0.80" duration="1"/>
    <step time="2100.00" loaded="1278" inserted="1278" running="159" waiting="0" ended="1119" arrived="1119" collisions="0" teleports="0" halting="1" stopped="0" meanWaitingTime="0.45" meanTravelTime="237.91" meanSpeed="25.03" meanSpeedRelative="0.78" duration="2"/>
    <step time="2400.00" loaded="1453" inserted="1453" running="143" waiting="0" ended="1310" arrived="1310" collisions="1" teleports="1" halting="0" stopped="0" meanWaitingTime="0.44" meanTravelTime="246.05" meanSpeed="25.11" meanSpeedRelative="0.78" duration="1"/>
    <step time="2700.00" loaded="1621" inserted="1621" running="144" waiting="0" ended="1477" arrived="1477" collisions="1" teleports="1" halting="2" stopped="0" meanWaitingTime="0.42" meanTravelTime="248.17" meanSpeed="24.99" meanSpeedRelative="0.78" duration="1"/>
    <step time="3000.00" loaded="1799" inserted="1798" running="149" waiting="1" ended="1649" arrived="1649" collisions="1" teleports="1" halting="1" stopped="0" meanWaitingTime="0.44" meanTravelTime="246.06" meanSpeed="24.58" meanSpeedRelative="0.77" duration="1"/>
    <step time="3300.00" loaded="2003" inserted="2003" running="165" waiting="0" ended="1838" arrived="1838" collisions="1" teleports="1" halting="0" stopped="0" meanWaitingTime="0.45" meanTravelTime="244.68" meanSpeed="24.48" meanSpeedRelative="0.76" duration="1"/>
    <step time="3600.00" loaded="2179" inserted="2175" running="145" waiting="4" ended="2030" arrived="2030" collisions="2" teleports="2" halting="1" stopped="0" meanWaitingTime="0.87" meanTravelTime="246.05" meanSpeed="24.11" meanSpeedRelative="0.75" duration="86"/>
    <step time="3900.00" loaded="2277" inserted="2277" running="114" waiting="0" ended="2163" arrived="2163" collisions="2" teleports="2" halting="3" stopped="0" meanWaitingTime="1.36" meanTravelTime="248.35" meanSpeed="25.82" meanSpeedRelative="0.81" duration="1"/>
    <step time="4200.00" loaded="2373" inserted="2373" running="97" waiting="0" ended="2276" arrived="2276" collisions="2" teleports="2" halting="0" stopped="0" meanWaitingTime="1.31" meanTravelTime="252.24" meanSpeed="25.63" meanSpeedRelative="0.80" duration="1"/>
    <step time="4500.00" loaded="2487" inserted="2487" running="93" waiting="0" ended="2394" arrived="2394" collisions="3" teleports="3" halting="1" stopped="0" meanWaitingTime="1.26" meanTravelTime="252.21" meanSpeed="24.68" meanSpeedRelative="0.77" duration="1"/>
    <step time="4800.00" loaded="2593" inserted="2593" running="95" waiting="0" ended="2498" arrived="2498" collisions="3" teleports="3" halting="1" stopped="0" meanWaitingTime="1.21" meanTravelTime="253.93" meanSpeed="25.41" meanSpeedRelative="0.79" duration="0"/>
    <step time="5100.00" loaded="2706" inserted="2702" running="102" waiting="4" ended="2600" arrived="2600" collisions="3" teleports="3" halting="1" stopped="0" meanWaitingTime="1.24" meanTravelTime="254.37" meanSpeed="24.58" meanSpeedRelative="0.77" duration="1"/>
    <step time="5400.00" loaded="2824" inserted="2824" running="104" waiting="0" ended="2720" arrived="2720" collisions="3" teleports="3" halting="1" stopped="0" meanWaitingTime="1.34" meanTravelTime="255.03" meanSpeed="25.17" meanSpeedRelative="0.79" duration="1"/>
    <step time="5700.00" loaded="2930" inserted="2930" running="99" waiting="0" ended="2831" arrived="2831" collisions="3" teleports="3" halting="0" stopped="0" meanWaitingTime="1.31" meanTravelTime="254.51" meanSpeed="24.95" meanSpeedRelative="0.78" duration="0"/>
    <step time="6000.00" loaded="3040" inserted="3040" running="106" waiting="0" ended="2934" arrived="2934" collisions="3" teleports="3" halting="0" stopped="0" meanWaitingTime="1.27" meanTravelTime="256.28" meanSpeed="25.62" meanSpeedRelative="0.80" duration="1"/>
    <step time="6300.00" loaded="3148" inserted="3148" running="96" waiting="0" ended="3052" arrived="3052" collisions="3" teleports="3" halting="0" stopped="0" meanWaitingTime="1.23" meanTravelTime="257.00" meanSpeed="25.63" meanSpeedRelative="0.80" duration="0"/>
    <step time="6600.00" loaded="3239" inserted="3239" running="75" waiting="0" ended="3164" arrived="3164" collisions="3" teleports="3" halting="0" stopped="0" meanWaitingTime="1.21" meanTravelTime="257.46" meanSpeed="26.13" meanSpeedRelative="0.82" duration="0"/>
    <step time="6900.00" loaded="3358" inserted="3358" running="103" waiting="0" ended="3255" arrived="3255" collisions="3" teleports="3" halting="0" stopped="0" meanWaitingTime="1.17" meanTravelTime="256.54" meanSpeed="25.82" meanSpeedRelative="0.81" duration="0"/>
    <step time="7200.00" loaded="3473" inserted="3473" running="101" waiting="0" ended="3372" arrived="3372" collisions="3" teleports="3" halting="0" stopped="0" meanWaitingTime="1.15" meanTravelTime="256.48" meanSpeed="25.38" meanSpeedRelative="0.79" duration="88"/>
    <step time="7500.00" loaded="3622" inserted="3622" running="111" waiting="0" ended="3511" arrived="3511" collisions="3" teleports="3" halting="0" stopped="0" meanWaitingTime="1.12" meanTravelTime="256.38" meanSpeed="25.50" meanSpeedRelative="0.80" duration="0"/>
    <step time="7800.00" loaded="3772" inserted="3770" running="144" waiting="2" ended="3626" arrived="3626" collisions="3" teleports="3" halting="2" stopped="0" meanWaitingTime="1.17" meanTravelTime="257.12" meanSpeed="24.25" meanSpeedRelative="0.76" duration="1"/>
    <step time="8100.00" loaded="3920" inserted="3920" running="130" waiting="0" ended="3790" arrived="3790" collisions="3" teleports="3" halting="1" stopped="0" meanWaitingTime="1.18" meanTravelTime="256.34" meanSpeed="25.46" meanSpeedRelative="0.80" duration="2"/>
    <step time="8400.00" loaded="4063" inserted="4060" running="117" waiting="3" ended="3943" arrived="3943" collisions="3" teleports="3" halting="3" stopped="0" meanWaitingTime="1.16" meanTravelTime="256.76" meanSpeed="23.85" meanSpeedRelative="0.75" duration="1"/>
    <step time="8700.00" loaded="4192" inserted="4189" running="115" waiting="3" ended="4074" arrived="4074" collisions="3" teleports="3" halting="0" stopped="0" meanWaitingTime="1.43" meanTravelTime="256.78" meanSpeed="24.95" meanSpeedRelative="0.78" duration="1"/>
    <step time="9000.00" loaded="4348" inserted="4348" running="124" waiting="0" ended="4224" arrived="4224" collisions="3" teleports="3" halting="1" stopped="0" meanWaitingTime="1.50" meanTravelTime="256.62" meanSpeed="24.72" meanSpeedRelative="0.77" duration="1"/>
    <step time="9300.00" loaded="4492" inserted="4486" running="120" waiting="6" ended="4366" arrived="4366" collisions="3" teleports="3" halting="1" stopped="0" meanWaitingTime="1.50" meanTravelTime="256.31" meanSpeed="24.12" meanSpeedRelative="0.75" duration="1"/>
    <step time="9600.00" loaded="4639" inserted="4625" running="110" waiting="14" ended="4515" arrived="4515" collisions="3" teleports="3" halting="3" stopped="0" meanWaitingTime="1.89" meanTravelTime="256.26" meanSpeed="25.57" meanSpeedRelative="0.80" duration="0"/>
    <step time="9900.00" loaded="4808" inserted="4791" running="135" waiting="17" ended="4656" arrived="4656" collisions="3" teleports="3" halting="0" stopped="0" meanWaitingTime="2.63" meanTravelTime="256.06" meanSpeed="24.73" meanSpeedRelative="0.77" duration="0"/>
    <step time="10200.00" loaded="4951" inserted="4938" running="125" waiting="13" ended="4813" arrived="4813" collisions="3" teleports="3" halting="1" stopped="0" meanWaitingTime="3.68" meanTravelTime="256.25" meanSpeed="24.72" meanSpeedRelative="0.77" duration="0"/>
    <step time="10500.00" loaded="5096" inserted="5079" running="108" waiting="17" ended="4971" arrived="4971" collisions="3" teleports="3" halting="3" stopped="0" meanWaitingTime="4.27" meanTravelTime="256.35" meanSpeed="23.78" meanSpeedRelative="0.74" duration="1"/>
    <step time="10800.00" loaded="5246" inserted="5222" running="127" waiting="24" ended="5095" arrived="5095" collisions="3" teleports="3" halting="4" stopped="0" meanWaitingTime="5.14" meanTravelTime="255.81" meanSpeed="23.47" meanSpeedRelative="0.73" duration="87"/>
    <step time="11100.00" loaded="5385" inserted="5360" running="108" waiting="25" ended="5252" arrived="5252" collisions="3" teleports="3" halting="1" stopped="0" meanWaitingTime="6.30" meanTravelTime="255.73" meanSpeed="23.78" meanSpeedRelative="0.74" duration="1"/>
    <step time="11400.00" loaded="5521" inserted="5500" running="116" waiting="21" ended="5384" arrived="5384" collisions="3" teleports="3" halting="2" stopped="0" meanWaitingTime="7.40" meanTravelTime="255.73" meanSpeed="24.17" meanSpeedRelative="0.76" duration="1"/>
    <step time="11700.00" loaded="5677" inserted="5659" running="120" waiting="18" ended="5539" arrived="5539" collisions="3" teleports="3" halting="3" stopped="0" meanWaitingTime="8.46" meanTravelTime="254.57" meanSpeed="23.90" meanSpeedRelative="0.75" duration="1"/>
    <step time="12000.00" loaded="5846" inserted="5811" running="111" waiting="35" ended="5700" arrived="5700" collisions="3" teleports="3" halting="1" stopped="0" meanWaitingTime="9.14" meanTravelTime="254.02" meanSpeed="23.62" meanSpeedRelative="0.74" duration="0"/>
    <step time="12300.00" loaded="5999" inserted="5964" running="112" waiting="35" ended="5852" arrived="5852" collisions="3" teleports="3" halting="1" stopped="0" meanWaitingTime="10.36" meanTravelTime="253.45" meanSpeed="24.78" meanSpeedRelative="0.77" duration="1"/>
    <step time="12600.00" loaded="6130" inserted="6084" running="109" waiting="46" ended="5975" arrived="5975" collisions="3" teleports="3" halting="4" stopped="0" meanWaitingTime="11.81" meanTravelTime="253.07" meanSpeed="24.71" meanSpeedRelative="0.77" duration="1"/>
    <step time="12900.00" loaded="6279" inserted="6226" running="110" waiting="53" ended="6116" arrived="6116" collisions="3" teleports="3" halting="0" stopped="0" meanWaitingTime="13.35" meanTravelTime="253.02" meanSpeed="24.99" meanSpeedRelative="0.78" duration="1"/>
    <step time="13200.00" loaded="6427" inserted="6368" running="99" waiting="59" ended="6269" arrived="6269" collisions="4" teleports="4" halting="2" stopped="0" meanWaitingTime="15.48" meanTravelTime="252.08" meanSpeed="23.98" meanSpeedRelative="0.75" duration="0"/>
    <step time="13500.00" loaded="6556" inserted="6505" running="105" waiting="51" ended="6400" arrived="6400" collisions="4" teleports="4" halting="3" stopped="0" meanWaitingTime="17.37" meanTravelTime="251.69" meanSpeed="24.11" meanSpeedRelative="0.75" duration="1"/>
    <step time="13800.00" loaded="6699" inserted="6644" running="108" waiting="55" ended="6536" arrived="6536" collisions="4" teleports="4" halting="4" stopped="0" meanWaitingTime="19.60" meanTravelTime="250.81" meanSpeed="24.86" meanSpeedRelative="0.78" duration="1"/>
    <step time="14100.00" loaded="6812" inserted="6758" running="90" waiting="54" ended="6668" arrived="6668" collisions="4" teleports="4" halting="9" stopped="0" meanWaitingTime="21.42" meanTravelTime="250.85" meanSpeed="23.26" meanSpeedRelative="0.73" duration="1"/>
    <step time="14400.00" loaded="6946" inserted="6894" running="111" waiting="52" ended="6783" arrived="6783" collisions="4" teleports="4" halting="1" stopped="0" meanWaitingTime="23.36" meanTravelTime="250.55" meanSpeed="24.34" meanSpeedRelative="0.76" duration="86"/>
    <step time="14700.00" loaded="7054" inserted="7005" running="85" waiting="49" ended="6920" arrived="6920" collisions="4" teleports="4" halting="3" stopped="0" meanWaitingTime="25.04" meanTravelTime="250.39" meanSpeed="23.30" meanSpeedRelative="0.73" duration="0"/>
    <step time="15000.00" loaded="7151" inserted="7109" running="78" waiting="42" ended="7031" arrived="7031" collisions="4" teleports="4" halting="6" stopped="0" meanWaitingTime="26.93" meanTravelTime="250.11" meanSpeed="24.59" meanSpeedRelative="0.77" duration="0"/>
    <step time="15300.00" loaded="7253" inserted="7214" running="77" waiting="39" ended="7137" arrived="7137" collisions="4" teleports="4" halting="0" stopped="0" meanWaitingTime="28.54" meanTravelTime="249.62" meanSpeed="25.02" meanSpeedRelative="0.78" duration="1"/>
    <step time="15600.00" loaded="7357" inserted="7330" running="77" waiting="27" ended="7253" arrived="7253" collisions="4" teleports="4" halting="3" stopped="0" meanWaitingTime="30.04" meanTravelTime="249.47" meanSpeed="24.52" meanSpeedRelative="0.77" duration="1"/>
    <step time="15900.00" loaded="7434" inserted="7416" running="68" waiting="18" ended="7348" arrived="7348" collisions="4" teleports="4" halting="2" stopped="0" meanWaitingTime="30.91" meanTravelTime="249.50" meanSpeed="24.91" meanSpeedRelative="0.78" duration="1"/>
    <step time="16200.00" loaded="7526" inserted="7513" running="78" waiting="13" ended="7435" arrived="7435" collisions="4" teleports="4" halting="3" stopped="0" meanWaitingTime="31.38" meanTravelTime="249.37" meanSpeed="23.95" meanSpeedRelative="0.75" duration="0"/>
    <step time="16500.00" loaded="7632" inserted="7618" running="77" waiting="14" ended="7541" arrived="7541" collisions="4" teleports="4" halting="4" stopped="0" meanWaitingTime="31.49" meanTravelTime="248.94" meanSpeed="24.58" meanSpeedRelative="0.77" duration="1"/>
    <step time="16800.00" loaded="7730" inserted="7721" running="73" waiting="9" ended="7648" arrived="7648" collisions="4" teleports="4" halting="1" stopped="0" meanWaitingTime="31.60" meanTravelTime="248.76" meanSpeed="23.46" meanSpeedRelative="0.73" duration="1"/>
    <step time="17100.00" loaded="7835" inserted="7825" running="82" waiting="10" ended="7743" arrived="7743" collisions="4" teleports="4" halting="1" stopped="0" meanWaitingTime="31.55" meanTravelTime="248.25" meanSpeed="25.43" meanSpeedRelative="0.79" duration="0"/>
    <step time="17400.00" loaded="7941" inserted="7931" running="80" waiting="10" ended="7851" arrived="7851" collisions="4" teleports="4" halting="1" stopped="0" meanWaitingTime="31.50" meanTravelTime="248.05" meanSpeed="24.84" meanSpeedRelative="0.78" duration="0"/>
    <step time="17700.00" loaded="8032" inserted="8020" running="72" waiting="12" ended="7948" arrived="7948" collisions="4" teleports="4" halting="2" stopped="0" meanWaitingTime="31.54" meanTravelTime="247.85" meanSpeed="24.26" meanSpeedRelative="0.76" duration="1"/>
    <step time="18000.00" loaded="8135" inserted="8130" running="77" waiting="5" ended="8053" arrived="8053" collisions="4" teleports="4" halting="0" stopped="0" meanWaitingTime="31.51" meanTravelTime="247.44" meanSpeed="24.69" meanSpeedRelative="0.77" duration="80"/>
    <step time="18300.00" loaded="8317" inserted="8302" running="125" waiting="15" ended="8177" arrived="8177" collisions="4" teleports="4" halting="1" stopped="0" meanWaitingTime="31.09" meanTravelTime="246.99" meanSpeed="25.27" meanSpeedRelative="0.79" duration="1"/>
    <step time="18600.00" loaded="8505" inserted="8478" running="142" waiting="27" ended="8336" arrived="8336" collisions="4" teleports="4" halting="7" stopped="0" meanWaitingTime="30.92" meanTravelTime="246.57" meanSpeed="24.45" meanSpeedRelative="0.76" duration="0"/>
    <step time="18900.00" loaded="8686" inserted="8646" running="126" waiting="40" ended="8520" arrived="8520" collisions="4" teleports="4" halting="0" stopped="0" meanWaitingTime="31.07" meanTravelTime="246.37" meanSpeed="25.25" meanSpeedRelative="0.79" duration="0"/>
    <step time="19200.00" loaded="8892" inserted="8847" running="161" waiting="45" ended="8686" arrived="8686" collisions="5" teleports="5" halting="2" stopped="0" meanWaitingTime="31.65" meanTravelTime="245.77" meanSpeed="24.10" meanSpeedRelative="0.75" duration="1"/>
    <step time="19500.00" loaded="9108" inserted="9048" running="160" waiting="60" ended="8888" arrived="8888" collisions="6" teleports="6" halting="1" stopped="0" meanWaitingTime="32.16" meanTravelTime="245.43" meanSpeed="23.02" meanSpeedRelative="0.72" duration="1"/>
    <step time="19800.00" loaded="9304" inserted="9230" running="149" waiting="74" ended="9081" arrived="9081" collisions="6" teleports="6" halting="4" stopped="0" meanWaitingTime="33.03" meanTravelTime="245.20" meanSpeed="24.64" meanSpeedRelative="0.77" duration="1"/>
    <step time="20100.00" loaded="9512" inserted="9427" running="156" waiting="85" ended="9271" arrived="9271" collisions="6" teleports="6" halting="1" stopped="0" meanWaitingTime="34.05" meanTravelTime="245.47" meanSpeed="23.59" meanSpeedRelative="0.74" duration="1"/>
    <step time="20400.00" loaded="9713" inserted="9617" running="161" waiting="96" ended="9456" arrived="9456" collisions="6" teleports="6" halting="0" stopped="0" meanWaitingTime="35.26" meanTravelTime="245.71" meanSpeed="23.86" meanSpeedRelative="0.75" duration="1"/>
    <step time="20700.00" loaded="9903" inserted="9804" running="154" waiting="99" ended="9650" arrived="9650" collisions="6" teleports="6" halting="3" stopped="0" meanWaitingTime="36.91" meanTravelTime="245.59" meanSpeed="24.24" meanSpeedRelative="0.76" duration="1"/>
    <step time="21000.00" loaded="10106" inserted="9988" running="162" waiting="118" ended="9826" arrived="9826" collisions="7" teleports="7" halting="6" stopped="0" meanWaitingTime="38.54" meanTravelTime="245.71" meanSpeed="24.74" meanSpeedRelative="0.77" duration="1"/>
    <step time="21300.00" loaded="10306" inserted="10185" running="167" waiting="121" ended="10018" arrived="10018" collisions="7" teleports="7" halting="3" stopped="0" meanWaitingTime="40.34" meanTravelTime="245.50" meanSpeed="22.88" meanSpeedRelative="0.72" duration="1"/>
    <step time="21600.00" loaded="10508" inserted="10372" running="165" waiting="136" ended="10207" arrived="10207" collisions="8" teleports="8" halting="3" stopped="0" meanWaitingTime="42.81" meanTravelTime="245.84" meanSpeed="23.58" meanSpeedRelative="0.74" duration="80"/>
    <step time="21900.00" loaded="10958" inserted="10777" running="327" waiting="181" ended="10450" arrived="10450" collisions="8" teleports="8" halting="2" stopped="0" meanWaitingTime="47.21" meanTravelTime="245.45" meanSpeed="22.62" meanSpeedRelative="0.71" duration="1"/>
    <step time="22200.00" loaded="11399" inserted="11182" running="385" waiting="217" ended="10797" arrived="10797" collisions="8" teleports="8" halting="5" stopped="0" meanWaitingTime="51.44" meanTravelTime="245.74" meanSpeed="21.79" meanSpeedRelative="0.68" duration="2"/>
    <step time="22500.00" loaded="11902" inserted="11602" running="443" waiting="300" ended="11159" arrived="11159" collisions="10" teleports="10" halting="5" stopped="0" meanWaitingTime="55.60" meanTravelTime="246.46" meanSpeed="20.50" meanSpeedRelative="0.64" duration="2"/>
    <step time="22800.00" loaded="12367" inserted="12005" running="427" waiting="362" ended="11578" arrived="11578" collisions="12" teleports="12" halting="8" stopped="0" meanWaitingTime="60.35" meanTravelTime="248.72" meanSpeed="19.93" meanSpeedRelative="0.62" duration="2"/>
    <step time="23100.00" loaded="12837" inserted="12427" running="443" waiting="410" ended="11984" arrived="11984" collisions="12" teleports="12" halting="9" stopped="0" meanWaitingTime="66.04" meanTravelTime="251.48" meanSpeed="19.89" meanSpeedRelative="0.62" duration="2"/>
    <step time="23400.00" loaded="13302" inserted="12859" running="479" waiting="443" ended="12380" arrived="12380" collisions="12" teleports="12" halting="7" stopped="0" meanWaitingTime="72.02" meanTravelTime="253.81" meanSpeed="19.47" meanSpeedRelative="0.61" duration="3"/>
    <step time="23700.00" loaded="13759" inserted="13272" running="464" waiting="487" ended="12808" arrived="12808" collisions="14" teleports="14" halting="10" stopped="0" meanWaitingTime="78.53" meanTravelTime="256.56" meanSpeed="19.57" meanSpeedRelative="0.61" duration="2"/>
    <step time="24000.00" loaded="14225" inserted="13692" running="475" waiting="533" ended="13217" arrived="13217" collisions="15" teleports="15" halting="9" stopped="0" meanWaitingTime="85.49" meanTravelTime="258.95" meanSpeed="19.18" meanSpeedRelative="0.60" duration="3"/>
    <step time="24300.00" loaded="14729" inserted="14117" running="478" waiting="612" ended="13639" arrived="13639" collisions="16" teleports="16" halting="7" stopped="0" meanWaitingTime="92.47" meanTravelTime="261.12" meanSpeed="19.30" meanSpeedRelative="0.60" duration="4"/>
    <step time="24600.00" loaded="15149" inserted="14515" running="469" waiting="634" ended="14046" arrived="14046" collisions="16" teleports="16" halting="12" stopped="0" meanWaitingTime="100.20" meanTravelTime="263.46" meanSpeed="19.97" meanSpeedRelative="0.62" duration="3"/>
    <step time="24900.00" loaded="15602" inserted="14932" running="495" waiting="670" ended="14437" arrived="14437" collisions="17" teleports="17" halting="4" stopped="0" meanWaitingTime="108.23" meanTravelTime="265.78" meanSpeed="19.83" meanSpeedRelative="0.62" duration="3"/>
    <step time="25200.00" loaded="16114" inserted="15368" running="490" waiting="746" ended="14878" arrived="14878" collisions="18" teleports="18" halting="2" stopped="0" meanWaitingTime="116.42" meanTravelTime="268.72" meanSpeed="19.49" meanSpeedRelative="0.61" duration="90"/>
    <step time="25500.00" loaded="16699" inserted="15846" running="525" waiting="853" ended="15321" arrived="15321" collisions="19" teleports="19" halting="12" stopped="0" meanWaitingTime="124.65" meanTravelTime="270.47" meanSpeed="18.87" meanSpeedRelative="0.59" duration="4"/>
    <step time="25800.00" loaded="17246" inserted="16305" running="524" waiting="941" ended="15781" arrived="15781" collisions="19" teleports="19" halting="16" stopped="0" meanWaitingTime="133.70" meanTravelTime="272.26" meanSpeed="18.69" meanSpeedRelative="0.58" duration="2"/>
    <step time="26100.00" loaded="17799" inserted="16761" running="549" waiting="1038" ended="16212" arrived="16212" collisions="20" teleports="20" halting="11" stopped="0" meanWaitingTime="143.47" meanTravelTime="274.27" meanSpeed="18.50" meanSpeedRelative="0.58" duration="3"/>
    <step time="26400.00" loaded="18368" inserted="17225" running="579" waiting="1143" ended="16646" arrived="16646" collisions="21" teleports="21" halting="9" stopped="0" meanWaitingTime="153.60" meanTravelTime="276.22" meanSpeed="18.56" meanSpeedRelative="0.58" duration="3"/>
    <step time="26700.00" loaded="18929" inserted="17686" running="551" waiting="1243" ended="17135" arrived="17135" collisions="21" teleports="21" halting="10" stopped="0" meanWaitingTime="164.20" meanTravelTime="278.85" meanSpeed="18.45" meanSpeedRelative="0.58" duration="3"/>
    <step time="27000.00" loaded="19468" inserted="18153" running="583" waiting="1315" ended="17570" arrived="17570" collisions="21" teleports="21" halting="10" stopped="0" meanWaitingTime="175.52" meanTravelTime="280.76" meanSpeed="17.97" meanSpeedRelative="0.56" duration="3"/>
    <step time="27300.00" loaded="20030" inserted="18597" running="564" waiting="1433" ended="18033" arrived="18033" collisions="22" teleports="22" halting="9" stopped="0" meanWaitingTime="187.31" meanTravelTime="282.99" meanSpeed="17.65" meanSpeedRelative="0.55" duration="4"/>
    <step time="27600.00" loaded="20610" inserted="19053" running="607" waiting="1557" ended="18446" arrived="18446" collisions="22" teleports="22" halting="9" stopped="0" meanWaitingTime="200.53" meanTravelTime="285.52" meanSpeed="16.94" meanSpeedRelative="0.53" duration="4"/>
    <step time="27900.00" loaded="21162" inserted="19502" running="594" waiting="1660" ended="18908" arrived="18908" collisions="25" teleports="25" halting="6" stopped="0" meanWaitingTime="212.56" meanTravelTime="288.71" meanSpeed="16.86" meanSpeedRelative="0.53" duration="4"/>
    <step time="28200.00" loaded="21741" inserted="19964" running="588" waiting="1777" ended="19376" arrived="19376" collisions="25" teleports="25" halting="11" stopped="0" meanWaitingTime="226.75" meanTravelTime="290.79" meanSpeed="16.36" meanSpeedRelative="0.51" duration="4"/>
    <step time="28500.00" loaded="22294" inserted="20432" running="635" waiting="1862" ended="19797" arrived="19797" collisions="26" teleports="26" halting="7" stopped="0" meanWaitingTime="241.45" meanTravelTime="292.72" meanSpeed="15.87" meanSpeedRelative="0.50" duration="3"/>
    <step time="28800.00" loaded="22912" inserted="20889" running="608" waiting="2023" ended="20281" arrived="20281" collisions="28" teleports="28" halting="3" stopped="0" meanWaitingTime="256.08" meanTravelTime="295.67" meanSpeed="15.95" meanSpeedRelative="0.50" duration="89"/>
    <step time="29100.00" loaded="23251" inserted="21315" running="602" waiting="1936" ended="20713" arrived="20713" collisions="29" teleports="29" halting="9" stopped="0" meanWaitingTime="272.34" meanTravelTime="298.05" meanSpeed="15.67" meanSpeedRelative="0.49" duration="5"/>
    <step time="29400.00" loaded="23628" inserted="21762" running="587" waiting="1866" ended="21175" arrived="21175" collisions="29" teleports="29" halting="9" stopped="0" meanWaitingTime="288.62" meanTravelTime="300.25" meanSpeed="16.11" meanSpeedRelative="0.50" duration="4"/>
    <step time="29700.00" loaded="23972" inserted="22167" running="555" waiting="1805" ended="21612" arrived="21612" collisions="29" teleports="29" halting="8" stopped="0" meanWaitingTime="305.17" meanTravelTime="302.46" meanSpeed="16.09" meanSpeedRelative="0.50" duration="4"/>
    <step time="30000.00" loaded="24314" inserted="22586" running="561" waiting="1728" ended="22025" arrived="22025" collisions="30" teleports="30" halting="10" stopped="0" meanWaitingTime="321.78" meanTravelTime="304.15" meanSpeed="15.78" meanSpeedRelative="0.49" duration="3"/>
    <step time="30300.00" loaded="24712" inserted="23014" running="586" waiting="1698" ended="22428" arrived="22428" collisions="30" teleports="30" halting="7" stopped="0" meanWaitingTime="337.40" meanTravelTime="306.10" meanSpeed="15.62" meanSpeedRelative="0.49" duration="3"/>
    <step time="30600.00" loaded="25071" inserted="23428" running="537" waiting="1643" ended="22891" arrived="22891" collisions="30" teleports="30" halting="8" stopped="0" meanWaitingTime="353.08" meanTravelTime="307.93" meanSpeed="16.95" meanSpeedRelative="0.53" duration="3"/>
    <step time="30900.00" loaded="25386" inserted="23845" running="520" waiting="1541" ended="23325" arrived="23325" collisions="31" teleports="31" halting="10" stopped="0" meanWaitingTime="368.16" meanTravelTime="309.81" meanSpeed="16.21" meanSpeedRelative="0.51" duration="3"/>
    <step time="31200.00" loaded="25728" inserted="24257" running="507" waiting="1471" ended="23750" arrived="23750" collisions="31" teleports="31" halting="7" stopped="0" meanWaitingTime="381.67" meanTravelTime="311.10" meanSpeed="16.95" meanSpeedRelative="0.53" duration="2"/>
    <step time="31500.00" loaded="26055" inserted="24669" running="521" waiting="1386" ended="24148" arrived="24148" collisions="34" teleports="34" halting="5" stopped="0" meanWaitingTime="395.38" meanTravelTime="311.78" meanSpeed="17.95" meanSpeedRelative="0.56" duration="4"/>
    <step time="31800.00" loaded="26392" inserted="25093" running="542" waiting="1299" ended="24551" arrived="24551" collisions="39" teleports="39" halting="9" stopped="0" meanWaitingTime="407.56" meanTravelTime="313.04" meanSpeed="17.49" meanSpeedRelative="0.55" duration="3"/>
    <step time="32100.00" loaded="26755" inserted="25514" running="510" waiting="1241" ended="25004" arrived="25004" collisions="39" teleports="39" halting="8" stopped="0" meanWaitingTime="418.01" meanTravelTime="314.39" meanSpeed="18.05" meanSpeedRelative="0.56" duration="4"/>
    <step time="32400.00" loaded="27101" inserted="25899" running="452" waiting="1202" ended="25447" arrived="25447" collisions="39" teleports="39" halting="3" stopped="0" meanWaitingTime="427.56" meanTravelTime="314.91" meanSpeed="18.96" meanSpeedRelative="0.59" duration="91"/>
    <step time="32700.00" loaded="27375" inserted="26267" running="419" waiting="1108" ended="25848" arrived="25848" collisions="39" teleports="39" halting="6" stopped="0" meanWaitingTime="437.60" meanTravelTime="315.70" meanSpeed="19.93" meanSpeedRelative="0.62" duration="3"/>
    <step time="33000.00" loaded="27633" inserted="26593" running="354" waiting="1040" ended="26239" arrived="26239" collisions="42" teleports="42" halting="9" stopped="0" meanWaitingTime="447.12" meanTravelTime="316.13" meanSpeed="20.65" meanSpeedRelative="0.65" duration="2"/>
    <step time="33300.00" loaded="27914" inserted="26930" running="321" waiting="984" ended="26609" arrived="26609" collisions="43" teleports="43" halting="7" stopped="0" meanWaitingTime="455.95" meanTravelTime="316.37" meanSpeed="21.10" meanSpeedRelative="0.66" duration="2"/>
    <step time="33600.00" loaded="28180" inserted="27253" running="304" waiting="927" ended="26949" arrived="26949" collisions="43" teleports="43" halting="6" stopped="0" meanWaitingTime="464.18" meanTravelTime="316.26" meanSpeed="20.91" meanSpeedRelative="0.65" duration="2"/>
    <step time="33900.00" loaded="28441" inserted="27566" running="293" waiting="875" ended="27273" arrived="27273" collisions="43" teleports="43" halting="9" stopped="0" meanWaitingTime="471.52" meanTravelTime="315.77" meanSpeed="21.15" meanSpeedRelative="0.66" duration="2"/>
    <step time="34200.00" loaded="28697" inserted="27885" running="299" waiting="812" ended="27586" arrived="27586" collisions="43" teleports="43" halting="6" stopped="0" meanWaitingTime="477.53" meanTravelTime="315.42" meanSpeed="20.94" meanSpeedRelative="0.65" duration="2"/>
    <step time="34500.00" loaded="28950" inserted="28213" running="303" waiting="737" ended="27910" arrived="27910" collisions="44" teleports="44" halting="4" stopped="0" meanWaitingTime="483.54" meanTravelTime="315.02" meanSpeed="20.86" meanSpeedRelative="0.65" duration="2"/>
    <step time="34800.00" loaded="29226" inserted="28541" running="312" waiting="685" ended="28229" arrived="28229" collisions="45" teleports="45" halting="8" stopped="0" meanWaitingTime="487.89" meanTravelTime="314.61" meanSpeed="21.53" meanSpeedRelative="0.67" duration="2"/>
    <step time="35100.00" loaded="29480" inserted="28876" running="305" waiting="604" ended="28571" arrived="28571" collisions="46" teleports="46" halting="5" stopped="0" meanWaitingTime="491.46" meanTravelTime="314.17" meanSpeed="21.38" meanSpeedRelative="0.67" duration="2"/>
    <step time="35400.00" loaded="29752" inserted="29197" running="316" waiting="555" ended="28881" arrived="28881" collisions="47" teleports="47" halting="8" stopped="0" meanWaitingTime="494.01" meanTravelTime="313.98" meanSpeed="21.29" meanSpeedRelative="0.67" duration="2"/>
    <step time="35700.00" loaded="30006" inserted="29466" running="291" waiting="540" ended="29175" arrived="29175" collisions="47" teleports="47" halting="4" stopped="0" meanWaitingTime="496.54" meanTravelTime="313.68" meanSpeed="21.67" meanSpeedRelative="0.68" duration="2"/>
    <step time="36000.00" loaded="30265" inserted="29746" running="266" waiting="519" ended="29480" arrived="29480" collisions="47" teleports="47" halting="7" stopped="0" meanWaitingTime="498.23" meanTravelTime="313.71" meanSpeed="21.26" meanSpeedRelative="0.66" duration="83"/>
    <step time="36300.00" loaded="30741" inserted="30206" running="387" waiting="535" ended="29819" arrived="29819" collisions="48" teleports="48" halting="5" stopped="0" meanWaitingTime="498.26" meanTravelTime="313.17" meanSpeed="19.98" meanSpeedRelative="0.62" duration="3"/>
    <step time="36600.00" loaded="31197" inserted="30636" running="414" waiting="561" ended="30222" arrived="30222" collisions="49" teleports="49" halting="9" stopped="0" meanWaitingTime="498.46" meanTravelTime="312.48" meanSpeed="20.81" meanSpeedRelative="0.65" duration="2"/>
    <step time="36900.00" loaded="31688" inserted="31087" running="461" waiting="601" ended="30626" arrived="30626" collisions="51" teleports="51" halting="8" stopped="0" meanWaitingTime="497.55" meanTravelTime="311.96" meanSpeed="20.17" meanSpeedRelative="0.63" duration="3"/>
    <step time="37200.00" loaded="32164" inserted="31533" running="474" waiting="631" ended="31059" arrived="31059" collisions="53" teleports="53" halting="2" stopped="0" meanWaitingTime="496.49" meanTravelTime="311.76" meanSpeed="20.80" meanSpeedRelative="0.65" duration="3"/>
    <step time="37500.00" loaded="32631" inserted="31980" running="481" waiting="651" ended="31499" arrived="31499" collisions="56" teleports="56" halting="8" stopped="0" meanWaitingTime="495.96" meanTravelTime="311.76" meanSpeed="20.33" meanSpeedRelative="0.64" duration="3"/>
    <step time="37800.00" loaded="33095" inserted="32433" running="485" waiting="662" ended="31948" arrived="31948" collisions="57" teleports="57" halting="11" stopped="0" meanWaitingTime="495.01" meanTravelTime="312.03" meanSpeed="19.51" meanSpeedRelative="0.61" duration="2"/>
    <step time="38100.00" loaded="33600" inserted="32881" running="480" waiting="719" ended="32401" arrived="32401" collisions="58" teleports="58" halting="13" stopped="0" meanWaitingTime="493.81" meanTravelTime="312.24" meanSpeed="18.56" meanSpeedRelative="0.58" duration="3"/>
    <step time="38400.00" loaded="34083" inserted="33315" running="488" waiting="768" ended="32827" arrived="32827" collisions="58" teleports="58" halting="9" stopped="0" meanWaitingTime="493.02" meanTravelTime="312.43" meanSpeed="19.56" meanSpeedRelative="0.61" duration="3"/>
    <step time="38700.00" loaded="34521" inserted="33758" running="463" waiting="763" ended="33295" arrived="33295" collisions="60" teleports="60" halting="5" stopped="0" meanWaitingTime="492.10" meanTravelTime="312.52" meanSpeed="20.23" meanSpeedRelative="0.63" duration="2"/>
    <step time="39000.00" loaded="34962" inserted="34188" running="448" waiting="774" ended="33740" arrived="33740" collisions="64" teleports="64" halting="10" stopped="0" meanWaitingTime="491.31" meanTravelTime="312.61" meanSpeed="20.18" meanSpeedRelative="0.63" duration="3"/>
    <step time="39300.00" loaded="35429" inserted="34642" running="475" waiting="787" ended="34167" arrived="34167" collisions="65" teleports="65" halting="7" stopped="0" meanWaitingTime="490.98" meanTravelTime="312.64" meanSpeed="19.91" meanSpeedRelative="0.62" duration="3"/>
    <step time="39600.00" loaded="35889" inserted="35068" running="479" waiting="821" ended="34589" arrived="34589" collisions="65" teleports="65" halting="2" stopped="0" meanWaitingTime="490.36" meanTravelTime="312.74" meanSpeed="19.98" meanSpeedRelative="0.62" duration="91"/>
    <step time="39900.00" loaded="36372" inserted="35515" running="513" waiting="857" ended="35002" arrived="35002" collisions="71" teleports="71" halting="7" stopped="0" meanWaitingTime="489.92" meanTravelTime="313.07" meanSpeed="19.58" meanSpeedRelative="0.61" duration="3"/>
    <step time="40200.00" loaded="36875" inserted="35970" running="520" waiting="905" ended="35450" arrived="35450" collisions="72" teleports="72" halting="6" stopped="0" meanWaitingTime="489.81" meanTravelTime="313.30" meanSpeed="19.13" meanSpeedRelative="0.60" duration="3"/>
    <step time="40500.00" loaded="37397" inserted="36445" running="524" waiting="952" ended="35921" arrived="35921" collisions="73" teleports="73" halting="4" stopped="0" meanWaitingTime="489.86" meanTravelTime="313.79" meanSpeed="19.22" meanSpeedRelative="0.60" duration="4"/>
    <step time="40800.00" loaded="37877" inserted="36886" running="504" waiting="991" ended="36382" arrived="36382" collisions="73" teleports="73" halting="6" stopped="0" meanWaitingTime="489.85" meanTravelTime="314.09" meanSpeed="18.94" meanSpeedRelative="0.59" duration="3"/>
    <step time="41100.00" loaded="38389" inserted="37361" running="564" waiting="1028" ended="36797" arrived="36797" collisions="74" teleports="74" halting="2" stopped="0" meanWaitingTime="490.12" meanTravelTime="314.41" meanSpeed="18.63" meanSpeedRelative="0.58" duration="4"/>
    <step time="41400.00" loaded="38883" inserted="37821" running="559" waiting="1062" ended="37262" arrived="37262" collisions="74" teleports="74" halting="8" stopped="0" meanWaitingTime="491.14" meanTravelTime="314.62" meanSpeed="18.98" meanSpeedRelative="0.59" duration="4"/>
    <step time="41700.00" loaded="39410" inserted="38277" running="542" waiting="1133" ended="37735" arrived="37735" collisions="75" teleports="75" halting="13" stopped="0" meanWaitingTime="491.78" meanTravelTime="315.38" meanSpeed="18.53" meanSpeedRelative="0.58" duration="3"/>
    <step time="42000.00" loaded="39938" inserted="38770" running="586" waiting="1168" ended="38184" arrived="38184" collisions="76" teleports="76" halting="6" stopped="0" meanWaitingTime="492.60" meanTravelTime="315.88" meanSpeed="18.09" meanSpeedRelative="0.57" duration="3"/>
    <step time="42300.00" loaded="40438" inserted="39227" running="605" waiting="1211" ended="38622" arrived="38622" collisions="76" teleports="76" halting="9" stopped="0" meanWaitingTime="493.95" meanTravelTime="316.54" meanSpeed="17.36" meanSpeedRelative="0.54" duration="3"/>
    <step time="42600.00" loaded="40963" inserted="39679" running="568" waiting="1284" ended="39111" arrived="39111" collisions="76" teleports="76" halting="12" stopped="0" meanWaitingTime="495.18" meanTravelTime="317.29" meanSpeed="17.94" meanSpeedRelative="0.56" duration="3"/>
    <step time="42900.00" loaded="41483" inserted="40139" running="568" waiting="1344" ended="39571" arrived="39571" collisions="77" teleports="77" halting="15" stopped="0" meanWaitingTime="497.17" meanTravelTime="317.99" meanSpeed="18.16" meanSpeedRelative="0.57" duration="4"/>
    <step time="43200.00" loaded="42041" inserted="40626" running="621" waiting="1415" ended="40005" arrived="40005" collisions="77" teleports="77" halting="12" stopped="0" meanWaitingTime="499.07" meanTravelTime="318.59" meanSpeed="17.73" meanSpeedRelative="0.55" duration="93"/>
    <step time="43500.00" loaded="42595" inserted="41124" running="642" waiting="1471" ended="40482" arrived="40482" collisions="78" teleports="78" halting="6" stopped="0" meanWaitingTime="500.78" meanTravelTime="319.41" meanSpeed="17.62" meanSpeedRelative="0.55" duration="3"/>
    <step time="43800.00" loaded="43134" inserted="41604" running="654" waiting="1530" ended="40950" arrived="40950" collisions="79" teleports="79" halting="11" stopped="0" meanWaitingTime="503.02" meanTravelTime="320.19" meanSpeed="17.34" meanSpeedRelative="0.54" duration="4"/>
    <step time="44100.00" loaded="43684" inserted="42096" running="687" waiting="1588" ended="41409" arrived="41409" collisions="82" teleports="82" halting="6" stopped="0" meanWaitingTime="505.64" meanTravelTime="320.93" meanSpeed="16.13" meanSpeedRelative="0.50" duration="5"/>
    <step time="44400.00" loaded="44278" inserted="42576" running="678" waiting="1702" ended="41898" arrived="41898" collisions="84" teleports="84" halting="8" stopped="0" meanWaitingTime="508.07" meanTravelTime="322.14" meanSpeed="16.41" meanSpeedRelative="0.51" duration="4"/>
    <step time="44700.00" loaded="44819" inserted="43060" running="689" waiting="1759" ended="42371" arrived="42371" collisions="87" teleports="87" halting="10" stopped="0" meanWaitingTime="510.71" meanTravelTime="323.48" meanSpeed="16.27" meanSpeedRelative="0.51" duration="5"/>
    <step time="45000.00" loaded="45340" inserted="43564" running="725" waiting="1776" ended="42839" arrived="42839" collisions="89" teleports="89" halting="13" stopped="0" meanWaitingTime="514.49" meanTravelTime="324.55" meanSpeed="16.13" meanSpeedRelative="0.50" duration="6"/>
    <step time="45300.00" loaded="45872" inserted="44036" running="739" waiting="1836" ended="43297" arrived="43297" collisions="91" teleports="91" halting="14" stopped="0" meanWaitingTime="517.91" meanTravelTime="325.92" meanSpeed="15.26" meanSpeedRelative="0.48" duration="5"/>
    <step time="45600.00" loaded="46385" inserted="44515" running="716" waiting="1870" ended="43799" arrived="43799" collisions="95" teleports="95" halting="10" stopped="0" meanWaitingTime="522.34" meanTravelTime="327.33" meanSpeed="15.65" meanSpeedRelative="0.49" duration="5"/>
    <step time="45900.00" loaded="46941" inserted="45018" running="751" waiting="1923" ended="44267" arrived="44267" collisions="97" teleports="97" halting="10" stopped="0" meanWaitingTime="526.28" meanTravelTime="328.67" meanSpeed="15.18" meanSpeedRelative="0.47" duration="5"/>
    <step time="46200.00" loaded="47475" inserted="45491" running="732" waiting="1984" ended="44759" arrived="44759" collisions="100" teleports="100" halting="11" stopped="0" meanWaitingTime="530.57" meanTravelTime="329.91" meanSpeed="15.19" meanSpeedRelative="0.47" duration="5"/>
    <step time="46500.00" loaded="48000" inserted="45954" running="706" waiting="2046" ended="45248" arrived="45248" collisions="102" teleports="102" halting="8" stopped="0" meanWaitingTime="535.35" meanTravelTime="331.23" meanSpeed="15.69" meanSpeedRelative="0.49" duration="4"/>
    <step time="46800.00" loaded="48532" inserted="46414" running="713" waiting="2118" ended="45701" arrived="45701" collisions="105" teleports="105" halting="14" stopped="0" meanWaitingTime="540.17" meanTravelTime="332.41" meanSpeed="15.22" meanSpeedRelative="0.48" duration="91"/>
    <step time="47100.00" loaded="49075" inserted="46878" running="704" waiting="2197" ended="46174" arrived="46174" collisions="106" teleports="106" halting="10" stopped="0" meanWaitingTime="545.00" meanTravelTime="333.76" meanSpeed="15.27" meanSpeedRelative="0.48" duration="4"/>
    <step time="47400.00" loaded="49563" inserted="47329" running="713" waiting="2234" ended="46616" arrived="46616" collisions="110" teleports="110" halting="13" stopped="0" meanWaitingTime="549.26" meanTravelTime="335.07" meanSpeed="14.84" meanSpeedRelative="0.46" duration="4"/>
    <step time="47700.00" loaded="50131" inserted="47819" running="720" waiting="2312" ended="47099" arrived="47099" collisions="113" teleports="113" halting="13" stopped="0" meanWaitingTime="554.67" meanTravelTime="336.24" meanSpeed="14.70" meanSpeedRelative="0.46" duration="5"/>
    <step time="48000.00" loaded="50646" inserted="48318" running="742" waiting="2328" ended="47576" arrived="47576" collisions="116" teleports="116" halting="12" stopped="0" meanWaitingTime="560.76" meanTravelTime="337.28" meanSpeed="15.12" meanSpeedRelative="0.47" duration="6"/>
    <step time="48300.00" loaded="51153" inserted="48799" running="736" waiting="2354" ended="48063" arrived="48063" collisions="122" teleports="122" halting="16" stopped="0" meanWaitingTime="566.66" meanTravelTime="338.27" meanSpeed="15.48" meanSpeedRelative="0.48" duration="4"/>
    <step time="48600.00" loaded="51751" inserted="49292" running="764" waiting="2459" ended="48528" arrived="48528" collisions="126" teleports="126" halting="10" stopped="0" meanWaitingTime="572.54" meanTravelTime="339.44" meanSpeed="15.29" meanSpeedRelative="0.48" duration="6"/>
    <step time="48900.00" loaded="52274" inserted="49767" running="740" waiting="2507" ended="49027" arrived="49027" collisions="127" teleports="127" halting="14" stopped="0" meanWaitingTime="578.64" meanTravelTime="340.88" meanSpeed="14.78" meanSpeedRelative="0.46" duration="5"/>
    <step time="49200.00" loaded="52816" inserted="50251" running="743" waiting="2565" ended="49508" arrived="49508" collisions="129" teleports="129" halting="4" stopped="0" meanWaitingTime="584.49" meanTravelTime="341.94" meanSpeed="15.13" meanSpeedRelative="0.47" duration="5"/>
    <step time="49500.00" loaded="53344" inserted="50739" running="767" waiting="2605" ended="49972" arrived="49972" collisions="132" teleports="132" halting="10" stopped="0" meanWaitingTime="590.82" meanTravelTime="343.24" meanSpeed="14.38" meanSpeedRelative="0.45" duration="6"/>
    <step time="49800.00" loaded="53886" inserted="51213" running="772" waiting="2673" ended="50441" arrived="50441" collisions="133" teleports="133" halting="4" stopped="0" meanWaitingTime="596.64" meanTravelTime="344.52" meanSpeed="14.72" meanSpeedRelative="0.46" duration="6"/>
    <step time="50100.00" loaded="54421" inserted="51689" running="766" waiting="2732" ended="50923" arrived="50923" collisions="135" teleports="135" halting="11" stopped="0" meanWaitingTime="603.26" meanTravelTime="345.78" meanSpeed="14.37" meanSpeedRelative="0.45" duration="4"/>
    <step time="50400.00" loaded="54932" inserted="52147" running="736" waiting="2785" ended="51411" arrived="51411" collisions="136" teleports="136" halting="11" stopped="0" meanWaitingTime="608.98" meanTravelTime="347.28" meanSpeed="15.10" meanSpeedRelative="0.47" duration="93"/>
    <step time="50700.00" loaded="55697" inserted="52671" running="766" waiting="3026" ended="51905" arrived="51905" collisions="139" teleports="139" halting="12" stopped="0" meanWaitingTime="614.88" meanTravelTime="348.29" meanSpeed="14.72" meanSpeedRelative="0.46" duration="5"/>
    <step time="51000.00" loaded="56369" inserted="53174" running="801" waiting="3195" ended="52373" arrived="52373" collisions="143" teleports="143" halting="13" stopped="0" meanWaitingTime="621.17" meanTravelTime="349.30" meanSpeed="14.13" meanSpeedRelative="0.44" duration="7"/>
    <step time="51300.00" loaded="57102" inserted="53690" running="824" waiting="3412" ended="52866" arrived="52866" collisions="145" teleports="145" halting="10" stopped="0" meanWaitingTime="627.79" meanTravelTime="350.17" meanSpeed="14.99" meanSpeedRelative="0.47" duration="7"/>
    <step time="51600.00" loaded="57826" inserted="54222" running="848" waiting="3604" ended="53374" arrived="53374" collisions="148" teleports="148" halting="24" stopped="0" meanWaitingTime="635.12" meanTravelTime="351.36" meanSpeed="13.82" meanSpeedRelative="0.43" duration="6"/>
    <step time="51900.00" loaded="58511" inserted="54740" running="863" waiting="3771" ended="53877" arrived="53877" collisions="150" teleports="150" halting="22" stopped="0" meanWaitingTime="641.85" meanTravelTime="352.84" meanSpeed="13.93" meanSpeedRelative="0.44" duration="6"/>
    <step time="52200.00" loaded="59242" inserted="55258" running="882" waiting="3984" ended="54376" arrived="54376" collisions="151" teleports="151" halting="17" stopped="0" meanWaitingTime="648.21" meanTravelTime="354.13" meanSpeed="14.07" meanSpeedRelative="0.44" duration="5"/>
    <step time="52500.00" loaded="60031" inserted="55799" running="941" waiting="4232" ended="54858" arrived="54858" collisions="153" teleports="153" halting="9" stopped="0" meanWaitingTime="655.37" meanTravelTime="355.48" meanSpeed="12.74" meanSpeedRelative="0.40" duration="7"/>
    <step time="52800.00" loaded="60726" inserted="56325" running="941" waiting="4401" ended="55384" arrived="55384" collisions="156" teleports="156" halting="11" stopped="0" meanWaitingTime="662.91" meanTravelTime="357.11" meanSpeed="13.10" meanSpeedRelative="0.41" duration="8"/>
    <step time="53100.00" loaded="61432" inserted="56849" running="952" waiting="4583" ended="55897" arrived="55897" collisions="159" teleports="159" halting="10" stopped="0" meanWaitingTime="670.60" meanTravelTime="358.77" meanSpeed="12.81" meanSpeedRelative="0.40" duration="8"/>
    <step time="53400.00" loaded="62111" inserted="57351" running="945" waiting="4760" ended="56406" arrived="56406" collisions="159" teleports="159" halting="16" stopped="0" meanWaitingTime="678.31" meanTravelTime="360.48" meanSpeed="12.64" meanSpeedRelative="0.40" duration="8"/>
    <step time="53700.00" loaded="62784" inserted="57880" running="948" waiting="4904" ended="56932" arrived="56932" collisions="163" teleports="163" halting="10" stopped="0" meanWaitingTime="686.75" meanTravelTime="362.26" meanSpeed="13.21" meanSpeedRelative="0.41" duration="9"/>
    <step time="54000.00" loaded="63482" inserted="58404" running="945" waiting="5078" ended="57459" arrived="57459" collisions="167" teleports="167" halting="7" stopped="0" meanWaitingTime="696.14" meanTravelTime="364.06" meanSpeed="13.24" meanSpeedRelative="0.41" duration="94"/>
    <step time="54300.00" loaded="63924" inserted="58864" running="888" waiting="5060" ended="57976" arrived="57976" collisions="172" teleports="172" halting="8" stopped="0" meanWaitingTime="705.83" meanTravelTime="365.62" meanSpeed="13.82" meanSpeedRelative="0.43" duration="7"/>
    <step time="54600.00" loaded="64392" inserted="59341" running="884" waiting="5051" ended="58457" arrived="58457" collisions="181" teleports="181" halting="13" stopped="0" meanWaitingTime="715.63" meanTravelTime="367.34" meanSpeed="13.59" meanSpeedRelative="0.42" duration="8"/>
    <step time="54900.00" loaded="64834" inserted="59823" running="850" waiting="5011" ended="58973" arrived="58973" collisions="186" teleports="186" halting="14" stopped="0" meanWaitingTime="726.83" meanTravelTime="369.03" meanSpeed="14.00" meanSpeedRelative="0.44" duration="7"/>
    <step time="55200.00" loaded="65243" inserted="60283" running="791" waiting="4960" ended="59492" arrived="59492" collisions="187" teleports="187" halting="14" stopped="0" meanWaitingTime="737.23" meanTravelTime="370.40" meanSpeed="14.63" meanSpeedRelative="0.46" duration="7"/>
    <step time="55500.00" loaded="65693" inserted="60757" running="775" waiting="4936" ended="59982" arrived="59982" collisions="187" teleports="187" halting="13" stopped="0" meanWaitingTime="748.83" meanTravelTime="371.43" meanSpeed="14.93" meanSpeedRelative="0.47" duration="8"/>
    <step time="55800.00" loaded="66120" inserted="61236" running="743" waiting="4884" ended="60493" arrived="60493" collisions="191" teleports="191" halting="11" stopped="0" meanWaitingTime="760.87" meanTravelTime="372.42" meanSpeed="14.49" meanSpeedRelative="0.45" duration="5"/>
    <step time="56100.00" loaded="66571" inserted="61691" running="717" waiting="4880" ended="60974" arrived="60974" collisions="192" teleports="192" halting="14" stopped="0" meanWaitingTime="772.52" meanTravelTime="373.18" meanSpeed="15.23" meanSpeedRelative="0.48" duration="7"/>
    <step time="56400.00" loaded="67003" inserted="62165" running="717" waiting="4838" ended="61448" arrived="61448" collisions="196" teleports="196" halting="7" stopped="0" meanWaitingTime="785.38" meanTravelTime="373.75" meanSpeed="15.46" meanSpeedRelative="0.48" duration="6"/>
    <step time="56700.00" loaded="67491" inserted="62643" running="729" waiting="4848" ended="61914" arrived="61914" collisions="198" teleports="198" halting="3" stopped="0" meanWaitingTime="797.18" meanTravelTime="374.32" meanSpeed="16.02" meanSpeedRelative="0.50" duration="5"/>
    <step time="57000.00" loaded="67977" inserted="63144" running="751" waiting="4833" ended="62393" arrived="62393" collisions="199" teleports="199" halting="16" stopped="0" meanWaitingTime="808.82" meanTravelTime="374.97" meanSpeed="15.40" meanSpeedRelative="0.48" duration="8"/>
    <step time="57300.00" loaded="68446" inserted="63639" running="776" waiting="4807" ended="62863" arrived="62863" collisions="200" teleports="200" halting="12" stopped="0" meanWaitingTime="820.24" meanTravelTime="375.65" meanSpeed="15.38" meanSpeedRelative="0.48" duration="5"/>
    <step time="57600.00" loaded="68928" inserted="64147" running="821" waiting="4781" ended="63326" arrived="63326" collisions="202" teleports="202" halting="8" stopped="0" meanWaitingTime="831.66" meanTravelTime="376.29" meanSpeed="14.28" meanSpeedRelative="0.45" duration="86"/>
    <step time="57900.00" loaded="69498" inserted="64658" running="814" waiting="4840" ended="63844" arrived="63844" collisions="203" teleports="203" halting="16" stopped="0" meanWaitingTime="841.97" meanTravelTime="377.02" meanSpeed="14.33" meanSpeedRelative="0.45" duration="8"/>
    <step time="58200.00" loaded="70043" inserted="65130" running="798" waiting="4913" ended="64332" arrived="64332" collisions="204" teleports="204" halting="12" stopped="0" meanWaitingTime="851.08" meanTravelTime="377.92" meanSpeed="15.05" meanSpeedRelative="0.47" duration="7"/>
    <step time="58500.00" loaded="70606" inserted="65644" running="819" waiting="4962" ended="64825" arrived="64825" collisions="205" teleports="205" halting="9" stopped="0" meanWaitingTime="861.34" meanTravelTime="378.77" meanSpeed="14.97" meanSpeedRelative="0.47" duration="5"/>
    <step time="58800.00" loaded="71149" inserted="66176" running="845" waiting="4973" ended="65331" arrived="65331" collisions="209" teleports="209" halting="12" stopped="0" meanWaitingTime="872.47" meanTravelTime="379.36" meanSpeed="13.89" meanSpeedRelative="0.43" duration="6"/>
    <step time="59100.00" loaded="71660" inserted="66668" running="834" waiting="4992" ended="65834" arrived="65834" collisions="209" teleports="209" halting="5" stopped="0" meanWaitingTime="882.35" meanTravelTime="380.25" meanSpeed="14.39" meanSpeedRelative="0.45" duration="6"/>
    <step time="59400.00" loaded="72225" inserted="67174" running="839" waiting="5051" ended="66335" arrived="66335" collisions="211" teleports="211" halting="9" stopped="0" meanWaitingTime="892.11" meanTravelTime="380.93" meanSpeed="14.15" meanSpeedRelative="0.44" duration="6"/>
    <step time="59700.00" loaded="72784" inserted="67693" running="873" waiting="5091" ended="66820" arrived="66820" collisions="215" teleports="215" halting="9" stopped="0" meanWaitingTime="901.69" meanTravelTime="382.06" meanSpeed="13.69" meanSpeedRelative="0.43" duration="6"/>
    <step time="60000.00" loaded="73340" inserted="68184" running="884" waiting="5156" ended="67300" arrived="67300" collisions="219" teleports="219" halting="10" stopped="0" meanWaitingTime="912.86" meanTravelTime="382.85" meanSpeed="13.72" meanSpeedRelative="0.43" duration="7"/>
    <step time="60300.00" loaded="73877" inserted="68700" running="898" waiting="5177" ended="67802" arrived="67802" collisions="220" teleports="220" halting="12" stopped="0" meanWaitingTime="924.38" meanTravelTime="383.84" meanSpeed="13.29" meanSpeedRelative="0.42" duration="7"/>
    <step time="60600.00" loaded="74421" inserted="69207" running="915" waiting="5214" ended="68292" arrived="68292" collisions="224" teleports="224" halting="8" stopped="0" meanWaitingTime="935.64" meanTravelTime="384.95" meanSpeed="13.16" meanSpeedRelative="0.41" duration="9"/>
    <step time="60900.00" loaded="74982" inserted="69732" running="931" waiting="5250" ended="68801" arrived="68801" collisions="226" teleports="226" halting="6" stopped="0" meanWaitingTime="946.59" meanTravelTime="385.93" meanSpeed="13.03" meanSpeedRelative="0.41" duration="7"/>
    <step time="61200.00" loaded="75521" inserted="70228" running="905" waiting="5293" ended="69323" arrived="69323" collisions="228" teleports="228" halting="8" stopped="0" meanWaitingTime="956.88" meanTravelTime="386.82" meanSpeed="13.09" meanSpeedRelative="0.41" duration="86"/>
    <step time="61500.00" loaded="75599" inserted="70560" running="777" waiting="5039" ended="69783" arrived="69783" collisions="233" teleports="233" halting="10" stopped="0" meanWaitingTime="968.42" meanTravelTime="388.03" meanSpeed="13.82" meanSpeedRelative="0.43" duration="5"/>
    <step time="61800.00" loaded="75662" inserted="70870" running="652" waiting="4792" ended="70218" arrived="70218" collisions="234" teleports="234" halting="10" stopped="0" meanWaitingTime="981.78" meanTravelTime="389.45" meanSpeed="14.69" meanSpeedRelative="0.46" duration="6"/>
    <step time="62100.00" loaded="75726" inserted="71186" running="566" waiting="4540" ended="70620" arrived="70620" collisions="236" teleports="236" halting="7" stopped="0" meanWaitingTime="995.69" meanTravelTime="390.73" meanSpeed="16.15" meanSpeedRelative="0.50" duration="4"/>
    <step time="62400.00" loaded="75786" inserted="71492" running="467" waiting="4294" ended="71025" arrived="71025" collisions="236" teleports="236" halting="1" stopped="0" meanWaitingTime="1009.69" meanTravelTime="391.68" meanSpeed="18.09" meanSpeedRelative="0.57" duration="6"/>
    <step time="62700.00" loaded="75868" inserted="71808" running="433" waiting="4060" ended="71375" arrived="71375" collisions="237" teleports="237" halting="6" stopped="0" meanWaitingTime="1023.45" meanTravelTime="392.21" meanSpeed="18.25" meanSpeedRelative="0.57" duration="3"/>
    <step time="63000.00" loaded="75941" inserted="72126" running="389" waiting="3815" ended="71737" arrived="71737" collisions="237" teleports="237" halting="6" stopped="0" meanWaitingTime="1037.43" meanTravelTime="392.45" meanSpeed="19.26" meanSpeedRelative="0.60" duration="4"/>
    <step time="63300.00" loaded="76016" inserted="72422" running="348" waiting="3594" ended="72074" arrived="72074" collisions="237" teleports="237" halting="5" stopped="0" meanWaitingTime="1050.78" meanTravelTime="392.34" meanSpeed="19.83" meanSpeedRelative="0.62" duration="3"/>
    <step time="63600.00" loaded="76079" inserted="72672" running="271" waiting="3407" ended="72401" arrived="72401" collisions="237" teleports="237" halting="1" stopped="0" meanWaitingTime="1064.77" meanTravelTime="392.14" meanSpeed="21.41" meanSpeedRelative="0.67" duration="2"/>
    <step time="63900.00" loaded="76152" inserted="72931" running="262" waiting="3221" ended="72669" arrived="72669" collisions="237" teleports="237" halting="4" stopped="0" meanWaitingTime="1078.95" meanTravelTime="391.88" meanSpeed="21.08" meanSpeedRelative="0.66" duration="2"/>
    <step time="64200.00" loaded="76210" inserted="73194" running="258" waiting="3016" ended="72936" arrived="72936" collisions="237" teleports="237" halting="7" stopped="0" meanWaitingTime="1092.49" meanTravelTime="391.55" meanSpeed="22.45" meanSpeedRelative="0.70" duration="2"/>
    <step time="64500.00" loaded="76266" inserted="73453" running="257" waiting="2813" ended="73196" arrived="73196" collisions="237" teleports="237" halting="7" stopped="0" meanWaitingTime="1106.70" meanTravelTime="391.19" meanSpeed="21.99" meanSpeedRelative="0.69" duration="2"/>
    <step time="64800.00" loaded="76337" inserted="73718" running="252" waiting="2619" ended="73466" arrived="73466" collisions="237" teleports="237" halting="1" stopped="0" meanWaitingTime="1119.80" meanTravelTime="390.85" meanSpeed="22.60" meanSpeedRelative="0.71" duration="93"/>
    <step time="65100.00" loaded="76397" inserted="73971" running="231" waiting="2426" ended="73740" arrived="73740" collisions="237" teleports="237" halting="4" stopped="0" meanWaitingTime="1130.83" meanTravelTime="390.48" meanSpeed="22.34" meanSpeedRelative="0.70" duration="2"/>
    <step time="65400.00" loaded="76438" inserted="74150" running="192" waiting="2288" ended="73958" arrived="73958" collisions="237" teleports="237" halting="10" stopped="0" meanWaitingTime="1140.09" meanTravelTime="390.19" meanSpeed="21.22" meanSpeedRelative="0.66" duration="2"/>
    <step time="65700.00" loaded="76494" inserted="74296" running="188" waiting="2198" ended="74108" arrived="74108" collisions="237" teleports="237" halting="4" stopped="0" meanWaitingTime="1146.29" meanTravelTime="390.20" meanSpeed="22.33" meanSpeedRelative="0.70" duration="2"/>
    <step time="66000.00" loaded="76535" inserted="74423" running="158" waiting="2112" ended="74265" arrived="74265" collisions="237" teleports="237" halting="6" stopped="0" meanWaitingTime="1151.41" meanTravelTime="390.15" meanSpeed="21.75" meanSpeedRelative="0.68" duration="1"/>
    <step time="66300.00" loaded="76581" inserted="74503" running="84" waiting="2078" ended="74419" arrived="74419" collisions="237" teleports="237" halting="8" stopped="0" meanWaitingTime="1156.10" meanTravelTime="390.17" meanSpeed="18.10" meanSpeedRelative="0.57" duration="1"/>
    <step time="66600.00" loaded="76642" inserted="74598" running="89" waiting="2044" ended="74509" arrived="74509" collisions="237" teleports="237" halting="0" stopped="0" meanWaitingTime="1161.68" meanTravelTime="390.09" meanSpeed="18.80" meanSpeedRelative="0.59" duration="1"/>
    <step time="66900.00" loaded="76694" inserted="74685" running="94" waiting="2009" ended="74591" arrived="74591" collisions="237" teleports="237" halting="3" stopped="0" meanWaitingTime="1167.13" meanTravelTime="389.98" meanSpeed="20.17" meanSpeedRelative="0.63" duration="1"/>
    <step time="67200.00" loaded="76746" inserted="74776" running="94" waiting="1970" ended="74682" arrived="74682" collisions="237" teleports="237" halting="10" stopped="0" meanWaitingTime="1172.53" meanTravelTime="389.88" meanSpeed="18.60" meanSpeedRelative="0.58" duration="1"/>
    <step time="67500.00" loaded="76796" inserted="74864" running="87" waiting="1932" ended="74777" arrived="74777" collisions="237" teleports="237" halting="6" stopped="0" meanWaitingTime="1177.81" meanTravelTime="389.77" meanSpeed="19.06" meanSpeedRelative="0.60" duration="0"/>
    <step time="67800.00" loaded="76850" inserted="74952" running="80" waiting="1898" ended="74872" arrived="74872" collisions="237" teleports="237" halting="0" stopped="0" meanWaitingTime="1183.36" meanTravelTime="389.65" meanSpeed="19.26" meanSpeedRelative="0.60" duration="1"/>
    <step time="68100.00" loaded="76905" inserted="75037" running="77" waiting="1868" ended="74960" arrived="74960" collisions="237" teleports="237" halting="4" stopped="0" meanWaitingTime="1189.27" meanTravelTime="389.51" meanSpeed="17.40" meanSpeedRelative="0.54" duration="0"/>
    <step time="68400.00" loaded="76963" inserted="75129" running="84" waiting="1834" ended="75045" arrived="75045" collisions="237" teleports="237" halting="6" stopped="0" meanWaitingTime="1194.90" meanTravelTime="389.40" meanSpeed="18.68" meanSpeedRelative="0.58" duration="90"/>
    <step time="68700.00" loaded="77104" inserted="75290" running="137" waiting="1814" ended="75153" arrived="75153" collisions="237" teleports="237" halting="10" stopped="0" meanWaitingTime="1200.48" meanTravelTime="389.20" meanSpeed="20.26" meanSpeedRelative="0.63" duration="1"/>
    <step time="69000.00" loaded="77257" inserted="75489" running="167" waiting="1768" ended="75322" arrived="75322" collisions="237" teleports="237" halting="5" stopped="0" meanWaitingTime="1206.28" meanTravelTime="388.82" meanSpeed="22.42" meanSpeedRelative="0.70" duration="1"/>
    <step time="69300.00" loaded="77401" inserted="75660" running="169" waiting="1741" ended="75491" arrived="75491" collisions="237" teleports="237" halting="9" stopped="0" meanWaitingTime="1211.28" meanTravelTime="388.54" meanSpeed="22.30" meanSpeedRelative="0.70" duration="1"/>
    <step time="69600.00" loaded="77561" inserted="75838" running="170" waiting="1723" ended="75668" arrived="75668" collisions="237" teleports="237" halting="10" stopped="0" meanWaitingTime="1216.55" meanTravelTime="388.23" meanSpeed="22.05" meanSpeedRelative="0.69" duration="1"/>
    <step time="69900.00" loaded="77717" inserted="76019" running="162" waiting="1698" ended="75857" arrived="75857" collisions="237" teleports="237" halting="0" stopped="0" meanWaitingTime="1222.22" meanTravelTime="387.96" meanSpeed="22.27" meanSpeedRelative="0.70" duration="1"/>
    <step time="70200.00" loaded="77872" inserted="76204" running="150" waiting="1668" ended="76054" arrived="76054" collisions="237" teleports="237" halting="2" stopped="0" meanWaitingTime="1227.90" meanTravelTime="387.67" meanSpeed="22.49" meanSpeedRelative="0.70" duration="2"/>
    <step time="70500.00" loaded="78012" inserted="76366" running="144" waiting="1646" ended="76222" arrived="76222" collisions="237" teleports="237" halting="7" stopped="0" meanWaitingTime="1232.91" meanTravelTime="387.43" meanSpeed="21.92" meanSpeedRelative="0.68" duration="1"/>
    <step time="70800.00" loaded="78154" inserted="76535" running="146" waiting="1619" ended="76389" arrived="76389" collisions="239" teleports="239" halting="6" stopped="0" meanWaitingTime="1238.71" meanTravelTime="387.15" meanSpeed="22.48" meanSpeedRelative="0.70" duration="1"/>
    <step time="71100.00" loaded="78319" inserted="76721" running="170" waiting="1598" ended="76551" arrived="76551" collisions="239" teleports="239" halting="2" stopped="0" meanWaitingTime="1244.12" meanTravelTime="386.86" meanSpeed="22.60" meanSpeedRelative="0.71" duration="1"/>
    <step time="71400.00" loaded="78483" inserted="76907" running="182" waiting="1576" ended="76725" arrived="76725" collisions="239" teleports="239" halting="6" stopped="0" meanWaitingTime="1249.42" meanTravelTime="386.60" meanSpeed="21.90" meanSpeedRelative="0.68" duration="1"/>
    <step time="71700.00" loaded="78654" inserted="77110" running="187" waiting="1544" ended="76923" arrived="76923" collisions="239" teleports="239" halting="1" stopped="0" meanWaitingTime="1255.83" meanTravelTime="386.29" meanSpeed="22.35" meanSpeedRelative="0.70" duration="1"/>
    <step time="72000.00" loaded="78817" inserted="77304" running="177" waiting="1513" ended="77127" arrived="77127" collisions="239" teleports="239" halting="1" stopped="0" meanWaitingTime="1260.70" meanTravelTime="386.01" meanSpeed="23.12" meanSpeedRelative="0.72" duration="84"/>
    <step time="72300.00" loaded="78961" inserted="77467" running="160" waiting="1494" ended="77307" arrived="77307" collisions="239" teleports="239" halting="4" stopped="0" meanWaitingTime="1264.68" meanTravelTime="385.81" meanSpeed="22.52" meanSpeedRelative="0.70" duration="1"/>
    <step time="72600.00" loaded="79091" inserted="77626" running="153" waiting="1465" ended="77473" arrived="77473" collisions="240" teleports="240" halting="4" stopped="0" meanWaitingTime="1268.04" meanTravelTime="385.58" meanSpeed="21.82" meanSpeedRelative="0.68" duration="1"/>
    <step time="72900.00" loaded="79230" inserted="77800" running="158" waiting="1430" ended="77642" arrived="77642" collisions="240" teleports="240" halting="3" stopped="0" meanWaitingTime="1271.48" meanTravelTime="385.37" meanSpeed="21.39" meanSpeedRelative="0.67" duration="1"/>
    <step time="73200.00" loaded="79357" inserted="77952" running="151" waiting="1405" ended="77801" arrived="77801" collisions="240" teleports="240" halting="2" stopped="0" meanWaitingTime="1274.86" meanTravelTime="385.16" meanSpeed="21.61" meanSpeedRelative="0.68" duration="1"/>
    <step time="73500.00" loaded="79508" inserted="78121" running="148" waiting="1387" ended="77973" arrived="77973" collisions="240" teleports="240" halting="9" stopped="0" meanWaitingTime="1278.50" meanTravelTime="384.97" meanSpeed="21.24" meanSpeedRelative="0.66" duration="1"/>
    <step time="73800.00" loaded="79647" inserted="78286" running="159" waiting="1361" ended="78127" arrived="78127" collisions="240" teleports="240" halting="7" stopped="0" meanWaitingTime="1282.17" meanTravelTime="384.70" meanSpeed="21.70" meanSpeedRelative="0.68" duration="1"/>
    <step time="74100.00" loaded="79782" inserted="78450" running="157" waiting="1332" ended="78293" arrived="78293" collisions="240" teleports="240" halting="3" stopped="0" meanWaitingTime="1285.61" meanTravelTime="384.47" meanSpeed="22.00" meanSpeedRelative="0.69" duration="1"/>
    <step time="74400.00" loaded="79905" inserted="78597" running="152" waiting="1308" ended="78445" arrived="78445" collisions="240" teleports="240" halting="8" stopped="0" meanWaitingTime="1288.80" meanTravelTime="384.31" meanSpeed="20.52" meanSpeedRelative="0.64" duration="1"/>
    <step time="74700.00" loaded="80060" inserted="78778" running="158" waiting="1282" ended="78620" arrived="78620" collisions="240" teleports="240" halting="7" stopped="0" meanWaitingTime="1291.80" meanTravelTime="384.08" meanSpeed="20.59" meanSpeedRelative="0.64" duration="1"/>
    <step time="75000.00" loaded="80189" inserted="78947" running="149" waiting="1242" ended="78798" arrived="78798" collisions="240" teleports="240" halting="1" stopped="0" meanWaitingTime="1295.05" meanTravelTime="383.84" meanSpeed="22.59" meanSpeedRelative="0.71" duration="1"/>
    <step time="75300.00" loaded="80311" inserted="79105" running="153" waiting="1206" ended="78952" arrived="78952" collisions="240" teleports="240" halting="2" stopped="0" meanWaitingTime="1298.79" meanTravelTime="383.63" meanSpeed="20.94" meanSpeedRelative="0.65" duration="1"/>
    <step time="75600.00" loaded="80450" inserted="79270" running="137" waiting="1180" ended="79133" arrived="79133" collisions="240" teleports="240" halting="8" stopped="0" meanWaitingTime="1300.72" meanTravelTime="383.38" meanSpeed="21.22" meanSpeedRelative="0.66" duration="84"/>
    <step time="75900.00" loaded="80661" inserted="79507" running="179" waiting="1154" ended="79328" arrived="79328" collisions="240" teleports="240" halting="0" stopped="0" meanWaitingTime="1302.64" meanTravelTime="383.02" meanSpeed="23.07" meanSpeedRelative="0.72" duration="1"/>
    <step time="76200.00" loaded="80847" inserted="79705" running="161" waiting="1142" ended="79544" arrived="79544" collisions="240" teleports="240" halting="4" stopped="0" meanWaitingTime="1304.90" meanTravelTime="382.61" meanSpeed="23.79" meanSpeedRelative="0.74" duration="1"/>
    <step time="76500.00" loaded="81008" inserted="79876" running="160" waiting="1132" ended="79716" arrived="79716" collisions="241" teleports="241" halting="5" stopped="0" meanWaitingTime="1307.62" meanTravelTime="382.34" meanSpeed="22.58" meanSpeedRelative="0.71" duration="1"/>
    <step time="76800.00" loaded="81196" inserted="80076" running="175" waiting="1120" ended="79901" arrived="79901" collisions="241" teleports="241" halting="2" stopped="0" meanWaitingTime="1310.17" meanTravelTime="382.11" meanSpeed="24.00" meanSpeedRelative="0.75" duration="1"/>
    <step time="77100.00" loaded="81403" inserted="80282" running="197" waiting="1121" ended="80085" arrived="80085" collisions="241" teleports="241" halting="1" stopped="0" meanWaitingTime="1312.37" meanTravelTime="381.81" meanSpeed="24.40" meanSpeedRelative="0.76" duration="1"/>
    <step time="77400.00" loaded="81614" inserted="80496" running="182" waiting="1118" ended="80314" arrived="80314" collisions="241" teleports="241" halting="5" stopped="0" meanWaitingTime="1314.73" meanTravelTime="381.49" meanSpeed="22.99" meanSpeedRelative="0.72" duration="2"/>
    <step time="77700.00" loaded="81811" inserted="80697" running="180" waiting="1114" ended="80517" arrived="80517" collisions="241" teleports="241" halting="7" stopped="0" meanWaitingTime="1316.83" meanTravelTime="381.15" meanSpeed="22.26" meanSpeedRelative="0.70" duration="1"/>
    <step time="78000.00" loaded="82013" inserted="80914" running="198" waiting="1099" ended="80716" arrived="80716" collisions="241" teleports="241" halting="1" stopped="0" meanWaitingTime="1318.69" meanTravelTime="380.97" meanSpeed="22.84" meanSpeedRelative="0.71" duration="1"/>
    <step time="78300.00" loaded="82223" inserted="81124" running="195" waiting="1099" ended="80929" arrived="80929" collisions="241" teleports="241" halting="2" stopped="0" meanWaitingTime="1320.95" meanTravelTime="380.68" meanSpeed="23.67" meanSpeedRelative="0.74" duration="1"/>
    <step time="78600.00" loaded="82443" inserted="81347" running="199" waiting="1096" ended="81148" arrived="81148" collisions="242" teleports="242" halting="9" stopped="0" meanWaitingTime="1323.06" meanTravelTime="380.43" meanSpeed="23.29" meanSpeedRelative="0.73" duration="1"/>
    <step time="78900.00" loaded="82652" inserted="81563" running="217" waiting="1089" ended="81346" arrived="81346" collisions="242" teleports="242" halting="1" stopped="0" meanWaitingTime="1325.33" meanTravelTime="380.16" meanSpeed="22.46" meanSpeedRelative="0.70" duration="1"/>
    <step time="79200.00" loaded="82844" inserted="81752" running="196" waiting="1092" ended="81556" arrived="81556" collisions="242" teleports="242" halting="2" stopped="0" meanWaitingTime="1328.59" meanTravelTime="379.93" meanSpeed="23.38" meanSpeedRelative="0.73" duration="88"/>
    <step time="79500.00" loaded="83023" inserted="81938" running="187" waiting="1085" ended="81751" arrived="81751" collisions="242" teleports="242" halting="5" stopped="0" meanWaitingTime="1331.41" meanTravelTime="379.77" meanSpeed="22.97" meanSpeedRelative="0.72" duration="1"/>
    <step time="79800.00" loaded="83190" inserted="82114" running="200" waiting="1076" ended="81914" arrived="81914" collisions="242" teleports="242" halting="8" stopped="0" meanWaitingTime="1333.87" meanTravelTime="379.64" meanSpeed="22.81" meanSpeedRelative="0.71" duration="2"/>
    <step time="80100.00" loaded="83347" inserted="82272" running="187" waiting="1075" ended="82085" arrived="82085" collisions="242" teleports="242" halting="1" stopped="0" meanWaitingTime="1336.93" meanTravelTime="379.57" meanSpeed="22.60" meanSpeedRelative="0.71" duration="2"/>
    <step time="80400.00" loaded="83543" inserted="82475" running="190" waiting="1068" ended="82285" arrived="82285" collisions="242" teleports="242" halting="3" stopped="0" meanWaitingTime="1339.59" meanTravelTime="379.37" meanSpeed="22.72" meanSpeedRelative="0.71" duration="2"/>
    <step time="80700.00" loaded="83711" inserted="82645" running="169" waiting="1066" ended="82476" arrived="82476" collisions="242" teleports="242" halting="6" stopped="0" meanWaitingTime="1342.22" meanTravelTime="379.18" meanSpeed="22.21" meanSpeedRelative="0.69" duration="1"/>
    <step time="81000.00" loaded="83868" inserted="82813" running="171" waiting="1055" ended="82642" arrived="82642" collisions="242" teleports="242" halting="7" stopped="0" meanWaitingTime="1345.20" meanTravelTime="379.05" meanSpeed="21.89" meanSpeedRelative="0.68" duration="1"/>
    <step time="81300.00" loaded="84014" inserted="82962" running="160" waiting="1052" ended="82802" arrived="82802" collisions="242" teleports="242" halting="1" stopped="0" meanWaitingTime="1348.82" meanTravelTime="378.88" meanSpeed="23.07" meanSpeedRelative="0.72" duration="2"/>
    <step time="81600.00" loaded="84183" inserted="83144" running="165" waiting="1039" ended="82979" arrived="82979" collisions="242" teleports="242" halting="4" stopped="0" meanWaitingTime="1351.41" meanTravelTime="378.72" meanSpeed="22.97" meanSpeedRelative="0.72" duration="1"/>
    <step time="81900.00" loaded="84344" inserted="83316" running="181" waiting="1028" ended="83135" arrived="83135" collisions="242" teleports="242" halting="8" stopped="0" meanWaitingTime="1354.76" meanTravelTime="378.55" meanSpeed="21.76" meanSpeedRelative="0.68" duration="1"/>
    <step time="82200.00" loaded="84515" inserted="83492" running="182" waiting="1023" ended="83310" arrived="83310" collisions="243" teleports="243" halting="7" stopped="0" meanWaitingTime="1357.74" meanTravelTime="378.39" meanSpeed="22.63" meanSpeedRelative="0.71" duration="1"/>
    <step time="82500.00" loaded="84657" inserted="83638" running="163" waiting="1019" ended="83475" arrived="83475" collisions="243" teleports="243" halting="1" stopped="0" meanWaitingTime="1361.25" meanTravelTime="378.25" meanSpeed="23.96" meanSpeedRelative="0.75" duration="1"/>
</summary>
