<?xml version="1.0" encoding="UTF-8"?>

<!-- generated on 2025-08-07 22:15:54 by Eclipse SUMO sumo Version 1.23.1
<sumoConfiguration xmlns:xsi="http://www.w3.org/2001/XMLSchema-instance" xsi:noNamespaceSchemaLocation="http://sumo.dlr.de/xsd/sumoConfiguration.xsd">

    <input>
        <net-file value="Desktop\Master Thesis\Network_fin.net.xml"/>
        <route-files value="Desktop\Master Thesis\demand_model_amsterdam.rou.xml"/>
        <additional-files value="Desktop\Master Thesis\Additionnal.add.xml"/>
    </input>

    <output>
        <summary-output value="outputf/summary_coor_alinea_1neigh_method2_K80_target5_44835.xml"/>
        <summary-output.period value="300"/>
        <tripinfo-output value="outputf/tripinfo_coor_alinea_1neigh_method2_K80_target5_44835.xml"/>
    </output>

    <time>
        <begin value="0"/>
        <end value="82800"/>
        <step-length value="1"/>
    </time>

    <processing>
        <time-to-teleport value="-1"/>
    </processing>

    <report>
        <verbose value="true"/>
        <no-step-log value="true"/>
    </report>

    <emissions>
        <device.emissions.period value="10"/>
    </emissions>

    <traci_server>
        <remote-port value="65275"/>
    </traci_server>

    <random_number>
        <seed value="44835"/>
    </random_number>

</sumoConfiguration>
-->

<summary xmlns:xsi="http://www.w3.org/2001/XMLSchema-instance" xsi:noNamespaceSchemaLocation="http://sumo.dlr.de/xsd/summary_file.xsd">
    <step time="0.00" loaded="2" inserted="2" running="2" waiting="0" ended="0" arrived="0" collisions="0" teleports="0" halting="2" stopped="0" meanWaitingTime="0.00" meanTravelTime="-1.00" meanSpeed="0.00" meanSpeedRelative="0.00" duration="1"/>
    <step time="300.00" loaded="182" inserted="182" running="111" waiting="0" ended="71" arrived="71" collisions="0" teleports="0" halting="1" stopped="0" meanWaitingTime="0.24" meanTravelTime="106.62" meanSpeed="25.18" meanSpeedRelative="0.79" duration="1"/>
    <step time="600.00" loaded="397" inserted="397" running="164" waiting="0" ended="233" arrived="233" collisions="0" teleports="0" halting="0" stopped="0" meanWaitingTime="0.42" meanTravelTime="161.18" meanSpeed="25.70" meanSpeedRelative="0.80" duration="1"/>
    <step time="900.00" loaded="570" inserted="570" running="162" waiting="0" ended="408" arrived="408" collisions="2" teleports="2" halting="1" stopped="0" meanWaitingTime="0.39" meanTravelTime="187.78" meanSpeed="24.30" meanSpeedRelative="0.76" duration="1"/>
    <step time="1200.00" loaded="735" inserted="735" running="151" waiting="0" ended="584" arrived="584" collisions="2" teleports="2" halting="2" stopped="0" meanWaitingTime="0.38" meanTravelTime="213.22" meanSpeed="25.46" meanSpeedRelative="0.80" duration="1"/>
    <step time="1500.00" loaded="904" inserted="902" running="150" waiting="2" ended="752" arrived="752" collisions="2" teleports="2" halting="1" stopped="0" meanWaitingTime="0.39" meanTravelTime="228.34" meanSpeed="24.95" meanSpeedRelative="0.78" duration="1"/>
    <step time="1800.00" loaded="1087" inserted="1087" running="155" waiting="0" ended="932" arrived="932" collisions="2" teleports="2" halting="0" stopped="0" meanWaitingTime="0.39" meanTravelTime="228.31" meanSpeed="24.64" meanSpeedRelative="0.77" duration="1"/>
    <step time="2100.00" loaded="1266" inserted="1265" running="168" waiting="1" ended="1097" arrived="1097" collisions="2" teleports="2" halting="1" stopped="0" meanWaitingTime="0.39" meanTravelTime="234.39" meanSpeed="24.70" meanSpeedRelative="0.77" duration="1"/>
    <step time="2400.00" loaded="1450" inserted="1450" running="156" waiting="0" ended="1294" arrived="1294" collisions="2" teleports="2" halting="1" stopped="0" meanWaitingTime="0.40" meanTravelTime="240.79" meanSpeed="25.15" meanSpeedRelative="0.79" duration="1"/>
    <step time="2700.00" loaded="1625" inserted="1625" running="144" waiting="0" ended="1481" arrived="1481" collisions="2" teleports="2" halting="0" stopped="0" meanWaitingTime="0.39" meanTravelTime="240.90" meanSpeed="25.13" meanSpeedRelative="0.79" duration="1"/>
    <step time="3000.00" loaded="1807" inserted="1807" running="144" waiting="0" ended="1663" arrived="1663" collisions="3" teleports="3" halting="0" stopped="0" meanWaitingTime="0.37" meanTravelTime="243.10" meanSpeed="25.29" meanSpeedRelative="0.79" duration="1"/>
    <step time="3300.00" loaded="2006" inserted="1999" running="158" waiting="7" ended="1841" arrived="1841" collisions="3" teleports="3" halting="5" stopped="0" meanWaitingTime="0.64" meanTravelTime="244.74" meanSpeed="23.72" meanSpeedRelative="0.74" duration="0"/>
    <step time="3600.00" loaded="2159" inserted="2141" running="150" waiting="18" ended="1991" arrived="1991" collisions="3" teleports="3" halting="2" stopped="0" meanWaitingTime="2.02" meanTravelTime="248.59" meanSpeed="24.25" meanSpeedRelative="0.76" duration="85"/>
    <step time="3900.00" loaded="2260" inserted="2248" running="108" waiting="12" ended="2140" arrived="2140" collisions="3" teleports="3" halting="1" stopped="0" meanWaitingTime="4.48" meanTravelTime="252.25" meanSpeed="24.75" meanSpeedRelative="0.77" duration="0"/>
    <step time="4200.00" loaded="2365" inserted="2353" running="106" waiting="12" ended="2247" arrived="2247" collisions="3" teleports="3" halting="0" stopped="0" meanWaitingTime="5.61" meanTravelTime="254.66" meanSpeed="24.36" meanSpeedRelative="0.76" duration="1"/>
    <step time="4500.00" loaded="2493" inserted="2483" running="120" waiting="10" ended="2363" arrived="2363" collisions="3" teleports="3" halting="1" stopped="0" meanWaitingTime="7.19" meanTravelTime="254.19" meanSpeed="24.27" meanSpeedRelative="0.76" duration="1"/>
    <step time="4800.00" loaded="2619" inserted="2611" running="108" waiting="8" ended="2503" arrived="2503" collisions="3" teleports="3" halting="7" stopped="0" meanWaitingTime="8.06" meanTravelTime="256.45" meanSpeed="24.66" meanSpeedRelative="0.77" duration="0"/>
    <step time="5100.00" loaded="2714" inserted="2714" running="88" waiting="0" ended="2626" arrived="2626" collisions="3" teleports="3" halting="4" stopped="0" meanWaitingTime="8.42" meanTravelTime="257.17" meanSpeed="22.99" meanSpeedRelative="0.72" duration="0"/>
    <step time="5400.00" loaded="2828" inserted="2828" running="109" waiting="0" ended="2719" arrived="2719" collisions="3" teleports="3" halting="0" stopped="0" meanWaitingTime="8.09" meanTravelTime="257.85" meanSpeed="25.86" meanSpeedRelative="0.81" duration="0"/>
    <step time="5700.00" loaded="2933" inserted="2933" running="87" waiting="0" ended="2846" arrived="2846" collisions="3" teleports="3" halting="3" stopped="0" meanWaitingTime="7.81" meanTravelTime="258.22" meanSpeed="25.14" meanSpeedRelative="0.79" duration="1"/>
    <step time="6000.00" loaded="3046" inserted="3045" running="96" waiting="1" ended="2949" arrived="2949" collisions="3" teleports="3" halting="6" stopped="0" meanWaitingTime="7.55" meanTravelTime="258.02" meanSpeed="24.55" meanSpeedRelative="0.77" duration="1"/>
    <step time="6300.00" loaded="3143" inserted="3142" running="92" waiting="1" ended="3050" arrived="3050" collisions="3" teleports="3" halting="2" stopped="0" meanWaitingTime="7.34" meanTravelTime="258.73" meanSpeed="24.84" meanSpeedRelative="0.78" duration="0"/>
    <step time="6600.00" loaded="3259" inserted="3259" running="96" waiting="0" ended="3163" arrived="3163" collisions="3" teleports="3" halting="1" stopped="0" meanWaitingTime="7.09" meanTravelTime="258.97" meanSpeed="25.06" meanSpeedRelative="0.78" duration="1"/>
    <step time="6900.00" loaded="3386" inserted="3386" running="102" waiting="0" ended="3284" arrived="3284" collisions="4" teleports="4" halting="0" stopped="0" meanWaitingTime="6.83" meanTravelTime="258.33" meanSpeed="25.21" meanSpeedRelative="0.79" duration="1"/>
    <step time="7200.00" loaded="3496" inserted="3496" running="101" waiting="0" ended="3395" arrived="3395" collisions="4" teleports="4" halting="1" stopped="0" meanWaitingTime="6.63" meanTravelTime="258.57" meanSpeed="25.01" meanSpeedRelative="0.78" duration="86"/>
    <step time="7500.00" loaded="3628" inserted="3626" running="120" waiting="2" ended="3506" arrived="3506" collisions="4" teleports="4" halting="0" stopped="0" meanWaitingTime="6.45" meanTravelTime="258.22" meanSpeed="23.89" meanSpeedRelative="0.75" duration="0"/>
    <step time="7800.00" loaded="3785" inserted="3769" running="134" waiting="16" ended="3635" arrived="3635" collisions="4" teleports="4" halting="8" stopped="0" meanWaitingTime="6.65" meanTravelTime="258.26" meanSpeed="24.18" meanSpeedRelative="0.76" duration="1"/>
    <step time="8100.00" loaded="3953" inserted="3945" running="154" waiting="8" ended="3791" arrived="3791" collisions="4" teleports="4" halting="2" stopped="0" meanWaitingTime="7.57" meanTravelTime="258.68" meanSpeed="24.25" meanSpeedRelative="0.76" duration="1"/>
    <step time="8400.00" loaded="4103" inserted="4100" running="144" waiting="3" ended="3956" arrived="3956" collisions="4" teleports="4" halting="1" stopped="0" meanWaitingTime="7.60" meanTravelTime="259.20" meanSpeed="24.18" meanSpeedRelative="0.76" duration="1"/>
    <step time="8700.00" loaded="4244" inserted="4242" running="138" waiting="2" ended="4104" arrived="4104" collisions="4" teleports="4" halting="5" stopped="0" meanWaitingTime="7.42" meanTravelTime="260.15" meanSpeed="24.44" meanSpeedRelative="0.76" duration="1"/>
    <step time="9000.00" loaded="4409" inserted="4398" running="132" waiting="11" ended="4266" arrived="4266" collisions="4" teleports="4" halting="1" stopped="0" meanWaitingTime="7.64" meanTravelTime="260.62" meanSpeed="25.38" meanSpeedRelative="0.79" duration="1"/>
    <step time="9300.00" loaded="4558" inserted="4555" running="147" waiting="3" ended="4408" arrived="4408" collisions="4" teleports="4" halting="2" stopped="0" meanWaitingTime="7.76" meanTravelTime="260.16" meanSpeed="24.67" meanSpeedRelative="0.77" duration="1"/>
    <step time="9600.00" loaded="4714" inserted="4714" running="128" waiting="0" ended="4586" arrived="4586" collisions="6" teleports="6" halting="2" stopped="0" meanWaitingTime="7.66" meanTravelTime="261.18" meanSpeed="24.92" meanSpeedRelative="0.78" duration="1"/>
    <step time="9900.00" loaded="4872" inserted="4868" running="123" waiting="4" ended="4745" arrived="4745" collisions="6" teleports="6" halting="1" stopped="0" meanWaitingTime="7.49" meanTravelTime="260.51" meanSpeed="23.94" meanSpeedRelative="0.75" duration="0"/>
    <step time="10200.00" loaded="5049" inserted="5041" running="145" waiting="8" ended="4896" arrived="4896" collisions="6" teleports="6" halting="2" stopped="0" meanWaitingTime="7.72" meanTravelTime="260.30" meanSpeed="23.74" meanSpeedRelative="0.74" duration="1"/>
    <step time="10500.00" loaded="5211" inserted="5204" running="137" waiting="7" ended="5067" arrived="5067" collisions="6" teleports="6" halting="2" stopped="0" meanWaitingTime="7.87" meanTravelTime="259.58" meanSpeed="24.26" meanSpeedRelative="0.76" duration="1"/>
    <step time="10800.00" loaded="5379" inserted="5359" running="133" waiting="20" ended="5226" arrived="5226" collisions="6" teleports="6" halting="1" stopped="0" meanWaitingTime="8.26" meanTravelTime="259.25" meanSpeed="24.11" meanSpeedRelative="0.75" duration="87"/>
    <step time="11100.00" loaded="5535" inserted="5514" running="124" waiting="21" ended="5390" arrived="5390" collisions="6" teleports="6" halting="1" stopped="0" meanWaitingTime="9.24" meanTravelTime="259.78" meanSpeed="24.85" meanSpeedRelative="0.78" duration="1"/>
    <step time="11400.00" loaded="5682" inserted="5660" running="118" waiting="22" ended="5542" arrived="5542" collisions="6" teleports="6" halting="7" stopped="0" meanWaitingTime="10.07" meanTravelTime="260.07" meanSpeed="23.61" meanSpeedRelative="0.74" duration="1"/>
    <step time="11700.00" loaded="5829" inserted="5806" running="116" waiting="23" ended="5690" arrived="5690" collisions="6" teleports="6" halting="2" stopped="0" meanWaitingTime="10.99" meanTravelTime="258.51" meanSpeed="24.27" meanSpeedRelative="0.76" duration="1"/>
    <step time="12000.00" loaded="5964" inserted="5944" running="119" waiting="20" ended="5825" arrived="5825" collisions="6" teleports="6" halting="1" stopped="0" meanWaitingTime="11.94" meanTravelTime="258.70" meanSpeed="24.48" meanSpeedRelative="0.76" duration="1"/>
    <step time="12300.00" loaded="6112" inserted="6084" running="104" waiting="28" ended="5980" arrived="5980" collisions="6" teleports="6" halting="2" stopped="0" meanWaitingTime="12.69" meanTravelTime="258.70" meanSpeed="23.87" meanSpeedRelative="0.75" duration="1"/>
    <step time="12600.00" loaded="6250" inserted="6223" running="114" waiting="27" ended="6109" arrived="6109" collisions="6" teleports="6" halting="2" stopped="0" meanWaitingTime="13.59" meanTravelTime="257.94" meanSpeed="23.89" meanSpeedRelative="0.75" duration="1"/>
    <step time="12900.00" loaded="6380" inserted="6361" running="100" waiting="19" ended="6261" arrived="6261" collisions="6" teleports="6" halting="0" stopped="0" meanWaitingTime="14.65" meanTravelTime="256.74" meanSpeed="24.53" meanSpeedRelative="0.77" duration="1"/>
    <step time="13200.00" loaded="6525" inserted="6503" running="114" waiting="22" ended="6389" arrived="6389" collisions="6" teleports="6" halting="4" stopped="0" meanWaitingTime="15.24" meanTravelTime="256.13" meanSpeed="24.10" meanSpeedRelative="0.75" duration="1"/>
    <step time="13500.00" loaded="6662" inserted="6628" running="120" waiting="34" ended="6508" arrived="6508" collisions="6" teleports="6" halting="3" stopped="0" meanWaitingTime="15.87" meanTravelTime="255.93" meanSpeed="24.74" meanSpeedRelative="0.77" duration="0"/>
    <step time="13800.00" loaded="6824" inserted="6790" running="129" waiting="34" ended="6661" arrived="6661" collisions="6" teleports="6" halting="2" stopped="0" meanWaitingTime="16.93" meanTravelTime="255.97" meanSpeed="23.98" meanSpeedRelative="0.75" duration="1"/>
    <step time="14100.00" loaded="6976" inserted="6928" running="120" waiting="48" ended="6808" arrived="6808" collisions="6" teleports="6" halting="2" stopped="0" meanWaitingTime="17.91" meanTravelTime="255.90" meanSpeed="23.99" meanSpeedRelative="0.75" duration="1"/>
    <step time="14400.00" loaded="7121" inserted="7069" running="118" waiting="52" ended="6951" arrived="6951" collisions="6" teleports="6" halting="1" stopped="0" meanWaitingTime="19.12" meanTravelTime="255.41" meanSpeed="24.66" meanSpeedRelative="0.77" duration="86"/>
    <step time="14700.00" loaded="7213" inserted="7167" running="72" waiting="46" ended="7095" arrived="7095" collisions="6" teleports="6" halting="0" stopped="0" meanWaitingTime="20.66" meanTravelTime="255.74" meanSpeed="25.12" meanSpeedRelative="0.79" duration="1"/>
    <step time="15000.00" loaded="7316" inserted="7276" running="90" waiting="40" ended="7186" arrived="7186" collisions="6" teleports="6" halting="3" stopped="0" meanWaitingTime="22.72" meanTravelTime="255.60" meanSpeed="24.42" meanSpeedRelative="0.76" duration="1"/>
    <step time="15300.00" loaded="7425" inserted="7391" running="79" waiting="34" ended="7312" arrived="7312" collisions="6" teleports="6" halting="5" stopped="0" meanWaitingTime="24.13" meanTravelTime="254.92" meanSpeed="23.29" meanSpeedRelative="0.73" duration="0"/>
    <step time="15600.00" loaded="7518" inserted="7487" running="72" waiting="31" ended="7415" arrived="7415" collisions="6" teleports="6" halting="3" stopped="0" meanWaitingTime="25.25" meanTravelTime="254.78" meanSpeed="23.66" meanSpeedRelative="0.74" duration="1"/>
    <step time="15900.00" loaded="7607" inserted="7579" running="71" waiting="28" ended="7508" arrived="7508" collisions="6" teleports="6" halting="0" stopped="0" meanWaitingTime="26.33" meanTravelTime="254.22" meanSpeed="24.74" meanSpeedRelative="0.77" duration="0"/>
    <step time="16200.00" loaded="7710" inserted="7687" running="89" waiting="23" ended="7598" arrived="7598" collisions="6" teleports="6" halting="2" stopped="0" meanWaitingTime="27.10" meanTravelTime="254.05" meanSpeed="24.05" meanSpeedRelative="0.75" duration="0"/>
    <step time="16500.00" loaded="7817" inserted="7801" running="79" waiting="16" ended="7722" arrived="7722" collisions="6" teleports="6" halting="4" stopped="0" meanWaitingTime="27.71" meanTravelTime="253.91" meanSpeed="24.76" meanSpeedRelative="0.77" duration="0"/>
    <step time="16800.00" loaded="7916" inserted="7902" running="85" waiting="14" ended="7817" arrived="7817" collisions="6" teleports="6" halting="0" stopped="0" meanWaitingTime="27.96" meanTravelTime="253.45" meanSpeed="24.19" meanSpeedRelative="0.76" duration="0"/>
    <step time="17100.00" loaded="8009" inserted="7995" running="73" waiting="14" ended="7922" arrived="7922" collisions="6" teleports="6" halting="1" stopped="0" meanWaitingTime="28.12" meanTravelTime="253.36" meanSpeed="25.53" meanSpeedRelative="0.80" duration="0"/>
    <step time="17400.00" loaded="8100" inserted="8090" running="63" waiting="10" ended="8027" arrived="8027" collisions="6" teleports="6" halting="4" stopped="0" meanWaitingTime="28.29" meanTravelTime="252.96" meanSpeed="23.30" meanSpeedRelative="0.73" duration="0"/>
    <step time="17700.00" loaded="8197" inserted="8187" running="63" waiting="10" ended="8124" arrived="8124" collisions="6" teleports="6" halting="3" stopped="0" meanWaitingTime="28.31" meanTravelTime="252.68" meanSpeed="24.14" meanSpeedRelative="0.75" duration="1"/>
    <step time="18000.00" loaded="8293" inserted="8287" running="72" waiting="6" ended="8215" arrived="8215" collisions="6" teleports="6" halting="2" stopped="0" meanWaitingTime="28.29" meanTravelTime="252.04" meanSpeed="24.37" meanSpeedRelative="0.76" duration="81"/>
    <step time="18300.00" loaded="8491" inserted="8477" running="110" waiting="14" ended="8367" arrived="8367" collisions="6" teleports="6" halting="2" stopped="0" meanWaitingTime="27.92" meanTravelTime="250.76" meanSpeed="24.04" meanSpeedRelative="0.75" duration="1"/>
    <step time="18600.00" loaded="8684" inserted="8664" running="143" waiting="20" ended="8521" arrived="8521" collisions="6" teleports="6" halting="4" stopped="0" meanWaitingTime="27.69" meanTravelTime="249.74" meanSpeed="24.46" meanSpeedRelative="0.76" duration="1"/>
    <step time="18900.00" loaded="8902" inserted="8862" running="165" waiting="40" ended="8697" arrived="8697" collisions="6" teleports="6" halting="1" stopped="0" meanWaitingTime="27.68" meanTravelTime="249.79" meanSpeed="24.71" meanSpeedRelative="0.77" duration="1"/>
    <step time="19200.00" loaded="9093" inserted="9038" running="141" waiting="55" ended="8897" arrived="8897" collisions="7" teleports="7" halting="1" stopped="0" meanWaitingTime="28.19" meanTravelTime="249.40" meanSpeed="23.61" meanSpeedRelative="0.74" duration="1"/>
    <step time="19500.00" loaded="9276" inserted="9211" running="129" waiting="65" ended="9082" arrived="9082" collisions="8" teleports="8" halting="1" stopped="0" meanWaitingTime="28.89" meanTravelTime="249.57" meanSpeed="25.49" meanSpeedRelative="0.80" duration="0"/>
    <step time="19800.00" loaded="9476" inserted="9390" running="139" waiting="86" ended="9251" arrived="9251" collisions="8" teleports="8" halting="5" stopped="0" meanWaitingTime="29.88" meanTravelTime="249.46" meanSpeed="23.17" meanSpeedRelative="0.72" duration="1"/>
    <step time="20100.00" loaded="9692" inserted="9585" running="160" waiting="107" ended="9425" arrived="9425" collisions="8" teleports="8" halting="1" stopped="0" meanWaitingTime="31.17" meanTravelTime="249.12" meanSpeed="23.93" meanSpeedRelative="0.75" duration="1"/>
    <step time="20400.00" loaded="9861" inserted="9745" running="128" waiting="116" ended="9617" arrived="9617" collisions="8" teleports="8" halting="1" stopped="0" meanWaitingTime="32.69" meanTravelTime="249.05" meanSpeed="24.80" meanSpeedRelative="0.77" duration="1"/>
    <step time="20700.00" loaded="10069" inserted="9937" running="157" waiting="132" ended="9780" arrived="9780" collisions="8" teleports="8" halting="3" stopped="0" meanWaitingTime="34.67" meanTravelTime="249.28" meanSpeed="24.13" meanSpeedRelative="0.75" duration="1"/>
    <step time="21000.00" loaded="10259" inserted="10114" running="149" waiting="145" ended="9965" arrived="9965" collisions="8" teleports="8" halting="6" stopped="0" meanWaitingTime="36.85" meanTravelTime="249.01" meanSpeed="23.56" meanSpeedRelative="0.74" duration="1"/>
    <step time="21300.00" loaded="10450" inserted="10301" running="142" waiting="149" ended="10159" arrived="10159" collisions="8" teleports="8" halting="4" stopped="0" meanWaitingTime="39.43" meanTravelTime="249.26" meanSpeed="24.06" meanSpeedRelative="0.75" duration="1"/>
    <step time="21600.00" loaded="10630" inserted="10465" running="138" waiting="165" ended="10327" arrived="10327" collisions="8" teleports="8" halting="5" stopped="0" meanWaitingTime="41.36" meanTravelTime="249.06" meanSpeed="23.16" meanSpeedRelative="0.72" duration="79"/>
    <step time="21900.00" loaded="11091" inserted="10863" running="323" waiting="228" ended="10540" arrived="10540" collisions="8" teleports="8" halting="9" stopped="0" meanWaitingTime="45.81" meanTravelTime="248.44" meanSpeed="21.29" meanSpeedRelative="0.67" duration="2"/>
    <step time="22200.00" loaded="11574" inserted="11290" running="402" waiting="284" ended="10888" arrived="10888" collisions="9" teleports="9" halting="14" stopped="0" meanWaitingTime="52.47" meanTravelTime="248.26" meanSpeed="20.40" meanSpeedRelative="0.64" duration="2"/>
    <step time="22500.00" loaded="12050" inserted="11700" running="421" waiting="350" ended="11279" arrived="11279" collisions="10" teleports="10" halting="3" stopped="0" meanWaitingTime="57.53" meanTravelTime="249.48" meanSpeed="21.19" meanSpeedRelative="0.66" duration="2"/>
    <step time="22800.00" loaded="12503" inserted="12107" running="441" waiting="396" ended="11666" arrived="11666" collisions="13" teleports="13" halting="6" stopped="0" meanWaitingTime="63.18" meanTravelTime="251.41" meanSpeed="20.09" meanSpeedRelative="0.63" duration="3"/>
    <step time="23100.00" loaded="12959" inserted="12528" running="452" waiting="431" ended="12076" arrived="12076" collisions="14" teleports="14" halting="10" stopped="0" meanWaitingTime="69.31" meanTravelTime="253.56" meanSpeed="19.81" meanSpeedRelative="0.62" duration="3"/>
    <step time="23400.00" loaded="13407" inserted="12930" running="464" waiting="477" ended="12466" arrived="12466" collisions="14" teleports="14" halting="3" stopped="0" meanWaitingTime="75.75" meanTravelTime="255.47" meanSpeed="19.80" meanSpeedRelative="0.62" duration="3"/>
    <step time="23700.00" loaded="13903" inserted="13363" running="503" waiting="540" ended="12860" arrived="12860" collisions="15" teleports="15" halting="5" stopped="0" meanWaitingTime="82.84" meanTravelTime="258.28" meanSpeed="19.34" meanSpeedRelative="0.60" duration="2"/>
    <step time="24000.00" loaded="14382" inserted="13775" running="505" waiting="607" ended="13270" arrived="13270" collisions="16" teleports="16" halting="7" stopped="0" meanWaitingTime="90.21" meanTravelTime="261.51" meanSpeed="19.29" meanSpeedRelative="0.60" duration="3"/>
    <step time="24300.00" loaded="14810" inserted="14175" running="508" waiting="635" ended="13667" arrived="13667" collisions="18" teleports="18" halting="13" stopped="0" meanWaitingTime="98.15" meanTravelTime="264.57" meanSpeed="17.72" meanSpeedRelative="0.55" duration="4"/>
    <step time="24600.00" loaded="15270" inserted="14599" running="529" waiting="671" ended="14070" arrived="14070" collisions="19" teleports="19" halting="3" stopped="0" meanWaitingTime="106.65" meanTravelTime="267.46" meanSpeed="17.76" meanSpeedRelative="0.56" duration="3"/>
    <step time="24900.00" loaded="15708" inserted="15026" running="520" waiting="682" ended="14506" arrived="14506" collisions="19" teleports="19" halting="14" stopped="0" meanWaitingTime="115.17" meanTravelTime="270.42" meanSpeed="18.16" meanSpeedRelative="0.57" duration="3"/>
    <step time="25200.00" loaded="16163" inserted="15438" running="545" waiting="725" ended="14893" arrived="14893" collisions="19" teleports="19" halting="9" stopped="0" meanWaitingTime="123.80" meanTravelTime="273.00" meanSpeed="17.32" meanSpeedRelative="0.54" duration="89"/>
    <step time="25500.00" loaded="16673" inserted="15886" running="540" waiting="787" ended="15346" arrived="15346" collisions="21" teleports="21" halting="5" stopped="0" meanWaitingTime="132.74" meanTravelTime="275.71" meanSpeed="17.74" meanSpeedRelative="0.55" duration="3"/>
    <step time="25800.00" loaded="17217" inserted="16346" running="571" waiting="871" ended="15775" arrived="15775" collisions="21" teleports="21" halting="8" stopped="0" meanWaitingTime="141.15" meanTravelTime="278.11" meanSpeed="18.07" meanSpeedRelative="0.56" duration="3"/>
    <step time="26100.00" loaded="17785" inserted="16816" running="616" waiting="969" ended="16200" arrived="16200" collisions="23" teleports="23" halting="8" stopped="0" meanWaitingTime="150.51" meanTravelTime="281.37" meanSpeed="16.47" meanSpeedRelative="0.51" duration="3"/>
    <step time="26400.00" loaded="18350" inserted="17281" running="602" waiting="1069" ended="16679" arrived="16679" collisions="24" teleports="24" halting="12" stopped="0" meanWaitingTime="159.68" meanTravelTime="284.36" meanSpeed="15.28" meanSpeedRelative="0.48" duration="3"/>
    <step time="26700.00" loaded="18878" inserted="17738" running="644" waiting="1140" ended="17094" arrived="17094" collisions="27" teleports="27" halting="10" stopped="0" meanWaitingTime="169.68" meanTravelTime="287.45" meanSpeed="14.35" meanSpeedRelative="0.45" duration="5"/>
    <step time="27000.00" loaded="19478" inserted="18199" running="653" waiting="1279" ended="17546" arrived="17546" collisions="29" teleports="29" halting="10" stopped="0" meanWaitingTime="180.75" meanTravelTime="290.35" meanSpeed="15.04" meanSpeedRelative="0.47" duration="3"/>
    <step time="27300.00" loaded="20014" inserted="18665" running="671" waiting="1349" ended="17994" arrived="17994" collisions="29" teleports="29" halting="11" stopped="0" meanWaitingTime="192.35" meanTravelTime="293.45" meanSpeed="14.53" meanSpeedRelative="0.45" duration="4"/>
    <step time="27600.00" loaded="20544" inserted="19119" running="639" waiting="1425" ended="18480" arrived="18480" collisions="30" teleports="30" halting="12" stopped="0" meanWaitingTime="204.56" meanTravelTime="296.92" meanSpeed="15.25" meanSpeedRelative="0.48" duration="4"/>
    <step time="27900.00" loaded="21116" inserted="19593" running="668" waiting="1523" ended="18925" arrived="18925" collisions="31" teleports="31" halting="10" stopped="0" meanWaitingTime="216.83" meanTravelTime="299.67" meanSpeed="14.34" meanSpeedRelative="0.45" duration="4"/>
    <step time="28200.00" loaded="21651" inserted="20036" running="659" waiting="1615" ended="19377" arrived="19377" collisions="33" teleports="33" halting="23" stopped="0" meanWaitingTime="228.90" meanTravelTime="302.70" meanSpeed="14.51" meanSpeedRelative="0.45" duration="4"/>
    <step time="28500.00" loaded="22228" inserted="20483" running="673" waiting="1745" ended="19810" arrived="19810" collisions="34" teleports="34" halting="9" stopped="0" meanWaitingTime="241.47" meanTravelTime="305.91" meanSpeed="14.40" meanSpeedRelative="0.45" duration="3"/>
    <step time="28800.00" loaded="22776" inserted="20922" running="647" waiting="1854" ended="20275" arrived="20275" collisions="35" teleports="35" halting="17" stopped="0" meanWaitingTime="255.60" meanTravelTime="308.91" meanSpeed="13.79" meanSpeedRelative="0.43" duration="92"/>
    <step time="29100.00" loaded="23125" inserted="21340" running="649" waiting="1785" ended="20691" arrived="20691" collisions="37" teleports="37" halting="22" stopped="0" meanWaitingTime="269.64" meanTravelTime="311.65" meanSpeed="14.26" meanSpeedRelative="0.45" duration="4"/>
    <step time="29400.00" loaded="23507" inserted="21804" running="657" waiting="1703" ended="21147" arrived="21147" collisions="37" teleports="37" halting="6" stopped="0" meanWaitingTime="284.62" meanTravelTime="314.69" meanSpeed="14.36" meanSpeedRelative="0.45" duration="4"/>
    <step time="29700.00" loaded="23888" inserted="22243" running="643" waiting="1645" ended="21600" arrived="21600" collisions="37" teleports="37" halting="11" stopped="0" meanWaitingTime="299.30" meanTravelTime="317.14" meanSpeed="14.96" meanSpeedRelative="0.47" duration="5"/>
    <step time="30000.00" loaded="24250" inserted="22666" running="602" waiting="1584" ended="22064" arrived="22064" collisions="40" teleports="40" halting="13" stopped="0" meanWaitingTime="313.34" meanTravelTime="319.30" meanSpeed="15.12" meanSpeedRelative="0.47" duration="3"/>
    <step time="30300.00" loaded="24619" inserted="23091" running="587" waiting="1528" ended="22504" arrived="22504" collisions="40" teleports="40" halting="12" stopped="0" meanWaitingTime="327.84" meanTravelTime="322.03" meanSpeed="14.97" meanSpeedRelative="0.47" duration="4"/>
    <step time="30600.00" loaded="24960" inserted="23511" running="600" waiting="1449" ended="22911" arrived="22911" collisions="40" teleports="40" halting="7" stopped="0" meanWaitingTime="342.55" meanTravelTime="323.69" meanSpeed="15.21" meanSpeedRelative="0.48" duration="3"/>
    <step time="30900.00" loaded="25350" inserted="23949" running="616" waiting="1401" ended="23333" arrived="23333" collisions="40" teleports="40" halting="9" stopped="0" meanWaitingTime="356.30" meanTravelTime="325.53" meanSpeed="15.28" meanSpeedRelative="0.48" duration="4"/>
    <step time="31200.00" loaded="25712" inserted="24378" running="592" waiting="1334" ended="23786" arrived="23786" collisions="40" teleports="40" halting="14" stopped="0" meanWaitingTime="369.45" meanTravelTime="327.27" meanSpeed="15.41" meanSpeedRelative="0.48" duration="3"/>
    <step time="31500.00" loaded="26064" inserted="24807" running="579" waiting="1257" ended="24228" arrived="24228" collisions="42" teleports="42" halting="12" stopped="0" meanWaitingTime="380.95" meanTravelTime="328.88" meanSpeed="15.60" meanSpeedRelative="0.49" duration="3"/>
    <step time="31800.00" loaded="26404" inserted="25208" running="554" waiting="1196" ended="24654" arrived="24654" collisions="43" teleports="43" halting="2" stopped="0" meanWaitingTime="391.80" meanTravelTime="330.47" meanSpeed="15.89" meanSpeedRelative="0.50" duration="4"/>
    <step time="32100.00" loaded="26782" inserted="25635" running="521" waiting="1147" ended="25114" arrived="25114" collisions="45" teleports="45" halting="7" stopped="0" meanWaitingTime="402.08" meanTravelTime="331.84" meanSpeed="16.61" meanSpeedRelative="0.52" duration="3"/>
    <step time="32400.00" loaded="27140" inserted="26025" running="519" waiting="1115" ended="25506" arrived="25506" collisions="45" teleports="45" halting="5" stopped="0" meanWaitingTime="411.12" meanTravelTime="332.42" meanSpeed="17.03" meanSpeedRelative="0.53" duration="93"/>
    <step time="32700.00" loaded="27392" inserted="26372" running="446" waiting="1020" ended="25926" arrived="25926" collisions="46" teleports="46" halting="10" stopped="0" meanWaitingTime="419.95" meanTravelTime="333.51" meanSpeed="17.29" meanSpeedRelative="0.54" duration="3"/>
    <step time="33000.00" loaded="27639" inserted="26721" running="421" waiting="918" ended="26300" arrived="26300" collisions="47" teleports="47" halting="9" stopped="0" meanWaitingTime="427.19" meanTravelTime="334.50" meanSpeed="17.79" meanSpeedRelative="0.56" duration="2"/>
    <step time="33300.00" loaded="27923" inserted="27078" running="408" waiting="845" ended="26670" arrived="26670" collisions="47" teleports="47" halting="8" stopped="0" meanWaitingTime="434.12" meanTravelTime="334.78" meanSpeed="17.87" meanSpeedRelative="0.56" duration="3"/>
    <step time="33600.00" loaded="28190" inserted="27407" running="389" waiting="783" ended="27018" arrived="27018" collisions="47" teleports="47" halting="6" stopped="0" meanWaitingTime="440.42" meanTravelTime="335.11" meanSpeed="18.04" meanSpeedRelative="0.56" duration="3"/>
    <step time="33900.00" loaded="28466" inserted="27766" running="392" waiting="700" ended="27374" arrived="27374" collisions="49" teleports="49" halting="9" stopped="0" meanWaitingTime="446.67" meanTravelTime="335.02" meanSpeed="18.75" meanSpeedRelative="0.59" duration="2"/>
    <step time="34200.00" loaded="28740" inserted="28112" running="398" waiting="628" ended="27714" arrived="27714" collisions="50" teleports="50" halting="8" stopped="0" meanWaitingTime="451.61" meanTravelTime="334.97" meanSpeed="17.85" meanSpeedRelative="0.56" duration="2"/>
    <step time="34500.00" loaded="29001" inserted="28436" running="370" waiting="565" ended="28066" arrived="28066" collisions="50" teleports="50" halting="7" stopped="0" meanWaitingTime="455.36" meanTravelTime="334.95" meanSpeed="19.00" meanSpeedRelative="0.59" duration="2"/>
    <step time="34800.00" loaded="29262" inserted="28755" running="339" waiting="507" ended="28416" arrived="28416" collisions="52" teleports="52" halting="4" stopped="0" meanWaitingTime="457.65" meanTravelTime="334.78" meanSpeed="18.41" meanSpeedRelative="0.58" duration="2"/>
    <step time="35100.00" loaded="29507" inserted="29059" running="340" waiting="448" ended="28719" arrived="28719" collisions="52" teleports="52" halting="17" stopped="0" meanWaitingTime="459.36" meanTravelTime="334.67" meanSpeed="18.31" meanSpeedRelative="0.57" duration="2"/>
    <step time="35400.00" loaded="29762" inserted="29346" running="314" waiting="416" ended="29032" arrived="29032" collisions="53" teleports="53" halting="4" stopped="0" meanWaitingTime="460.26" meanTravelTime="334.93" meanSpeed="21.46" meanSpeedRelative="0.67" duration="2"/>
    <step time="35700.00" loaded="30008" inserted="29617" running="261" waiting="391" ended="29356" arrived="29356" collisions="53" teleports="53" halting="5" stopped="0" meanWaitingTime="461.43" meanTravelTime="334.75" meanSpeed="21.30" meanSpeedRelative="0.67" duration="1"/>
    <step time="36000.00" loaded="30258" inserted="29886" running="260" waiting="372" ended="29626" arrived="29626" collisions="54" teleports="54" halting="9" stopped="0" meanWaitingTime="462.08" meanTravelTime="334.51" meanSpeed="21.32" meanSpeedRelative="0.67" duration="82"/>
    <step time="36300.00" loaded="30730" inserted="30309" running="387" waiting="421" ended="29922" arrived="29922" collisions="54" teleports="54" halting="8" stopped="0" meanWaitingTime="460.77" meanTravelTime="333.85" meanSpeed="20.25" meanSpeedRelative="0.63" duration="4"/>
    <step time="36600.00" loaded="31229" inserted="30764" running="453" waiting="465" ended="30311" arrived="30311" collisions="56" teleports="56" halting="3" stopped="0" meanWaitingTime="459.36" meanTravelTime="333.26" meanSpeed="20.13" meanSpeedRelative="0.63" duration="2"/>
    <step time="36900.00" loaded="31730" inserted="31230" running="476" waiting="500" ended="30754" arrived="30754" collisions="56" teleports="56" halting="9" stopped="0" meanWaitingTime="458.26" meanTravelTime="332.51" meanSpeed="20.39" meanSpeedRelative="0.64" duration="3"/>
    <step time="37200.00" loaded="32220" inserted="31679" running="474" waiting="541" ended="31205" arrived="31205" collisions="56" teleports="56" halting="6" stopped="0" meanWaitingTime="456.64" meanTravelTime="332.11" meanSpeed="19.85" meanSpeedRelative="0.62" duration="3"/>
    <step time="37500.00" loaded="32649" inserted="32106" running="493" waiting="543" ended="31613" arrived="31613" collisions="57" teleports="57" halting="17" stopped="0" meanWaitingTime="455.16" meanTravelTime="331.92" meanSpeed="18.86" meanSpeedRelative="0.59" duration="3"/>
    <step time="37800.00" loaded="33061" inserted="32498" running="445" waiting="563" ended="32053" arrived="32053" collisions="58" teleports="58" halting="6" stopped="0" meanWaitingTime="454.30" meanTravelTime="332.08" meanSpeed="20.05" meanSpeedRelative="0.63" duration="3"/>
    <step time="38100.00" loaded="33561" inserted="32948" running="475" waiting="613" ended="32473" arrived="32473" collisions="60" teleports="60" halting="5" stopped="0" meanWaitingTime="452.82" meanTravelTime="332.09" meanSpeed="19.81" meanSpeedRelative="0.62" duration="3"/>
    <step time="38400.00" loaded="34071" inserted="33411" running="519" waiting="660" ended="32892" arrived="32892" collisions="61" teleports="61" halting="9" stopped="0" meanWaitingTime="451.38" meanTravelTime="332.13" meanSpeed="19.56" meanSpeedRelative="0.61" duration="3"/>
    <step time="38700.00" loaded="34545" inserted="33835" running="502" waiting="710" ended="33333" arrived="33333" collisions="64" teleports="64" halting="18" stopped="0" meanWaitingTime="450.55" meanTravelTime="332.13" meanSpeed="19.55" meanSpeedRelative="0.61" duration="3"/>
    <step time="39000.00" loaded="35047" inserted="34296" running="528" waiting="751" ended="33768" arrived="33768" collisions="64" teleports="64" halting="13" stopped="0" meanWaitingTime="449.50" meanTravelTime="332.27" meanSpeed="19.15" meanSpeedRelative="0.60" duration="3"/>
    <step time="39300.00" loaded="35527" inserted="34752" running="535" waiting="775" ended="34217" arrived="34217" collisions="65" teleports="65" halting="4" stopped="0" meanWaitingTime="448.69" meanTravelTime="332.47" meanSpeed="19.20" meanSpeedRelative="0.60" duration="3"/>
    <step time="39600.00" loaded="35997" inserted="35191" running="517" waiting="806" ended="34674" arrived="34674" collisions="66" teleports="66" halting="4" stopped="0" meanWaitingTime="448.33" meanTravelTime="332.73" meanSpeed="18.91" meanSpeedRelative="0.59" duration="90"/>
    <step time="39900.00" loaded="36534" inserted="35663" running="568" waiting="871" ended="35095" arrived="35095" collisions="67" teleports="67" halting="17" stopped="0" meanWaitingTime="447.53" meanTravelTime="333.00" meanSpeed="18.30" meanSpeedRelative="0.57" duration="3"/>
    <step time="40200.00" loaded="37073" inserted="36168" running="610" waiting="905" ended="35558" arrived="35558" collisions="72" teleports="72" halting="12" stopped="0" meanWaitingTime="447.30" meanTravelTime="333.45" meanSpeed="17.49" meanSpeedRelative="0.55" duration="3"/>
    <step time="40500.00" loaded="37600" inserted="36645" running="613" waiting="955" ended="36032" arrived="36032" collisions="74" teleports="74" halting="14" stopped="0" meanWaitingTime="447.48" meanTravelTime="333.96" meanSpeed="16.66" meanSpeedRelative="0.52" duration="4"/>
    <step time="40800.00" loaded="38143" inserted="37132" running="623" waiting="1011" ended="36509" arrived="36509" collisions="76" teleports="76" halting="12" stopped="0" meanWaitingTime="448.44" meanTravelTime="334.38" meanSpeed="16.68" meanSpeedRelative="0.52" duration="3"/>
    <step time="41100.00" loaded="38685" inserted="37595" running="614" waiting="1090" ended="36981" arrived="36981" collisions="80" teleports="80" halting="8" stopped="0" meanWaitingTime="449.52" meanTravelTime="334.89" meanSpeed="16.60" meanSpeedRelative="0.52" duration="4"/>
    <step time="41400.00" loaded="39234" inserted="38081" running="651" waiting="1153" ended="37430" arrived="37430" collisions="81" teleports="81" halting="11" stopped="0" meanWaitingTime="450.88" meanTravelTime="335.45" meanSpeed="16.18" meanSpeedRelative="0.51" duration="4"/>
    <step time="41700.00" loaded="39724" inserted="38531" running="652" waiting="1193" ended="37879" arrived="37879" collisions="84" teleports="84" halting="4" stopped="0" meanWaitingTime="452.45" meanTravelTime="336.92" meanSpeed="15.58" meanSpeedRelative="0.49" duration="3"/>
    <step time="42000.00" loaded="40250" inserted="39011" running="657" waiting="1239" ended="38354" arrived="38354" collisions="85" teleports="85" halting="8" stopped="0" meanWaitingTime="454.46" meanTravelTime="338.01" meanSpeed="15.96" meanSpeedRelative="0.50" duration="4"/>
    <step time="42300.00" loaded="40759" inserted="39470" running="665" waiting="1289" ended="38805" arrived="38805" collisions="85" teleports="85" halting="18" stopped="0" meanWaitingTime="456.66" meanTravelTime="338.80" meanSpeed="15.70" meanSpeedRelative="0.49" duration="4"/>
    <step time="42600.00" loaded="41277" inserted="39929" running="640" waiting="1348" ended="39289" arrived="39289" collisions="88" teleports="88" halting="11" stopped="0" meanWaitingTime="459.21" meanTravelTime="339.47" meanSpeed="17.02" meanSpeedRelative="0.53" duration="4"/>
    <step time="42900.00" loaded="41805" inserted="40385" running="651" waiting="1420" ended="39734" arrived="39734" collisions="90" teleports="90" halting="4" stopped="0" meanWaitingTime="461.99" meanTravelTime="340.38" meanSpeed="16.25" meanSpeedRelative="0.51" duration="6"/>
    <step time="43200.00" loaded="42337" inserted="40879" running="669" waiting="1458" ended="40210" arrived="40210" collisions="91" teleports="91" halting="11" stopped="0" meanWaitingTime="464.46" meanTravelTime="341.57" meanSpeed="15.33" meanSpeedRelative="0.48" duration="90"/>
    <step time="43500.00" loaded="42886" inserted="41358" running="708" waiting="1528" ended="40650" arrived="40650" collisions="92" teleports="92" halting="15" stopped="0" meanWaitingTime="467.33" meanTravelTime="342.15" meanSpeed="14.49" meanSpeedRelative="0.45" duration="5"/>
    <step time="43800.00" loaded="43433" inserted="41845" running="745" waiting="1588" ended="41100" arrived="41100" collisions="94" teleports="94" halting="13" stopped="0" meanWaitingTime="470.72" meanTravelTime="343.27" meanSpeed="14.80" meanSpeedRelative="0.46" duration="5"/>
    <step time="44100.00" loaded="43972" inserted="42326" running="770" waiting="1646" ended="41556" arrived="41556" collisions="95" teleports="95" halting="6" stopped="0" meanWaitingTime="474.46" meanTravelTime="344.30" meanSpeed="14.47" meanSpeedRelative="0.45" duration="3"/>
    <step time="44400.00" loaded="44531" inserted="42816" running="790" waiting="1715" ended="42026" arrived="42026" collisions="95" teleports="95" halting="20" stopped="0" meanWaitingTime="477.73" meanTravelTime="345.82" meanSpeed="13.64" meanSpeedRelative="0.43" duration="5"/>
    <step time="44700.00" loaded="45109" inserted="43297" running="790" waiting="1812" ended="42507" arrived="42507" collisions="95" teleports="95" halting="10" stopped="0" meanWaitingTime="481.10" meanTravelTime="347.49" meanSpeed="13.77" meanSpeedRelative="0.43" duration="7"/>
    <step time="45000.00" loaded="45682" inserted="43771" running="775" waiting="1911" ended="42996" arrived="42996" collisions="97" teleports="97" halting="13" stopped="0" meanWaitingTime="485.00" meanTravelTime="349.12" meanSpeed="14.64" meanSpeedRelative="0.46" duration="5"/>
    <step time="45300.00" loaded="46206" inserted="44238" running="758" waiting="1968" ended="43480" arrived="43480" collisions="102" teleports="102" halting="21" stopped="0" meanWaitingTime="489.30" meanTravelTime="350.61" meanSpeed="14.40" meanSpeedRelative="0.45" duration="4"/>
    <step time="45600.00" loaded="46732" inserted="44728" running="783" waiting="2004" ended="43945" arrived="43945" collisions="107" teleports="107" halting="17" stopped="0" meanWaitingTime="494.01" meanTravelTime="351.92" meanSpeed="14.76" meanSpeedRelative="0.46" duration="3"/>
    <step time="45900.00" loaded="47269" inserted="45197" running="757" waiting="2072" ended="44440" arrived="44440" collisions="109" teleports="109" halting="10" stopped="0" meanWaitingTime="498.40" meanTravelTime="353.14" meanSpeed="14.59" meanSpeedRelative="0.46" duration="5"/>
    <step time="46200.00" loaded="47817" inserted="45693" running="756" waiting="2124" ended="44937" arrived="44937" collisions="110" teleports="110" halting="8" stopped="0" meanWaitingTime="503.20" meanTravelTime="354.62" meanSpeed="14.95" meanSpeedRelative="0.47" duration="4"/>
    <step time="46500.00" loaded="48381" inserted="46160" running="737" waiting="2221" ended="45423" arrived="45423" collisions="111" teleports="111" halting="11" stopped="0" meanWaitingTime="508.90" meanTravelTime="356.04" meanSpeed="15.01" meanSpeedRelative="0.47" duration="4"/>
    <step time="46800.00" loaded="48919" inserted="46619" running="735" waiting="2300" ended="45884" arrived="45884" collisions="111" teleports="111" halting="11" stopped="0" meanWaitingTime="514.43" meanTravelTime="357.30" meanSpeed="14.53" meanSpeedRelative="0.45" duration="93"/>
    <step time="47100.00" loaded="49429" inserted="47076" running="710" waiting="2353" ended="46366" arrived="46366" collisions="115" teleports="115" halting="12" stopped="0" meanWaitingTime="520.81" meanTravelTime="358.38" meanSpeed="14.82" meanSpeedRelative="0.46" duration="3"/>
    <step time="47400.00" loaded="49985" inserted="47558" running="740" waiting="2427" ended="46818" arrived="46818" collisions="117" teleports="117" halting="9" stopped="0" meanWaitingTime="526.43" meanTravelTime="359.36" meanSpeed="15.27" meanSpeedRelative="0.48" duration="4"/>
    <step time="47700.00" loaded="50522" inserted="48051" running="761" waiting="2471" ended="47290" arrived="47290" collisions="118" teleports="118" halting="12" stopped="0" meanWaitingTime="532.65" meanTravelTime="360.58" meanSpeed="14.02" meanSpeedRelative="0.44" duration="4"/>
    <step time="48000.00" loaded="51052" inserted="48522" running="773" waiting="2530" ended="47749" arrived="47749" collisions="120" teleports="120" halting="12" stopped="0" meanWaitingTime="539.19" meanTravelTime="361.52" meanSpeed="13.99" meanSpeedRelative="0.44" duration="5"/>
    <step time="48300.00" loaded="51559" inserted="49023" running="838" waiting="2536" ended="48185" arrived="48185" collisions="123" teleports="123" halting="16" stopped="0" meanWaitingTime="545.94" meanTravelTime="362.43" meanSpeed="13.96" meanSpeedRelative="0.44" duration="7"/>
    <step time="48600.00" loaded="52097" inserted="49501" running="816" waiting="2596" ended="48685" arrived="48685" collisions="125" teleports="125" halting="16" stopped="0" meanWaitingTime="553.04" meanTravelTime="363.52" meanSpeed="14.34" meanSpeedRelative="0.45" duration="6"/>
    <step time="48900.00" loaded="52624" inserted="49982" running="810" waiting="2642" ended="49172" arrived="49172" collisions="126" teleports="126" halting="11" stopped="0" meanWaitingTime="559.25" meanTravelTime="365.12" meanSpeed="13.85" meanSpeedRelative="0.43" duration="5"/>
    <step time="49200.00" loaded="53168" inserted="50474" running="803" waiting="2694" ended="49671" arrived="49671" collisions="127" teleports="127" halting="17" stopped="0" meanWaitingTime="566.06" meanTravelTime="366.54" meanSpeed="13.84" meanSpeedRelative="0.43" duration="5"/>
    <step time="49500.00" loaded="53656" inserted="50913" running="800" waiting="2743" ended="50113" arrived="50113" collisions="129" teleports="129" halting="17" stopped="0" meanWaitingTime="572.94" meanTravelTime="367.89" meanSpeed="14.20" meanSpeedRelative="0.44" duration="4"/>
    <step time="49800.00" loaded="54179" inserted="51373" running="840" waiting="2806" ended="50533" arrived="50533" collisions="131" teleports="131" halting="13" stopped="0" meanWaitingTime="580.33" meanTravelTime="369.20" meanSpeed="13.24" meanSpeedRelative="0.41" duration="5"/>
    <step time="50100.00" loaded="54711" inserted="51839" running="856" waiting="2872" ended="50983" arrived="50983" collisions="134" teleports="134" halting="15" stopped="0" meanWaitingTime="587.55" meanTravelTime="370.53" meanSpeed="13.37" meanSpeedRelative="0.42" duration="4"/>
    <step time="50400.00" loaded="55242" inserted="52305" running="837" waiting="2937" ended="51468" arrived="51468" collisions="136" teleports="136" halting="9" stopped="0" meanWaitingTime="594.15" meanTravelTime="372.26" meanSpeed="13.78" meanSpeedRelative="0.43" duration="96"/>
    <step time="50700.00" loaded="55975" inserted="52822" running="884" waiting="3153" ended="51938" arrived="51938" collisions="137" teleports="137" halting="14" stopped="0" meanWaitingTime="600.48" meanTravelTime="373.55" meanSpeed="13.66" meanSpeedRelative="0.43" duration="6"/>
    <step time="51000.00" loaded="56684" inserted="53322" running="870" waiting="3362" ended="52452" arrived="52452" collisions="140" teleports="140" halting="8" stopped="0" meanWaitingTime="607.13" meanTravelTime="375.32" meanSpeed="13.62" meanSpeedRelative="0.43" duration="6"/>
    <step time="51300.00" loaded="57413" inserted="53843" running="888" waiting="3570" ended="52955" arrived="52955" collisions="143" teleports="143" halting="16" stopped="0" meanWaitingTime="614.41" meanTravelTime="376.82" meanSpeed="13.70" meanSpeedRelative="0.43" duration="7"/>
    <step time="51600.00" loaded="58097" inserted="54351" running="884" waiting="3746" ended="53467" arrived="53467" collisions="145" teleports="145" halting="11" stopped="0" meanWaitingTime="621.68" meanTravelTime="378.23" meanSpeed="13.62" meanSpeedRelative="0.43" duration="6"/>
    <step time="51900.00" loaded="58828" inserted="54848" running="895" waiting="3980" ended="53953" arrived="53953" collisions="147" teleports="147" halting="12" stopped="0" meanWaitingTime="629.07" meanTravelTime="379.68" meanSpeed="13.39" meanSpeedRelative="0.42" duration="7"/>
    <step time="52200.00" loaded="59518" inserted="55362" running="896" waiting="4156" ended="54466" arrived="54466" collisions="148" teleports="148" halting="21" stopped="0" meanWaitingTime="637.16" meanTravelTime="380.99" meanSpeed="13.06" meanSpeedRelative="0.41" duration="9"/>
    <step time="52500.00" loaded="60260" inserted="55890" running="923" waiting="4370" ended="54967" arrived="54967" collisions="152" teleports="152" halting="14" stopped="0" meanWaitingTime="646.04" meanTravelTime="382.30" meanSpeed="12.51" meanSpeedRelative="0.39" duration="8"/>
    <step time="52800.00" loaded="60963" inserted="56407" running="955" waiting="4556" ended="55452" arrived="55452" collisions="154" teleports="154" halting="14" stopped="0" meanWaitingTime="655.78" meanTravelTime="383.58" meanSpeed="11.81" meanSpeedRelative="0.37" duration="8"/>
    <step time="53100.00" loaded="61725" inserted="56924" running="985" waiting="4801" ended="55939" arrived="55939" collisions="158" teleports="158" halting="14" stopped="0" meanWaitingTime="665.04" meanTravelTime="385.06" meanSpeed="12.13" meanSpeedRelative="0.38" duration="8"/>
    <step time="53400.00" loaded="62437" inserted="57434" running="993" waiting="5003" ended="56441" arrived="56441" collisions="160" teleports="160" halting="12" stopped="0" meanWaitingTime="675.00" meanTravelTime="386.73" meanSpeed="11.87" meanSpeedRelative="0.37" duration="8"/>
    <step time="53700.00" loaded="63130" inserted="57968" running="1012" waiting="5162" ended="56956" arrived="56956" collisions="162" teleports="162" halting="13" stopped="0" meanWaitingTime="685.13" meanTravelTime="388.44" meanSpeed="11.87" meanSpeedRelative="0.37" duration="7"/>
    <step time="54000.00" loaded="63834" inserted="58522" running="1043" waiting="5312" ended="57479" arrived="57479" collisions="163" teleports="163" halting="20" stopped="0" meanWaitingTime="696.32" meanTravelTime="389.95" meanSpeed="11.68" meanSpeedRelative="0.37" duration="94"/>
    <step time="54300.00" loaded="64263" inserted="58994" running="1019" waiting="5269" ended="57975" arrived="57975" collisions="168" teleports="168" halting="10" stopped="0" meanWaitingTime="707.37" meanTravelTime="391.85" meanSpeed="11.97" meanSpeedRelative="0.37" duration="8"/>
    <step time="54600.00" loaded="64723" inserted="59460" running="988" waiting="5263" ended="58472" arrived="58472" collisions="170" teleports="170" halting="10" stopped="0" meanWaitingTime="719.13" meanTravelTime="393.78" meanSpeed="12.30" meanSpeedRelative="0.38" duration="8"/>
    <step time="54900.00" loaded="65155" inserted="59922" running="948" waiting="5233" ended="58974" arrived="58974" collisions="173" teleports="173" halting="12" stopped="0" meanWaitingTime="730.94" meanTravelTime="395.71" meanSpeed="12.16" meanSpeedRelative="0.38" duration="8"/>
    <step time="55200.00" loaded="65590" inserted="60396" running="915" waiting="5194" ended="59481" arrived="59481" collisions="176" teleports="176" halting="16" stopped="0" meanWaitingTime="743.60" meanTravelTime="397.38" meanSpeed="12.17" meanSpeedRelative="0.38" duration="6"/>
    <step time="55500.00" loaded="66055" inserted="60857" running="882" waiting="5198" ended="59975" arrived="59975" collisions="176" teleports="176" halting="8" stopped="0" meanWaitingTime="756.54" meanTravelTime="398.86" meanSpeed="13.15" meanSpeedRelative="0.41" duration="5"/>
    <step time="55800.00" loaded="66501" inserted="61329" running="870" waiting="5172" ended="60459" arrived="60459" collisions="177" teleports="177" halting="14" stopped="0" meanWaitingTime="770.01" meanTravelTime="400.22" meanSpeed="13.01" meanSpeedRelative="0.41" duration="7"/>
    <step time="56100.00" loaded="67003" inserted="61796" running="838" waiting="5207" ended="60958" arrived="60958" collisions="177" teleports="177" halting="12" stopped="0" meanWaitingTime="783.29" meanTravelTime="401.23" meanSpeed="13.29" meanSpeedRelative="0.42" duration="8"/>
    <step time="56400.00" loaded="67467" inserted="62275" running="816" waiting="5192" ended="61459" arrived="61459" collisions="180" teleports="180" halting="14" stopped="0" meanWaitingTime="796.95" meanTravelTime="402.30" meanSpeed="14.02" meanSpeedRelative="0.44" duration="7"/>
    <step time="56700.00" loaded="67938" inserted="62755" running="842" waiting="5183" ended="61913" arrived="61913" collisions="185" teleports="185" halting="6" stopped="0" meanWaitingTime="810.14" meanTravelTime="403.33" meanSpeed="13.47" meanSpeedRelative="0.42" duration="5"/>
    <step time="57000.00" loaded="68391" inserted="63218" running="836" waiting="5173" ended="62382" arrived="62382" collisions="185" teleports="185" halting="15" stopped="0" meanWaitingTime="823.70" meanTravelTime="404.19" meanSpeed="13.08" meanSpeedRelative="0.41" duration="5"/>
    <step time="57300.00" loaded="68808" inserted="63650" running="793" waiting="5158" ended="62857" arrived="62857" collisions="188" teleports="188" halting="10" stopped="0" meanWaitingTime="836.94" meanTravelTime="405.39" meanSpeed="13.93" meanSpeedRelative="0.44" duration="5"/>
    <step time="57600.00" loaded="69257" inserted="64122" running="827" waiting="5135" ended="63295" arrived="63295" collisions="188" teleports="188" halting="10" stopped="0" meanWaitingTime="850.72" meanTravelTime="406.32" meanSpeed="13.40" meanSpeedRelative="0.42" duration="90"/>
    <step time="57900.00" loaded="69851" inserted="64641" running="869" waiting="5210" ended="63772" arrived="63772" collisions="189" teleports="189" halting="10" stopped="0" meanWaitingTime="863.48" meanTravelTime="407.11" meanSpeed="13.53" meanSpeedRelative="0.42" duration="8"/>
    <step time="58200.00" loaded="70432" inserted="65170" running="915" waiting="5262" ended="64255" arrived="64255" collisions="190" teleports="190" halting="21" stopped="0" meanWaitingTime="875.46" meanTravelTime="407.74" meanSpeed="12.65" meanSpeedRelative="0.40" duration="7"/>
    <step time="58500.00" loaded="70987" inserted="65670" running="924" waiting="5317" ended="64746" arrived="64746" collisions="192" teleports="192" halting="11" stopped="0" meanWaitingTime="887.78" meanTravelTime="408.45" meanSpeed="11.95" meanSpeedRelative="0.37" duration="6"/>
    <step time="58800.00" loaded="71556" inserted="66186" running="942" waiting="5370" ended="65244" arrived="65244" collisions="194" teleports="194" halting="8" stopped="0" meanWaitingTime="899.74" meanTravelTime="409.64" meanSpeed="13.06" meanSpeedRelative="0.41" duration="6"/>
    <step time="59100.00" loaded="72084" inserted="66674" running="946" waiting="5410" ended="65728" arrived="65728" collisions="194" teleports="194" halting="15" stopped="0" meanWaitingTime="912.55" meanTravelTime="410.65" meanSpeed="13.36" meanSpeedRelative="0.42" duration="9"/>
    <step time="59400.00" loaded="72661" inserted="67179" running="966" waiting="5482" ended="66213" arrived="66213" collisions="198" teleports="198" halting="18" stopped="0" meanWaitingTime="925.19" meanTravelTime="411.52" meanSpeed="12.98" meanSpeedRelative="0.41" duration="8"/>
    <step time="59700.00" loaded="73226" inserted="67679" running="962" waiting="5547" ended="66717" arrived="66717" collisions="201" teleports="201" halting="11" stopped="0" meanWaitingTime="936.73" meanTravelTime="413.01" meanSpeed="12.37" meanSpeedRelative="0.39" duration="9"/>
    <step time="60000.00" loaded="73793" inserted="68167" running="946" waiting="5626" ended="67221" arrived="67221" collisions="204" teleports="204" halting="9" stopped="0" meanWaitingTime="948.38" meanTravelTime="414.33" meanSpeed="12.79" meanSpeedRelative="0.40" duration="8"/>
    <step time="60300.00" loaded="74349" inserted="68658" running="930" waiting="5691" ended="67728" arrived="67728" collisions="206" teleports="206" halting="9" stopped="0" meanWaitingTime="959.75" meanTravelTime="415.53" meanSpeed="13.11" meanSpeedRelative="0.41" duration="9"/>
    <step time="60600.00" loaded="74911" inserted="69149" running="927" waiting="5762" ended="68222" arrived="68222" collisions="207" teleports="207" halting="17" stopped="0" meanWaitingTime="971.31" meanTravelTime="416.67" meanSpeed="13.11" meanSpeedRelative="0.41" duration="9"/>
    <step time="60900.00" loaded="75518" inserted="69691" running="968" waiting="5827" ended="68723" arrived="68723" collisions="209" teleports="209" halting="11" stopped="0" meanWaitingTime="982.57" meanTravelTime="417.79" meanSpeed="12.50" meanSpeedRelative="0.39" duration="8"/>
    <step time="61200.00" loaded="76019" inserted="70186" running="950" waiting="5833" ended="69236" arrived="69236" collisions="212" teleports="212" halting="11" stopped="0" meanWaitingTime="994.75" meanTravelTime="418.70" meanSpeed="12.51" meanSpeedRelative="0.39" duration="87"/>
    <step time="61500.00" loaded="76101" inserted="70545" running="876" waiting="5556" ended="69669" arrived="69669" collisions="217" teleports="217" halting="16" stopped="0" meanWaitingTime="1007.93" meanTravelTime="419.71" meanSpeed="11.88" meanSpeedRelative="0.37" duration="8"/>
    <step time="61800.00" loaded="76176" inserted="70893" running="804" waiting="5283" ended="70089" arrived="70089" collisions="219" teleports="219" halting="12" stopped="0" meanWaitingTime="1021.58" meanTravelTime="420.92" meanSpeed="12.62" meanSpeedRelative="0.39" duration="6"/>
    <step time="62100.00" loaded="76239" inserted="71254" running="761" waiting="4985" ended="70493" arrived="70493" collisions="221" teleports="221" halting="4" stopped="0" meanWaitingTime="1036.53" meanTravelTime="422.35" meanSpeed="13.13" meanSpeedRelative="0.41" duration="6"/>
    <step time="62400.00" loaded="76308" inserted="71619" running="710" waiting="4689" ended="70909" arrived="70909" collisions="224" teleports="224" halting="5" stopped="0" meanWaitingTime="1052.26" meanTravelTime="423.40" meanSpeed="13.82" meanSpeedRelative="0.43" duration="6"/>
    <step time="62700.00" loaded="76368" inserted="71977" running="680" waiting="4391" ended="71297" arrived="71297" collisions="224" teleports="224" halting="4" stopped="0" meanWaitingTime="1067.59" meanTravelTime="424.49" meanSpeed="13.86" meanSpeedRelative="0.43" duration="4"/>
    <step time="63000.00" loaded="76437" inserted="72341" running="653" waiting="4096" ended="71688" arrived="71688" collisions="228" teleports="228" halting="7" stopped="0" meanWaitingTime="1082.28" meanTravelTime="425.33" meanSpeed="13.90" meanSpeedRelative="0.43" duration="4"/>
    <step time="63300.00" loaded="76512" inserted="72701" running="625" waiting="3811" ended="72076" arrived="72076" collisions="228" teleports="228" halting="5" stopped="0" meanWaitingTime="1096.79" meanTravelTime="426.09" meanSpeed="13.70" meanSpeedRelative="0.43" duration="4"/>
    <step time="63600.00" loaded="76587" inserted="73042" running="609" waiting="3545" ended="72433" arrived="72433" collisions="228" teleports="228" halting="10" stopped="0" meanWaitingTime="1110.69" meanTravelTime="426.78" meanSpeed="13.33" meanSpeedRelative="0.42" duration="3"/>
    <step time="63900.00" loaded="76662" inserted="73340" running="563" waiting="3322" ended="72777" arrived="72777" collisions="230" teleports="230" halting="27" stopped="0" meanWaitingTime="1123.35" meanTravelTime="427.25" meanSpeed="12.71" meanSpeedRelative="0.40" duration="4"/>
    <step time="64200.00" loaded="76736" inserted="73605" running="469" waiting="3131" ended="73136" arrived="73136" collisions="231" teleports="231" halting="2" stopped="0" meanWaitingTime="1136.56" meanTravelTime="427.67" meanSpeed="15.32" meanSpeedRelative="0.48" duration="3"/>
    <step time="64500.00" loaded="76810" inserted="73868" running="415" waiting="2942" ended="73453" arrived="73453" collisions="232" teleports="232" halting="4" stopped="0" meanWaitingTime="1150.05" meanTravelTime="428.00" meanSpeed="17.42" meanSpeedRelative="0.54" duration="4"/>
    <step time="64800.00" loaded="76884" inserted="74128" running="361" waiting="2756" ended="73767" arrived="73767" collisions="233" teleports="233" halting="5" stopped="0" meanWaitingTime="1163.40" meanTravelTime="428.35" meanSpeed="19.12" meanSpeedRelative="0.60" duration="92"/>
    <step time="65100.00" loaded="76938" inserted="74384" running="303" waiting="2554" ended="74081" arrived="74081" collisions="233" teleports="233" halting="3" stopped="0" meanWaitingTime="1175.35" meanTravelTime="428.36" meanSpeed="20.33" meanSpeedRelative="0.64" duration="2"/>
    <step time="65400.00" loaded="76986" inserted="74593" running="224" waiting="2393" ended="74369" arrived="74369" collisions="233" teleports="233" halting="3" stopped="0" meanWaitingTime="1185.16" meanTravelTime="428.15" meanSpeed="22.52" meanSpeedRelative="0.70" duration="2"/>
    <step time="65700.00" loaded="77043" inserted="74746" running="190" waiting="2297" ended="74556" arrived="74556" collisions="233" teleports="233" halting="5" stopped="0" meanWaitingTime="1193.40" meanTravelTime="428.10" meanSpeed="21.83" meanSpeedRelative="0.68" duration="2"/>
    <step time="66000.00" loaded="77096" inserted="74882" running="167" waiting="2214" ended="74715" arrived="74715" collisions="233" teleports="233" halting="7" stopped="0" meanWaitingTime="1200.29" meanTravelTime="428.06" meanSpeed="20.74" meanSpeedRelative="0.65" duration="1"/>
    <step time="66300.00" loaded="77139" inserted="75026" running="169" waiting="2113" ended="74857" arrived="74857" collisions="233" teleports="233" halting="1" stopped="0" meanWaitingTime="1206.77" meanTravelTime="427.94" meanSpeed="20.62" meanSpeedRelative="0.64" duration="1"/>
    <step time="66600.00" loaded="77187" inserted="75160" running="163" waiting="2027" ended="74997" arrived="74997" collisions="233" teleports="233" halting="4" stopped="0" meanWaitingTime="1211.33" meanTravelTime="427.80" meanSpeed="21.62" meanSpeedRelative="0.68" duration="1"/>
    <step time="66900.00" loaded="77252" inserted="75254" running="103" waiting="1998" ended="75151" arrived="75151" collisions="233" teleports="233" halting="8" stopped="0" meanWaitingTime="1216.63" meanTravelTime="427.62" meanSpeed="19.42" meanSpeedRelative="0.61" duration="1"/>
    <step time="67200.00" loaded="77303" inserted="75337" running="87" waiting="1966" ended="75250" arrived="75250" collisions="233" teleports="233" halting="3" stopped="0" meanWaitingTime="1222.27" meanTravelTime="427.49" meanSpeed="18.83" meanSpeedRelative="0.59" duration="1"/>
    <step time="67500.00" loaded="77357" inserted="75423" running="90" waiting="1934" ended="75333" arrived="75333" collisions="233" teleports="233" halting="2" stopped="0" meanWaitingTime="1227.45" meanTravelTime="427.38" meanSpeed="20.01" meanSpeedRelative="0.63" duration="1"/>
    <step time="67800.00" loaded="77413" inserted="75512" running="87" waiting="1901" ended="75425" arrived="75425" collisions="233" teleports="233" halting="5" stopped="0" meanWaitingTime="1232.46" meanTravelTime="427.24" meanSpeed="19.50" meanSpeedRelative="0.61" duration="1"/>
    <step time="68100.00" loaded="77450" inserted="75581" running="74" waiting="1869" ended="75507" arrived="75507" collisions="233" teleports="233" halting="5" stopped="0" meanWaitingTime="1237.54" meanTravelTime="427.09" meanSpeed="17.68" meanSpeedRelative="0.55" duration="1"/>
    <step time="68400.00" loaded="77504" inserted="75668" running="77" waiting="1836" ended="75591" arrived="75591" collisions="233" teleports="233" halting="1" stopped="0" meanWaitingTime="1243.18" meanTravelTime="426.93" meanSpeed="19.17" meanSpeedRelative="0.60" duration="89"/>
    <step time="68700.00" loaded="77675" inserted="75861" running="147" waiting="1814" ended="75714" arrived="75714" collisions="233" teleports="233" halting="5" stopped="0" meanWaitingTime="1247.77" meanTravelTime="426.62" meanSpeed="22.40" meanSpeedRelative="0.70" duration="1"/>
    <step time="69000.00" loaded="77817" inserted="76030" running="155" waiting="1787" ended="75875" arrived="75875" collisions="233" teleports="233" halting="7" stopped="0" meanWaitingTime="1253.47" meanTravelTime="426.19" meanSpeed="21.88" meanSpeedRelative="0.68" duration="1"/>
    <step time="69300.00" loaded="77979" inserted="76211" running="174" waiting="1768" ended="76037" arrived="76037" collisions="233" teleports="233" halting="5" stopped="0" meanWaitingTime="1258.82" meanTravelTime="425.86" meanSpeed="22.20" meanSpeedRelative="0.69" duration="1"/>
    <step time="69600.00" loaded="78141" inserted="76389" running="174" waiting="1752" ended="76215" arrived="76215" collisions="233" teleports="233" halting="4" stopped="0" meanWaitingTime="1263.43" meanTravelTime="425.57" meanSpeed="21.07" meanSpeedRelative="0.66" duration="1"/>
    <step time="69900.00" loaded="78311" inserted="76594" running="177" waiting="1717" ended="76417" arrived="76417" collisions="234" teleports="234" halting="7" stopped="0" meanWaitingTime="1268.62" meanTravelTime="425.15" meanSpeed="22.22" meanSpeedRelative="0.69" duration="2"/>
    <step time="70200.00" loaded="78467" inserted="76781" running="183" waiting="1686" ended="76598" arrived="76598" collisions="234" teleports="234" halting="3" stopped="0" meanWaitingTime="1274.01" meanTravelTime="424.80" meanSpeed="22.92" meanSpeedRelative="0.72" duration="1"/>
    <step time="70500.00" loaded="78632" inserted="76969" running="179" waiting="1663" ended="76790" arrived="76790" collisions="234" teleports="234" halting="10" stopped="0" meanWaitingTime="1278.78" meanTravelTime="424.49" meanSpeed="21.89" meanSpeedRelative="0.68" duration="2"/>
    <step time="70800.00" loaded="78794" inserted="77149" running="169" waiting="1645" ended="76980" arrived="76980" collisions="234" teleports="234" halting="5" stopped="0" meanWaitingTime="1284.32" meanTravelTime="424.14" meanSpeed="22.47" meanSpeedRelative="0.70" duration="1"/>
    <step time="71100.00" loaded="78940" inserted="77326" running="165" waiting="1614" ended="77161" arrived="77161" collisions="234" teleports="234" halting="0" stopped="0" meanWaitingTime="1290.35" meanTravelTime="423.85" meanSpeed="23.13" meanSpeedRelative="0.72" duration="1"/>
    <step time="71400.00" loaded="79104" inserted="77510" running="169" waiting="1594" ended="77341" arrived="77341" collisions="234" teleports="234" halting="3" stopped="0" meanWaitingTime="1296.58" meanTravelTime="423.49" meanSpeed="23.00" meanSpeedRelative="0.72" duration="1"/>
    <step time="71700.00" loaded="79266" inserted="77703" running="174" waiting="1563" ended="77529" arrived="77529" collisions="234" teleports="234" halting="9" stopped="0" meanWaitingTime="1302.15" meanTravelTime="423.07" meanSpeed="22.34" meanSpeedRelative="0.70" duration="1"/>
    <step time="72000.00" loaded="79436" inserted="77908" running="180" waiting="1528" ended="77728" arrived="77728" collisions="234" teleports="234" halting="6" stopped="0" meanWaitingTime="1306.26" meanTravelTime="422.72" meanSpeed="22.90" meanSpeedRelative="0.72" duration="84"/>
    <step time="72300.00" loaded="79566" inserted="78080" running="158" waiting="1486" ended="77922" arrived="77922" collisions="234" teleports="234" halting="4" stopped="0" meanWaitingTime="1311.04" meanTravelTime="422.34" meanSpeed="22.06" meanSpeedRelative="0.69" duration="1"/>
    <step time="72600.00" loaded="79708" inserted="78254" running="162" waiting="1454" ended="78092" arrived="78092" collisions="236" teleports="236" halting="1" stopped="0" meanWaitingTime="1314.33" meanTravelTime="422.05" meanSpeed="22.73" meanSpeedRelative="0.71" duration="1"/>
    <step time="72900.00" loaded="79840" inserted="78420" running="173" waiting="1420" ended="78247" arrived="78247" collisions="236" teleports="236" halting="5" stopped="0" meanWaitingTime="1318.05" meanTravelTime="421.80" meanSpeed="22.42" meanSpeedRelative="0.70" duration="1"/>
    <step time="73200.00" loaded="79960" inserted="78568" running="143" waiting="1392" ended="78425" arrived="78425" collisions="236" teleports="236" halting="13" stopped="0" meanWaitingTime="1322.07" meanTravelTime="421.53" meanSpeed="20.51" meanSpeedRelative="0.64" duration="2"/>
    <step time="73500.00" loaded="80101" inserted="78732" running="157" waiting="1369" ended="78575" arrived="78575" collisions="236" teleports="236" halting="0" stopped="0" meanWaitingTime="1324.96" meanTravelTime="421.26" meanSpeed="22.33" meanSpeedRelative="0.70" duration="1"/>
    <step time="73800.00" loaded="80259" inserted="78921" running="165" waiting="1338" ended="78756" arrived="78756" collisions="236" teleports="236" halting="3" stopped="0" meanWaitingTime="1327.87" meanTravelTime="420.92" meanSpeed="22.92" meanSpeedRelative="0.72" duration="1"/>
    <step time="74100.00" loaded="80383" inserted="79077" running="142" waiting="1306" ended="78935" arrived="78935" collisions="236" teleports="236" halting="6" stopped="0" meanWaitingTime="1330.82" meanTravelTime="420.58" meanSpeed="22.03" meanSpeedRelative="0.69" duration="1"/>
    <step time="74400.00" loaded="80501" inserted="79224" running="129" waiting="1277" ended="79095" arrived="79095" collisions="236" teleports="236" halting="5" stopped="0" meanWaitingTime="1334.24" meanTravelTime="420.26" meanSpeed="20.63" meanSpeedRelative="0.64" duration="1"/>
    <step time="74700.00" loaded="80653" inserted="79402" running="147" waiting="1251" ended="79255" arrived="79255" collisions="236" teleports="236" halting="2" stopped="0" meanWaitingTime="1337.02" meanTravelTime="419.93" meanSpeed="22.35" meanSpeedRelative="0.70" duration="1"/>
    <step time="75000.00" loaded="80785" inserted="79562" running="137" waiting="1223" ended="79425" arrived="79425" collisions="236" teleports="236" halting="3" stopped="0" meanWaitingTime="1339.93" meanTravelTime="419.63" meanSpeed="21.65" meanSpeedRelative="0.68" duration="1"/>
    <step time="75300.00" loaded="80905" inserted="79711" running="137" waiting="1194" ended="79574" arrived="79574" collisions="236" teleports="236" halting="4" stopped="0" meanWaitingTime="1342.69" meanTravelTime="419.34" meanSpeed="22.24" meanSpeedRelative="0.70" duration="1"/>
    <step time="75600.00" loaded="81033" inserted="79859" running="134" waiting="1174" ended="79725" arrived="79725" collisions="236" teleports="236" halting="1" stopped="0" meanWaitingTime="1345.60" meanTravelTime="419.05" meanSpeed="23.80" meanSpeedRelative="0.74" duration="82"/>
    <step time="75900.00" loaded="81228" inserted="80060" running="191" waiting="1168" ended="79869" arrived="79869" collisions="236" teleports="236" halting="4" stopped="0" meanWaitingTime="1346.86" meanTravelTime="418.74" meanSpeed="22.14" meanSpeedRelative="0.69" duration="1"/>
    <step time="76200.00" loaded="81423" inserted="80254" running="182" waiting="1169" ended="80072" arrived="80072" collisions="237" teleports="237" halting="9" stopped="0" meanWaitingTime="1349.05" meanTravelTime="418.39" meanSpeed="21.85" meanSpeedRelative="0.68" duration="1"/>
    <step time="76500.00" loaded="81600" inserted="80435" running="167" waiting="1165" ended="80268" arrived="80268" collisions="237" teleports="237" halting="4" stopped="0" meanWaitingTime="1351.00" meanTravelTime="418.08" meanSpeed="22.57" meanSpeedRelative="0.71" duration="2"/>
    <step time="76800.00" loaded="81790" inserted="80630" running="186" waiting="1160" ended="80444" arrived="80444" collisions="237" teleports="237" halting="4" stopped="0" meanWaitingTime="1353.25" meanTravelTime="417.78" meanSpeed="22.64" meanSpeedRelative="0.71" duration="2"/>
    <step time="77100.00" loaded="81999" inserted="80835" running="197" waiting="1164" ended="80638" arrived="80638" collisions="237" teleports="237" halting="7" stopped="0" meanWaitingTime="1355.37" meanTravelTime="417.44" meanSpeed="22.66" meanSpeedRelative="0.71" duration="2"/>
    <step time="77400.00" loaded="82193" inserted="81023" running="171" waiting="1170" ended="80852" arrived="80852" collisions="237" teleports="237" halting="2" stopped="0" meanWaitingTime="1358.09" meanTravelTime="417.08" meanSpeed="22.59" meanSpeedRelative="0.71" duration="1"/>
    <step time="77700.00" loaded="82398" inserted="81235" running="188" waiting="1163" ended="81047" arrived="81047" collisions="238" teleports="238" halting="1" stopped="0" meanWaitingTime="1359.96" meanTravelTime="416.70" meanSpeed="22.92" meanSpeedRelative="0.72" duration="1"/>
    <step time="78000.00" loaded="82596" inserted="81444" running="196" waiting="1152" ended="81248" arrived="81248" collisions="239" teleports="239" halting="1" stopped="0" meanWaitingTime="1362.45" meanTravelTime="416.37" meanSpeed="22.62" meanSpeedRelative="0.71" duration="1"/>
    <step time="78300.00" loaded="82796" inserted="81660" running="206" waiting="1136" ended="81454" arrived="81454" collisions="239" teleports="239" halting="10" stopped="0" meanWaitingTime="1364.07" meanTravelTime="416.06" meanSpeed="22.97" meanSpeedRelative="0.72" duration="1"/>
    <step time="78600.00" loaded="82981" inserted="81861" running="211" waiting="1120" ended="81650" arrived="81650" collisions="239" teleports="239" halting="6" stopped="0" meanWaitingTime="1366.74" meanTravelTime="415.69" meanSpeed="22.72" meanSpeedRelative="0.71" duration="1"/>
    <step time="78900.00" loaded="83165" inserted="82055" running="182" waiting="1110" ended="81873" arrived="81873" collisions="239" teleports="239" halting="2" stopped="0" meanWaitingTime="1369.27" meanTravelTime="415.37" meanSpeed="22.05" meanSpeedRelative="0.69" duration="2"/>
    <step time="79200.00" loaded="83358" inserted="82250" running="179" waiting="1108" ended="82071" arrived="82071" collisions="239" teleports="239" halting="8" stopped="0" meanWaitingTime="1371.81" meanTravelTime="415.10" meanSpeed="22.53" meanSpeedRelative="0.70" duration="84"/>
    <step time="79500.00" loaded="83533" inserted="82433" running="180" waiting="1100" ended="82253" arrived="82253" collisions="239" teleports="239" halting="9" stopped="0" meanWaitingTime="1374.26" meanTravelTime="414.88" meanSpeed="22.20" meanSpeedRelative="0.69" duration="1"/>
    <step time="79800.00" loaded="83714" inserted="82609" running="175" waiting="1105" ended="82434" arrived="82434" collisions="240" teleports="240" halting="1" stopped="0" meanWaitingTime="1376.87" meanTravelTime="414.57" meanSpeed="23.90" meanSpeedRelative="0.75" duration="1"/>
    <step time="80100.00" loaded="83885" inserted="82784" running="180" waiting="1101" ended="82604" arrived="82604" collisions="240" teleports="240" halting="5" stopped="0" meanWaitingTime="1379.54" meanTravelTime="414.35" meanSpeed="22.47" meanSpeedRelative="0.70" duration="1"/>
    <step time="80400.00" loaded="84069" inserted="82974" running="185" waiting="1095" ended="82789" arrived="82789" collisions="240" teleports="240" halting="8" stopped="0" meanWaitingTime="1381.76" meanTravelTime="414.14" meanSpeed="22.25" meanSpeedRelative="0.70" duration="2"/>
    <step time="80700.00" loaded="84230" inserted="83130" running="174" waiting="1100" ended="82956" arrived="82956" collisions="240" teleports="240" halting="11" stopped="0" meanWaitingTime="1385.08" meanTravelTime="413.86" meanSpeed="20.62" meanSpeedRelative="0.64" duration="1"/>
    <step time="81000.00" loaded="84396" inserted="83298" running="154" waiting="1098" ended="83144" arrived="83144" collisions="241" teleports="241" halting="3" stopped="0" meanWaitingTime="1387.97" meanTravelTime="413.63" meanSpeed="22.47" meanSpeedRelative="0.70" duration="1"/>
    <step time="81300.00" loaded="84555" inserted="83468" running="164" waiting="1087" ended="83304" arrived="83304" collisions="241" teleports="241" halting="2" stopped="0" meanWaitingTime="1391.16" meanTravelTime="413.45" meanSpeed="23.34" meanSpeedRelative="0.73" duration="1"/>
    <step time="81600.00" loaded="84735" inserted="83662" running="183" waiting="1073" ended="83479" arrived="83479" collisions="241" teleports="241" halting="4" stopped="0" meanWaitingTime="1394.31" meanTravelTime="413.16" meanSpeed="23.36" meanSpeedRelative="0.73" duration="2"/>
    <step time="81900.00" loaded="84893" inserted="83836" running="178" waiting="1057" ended="83658" arrived="83658" collisions="241" teleports="241" halting="4" stopped="0" meanWaitingTime="1396.96" meanTravelTime="412.90" meanSpeed="23.25" meanSpeedRelative="0.73" duration="1"/>
    <step time="82200.00" loaded="85069" inserted="84026" running="182" waiting="1043" ended="83844" arrived="83844" collisions="241" teleports="241" halting="3" stopped="0" meanWaitingTime="1399.67" meanTravelTime="412.60" meanSpeed="23.22" meanSpeedRelative="0.73" duration="1"/>
    <step time="82500.00" loaded="85221" inserted="84183" running="146" waiting="1038" ended="84037" arrived="84037" collisions="241" teleports="241" halting="7" stopped="0" meanWaitingTime="1402.38" meanTravelTime="412.36" meanSpeed="22.31" meanSpeedRelative="0.70" duration="1"/>
</summary>
