<?xml version="1.0" encoding="UTF-8"?>

<!-- generated on 2025-08-07 23:06:32 by Eclipse SUMO sumo Version 1.23.1
<sumoConfiguration xmlns:xsi="http://www.w3.org/2001/XMLSchema-instance" xsi:noNamespaceSchemaLocation="http://sumo.dlr.de/xsd/sumoConfiguration.xsd">

    <input>
        <net-file value="Desktop\Master Thesis\Network_fin.net.xml"/>
        <route-files value="Desktop\Master Thesis\demand_model_amsterdam.rou.xml"/>
        <additional-files value="Desktop\Master Thesis\Additionnal.add.xml"/>
    </input>

    <output>
        <summary-output value="outputf/summary_coor_alinea_1neigh_method2_K80_target5_66189.xml"/>
        <summary-output.period value="300"/>
        <tripinfo-output value="outputf/tripinfo_coor_alinea_1neigh_method2_K80_target5_66189.xml"/>
    </output>

    <time>
        <begin value="0"/>
        <end value="82800"/>
        <step-length value="1"/>
    </time>

    <processing>
        <time-to-teleport value="-1"/>
    </processing>

    <report>
        <verbose value="true"/>
        <no-step-log value="true"/>
    </report>

    <emissions>
        <device.emissions.period value="10"/>
    </emissions>

    <traci_server>
        <remote-port value="65406"/>
    </traci_server>

    <random_number>
        <seed value="66189"/>
    </random_number>

</sumoConfiguration>
-->

<summary xmlns:xsi="http://www.w3.org/2001/XMLSchema-instance" xsi:noNamespaceSchemaLocation="http://sumo.dlr.de/xsd/summary_file.xsd">
    <step time="0.00" loaded="2" inserted="1" running="1" waiting="1" ended="0" arrived="0" collisions="0" teleports="0" halting="1" stopped="0" meanWaitingTime="0.00" meanTravelTime="-1.00" meanSpeed="0.00" meanSpeedRelative="0.00" duration="0"/>
    <step time="300.00" loaded="188" inserted="188" running="114" waiting="0" ended="74" arrived="74" collisions="0" teleports="0" halting="1" stopped="0" meanWaitingTime="0.77" meanTravelTime="111.73" meanSpeed="25.20" meanSpeedRelative="0.79" duration="1"/>
    <step time="600.00" loaded="367" inserted="367" running="147" waiting="0" ended="220" arrived="220" collisions="0" teleports="0" halting="0" stopped="0" meanWaitingTime="0.50" meanTravelTime="166.80" meanSpeed="25.41" meanSpeedRelative="0.79" duration="1"/>
    <step time="900.00" loaded="564" inserted="564" running="189" waiting="0" ended="375" arrived="375" collisions="0" teleports="0" halting="0" stopped="0" meanWaitingTime="0.47" meanTravelTime="200.72" meanSpeed="25.07" meanSpeedRelative="0.78" duration="1"/>
    <step time="1200.00" loaded="766" inserted="766" running="185" waiting="0" ended="581" arrived="581" collisions="0" teleports="0" halting="1" stopped="0" meanWaitingTime="0.49" meanTravelTime="217.89" meanSpeed="24.43" meanSpeedRelative="0.76" duration="1"/>
    <step time="1500.00" loaded="926" inserted="926" running="153" waiting="0" ended="773" arrived="773" collisions="0" teleports="0" halting="0" stopped="0" meanWaitingTime="0.48" meanTravelTime="235.04" meanSpeed="24.26" meanSpeedRelative="0.76" duration="1"/>
    <step time="1800.00" loaded="1108" inserted="1108" running="173" waiting="0" ended="935" arrived="935" collisions="1" teleports="1" halting="0" stopped="0" meanWaitingTime="0.49" meanTravelTime="241.37" meanSpeed="25.32" meanSpeedRelative="0.79" duration="1"/>
    <step time="2100.00" loaded="1302" inserted="1302" running="169" waiting="0" ended="1133" arrived="1133" collisions="1" teleports="1" halting="3" stopped="0" meanWaitingTime="0.47" meanTravelTime="248.22" meanSpeed="23.72" meanSpeedRelative="0.74" duration="2"/>
    <step time="2400.00" loaded="1497" inserted="1497" running="186" waiting="0" ended="1311" arrived="1311" collisions="1" teleports="1" halting="1" stopped="0" meanWaitingTime="0.48" meanTravelTime="249.44" meanSpeed="25.06" meanSpeedRelative="0.78" duration="1"/>
    <step time="2700.00" loaded="1680" inserted="1680" running="159" waiting="0" ended="1521" arrived="1521" collisions="2" teleports="2" halting="0" stopped="0" meanWaitingTime="0.46" meanTravelTime="254.81" meanSpeed="25.42" meanSpeedRelative="0.79" duration="0"/>
    <step time="3000.00" loaded="1865" inserted="1865" running="161" waiting="0" ended="1704" arrived="1704" collisions="2" teleports="2" halting="0" stopped="0" meanWaitingTime="0.46" meanTravelTime="256.28" meanSpeed="26.10" meanSpeedRelative="0.82" duration="1"/>
    <step time="3300.00" loaded="2033" inserted="2031" running="150" waiting="2" ended="1881" arrived="1881" collisions="2" teleports="2" halting="2" stopped="0" meanWaitingTime="0.54" meanTravelTime="256.77" meanSpeed="24.78" meanSpeedRelative="0.77" duration="1"/>
    <step time="3600.00" loaded="2234" inserted="2220" running="179" waiting="14" ended="2041" arrived="2041" collisions="3" teleports="3" halting="3" stopped="0" meanWaitingTime="1.52" meanTravelTime="258.02" meanSpeed="24.03" meanSpeedRelative="0.75" duration="86"/>
    <step time="3900.00" loaded="2355" inserted="2344" running="114" waiting="11" ended="2230" arrived="2230" collisions="3" teleports="3" halting="7" stopped="0" meanWaitingTime="3.33" meanTravelTime="260.04" meanSpeed="23.83" meanSpeedRelative="0.74" duration="1"/>
    <step time="4200.00" loaded="2464" inserted="2454" running="96" waiting="10" ended="2358" arrived="2358" collisions="3" teleports="3" halting="0" stopped="0" meanWaitingTime="4.69" meanTravelTime="260.39" meanSpeed="24.28" meanSpeedRelative="0.76" duration="1"/>
    <step time="4500.00" loaded="2583" inserted="2565" running="103" waiting="18" ended="2462" arrived="2462" collisions="3" teleports="3" halting="1" stopped="0" meanWaitingTime="5.60" meanTravelTime="262.35" meanSpeed="24.59" meanSpeedRelative="0.77" duration="1"/>
    <step time="4800.00" loaded="2689" inserted="2672" running="97" waiting="17" ended="2575" arrived="2575" collisions="3" teleports="3" halting="4" stopped="0" meanWaitingTime="7.16" meanTravelTime="262.28" meanSpeed="24.24" meanSpeedRelative="0.76" duration="0"/>
    <step time="5100.00" loaded="2794" inserted="2783" running="91" waiting="11" ended="2692" arrived="2692" collisions="4" teleports="4" halting="3" stopped="0" meanWaitingTime="8.90" meanTravelTime="262.11" meanSpeed="24.16" meanSpeedRelative="0.75" duration="1"/>
    <step time="5400.00" loaded="2911" inserted="2904" running="104" waiting="7" ended="2800" arrived="2800" collisions="4" teleports="4" halting="0" stopped="0" meanWaitingTime="9.53" meanTravelTime="261.87" meanSpeed="24.78" meanSpeedRelative="0.77" duration="1"/>
    <step time="5700.00" loaded="3013" inserted="3013" running="100" waiting="0" ended="2913" arrived="2913" collisions="4" teleports="4" halting="1" stopped="0" meanWaitingTime="9.37" meanTravelTime="262.15" meanSpeed="26.18" meanSpeedRelative="0.82" duration="1"/>
    <step time="6000.00" loaded="3119" inserted="3119" running="96" waiting="0" ended="3023" arrived="3023" collisions="4" teleports="4" halting="0" stopped="0" meanWaitingTime="9.06" meanTravelTime="261.96" meanSpeed="26.04" meanSpeedRelative="0.81" duration="1"/>
    <step time="6300.00" loaded="3226" inserted="3226" running="94" waiting="0" ended="3132" arrived="3132" collisions="4" teleports="4" halting="0" stopped="0" meanWaitingTime="8.76" meanTravelTime="261.64" meanSpeed="25.21" meanSpeedRelative="0.79" duration="1"/>
    <step time="6600.00" loaded="3335" inserted="3335" running="86" waiting="0" ended="3249" arrived="3249" collisions="4" teleports="4" halting="2" stopped="0" meanWaitingTime="8.49" meanTravelTime="261.62" meanSpeed="25.70" meanSpeedRelative="0.80" duration="1"/>
    <step time="6900.00" loaded="3440" inserted="3440" running="89" waiting="0" ended="3351" arrived="3351" collisions="4" teleports="4" halting="0" stopped="0" meanWaitingTime="8.24" meanTravelTime="261.33" meanSpeed="26.25" meanSpeedRelative="0.82" duration="1"/>
    <step time="7200.00" loaded="3566" inserted="3566" running="96" waiting="0" ended="3470" arrived="3470" collisions="4" teleports="4" halting="3" stopped="0" meanWaitingTime="8.02" meanTravelTime="260.88" meanSpeed="24.95" meanSpeedRelative="0.78" duration="87"/>
    <step time="7500.00" loaded="3730" inserted="3730" running="121" waiting="0" ended="3609" arrived="3609" collisions="4" teleports="4" halting="1" stopped="0" meanWaitingTime="7.70" meanTravelTime="260.55" meanSpeed="25.04" meanSpeedRelative="0.78" duration="1"/>
    <step time="7800.00" loaded="3896" inserted="3888" running="125" waiting="8" ended="3763" arrived="3763" collisions="5" teleports="5" halting="2" stopped="0" meanWaitingTime="7.50" meanTravelTime="258.34" meanSpeed="24.68" meanSpeedRelative="0.77" duration="1"/>
    <step time="8100.00" loaded="4058" inserted="4045" running="128" waiting="13" ended="3917" arrived="3917" collisions="5" teleports="5" halting="2" stopped="0" meanWaitingTime="7.90" meanTravelTime="258.71" meanSpeed="23.77" meanSpeedRelative="0.74" duration="0"/>
    <step time="8400.00" loaded="4210" inserted="4198" running="136" waiting="12" ended="4062" arrived="4062" collisions="6" teleports="6" halting="3" stopped="0" meanWaitingTime="8.35" meanTravelTime="258.83" meanSpeed="24.43" meanSpeedRelative="0.76" duration="1"/>
    <step time="8700.00" loaded="4369" inserted="4355" running="131" waiting="14" ended="4224" arrived="4224" collisions="6" teleports="6" halting="0" stopped="0" meanWaitingTime="8.89" meanTravelTime="258.15" meanSpeed="25.04" meanSpeedRelative="0.78" duration="1"/>
    <step time="9000.00" loaded="4518" inserted="4505" running="129" waiting="13" ended="4376" arrived="4376" collisions="6" teleports="6" halting="3" stopped="0" meanWaitingTime="9.43" meanTravelTime="257.79" meanSpeed="24.01" meanSpeedRelative="0.75" duration="1"/>
    <step time="9300.00" loaded="4662" inserted="4653" running="121" waiting="9" ended="4532" arrived="4532" collisions="6" teleports="6" halting="1" stopped="0" meanWaitingTime="9.83" meanTravelTime="258.10" meanSpeed="24.96" meanSpeedRelative="0.78" duration="0"/>
    <step time="9600.00" loaded="4822" inserted="4813" running="135" waiting="9" ended="4678" arrived="4678" collisions="6" teleports="6" halting="5" stopped="0" meanWaitingTime="10.13" meanTravelTime="258.54" meanSpeed="24.64" meanSpeedRelative="0.77" duration="0"/>
    <step time="9900.00" loaded="4972" inserted="4959" running="119" waiting="13" ended="4840" arrived="4840" collisions="6" teleports="6" halting="1" stopped="0" meanWaitingTime="10.35" meanTravelTime="259.01" meanSpeed="24.07" meanSpeedRelative="0.75" duration="1"/>
    <step time="10200.00" loaded="5133" inserted="5111" running="115" waiting="22" ended="4996" arrived="4996" collisions="6" teleports="6" halting="1" stopped="0" meanWaitingTime="10.90" meanTravelTime="258.30" meanSpeed="24.53" meanSpeedRelative="0.77" duration="0"/>
    <step time="10500.00" loaded="5273" inserted="5253" running="114" waiting="20" ended="5139" arrived="5139" collisions="6" teleports="6" halting="2" stopped="0" meanWaitingTime="11.71" meanTravelTime="257.87" meanSpeed="23.95" meanSpeedRelative="0.75" duration="0"/>
    <step time="10800.00" loaded="5421" inserted="5388" running="110" waiting="33" ended="5278" arrived="5278" collisions="6" teleports="6" halting="3" stopped="0" meanWaitingTime="12.49" meanTravelTime="257.51" meanSpeed="24.10" meanSpeedRelative="0.75" duration="86"/>
    <step time="11100.00" loaded="5576" inserted="5535" running="132" waiting="41" ended="5403" arrived="5403" collisions="6" teleports="6" halting="1" stopped="0" meanWaitingTime="13.65" meanTravelTime="256.97" meanSpeed="23.54" meanSpeedRelative="0.74" duration="1"/>
    <step time="11400.00" loaded="5729" inserted="5683" running="124" waiting="46" ended="5559" arrived="5559" collisions="7" teleports="7" halting="4" stopped="0" meanWaitingTime="15.35" meanTravelTime="257.08" meanSpeed="24.22" meanSpeedRelative="0.76" duration="1"/>
    <step time="11700.00" loaded="5883" inserted="5838" running="115" waiting="45" ended="5723" arrived="5723" collisions="7" teleports="7" halting="2" stopped="0" meanWaitingTime="17.03" meanTravelTime="256.55" meanSpeed="23.96" meanSpeedRelative="0.75" duration="1"/>
    <step time="12000.00" loaded="6040" inserted="5997" running="119" waiting="43" ended="5878" arrived="5878" collisions="7" teleports="7" halting="1" stopped="0" meanWaitingTime="18.89" meanTravelTime="255.62" meanSpeed="25.30" meanSpeedRelative="0.79" duration="0"/>
    <step time="12300.00" loaded="6184" inserted="6138" running="108" waiting="46" ended="6030" arrived="6030" collisions="7" teleports="7" halting="1" stopped="0" meanWaitingTime="20.73" meanTravelTime="254.86" meanSpeed="24.40" meanSpeedRelative="0.76" duration="1"/>
    <step time="12600.00" loaded="6340" inserted="6290" running="124" waiting="50" ended="6166" arrived="6166" collisions="7" teleports="7" halting="4" stopped="0" meanWaitingTime="22.15" meanTravelTime="254.58" meanSpeed="23.43" meanSpeedRelative="0.73" duration="0"/>
    <step time="12900.00" loaded="6495" inserted="6452" running="118" waiting="43" ended="6334" arrived="6334" collisions="7" teleports="7" halting="3" stopped="0" meanWaitingTime="24.12" meanTravelTime="253.53" meanSpeed="23.90" meanSpeedRelative="0.75" duration="1"/>
    <step time="13200.00" loaded="6661" inserted="6609" running="134" waiting="52" ended="6475" arrived="6475" collisions="7" teleports="7" halting="1" stopped="0" meanWaitingTime="25.75" meanTravelTime="252.85" meanSpeed="24.89" meanSpeedRelative="0.78" duration="1"/>
    <step time="13500.00" loaded="6816" inserted="6766" running="124" waiting="50" ended="6642" arrived="6642" collisions="7" teleports="7" halting="3" stopped="0" meanWaitingTime="26.87" meanTravelTime="252.35" meanSpeed="25.00" meanSpeedRelative="0.78" duration="1"/>
    <step time="13800.00" loaded="6956" inserted="6905" running="103" waiting="51" ended="6802" arrived="6802" collisions="7" teleports="7" halting="2" stopped="0" meanWaitingTime="28.46" meanTravelTime="251.95" meanSpeed="25.14" meanSpeedRelative="0.79" duration="0"/>
    <step time="14100.00" loaded="7092" inserted="7035" running="94" waiting="57" ended="6941" arrived="6941" collisions="7" teleports="7" halting="3" stopped="0" meanWaitingTime="29.95" meanTravelTime="251.81" meanSpeed="24.64" meanSpeedRelative="0.77" duration="1"/>
    <step time="14400.00" loaded="7246" inserted="7181" running="109" waiting="65" ended="7072" arrived="7072" collisions="7" teleports="7" halting="0" stopped="0" meanWaitingTime="31.62" meanTravelTime="251.50" meanSpeed="24.28" meanSpeedRelative="0.76" duration="86"/>
    <step time="14700.00" loaded="7350" inserted="7281" running="82" waiting="69" ended="7199" arrived="7199" collisions="7" teleports="7" halting="0" stopped="0" meanWaitingTime="33.21" meanTravelTime="251.27" meanSpeed="25.70" meanSpeedRelative="0.80" duration="1"/>
    <step time="15000.00" loaded="7446" inserted="7375" running="73" waiting="71" ended="7302" arrived="7302" collisions="7" teleports="7" halting="2" stopped="0" meanWaitingTime="35.10" meanTravelTime="250.99" meanSpeed="24.21" meanSpeedRelative="0.76" duration="0"/>
    <step time="15300.00" loaded="7544" inserted="7477" running="76" waiting="67" ended="7401" arrived="7401" collisions="7" teleports="7" halting="5" stopped="0" meanWaitingTime="37.17" meanTravelTime="251.11" meanSpeed="23.28" meanSpeedRelative="0.73" duration="0"/>
    <step time="15600.00" loaded="7624" inserted="7559" running="66" waiting="65" ended="7493" arrived="7493" collisions="7" teleports="7" halting="6" stopped="0" meanWaitingTime="39.49" meanTravelTime="250.87" meanSpeed="23.16" meanSpeedRelative="0.72" duration="1"/>
    <step time="15900.00" loaded="7722" inserted="7665" running="71" waiting="57" ended="7594" arrived="7594" collisions="7" teleports="7" halting="0" stopped="0" meanWaitingTime="41.88" meanTravelTime="250.25" meanSpeed="24.58" meanSpeedRelative="0.77" duration="0"/>
    <step time="16200.00" loaded="7814" inserted="7759" running="69" waiting="55" ended="7690" arrived="7690" collisions="7" teleports="7" halting="3" stopped="0" meanWaitingTime="43.93" meanTravelTime="250.04" meanSpeed="23.56" meanSpeedRelative="0.74" duration="0"/>
    <step time="16500.00" loaded="7903" inserted="7860" running="78" waiting="43" ended="7782" arrived="7782" collisions="7" teleports="7" halting="4" stopped="0" meanWaitingTime="45.97" meanTravelTime="249.48" meanSpeed="23.41" meanSpeedRelative="0.73" duration="1"/>
    <step time="16800.00" loaded="8002" inserted="7964" running="78" waiting="38" ended="7886" arrived="7886" collisions="7" teleports="7" halting="5" stopped="0" meanWaitingTime="47.61" meanTravelTime="249.04" meanSpeed="23.52" meanSpeedRelative="0.73" duration="1"/>
    <step time="17100.00" loaded="8089" inserted="8058" running="81" waiting="31" ended="7977" arrived="7977" collisions="7" teleports="7" halting="0" stopped="0" meanWaitingTime="48.62" meanTravelTime="249.00" meanSpeed="23.94" meanSpeedRelative="0.75" duration="1"/>
    <step time="17400.00" loaded="8198" inserted="8172" running="90" waiting="26" ended="8082" arrived="8082" collisions="7" teleports="7" halting="1" stopped="0" meanWaitingTime="49.58" meanTravelTime="248.39" meanSpeed="24.50" meanSpeedRelative="0.77" duration="0"/>
    <step time="17700.00" loaded="8291" inserted="8268" running="79" waiting="23" ended="8189" arrived="8189" collisions="7" teleports="7" halting="2" stopped="0" meanWaitingTime="50.10" meanTravelTime="248.75" meanSpeed="23.75" meanSpeedRelative="0.74" duration="0"/>
    <step time="18000.00" loaded="8380" inserted="8361" running="61" waiting="19" ended="8300" arrived="8300" collisions="7" teleports="7" halting="3" stopped="0" meanWaitingTime="50.39" meanTravelTime="248.37" meanSpeed="23.74" meanSpeedRelative="0.74" duration="80"/>
    <step time="18300.00" loaded="8577" inserted="8547" running="120" waiting="30" ended="8427" arrived="8427" collisions="7" teleports="7" halting="5" stopped="0" meanWaitingTime="50.06" meanTravelTime="247.46" meanSpeed="23.65" meanSpeedRelative="0.74" duration="1"/>
    <step time="18600.00" loaded="8783" inserted="8731" running="136" waiting="52" ended="8595" arrived="8595" collisions="7" teleports="7" halting="2" stopped="0" meanWaitingTime="49.80" meanTravelTime="246.30" meanSpeed="24.31" meanSpeedRelative="0.76" duration="1"/>
    <step time="18900.00" loaded="8949" inserted="8897" running="141" waiting="52" ended="8756" arrived="8756" collisions="8" teleports="8" halting="1" stopped="0" meanWaitingTime="50.23" meanTravelTime="246.44" meanSpeed="24.72" meanSpeedRelative="0.77" duration="1"/>
    <step time="19200.00" loaded="9141" inserted="9096" running="159" waiting="45" ended="8937" arrived="8937" collisions="8" teleports="8" halting="1" stopped="0" meanWaitingTime="50.65" meanTravelTime="246.29" meanSpeed="24.07" meanSpeedRelative="0.75" duration="1"/>
    <step time="19500.00" loaded="9326" inserted="9262" running="140" waiting="64" ended="9122" arrived="9122" collisions="8" teleports="8" halting="3" stopped="0" meanWaitingTime="51.23" meanTravelTime="246.40" meanSpeed="24.53" meanSpeedRelative="0.77" duration="1"/>
    <step time="19800.00" loaded="9536" inserted="9450" running="167" waiting="86" ended="9283" arrived="9283" collisions="9" teleports="9" halting="0" stopped="0" meanWaitingTime="51.65" meanTravelTime="246.50" meanSpeed="24.44" meanSpeedRelative="0.76" duration="1"/>
    <step time="20100.00" loaded="9721" inserted="9627" running="160" waiting="94" ended="9467" arrived="9467" collisions="9" teleports="9" halting="2" stopped="0" meanWaitingTime="52.64" meanTravelTime="246.47" meanSpeed="24.39" meanSpeedRelative="0.76" duration="1"/>
    <step time="20400.00" loaded="9910" inserted="9808" running="148" waiting="102" ended="9660" arrived="9660" collisions="10" teleports="10" halting="3" stopped="0" meanWaitingTime="53.52" meanTravelTime="246.40" meanSpeed="23.67" meanSpeedRelative="0.74" duration="1"/>
    <step time="20700.00" loaded="10111" inserted="9991" running="151" waiting="120" ended="9840" arrived="9840" collisions="10" teleports="10" halting="2" stopped="0" meanWaitingTime="55.09" meanTravelTime="246.60" meanSpeed="24.45" meanSpeedRelative="0.76" duration="1"/>
    <step time="21000.00" loaded="10301" inserted="10176" running="138" waiting="125" ended="10038" arrived="10038" collisions="11" teleports="11" halting="4" stopped="0" meanWaitingTime="57.16" meanTravelTime="246.54" meanSpeed="24.03" meanSpeedRelative="0.75" duration="1"/>
    <step time="21300.00" loaded="10484" inserted="10348" running="143" waiting="136" ended="10205" arrived="10205" collisions="11" teleports="11" halting="2" stopped="0" meanWaitingTime="59.00" meanTravelTime="246.19" meanSpeed="23.59" meanSpeedRelative="0.74" duration="1"/>
    <step time="21600.00" loaded="10692" inserted="10548" running="157" waiting="144" ended="10391" arrived="10391" collisions="11" teleports="11" halting="2" stopped="0" meanWaitingTime="60.55" meanTravelTime="246.24" meanSpeed="24.41" meanSpeedRelative="0.76" duration="79"/>
    <step time="21900.00" loaded="11141" inserted="10932" running="317" waiting="209" ended="10615" arrived="10615" collisions="12" teleports="12" halting="3" stopped="0" meanWaitingTime="63.27" meanTravelTime="245.45" meanSpeed="23.31" meanSpeedRelative="0.73" duration="2"/>
    <step time="22200.00" loaded="11608" inserted="11370" running="423" waiting="238" ended="10947" arrived="10947" collisions="13" teleports="13" halting="5" stopped="0" meanWaitingTime="67.63" meanTravelTime="245.95" meanSpeed="20.54" meanSpeedRelative="0.64" duration="3"/>
    <step time="22500.00" loaded="12065" inserted="11763" running="403" waiting="302" ended="11360" arrived="11360" collisions="14" teleports="14" halting="10" stopped="0" meanWaitingTime="71.42" meanTravelTime="247.83" meanSpeed="20.67" meanSpeedRelative="0.65" duration="2"/>
    <step time="22800.00" loaded="12503" inserted="12184" running="477" waiting="319" ended="11707" arrived="11707" collisions="14" teleports="14" halting="7" stopped="0" meanWaitingTime="75.72" meanTravelTime="249.64" meanSpeed="19.91" meanSpeedRelative="0.62" duration="3"/>
    <step time="23100.00" loaded="13003" inserted="12612" running="494" waiting="391" ended="12118" arrived="12118" collisions="16" teleports="16" halting="6" stopped="0" meanWaitingTime="80.44" meanTravelTime="252.03" meanSpeed="18.98" meanSpeedRelative="0.59" duration="3"/>
    <step time="23400.00" loaded="13460" inserted="13020" running="463" waiting="440" ended="12557" arrived="12557" collisions="16" teleports="16" halting="9" stopped="0" meanWaitingTime="85.90" meanTravelTime="255.63" meanSpeed="19.92" meanSpeedRelative="0.62" duration="2"/>
    <step time="23700.00" loaded="13912" inserted="13422" running="468" waiting="490" ended="12954" arrived="12954" collisions="16" teleports="16" halting="5" stopped="0" meanWaitingTime="91.75" meanTravelTime="258.31" meanSpeed="19.75" meanSpeedRelative="0.62" duration="2"/>
    <step time="24000.00" loaded="14387" inserted="13841" running="472" waiting="546" ended="13369" arrived="13369" collisions="20" teleports="20" halting="5" stopped="0" meanWaitingTime="98.03" meanTravelTime="261.36" meanSpeed="19.79" meanSpeedRelative="0.62" duration="2"/>
    <step time="24300.00" loaded="14850" inserted="14238" running="451" waiting="612" ended="13787" arrived="13787" collisions="22" teleports="22" halting="5" stopped="0" meanWaitingTime="104.95" meanTravelTime="263.51" meanSpeed="19.67" meanSpeedRelative="0.61" duration="2"/>
    <step time="24600.00" loaded="15332" inserted="14664" running="467" waiting="668" ended="14197" arrived="14197" collisions="22" teleports="22" halting="7" stopped="0" meanWaitingTime="112.33" meanTravelTime="265.82" meanSpeed="19.90" meanSpeedRelative="0.62" duration="3"/>
    <step time="24900.00" loaded="15799" inserted="15095" running="482" waiting="704" ended="14613" arrived="14613" collisions="22" teleports="22" halting="13" stopped="0" meanWaitingTime="120.46" meanTravelTime="267.86" meanSpeed="19.31" meanSpeedRelative="0.60" duration="3"/>
    <step time="25200.00" loaded="16289" inserted="15521" running="501" waiting="768" ended="15020" arrived="15020" collisions="23" teleports="23" halting="14" stopped="0" meanWaitingTime="128.65" meanTravelTime="270.00" meanSpeed="19.11" meanSpeedRelative="0.60" duration="85"/>
    <step time="25500.00" loaded="16841" inserted="15987" running="517" waiting="854" ended="15470" arrived="15470" collisions="24" teleports="24" halting="8" stopped="0" meanWaitingTime="136.81" meanTravelTime="272.31" meanSpeed="19.22" meanSpeedRelative="0.60" duration="3"/>
    <step time="25800.00" loaded="17408" inserted="16449" running="551" waiting="959" ended="15898" arrived="15898" collisions="25" teleports="25" halting="11" stopped="0" meanWaitingTime="145.25" meanTravelTime="273.70" meanSpeed="18.50" meanSpeedRelative="0.58" duration="3"/>
    <step time="26100.00" loaded="17934" inserted="16893" running="559" waiting="1041" ended="16334" arrived="16334" collisions="26" teleports="26" halting="8" stopped="0" meanWaitingTime="153.60" meanTravelTime="275.92" meanSpeed="17.84" meanSpeedRelative="0.56" duration="4"/>
    <step time="26400.00" loaded="18526" inserted="17347" running="551" waiting="1179" ended="16796" arrived="16796" collisions="29" teleports="29" halting="13" stopped="0" meanWaitingTime="163.18" meanTravelTime="278.50" meanSpeed="18.01" meanSpeedRelative="0.56" duration="4"/>
    <step time="26700.00" loaded="19077" inserted="17810" running="565" waiting="1267" ended="17245" arrived="17245" collisions="30" teleports="30" halting="8" stopped="0" meanWaitingTime="174.09" meanTravelTime="280.69" meanSpeed="16.77" meanSpeedRelative="0.52" duration="3"/>
    <step time="27000.00" loaded="19635" inserted="18277" running="608" waiting="1358" ended="17669" arrived="17669" collisions="31" teleports="31" halting="9" stopped="0" meanWaitingTime="185.52" meanTravelTime="282.76" meanSpeed="16.99" meanSpeedRelative="0.53" duration="3"/>
    <step time="27300.00" loaded="20207" inserted="18739" running="615" waiting="1468" ended="18124" arrived="18124" collisions="32" teleports="32" halting="16" stopped="0" meanWaitingTime="198.26" meanTravelTime="285.73" meanSpeed="15.89" meanSpeedRelative="0.50" duration="4"/>
    <step time="27600.00" loaded="20786" inserted="19203" running="618" waiting="1583" ended="18585" arrived="18585" collisions="34" teleports="34" halting="12" stopped="0" meanWaitingTime="210.64" meanTravelTime="288.28" meanSpeed="16.07" meanSpeedRelative="0.50" duration="4"/>
    <step time="27900.00" loaded="21329" inserted="19632" running="603" waiting="1697" ended="19029" arrived="19029" collisions="35" teleports="35" halting="2" stopped="0" meanWaitingTime="224.34" meanTravelTime="291.21" meanSpeed="16.48" meanSpeedRelative="0.52" duration="3"/>
    <step time="28200.00" loaded="21869" inserted="20087" running="597" waiting="1782" ended="19490" arrived="19490" collisions="37" teleports="37" halting="8" stopped="0" meanWaitingTime="238.53" meanTravelTime="294.01" meanSpeed="16.32" meanSpeedRelative="0.51" duration="5"/>
    <step time="28500.00" loaded="22431" inserted="20544" running="598" waiting="1887" ended="19946" arrived="19946" collisions="39" teleports="39" halting="17" stopped="0" meanWaitingTime="252.85" meanTravelTime="296.59" meanSpeed="16.17" meanSpeedRelative="0.51" duration="5"/>
    <step time="28800.00" loaded="22987" inserted="21028" running="619" waiting="1959" ended="20409" arrived="20409" collisions="40" teleports="40" halting="9" stopped="0" meanWaitingTime="268.00" meanTravelTime="298.20" meanSpeed="16.10" meanSpeedRelative="0.50" duration="91"/>
    <step time="29100.00" loaded="23336" inserted="21454" running="586" waiting="1882" ended="20868" arrived="20868" collisions="40" teleports="40" halting="8" stopped="0" meanWaitingTime="282.75" meanTravelTime="300.56" meanSpeed="17.15" meanSpeedRelative="0.54" duration="5"/>
    <step time="29400.00" loaded="23713" inserted="21874" running="568" waiting="1839" ended="21306" arrived="21306" collisions="42" teleports="42" halting="20" stopped="0" meanWaitingTime="298.25" meanTravelTime="302.95" meanSpeed="17.02" meanSpeedRelative="0.53" duration="4"/>
    <step time="29700.00" loaded="24064" inserted="22307" running="557" waiting="1757" ended="21750" arrived="21750" collisions="43" teleports="43" halting="7" stopped="0" meanWaitingTime="314.10" meanTravelTime="304.96" meanSpeed="16.73" meanSpeedRelative="0.52" duration="4"/>
    <step time="30000.00" loaded="24442" inserted="22728" running="526" waiting="1714" ended="22202" arrived="22202" collisions="43" teleports="43" halting="3" stopped="0" meanWaitingTime="329.88" meanTravelTime="306.54" meanSpeed="17.69" meanSpeedRelative="0.55" duration="3"/>
    <step time="30300.00" loaded="24795" inserted="23154" running="535" waiting="1641" ended="22619" arrived="22619" collisions="45" teleports="45" halting="12" stopped="0" meanWaitingTime="345.97" meanTravelTime="308.11" meanSpeed="17.26" meanSpeedRelative="0.54" duration="4"/>
    <step time="30600.00" loaded="25157" inserted="23589" running="518" waiting="1568" ended="23071" arrived="23071" collisions="46" teleports="46" halting="7" stopped="0" meanWaitingTime="361.09" meanTravelTime="309.25" meanSpeed="17.90" meanSpeedRelative="0.56" duration="4"/>
    <step time="30900.00" loaded="25518" inserted="24018" running="553" waiting="1500" ended="23465" arrived="23465" collisions="48" teleports="48" halting="5" stopped="0" meanWaitingTime="375.26" meanTravelTime="310.30" meanSpeed="18.26" meanSpeedRelative="0.57" duration="4"/>
    <step time="31200.00" loaded="25885" inserted="24422" running="503" waiting="1463" ended="23919" arrived="23919" collisions="48" teleports="48" halting="5" stopped="0" meanWaitingTime="388.38" meanTravelTime="311.36" meanSpeed="17.65" meanSpeedRelative="0.55" duration="3"/>
    <step time="31500.00" loaded="26224" inserted="24816" running="435" waiting="1408" ended="24381" arrived="24381" collisions="51" teleports="51" halting="6" stopped="0" meanWaitingTime="401.97" meanTravelTime="312.34" meanSpeed="19.60" meanSpeedRelative="0.61" duration="2"/>
    <step time="31800.00" loaded="26591" inserted="25229" running="438" waiting="1362" ended="24791" arrived="24791" collisions="53" teleports="53" halting="8" stopped="0" meanWaitingTime="414.62" meanTravelTime="312.97" meanSpeed="19.40" meanSpeedRelative="0.61" duration="3"/>
    <step time="32100.00" loaded="26931" inserted="25617" running="412" waiting="1314" ended="25205" arrived="25205" collisions="56" teleports="56" halting="7" stopped="0" meanWaitingTime="426.15" meanTravelTime="313.09" meanSpeed="19.48" meanSpeedRelative="0.61" duration="2"/>
    <step time="32400.00" loaded="27309" inserted="26009" running="405" waiting="1300" ended="25604" arrived="25604" collisions="56" teleports="56" halting="5" stopped="0" meanWaitingTime="436.09" meanTravelTime="313.25" meanSpeed="20.15" meanSpeedRelative="0.63" duration="88"/>
    <step time="32700.00" loaded="27558" inserted="26363" running="379" waiting="1195" ended="25984" arrived="25984" collisions="57" teleports="57" halting="7" stopped="0" meanWaitingTime="445.77" meanTravelTime="313.51" meanSpeed="19.81" meanSpeedRelative="0.62" duration="3"/>
    <step time="33000.00" loaded="27814" inserted="26733" running="361" waiting="1081" ended="26372" arrived="26372" collisions="59" teleports="59" halting="8" stopped="0" meanWaitingTime="455.21" meanTravelTime="313.49" meanSpeed="20.13" meanSpeedRelative="0.63" duration="3"/>
    <step time="33300.00" loaded="28068" inserted="27071" running="347" waiting="997" ended="26724" arrived="26724" collisions="59" teleports="59" halting="6" stopped="0" meanWaitingTime="463.09" meanTravelTime="313.36" meanSpeed="21.00" meanSpeedRelative="0.66" duration="2"/>
    <step time="33600.00" loaded="28342" inserted="27388" running="317" waiting="954" ended="27071" arrived="27071" collisions="59" teleports="59" halting="6" stopped="0" meanWaitingTime="470.45" meanTravelTime="313.17" meanSpeed="20.35" meanSpeedRelative="0.64" duration="2"/>
    <step time="33900.00" loaded="28606" inserted="27733" running="319" waiting="873" ended="27414" arrived="27414" collisions="59" teleports="59" halting="5" stopped="0" meanWaitingTime="476.98" meanTravelTime="312.80" meanSpeed="21.08" meanSpeedRelative="0.66" duration="2"/>
    <step time="34200.00" loaded="28874" inserted="28056" running="315" waiting="818" ended="27741" arrived="27741" collisions="59" teleports="59" halting="7" stopped="0" meanWaitingTime="482.73" meanTravelTime="312.58" meanSpeed="20.95" meanSpeedRelative="0.65" duration="2"/>
    <step time="34500.00" loaded="29126" inserted="28371" running="293" waiting="755" ended="28078" arrived="28078" collisions="60" teleports="60" halting="1" stopped="0" meanWaitingTime="488.35" meanTravelTime="312.32" meanSpeed="20.83" meanSpeedRelative="0.65" duration="2"/>
    <step time="34800.00" loaded="29387" inserted="28717" running="314" waiting="670" ended="28403" arrived="28403" collisions="60" teleports="60" halting="6" stopped="0" meanWaitingTime="492.63" meanTravelTime="311.82" meanSpeed="21.10" meanSpeedRelative="0.66" duration="2"/>
    <step time="35100.00" loaded="29673" inserted="29086" running="341" waiting="587" ended="28745" arrived="28745" collisions="60" teleports="60" halting="6" stopped="0" meanWaitingTime="495.20" meanTravelTime="311.23" meanSpeed="20.65" meanSpeedRelative="0.65" duration="2"/>
    <step time="35400.00" loaded="29962" inserted="29381" running="324" waiting="581" ended="29057" arrived="29057" collisions="60" teleports="60" halting="9" stopped="0" meanWaitingTime="497.04" meanTravelTime="311.34" meanSpeed="21.96" meanSpeedRelative="0.69" duration="2"/>
    <step time="35700.00" loaded="30234" inserted="29675" running="310" waiting="559" ended="29365" arrived="29365" collisions="61" teleports="61" halting="11" stopped="0" meanWaitingTime="499.16" meanTravelTime="311.16" meanSpeed="21.56" meanSpeedRelative="0.67" duration="2"/>
    <step time="36000.00" loaded="30512" inserted="29960" running="272" waiting="552" ended="29688" arrived="29688" collisions="61" teleports="61" halting="9" stopped="0" meanWaitingTime="501.14" meanTravelTime="311.24" meanSpeed="21.77" meanSpeedRelative="0.68" duration="84"/>
    <step time="36300.00" loaded="31000" inserted="30401" running="398" waiting="599" ended="30003" arrived="30003" collisions="61" teleports="61" halting="7" stopped="0" meanWaitingTime="501.56" meanTravelTime="310.92" meanSpeed="20.89" meanSpeedRelative="0.65" duration="2"/>
    <step time="36600.00" loaded="31483" inserted="30854" running="460" waiting="629" ended="30394" arrived="30394" collisions="62" teleports="62" halting="6" stopped="0" meanWaitingTime="501.88" meanTravelTime="310.40" meanSpeed="19.22" meanSpeedRelative="0.60" duration="2"/>
    <step time="36900.00" loaded="31962" inserted="31304" running="465" waiting="658" ended="30839" arrived="30839" collisions="64" teleports="64" halting="7" stopped="0" meanWaitingTime="501.67" meanTravelTime="310.20" meanSpeed="19.62" meanSpeedRelative="0.61" duration="3"/>
    <step time="37200.00" loaded="32439" inserted="31765" running="480" waiting="674" ended="31285" arrived="31285" collisions="65" teleports="65" halting="6" stopped="0" meanWaitingTime="502.06" meanTravelTime="310.11" meanSpeed="20.24" meanSpeedRelative="0.63" duration="3"/>
    <step time="37500.00" loaded="32921" inserted="32203" running="474" waiting="718" ended="31729" arrived="31729" collisions="68" teleports="68" halting="4" stopped="0" meanWaitingTime="501.71" meanTravelTime="310.26" meanSpeed="19.18" meanSpeedRelative="0.60" duration="2"/>
    <step time="37800.00" loaded="33383" inserted="32634" running="473" waiting="749" ended="32161" arrived="32161" collisions="69" teleports="69" halting="8" stopped="0" meanWaitingTime="501.47" meanTravelTime="310.34" meanSpeed="19.63" meanSpeedRelative="0.61" duration="2"/>
    <step time="38100.00" loaded="33808" inserted="33055" running="477" waiting="753" ended="32578" arrived="32578" collisions="70" teleports="70" halting="7" stopped="0" meanWaitingTime="502.07" meanTravelTime="310.65" meanSpeed="20.36" meanSpeedRelative="0.64" duration="3"/>
    <step time="38400.00" loaded="34267" inserted="33503" running="467" waiting="764" ended="33036" arrived="33036" collisions="73" teleports="73" halting="8" stopped="0" meanWaitingTime="501.89" meanTravelTime="311.01" meanSpeed="20.36" meanSpeedRelative="0.64" duration="3"/>
    <step time="38700.00" loaded="34728" inserted="33950" running="474" waiting="778" ended="33476" arrived="33476" collisions="74" teleports="74" halting="13" stopped="0" meanWaitingTime="501.87" meanTravelTime="311.05" meanSpeed="19.67" meanSpeedRelative="0.61" duration="3"/>
    <step time="39000.00" loaded="35224" inserted="34398" running="472" waiting="826" ended="33926" arrived="33926" collisions="77" teleports="77" halting="11" stopped="0" meanWaitingTime="501.28" meanTravelTime="311.38" meanSpeed="19.68" meanSpeedRelative="0.62" duration="3"/>
    <step time="39300.00" loaded="35676" inserted="34842" running="490" waiting="834" ended="34352" arrived="34352" collisions="78" teleports="78" halting="10" stopped="0" meanWaitingTime="500.97" meanTravelTime="311.40" meanSpeed="19.29" meanSpeedRelative="0.60" duration="4"/>
    <step time="39600.00" loaded="36140" inserted="35272" running="484" waiting="868" ended="34788" arrived="34788" collisions="78" teleports="78" halting="9" stopped="0" meanWaitingTime="500.89" meanTravelTime="311.59" meanSpeed="18.86" meanSpeedRelative="0.59" duration="89"/>
    <step time="39900.00" loaded="36671" inserted="35744" running="530" waiting="927" ended="35214" arrived="35214" collisions="78" teleports="78" halting="10" stopped="0" meanWaitingTime="500.41" meanTravelTime="311.86" meanSpeed="18.85" meanSpeedRelative="0.59" duration="3"/>
    <step time="40200.00" loaded="37180" inserted="36210" running="562" waiting="970" ended="35648" arrived="35648" collisions="79" teleports="79" halting="13" stopped="0" meanWaitingTime="500.52" meanTravelTime="312.40" meanSpeed="17.98" meanSpeedRelative="0.56" duration="3"/>
    <step time="40500.00" loaded="37698" inserted="36672" running="577" waiting="1026" ended="36095" arrived="36095" collisions="80" teleports="80" halting="7" stopped="0" meanWaitingTime="500.06" meanTravelTime="312.90" meanSpeed="17.85" meanSpeedRelative="0.56" duration="4"/>
    <step time="40800.00" loaded="38230" inserted="37148" running="599" waiting="1082" ended="36549" arrived="36549" collisions="81" teleports="81" halting="7" stopped="0" meanWaitingTime="500.01" meanTravelTime="313.69" meanSpeed="17.77" meanSpeedRelative="0.56" duration="3"/>
    <step time="41100.00" loaded="38739" inserted="37619" running="586" waiting="1120" ended="37033" arrived="37033" collisions="82" teleports="82" halting="9" stopped="0" meanWaitingTime="500.72" meanTravelTime="314.38" meanSpeed="18.21" meanSpeedRelative="0.57" duration="4"/>
    <step time="41400.00" loaded="39257" inserted="38080" running="571" waiting="1177" ended="37509" arrived="37509" collisions="83" teleports="83" halting="11" stopped="0" meanWaitingTime="501.33" meanTravelTime="314.99" meanSpeed="18.76" meanSpeedRelative="0.59" duration="3"/>
    <step time="41700.00" loaded="39785" inserted="38542" running="574" waiting="1243" ended="37968" arrived="37968" collisions="86" teleports="86" halting="14" stopped="0" meanWaitingTime="502.49" meanTravelTime="315.69" meanSpeed="18.70" meanSpeedRelative="0.58" duration="4"/>
    <step time="42000.00" loaded="40296" inserted="39008" running="582" waiting="1288" ended="38426" arrived="38426" collisions="87" teleports="87" halting="10" stopped="0" meanWaitingTime="503.76" meanTravelTime="316.47" meanSpeed="19.20" meanSpeedRelative="0.60" duration="3"/>
    <step time="42300.00" loaded="40835" inserted="39486" running="589" waiting="1349" ended="38897" arrived="38897" collisions="88" teleports="88" halting="5" stopped="0" meanWaitingTime="505.39" meanTravelTime="317.13" meanSpeed="18.85" meanSpeedRelative="0.59" duration="4"/>
    <step time="42600.00" loaded="41360" inserted="39964" running="541" waiting="1396" ended="39423" arrived="39423" collisions="88" teleports="88" halting="7" stopped="0" meanWaitingTime="507.60" meanTravelTime="317.69" meanSpeed="19.39" meanSpeedRelative="0.61" duration="3"/>
    <step time="42900.00" loaded="41898" inserted="40463" running="564" waiting="1435" ended="39899" arrived="39899" collisions="89" teleports="89" halting="5" stopped="0" meanWaitingTime="510.41" meanTravelTime="317.95" meanSpeed="18.47" meanSpeedRelative="0.58" duration="4"/>
    <step time="43200.00" loaded="42491" inserted="40942" running="590" waiting="1549" ended="40352" arrived="40352" collisions="90" teleports="90" halting="7" stopped="0" meanWaitingTime="512.33" meanTravelTime="318.54" meanSpeed="18.10" meanSpeedRelative="0.57" duration="93"/>
    <step time="43500.00" loaded="43028" inserted="41425" running="608" waiting="1603" ended="40817" arrived="40817" collisions="91" teleports="91" halting="8" stopped="0" meanWaitingTime="514.96" meanTravelTime="318.97" meanSpeed="17.66" meanSpeedRelative="0.55" duration="4"/>
    <step time="43800.00" loaded="43583" inserted="41912" running="624" waiting="1671" ended="41288" arrived="41288" collisions="92" teleports="92" halting="13" stopped="0" meanWaitingTime="517.74" meanTravelTime="319.76" meanSpeed="17.28" meanSpeedRelative="0.54" duration="4"/>
    <step time="44100.00" loaded="44092" inserted="42372" running="630" waiting="1720" ended="41742" arrived="41742" collisions="94" teleports="94" halting="11" stopped="0" meanWaitingTime="521.57" meanTravelTime="320.46" meanSpeed="16.12" meanSpeedRelative="0.50" duration="4"/>
    <step time="44400.00" loaded="44606" inserted="42855" running="649" waiting="1751" ended="42206" arrived="42206" collisions="96" teleports="96" halting="1" stopped="0" meanWaitingTime="524.57" meanTravelTime="321.32" meanSpeed="16.86" meanSpeedRelative="0.53" duration="4"/>
    <step time="44700.00" loaded="45176" inserted="43383" running="696" waiting="1793" ended="42687" arrived="42687" collisions="97" teleports="97" halting="7" stopped="0" meanWaitingTime="528.54" meanTravelTime="322.24" meanSpeed="16.35" meanSpeedRelative="0.51" duration="5"/>
    <step time="45000.00" loaded="45766" inserted="43856" running="699" waiting="1910" ended="43157" arrived="43157" collisions="100" teleports="100" halting="10" stopped="0" meanWaitingTime="532.37" meanTravelTime="323.32" meanSpeed="15.32" meanSpeedRelative="0.48" duration="5"/>
    <step time="45300.00" loaded="46298" inserted="44316" running="694" waiting="1982" ended="43622" arrived="43622" collisions="101" teleports="101" halting="12" stopped="0" meanWaitingTime="536.30" meanTravelTime="324.60" meanSpeed="15.51" meanSpeedRelative="0.48" duration="4"/>
    <step time="45600.00" loaded="46849" inserted="44808" running="712" waiting="2041" ended="44096" arrived="44096" collisions="106" teleports="106" halting="19" stopped="0" meanWaitingTime="540.09" meanTravelTime="325.84" meanSpeed="14.85" meanSpeedRelative="0.46" duration="5"/>
    <step time="45900.00" loaded="47390" inserted="45311" running="736" waiting="2079" ended="44575" arrived="44575" collisions="108" teleports="108" halting="3" stopped="0" meanWaitingTime="544.33" meanTravelTime="327.05" meanSpeed="15.39" meanSpeedRelative="0.48" duration="5"/>
    <step time="46200.00" loaded="47917" inserted="45794" running="721" waiting="2123" ended="45073" arrived="45073" collisions="110" teleports="110" halting="7" stopped="0" meanWaitingTime="548.84" meanTravelTime="328.24" meanSpeed="15.11" meanSpeedRelative="0.47" duration="5"/>
    <step time="46500.00" loaded="48475" inserted="46299" running="764" waiting="2176" ended="45535" arrived="45535" collisions="112" teleports="112" halting="8" stopped="0" meanWaitingTime="553.47" meanTravelTime="329.21" meanSpeed="15.14" meanSpeedRelative="0.47" duration="5"/>
    <step time="46800.00" loaded="49002" inserted="46782" running="788" waiting="2220" ended="45994" arrived="45994" collisions="113" teleports="113" halting="15" stopped="0" meanWaitingTime="558.02" meanTravelTime="330.71" meanSpeed="14.27" meanSpeedRelative="0.45" duration="93"/>
    <step time="47100.00" loaded="49541" inserted="47237" running="758" waiting="2304" ended="46479" arrived="46479" collisions="113" teleports="113" halting="13" stopped="0" meanWaitingTime="562.38" meanTravelTime="332.19" meanSpeed="14.43" meanSpeedRelative="0.45" duration="3"/>
    <step time="47400.00" loaded="50038" inserted="47702" running="772" waiting="2336" ended="46930" arrived="46930" collisions="114" teleports="114" halting="17" stopped="0" meanWaitingTime="567.62" meanTravelTime="333.84" meanSpeed="14.43" meanSpeedRelative="0.45" duration="5"/>
    <step time="47700.00" loaded="50570" inserted="48159" running="749" waiting="2411" ended="47410" arrived="47410" collisions="116" teleports="116" halting="10" stopped="0" meanWaitingTime="573.66" meanTravelTime="335.31" meanSpeed="14.51" meanSpeedRelative="0.45" duration="5"/>
    <step time="48000.00" loaded="51078" inserted="48618" running="723" waiting="2460" ended="47895" arrived="47895" collisions="121" teleports="121" halting="9" stopped="0" meanWaitingTime="580.21" meanTravelTime="336.76" meanSpeed="14.17" meanSpeedRelative="0.44" duration="4"/>
    <step time="48300.00" loaded="51610" inserted="49115" running="779" waiting="2495" ended="48336" arrived="48336" collisions="122" teleports="122" halting="7" stopped="0" meanWaitingTime="586.59" meanTravelTime="337.67" meanSpeed="14.40" meanSpeedRelative="0.45" duration="4"/>
    <step time="48600.00" loaded="52161" inserted="49614" running="777" waiting="2547" ended="48837" arrived="48837" collisions="123" teleports="123" halting="15" stopped="0" meanWaitingTime="592.76" meanTravelTime="339.20" meanSpeed="14.41" meanSpeedRelative="0.45" duration="5"/>
    <step time="48900.00" loaded="52683" inserted="50074" running="762" waiting="2609" ended="49312" arrived="49312" collisions="124" teleports="124" halting="11" stopped="0" meanWaitingTime="599.67" meanTravelTime="340.61" meanSpeed="14.12" meanSpeedRelative="0.44" duration="6"/>
    <step time="49200.00" loaded="53199" inserted="50553" running="760" waiting="2646" ended="49793" arrived="49793" collisions="127" teleports="127" halting="6" stopped="0" meanWaitingTime="606.32" meanTravelTime="341.92" meanSpeed="13.84" meanSpeedRelative="0.43" duration="5"/>
    <step time="49500.00" loaded="53717" inserted="51017" running="737" waiting="2700" ended="50280" arrived="50280" collisions="128" teleports="128" halting="8" stopped="0" meanWaitingTime="612.92" meanTravelTime="343.44" meanSpeed="14.13" meanSpeedRelative="0.44" duration="5"/>
    <step time="49800.00" loaded="54299" inserted="51490" running="747" waiting="2809" ended="50743" arrived="50743" collisions="131" teleports="131" halting="12" stopped="0" meanWaitingTime="620.56" meanTravelTime="344.52" meanSpeed="13.99" meanSpeedRelative="0.44" duration="5"/>
    <step time="50100.00" loaded="54817" inserted="51960" running="773" waiting="2857" ended="51187" arrived="51187" collisions="132" teleports="132" halting="18" stopped="0" meanWaitingTime="627.45" meanTravelTime="345.73" meanSpeed="14.35" meanSpeedRelative="0.45" duration="6"/>
    <step time="50400.00" loaded="55348" inserted="52438" running="763" waiting="2910" ended="51675" arrived="51675" collisions="134" teleports="134" halting="11" stopped="0" meanWaitingTime="635.15" meanTravelTime="346.99" meanSpeed="14.60" meanSpeedRelative="0.46" duration="97"/>
    <step time="50700.00" loaded="56088" inserted="52973" running="820" waiting="3115" ended="52153" arrived="52153" collisions="137" teleports="137" halting="20" stopped="0" meanWaitingTime="642.50" meanTravelTime="348.26" meanSpeed="13.94" meanSpeedRelative="0.44" duration="4"/>
    <step time="51000.00" loaded="56804" inserted="53475" running="852" waiting="3329" ended="52623" arrived="52623" collisions="137" teleports="137" halting="13" stopped="0" meanWaitingTime="649.47" meanTravelTime="349.57" meanSpeed="13.94" meanSpeedRelative="0.44" duration="4"/>
    <step time="51300.00" loaded="57518" inserted="53989" running="894" waiting="3529" ended="53095" arrived="53095" collisions="138" teleports="138" halting="16" stopped="0" meanWaitingTime="656.52" meanTravelTime="350.90" meanSpeed="13.63" meanSpeedRelative="0.43" duration="6"/>
    <step time="51600.00" loaded="58228" inserted="54485" running="911" waiting="3743" ended="53574" arrived="53574" collisions="142" teleports="142" halting="11" stopped="0" meanWaitingTime="663.51" meanTravelTime="352.59" meanSpeed="13.23" meanSpeedRelative="0.41" duration="7"/>
    <step time="51900.00" loaded="58903" inserted="54989" running="910" waiting="3914" ended="54079" arrived="54079" collisions="144" teleports="144" halting="12" stopped="0" meanWaitingTime="671.48" meanTravelTime="354.26" meanSpeed="13.02" meanSpeedRelative="0.41" duration="6"/>
    <step time="52200.00" loaded="59677" inserted="55542" running="952" waiting="4135" ended="54590" arrived="54590" collisions="145" teleports="145" halting="16" stopped="0" meanWaitingTime="679.74" meanTravelTime="355.93" meanSpeed="12.51" meanSpeedRelative="0.39" duration="7"/>
    <step time="52500.00" loaded="60388" inserted="56063" running="1006" waiting="4325" ended="55057" arrived="55057" collisions="146" teleports="146" halting="28" stopped="0" meanWaitingTime="687.42" meanTravelTime="357.59" meanSpeed="11.94" meanSpeedRelative="0.37" duration="8"/>
    <step time="52800.00" loaded="61115" inserted="56582" running="1023" waiting="4533" ended="55559" arrived="55559" collisions="148" teleports="148" halting="17" stopped="0" meanWaitingTime="695.31" meanTravelTime="359.34" meanSpeed="11.82" meanSpeedRelative="0.37" duration="7"/>
    <step time="53100.00" loaded="61865" inserted="57087" running="1019" waiting="4778" ended="56068" arrived="56068" collisions="148" teleports="148" halting="13" stopped="0" meanWaitingTime="702.63" meanTravelTime="361.70" meanSpeed="11.63" meanSpeedRelative="0.36" duration="8"/>
    <step time="53400.00" loaded="62592" inserted="57596" running="1033" waiting="4996" ended="56563" arrived="56563" collisions="150" teleports="150" halting="16" stopped="0" meanWaitingTime="711.89" meanTravelTime="363.80" meanSpeed="11.53" meanSpeedRelative="0.36" duration="6"/>
    <step time="53700.00" loaded="63311" inserted="58123" running="1011" waiting="5188" ended="57112" arrived="57112" collisions="152" teleports="152" halting="18" stopped="0" meanWaitingTime="721.82" meanTravelTime="365.86" meanSpeed="11.53" meanSpeedRelative="0.36" duration="7"/>
    <step time="54000.00" loaded="64054" inserted="58616" running="971" waiting="5438" ended="57645" arrived="57645" collisions="152" teleports="152" halting="8" stopped="0" meanWaitingTime="732.18" meanTravelTime="368.17" meanSpeed="12.02" meanSpeedRelative="0.38" duration="93"/>
    <step time="54300.00" loaded="64513" inserted="59099" running="939" waiting="5414" ended="58160" arrived="58160" collisions="155" teleports="155" halting="17" stopped="0" meanWaitingTime="742.19" meanTravelTime="370.17" meanSpeed="12.13" meanSpeedRelative="0.38" duration="6"/>
    <step time="54600.00" loaded="64982" inserted="59604" running="937" waiting="5378" ended="58667" arrived="58667" collisions="156" teleports="156" halting="14" stopped="0" meanWaitingTime="753.01" meanTravelTime="371.83" meanSpeed="12.73" meanSpeedRelative="0.40" duration="5"/>
    <step time="54900.00" loaded="65462" inserted="60094" running="947" waiting="5368" ended="59147" arrived="59147" collisions="157" teleports="157" halting="9" stopped="0" meanWaitingTime="765.03" meanTravelTime="373.29" meanSpeed="12.16" meanSpeedRelative="0.38" duration="9"/>
    <step time="55200.00" loaded="65911" inserted="60574" running="914" waiting="5337" ended="59660" arrived="59660" collisions="161" teleports="161" halting="9" stopped="0" meanWaitingTime="777.98" meanTravelTime="374.99" meanSpeed="12.94" meanSpeedRelative="0.40" duration="7"/>
    <step time="55500.00" loaded="66361" inserted="61040" running="891" waiting="5321" ended="60149" arrived="60149" collisions="163" teleports="163" halting="18" stopped="0" meanWaitingTime="790.07" meanTravelTime="376.42" meanSpeed="13.36" meanSpeedRelative="0.42" duration="6"/>
    <step time="55800.00" loaded="66834" inserted="61502" running="865" waiting="5332" ended="60637" arrived="60637" collisions="170" teleports="170" halting="17" stopped="0" meanWaitingTime="802.72" meanTravelTime="378.05" meanSpeed="13.41" meanSpeedRelative="0.42" duration="8"/>
    <step time="56100.00" loaded="67284" inserted="61948" running="831" waiting="5336" ended="61117" arrived="61117" collisions="172" teleports="172" halting="14" stopped="0" meanWaitingTime="815.59" meanTravelTime="379.59" meanSpeed="13.33" meanSpeedRelative="0.42" duration="5"/>
    <step time="56400.00" loaded="67713" inserted="62399" running="822" waiting="5314" ended="61577" arrived="61577" collisions="175" teleports="175" halting="11" stopped="0" meanWaitingTime="828.51" meanTravelTime="380.81" meanSpeed="13.06" meanSpeedRelative="0.41" duration="8"/>
    <step time="56700.00" loaded="68195" inserted="62889" running="822" waiting="5306" ended="62067" arrived="62067" collisions="177" teleports="177" halting="7" stopped="0" meanWaitingTime="841.81" meanTravelTime="381.99" meanSpeed="13.42" meanSpeedRelative="0.42" duration="8"/>
    <step time="57000.00" loaded="68631" inserted="63367" running="840" waiting="5264" ended="62527" arrived="62527" collisions="180" teleports="180" halting="14" stopped="0" meanWaitingTime="856.10" meanTravelTime="382.93" meanSpeed="13.28" meanSpeedRelative="0.41" duration="7"/>
    <step time="57300.00" loaded="69093" inserted="63856" running="869" waiting="5237" ended="62987" arrived="62987" collisions="181" teleports="181" halting="13" stopped="0" meanWaitingTime="870.32" meanTravelTime="383.92" meanSpeed="13.28" meanSpeedRelative="0.41" duration="5"/>
    <step time="57600.00" loaded="69550" inserted="64321" running="842" waiting="5229" ended="63479" arrived="63479" collisions="184" teleports="184" halting="11" stopped="0" meanWaitingTime="884.16" meanTravelTime="385.12" meanSpeed="13.29" meanSpeedRelative="0.42" duration="89"/>
    <step time="57900.00" loaded="70123" inserted="64832" running="904" waiting="5291" ended="63928" arrived="63928" collisions="186" teleports="186" halting="12" stopped="0" meanWaitingTime="898.06" meanTravelTime="386.03" meanSpeed="13.02" meanSpeedRelative="0.41" duration="5"/>
    <step time="58200.00" loaded="70623" inserted="65325" running="905" waiting="5298" ended="64420" arrived="64420" collisions="188" teleports="188" halting="13" stopped="0" meanWaitingTime="911.12" meanTravelTime="387.23" meanSpeed="12.30" meanSpeedRelative="0.38" duration="6"/>
    <step time="58500.00" loaded="71182" inserted="65838" running="914" waiting="5344" ended="64924" arrived="64924" collisions="189" teleports="189" halting="18" stopped="0" meanWaitingTime="923.39" meanTravelTime="388.66" meanSpeed="12.85" meanSpeedRelative="0.40" duration="5"/>
    <step time="58800.00" loaded="71733" inserted="66349" running="928" waiting="5384" ended="65421" arrived="65421" collisions="192" teleports="192" halting="6" stopped="0" meanWaitingTime="936.27" meanTravelTime="389.62" meanSpeed="12.72" meanSpeedRelative="0.40" duration="6"/>
    <step time="59100.00" loaded="72304" inserted="66864" running="929" waiting="5440" ended="65935" arrived="65935" collisions="195" teleports="195" halting="14" stopped="0" meanWaitingTime="948.62" meanTravelTime="390.78" meanSpeed="12.48" meanSpeedRelative="0.39" duration="7"/>
    <step time="59400.00" loaded="72876" inserted="67408" running="960" waiting="5468" ended="66448" arrived="66448" collisions="195" teleports="195" halting="12" stopped="0" meanWaitingTime="961.46" meanTravelTime="391.99" meanSpeed="12.62" meanSpeedRelative="0.39" duration="7"/>
    <step time="59700.00" loaded="73451" inserted="67905" running="980" waiting="5546" ended="66925" arrived="66925" collisions="199" teleports="199" halting="16" stopped="0" meanWaitingTime="973.63" meanTravelTime="393.16" meanSpeed="12.55" meanSpeedRelative="0.39" duration="8"/>
    <step time="60000.00" loaded="73995" inserted="68404" running="947" waiting="5591" ended="67457" arrived="67457" collisions="200" teleports="200" halting="14" stopped="0" meanWaitingTime="985.78" meanTravelTime="394.38" meanSpeed="12.49" meanSpeedRelative="0.39" duration="9"/>
    <step time="60300.00" loaded="74601" inserted="68905" running="936" waiting="5696" ended="67969" arrived="67969" collisions="201" teleports="201" halting="14" stopped="0" meanWaitingTime="996.38" meanTravelTime="395.83" meanSpeed="12.81" meanSpeedRelative="0.40" duration="7"/>
    <step time="60600.00" loaded="75163" inserted="69405" running="987" waiting="5758" ended="68418" arrived="68418" collisions="201" teleports="201" halting="12" stopped="0" meanWaitingTime="1006.57" meanTravelTime="396.88" meanSpeed="12.05" meanSpeedRelative="0.38" duration="7"/>
    <step time="60900.00" loaded="75726" inserted="69902" running="966" waiting="5824" ended="68936" arrived="68936" collisions="204" teleports="204" halting="12" stopped="0" meanWaitingTime="1018.20" meanTravelTime="397.97" meanSpeed="13.02" meanSpeedRelative="0.41" duration="7"/>
    <step time="61200.00" loaded="76269" inserted="70442" running="956" waiting="5827" ended="69486" arrived="69486" collisions="209" teleports="209" halting="10" stopped="0" meanWaitingTime="1030.43" meanTravelTime="399.24" meanSpeed="13.28" meanSpeedRelative="0.42" duration="86"/>
    <step time="61500.00" loaded="76331" inserted="70803" running="860" waiting="5528" ended="69943" arrived="69943" collisions="211" teleports="211" halting="16" stopped="0" meanWaitingTime="1042.53" meanTravelTime="400.72" meanSpeed="12.69" meanSpeedRelative="0.40" duration="7"/>
    <step time="61800.00" loaded="76417" inserted="71165" running="792" waiting="5252" ended="70373" arrived="70373" collisions="215" teleports="215" halting="12" stopped="0" meanWaitingTime="1053.80" meanTravelTime="402.23" meanSpeed="12.98" meanSpeedRelative="0.41" duration="7"/>
    <step time="62100.00" loaded="76481" inserted="71534" running="734" waiting="4947" ended="70800" arrived="70800" collisions="217" teleports="217" halting="11" stopped="0" meanWaitingTime="1067.22" meanTravelTime="403.40" meanSpeed="13.68" meanSpeedRelative="0.43" duration="13"/>
    <step time="62400.00" loaded="76557" inserted="71916" running="698" waiting="4641" ended="71218" arrived="71218" collisions="221" teleports="221" halting="10" stopped="0" meanWaitingTime="1080.90" meanTravelTime="404.55" meanSpeed="14.26" meanSpeedRelative="0.45" duration="5"/>
    <step time="62700.00" loaded="76624" inserted="72287" running="680" waiting="4337" ended="71607" arrived="71607" collisions="222" teleports="222" halting="11" stopped="0" meanWaitingTime="1094.21" meanTravelTime="405.42" meanSpeed="15.07" meanSpeedRelative="0.47" duration="6"/>
    <step time="63000.00" loaded="76692" inserted="72643" running="668" waiting="4049" ended="71975" arrived="71975" collisions="224" teleports="224" halting="11" stopped="0" meanWaitingTime="1107.60" meanTravelTime="406.39" meanSpeed="14.18" meanSpeedRelative="0.44" duration="4"/>
    <step time="63300.00" loaded="76767" inserted="72974" running="617" waiting="3793" ended="72357" arrived="72357" collisions="226" teleports="226" halting="8" stopped="0" meanWaitingTime="1120.63" meanTravelTime="407.14" meanSpeed="14.11" meanSpeedRelative="0.44" duration="5"/>
    <step time="63600.00" loaded="76856" inserted="73257" running="515" waiting="3599" ended="72742" arrived="72742" collisions="228" teleports="228" halting="6" stopped="0" meanWaitingTime="1133.87" meanTravelTime="407.92" meanSpeed="14.59" meanSpeedRelative="0.46" duration="3"/>
    <step time="63900.00" loaded="76935" inserted="73531" running="416" waiting="3404" ended="73115" arrived="73115" collisions="228" teleports="228" halting="6" stopped="0" meanWaitingTime="1147.37" meanTravelTime="408.38" meanSpeed="16.32" meanSpeedRelative="0.51" duration="4"/>
    <step time="64200.00" loaded="77003" inserted="73808" running="390" waiting="3195" ended="73418" arrived="73418" collisions="228" teleports="228" halting="8" stopped="0" meanWaitingTime="1160.23" meanTravelTime="408.65" meanSpeed="17.07" meanSpeedRelative="0.53" duration="3"/>
    <step time="64500.00" loaded="77065" inserted="74080" running="353" waiting="2985" ended="73727" arrived="73727" collisions="228" teleports="228" halting="9" stopped="0" meanWaitingTime="1173.79" meanTravelTime="408.76" meanSpeed="19.02" meanSpeedRelative="0.59" duration="2"/>
    <step time="64800.00" loaded="77118" inserted="74333" running="304" waiting="2785" ended="74029" arrived="74029" collisions="228" teleports="228" halting="4" stopped="0" meanWaitingTime="1187.60" meanTravelTime="408.66" meanSpeed="20.29" meanSpeedRelative="0.63" duration="93"/>
    <step time="65100.00" loaded="77168" inserted="74586" running="282" waiting="2582" ended="74304" arrived="74304" collisions="228" teleports="228" halting="1" stopped="0" meanWaitingTime="1200.31" meanTravelTime="408.49" meanSpeed="21.41" meanSpeedRelative="0.67" duration="2"/>
    <step time="65400.00" loaded="77209" inserted="74812" running="219" waiting="2397" ended="74593" arrived="74593" collisions="228" teleports="228" halting="6" stopped="0" meanWaitingTime="1210.11" meanTravelTime="408.27" meanSpeed="21.86" meanSpeedRelative="0.68" duration="1"/>
    <step time="65700.00" loaded="77269" inserted="74971" running="206" waiting="2298" ended="74765" arrived="74765" collisions="228" teleports="228" halting="5" stopped="0" meanWaitingTime="1217.75" meanTravelTime="408.25" meanSpeed="21.24" meanSpeedRelative="0.66" duration="2"/>
    <step time="66000.00" loaded="77311" inserted="75107" running="185" waiting="2204" ended="74922" arrived="74922" collisions="228" teleports="228" halting="1" stopped="0" meanWaitingTime="1223.85" meanTravelTime="408.24" meanSpeed="21.84" meanSpeedRelative="0.68" duration="1"/>
    <step time="66300.00" loaded="77362" inserted="75240" running="160" waiting="2122" ended="75080" arrived="75080" collisions="228" teleports="228" halting="4" stopped="0" meanWaitingTime="1228.98" meanTravelTime="408.18" meanSpeed="21.60" meanSpeedRelative="0.68" duration="1"/>
    <step time="66600.00" loaded="77417" inserted="75328" running="85" waiting="2089" ended="75243" arrived="75243" collisions="228" teleports="228" halting="6" stopped="0" meanWaitingTime="1233.96" meanTravelTime="408.09" meanSpeed="18.58" meanSpeedRelative="0.58" duration="1"/>
    <step time="66900.00" loaded="77472" inserted="75415" running="83" waiting="2057" ended="75332" arrived="75332" collisions="228" teleports="228" halting="0" stopped="0" meanWaitingTime="1238.82" meanTravelTime="408.00" meanSpeed="19.06" meanSpeedRelative="0.60" duration="1"/>
    <step time="67200.00" loaded="77526" inserted="75509" running="84" waiting="2017" ended="75425" arrived="75425" collisions="228" teleports="228" halting="1" stopped="0" meanWaitingTime="1244.30" meanTravelTime="407.85" meanSpeed="19.28" meanSpeedRelative="0.60" duration="1"/>
    <step time="67500.00" loaded="77575" inserted="75596" running="73" waiting="1979" ended="75523" arrived="75523" collisions="228" teleports="228" halting="2" stopped="0" meanWaitingTime="1249.57" meanTravelTime="407.66" meanSpeed="18.46" meanSpeedRelative="0.58" duration="1"/>
    <step time="67800.00" loaded="77631" inserted="75683" running="86" waiting="1948" ended="75597" arrived="75597" collisions="228" teleports="228" halting="4" stopped="0" meanWaitingTime="1255.31" meanTravelTime="407.54" meanSpeed="20.04" meanSpeedRelative="0.63" duration="1"/>
    <step time="68100.00" loaded="77680" inserted="75773" running="80" waiting="1907" ended="75693" arrived="75693" collisions="228" teleports="228" halting="5" stopped="0" meanWaitingTime="1260.99" meanTravelTime="407.37" meanSpeed="18.43" meanSpeedRelative="0.58" duration="1"/>
    <step time="68400.00" loaded="77716" inserted="75844" running="78" waiting="1872" ended="75766" arrived="75766" collisions="228" teleports="228" halting="8" stopped="0" meanWaitingTime="1266.30" meanTravelTime="407.24" meanSpeed="18.53" meanSpeedRelative="0.58" duration="89"/>
    <step time="68700.00" loaded="77870" inserted="76016" running="137" waiting="1854" ended="75879" arrived="75879" collisions="228" teleports="228" halting="6" stopped="0" meanWaitingTime="1271.11" meanTravelTime="407.03" meanSpeed="20.71" meanSpeedRelative="0.65" duration="1"/>
    <step time="69000.00" loaded="78036" inserted="76203" running="175" waiting="1833" ended="76028" arrived="76028" collisions="229" teleports="229" halting="2" stopped="0" meanWaitingTime="1275.79" meanTravelTime="406.70" meanSpeed="22.69" meanSpeedRelative="0.71" duration="2"/>
    <step time="69300.00" loaded="78187" inserted="76375" running="182" waiting="1812" ended="76193" arrived="76193" collisions="229" teleports="229" halting="6" stopped="0" meanWaitingTime="1280.58" meanTravelTime="406.44" meanSpeed="22.45" meanSpeedRelative="0.70" duration="1"/>
    <step time="69600.00" loaded="78340" inserted="76555" running="165" waiting="1785" ended="76390" arrived="76390" collisions="229" teleports="229" halting="5" stopped="0" meanWaitingTime="1285.65" meanTravelTime="406.09" meanSpeed="22.40" meanSpeedRelative="0.70" duration="1"/>
    <step time="69900.00" loaded="78495" inserted="76746" running="166" waiting="1749" ended="76580" arrived="76580" collisions="229" teleports="229" halting="4" stopped="0" meanWaitingTime="1291.21" meanTravelTime="405.81" meanSpeed="21.96" meanSpeedRelative="0.69" duration="1"/>
    <step time="70200.00" loaded="78658" inserted="76938" running="183" waiting="1720" ended="76755" arrived="76755" collisions="230" teleports="230" halting="6" stopped="0" meanWaitingTime="1296.80" meanTravelTime="405.47" meanSpeed="22.08" meanSpeedRelative="0.69" duration="1"/>
    <step time="70500.00" loaded="78839" inserted="77148" running="178" waiting="1691" ended="76970" arrived="76970" collisions="230" teleports="230" halting="5" stopped="0" meanWaitingTime="1302.52" meanTravelTime="405.06" meanSpeed="22.43" meanSpeedRelative="0.70" duration="1"/>
    <step time="70800.00" loaded="78995" inserted="77330" running="187" waiting="1665" ended="77143" arrived="77143" collisions="230" teleports="230" halting="4" stopped="0" meanWaitingTime="1307.65" meanTravelTime="404.81" meanSpeed="22.32" meanSpeedRelative="0.70" duration="2"/>
    <step time="71100.00" loaded="79134" inserted="77506" running="162" waiting="1628" ended="77344" arrived="77344" collisions="231" teleports="231" halting="1" stopped="0" meanWaitingTime="1314.00" meanTravelTime="404.52" meanSpeed="21.67" meanSpeedRelative="0.68" duration="1"/>
    <step time="71400.00" loaded="79295" inserted="77693" running="165" waiting="1602" ended="77528" arrived="77528" collisions="232" teleports="232" halting="4" stopped="0" meanWaitingTime="1319.37" meanTravelTime="404.19" meanSpeed="22.06" meanSpeedRelative="0.69" duration="1"/>
    <step time="71700.00" loaded="79426" inserted="77855" running="147" waiting="1571" ended="77708" arrived="77708" collisions="232" teleports="232" halting="9" stopped="0" meanWaitingTime="1324.39" meanTravelTime="403.90" meanSpeed="20.55" meanSpeedRelative="0.64" duration="1"/>
    <step time="72000.00" loaded="79590" inserted="78046" running="164" waiting="1544" ended="77882" arrived="77882" collisions="232" teleports="232" halting="7" stopped="0" meanWaitingTime="1328.68" meanTravelTime="403.57" meanSpeed="20.91" meanSpeedRelative="0.65" duration="85"/>
    <step time="72300.00" loaded="79721" inserted="78212" running="163" waiting="1509" ended="78049" arrived="78049" collisions="232" teleports="232" halting="0" stopped="0" meanWaitingTime="1332.61" meanTravelTime="403.28" meanSpeed="21.83" meanSpeedRelative="0.68" duration="1"/>
    <step time="72600.00" loaded="79856" inserted="78381" running="158" waiting="1475" ended="78223" arrived="78223" collisions="232" teleports="232" halting="1" stopped="0" meanWaitingTime="1336.40" meanTravelTime="402.99" meanSpeed="22.03" meanSpeedRelative="0.69" duration="1"/>
    <step time="72900.00" loaded="79984" inserted="78544" running="141" waiting="1440" ended="78403" arrived="78403" collisions="232" teleports="232" halting="11" stopped="0" meanWaitingTime="1339.76" meanTravelTime="402.74" meanSpeed="21.20" meanSpeedRelative="0.66" duration="1"/>
    <step time="73200.00" loaded="80127" inserted="78717" running="148" waiting="1410" ended="78569" arrived="78569" collisions="232" teleports="232" halting="3" stopped="0" meanWaitingTime="1343.22" meanTravelTime="402.43" meanSpeed="22.00" meanSpeedRelative="0.69" duration="1"/>
    <step time="73500.00" loaded="80262" inserted="78880" running="148" waiting="1382" ended="78732" arrived="78732" collisions="232" teleports="232" halting="4" stopped="0" meanWaitingTime="1347.31" meanTravelTime="402.09" meanSpeed="21.22" meanSpeedRelative="0.66" duration="1"/>
    <step time="73800.00" loaded="80388" inserted="79026" running="136" waiting="1362" ended="78890" arrived="78890" collisions="232" teleports="232" halting="5" stopped="0" meanWaitingTime="1350.43" meanTravelTime="401.86" meanSpeed="20.74" meanSpeedRelative="0.65" duration="1"/>
    <step time="74100.00" loaded="80546" inserted="79211" running="155" waiting="1335" ended="79056" arrived="79056" collisions="232" teleports="232" halting="7" stopped="0" meanWaitingTime="1352.79" meanTravelTime="401.54" meanSpeed="20.40" meanSpeedRelative="0.64" duration="1"/>
    <step time="74400.00" loaded="80686" inserted="79386" running="159" waiting="1300" ended="79227" arrived="79227" collisions="232" teleports="232" halting="2" stopped="0" meanWaitingTime="1355.31" meanTravelTime="401.27" meanSpeed="21.94" meanSpeedRelative="0.69" duration="1"/>
    <step time="74700.00" loaded="80819" inserted="79546" running="140" waiting="1273" ended="79406" arrived="79406" collisions="233" teleports="233" halting="6" stopped="0" meanWaitingTime="1357.98" meanTravelTime="400.98" meanSpeed="21.03" meanSpeedRelative="0.66" duration="1"/>
    <step time="75000.00" loaded="80937" inserted="79688" running="125" waiting="1249" ended="79563" arrived="79563" collisions="233" teleports="233" halting="7" stopped="0" meanWaitingTime="1360.40" meanTravelTime="400.71" meanSpeed="20.54" meanSpeedRelative="0.64" duration="1"/>
    <step time="75300.00" loaded="81080" inserted="79860" running="147" waiting="1220" ended="79713" arrived="79713" collisions="233" teleports="233" halting="1" stopped="0" meanWaitingTime="1362.71" meanTravelTime="400.44" meanSpeed="23.46" meanSpeedRelative="0.73" duration="1"/>
    <step time="75600.00" loaded="81226" inserted="80010" running="130" waiting="1216" ended="79880" arrived="79880" collisions="233" teleports="233" halting="2" stopped="0" meanWaitingTime="1365.34" meanTravelTime="400.13" meanSpeed="23.28" meanSpeedRelative="0.73" duration="86"/>
    <step time="75900.00" loaded="81412" inserted="80205" running="172" waiting="1207" ended="80033" arrived="80033" collisions="234" teleports="234" halting="7" stopped="0" meanWaitingTime="1366.97" meanTravelTime="399.87" meanSpeed="21.73" meanSpeedRelative="0.68" duration="1"/>
    <step time="76200.00" loaded="81625" inserted="80428" running="214" waiting="1197" ended="80214" arrived="80214" collisions="234" teleports="234" halting="3" stopped="0" meanWaitingTime="1368.69" meanTravelTime="399.62" meanSpeed="22.44" meanSpeedRelative="0.70" duration="1"/>
    <step time="76500.00" loaded="81820" inserted="80627" running="194" waiting="1193" ended="80433" arrived="80433" collisions="234" teleports="234" halting="3" stopped="0" meanWaitingTime="1370.32" meanTravelTime="399.26" meanSpeed="24.00" meanSpeedRelative="0.75" duration="1"/>
    <step time="76800.00" loaded="82035" inserted="80843" running="199" waiting="1192" ended="80644" arrived="80644" collisions="234" teleports="234" halting="3" stopped="0" meanWaitingTime="1371.43" meanTravelTime="398.96" meanSpeed="23.25" meanSpeedRelative="0.73" duration="2"/>
    <step time="77100.00" loaded="82219" inserted="81030" running="200" waiting="1189" ended="80830" arrived="80830" collisions="234" teleports="234" halting="5" stopped="0" meanWaitingTime="1374.13" meanTravelTime="398.74" meanSpeed="22.26" meanSpeedRelative="0.70" duration="1"/>
    <step time="77400.00" loaded="82406" inserted="81225" running="189" waiting="1181" ended="81036" arrived="81036" collisions="235" teleports="235" halting="3" stopped="0" meanWaitingTime="1376.47" meanTravelTime="398.47" meanSpeed="22.53" meanSpeedRelative="0.70" duration="1"/>
    <step time="77700.00" loaded="82617" inserted="81430" running="194" waiting="1187" ended="81236" arrived="81236" collisions="235" teleports="235" halting="4" stopped="0" meanWaitingTime="1378.67" meanTravelTime="398.22" meanSpeed="23.07" meanSpeedRelative="0.72" duration="1"/>
    <step time="78000.00" loaded="82798" inserted="81620" running="206" waiting="1178" ended="81414" arrived="81414" collisions="235" teleports="235" halting="6" stopped="0" meanWaitingTime="1381.19" meanTravelTime="397.98" meanSpeed="23.02" meanSpeedRelative="0.72" duration="2"/>
    <step time="78300.00" loaded="82980" inserted="81809" running="179" waiting="1171" ended="81630" arrived="81630" collisions="235" teleports="235" halting="7" stopped="0" meanWaitingTime="1383.20" meanTravelTime="397.68" meanSpeed="22.28" meanSpeedRelative="0.70" duration="2"/>
    <step time="78600.00" loaded="83195" inserted="82007" running="196" waiting="1188" ended="81811" arrived="81811" collisions="235" teleports="235" halting="2" stopped="0" meanWaitingTime="1384.55" meanTravelTime="397.48" meanSpeed="23.38" meanSpeedRelative="0.73" duration="2"/>
    <step time="78900.00" loaded="83382" inserted="82197" running="169" waiting="1185" ended="82028" arrived="82028" collisions="235" teleports="235" halting="4" stopped="0" meanWaitingTime="1387.20" meanTravelTime="397.17" meanSpeed="23.85" meanSpeedRelative="0.75" duration="1"/>
    <step time="79200.00" loaded="83552" inserted="82379" running="179" waiting="1173" ended="82200" arrived="82200" collisions="235" teleports="235" halting="9" stopped="0" meanWaitingTime="1389.77" meanTravelTime="396.88" meanSpeed="23.51" meanSpeedRelative="0.73" duration="82"/>
    <step time="79500.00" loaded="83744" inserted="82564" running="183" waiting="1180" ended="82381" arrived="82381" collisions="235" teleports="235" halting="2" stopped="0" meanWaitingTime="1392.59" meanTravelTime="396.69" meanSpeed="23.19" meanSpeedRelative="0.72" duration="1"/>
    <step time="79800.00" loaded="83927" inserted="82761" running="193" waiting="1166" ended="82568" arrived="82568" collisions="235" teleports="235" halting="2" stopped="0" meanWaitingTime="1395.51" meanTravelTime="396.44" meanSpeed="22.84" meanSpeedRelative="0.71" duration="2"/>
    <step time="80100.00" loaded="84113" inserted="82956" running="177" waiting="1157" ended="82779" arrived="82779" collisions="235" teleports="235" halting="6" stopped="0" meanWaitingTime="1397.70" meanTravelTime="396.17" meanSpeed="22.25" meanSpeedRelative="0.70" duration="1"/>
    <step time="80400.00" loaded="84283" inserted="83135" running="180" waiting="1148" ended="82955" arrived="82955" collisions="235" teleports="235" halting="9" stopped="0" meanWaitingTime="1400.73" meanTravelTime="395.92" meanSpeed="22.62" meanSpeedRelative="0.71" duration="1"/>
    <step time="80700.00" loaded="84457" inserted="83309" running="151" waiting="1148" ended="83158" arrived="83158" collisions="235" teleports="235" halting="4" stopped="0" meanWaitingTime="1403.84" meanTravelTime="395.67" meanSpeed="22.78" meanSpeedRelative="0.71" duration="1"/>
    <step time="81000.00" loaded="84606" inserted="83467" running="151" waiting="1139" ended="83316" arrived="83316" collisions="236" teleports="236" halting="8" stopped="0" meanWaitingTime="1407.55" meanTravelTime="395.42" meanSpeed="22.20" meanSpeedRelative="0.69" duration="1"/>
    <step time="81300.00" loaded="84792" inserted="83661" running="180" waiting="1131" ended="83481" arrived="83481" collisions="236" teleports="236" halting="4" stopped="0" meanWaitingTime="1410.67" meanTravelTime="395.17" meanSpeed="22.76" meanSpeedRelative="0.71" duration="1"/>
    <step time="81600.00" loaded="84952" inserted="83830" running="168" waiting="1122" ended="83662" arrived="83662" collisions="236" teleports="236" halting="3" stopped="0" meanWaitingTime="1413.70" meanTravelTime="394.94" meanSpeed="22.10" meanSpeedRelative="0.69" duration="1"/>
    <step time="81900.00" loaded="85147" inserted="84030" running="182" waiting="1117" ended="83848" arrived="83848" collisions="236" teleports="236" halting="2" stopped="0" meanWaitingTime="1416.55" meanTravelTime="394.64" meanSpeed="22.43" meanSpeedRelative="0.70" duration="1"/>
    <step time="82200.00" loaded="85329" inserted="84215" running="181" waiting="1114" ended="84034" arrived="84034" collisions="236" teleports="236" halting="3" stopped="0" meanWaitingTime="1419.33" meanTravelTime="394.47" meanSpeed="22.58" meanSpeedRelative="0.71" duration="1"/>
    <step time="82500.00" loaded="85501" inserted="84382" running="174" waiting="1119" ended="84208" arrived="84208" collisions="236" teleports="236" halting="4" stopped="0" meanWaitingTime="1422.15" meanTravelTime="394.27" meanSpeed="23.20" meanSpeedRelative="0.72" duration="2"/>
</summary>
