<?xml version="1.0" encoding="UTF-8"?>

<!-- generated on 2025-08-07 23:40:22 by Eclipse SUMO sumo Version 1.23.1
<sumoConfiguration xmlns:xsi="http://www.w3.org/2001/XMLSchema-instance" xsi:noNamespaceSchemaLocation="http://sumo.dlr.de/xsd/sumoConfiguration.xsd">

    <input>
        <net-file value="Desktop\Master Thesis\Network_fin.net.xml"/>
        <route-files value="Desktop\Master Thesis\demand_model_amsterdam.rou.xml"/>
        <additional-files value="Desktop\Master Thesis\Additionnal.add.xml"/>
    </input>

    <output>
        <summary-output value="outputf/summary_coor_alinea_1neigh_method2_K80_target5_20120.xml"/>
        <summary-output.period value="300"/>
        <tripinfo-output value="outputf/tripinfo_coor_alinea_1neigh_method2_K80_target5_20120.xml"/>
    </output>

    <time>
        <begin value="0"/>
        <end value="82800"/>
        <step-length value="1"/>
    </time>

    <processing>
        <time-to-teleport value="-1"/>
    </processing>

    <report>
        <verbose value="true"/>
        <no-step-log value="true"/>
    </report>

    <emissions>
        <device.emissions.period value="10"/>
    </emissions>

    <traci_server>
        <remote-port value="65491"/>
    </traci_server>

    <random_number>
        <seed value="20120"/>
    </random_number>

</sumoConfiguration>
-->

<summary xmlns:xsi="http://www.w3.org/2001/XMLSchema-instance" xsi:noNamespaceSchemaLocation="http://sumo.dlr.de/xsd/summary_file.xsd">
    <step time="0.00" loaded="0" inserted="0" running="0" waiting="0" ended="0" arrived="0" collisions="0" teleports="0" halting="0" stopped="0" meanWaitingTime="-1.00" meanTravelTime="-1.00" meanSpeed="-1.00" meanSpeedRelative="-1.00" duration="1"/>
    <step time="300.00" loaded="178" inserted="178" running="117" waiting="0" ended="61" arrived="61" collisions="0" teleports="0" halting="3" stopped="0" meanWaitingTime="0.57" meanTravelTime="103.44" meanSpeed="25.81" meanSpeedRelative="0.81" duration="1"/>
    <step time="600.00" loaded="350" inserted="349" running="128" waiting="1" ended="221" arrived="221" collisions="0" teleports="0" halting="0" stopped="0" meanWaitingTime="0.43" meanTravelTime="168.64" meanSpeed="25.35" meanSpeedRelative="0.79" duration="1"/>
    <step time="900.00" loaded="516" inserted="516" running="130" waiting="0" ended="386" arrived="386" collisions="0" teleports="0" halting="0" stopped="0" meanWaitingTime="0.41" meanTravelTime="190.71" meanSpeed="25.59" meanSpeedRelative="0.80" duration="1"/>
    <step time="1200.00" loaded="708" inserted="708" running="161" waiting="0" ended="547" arrived="547" collisions="0" teleports="0" halting="0" stopped="0" meanWaitingTime="0.42" meanTravelTime="201.38" meanSpeed="25.09" meanSpeedRelative="0.78" duration="1"/>
    <step time="1500.00" loaded="886" inserted="886" running="148" waiting="0" ended="738" arrived="738" collisions="1" teleports="1" halting="1" stopped="0" meanWaitingTime="0.39" meanTravelTime="208.99" meanSpeed="25.53" meanSpeedRelative="0.80" duration="2"/>
    <step time="1800.00" loaded="1061" inserted="1061" running="161" waiting="0" ended="900" arrived="900" collisions="1" teleports="1" halting="0" stopped="0" meanWaitingTime="0.37" meanTravelTime="214.82" meanSpeed="25.19" meanSpeedRelative="0.79" duration="1"/>
    <step time="2100.00" loaded="1231" inserted="1231" running="157" waiting="0" ended="1074" arrived="1074" collisions="1" teleports="1" halting="0" stopped="0" meanWaitingTime="0.36" meanTravelTime="225.25" meanSpeed="25.42" meanSpeedRelative="0.79" duration="1"/>
    <step time="2400.00" loaded="1431" inserted="1431" running="168" waiting="0" ended="1263" arrived="1263" collisions="1" teleports="1" halting="1" stopped="0" meanWaitingTime="0.37" meanTravelTime="230.44" meanSpeed="25.44" meanSpeedRelative="0.79" duration="1"/>
    <step time="2700.00" loaded="1604" inserted="1603" running="152" waiting="1" ended="1451" arrived="1451" collisions="1" teleports="1" halting="2" stopped="0" meanWaitingTime="0.40" meanTravelTime="235.81" meanSpeed="25.56" meanSpeedRelative="0.80" duration="1"/>
    <step time="3000.00" loaded="1787" inserted="1787" running="154" waiting="0" ended="1633" arrived="1633" collisions="1" teleports="1" halting="1" stopped="0" meanWaitingTime="0.41" meanTravelTime="235.04" meanSpeed="25.54" meanSpeedRelative="0.80" duration="1"/>
    <step time="3300.00" loaded="1955" inserted="1952" running="158" waiting="3" ended="1794" arrived="1794" collisions="1" teleports="1" halting="1" stopped="0" meanWaitingTime="0.81" meanTravelTime="237.08" meanSpeed="24.58" meanSpeedRelative="0.77" duration="1"/>
    <step time="3600.00" loaded="2150" inserted="2145" running="181" waiting="5" ended="1964" arrived="1964" collisions="2" teleports="2" halting="1" stopped="0" meanWaitingTime="1.30" meanTravelTime="239.93" meanSpeed="24.19" meanSpeedRelative="0.76" duration="86"/>
    <step time="3900.00" loaded="2257" inserted="2257" running="118" waiting="0" ended="2139" arrived="2139" collisions="2" teleports="2" halting="0" stopped="0" meanWaitingTime="1.55" meanTravelTime="244.84" meanSpeed="25.89" meanSpeedRelative="0.81" duration="1"/>
    <step time="4200.00" loaded="2385" inserted="2385" running="105" waiting="0" ended="2280" arrived="2280" collisions="2" teleports="2" halting="1" stopped="0" meanWaitingTime="1.55" meanTravelTime="248.08" meanSpeed="24.42" meanSpeedRelative="0.76" duration="1"/>
    <step time="4500.00" loaded="2482" inserted="2482" running="81" waiting="0" ended="2401" arrived="2401" collisions="2" teleports="2" halting="1" stopped="0" meanWaitingTime="1.65" meanTravelTime="249.49" meanSpeed="26.15" meanSpeedRelative="0.82" duration="1"/>
    <step time="4800.00" loaded="2581" inserted="2580" running="89" waiting="1" ended="2491" arrived="2491" collisions="2" teleports="2" halting="0" stopped="0" meanWaitingTime="1.63" meanTravelTime="251.31" meanSpeed="24.60" meanSpeedRelative="0.77" duration="1"/>
    <step time="5100.00" loaded="2700" inserted="2700" running="82" waiting="0" ended="2618" arrived="2618" collisions="2" teleports="2" halting="0" stopped="0" meanWaitingTime="1.58" meanTravelTime="251.11" meanSpeed="26.81" meanSpeedRelative="0.84" duration="0"/>
    <step time="5400.00" loaded="2825" inserted="2825" running="110" waiting="0" ended="2715" arrived="2715" collisions="2" teleports="2" halting="2" stopped="0" meanWaitingTime="1.59" meanTravelTime="250.85" meanSpeed="25.14" meanSpeedRelative="0.79" duration="1"/>
    <step time="5700.00" loaded="2938" inserted="2938" running="99" waiting="0" ended="2839" arrived="2839" collisions="3" teleports="3" halting="0" stopped="0" meanWaitingTime="1.54" meanTravelTime="250.83" meanSpeed="25.25" meanSpeedRelative="0.79" duration="1"/>
    <step time="6000.00" loaded="3054" inserted="3054" running="97" waiting="0" ended="2957" arrived="2957" collisions="3" teleports="3" halting="0" stopped="0" meanWaitingTime="1.49" meanTravelTime="250.51" meanSpeed="25.22" meanSpeedRelative="0.79" duration="1"/>
    <step time="6300.00" loaded="3155" inserted="3155" running="102" waiting="0" ended="3053" arrived="3053" collisions="3" teleports="3" halting="2" stopped="0" meanWaitingTime="1.45" meanTravelTime="252.01" meanSpeed="25.04" meanSpeedRelative="0.78" duration="1"/>
    <step time="6600.00" loaded="3262" inserted="3262" running="106" waiting="0" ended="3156" arrived="3156" collisions="3" teleports="3" halting="1" stopped="0" meanWaitingTime="1.41" meanTravelTime="252.59" meanSpeed="25.24" meanSpeedRelative="0.79" duration="1"/>
    <step time="6900.00" loaded="3382" inserted="3382" running="107" waiting="0" ended="3275" arrived="3275" collisions="3" teleports="3" halting="0" stopped="0" meanWaitingTime="1.36" meanTravelTime="253.09" meanSpeed="26.45" meanSpeedRelative="0.83" duration="1"/>
    <step time="7200.00" loaded="3488" inserted="3488" running="100" waiting="0" ended="3388" arrived="3388" collisions="3" teleports="3" halting="0" stopped="0" meanWaitingTime="1.33" meanTravelTime="254.18" meanSpeed="25.23" meanSpeedRelative="0.79" duration="86"/>
    <step time="7500.00" loaded="3638" inserted="3625" running="121" waiting="13" ended="3504" arrived="3504" collisions="3" teleports="3" halting="6" stopped="0" meanWaitingTime="1.57" meanTravelTime="254.60" meanSpeed="23.53" meanSpeedRelative="0.74" duration="1"/>
    <step time="7800.00" loaded="3797" inserted="3791" running="135" waiting="6" ended="3656" arrived="3656" collisions="3" teleports="3" halting="1" stopped="0" meanWaitingTime="2.15" meanTravelTime="254.23" meanSpeed="25.25" meanSpeedRelative="0.79" duration="1"/>
    <step time="8100.00" loaded="3960" inserted="3959" running="146" waiting="1" ended="3813" arrived="3813" collisions="3" teleports="3" halting="1" stopped="0" meanWaitingTime="2.44" meanTravelTime="253.18" meanSpeed="24.42" meanSpeedRelative="0.76" duration="1"/>
    <step time="8400.00" loaded="4099" inserted="4098" running="138" waiting="1" ended="3960" arrived="3960" collisions="4" teleports="4" halting="4" stopped="0" meanWaitingTime="2.50" meanTravelTime="253.39" meanSpeed="24.48" meanSpeedRelative="0.76" duration="1"/>
    <step time="8700.00" loaded="4234" inserted="4229" running="116" waiting="5" ended="4113" arrived="4113" collisions="4" teleports="4" halting="5" stopped="0" meanWaitingTime="2.65" meanTravelTime="254.34" meanSpeed="23.85" meanSpeedRelative="0.75" duration="1"/>
    <step time="9000.00" loaded="4385" inserted="4372" running="117" waiting="13" ended="4255" arrived="4255" collisions="4" teleports="4" halting="0" stopped="0" meanWaitingTime="2.91" meanTravelTime="255.46" meanSpeed="25.96" meanSpeedRelative="0.81" duration="1"/>
    <step time="9300.00" loaded="4537" inserted="4519" running="122" waiting="18" ended="4397" arrived="4397" collisions="5" teleports="5" halting="1" stopped="0" meanWaitingTime="3.71" meanTravelTime="255.42" meanSpeed="24.61" meanSpeedRelative="0.77" duration="0"/>
    <step time="9600.00" loaded="4672" inserted="4664" running="121" waiting="8" ended="4543" arrived="4543" collisions="5" teleports="5" halting="3" stopped="0" meanWaitingTime="4.77" meanTravelTime="254.60" meanSpeed="25.20" meanSpeedRelative="0.79" duration="1"/>
    <step time="9900.00" loaded="4829" inserted="4814" running="127" waiting="15" ended="4687" arrived="4687" collisions="5" teleports="5" halting="5" stopped="0" meanWaitingTime="5.35" meanTravelTime="254.08" meanSpeed="24.02" meanSpeedRelative="0.75" duration="2"/>
    <step time="10200.00" loaded="4984" inserted="4958" running="133" waiting="26" ended="4825" arrived="4825" collisions="5" teleports="5" halting="0" stopped="0" meanWaitingTime="5.98" meanTravelTime="253.60" meanSpeed="24.55" meanSpeedRelative="0.77" duration="1"/>
    <step time="10500.00" loaded="5121" inserted="5087" running="120" waiting="34" ended="4967" arrived="4967" collisions="5" teleports="5" halting="2" stopped="0" meanWaitingTime="7.10" meanTravelTime="254.26" meanSpeed="24.75" meanSpeedRelative="0.77" duration="1"/>
    <step time="10800.00" loaded="5263" inserted="5219" running="125" waiting="44" ended="5094" arrived="5094" collisions="5" teleports="5" halting="2" stopped="0" meanWaitingTime="8.65" meanTravelTime="255.24" meanSpeed="25.37" meanSpeedRelative="0.79" duration="86"/>
    <step time="11100.00" loaded="5411" inserted="5353" running="117" waiting="58" ended="5236" arrived="5236" collisions="5" teleports="5" halting="3" stopped="0" meanWaitingTime="10.45" meanTravelTime="255.74" meanSpeed="24.42" meanSpeedRelative="0.76" duration="1"/>
    <step time="11400.00" loaded="5553" inserted="5498" running="127" waiting="55" ended="5371" arrived="5371" collisions="5" teleports="5" halting="3" stopped="0" meanWaitingTime="12.67" meanTravelTime="256.04" meanSpeed="24.05" meanSpeedRelative="0.75" duration="1"/>
    <step time="11700.00" loaded="5709" inserted="5663" running="123" waiting="46" ended="5540" arrived="5540" collisions="5" teleports="5" halting="0" stopped="0" meanWaitingTime="15.26" meanTravelTime="255.29" meanSpeed="24.91" meanSpeedRelative="0.78" duration="1"/>
    <step time="12000.00" loaded="5854" inserted="5804" running="100" waiting="50" ended="5704" arrived="5704" collisions="5" teleports="5" halting="1" stopped="0" meanWaitingTime="17.59" meanTravelTime="254.55" meanSpeed="24.56" meanSpeedRelative="0.77" duration="1"/>
    <step time="12300.00" loaded="5993" inserted="5944" running="110" waiting="49" ended="5834" arrived="5834" collisions="5" teleports="5" halting="6" stopped="0" meanWaitingTime="19.40" meanTravelTime="254.19" meanSpeed="24.55" meanSpeedRelative="0.77" duration="1"/>
    <step time="12600.00" loaded="6143" inserted="6083" running="121" waiting="60" ended="5962" arrived="5962" collisions="5" teleports="5" halting="1" stopped="0" meanWaitingTime="21.09" meanTravelTime="253.84" meanSpeed="24.60" meanSpeedRelative="0.77" duration="0"/>
    <step time="12900.00" loaded="6295" inserted="6231" running="115" waiting="64" ended="6116" arrived="6116" collisions="5" teleports="5" halting="2" stopped="0" meanWaitingTime="23.18" meanTravelTime="253.59" meanSpeed="24.12" meanSpeedRelative="0.75" duration="1"/>
    <step time="13200.00" loaded="6437" inserted="6381" running="117" waiting="56" ended="6264" arrived="6264" collisions="5" teleports="5" halting="3" stopped="0" meanWaitingTime="25.26" meanTravelTime="253.16" meanSpeed="24.10" meanSpeedRelative="0.75" duration="1"/>
    <step time="13500.00" loaded="6579" inserted="6529" running="118" waiting="50" ended="6411" arrived="6411" collisions="5" teleports="5" halting="1" stopped="0" meanWaitingTime="27.37" meanTravelTime="252.85" meanSpeed="23.69" meanSpeedRelative="0.74" duration="1"/>
    <step time="13800.00" loaded="6715" inserted="6677" running="112" waiting="38" ended="6565" arrived="6565" collisions="5" teleports="5" halting="1" stopped="0" meanWaitingTime="29.51" meanTravelTime="252.16" meanSpeed="25.44" meanSpeedRelative="0.79" duration="1"/>
    <step time="14100.00" loaded="6844" inserted="6806" running="100" waiting="38" ended="6706" arrived="6706" collisions="5" teleports="5" halting="4" stopped="0" meanWaitingTime="31.34" meanTravelTime="251.99" meanSpeed="24.77" meanSpeedRelative="0.77" duration="1"/>
    <step time="14400.00" loaded="6969" inserted="6935" running="107" waiting="34" ended="6828" arrived="6828" collisions="5" teleports="5" halting="4" stopped="0" meanWaitingTime="32.40" meanTravelTime="251.49" meanSpeed="24.88" meanSpeedRelative="0.78" duration="86"/>
    <step time="14700.00" loaded="7084" inserted="7047" running="84" waiting="37" ended="6963" arrived="6963" collisions="5" teleports="5" halting="0" stopped="0" meanWaitingTime="33.32" meanTravelTime="251.42" meanSpeed="23.47" meanSpeedRelative="0.73" duration="0"/>
    <step time="15000.00" loaded="7183" inserted="7142" running="84" waiting="41" ended="7058" arrived="7058" collisions="5" teleports="5" halting="4" stopped="0" meanWaitingTime="34.17" meanTravelTime="251.68" meanSpeed="23.44" meanSpeedRelative="0.73" duration="1"/>
    <step time="15300.00" loaded="7289" inserted="7245" running="82" waiting="44" ended="7163" arrived="7163" collisions="5" teleports="5" halting="3" stopped="0" meanWaitingTime="35.21" meanTravelTime="251.50" meanSpeed="24.35" meanSpeedRelative="0.76" duration="1"/>
    <step time="15600.00" loaded="7380" inserted="7341" running="72" waiting="39" ended="7269" arrived="7269" collisions="5" teleports="5" halting="7" stopped="0" meanWaitingTime="36.61" meanTravelTime="251.30" meanSpeed="22.92" meanSpeedRelative="0.72" duration="1"/>
    <step time="15900.00" loaded="7475" inserted="7447" running="75" waiting="28" ended="7372" arrived="7372" collisions="5" teleports="5" halting="1" stopped="0" meanWaitingTime="38.00" meanTravelTime="251.04" meanSpeed="23.60" meanSpeedRelative="0.74" duration="0"/>
    <step time="16200.00" loaded="7583" inserted="7561" running="79" waiting="22" ended="7482" arrived="7482" collisions="5" teleports="5" halting="0" stopped="0" meanWaitingTime="38.82" meanTravelTime="250.28" meanSpeed="25.16" meanSpeedRelative="0.79" duration="0"/>
    <step time="16500.00" loaded="7685" inserted="7662" running="76" waiting="23" ended="7586" arrived="7586" collisions="5" teleports="5" halting="2" stopped="0" meanWaitingTime="39.21" meanTravelTime="250.32" meanSpeed="23.59" meanSpeedRelative="0.74" duration="1"/>
    <step time="16800.00" loaded="7763" inserted="7758" running="68" waiting="5" ended="7690" arrived="7690" collisions="5" teleports="5" halting="3" stopped="0" meanWaitingTime="39.65" meanTravelTime="249.77" meanSpeed="23.83" meanSpeedRelative="0.74" duration="1"/>
    <step time="17100.00" loaded="7855" inserted="7855" running="66" waiting="0" ended="7789" arrived="7789" collisions="5" teleports="5" halting="1" stopped="0" meanWaitingTime="39.25" meanTravelTime="249.59" meanSpeed="25.76" meanSpeedRelative="0.80" duration="0"/>
    <step time="17400.00" loaded="7956" inserted="7956" running="66" waiting="0" ended="7890" arrived="7890" collisions="5" teleports="5" halting="1" stopped="0" meanWaitingTime="38.77" meanTravelTime="248.76" meanSpeed="26.20" meanSpeedRelative="0.82" duration="1"/>
    <step time="17700.00" loaded="8059" inserted="8059" running="68" waiting="0" ended="7991" arrived="7991" collisions="5" teleports="5" halting="2" stopped="0" meanWaitingTime="38.28" meanTravelTime="248.29" meanSpeed="25.09" meanSpeedRelative="0.78" duration="0"/>
    <step time="18000.00" loaded="8162" inserted="8161" running="69" waiting="1" ended="8092" arrived="8092" collisions="5" teleports="5" halting="2" stopped="0" meanWaitingTime="37.81" meanTravelTime="247.81" meanSpeed="22.86" meanSpeedRelative="0.71" duration="81"/>
    <step time="18300.00" loaded="8353" inserted="8342" running="116" waiting="11" ended="8226" arrived="8226" collisions="5" teleports="5" halting="4" stopped="0" meanWaitingTime="37.13" meanTravelTime="246.95" meanSpeed="24.04" meanSpeedRelative="0.75" duration="1"/>
    <step time="18600.00" loaded="8572" inserted="8556" running="156" waiting="16" ended="8400" arrived="8400" collisions="5" teleports="5" halting="0" stopped="0" meanWaitingTime="36.57" meanTravelTime="245.55" meanSpeed="25.90" meanSpeedRelative="0.81" duration="1"/>
    <step time="18900.00" loaded="8775" inserted="8751" running="159" waiting="24" ended="8592" arrived="8592" collisions="5" teleports="5" halting="1" stopped="0" meanWaitingTime="36.24" meanTravelTime="245.45" meanSpeed="24.85" meanSpeedRelative="0.78" duration="1"/>
    <step time="19200.00" loaded="8977" inserted="8945" running="141" waiting="32" ended="8804" arrived="8804" collisions="5" teleports="5" halting="4" stopped="0" meanWaitingTime="36.24" meanTravelTime="245.07" meanSpeed="23.60" meanSpeedRelative="0.74" duration="1"/>
    <step time="19500.00" loaded="9204" inserted="9147" running="170" waiting="57" ended="8977" arrived="8977" collisions="5" teleports="5" halting="1" stopped="0" meanWaitingTime="36.33" meanTravelTime="244.71" meanSpeed="23.18" meanSpeedRelative="0.72" duration="1"/>
    <step time="19800.00" loaded="9390" inserted="9323" running="140" waiting="67" ended="9183" arrived="9183" collisions="5" teleports="5" halting="1" stopped="0" meanWaitingTime="36.83" meanTravelTime="244.54" meanSpeed="24.33" meanSpeedRelative="0.76" duration="0"/>
    <step time="20100.00" loaded="9620" inserted="9540" running="162" waiting="80" ended="9378" arrived="9378" collisions="5" teleports="5" halting="4" stopped="0" meanWaitingTime="37.82" meanTravelTime="244.03" meanSpeed="24.17" meanSpeedRelative="0.76" duration="1"/>
    <step time="20400.00" loaded="9834" inserted="9752" running="166" waiting="82" ended="9586" arrived="9586" collisions="5" teleports="5" halting="4" stopped="0" meanWaitingTime="39.19" meanTravelTime="243.44" meanSpeed="23.86" meanSpeedRelative="0.75" duration="1"/>
    <step time="20700.00" loaded="10020" inserted="9924" running="147" waiting="96" ended="9777" arrived="9777" collisions="5" teleports="5" halting="3" stopped="0" meanWaitingTime="40.26" meanTravelTime="243.82" meanSpeed="24.64" meanSpeedRelative="0.77" duration="1"/>
    <step time="21000.00" loaded="10229" inserted="10126" running="166" waiting="103" ended="9960" arrived="9960" collisions="5" teleports="5" halting="3" stopped="0" meanWaitingTime="41.73" meanTravelTime="244.03" meanSpeed="23.40" meanSpeedRelative="0.73" duration="1"/>
    <step time="21300.00" loaded="10413" inserted="10297" running="145" waiting="116" ended="10152" arrived="10152" collisions="5" teleports="5" halting="1" stopped="0" meanWaitingTime="43.27" meanTravelTime="244.09" meanSpeed="24.33" meanSpeedRelative="0.76" duration="1"/>
    <step time="21600.00" loaded="10616" inserted="10501" running="145" waiting="115" ended="10356" arrived="10356" collisions="5" teleports="5" halting="6" stopped="0" meanWaitingTime="45.40" meanTravelTime="243.80" meanSpeed="23.66" meanSpeedRelative="0.74" duration="79"/>
    <step time="21900.00" loaded="11080" inserted="10921" running="329" waiting="159" ended="10592" arrived="10592" collisions="5" teleports="5" halting="8" stopped="0" meanWaitingTime="48.07" meanTravelTime="243.22" meanSpeed="22.03" meanSpeedRelative="0.69" duration="1"/>
    <step time="22200.00" loaded="11554" inserted="11336" running="399" waiting="218" ended="10937" arrived="10937" collisions="7" teleports="7" halting="3" stopped="0" meanWaitingTime="50.90" meanTravelTime="242.97" meanSpeed="21.15" meanSpeedRelative="0.66" duration="2"/>
    <step time="22500.00" loaded="12007" inserted="11714" running="406" waiting="293" ended="11308" arrived="11308" collisions="7" teleports="7" halting="6" stopped="0" meanWaitingTime="52.98" meanTravelTime="244.04" meanSpeed="20.88" meanSpeedRelative="0.65" duration="2"/>
    <step time="22800.00" loaded="12455" inserted="12123" running="435" waiting="332" ended="11688" arrived="11688" collisions="9" teleports="9" halting="8" stopped="0" meanWaitingTime="57.54" meanTravelTime="246.40" meanSpeed="20.60" meanSpeedRelative="0.64" duration="3"/>
    <step time="23100.00" loaded="12890" inserted="12530" running="438" waiting="360" ended="12092" arrived="12092" collisions="11" teleports="11" halting="5" stopped="0" meanWaitingTime="63.27" meanTravelTime="249.03" meanSpeed="20.14" meanSpeedRelative="0.63" duration="3"/>
    <step time="23400.00" loaded="13373" inserted="12955" running="460" waiting="418" ended="12495" arrived="12495" collisions="11" teleports="11" halting="6" stopped="0" meanWaitingTime="68.89" meanTravelTime="251.33" meanSpeed="20.10" meanSpeedRelative="0.63" duration="3"/>
    <step time="23700.00" loaded="13801" inserted="13363" running="458" waiting="438" ended="12905" arrived="12905" collisions="14" teleports="14" halting="7" stopped="0" meanWaitingTime="75.17" meanTravelTime="253.49" meanSpeed="19.56" meanSpeedRelative="0.61" duration="3"/>
    <step time="24000.00" loaded="14239" inserted="13770" running="461" waiting="469" ended="13309" arrived="13309" collisions="15" teleports="15" halting="6" stopped="0" meanWaitingTime="81.61" meanTravelTime="256.25" meanSpeed="19.26" meanSpeedRelative="0.60" duration="3"/>
    <step time="24300.00" loaded="14672" inserted="14167" running="478" waiting="505" ended="13689" arrived="13689" collisions="15" teleports="15" halting="11" stopped="0" meanWaitingTime="88.79" meanTravelTime="258.05" meanSpeed="19.62" meanSpeedRelative="0.61" duration="2"/>
    <step time="24600.00" loaded="15140" inserted="14605" running="516" waiting="535" ended="14089" arrived="14089" collisions="16" teleports="16" halting="8" stopped="0" meanWaitingTime="95.54" meanTravelTime="261.05" meanSpeed="18.36" meanSpeedRelative="0.57" duration="3"/>
    <step time="24900.00" loaded="15608" inserted="15039" running="518" waiting="569" ended="14521" arrived="14521" collisions="17" teleports="17" halting="5" stopped="0" meanWaitingTime="102.34" meanTravelTime="263.87" meanSpeed="18.93" meanSpeedRelative="0.59" duration="4"/>
    <step time="25200.00" loaded="16054" inserted="15452" running="493" waiting="602" ended="14959" arrived="14959" collisions="18" teleports="18" halting="7" stopped="0" meanWaitingTime="109.19" meanTravelTime="266.69" meanSpeed="18.06" meanSpeedRelative="0.56" duration="88"/>
    <step time="25500.00" loaded="16635" inserted="15915" running="588" waiting="720" ended="15327" arrived="15327" collisions="20" teleports="20" halting="15" stopped="0" meanWaitingTime="116.36" meanTravelTime="268.48" meanSpeed="17.21" meanSpeedRelative="0.54" duration="3"/>
    <step time="25800.00" loaded="17158" inserted="16384" running="586" waiting="774" ended="15798" arrived="15798" collisions="20" teleports="20" halting="11" stopped="0" meanWaitingTime="123.89" meanTravelTime="271.84" meanSpeed="16.67" meanSpeedRelative="0.52" duration="3"/>
    <step time="26100.00" loaded="17744" inserted="16875" running="600" waiting="869" ended="16275" arrived="16275" collisions="21" teleports="21" halting="6" stopped="0" meanWaitingTime="131.57" meanTravelTime="274.40" meanSpeed="17.90" meanSpeedRelative="0.56" duration="3"/>
    <step time="26400.00" loaded="18290" inserted="17345" running="606" waiting="945" ended="16739" arrived="16739" collisions="24" teleports="24" halting="11" stopped="0" meanWaitingTime="139.64" meanTravelTime="277.34" meanSpeed="16.82" meanSpeedRelative="0.53" duration="4"/>
    <step time="26700.00" loaded="18830" inserted="17812" running="636" waiting="1018" ended="17176" arrived="17176" collisions="24" teleports="24" halting="11" stopped="0" meanWaitingTime="148.91" meanTravelTime="280.54" meanSpeed="16.70" meanSpeedRelative="0.52" duration="3"/>
    <step time="27000.00" loaded="19383" inserted="18255" running="622" waiting="1128" ended="17633" arrived="17633" collisions="25" teleports="25" halting="8" stopped="0" meanWaitingTime="158.33" meanTravelTime="283.66" meanSpeed="15.84" meanSpeedRelative="0.49" duration="4"/>
    <step time="27300.00" loaded="19945" inserted="18727" running="654" waiting="1218" ended="18073" arrived="18073" collisions="25" teleports="25" halting="9" stopped="0" meanWaitingTime="168.53" meanTravelTime="286.93" meanSpeed="16.20" meanSpeedRelative="0.51" duration="3"/>
    <step time="27600.00" loaded="20503" inserted="19186" running="625" waiting="1317" ended="18561" arrived="18561" collisions="25" teleports="25" halting="6" stopped="0" meanWaitingTime="178.26" meanTravelTime="290.35" meanSpeed="15.26" meanSpeedRelative="0.48" duration="4"/>
    <step time="27900.00" loaded="21063" inserted="19645" running="656" waiting="1418" ended="18989" arrived="18989" collisions="25" teleports="25" halting="37" stopped="0" meanWaitingTime="189.51" meanTravelTime="292.96" meanSpeed="14.88" meanSpeedRelative="0.46" duration="3"/>
    <step time="28200.00" loaded="21643" inserted="20113" running="664" waiting="1530" ended="19449" arrived="19449" collisions="25" teleports="25" halting="12" stopped="0" meanWaitingTime="200.91" meanTravelTime="296.31" meanSpeed="15.03" meanSpeedRelative="0.47" duration="5"/>
    <step time="28500.00" loaded="22236" inserted="20585" running="690" waiting="1651" ended="19895" arrived="19895" collisions="25" teleports="25" halting="10" stopped="0" meanWaitingTime="212.60" meanTravelTime="298.72" meanSpeed="14.54" meanSpeedRelative="0.45" duration="3"/>
    <step time="28800.00" loaded="22798" inserted="21040" running="686" waiting="1758" ended="20354" arrived="20354" collisions="25" teleports="25" halting="11" stopped="0" meanWaitingTime="224.98" meanTravelTime="302.27" meanSpeed="14.45" meanSpeedRelative="0.45" duration="91"/>
    <step time="29100.00" loaded="23157" inserted="21476" running="662" waiting="1681" ended="20814" arrived="20814" collisions="27" teleports="27" halting="13" stopped="0" meanWaitingTime="238.13" meanTravelTime="305.12" meanSpeed="14.16" meanSpeedRelative="0.44" duration="3"/>
    <step time="29400.00" loaded="23526" inserted="21913" running="656" waiting="1613" ended="21257" arrived="21257" collisions="28" teleports="28" halting="8" stopped="0" meanWaitingTime="251.82" meanTravelTime="307.78" meanSpeed="15.09" meanSpeedRelative="0.47" duration="3"/>
    <step time="29700.00" loaded="23898" inserted="22334" running="613" waiting="1564" ended="21721" arrived="21721" collisions="30" teleports="30" halting="6" stopped="0" meanWaitingTime="264.76" meanTravelTime="310.83" meanSpeed="15.67" meanSpeedRelative="0.49" duration="3"/>
    <step time="30000.00" loaded="24259" inserted="22761" running="616" waiting="1498" ended="22145" arrived="22145" collisions="34" teleports="34" halting="13" stopped="0" meanWaitingTime="277.77" meanTravelTime="313.74" meanSpeed="15.26" meanSpeedRelative="0.48" duration="4"/>
    <step time="30300.00" loaded="24592" inserted="23159" running="592" waiting="1433" ended="22567" arrived="22567" collisions="37" teleports="37" halting="10" stopped="0" meanWaitingTime="290.60" meanTravelTime="316.13" meanSpeed="16.17" meanSpeedRelative="0.51" duration="4"/>
    <step time="30600.00" loaded="24944" inserted="23564" running="530" waiting="1380" ended="23034" arrived="23034" collisions="38" teleports="38" halting="9" stopped="0" meanWaitingTime="303.75" meanTravelTime="318.44" meanSpeed="16.04" meanSpeedRelative="0.50" duration="2"/>
    <step time="30900.00" loaded="25313" inserted="23969" running="537" waiting="1344" ended="23432" arrived="23432" collisions="39" teleports="39" halting="7" stopped="0" meanWaitingTime="316.81" meanTravelTime="319.50" meanSpeed="15.74" meanSpeedRelative="0.49" duration="4"/>
    <step time="31200.00" loaded="25665" inserted="24378" running="521" waiting="1287" ended="23857" arrived="23857" collisions="39" teleports="39" halting="7" stopped="0" meanWaitingTime="329.63" meanTravelTime="320.86" meanSpeed="16.35" meanSpeedRelative="0.51" duration="4"/>
    <step time="31500.00" loaded="25985" inserted="24769" running="506" waiting="1216" ended="24263" arrived="24263" collisions="39" teleports="39" halting="12" stopped="0" meanWaitingTime="342.71" meanTravelTime="321.88" meanSpeed="16.36" meanSpeedRelative="0.51" duration="2"/>
    <step time="31800.00" loaded="26355" inserted="25173" running="473" waiting="1182" ended="24700" arrived="24700" collisions="39" teleports="39" halting="5" stopped="0" meanWaitingTime="354.51" meanTravelTime="322.77" meanSpeed="16.25" meanSpeedRelative="0.51" duration="3"/>
    <step time="32100.00" loaded="26726" inserted="25549" running="461" waiting="1177" ended="25088" arrived="25088" collisions="39" teleports="39" halting="5" stopped="0" meanWaitingTime="365.22" meanTravelTime="323.59" meanSpeed="17.36" meanSpeedRelative="0.54" duration="4"/>
    <step time="32400.00" loaded="27070" inserted="25921" running="433" waiting="1149" ended="25488" arrived="25488" collisions="40" teleports="40" halting="10" stopped="0" meanWaitingTime="375.36" meanTravelTime="324.01" meanSpeed="18.08" meanSpeedRelative="0.56" duration="90"/>
    <step time="32700.00" loaded="27346" inserted="26249" running="379" waiting="1097" ended="25870" arrived="25870" collisions="40" teleports="40" halting="5" stopped="0" meanWaitingTime="385.39" meanTravelTime="324.53" meanSpeed="18.64" meanSpeedRelative="0.58" duration="3"/>
    <step time="33000.00" loaded="27627" inserted="26590" running="376" waiting="1037" ended="26214" arrived="26214" collisions="40" teleports="40" halting="5" stopped="0" meanWaitingTime="395.00" meanTravelTime="325.04" meanSpeed="19.66" meanSpeedRelative="0.61" duration="3"/>
    <step time="33300.00" loaded="27885" inserted="26919" running="350" waiting="966" ended="26569" arrived="26569" collisions="41" teleports="41" halting="8" stopped="0" meanWaitingTime="403.37" meanTravelTime="325.20" meanSpeed="19.36" meanSpeedRelative="0.61" duration="2"/>
    <step time="33600.00" loaded="28154" inserted="27266" running="330" waiting="888" ended="26936" arrived="26936" collisions="42" teleports="42" halting="4" stopped="0" meanWaitingTime="411.09" meanTravelTime="324.85" meanSpeed="21.25" meanSpeedRelative="0.66" duration="2"/>
    <step time="33900.00" loaded="28382" inserted="27581" running="311" waiting="801" ended="27270" arrived="27270" collisions="44" teleports="44" halting="8" stopped="0" meanWaitingTime="419.68" meanTravelTime="324.57" meanSpeed="20.05" meanSpeedRelative="0.63" duration="2"/>
    <step time="34200.00" loaded="28643" inserted="27921" running="328" waiting="722" ended="27593" arrived="27593" collisions="44" teleports="44" halting="10" stopped="0" meanWaitingTime="426.37" meanTravelTime="324.55" meanSpeed="20.56" meanSpeedRelative="0.64" duration="3"/>
    <step time="34500.00" loaded="28891" inserted="28254" running="332" waiting="637" ended="27922" arrived="27922" collisions="44" teleports="44" halting="7" stopped="0" meanWaitingTime="432.48" meanTravelTime="324.04" meanSpeed="20.39" meanSpeedRelative="0.64" duration="3"/>
    <step time="34800.00" loaded="29182" inserted="28578" running="311" waiting="604" ended="28267" arrived="28267" collisions="44" teleports="44" halting="10" stopped="0" meanWaitingTime="437.39" meanTravelTime="323.51" meanSpeed="20.49" meanSpeedRelative="0.64" duration="2"/>
    <step time="35100.00" loaded="29439" inserted="28911" running="316" waiting="528" ended="28595" arrived="28595" collisions="46" teleports="46" halting="2" stopped="0" meanWaitingTime="441.03" meanTravelTime="323.24" meanSpeed="21.11" meanSpeedRelative="0.66" duration="2"/>
    <step time="35400.00" loaded="29686" inserted="29240" running="316" waiting="446" ended="28924" arrived="28924" collisions="47" teleports="47" halting="3" stopped="0" meanWaitingTime="443.34" meanTravelTime="322.93" meanSpeed="20.76" meanSpeedRelative="0.65" duration="2"/>
    <step time="35700.00" loaded="29928" inserted="29556" running="291" waiting="372" ended="29265" arrived="29265" collisions="47" teleports="47" halting="9" stopped="0" meanWaitingTime="445.18" meanTravelTime="322.53" meanSpeed="20.47" meanSpeedRelative="0.64" duration="2"/>
    <step time="36000.00" loaded="30195" inserted="29884" running="305" waiting="311" ended="29579" arrived="29579" collisions="47" teleports="47" halting="10" stopped="0" meanWaitingTime="445.65" meanTravelTime="322.09" meanSpeed="20.14" meanSpeedRelative="0.63" duration="85"/>
    <step time="36300.00" loaded="30650" inserted="30331" running="413" waiting="319" ended="29918" arrived="29918" collisions="48" teleports="48" halting="4" stopped="0" meanWaitingTime="443.41" meanTravelTime="321.48" meanSpeed="20.87" meanSpeedRelative="0.65" duration="2"/>
    <step time="36600.00" loaded="31126" inserted="30783" running="439" waiting="343" ended="30344" arrived="30344" collisions="51" teleports="51" halting="6" stopped="0" meanWaitingTime="441.52" meanTravelTime="320.78" meanSpeed="20.20" meanSpeedRelative="0.63" duration="3"/>
    <step time="36900.00" loaded="31631" inserted="31225" running="469" waiting="406" ended="30756" arrived="30756" collisions="54" teleports="54" halting="6" stopped="0" meanWaitingTime="439.04" meanTravelTime="320.53" meanSpeed="19.56" meanSpeedRelative="0.61" duration="3"/>
    <step time="37200.00" loaded="32110" inserted="31670" running="504" waiting="440" ended="31166" arrived="31166" collisions="55" teleports="55" halting="14" stopped="0" meanWaitingTime="436.85" meanTravelTime="320.34" meanSpeed="20.16" meanSpeedRelative="0.63" duration="3"/>
    <step time="37500.00" loaded="32581" inserted="32112" running="491" waiting="469" ended="31621" arrived="31621" collisions="55" teleports="55" halting="6" stopped="0" meanWaitingTime="435.10" meanTravelTime="320.59" meanSpeed="20.00" meanSpeedRelative="0.62" duration="3"/>
    <step time="37800.00" loaded="33041" inserted="32559" running="486" waiting="482" ended="32073" arrived="32073" collisions="56" teleports="56" halting="5" stopped="0" meanWaitingTime="433.49" meanTravelTime="320.84" meanSpeed="20.58" meanSpeedRelative="0.64" duration="2"/>
    <step time="38100.00" loaded="33500" inserted="33010" running="483" waiting="490" ended="32527" arrived="32527" collisions="57" teleports="57" halting="8" stopped="0" meanWaitingTime="431.47" meanTravelTime="320.88" meanSpeed="18.87" meanSpeedRelative="0.59" duration="3"/>
    <step time="38400.00" loaded="33994" inserted="33472" running="487" waiting="522" ended="32985" arrived="32985" collisions="57" teleports="57" halting="14" stopped="0" meanWaitingTime="429.56" meanTravelTime="320.88" meanSpeed="19.70" meanSpeedRelative="0.62" duration="3"/>
    <step time="38700.00" loaded="34451" inserted="33904" running="484" waiting="547" ended="33420" arrived="33420" collisions="57" teleports="57" halting="4" stopped="0" meanWaitingTime="428.11" meanTravelTime="321.07" meanSpeed="20.09" meanSpeedRelative="0.63" duration="3"/>
    <step time="39000.00" loaded="34898" inserted="34350" running="490" waiting="548" ended="33860" arrived="33860" collisions="58" teleports="58" halting="7" stopped="0" meanWaitingTime="426.77" meanTravelTime="321.18" meanSpeed="19.10" meanSpeedRelative="0.60" duration="3"/>
    <step time="39300.00" loaded="35390" inserted="34799" running="516" waiting="591" ended="34283" arrived="34283" collisions="58" teleports="58" halting="14" stopped="0" meanWaitingTime="425.16" meanTravelTime="321.45" meanSpeed="18.77" meanSpeedRelative="0.59" duration="3"/>
    <step time="39600.00" loaded="35888" inserted="35241" running="531" waiting="647" ended="34710" arrived="34710" collisions="58" teleports="58" halting="4" stopped="0" meanWaitingTime="424.16" meanTravelTime="321.39" meanSpeed="18.92" meanSpeedRelative="0.59" duration="88"/>
    <step time="39900.00" loaded="36454" inserted="35725" running="573" waiting="729" ended="35152" arrived="35152" collisions="58" teleports="58" halting="9" stopped="0" meanWaitingTime="423.11" meanTravelTime="321.93" meanSpeed="18.11" meanSpeedRelative="0.57" duration="3"/>
    <step time="40200.00" loaded="36954" inserted="36163" running="554" waiting="791" ended="35609" arrived="35609" collisions="59" teleports="59" halting="6" stopped="0" meanWaitingTime="422.99" meanTravelTime="322.66" meanSpeed="17.99" meanSpeedRelative="0.56" duration="3"/>
    <step time="40500.00" loaded="37510" inserted="36663" running="621" waiting="847" ended="36042" arrived="36042" collisions="60" teleports="60" halting="12" stopped="0" meanWaitingTime="423.13" meanTravelTime="323.10" meanSpeed="17.48" meanSpeedRelative="0.55" duration="4"/>
    <step time="40800.00" loaded="38057" inserted="37117" running="567" waiting="940" ended="36550" arrived="36550" collisions="62" teleports="62" halting="13" stopped="0" meanWaitingTime="423.31" meanTravelTime="323.84" meanSpeed="18.09" meanSpeedRelative="0.57" duration="4"/>
    <step time="41100.00" loaded="38608" inserted="37588" running="597" waiting="1020" ended="36991" arrived="36991" collisions="64" teleports="64" halting="7" stopped="0" meanWaitingTime="423.89" meanTravelTime="324.34" meanSpeed="18.42" meanSpeedRelative="0.58" duration="4"/>
    <step time="41400.00" loaded="39167" inserted="38065" running="652" waiting="1102" ended="37413" arrived="37413" collisions="65" teleports="65" halting="8" stopped="0" meanWaitingTime="424.65" meanTravelTime="325.10" meanSpeed="17.22" meanSpeedRelative="0.54" duration="3"/>
    <step time="41700.00" loaded="39729" inserted="38546" running="623" waiting="1183" ended="37923" arrived="37923" collisions="66" teleports="66" halting="10" stopped="0" meanWaitingTime="425.63" meanTravelTime="325.86" meanSpeed="18.00" meanSpeedRelative="0.56" duration="4"/>
    <step time="42000.00" loaded="40228" inserted="38983" running="560" waiting="1245" ended="38423" arrived="38423" collisions="67" teleports="67" halting="9" stopped="0" meanWaitingTime="427.56" meanTravelTime="326.92" meanSpeed="18.12" meanSpeedRelative="0.57" duration="3"/>
    <step time="42300.00" loaded="40773" inserted="39440" running="586" waiting="1333" ended="38854" arrived="38854" collisions="69" teleports="69" halting="6" stopped="0" meanWaitingTime="430.10" meanTravelTime="327.51" meanSpeed="17.71" meanSpeedRelative="0.55" duration="4"/>
    <step time="42600.00" loaded="41317" inserted="39916" running="629" waiting="1401" ended="39287" arrived="39287" collisions="70" teleports="70" halting="9" stopped="0" meanWaitingTime="432.60" meanTravelTime="328.40" meanSpeed="17.75" meanSpeedRelative="0.55" duration="5"/>
    <step time="42900.00" loaded="41808" inserted="40367" running="615" waiting="1441" ended="39752" arrived="39752" collisions="70" teleports="70" halting="7" stopped="0" meanWaitingTime="435.34" meanTravelTime="329.10" meanSpeed="17.13" meanSpeedRelative="0.54" duration="4"/>
    <step time="43200.00" loaded="42315" inserted="40835" running="605" waiting="1480" ended="40230" arrived="40230" collisions="70" teleports="70" halting="16" stopped="0" meanWaitingTime="438.42" meanTravelTime="329.71" meanSpeed="17.70" meanSpeedRelative="0.55" duration="91"/>
    <step time="43500.00" loaded="42875" inserted="41320" running="621" waiting="1555" ended="40699" arrived="40699" collisions="71" teleports="71" halting="10" stopped="0" meanWaitingTime="441.63" meanTravelTime="330.26" meanSpeed="17.77" meanSpeedRelative="0.56" duration="4"/>
    <step time="43800.00" loaded="43387" inserted="41802" running="622" waiting="1585" ended="41180" arrived="41180" collisions="72" teleports="72" halting="6" stopped="0" meanWaitingTime="444.86" meanTravelTime="330.71" meanSpeed="17.08" meanSpeedRelative="0.53" duration="5"/>
    <step time="44100.00" loaded="43915" inserted="42257" running="639" waiting="1658" ended="41618" arrived="41618" collisions="73" teleports="73" halting="9" stopped="0" meanWaitingTime="448.24" meanTravelTime="331.68" meanSpeed="16.62" meanSpeedRelative="0.52" duration="4"/>
    <step time="44400.00" loaded="44424" inserted="42738" running="664" waiting="1686" ended="42074" arrived="42074" collisions="74" teleports="74" halting="11" stopped="0" meanWaitingTime="452.08" meanTravelTime="332.43" meanSpeed="17.39" meanSpeedRelative="0.54" duration="4"/>
    <step time="44700.00" loaded="44955" inserted="43217" running="657" waiting="1738" ended="42560" arrived="42560" collisions="75" teleports="75" halting="13" stopped="0" meanWaitingTime="455.65" meanTravelTime="333.37" meanSpeed="16.93" meanSpeedRelative="0.53" duration="4"/>
    <step time="45000.00" loaded="45457" inserted="43682" running="654" waiting="1775" ended="43028" arrived="43028" collisions="78" teleports="78" halting="17" stopped="0" meanWaitingTime="460.15" meanTravelTime="334.23" meanSpeed="16.31" meanSpeedRelative="0.51" duration="4"/>
    <step time="45300.00" loaded="45964" inserted="44148" running="648" waiting="1816" ended="43500" arrived="43500" collisions="78" teleports="78" halting="12" stopped="0" meanWaitingTime="464.56" meanTravelTime="335.28" meanSpeed="16.86" meanSpeedRelative="0.53" duration="4"/>
    <step time="45600.00" loaded="46487" inserted="44628" running="617" waiting="1859" ended="44011" arrived="44011" collisions="82" teleports="82" halting="11" stopped="0" meanWaitingTime="469.02" meanTravelTime="335.93" meanSpeed="18.41" meanSpeedRelative="0.58" duration="5"/>
    <step time="45900.00" loaded="47022" inserted="45094" running="617" waiting="1928" ended="44477" arrived="44477" collisions="85" teleports="85" halting="13" stopped="0" meanWaitingTime="473.74" meanTravelTime="336.66" meanSpeed="17.97" meanSpeedRelative="0.56" duration="4"/>
    <step time="46200.00" loaded="47553" inserted="45563" running="617" waiting="1990" ended="44946" arrived="44946" collisions="85" teleports="85" halting="12" stopped="0" meanWaitingTime="478.66" meanTravelTime="337.43" meanSpeed="16.91" meanSpeedRelative="0.53" duration="3"/>
    <step time="46500.00" loaded="48103" inserted="46058" running="626" waiting="2045" ended="45432" arrived="45432" collisions="86" teleports="86" halting="18" stopped="0" meanWaitingTime="483.65" meanTravelTime="337.80" meanSpeed="17.10" meanSpeedRelative="0.53" duration="4"/>
    <step time="46800.00" loaded="48625" inserted="46531" running="619" waiting="2094" ended="45912" arrived="45912" collisions="88" teleports="88" halting="9" stopped="0" meanWaitingTime="488.46" meanTravelTime="338.47" meanSpeed="17.30" meanSpeedRelative="0.54" duration="93"/>
    <step time="47100.00" loaded="49173" inserted="47035" running="648" waiting="2138" ended="46387" arrived="46387" collisions="89" teleports="89" halting="7" stopped="0" meanWaitingTime="493.56" meanTravelTime="338.91" meanSpeed="16.83" meanSpeedRelative="0.53" duration="4"/>
    <step time="47400.00" loaded="49681" inserted="47512" running="669" waiting="2169" ended="46843" arrived="46843" collisions="89" teleports="89" halting="5" stopped="0" meanWaitingTime="498.60" meanTravelTime="339.48" meanSpeed="17.37" meanSpeedRelative="0.54" duration="4"/>
    <step time="47700.00" loaded="50194" inserted="47996" running="662" waiting="2198" ended="47334" arrived="47334" collisions="91" teleports="91" halting="11" stopped="0" meanWaitingTime="503.84" meanTravelTime="340.28" meanSpeed="16.44" meanSpeedRelative="0.51" duration="5"/>
    <step time="48000.00" loaded="50714" inserted="48465" running="673" waiting="2249" ended="47792" arrived="47792" collisions="95" teleports="95" halting="13" stopped="0" meanWaitingTime="509.19" meanTravelTime="340.80" meanSpeed="16.80" meanSpeedRelative="0.52" duration="3"/>
    <step time="48300.00" loaded="51201" inserted="48933" running="654" waiting="2268" ended="48279" arrived="48279" collisions="97" teleports="97" halting="10" stopped="0" meanWaitingTime="515.40" meanTravelTime="341.66" meanSpeed="16.46" meanSpeedRelative="0.51" duration="4"/>
    <step time="48600.00" loaded="51752" inserted="49441" running="697" waiting="2311" ended="48744" arrived="48744" collisions="103" teleports="103" halting="2" stopped="0" meanWaitingTime="521.32" meanTravelTime="342.22" meanSpeed="16.63" meanSpeedRelative="0.52" duration="3"/>
    <step time="48900.00" loaded="52267" inserted="49938" running="709" waiting="2329" ended="49229" arrived="49229" collisions="105" teleports="105" halting="3" stopped="0" meanWaitingTime="527.62" meanTravelTime="342.89" meanSpeed="15.85" meanSpeedRelative="0.50" duration="4"/>
    <step time="49200.00" loaded="52801" inserted="50402" running="700" waiting="2399" ended="49702" arrived="49702" collisions="108" teleports="108" halting="13" stopped="0" meanWaitingTime="533.40" meanTravelTime="343.97" meanSpeed="15.49" meanSpeedRelative="0.48" duration="5"/>
    <step time="49500.00" loaded="53302" inserted="50881" running="698" waiting="2421" ended="50183" arrived="50183" collisions="112" teleports="112" halting="14" stopped="0" meanWaitingTime="539.34" meanTravelTime="344.90" meanSpeed="15.82" meanSpeedRelative="0.49" duration="4"/>
    <step time="49800.00" loaded="53816" inserted="51359" running="708" waiting="2457" ended="50651" arrived="50651" collisions="112" teleports="112" halting="14" stopped="0" meanWaitingTime="546.40" meanTravelTime="345.76" meanSpeed="16.09" meanSpeedRelative="0.50" duration="5"/>
    <step time="50100.00" loaded="54388" inserted="51842" running="725" waiting="2546" ended="51117" arrived="51117" collisions="113" teleports="113" halting="11" stopped="0" meanWaitingTime="552.39" meanTravelTime="346.45" meanSpeed="16.39" meanSpeedRelative="0.51" duration="7"/>
    <step time="50400.00" loaded="54947" inserted="52321" running="729" waiting="2626" ended="51592" arrived="51592" collisions="115" teleports="115" halting="11" stopped="0" meanWaitingTime="558.30" meanTravelTime="347.48" meanSpeed="15.34" meanSpeedRelative="0.48" duration="95"/>
    <step time="50700.00" loaded="55610" inserted="52829" running="763" waiting="2781" ended="52066" arrived="52066" collisions="115" teleports="115" halting="11" stopped="0" meanWaitingTime="564.27" meanTravelTime="348.75" meanSpeed="15.18" meanSpeedRelative="0.47" duration="5"/>
    <step time="51000.00" loaded="56365" inserted="53387" running="803" waiting="2978" ended="52584" arrived="52584" collisions="116" teleports="116" halting="5" stopped="0" meanWaitingTime="569.92" meanTravelTime="349.56" meanSpeed="15.62" meanSpeedRelative="0.49" duration="4"/>
    <step time="51300.00" loaded="57110" inserted="53903" running="786" waiting="3207" ended="53117" arrived="53117" collisions="122" teleports="122" halting="9" stopped="0" meanWaitingTime="575.08" meanTravelTime="350.53" meanSpeed="15.62" meanSpeedRelative="0.49" duration="6"/>
    <step time="51600.00" loaded="57861" inserted="54413" running="793" waiting="3448" ended="53620" arrived="53620" collisions="123" teleports="123" halting="10" stopped="0" meanWaitingTime="580.53" meanTravelTime="351.55" meanSpeed="15.66" meanSpeedRelative="0.49" duration="6"/>
    <step time="51900.00" loaded="58575" inserted="54979" running="841" waiting="3596" ended="54138" arrived="54138" collisions="125" teleports="125" halting="11" stopped="0" meanWaitingTime="586.77" meanTravelTime="352.50" meanSpeed="14.98" meanSpeedRelative="0.47" duration="4"/>
    <step time="52200.00" loaded="59317" inserted="55533" running="883" waiting="3784" ended="54650" arrived="54650" collisions="129" teleports="129" halting="11" stopped="0" meanWaitingTime="593.84" meanTravelTime="353.49" meanSpeed="14.31" meanSpeedRelative="0.45" duration="5"/>
    <step time="52500.00" loaded="60055" inserted="56105" running="903" waiting="3950" ended="55202" arrived="55202" collisions="131" teleports="131" halting="20" stopped="0" meanWaitingTime="599.73" meanTravelTime="354.64" meanSpeed="13.82" meanSpeedRelative="0.43" duration="7"/>
    <step time="52800.00" loaded="60784" inserted="56624" running="911" waiting="4160" ended="55713" arrived="55713" collisions="138" teleports="138" halting="11" stopped="0" meanWaitingTime="606.60" meanTravelTime="355.94" meanSpeed="13.86" meanSpeedRelative="0.43" duration="5"/>
    <step time="53100.00" loaded="61528" inserted="57183" running="971" waiting="4345" ended="56212" arrived="56212" collisions="138" teleports="138" halting="16" stopped="0" meanWaitingTime="614.85" meanTravelTime="357.50" meanSpeed="13.19" meanSpeedRelative="0.41" duration="6"/>
    <step time="53400.00" loaded="62294" inserted="57710" running="949" waiting="4584" ended="56761" arrived="56761" collisions="142" teleports="142" halting="14" stopped="0" meanWaitingTime="622.34" meanTravelTime="358.95" meanSpeed="13.25" meanSpeedRelative="0.41" duration="8"/>
    <step time="53700.00" loaded="62993" inserted="58234" running="943" waiting="4759" ended="57291" arrived="57291" collisions="146" teleports="146" halting="18" stopped="0" meanWaitingTime="630.04" meanTravelTime="360.54" meanSpeed="12.91" meanSpeedRelative="0.40" duration="6"/>
    <step time="54000.00" loaded="63683" inserted="58753" running="970" waiting="4930" ended="57783" arrived="57783" collisions="147" teleports="147" halting="19" stopped="0" meanWaitingTime="638.63" meanTravelTime="362.30" meanSpeed="12.64" meanSpeedRelative="0.40" duration="97"/>
    <step time="54300.00" loaded="64160" inserted="59222" running="930" waiting="4938" ended="58292" arrived="58292" collisions="149" teleports="149" halting="18" stopped="0" meanWaitingTime="647.92" meanTravelTime="364.25" meanSpeed="11.97" meanSpeedRelative="0.37" duration="6"/>
    <step time="54600.00" loaded="64603" inserted="59702" running="899" waiting="4901" ended="58803" arrived="58803" collisions="154" teleports="154" halting="10" stopped="0" meanWaitingTime="658.44" meanTravelTime="365.70" meanSpeed="13.62" meanSpeedRelative="0.43" duration="7"/>
    <step time="54900.00" loaded="65081" inserted="60193" running="881" waiting="4888" ended="59312" arrived="59312" collisions="161" teleports="161" halting="11" stopped="0" meanWaitingTime="669.85" meanTravelTime="367.10" meanSpeed="13.57" meanSpeedRelative="0.42" duration="5"/>
    <step time="55200.00" loaded="65550" inserted="60680" running="858" waiting="4870" ended="59822" arrived="59822" collisions="162" teleports="162" halting="5" stopped="0" meanWaitingTime="680.36" meanTravelTime="368.82" meanSpeed="14.14" meanSpeedRelative="0.44" duration="8"/>
    <step time="55500.00" loaded="66006" inserted="61155" running="834" waiting="4851" ended="60321" arrived="60321" collisions="162" teleports="162" halting="14" stopped="0" meanWaitingTime="690.56" meanTravelTime="370.31" meanSpeed="14.23" meanSpeedRelative="0.44" duration="7"/>
    <step time="55800.00" loaded="66467" inserted="61656" running="829" waiting="4811" ended="60827" arrived="60827" collisions="162" teleports="162" halting="16" stopped="0" meanWaitingTime="701.64" meanTravelTime="371.39" meanSpeed="13.94" meanSpeedRelative="0.44" duration="7"/>
    <step time="56100.00" loaded="66922" inserted="62140" running="882" waiting="4782" ended="61258" arrived="61258" collisions="168" teleports="168" halting="10" stopped="0" meanWaitingTime="713.30" meanTravelTime="372.46" meanSpeed="13.10" meanSpeedRelative="0.41" duration="8"/>
    <step time="56400.00" loaded="67401" inserted="62606" running="856" waiting="4795" ended="61750" arrived="61750" collisions="172" teleports="172" halting="12" stopped="0" meanWaitingTime="723.30" meanTravelTime="373.62" meanSpeed="13.32" meanSpeedRelative="0.42" duration="5"/>
    <step time="56700.00" loaded="67821" inserted="63040" running="811" waiting="4781" ended="62229" arrived="62229" collisions="173" teleports="173" halting="8" stopped="0" meanWaitingTime="733.51" meanTravelTime="375.17" meanSpeed="13.79" meanSpeedRelative="0.43" duration="8"/>
    <step time="57000.00" loaded="68253" inserted="63506" running="812" waiting="4747" ended="62694" arrived="62694" collisions="175" teleports="175" halting="12" stopped="0" meanWaitingTime="744.31" meanTravelTime="376.57" meanSpeed="13.41" meanSpeedRelative="0.42" duration="6"/>
    <step time="57300.00" loaded="68718" inserted="63962" running="803" waiting="4756" ended="63159" arrived="63159" collisions="175" teleports="175" halting="18" stopped="0" meanWaitingTime="755.00" meanTravelTime="377.44" meanSpeed="13.49" meanSpeedRelative="0.42" duration="7"/>
    <step time="57600.00" loaded="69172" inserted="64441" running="790" waiting="4731" ended="63651" arrived="63651" collisions="176" teleports="176" halting="10" stopped="0" meanWaitingTime="766.91" meanTravelTime="378.50" meanSpeed="14.44" meanSpeedRelative="0.45" duration="83"/>
    <step time="57900.00" loaded="69727" inserted="64944" running="811" waiting="4783" ended="64133" arrived="64133" collisions="178" teleports="178" halting="11" stopped="0" meanWaitingTime="778.45" meanTravelTime="379.16" meanSpeed="14.17" meanSpeedRelative="0.44" duration="6"/>
    <step time="58200.00" loaded="70251" inserted="65428" running="813" waiting="4823" ended="64615" arrived="64615" collisions="182" teleports="182" halting="14" stopped="0" meanWaitingTime="789.90" meanTravelTime="380.01" meanSpeed="14.17" meanSpeedRelative="0.44" duration="7"/>
    <step time="58500.00" loaded="70815" inserted="65947" running="826" waiting="4868" ended="65121" arrived="65121" collisions="185" teleports="185" halting="9" stopped="0" meanWaitingTime="800.98" meanTravelTime="380.81" meanSpeed="14.78" meanSpeedRelative="0.46" duration="7"/>
    <step time="58800.00" loaded="71391" inserted="66434" running="831" waiting="4957" ended="65603" arrived="65603" collisions="186" teleports="186" halting="3" stopped="0" meanWaitingTime="811.42" meanTravelTime="381.73" meanSpeed="14.08" meanSpeedRelative="0.44" duration="6"/>
    <step time="59100.00" loaded="71949" inserted="66949" running="904" waiting="5000" ended="66045" arrived="66045" collisions="188" teleports="188" halting="13" stopped="0" meanWaitingTime="823.40" meanTravelTime="382.42" meanSpeed="13.42" meanSpeedRelative="0.42" duration="8"/>
    <step time="59400.00" loaded="72508" inserted="67443" running="910" waiting="5065" ended="66533" arrived="66533" collisions="190" teleports="190" halting="11" stopped="0" meanWaitingTime="834.02" meanTravelTime="383.41" meanSpeed="13.46" meanSpeedRelative="0.42" duration="7"/>
    <step time="59700.00" loaded="73089" inserted="67964" running="905" waiting="5125" ended="67059" arrived="67059" collisions="192" teleports="192" halting="7" stopped="0" meanWaitingTime="844.42" meanTravelTime="384.50" meanSpeed="13.18" meanSpeedRelative="0.41" duration="8"/>
    <step time="60000.00" loaded="73652" inserted="68476" running="902" waiting="5176" ended="67574" arrived="67574" collisions="194" teleports="194" halting="10" stopped="0" meanWaitingTime="855.79" meanTravelTime="385.63" meanSpeed="13.47" meanSpeedRelative="0.42" duration="6"/>
    <step time="60300.00" loaded="74200" inserted="68987" running="933" waiting="5213" ended="68054" arrived="68054" collisions="197" teleports="197" halting="13" stopped="0" meanWaitingTime="866.78" meanTravelTime="386.60" meanSpeed="13.56" meanSpeedRelative="0.42" duration="7"/>
    <step time="60600.00" loaded="74762" inserted="69483" running="936" waiting="5279" ended="68547" arrived="68547" collisions="197" teleports="197" halting="16" stopped="0" meanWaitingTime="878.25" meanTravelTime="387.62" meanSpeed="13.35" meanSpeedRelative="0.42" duration="6"/>
    <step time="60900.00" loaded="75286" inserted="69988" running="957" waiting="5298" ended="69031" arrived="69031" collisions="203" teleports="203" halting="9" stopped="0" meanWaitingTime="888.70" meanTravelTime="389.01" meanSpeed="13.03" meanSpeedRelative="0.41" duration="8"/>
    <step time="61200.00" loaded="75875" inserted="70483" running="923" waiting="5392" ended="69560" arrived="69560" collisions="206" teleports="206" halting="12" stopped="0" meanWaitingTime="898.82" meanTravelTime="390.37" meanSpeed="13.17" meanSpeedRelative="0.41" duration="84"/>
    <step time="61500.00" loaded="75941" inserted="70801" running="769" waiting="5140" ended="70032" arrived="70032" collisions="210" teleports="210" halting="10" stopped="0" meanWaitingTime="910.89" meanTravelTime="391.77" meanSpeed="13.20" meanSpeedRelative="0.41" duration="5"/>
    <step time="61800.00" loaded="76014" inserted="71123" running="674" waiting="4891" ended="70449" arrived="70449" collisions="211" teleports="211" halting="8" stopped="0" meanWaitingTime="924.11" meanTravelTime="392.93" meanSpeed="13.73" meanSpeedRelative="0.43" duration="4"/>
    <step time="62100.00" loaded="76087" inserted="71451" running="600" waiting="4636" ended="70851" arrived="70851" collisions="214" teleports="214" halting="10" stopped="0" meanWaitingTime="938.55" meanTravelTime="394.09" meanSpeed="15.89" meanSpeedRelative="0.50" duration="5"/>
    <step time="62400.00" loaded="76171" inserted="71783" running="560" waiting="4388" ended="71223" arrived="71223" collisions="214" teleports="214" halting="4" stopped="0" meanWaitingTime="953.09" meanTravelTime="394.96" meanSpeed="17.12" meanSpeedRelative="0.53" duration="5"/>
    <step time="62700.00" loaded="76244" inserted="72087" running="494" waiting="4157" ended="71593" arrived="71593" collisions="217" teleports="217" halting="6" stopped="0" meanWaitingTime="966.54" meanTravelTime="395.67" meanSpeed="17.25" meanSpeedRelative="0.54" duration="4"/>
    <step time="63000.00" loaded="76311" inserted="72334" running="383" waiting="3977" ended="71951" arrived="71951" collisions="219" teleports="219" halting="1" stopped="0" meanWaitingTime="979.81" meanTravelTime="396.24" meanSpeed="17.81" meanSpeedRelative="0.56" duration="3"/>
    <step time="63300.00" loaded="76381" inserted="72598" running="322" waiting="3783" ended="72276" arrived="72276" collisions="221" teleports="221" halting="2" stopped="0" meanWaitingTime="993.73" meanTravelTime="396.66" meanSpeed="18.06" meanSpeedRelative="0.56" duration="3"/>
    <step time="63600.00" loaded="76455" inserted="72855" running="291" waiting="3600" ended="72564" arrived="72564" collisions="221" teleports="221" halting="7" stopped="0" meanWaitingTime="1007.69" meanTravelTime="396.60" meanSpeed="19.40" meanSpeedRelative="0.61" duration="3"/>
    <step time="63900.00" loaded="76515" inserted="73119" running="266" waiting="3396" ended="72853" arrived="72853" collisions="221" teleports="221" halting="2" stopped="0" meanWaitingTime="1022.36" meanTravelTime="396.39" meanSpeed="21.77" meanSpeedRelative="0.68" duration="2"/>
    <step time="64200.00" loaded="76592" inserted="73382" running="262" waiting="3210" ended="73120" arrived="73120" collisions="222" teleports="222" halting="2" stopped="0" meanWaitingTime="1036.26" meanTravelTime="396.04" meanSpeed="20.90" meanSpeedRelative="0.65" duration="2"/>
    <step time="64500.00" loaded="76653" inserted="73644" running="254" waiting="3009" ended="73390" arrived="73390" collisions="222" teleports="222" halting="6" stopped="0" meanWaitingTime="1050.21" meanTravelTime="395.63" meanSpeed="22.33" meanSpeedRelative="0.70" duration="2"/>
    <step time="64800.00" loaded="76747" inserted="73926" running="270" waiting="2821" ended="73656" arrived="73656" collisions="222" teleports="222" halting="6" stopped="0" meanWaitingTime="1064.03" meanTravelTime="395.24" meanSpeed="21.37" meanSpeedRelative="0.67" duration="94"/>
    <step time="65100.00" loaded="76788" inserted="74176" running="240" waiting="2612" ended="73936" arrived="73936" collisions="222" teleports="222" halting="3" stopped="0" meanWaitingTime="1077.23" meanTravelTime="394.88" meanSpeed="21.58" meanSpeedRelative="0.67" duration="2"/>
    <step time="65400.00" loaded="76863" inserted="74419" running="231" waiting="2444" ended="74188" arrived="74188" collisions="222" teleports="222" halting="2" stopped="0" meanWaitingTime="1087.60" meanTravelTime="394.51" meanSpeed="20.94" meanSpeedRelative="0.65" duration="2"/>
    <step time="65700.00" loaded="76923" inserted="74575" running="194" waiting="2348" ended="74381" arrived="74381" collisions="222" teleports="222" halting="5" stopped="0" meanWaitingTime="1095.59" meanTravelTime="394.41" meanSpeed="22.48" meanSpeedRelative="0.70" duration="1"/>
    <step time="66000.00" loaded="76968" inserted="74710" running="185" waiting="2258" ended="74525" arrived="74525" collisions="222" teleports="222" halting="5" stopped="0" meanWaitingTime="1103.57" meanTravelTime="394.38" meanSpeed="21.02" meanSpeedRelative="0.66" duration="4"/>
    <step time="66300.00" loaded="77016" inserted="74846" running="166" waiting="2170" ended="74680" arrived="74680" collisions="222" teleports="222" halting="2" stopped="0" meanWaitingTime="1110.45" meanTravelTime="394.37" meanSpeed="20.90" meanSpeedRelative="0.65" duration="2"/>
    <step time="66600.00" loaded="77069" inserted="74994" running="166" waiting="2075" ended="74828" arrived="74828" collisions="222" teleports="222" halting="5" stopped="0" meanWaitingTime="1115.66" meanTravelTime="394.36" meanSpeed="20.62" meanSpeedRelative="0.64" duration="2"/>
    <step time="66900.00" loaded="77122" inserted="75091" running="114" waiting="2031" ended="74977" arrived="74977" collisions="222" teleports="222" halting="8" stopped="0" meanWaitingTime="1120.79" meanTravelTime="394.23" meanSpeed="20.59" meanSpeedRelative="0.64" duration="1"/>
    <step time="67200.00" loaded="77163" inserted="75173" running="81" waiting="1990" ended="75092" arrived="75092" collisions="222" teleports="222" halting="5" stopped="0" meanWaitingTime="1126.21" meanTravelTime="394.10" meanSpeed="19.18" meanSpeedRelative="0.60" duration="1"/>
    <step time="67500.00" loaded="77216" inserted="75260" running="88" waiting="1956" ended="75172" arrived="75172" collisions="222" teleports="222" halting="2" stopped="0" meanWaitingTime="1131.62" meanTravelTime="394.04" meanSpeed="19.12" meanSpeedRelative="0.60" duration="1"/>
    <step time="67800.00" loaded="77265" inserted="75344" running="81" waiting="1921" ended="75263" arrived="75263" collisions="222" teleports="222" halting="6" stopped="0" meanWaitingTime="1136.96" meanTravelTime="393.94" meanSpeed="19.41" meanSpeedRelative="0.61" duration="1"/>
    <step time="68100.00" loaded="77318" inserted="75430" running="78" waiting="1888" ended="75352" arrived="75352" collisions="222" teleports="222" halting="4" stopped="0" meanWaitingTime="1142.57" meanTravelTime="393.82" meanSpeed="19.75" meanSpeedRelative="0.62" duration="1"/>
    <step time="68400.00" loaded="77363" inserted="75510" running="74" waiting="1853" ended="75436" arrived="75436" collisions="222" teleports="222" halting="7" stopped="0" meanWaitingTime="1148.46" meanTravelTime="393.70" meanSpeed="18.63" meanSpeedRelative="0.58" duration="89"/>
    <step time="68700.00" loaded="77519" inserted="75686" running="141" waiting="1833" ended="75545" arrived="75545" collisions="222" teleports="222" halting="4" stopped="0" meanWaitingTime="1153.46" meanTravelTime="393.47" meanSpeed="21.53" meanSpeedRelative="0.67" duration="1"/>
    <step time="69000.00" loaded="77678" inserted="75870" running="166" waiting="1808" ended="75704" arrived="75704" collisions="222" teleports="222" halting="3" stopped="0" meanWaitingTime="1158.87" meanTravelTime="393.13" meanSpeed="22.67" meanSpeedRelative="0.71" duration="1"/>
    <step time="69300.00" loaded="77821" inserted="76041" running="163" waiting="1780" ended="75878" arrived="75878" collisions="222" teleports="222" halting="2" stopped="0" meanWaitingTime="1164.45" meanTravelTime="392.84" meanSpeed="22.70" meanSpeedRelative="0.71" duration="1"/>
    <step time="69600.00" loaded="77954" inserted="76196" running="163" waiting="1758" ended="76033" arrived="76033" collisions="222" teleports="222" halting="4" stopped="0" meanWaitingTime="1169.29" meanTravelTime="392.66" meanSpeed="22.39" meanSpeedRelative="0.70" duration="1"/>
    <step time="69900.00" loaded="78112" inserted="76392" running="179" waiting="1720" ended="76213" arrived="76213" collisions="222" teleports="222" halting="3" stopped="0" meanWaitingTime="1175.32" meanTravelTime="392.40" meanSpeed="22.22" meanSpeedRelative="0.69" duration="1"/>
    <step time="70200.00" loaded="78259" inserted="76564" running="174" waiting="1695" ended="76390" arrived="76390" collisions="222" teleports="222" halting="5" stopped="0" meanWaitingTime="1180.22" meanTravelTime="392.17" meanSpeed="22.27" meanSpeedRelative="0.70" duration="1"/>
    <step time="70500.00" loaded="78396" inserted="76729" running="155" waiting="1667" ended="76574" arrived="76574" collisions="222" teleports="222" halting="7" stopped="0" meanWaitingTime="1186.14" meanTravelTime="391.88" meanSpeed="22.20" meanSpeedRelative="0.69" duration="1"/>
    <step time="70800.00" loaded="78555" inserted="76907" running="149" waiting="1648" ended="76758" arrived="76758" collisions="222" teleports="222" halting="3" stopped="0" meanWaitingTime="1192.40" meanTravelTime="391.61" meanSpeed="21.74" meanSpeedRelative="0.68" duration="1"/>
    <step time="71100.00" loaded="78702" inserted="77081" running="163" waiting="1621" ended="76918" arrived="76918" collisions="222" teleports="222" halting="1" stopped="0" meanWaitingTime="1198.06" meanTravelTime="391.36" meanSpeed="22.25" meanSpeedRelative="0.70" duration="1"/>
    <step time="71400.00" loaded="78858" inserted="77260" running="171" waiting="1598" ended="77089" arrived="77089" collisions="223" teleports="223" halting="6" stopped="0" meanWaitingTime="1204.33" meanTravelTime="391.10" meanSpeed="21.75" meanSpeedRelative="0.68" duration="2"/>
    <step time="71700.00" loaded="79020" inserted="77452" running="169" waiting="1568" ended="77283" arrived="77283" collisions="223" teleports="223" halting="6" stopped="0" meanWaitingTime="1210.56" meanTravelTime="390.74" meanSpeed="21.11" meanSpeedRelative="0.66" duration="1"/>
    <step time="72000.00" loaded="79167" inserted="77617" running="155" waiting="1550" ended="77462" arrived="77462" collisions="223" teleports="223" halting="6" stopped="0" meanWaitingTime="1214.91" meanTravelTime="390.51" meanSpeed="21.57" meanSpeedRelative="0.67" duration="83"/>
    <step time="72300.00" loaded="79308" inserted="77785" running="166" waiting="1523" ended="77619" arrived="77619" collisions="223" teleports="223" halting="2" stopped="0" meanWaitingTime="1219.67" meanTravelTime="390.33" meanSpeed="22.54" meanSpeedRelative="0.70" duration="1"/>
    <step time="72600.00" loaded="79433" inserted="77941" running="156" waiting="1492" ended="77785" arrived="77785" collisions="223" teleports="223" halting="4" stopped="0" meanWaitingTime="1223.93" meanTravelTime="390.08" meanSpeed="21.51" meanSpeedRelative="0.67" duration="1"/>
    <step time="72900.00" loaded="79586" inserted="78126" running="158" waiting="1460" ended="77968" arrived="77968" collisions="223" teleports="223" halting="3" stopped="0" meanWaitingTime="1227.61" meanTravelTime="389.87" meanSpeed="21.90" meanSpeedRelative="0.68" duration="1"/>
    <step time="73200.00" loaded="79731" inserted="78294" running="155" waiting="1437" ended="78139" arrived="78139" collisions="223" teleports="223" halting="4" stopped="0" meanWaitingTime="1230.78" meanTravelTime="389.63" meanSpeed="22.51" meanSpeedRelative="0.70" duration="1"/>
    <step time="73500.00" loaded="79879" inserted="78475" running="159" waiting="1404" ended="78316" arrived="78316" collisions="223" teleports="223" halting="8" stopped="0" meanWaitingTime="1234.11" meanTravelTime="389.34" meanSpeed="21.80" meanSpeedRelative="0.68" duration="1"/>
    <step time="73800.00" loaded="80025" inserted="78652" running="164" waiting="1373" ended="78488" arrived="78488" collisions="223" teleports="223" halting="6" stopped="0" meanWaitingTime="1237.20" meanTravelTime="389.06" meanSpeed="21.16" meanSpeedRelative="0.66" duration="1"/>
    <step time="74100.00" loaded="80160" inserted="78822" running="155" waiting="1338" ended="78667" arrived="78667" collisions="224" teleports="224" halting="2" stopped="0" meanWaitingTime="1240.58" meanTravelTime="388.80" meanSpeed="21.20" meanSpeedRelative="0.66" duration="2"/>
    <step time="74400.00" loaded="80317" inserted="79007" running="165" waiting="1310" ended="78842" arrived="78842" collisions="224" teleports="224" halting="4" stopped="0" meanWaitingTime="1243.63" meanTravelTime="388.52" meanSpeed="21.25" meanSpeedRelative="0.66" duration="1"/>
    <step time="74700.00" loaded="80441" inserted="79161" running="149" waiting="1280" ended="79012" arrived="79012" collisions="224" teleports="224" halting="10" stopped="0" meanWaitingTime="1247.24" meanTravelTime="388.31" meanSpeed="21.19" meanSpeedRelative="0.66" duration="1"/>
    <step time="75000.00" loaded="80572" inserted="79303" running="130" waiting="1269" ended="79173" arrived="79173" collisions="224" teleports="224" halting="1" stopped="0" meanWaitingTime="1251.01" meanTravelTime="388.11" meanSpeed="21.03" meanSpeedRelative="0.66" duration="1"/>
    <step time="75300.00" loaded="80705" inserted="79460" running="142" waiting="1245" ended="79318" arrived="79318" collisions="224" teleports="224" halting="3" stopped="0" meanWaitingTime="1254.07" meanTravelTime="387.93" meanSpeed="22.06" meanSpeedRelative="0.69" duration="1"/>
    <step time="75600.00" loaded="80841" inserted="79637" running="161" waiting="1204" ended="79476" arrived="79476" collisions="224" teleports="224" halting="8" stopped="0" meanWaitingTime="1257.03" meanTravelTime="387.61" meanSpeed="21.42" meanSpeedRelative="0.67" duration="82"/>
    <step time="75900.00" loaded="81035" inserted="79846" running="192" waiting="1189" ended="79654" arrived="79654" collisions="226" teleports="226" halting="2" stopped="0" meanWaitingTime="1259.11" meanTravelTime="387.32" meanSpeed="22.93" meanSpeedRelative="0.72" duration="1"/>
    <step time="76200.00" loaded="81208" inserted="80039" running="171" waiting="1169" ended="79868" arrived="79868" collisions="227" teleports="227" halting="4" stopped="0" meanWaitingTime="1261.33" meanTravelTime="387.02" meanSpeed="22.76" meanSpeedRelative="0.71" duration="1"/>
    <step time="76500.00" loaded="81404" inserted="80259" running="187" waiting="1145" ended="80072" arrived="80072" collisions="227" teleports="227" halting="6" stopped="0" meanWaitingTime="1262.79" meanTravelTime="386.67" meanSpeed="23.00" meanSpeedRelative="0.72" duration="2"/>
    <step time="76800.00" loaded="81586" inserted="80446" running="184" waiting="1140" ended="80262" arrived="80262" collisions="227" teleports="227" halting="9" stopped="0" meanWaitingTime="1265.02" meanTravelTime="386.40" meanSpeed="22.40" meanSpeedRelative="0.70" duration="2"/>
    <step time="77100.00" loaded="81797" inserted="80659" running="195" waiting="1138" ended="80464" arrived="80464" collisions="227" teleports="227" halting="1" stopped="0" meanWaitingTime="1267.16" meanTravelTime="386.19" meanSpeed="23.43" meanSpeedRelative="0.73" duration="1"/>
    <step time="77400.00" loaded="81995" inserted="80860" running="186" waiting="1135" ended="80674" arrived="80674" collisions="228" teleports="228" halting="5" stopped="0" meanWaitingTime="1269.25" meanTravelTime="385.90" meanSpeed="22.69" meanSpeedRelative="0.71" duration="1"/>
    <step time="77700.00" loaded="82177" inserted="81056" running="185" waiting="1121" ended="80871" arrived="80871" collisions="228" teleports="228" halting="3" stopped="0" meanWaitingTime="1271.20" meanTravelTime="385.60" meanSpeed="22.83" meanSpeedRelative="0.71" duration="1"/>
    <step time="78000.00" loaded="82399" inserted="81284" running="213" waiting="1115" ended="81071" arrived="81071" collisions="228" teleports="228" halting="3" stopped="0" meanWaitingTime="1273.21" meanTravelTime="385.39" meanSpeed="23.71" meanSpeedRelative="0.74" duration="2"/>
    <step time="78300.00" loaded="82605" inserted="81495" running="204" waiting="1110" ended="81291" arrived="81291" collisions="228" teleports="228" halting="5" stopped="0" meanWaitingTime="1274.95" meanTravelTime="385.07" meanSpeed="23.26" meanSpeedRelative="0.73" duration="1"/>
    <step time="78600.00" loaded="82819" inserted="81714" running="208" waiting="1105" ended="81506" arrived="81506" collisions="228" teleports="228" halting="6" stopped="0" meanWaitingTime="1277.14" meanTravelTime="384.80" meanSpeed="23.09" meanSpeedRelative="0.72" duration="2"/>
    <step time="78900.00" loaded="82995" inserted="81908" running="197" waiting="1087" ended="81711" arrived="81711" collisions="228" teleports="228" halting="4" stopped="0" meanWaitingTime="1279.21" meanTravelTime="384.61" meanSpeed="23.85" meanSpeedRelative="0.75" duration="2"/>
    <step time="79200.00" loaded="83180" inserted="82087" running="187" waiting="1093" ended="81900" arrived="81900" collisions="228" teleports="228" halting="8" stopped="0" meanWaitingTime="1282.06" meanTravelTime="384.44" meanSpeed="23.30" meanSpeedRelative="0.73" duration="81"/>
    <step time="79500.00" loaded="83350" inserted="82260" running="170" waiting="1090" ended="82090" arrived="82090" collisions="228" teleports="228" halting="5" stopped="0" meanWaitingTime="1284.51" meanTravelTime="384.27" meanSpeed="22.96" meanSpeedRelative="0.72" duration="1"/>
    <step time="79800.00" loaded="83529" inserted="82456" running="181" waiting="1073" ended="82275" arrived="82275" collisions="229" teleports="229" halting="0" stopped="0" meanWaitingTime="1286.92" meanTravelTime="384.03" meanSpeed="22.47" meanSpeedRelative="0.70" duration="1"/>
    <step time="80100.00" loaded="83706" inserted="82640" running="168" waiting="1066" ended="82472" arrived="82472" collisions="230" teleports="230" halting="6" stopped="0" meanWaitingTime="1289.79" meanTravelTime="383.85" meanSpeed="23.40" meanSpeedRelative="0.73" duration="2"/>
    <step time="80400.00" loaded="83884" inserted="82822" running="173" waiting="1062" ended="82649" arrived="82649" collisions="230" teleports="230" halting="11" stopped="0" meanWaitingTime="1292.72" meanTravelTime="383.58" meanSpeed="22.18" meanSpeedRelative="0.69" duration="1"/>
    <step time="80700.00" loaded="84064" inserted="83007" running="176" waiting="1057" ended="82831" arrived="82831" collisions="232" teleports="232" halting="8" stopped="0" meanWaitingTime="1295.63" meanTravelTime="383.38" meanSpeed="22.31" meanSpeedRelative="0.70" duration="1"/>
    <step time="81000.00" loaded="84245" inserted="83190" running="192" waiting="1055" ended="82998" arrived="82998" collisions="232" teleports="232" halting="3" stopped="0" meanWaitingTime="1298.11" meanTravelTime="383.20" meanSpeed="21.68" meanSpeedRelative="0.68" duration="1"/>
    <step time="81300.00" loaded="84416" inserted="83370" running="162" waiting="1046" ended="83208" arrived="83208" collisions="232" teleports="232" halting="7" stopped="0" meanWaitingTime="1300.91" meanTravelTime="383.01" meanSpeed="22.75" meanSpeedRelative="0.71" duration="2"/>
    <step time="81600.00" loaded="84566" inserted="83541" running="159" waiting="1025" ended="83382" arrived="83382" collisions="232" teleports="232" halting="7" stopped="0" meanWaitingTime="1303.35" meanTravelTime="382.78" meanSpeed="22.81" meanSpeedRelative="0.71" duration="1"/>
    <step time="81900.00" loaded="84723" inserted="83699" running="168" waiting="1024" ended="83531" arrived="83531" collisions="232" teleports="232" halting="3" stopped="0" meanWaitingTime="1306.56" meanTravelTime="382.64" meanSpeed="22.83" meanSpeedRelative="0.71" duration="2"/>
    <step time="82200.00" loaded="84884" inserted="83853" running="143" waiting="1031" ended="83710" arrived="83710" collisions="232" teleports="232" halting="8" stopped="0" meanWaitingTime="1309.58" meanTravelTime="382.48" meanSpeed="22.33" meanSpeedRelative="0.70" duration="1"/>
    <step time="82500.00" loaded="85056" inserted="84029" running="167" waiting="1027" ended="83862" arrived="83862" collisions="232" teleports="232" halting="8" stopped="0" meanWaitingTime="1312.60" meanTravelTime="382.30" meanSpeed="21.85" meanSpeedRelative="0.68" duration="1"/>
</summary>
