<?xml version="1.0" encoding="UTF-8"?>

<!-- generated on 2025-08-07 22:49:48 by Eclipse SUMO sumo Version 1.23.1
<sumoConfiguration xmlns:xsi="http://www.w3.org/2001/XMLSchema-instance" xsi:noNamespaceSchemaLocation="http://sumo.dlr.de/xsd/sumoConfiguration.xsd">

    <input>
        <net-file value="Desktop\Master Thesis\Network_fin.net.xml"/>
        <route-files value="Desktop\Master Thesis\demand_model_amsterdam.rou.xml"/>
        <additional-files value="Desktop\Master Thesis\Additionnal.add.xml"/>
    </input>

    <output>
        <summary-output value="outputf/summary_coor_alinea_1neigh_method2_K80_target5_40036.xml"/>
        <summary-output.period value="300"/>
        <tripinfo-output value="outputf/tripinfo_coor_alinea_1neigh_method2_K80_target5_40036.xml"/>
    </output>

    <time>
        <begin value="0"/>
        <end value="82800"/>
        <step-length value="1"/>
    </time>

    <processing>
        <time-to-teleport value="-1"/>
    </processing>

    <report>
        <verbose value="true"/>
        <no-step-log value="true"/>
    </report>

    <emissions>
        <device.emissions.period value="10"/>
    </emissions>

    <traci_server>
        <remote-port value="65358"/>
    </traci_server>

    <random_number>
        <seed value="40036"/>
    </random_number>

</sumoConfiguration>
-->

<summary xmlns:xsi="http://www.w3.org/2001/XMLSchema-instance" xsi:noNamespaceSchemaLocation="http://sumo.dlr.de/xsd/summary_file.xsd">
    <step time="0.00" loaded="0" inserted="0" running="0" waiting="0" ended="0" arrived="0" collisions="0" teleports="0" halting="0" stopped="0" meanWaitingTime="-1.00" meanTravelTime="-1.00" meanSpeed="-1.00" meanSpeedRelative="-1.00" duration="0"/>
    <step time="300.00" loaded="151" inserted="151" running="90" waiting="0" ended="61" arrived="61" collisions="0" teleports="0" halting="1" stopped="0" meanWaitingTime="0.32" meanTravelTime="101.31" meanSpeed="25.54" meanSpeedRelative="0.80" duration="0"/>
    <step time="600.00" loaded="316" inserted="316" running="132" waiting="0" ended="184" arrived="184" collisions="0" teleports="0" halting="0" stopped="0" meanWaitingTime="0.40" meanTravelTime="156.13" meanSpeed="24.75" meanSpeedRelative="0.77" duration="1"/>
    <step time="900.00" loaded="467" inserted="467" running="140" waiting="0" ended="327" arrived="327" collisions="0" teleports="0" halting="1" stopped="0" meanWaitingTime="0.39" meanTravelTime="185.46" meanSpeed="25.85" meanSpeedRelative="0.81" duration="1"/>
    <step time="1200.00" loaded="643" inserted="643" running="143" waiting="0" ended="500" arrived="500" collisions="0" teleports="0" halting="1" stopped="0" meanWaitingTime="0.34" meanTravelTime="207.11" meanSpeed="26.14" meanSpeedRelative="0.82" duration="1"/>
    <step time="1500.00" loaded="804" inserted="804" running="131" waiting="0" ended="673" arrived="673" collisions="0" teleports="0" halting="1" stopped="0" meanWaitingTime="0.33" meanTravelTime="218.17" meanSpeed="26.17" meanSpeedRelative="0.82" duration="1"/>
    <step time="1800.00" loaded="982" inserted="982" running="145" waiting="0" ended="837" arrived="837" collisions="0" teleports="0" halting="0" stopped="0" meanWaitingTime="0.32" meanTravelTime="223.65" meanSpeed="26.22" meanSpeedRelative="0.82" duration="1"/>
    <step time="2100.00" loaded="1171" inserted="1171" running="160" waiting="0" ended="1011" arrived="1011" collisions="0" teleports="0" halting="2" stopped="0" meanWaitingTime="0.35" meanTravelTime="227.99" meanSpeed="24.67" meanSpeedRelative="0.77" duration="1"/>
    <step time="2400.00" loaded="1348" inserted="1348" running="154" waiting="0" ended="1194" arrived="1194" collisions="0" teleports="0" halting="0" stopped="0" meanWaitingTime="0.37" meanTravelTime="231.94" meanSpeed="24.85" meanSpeedRelative="0.78" duration="1"/>
    <step time="2700.00" loaded="1528" inserted="1528" running="154" waiting="0" ended="1374" arrived="1374" collisions="1" teleports="1" halting="2" stopped="0" meanWaitingTime="0.35" meanTravelTime="235.49" meanSpeed="25.00" meanSpeedRelative="0.78" duration="1"/>
    <step time="3000.00" loaded="1697" inserted="1697" running="148" waiting="0" ended="1549" arrived="1549" collisions="2" teleports="2" halting="0" stopped="0" meanWaitingTime="0.37" meanTravelTime="240.89" meanSpeed="25.62" meanSpeedRelative="0.80" duration="0"/>
    <step time="3300.00" loaded="1861" inserted="1860" running="144" waiting="1" ended="1716" arrived="1716" collisions="2" teleports="2" halting="3" stopped="0" meanWaitingTime="0.39" meanTravelTime="246.75" meanSpeed="25.36" meanSpeedRelative="0.79" duration="0"/>
    <step time="3600.00" loaded="2039" inserted="2039" running="163" waiting="0" ended="1876" arrived="1876" collisions="2" teleports="2" halting="0" stopped="0" meanWaitingTime="0.40" meanTravelTime="247.68" meanSpeed="25.03" meanSpeedRelative="0.78" duration="99"/>
    <step time="3900.00" loaded="2141" inserted="2141" running="112" waiting="0" ended="2029" arrived="2029" collisions="2" teleports="2" halting="0" stopped="0" meanWaitingTime="0.39" meanTravelTime="251.40" meanSpeed="25.83" meanSpeedRelative="0.81" duration="0"/>
    <step time="4200.00" loaded="2263" inserted="2262" running="116" waiting="1" ended="2146" arrived="2146" collisions="2" teleports="2" halting="1" stopped="0" meanWaitingTime="0.38" meanTravelTime="255.50" meanSpeed="25.50" meanSpeedRelative="0.80" duration="1"/>
    <step time="4500.00" loaded="2392" inserted="2391" running="113" waiting="1" ended="2278" arrived="2278" collisions="2" teleports="2" halting="0" stopped="0" meanWaitingTime="0.37" meanTravelTime="255.64" meanSpeed="24.24" meanSpeedRelative="0.76" duration="0"/>
    <step time="4800.00" loaded="2501" inserted="2501" running="85" waiting="0" ended="2416" arrived="2416" collisions="2" teleports="2" halting="0" stopped="0" meanWaitingTime="0.37" meanTravelTime="257.47" meanSpeed="25.30" meanSpeedRelative="0.79" duration="1"/>
    <step time="5100.00" loaded="2609" inserted="2609" running="88" waiting="0" ended="2521" arrived="2521" collisions="2" teleports="2" halting="1" stopped="0" meanWaitingTime="0.36" meanTravelTime="258.18" meanSpeed="25.52" meanSpeedRelative="0.80" duration="0"/>
    <step time="5400.00" loaded="2717" inserted="2717" running="90" waiting="0" ended="2627" arrived="2627" collisions="2" teleports="2" halting="0" stopped="0" meanWaitingTime="0.35" meanTravelTime="257.34" meanSpeed="25.22" meanSpeedRelative="0.79" duration="1"/>
    <step time="5700.00" loaded="2812" inserted="2812" running="96" waiting="0" ended="2716" arrived="2716" collisions="2" teleports="2" halting="0" stopped="0" meanWaitingTime="0.34" meanTravelTime="257.09" meanSpeed="26.26" meanSpeedRelative="0.82" duration="1"/>
    <step time="6000.00" loaded="2916" inserted="2916" running="80" waiting="0" ended="2836" arrived="2836" collisions="2" teleports="2" halting="1" stopped="0" meanWaitingTime="0.34" meanTravelTime="257.97" meanSpeed="26.59" meanSpeedRelative="0.83" duration="0"/>
    <step time="6300.00" loaded="3017" inserted="3017" running="77" waiting="0" ended="2940" arrived="2940" collisions="2" teleports="2" halting="0" stopped="0" meanWaitingTime="0.34" meanTravelTime="258.13" meanSpeed="25.57" meanSpeedRelative="0.80" duration="0"/>
    <step time="6600.00" loaded="3130" inserted="3130" running="86" waiting="0" ended="3044" arrived="3044" collisions="2" teleports="2" halting="1" stopped="0" meanWaitingTime="0.34" meanTravelTime="257.33" meanSpeed="26.21" meanSpeedRelative="0.82" duration="0"/>
    <step time="6900.00" loaded="3228" inserted="3228" running="93" waiting="0" ended="3135" arrived="3135" collisions="2" teleports="2" halting="0" stopped="0" meanWaitingTime="0.33" meanTravelTime="256.51" meanSpeed="26.03" meanSpeedRelative="0.81" duration="1"/>
    <step time="7200.00" loaded="3341" inserted="3341" running="101" waiting="0" ended="3240" arrived="3240" collisions="2" teleports="2" halting="1" stopped="0" meanWaitingTime="0.33" meanTravelTime="256.76" meanSpeed="26.30" meanSpeedRelative="0.82" duration="88"/>
    <step time="7500.00" loaded="3502" inserted="3501" running="141" waiting="1" ended="3360" arrived="3360" collisions="2" teleports="2" halting="2" stopped="0" meanWaitingTime="0.34" meanTravelTime="255.63" meanSpeed="24.92" meanSpeedRelative="0.78" duration="1"/>
    <step time="7800.00" loaded="3651" inserted="3641" running="120" waiting="10" ended="3521" arrived="3521" collisions="2" teleports="2" halting="2" stopped="0" meanWaitingTime="0.66" meanTravelTime="257.03" meanSpeed="24.21" meanSpeedRelative="0.76" duration="1"/>
    <step time="8100.00" loaded="3809" inserted="3790" running="137" waiting="19" ended="3653" arrived="3653" collisions="2" teleports="2" halting="1" stopped="0" meanWaitingTime="1.56" meanTravelTime="257.71" meanSpeed="23.97" meanSpeedRelative="0.75" duration="1"/>
    <step time="8400.00" loaded="3951" inserted="3942" running="132" waiting="9" ended="3810" arrived="3810" collisions="3" teleports="3" halting="1" stopped="0" meanWaitingTime="2.62" meanTravelTime="258.08" meanSpeed="24.70" meanSpeedRelative="0.77" duration="1"/>
    <step time="8700.00" loaded="4105" inserted="4087" running="123" waiting="18" ended="3964" arrived="3964" collisions="3" teleports="3" halting="0" stopped="0" meanWaitingTime="3.21" meanTravelTime="257.84" meanSpeed="24.20" meanSpeedRelative="0.76" duration="1"/>
    <step time="9000.00" loaded="4274" inserted="4262" running="140" waiting="12" ended="4122" arrived="4122" collisions="4" teleports="4" halting="2" stopped="0" meanWaitingTime="4.42" meanTravelTime="257.36" meanSpeed="24.18" meanSpeedRelative="0.76" duration="1"/>
    <step time="9300.00" loaded="4408" inserted="4388" running="118" waiting="20" ended="4270" arrived="4270" collisions="4" teleports="4" halting="5" stopped="0" meanWaitingTime="5.06" meanTravelTime="257.13" meanSpeed="23.85" meanSpeedRelative="0.75" duration="1"/>
    <step time="9600.00" loaded="4552" inserted="4526" running="119" waiting="26" ended="4407" arrived="4407" collisions="4" teleports="4" halting="2" stopped="0" meanWaitingTime="6.06" meanTravelTime="257.37" meanSpeed="24.16" meanSpeedRelative="0.76" duration="1"/>
    <step time="9900.00" loaded="4736" inserted="4704" running="150" waiting="32" ended="4554" arrived="4554" collisions="5" teleports="5" halting="1" stopped="0" meanWaitingTime="7.41" meanTravelTime="257.05" meanSpeed="24.61" meanSpeedRelative="0.77" duration="1"/>
    <step time="10200.00" loaded="4874" inserted="4837" running="130" waiting="37" ended="4707" arrived="4707" collisions="5" teleports="5" halting="1" stopped="0" meanWaitingTime="9.05" meanTravelTime="257.81" meanSpeed="24.22" meanSpeedRelative="0.76" duration="1"/>
    <step time="10500.00" loaded="5032" inserted="4989" running="141" waiting="43" ended="4848" arrived="4848" collisions="5" teleports="5" halting="0" stopped="0" meanWaitingTime="10.79" meanTravelTime="257.77" meanSpeed="24.16" meanSpeedRelative="0.75" duration="1"/>
    <step time="10800.00" loaded="5199" inserted="5152" running="144" waiting="47" ended="5008" arrived="5008" collisions="5" teleports="5" halting="1" stopped="0" meanWaitingTime="12.84" meanTravelTime="259.24" meanSpeed="24.23" meanSpeedRelative="0.76" duration="102"/>
    <step time="11100.00" loaded="5363" inserted="5310" running="161" waiting="53" ended="5149" arrived="5149" collisions="5" teleports="5" halting="2" stopped="0" meanWaitingTime="14.98" meanTravelTime="258.92" meanSpeed="23.81" meanSpeedRelative="0.74" duration="1"/>
    <step time="11400.00" loaded="5514" inserted="5463" running="128" waiting="51" ended="5335" arrived="5335" collisions="5" teleports="5" halting="1" stopped="0" meanWaitingTime="17.28" meanTravelTime="259.33" meanSpeed="24.96" meanSpeedRelative="0.78" duration="1"/>
    <step time="11700.00" loaded="5650" inserted="5600" running="132" waiting="50" ended="5468" arrived="5468" collisions="5" teleports="5" halting="7" stopped="0" meanWaitingTime="19.27" meanTravelTime="259.23" meanSpeed="23.56" meanSpeedRelative="0.74" duration="1"/>
    <step time="12000.00" loaded="5797" inserted="5738" running="108" waiting="59" ended="5630" arrived="5630" collisions="5" teleports="5" halting="0" stopped="0" meanWaitingTime="21.39" meanTravelTime="260.13" meanSpeed="23.64" meanSpeedRelative="0.74" duration="0"/>
    <step time="12300.00" loaded="5931" inserted="5871" running="100" waiting="60" ended="5771" arrived="5771" collisions="5" teleports="5" halting="0" stopped="0" meanWaitingTime="23.58" meanTravelTime="259.85" meanSpeed="24.62" meanSpeedRelative="0.77" duration="0"/>
    <step time="12600.00" loaded="6080" inserted="6014" running="109" waiting="66" ended="5905" arrived="5905" collisions="5" teleports="5" halting="4" stopped="0" meanWaitingTime="25.89" meanTravelTime="259.11" meanSpeed="22.63" meanSpeedRelative="0.71" duration="0"/>
    <step time="12900.00" loaded="6207" inserted="6135" running="100" waiting="72" ended="6035" arrived="6035" collisions="5" teleports="5" halting="4" stopped="0" meanWaitingTime="27.86" meanTravelTime="258.90" meanSpeed="23.64" meanSpeedRelative="0.74" duration="0"/>
    <step time="13200.00" loaded="6339" inserted="6267" running="99" waiting="72" ended="6168" arrived="6168" collisions="5" teleports="5" halting="2" stopped="0" meanWaitingTime="30.17" meanTravelTime="258.23" meanSpeed="23.72" meanSpeedRelative="0.74" duration="1"/>
    <step time="13500.00" loaded="6474" inserted="6397" running="105" waiting="77" ended="6292" arrived="6292" collisions="5" teleports="5" halting="4" stopped="0" meanWaitingTime="32.72" meanTravelTime="257.72" meanSpeed="23.91" meanSpeedRelative="0.75" duration="1"/>
    <step time="13800.00" loaded="6631" inserted="6552" running="127" waiting="79" ended="6425" arrived="6425" collisions="5" teleports="5" halting="5" stopped="0" meanWaitingTime="35.29" meanTravelTime="257.64" meanSpeed="23.40" meanSpeedRelative="0.73" duration="1"/>
    <step time="14100.00" loaded="6774" inserted="6691" running="128" waiting="83" ended="6563" arrived="6563" collisions="5" teleports="5" halting="1" stopped="0" meanWaitingTime="37.82" meanTravelTime="257.22" meanSpeed="23.99" meanSpeedRelative="0.75" duration="1"/>
    <step time="14400.00" loaded="6897" inserted="6813" running="100" waiting="84" ended="6713" arrived="6713" collisions="5" teleports="5" halting="1" stopped="0" meanWaitingTime="40.68" meanTravelTime="257.10" meanSpeed="24.70" meanSpeedRelative="0.77" duration="87"/>
    <step time="14700.00" loaded="7011" inserted="6932" running="95" waiting="79" ended="6837" arrived="6837" collisions="5" teleports="5" halting="3" stopped="0" meanWaitingTime="43.41" meanTravelTime="257.09" meanSpeed="23.88" meanSpeedRelative="0.75" duration="0"/>
    <step time="15000.00" loaded="7102" inserted="7016" running="75" waiting="86" ended="6941" arrived="6941" collisions="5" teleports="5" halting="6" stopped="0" meanWaitingTime="45.90" meanTravelTime="258.22" meanSpeed="23.03" meanSpeedRelative="0.72" duration="1"/>
    <step time="15300.00" loaded="7216" inserted="7129" running="83" waiting="87" ended="7046" arrived="7046" collisions="5" teleports="5" halting="2" stopped="0" meanWaitingTime="48.34" meanTravelTime="257.71" meanSpeed="25.32" meanSpeedRelative="0.79" duration="0"/>
    <step time="15600.00" loaded="7309" inserted="7233" running="80" waiting="76" ended="7153" arrived="7153" collisions="5" teleports="5" halting="1" stopped="0" meanWaitingTime="51.15" meanTravelTime="257.67" meanSpeed="24.81" meanSpeedRelative="0.78" duration="0"/>
    <step time="15900.00" loaded="7409" inserted="7331" running="82" waiting="78" ended="7249" arrived="7249" collisions="5" teleports="5" halting="7" stopped="0" meanWaitingTime="53.68" meanTravelTime="257.56" meanSpeed="23.11" meanSpeedRelative="0.72" duration="0"/>
    <step time="16200.00" loaded="7510" inserted="7431" running="83" waiting="79" ended="7348" arrived="7348" collisions="5" teleports="5" halting="3" stopped="0" meanWaitingTime="56.68" meanTravelTime="256.83" meanSpeed="23.75" meanSpeedRelative="0.74" duration="1"/>
    <step time="16500.00" loaded="7629" inserted="7558" running="88" waiting="71" ended="7470" arrived="7470" collisions="5" teleports="5" halting="1" stopped="0" meanWaitingTime="59.71" meanTravelTime="256.52" meanSpeed="25.11" meanSpeedRelative="0.78" duration="0"/>
    <step time="16800.00" loaded="7731" inserted="7666" running="92" waiting="65" ended="7574" arrived="7574" collisions="5" teleports="5" halting="2" stopped="0" meanWaitingTime="61.37" meanTravelTime="255.99" meanSpeed="24.64" meanSpeedRelative="0.77" duration="0"/>
    <step time="17100.00" loaded="7826" inserted="7768" running="84" waiting="58" ended="7684" arrived="7684" collisions="5" teleports="5" halting="1" stopped="0" meanWaitingTime="63.48" meanTravelTime="255.89" meanSpeed="24.51" meanSpeedRelative="0.77" duration="0"/>
    <step time="17400.00" loaded="7923" inserted="7875" running="79" waiting="48" ended="7796" arrived="7796" collisions="5" teleports="5" halting="3" stopped="0" meanWaitingTime="65.59" meanTravelTime="255.59" meanSpeed="23.39" meanSpeedRelative="0.73" duration="1"/>
    <step time="17700.00" loaded="8032" inserted="7985" running="85" waiting="47" ended="7900" arrived="7900" collisions="5" teleports="5" halting="1" stopped="0" meanWaitingTime="66.94" meanTravelTime="255.28" meanSpeed="24.65" meanSpeedRelative="0.77" duration="1"/>
    <step time="18000.00" loaded="8124" inserted="8082" running="68" waiting="42" ended="8014" arrived="8014" collisions="5" teleports="5" halting="2" stopped="0" meanWaitingTime="68.18" meanTravelTime="255.08" meanSpeed="24.60" meanSpeedRelative="0.77" duration="81"/>
    <step time="18300.00" loaded="8325" inserted="8273" running="139" waiting="52" ended="8134" arrived="8134" collisions="6" teleports="6" halting="3" stopped="0" meanWaitingTime="68.43" meanTravelTime="254.01" meanSpeed="24.92" meanSpeedRelative="0.78" duration="0"/>
    <step time="18600.00" loaded="8536" inserted="8477" running="158" waiting="59" ended="8319" arrived="8319" collisions="6" teleports="6" halting="2" stopped="0" meanWaitingTime="68.32" meanTravelTime="253.19" meanSpeed="24.95" meanSpeedRelative="0.78" duration="1"/>
    <step time="18900.00" loaded="8747" inserted="8674" running="174" waiting="73" ended="8500" arrived="8500" collisions="6" teleports="6" halting="2" stopped="0" meanWaitingTime="68.55" meanTravelTime="253.03" meanSpeed="24.06" meanSpeedRelative="0.75" duration="1"/>
    <step time="19200.00" loaded="8951" inserted="8862" running="166" waiting="89" ended="8696" arrived="8696" collisions="6" teleports="6" halting="1" stopped="0" meanWaitingTime="69.02" meanTravelTime="252.96" meanSpeed="24.19" meanSpeedRelative="0.76" duration="1"/>
    <step time="19500.00" loaded="9168" inserted="9067" running="156" waiting="101" ended="8911" arrived="8911" collisions="6" teleports="6" halting="4" stopped="0" meanWaitingTime="69.78" meanTravelTime="253.15" meanSpeed="23.11" meanSpeedRelative="0.72" duration="1"/>
    <step time="19800.00" loaded="9395" inserted="9278" running="162" waiting="117" ended="9116" arrived="9116" collisions="6" teleports="6" halting="1" stopped="0" meanWaitingTime="70.70" meanTravelTime="253.48" meanSpeed="24.79" meanSpeedRelative="0.77" duration="1"/>
    <step time="20100.00" loaded="9575" inserted="9459" running="156" waiting="116" ended="9303" arrived="9303" collisions="6" teleports="6" halting="4" stopped="0" meanWaitingTime="72.31" meanTravelTime="253.14" meanSpeed="23.71" meanSpeedRelative="0.74" duration="1"/>
    <step time="20400.00" loaded="9781" inserted="9643" running="145" waiting="138" ended="9498" arrived="9498" collisions="6" teleports="6" halting="1" stopped="0" meanWaitingTime="73.66" meanTravelTime="252.66" meanSpeed="24.73" meanSpeedRelative="0.77" duration="1"/>
    <step time="20700.00" loaded="9957" inserted="9812" running="135" waiting="145" ended="9677" arrived="9677" collisions="6" teleports="6" halting="3" stopped="0" meanWaitingTime="75.72" meanTravelTime="253.18" meanSpeed="24.58" meanSpeedRelative="0.77" duration="1"/>
    <step time="21000.00" loaded="10149" inserted="9992" running="136" waiting="157" ended="9856" arrived="9856" collisions="6" teleports="6" halting="3" stopped="0" meanWaitingTime="77.48" meanTravelTime="252.91" meanSpeed="24.26" meanSpeedRelative="0.76" duration="0"/>
    <step time="21300.00" loaded="10358" inserted="10190" running="131" waiting="168" ended="10059" arrived="10059" collisions="7" teleports="7" halting="2" stopped="0" meanWaitingTime="79.79" meanTravelTime="252.52" meanSpeed="23.47" meanSpeedRelative="0.73" duration="0"/>
    <step time="21600.00" loaded="10551" inserted="10370" running="148" waiting="181" ended="10222" arrived="10222" collisions="7" teleports="7" halting="3" stopped="0" meanWaitingTime="81.79" meanTravelTime="252.22" meanSpeed="24.56" meanSpeedRelative="0.77" duration="91"/>
    <step time="21900.00" loaded="11030" inserted="10770" running="322" waiting="260" ended="10448" arrived="10448" collisions="8" teleports="8" halting="5" stopped="0" meanWaitingTime="85.27" meanTravelTime="251.19" meanSpeed="22.42" meanSpeedRelative="0.70" duration="2"/>
    <step time="22200.00" loaded="11511" inserted="11200" running="414" waiting="311" ended="10786" arrived="10786" collisions="10" teleports="10" halting="7" stopped="0" meanWaitingTime="90.96" meanTravelTime="251.08" meanSpeed="20.73" meanSpeedRelative="0.65" duration="2"/>
    <step time="22500.00" loaded="11950" inserted="11613" running="419" waiting="337" ended="11194" arrived="11194" collisions="11" teleports="11" halting="9" stopped="0" meanWaitingTime="95.39" meanTravelTime="252.42" meanSpeed="20.83" meanSpeedRelative="0.65" duration="2"/>
    <step time="22800.00" loaded="12394" inserted="12018" running="442" waiting="376" ended="11576" arrived="11576" collisions="12" teleports="12" halting="13" stopped="0" meanWaitingTime="99.27" meanTravelTime="254.04" meanSpeed="19.97" meanSpeedRelative="0.62" duration="3"/>
    <step time="23100.00" loaded="12856" inserted="12425" running="459" waiting="431" ended="11966" arrived="11966" collisions="12" teleports="12" halting="6" stopped="0" meanWaitingTime="104.12" meanTravelTime="256.22" meanSpeed="20.39" meanSpeedRelative="0.64" duration="2"/>
    <step time="23400.00" loaded="13278" inserted="12857" running="510" waiting="421" ended="12347" arrived="12347" collisions="12" teleports="12" halting="3" stopped="0" meanWaitingTime="109.73" meanTravelTime="258.60" meanSpeed="19.84" meanSpeedRelative="0.62" duration="3"/>
    <step time="23700.00" loaded="13743" inserted="13285" running="494" waiting="458" ended="12791" arrived="12791" collisions="13" teleports="13" halting="12" stopped="0" meanWaitingTime="114.73" meanTravelTime="261.52" meanSpeed="19.44" meanSpeedRelative="0.61" duration="2"/>
    <step time="24000.00" loaded="14227" inserted="13708" running="496" waiting="519" ended="13212" arrived="13212" collisions="14" teleports="14" halting="12" stopped="0" meanWaitingTime="120.60" meanTravelTime="264.69" meanSpeed="19.45" meanSpeedRelative="0.61" duration="3"/>
    <step time="24300.00" loaded="14679" inserted="14118" running="482" waiting="561" ended="13636" arrived="13636" collisions="14" teleports="14" halting="9" stopped="0" meanWaitingTime="127.09" meanTravelTime="267.39" meanSpeed="19.69" meanSpeedRelative="0.62" duration="2"/>
    <step time="24600.00" loaded="15124" inserted="14518" running="495" waiting="606" ended="14023" arrived="14023" collisions="14" teleports="14" halting="4" stopped="0" meanWaitingTime="133.84" meanTravelTime="269.54" meanSpeed="18.40" meanSpeedRelative="0.57" duration="3"/>
    <step time="24900.00" loaded="15556" inserted="14928" running="489" waiting="628" ended="14439" arrived="14439" collisions="14" teleports="14" halting="5" stopped="0" meanWaitingTime="140.66" meanTravelTime="271.91" meanSpeed="19.38" meanSpeedRelative="0.61" duration="4"/>
    <step time="25200.00" loaded="16006" inserted="15334" running="450" waiting="672" ended="14884" arrived="14884" collisions="15" teleports="15" halting="9" stopped="0" meanWaitingTime="147.53" meanTravelTime="274.59" meanSpeed="19.91" meanSpeedRelative="0.62" duration="97"/>
    <step time="25500.00" loaded="16546" inserted="15783" running="471" waiting="763" ended="15312" arrived="15312" collisions="16" teleports="16" halting="5" stopped="0" meanWaitingTime="154.28" meanTravelTime="276.09" meanSpeed="18.81" meanSpeedRelative="0.59" duration="3"/>
    <step time="25800.00" loaded="17073" inserted="16232" running="484" waiting="841" ended="15748" arrived="15748" collisions="17" teleports="17" halting="10" stopped="0" meanWaitingTime="161.65" meanTravelTime="277.29" meanSpeed="19.94" meanSpeedRelative="0.62" duration="2"/>
    <step time="26100.00" loaded="17635" inserted="16674" running="503" waiting="961" ended="16171" arrived="16171" collisions="17" teleports="17" halting="15" stopped="0" meanWaitingTime="169.37" meanTravelTime="278.56" meanSpeed="18.71" meanSpeedRelative="0.58" duration="3"/>
    <step time="26400.00" loaded="18180" inserted="17153" running="572" waiting="1027" ended="16581" arrived="16581" collisions="17" teleports="17" halting="10" stopped="0" meanWaitingTime="177.92" meanTravelTime="280.39" meanSpeed="19.03" meanSpeedRelative="0.59" duration="3"/>
    <step time="26700.00" loaded="18738" inserted="17619" running="544" waiting="1119" ended="17075" arrived="17075" collisions="17" teleports="17" halting="11" stopped="0" meanWaitingTime="186.84" meanTravelTime="282.59" meanSpeed="18.59" meanSpeedRelative="0.58" duration="3"/>
    <step time="27000.00" loaded="19300" inserted="18065" running="544" waiting="1235" ended="17521" arrived="17521" collisions="17" teleports="17" halting="11" stopped="0" meanWaitingTime="196.26" meanTravelTime="283.93" meanSpeed="18.85" meanSpeedRelative="0.59" duration="4"/>
    <step time="27300.00" loaded="19864" inserted="18531" running="562" waiting="1333" ended="17969" arrived="17969" collisions="17" teleports="17" halting="7" stopped="0" meanWaitingTime="205.82" meanTravelTime="285.98" meanSpeed="17.99" meanSpeedRelative="0.56" duration="4"/>
    <step time="27600.00" loaded="20413" inserted="18986" running="558" waiting="1427" ended="18428" arrived="18428" collisions="18" teleports="18" halting="7" stopped="0" meanWaitingTime="216.15" meanTravelTime="288.25" meanSpeed="17.71" meanSpeedRelative="0.55" duration="4"/>
    <step time="27900.00" loaded="20968" inserted="19448" running="553" waiting="1520" ended="18895" arrived="18895" collisions="19" teleports="19" halting="10" stopped="0" meanWaitingTime="227.58" meanTravelTime="290.18" meanSpeed="18.14" meanSpeedRelative="0.57" duration="3"/>
    <step time="28200.00" loaded="21530" inserted="19924" running="562" waiting="1606" ended="19362" arrived="19362" collisions="19" teleports="19" halting="8" stopped="0" meanWaitingTime="239.36" meanTravelTime="292.03" meanSpeed="17.52" meanSpeedRelative="0.55" duration="5"/>
    <step time="28500.00" loaded="22085" inserted="20399" running="589" waiting="1686" ended="19810" arrived="19810" collisions="19" teleports="19" halting="8" stopped="0" meanWaitingTime="251.67" meanTravelTime="293.41" meanSpeed="17.15" meanSpeedRelative="0.54" duration="4"/>
    <step time="28800.00" loaded="22600" inserted="20853" running="591" waiting="1747" ended="20262" arrived="20262" collisions="20" teleports="20" halting="9" stopped="0" meanWaitingTime="264.16" meanTravelTime="295.37" meanSpeed="16.80" meanSpeedRelative="0.52" duration="92"/>
    <step time="29100.00" loaded="22963" inserted="21291" running="588" waiting="1672" ended="20703" arrived="20703" collisions="20" teleports="20" halting="10" stopped="0" meanWaitingTime="276.86" meanTravelTime="296.96" meanSpeed="16.09" meanSpeedRelative="0.50" duration="4"/>
    <step time="29400.00" loaded="23302" inserted="21726" running="579" waiting="1576" ended="21147" arrived="21147" collisions="21" teleports="21" halting="7" stopped="0" meanWaitingTime="290.21" meanTravelTime="298.87" meanSpeed="16.51" meanSpeedRelative="0.52" duration="3"/>
    <step time="29700.00" loaded="23662" inserted="22160" running="590" waiting="1502" ended="21570" arrived="21570" collisions="21" teleports="21" halting="8" stopped="0" meanWaitingTime="303.86" meanTravelTime="300.91" meanSpeed="16.68" meanSpeedRelative="0.52" duration="3"/>
    <step time="30000.00" loaded="23987" inserted="22579" running="571" waiting="1408" ended="22008" arrived="22008" collisions="22" teleports="22" halting="9" stopped="0" meanWaitingTime="316.08" meanTravelTime="302.75" meanSpeed="16.60" meanSpeedRelative="0.52" duration="3"/>
    <step time="30300.00" loaded="24374" inserted="22996" running="545" waiting="1378" ended="22451" arrived="22451" collisions="23" teleports="23" halting="3" stopped="0" meanWaitingTime="328.12" meanTravelTime="304.68" meanSpeed="16.33" meanSpeedRelative="0.51" duration="2"/>
    <step time="30600.00" loaded="24754" inserted="23397" running="523" waiting="1357" ended="22874" arrived="22874" collisions="26" teleports="26" halting="10" stopped="0" meanWaitingTime="340.07" meanTravelTime="307.00" meanSpeed="17.17" meanSpeedRelative="0.54" duration="3"/>
    <step time="30900.00" loaded="25138" inserted="23829" running="520" waiting="1309" ended="23309" arrived="23309" collisions="26" teleports="26" halting="6" stopped="0" meanWaitingTime="352.56" meanTravelTime="308.11" meanSpeed="17.39" meanSpeedRelative="0.54" duration="3"/>
    <step time="31200.00" loaded="25486" inserted="24209" running="440" waiting="1277" ended="23769" arrived="23769" collisions="26" teleports="26" halting="4" stopped="0" meanWaitingTime="364.94" meanTravelTime="309.03" meanSpeed="18.59" meanSpeedRelative="0.58" duration="2"/>
    <step time="31500.00" loaded="25802" inserted="24572" running="420" waiting="1230" ended="24152" arrived="24152" collisions="26" teleports="26" halting="9" stopped="0" meanWaitingTime="377.02" meanTravelTime="309.54" meanSpeed="18.28" meanSpeedRelative="0.57" duration="3"/>
    <step time="31800.00" loaded="26180" inserted="24981" running="438" waiting="1199" ended="24543" arrived="24543" collisions="26" teleports="26" halting="6" stopped="0" meanWaitingTime="388.21" meanTravelTime="310.33" meanSpeed="18.39" meanSpeedRelative="0.57" duration="2"/>
    <step time="32100.00" loaded="26561" inserted="25395" running="447" waiting="1166" ended="24948" arrived="24948" collisions="28" teleports="28" halting="8" stopped="0" meanWaitingTime="398.95" meanTravelTime="310.58" meanSpeed="18.51" meanSpeedRelative="0.58" duration="3"/>
    <step time="32400.00" loaded="26911" inserted="25778" running="432" waiting="1133" ended="25346" arrived="25346" collisions="28" teleports="28" halting="4" stopped="0" meanWaitingTime="409.09" meanTravelTime="310.77" meanSpeed="19.56" meanSpeedRelative="0.61" duration="102"/>
    <step time="32700.00" loaded="27178" inserted="26100" running="373" waiting="1078" ended="25727" arrived="25727" collisions="29" teleports="29" halting="5" stopped="0" meanWaitingTime="419.13" meanTravelTime="311.38" meanSpeed="19.98" meanSpeedRelative="0.62" duration="3"/>
    <step time="33000.00" loaded="27452" inserted="26438" running="345" waiting="1014" ended="26093" arrived="26093" collisions="29" teleports="29" halting="7" stopped="0" meanWaitingTime="428.73" meanTravelTime="311.56" meanSpeed="21.40" meanSpeedRelative="0.67" duration="2"/>
    <step time="33300.00" loaded="27680" inserted="26747" running="309" waiting="933" ended="26438" arrived="26438" collisions="29" teleports="29" halting="7" stopped="0" meanWaitingTime="437.47" meanTravelTime="311.53" meanSpeed="21.04" meanSpeedRelative="0.66" duration="2"/>
    <step time="33600.00" loaded="27956" inserted="27089" running="308" waiting="867" ended="26781" arrived="26781" collisions="30" teleports="30" halting="5" stopped="0" meanWaitingTime="445.43" meanTravelTime="311.33" meanSpeed="20.94" meanSpeedRelative="0.65" duration="2"/>
    <step time="33900.00" loaded="28196" inserted="27406" running="305" waiting="790" ended="27101" arrived="27101" collisions="31" teleports="31" halting="3" stopped="0" meanWaitingTime="453.17" meanTravelTime="311.01" meanSpeed="21.42" meanSpeedRelative="0.67" duration="2"/>
    <step time="34200.00" loaded="28458" inserted="27726" running="295" waiting="732" ended="27431" arrived="27431" collisions="35" teleports="35" halting="3" stopped="0" meanWaitingTime="460.49" meanTravelTime="310.69" meanSpeed="21.20" meanSpeedRelative="0.66" duration="2"/>
    <step time="34500.00" loaded="28708" inserted="28038" running="280" waiting="670" ended="27758" arrived="27758" collisions="35" teleports="35" halting="12" stopped="0" meanWaitingTime="466.53" meanTravelTime="310.58" meanSpeed="20.27" meanSpeedRelative="0.63" duration="2"/>
    <step time="34800.00" loaded="28979" inserted="28351" running="270" waiting="628" ended="28081" arrived="28081" collisions="35" teleports="35" halting="1" stopped="0" meanWaitingTime="470.97" meanTravelTime="310.10" meanSpeed="20.97" meanSpeedRelative="0.66" duration="2"/>
    <step time="35100.00" loaded="29249" inserted="28693" running="320" waiting="556" ended="28373" arrived="28373" collisions="35" teleports="35" halting="3" stopped="0" meanWaitingTime="474.32" meanTravelTime="309.61" meanSpeed="20.49" meanSpeedRelative="0.64" duration="1"/>
    <step time="35400.00" loaded="29502" inserted="29016" running="333" waiting="486" ended="28683" arrived="28683" collisions="36" teleports="36" halting="7" stopped="0" meanWaitingTime="477.09" meanTravelTime="309.35" meanSpeed="21.17" meanSpeedRelative="0.66" duration="2"/>
    <step time="35700.00" loaded="29765" inserted="29346" running="323" waiting="419" ended="29023" arrived="29023" collisions="36" teleports="36" halting="9" stopped="0" meanWaitingTime="478.80" meanTravelTime="309.06" meanSpeed="20.59" meanSpeedRelative="0.64" duration="2"/>
    <step time="36000.00" loaded="30017" inserted="29677" running="330" waiting="340" ended="29347" arrived="29347" collisions="36" teleports="36" halting="3" stopped="0" meanWaitingTime="478.93" meanTravelTime="309.02" meanSpeed="21.42" meanSpeedRelative="0.67" duration="83"/>
    <step time="36300.00" loaded="30491" inserted="30110" running="399" waiting="381" ended="29711" arrived="29711" collisions="36" teleports="36" halting="5" stopped="0" meanWaitingTime="476.78" meanTravelTime="308.72" meanSpeed="20.45" meanSpeedRelative="0.64" duration="2"/>
    <step time="36600.00" loaded="30946" inserted="30537" running="427" waiting="409" ended="30110" arrived="30110" collisions="37" teleports="37" halting="5" stopped="0" meanWaitingTime="474.70" meanTravelTime="308.42" meanSpeed="20.92" meanSpeedRelative="0.65" duration="3"/>
    <step time="36900.00" loaded="31421" inserted="30979" running="458" waiting="442" ended="30521" arrived="30521" collisions="38" teleports="38" halting="11" stopped="0" meanWaitingTime="472.35" meanTravelTime="308.28" meanSpeed="19.88" meanSpeedRelative="0.62" duration="3"/>
    <step time="37200.00" loaded="31881" inserted="31406" running="476" waiting="475" ended="30930" arrived="30930" collisions="38" teleports="38" halting="13" stopped="0" meanWaitingTime="470.35" meanTravelTime="308.48" meanSpeed="19.22" meanSpeedRelative="0.60" duration="3"/>
    <step time="37500.00" loaded="32349" inserted="31848" running="487" waiting="501" ended="31361" arrived="31361" collisions="40" teleports="40" halting="6" stopped="0" meanWaitingTime="467.97" meanTravelTime="308.38" meanSpeed="20.18" meanSpeedRelative="0.63" duration="2"/>
    <step time="37800.00" loaded="32804" inserted="32284" running="486" waiting="520" ended="31798" arrived="31798" collisions="42" teleports="42" halting="3" stopped="0" meanWaitingTime="465.84" meanTravelTime="308.43" meanSpeed="19.47" meanSpeedRelative="0.61" duration="2"/>
    <step time="38100.00" loaded="33279" inserted="32748" running="499" waiting="531" ended="32249" arrived="32249" collisions="44" teleports="44" halting="3" stopped="0" meanWaitingTime="463.63" meanTravelTime="309.12" meanSpeed="19.76" meanSpeedRelative="0.62" duration="4"/>
    <step time="38400.00" loaded="33775" inserted="33204" running="519" waiting="571" ended="32685" arrived="32685" collisions="49" teleports="49" halting="7" stopped="0" meanWaitingTime="461.68" meanTravelTime="309.43" meanSpeed="19.77" meanSpeedRelative="0.62" duration="4"/>
    <step time="38700.00" loaded="34208" inserted="33603" running="506" waiting="605" ended="33097" arrived="33097" collisions="50" teleports="50" halting="6" stopped="0" meanWaitingTime="460.34" meanTravelTime="309.74" meanSpeed="19.27" meanSpeedRelative="0.60" duration="3"/>
    <step time="39000.00" loaded="34649" inserted="34012" running="468" waiting="637" ended="33544" arrived="33544" collisions="50" teleports="50" halting="13" stopped="0" meanWaitingTime="459.23" meanTravelTime="310.37" meanSpeed="19.06" meanSpeedRelative="0.60" duration="3"/>
    <step time="39300.00" loaded="35132" inserted="34473" running="489" waiting="659" ended="33984" arrived="33984" collisions="50" teleports="50" halting="5" stopped="0" meanWaitingTime="457.86" meanTravelTime="310.72" meanSpeed="20.32" meanSpeedRelative="0.64" duration="2"/>
    <step time="39600.00" loaded="35587" inserted="34888" running="471" waiting="699" ended="34417" arrived="34417" collisions="51" teleports="51" halting="7" stopped="0" meanWaitingTime="457.32" meanTravelTime="311.06" meanSpeed="20.33" meanSpeedRelative="0.64" duration="92"/>
    <step time="39900.00" loaded="36087" inserted="35369" running="506" waiting="718" ended="34863" arrived="34863" collisions="53" teleports="53" halting="9" stopped="0" meanWaitingTime="456.07" meanTravelTime="311.33" meanSpeed="19.22" meanSpeedRelative="0.60" duration="3"/>
    <step time="40200.00" loaded="36638" inserted="35859" running="534" waiting="779" ended="35325" arrived="35325" collisions="53" teleports="53" halting="11" stopped="0" meanWaitingTime="455.26" meanTravelTime="311.58" meanSpeed="18.62" meanSpeedRelative="0.58" duration="2"/>
    <step time="40500.00" loaded="37157" inserted="36334" running="561" waiting="823" ended="35773" arrived="35773" collisions="54" teleports="54" halting="7" stopped="0" meanWaitingTime="455.30" meanTravelTime="311.65" meanSpeed="18.35" meanSpeedRelative="0.57" duration="3"/>
    <step time="40800.00" loaded="37627" inserted="36792" running="566" waiting="835" ended="36226" arrived="36226" collisions="57" teleports="57" halting="12" stopped="0" meanWaitingTime="455.37" meanTravelTime="312.24" meanSpeed="17.34" meanSpeedRelative="0.54" duration="4"/>
    <step time="41100.00" loaded="38129" inserted="37251" running="568" waiting="878" ended="36683" arrived="36683" collisions="59" teleports="59" halting="8" stopped="0" meanWaitingTime="455.26" meanTravelTime="312.82" meanSpeed="17.81" meanSpeedRelative="0.56" duration="3"/>
    <step time="41400.00" loaded="38655" inserted="37726" running="554" waiting="929" ended="37172" arrived="37172" collisions="59" teleports="59" halting="5" stopped="0" meanWaitingTime="455.54" meanTravelTime="313.26" meanSpeed="17.67" meanSpeedRelative="0.55" duration="4"/>
    <step time="41700.00" loaded="39208" inserted="38234" running="570" waiting="974" ended="37664" arrived="37664" collisions="60" teleports="60" halting="9" stopped="0" meanWaitingTime="456.01" meanTravelTime="313.77" meanSpeed="18.51" meanSpeedRelative="0.58" duration="4"/>
    <step time="42000.00" loaded="39679" inserted="38690" running="591" waiting="989" ended="38099" arrived="38099" collisions="61" teleports="61" halting="6" stopped="0" meanWaitingTime="456.92" meanTravelTime="314.44" meanSpeed="17.54" meanSpeedRelative="0.55" duration="3"/>
    <step time="42300.00" loaded="40194" inserted="39170" running="600" waiting="1024" ended="38570" arrived="38570" collisions="64" teleports="64" halting="9" stopped="0" meanWaitingTime="457.83" meanTravelTime="315.12" meanSpeed="17.28" meanSpeedRelative="0.54" duration="4"/>
    <step time="42600.00" loaded="40713" inserted="39615" running="592" waiting="1098" ended="39023" arrived="39023" collisions="64" teleports="64" halting="6" stopped="0" meanWaitingTime="458.99" meanTravelTime="315.77" meanSpeed="17.65" meanSpeedRelative="0.55" duration="3"/>
    <step time="42900.00" loaded="41227" inserted="40095" running="593" waiting="1132" ended="39502" arrived="39502" collisions="67" teleports="67" halting="6" stopped="0" meanWaitingTime="460.37" meanTravelTime="316.54" meanSpeed="18.07" meanSpeedRelative="0.56" duration="3"/>
    <step time="43200.00" loaded="41782" inserted="40575" running="612" waiting="1207" ended="39963" arrived="39963" collisions="69" teleports="69" halting="7" stopped="0" meanWaitingTime="461.63" meanTravelTime="317.28" meanSpeed="17.35" meanSpeedRelative="0.54" duration="105"/>
    <step time="43500.00" loaded="42304" inserted="41068" running="634" waiting="1236" ended="40434" arrived="40434" collisions="69" teleports="69" halting="10" stopped="0" meanWaitingTime="463.13" meanTravelTime="317.91" meanSpeed="17.81" meanSpeedRelative="0.56" duration="3"/>
    <step time="43800.00" loaded="42895" inserted="41577" running="675" waiting="1318" ended="40902" arrived="40902" collisions="72" teleports="72" halting="16" stopped="0" meanWaitingTime="464.73" meanTravelTime="318.81" meanSpeed="17.31" meanSpeedRelative="0.54" duration="3"/>
    <step time="44100.00" loaded="43448" inserted="42062" running="667" waiting="1386" ended="41395" arrived="41395" collisions="74" teleports="74" halting="12" stopped="0" meanWaitingTime="466.88" meanTravelTime="319.81" meanSpeed="16.61" meanSpeedRelative="0.52" duration="4"/>
    <step time="44400.00" loaded="43981" inserted="42520" running="654" waiting="1461" ended="41866" arrived="41866" collisions="75" teleports="75" halting="8" stopped="0" meanWaitingTime="469.10" meanTravelTime="320.98" meanSpeed="16.38" meanSpeedRelative="0.51" duration="4"/>
    <step time="44700.00" loaded="44535" inserted="43028" running="704" waiting="1507" ended="42324" arrived="42324" collisions="77" teleports="77" halting="5" stopped="0" meanWaitingTime="471.62" meanTravelTime="321.75" meanSpeed="15.79" meanSpeedRelative="0.49" duration="4"/>
    <step time="45000.00" loaded="45057" inserted="43503" running="720" waiting="1554" ended="42783" arrived="42783" collisions="79" teleports="79" halting="8" stopped="0" meanWaitingTime="474.33" meanTravelTime="323.11" meanSpeed="15.60" meanSpeedRelative="0.49" duration="5"/>
    <step time="45300.00" loaded="45604" inserted="43972" running="697" waiting="1632" ended="43275" arrived="43275" collisions="81" teleports="81" halting="8" stopped="0" meanWaitingTime="477.41" meanTravelTime="324.61" meanSpeed="15.79" meanSpeedRelative="0.49" duration="4"/>
    <step time="45600.00" loaded="46122" inserted="44434" running="668" waiting="1688" ended="43766" arrived="43766" collisions="84" teleports="84" halting="10" stopped="0" meanWaitingTime="480.75" meanTravelTime="325.58" meanSpeed="16.63" meanSpeedRelative="0.52" duration="4"/>
    <step time="45900.00" loaded="46659" inserted="44908" running="680" waiting="1751" ended="44228" arrived="44228" collisions="85" teleports="85" halting="10" stopped="0" meanWaitingTime="484.44" meanTravelTime="326.63" meanSpeed="16.31" meanSpeedRelative="0.51" duration="4"/>
    <step time="46200.00" loaded="47193" inserted="45363" running="650" waiting="1830" ended="44713" arrived="44713" collisions="88" teleports="88" halting="13" stopped="0" meanWaitingTime="487.99" meanTravelTime="328.05" meanSpeed="16.12" meanSpeedRelative="0.50" duration="4"/>
    <step time="46500.00" loaded="47716" inserted="45834" running="672" waiting="1882" ended="45162" arrived="45162" collisions="91" teleports="91" halting="15" stopped="0" meanWaitingTime="492.14" meanTravelTime="329.08" meanSpeed="16.24" meanSpeedRelative="0.51" duration="4"/>
    <step time="46800.00" loaded="48213" inserted="46282" running="661" waiting="1931" ended="45621" arrived="45621" collisions="93" teleports="93" halting="10" stopped="0" meanWaitingTime="496.32" meanTravelTime="330.20" meanSpeed="15.99" meanSpeedRelative="0.50" duration="96"/>
    <step time="47100.00" loaded="48769" inserted="46805" running="730" waiting="1964" ended="46075" arrived="46075" collisions="97" teleports="97" halting="7" stopped="0" meanWaitingTime="500.45" meanTravelTime="330.90" meanSpeed="15.46" meanSpeedRelative="0.48" duration="3"/>
    <step time="47400.00" loaded="49312" inserted="47296" running="720" waiting="2016" ended="46576" arrived="46576" collisions="100" teleports="100" halting="7" stopped="0" meanWaitingTime="504.84" meanTravelTime="332.09" meanSpeed="15.59" meanSpeedRelative="0.49" duration="4"/>
    <step time="47700.00" loaded="49829" inserted="47770" running="715" waiting="2059" ended="47055" arrived="47055" collisions="101" teleports="101" halting="12" stopped="0" meanWaitingTime="509.36" meanTravelTime="333.31" meanSpeed="15.15" meanSpeedRelative="0.47" duration="5"/>
    <step time="48000.00" loaded="50345" inserted="48229" running="691" waiting="2116" ended="47538" arrived="47538" collisions="104" teleports="104" halting="17" stopped="0" meanWaitingTime="514.50" meanTravelTime="334.53" meanSpeed="15.62" meanSpeedRelative="0.49" duration="3"/>
    <step time="48300.00" loaded="50853" inserted="48711" running="699" waiting="2142" ended="48012" arrived="48012" collisions="105" teleports="105" halting="10" stopped="0" meanWaitingTime="519.93" meanTravelTime="335.65" meanSpeed="15.38" meanSpeedRelative="0.48" duration="5"/>
    <step time="48600.00" loaded="51408" inserted="49207" running="693" waiting="2201" ended="48514" arrived="48514" collisions="108" teleports="108" halting="12" stopped="0" meanWaitingTime="525.48" meanTravelTime="336.56" meanSpeed="15.49" meanSpeedRelative="0.48" duration="7"/>
    <step time="48900.00" loaded="51928" inserted="49680" running="680" waiting="2248" ended="49000" arrived="49000" collisions="109" teleports="109" halting="15" stopped="0" meanWaitingTime="531.18" meanTravelTime="337.64" meanSpeed="15.68" meanSpeedRelative="0.49" duration="4"/>
    <step time="49200.00" loaded="52505" inserted="50184" running="725" waiting="2321" ended="49459" arrived="49459" collisions="109" teleports="109" halting="10" stopped="0" meanWaitingTime="536.96" meanTravelTime="338.42" meanSpeed="15.27" meanSpeedRelative="0.48" duration="6"/>
    <step time="49500.00" loaded="53027" inserted="50683" running="732" waiting="2344" ended="49951" arrived="49951" collisions="111" teleports="111" halting="5" stopped="0" meanWaitingTime="542.25" meanTravelTime="339.34" meanSpeed="15.82" meanSpeedRelative="0.49" duration="5"/>
    <step time="49800.00" loaded="53540" inserted="51147" running="711" waiting="2393" ended="50436" arrived="50436" collisions="111" teleports="111" halting="8" stopped="0" meanWaitingTime="547.78" meanTravelTime="340.39" meanSpeed="15.89" meanSpeedRelative="0.50" duration="6"/>
    <step time="50100.00" loaded="54058" inserted="51620" running="679" waiting="2438" ended="50941" arrived="50941" collisions="112" teleports="112" halting="9" stopped="0" meanWaitingTime="553.59" meanTravelTime="341.46" meanSpeed="16.65" meanSpeedRelative="0.52" duration="4"/>
    <step time="50400.00" loaded="54606" inserted="52104" running="694" waiting="2502" ended="51410" arrived="51410" collisions="112" teleports="112" halting="6" stopped="0" meanWaitingTime="559.31" meanTravelTime="342.43" meanSpeed="16.34" meanSpeedRelative="0.51" duration="96"/>
    <step time="50700.00" loaded="55336" inserted="52661" running="778" waiting="2675" ended="51883" arrived="51883" collisions="115" teleports="115" halting="15" stopped="0" meanWaitingTime="565.09" meanTravelTime="343.28" meanSpeed="14.93" meanSpeedRelative="0.47" duration="6"/>
    <step time="51000.00" loaded="56013" inserted="53204" running="828" waiting="2809" ended="52376" arrived="52376" collisions="115" teleports="115" halting="9" stopped="0" meanWaitingTime="571.10" meanTravelTime="344.25" meanSpeed="14.04" meanSpeedRelative="0.44" duration="5"/>
    <step time="51300.00" loaded="56768" inserted="53766" running="898" waiting="3002" ended="52868" arrived="52868" collisions="117" teleports="117" halting="12" stopped="0" meanWaitingTime="577.34" meanTravelTime="345.15" meanSpeed="13.87" meanSpeedRelative="0.43" duration="5"/>
    <step time="51600.00" loaded="57519" inserted="54297" running="933" waiting="3222" ended="53364" arrived="53364" collisions="120" teleports="120" halting="15" stopped="0" meanWaitingTime="583.83" meanTravelTime="346.52" meanSpeed="12.94" meanSpeedRelative="0.40" duration="7"/>
    <step time="51900.00" loaded="58236" inserted="54800" running="908" waiting="3436" ended="53892" arrived="53892" collisions="122" teleports="122" halting="13" stopped="0" meanWaitingTime="589.56" meanTravelTime="348.10" meanSpeed="12.99" meanSpeedRelative="0.41" duration="5"/>
    <step time="52200.00" loaded="58964" inserted="55297" running="910" waiting="3667" ended="54387" arrived="54387" collisions="127" teleports="127" halting="12" stopped="0" meanWaitingTime="595.52" meanTravelTime="349.72" meanSpeed="12.66" meanSpeedRelative="0.40" duration="7"/>
    <step time="52500.00" loaded="59673" inserted="55798" running="937" waiting="3875" ended="54861" arrived="54861" collisions="129" teleports="129" halting="18" stopped="0" meanWaitingTime="601.81" meanTravelTime="351.67" meanSpeed="12.58" meanSpeedRelative="0.39" duration="7"/>
    <step time="52800.00" loaded="60419" inserted="56326" running="952" waiting="4093" ended="55374" arrived="55374" collisions="133" teleports="133" halting="16" stopped="0" meanWaitingTime="608.77" meanTravelTime="353.45" meanSpeed="12.92" meanSpeedRelative="0.40" duration="8"/>
    <step time="53100.00" loaded="61104" inserted="56825" running="943" waiting="4279" ended="55882" arrived="55882" collisions="134" teleports="134" halting="6" stopped="0" meanWaitingTime="616.85" meanTravelTime="355.38" meanSpeed="12.68" meanSpeedRelative="0.40" duration="7"/>
    <step time="53400.00" loaded="61839" inserted="57351" running="938" waiting="4488" ended="56413" arrived="56413" collisions="136" teleports="136" halting="9" stopped="0" meanWaitingTime="625.29" meanTravelTime="357.07" meanSpeed="12.94" meanSpeedRelative="0.40" duration="8"/>
    <step time="53700.00" loaded="62557" inserted="57834" running="917" waiting="4723" ended="56917" arrived="56917" collisions="136" teleports="136" halting="16" stopped="0" meanWaitingTime="633.81" meanTravelTime="358.78" meanSpeed="13.08" meanSpeedRelative="0.41" duration="8"/>
    <step time="54000.00" loaded="63291" inserted="58345" running="929" waiting="4946" ended="57416" arrived="57416" collisions="137" teleports="137" halting="12" stopped="0" meanWaitingTime="642.02" meanTravelTime="360.53" meanSpeed="12.61" meanSpeedRelative="0.39" duration="90"/>
    <step time="54300.00" loaded="63723" inserted="58826" running="934" waiting="4897" ended="57892" arrived="57892" collisions="140" teleports="140" halting="15" stopped="0" meanWaitingTime="652.54" meanTravelTime="362.18" meanSpeed="12.79" meanSpeedRelative="0.40" duration="7"/>
    <step time="54600.00" loaded="64181" inserted="59288" running="916" waiting="4893" ended="58372" arrived="58372" collisions="142" teleports="142" halting="11" stopped="0" meanWaitingTime="663.31" meanTravelTime="364.07" meanSpeed="12.98" meanSpeedRelative="0.41" duration="7"/>
    <step time="54900.00" loaded="64666" inserted="59774" running="837" waiting="4892" ended="58937" arrived="58937" collisions="143" teleports="143" halting="20" stopped="0" meanWaitingTime="673.47" meanTravelTime="365.95" meanSpeed="13.47" meanSpeedRelative="0.42" duration="7"/>
    <step time="55200.00" loaded="65098" inserted="60247" running="815" waiting="4851" ended="59432" arrived="59432" collisions="149" teleports="149" halting="18" stopped="0" meanWaitingTime="685.15" meanTravelTime="367.31" meanSpeed="13.87" meanSpeedRelative="0.43" duration="7"/>
    <step time="55500.00" loaded="65547" inserted="60735" running="818" waiting="4812" ended="59917" arrived="59917" collisions="151" teleports="151" halting="9" stopped="0" meanWaitingTime="696.87" meanTravelTime="368.46" meanSpeed="14.29" meanSpeedRelative="0.45" duration="7"/>
    <step time="55800.00" loaded="66033" inserted="61243" running="840" waiting="4790" ended="60403" arrived="60403" collisions="152" teleports="152" halting="19" stopped="0" meanWaitingTime="708.87" meanTravelTime="369.49" meanSpeed="14.35" meanSpeedRelative="0.45" duration="7"/>
    <step time="56100.00" loaded="66492" inserted="61716" running="829" waiting="4776" ended="60887" arrived="60887" collisions="154" teleports="154" halting="22" stopped="0" meanWaitingTime="720.97" meanTravelTime="370.49" meanSpeed="14.01" meanSpeedRelative="0.44" duration="9"/>
    <step time="56400.00" loaded="66907" inserted="62191" running="807" waiting="4716" ended="61384" arrived="61384" collisions="155" teleports="155" halting="15" stopped="0" meanWaitingTime="733.97" meanTravelTime="371.35" meanSpeed="14.78" meanSpeedRelative="0.46" duration="7"/>
    <step time="56700.00" loaded="67329" inserted="62677" running="812" waiting="4652" ended="61865" arrived="61865" collisions="157" teleports="157" halting="36" stopped="0" meanWaitingTime="746.51" meanTravelTime="372.41" meanSpeed="14.25" meanSpeedRelative="0.45" duration="6"/>
    <step time="57000.00" loaded="67793" inserted="63186" running="821" waiting="4607" ended="62365" arrived="62365" collisions="158" teleports="158" halting="5" stopped="0" meanWaitingTime="758.83" meanTravelTime="373.34" meanSpeed="14.04" meanSpeedRelative="0.44" duration="8"/>
    <step time="57300.00" loaded="68258" inserted="63664" running="808" waiting="4594" ended="62856" arrived="62856" collisions="159" teleports="159" halting="12" stopped="0" meanWaitingTime="770.90" meanTravelTime="374.50" meanSpeed="14.34" meanSpeedRelative="0.45" duration="7"/>
    <step time="57600.00" loaded="68679" inserted="64105" running="790" waiting="4574" ended="63315" arrived="63315" collisions="160" teleports="160" halting="9" stopped="0" meanWaitingTime="781.64" meanTravelTime="375.70" meanSpeed="14.21" meanSpeedRelative="0.44" duration="85"/>
    <step time="57900.00" loaded="69256" inserted="64630" running="820" waiting="4626" ended="63810" arrived="63810" collisions="164" teleports="164" halting="6" stopped="0" meanWaitingTime="793.67" meanTravelTime="376.65" meanSpeed="15.37" meanSpeedRelative="0.48" duration="9"/>
    <step time="58200.00" loaded="69793" inserted="65131" running="845" waiting="4662" ended="64286" arrived="64286" collisions="166" teleports="166" halting="23" stopped="0" meanWaitingTime="804.59" meanTravelTime="377.38" meanSpeed="14.32" meanSpeedRelative="0.45" duration="8"/>
    <step time="58500.00" loaded="70375" inserted="65650" running="839" waiting="4725" ended="64811" arrived="64811" collisions="169" teleports="169" halting="15" stopped="0" meanWaitingTime="815.86" meanTravelTime="378.31" meanSpeed="13.37" meanSpeedRelative="0.42" duration="7"/>
    <step time="58800.00" loaded="70921" inserted="66152" running="853" waiting="4769" ended="65299" arrived="65299" collisions="171" teleports="171" halting="11" stopped="0" meanWaitingTime="827.15" meanTravelTime="379.25" meanSpeed="13.45" meanSpeedRelative="0.42" duration="7"/>
    <step time="59100.00" loaded="71501" inserted="66661" running="846" waiting="4840" ended="65815" arrived="65815" collisions="176" teleports="176" halting="8" stopped="0" meanWaitingTime="838.19" meanTravelTime="380.30" meanSpeed="14.40" meanSpeedRelative="0.45" duration="7"/>
    <step time="59400.00" loaded="72063" inserted="67169" running="814" waiting="4894" ended="66355" arrived="66355" collisions="177" teleports="177" halting="6" stopped="0" meanWaitingTime="849.02" meanTravelTime="381.12" meanSpeed="14.74" meanSpeedRelative="0.46" duration="7"/>
    <step time="59700.00" loaded="72594" inserted="67689" running="814" waiting="4905" ended="66875" arrived="66875" collisions="178" teleports="178" halting="11" stopped="0" meanWaitingTime="859.85" meanTravelTime="381.97" meanSpeed="14.71" meanSpeedRelative="0.46" duration="8"/>
    <step time="60000.00" loaded="73176" inserted="68219" running="855" waiting="4957" ended="67364" arrived="67364" collisions="180" teleports="180" halting="18" stopped="0" meanWaitingTime="869.94" meanTravelTime="382.78" meanSpeed="14.45" meanSpeedRelative="0.45" duration="7"/>
    <step time="60300.00" loaded="73742" inserted="68726" running="839" waiting="5016" ended="67887" arrived="67887" collisions="182" teleports="182" halting="18" stopped="0" meanWaitingTime="880.35" meanTravelTime="383.45" meanSpeed="14.30" meanSpeedRelative="0.45" duration="6"/>
    <step time="60600.00" loaded="74309" inserted="69252" running="838" waiting="5057" ended="68414" arrived="68414" collisions="183" teleports="183" halting="9" stopped="0" meanWaitingTime="890.30" meanTravelTime="384.19" meanSpeed="14.40" meanSpeedRelative="0.45" duration="8"/>
    <step time="60900.00" loaded="74865" inserted="69765" running="829" waiting="5100" ended="68936" arrived="68936" collisions="188" teleports="188" halting="17" stopped="0" meanWaitingTime="900.38" meanTravelTime="384.93" meanSpeed="14.46" meanSpeedRelative="0.45" duration="6"/>
    <step time="61200.00" loaded="75426" inserted="70263" running="817" waiting="5163" ended="69446" arrived="69446" collisions="190" teleports="190" halting="8" stopped="0" meanWaitingTime="909.87" meanTravelTime="385.62" meanSpeed="15.18" meanSpeedRelative="0.47" duration="84"/>
    <step time="61500.00" loaded="75496" inserted="70620" running="721" waiting="4876" ended="69899" arrived="69899" collisions="190" teleports="190" halting="12" stopped="0" meanWaitingTime="921.07" meanTravelTime="386.58" meanSpeed="14.52" meanSpeedRelative="0.45" duration="6"/>
    <step time="61800.00" loaded="75559" inserted="70956" running="620" waiting="4603" ended="70336" arrived="70336" collisions="192" teleports="192" halting="8" stopped="0" meanWaitingTime="932.74" meanTravelTime="387.58" meanSpeed="15.51" meanSpeedRelative="0.48" duration="6"/>
    <step time="62100.00" loaded="75632" inserted="71276" running="505" waiting="4356" ended="70771" arrived="70771" collisions="193" teleports="193" halting="1" stopped="0" meanWaitingTime="945.19" meanTravelTime="388.50" meanSpeed="17.91" meanSpeedRelative="0.56" duration="6"/>
    <step time="62400.00" loaded="75710" inserted="71594" running="408" waiting="4116" ended="71186" arrived="71186" collisions="194" teleports="194" halting="2" stopped="0" meanWaitingTime="958.52" meanTravelTime="388.85" meanSpeed="20.45" meanSpeedRelative="0.64" duration="3"/>
    <step time="62700.00" loaded="75772" inserted="71904" running="362" waiting="3868" ended="71542" arrived="71542" collisions="194" teleports="194" halting="5" stopped="0" meanWaitingTime="972.31" meanTravelTime="388.88" meanSpeed="21.07" meanSpeedRelative="0.66" duration="3"/>
    <step time="63000.00" loaded="75842" inserted="72181" running="313" waiting="3661" ended="71868" arrived="71868" collisions="194" teleports="194" halting="6" stopped="0" meanWaitingTime="985.40" meanTravelTime="388.77" meanSpeed="21.52" meanSpeedRelative="0.67" duration="3"/>
    <step time="63300.00" loaded="75912" inserted="72440" running="266" waiting="3472" ended="72174" arrived="72174" collisions="195" teleports="195" halting="4" stopped="0" meanWaitingTime="998.38" meanTravelTime="388.65" meanSpeed="21.10" meanSpeedRelative="0.66" duration="3"/>
    <step time="63600.00" loaded="75988" inserted="72702" running="247" waiting="3286" ended="72455" arrived="72455" collisions="195" teleports="195" halting="3" stopped="0" meanWaitingTime="1010.98" meanTravelTime="388.30" meanSpeed="21.50" meanSpeedRelative="0.67" duration="2"/>
    <step time="63900.00" loaded="76056" inserted="72964" running="265" waiting="3092" ended="72699" arrived="72699" collisions="195" teleports="195" halting="4" stopped="0" meanWaitingTime="1023.73" meanTravelTime="388.01" meanSpeed="21.29" meanSpeedRelative="0.67" duration="3"/>
    <step time="64200.00" loaded="76137" inserted="73236" running="255" waiting="2901" ended="72981" arrived="72981" collisions="195" teleports="195" halting="6" stopped="0" meanWaitingTime="1037.01" meanTravelTime="387.68" meanSpeed="21.52" meanSpeedRelative="0.67" duration="2"/>
    <step time="64500.00" loaded="76210" inserted="73495" running="259" waiting="2715" ended="73236" arrived="73236" collisions="196" teleports="196" halting="5" stopped="0" meanWaitingTime="1049.80" meanTravelTime="387.32" meanSpeed="22.21" meanSpeedRelative="0.69" duration="1"/>
    <step time="64800.00" loaded="76271" inserted="73757" running="247" waiting="2514" ended="73510" arrived="73510" collisions="196" teleports="196" halting="5" stopped="0" meanWaitingTime="1062.91" meanTravelTime="387.01" meanSpeed="21.74" meanSpeedRelative="0.68" duration="105"/>
    <step time="65100.00" loaded="76312" inserted="74009" running="242" waiting="2303" ended="73767" arrived="73767" collisions="196" teleports="196" halting="2" stopped="0" meanWaitingTime="1074.80" meanTravelTime="386.67" meanSpeed="22.57" meanSpeedRelative="0.71" duration="2"/>
    <step time="65400.00" loaded="76356" inserted="74217" running="186" waiting="2139" ended="74031" arrived="74031" collisions="196" teleports="196" halting="5" stopped="0" meanWaitingTime="1084.91" meanTravelTime="386.28" meanSpeed="21.82" meanSpeedRelative="0.68" duration="1"/>
    <step time="65700.00" loaded="76406" inserted="74352" running="165" waiting="2054" ended="74187" arrived="74187" collisions="196" teleports="196" halting="7" stopped="0" meanWaitingTime="1092.20" meanTravelTime="386.33" meanSpeed="21.09" meanSpeedRelative="0.66" duration="2"/>
    <step time="66000.00" loaded="76451" inserted="74498" running="172" waiting="1953" ended="74326" arrived="74326" collisions="196" teleports="196" halting="6" stopped="0" meanWaitingTime="1099.61" meanTravelTime="386.26" meanSpeed="21.73" meanSpeedRelative="0.68" duration="1"/>
    <step time="66300.00" loaded="76500" inserted="74638" running="168" waiting="1862" ended="74470" arrived="74470" collisions="196" teleports="196" halting="3" stopped="0" meanWaitingTime="1105.49" meanTravelTime="386.18" meanSpeed="21.88" meanSpeedRelative="0.68" duration="2"/>
    <step time="66600.00" loaded="76542" inserted="74750" running="133" waiting="1792" ended="74617" arrived="74617" collisions="196" teleports="196" halting="7" stopped="0" meanWaitingTime="1110.40" meanTravelTime="386.14" meanSpeed="20.31" meanSpeedRelative="0.63" duration="2"/>
    <step time="66900.00" loaded="76594" inserted="74837" running="82" waiting="1757" ended="74755" arrived="74755" collisions="196" teleports="196" halting="8" stopped="0" meanWaitingTime="1115.23" meanTravelTime="386.07" meanSpeed="16.88" meanSpeedRelative="0.53" duration="1"/>
    <step time="67200.00" loaded="76659" inserted="74932" running="83" waiting="1727" ended="74849" arrived="74849" collisions="196" teleports="196" halting="3" stopped="0" meanWaitingTime="1120.23" meanTravelTime="385.99" meanSpeed="18.91" meanSpeedRelative="0.59" duration="0"/>
    <step time="67500.00" loaded="76707" inserted="75008" running="75" waiting="1699" ended="74933" arrived="74933" collisions="196" teleports="196" halting="5" stopped="0" meanWaitingTime="1125.19" meanTravelTime="385.87" meanSpeed="18.18" meanSpeedRelative="0.57" duration="1"/>
    <step time="67800.00" loaded="76763" inserted="75098" running="83" waiting="1665" ended="75015" arrived="75015" collisions="196" teleports="196" halting="7" stopped="0" meanWaitingTime="1130.55" meanTravelTime="385.72" meanSpeed="18.60" meanSpeedRelative="0.58" duration="1"/>
    <step time="68100.00" loaded="76821" inserted="75193" running="77" waiting="1628" ended="75116" arrived="75116" collisions="196" teleports="196" halting="6" stopped="0" meanWaitingTime="1135.80" meanTravelTime="385.58" meanSpeed="19.03" meanSpeedRelative="0.59" duration="1"/>
    <step time="68400.00" loaded="76875" inserted="75282" running="85" waiting="1593" ended="75197" arrived="75197" collisions="196" teleports="196" halting="1" stopped="0" meanWaitingTime="1141.22" meanTravelTime="385.48" meanSpeed="19.31" meanSpeedRelative="0.60" duration="106"/>
    <step time="68700.00" loaded="77054" inserted="75480" running="156" waiting="1574" ended="75324" arrived="75324" collisions="196" teleports="196" halting="4" stopped="0" meanWaitingTime="1146.02" meanTravelTime="385.17" meanSpeed="21.53" meanSpeedRelative="0.67" duration="1"/>
    <step time="69000.00" loaded="77208" inserted="75666" running="173" waiting="1542" ended="75493" arrived="75493" collisions="196" teleports="196" halting="10" stopped="0" meanWaitingTime="1150.95" meanTravelTime="384.88" meanSpeed="22.75" meanSpeedRelative="0.71" duration="1"/>
    <step time="69300.00" loaded="77373" inserted="75861" running="153" waiting="1512" ended="75708" arrived="75708" collisions="196" teleports="196" halting="1" stopped="0" meanWaitingTime="1156.13" meanTravelTime="384.51" meanSpeed="21.81" meanSpeedRelative="0.68" duration="1"/>
    <step time="69600.00" loaded="77520" inserted="76031" running="149" waiting="1489" ended="75882" arrived="75882" collisions="196" teleports="196" halting="2" stopped="0" meanWaitingTime="1161.21" meanTravelTime="384.26" meanSpeed="23.07" meanSpeedRelative="0.72" duration="2"/>
    <step time="69900.00" loaded="77658" inserted="76200" running="141" waiting="1458" ended="76059" arrived="76059" collisions="196" teleports="196" halting="5" stopped="0" meanWaitingTime="1166.61" meanTravelTime="383.93" meanSpeed="21.90" meanSpeedRelative="0.68" duration="1"/>
    <step time="70200.00" loaded="77818" inserted="76389" running="175" waiting="1429" ended="76214" arrived="76214" collisions="197" teleports="197" halting="1" stopped="0" meanWaitingTime="1171.14" meanTravelTime="383.66" meanSpeed="22.53" meanSpeedRelative="0.70" duration="1"/>
    <step time="70500.00" loaded="77980" inserted="76572" running="176" waiting="1408" ended="76396" arrived="76396" collisions="197" teleports="197" halting="3" stopped="0" meanWaitingTime="1174.57" meanTravelTime="383.37" meanSpeed="21.96" meanSpeedRelative="0.69" duration="1"/>
    <step time="70800.00" loaded="78136" inserted="76746" running="160" waiting="1390" ended="76586" arrived="76586" collisions="197" teleports="197" halting="8" stopped="0" meanWaitingTime="1177.99" meanTravelTime="383.11" meanSpeed="22.02" meanSpeedRelative="0.69" duration="1"/>
    <step time="71100.00" loaded="78291" inserted="76936" running="176" waiting="1355" ended="76760" arrived="76760" collisions="197" teleports="197" halting="7" stopped="0" meanWaitingTime="1181.35" meanTravelTime="382.86" meanSpeed="22.34" meanSpeedRelative="0.70" duration="1"/>
    <step time="71400.00" loaded="78433" inserted="77095" running="156" waiting="1338" ended="76939" arrived="76939" collisions="197" teleports="197" halting="1" stopped="0" meanWaitingTime="1184.27" meanTravelTime="382.62" meanSpeed="22.10" meanSpeedRelative="0.69" duration="1"/>
    <step time="71700.00" loaded="78600" inserted="77285" running="167" waiting="1315" ended="77118" arrived="77118" collisions="197" teleports="197" halting="3" stopped="0" meanWaitingTime="1187.58" meanTravelTime="382.36" meanSpeed="22.14" meanSpeedRelative="0.69" duration="1"/>
    <step time="72000.00" loaded="78743" inserted="77453" running="144" waiting="1290" ended="77309" arrived="77309" collisions="197" teleports="197" halting="5" stopped="0" meanWaitingTime="1190.14" meanTravelTime="382.10" meanSpeed="21.41" meanSpeedRelative="0.67" duration="83"/>
    <step time="72300.00" loaded="78882" inserted="77626" running="153" waiting="1256" ended="77473" arrived="77473" collisions="197" teleports="197" halting="3" stopped="0" meanWaitingTime="1193.19" meanTravelTime="381.88" meanSpeed="22.32" meanSpeedRelative="0.70" duration="1"/>
    <step time="72600.00" loaded="79012" inserted="77786" running="143" waiting="1226" ended="77643" arrived="77643" collisions="197" teleports="197" halting="1" stopped="0" meanWaitingTime="1195.89" meanTravelTime="381.65" meanSpeed="22.04" meanSpeedRelative="0.69" duration="1"/>
    <step time="72900.00" loaded="79149" inserted="77957" running="147" waiting="1192" ended="77810" arrived="77810" collisions="197" teleports="197" halting="3" stopped="0" meanWaitingTime="1198.86" meanTravelTime="381.44" meanSpeed="22.44" meanSpeedRelative="0.70" duration="1"/>
    <step time="73200.00" loaded="79290" inserted="78119" running="150" waiting="1171" ended="77969" arrived="77969" collisions="197" teleports="197" halting="5" stopped="0" meanWaitingTime="1201.38" meanTravelTime="381.21" meanSpeed="22.02" meanSpeedRelative="0.69" duration="1"/>
    <step time="73500.00" loaded="79423" inserted="78278" running="145" waiting="1145" ended="78133" arrived="78133" collisions="197" teleports="197" halting="7" stopped="0" meanWaitingTime="1204.04" meanTravelTime="381.00" meanSpeed="21.17" meanSpeedRelative="0.66" duration="0"/>
    <step time="73800.00" loaded="79545" inserted="78434" running="139" waiting="1111" ended="78295" arrived="78295" collisions="197" teleports="197" halting="2" stopped="0" meanWaitingTime="1206.69" meanTravelTime="380.75" meanSpeed="21.34" meanSpeedRelative="0.67" duration="1"/>
    <step time="74100.00" loaded="79682" inserted="78587" running="141" waiting="1095" ended="78446" arrived="78446" collisions="197" teleports="197" halting="2" stopped="0" meanWaitingTime="1208.35" meanTravelTime="380.54" meanSpeed="23.67" meanSpeedRelative="0.74" duration="1"/>
    <step time="74400.00" loaded="79819" inserted="78735" running="136" waiting="1084" ended="78599" arrived="78599" collisions="197" teleports="197" halting="6" stopped="0" meanWaitingTime="1210.60" meanTravelTime="380.36" meanSpeed="23.70" meanSpeedRelative="0.74" duration="1"/>
    <step time="74700.00" loaded="79950" inserted="78877" running="138" waiting="1073" ended="78739" arrived="78739" collisions="197" teleports="197" halting="1" stopped="0" meanWaitingTime="1213.44" meanTravelTime="380.21" meanSpeed="24.06" meanSpeedRelative="0.75" duration="1"/>
    <step time="75000.00" loaded="80096" inserted="79033" running="128" waiting="1063" ended="78905" arrived="78905" collisions="197" teleports="197" halting="2" stopped="0" meanWaitingTime="1216.08" meanTravelTime="379.99" meanSpeed="23.43" meanSpeedRelative="0.73" duration="1"/>
    <step time="75300.00" loaded="80237" inserted="79189" running="147" waiting="1048" ended="79042" arrived="79042" collisions="197" teleports="197" halting="3" stopped="0" meanWaitingTime="1218.75" meanTravelTime="379.80" meanSpeed="22.95" meanSpeedRelative="0.72" duration="1"/>
    <step time="75600.00" loaded="80380" inserted="79341" running="149" waiting="1039" ended="79192" arrived="79192" collisions="197" teleports="197" halting="2" stopped="0" meanWaitingTime="1221.03" meanTravelTime="379.60" meanSpeed="23.58" meanSpeedRelative="0.74" duration="81"/>
    <step time="75900.00" loaded="80572" inserted="79541" running="183" waiting="1031" ended="79358" arrived="79358" collisions="197" teleports="197" halting="2" stopped="0" meanWaitingTime="1223.34" meanTravelTime="379.38" meanSpeed="23.68" meanSpeedRelative="0.74" duration="2"/>
    <step time="76200.00" loaded="80768" inserted="79739" running="176" waiting="1029" ended="79563" arrived="79563" collisions="197" teleports="197" halting="3" stopped="0" meanWaitingTime="1224.99" meanTravelTime="379.10" meanSpeed="23.15" meanSpeedRelative="0.72" duration="1"/>
    <step time="76500.00" loaded="80940" inserted="79913" running="169" waiting="1027" ended="79744" arrived="79744" collisions="197" teleports="197" halting="11" stopped="0" meanWaitingTime="1227.05" meanTravelTime="378.82" meanSpeed="22.46" meanSpeedRelative="0.70" duration="4"/>
    <step time="76800.00" loaded="81127" inserted="80083" running="169" waiting="1044" ended="79914" arrived="79914" collisions="197" teleports="197" halting="2" stopped="0" meanWaitingTime="1230.22" meanTravelTime="378.68" meanSpeed="22.09" meanSpeedRelative="0.69" duration="1"/>
    <step time="77100.00" loaded="81307" inserted="80276" running="167" waiting="1031" ended="80109" arrived="80109" collisions="197" teleports="197" halting="2" stopped="0" meanWaitingTime="1233.11" meanTravelTime="378.40" meanSpeed="22.77" meanSpeedRelative="0.71" duration="1"/>
    <step time="77400.00" loaded="81490" inserted="80469" running="189" waiting="1021" ended="80280" arrived="80280" collisions="198" teleports="198" halting="8" stopped="0" meanWaitingTime="1236.04" meanTravelTime="378.24" meanSpeed="22.22" meanSpeedRelative="0.69" duration="1"/>
    <step time="77700.00" loaded="81671" inserted="80661" running="192" waiting="1010" ended="80469" arrived="80469" collisions="198" teleports="198" halting="6" stopped="0" meanWaitingTime="1238.27" meanTravelTime="378.04" meanSpeed="22.42" meanSpeedRelative="0.70" duration="1"/>
    <step time="78000.00" loaded="81887" inserted="80887" running="204" waiting="1000" ended="80683" arrived="80683" collisions="198" teleports="198" halting="4" stopped="0" meanWaitingTime="1240.21" meanTravelTime="377.74" meanSpeed="22.21" meanSpeedRelative="0.69" duration="1"/>
    <step time="78300.00" loaded="82074" inserted="81081" running="189" waiting="993" ended="80892" arrived="80892" collisions="198" teleports="198" halting="2" stopped="0" meanWaitingTime="1241.89" meanTravelTime="377.50" meanSpeed="23.32" meanSpeedRelative="0.73" duration="1"/>
    <step time="78600.00" loaded="82277" inserted="81296" running="205" waiting="981" ended="81091" arrived="81091" collisions="199" teleports="199" halting="4" stopped="0" meanWaitingTime="1244.27" meanTravelTime="377.27" meanSpeed="23.03" meanSpeedRelative="0.72" duration="1"/>
    <step time="78900.00" loaded="82457" inserted="81482" running="166" waiting="975" ended="81316" arrived="81316" collisions="199" teleports="199" halting="5" stopped="0" meanWaitingTime="1246.35" meanTravelTime="376.96" meanSpeed="22.90" meanSpeedRelative="0.72" duration="1"/>
    <step time="79200.00" loaded="82661" inserted="81685" running="190" waiting="976" ended="81495" arrived="81495" collisions="199" teleports="199" halting="3" stopped="0" meanWaitingTime="1248.47" meanTravelTime="376.78" meanSpeed="23.47" meanSpeedRelative="0.73" duration="84"/>
    <step time="79500.00" loaded="82842" inserted="81870" running="173" waiting="972" ended="81697" arrived="81697" collisions="199" teleports="199" halting="5" stopped="0" meanWaitingTime="1250.64" meanTravelTime="376.59" meanSpeed="23.48" meanSpeedRelative="0.73" duration="1"/>
    <step time="79800.00" loaded="83015" inserted="82050" running="184" waiting="965" ended="81866" arrived="81866" collisions="200" teleports="200" halting="8" stopped="0" meanWaitingTime="1252.95" meanTravelTime="376.40" meanSpeed="23.05" meanSpeedRelative="0.72" duration="1"/>
    <step time="80100.00" loaded="83180" inserted="82218" running="155" waiting="962" ended="82063" arrived="82063" collisions="200" teleports="200" halting="4" stopped="0" meanWaitingTime="1256.25" meanTravelTime="376.25" meanSpeed="22.88" meanSpeedRelative="0.71" duration="1"/>
    <step time="80400.00" loaded="83352" inserted="82394" running="183" waiting="958" ended="82211" arrived="82211" collisions="202" teleports="202" halting="2" stopped="0" meanWaitingTime="1258.70" meanTravelTime="376.10" meanSpeed="22.83" meanSpeedRelative="0.71" duration="2"/>
    <step time="80700.00" loaded="83511" inserted="82575" running="185" waiting="936" ended="82390" arrived="82390" collisions="202" teleports="202" halting="7" stopped="0" meanWaitingTime="1261.95" meanTravelTime="375.92" meanSpeed="23.02" meanSpeedRelative="0.72" duration="1"/>
    <step time="81000.00" loaded="83687" inserted="82751" running="170" waiting="936" ended="82581" arrived="82581" collisions="202" teleports="202" halting="12" stopped="0" meanWaitingTime="1264.77" meanTravelTime="375.72" meanSpeed="23.04" meanSpeedRelative="0.72" duration="1"/>
    <step time="81300.00" loaded="83863" inserted="82933" running="175" waiting="930" ended="82758" arrived="82758" collisions="202" teleports="202" halting="0" stopped="0" meanWaitingTime="1268.04" meanTravelTime="375.56" meanSpeed="23.25" meanSpeedRelative="0.73" duration="1"/>
    <step time="81600.00" loaded="84053" inserted="83134" running="179" waiting="919" ended="82955" arrived="82955" collisions="202" teleports="202" halting="1" stopped="0" meanWaitingTime="1271.37" meanTravelTime="375.32" meanSpeed="23.99" meanSpeedRelative="0.75" duration="1"/>
    <step time="81900.00" loaded="84224" inserted="83319" running="166" waiting="905" ended="83153" arrived="83153" collisions="202" teleports="202" halting="4" stopped="0" meanWaitingTime="1274.41" meanTravelTime="375.07" meanSpeed="23.09" meanSpeedRelative="0.72" duration="1"/>
    <step time="82200.00" loaded="84389" inserted="83505" running="162" waiting="884" ended="83343" arrived="83343" collisions="202" teleports="202" halting="11" stopped="0" meanWaitingTime="1276.95" meanTravelTime="374.78" meanSpeed="22.31" meanSpeedRelative="0.70" duration="1"/>
    <step time="82500.00" loaded="84555" inserted="83669" running="157" waiting="886" ended="83512" arrived="83512" collisions="202" teleports="202" halting="4" stopped="0" meanWaitingTime="1280.09" meanTravelTime="374.61" meanSpeed="21.97" meanSpeedRelative="0.69" duration="1"/>
</summary>
