<?xml version="1.0" encoding="UTF-8"?>

<!-- generated on 2025-08-08 10:00:06 by Eclipse SUMO sumo Version 1.23.1
<sumoConfiguration xmlns:xsi="http://www.w3.org/2001/XMLSchema-instance" xsi:noNamespaceSchemaLocation="http://sumo.dlr.de/xsd/sumoConfiguration.xsd">

    <input>
        <net-file value="Desktop\Master Thesis\Network_fin.net.xml"/>
        <route-files value="Desktop\Master Thesis\demand_model_amsterdam.rou.xml"/>
        <additional-files value="Desktop\Master Thesis\Additionnal.add.xml"/>
    </input>

    <output>
        <summary-output value="outputf/summary_coor_alinea_3neigh_method1_K80_target5_84723.xml"/>
        <summary-output.period value="300"/>
        <tripinfo-output value="outputf/tripinfo_coor_alinea_3neigh_method1_K80_target5_84723.xml"/>
    </output>

    <time>
        <begin value="0"/>
        <end value="82800"/>
        <step-length value="1"/>
    </time>

    <processing>
        <time-to-teleport value="-1"/>
    </processing>

    <report>
        <verbose value="true"/>
        <no-step-log value="true"/>
    </report>

    <emissions>
        <device.emissions.period value="10"/>
    </emissions>

    <traci_server>
        <remote-port value="51119"/>
    </traci_server>

    <random_number>
        <seed value="84723"/>
    </random_number>

</sumoConfiguration>
-->

<summary xmlns:xsi="http://www.w3.org/2001/XMLSchema-instance" xsi:noNamespaceSchemaLocation="http://sumo.dlr.de/xsd/summary_file.xsd">
    <step time="0.00" loaded="1" inserted="1" running="1" waiting="0" ended="0" arrived="0" collisions="0" teleports="0" halting="1" stopped="0" meanWaitingTime="0.00" meanTravelTime="-1.00" meanSpeed="0.00" meanSpeedRelative="0.00" duration="1"/>
    <step time="300.00" loaded="200" inserted="200" running="126" waiting="0" ended="74" arrived="74" collisions="0" teleports="0" halting="0" stopped="0" meanWaitingTime="0.66" meanTravelTime="107.58" meanSpeed="25.45" meanSpeedRelative="0.80" duration="1"/>
    <step time="600.00" loaded="367" inserted="367" running="133" waiting="0" ended="234" arrived="234" collisions="0" teleports="0" halting="0" stopped="0" meanWaitingTime="0.50" meanTravelTime="156.97" meanSpeed="25.25" meanSpeedRelative="0.79" duration="1"/>
    <step time="900.00" loaded="545" inserted="545" running="143" waiting="0" ended="402" arrived="402" collisions="0" teleports="0" halting="1" stopped="0" meanWaitingTime="0.50" meanTravelTime="193.48" meanSpeed="25.54" meanSpeedRelative="0.80" duration="1"/>
    <step time="1200.00" loaded="732" inserted="732" running="166" waiting="0" ended="566" arrived="566" collisions="0" teleports="0" halting="0" stopped="0" meanWaitingTime="0.52" meanTravelTime="209.31" meanSpeed="26.04" meanSpeedRelative="0.81" duration="1"/>
    <step time="1500.00" loaded="907" inserted="907" running="160" waiting="0" ended="747" arrived="747" collisions="0" teleports="0" halting="0" stopped="0" meanWaitingTime="0.52" meanTravelTime="219.54" meanSpeed="25.42" meanSpeedRelative="0.79" duration="1"/>
    <step time="1800.00" loaded="1102" inserted="1102" running="190" waiting="0" ended="912" arrived="912" collisions="0" teleports="0" halting="0" stopped="0" meanWaitingTime="0.49" meanTravelTime="230.23" meanSpeed="25.59" meanSpeedRelative="0.80" duration="1"/>
    <step time="2100.00" loaded="1278" inserted="1278" running="159" waiting="0" ended="1119" arrived="1119" collisions="0" teleports="0" halting="1" stopped="0" meanWaitingTime="0.45" meanTravelTime="237.91" meanSpeed="25.03" meanSpeedRelative="0.78" duration="1"/>
    <step time="2400.00" loaded="1453" inserted="1453" running="143" waiting="0" ended="1310" arrived="1310" collisions="1" teleports="1" halting="0" stopped="0" meanWaitingTime="0.44" meanTravelTime="246.05" meanSpeed="25.11" meanSpeedRelative="0.78" duration="1"/>
    <step time="2700.00" loaded="1621" inserted="1621" running="144" waiting="0" ended="1477" arrived="1477" collisions="1" teleports="1" halting="2" stopped="0" meanWaitingTime="0.42" meanTravelTime="248.17" meanSpeed="24.99" meanSpeedRelative="0.78" duration="1"/>
    <step time="3000.00" loaded="1799" inserted="1798" running="149" waiting="1" ended="1649" arrived="1649" collisions="1" teleports="1" halting="1" stopped="0" meanWaitingTime="0.44" meanTravelTime="246.06" meanSpeed="24.58" meanSpeedRelative="0.77" duration="1"/>
    <step time="3300.00" loaded="2003" inserted="2001" running="166" waiting="2" ended="1835" arrived="1835" collisions="1" teleports="1" halting="2" stopped="0" meanWaitingTime="0.47" meanTravelTime="244.95" meanSpeed="24.18" meanSpeedRelative="0.76" duration="1"/>
    <step time="3600.00" loaded="2179" inserted="2171" running="145" waiting="8" ended="2026" arrived="2026" collisions="1" teleports="1" halting="3" stopped="0" meanWaitingTime="1.20" meanTravelTime="246.64" meanSpeed="24.04" meanSpeedRelative="0.75" duration="85"/>
    <step time="3900.00" loaded="2277" inserted="2277" running="116" waiting="0" ended="2161" arrived="2161" collisions="1" teleports="1" halting="0" stopped="0" meanWaitingTime="2.02" meanTravelTime="248.73" meanSpeed="25.42" meanSpeedRelative="0.79" duration="1"/>
    <step time="4200.00" loaded="2373" inserted="2373" running="96" waiting="0" ended="2277" arrived="2277" collisions="1" teleports="1" halting="0" stopped="0" meanWaitingTime="1.94" meanTravelTime="252.69" meanSpeed="25.43" meanSpeedRelative="0.79" duration="1"/>
    <step time="4500.00" loaded="2487" inserted="2487" running="92" waiting="0" ended="2395" arrived="2395" collisions="1" teleports="1" halting="1" stopped="0" meanWaitingTime="1.86" meanTravelTime="252.82" meanSpeed="24.70" meanSpeedRelative="0.77" duration="1"/>
    <step time="4800.00" loaded="2593" inserted="2593" running="95" waiting="0" ended="2498" arrived="2498" collisions="1" teleports="1" halting="1" stopped="0" meanWaitingTime="1.79" meanTravelTime="254.31" meanSpeed="25.45" meanSpeedRelative="0.80" duration="1"/>
    <step time="5100.00" loaded="2706" inserted="2704" running="102" waiting="2" ended="2602" arrived="2602" collisions="1" teleports="1" halting="3" stopped="0" meanWaitingTime="1.77" meanTravelTime="254.67" meanSpeed="24.55" meanSpeedRelative="0.77" duration="1"/>
    <step time="5400.00" loaded="2824" inserted="2824" running="107" waiting="0" ended="2717" arrived="2717" collisions="1" teleports="1" halting="0" stopped="0" meanWaitingTime="1.86" meanTravelTime="255.48" meanSpeed="25.25" meanSpeedRelative="0.79" duration="1"/>
    <step time="5700.00" loaded="2930" inserted="2930" running="99" waiting="0" ended="2831" arrived="2831" collisions="1" teleports="1" halting="0" stopped="0" meanWaitingTime="1.81" meanTravelTime="254.91" meanSpeed="24.84" meanSpeedRelative="0.78" duration="0"/>
    <step time="6000.00" loaded="3040" inserted="3040" running="106" waiting="0" ended="2934" arrived="2934" collisions="1" teleports="1" halting="0" stopped="0" meanWaitingTime="1.75" meanTravelTime="256.64" meanSpeed="25.55" meanSpeedRelative="0.80" duration="0"/>
    <step time="6300.00" loaded="3148" inserted="3148" running="94" waiting="0" ended="3054" arrived="3054" collisions="1" teleports="1" halting="0" stopped="0" meanWaitingTime="1.70" meanTravelTime="257.46" meanSpeed="25.64" meanSpeedRelative="0.80" duration="1"/>
    <step time="6600.00" loaded="3239" inserted="3239" running="76" waiting="0" ended="3163" arrived="3163" collisions="1" teleports="1" halting="0" stopped="0" meanWaitingTime="1.66" meanTravelTime="257.87" meanSpeed="26.22" meanSpeedRelative="0.82" duration="1"/>
    <step time="6900.00" loaded="3358" inserted="3358" running="105" waiting="0" ended="3253" arrived="3253" collisions="1" teleports="1" halting="0" stopped="0" meanWaitingTime="1.61" meanTravelTime="257.08" meanSpeed="25.65" meanSpeedRelative="0.80" duration="0"/>
    <step time="7200.00" loaded="3473" inserted="3473" running="102" waiting="0" ended="3371" arrived="3371" collisions="1" teleports="1" halting="0" stopped="0" meanWaitingTime="1.57" meanTravelTime="256.90" meanSpeed="25.26" meanSpeedRelative="0.79" duration="86"/>
    <step time="7500.00" loaded="3622" inserted="3622" running="113" waiting="0" ended="3509" arrived="3509" collisions="1" teleports="1" halting="0" stopped="0" meanWaitingTime="1.52" meanTravelTime="256.82" meanSpeed="26.14" meanSpeedRelative="0.82" duration="0"/>
    <step time="7800.00" loaded="3772" inserted="3769" running="141" waiting="3" ended="3628" arrived="3628" collisions="1" teleports="1" halting="0" stopped="0" meanWaitingTime="1.51" meanTravelTime="257.55" meanSpeed="23.80" meanSpeedRelative="0.74" duration="1"/>
    <step time="8100.00" loaded="3920" inserted="3916" running="134" waiting="4" ended="3782" arrived="3782" collisions="1" teleports="1" halting="3" stopped="0" meanWaitingTime="1.76" meanTravelTime="257.02" meanSpeed="24.80" meanSpeedRelative="0.78" duration="1"/>
    <step time="8400.00" loaded="4063" inserted="4052" running="116" waiting="11" ended="3936" arrived="3936" collisions="2" teleports="2" halting="4" stopped="0" meanWaitingTime="2.06" meanTravelTime="257.53" meanSpeed="23.61" meanSpeedRelative="0.74" duration="1"/>
    <step time="8700.00" loaded="4192" inserted="4180" running="117" waiting="12" ended="4063" arrived="4063" collisions="2" teleports="2" halting="1" stopped="0" meanWaitingTime="2.78" meanTravelTime="257.72" meanSpeed="25.37" meanSpeedRelative="0.79" duration="1"/>
    <step time="9000.00" loaded="4348" inserted="4339" running="124" waiting="9" ended="4215" arrived="4215" collisions="2" teleports="2" halting="3" stopped="0" meanWaitingTime="3.57" meanTravelTime="257.21" meanSpeed="24.24" meanSpeedRelative="0.76" duration="1"/>
    <step time="9300.00" loaded="4492" inserted="4469" running="112" waiting="23" ended="4357" arrived="4357" collisions="2" teleports="2" halting="0" stopped="0" meanWaitingTime="4.04" meanTravelTime="257.30" meanSpeed="24.47" meanSpeedRelative="0.76" duration="1"/>
    <step time="9600.00" loaded="4639" inserted="4608" running="106" waiting="31" ended="4502" arrived="4502" collisions="2" teleports="2" halting="2" stopped="0" meanWaitingTime="5.14" meanTravelTime="256.83" meanSpeed="25.92" meanSpeedRelative="0.81" duration="1"/>
    <step time="9900.00" loaded="4808" inserted="4776" running="139" waiting="32" ended="4637" arrived="4637" collisions="2" teleports="2" halting="2" stopped="0" meanWaitingTime="6.55" meanTravelTime="257.01" meanSpeed="24.56" meanSpeedRelative="0.77" duration="0"/>
    <step time="10200.00" loaded="4951" inserted="4922" running="130" waiting="29" ended="4792" arrived="4792" collisions="2" teleports="2" halting="4" stopped="0" meanWaitingTime="8.48" meanTravelTime="256.93" meanSpeed="24.45" meanSpeedRelative="0.76" duration="1"/>
    <step time="10500.00" loaded="5096" inserted="5062" running="108" waiting="34" ended="4954" arrived="4954" collisions="2" teleports="2" halting="2" stopped="0" meanWaitingTime="9.94" meanTravelTime="257.36" meanSpeed="24.02" meanSpeedRelative="0.75" duration="1"/>
    <step time="10800.00" loaded="5246" inserted="5201" running="127" waiting="45" ended="5074" arrived="5074" collisions="2" teleports="2" halting="3" stopped="0" meanWaitingTime="11.27" meanTravelTime="256.95" meanSpeed="24.00" meanSpeedRelative="0.75" duration="85"/>
    <step time="11100.00" loaded="5385" inserted="5339" running="107" waiting="46" ended="5232" arrived="5232" collisions="2" teleports="2" halting="3" stopped="0" meanWaitingTime="13.36" meanTravelTime="256.74" meanSpeed="22.91" meanSpeedRelative="0.72" duration="0"/>
    <step time="11400.00" loaded="5521" inserted="5479" running="115" waiting="42" ended="5364" arrived="5364" collisions="2" teleports="2" halting="1" stopped="0" meanWaitingTime="15.39" meanTravelTime="256.33" meanSpeed="23.84" meanSpeedRelative="0.75" duration="0"/>
    <step time="11700.00" loaded="5677" inserted="5634" running="119" waiting="43" ended="5515" arrived="5515" collisions="2" teleports="2" halting="1" stopped="0" meanWaitingTime="17.27" meanTravelTime="255.51" meanSpeed="24.86" meanSpeedRelative="0.78" duration="0"/>
    <step time="12000.00" loaded="5846" inserted="5785" running="114" waiting="61" ended="5671" arrived="5671" collisions="2" teleports="2" halting="2" stopped="0" meanWaitingTime="19.18" meanTravelTime="254.49" meanSpeed="23.93" meanSpeedRelative="0.75" duration="0"/>
    <step time="12300.00" loaded="5999" inserted="5938" running="113" waiting="61" ended="5825" arrived="5825" collisions="3" teleports="3" halting="4" stopped="0" meanWaitingTime="20.94" meanTravelTime="254.12" meanSpeed="24.58" meanSpeedRelative="0.77" duration="1"/>
    <step time="12600.00" loaded="6130" inserted="6056" running="103" waiting="74" ended="5953" arrived="5953" collisions="3" teleports="3" halting="1" stopped="0" meanWaitingTime="22.90" meanTravelTime="253.98" meanSpeed="24.61" meanSpeedRelative="0.77" duration="1"/>
    <step time="12900.00" loaded="6279" inserted="6201" running="113" waiting="78" ended="6088" arrived="6088" collisions="3" teleports="3" halting="0" stopped="0" meanWaitingTime="25.59" meanTravelTime="253.59" meanSpeed="25.60" meanSpeedRelative="0.80" duration="0"/>
    <step time="13200.00" loaded="6427" inserted="6340" running="95" waiting="87" ended="6245" arrived="6245" collisions="4" teleports="4" halting="1" stopped="0" meanWaitingTime="28.29" meanTravelTime="252.99" meanSpeed="23.93" meanSpeedRelative="0.75" duration="1"/>
    <step time="13500.00" loaded="6556" inserted="6474" running="101" waiting="82" ended="6373" arrived="6373" collisions="4" teleports="4" halting="4" stopped="0" meanWaitingTime="30.77" meanTravelTime="252.38" meanSpeed="23.48" meanSpeedRelative="0.73" duration="0"/>
    <step time="13800.00" loaded="6699" inserted="6607" running="109" waiting="92" ended="6498" arrived="6498" collisions="4" teleports="4" halting="1" stopped="0" meanWaitingTime="33.44" meanTravelTime="251.57" meanSpeed="25.53" meanSpeedRelative="0.80" duration="1"/>
    <step time="14100.00" loaded="6812" inserted="6722" running="92" waiting="90" ended="6630" arrived="6630" collisions="4" teleports="4" halting="5" stopped="0" meanWaitingTime="36.50" meanTravelTime="251.53" meanSpeed="23.97" meanSpeedRelative="0.75" duration="1"/>
    <step time="14400.00" loaded="6946" inserted="6857" running="113" waiting="89" ended="6744" arrived="6744" collisions="4" teleports="4" halting="3" stopped="0" meanWaitingTime="39.77" meanTravelTime="251.29" meanSpeed="24.03" meanSpeedRelative="0.75" duration="86"/>
    <step time="14700.00" loaded="7054" inserted="6966" running="85" waiting="88" ended="6881" arrived="6881" collisions="4" teleports="4" halting="0" stopped="0" meanWaitingTime="42.21" meanTravelTime="251.12" meanSpeed="23.19" meanSpeedRelative="0.72" duration="1"/>
    <step time="15000.00" loaded="7151" inserted="7068" running="73" waiting="83" ended="6995" arrived="6995" collisions="4" teleports="4" halting="2" stopped="0" meanWaitingTime="45.38" meanTravelTime="251.17" meanSpeed="24.62" meanSpeedRelative="0.77" duration="1"/>
    <step time="15300.00" loaded="7253" inserted="7174" running="79" waiting="79" ended="7095" arrived="7095" collisions="4" teleports="4" halting="4" stopped="0" meanWaitingTime="48.64" meanTravelTime="250.35" meanSpeed="23.45" meanSpeedRelative="0.73" duration="0"/>
    <step time="15600.00" loaded="7357" inserted="7283" running="74" waiting="74" ended="7209" arrived="7209" collisions="4" teleports="4" halting="1" stopped="0" meanWaitingTime="51.37" meanTravelTime="250.32" meanSpeed="24.14" meanSpeedRelative="0.75" duration="0"/>
    <step time="15900.00" loaded="7434" inserted="7373" running="69" waiting="61" ended="7304" arrived="7304" collisions="4" teleports="4" halting="1" stopped="0" meanWaitingTime="54.49" meanTravelTime="250.31" meanSpeed="25.16" meanSpeedRelative="0.79" duration="0"/>
    <step time="16200.00" loaded="7526" inserted="7467" running="77" waiting="59" ended="7390" arrived="7390" collisions="4" teleports="4" halting="4" stopped="0" meanWaitingTime="56.87" meanTravelTime="250.11" meanSpeed="23.56" meanSpeedRelative="0.74" duration="0"/>
    <step time="16500.00" loaded="7632" inserted="7573" running="73" waiting="59" ended="7500" arrived="7500" collisions="4" teleports="4" halting="4" stopped="0" meanWaitingTime="58.86" meanTravelTime="249.76" meanSpeed="23.47" meanSpeedRelative="0.73" duration="0"/>
    <step time="16800.00" loaded="7730" inserted="7670" running="71" waiting="60" ended="7599" arrived="7599" collisions="4" teleports="4" halting="0" stopped="0" meanWaitingTime="60.53" meanTravelTime="249.48" meanSpeed="24.19" meanSpeedRelative="0.76" duration="0"/>
    <step time="17100.00" loaded="7835" inserted="7776" running="83" waiting="59" ended="7693" arrived="7693" collisions="4" teleports="4" halting="2" stopped="0" meanWaitingTime="62.23" meanTravelTime="248.99" meanSpeed="24.30" meanSpeedRelative="0.76" duration="0"/>
    <step time="17400.00" loaded="7941" inserted="7879" running="77" waiting="62" ended="7802" arrived="7802" collisions="4" teleports="4" halting="3" stopped="0" meanWaitingTime="63.53" meanTravelTime="248.86" meanSpeed="23.93" meanSpeedRelative="0.75" duration="0"/>
    <step time="17700.00" loaded="8032" inserted="7971" running="74" waiting="61" ended="7897" arrived="7897" collisions="4" teleports="4" halting="2" stopped="0" meanWaitingTime="64.90" meanTravelTime="248.83" meanSpeed="24.17" meanSpeedRelative="0.76" duration="1"/>
    <step time="18000.00" loaded="8135" inserted="8083" running="80" waiting="52" ended="8003" arrived="8003" collisions="4" teleports="4" halting="0" stopped="0" meanWaitingTime="66.43" meanTravelTime="248.19" meanSpeed="24.97" meanSpeedRelative="0.78" duration="80"/>
    <step time="18300.00" loaded="8317" inserted="8255" running="125" waiting="62" ended="8130" arrived="8130" collisions="4" teleports="4" halting="1" stopped="0" meanWaitingTime="67.34" meanTravelTime="247.68" meanSpeed="25.04" meanSpeedRelative="0.78" duration="1"/>
    <step time="18600.00" loaded="8505" inserted="8430" running="134" waiting="75" ended="8296" arrived="8296" collisions="4" teleports="4" halting="4" stopped="0" meanWaitingTime="67.95" meanTravelTime="247.30" meanSpeed="24.96" meanSpeedRelative="0.78" duration="1"/>
    <step time="18900.00" loaded="8686" inserted="8596" running="126" waiting="90" ended="8470" arrived="8470" collisions="4" teleports="4" halting="0" stopped="0" meanWaitingTime="68.41" meanTravelTime="246.84" meanSpeed="25.44" meanSpeedRelative="0.80" duration="1"/>
    <step time="19200.00" loaded="8892" inserted="8797" running="161" waiting="95" ended="8636" arrived="8636" collisions="4" teleports="4" halting="2" stopped="0" meanWaitingTime="69.44" meanTravelTime="246.32" meanSpeed="23.79" meanSpeedRelative="0.74" duration="1"/>
    <step time="19500.00" loaded="9108" inserted="8995" running="159" waiting="113" ended="8836" arrived="8836" collisions="4" teleports="4" halting="2" stopped="0" meanWaitingTime="70.15" meanTravelTime="246.10" meanSpeed="23.15" meanSpeedRelative="0.72" duration="2"/>
    <step time="19800.00" loaded="9304" inserted="9172" running="149" waiting="132" ended="9023" arrived="9023" collisions="4" teleports="4" halting="2" stopped="0" meanWaitingTime="71.31" meanTravelTime="245.83" meanSpeed="24.75" meanSpeedRelative="0.77" duration="1"/>
    <step time="20100.00" loaded="9512" inserted="9367" running="149" waiting="145" ended="9218" arrived="9218" collisions="4" teleports="4" halting="1" stopped="0" meanWaitingTime="72.64" meanTravelTime="246.07" meanSpeed="23.61" meanSpeedRelative="0.74" duration="1"/>
    <step time="20400.00" loaded="9713" inserted="9558" running="159" waiting="155" ended="9399" arrived="9399" collisions="4" teleports="4" halting="3" stopped="0" meanWaitingTime="74.43" meanTravelTime="246.06" meanSpeed="23.74" meanSpeedRelative="0.74" duration="1"/>
    <step time="20700.00" loaded="9903" inserted="9742" running="157" waiting="161" ended="9585" arrived="9585" collisions="4" teleports="4" halting="4" stopped="0" meanWaitingTime="76.38" meanTravelTime="245.95" meanSpeed="24.04" meanSpeedRelative="0.75" duration="1"/>
    <step time="21000.00" loaded="10106" inserted="9924" running="164" waiting="182" ended="9760" arrived="9760" collisions="4" teleports="4" halting="2" stopped="0" meanWaitingTime="78.27" meanTravelTime="246.24" meanSpeed="24.29" meanSpeedRelative="0.76" duration="1"/>
    <step time="21300.00" loaded="10306" inserted="10126" running="165" waiting="180" ended="9961" arrived="9961" collisions="4" teleports="4" halting="3" stopped="0" meanWaitingTime="80.76" meanTravelTime="246.04" meanSpeed="23.76" meanSpeedRelative="0.74" duration="2"/>
    <step time="21600.00" loaded="10508" inserted="10318" running="156" waiting="190" ended="10162" arrived="10162" collisions="4" teleports="4" halting="3" stopped="0" meanWaitingTime="83.50" meanTravelTime="246.40" meanSpeed="24.45" meanSpeedRelative="0.76" duration="82"/>
    <step time="21900.00" loaded="10958" inserted="10683" running="304" waiting="275" ended="10379" arrived="10379" collisions="4" teleports="4" halting="5" stopped="0" meanWaitingTime="85.42" meanTravelTime="245.95" meanSpeed="22.39" meanSpeedRelative="0.70" duration="2"/>
    <step time="22200.00" loaded="11399" inserted="11048" running="361" waiting="351" ended="10687" arrived="10687" collisions="4" teleports="4" halting="2" stopped="0" meanWaitingTime="89.72" meanTravelTime="246.56" meanSpeed="22.26" meanSpeedRelative="0.70" duration="2"/>
    <step time="22500.00" loaded="11902" inserted="11436" running="400" waiting="466" ended="11036" arrived="11036" collisions="5" teleports="5" halting="5" stopped="0" meanWaitingTime="94.36" meanTravelTime="247.30" meanSpeed="21.28" meanSpeedRelative="0.66" duration="2"/>
    <step time="22800.00" loaded="12367" inserted="11807" running="408" waiting="560" ended="11399" arrived="11399" collisions="5" teleports="5" halting="2" stopped="0" meanWaitingTime="99.54" meanTravelTime="249.56" meanSpeed="20.74" meanSpeedRelative="0.65" duration="2"/>
    <step time="23100.00" loaded="12837" inserted="12190" running="415" waiting="647" ended="11775" arrived="11775" collisions="5" teleports="5" halting="4" stopped="0" meanWaitingTime="104.78" meanTravelTime="251.83" meanSpeed="20.45" meanSpeedRelative="0.64" duration="2"/>
    <step time="23400.00" loaded="13302" inserted="12598" running="443" waiting="704" ended="12155" arrived="12155" collisions="8" teleports="8" halting="7" stopped="0" meanWaitingTime="111.16" meanTravelTime="253.82" meanSpeed="19.97" meanSpeedRelative="0.62" duration="2"/>
    <step time="23700.00" loaded="13759" inserted="12975" running="432" waiting="784" ended="12543" arrived="12543" collisions="8" teleports="8" halting="4" stopped="0" meanWaitingTime="117.98" meanTravelTime="256.44" meanSpeed="20.26" meanSpeedRelative="0.63" duration="2"/>
    <step time="24000.00" loaded="14225" inserted="13366" running="449" waiting="859" ended="12917" arrived="12917" collisions="10" teleports="10" halting="7" stopped="0" meanWaitingTime="125.90" meanTravelTime="258.80" meanSpeed="20.29" meanSpeedRelative="0.63" duration="3"/>
    <step time="24300.00" loaded="14729" inserted="13758" running="438" waiting="971" ended="13320" arrived="13320" collisions="11" teleports="11" halting="6" stopped="0" meanWaitingTime="133.81" meanTravelTime="260.82" meanSpeed="19.88" meanSpeedRelative="0.62" duration="3"/>
    <step time="24600.00" loaded="15149" inserted="14119" running="425" waiting="1030" ended="13694" arrived="13694" collisions="11" teleports="11" halting="7" stopped="0" meanWaitingTime="142.00" meanTravelTime="263.06" meanSpeed="20.20" meanSpeedRelative="0.63" duration="2"/>
    <step time="24900.00" loaded="15602" inserted="14505" running="441" waiting="1097" ended="14064" arrived="14064" collisions="12" teleports="12" halting="4" stopped="0" meanWaitingTime="150.77" meanTravelTime="265.41" meanSpeed="19.40" meanSpeedRelative="0.61" duration="2"/>
    <step time="25200.00" loaded="16114" inserted="14923" running="462" waiting="1191" ended="14461" arrived="14461" collisions="14" teleports="14" halting="4" stopped="0" meanWaitingTime="160.46" meanTravelTime="267.36" meanSpeed="19.59" meanSpeedRelative="0.61" duration="89"/>
    <step time="25500.00" loaded="16699" inserted="15387" running="506" waiting="1312" ended="14881" arrived="14881" collisions="15" teleports="15" halting="6" stopped="0" meanWaitingTime="170.14" meanTravelTime="268.88" meanSpeed="18.83" meanSpeedRelative="0.59" duration="3"/>
    <step time="25800.00" loaded="17246" inserted="15805" running="477" waiting="1441" ended="15328" arrived="15328" collisions="17" teleports="17" halting="4" stopped="0" meanWaitingTime="179.98" meanTravelTime="270.51" meanSpeed="20.35" meanSpeedRelative="0.64" duration="3"/>
    <step time="26100.00" loaded="17799" inserted="16243" running="494" waiting="1556" ended="15749" arrived="15749" collisions="17" teleports="17" halting="4" stopped="0" meanWaitingTime="190.98" meanTravelTime="272.34" meanSpeed="19.95" meanSpeedRelative="0.62" duration="2"/>
    <step time="26400.00" loaded="18368" inserted="16690" running="503" waiting="1678" ended="16187" arrived="16187" collisions="19" teleports="19" halting="2" stopped="0" meanWaitingTime="202.77" meanTravelTime="273.94" meanSpeed="18.89" meanSpeedRelative="0.59" duration="3"/>
    <step time="26700.00" loaded="18929" inserted="17121" running="507" waiting="1808" ended="16614" arrived="16614" collisions="20" teleports="20" halting="2" stopped="0" meanWaitingTime="214.27" meanTravelTime="276.19" meanSpeed="19.57" meanSpeedRelative="0.61" duration="4"/>
    <step time="27000.00" loaded="19468" inserted="17545" running="491" waiting="1923" ended="17054" arrived="17054" collisions="21" teleports="21" halting="0" stopped="0" meanWaitingTime="227.40" meanTravelTime="277.67" meanSpeed="19.64" meanSpeedRelative="0.61" duration="3"/>
    <step time="27300.00" loaded="20030" inserted="17966" running="485" waiting="2064" ended="17481" arrived="17481" collisions="21" teleports="21" halting="2" stopped="0" meanWaitingTime="240.72" meanTravelTime="279.68" meanSpeed="19.97" meanSpeedRelative="0.62" duration="3"/>
    <step time="27600.00" loaded="20610" inserted="18411" running="528" waiting="2199" ended="17883" arrived="17883" collisions="21" teleports="21" halting="6" stopped="0" meanWaitingTime="255.48" meanTravelTime="281.37" meanSpeed="19.19" meanSpeedRelative="0.60" duration="4"/>
    <step time="27900.00" loaded="21162" inserted="18837" running="495" waiting="2325" ended="18342" arrived="18342" collisions="21" teleports="21" halting="3" stopped="0" meanWaitingTime="269.41" meanTravelTime="283.49" meanSpeed="20.27" meanSpeedRelative="0.63" duration="4"/>
    <step time="28200.00" loaded="21741" inserted="19259" running="479" waiting="2482" ended="18780" arrived="18780" collisions="21" teleports="21" halting="8" stopped="0" meanWaitingTime="282.86" meanTravelTime="284.71" meanSpeed="18.90" meanSpeedRelative="0.59" duration="3"/>
    <step time="28500.00" loaded="22294" inserted="19729" running="526" waiting="2565" ended="19203" arrived="19203" collisions="21" teleports="21" halting="8" stopped="0" meanWaitingTime="298.39" meanTravelTime="285.79" meanSpeed="18.30" meanSpeedRelative="0.57" duration="4"/>
    <step time="28800.00" loaded="22912" inserted="20195" running="531" waiting="2717" ended="19664" arrived="19664" collisions="22" teleports="22" halting="8" stopped="0" meanWaitingTime="314.22" meanTravelTime="287.07" meanSpeed="18.34" meanSpeedRelative="0.57" duration="87"/>
    <step time="29100.00" loaded="23251" inserted="20591" running="477" waiting="2660" ended="20114" arrived="20114" collisions="22" teleports="22" halting="5" stopped="0" meanWaitingTime="329.07" meanTravelTime="288.99" meanSpeed="19.20" meanSpeedRelative="0.60" duration="4"/>
    <step time="29400.00" loaded="23628" inserted="21010" running="460" waiting="2618" ended="20550" arrived="20550" collisions="23" teleports="23" halting="2" stopped="0" meanWaitingTime="344.93" meanTravelTime="290.15" meanSpeed="19.83" meanSpeedRelative="0.62" duration="3"/>
    <step time="29700.00" loaded="23972" inserted="21335" running="383" waiting="2637" ended="20952" arrived="20952" collisions="23" teleports="23" halting="2" stopped="0" meanWaitingTime="358.16" meanTravelTime="290.90" meanSpeed="22.33" meanSpeedRelative="0.70" duration="2"/>
    <step time="30000.00" loaded="24314" inserted="21686" running="366" waiting="2628" ended="21320" arrived="21320" collisions="24" teleports="24" halting="4" stopped="0" meanWaitingTime="371.39" meanTravelTime="291.47" meanSpeed="21.82" meanSpeedRelative="0.68" duration="2"/>
    <step time="30300.00" loaded="24712" inserted="22065" running="376" waiting="2647" ended="21689" arrived="21689" collisions="24" teleports="24" halting="5" stopped="0" meanWaitingTime="385.52" meanTravelTime="291.88" meanSpeed="22.42" meanSpeedRelative="0.70" duration="3"/>
    <step time="30600.00" loaded="25071" inserted="22412" running="344" waiting="2659" ended="22068" arrived="22068" collisions="24" teleports="24" halting="1" stopped="0" meanWaitingTime="398.21" meanTravelTime="292.10" meanSpeed="22.27" meanSpeedRelative="0.70" duration="2"/>
    <step time="30900.00" loaded="25386" inserted="22760" running="340" waiting="2626" ended="22420" arrived="22420" collisions="24" teleports="24" halting="2" stopped="0" meanWaitingTime="411.17" meanTravelTime="292.40" meanSpeed="22.58" meanSpeedRelative="0.71" duration="3"/>
    <step time="31200.00" loaded="25728" inserted="23131" running="367" waiting="2597" ended="22764" arrived="22764" collisions="24" teleports="24" halting="8" stopped="0" meanWaitingTime="424.32" meanTravelTime="292.52" meanSpeed="22.10" meanSpeedRelative="0.69" duration="2"/>
    <step time="31500.00" loaded="26055" inserted="23470" running="343" waiting="2585" ended="23127" arrived="23127" collisions="24" teleports="24" halting="4" stopped="0" meanWaitingTime="435.32" meanTravelTime="292.71" meanSpeed="22.96" meanSpeedRelative="0.72" duration="2"/>
    <step time="31800.00" loaded="26392" inserted="23838" running="366" waiting="2554" ended="23472" arrived="23472" collisions="24" teleports="24" halting="1" stopped="0" meanWaitingTime="444.93" meanTravelTime="292.83" meanSpeed="22.77" meanSpeedRelative="0.71" duration="3"/>
    <step time="32100.00" loaded="26755" inserted="24210" running="370" waiting="2545" ended="23840" arrived="23840" collisions="24" teleports="24" halting="5" stopped="0" meanWaitingTime="454.73" meanTravelTime="292.78" meanSpeed="22.10" meanSpeedRelative="0.69" duration="2"/>
    <step time="32400.00" loaded="27101" inserted="24544" running="320" waiting="2557" ended="24224" arrived="24224" collisions="26" teleports="26" halting="6" stopped="0" meanWaitingTime="464.40" meanTravelTime="292.90" meanSpeed="22.35" meanSpeedRelative="0.70" duration="88"/>
    <step time="32700.00" loaded="27375" inserted="24827" running="274" waiting="2548" ended="24553" arrived="24553" collisions="28" teleports="28" halting="2" stopped="0" meanWaitingTime="474.57" meanTravelTime="293.20" meanSpeed="23.05" meanSpeedRelative="0.72" duration="2"/>
    <step time="33000.00" loaded="27633" inserted="25087" running="257" waiting="2546" ended="24830" arrived="24830" collisions="28" teleports="28" halting="6" stopped="0" meanWaitingTime="486.93" meanTravelTime="292.96" meanSpeed="22.77" meanSpeedRelative="0.71" duration="2"/>
    <step time="33300.00" loaded="27914" inserted="25349" running="237" waiting="2565" ended="25112" arrived="25112" collisions="30" teleports="30" halting="1" stopped="0" meanWaitingTime="498.59" meanTravelTime="292.88" meanSpeed="23.60" meanSpeedRelative="0.74" duration="1"/>
    <step time="33600.00" loaded="28180" inserted="25600" running="234" waiting="2580" ended="25366" arrived="25366" collisions="31" teleports="31" halting="2" stopped="0" meanWaitingTime="510.68" meanTravelTime="292.84" meanSpeed="23.34" meanSpeedRelative="0.73" duration="1"/>
    <step time="33900.00" loaded="28441" inserted="25856" running="221" waiting="2585" ended="25635" arrived="25635" collisions="31" teleports="31" halting="7" stopped="0" meanWaitingTime="522.86" meanTravelTime="292.50" meanSpeed="22.27" meanSpeedRelative="0.70" duration="2"/>
    <step time="34200.00" loaded="28697" inserted="26115" running="218" waiting="2582" ended="25897" arrived="25897" collisions="31" teleports="31" halting="2" stopped="0" meanWaitingTime="534.14" meanTravelTime="292.24" meanSpeed="23.10" meanSpeedRelative="0.72" duration="3"/>
    <step time="34500.00" loaded="28950" inserted="26368" running="222" waiting="2582" ended="26146" arrived="26146" collisions="32" teleports="32" halting="3" stopped="0" meanWaitingTime="546.92" meanTravelTime="292.01" meanSpeed="23.42" meanSpeedRelative="0.73" duration="2"/>
    <step time="34800.00" loaded="29226" inserted="26635" running="230" waiting="2591" ended="26405" arrived="26405" collisions="32" teleports="32" halting="3" stopped="0" meanWaitingTime="561.66" meanTravelTime="291.73" meanSpeed="23.43" meanSpeedRelative="0.73" duration="2"/>
    <step time="35100.00" loaded="29480" inserted="26889" running="213" waiting="2591" ended="26676" arrived="26676" collisions="32" teleports="32" halting="2" stopped="0" meanWaitingTime="574.48" meanTravelTime="291.48" meanSpeed="23.72" meanSpeedRelative="0.74" duration="2"/>
    <step time="35400.00" loaded="29752" inserted="27148" running="239" waiting="2604" ended="26909" arrived="26909" collisions="32" teleports="32" halting="1" stopped="0" meanWaitingTime="586.95" meanTravelTime="291.29" meanSpeed="23.52" meanSpeedRelative="0.73" duration="4"/>
    <step time="35700.00" loaded="30006" inserted="27414" running="235" waiting="2592" ended="27179" arrived="27179" collisions="32" teleports="32" halting="6" stopped="0" meanWaitingTime="599.93" meanTravelTime="290.97" meanSpeed="22.07" meanSpeedRelative="0.69" duration="2"/>
    <step time="36000.00" loaded="30265" inserted="27676" running="235" waiting="2589" ended="27441" arrived="27441" collisions="32" teleports="32" halting="6" stopped="0" meanWaitingTime="614.07" meanTravelTime="290.80" meanSpeed="22.29" meanSpeedRelative="0.70" duration="84"/>
    <step time="36300.00" loaded="30741" inserted="28107" running="369" waiting="2634" ended="27738" arrived="27738" collisions="32" teleports="32" halting="1" stopped="0" meanWaitingTime="626.22" meanTravelTime="290.35" meanSpeed="20.82" meanSpeedRelative="0.65" duration="3"/>
    <step time="36600.00" loaded="31197" inserted="28480" running="377" waiting="2717" ended="28103" arrived="28103" collisions="33" teleports="33" halting="3" stopped="0" meanWaitingTime="638.73" meanTravelTime="290.11" meanSpeed="21.81" meanSpeedRelative="0.68" duration="3"/>
    <step time="36900.00" loaded="31688" inserted="28890" running="403" waiting="2798" ended="28487" arrived="28487" collisions="34" teleports="34" halting="7" stopped="0" meanWaitingTime="651.11" meanTravelTime="290.09" meanSpeed="22.22" meanSpeedRelative="0.69" duration="3"/>
    <step time="37200.00" loaded="32164" inserted="29290" running="411" waiting="2874" ended="28879" arrived="28879" collisions="36" teleports="36" halting="10" stopped="0" meanWaitingTime="663.12" meanTravelTime="290.12" meanSpeed="21.55" meanSpeedRelative="0.67" duration="2"/>
    <step time="37500.00" loaded="32631" inserted="29690" running="424" waiting="2941" ended="29266" arrived="29266" collisions="37" teleports="37" halting="3" stopped="0" meanWaitingTime="674.91" meanTravelTime="290.39" meanSpeed="20.53" meanSpeedRelative="0.64" duration="4"/>
    <step time="37800.00" loaded="33095" inserted="30091" running="423" waiting="3004" ended="29668" arrived="29668" collisions="37" teleports="37" halting="3" stopped="0" meanWaitingTime="687.36" meanTravelTime="290.72" meanSpeed="20.84" meanSpeedRelative="0.65" duration="3"/>
    <step time="38100.00" loaded="33600" inserted="30504" running="428" waiting="3096" ended="30076" arrived="30076" collisions="37" teleports="37" halting="9" stopped="0" meanWaitingTime="699.90" meanTravelTime="290.93" meanSpeed="20.28" meanSpeedRelative="0.63" duration="3"/>
    <step time="38400.00" loaded="34083" inserted="30886" running="416" waiting="3197" ended="30470" arrived="30470" collisions="39" teleports="39" halting="6" stopped="0" meanWaitingTime="712.11" meanTravelTime="291.40" meanSpeed="20.68" meanSpeedRelative="0.65" duration="3"/>
    <step time="38700.00" loaded="34521" inserted="31274" running="385" waiting="3247" ended="30889" arrived="30889" collisions="40" teleports="40" halting="4" stopped="0" meanWaitingTime="725.81" meanTravelTime="291.78" meanSpeed="22.24" meanSpeedRelative="0.69" duration="3"/>
    <step time="39000.00" loaded="34962" inserted="31651" running="383" waiting="3311" ended="31268" arrived="31268" collisions="42" teleports="42" halting="7" stopped="0" meanWaitingTime="740.00" meanTravelTime="291.99" meanSpeed="21.64" meanSpeedRelative="0.68" duration="4"/>
    <step time="39300.00" loaded="35429" inserted="32050" running="413" waiting="3379" ended="31637" arrived="31637" collisions="43" teleports="43" halting="12" stopped="0" meanWaitingTime="751.99" meanTravelTime="292.09" meanSpeed="20.65" meanSpeedRelative="0.65" duration="3"/>
    <step time="39600.00" loaded="35889" inserted="32432" running="414" waiting="3457" ended="32018" arrived="32018" collisions="45" teleports="45" halting="2" stopped="0" meanWaitingTime="765.47" meanTravelTime="292.50" meanSpeed="21.56" meanSpeedRelative="0.67" duration="89"/>
    <step time="39900.00" loaded="36372" inserted="32829" running="430" waiting="3543" ended="32399" arrived="32399" collisions="45" teleports="45" halting="5" stopped="0" meanWaitingTime="778.69" meanTravelTime="292.89" meanSpeed="21.43" meanSpeedRelative="0.67" duration="4"/>
    <step time="40200.00" loaded="36875" inserted="33235" running="441" waiting="3640" ended="32794" arrived="32794" collisions="46" teleports="46" halting="6" stopped="0" meanWaitingTime="792.88" meanTravelTime="293.05" meanSpeed="20.13" meanSpeedRelative="0.63" duration="2"/>
    <step time="40500.00" loaded="37397" inserted="33660" running="467" waiting="3737" ended="33193" arrived="33193" collisions="46" teleports="46" halting="4" stopped="0" meanWaitingTime="805.35" meanTravelTime="293.44" meanSpeed="21.07" meanSpeedRelative="0.66" duration="3"/>
    <step time="40800.00" loaded="37877" inserted="34077" running="446" waiting="3800" ended="33631" arrived="33631" collisions="47" teleports="47" halting="6" stopped="0" meanWaitingTime="818.84" meanTravelTime="293.88" meanSpeed="21.43" meanSpeedRelative="0.67" duration="5"/>
    <step time="41100.00" loaded="38389" inserted="34502" running="460" waiting="3887" ended="34042" arrived="34042" collisions="50" teleports="50" halting="3" stopped="0" meanWaitingTime="831.93" meanTravelTime="294.16" meanSpeed="21.35" meanSpeedRelative="0.67" duration="3"/>
    <step time="41400.00" loaded="38883" inserted="34922" running="462" waiting="3961" ended="34460" arrived="34460" collisions="50" teleports="50" halting="3" stopped="0" meanWaitingTime="848.32" meanTravelTime="294.34" meanSpeed="20.47" meanSpeedRelative="0.64" duration="4"/>
    <step time="41700.00" loaded="39410" inserted="35343" running="453" waiting="4067" ended="34890" arrived="34890" collisions="51" teleports="51" halting="5" stopped="0" meanWaitingTime="862.55" meanTravelTime="294.84" meanSpeed="21.12" meanSpeedRelative="0.66" duration="4"/>
    <step time="42000.00" loaded="39938" inserted="35820" running="511" waiting="4118" ended="35309" arrived="35309" collisions="51" teleports="51" halting="6" stopped="0" meanWaitingTime="877.22" meanTravelTime="295.19" meanSpeed="20.27" meanSpeedRelative="0.63" duration="4"/>
    <step time="42300.00" loaded="40438" inserted="36239" running="509" waiting="4199" ended="35730" arrived="35730" collisions="51" teleports="51" halting="10" stopped="0" meanWaitingTime="890.59" meanTravelTime="295.54" meanSpeed="20.28" meanSpeedRelative="0.63" duration="3"/>
    <step time="42600.00" loaded="40963" inserted="36648" running="464" waiting="4315" ended="36184" arrived="36184" collisions="52" teleports="52" halting="9" stopped="0" meanWaitingTime="901.66" meanTravelTime="296.43" meanSpeed="21.10" meanSpeedRelative="0.66" duration="4"/>
    <step time="42900.00" loaded="41483" inserted="37059" running="471" waiting="4424" ended="36588" arrived="36588" collisions="53" teleports="53" halting="6" stopped="0" meanWaitingTime="913.67" meanTravelTime="296.85" meanSpeed="20.70" meanSpeedRelative="0.65" duration="4"/>
    <step time="43200.00" loaded="42041" inserted="37522" running="523" waiting="4519" ended="36999" arrived="36999" collisions="55" teleports="55" halting="7" stopped="0" meanWaitingTime="925.65" meanTravelTime="297.37" meanSpeed="20.44" meanSpeedRelative="0.64" duration="91"/>
    <step time="43500.00" loaded="42595" inserted="38003" running="552" waiting="4592" ended="37451" arrived="37451" collisions="58" teleports="58" halting="2" stopped="0" meanWaitingTime="937.90" meanTravelTime="297.86" meanSpeed="19.93" meanSpeedRelative="0.62" duration="4"/>
    <step time="43800.00" loaded="43134" inserted="38450" running="529" waiting="4684" ended="37921" arrived="37921" collisions="60" teleports="60" halting="5" stopped="0" meanWaitingTime="951.07" meanTravelTime="298.42" meanSpeed="19.81" meanSpeedRelative="0.62" duration="5"/>
    <step time="44100.00" loaded="43684" inserted="38905" running="536" waiting="4779" ended="38369" arrived="38369" collisions="60" teleports="60" halting="2" stopped="0" meanWaitingTime="964.00" meanTravelTime="299.07" meanSpeed="20.07" meanSpeedRelative="0.63" duration="5"/>
    <step time="44400.00" loaded="44278" inserted="39350" running="534" waiting="4928" ended="38816" arrived="38816" collisions="62" teleports="62" halting="6" stopped="0" meanWaitingTime="977.59" meanTravelTime="299.64" meanSpeed="19.83" meanSpeedRelative="0.62" duration="6"/>
    <step time="44700.00" loaded="44819" inserted="39801" running="532" waiting="5018" ended="39269" arrived="39269" collisions="65" teleports="65" halting="6" stopped="0" meanWaitingTime="990.09" meanTravelTime="300.29" meanSpeed="18.99" meanSpeedRelative="0.59" duration="7"/>
    <step time="45000.00" loaded="45340" inserted="40249" running="545" waiting="5091" ended="39704" arrived="39704" collisions="65" teleports="65" halting="7" stopped="0" meanWaitingTime="1000.82" meanTravelTime="300.98" meanSpeed="18.84" meanSpeedRelative="0.59" duration="7"/>
    <step time="45300.00" loaded="45872" inserted="40692" running="548" waiting="5180" ended="40144" arrived="40144" collisions="68" teleports="68" halting="3" stopped="0" meanWaitingTime="1013.38" meanTravelTime="301.64" meanSpeed="19.21" meanSpeedRelative="0.60" duration="5"/>
    <step time="45600.00" loaded="46385" inserted="41125" running="538" waiting="5260" ended="40587" arrived="40587" collisions="70" teleports="70" halting="6" stopped="0" meanWaitingTime="1026.20" meanTravelTime="302.37" meanSpeed="19.16" meanSpeedRelative="0.60" duration="5"/>
    <step time="45900.00" loaded="46941" inserted="41590" running="559" waiting="5351" ended="41031" arrived="41031" collisions="71" teleports="71" halting="9" stopped="0" meanWaitingTime="1038.07" meanTravelTime="303.26" meanSpeed="19.47" meanSpeedRelative="0.61" duration="4"/>
    <step time="46200.00" loaded="47475" inserted="42032" running="565" waiting="5443" ended="41467" arrived="41467" collisions="72" teleports="72" halting="4" stopped="0" meanWaitingTime="1048.75" meanTravelTime="303.79" meanSpeed="19.18" meanSpeedRelative="0.60" duration="7"/>
    <step time="46500.00" loaded="48000" inserted="42474" running="538" waiting="5526" ended="41936" arrived="41936" collisions="74" teleports="74" halting="2" stopped="0" meanWaitingTime="1063.41" meanTravelTime="304.36" meanSpeed="19.82" meanSpeedRelative="0.62" duration="5"/>
    <step time="46800.00" loaded="48532" inserted="42903" running="535" waiting="5629" ended="42368" arrived="42368" collisions="75" teleports="75" halting="6" stopped="0" meanWaitingTime="1074.62" meanTravelTime="305.08" meanSpeed="20.13" meanSpeedRelative="0.63" duration="97"/>
    <step time="47100.00" loaded="49075" inserted="43357" running="541" waiting="5718" ended="42816" arrived="42816" collisions="77" teleports="77" halting="9" stopped="0" meanWaitingTime="1088.39" meanTravelTime="305.79" meanSpeed="19.59" meanSpeedRelative="0.61" duration="7"/>
    <step time="47400.00" loaded="49563" inserted="43799" running="524" waiting="5764" ended="43275" arrived="43275" collisions="77" teleports="77" halting="5" stopped="0" meanWaitingTime="1103.18" meanTravelTime="306.37" meanSpeed="19.83" meanSpeedRelative="0.62" duration="6"/>
    <step time="47700.00" loaded="50131" inserted="44265" running="537" waiting="5866" ended="43728" arrived="43728" collisions="77" teleports="77" halting="3" stopped="0" meanWaitingTime="1116.10" meanTravelTime="306.84" meanSpeed="19.03" meanSpeedRelative="0.59" duration="5"/>
    <step time="48000.00" loaded="50646" inserted="44706" running="535" waiting="5940" ended="44171" arrived="44171" collisions="78" teleports="78" halting="6" stopped="0" meanWaitingTime="1128.13" meanTravelTime="307.28" meanSpeed="19.96" meanSpeedRelative="0.62" duration="4"/>
    <step time="48300.00" loaded="51153" inserted="45143" running="540" waiting="6010" ended="44603" arrived="44603" collisions="78" teleports="78" halting="2" stopped="0" meanWaitingTime="1142.48" meanTravelTime="307.68" meanSpeed="20.17" meanSpeedRelative="0.63" duration="5"/>
    <step time="48600.00" loaded="51751" inserted="45608" running="558" waiting="6143" ended="45050" arrived="45050" collisions="80" teleports="80" halting="8" stopped="0" meanWaitingTime="1154.87" meanTravelTime="308.40" meanSpeed="18.86" meanSpeedRelative="0.59" duration="4"/>
    <step time="48900.00" loaded="52274" inserted="46058" running="557" waiting="6216" ended="45501" arrived="45501" collisions="81" teleports="81" halting="11" stopped="0" meanWaitingTime="1169.11" meanTravelTime="308.98" meanSpeed="17.75" meanSpeedRelative="0.55" duration="7"/>
    <step time="49200.00" loaded="52816" inserted="46505" running="548" waiting="6311" ended="45957" arrived="45957" collisions="82" teleports="82" halting="2" stopped="0" meanWaitingTime="1182.36" meanTravelTime="309.59" meanSpeed="19.73" meanSpeedRelative="0.62" duration="5"/>
    <step time="49500.00" loaded="53344" inserted="46957" running="536" waiting="6387" ended="46421" arrived="46421" collisions="84" teleports="84" halting="8" stopped="0" meanWaitingTime="1197.42" meanTravelTime="310.17" meanSpeed="19.55" meanSpeedRelative="0.61" duration="6"/>
    <step time="49800.00" loaded="53886" inserted="47416" running="557" waiting="6470" ended="46859" arrived="46859" collisions="85" teleports="85" halting="1" stopped="0" meanWaitingTime="1211.25" meanTravelTime="310.54" meanSpeed="19.37" meanSpeedRelative="0.61" duration="4"/>
    <step time="50100.00" loaded="54421" inserted="47847" running="546" waiting="6574" ended="47301" arrived="47301" collisions="88" teleports="88" halting="3" stopped="0" meanWaitingTime="1224.91" meanTravelTime="311.03" meanSpeed="19.17" meanSpeedRelative="0.60" duration="6"/>
    <step time="50400.00" loaded="54932" inserted="48273" running="510" waiting="6659" ended="47763" arrived="47763" collisions="89" teleports="89" halting="4" stopped="0" meanWaitingTime="1238.32" meanTravelTime="311.77" meanSpeed="19.94" meanSpeedRelative="0.62" duration="94"/>
    <step time="50700.00" loaded="55697" inserted="48821" running="615" waiting="6876" ended="48206" arrived="48206" collisions="91" teleports="91" halting="2" stopped="0" meanWaitingTime="1253.17" meanTravelTime="312.05" meanSpeed="18.15" meanSpeedRelative="0.57" duration="5"/>
    <step time="51000.00" loaded="56369" inserted="49316" running="625" waiting="7053" ended="48691" arrived="48691" collisions="92" teleports="92" halting="8" stopped="0" meanWaitingTime="1266.13" meanTravelTime="312.64" meanSpeed="17.59" meanSpeedRelative="0.55" duration="4"/>
    <step time="51300.00" loaded="57102" inserted="49845" running="692" waiting="7257" ended="49153" arrived="49153" collisions="94" teleports="94" halting="2" stopped="0" meanWaitingTime="1279.73" meanTravelTime="313.14" meanSpeed="18.07" meanSpeedRelative="0.56" duration="7"/>
    <step time="51600.00" loaded="57826" inserted="50357" running="693" waiting="7469" ended="49664" arrived="49664" collisions="97" teleports="97" halting="7" stopped="0" meanWaitingTime="1291.97" meanTravelTime="313.79" meanSpeed="17.23" meanSpeedRelative="0.54" duration="9"/>
    <step time="51900.00" loaded="58511" inserted="50865" running="710" waiting="7646" ended="50155" arrived="50155" collisions="97" teleports="97" halting="8" stopped="0" meanWaitingTime="1304.47" meanTravelTime="314.94" meanSpeed="15.94" meanSpeedRelative="0.50" duration="6"/>
    <step time="52200.00" loaded="59242" inserted="51389" running="745" waiting="7853" ended="50644" arrived="50644" collisions="100" teleports="100" halting="11" stopped="0" meanWaitingTime="1316.06" meanTravelTime="315.87" meanSpeed="16.18" meanSpeedRelative="0.51" duration="9"/>
    <step time="52500.00" loaded="60031" inserted="51932" running="807" waiting="8099" ended="51125" arrived="51125" collisions="102" teleports="102" halting="8" stopped="0" meanWaitingTime="1328.03" meanTravelTime="316.83" meanSpeed="15.67" meanSpeedRelative="0.49" duration="14"/>
    <step time="52800.00" loaded="60726" inserted="52474" running="828" waiting="8252" ended="51646" arrived="51646" collisions="109" teleports="109" halting="5" stopped="0" meanWaitingTime="1343.50" meanTravelTime="318.10" meanSpeed="15.04" meanSpeedRelative="0.47" duration="7"/>
    <step time="53100.00" loaded="61432" inserted="52960" running="789" waiting="8472" ended="52171" arrived="52171" collisions="111" teleports="111" halting="14" stopped="0" meanWaitingTime="1355.54" meanTravelTime="319.51" meanSpeed="14.52" meanSpeedRelative="0.45" duration="7"/>
    <step time="53400.00" loaded="62111" inserted="53442" running="758" waiting="8669" ended="52684" arrived="52684" collisions="112" teleports="112" halting="13" stopped="0" meanWaitingTime="1368.51" meanTravelTime="321.06" meanSpeed="15.14" meanSpeedRelative="0.47" duration="8"/>
    <step time="53700.00" loaded="62784" inserted="53964" running="780" waiting="8820" ended="53184" arrived="53184" collisions="114" teleports="114" halting="4" stopped="0" meanWaitingTime="1382.88" meanTravelTime="322.52" meanSpeed="14.90" meanSpeedRelative="0.47" duration="7"/>
    <step time="54000.00" loaded="63482" inserted="54462" running="789" waiting="9020" ended="53673" arrived="53673" collisions="115" teleports="115" halting="9" stopped="0" meanWaitingTime="1398.49" meanTravelTime="323.71" meanSpeed="14.94" meanSpeedRelative="0.47" duration="91"/>
    <step time="54300.00" loaded="63924" inserted="54889" running="745" waiting="9035" ended="54144" arrived="54144" collisions="115" teleports="115" halting="5" stopped="0" meanWaitingTime="1415.18" meanTravelTime="325.14" meanSpeed="15.34" meanSpeedRelative="0.48" duration="7"/>
    <step time="54600.00" loaded="64392" inserted="55346" running="704" waiting="9046" ended="54642" arrived="54642" collisions="116" teleports="116" halting="6" stopped="0" meanWaitingTime="1432.06" meanTravelTime="326.67" meanSpeed="15.84" meanSpeedRelative="0.49" duration="7"/>
    <step time="54900.00" loaded="64834" inserted="55793" running="671" waiting="9041" ended="55122" arrived="55122" collisions="117" teleports="117" halting="5" stopped="0" meanWaitingTime="1448.88" meanTravelTime="327.78" meanSpeed="16.58" meanSpeedRelative="0.52" duration="7"/>
    <step time="55200.00" loaded="65243" inserted="56232" running="623" waiting="9011" ended="55609" arrived="55609" collisions="117" teleports="117" halting="8" stopped="0" meanWaitingTime="1465.81" meanTravelTime="328.81" meanSpeed="17.73" meanSpeedRelative="0.55" duration="9"/>
    <step time="55500.00" loaded="65693" inserted="56671" running="622" waiting="9022" ended="56049" arrived="56049" collisions="121" teleports="121" halting="5" stopped="0" meanWaitingTime="1482.69" meanTravelTime="329.72" meanSpeed="17.74" meanSpeedRelative="0.55" duration="6"/>
    <step time="55800.00" loaded="66120" inserted="57116" running="587" waiting="9004" ended="56529" arrived="56529" collisions="121" teleports="121" halting="6" stopped="0" meanWaitingTime="1500.74" meanTravelTime="330.19" meanSpeed="16.71" meanSpeedRelative="0.52" duration="7"/>
    <step time="56100.00" loaded="66571" inserted="57533" running="586" waiting="9038" ended="56947" arrived="56947" collisions="121" teleports="121" halting="9" stopped="0" meanWaitingTime="1519.75" meanTravelTime="330.79" meanSpeed="17.44" meanSpeedRelative="0.55" duration="9"/>
    <step time="56400.00" loaded="67003" inserted="57944" running="546" waiting="9059" ended="57398" arrived="57398" collisions="123" teleports="123" halting="4" stopped="0" meanWaitingTime="1536.62" meanTravelTime="331.47" meanSpeed="18.61" meanSpeedRelative="0.58" duration="6"/>
    <step time="56700.00" loaded="67491" inserted="58369" running="551" waiting="9122" ended="57818" arrived="57818" collisions="124" teleports="124" halting="1" stopped="0" meanWaitingTime="1553.80" meanTravelTime="331.92" meanSpeed="18.56" meanSpeedRelative="0.58" duration="8"/>
    <step time="57000.00" loaded="67977" inserted="58815" running="565" waiting="9162" ended="58250" arrived="58250" collisions="127" teleports="127" halting="4" stopped="0" meanWaitingTime="1569.79" meanTravelTime="332.32" meanSpeed="18.32" meanSpeedRelative="0.57" duration="5"/>
    <step time="57300.00" loaded="68446" inserted="59262" running="591" waiting="9184" ended="58671" arrived="58671" collisions="127" teleports="127" halting="6" stopped="0" meanWaitingTime="1587.41" meanTravelTime="332.65" meanSpeed="18.18" meanSpeedRelative="0.57" duration="6"/>
    <step time="57600.00" loaded="68928" inserted="59715" running="556" waiting="9213" ended="59159" arrived="59159" collisions="129" teleports="129" halting="3" stopped="0" meanWaitingTime="1602.66" meanTravelTime="333.23" meanSpeed="18.41" meanSpeedRelative="0.58" duration="85"/>
    <step time="57900.00" loaded="69498" inserted="60198" running="583" waiting="9300" ended="59615" arrived="59615" collisions="131" teleports="131" halting="6" stopped="0" meanWaitingTime="1620.91" meanTravelTime="333.51" meanSpeed="19.05" meanSpeedRelative="0.60" duration="7"/>
    <step time="58200.00" loaded="70043" inserted="60655" running="586" waiting="9388" ended="60069" arrived="60069" collisions="134" teleports="134" halting="4" stopped="0" meanWaitingTime="1637.68" meanTravelTime="333.85" meanSpeed="18.45" meanSpeedRelative="0.58" duration="7"/>
    <step time="58500.00" loaded="70606" inserted="61107" running="577" waiting="9499" ended="60530" arrived="60530" collisions="134" teleports="134" halting="8" stopped="0" meanWaitingTime="1653.79" meanTravelTime="334.25" meanSpeed="18.61" meanSpeedRelative="0.58" duration="8"/>
    <step time="58800.00" loaded="71149" inserted="61574" running="601" waiting="9575" ended="60973" arrived="60973" collisions="136" teleports="136" halting="4" stopped="0" meanWaitingTime="1669.68" meanTravelTime="334.58" meanSpeed="18.25" meanSpeedRelative="0.57" duration="9"/>
    <step time="59100.00" loaded="71660" inserted="62036" running="578" waiting="9624" ended="61458" arrived="61458" collisions="138" teleports="138" halting="5" stopped="0" meanWaitingTime="1686.09" meanTravelTime="335.11" meanSpeed="18.49" meanSpeedRelative="0.58" duration="10"/>
    <step time="59400.00" loaded="72225" inserted="62499" running="583" waiting="9726" ended="61916" arrived="61916" collisions="139" teleports="139" halting="4" stopped="0" meanWaitingTime="1700.77" meanTravelTime="335.40" meanSpeed="18.18" meanSpeedRelative="0.57" duration="6"/>
    <step time="59700.00" loaded="72784" inserted="62972" running="604" waiting="9812" ended="62368" arrived="62368" collisions="143" teleports="143" halting="7" stopped="0" meanWaitingTime="1717.54" meanTravelTime="335.68" meanSpeed="17.81" meanSpeedRelative="0.56" duration="6"/>
    <step time="60000.00" loaded="73340" inserted="63443" running="619" waiting="9897" ended="62824" arrived="62824" collisions="145" teleports="145" halting="10" stopped="0" meanWaitingTime="1735.98" meanTravelTime="336.03" meanSpeed="17.56" meanSpeedRelative="0.55" duration="9"/>
    <step time="60300.00" loaded="73877" inserted="63907" running="621" waiting="9970" ended="63286" arrived="63286" collisions="146" teleports="146" halting="5" stopped="0" meanWaitingTime="1752.48" meanTravelTime="336.33" meanSpeed="18.12" meanSpeedRelative="0.57" duration="8"/>
    <step time="60600.00" loaded="74421" inserted="64388" running="634" waiting="10033" ended="63754" arrived="63754" collisions="147" teleports="147" halting="6" stopped="0" meanWaitingTime="1770.95" meanTravelTime="336.67" meanSpeed="17.32" meanSpeedRelative="0.54" duration="9"/>
    <step time="60900.00" loaded="74982" inserted="64865" running="634" waiting="10117" ended="64231" arrived="64231" collisions="150" teleports="150" halting="5" stopped="0" meanWaitingTime="1786.71" meanTravelTime="337.19" meanSpeed="17.50" meanSpeedRelative="0.55" duration="9"/>
    <step time="61200.00" loaded="75521" inserted="65332" running="636" waiting="10189" ended="64696" arrived="64696" collisions="154" teleports="154" halting="8" stopped="0" meanWaitingTime="1801.25" meanTravelTime="337.72" meanSpeed="18.05" meanSpeedRelative="0.56" duration="86"/>
    <step time="61500.00" loaded="75599" inserted="65666" running="513" waiting="9933" ended="65153" arrived="65153" collisions="156" teleports="156" halting="3" stopped="0" meanWaitingTime="1822.11" meanTravelTime="338.20" meanSpeed="18.61" meanSpeedRelative="0.58" duration="5"/>
    <step time="61800.00" loaded="75662" inserted="65985" running="446" waiting="9677" ended="65539" arrived="65539" collisions="158" teleports="158" halting="5" stopped="0" meanWaitingTime="1844.74" meanTravelTime="338.74" meanSpeed="18.66" meanSpeedRelative="0.58" duration="5"/>
    <step time="62100.00" loaded="75726" inserted="66315" running="444" waiting="9411" ended="65871" arrived="65871" collisions="160" teleports="160" halting="4" stopped="0" meanWaitingTime="1870.01" meanTravelTime="339.13" meanSpeed="19.01" meanSpeedRelative="0.59" duration="7"/>
    <step time="62400.00" loaded="75786" inserted="66585" running="386" waiting="9201" ended="66199" arrived="66199" collisions="160" teleports="160" halting="5" stopped="0" meanWaitingTime="1893.31" meanTravelTime="339.71" meanSpeed="20.83" meanSpeedRelative="0.65" duration="4"/>
    <step time="62700.00" loaded="75868" inserted="66843" running="348" waiting="9025" ended="66495" arrived="66495" collisions="161" teleports="161" halting="9" stopped="0" meanWaitingTime="1910.83" meanTravelTime="340.14" meanSpeed="20.34" meanSpeedRelative="0.64" duration="5"/>
    <step time="63000.00" loaded="75941" inserted="67098" running="321" waiting="8843" ended="66777" arrived="66777" collisions="161" teleports="161" halting="4" stopped="0" meanWaitingTime="1928.41" meanTravelTime="340.46" meanSpeed="21.42" meanSpeedRelative="0.67" duration="4"/>
    <step time="63300.00" loaded="76016" inserted="67324" running="269" waiting="8692" ended="67055" arrived="67055" collisions="161" teleports="161" halting="2" stopped="0" meanWaitingTime="1945.26" meanTravelTime="340.65" meanSpeed="22.08" meanSpeedRelative="0.69" duration="3"/>
    <step time="63600.00" loaded="76079" inserted="67510" running="219" waiting="8569" ended="67291" arrived="67291" collisions="161" teleports="161" halting="6" stopped="0" meanWaitingTime="1964.26" meanTravelTime="340.67" meanSpeed="21.34" meanSpeedRelative="0.67" duration="2"/>
    <step time="63900.00" loaded="76152" inserted="67705" running="211" waiting="8447" ended="67494" arrived="67494" collisions="161" teleports="161" halting="5" stopped="0" meanWaitingTime="1983.17" meanTravelTime="340.68" meanSpeed="21.31" meanSpeedRelative="0.67" duration="5"/>
    <step time="64200.00" loaded="76210" inserted="67920" running="216" waiting="8290" ended="67704" arrived="67704" collisions="161" teleports="161" halting="6" stopped="0" meanWaitingTime="2005.71" meanTravelTime="340.59" meanSpeed="21.31" meanSpeedRelative="0.67" duration="3"/>
    <step time="64500.00" loaded="76266" inserted="68124" running="224" waiting="8142" ended="67900" arrived="67900" collisions="162" teleports="162" halting="6" stopped="0" meanWaitingTime="2028.44" meanTravelTime="340.49" meanSpeed="21.23" meanSpeedRelative="0.66" duration="3"/>
    <step time="64800.00" loaded="76337" inserted="68331" running="216" waiting="8006" ended="68115" arrived="68115" collisions="162" teleports="162" halting="4" stopped="0" meanWaitingTime="2049.32" meanTravelTime="340.46" meanSpeed="21.27" meanSpeedRelative="0.66" duration="94"/>
    <step time="65100.00" loaded="76397" inserted="68529" running="200" waiting="7868" ended="68329" arrived="68329" collisions="162" teleports="162" halting="8" stopped="0" meanWaitingTime="2070.53" meanTravelTime="340.36" meanSpeed="20.83" meanSpeedRelative="0.65" duration="5"/>
    <step time="65400.00" loaded="76438" inserted="68723" running="202" waiting="7715" ended="68521" arrived="68521" collisions="162" teleports="162" halting="0" stopped="0" meanWaitingTime="2092.20" meanTravelTime="340.27" meanSpeed="22.02" meanSpeedRelative="0.69" duration="3"/>
    <step time="65700.00" loaded="76494" inserted="68922" running="194" waiting="7572" ended="68728" arrived="68728" collisions="162" teleports="162" halting="4" stopped="0" meanWaitingTime="2112.82" meanTravelTime="340.16" meanSpeed="21.53" meanSpeedRelative="0.67" duration="2"/>
    <step time="66000.00" loaded="76535" inserted="69108" running="185" waiting="7427" ended="68923" arrived="68923" collisions="162" teleports="162" halting="3" stopped="0" meanWaitingTime="2133.64" meanTravelTime="339.98" meanSpeed="21.43" meanSpeedRelative="0.67" duration="6"/>
    <step time="66300.00" loaded="76581" inserted="69240" running="108" waiting="7341" ended="69132" arrived="69132" collisions="162" teleports="162" halting="5" stopped="0" meanWaitingTime="2153.44" meanTravelTime="339.95" meanSpeed="19.21" meanSpeedRelative="0.60" duration="2"/>
    <step time="66600.00" loaded="76642" inserted="69373" running="115" waiting="7269" ended="69258" arrived="69258" collisions="162" teleports="162" halting="2" stopped="0" meanWaitingTime="2169.86" meanTravelTime="339.85" meanSpeed="20.79" meanSpeedRelative="0.65" duration="2"/>
    <step time="66900.00" loaded="76694" inserted="69510" running="121" waiting="7184" ended="69389" arrived="69389" collisions="162" teleports="162" halting="3" stopped="0" meanWaitingTime="2189.88" meanTravelTime="339.68" meanSpeed="21.32" meanSpeedRelative="0.67" duration="2"/>
    <step time="67200.00" loaded="76746" inserted="69657" running="120" waiting="7089" ended="69537" arrived="69537" collisions="162" teleports="162" halting="4" stopped="0" meanWaitingTime="2211.03" meanTravelTime="339.52" meanSpeed="20.36" meanSpeedRelative="0.64" duration="2"/>
    <step time="67500.00" loaded="76796" inserted="69804" running="127" waiting="6992" ended="69677" arrived="69677" collisions="162" teleports="162" halting="5" stopped="0" meanWaitingTime="2233.02" meanTravelTime="339.37" meanSpeed="19.84" meanSpeedRelative="0.62" duration="1"/>
    <step time="67800.00" loaded="76850" inserted="69936" running="112" waiting="6914" ended="69824" arrived="69824" collisions="162" teleports="162" halting="3" stopped="0" meanWaitingTime="2251.32" meanTravelTime="339.16" meanSpeed="19.88" meanSpeedRelative="0.62" duration="2"/>
    <step time="68100.00" loaded="76905" inserted="70058" running="103" waiting="6847" ended="69955" arrived="69955" collisions="162" teleports="162" halting="7" stopped="0" meanWaitingTime="2268.18" meanTravelTime="339.03" meanSpeed="19.54" meanSpeedRelative="0.61" duration="2"/>
    <step time="68400.00" loaded="76963" inserted="70206" running="117" waiting="6757" ended="70089" arrived="70089" collisions="162" teleports="162" halting="4" stopped="0" meanWaitingTime="2289.24" meanTravelTime="338.83" meanSpeed="20.89" meanSpeedRelative="0.65" duration="92"/>
    <step time="68700.00" loaded="77104" inserted="70395" running="157" waiting="6709" ended="70238" arrived="70238" collisions="162" teleports="162" halting="5" stopped="0" meanWaitingTime="2307.41" meanTravelTime="338.63" meanSpeed="20.77" meanSpeedRelative="0.65" duration="2"/>
    <step time="69000.00" loaded="77257" inserted="70587" running="179" waiting="6670" ended="70408" arrived="70408" collisions="162" teleports="162" halting="3" stopped="0" meanWaitingTime="2323.06" meanTravelTime="338.42" meanSpeed="22.01" meanSpeedRelative="0.69" duration="2"/>
    <step time="69300.00" loaded="77401" inserted="70784" running="182" waiting="6617" ended="70602" arrived="70602" collisions="162" teleports="162" halting="7" stopped="0" meanWaitingTime="2340.62" meanTravelTime="338.24" meanSpeed="21.69" meanSpeedRelative="0.68" duration="3"/>
    <step time="69600.00" loaded="77561" inserted="70983" running="195" waiting="6578" ended="70788" arrived="70788" collisions="162" teleports="162" halting="7" stopped="0" meanWaitingTime="2356.45" meanTravelTime="338.03" meanSpeed="22.05" meanSpeedRelative="0.69" duration="2"/>
    <step time="69900.00" loaded="77717" inserted="71170" running="183" waiting="6547" ended="70987" arrived="70987" collisions="162" teleports="162" halting="6" stopped="0" meanWaitingTime="2372.57" meanTravelTime="337.91" meanSpeed="21.70" meanSpeedRelative="0.68" duration="2"/>
    <step time="70200.00" loaded="77872" inserted="71371" running="173" waiting="6501" ended="71198" arrived="71198" collisions="163" teleports="163" halting="5" stopped="0" meanWaitingTime="2388.95" meanTravelTime="337.78" meanSpeed="22.66" meanSpeedRelative="0.71" duration="2"/>
    <step time="70500.00" loaded="78012" inserted="71564" running="160" waiting="6448" ended="71404" arrived="71404" collisions="163" teleports="163" halting="6" stopped="0" meanWaitingTime="2406.68" meanTravelTime="337.56" meanSpeed="21.94" meanSpeedRelative="0.69" duration="2"/>
    <step time="70800.00" loaded="78154" inserted="71762" running="174" waiting="6392" ended="71588" arrived="71588" collisions="165" teleports="165" halting="3" stopped="0" meanWaitingTime="2424.96" meanTravelTime="337.34" meanSpeed="22.25" meanSpeedRelative="0.70" duration="3"/>
    <step time="71100.00" loaded="78319" inserted="71968" running="188" waiting="6351" ended="71780" arrived="71780" collisions="165" teleports="165" halting="4" stopped="0" meanWaitingTime="2443.07" meanTravelTime="337.12" meanSpeed="22.04" meanSpeedRelative="0.69" duration="4"/>
    <step time="71400.00" loaded="78483" inserted="72181" running="211" waiting="6302" ended="71970" arrived="71970" collisions="165" teleports="165" halting="3" stopped="0" meanWaitingTime="2459.64" meanTravelTime="336.95" meanSpeed="21.66" meanSpeedRelative="0.68" duration="2"/>
    <step time="71700.00" loaded="78654" inserted="72367" running="191" waiting="6287" ended="72176" arrived="72176" collisions="166" teleports="166" halting="7" stopped="0" meanWaitingTime="2476.22" meanTravelTime="336.82" meanSpeed="21.22" meanSpeedRelative="0.66" duration="3"/>
    <step time="72000.00" loaded="78817" inserted="72578" running="198" waiting="6239" ended="72380" arrived="72380" collisions="167" teleports="167" halting="3" stopped="0" meanWaitingTime="2493.97" meanTravelTime="336.70" meanSpeed="22.05" meanSpeedRelative="0.69" duration="86"/>
    <step time="72300.00" loaded="78961" inserted="72766" running="179" waiting="6195" ended="72587" arrived="72587" collisions="167" teleports="167" halting="7" stopped="0" meanWaitingTime="2512.22" meanTravelTime="336.54" meanSpeed="21.76" meanSpeedRelative="0.68" duration="3"/>
    <step time="72600.00" loaded="79091" inserted="72957" running="180" waiting="6134" ended="72777" arrived="72777" collisions="167" teleports="167" halting="9" stopped="0" meanWaitingTime="2530.11" meanTravelTime="336.43" meanSpeed="21.53" meanSpeedRelative="0.67" duration="2"/>
    <step time="72900.00" loaded="79230" inserted="73148" running="180" waiting="6082" ended="72968" arrived="72968" collisions="167" teleports="167" halting="3" stopped="0" meanWaitingTime="2548.76" meanTravelTime="336.29" meanSpeed="21.64" meanSpeedRelative="0.68" duration="4"/>
    <step time="73200.00" loaded="79357" inserted="73326" running="164" waiting="6031" ended="73162" arrived="73162" collisions="167" teleports="167" halting="6" stopped="0" meanWaitingTime="2566.79" meanTravelTime="336.14" meanSpeed="21.22" meanSpeedRelative="0.66" duration="3"/>
    <step time="73500.00" loaded="79508" inserted="73523" running="173" waiting="5985" ended="73350" arrived="73350" collisions="167" teleports="167" halting="8" stopped="0" meanWaitingTime="2584.03" meanTravelTime="336.00" meanSpeed="21.09" meanSpeedRelative="0.66" duration="2"/>
    <step time="73800.00" loaded="79647" inserted="73702" running="175" waiting="5945" ended="73527" arrived="73527" collisions="167" teleports="167" halting="4" stopped="0" meanWaitingTime="2600.74" meanTravelTime="335.82" meanSpeed="21.26" meanSpeedRelative="0.66" duration="2"/>
    <step time="74100.00" loaded="79782" inserted="73887" running="168" waiting="5895" ended="73719" arrived="73719" collisions="167" teleports="167" halting="4" stopped="0" meanWaitingTime="2620.18" meanTravelTime="335.69" meanSpeed="22.01" meanSpeedRelative="0.69" duration="2"/>
    <step time="74400.00" loaded="79905" inserted="74067" running="171" waiting="5838" ended="73896" arrived="73896" collisions="167" teleports="167" halting="6" stopped="0" meanWaitingTime="2639.04" meanTravelTime="335.55" meanSpeed="20.92" meanSpeedRelative="0.65" duration="5"/>
    <step time="74700.00" loaded="80060" inserted="74255" running="170" waiting="5805" ended="74085" arrived="74085" collisions="167" teleports="167" halting="5" stopped="0" meanWaitingTime="2654.44" meanTravelTime="335.44" meanSpeed="21.60" meanSpeedRelative="0.68" duration="1"/>
    <step time="75000.00" loaded="80189" inserted="74438" running="163" waiting="5751" ended="74275" arrived="74275" collisions="167" teleports="167" halting="6" stopped="0" meanWaitingTime="2673.65" meanTravelTime="335.29" meanSpeed="21.77" meanSpeedRelative="0.68" duration="2"/>
    <step time="75300.00" loaded="80311" inserted="74617" running="178" waiting="5694" ended="74439" arrived="74439" collisions="167" teleports="167" halting="3" stopped="0" meanWaitingTime="2692.71" meanTravelTime="335.12" meanSpeed="20.76" meanSpeedRelative="0.65" duration="2"/>
    <step time="75600.00" loaded="80450" inserted="74802" running="166" waiting="5648" ended="74636" arrived="74636" collisions="167" teleports="167" halting="8" stopped="0" meanWaitingTime="2709.03" meanTravelTime="335.04" meanSpeed="21.12" meanSpeedRelative="0.66" duration="85"/>
    <step time="75900.00" loaded="80661" inserted="75035" running="191" waiting="5626" ended="74844" arrived="74844" collisions="167" teleports="167" halting="4" stopped="0" meanWaitingTime="2725.37" meanTravelTime="334.79" meanSpeed="21.95" meanSpeedRelative="0.69" duration="2"/>
    <step time="76200.00" loaded="80847" inserted="75259" running="197" waiting="5588" ended="75062" arrived="75062" collisions="167" teleports="167" halting="3" stopped="0" meanWaitingTime="2741.90" meanTravelTime="334.54" meanSpeed="21.92" meanSpeedRelative="0.69" duration="2"/>
    <step time="76500.00" loaded="81008" inserted="75469" running="193" waiting="5539" ended="75276" arrived="75276" collisions="167" teleports="167" halting="4" stopped="0" meanWaitingTime="2759.27" meanTravelTime="334.32" meanSpeed="21.68" meanSpeedRelative="0.68" duration="3"/>
    <step time="76800.00" loaded="81196" inserted="75688" running="199" waiting="5508" ended="75489" arrived="75489" collisions="167" teleports="167" halting="5" stopped="0" meanWaitingTime="2772.65" meanTravelTime="334.15" meanSpeed="22.82" meanSpeedRelative="0.71" duration="2"/>
    <step time="77100.00" loaded="81403" inserted="75931" running="225" waiting="5472" ended="75706" arrived="75706" collisions="167" teleports="167" halting="3" stopped="0" meanWaitingTime="2789.45" meanTravelTime="333.94" meanSpeed="22.06" meanSpeedRelative="0.69" duration="2"/>
    <step time="77400.00" loaded="81614" inserted="76164" running="196" waiting="5450" ended="75968" arrived="75968" collisions="168" teleports="168" halting="3" stopped="0" meanWaitingTime="2804.72" meanTravelTime="333.78" meanSpeed="22.78" meanSpeedRelative="0.71" duration="2"/>
    <step time="77700.00" loaded="81811" inserted="76380" running="191" waiting="5431" ended="76189" arrived="76189" collisions="168" teleports="168" halting="5" stopped="0" meanWaitingTime="2820.50" meanTravelTime="333.52" meanSpeed="22.03" meanSpeedRelative="0.69" duration="2"/>
    <step time="78000.00" loaded="82013" inserted="76628" running="217" waiting="5385" ended="76411" arrived="76411" collisions="168" teleports="168" halting="5" stopped="0" meanWaitingTime="2835.24" meanTravelTime="333.38" meanSpeed="21.74" meanSpeedRelative="0.68" duration="3"/>
    <step time="78300.00" loaded="82223" inserted="76862" running="226" waiting="5361" ended="76636" arrived="76636" collisions="168" teleports="168" halting="5" stopped="0" meanWaitingTime="2849.95" meanTravelTime="333.20" meanSpeed="22.06" meanSpeedRelative="0.69" duration="2"/>
    <step time="78600.00" loaded="82443" inserted="77104" running="216" waiting="5339" ended="76888" arrived="76888" collisions="170" teleports="170" halting="9" stopped="0" meanWaitingTime="2864.20" meanTravelTime="333.07" meanSpeed="22.26" meanSpeedRelative="0.70" duration="2"/>
    <step time="78900.00" loaded="82652" inserted="77330" running="230" waiting="5322" ended="77100" arrived="77100" collisions="170" teleports="170" halting="3" stopped="0" meanWaitingTime="2879.09" meanTravelTime="332.87" meanSpeed="22.35" meanSpeedRelative="0.70" duration="2"/>
    <step time="79200.00" loaded="82844" inserted="77560" running="212" waiting="5284" ended="77348" arrived="77348" collisions="170" teleports="170" halting="4" stopped="0" meanWaitingTime="2896.32" meanTravelTime="332.66" meanSpeed="23.09" meanSpeedRelative="0.72" duration="84"/>
    <step time="79500.00" loaded="83023" inserted="77778" running="206" waiting="5245" ended="77572" arrived="77572" collisions="170" teleports="170" halting="5" stopped="0" meanWaitingTime="2912.00" meanTravelTime="332.52" meanSpeed="21.64" meanSpeedRelative="0.68" duration="2"/>
    <step time="79800.00" loaded="83190" inserted="77997" running="216" waiting="5193" ended="77781" arrived="77781" collisions="172" teleports="172" halting="5" stopped="0" meanWaitingTime="2927.24" meanTravelTime="332.45" meanSpeed="22.53" meanSpeedRelative="0.70" duration="3"/>
    <step time="80100.00" loaded="83347" inserted="78192" running="203" waiting="5155" ended="77989" arrived="77989" collisions="172" teleports="172" halting="10" stopped="0" meanWaitingTime="2943.49" meanTravelTime="332.36" meanSpeed="21.56" meanSpeedRelative="0.67" duration="2"/>
    <step time="80400.00" loaded="83543" inserted="78410" running="210" waiting="5133" ended="78200" arrived="78200" collisions="172" teleports="172" halting="3" stopped="0" meanWaitingTime="2957.09" meanTravelTime="332.21" meanSpeed="22.38" meanSpeedRelative="0.70" duration="2"/>
    <step time="80700.00" loaded="83711" inserted="78601" running="187" waiting="5110" ended="78414" arrived="78414" collisions="173" teleports="173" halting="3" stopped="0" meanWaitingTime="2971.76" meanTravelTime="332.12" meanSpeed="22.11" meanSpeedRelative="0.69" duration="2"/>
    <step time="81000.00" loaded="83868" inserted="78809" running="199" waiting="5059" ended="78610" arrived="78610" collisions="174" teleports="174" halting="7" stopped="0" meanWaitingTime="2987.19" meanTravelTime="332.02" meanSpeed="21.87" meanSpeedRelative="0.68" duration="2"/>
    <step time="81300.00" loaded="84014" inserted="79002" running="188" waiting="5012" ended="78814" arrived="78814" collisions="176" teleports="176" halting="2" stopped="0" meanWaitingTime="3002.48" meanTravelTime="331.89" meanSpeed="21.30" meanSpeedRelative="0.67" duration="2"/>
    <step time="81600.00" loaded="84183" inserted="79212" running="181" waiting="4971" ended="79031" arrived="79031" collisions="176" teleports="176" halting="6" stopped="0" meanWaitingTime="3017.23" meanTravelTime="331.75" meanSpeed="22.16" meanSpeedRelative="0.69" duration="1"/>
    <step time="81900.00" loaded="84344" inserted="79414" running="190" waiting="4930" ended="79224" arrived="79224" collisions="176" teleports="176" halting="8" stopped="0" meanWaitingTime="3032.20" meanTravelTime="331.60" meanSpeed="21.01" meanSpeedRelative="0.66" duration="2"/>
    <step time="82200.00" loaded="84515" inserted="79627" running="195" waiting="4888" ended="79432" arrived="79432" collisions="176" teleports="176" halting="3" stopped="0" meanWaitingTime="3044.55" meanTravelTime="331.47" meanSpeed="21.61" meanSpeedRelative="0.68" duration="3"/>
    <step time="82500.00" loaded="84657" inserted="79816" running="184" waiting="4841" ended="79632" arrived="79632" collisions="177" teleports="177" halting="3" stopped="0" meanWaitingTime="3057.79" meanTravelTime="331.34" meanSpeed="22.44" meanSpeedRelative="0.70" duration="5"/>
</summary>
