<?xml version="1.0" encoding="UTF-8"?>

<!-- generated on 2025-08-08 09:37:30 by Eclipse SUMO sumo Version 1.23.1
<sumoConfiguration xmlns:xsi="http://www.w3.org/2001/XMLSchema-instance" xsi:noNamespaceSchemaLocation="http://sumo.dlr.de/xsd/sumoConfiguration.xsd">

    <input>
        <net-file value="Desktop\Master Thesis\Network_fin.net.xml"/>
        <route-files value="Desktop\Master Thesis\demand_model_amsterdam.rou.xml"/>
        <additional-files value="Desktop\Master Thesis\Additionnal.add.xml"/>
    </input>

    <output>
        <summary-output value="outputf/summary_coor_alinea_3neigh_method1_K80_target5_20120.xml"/>
        <summary-output.period value="300"/>
        <tripinfo-output value="outputf/tripinfo_coor_alinea_3neigh_method1_K80_target5_20120.xml"/>
    </output>

    <time>
        <begin value="0"/>
        <end value="82800"/>
        <step-length value="1"/>
    </time>

    <processing>
        <time-to-teleport value="-1"/>
    </processing>

    <report>
        <verbose value="true"/>
        <no-step-log value="true"/>
    </report>

    <emissions>
        <device.emissions.period value="10"/>
    </emissions>

    <traci_server>
        <remote-port value="51062"/>
    </traci_server>

    <random_number>
        <seed value="20120"/>
    </random_number>

</sumoConfiguration>
-->

<summary xmlns:xsi="http://www.w3.org/2001/XMLSchema-instance" xsi:noNamespaceSchemaLocation="http://sumo.dlr.de/xsd/summary_file.xsd">
    <step time="0.00" loaded="0" inserted="0" running="0" waiting="0" ended="0" arrived="0" collisions="0" teleports="0" halting="0" stopped="0" meanWaitingTime="-1.00" meanTravelTime="-1.00" meanSpeed="-1.00" meanSpeedRelative="-1.00" duration="0"/>
    <step time="300.00" loaded="178" inserted="178" running="117" waiting="0" ended="61" arrived="61" collisions="0" teleports="0" halting="3" stopped="0" meanWaitingTime="0.57" meanTravelTime="103.44" meanSpeed="25.81" meanSpeedRelative="0.81" duration="2"/>
    <step time="600.00" loaded="350" inserted="349" running="128" waiting="1" ended="221" arrived="221" collisions="0" teleports="0" halting="0" stopped="0" meanWaitingTime="0.43" meanTravelTime="168.64" meanSpeed="25.35" meanSpeedRelative="0.79" duration="1"/>
    <step time="900.00" loaded="516" inserted="516" running="130" waiting="0" ended="386" arrived="386" collisions="0" teleports="0" halting="0" stopped="0" meanWaitingTime="0.41" meanTravelTime="190.71" meanSpeed="25.59" meanSpeedRelative="0.80" duration="1"/>
    <step time="1200.00" loaded="708" inserted="708" running="161" waiting="0" ended="547" arrived="547" collisions="0" teleports="0" halting="0" stopped="0" meanWaitingTime="0.42" meanTravelTime="201.38" meanSpeed="25.09" meanSpeedRelative="0.78" duration="2"/>
    <step time="1500.00" loaded="886" inserted="886" running="148" waiting="0" ended="738" arrived="738" collisions="1" teleports="1" halting="1" stopped="0" meanWaitingTime="0.39" meanTravelTime="208.99" meanSpeed="25.53" meanSpeedRelative="0.80" duration="1"/>
    <step time="1800.00" loaded="1061" inserted="1061" running="161" waiting="0" ended="900" arrived="900" collisions="1" teleports="1" halting="0" stopped="0" meanWaitingTime="0.37" meanTravelTime="214.82" meanSpeed="25.19" meanSpeedRelative="0.79" duration="2"/>
    <step time="2100.00" loaded="1231" inserted="1231" running="157" waiting="0" ended="1074" arrived="1074" collisions="1" teleports="1" halting="0" stopped="0" meanWaitingTime="0.36" meanTravelTime="225.25" meanSpeed="25.42" meanSpeedRelative="0.79" duration="1"/>
    <step time="2400.00" loaded="1431" inserted="1431" running="168" waiting="0" ended="1263" arrived="1263" collisions="1" teleports="1" halting="1" stopped="0" meanWaitingTime="0.37" meanTravelTime="230.44" meanSpeed="25.44" meanSpeedRelative="0.79" duration="1"/>
    <step time="2700.00" loaded="1604" inserted="1603" running="152" waiting="1" ended="1451" arrived="1451" collisions="1" teleports="1" halting="2" stopped="0" meanWaitingTime="0.40" meanTravelTime="235.81" meanSpeed="25.56" meanSpeedRelative="0.80" duration="1"/>
    <step time="3000.00" loaded="1787" inserted="1787" running="154" waiting="0" ended="1633" arrived="1633" collisions="1" teleports="1" halting="1" stopped="0" meanWaitingTime="0.41" meanTravelTime="235.04" meanSpeed="25.54" meanSpeedRelative="0.80" duration="1"/>
    <step time="3300.00" loaded="1955" inserted="1954" running="158" waiting="1" ended="1796" arrived="1796" collisions="1" teleports="1" halting="0" stopped="0" meanWaitingTime="0.65" meanTravelTime="237.12" meanSpeed="24.42" meanSpeedRelative="0.76" duration="1"/>
    <step time="3600.00" loaded="2150" inserted="2144" running="178" waiting="6" ended="1966" arrived="1966" collisions="1" teleports="1" halting="1" stopped="0" meanWaitingTime="0.98" meanTravelTime="239.83" meanSpeed="24.47" meanSpeedRelative="0.76" duration="87"/>
    <step time="3900.00" loaded="2257" inserted="2257" running="118" waiting="0" ended="2139" arrived="2139" collisions="1" teleports="1" halting="3" stopped="0" meanWaitingTime="1.49" meanTravelTime="244.48" meanSpeed="24.53" meanSpeedRelative="0.77" duration="0"/>
    <step time="4200.00" loaded="2385" inserted="2382" running="101" waiting="3" ended="2281" arrived="2281" collisions="1" teleports="1" halting="0" stopped="0" meanWaitingTime="1.52" meanTravelTime="248.18" meanSpeed="24.53" meanSpeedRelative="0.77" duration="0"/>
    <step time="4500.00" loaded="2482" inserted="2482" running="82" waiting="0" ended="2400" arrived="2400" collisions="1" teleports="1" halting="1" stopped="0" meanWaitingTime="1.72" meanTravelTime="249.12" meanSpeed="26.30" meanSpeedRelative="0.82" duration="1"/>
    <step time="4800.00" loaded="2581" inserted="2580" running="89" waiting="1" ended="2491" arrived="2491" collisions="1" teleports="1" halting="5" stopped="0" meanWaitingTime="1.74" meanTravelTime="251.29" meanSpeed="24.38" meanSpeedRelative="0.76" duration="1"/>
    <step time="5100.00" loaded="2700" inserted="2700" running="86" waiting="0" ended="2614" arrived="2614" collisions="1" teleports="1" halting="0" stopped="0" meanWaitingTime="1.69" meanTravelTime="250.68" meanSpeed="26.46" meanSpeedRelative="0.83" duration="1"/>
    <step time="5400.00" loaded="2825" inserted="2823" running="108" waiting="2" ended="2715" arrived="2715" collisions="1" teleports="1" halting="0" stopped="0" meanWaitingTime="1.70" meanTravelTime="250.92" meanSpeed="24.86" meanSpeedRelative="0.78" duration="1"/>
    <step time="5700.00" loaded="2938" inserted="2938" running="100" waiting="0" ended="2838" arrived="2838" collisions="3" teleports="3" halting="1" stopped="0" meanWaitingTime="1.66" meanTravelTime="251.04" meanSpeed="24.84" meanSpeedRelative="0.78" duration="1"/>
    <step time="6000.00" loaded="3054" inserted="3053" running="97" waiting="1" ended="2956" arrived="2956" collisions="3" teleports="3" halting="0" stopped="0" meanWaitingTime="1.61" meanTravelTime="250.80" meanSpeed="24.96" meanSpeedRelative="0.78" duration="1"/>
    <step time="6300.00" loaded="3155" inserted="3155" running="102" waiting="0" ended="3053" arrived="3053" collisions="3" teleports="3" halting="1" stopped="0" meanWaitingTime="1.58" meanTravelTime="252.38" meanSpeed="25.73" meanSpeedRelative="0.80" duration="1"/>
    <step time="6600.00" loaded="3262" inserted="3262" running="105" waiting="0" ended="3157" arrived="3157" collisions="3" teleports="3" halting="1" stopped="0" meanWaitingTime="1.53" meanTravelTime="252.95" meanSpeed="25.19" meanSpeedRelative="0.79" duration="0"/>
    <step time="6900.00" loaded="3382" inserted="3382" running="110" waiting="0" ended="3272" arrived="3272" collisions="3" teleports="3" halting="0" stopped="0" meanWaitingTime="1.49" meanTravelTime="253.60" meanSpeed="26.41" meanSpeedRelative="0.83" duration="1"/>
    <step time="7200.00" loaded="3488" inserted="3488" running="99" waiting="0" ended="3389" arrived="3389" collisions="3" teleports="3" halting="0" stopped="0" meanWaitingTime="1.46" meanTravelTime="254.71" meanSpeed="25.36" meanSpeedRelative="0.79" duration="87"/>
    <step time="7500.00" loaded="3638" inserted="3630" running="124" waiting="8" ended="3506" arrived="3506" collisions="3" teleports="3" halting="4" stopped="0" meanWaitingTime="1.53" meanTravelTime="255.02" meanSpeed="24.75" meanSpeedRelative="0.77" duration="1"/>
    <step time="7800.00" loaded="3797" inserted="3794" running="136" waiting="3" ended="3658" arrived="3658" collisions="3" teleports="3" halting="4" stopped="0" meanWaitingTime="1.90" meanTravelTime="254.66" meanSpeed="25.06" meanSpeedRelative="0.78" duration="1"/>
    <step time="8100.00" loaded="3960" inserted="3955" running="143" waiting="5" ended="3812" arrived="3812" collisions="3" teleports="3" halting="2" stopped="0" meanWaitingTime="2.16" meanTravelTime="253.76" meanSpeed="24.11" meanSpeedRelative="0.75" duration="1"/>
    <step time="8400.00" loaded="4099" inserted="4090" running="132" waiting="9" ended="3958" arrived="3958" collisions="3" teleports="3" halting="1" stopped="0" meanWaitingTime="2.45" meanTravelTime="253.96" meanSpeed="24.94" meanSpeedRelative="0.78" duration="1"/>
    <step time="8700.00" loaded="4234" inserted="4223" running="120" waiting="11" ended="4103" arrived="4103" collisions="3" teleports="3" halting="1" stopped="0" meanWaitingTime="3.00" meanTravelTime="255.10" meanSpeed="24.92" meanSpeedRelative="0.78" duration="1"/>
    <step time="9000.00" loaded="4385" inserted="4367" running="116" waiting="18" ended="4251" arrived="4251" collisions="3" teleports="3" halting="4" stopped="0" meanWaitingTime="3.74" meanTravelTime="256.20" meanSpeed="25.01" meanSpeedRelative="0.78" duration="0"/>
    <step time="9300.00" loaded="4537" inserted="4509" running="122" waiting="28" ended="4387" arrived="4387" collisions="3" teleports="3" halting="3" stopped="0" meanWaitingTime="4.78" meanTravelTime="255.85" meanSpeed="23.90" meanSpeedRelative="0.75" duration="1"/>
    <step time="9600.00" loaded="4672" inserted="4645" running="114" waiting="27" ended="4531" arrived="4531" collisions="3" teleports="3" halting="0" stopped="0" meanWaitingTime="6.13" meanTravelTime="255.26" meanSpeed="25.63" meanSpeedRelative="0.80" duration="1"/>
    <step time="9900.00" loaded="4829" inserted="4795" running="121" waiting="34" ended="4674" arrived="4674" collisions="3" teleports="3" halting="2" stopped="0" meanWaitingTime="7.92" meanTravelTime="254.92" meanSpeed="24.48" meanSpeedRelative="0.77" duration="1"/>
    <step time="10200.00" loaded="4984" inserted="4940" running="132" waiting="44" ended="4808" arrived="4808" collisions="3" teleports="3" halting="2" stopped="0" meanWaitingTime="9.48" meanTravelTime="254.13" meanSpeed="24.61" meanSpeedRelative="0.77" duration="1"/>
    <step time="10500.00" loaded="5121" inserted="5064" running="119" waiting="57" ended="4945" arrived="4945" collisions="3" teleports="3" halting="4" stopped="0" meanWaitingTime="11.20" meanTravelTime="254.90" meanSpeed="24.13" meanSpeedRelative="0.75" duration="1"/>
    <step time="10800.00" loaded="5263" inserted="5193" running="127" waiting="70" ended="5066" arrived="5066" collisions="4" teleports="4" halting="2" stopped="0" meanWaitingTime="13.22" meanTravelTime="255.94" meanSpeed="25.33" meanSpeedRelative="0.79" duration="86"/>
    <step time="11100.00" loaded="5411" inserted="5329" running="111" waiting="82" ended="5218" arrived="5218" collisions="4" teleports="4" halting="3" stopped="0" meanWaitingTime="16.00" meanTravelTime="256.41" meanSpeed="24.59" meanSpeedRelative="0.77" duration="1"/>
    <step time="11400.00" loaded="5553" inserted="5466" running="122" waiting="87" ended="5344" arrived="5344" collisions="4" teleports="4" halting="0" stopped="0" meanWaitingTime="18.34" meanTravelTime="256.46" meanSpeed="25.49" meanSpeedRelative="0.80" duration="1"/>
    <step time="11700.00" loaded="5709" inserted="5630" running="124" waiting="79" ended="5506" arrived="5506" collisions="4" teleports="4" halting="1" stopped="0" meanWaitingTime="22.23" meanTravelTime="255.93" meanSpeed="25.30" meanSpeedRelative="0.79" duration="1"/>
    <step time="12000.00" loaded="5854" inserted="5769" running="103" waiting="85" ended="5666" arrived="5666" collisions="5" teleports="5" halting="3" stopped="0" meanWaitingTime="25.81" meanTravelTime="255.02" meanSpeed="24.19" meanSpeedRelative="0.76" duration="0"/>
    <step time="12300.00" loaded="5993" inserted="5907" running="110" waiting="86" ended="5797" arrived="5797" collisions="5" teleports="5" halting="4" stopped="0" meanWaitingTime="29.00" meanTravelTime="254.70" meanSpeed="24.67" meanSpeedRelative="0.77" duration="1"/>
    <step time="12600.00" loaded="6143" inserted="6047" running="118" waiting="96" ended="5929" arrived="5929" collisions="5" teleports="5" halting="1" stopped="0" meanWaitingTime="32.34" meanTravelTime="254.68" meanSpeed="25.10" meanSpeedRelative="0.78" duration="0"/>
    <step time="12900.00" loaded="6295" inserted="6195" running="115" waiting="100" ended="6080" arrived="6080" collisions="5" teleports="5" halting="2" stopped="0" meanWaitingTime="35.90" meanTravelTime="253.93" meanSpeed="25.04" meanSpeedRelative="0.78" duration="0"/>
    <step time="13200.00" loaded="6437" inserted="6342" running="117" waiting="95" ended="6225" arrived="6225" collisions="5" teleports="5" halting="3" stopped="0" meanWaitingTime="39.23" meanTravelTime="253.39" meanSpeed="23.85" meanSpeedRelative="0.75" duration="1"/>
    <step time="13500.00" loaded="6579" inserted="6487" running="116" waiting="92" ended="6371" arrived="6371" collisions="5" teleports="5" halting="3" stopped="0" meanWaitingTime="42.02" meanTravelTime="253.40" meanSpeed="23.85" meanSpeedRelative="0.75" duration="1"/>
    <step time="13800.00" loaded="6715" inserted="6634" running="111" waiting="81" ended="6523" arrived="6523" collisions="5" teleports="5" halting="0" stopped="0" meanWaitingTime="45.53" meanTravelTime="252.46" meanSpeed="25.35" meanSpeedRelative="0.79" duration="0"/>
    <step time="14100.00" loaded="6844" inserted="6759" running="95" waiting="85" ended="6664" arrived="6664" collisions="5" teleports="5" halting="3" stopped="0" meanWaitingTime="49.03" meanTravelTime="252.50" meanSpeed="25.12" meanSpeedRelative="0.79" duration="1"/>
    <step time="14400.00" loaded="6969" inserted="6885" running="102" waiting="84" ended="6783" arrived="6783" collisions="5" teleports="5" halting="5" stopped="0" meanWaitingTime="52.07" meanTravelTime="251.99" meanSpeed="24.60" meanSpeedRelative="0.77" duration="87"/>
    <step time="14700.00" loaded="7084" inserted="6998" running="87" waiting="86" ended="6911" arrived="6911" collisions="5" teleports="5" halting="0" stopped="0" meanWaitingTime="55.03" meanTravelTime="251.52" meanSpeed="25.02" meanSpeedRelative="0.78" duration="0"/>
    <step time="15000.00" loaded="7183" inserted="7095" running="88" waiting="88" ended="7007" arrived="7007" collisions="6" teleports="6" halting="7" stopped="0" meanWaitingTime="57.68" meanTravelTime="251.92" meanSpeed="23.43" meanSpeedRelative="0.73" duration="0"/>
    <step time="15300.00" loaded="7289" inserted="7198" running="81" waiting="91" ended="7117" arrived="7117" collisions="6" teleports="6" halting="4" stopped="0" meanWaitingTime="60.03" meanTravelTime="251.87" meanSpeed="23.80" meanSpeedRelative="0.74" duration="0"/>
    <step time="15600.00" loaded="7380" inserted="7292" running="72" waiting="88" ended="7220" arrived="7220" collisions="6" teleports="6" halting="1" stopped="0" meanWaitingTime="62.58" meanTravelTime="251.84" meanSpeed="24.26" meanSpeedRelative="0.76" duration="0"/>
    <step time="15900.00" loaded="7475" inserted="7396" running="74" waiting="79" ended="7322" arrived="7322" collisions="6" teleports="6" halting="1" stopped="0" meanWaitingTime="65.46" meanTravelTime="251.46" meanSpeed="23.55" meanSpeedRelative="0.74" duration="0"/>
    <step time="16200.00" loaded="7583" inserted="7509" running="75" waiting="74" ended="7434" arrived="7434" collisions="6" teleports="6" halting="3" stopped="0" meanWaitingTime="68.10" meanTravelTime="250.69" meanSpeed="23.90" meanSpeedRelative="0.75" duration="0"/>
    <step time="16500.00" loaded="7685" inserted="7609" running="75" waiting="76" ended="7534" arrived="7534" collisions="6" teleports="6" halting="5" stopped="0" meanWaitingTime="70.59" meanTravelTime="250.67" meanSpeed="24.16" meanSpeedRelative="0.75" duration="1"/>
    <step time="16800.00" loaded="7763" inserted="7702" running="67" waiting="61" ended="7635" arrived="7635" collisions="6" teleports="6" halting="5" stopped="0" meanWaitingTime="73.32" meanTravelTime="249.88" meanSpeed="23.19" meanSpeedRelative="0.72" duration="1"/>
    <step time="17100.00" loaded="7855" inserted="7798" running="64" waiting="57" ended="7734" arrived="7734" collisions="6" teleports="6" halting="2" stopped="0" meanWaitingTime="75.18" meanTravelTime="249.84" meanSpeed="24.79" meanSpeedRelative="0.77" duration="1"/>
    <step time="17400.00" loaded="7956" inserted="7903" running="66" waiting="53" ended="7837" arrived="7837" collisions="6" teleports="6" halting="1" stopped="0" meanWaitingTime="77.40" meanTravelTime="248.95" meanSpeed="24.96" meanSpeedRelative="0.78" duration="0"/>
    <step time="17700.00" loaded="8059" inserted="8013" running="80" waiting="46" ended="7933" arrived="7933" collisions="6" teleports="6" halting="5" stopped="0" meanWaitingTime="78.63" meanTravelTime="248.60" meanSpeed="23.48" meanSpeedRelative="0.73" duration="0"/>
    <step time="18000.00" loaded="8162" inserted="8113" running="73" waiting="49" ended="8040" arrived="8040" collisions="6" teleports="6" halting="4" stopped="0" meanWaitingTime="79.69" meanTravelTime="248.41" meanSpeed="23.09" meanSpeedRelative="0.72" duration="81"/>
    <step time="18300.00" loaded="8353" inserted="8292" running="115" waiting="61" ended="8177" arrived="8177" collisions="6" teleports="6" halting="1" stopped="0" meanWaitingTime="79.86" meanTravelTime="247.56" meanSpeed="24.80" meanSpeedRelative="0.78" duration="0"/>
    <step time="18600.00" loaded="8572" inserted="8501" running="158" waiting="71" ended="8343" arrived="8343" collisions="6" teleports="6" halting="4" stopped="0" meanWaitingTime="79.69" meanTravelTime="246.05" meanSpeed="24.99" meanSpeedRelative="0.78" duration="1"/>
    <step time="18900.00" loaded="8775" inserted="8692" running="155" waiting="83" ended="8537" arrived="8537" collisions="6" teleports="6" halting="0" stopped="0" meanWaitingTime="79.58" meanTravelTime="246.19" meanSpeed="24.83" meanSpeedRelative="0.78" duration="1"/>
    <step time="19200.00" loaded="8977" inserted="8885" running="141" waiting="92" ended="8744" arrived="8744" collisions="6" teleports="6" halting="2" stopped="0" meanWaitingTime="80.17" meanTravelTime="245.86" meanSpeed="24.45" meanSpeedRelative="0.76" duration="1"/>
    <step time="19500.00" loaded="9204" inserted="9087" running="170" waiting="117" ended="8917" arrived="8917" collisions="6" teleports="6" halting="6" stopped="0" meanWaitingTime="80.85" meanTravelTime="245.29" meanSpeed="24.03" meanSpeedRelative="0.75" duration="1"/>
    <step time="19800.00" loaded="9390" inserted="9258" running="126" waiting="132" ended="9132" arrived="9132" collisions="6" teleports="6" halting="1" stopped="0" meanWaitingTime="81.54" meanTravelTime="245.10" meanSpeed="24.73" meanSpeedRelative="0.77" duration="1"/>
    <step time="20100.00" loaded="9620" inserted="9470" running="155" waiting="150" ended="9315" arrived="9315" collisions="6" teleports="6" halting="2" stopped="0" meanWaitingTime="82.68" meanTravelTime="244.62" meanSpeed="24.84" meanSpeedRelative="0.78" duration="1"/>
    <step time="20400.00" loaded="9834" inserted="9672" running="159" waiting="162" ended="9513" arrived="9513" collisions="6" teleports="6" halting="5" stopped="0" meanWaitingTime="83.91" meanTravelTime="244.12" meanSpeed="23.77" meanSpeedRelative="0.74" duration="1"/>
    <step time="20700.00" loaded="10020" inserted="9843" running="147" waiting="177" ended="9696" arrived="9696" collisions="6" teleports="6" halting="2" stopped="0" meanWaitingTime="85.62" meanTravelTime="244.18" meanSpeed="24.67" meanSpeedRelative="0.77" duration="1"/>
    <step time="21000.00" loaded="10229" inserted="10043" running="163" waiting="186" ended="9880" arrived="9880" collisions="6" teleports="6" halting="2" stopped="0" meanWaitingTime="87.66" meanTravelTime="244.23" meanSpeed="23.20" meanSpeedRelative="0.73" duration="1"/>
    <step time="21300.00" loaded="10413" inserted="10213" running="145" waiting="200" ended="10068" arrived="10068" collisions="6" teleports="6" halting="4" stopped="0" meanWaitingTime="89.98" meanTravelTime="244.20" meanSpeed="24.02" meanSpeedRelative="0.75" duration="1"/>
    <step time="21600.00" loaded="10616" inserted="10410" running="143" waiting="206" ended="10267" arrived="10267" collisions="6" teleports="6" halting="4" stopped="0" meanWaitingTime="92.47" meanTravelTime="244.12" meanSpeed="23.25" meanSpeedRelative="0.73" duration="83"/>
    <step time="21900.00" loaded="11080" inserted="10807" running="314" waiting="273" ended="10493" arrived="10493" collisions="6" teleports="6" halting="4" stopped="0" meanWaitingTime="94.97" meanTravelTime="243.77" meanSpeed="22.49" meanSpeedRelative="0.70" duration="2"/>
    <step time="22200.00" loaded="11554" inserted="11194" running="389" waiting="360" ended="10805" arrived="10805" collisions="7" teleports="7" halting="4" stopped="0" meanWaitingTime="98.42" meanTravelTime="243.77" meanSpeed="21.96" meanSpeedRelative="0.69" duration="3"/>
    <step time="22500.00" loaded="12007" inserted="11570" running="399" waiting="437" ended="11171" arrived="11171" collisions="8" teleports="8" halting="6" stopped="0" meanWaitingTime="101.90" meanTravelTime="245.18" meanSpeed="21.89" meanSpeedRelative="0.68" duration="2"/>
    <step time="22800.00" loaded="12455" inserted="11949" running="397" waiting="506" ended="11552" arrived="11552" collisions="8" teleports="8" halting="2" stopped="0" meanWaitingTime="106.45" meanTravelTime="247.45" meanSpeed="21.45" meanSpeedRelative="0.67" duration="2"/>
    <step time="23100.00" loaded="12890" inserted="12336" running="402" waiting="554" ended="11934" arrived="11934" collisions="8" teleports="8" halting="5" stopped="0" meanWaitingTime="110.99" meanTravelTime="249.48" meanSpeed="20.00" meanSpeedRelative="0.63" duration="3"/>
    <step time="23400.00" loaded="13373" inserted="12741" running="425" waiting="632" ended="12316" arrived="12316" collisions="8" teleports="8" halting="2" stopped="0" meanWaitingTime="115.62" meanTravelTime="251.59" meanSpeed="20.86" meanSpeedRelative="0.65" duration="3"/>
    <step time="23700.00" loaded="13801" inserted="13103" running="402" waiting="698" ended="12701" arrived="12701" collisions="9" teleports="9" halting="6" stopped="0" meanWaitingTime="120.23" meanTravelTime="253.61" meanSpeed="21.02" meanSpeedRelative="0.66" duration="2"/>
    <step time="24000.00" loaded="14239" inserted="13468" running="406" waiting="771" ended="13062" arrived="13062" collisions="10" teleports="10" halting="3" stopped="0" meanWaitingTime="125.94" meanTravelTime="255.98" meanSpeed="21.01" meanSpeedRelative="0.66" duration="2"/>
    <step time="24300.00" loaded="14672" inserted="13812" running="402" waiting="860" ended="13410" arrived="13410" collisions="10" teleports="10" halting="3" stopped="0" meanWaitingTime="132.43" meanTravelTime="257.96" meanSpeed="21.74" meanSpeedRelative="0.68" duration="2"/>
    <step time="24600.00" loaded="15140" inserted="14199" running="434" waiting="941" ended="13765" arrived="13765" collisions="10" teleports="10" halting="4" stopped="0" meanWaitingTime="138.72" meanTravelTime="260.27" meanSpeed="20.79" meanSpeedRelative="0.65" duration="2"/>
    <step time="24900.00" loaded="15608" inserted="14602" running="446" waiting="1006" ended="14156" arrived="14156" collisions="13" teleports="13" halting="5" stopped="0" meanWaitingTime="145.75" meanTravelTime="262.30" meanSpeed="20.68" meanSpeedRelative="0.65" duration="3"/>
    <step time="25200.00" loaded="16054" inserted="14997" running="433" waiting="1057" ended="14564" arrived="14564" collisions="13" teleports="13" halting="4" stopped="0" meanWaitingTime="152.95" meanTravelTime="264.17" meanSpeed="20.25" meanSpeedRelative="0.63" duration="86"/>
    <step time="25500.00" loaded="16635" inserted="15428" running="463" waiting="1207" ended="14965" arrived="14965" collisions="15" teleports="15" halting="5" stopped="0" meanWaitingTime="160.53" meanTravelTime="266.18" meanSpeed="20.61" meanSpeedRelative="0.64" duration="3"/>
    <step time="25800.00" loaded="17158" inserted="15856" running="458" waiting="1302" ended="15398" arrived="15398" collisions="17" teleports="17" halting="2" stopped="0" meanWaitingTime="168.88" meanTravelTime="267.40" meanSpeed="20.20" meanSpeedRelative="0.63" duration="2"/>
    <step time="26100.00" loaded="17744" inserted="16335" running="515" waiting="1409" ended="15820" arrived="15820" collisions="17" teleports="17" halting="4" stopped="0" meanWaitingTime="177.98" meanTravelTime="269.05" meanSpeed="20.12" meanSpeedRelative="0.63" duration="5"/>
    <step time="26400.00" loaded="18290" inserted="16766" running="518" waiting="1524" ended="16248" arrived="16248" collisions="18" teleports="18" halting="3" stopped="0" meanWaitingTime="187.44" meanTravelTime="270.91" meanSpeed="19.20" meanSpeedRelative="0.60" duration="3"/>
    <step time="26700.00" loaded="18830" inserted="17208" running="533" waiting="1622" ended="16675" arrived="16675" collisions="19" teleports="19" halting="4" stopped="0" meanWaitingTime="197.82" meanTravelTime="273.02" meanSpeed="19.18" meanSpeedRelative="0.60" duration="3"/>
    <step time="27000.00" loaded="19383" inserted="17633" running="490" waiting="1750" ended="17143" arrived="17143" collisions="20" teleports="20" halting="1" stopped="0" meanWaitingTime="207.68" meanTravelTime="275.21" meanSpeed="19.37" meanSpeedRelative="0.61" duration="4"/>
    <step time="27300.00" loaded="19945" inserted="18071" running="503" waiting="1874" ended="17568" arrived="17568" collisions="20" teleports="20" halting="2" stopped="0" meanWaitingTime="217.17" meanTravelTime="277.09" meanSpeed="19.62" meanSpeedRelative="0.61" duration="3"/>
    <step time="27600.00" loaded="20503" inserted="18512" running="501" waiting="1991" ended="18011" arrived="18011" collisions="20" teleports="20" halting="3" stopped="0" meanWaitingTime="228.97" meanTravelTime="278.75" meanSpeed="18.35" meanSpeedRelative="0.57" duration="4"/>
    <step time="27900.00" loaded="21063" inserted="18946" running="496" waiting="2117" ended="18450" arrived="18450" collisions="20" teleports="20" halting="3" stopped="0" meanWaitingTime="241.05" meanTravelTime="280.00" meanSpeed="19.38" meanSpeedRelative="0.61" duration="4"/>
    <step time="28200.00" loaded="21643" inserted="19380" running="499" waiting="2263" ended="18881" arrived="18881" collisions="22" teleports="22" halting="4" stopped="0" meanWaitingTime="252.97" meanTravelTime="281.76" meanSpeed="19.12" meanSpeedRelative="0.60" duration="3"/>
    <step time="28500.00" loaded="22236" inserted="19833" running="519" waiting="2403" ended="19314" arrived="19314" collisions="22" teleports="22" halting="2" stopped="0" meanWaitingTime="265.16" meanTravelTime="282.73" meanSpeed="19.15" meanSpeedRelative="0.60" duration="4"/>
    <step time="28800.00" loaded="22798" inserted="20259" running="494" waiting="2539" ended="19765" arrived="19765" collisions="23" teleports="23" halting="4" stopped="0" meanWaitingTime="278.09" meanTravelTime="284.12" meanSpeed="19.32" meanSpeedRelative="0.60" duration="87"/>
    <step time="29100.00" loaded="23157" inserted="20657" running="463" waiting="2500" ended="20194" arrived="20194" collisions="23" teleports="23" halting="4" stopped="0" meanWaitingTime="291.68" meanTravelTime="285.50" meanSpeed="20.23" meanSpeedRelative="0.63" duration="4"/>
    <step time="29400.00" loaded="23526" inserted="21043" running="439" waiting="2483" ended="20604" arrived="20604" collisions="23" teleports="23" halting="9" stopped="0" meanWaitingTime="304.28" meanTravelTime="286.80" meanSpeed="19.95" meanSpeedRelative="0.62" duration="3"/>
    <step time="29700.00" loaded="23898" inserted="21415" running="383" waiting="2483" ended="21032" arrived="21032" collisions="23" teleports="23" halting="3" stopped="0" meanWaitingTime="315.88" meanTravelTime="287.82" meanSpeed="21.75" meanSpeedRelative="0.68" duration="3"/>
    <step time="30000.00" loaded="24259" inserted="21791" running="385" waiting="2468" ended="21406" arrived="21406" collisions="25" teleports="25" halting="7" stopped="0" meanWaitingTime="327.01" meanTravelTime="288.34" meanSpeed="22.43" meanSpeedRelative="0.70" duration="3"/>
    <step time="30300.00" loaded="24592" inserted="22149" running="382" waiting="2443" ended="21767" arrived="21767" collisions="27" teleports="27" halting="2" stopped="0" meanWaitingTime="338.10" meanTravelTime="288.84" meanSpeed="22.31" meanSpeedRelative="0.70" duration="3"/>
    <step time="30600.00" loaded="24944" inserted="22498" running="345" waiting="2446" ended="22153" arrived="22153" collisions="30" teleports="30" halting="2" stopped="0" meanWaitingTime="349.20" meanTravelTime="289.24" meanSpeed="22.77" meanSpeedRelative="0.71" duration="2"/>
    <step time="30900.00" loaded="25313" inserted="22848" running="341" waiting="2465" ended="22507" arrived="22507" collisions="30" teleports="30" halting="3" stopped="0" meanWaitingTime="358.61" meanTravelTime="289.33" meanSpeed="22.32" meanSpeedRelative="0.70" duration="2"/>
    <step time="31200.00" loaded="25665" inserted="23207" running="340" waiting="2458" ended="22867" arrived="22867" collisions="31" teleports="31" halting="2" stopped="0" meanWaitingTime="369.61" meanTravelTime="289.34" meanSpeed="22.72" meanSpeedRelative="0.71" duration="3"/>
    <step time="31500.00" loaded="25985" inserted="23528" running="319" waiting="2457" ended="23209" arrived="23209" collisions="31" teleports="31" halting="5" stopped="0" meanWaitingTime="379.02" meanTravelTime="289.39" meanSpeed="22.82" meanSpeedRelative="0.71" duration="3"/>
    <step time="31800.00" loaded="26355" inserted="23861" running="310" waiting="2494" ended="23551" arrived="23551" collisions="32" teleports="32" halting="2" stopped="0" meanWaitingTime="389.22" meanTravelTime="289.31" meanSpeed="23.13" meanSpeedRelative="0.72" duration="2"/>
    <step time="32100.00" loaded="26726" inserted="24178" running="295" waiting="2548" ended="23883" arrived="23883" collisions="32" teleports="32" halting="3" stopped="0" meanWaitingTime="398.61" meanTravelTime="289.27" meanSpeed="22.94" meanSpeedRelative="0.72" duration="2"/>
    <step time="32400.00" loaded="27070" inserted="24499" running="288" waiting="2571" ended="24211" arrived="24211" collisions="32" teleports="32" halting="3" stopped="0" meanWaitingTime="411.19" meanTravelTime="288.90" meanSpeed="22.76" meanSpeedRelative="0.71" duration="89"/>
    <step time="32700.00" loaded="27346" inserted="24776" running="257" waiting="2570" ended="24519" arrived="24519" collisions="32" teleports="32" halting="5" stopped="0" meanWaitingTime="422.42" meanTravelTime="289.03" meanSpeed="22.73" meanSpeedRelative="0.71" duration="1"/>
    <step time="33000.00" loaded="27627" inserted="25039" running="252" waiting="2588" ended="24787" arrived="24787" collisions="32" teleports="32" halting="3" stopped="0" meanWaitingTime="433.09" meanTravelTime="288.95" meanSpeed="23.52" meanSpeedRelative="0.73" duration="2"/>
    <step time="33300.00" loaded="27885" inserted="25301" running="235" waiting="2584" ended="25066" arrived="25066" collisions="32" teleports="32" halting="4" stopped="0" meanWaitingTime="445.58" meanTravelTime="288.58" meanSpeed="23.41" meanSpeedRelative="0.73" duration="1"/>
    <step time="33600.00" loaded="28154" inserted="25563" running="221" waiting="2591" ended="25342" arrived="25342" collisions="32" teleports="32" halting="2" stopped="0" meanWaitingTime="458.26" meanTravelTime="288.45" meanSpeed="24.14" meanSpeedRelative="0.75" duration="2"/>
    <step time="33900.00" loaded="28382" inserted="25796" running="223" waiting="2586" ended="25573" arrived="25573" collisions="33" teleports="33" halting="3" stopped="0" meanWaitingTime="471.45" meanTravelTime="288.17" meanSpeed="23.06" meanSpeedRelative="0.72" duration="2"/>
    <step time="34200.00" loaded="28643" inserted="26060" running="232" waiting="2583" ended="25828" arrived="25828" collisions="35" teleports="35" halting="0" stopped="0" meanWaitingTime="482.66" meanTravelTime="288.27" meanSpeed="23.27" meanSpeedRelative="0.73" duration="2"/>
    <step time="34500.00" loaded="28891" inserted="26315" running="246" waiting="2576" ended="26069" arrived="26069" collisions="35" teleports="35" halting="4" stopped="0" meanWaitingTime="495.10" meanTravelTime="288.06" meanSpeed="22.79" meanSpeedRelative="0.71" duration="2"/>
    <step time="34800.00" loaded="29182" inserted="26583" running="240" waiting="2599" ended="26343" arrived="26343" collisions="36" teleports="36" halting="2" stopped="0" meanWaitingTime="508.03" meanTravelTime="287.84" meanSpeed="23.54" meanSpeedRelative="0.74" duration="2"/>
    <step time="35100.00" loaded="29439" inserted="26843" running="233" waiting="2596" ended="26610" arrived="26610" collisions="37" teleports="37" halting="5" stopped="0" meanWaitingTime="524.02" meanTravelTime="287.59" meanSpeed="22.92" meanSpeedRelative="0.72" duration="2"/>
    <step time="35400.00" loaded="29686" inserted="27088" running="220" waiting="2598" ended="26868" arrived="26868" collisions="38" teleports="38" halting="2" stopped="0" meanWaitingTime="537.02" meanTravelTime="287.61" meanSpeed="22.30" meanSpeedRelative="0.70" duration="2"/>
    <step time="35700.00" loaded="29928" inserted="27325" running="213" waiting="2603" ended="27112" arrived="27112" collisions="38" teleports="38" halting="1" stopped="0" meanWaitingTime="549.51" meanTravelTime="287.39" meanSpeed="23.68" meanSpeedRelative="0.74" duration="2"/>
    <step time="36000.00" loaded="30195" inserted="27584" running="220" waiting="2611" ended="27364" arrived="27364" collisions="39" teleports="39" halting="3" stopped="0" meanWaitingTime="564.85" meanTravelTime="287.20" meanSpeed="22.93" meanSpeedRelative="0.72" duration="85"/>
    <step time="36300.00" loaded="30650" inserted="27982" running="330" waiting="2668" ended="27652" arrived="27652" collisions="39" teleports="39" halting="4" stopped="0" meanWaitingTime="576.67" meanTravelTime="286.76" meanSpeed="23.08" meanSpeedRelative="0.72" duration="3"/>
    <step time="36600.00" loaded="31126" inserted="28396" running="367" waiting="2730" ended="28029" arrived="28029" collisions="39" teleports="39" halting="5" stopped="0" meanWaitingTime="589.77" meanTravelTime="286.22" meanSpeed="22.65" meanSpeedRelative="0.71" duration="2"/>
    <step time="36900.00" loaded="31631" inserted="28810" running="408" waiting="2821" ended="28402" arrived="28402" collisions="40" teleports="40" halting="4" stopped="0" meanWaitingTime="602.00" meanTravelTime="285.97" meanSpeed="21.01" meanSpeedRelative="0.66" duration="3"/>
    <step time="37200.00" loaded="32110" inserted="29203" running="435" waiting="2907" ended="28768" arrived="28768" collisions="40" teleports="40" halting="7" stopped="0" meanWaitingTime="614.57" meanTravelTime="286.24" meanSpeed="21.68" meanSpeedRelative="0.68" duration="2"/>
    <step time="37500.00" loaded="32581" inserted="29590" running="406" waiting="2991" ended="29184" arrived="29184" collisions="42" teleports="42" halting="7" stopped="0" meanWaitingTime="627.84" meanTravelTime="286.74" meanSpeed="21.24" meanSpeedRelative="0.66" duration="4"/>
    <step time="37800.00" loaded="33041" inserted="29986" running="425" waiting="3055" ended="29561" arrived="29561" collisions="43" teleports="43" halting="7" stopped="0" meanWaitingTime="639.61" meanTravelTime="287.11" meanSpeed="20.47" meanSpeedRelative="0.64" duration="3"/>
    <step time="38100.00" loaded="33500" inserted="30395" running="423" waiting="3105" ended="29972" arrived="29972" collisions="44" teleports="44" halting="4" stopped="0" meanWaitingTime="654.35" meanTravelTime="287.69" meanSpeed="20.28" meanSpeedRelative="0.63" duration="4"/>
    <step time="38400.00" loaded="33994" inserted="30824" running="435" waiting="3170" ended="30389" arrived="30389" collisions="44" teleports="44" halting="5" stopped="0" meanWaitingTime="667.30" meanTravelTime="287.89" meanSpeed="21.72" meanSpeedRelative="0.68" duration="3"/>
    <step time="38700.00" loaded="34451" inserted="31206" running="431" waiting="3245" ended="30775" arrived="30775" collisions="45" teleports="45" halting="8" stopped="0" meanWaitingTime="679.87" meanTravelTime="288.21" meanSpeed="21.24" meanSpeedRelative="0.66" duration="4"/>
    <step time="39000.00" loaded="34898" inserted="31602" running="429" waiting="3296" ended="31173" arrived="31173" collisions="45" teleports="45" halting="5" stopped="0" meanWaitingTime="694.24" meanTravelTime="288.76" meanSpeed="21.12" meanSpeedRelative="0.66" duration="3"/>
    <step time="39300.00" loaded="35390" inserted="32014" running="453" waiting="3376" ended="31561" arrived="31561" collisions="46" teleports="46" halting="4" stopped="0" meanWaitingTime="707.14" meanTravelTime="289.07" meanSpeed="21.35" meanSpeedRelative="0.67" duration="3"/>
    <step time="39600.00" loaded="35888" inserted="32399" running="444" waiting="3489" ended="31955" arrived="31955" collisions="47" teleports="47" halting="5" stopped="0" meanWaitingTime="720.09" meanTravelTime="289.43" meanSpeed="20.47" meanSpeedRelative="0.64" duration="94"/>
    <step time="39900.00" loaded="36454" inserted="32845" running="465" waiting="3609" ended="32380" arrived="32380" collisions="51" teleports="51" halting="8" stopped="0" meanWaitingTime="731.42" meanTravelTime="289.97" meanSpeed="20.60" meanSpeedRelative="0.64" duration="3"/>
    <step time="40200.00" loaded="36954" inserted="33245" running="441" waiting="3709" ended="32804" arrived="32804" collisions="54" teleports="54" halting="4" stopped="0" meanWaitingTime="746.39" meanTravelTime="290.57" meanSpeed="20.34" meanSpeedRelative="0.64" duration="3"/>
    <step time="40500.00" loaded="37510" inserted="33697" running="474" waiting="3813" ended="33223" arrived="33223" collisions="55" teleports="55" halting="5" stopped="0" meanWaitingTime="761.99" meanTravelTime="290.66" meanSpeed="20.61" meanSpeedRelative="0.64" duration="5"/>
    <step time="40800.00" loaded="38057" inserted="34145" running="467" waiting="3912" ended="33678" arrived="33678" collisions="55" teleports="55" halting="7" stopped="0" meanWaitingTime="778.18" meanTravelTime="291.11" meanSpeed="19.86" meanSpeedRelative="0.62" duration="5"/>
    <step time="41100.00" loaded="38608" inserted="34578" running="511" waiting="4030" ended="34067" arrived="34067" collisions="55" teleports="55" halting="7" stopped="0" meanWaitingTime="791.58" meanTravelTime="291.35" meanSpeed="19.22" meanSpeedRelative="0.60" duration="3"/>
    <step time="41400.00" loaded="39167" inserted="35017" running="540" waiting="4150" ended="34477" arrived="34477" collisions="55" teleports="55" halting="5" stopped="0" meanWaitingTime="805.66" meanTravelTime="291.94" meanSpeed="18.97" meanSpeedRelative="0.59" duration="3"/>
    <step time="41700.00" loaded="39729" inserted="35475" running="542" waiting="4254" ended="34933" arrived="34933" collisions="56" teleports="56" halting="8" stopped="0" meanWaitingTime="820.15" meanTravelTime="292.78" meanSpeed="19.19" meanSpeedRelative="0.60" duration="4"/>
    <step time="42000.00" loaded="40228" inserted="35879" running="471" waiting="4349" ended="35408" arrived="35408" collisions="57" teleports="57" halting="7" stopped="0" meanWaitingTime="833.87" meanTravelTime="293.73" meanSpeed="20.01" meanSpeedRelative="0.63" duration="4"/>
    <step time="42300.00" loaded="40773" inserted="36309" running="479" waiting="4464" ended="35830" arrived="35830" collisions="57" teleports="57" halting="5" stopped="0" meanWaitingTime="850.23" meanTravelTime="294.49" meanSpeed="20.77" meanSpeedRelative="0.65" duration="5"/>
    <step time="42600.00" loaded="41317" inserted="36745" running="490" waiting="4572" ended="36255" arrived="36255" collisions="58" teleports="58" halting="3" stopped="0" meanWaitingTime="864.09" meanTravelTime="295.08" meanSpeed="20.33" meanSpeedRelative="0.64" duration="5"/>
    <step time="42900.00" loaded="41808" inserted="37177" running="494" waiting="4631" ended="36683" arrived="36683" collisions="59" teleports="59" halting="1" stopped="0" meanWaitingTime="879.01" meanTravelTime="295.51" meanSpeed="20.24" meanSpeedRelative="0.63" duration="4"/>
    <step time="43200.00" loaded="42315" inserted="37603" running="494" waiting="4712" ended="37109" arrived="37109" collisions="61" teleports="61" halting="8" stopped="0" meanWaitingTime="889.69" meanTravelTime="295.88" meanSpeed="19.93" meanSpeedRelative="0.62" duration="91"/>
    <step time="43500.00" loaded="42875" inserted="38059" running="531" waiting="4816" ended="37528" arrived="37528" collisions="61" teleports="61" halting="5" stopped="0" meanWaitingTime="904.02" meanTravelTime="296.49" meanSpeed="19.86" meanSpeedRelative="0.62" duration="4"/>
    <step time="43800.00" loaded="43387" inserted="38498" running="525" waiting="4889" ended="37973" arrived="37973" collisions="62" teleports="62" halting="3" stopped="0" meanWaitingTime="919.06" meanTravelTime="296.98" meanSpeed="19.50" meanSpeedRelative="0.61" duration="4"/>
    <step time="44100.00" loaded="43915" inserted="38938" running="539" waiting="4977" ended="38399" arrived="38399" collisions="63" teleports="63" halting="4" stopped="0" meanWaitingTime="935.58" meanTravelTime="297.68" meanSpeed="19.52" meanSpeedRelative="0.61" duration="4"/>
    <step time="44400.00" loaded="44424" inserted="39371" running="530" waiting="5053" ended="38841" arrived="38841" collisions="63" teleports="63" halting="7" stopped="0" meanWaitingTime="949.57" meanTravelTime="298.45" meanSpeed="20.09" meanSpeedRelative="0.63" duration="6"/>
    <step time="44700.00" loaded="44955" inserted="39835" running="547" waiting="5120" ended="39288" arrived="39288" collisions="63" teleports="63" halting="6" stopped="0" meanWaitingTime="963.28" meanTravelTime="299.14" meanSpeed="19.05" meanSpeedRelative="0.60" duration="5"/>
    <step time="45000.00" loaded="45457" inserted="40255" running="498" waiting="5202" ended="39757" arrived="39757" collisions="63" teleports="63" halting="3" stopped="0" meanWaitingTime="977.85" meanTravelTime="299.66" meanSpeed="19.23" meanSpeedRelative="0.60" duration="6"/>
    <step time="45300.00" loaded="45964" inserted="40697" running="514" waiting="5267" ended="40183" arrived="40183" collisions="66" teleports="66" halting="4" stopped="0" meanWaitingTime="993.12" meanTravelTime="300.42" meanSpeed="19.62" meanSpeedRelative="0.61" duration="4"/>
    <step time="45600.00" loaded="46487" inserted="41146" running="512" waiting="5341" ended="40634" arrived="40634" collisions="66" teleports="66" halting="5" stopped="0" meanWaitingTime="1008.32" meanTravelTime="300.86" meanSpeed="20.54" meanSpeedRelative="0.64" duration="3"/>
    <step time="45900.00" loaded="47022" inserted="41598" running="525" waiting="5424" ended="41073" arrived="41073" collisions="66" teleports="66" halting="8" stopped="0" meanWaitingTime="1022.51" meanTravelTime="301.39" meanSpeed="19.41" meanSpeedRelative="0.61" duration="4"/>
    <step time="46200.00" loaded="47553" inserted="42027" running="505" waiting="5526" ended="41522" arrived="41522" collisions="66" teleports="66" halting="9" stopped="0" meanWaitingTime="1034.60" meanTravelTime="302.04" meanSpeed="19.34" meanSpeedRelative="0.60" duration="5"/>
    <step time="46500.00" loaded="48103" inserted="42479" running="515" waiting="5624" ended="41964" arrived="41964" collisions="66" teleports="66" halting="8" stopped="0" meanWaitingTime="1046.94" meanTravelTime="302.47" meanSpeed="19.78" meanSpeedRelative="0.62" duration="6"/>
    <step time="46800.00" loaded="48625" inserted="42910" running="500" waiting="5715" ended="42410" arrived="42410" collisions="67" teleports="67" halting="10" stopped="0" meanWaitingTime="1059.15" meanTravelTime="302.88" meanSpeed="20.15" meanSpeedRelative="0.63" duration="96"/>
    <step time="47100.00" loaded="49173" inserted="43377" running="522" waiting="5796" ended="42855" arrived="42855" collisions="69" teleports="69" halting="3" stopped="0" meanWaitingTime="1073.80" meanTravelTime="303.21" meanSpeed="19.61" meanSpeedRelative="0.61" duration="6"/>
    <step time="47400.00" loaded="49681" inserted="43818" running="550" waiting="5863" ended="43268" arrived="43268" collisions="69" teleports="69" halting="3" stopped="0" meanWaitingTime="1088.76" meanTravelTime="303.79" meanSpeed="19.32" meanSpeedRelative="0.60" duration="5"/>
    <step time="47700.00" loaded="50194" inserted="44274" running="547" waiting="5920" ended="43727" arrived="43727" collisions="70" teleports="70" halting="5" stopped="0" meanWaitingTime="1102.59" meanTravelTime="304.36" meanSpeed="19.53" meanSpeedRelative="0.61" duration="7"/>
    <step time="48000.00" loaded="50714" inserted="44710" running="551" waiting="6004" ended="44159" arrived="44159" collisions="71" teleports="71" halting="5" stopped="0" meanWaitingTime="1114.91" meanTravelTime="304.83" meanSpeed="19.45" meanSpeedRelative="0.61" duration="6"/>
    <step time="48300.00" loaded="51201" inserted="45129" running="522" waiting="6072" ended="44607" arrived="44607" collisions="73" teleports="73" halting="6" stopped="0" meanWaitingTime="1127.38" meanTravelTime="305.44" meanSpeed="19.36" meanSpeedRelative="0.61" duration="6"/>
    <step time="48600.00" loaded="51752" inserted="45614" running="581" waiting="6138" ended="45033" arrived="45033" collisions="76" teleports="76" halting="7" stopped="0" meanWaitingTime="1140.65" meanTravelTime="305.95" meanSpeed="19.08" meanSpeedRelative="0.60" duration="6"/>
    <step time="48900.00" loaded="52267" inserted="46064" running="567" waiting="6203" ended="45497" arrived="45497" collisions="77" teleports="77" halting="4" stopped="0" meanWaitingTime="1153.56" meanTravelTime="306.71" meanSpeed="19.59" meanSpeedRelative="0.61" duration="5"/>
    <step time="49200.00" loaded="52801" inserted="46516" running="556" waiting="6285" ended="45960" arrived="45960" collisions="77" teleports="77" halting="2" stopped="0" meanWaitingTime="1166.61" meanTravelTime="307.35" meanSpeed="19.25" meanSpeedRelative="0.60" duration="4"/>
    <step time="49500.00" loaded="53302" inserted="46954" running="578" waiting="6348" ended="46376" arrived="46376" collisions="80" teleports="80" halting="5" stopped="0" meanWaitingTime="1177.44" meanTravelTime="308.05" meanSpeed="18.49" meanSpeedRelative="0.58" duration="6"/>
    <step time="49800.00" loaded="53816" inserted="47366" running="548" waiting="6450" ended="46818" arrived="46818" collisions="81" teleports="81" halting="2" stopped="0" meanWaitingTime="1188.48" meanTravelTime="308.96" meanSpeed="19.26" meanSpeedRelative="0.60" duration="4"/>
    <step time="50100.00" loaded="54388" inserted="47800" running="529" waiting="6588" ended="47271" arrived="47271" collisions="83" teleports="83" halting="8" stopped="0" meanWaitingTime="1199.47" meanTravelTime="309.59" meanSpeed="19.40" meanSpeedRelative="0.61" duration="5"/>
    <step time="50400.00" loaded="54947" inserted="48242" running="547" waiting="6705" ended="47695" arrived="47695" collisions="88" teleports="88" halting="8" stopped="0" meanWaitingTime="1210.64" meanTravelTime="310.04" meanSpeed="18.46" meanSpeedRelative="0.58" duration="97"/>
    <step time="50700.00" loaded="55610" inserted="48726" running="588" waiting="6884" ended="48138" arrived="48138" collisions="90" teleports="90" halting="6" stopped="0" meanWaitingTime="1223.12" meanTravelTime="310.60" meanSpeed="18.53" meanSpeedRelative="0.58" duration="9"/>
    <step time="51000.00" loaded="56365" inserted="49270" running="662" waiting="7095" ended="48608" arrived="48608" collisions="91" teleports="91" halting="2" stopped="0" meanWaitingTime="1236.60" meanTravelTime="311.18" meanSpeed="17.83" meanSpeedRelative="0.56" duration="7"/>
    <step time="51300.00" loaded="57110" inserted="49787" running="682" waiting="7323" ended="49105" arrived="49105" collisions="94" teleports="94" halting="8" stopped="0" meanWaitingTime="1251.98" meanTravelTime="311.91" meanSpeed="17.23" meanSpeedRelative="0.54" duration="8"/>
    <step time="51600.00" loaded="57861" inserted="50304" running="710" waiting="7557" ended="49594" arrived="49594" collisions="99" teleports="99" halting="5" stopped="0" meanWaitingTime="1265.54" meanTravelTime="312.68" meanSpeed="16.52" meanSpeedRelative="0.52" duration="9"/>
    <step time="51900.00" loaded="58575" inserted="50803" running="709" waiting="7772" ended="50094" arrived="50094" collisions="99" teleports="99" halting="7" stopped="0" meanWaitingTime="1276.48" meanTravelTime="313.75" meanSpeed="16.59" meanSpeedRelative="0.52" duration="7"/>
    <step time="52200.00" loaded="59317" inserted="51359" running="796" waiting="7958" ended="50563" arrived="50563" collisions="101" teleports="101" halting="2" stopped="0" meanWaitingTime="1292.53" meanTravelTime="314.76" meanSpeed="15.45" meanSpeedRelative="0.48" duration="7"/>
    <step time="52500.00" loaded="60055" inserted="51898" running="812" waiting="8157" ended="51086" arrived="51086" collisions="106" teleports="106" halting="10" stopped="0" meanWaitingTime="1305.25" meanTravelTime="316.02" meanSpeed="14.38" meanSpeedRelative="0.45" duration="6"/>
    <step time="52800.00" loaded="60784" inserted="52421" running="846" waiting="8363" ended="51575" arrived="51575" collisions="109" teleports="109" halting="10" stopped="0" meanWaitingTime="1318.30" meanTravelTime="317.47" meanSpeed="13.72" meanSpeedRelative="0.43" duration="9"/>
    <step time="53100.00" loaded="61528" inserted="52940" running="852" waiting="8588" ended="52088" arrived="52088" collisions="110" teleports="110" halting="7" stopped="0" meanWaitingTime="1332.43" meanTravelTime="318.92" meanSpeed="13.88" meanSpeedRelative="0.43" duration="8"/>
    <step time="53400.00" loaded="62294" inserted="53447" running="863" waiting="8847" ended="52584" arrived="52584" collisions="111" teleports="111" halting="7" stopped="0" meanWaitingTime="1347.33" meanTravelTime="320.40" meanSpeed="14.45" meanSpeedRelative="0.45" duration="10"/>
    <step time="53700.00" loaded="62993" inserted="53985" running="899" waiting="9008" ended="53086" arrived="53086" collisions="111" teleports="111" halting="4" stopped="0" meanWaitingTime="1365.73" meanTravelTime="322.23" meanSpeed="13.04" meanSpeedRelative="0.41" duration="10"/>
    <step time="54000.00" loaded="63683" inserted="54481" running="870" waiting="9202" ended="53611" arrived="53611" collisions="113" teleports="113" halting="8" stopped="0" meanWaitingTime="1380.42" meanTravelTime="324.38" meanSpeed="13.55" meanSpeedRelative="0.42" duration="95"/>
    <step time="54300.00" loaded="64160" inserted="54942" running="844" waiting="9218" ended="54098" arrived="54098" collisions="113" teleports="113" halting="11" stopped="0" meanWaitingTime="1396.06" meanTravelTime="326.02" meanSpeed="13.70" meanSpeedRelative="0.43" duration="10"/>
    <step time="54600.00" loaded="64603" inserted="55379" running="782" waiting="9224" ended="54597" arrived="54597" collisions="116" teleports="116" halting="9" stopped="0" meanWaitingTime="1411.38" meanTravelTime="327.73" meanSpeed="13.56" meanSpeedRelative="0.42" duration="6"/>
    <step time="54900.00" loaded="65081" inserted="55821" running="741" waiting="9260" ended="55080" arrived="55080" collisions="118" teleports="118" halting="7" stopped="0" meanWaitingTime="1429.62" meanTravelTime="329.42" meanSpeed="15.01" meanSpeedRelative="0.47" duration="8"/>
    <step time="55200.00" loaded="65550" inserted="56288" running="719" waiting="9262" ended="55569" arrived="55569" collisions="119" teleports="119" halting="7" stopped="0" meanWaitingTime="1449.39" meanTravelTime="330.97" meanSpeed="15.38" meanSpeedRelative="0.48" duration="9"/>
    <step time="55500.00" loaded="66006" inserted="56739" running="697" waiting="9267" ended="56042" arrived="56042" collisions="121" teleports="121" halting="11" stopped="0" meanWaitingTime="1466.93" meanTravelTime="332.24" meanSpeed="16.25" meanSpeedRelative="0.51" duration="8"/>
    <step time="55800.00" loaded="66467" inserted="57201" running="680" waiting="9266" ended="56521" arrived="56521" collisions="122" teleports="122" halting="5" stopped="0" meanWaitingTime="1485.71" meanTravelTime="333.30" meanSpeed="16.19" meanSpeedRelative="0.51" duration="8"/>
    <step time="56100.00" loaded="66922" inserted="57621" running="637" waiting="9301" ended="56984" arrived="56984" collisions="122" teleports="122" halting="7" stopped="0" meanWaitingTime="1503.12" meanTravelTime="334.23" meanSpeed="17.03" meanSpeedRelative="0.53" duration="6"/>
    <step time="56400.00" loaded="67401" inserted="58061" running="599" waiting="9340" ended="57462" arrived="57462" collisions="124" teleports="124" halting="7" stopped="0" meanWaitingTime="1520.91" meanTravelTime="334.95" meanSpeed="17.63" meanSpeedRelative="0.55" duration="6"/>
    <step time="56700.00" loaded="67821" inserted="58473" running="560" waiting="9348" ended="57913" arrived="57913" collisions="126" teleports="126" halting="9" stopped="0" meanWaitingTime="1540.30" meanTravelTime="335.76" meanSpeed="18.45" meanSpeedRelative="0.58" duration="5"/>
    <step time="57000.00" loaded="68253" inserted="58908" running="532" waiting="9345" ended="58376" arrived="58376" collisions="126" teleports="126" halting="3" stopped="0" meanWaitingTime="1559.42" meanTravelTime="336.33" meanSpeed="18.57" meanSpeedRelative="0.58" duration="8"/>
    <step time="57300.00" loaded="68718" inserted="59343" running="523" waiting="9375" ended="58820" arrived="58820" collisions="128" teleports="128" halting="8" stopped="0" meanWaitingTime="1577.44" meanTravelTime="336.59" meanSpeed="19.01" meanSpeedRelative="0.59" duration="6"/>
    <step time="57600.00" loaded="69172" inserted="59783" running="534" waiting="9389" ended="59249" arrived="59249" collisions="131" teleports="131" halting="5" stopped="0" meanWaitingTime="1595.24" meanTravelTime="336.70" meanSpeed="19.54" meanSpeedRelative="0.61" duration="85"/>
    <step time="57900.00" loaded="69727" inserted="60242" running="587" waiting="9485" ended="59655" arrived="59655" collisions="134" teleports="134" halting="7" stopped="0" meanWaitingTime="1613.61" meanTravelTime="336.93" meanSpeed="18.80" meanSpeedRelative="0.59" duration="7"/>
    <step time="58200.00" loaded="70251" inserted="60690" running="556" waiting="9561" ended="60134" arrived="60134" collisions="135" teleports="135" halting="13" stopped="0" meanWaitingTime="1630.99" meanTravelTime="337.26" meanSpeed="18.73" meanSpeedRelative="0.59" duration="8"/>
    <step time="58500.00" loaded="70815" inserted="61161" running="604" waiting="9654" ended="60557" arrived="60557" collisions="136" teleports="136" halting="6" stopped="0" meanWaitingTime="1648.01" meanTravelTime="337.48" meanSpeed="18.35" meanSpeedRelative="0.57" duration="10"/>
    <step time="58800.00" loaded="71391" inserted="61658" running="649" waiting="9733" ended="61009" arrived="61009" collisions="139" teleports="139" halting="3" stopped="0" meanWaitingTime="1667.22" meanTravelTime="337.79" meanSpeed="18.26" meanSpeedRelative="0.57" duration="9"/>
    <step time="59100.00" loaded="71949" inserted="62133" running="663" waiting="9816" ended="61470" arrived="61470" collisions="141" teleports="141" halting="5" stopped="0" meanWaitingTime="1685.19" meanTravelTime="338.23" meanSpeed="17.71" meanSpeedRelative="0.55" duration="9"/>
    <step time="59400.00" loaded="72508" inserted="62610" running="676" waiting="9898" ended="61934" arrived="61934" collisions="142" teleports="142" halting="8" stopped="0" meanWaitingTime="1703.56" meanTravelTime="338.71" meanSpeed="17.23" meanSpeedRelative="0.54" duration="9"/>
    <step time="59700.00" loaded="73089" inserted="63095" running="660" waiting="9994" ended="62435" arrived="62435" collisions="143" teleports="143" halting="6" stopped="0" meanWaitingTime="1720.29" meanTravelTime="339.38" meanSpeed="17.42" meanSpeedRelative="0.54" duration="8"/>
    <step time="60000.00" loaded="73652" inserted="63562" running="622" waiting="10090" ended="62940" arrived="62940" collisions="145" teleports="145" halting="5" stopped="0" meanWaitingTime="1735.83" meanTravelTime="340.00" meanSpeed="18.10" meanSpeedRelative="0.57" duration="13"/>
    <step time="60300.00" loaded="74200" inserted="64052" running="652" waiting="10148" ended="63400" arrived="63400" collisions="147" teleports="147" halting="7" stopped="0" meanWaitingTime="1753.14" meanTravelTime="340.41" meanSpeed="18.16" meanSpeedRelative="0.57" duration="9"/>
    <step time="60600.00" loaded="74762" inserted="64536" running="681" waiting="10226" ended="63855" arrived="63855" collisions="153" teleports="153" halting="4" stopped="0" meanWaitingTime="1771.39" meanTravelTime="340.73" meanSpeed="17.41" meanSpeedRelative="0.54" duration="7"/>
    <step time="60900.00" loaded="75286" inserted="65021" running="689" waiting="10265" ended="64332" arrived="64332" collisions="156" teleports="156" halting="5" stopped="0" meanWaitingTime="1789.28" meanTravelTime="341.19" meanSpeed="16.92" meanSpeedRelative="0.53" duration="6"/>
    <step time="61200.00" loaded="75875" inserted="65501" running="702" waiting="10374" ended="64799" arrived="64799" collisions="157" teleports="157" halting="6" stopped="0" meanWaitingTime="1805.90" meanTravelTime="341.79" meanSpeed="16.56" meanSpeedRelative="0.52" duration="89"/>
    <step time="61500.00" loaded="75941" inserted="65815" running="573" waiting="10126" ended="65242" arrived="65242" collisions="157" teleports="157" halting="9" stopped="0" meanWaitingTime="1827.15" meanTravelTime="342.67" meanSpeed="16.67" meanSpeedRelative="0.52" duration="7"/>
    <step time="61800.00" loaded="76014" inserted="66132" running="490" waiting="9882" ended="65642" arrived="65642" collisions="158" teleports="158" halting="2" stopped="0" meanWaitingTime="1852.03" meanTravelTime="343.52" meanSpeed="17.94" meanSpeedRelative="0.56" duration="7"/>
    <step time="62100.00" loaded="76087" inserted="66384" running="393" waiting="9703" ended="65991" arrived="65991" collisions="160" teleports="160" halting="9" stopped="0" meanWaitingTime="1869.52" meanTravelTime="344.59" meanSpeed="20.61" meanSpeedRelative="0.64" duration="5"/>
    <step time="62400.00" loaded="76171" inserted="66647" running="362" waiting="9524" ended="66285" arrived="66285" collisions="161" teleports="161" halting="4" stopped="0" meanWaitingTime="1886.52" meanTravelTime="345.07" meanSpeed="20.96" meanSpeedRelative="0.65" duration="5"/>
    <step time="62700.00" loaded="76244" inserted="66896" running="320" waiting="9348" ended="66576" arrived="66576" collisions="161" teleports="161" halting="1" stopped="0" meanWaitingTime="1904.82" meanTravelTime="345.45" meanSpeed="22.00" meanSpeedRelative="0.69" duration="5"/>
    <step time="63000.00" loaded="76311" inserted="67090" running="230" waiting="9221" ended="66860" arrived="66860" collisions="161" teleports="161" halting="4" stopped="0" meanWaitingTime="1924.89" meanTravelTime="345.56" meanSpeed="22.40" meanSpeedRelative="0.70" duration="3"/>
    <step time="63300.00" loaded="76381" inserted="67299" running="209" waiting="9082" ended="67090" arrived="67090" collisions="161" teleports="161" halting="10" stopped="0" meanWaitingTime="1945.49" meanTravelTime="345.63" meanSpeed="21.01" meanSpeedRelative="0.66" duration="3"/>
    <step time="63600.00" loaded="76455" inserted="67496" running="212" waiting="8959" ended="67284" arrived="67284" collisions="161" teleports="161" halting="3" stopped="0" meanWaitingTime="1964.90" meanTravelTime="345.55" meanSpeed="22.11" meanSpeedRelative="0.69" duration="3"/>
    <step time="63900.00" loaded="76515" inserted="67699" running="205" waiting="8816" ended="67494" arrived="67494" collisions="161" teleports="161" halting="6" stopped="0" meanWaitingTime="1987.17" meanTravelTime="345.42" meanSpeed="21.58" meanSpeedRelative="0.67" duration="3"/>
    <step time="64200.00" loaded="76592" inserted="67892" running="215" waiting="8700" ended="67677" arrived="67677" collisions="161" teleports="161" halting="7" stopped="0" meanWaitingTime="2004.60" meanTravelTime="345.35" meanSpeed="20.60" meanSpeedRelative="0.64" duration="3"/>
    <step time="64500.00" loaded="76653" inserted="68097" running="218" waiting="8556" ended="67879" arrived="67879" collisions="162" teleports="162" halting="1" stopped="0" meanWaitingTime="2026.05" meanTravelTime="345.24" meanSpeed="21.76" meanSpeedRelative="0.68" duration="5"/>
    <step time="64800.00" loaded="76747" inserted="68319" running="210" waiting="8428" ended="68109" arrived="68109" collisions="162" teleports="162" halting="2" stopped="0" meanWaitingTime="2047.76" meanTravelTime="345.07" meanSpeed="22.10" meanSpeedRelative="0.69" duration="98"/>
    <step time="65100.00" loaded="76788" inserted="68507" running="206" waiting="8281" ended="68301" arrived="68301" collisions="162" teleports="162" halting="5" stopped="0" meanWaitingTime="2069.82" meanTravelTime="345.03" meanSpeed="20.91" meanSpeedRelative="0.65" duration="3"/>
    <step time="65400.00" loaded="76863" inserted="68701" running="207" waiting="8162" ended="68494" arrived="68494" collisions="162" teleports="162" halting="6" stopped="0" meanWaitingTime="2089.87" meanTravelTime="344.95" meanSpeed="21.04" meanSpeedRelative="0.66" duration="3"/>
    <step time="65700.00" loaded="76923" inserted="68902" running="205" waiting="8021" ended="68697" arrived="68697" collisions="163" teleports="163" halting="1" stopped="0" meanWaitingTime="2111.55" meanTravelTime="344.84" meanSpeed="21.69" meanSpeedRelative="0.68" duration="3"/>
    <step time="66000.00" loaded="76968" inserted="69105" running="217" waiting="7863" ended="68888" arrived="68888" collisions="163" teleports="163" halting="8" stopped="0" meanWaitingTime="2138.01" meanTravelTime="344.71" meanSpeed="21.73" meanSpeedRelative="0.68" duration="3"/>
    <step time="66300.00" loaded="77016" inserted="69282" running="202" waiting="7734" ended="69080" arrived="69080" collisions="163" teleports="163" halting="5" stopped="0" meanWaitingTime="2156.59" meanTravelTime="344.66" meanSpeed="21.51" meanSpeedRelative="0.67" duration="3"/>
    <step time="66600.00" loaded="77069" inserted="69497" running="206" waiting="7572" ended="69291" arrived="69291" collisions="163" teleports="163" halting="4" stopped="0" meanWaitingTime="2179.57" meanTravelTime="344.51" meanSpeed="21.31" meanSpeedRelative="0.67" duration="3"/>
    <step time="66900.00" loaded="77122" inserted="69656" running="157" waiting="7466" ended="69499" arrived="69499" collisions="163" teleports="163" halting="2" stopped="0" meanWaitingTime="2202.37" meanTravelTime="344.37" meanSpeed="21.98" meanSpeedRelative="0.69" duration="3"/>
    <step time="67200.00" loaded="77163" inserted="69792" running="118" waiting="7371" ended="69674" arrived="69674" collisions="163" teleports="163" halting="9" stopped="0" meanWaitingTime="2226.24" meanTravelTime="344.25" meanSpeed="19.41" meanSpeedRelative="0.61" duration="2"/>
    <step time="67500.00" loaded="77216" inserted="69921" running="123" waiting="7295" ended="69798" arrived="69798" collisions="163" teleports="163" halting="9" stopped="0" meanWaitingTime="2244.57" meanTravelTime="344.15" meanSpeed="21.07" meanSpeedRelative="0.66" duration="2"/>
    <step time="67800.00" loaded="77265" inserted="70051" running="100" waiting="7214" ended="69951" arrived="69951" collisions="163" teleports="163" halting="3" stopped="0" meanWaitingTime="2263.57" meanTravelTime="343.97" meanSpeed="19.64" meanSpeedRelative="0.61" duration="1"/>
    <step time="68100.00" loaded="77318" inserted="70186" running="109" waiting="7132" ended="70077" arrived="70077" collisions="163" teleports="163" halting="4" stopped="0" meanWaitingTime="2283.96" meanTravelTime="343.79" meanSpeed="22.47" meanSpeedRelative="0.70" duration="2"/>
    <step time="68400.00" loaded="77363" inserted="70321" running="113" waiting="7042" ended="70208" arrived="70208" collisions="163" teleports="163" halting="7" stopped="0" meanWaitingTime="2305.20" meanTravelTime="343.63" meanSpeed="19.47" meanSpeedRelative="0.61" duration="93"/>
    <step time="68700.00" loaded="77519" inserted="70511" running="154" waiting="7008" ended="70357" arrived="70357" collisions="163" teleports="163" halting="1" stopped="0" meanWaitingTime="2319.58" meanTravelTime="343.40" meanSpeed="22.29" meanSpeedRelative="0.70" duration="3"/>
    <step time="69000.00" loaded="77678" inserted="70702" running="183" waiting="6976" ended="70519" arrived="70519" collisions="163" teleports="163" halting="5" stopped="0" meanWaitingTime="2333.66" meanTravelTime="343.15" meanSpeed="22.51" meanSpeedRelative="0.70" duration="2"/>
    <step time="69300.00" loaded="77821" inserted="70880" running="163" waiting="6941" ended="70717" arrived="70717" collisions="163" teleports="163" halting="3" stopped="0" meanWaitingTime="2349.23" meanTravelTime="343.01" meanSpeed="21.22" meanSpeedRelative="0.66" duration="3"/>
    <step time="69600.00" loaded="77954" inserted="71056" running="170" waiting="6898" ended="70886" arrived="70886" collisions="163" teleports="163" halting="5" stopped="0" meanWaitingTime="2365.09" meanTravelTime="342.87" meanSpeed="22.20" meanSpeedRelative="0.69" duration="4"/>
    <step time="69900.00" loaded="78112" inserted="71269" running="196" waiting="6843" ended="71073" arrived="71073" collisions="163" teleports="163" halting="3" stopped="0" meanWaitingTime="2382.33" meanTravelTime="342.71" meanSpeed="22.18" meanSpeedRelative="0.69" duration="3"/>
    <step time="70200.00" loaded="78259" inserted="71471" running="190" waiting="6788" ended="71281" arrived="71281" collisions="163" teleports="163" halting="6" stopped="0" meanWaitingTime="2398.99" meanTravelTime="342.52" meanSpeed="22.22" meanSpeedRelative="0.69" duration="3"/>
    <step time="70500.00" loaded="78396" inserted="71653" running="169" waiting="6743" ended="71484" arrived="71484" collisions="165" teleports="165" halting="9" stopped="0" meanWaitingTime="2417.18" meanTravelTime="342.36" meanSpeed="21.76" meanSpeedRelative="0.68" duration="2"/>
    <step time="70800.00" loaded="78555" inserted="71841" running="175" waiting="6714" ended="71666" arrived="71666" collisions="166" teleports="166" halting="3" stopped="0" meanWaitingTime="2433.48" meanTravelTime="342.18" meanSpeed="21.87" meanSpeedRelative="0.68" duration="4"/>
    <step time="71100.00" loaded="78702" inserted="72033" running="173" waiting="6669" ended="71860" arrived="71860" collisions="166" teleports="166" halting="4" stopped="0" meanWaitingTime="2449.54" meanTravelTime="342.02" meanSpeed="21.86" meanSpeedRelative="0.68" duration="2"/>
    <step time="71400.00" loaded="78858" inserted="72225" running="183" waiting="6633" ended="72042" arrived="72042" collisions="166" teleports="166" halting="10" stopped="0" meanWaitingTime="2466.86" meanTravelTime="341.85" meanSpeed="21.39" meanSpeedRelative="0.67" duration="3"/>
    <step time="71700.00" loaded="79020" inserted="72420" running="184" waiting="6600" ended="72236" arrived="72236" collisions="166" teleports="166" halting="7" stopped="0" meanWaitingTime="2485.23" meanTravelTime="341.62" meanSpeed="21.70" meanSpeedRelative="0.68" duration="2"/>
    <step time="72000.00" loaded="79167" inserted="72606" running="178" waiting="6561" ended="72428" arrived="72428" collisions="166" teleports="166" halting="5" stopped="0" meanWaitingTime="2501.19" meanTravelTime="341.45" meanSpeed="22.09" meanSpeedRelative="0.69" duration="86"/>
    <step time="72300.00" loaded="79308" inserted="72794" running="179" waiting="6514" ended="72615" arrived="72615" collisions="166" teleports="166" halting="6" stopped="0" meanWaitingTime="2518.89" meanTravelTime="341.38" meanSpeed="22.16" meanSpeedRelative="0.69" duration="3"/>
    <step time="72600.00" loaded="79433" inserted="72976" running="179" waiting="6457" ended="72797" arrived="72797" collisions="166" teleports="166" halting="8" stopped="0" meanWaitingTime="2537.44" meanTravelTime="341.23" meanSpeed="21.99" meanSpeedRelative="0.69" duration="2"/>
    <step time="72900.00" loaded="79586" inserted="73173" running="190" waiting="6413" ended="72983" arrived="72983" collisions="166" teleports="166" halting="6" stopped="0" meanWaitingTime="2554.39" meanTravelTime="341.11" meanSpeed="22.15" meanSpeedRelative="0.69" duration="2"/>
    <step time="73200.00" loaded="79731" inserted="73378" running="189" waiting="6353" ended="73189" arrived="73189" collisions="167" teleports="167" halting="2" stopped="0" meanWaitingTime="2573.66" meanTravelTime="340.94" meanSpeed="22.38" meanSpeedRelative="0.70" duration="3"/>
    <step time="73500.00" loaded="79879" inserted="73582" running="177" waiting="6297" ended="73405" arrived="73405" collisions="168" teleports="168" halting="7" stopped="0" meanWaitingTime="2592.44" meanTravelTime="340.73" meanSpeed="21.67" meanSpeedRelative="0.68" duration="2"/>
    <step time="73800.00" loaded="80025" inserted="73778" running="181" waiting="6247" ended="73597" arrived="73597" collisions="168" teleports="168" halting="6" stopped="0" meanWaitingTime="2610.15" meanTravelTime="340.57" meanSpeed="22.04" meanSpeedRelative="0.69" duration="3"/>
    <step time="74100.00" loaded="80160" inserted="73963" running="166" waiting="6197" ended="73797" arrived="73797" collisions="168" teleports="168" halting="4" stopped="0" meanWaitingTime="2629.07" meanTravelTime="340.36" meanSpeed="21.80" meanSpeedRelative="0.68" duration="2"/>
    <step time="74400.00" loaded="80317" inserted="74157" running="171" waiting="6160" ended="73986" arrived="73986" collisions="168" teleports="168" halting="3" stopped="0" meanWaitingTime="2645.98" meanTravelTime="340.23" meanSpeed="21.66" meanSpeedRelative="0.68" duration="3"/>
    <step time="74700.00" loaded="80441" inserted="74329" running="167" waiting="6112" ended="74162" arrived="74162" collisions="168" teleports="168" halting="6" stopped="0" meanWaitingTime="2664.50" meanTravelTime="340.10" meanSpeed="22.00" meanSpeedRelative="0.69" duration="2"/>
    <step time="75000.00" loaded="80572" inserted="74506" running="156" waiting="6066" ended="74350" arrived="74350" collisions="169" teleports="169" halting="11" stopped="0" meanWaitingTime="2683.45" meanTravelTime="339.94" meanSpeed="20.61" meanSpeedRelative="0.64" duration="2"/>
    <step time="75300.00" loaded="80705" inserted="74683" running="166" waiting="6022" ended="74517" arrived="74517" collisions="169" teleports="169" halting="2" stopped="0" meanWaitingTime="2702.51" meanTravelTime="339.76" meanSpeed="20.37" meanSpeedRelative="0.64" duration="3"/>
    <step time="75600.00" loaded="80841" inserted="74874" running="181" waiting="5967" ended="74693" arrived="74693" collisions="169" teleports="169" halting="4" stopped="0" meanWaitingTime="2721.66" meanTravelTime="339.53" meanSpeed="22.24" meanSpeedRelative="0.70" duration="84"/>
    <step time="75900.00" loaded="81035" inserted="75090" running="200" waiting="5945" ended="74890" arrived="74890" collisions="169" teleports="169" halting="7" stopped="0" meanWaitingTime="2738.95" meanTravelTime="339.33" meanSpeed="22.33" meanSpeedRelative="0.70" duration="2"/>
    <step time="76200.00" loaded="81208" inserted="75291" running="172" waiting="5917" ended="75119" arrived="75119" collisions="169" teleports="169" halting="7" stopped="0" meanWaitingTime="2758.40" meanTravelTime="339.19" meanSpeed="21.72" meanSpeedRelative="0.68" duration="2"/>
    <step time="76500.00" loaded="81404" inserted="75526" running="198" waiting="5878" ended="75328" arrived="75328" collisions="169" teleports="169" halting="4" stopped="0" meanWaitingTime="2777.30" meanTravelTime="338.95" meanSpeed="22.26" meanSpeedRelative="0.70" duration="2"/>
    <step time="76800.00" loaded="81586" inserted="75734" running="207" waiting="5852" ended="75527" arrived="75527" collisions="169" teleports="169" halting="4" stopped="0" meanWaitingTime="2793.87" meanTravelTime="338.78" meanSpeed="22.27" meanSpeedRelative="0.70" duration="2"/>
    <step time="77100.00" loaded="81797" inserted="75970" running="208" waiting="5827" ended="75762" arrived="75762" collisions="169" teleports="169" halting="6" stopped="0" meanWaitingTime="2810.38" meanTravelTime="338.61" meanSpeed="22.39" meanSpeedRelative="0.70" duration="2"/>
    <step time="77400.00" loaded="81995" inserted="76201" running="205" waiting="5794" ended="75996" arrived="75996" collisions="169" teleports="169" halting="10" stopped="0" meanWaitingTime="2827.78" meanTravelTime="338.42" meanSpeed="21.96" meanSpeedRelative="0.69" duration="2"/>
    <step time="77700.00" loaded="82177" inserted="76419" running="205" waiting="5758" ended="76214" arrived="76214" collisions="170" teleports="170" halting="2" stopped="0" meanWaitingTime="2844.65" meanTravelTime="338.18" meanSpeed="22.58" meanSpeedRelative="0.71" duration="2"/>
    <step time="78000.00" loaded="82399" inserted="76668" running="230" waiting="5731" ended="76438" arrived="76438" collisions="170" teleports="170" halting="4" stopped="0" meanWaitingTime="2860.61" meanTravelTime="338.03" meanSpeed="22.44" meanSpeedRelative="0.70" duration="2"/>
    <step time="78300.00" loaded="82605" inserted="76910" running="231" waiting="5695" ended="76679" arrived="76679" collisions="170" teleports="170" halting="7" stopped="0" meanWaitingTime="2876.60" meanTravelTime="337.79" meanSpeed="22.09" meanSpeedRelative="0.69" duration="2"/>
    <step time="78600.00" loaded="82819" inserted="77166" running="234" waiting="5653" ended="76932" arrived="76932" collisions="170" teleports="170" halting="4" stopped="0" meanWaitingTime="2892.03" meanTravelTime="337.58" meanSpeed="22.35" meanSpeedRelative="0.70" duration="3"/>
    <step time="78900.00" loaded="82995" inserted="77390" running="219" waiting="5605" ended="77171" arrived="77171" collisions="171" teleports="171" halting="4" stopped="0" meanWaitingTime="2906.83" meanTravelTime="337.40" meanSpeed="22.95" meanSpeedRelative="0.72" duration="2"/>
    <step time="79200.00" loaded="83180" inserted="77599" running="208" waiting="5581" ended="77391" arrived="77391" collisions="171" teleports="171" halting="7" stopped="0" meanWaitingTime="2923.76" meanTravelTime="337.31" meanSpeed="22.36" meanSpeedRelative="0.70" duration="88"/>
    <step time="79500.00" loaded="83350" inserted="77806" running="202" waiting="5544" ended="77604" arrived="77604" collisions="171" teleports="171" halting="5" stopped="0" meanWaitingTime="2940.35" meanTravelTime="337.23" meanSpeed="21.44" meanSpeedRelative="0.67" duration="2"/>
    <step time="79800.00" loaded="83529" inserted="78012" running="208" waiting="5517" ended="77804" arrived="77804" collisions="172" teleports="172" halting="3" stopped="0" meanWaitingTime="2953.24" meanTravelTime="337.11" meanSpeed="22.86" meanSpeedRelative="0.71" duration="3"/>
    <step time="80100.00" loaded="83706" inserted="78222" running="191" waiting="5484" ended="78031" arrived="78031" collisions="172" teleports="172" halting="8" stopped="0" meanWaitingTime="2969.21" meanTravelTime="337.00" meanSpeed="22.46" meanSpeedRelative="0.70" duration="2"/>
    <step time="80400.00" loaded="83884" inserted="78439" running="197" waiting="5445" ended="78242" arrived="78242" collisions="172" teleports="172" halting="9" stopped="0" meanWaitingTime="2985.24" meanTravelTime="336.83" meanSpeed="21.31" meanSpeedRelative="0.67" duration="2"/>
    <step time="80700.00" loaded="84064" inserted="78656" running="196" waiting="5408" ended="78460" arrived="78460" collisions="172" teleports="172" halting="1" stopped="0" meanWaitingTime="3000.18" meanTravelTime="336.66" meanSpeed="21.61" meanSpeedRelative="0.68" duration="2"/>
    <step time="81000.00" loaded="84245" inserted="78861" running="198" waiting="5384" ended="78663" arrived="78663" collisions="172" teleports="172" halting="7" stopped="0" meanWaitingTime="3015.36" meanTravelTime="336.54" meanSpeed="21.69" meanSpeedRelative="0.68" duration="3"/>
    <step time="81300.00" loaded="84416" inserted="79075" running="186" waiting="5341" ended="78889" arrived="78889" collisions="172" teleports="172" halting="6" stopped="0" meanWaitingTime="3029.65" meanTravelTime="336.38" meanSpeed="21.96" meanSpeedRelative="0.69" duration="2"/>
    <step time="81600.00" loaded="84566" inserted="79283" running="180" waiting="5283" ended="79103" arrived="79103" collisions="172" teleports="172" halting="1" stopped="0" meanWaitingTime="3045.25" meanTravelTime="336.16" meanSpeed="22.20" meanSpeedRelative="0.69" duration="2"/>
    <step time="81900.00" loaded="84723" inserted="79480" running="177" waiting="5243" ended="79303" arrived="79303" collisions="173" teleports="173" halting="5" stopped="0" meanWaitingTime="3061.44" meanTravelTime="335.99" meanSpeed="22.12" meanSpeedRelative="0.69" duration="2"/>
    <step time="82200.00" loaded="84884" inserted="79674" running="169" waiting="5210" ended="79505" arrived="79505" collisions="173" teleports="173" halting="6" stopped="0" meanWaitingTime="3077.78" meanTravelTime="335.83" meanSpeed="21.35" meanSpeedRelative="0.67" duration="2"/>
    <step time="82500.00" loaded="85056" inserted="79881" running="199" waiting="5175" ended="79682" arrived="79682" collisions="174" teleports="174" halting="3" stopped="0" meanWaitingTime="3092.42" meanTravelTime="335.68" meanSpeed="21.81" meanSpeedRelative="0.68" duration="4"/>
</summary>
