<?xml version="1.0" encoding="UTF-8"?>

<!-- generated on 2025-08-08 08:52:16 by Eclipse SUMO sumo Version 1.23.1
<sumoConfiguration xmlns:xsi="http://www.w3.org/2001/XMLSchema-instance" xsi:noNamespaceSchemaLocation="http://sumo.dlr.de/xsd/sumoConfiguration.xsd">

    <input>
        <net-file value="Desktop\Master Thesis\Network_fin.net.xml"/>
        <route-files value="Desktop\Master Thesis\demand_model_amsterdam.rou.xml"/>
        <additional-files value="Desktop\Master Thesis\Additionnal.add.xml"/>
    </input>

    <output>
        <summary-output value="outputf/summary_coor_alinea_3neigh_method1_K80_target5_66189.xml"/>
        <summary-output.period value="300"/>
        <tripinfo-output value="outputf/tripinfo_coor_alinea_3neigh_method1_K80_target5_66189.xml"/>
    </output>

    <time>
        <begin value="0"/>
        <end value="82800"/>
        <step-length value="1"/>
    </time>

    <processing>
        <time-to-teleport value="-1"/>
    </processing>

    <report>
        <verbose value="true"/>
        <no-step-log value="true"/>
    </report>

    <emissions>
        <device.emissions.period value="10"/>
    </emissions>

    <traci_server>
        <remote-port value="50940"/>
    </traci_server>

    <random_number>
        <seed value="66189"/>
    </random_number>

</sumoConfiguration>
-->

<summary xmlns:xsi="http://www.w3.org/2001/XMLSchema-instance" xsi:noNamespaceSchemaLocation="http://sumo.dlr.de/xsd/summary_file.xsd">
    <step time="0.00" loaded="2" inserted="1" running="1" waiting="1" ended="0" arrived="0" collisions="0" teleports="0" halting="1" stopped="0" meanWaitingTime="0.00" meanTravelTime="-1.00" meanSpeed="0.00" meanSpeedRelative="0.00" duration="1"/>
    <step time="300.00" loaded="188" inserted="188" running="114" waiting="0" ended="74" arrived="74" collisions="0" teleports="0" halting="1" stopped="0" meanWaitingTime="0.77" meanTravelTime="111.73" meanSpeed="25.20" meanSpeedRelative="0.79" duration="1"/>
    <step time="600.00" loaded="367" inserted="367" running="147" waiting="0" ended="220" arrived="220" collisions="0" teleports="0" halting="0" stopped="0" meanWaitingTime="0.50" meanTravelTime="166.80" meanSpeed="25.41" meanSpeedRelative="0.79" duration="1"/>
    <step time="900.00" loaded="564" inserted="564" running="189" waiting="0" ended="375" arrived="375" collisions="0" teleports="0" halting="0" stopped="0" meanWaitingTime="0.47" meanTravelTime="200.72" meanSpeed="25.07" meanSpeedRelative="0.78" duration="2"/>
    <step time="1200.00" loaded="766" inserted="766" running="185" waiting="0" ended="581" arrived="581" collisions="0" teleports="0" halting="1" stopped="0" meanWaitingTime="0.49" meanTravelTime="217.89" meanSpeed="24.43" meanSpeedRelative="0.76" duration="2"/>
    <step time="1500.00" loaded="926" inserted="926" running="153" waiting="0" ended="773" arrived="773" collisions="0" teleports="0" halting="0" stopped="0" meanWaitingTime="0.48" meanTravelTime="235.04" meanSpeed="24.26" meanSpeedRelative="0.76" duration="1"/>
    <step time="1800.00" loaded="1108" inserted="1108" running="173" waiting="0" ended="935" arrived="935" collisions="1" teleports="1" halting="0" stopped="0" meanWaitingTime="0.49" meanTravelTime="241.37" meanSpeed="25.32" meanSpeedRelative="0.79" duration="2"/>
    <step time="2100.00" loaded="1302" inserted="1302" running="169" waiting="0" ended="1133" arrived="1133" collisions="1" teleports="1" halting="3" stopped="0" meanWaitingTime="0.47" meanTravelTime="248.22" meanSpeed="23.72" meanSpeedRelative="0.74" duration="2"/>
    <step time="2400.00" loaded="1497" inserted="1497" running="186" waiting="0" ended="1311" arrived="1311" collisions="1" teleports="1" halting="1" stopped="0" meanWaitingTime="0.48" meanTravelTime="249.44" meanSpeed="25.06" meanSpeedRelative="0.78" duration="1"/>
    <step time="2700.00" loaded="1680" inserted="1680" running="159" waiting="0" ended="1521" arrived="1521" collisions="2" teleports="2" halting="0" stopped="0" meanWaitingTime="0.46" meanTravelTime="254.81" meanSpeed="25.42" meanSpeedRelative="0.79" duration="0"/>
    <step time="3000.00" loaded="1865" inserted="1865" running="161" waiting="0" ended="1704" arrived="1704" collisions="2" teleports="2" halting="0" stopped="0" meanWaitingTime="0.46" meanTravelTime="256.28" meanSpeed="26.10" meanSpeedRelative="0.82" duration="1"/>
    <step time="3300.00" loaded="2033" inserted="2029" running="149" waiting="4" ended="1880" arrived="1880" collisions="2" teleports="2" halting="6" stopped="0" meanWaitingTime="0.59" meanTravelTime="257.03" meanSpeed="24.42" meanSpeedRelative="0.76" duration="1"/>
    <step time="3600.00" loaded="2234" inserted="2218" running="181" waiting="16" ended="2037" arrived="2037" collisions="2" teleports="2" halting="4" stopped="0" meanWaitingTime="1.62" meanTravelTime="258.08" meanSpeed="23.95" meanSpeedRelative="0.75" duration="85"/>
    <step time="3900.00" loaded="2355" inserted="2341" running="110" waiting="14" ended="2231" arrived="2231" collisions="2" teleports="2" halting="2" stopped="0" meanWaitingTime="3.53" meanTravelTime="259.84" meanSpeed="25.13" meanSpeedRelative="0.79" duration="1"/>
    <step time="4200.00" loaded="2464" inserted="2457" running="99" waiting="7" ended="2358" arrived="2358" collisions="2" teleports="2" halting="1" stopped="0" meanWaitingTime="5.28" meanTravelTime="260.14" meanSpeed="24.01" meanSpeedRelative="0.75" duration="1"/>
    <step time="4500.00" loaded="2583" inserted="2568" running="103" waiting="15" ended="2465" arrived="2465" collisions="2" teleports="2" halting="2" stopped="0" meanWaitingTime="5.91" meanTravelTime="262.25" meanSpeed="24.31" meanSpeedRelative="0.76" duration="1"/>
    <step time="4800.00" loaded="2689" inserted="2676" running="101" waiting="13" ended="2575" arrived="2575" collisions="2" teleports="2" halting="6" stopped="0" meanWaitingTime="7.29" meanTravelTime="261.67" meanSpeed="23.57" meanSpeedRelative="0.74" duration="0"/>
    <step time="5100.00" loaded="2794" inserted="2785" running="89" waiting="9" ended="2696" arrived="2696" collisions="2" teleports="2" halting="0" stopped="0" meanWaitingTime="8.38" meanTravelTime="261.70" meanSpeed="24.34" meanSpeedRelative="0.76" duration="0"/>
    <step time="5400.00" loaded="2911" inserted="2911" running="111" waiting="0" ended="2800" arrived="2800" collisions="2" teleports="2" halting="1" stopped="0" meanWaitingTime="8.63" meanTravelTime="261.41" meanSpeed="24.62" meanSpeedRelative="0.77" duration="1"/>
    <step time="5700.00" loaded="3013" inserted="3013" running="100" waiting="0" ended="2913" arrived="2913" collisions="2" teleports="2" halting="1" stopped="0" meanWaitingTime="8.34" meanTravelTime="261.66" meanSpeed="25.88" meanSpeedRelative="0.81" duration="1"/>
    <step time="6000.00" loaded="3119" inserted="3119" running="96" waiting="0" ended="3023" arrived="3023" collisions="2" teleports="2" halting="0" stopped="0" meanWaitingTime="8.06" meanTravelTime="261.62" meanSpeed="26.26" meanSpeedRelative="0.82" duration="1"/>
    <step time="6300.00" loaded="3226" inserted="3226" running="94" waiting="0" ended="3132" arrived="3132" collisions="2" teleports="2" halting="0" stopped="0" meanWaitingTime="7.80" meanTravelTime="261.37" meanSpeed="25.30" meanSpeedRelative="0.79" duration="1"/>
    <step time="6600.00" loaded="3335" inserted="3335" running="86" waiting="0" ended="3249" arrived="3249" collisions="2" teleports="2" halting="3" stopped="0" meanWaitingTime="7.56" meanTravelTime="261.30" meanSpeed="25.42" meanSpeedRelative="0.79" duration="1"/>
    <step time="6900.00" loaded="3440" inserted="3440" running="91" waiting="0" ended="3349" arrived="3349" collisions="2" teleports="2" halting="1" stopped="0" meanWaitingTime="7.36" meanTravelTime="261.10" meanSpeed="25.48" meanSpeedRelative="0.80" duration="1"/>
    <step time="7200.00" loaded="3566" inserted="3566" running="103" waiting="0" ended="3463" arrived="3463" collisions="3" teleports="3" halting="3" stopped="0" meanWaitingTime="7.33" meanTravelTime="260.98" meanSpeed="24.13" meanSpeedRelative="0.75" duration="88"/>
    <step time="7500.00" loaded="3730" inserted="3728" running="120" waiting="2" ended="3608" arrived="3608" collisions="3" teleports="3" halting="6" stopped="0" meanWaitingTime="7.16" meanTravelTime="260.56" meanSpeed="24.52" meanSpeedRelative="0.77" duration="0"/>
    <step time="7800.00" loaded="3896" inserted="3883" running="124" waiting="13" ended="3759" arrived="3759" collisions="3" teleports="3" halting="3" stopped="0" meanWaitingTime="7.19" meanTravelTime="258.63" meanSpeed="23.67" meanSpeedRelative="0.74" duration="1"/>
    <step time="8100.00" loaded="4058" inserted="4042" running="135" waiting="16" ended="3907" arrived="3907" collisions="3" teleports="3" halting="1" stopped="0" meanWaitingTime="7.86" meanTravelTime="258.80" meanSpeed="24.15" meanSpeedRelative="0.75" duration="0"/>
    <step time="8400.00" loaded="4210" inserted="4196" running="139" waiting="14" ended="4057" arrived="4057" collisions="4" teleports="4" halting="2" stopped="0" meanWaitingTime="8.60" meanTravelTime="259.05" meanSpeed="24.44" meanSpeedRelative="0.76" duration="1"/>
    <step time="8700.00" loaded="4369" inserted="4351" running="130" waiting="18" ended="4221" arrived="4221" collisions="4" teleports="4" halting="3" stopped="0" meanWaitingTime="9.31" meanTravelTime="258.04" meanSpeed="24.77" meanSpeedRelative="0.77" duration="1"/>
    <step time="9000.00" loaded="4518" inserted="4496" running="128" waiting="22" ended="4368" arrived="4368" collisions="4" teleports="4" halting="6" stopped="0" meanWaitingTime="10.15" meanTravelTime="258.12" meanSpeed="23.63" meanSpeedRelative="0.74" duration="0"/>
    <step time="9300.00" loaded="4662" inserted="4640" running="118" waiting="22" ended="4522" arrived="4522" collisions="4" teleports="4" halting="1" stopped="0" meanWaitingTime="11.22" meanTravelTime="258.38" meanSpeed="24.89" meanSpeedRelative="0.78" duration="0"/>
    <step time="9600.00" loaded="4822" inserted="4798" running="134" waiting="24" ended="4664" arrived="4664" collisions="4" teleports="4" halting="5" stopped="0" meanWaitingTime="12.11" meanTravelTime="258.96" meanSpeed="24.08" meanSpeedRelative="0.75" duration="1"/>
    <step time="9900.00" loaded="4972" inserted="4944" running="123" waiting="28" ended="4821" arrived="4821" collisions="4" teleports="4" halting="2" stopped="0" meanWaitingTime="13.24" meanTravelTime="259.26" meanSpeed="24.43" meanSpeedRelative="0.76" duration="0"/>
    <step time="10200.00" loaded="5133" inserted="5092" running="116" waiting="41" ended="4976" arrived="4976" collisions="4" teleports="4" halting="1" stopped="0" meanWaitingTime="14.40" meanTravelTime="258.64" meanSpeed="24.24" meanSpeedRelative="0.76" duration="0"/>
    <step time="10500.00" loaded="5273" inserted="5230" running="107" waiting="43" ended="5123" arrived="5123" collisions="4" teleports="4" halting="5" stopped="0" meanWaitingTime="15.74" meanTravelTime="258.30" meanSpeed="23.65" meanSpeedRelative="0.74" duration="1"/>
    <step time="10800.00" loaded="5421" inserted="5366" running="105" waiting="55" ended="5261" arrived="5261" collisions="4" teleports="4" halting="0" stopped="0" meanWaitingTime="17.57" meanTravelTime="258.02" meanSpeed="24.39" meanSpeedRelative="0.76" duration="86"/>
    <step time="11100.00" loaded="5576" inserted="5514" running="131" waiting="62" ended="5383" arrived="5383" collisions="4" teleports="4" halting="1" stopped="0" meanWaitingTime="19.44" meanTravelTime="257.11" meanSpeed="24.06" meanSpeedRelative="0.75" duration="1"/>
    <step time="11400.00" loaded="5729" inserted="5656" running="119" waiting="73" ended="5537" arrived="5537" collisions="4" teleports="4" halting="4" stopped="0" meanWaitingTime="21.56" meanTravelTime="257.59" meanSpeed="23.26" meanSpeedRelative="0.73" duration="0"/>
    <step time="11700.00" loaded="5883" inserted="5810" running="111" waiting="73" ended="5699" arrived="5699" collisions="4" teleports="4" halting="3" stopped="0" meanWaitingTime="24.22" meanTravelTime="256.88" meanSpeed="23.68" meanSpeedRelative="0.74" duration="1"/>
    <step time="12000.00" loaded="6040" inserted="5966" running="119" waiting="74" ended="5847" arrived="5847" collisions="4" teleports="4" halting="2" stopped="0" meanWaitingTime="26.77" meanTravelTime="255.74" meanSpeed="25.14" meanSpeedRelative="0.79" duration="1"/>
    <step time="12300.00" loaded="6184" inserted="6105" running="109" waiting="79" ended="5996" arrived="5996" collisions="4" teleports="4" halting="1" stopped="0" meanWaitingTime="29.90" meanTravelTime="255.16" meanSpeed="24.61" meanSpeedRelative="0.77" duration="0"/>
    <step time="12600.00" loaded="6340" inserted="6256" running="124" waiting="84" ended="6132" arrived="6132" collisions="4" teleports="4" halting="3" stopped="0" meanWaitingTime="32.59" meanTravelTime="254.84" meanSpeed="23.56" meanSpeedRelative="0.74" duration="0"/>
    <step time="12900.00" loaded="6495" inserted="6410" running="115" waiting="85" ended="6295" arrived="6295" collisions="4" teleports="4" halting="0" stopped="0" meanWaitingTime="35.02" meanTravelTime="253.58" meanSpeed="23.94" meanSpeedRelative="0.75" duration="1"/>
    <step time="13200.00" loaded="6661" inserted="6564" running="128" waiting="97" ended="6436" arrived="6436" collisions="4" teleports="4" halting="1" stopped="0" meanWaitingTime="38.17" meanTravelTime="252.98" meanSpeed="24.81" meanSpeedRelative="0.78" duration="1"/>
    <step time="13500.00" loaded="6816" inserted="6719" running="119" waiting="97" ended="6600" arrived="6600" collisions="4" teleports="4" halting="6" stopped="0" meanWaitingTime="40.84" meanTravelTime="252.84" meanSpeed="23.78" meanSpeedRelative="0.74" duration="1"/>
    <step time="13800.00" loaded="6956" inserted="6853" running="100" waiting="103" ended="6753" arrived="6753" collisions="4" teleports="4" halting="4" stopped="0" meanWaitingTime="43.39" meanTravelTime="252.26" meanSpeed="24.54" meanSpeedRelative="0.77" duration="1"/>
    <step time="14100.00" loaded="7092" inserted="6979" running="98" waiting="113" ended="6881" arrived="6881" collisions="4" teleports="4" halting="0" stopped="0" meanWaitingTime="45.95" meanTravelTime="252.02" meanSpeed="25.48" meanSpeedRelative="0.80" duration="1"/>
    <step time="14400.00" loaded="7246" inserted="7124" running="108" waiting="122" ended="7016" arrived="7016" collisions="4" teleports="4" halting="1" stopped="0" meanWaitingTime="49.49" meanTravelTime="251.70" meanSpeed="25.41" meanSpeedRelative="0.79" duration="87"/>
    <step time="14700.00" loaded="7350" inserted="7226" running="83" waiting="124" ended="7143" arrived="7143" collisions="4" teleports="4" halting="3" stopped="0" meanWaitingTime="53.05" meanTravelTime="251.49" meanSpeed="24.84" meanSpeedRelative="0.78" duration="0"/>
    <step time="15000.00" loaded="7446" inserted="7318" running="75" waiting="128" ended="7243" arrived="7243" collisions="4" teleports="4" halting="6" stopped="0" meanWaitingTime="56.13" meanTravelTime="251.25" meanSpeed="23.27" meanSpeedRelative="0.73" duration="1"/>
    <step time="15300.00" loaded="7544" inserted="7418" running="81" waiting="126" ended="7337" arrived="7337" collisions="4" teleports="4" halting="5" stopped="0" meanWaitingTime="59.14" meanTravelTime="251.33" meanSpeed="23.59" meanSpeedRelative="0.74" duration="0"/>
    <step time="15600.00" loaded="7624" inserted="7498" running="71" waiting="126" ended="7427" arrived="7427" collisions="4" teleports="4" halting="1" stopped="0" meanWaitingTime="62.59" meanTravelTime="251.17" meanSpeed="25.10" meanSpeedRelative="0.78" duration="0"/>
    <step time="15900.00" loaded="7722" inserted="7602" running="64" waiting="120" ended="7538" arrived="7538" collisions="4" teleports="4" halting="2" stopped="0" meanWaitingTime="66.51" meanTravelTime="250.92" meanSpeed="22.92" meanSpeedRelative="0.72" duration="1"/>
    <step time="16200.00" loaded="7814" inserted="7697" running="67" waiting="117" ended="7630" arrived="7630" collisions="4" teleports="4" halting="7" stopped="0" meanWaitingTime="70.69" meanTravelTime="250.64" meanSpeed="22.72" meanSpeedRelative="0.71" duration="1"/>
    <step time="16500.00" loaded="7903" inserted="7794" running="75" waiting="109" ended="7719" arrived="7719" collisions="4" teleports="4" halting="0" stopped="0" meanWaitingTime="74.48" meanTravelTime="250.06" meanSpeed="24.68" meanSpeedRelative="0.77" duration="1"/>
    <step time="16800.00" loaded="8002" inserted="7899" running="76" waiting="103" ended="7823" arrived="7823" collisions="4" teleports="4" halting="1" stopped="0" meanWaitingTime="79.00" meanTravelTime="249.62" meanSpeed="24.57" meanSpeedRelative="0.77" duration="1"/>
    <step time="17100.00" loaded="8089" inserted="7995" running="76" waiting="94" ended="7919" arrived="7919" collisions="4" teleports="4" halting="3" stopped="0" meanWaitingTime="82.72" meanTravelTime="249.53" meanSpeed="23.12" meanSpeedRelative="0.72" duration="0"/>
    <step time="17400.00" loaded="8198" inserted="8105" running="82" waiting="93" ended="8023" arrived="8023" collisions="4" teleports="4" halting="5" stopped="0" meanWaitingTime="86.16" meanTravelTime="248.84" meanSpeed="22.95" meanSpeedRelative="0.72" duration="1"/>
    <step time="17700.00" loaded="8291" inserted="8197" running="74" waiting="94" ended="8123" arrived="8123" collisions="4" teleports="4" halting="0" stopped="0" meanWaitingTime="89.59" meanTravelTime="249.21" meanSpeed="23.92" meanSpeedRelative="0.75" duration="0"/>
    <step time="18000.00" loaded="8380" inserted="8287" running="58" waiting="93" ended="8229" arrived="8229" collisions="4" teleports="4" halting="1" stopped="0" meanWaitingTime="92.34" meanTravelTime="248.86" meanSpeed="23.49" meanSpeedRelative="0.73" duration="81"/>
    <step time="18300.00" loaded="8577" inserted="8471" running="116" waiting="106" ended="8355" arrived="8355" collisions="4" teleports="4" halting="6" stopped="0" meanWaitingTime="94.37" meanTravelTime="247.99" meanSpeed="23.62" meanSpeedRelative="0.74" duration="1"/>
    <step time="18600.00" loaded="8783" inserted="8653" running="133" waiting="130" ended="8520" arrived="8520" collisions="4" teleports="4" halting="1" stopped="0" meanWaitingTime="95.74" meanTravelTime="246.77" meanSpeed="24.74" meanSpeedRelative="0.77" duration="1"/>
    <step time="18900.00" loaded="8949" inserted="8815" running="135" waiting="134" ended="8680" arrived="8680" collisions="5" teleports="5" halting="4" stopped="0" meanWaitingTime="97.40" meanTravelTime="246.60" meanSpeed="24.43" meanSpeedRelative="0.76" duration="1"/>
    <step time="19200.00" loaded="9141" inserted="9011" running="153" waiting="130" ended="8858" arrived="8858" collisions="5" teleports="5" halting="2" stopped="0" meanWaitingTime="98.46" meanTravelTime="246.57" meanSpeed="24.70" meanSpeedRelative="0.77" duration="1"/>
    <step time="19500.00" loaded="9326" inserted="9177" running="132" waiting="149" ended="9045" arrived="9045" collisions="5" teleports="5" halting="3" stopped="0" meanWaitingTime="99.81" meanTravelTime="246.39" meanSpeed="24.36" meanSpeedRelative="0.76" duration="0"/>
    <step time="19800.00" loaded="9536" inserted="9367" running="172" waiting="169" ended="9195" arrived="9195" collisions="6" teleports="6" halting="2" stopped="0" meanWaitingTime="101.31" meanTravelTime="246.40" meanSpeed="24.30" meanSpeedRelative="0.76" duration="1"/>
    <step time="20100.00" loaded="9721" inserted="9538" running="158" waiting="183" ended="9380" arrived="9380" collisions="6" teleports="6" halting="1" stopped="0" meanWaitingTime="103.27" meanTravelTime="246.48" meanSpeed="24.07" meanSpeedRelative="0.75" duration="1"/>
    <step time="20400.00" loaded="9910" inserted="9721" running="152" waiting="189" ended="9569" arrived="9569" collisions="7" teleports="7" halting="4" stopped="0" meanWaitingTime="105.44" meanTravelTime="246.38" meanSpeed="23.09" meanSpeedRelative="0.72" duration="1"/>
    <step time="20700.00" loaded="10111" inserted="9899" running="140" waiting="212" ended="9759" arrived="9759" collisions="7" teleports="7" halting="1" stopped="0" meanWaitingTime="107.27" meanTravelTime="246.74" meanSpeed="24.09" meanSpeedRelative="0.75" duration="1"/>
    <step time="21000.00" loaded="10301" inserted="10076" running="129" waiting="225" ended="9947" arrived="9947" collisions="7" teleports="7" halting="3" stopped="0" meanWaitingTime="109.51" meanTravelTime="246.43" meanSpeed="23.70" meanSpeedRelative="0.74" duration="1"/>
    <step time="21300.00" loaded="10484" inserted="10242" running="142" waiting="242" ended="10100" arrived="10100" collisions="7" teleports="7" halting="4" stopped="0" meanWaitingTime="111.86" meanTravelTime="246.29" meanSpeed="24.01" meanSpeedRelative="0.75" duration="1"/>
    <step time="21600.00" loaded="10692" inserted="10443" running="163" waiting="249" ended="10280" arrived="10280" collisions="7" teleports="7" halting="3" stopped="0" meanWaitingTime="114.60" meanTravelTime="246.07" meanSpeed="24.40" meanSpeedRelative="0.76" duration="79"/>
    <step time="21900.00" loaded="11141" inserted="10828" running="331" waiting="313" ended="10497" arrived="10497" collisions="10" teleports="10" halting="5" stopped="0" meanWaitingTime="117.96" meanTravelTime="245.78" meanSpeed="21.86" meanSpeedRelative="0.68" duration="2"/>
    <step time="22200.00" loaded="11608" inserted="11216" running="395" waiting="392" ended="10821" arrived="10821" collisions="12" teleports="12" halting="4" stopped="0" meanWaitingTime="121.13" meanTravelTime="246.60" meanSpeed="20.94" meanSpeedRelative="0.65" duration="3"/>
    <step time="22500.00" loaded="12065" inserted="11583" running="377" waiting="482" ended="11206" arrived="11206" collisions="13" teleports="13" halting="7" stopped="0" meanWaitingTime="124.72" meanTravelTime="248.54" meanSpeed="21.24" meanSpeedRelative="0.66" duration="3"/>
    <step time="22800.00" loaded="12503" inserted="11958" running="410" waiting="545" ended="11548" arrived="11548" collisions="15" teleports="15" halting="4" stopped="0" meanWaitingTime="128.39" meanTravelTime="250.43" meanSpeed="21.70" meanSpeedRelative="0.68" duration="3"/>
    <step time="23100.00" loaded="13003" inserted="12357" running="433" waiting="646" ended="11924" arrived="11924" collisions="15" teleports="15" halting="8" stopped="0" meanWaitingTime="132.68" meanTravelTime="252.39" meanSpeed="19.89" meanSpeedRelative="0.62" duration="3"/>
    <step time="23400.00" loaded="13460" inserted="12731" running="422" waiting="729" ended="12309" arrived="12309" collisions="15" teleports="15" halting="9" stopped="0" meanWaitingTime="137.75" meanTravelTime="254.89" meanSpeed="20.62" meanSpeedRelative="0.64" duration="2"/>
    <step time="23700.00" loaded="13912" inserted="13087" running="420" waiting="825" ended="12667" arrived="12667" collisions="16" teleports="16" halting="3" stopped="0" meanWaitingTime="142.39" meanTravelTime="257.77" meanSpeed="19.93" meanSpeedRelative="0.62" duration="3"/>
    <step time="24000.00" loaded="14387" inserted="13475" running="441" waiting="912" ended="13034" arrived="13034" collisions="18" teleports="18" halting="7" stopped="0" meanWaitingTime="148.86" meanTravelTime="260.36" meanSpeed="20.11" meanSpeedRelative="0.63" duration="3"/>
    <step time="24300.00" loaded="14850" inserted="13837" running="413" waiting="1013" ended="13424" arrived="13424" collisions="19" teleports="19" halting="4" stopped="0" meanWaitingTime="155.99" meanTravelTime="262.69" meanSpeed="20.13" meanSpeedRelative="0.63" duration="2"/>
    <step time="24600.00" loaded="15332" inserted="14241" running="441" waiting="1091" ended="13800" arrived="13800" collisions="19" teleports="19" halting="7" stopped="0" meanWaitingTime="163.63" meanTravelTime="264.95" meanSpeed="20.18" meanSpeedRelative="0.63" duration="3"/>
    <step time="24900.00" loaded="15799" inserted="14637" running="437" waiting="1162" ended="14200" arrived="14200" collisions="21" teleports="21" halting="3" stopped="0" meanWaitingTime="171.94" meanTravelTime="266.69" meanSpeed="20.35" meanSpeedRelative="0.64" duration="2"/>
    <step time="25200.00" loaded="16289" inserted="15033" running="441" waiting="1256" ended="14592" arrived="14592" collisions="21" teleports="21" halting="7" stopped="0" meanWaitingTime="180.80" meanTravelTime="268.53" meanSpeed="20.22" meanSpeedRelative="0.63" duration="89"/>
    <step time="25500.00" loaded="16841" inserted="15483" running="486" waiting="1358" ended="14997" arrived="14997" collisions="22" teleports="22" halting="3" stopped="0" meanWaitingTime="190.42" meanTravelTime="270.24" meanSpeed="20.03" meanSpeedRelative="0.63" duration="3"/>
    <step time="25800.00" loaded="17408" inserted="15908" running="485" waiting="1500" ended="15423" arrived="15423" collisions="23" teleports="23" halting="5" stopped="0" meanWaitingTime="199.01" meanTravelTime="271.79" meanSpeed="20.19" meanSpeedRelative="0.63" duration="3"/>
    <step time="26100.00" loaded="17934" inserted="16346" running="503" waiting="1588" ended="15843" arrived="15843" collisions="23" teleports="23" halting="3" stopped="0" meanWaitingTime="208.94" meanTravelTime="273.38" meanSpeed="18.93" meanSpeedRelative="0.59" duration="4"/>
    <step time="26400.00" loaded="18526" inserted="16782" running="507" waiting="1744" ended="16275" arrived="16275" collisions="24" teleports="24" halting="6" stopped="0" meanWaitingTime="218.72" meanTravelTime="275.15" meanSpeed="19.41" meanSpeedRelative="0.61" duration="4"/>
    <step time="26700.00" loaded="19077" inserted="17230" running="502" waiting="1847" ended="16728" arrived="16728" collisions="25" teleports="25" halting="6" stopped="0" meanWaitingTime="230.02" meanTravelTime="276.99" meanSpeed="20.16" meanSpeedRelative="0.63" duration="4"/>
    <step time="27000.00" loaded="19635" inserted="17676" running="516" waiting="1959" ended="17160" arrived="17160" collisions="28" teleports="28" halting="7" stopped="0" meanWaitingTime="241.80" meanTravelTime="278.54" meanSpeed="19.87" meanSpeedRelative="0.62" duration="4"/>
    <step time="27300.00" loaded="20207" inserted="18117" running="509" waiting="2090" ended="17608" arrived="17608" collisions="29" teleports="29" halting="5" stopped="0" meanWaitingTime="253.38" meanTravelTime="280.58" meanSpeed="19.14" meanSpeedRelative="0.60" duration="3"/>
    <step time="27600.00" loaded="20786" inserted="18555" running="481" waiting="2231" ended="18074" arrived="18074" collisions="29" teleports="29" halting="1" stopped="0" meanWaitingTime="265.12" meanTravelTime="281.99" meanSpeed="19.90" meanSpeedRelative="0.62" duration="2"/>
    <step time="27900.00" loaded="21329" inserted="18960" running="447" waiting="2369" ended="18513" arrived="18513" collisions="31" teleports="31" halting="6" stopped="0" meanWaitingTime="277.67" meanTravelTime="283.47" meanSpeed="20.27" meanSpeedRelative="0.63" duration="3"/>
    <step time="28200.00" loaded="21869" inserted="19382" running="466" waiting="2487" ended="18916" arrived="18916" collisions="32" teleports="32" halting="3" stopped="0" meanWaitingTime="290.67" meanTravelTime="284.28" meanSpeed="20.34" meanSpeedRelative="0.64" duration="4"/>
    <step time="28500.00" loaded="22431" inserted="19807" running="479" waiting="2624" ended="19328" arrived="19328" collisions="32" teleports="32" halting="7" stopped="0" meanWaitingTime="304.48" meanTravelTime="285.54" meanSpeed="19.81" meanSpeedRelative="0.62" duration="3"/>
    <step time="28800.00" loaded="22987" inserted="20258" running="475" waiting="2729" ended="19783" arrived="19783" collisions="33" teleports="33" halting="7" stopped="0" meanWaitingTime="318.93" meanTravelTime="286.37" meanSpeed="20.51" meanSpeedRelative="0.64" duration="88"/>
    <step time="29100.00" loaded="23336" inserted="20637" running="435" waiting="2699" ended="20202" arrived="20202" collisions="33" teleports="33" halting="5" stopped="0" meanWaitingTime="333.60" meanTravelTime="287.28" meanSpeed="21.83" meanSpeedRelative="0.68" duration="3"/>
    <step time="29400.00" loaded="23713" inserted="21007" running="404" waiting="2706" ended="20603" arrived="20603" collisions="34" teleports="34" halting="5" stopped="0" meanWaitingTime="347.74" meanTravelTime="288.40" meanSpeed="21.48" meanSpeedRelative="0.67" duration="4"/>
    <step time="29700.00" loaded="24064" inserted="21375" running="388" waiting="2689" ended="20987" arrived="20987" collisions="34" teleports="34" halting="3" stopped="0" meanWaitingTime="362.08" meanTravelTime="289.31" meanSpeed="22.14" meanSpeedRelative="0.69" duration="4"/>
    <step time="30000.00" loaded="24442" inserted="21750" running="377" waiting="2692" ended="21373" arrived="21373" collisions="34" teleports="34" halting="2" stopped="0" meanWaitingTime="376.55" meanTravelTime="289.65" meanSpeed="21.97" meanSpeedRelative="0.69" duration="3"/>
    <step time="30300.00" loaded="24795" inserted="22121" running="372" waiting="2674" ended="21749" arrived="21749" collisions="34" teleports="34" halting="5" stopped="0" meanWaitingTime="392.07" meanTravelTime="289.75" meanSpeed="21.73" meanSpeedRelative="0.68" duration="3"/>
    <step time="30600.00" loaded="25157" inserted="22513" running="393" waiting="2644" ended="22120" arrived="22120" collisions="35" teleports="35" halting="4" stopped="0" meanWaitingTime="406.01" meanTravelTime="289.90" meanSpeed="21.84" meanSpeedRelative="0.68" duration="5"/>
    <step time="30900.00" loaded="25518" inserted="22900" running="406" waiting="2618" ended="22494" arrived="22494" collisions="35" teleports="35" halting="6" stopped="0" meanWaitingTime="418.66" meanTravelTime="290.18" meanSpeed="21.31" meanSpeedRelative="0.67" duration="3"/>
    <step time="31200.00" loaded="25885" inserted="23268" running="373" waiting="2617" ended="22895" arrived="22895" collisions="36" teleports="36" halting="6" stopped="0" meanWaitingTime="432.56" meanTravelTime="290.57" meanSpeed="22.22" meanSpeedRelative="0.69" duration="4"/>
    <step time="31500.00" loaded="26224" inserted="23606" running="324" waiting="2618" ended="23282" arrived="23282" collisions="36" teleports="36" halting="4" stopped="0" meanWaitingTime="445.64" meanTravelTime="290.78" meanSpeed="22.34" meanSpeedRelative="0.70" duration="2"/>
    <step time="31800.00" loaded="26591" inserted="23963" running="335" waiting="2628" ended="23628" arrived="23628" collisions="36" teleports="36" halting="6" stopped="0" meanWaitingTime="457.67" meanTravelTime="290.84" meanSpeed="21.95" meanSpeedRelative="0.69" duration="2"/>
    <step time="32100.00" loaded="26931" inserted="24304" running="340" waiting="2627" ended="23964" arrived="23964" collisions="37" teleports="37" halting="3" stopped="0" meanWaitingTime="469.07" meanTravelTime="290.63" meanSpeed="21.33" meanSpeedRelative="0.67" duration="3"/>
    <step time="32400.00" loaded="27309" inserted="24649" running="337" waiting="2660" ended="24312" arrived="24312" collisions="37" teleports="37" halting="2" stopped="0" meanWaitingTime="480.21" meanTravelTime="290.68" meanSpeed="22.11" meanSpeedRelative="0.69" duration="86"/>
    <step time="32700.00" loaded="27558" inserted="24945" running="296" waiting="2613" ended="24649" arrived="24649" collisions="37" teleports="37" halting="5" stopped="0" meanWaitingTime="493.67" meanTravelTime="290.87" meanSpeed="21.64" meanSpeedRelative="0.68" duration="2"/>
    <step time="33000.00" loaded="27814" inserted="25238" running="281" waiting="2576" ended="24957" arrived="24957" collisions="37" teleports="37" halting="2" stopped="0" meanWaitingTime="506.37" meanTravelTime="291.02" meanSpeed="22.71" meanSpeedRelative="0.71" duration="2"/>
    <step time="33300.00" loaded="28068" inserted="25502" running="275" waiting="2566" ended="25227" arrived="25227" collisions="37" teleports="37" halting="4" stopped="0" meanWaitingTime="518.30" meanTravelTime="291.18" meanSpeed="23.06" meanSpeedRelative="0.72" duration="2"/>
    <step time="33600.00" loaded="28342" inserted="25752" running="229" waiting="2590" ended="25523" arrived="25523" collisions="37" teleports="37" halting="3" stopped="0" meanWaitingTime="530.56" meanTravelTime="291.09" meanSpeed="23.02" meanSpeedRelative="0.72" duration="2"/>
    <step time="33900.00" loaded="28606" inserted="26029" running="249" waiting="2577" ended="25780" arrived="25780" collisions="37" teleports="37" halting="0" stopped="0" meanWaitingTime="542.81" meanTravelTime="290.99" meanSpeed="23.30" meanSpeedRelative="0.73" duration="2"/>
    <step time="34200.00" loaded="28874" inserted="26282" running="245" waiting="2592" ended="26037" arrived="26037" collisions="38" teleports="38" halting="1" stopped="0" meanWaitingTime="554.05" meanTravelTime="290.95" meanSpeed="23.44" meanSpeedRelative="0.73" duration="2"/>
    <step time="34500.00" loaded="29126" inserted="26521" running="211" waiting="2605" ended="26310" arrived="26310" collisions="39" teleports="39" halting="3" stopped="0" meanWaitingTime="566.44" meanTravelTime="290.90" meanSpeed="23.22" meanSpeedRelative="0.73" duration="1"/>
    <step time="34800.00" loaded="29387" inserted="26784" running="234" waiting="2603" ended="26550" arrived="26550" collisions="40" teleports="40" halting="1" stopped="0" meanWaitingTime="580.84" meanTravelTime="290.67" meanSpeed="23.21" meanSpeedRelative="0.73" duration="2"/>
    <step time="35100.00" loaded="29673" inserted="27067" running="248" waiting="2606" ended="26819" arrived="26819" collisions="40" teleports="40" halting="4" stopped="0" meanWaitingTime="593.78" meanTravelTime="290.40" meanSpeed="22.46" meanSpeedRelative="0.70" duration="2"/>
    <step time="35400.00" loaded="29962" inserted="27347" running="271" waiting="2615" ended="27076" arrived="27076" collisions="40" teleports="40" halting="3" stopped="0" meanWaitingTime="606.96" meanTravelTime="290.34" meanSpeed="23.79" meanSpeedRelative="0.74" duration="2"/>
    <step time="35700.00" loaded="30234" inserted="27610" running="244" waiting="2624" ended="27366" arrived="27366" collisions="41" teleports="41" halting="3" stopped="0" meanWaitingTime="621.63" meanTravelTime="290.25" meanSpeed="23.54" meanSpeedRelative="0.74" duration="2"/>
    <step time="36000.00" loaded="30512" inserted="27867" running="228" waiting="2645" ended="27639" arrived="27639" collisions="42" teleports="42" halting="7" stopped="0" meanWaitingTime="634.92" meanTravelTime="290.17" meanSpeed="22.64" meanSpeedRelative="0.71" duration="85"/>
    <step time="36300.00" loaded="31000" inserted="28256" running="353" waiting="2744" ended="27903" arrived="27903" collisions="42" teleports="42" halting="2" stopped="0" meanWaitingTime="647.23" meanTravelTime="289.88" meanSpeed="22.01" meanSpeedRelative="0.69" duration="3"/>
    <step time="36600.00" loaded="31483" inserted="28668" running="416" waiting="2815" ended="28252" arrived="28252" collisions="42" teleports="42" halting="8" stopped="0" meanWaitingTime="660.30" meanTravelTime="289.56" meanSpeed="20.95" meanSpeedRelative="0.65" duration="2"/>
    <step time="36900.00" loaded="31962" inserted="29064" running="412" waiting="2898" ended="28652" arrived="28652" collisions="44" teleports="44" halting="10" stopped="0" meanWaitingTime="671.67" meanTravelTime="289.66" meanSpeed="20.71" meanSpeedRelative="0.65" duration="4"/>
    <step time="37200.00" loaded="32439" inserted="29470" running="414" waiting="2969" ended="29056" arrived="29056" collisions="45" teleports="45" halting="5" stopped="0" meanWaitingTime="684.39" meanTravelTime="289.86" meanSpeed="21.24" meanSpeedRelative="0.66" duration="2"/>
    <step time="37500.00" loaded="32921" inserted="29865" running="419" waiting="3056" ended="29446" arrived="29446" collisions="45" teleports="45" halting="4" stopped="0" meanWaitingTime="698.39" meanTravelTime="290.17" meanSpeed="21.35" meanSpeedRelative="0.67" duration="3"/>
    <step time="37800.00" loaded="33383" inserted="30250" running="406" waiting="3133" ended="29844" arrived="29844" collisions="45" teleports="45" halting="4" stopped="0" meanWaitingTime="710.42" meanTravelTime="290.70" meanSpeed="20.60" meanSpeedRelative="0.64" duration="6"/>
    <step time="38100.00" loaded="33808" inserted="30612" running="386" waiting="3196" ended="30226" arrived="30226" collisions="45" teleports="45" halting="5" stopped="0" meanWaitingTime="723.91" meanTravelTime="291.10" meanSpeed="22.13" meanSpeedRelative="0.69" duration="3"/>
    <step time="38400.00" loaded="34267" inserted="31018" running="416" waiting="3249" ended="30602" arrived="30602" collisions="45" teleports="45" halting="4" stopped="0" meanWaitingTime="736.34" meanTravelTime="291.42" meanSpeed="21.73" meanSpeedRelative="0.68" duration="3"/>
    <step time="38700.00" loaded="34728" inserted="31416" running="405" waiting="3312" ended="31011" arrived="31011" collisions="45" teleports="45" halting="4" stopped="0" meanWaitingTime="748.07" meanTravelTime="291.50" meanSpeed="20.80" meanSpeedRelative="0.65" duration="4"/>
    <step time="39000.00" loaded="35224" inserted="31818" running="416" waiting="3406" ended="31402" arrived="31402" collisions="45" teleports="45" halting="5" stopped="0" meanWaitingTime="761.77" meanTravelTime="291.91" meanSpeed="21.50" meanSpeedRelative="0.67" duration="5"/>
    <step time="39300.00" loaded="35676" inserted="32215" running="427" waiting="3461" ended="31788" arrived="31788" collisions="47" teleports="47" halting="6" stopped="0" meanWaitingTime="775.84" meanTravelTime="292.08" meanSpeed="20.60" meanSpeedRelative="0.64" duration="4"/>
    <step time="39600.00" loaded="36140" inserted="32615" running="439" waiting="3525" ended="32176" arrived="32176" collisions="48" teleports="48" halting="9" stopped="0" meanWaitingTime="788.91" meanTravelTime="292.25" meanSpeed="20.72" meanSpeedRelative="0.65" duration="91"/>
    <step time="39900.00" loaded="36671" inserted="33035" running="460" waiting="3636" ended="32575" arrived="32575" collisions="49" teleports="49" halting="7" stopped="0" meanWaitingTime="801.80" meanTravelTime="292.71" meanSpeed="20.86" meanSpeedRelative="0.65" duration="4"/>
    <step time="40200.00" loaded="37180" inserted="33464" running="462" waiting="3716" ended="33002" arrived="33002" collisions="49" teleports="49" halting="4" stopped="0" meanWaitingTime="816.37" meanTravelTime="293.06" meanSpeed="21.06" meanSpeedRelative="0.66" duration="5"/>
    <step time="40500.00" loaded="37698" inserted="33904" running="495" waiting="3794" ended="33409" arrived="33409" collisions="50" teleports="50" halting="8" stopped="0" meanWaitingTime="830.87" meanTravelTime="293.56" meanSpeed="20.19" meanSpeedRelative="0.63" duration="3"/>
    <step time="40800.00" loaded="38230" inserted="34339" running="490" waiting="3891" ended="33849" arrived="33849" collisions="53" teleports="53" halting="13" stopped="0" meanWaitingTime="842.96" meanTravelTime="294.15" meanSpeed="20.47" meanSpeedRelative="0.64" duration="4"/>
    <step time="41100.00" loaded="38739" inserted="34765" running="478" waiting="3974" ended="34287" arrived="34287" collisions="55" teleports="55" halting="3" stopped="0" meanWaitingTime="854.96" meanTravelTime="294.66" meanSpeed="20.79" meanSpeedRelative="0.65" duration="4"/>
    <step time="41400.00" loaded="39257" inserted="35187" running="493" waiting="4070" ended="34694" arrived="34694" collisions="57" teleports="57" halting="1" stopped="0" meanWaitingTime="868.54" meanTravelTime="295.15" meanSpeed="20.08" meanSpeedRelative="0.63" duration="4"/>
    <step time="41700.00" loaded="39785" inserted="35601" running="474" waiting="4184" ended="35127" arrived="35127" collisions="57" teleports="57" halting="5" stopped="0" meanWaitingTime="881.17" meanTravelTime="295.89" meanSpeed="20.38" meanSpeedRelative="0.64" duration="5"/>
    <step time="42000.00" loaded="40296" inserted="36033" running="493" waiting="4263" ended="35540" arrived="35540" collisions="57" teleports="57" halting="6" stopped="0" meanWaitingTime="894.81" meanTravelTime="296.38" meanSpeed="20.19" meanSpeedRelative="0.63" duration="5"/>
    <step time="42300.00" loaded="40835" inserted="36470" running="504" waiting="4365" ended="35966" arrived="35966" collisions="58" teleports="58" halting="6" stopped="0" meanWaitingTime="908.98" meanTravelTime="296.95" meanSpeed="20.08" meanSpeedRelative="0.63" duration="6"/>
    <step time="42600.00" loaded="41360" inserted="36915" running="485" waiting="4445" ended="36430" arrived="36430" collisions="58" teleports="58" halting="2" stopped="0" meanWaitingTime="922.93" meanTravelTime="297.36" meanSpeed="20.49" meanSpeedRelative="0.64" duration="5"/>
    <step time="42900.00" loaded="41898" inserted="37362" running="492" waiting="4536" ended="36870" arrived="36870" collisions="59" teleports="59" halting="3" stopped="0" meanWaitingTime="935.70" meanTravelTime="297.74" meanSpeed="20.33" meanSpeedRelative="0.64" duration="4"/>
    <step time="43200.00" loaded="42491" inserted="37825" running="521" waiting="4666" ended="37304" arrived="37304" collisions="60" teleports="60" halting="4" stopped="0" meanWaitingTime="951.00" meanTravelTime="298.36" meanSpeed="19.27" meanSpeedRelative="0.60" duration="92"/>
    <step time="43500.00" loaded="43028" inserted="38282" running="515" waiting="4746" ended="37767" arrived="37767" collisions="61" teleports="61" halting="3" stopped="0" meanWaitingTime="965.73" meanTravelTime="298.90" meanSpeed="19.59" meanSpeedRelative="0.61" duration="4"/>
    <step time="43800.00" loaded="43583" inserted="38732" running="511" waiting="4851" ended="38221" arrived="38221" collisions="61" teleports="61" halting="6" stopped="0" meanWaitingTime="980.42" meanTravelTime="299.30" meanSpeed="20.73" meanSpeedRelative="0.65" duration="5"/>
    <step time="44100.00" loaded="44092" inserted="39177" running="528" waiting="4915" ended="38649" arrived="38649" collisions="61" teleports="61" halting="7" stopped="0" meanWaitingTime="996.63" meanTravelTime="299.75" meanSpeed="19.05" meanSpeedRelative="0.60" duration="6"/>
    <step time="44400.00" loaded="44606" inserted="39641" running="530" waiting="4965" ended="39111" arrived="39111" collisions="61" teleports="61" halting="5" stopped="0" meanWaitingTime="1011.10" meanTravelTime="300.33" meanSpeed="18.90" meanSpeedRelative="0.59" duration="6"/>
    <step time="44700.00" loaded="45176" inserted="40111" running="560" waiting="5065" ended="39551" arrived="39551" collisions="63" teleports="63" halting="3" stopped="0" meanWaitingTime="1023.89" meanTravelTime="300.96" meanSpeed="18.97" meanSpeedRelative="0.59" duration="4"/>
    <step time="45000.00" loaded="45766" inserted="40566" running="555" waiting="5200" ended="40011" arrived="40011" collisions="64" teleports="64" halting="6" stopped="0" meanWaitingTime="1038.94" meanTravelTime="301.59" meanSpeed="19.15" meanSpeedRelative="0.60" duration="4"/>
    <step time="45300.00" loaded="46298" inserted="40996" running="535" waiting="5302" ended="40461" arrived="40461" collisions="65" teleports="65" halting="7" stopped="0" meanWaitingTime="1054.64" meanTravelTime="302.31" meanSpeed="19.52" meanSpeedRelative="0.61" duration="4"/>
    <step time="45600.00" loaded="46849" inserted="41461" running="558" waiting="5388" ended="40903" arrived="40903" collisions="66" teleports="66" halting="7" stopped="0" meanWaitingTime="1068.96" meanTravelTime="302.97" meanSpeed="18.02" meanSpeedRelative="0.56" duration="6"/>
    <step time="45900.00" loaded="47390" inserted="41900" running="543" waiting="5490" ended="41357" arrived="41357" collisions="67" teleports="67" halting="5" stopped="0" meanWaitingTime="1082.50" meanTravelTime="303.71" meanSpeed="18.88" meanSpeedRelative="0.59" duration="5"/>
    <step time="46200.00" loaded="47917" inserted="42340" running="546" waiting="5577" ended="41794" arrived="41794" collisions="67" teleports="67" halting="5" stopped="0" meanWaitingTime="1095.96" meanTravelTime="304.37" meanSpeed="18.83" meanSpeedRelative="0.59" duration="6"/>
    <step time="46500.00" loaded="48475" inserted="42801" running="557" waiting="5674" ended="42244" arrived="42244" collisions="68" teleports="68" halting="6" stopped="0" meanWaitingTime="1109.10" meanTravelTime="304.97" meanSpeed="18.62" meanSpeedRelative="0.58" duration="6"/>
    <step time="46800.00" loaded="49002" inserted="43258" running="570" waiting="5744" ended="42688" arrived="42688" collisions="68" teleports="68" halting="8" stopped="0" meanWaitingTime="1121.75" meanTravelTime="305.76" meanSpeed="18.59" meanSpeedRelative="0.58" duration="95"/>
    <step time="47100.00" loaded="49541" inserted="43718" running="572" waiting="5823" ended="43146" arrived="43146" collisions="70" teleports="70" halting="9" stopped="0" meanWaitingTime="1136.24" meanTravelTime="306.31" meanSpeed="18.48" meanSpeedRelative="0.58" duration="7"/>
    <step time="47400.00" loaded="50038" inserted="44155" running="558" waiting="5883" ended="43597" arrived="43597" collisions="73" teleports="73" halting="9" stopped="0" meanWaitingTime="1149.87" meanTravelTime="307.19" meanSpeed="18.95" meanSpeedRelative="0.59" duration="5"/>
    <step time="47700.00" loaded="50570" inserted="44589" running="535" waiting="5981" ended="44054" arrived="44054" collisions="74" teleports="74" halting="3" stopped="0" meanWaitingTime="1162.64" meanTravelTime="307.83" meanSpeed="19.13" meanSpeedRelative="0.60" duration="5"/>
    <step time="48000.00" loaded="51078" inserted="45041" running="565" waiting="6037" ended="44476" arrived="44476" collisions="76" teleports="76" halting="7" stopped="0" meanWaitingTime="1175.98" meanTravelTime="308.44" meanSpeed="18.88" meanSpeedRelative="0.59" duration="5"/>
    <step time="48300.00" loaded="51610" inserted="45502" running="585" waiting="6108" ended="44917" arrived="44917" collisions="77" teleports="77" halting="7" stopped="0" meanWaitingTime="1188.37" meanTravelTime="308.77" meanSpeed="18.59" meanSpeedRelative="0.58" duration="6"/>
    <step time="48600.00" loaded="52161" inserted="45997" running="608" waiting="6164" ended="45389" arrived="45389" collisions="78" teleports="78" halting="6" stopped="0" meanWaitingTime="1200.92" meanTravelTime="309.52" meanSpeed="18.50" meanSpeedRelative="0.58" duration="8"/>
    <step time="48900.00" loaded="52683" inserted="46448" running="570" waiting="6235" ended="45878" arrived="45878" collisions="78" teleports="78" halting="5" stopped="0" meanWaitingTime="1216.11" meanTravelTime="310.27" meanSpeed="18.70" meanSpeedRelative="0.58" duration="5"/>
    <step time="49200.00" loaded="53199" inserted="46922" running="584" waiting="6277" ended="46338" arrived="46338" collisions="82" teleports="82" halting="5" stopped="0" meanWaitingTime="1229.72" meanTravelTime="310.87" meanSpeed="18.49" meanSpeedRelative="0.58" duration="5"/>
    <step time="49500.00" loaded="53717" inserted="47377" running="572" waiting="6340" ended="46805" arrived="46805" collisions="83" teleports="83" halting="5" stopped="0" meanWaitingTime="1243.84" meanTravelTime="311.46" meanSpeed="19.16" meanSpeedRelative="0.60" duration="7"/>
    <step time="49800.00" loaded="54299" inserted="47830" running="551" waiting="6469" ended="47279" arrived="47279" collisions="84" teleports="84" halting="4" stopped="0" meanWaitingTime="1257.06" meanTravelTime="312.03" meanSpeed="19.26" meanSpeedRelative="0.60" duration="6"/>
    <step time="50100.00" loaded="54817" inserted="48286" running="589" waiting="6531" ended="47697" arrived="47697" collisions="85" teleports="85" halting="6" stopped="0" meanWaitingTime="1270.20" meanTravelTime="312.44" meanSpeed="18.32" meanSpeedRelative="0.57" duration="7"/>
    <step time="50400.00" loaded="55348" inserted="48751" running="586" waiting="6597" ended="48165" arrived="48165" collisions="85" teleports="85" halting="5" stopped="0" meanWaitingTime="1283.89" meanTravelTime="313.01" meanSpeed="19.39" meanSpeedRelative="0.61" duration="96"/>
    <step time="50700.00" loaded="56088" inserted="49292" running="655" waiting="6796" ended="48637" arrived="48637" collisions="85" teleports="85" halting="5" stopped="0" meanWaitingTime="1297.21" meanTravelTime="313.70" meanSpeed="18.00" meanSpeedRelative="0.56" duration="8"/>
    <step time="51000.00" loaded="56804" inserted="49802" running="700" waiting="7002" ended="49102" arrived="49102" collisions="87" teleports="87" halting="2" stopped="0" meanWaitingTime="1309.50" meanTravelTime="314.34" meanSpeed="17.51" meanSpeedRelative="0.55" duration="9"/>
    <step time="51300.00" loaded="57518" inserted="50342" running="768" waiting="7176" ended="49574" arrived="49574" collisions="89" teleports="89" halting="6" stopped="0" meanWaitingTime="1323.01" meanTravelTime="315.12" meanSpeed="16.26" meanSpeedRelative="0.51" duration="9"/>
    <step time="51600.00" loaded="58228" inserted="50845" running="767" waiting="7383" ended="50078" arrived="50078" collisions="92" teleports="92" halting="9" stopped="0" meanWaitingTime="1337.20" meanTravelTime="316.14" meanSpeed="15.51" meanSpeedRelative="0.48" duration="7"/>
    <step time="51900.00" loaded="58903" inserted="51320" running="728" waiting="7583" ended="50592" arrived="50592" collisions="97" teleports="97" halting="7" stopped="0" meanWaitingTime="1349.05" meanTravelTime="317.64" meanSpeed="14.86" meanSpeedRelative="0.46" duration="6"/>
    <step time="52200.00" loaded="59677" inserted="51881" running="798" waiting="7796" ended="51083" arrived="51083" collisions="97" teleports="97" halting="7" stopped="0" meanWaitingTime="1360.78" meanTravelTime="318.95" meanSpeed="15.03" meanSpeedRelative="0.47" duration="9"/>
    <step time="52500.00" loaded="60388" inserted="52424" running="845" waiting="7964" ended="51579" arrived="51579" collisions="99" teleports="99" halting="7" stopped="0" meanWaitingTime="1375.52" meanTravelTime="320.01" meanSpeed="13.71" meanSpeedRelative="0.43" duration="7"/>
    <step time="52800.00" loaded="61115" inserted="52946" running="857" waiting="8169" ended="52089" arrived="52089" collisions="100" teleports="100" halting="4" stopped="0" meanWaitingTime="1388.54" meanTravelTime="321.65" meanSpeed="13.93" meanSpeedRelative="0.44" duration="11"/>
    <step time="53100.00" loaded="61865" inserted="53487" running="890" waiting="8378" ended="52597" arrived="52597" collisions="106" teleports="106" halting="4" stopped="0" meanWaitingTime="1403.11" meanTravelTime="322.93" meanSpeed="13.85" meanSpeedRelative="0.43" duration="6"/>
    <step time="53400.00" loaded="62592" inserted="54006" running="919" waiting="8586" ended="53087" arrived="53087" collisions="109" teleports="109" halting="4" stopped="0" meanWaitingTime="1417.84" meanTravelTime="324.50" meanSpeed="13.21" meanSpeedRelative="0.41" duration="10"/>
    <step time="53700.00" loaded="63311" inserted="54511" running="915" waiting="8800" ended="53596" arrived="53596" collisions="112" teleports="112" halting="13" stopped="0" meanWaitingTime="1432.12" meanTravelTime="326.11" meanSpeed="12.20" meanSpeedRelative="0.38" duration="10"/>
    <step time="54000.00" loaded="64054" inserted="55032" running="927" waiting="9022" ended="54105" arrived="54105" collisions="115" teleports="115" halting="7" stopped="0" meanWaitingTime="1446.55" meanTravelTime="328.45" meanSpeed="12.41" meanSpeedRelative="0.39" duration="95"/>
    <step time="54300.00" loaded="64513" inserted="55468" running="877" waiting="9045" ended="54591" arrived="54591" collisions="116" teleports="116" halting="5" stopped="0" meanWaitingTime="1461.36" meanTravelTime="330.27" meanSpeed="12.84" meanSpeedRelative="0.40" duration="7"/>
    <step time="54600.00" loaded="64982" inserted="55934" running="886" waiting="9048" ended="55048" arrived="55048" collisions="117" teleports="117" halting="5" stopped="0" meanWaitingTime="1477.32" meanTravelTime="332.32" meanSpeed="13.02" meanSpeedRelative="0.41" duration="9"/>
    <step time="54900.00" loaded="65462" inserted="56382" running="869" waiting="9080" ended="55513" arrived="55513" collisions="118" teleports="118" halting="8" stopped="0" meanWaitingTime="1493.29" meanTravelTime="334.17" meanSpeed="13.14" meanSpeedRelative="0.41" duration="9"/>
    <step time="55200.00" loaded="65911" inserted="56811" running="780" waiting="9100" ended="56031" arrived="56031" collisions="118" teleports="118" halting="7" stopped="0" meanWaitingTime="1510.36" meanTravelTime="336.47" meanSpeed="13.54" meanSpeedRelative="0.42" duration="9"/>
    <step time="55500.00" loaded="66361" inserted="57231" running="759" waiting="9130" ended="56472" arrived="56472" collisions="123" teleports="123" halting="9" stopped="0" meanWaitingTime="1527.60" meanTravelTime="338.14" meanSpeed="13.82" meanSpeedRelative="0.43" duration="10"/>
    <step time="55800.00" loaded="66834" inserted="57672" running="748" waiting="9162" ended="56924" arrived="56924" collisions="125" teleports="125" halting="5" stopped="0" meanWaitingTime="1545.68" meanTravelTime="339.70" meanSpeed="14.49" meanSpeedRelative="0.45" duration="10"/>
    <step time="56100.00" loaded="67284" inserted="58087" running="663" waiting="9197" ended="57424" arrived="57424" collisions="126" teleports="126" halting="4" stopped="0" meanWaitingTime="1564.06" meanTravelTime="341.03" meanSpeed="15.59" meanSpeedRelative="0.49" duration="10"/>
    <step time="56400.00" loaded="67713" inserted="58512" running="640" waiting="9201" ended="57872" arrived="57872" collisions="128" teleports="128" halting="8" stopped="0" meanWaitingTime="1582.78" meanTravelTime="342.45" meanSpeed="16.08" meanSpeedRelative="0.50" duration="8"/>
    <step time="56700.00" loaded="68195" inserted="58954" running="630" waiting="9241" ended="58324" arrived="58324" collisions="128" teleports="128" halting="6" stopped="0" meanWaitingTime="1597.46" meanTravelTime="343.36" meanSpeed="16.37" meanSpeedRelative="0.51" duration="9"/>
    <step time="57000.00" loaded="68631" inserted="59385" running="605" waiting="9246" ended="58780" arrived="58780" collisions="128" teleports="128" halting="6" stopped="0" meanWaitingTime="1614.44" meanTravelTime="344.04" meanSpeed="16.93" meanSpeedRelative="0.53" duration="9"/>
    <step time="57300.00" loaded="69093" inserted="59835" running="605" waiting="9258" ended="59230" arrived="59230" collisions="130" teleports="130" halting="7" stopped="0" meanWaitingTime="1632.33" meanTravelTime="344.62" meanSpeed="17.41" meanSpeedRelative="0.54" duration="8"/>
    <step time="57600.00" loaded="69550" inserted="60251" running="565" waiting="9299" ended="59686" arrived="59686" collisions="130" teleports="130" halting="6" stopped="0" meanWaitingTime="1649.55" meanTravelTime="345.19" meanSpeed="18.04" meanSpeedRelative="0.56" duration="87"/>
    <step time="57900.00" loaded="70123" inserted="60726" running="591" waiting="9397" ended="60135" arrived="60135" collisions="132" teleports="132" halting="9" stopped="0" meanWaitingTime="1666.13" meanTravelTime="345.58" meanSpeed="18.08" meanSpeedRelative="0.56" duration="8"/>
    <step time="58200.00" loaded="70623" inserted="61181" running="566" waiting="9442" ended="60615" arrived="60615" collisions="133" teleports="133" halting="6" stopped="0" meanWaitingTime="1681.48" meanTravelTime="346.04" meanSpeed="18.54" meanSpeedRelative="0.58" duration="7"/>
    <step time="58500.00" loaded="71182" inserted="61660" running="596" waiting="9522" ended="61064" arrived="61064" collisions="133" teleports="133" halting="6" stopped="0" meanWaitingTime="1697.55" meanTravelTime="346.22" meanSpeed="18.34" meanSpeedRelative="0.57" duration="6"/>
    <step time="58800.00" loaded="71733" inserted="62127" running="621" waiting="9606" ended="61506" arrived="61506" collisions="133" teleports="133" halting="4" stopped="0" meanWaitingTime="1714.06" meanTravelTime="346.32" meanSpeed="17.82" meanSpeedRelative="0.56" duration="9"/>
    <step time="59100.00" loaded="72304" inserted="62599" running="624" waiting="9705" ended="61975" arrived="61975" collisions="134" teleports="134" halting="4" stopped="0" meanWaitingTime="1730.16" meanTravelTime="346.61" meanSpeed="17.50" meanSpeedRelative="0.55" duration="9"/>
    <step time="59400.00" loaded="72876" inserted="63103" running="677" waiting="9773" ended="62426" arrived="62426" collisions="134" teleports="134" halting="2" stopped="0" meanWaitingTime="1745.79" meanTravelTime="346.90" meanSpeed="17.73" meanSpeedRelative="0.55" duration="7"/>
    <step time="59700.00" loaded="73451" inserted="63572" running="650" waiting="9879" ended="62922" arrived="62922" collisions="136" teleports="136" halting="4" stopped="0" meanWaitingTime="1761.05" meanTravelTime="347.37" meanSpeed="17.16" meanSpeedRelative="0.54" duration="9"/>
    <step time="60000.00" loaded="73995" inserted="64027" running="638" waiting="9968" ended="63389" arrived="63389" collisions="137" teleports="137" halting="6" stopped="0" meanWaitingTime="1777.93" meanTravelTime="348.08" meanSpeed="17.54" meanSpeedRelative="0.55" duration="8"/>
    <step time="60300.00" loaded="74601" inserted="64498" running="643" waiting="10103" ended="63855" arrived="63855" collisions="138" teleports="138" halting="6" stopped="0" meanWaitingTime="1793.62" meanTravelTime="348.66" meanSpeed="16.99" meanSpeedRelative="0.53" duration="9"/>
    <step time="60600.00" loaded="75163" inserted="64990" running="688" waiting="10173" ended="64302" arrived="64302" collisions="140" teleports="140" halting="4" stopped="0" meanWaitingTime="1811.27" meanTravelTime="349.00" meanSpeed="16.97" meanSpeedRelative="0.53" duration="9"/>
    <step time="60900.00" loaded="75726" inserted="65432" running="631" waiting="10294" ended="64801" arrived="64801" collisions="142" teleports="142" halting="9" stopped="0" meanWaitingTime="1826.41" meanTravelTime="349.46" meanSpeed="17.54" meanSpeedRelative="0.55" duration="7"/>
    <step time="61200.00" loaded="76269" inserted="65915" running="633" waiting="10354" ended="65282" arrived="65282" collisions="145" teleports="145" halting="2" stopped="0" meanWaitingTime="1841.17" meanTravelTime="349.99" meanSpeed="17.79" meanSpeedRelative="0.56" duration="87"/>
    <step time="61500.00" loaded="76331" inserted="66233" running="532" waiting="10098" ended="65701" arrived="65701" collisions="145" teleports="145" halting="3" stopped="0" meanWaitingTime="1863.84" meanTravelTime="350.50" meanSpeed="18.77" meanSpeedRelative="0.59" duration="7"/>
    <step time="61800.00" loaded="76417" inserted="66570" running="471" waiting="9847" ended="66099" arrived="66099" collisions="147" teleports="147" halting="9" stopped="0" meanWaitingTime="1889.55" meanTravelTime="351.06" meanSpeed="19.74" meanSpeedRelative="0.62" duration="8"/>
    <step time="62100.00" loaded="76481" inserted="66884" running="426" waiting="9597" ended="66458" arrived="66458" collisions="148" teleports="148" halting="8" stopped="0" meanWaitingTime="1912.25" meanTravelTime="351.67" meanSpeed="19.93" meanSpeedRelative="0.62" duration="8"/>
    <step time="62400.00" loaded="76557" inserted="67209" running="414" waiting="9348" ended="66795" arrived="66795" collisions="149" teleports="149" halting="2" stopped="0" meanWaitingTime="1936.45" meanTravelTime="351.95" meanSpeed="20.34" meanSpeedRelative="0.64" duration="12"/>
    <step time="62700.00" loaded="76624" inserted="67547" running="407" waiting="9077" ended="67140" arrived="67140" collisions="151" teleports="151" halting="4" stopped="0" meanWaitingTime="1961.56" meanTravelTime="352.06" meanSpeed="19.31" meanSpeedRelative="0.60" duration="4"/>
    <step time="63000.00" loaded="76692" inserted="67811" running="355" waiting="8881" ended="67456" arrived="67456" collisions="151" teleports="151" halting="12" stopped="0" meanWaitingTime="1982.47" meanTravelTime="352.18" meanSpeed="20.47" meanSpeedRelative="0.64" duration="7"/>
    <step time="63300.00" loaded="76767" inserted="68041" running="286" waiting="8726" ended="67755" arrived="67755" collisions="151" teleports="151" halting="8" stopped="0" meanWaitingTime="2002.92" meanTravelTime="352.39" meanSpeed="21.84" meanSpeedRelative="0.68" duration="3"/>
    <step time="63600.00" loaded="76856" inserted="68253" running="232" waiting="8603" ended="68021" arrived="68021" collisions="151" teleports="151" halting="4" stopped="0" meanWaitingTime="2023.03" meanTravelTime="352.45" meanSpeed="21.68" meanSpeedRelative="0.68" duration="3"/>
    <step time="63900.00" loaded="76935" inserted="68447" running="197" waiting="8488" ended="68250" arrived="68250" collisions="151" teleports="151" halting="4" stopped="0" meanWaitingTime="2039.58" meanTravelTime="352.45" meanSpeed="20.46" meanSpeedRelative="0.64" duration="4"/>
    <step time="64200.00" loaded="77003" inserted="68660" running="216" waiting="8343" ended="68444" arrived="68444" collisions="151" teleports="151" halting="5" stopped="0" meanWaitingTime="2059.34" meanTravelTime="352.33" meanSpeed="21.60" meanSpeedRelative="0.67" duration="3"/>
    <step time="64500.00" loaded="77065" inserted="68848" running="208" waiting="8217" ended="68640" arrived="68640" collisions="151" teleports="151" halting="9" stopped="0" meanWaitingTime="2076.92" meanTravelTime="352.14" meanSpeed="21.30" meanSpeedRelative="0.67" duration="3"/>
    <step time="64800.00" loaded="77118" inserted="69039" running="202" waiting="8079" ended="68837" arrived="68837" collisions="151" teleports="151" halting="3" stopped="0" meanWaitingTime="2098.21" meanTravelTime="352.05" meanSpeed="21.78" meanSpeedRelative="0.68" duration="97"/>
    <step time="65100.00" loaded="77168" inserted="69227" running="197" waiting="7941" ended="69030" arrived="69030" collisions="151" teleports="151" halting="1" stopped="0" meanWaitingTime="2119.16" meanTravelTime="351.93" meanSpeed="22.89" meanSpeedRelative="0.72" duration="2"/>
    <step time="65400.00" loaded="77209" inserted="69451" running="206" waiting="7758" ended="69245" arrived="69245" collisions="151" teleports="151" halting="7" stopped="0" meanWaitingTime="2147.14" meanTravelTime="351.78" meanSpeed="21.57" meanSpeedRelative="0.67" duration="3"/>
    <step time="65700.00" loaded="77269" inserted="69642" running="220" waiting="7627" ended="69422" arrived="69422" collisions="151" teleports="151" halting="6" stopped="0" meanWaitingTime="2164.23" meanTravelTime="351.65" meanSpeed="21.77" meanSpeedRelative="0.68" duration="3"/>
    <step time="66000.00" loaded="77311" inserted="69845" running="221" waiting="7466" ended="69624" arrived="69624" collisions="151" teleports="151" halting="1" stopped="0" meanWaitingTime="2187.41" meanTravelTime="351.59" meanSpeed="20.76" meanSpeedRelative="0.65" duration="3"/>
    <step time="66300.00" loaded="77362" inserted="70040" running="190" waiting="7322" ended="69850" arrived="69850" collisions="151" teleports="151" halting="3" stopped="0" meanWaitingTime="2208.87" meanTravelTime="351.41" meanSpeed="22.52" meanSpeedRelative="0.70" duration="3"/>
    <step time="66600.00" loaded="77417" inserted="70178" running="123" waiting="7239" ended="70055" arrived="70055" collisions="151" teleports="151" halting="5" stopped="0" meanWaitingTime="2229.46" meanTravelTime="351.27" meanSpeed="20.72" meanSpeedRelative="0.65" duration="2"/>
    <step time="66900.00" loaded="77472" inserted="70316" running="116" waiting="7156" ended="70200" arrived="70200" collisions="151" teleports="151" halting="4" stopped="0" meanWaitingTime="2248.88" meanTravelTime="351.19" meanSpeed="20.12" meanSpeedRelative="0.63" duration="2"/>
    <step time="67200.00" loaded="77526" inserted="70443" running="115" waiting="7083" ended="70328" arrived="70328" collisions="151" teleports="151" halting="4" stopped="0" meanWaitingTime="2265.76" meanTravelTime="351.09" meanSpeed="19.87" meanSpeedRelative="0.62" duration="2"/>
    <step time="67500.00" loaded="77575" inserted="70567" running="100" waiting="7008" ended="70467" arrived="70467" collisions="151" teleports="151" halting="5" stopped="0" meanWaitingTime="2284.64" meanTravelTime="350.88" meanSpeed="19.39" meanSpeedRelative="0.61" duration="2"/>
    <step time="67800.00" loaded="77631" inserted="70705" running="114" waiting="6926" ended="70591" arrived="70591" collisions="151" teleports="151" halting="5" stopped="0" meanWaitingTime="2304.12" meanTravelTime="350.72" meanSpeed="21.38" meanSpeedRelative="0.67" duration="2"/>
    <step time="68100.00" loaded="77680" inserted="70836" running="113" waiting="6844" ended="70723" arrived="70723" collisions="151" teleports="151" halting="1" stopped="0" meanWaitingTime="2323.97" meanTravelTime="350.50" meanSpeed="21.55" meanSpeedRelative="0.67" duration="2"/>
    <step time="68400.00" loaded="77716" inserted="70971" running="113" waiting="6745" ended="70858" arrived="70858" collisions="151" teleports="151" halting="5" stopped="0" meanWaitingTime="2345.75" meanTravelTime="350.28" meanSpeed="20.61" meanSpeedRelative="0.64" duration="97"/>
    <step time="68700.00" loaded="77870" inserted="71156" running="153" waiting="6714" ended="71003" arrived="71003" collisions="151" teleports="151" halting="4" stopped="0" meanWaitingTime="2359.26" meanTravelTime="350.09" meanSpeed="20.76" meanSpeedRelative="0.65" duration="2"/>
    <step time="69000.00" loaded="78036" inserted="71354" running="186" waiting="6682" ended="71168" arrived="71168" collisions="151" teleports="151" halting="8" stopped="0" meanWaitingTime="2373.12" meanTravelTime="349.88" meanSpeed="20.92" meanSpeedRelative="0.65" duration="3"/>
    <step time="69300.00" loaded="78187" inserted="71543" running="184" waiting="6644" ended="71359" arrived="71359" collisions="151" teleports="151" halting="2" stopped="0" meanWaitingTime="2387.66" meanTravelTime="349.70" meanSpeed="22.71" meanSpeedRelative="0.71" duration="3"/>
    <step time="69600.00" loaded="78340" inserted="71746" running="171" waiting="6594" ended="71575" arrived="71575" collisions="151" teleports="151" halting="5" stopped="0" meanWaitingTime="2404.20" meanTravelTime="349.44" meanSpeed="22.05" meanSpeedRelative="0.69" duration="3"/>
    <step time="69900.00" loaded="78495" inserted="71936" running="165" waiting="6559" ended="71771" arrived="71771" collisions="151" teleports="151" halting="8" stopped="0" meanWaitingTime="2419.64" meanTravelTime="349.31" meanSpeed="21.79" meanSpeedRelative="0.68" duration="4"/>
    <step time="70200.00" loaded="78658" inserted="72140" running="185" waiting="6518" ended="71955" arrived="71955" collisions="153" teleports="153" halting="4" stopped="0" meanWaitingTime="2435.59" meanTravelTime="349.09" meanSpeed="21.60" meanSpeedRelative="0.68" duration="3"/>
    <step time="70500.00" loaded="78839" inserted="72356" running="191" waiting="6483" ended="72165" arrived="72165" collisions="154" teleports="154" halting="6" stopped="0" meanWaitingTime="2452.21" meanTravelTime="348.86" meanSpeed="22.20" meanSpeedRelative="0.69" duration="3"/>
    <step time="70800.00" loaded="78995" inserted="72557" running="200" waiting="6438" ended="72357" arrived="72357" collisions="155" teleports="155" halting="6" stopped="0" meanWaitingTime="2467.82" meanTravelTime="348.70" meanSpeed="21.82" meanSpeedRelative="0.68" duration="3"/>
    <step time="71100.00" loaded="79134" inserted="72736" running="177" waiting="6398" ended="72559" arrived="72559" collisions="155" teleports="155" halting="3" stopped="0" meanWaitingTime="2483.24" meanTravelTime="348.53" meanSpeed="22.18" meanSpeedRelative="0.69" duration="2"/>
    <step time="71400.00" loaded="79295" inserted="72940" running="178" waiting="6355" ended="72762" arrived="72762" collisions="155" teleports="155" halting="2" stopped="0" meanWaitingTime="2499.59" meanTravelTime="348.34" meanSpeed="21.46" meanSpeedRelative="0.67" duration="2"/>
    <step time="71700.00" loaded="79426" inserted="73117" running="162" waiting="6309" ended="72955" arrived="72955" collisions="155" teleports="155" halting="5" stopped="0" meanWaitingTime="2516.75" meanTravelTime="348.18" meanSpeed="21.22" meanSpeedRelative="0.66" duration="2"/>
    <step time="72000.00" loaded="79590" inserted="73322" running="185" waiting="6268" ended="73137" arrived="73137" collisions="155" teleports="155" halting="4" stopped="0" meanWaitingTime="2531.86" meanTravelTime="347.99" meanSpeed="20.68" meanSpeedRelative="0.65" duration="86"/>
    <step time="72300.00" loaded="79721" inserted="73503" running="178" waiting="6218" ended="73325" arrived="73325" collisions="155" teleports="155" halting="5" stopped="0" meanWaitingTime="2548.41" meanTravelTime="347.78" meanSpeed="21.60" meanSpeedRelative="0.67" duration="4"/>
    <step time="72600.00" loaded="79856" inserted="73682" running="160" waiting="6174" ended="73522" arrived="73522" collisions="155" teleports="155" halting="11" stopped="0" meanWaitingTime="2564.73" meanTravelTime="347.59" meanSpeed="21.22" meanSpeedRelative="0.66" duration="2"/>
    <step time="72900.00" loaded="79984" inserted="73866" running="160" waiting="6118" ended="73706" arrived="73706" collisions="155" teleports="155" halting="8" stopped="0" meanWaitingTime="2580.97" meanTravelTime="347.42" meanSpeed="20.49" meanSpeedRelative="0.64" duration="2"/>
    <step time="73200.00" loaded="80127" inserted="74054" running="169" waiting="6073" ended="73885" arrived="73885" collisions="155" teleports="155" halting="8" stopped="0" meanWaitingTime="2598.93" meanTravelTime="347.21" meanSpeed="21.65" meanSpeedRelative="0.68" duration="2"/>
    <step time="73500.00" loaded="80262" inserted="74228" running="160" waiting="6034" ended="74068" arrived="74068" collisions="155" teleports="155" halting="5" stopped="0" meanWaitingTime="2615.94" meanTravelTime="347.02" meanSpeed="21.14" meanSpeedRelative="0.66" duration="1"/>
    <step time="73800.00" loaded="80388" inserted="74393" running="156" waiting="5995" ended="74237" arrived="74237" collisions="155" teleports="155" halting="3" stopped="0" meanWaitingTime="2634.64" meanTravelTime="346.86" meanSpeed="21.24" meanSpeedRelative="0.66" duration="2"/>
    <step time="74100.00" loaded="80546" inserted="74598" running="182" waiting="5948" ended="74416" arrived="74416" collisions="155" teleports="155" halting="4" stopped="0" meanWaitingTime="2653.72" meanTravelTime="346.66" meanSpeed="22.08" meanSpeedRelative="0.69" duration="2"/>
    <step time="74400.00" loaded="80686" inserted="74792" running="171" waiting="5894" ended="74621" arrived="74621" collisions="155" teleports="155" halting="4" stopped="0" meanWaitingTime="2672.63" meanTravelTime="346.44" meanSpeed="21.28" meanSpeedRelative="0.66" duration="2"/>
    <step time="74700.00" loaded="80819" inserted="74971" running="164" waiting="5848" ended="74807" arrived="74807" collisions="155" teleports="155" halting="9" stopped="0" meanWaitingTime="2689.60" meanTravelTime="346.27" meanSpeed="21.76" meanSpeedRelative="0.68" duration="2"/>
    <step time="75000.00" loaded="80937" inserted="75140" running="150" waiting="5797" ended="74990" arrived="74990" collisions="155" teleports="155" halting="3" stopped="0" meanWaitingTime="2707.71" meanTravelTime="346.08" meanSpeed="21.82" meanSpeedRelative="0.68" duration="2"/>
    <step time="75300.00" loaded="81080" inserted="75335" running="162" waiting="5745" ended="75173" arrived="75173" collisions="155" teleports="155" halting="4" stopped="0" meanWaitingTime="2725.97" meanTravelTime="345.90" meanSpeed="21.73" meanSpeedRelative="0.68" duration="2"/>
    <step time="75600.00" loaded="81226" inserted="75525" running="175" waiting="5701" ended="75350" arrived="75350" collisions="155" teleports="155" halting="7" stopped="0" meanWaitingTime="2744.68" meanTravelTime="345.68" meanSpeed="21.80" meanSpeedRelative="0.68" duration="84"/>
    <step time="75900.00" loaded="81412" inserted="75751" running="205" waiting="5661" ended="75546" arrived="75546" collisions="155" teleports="155" halting="6" stopped="0" meanWaitingTime="2761.63" meanTravelTime="345.43" meanSpeed="21.27" meanSpeedRelative="0.66" duration="2"/>
    <step time="76200.00" loaded="81625" inserted="75991" running="228" waiting="5634" ended="75763" arrived="75763" collisions="155" teleports="155" halting="4" stopped="0" meanWaitingTime="2778.25" meanTravelTime="345.29" meanSpeed="21.96" meanSpeedRelative="0.69" duration="2"/>
    <step time="76500.00" loaded="81820" inserted="76220" running="212" waiting="5600" ended="76008" arrived="76008" collisions="156" teleports="156" halting="3" stopped="0" meanWaitingTime="2794.12" meanTravelTime="345.04" meanSpeed="23.10" meanSpeedRelative="0.72" duration="2"/>
    <step time="76800.00" loaded="82035" inserted="76479" running="237" waiting="5556" ended="76242" arrived="76242" collisions="156" teleports="156" halting="5" stopped="0" meanWaitingTime="2811.73" meanTravelTime="344.81" meanSpeed="22.13" meanSpeedRelative="0.69" duration="2"/>
    <step time="77100.00" loaded="82219" inserted="76698" running="218" waiting="5521" ended="76480" arrived="76480" collisions="156" teleports="156" halting="6" stopped="0" meanWaitingTime="2828.50" meanTravelTime="344.62" meanSpeed="21.68" meanSpeedRelative="0.68" duration="2"/>
    <step time="77400.00" loaded="82406" inserted="76901" running="204" waiting="5505" ended="76697" arrived="76697" collisions="156" teleports="156" halting="1" stopped="0" meanWaitingTime="2844.74" meanTravelTime="344.48" meanSpeed="21.84" meanSpeedRelative="0.68" duration="2"/>
    <step time="77700.00" loaded="82617" inserted="77126" running="212" waiting="5491" ended="76914" arrived="76914" collisions="156" teleports="156" halting="4" stopped="0" meanWaitingTime="2860.33" meanTravelTime="344.33" meanSpeed="22.08" meanSpeedRelative="0.69" duration="3"/>
    <step time="78000.00" loaded="82798" inserted="77340" running="219" waiting="5458" ended="77121" arrived="77121" collisions="156" teleports="156" halting="5" stopped="0" meanWaitingTime="2876.49" meanTravelTime="344.17" meanSpeed="21.95" meanSpeedRelative="0.69" duration="2"/>
    <step time="78300.00" loaded="82980" inserted="77551" running="187" waiting="5429" ended="77364" arrived="77364" collisions="156" teleports="156" halting="7" stopped="0" meanWaitingTime="2892.11" meanTravelTime="343.96" meanSpeed="21.13" meanSpeedRelative="0.66" duration="2"/>
    <step time="78600.00" loaded="83195" inserted="77779" running="215" waiting="5416" ended="77564" arrived="77564" collisions="156" teleports="156" halting="4" stopped="0" meanWaitingTime="2906.00" meanTravelTime="343.83" meanSpeed="22.24" meanSpeedRelative="0.70" duration="2"/>
    <step time="78900.00" loaded="83382" inserted="77993" running="191" waiting="5389" ended="77802" arrived="77802" collisions="156" teleports="156" halting="1" stopped="0" meanWaitingTime="2923.00" meanTravelTime="343.62" meanSpeed="23.04" meanSpeedRelative="0.72" duration="2"/>
    <step time="79200.00" loaded="83552" inserted="78195" running="186" waiting="5357" ended="78009" arrived="78009" collisions="156" teleports="156" halting="3" stopped="0" meanWaitingTime="2938.91" meanTravelTime="343.40" meanSpeed="23.03" meanSpeedRelative="0.72" duration="84"/>
    <step time="79500.00" loaded="83744" inserted="78412" running="207" waiting="5332" ended="78205" arrived="78205" collisions="156" teleports="156" halting="4" stopped="0" meanWaitingTime="2954.57" meanTravelTime="343.25" meanSpeed="22.09" meanSpeedRelative="0.69" duration="2"/>
    <step time="79800.00" loaded="83927" inserted="78641" running="219" waiting="5286" ended="78422" arrived="78422" collisions="156" teleports="156" halting="7" stopped="0" meanWaitingTime="2970.38" meanTravelTime="343.07" meanSpeed="22.11" meanSpeedRelative="0.69" duration="2"/>
    <step time="80100.00" loaded="84113" inserted="78863" running="198" waiting="5250" ended="78665" arrived="78665" collisions="156" teleports="156" halting="1" stopped="0" meanWaitingTime="2985.95" meanTravelTime="342.88" meanSpeed="22.25" meanSpeedRelative="0.70" duration="2"/>
    <step time="80400.00" loaded="84283" inserted="79072" running="202" waiting="5211" ended="78870" arrived="78870" collisions="157" teleports="157" halting="4" stopped="0" meanWaitingTime="3001.79" meanTravelTime="342.71" meanSpeed="22.38" meanSpeedRelative="0.70" duration="2"/>
    <step time="80700.00" loaded="84457" inserted="79279" running="170" waiting="5178" ended="79109" arrived="79109" collisions="159" teleports="159" halting="5" stopped="0" meanWaitingTime="3018.26" meanTravelTime="342.52" meanSpeed="20.92" meanSpeedRelative="0.65" duration="2"/>
    <step time="81000.00" loaded="84606" inserted="79459" running="167" waiting="5147" ended="79292" arrived="79292" collisions="159" teleports="159" halting="4" stopped="0" meanWaitingTime="3034.09" meanTravelTime="342.34" meanSpeed="21.92" meanSpeedRelative="0.69" duration="2"/>
    <step time="81300.00" loaded="84792" inserted="79675" running="202" waiting="5117" ended="79473" arrived="79473" collisions="160" teleports="160" halting="5" stopped="0" meanWaitingTime="3049.33" meanTravelTime="342.13" meanSpeed="22.43" meanSpeedRelative="0.70" duration="2"/>
    <step time="81600.00" loaded="84952" inserted="79874" running="195" waiting="5078" ended="79679" arrived="79679" collisions="160" teleports="160" halting="7" stopped="0" meanWaitingTime="3064.81" meanTravelTime="341.96" meanSpeed="20.86" meanSpeedRelative="0.65" duration="2"/>
    <step time="81900.00" loaded="85147" inserted="80086" running="194" waiting="5061" ended="79892" arrived="79892" collisions="160" teleports="160" halting="3" stopped="0" meanWaitingTime="3077.90" meanTravelTime="341.76" meanSpeed="22.14" meanSpeedRelative="0.69" duration="2"/>
    <step time="82200.00" loaded="85329" inserted="80300" running="193" waiting="5029" ended="80107" arrived="80107" collisions="160" teleports="160" halting="6" stopped="0" meanWaitingTime="3091.31" meanTravelTime="341.65" meanSpeed="21.63" meanSpeedRelative="0.68" duration="2"/>
    <step time="82500.00" loaded="85501" inserted="80498" running="193" waiting="5003" ended="80305" arrived="80305" collisions="160" teleports="160" halting="3" stopped="0" meanWaitingTime="3104.77" meanTravelTime="341.54" meanSpeed="21.89" meanSpeedRelative="0.68" duration="1"/>
</summary>
