<?xml version="1.0" encoding="UTF-8"?>

<!-- generated on 2025-08-08 09:14:57 by Eclipse SUMO sumo Version 1.23.1
<sumoConfiguration xmlns:xsi="http://www.w3.org/2001/XMLSchema-instance" xsi:noNamespaceSchemaLocation="http://sumo.dlr.de/xsd/sumoConfiguration.xsd">

    <input>
        <net-file value="Desktop\Master Thesis\Network_fin.net.xml"/>
        <route-files value="Desktop\Master Thesis\demand_model_amsterdam.rou.xml"/>
        <additional-files value="Desktop\Master Thesis\Additionnal.add.xml"/>
    </input>

    <output>
        <summary-output value="outputf/summary_coor_alinea_3neigh_method1_K80_target5_38349.xml"/>
        <summary-output.period value="300"/>
        <tripinfo-output value="outputf/tripinfo_coor_alinea_3neigh_method1_K80_target5_38349.xml"/>
    </output>

    <time>
        <begin value="0"/>
        <end value="82800"/>
        <step-length value="1"/>
    </time>

    <processing>
        <time-to-teleport value="-1"/>
    </processing>

    <report>
        <verbose value="true"/>
        <no-step-log value="true"/>
    </report>

    <emissions>
        <device.emissions.period value="10"/>
    </emissions>

    <traci_server>
        <remote-port value="50994"/>
    </traci_server>

    <random_number>
        <seed value="38349"/>
    </random_number>

</sumoConfiguration>
-->

<summary xmlns:xsi="http://www.w3.org/2001/XMLSchema-instance" xsi:noNamespaceSchemaLocation="http://sumo.dlr.de/xsd/summary_file.xsd">
    <step time="0.00" loaded="0" inserted="0" running="0" waiting="0" ended="0" arrived="0" collisions="0" teleports="0" halting="0" stopped="0" meanWaitingTime="-1.00" meanTravelTime="-1.00" meanSpeed="-1.00" meanSpeedRelative="-1.00" duration="0"/>
    <step time="300.00" loaded="149" inserted="149" running="95" waiting="0" ended="54" arrived="54" collisions="0" teleports="0" halting="0" stopped="0" meanWaitingTime="0.21" meanTravelTime="98.39" meanSpeed="25.52" meanSpeedRelative="0.80" duration="1"/>
    <step time="600.00" loaded="335" inserted="335" running="148" waiting="0" ended="187" arrived="187" collisions="0" teleports="0" halting="1" stopped="0" meanWaitingTime="0.34" meanTravelTime="149.30" meanSpeed="24.98" meanSpeedRelative="0.78" duration="1"/>
    <step time="900.00" loaded="510" inserted="510" running="159" waiting="0" ended="351" arrived="351" collisions="1" teleports="1" halting="0" stopped="0" meanWaitingTime="0.36" meanTravelTime="176.68" meanSpeed="24.57" meanSpeedRelative="0.77" duration="1"/>
    <step time="1200.00" loaded="677" inserted="677" running="154" waiting="0" ended="523" arrived="523" collisions="2" teleports="2" halting="0" stopped="0" meanWaitingTime="0.35" meanTravelTime="206.27" meanSpeed="25.54" meanSpeedRelative="0.80" duration="1"/>
    <step time="1500.00" loaded="840" inserted="840" running="144" waiting="0" ended="696" arrived="696" collisions="2" teleports="2" halting="0" stopped="0" meanWaitingTime="0.33" meanTravelTime="225.19" meanSpeed="25.73" meanSpeedRelative="0.80" duration="1"/>
    <step time="1800.00" loaded="1044" inserted="1044" running="168" waiting="0" ended="876" arrived="876" collisions="3" teleports="3" halting="1" stopped="0" meanWaitingTime="0.38" meanTravelTime="234.49" meanSpeed="23.88" meanSpeedRelative="0.75" duration="2"/>
    <step time="2100.00" loaded="1218" inserted="1218" running="160" waiting="0" ended="1058" arrived="1058" collisions="3" teleports="3" halting="1" stopped="0" meanWaitingTime="0.37" meanTravelTime="240.15" meanSpeed="24.92" meanSpeedRelative="0.78" duration="1"/>
    <step time="2400.00" loaded="1413" inserted="1413" running="173" waiting="0" ended="1240" arrived="1240" collisions="3" teleports="3" halting="0" stopped="0" meanWaitingTime="0.42" meanTravelTime="242.04" meanSpeed="25.03" meanSpeedRelative="0.78" duration="2"/>
    <step time="2700.00" loaded="1567" inserted="1567" running="145" waiting="0" ended="1422" arrived="1422" collisions="3" teleports="3" halting="1" stopped="0" meanWaitingTime="0.40" meanTravelTime="247.41" meanSpeed="24.78" meanSpeedRelative="0.77" duration="1"/>
    <step time="3000.00" loaded="1744" inserted="1743" running="161" waiting="1" ended="1582" arrived="1582" collisions="3" teleports="3" halting="0" stopped="0" meanWaitingTime="0.40" meanTravelTime="250.73" meanSpeed="25.49" meanSpeedRelative="0.80" duration="1"/>
    <step time="3300.00" loaded="1933" inserted="1931" running="169" waiting="2" ended="1762" arrived="1762" collisions="4" teleports="4" halting="1" stopped="0" meanWaitingTime="0.52" meanTravelTime="250.95" meanSpeed="24.80" meanSpeedRelative="0.78" duration="2"/>
    <step time="3600.00" loaded="2111" inserted="2103" running="158" waiting="8" ended="1945" arrived="1945" collisions="4" teleports="4" halting="1" stopped="0" meanWaitingTime="0.88" meanTravelTime="252.92" meanSpeed="24.90" meanSpeedRelative="0.78" duration="83"/>
    <step time="3900.00" loaded="2208" inserted="2204" running="97" waiting="4" ended="2107" arrived="2107" collisions="4" teleports="4" halting="4" stopped="0" meanWaitingTime="1.71" meanTravelTime="255.34" meanSpeed="23.72" meanSpeedRelative="0.74" duration="1"/>
    <step time="4200.00" loaded="2323" inserted="2323" running="97" waiting="0" ended="2226" arrived="2226" collisions="4" teleports="4" halting="0" stopped="0" meanWaitingTime="1.87" meanTravelTime="258.56" meanSpeed="25.28" meanSpeedRelative="0.79" duration="1"/>
    <step time="4500.00" loaded="2431" inserted="2431" running="101" waiting="0" ended="2330" arrived="2330" collisions="4" teleports="4" halting="0" stopped="0" meanWaitingTime="1.79" meanTravelTime="257.45" meanSpeed="25.00" meanSpeedRelative="0.78" duration="0"/>
    <step time="4800.00" loaded="2531" inserted="2531" running="76" waiting="0" ended="2455" arrived="2455" collisions="4" teleports="4" halting="1" stopped="0" meanWaitingTime="1.72" meanTravelTime="259.03" meanSpeed="26.22" meanSpeedRelative="0.82" duration="0"/>
    <step time="5100.00" loaded="2633" inserted="2633" running="76" waiting="0" ended="2557" arrived="2557" collisions="4" teleports="4" halting="0" stopped="0" meanWaitingTime="1.66" meanTravelTime="257.50" meanSpeed="25.48" meanSpeedRelative="0.80" duration="0"/>
    <step time="5400.00" loaded="2751" inserted="2751" running="87" waiting="0" ended="2664" arrived="2664" collisions="5" teleports="5" halting="1" stopped="0" meanWaitingTime="1.59" meanTravelTime="256.65" meanSpeed="25.93" meanSpeedRelative="0.81" duration="0"/>
    <step time="5700.00" loaded="2876" inserted="2876" running="98" waiting="0" ended="2778" arrived="2778" collisions="5" teleports="5" halting="1" stopped="0" meanWaitingTime="1.53" meanTravelTime="256.51" meanSpeed="25.84" meanSpeedRelative="0.81" duration="0"/>
    <step time="6000.00" loaded="2977" inserted="2977" running="89" waiting="0" ended="2888" arrived="2888" collisions="5" teleports="5" halting="1" stopped="0" meanWaitingTime="1.49" meanTravelTime="255.43" meanSpeed="26.55" meanSpeedRelative="0.83" duration="1"/>
    <step time="6300.00" loaded="3093" inserted="3093" running="97" waiting="0" ended="2996" arrived="2996" collisions="5" teleports="5" halting="0" stopped="0" meanWaitingTime="1.45" meanTravelTime="255.71" meanSpeed="25.65" meanSpeedRelative="0.80" duration="0"/>
    <step time="6600.00" loaded="3194" inserted="3194" running="85" waiting="0" ended="3109" arrived="3109" collisions="5" teleports="5" halting="0" stopped="0" meanWaitingTime="1.41" meanTravelTime="255.00" meanSpeed="25.43" meanSpeedRelative="0.79" duration="0"/>
    <step time="6900.00" loaded="3319" inserted="3319" running="94" waiting="0" ended="3225" arrived="3225" collisions="6" teleports="6" halting="0" stopped="0" meanWaitingTime="1.36" meanTravelTime="254.06" meanSpeed="25.29" meanSpeedRelative="0.79" duration="0"/>
    <step time="7200.00" loaded="3428" inserted="3428" running="81" waiting="0" ended="3347" arrived="3347" collisions="6" teleports="6" halting="0" stopped="0" meanWaitingTime="1.33" meanTravelTime="253.77" meanSpeed="26.05" meanSpeedRelative="0.81" duration="85"/>
    <step time="7500.00" loaded="3572" inserted="3569" running="117" waiting="3" ended="3452" arrived="3452" collisions="6" teleports="6" halting="3" stopped="0" meanWaitingTime="1.31" meanTravelTime="253.25" meanSpeed="23.49" meanSpeedRelative="0.73" duration="1"/>
    <step time="7800.00" loaded="3713" inserted="3704" running="115" waiting="9" ended="3589" arrived="3589" collisions="6" teleports="6" halting="6" stopped="0" meanWaitingTime="1.61" meanTravelTime="253.50" meanSpeed="24.05" meanSpeedRelative="0.75" duration="1"/>
    <step time="8100.00" loaded="3862" inserted="3851" running="127" waiting="11" ended="3724" arrived="3724" collisions="6" teleports="6" halting="1" stopped="0" meanWaitingTime="2.25" meanTravelTime="252.43" meanSpeed="24.29" meanSpeedRelative="0.76" duration="1"/>
    <step time="8400.00" loaded="4014" inserted="4000" running="121" waiting="14" ended="3879" arrived="3879" collisions="6" teleports="6" halting="1" stopped="0" meanWaitingTime="3.10" meanTravelTime="251.93" meanSpeed="23.97" meanSpeedRelative="0.75" duration="1"/>
    <step time="8700.00" loaded="4162" inserted="4150" running="125" waiting="12" ended="4025" arrived="4025" collisions="6" teleports="6" halting="1" stopped="0" meanWaitingTime="4.02" meanTravelTime="251.79" meanSpeed="25.17" meanSpeedRelative="0.79" duration="1"/>
    <step time="9000.00" loaded="4324" inserted="4295" running="131" waiting="29" ended="4164" arrived="4164" collisions="6" teleports="6" halting="5" stopped="0" meanWaitingTime="4.72" meanTravelTime="252.13" meanSpeed="25.09" meanSpeedRelative="0.78" duration="1"/>
    <step time="9300.00" loaded="4472" inserted="4443" running="124" waiting="29" ended="4319" arrived="4319" collisions="6" teleports="6" halting="1" stopped="0" meanWaitingTime="6.08" meanTravelTime="252.38" meanSpeed="25.49" meanSpeedRelative="0.80" duration="1"/>
    <step time="9600.00" loaded="4613" inserted="4589" running="121" waiting="24" ended="4468" arrived="4468" collisions="6" teleports="6" halting="1" stopped="0" meanWaitingTime="7.93" meanTravelTime="252.37" meanSpeed="24.97" meanSpeedRelative="0.78" duration="1"/>
    <step time="9900.00" loaded="4744" inserted="4720" running="115" waiting="24" ended="4605" arrived="4605" collisions="6" teleports="6" halting="6" stopped="0" meanWaitingTime="9.17" meanTravelTime="252.44" meanSpeed="24.08" meanSpeedRelative="0.75" duration="1"/>
    <step time="10200.00" loaded="4885" inserted="4854" running="113" waiting="31" ended="4741" arrived="4741" collisions="6" teleports="6" halting="1" stopped="0" meanWaitingTime="10.36" meanTravelTime="251.85" meanSpeed="24.86" meanSpeedRelative="0.78" duration="1"/>
    <step time="10500.00" loaded="5036" inserted="5005" running="136" waiting="31" ended="4869" arrived="4869" collisions="6" teleports="6" halting="3" stopped="0" meanWaitingTime="11.83" meanTravelTime="251.74" meanSpeed="23.98" meanSpeedRelative="0.75" duration="1"/>
    <step time="10800.00" loaded="5189" inserted="5159" running="138" waiting="30" ended="5021" arrived="5021" collisions="7" teleports="7" halting="4" stopped="0" meanWaitingTime="13.45" meanTravelTime="251.75" meanSpeed="24.22" meanSpeedRelative="0.76" duration="87"/>
    <step time="11100.00" loaded="5343" inserted="5303" running="115" waiting="40" ended="5188" arrived="5188" collisions="7" teleports="7" halting="0" stopped="0" meanWaitingTime="14.56" meanTravelTime="252.25" meanSpeed="24.64" meanSpeedRelative="0.77" duration="1"/>
    <step time="11400.00" loaded="5494" inserted="5433" running="112" waiting="61" ended="5321" arrived="5321" collisions="7" teleports="7" halting="1" stopped="0" meanWaitingTime="16.07" meanTravelTime="252.84" meanSpeed="25.18" meanSpeedRelative="0.79" duration="1"/>
    <step time="11700.00" loaded="5629" inserted="5576" running="107" waiting="53" ended="5469" arrived="5469" collisions="7" teleports="7" halting="1" stopped="0" meanWaitingTime="18.03" meanTravelTime="252.66" meanSpeed="25.27" meanSpeedRelative="0.79" duration="1"/>
    <step time="12000.00" loaded="5752" inserted="5696" running="101" waiting="56" ended="5595" arrived="5595" collisions="7" teleports="7" halting="3" stopped="0" meanWaitingTime="20.16" meanTravelTime="251.87" meanSpeed="24.11" meanSpeedRelative="0.75" duration="1"/>
    <step time="12300.00" loaded="5887" inserted="5824" running="99" waiting="63" ended="5725" arrived="5725" collisions="7" teleports="7" halting="3" stopped="0" meanWaitingTime="22.48" meanTravelTime="252.28" meanSpeed="24.12" meanSpeedRelative="0.75" duration="1"/>
    <step time="12600.00" loaded="6018" inserted="5957" running="96" waiting="61" ended="5861" arrived="5861" collisions="7" teleports="7" halting="0" stopped="0" meanWaitingTime="24.95" meanTravelTime="252.12" meanSpeed="25.31" meanSpeedRelative="0.79" duration="0"/>
    <step time="12900.00" loaded="6154" inserted="6088" running="102" waiting="66" ended="5986" arrived="5986" collisions="7" teleports="7" halting="3" stopped="0" meanWaitingTime="27.22" meanTravelTime="251.03" meanSpeed="23.08" meanSpeedRelative="0.72" duration="1"/>
    <step time="13200.00" loaded="6300" inserted="6227" running="109" waiting="73" ended="6118" arrived="6118" collisions="7" teleports="7" halting="6" stopped="0" meanWaitingTime="29.72" meanTravelTime="251.04" meanSpeed="23.73" meanSpeedRelative="0.74" duration="1"/>
    <step time="13500.00" loaded="6454" inserted="6369" running="112" waiting="85" ended="6257" arrived="6257" collisions="7" teleports="7" halting="1" stopped="0" meanWaitingTime="31.69" meanTravelTime="250.36" meanSpeed="25.06" meanSpeedRelative="0.78" duration="1"/>
    <step time="13800.00" loaded="6626" inserted="6535" running="121" waiting="91" ended="6414" arrived="6414" collisions="7" teleports="7" halting="1" stopped="0" meanWaitingTime="34.17" meanTravelTime="249.55" meanSpeed="24.65" meanSpeedRelative="0.77" duration="1"/>
    <step time="14100.00" loaded="6784" inserted="6685" running="111" waiting="99" ended="6574" arrived="6574" collisions="7" teleports="7" halting="1" stopped="0" meanWaitingTime="36.73" meanTravelTime="248.84" meanSpeed="24.58" meanSpeedRelative="0.77" duration="1"/>
    <step time="14400.00" loaded="6936" inserted="6831" running="109" waiting="105" ended="6722" arrived="6722" collisions="7" teleports="7" halting="5" stopped="0" meanWaitingTime="39.19" meanTravelTime="248.39" meanSpeed="24.63" meanSpeedRelative="0.77" duration="86"/>
    <step time="14700.00" loaded="7033" inserted="6926" running="89" waiting="107" ended="6837" arrived="6837" collisions="7" teleports="7" halting="1" stopped="0" meanWaitingTime="41.81" meanTravelTime="248.28" meanSpeed="24.10" meanSpeedRelative="0.75" duration="1"/>
    <step time="15000.00" loaded="7137" inserted="7041" running="92" waiting="96" ended="6949" arrived="6949" collisions="7" teleports="7" halting="0" stopped="0" meanWaitingTime="45.59" meanTravelTime="248.68" meanSpeed="23.93" meanSpeedRelative="0.75" duration="0"/>
    <step time="15300.00" loaded="7246" inserted="7150" running="86" waiting="96" ended="7064" arrived="7064" collisions="7" teleports="7" halting="1" stopped="0" meanWaitingTime="49.05" meanTravelTime="248.75" meanSpeed="24.41" meanSpeedRelative="0.76" duration="0"/>
    <step time="15600.00" loaded="7348" inserted="7252" running="82" waiting="96" ended="7170" arrived="7170" collisions="7" teleports="7" halting="6" stopped="0" meanWaitingTime="52.52" meanTravelTime="248.54" meanSpeed="23.68" meanSpeedRelative="0.74" duration="0"/>
    <step time="15900.00" loaded="7455" inserted="7348" running="75" waiting="107" ended="7273" arrived="7273" collisions="7" teleports="7" halting="0" stopped="0" meanWaitingTime="55.49" meanTravelTime="248.33" meanSpeed="24.50" meanSpeedRelative="0.77" duration="0"/>
    <step time="16200.00" loaded="7557" inserted="7453" running="88" waiting="104" ended="7365" arrived="7365" collisions="7" teleports="7" halting="1" stopped="0" meanWaitingTime="58.66" meanTravelTime="247.92" meanSpeed="24.34" meanSpeedRelative="0.76" duration="1"/>
    <step time="16500.00" loaded="7658" inserted="7558" running="73" waiting="100" ended="7485" arrived="7485" collisions="7" teleports="7" halting="2" stopped="0" meanWaitingTime="61.83" meanTravelTime="247.80" meanSpeed="25.44" meanSpeedRelative="0.79" duration="1"/>
    <step time="16800.00" loaded="7758" inserted="7662" running="78" waiting="96" ended="7584" arrived="7584" collisions="7" teleports="7" halting="2" stopped="0" meanWaitingTime="64.99" meanTravelTime="247.70" meanSpeed="22.69" meanSpeedRelative="0.71" duration="1"/>
    <step time="17100.00" loaded="7864" inserted="7773" running="83" waiting="91" ended="7690" arrived="7690" collisions="7" teleports="7" halting="3" stopped="0" meanWaitingTime="68.21" meanTravelTime="247.05" meanSpeed="24.32" meanSpeedRelative="0.76" duration="1"/>
    <step time="17400.00" loaded="7976" inserted="7889" running="80" waiting="87" ended="7809" arrived="7809" collisions="7" teleports="7" halting="5" stopped="0" meanWaitingTime="71.28" meanTravelTime="246.78" meanSpeed="23.40" meanSpeedRelative="0.73" duration="1"/>
    <step time="17700.00" loaded="8080" inserted="7996" running="88" waiting="84" ended="7908" arrived="7908" collisions="7" teleports="7" halting="0" stopped="0" meanWaitingTime="73.97" meanTravelTime="246.56" meanSpeed="24.19" meanSpeedRelative="0.76" duration="0"/>
    <step time="18000.00" loaded="8176" inserted="8102" running="72" waiting="74" ended="8030" arrived="8030" collisions="7" teleports="7" halting="1" stopped="0" meanWaitingTime="76.75" meanTravelTime="246.27" meanSpeed="23.18" meanSpeedRelative="0.72" duration="80"/>
    <step time="18300.00" loaded="8370" inserted="8284" running="121" waiting="86" ended="8163" arrived="8163" collisions="7" teleports="7" halting="4" stopped="0" meanWaitingTime="78.74" meanTravelTime="245.60" meanSpeed="24.45" meanSpeedRelative="0.76" duration="1"/>
    <step time="18600.00" loaded="8569" inserted="8464" running="139" waiting="105" ended="8325" arrived="8325" collisions="7" teleports="7" halting="3" stopped="0" meanWaitingTime="80.18" meanTravelTime="244.65" meanSpeed="23.86" meanSpeedRelative="0.75" duration="1"/>
    <step time="18900.00" loaded="8774" inserted="8657" running="165" waiting="117" ended="8492" arrived="8492" collisions="8" teleports="8" halting="2" stopped="0" meanWaitingTime="81.47" meanTravelTime="244.56" meanSpeed="24.69" meanSpeedRelative="0.77" duration="2"/>
    <step time="19200.00" loaded="8982" inserted="8844" running="144" waiting="138" ended="8700" arrived="8700" collisions="8" teleports="8" halting="2" stopped="0" meanWaitingTime="82.48" meanTravelTime="244.47" meanSpeed="23.66" meanSpeedRelative="0.74" duration="1"/>
    <step time="19500.00" loaded="9181" inserted="9020" running="137" waiting="161" ended="8883" arrived="8883" collisions="8" teleports="8" halting="1" stopped="0" meanWaitingTime="83.73" meanTravelTime="244.45" meanSpeed="24.20" meanSpeedRelative="0.76" duration="0"/>
    <step time="19800.00" loaded="9392" inserted="9215" running="158" waiting="177" ended="9057" arrived="9057" collisions="8" teleports="8" halting="2" stopped="0" meanWaitingTime="85.12" meanTravelTime="244.44" meanSpeed="24.46" meanSpeedRelative="0.76" duration="1"/>
    <step time="20100.00" loaded="9599" inserted="9404" running="167" waiting="195" ended="9237" arrived="9237" collisions="8" teleports="8" halting="5" stopped="0" meanWaitingTime="86.57" meanTravelTime="244.61" meanSpeed="24.56" meanSpeedRelative="0.77" duration="1"/>
    <step time="20400.00" loaded="9782" inserted="9582" running="157" waiting="200" ended="9425" arrived="9425" collisions="8" teleports="8" halting="0" stopped="0" meanWaitingTime="88.45" meanTravelTime="244.89" meanSpeed="24.24" meanSpeedRelative="0.76" duration="1"/>
    <step time="20700.00" loaded="9999" inserted="9792" running="159" waiting="207" ended="9633" arrived="9633" collisions="8" teleports="8" halting="3" stopped="0" meanWaitingTime="91.00" meanTravelTime="244.93" meanSpeed="24.25" meanSpeedRelative="0.76" duration="1"/>
    <step time="21000.00" loaded="10192" inserted="9963" running="144" waiting="229" ended="9819" arrived="9819" collisions="8" teleports="8" halting="3" stopped="0" meanWaitingTime="93.64" meanTravelTime="245.01" meanSpeed="24.67" meanSpeedRelative="0.77" duration="0"/>
    <step time="21300.00" loaded="10402" inserted="10160" running="157" waiting="242" ended="10003" arrived="10003" collisions="8" teleports="8" halting="2" stopped="0" meanWaitingTime="96.23" meanTravelTime="244.62" meanSpeed="24.57" meanSpeedRelative="0.77" duration="1"/>
    <step time="21600.00" loaded="10592" inserted="10334" running="143" waiting="258" ended="10191" arrived="10191" collisions="8" teleports="8" halting="4" stopped="0" meanWaitingTime="99.38" meanTravelTime="245.02" meanSpeed="25.39" meanSpeedRelative="0.79" duration="79"/>
    <step time="21900.00" loaded="11090" inserted="10745" running="330" waiting="345" ended="10415" arrived="10415" collisions="8" teleports="8" halting="5" stopped="0" meanWaitingTime="102.09" meanTravelTime="244.73" meanSpeed="22.72" meanSpeedRelative="0.71" duration="2"/>
    <step time="22200.00" loaded="11537" inserted="11114" running="364" waiting="423" ended="10750" arrived="10750" collisions="8" teleports="8" halting="4" stopped="0" meanWaitingTime="106.06" meanTravelTime="245.08" meanSpeed="21.70" meanSpeedRelative="0.68" duration="2"/>
    <step time="22500.00" loaded="11997" inserted="11500" running="395" waiting="497" ended="11105" arrived="11105" collisions="9" teleports="9" halting="2" stopped="0" meanWaitingTime="112.01" meanTravelTime="246.47" meanSpeed="21.04" meanSpeedRelative="0.66" duration="2"/>
    <step time="22800.00" loaded="12458" inserted="11880" running="414" waiting="578" ended="11466" arrived="11466" collisions="9" teleports="9" halting="7" stopped="0" meanWaitingTime="117.23" meanTravelTime="248.35" meanSpeed="21.75" meanSpeedRelative="0.68" duration="2"/>
    <step time="23100.00" loaded="12929" inserted="12270" running="409" waiting="659" ended="11861" arrived="11861" collisions="10" teleports="10" halting="3" stopped="0" meanWaitingTime="122.72" meanTravelTime="250.47" meanSpeed="21.15" meanSpeedRelative="0.66" duration="2"/>
    <step time="23400.00" loaded="13429" inserted="12670" running="435" waiting="759" ended="12235" arrived="12235" collisions="10" teleports="10" halting="6" stopped="0" meanWaitingTime="127.77" meanTravelTime="252.67" meanSpeed="19.96" meanSpeedRelative="0.62" duration="3"/>
    <step time="23700.00" loaded="13903" inserted="13051" running="429" waiting="852" ended="12622" arrived="12622" collisions="10" teleports="10" halting="2" stopped="0" meanWaitingTime="133.53" meanTravelTime="255.48" meanSpeed="19.33" meanSpeedRelative="0.60" duration="2"/>
    <step time="24000.00" loaded="14376" inserted="13459" running="454" waiting="917" ended="13005" arrived="13005" collisions="11" teleports="11" halting="8" stopped="0" meanWaitingTime="140.47" meanTravelTime="257.54" meanSpeed="19.29" meanSpeedRelative="0.60" duration="3"/>
    <step time="24300.00" loaded="14802" inserted="13835" running="449" waiting="967" ended="13386" arrived="13386" collisions="11" teleports="11" halting="8" stopped="0" meanWaitingTime="147.00" meanTravelTime="260.03" meanSpeed="19.70" meanSpeedRelative="0.62" duration="4"/>
    <step time="24600.00" loaded="15292" inserted="14218" running="458" waiting="1074" ended="13760" arrived="13760" collisions="13" teleports="13" halting="8" stopped="0" meanWaitingTime="154.44" meanTravelTime="263.04" meanSpeed="19.45" meanSpeedRelative="0.61" duration="3"/>
    <step time="24900.00" loaded="15755" inserted="14590" running="439" waiting="1165" ended="14151" arrived="14151" collisions="14" teleports="14" halting="3" stopped="0" meanWaitingTime="161.72" meanTravelTime="265.64" meanSpeed="20.56" meanSpeedRelative="0.64" duration="3"/>
    <step time="25200.00" loaded="16218" inserted="14973" running="421" waiting="1245" ended="14552" arrived="14552" collisions="14" teleports="14" halting="7" stopped="0" meanWaitingTime="170.57" meanTravelTime="267.53" meanSpeed="20.82" meanSpeedRelative="0.65" duration="88"/>
    <step time="25500.00" loaded="16762" inserted="15424" running="479" waiting="1338" ended="14945" arrived="14945" collisions="15" teleports="15" halting="7" stopped="0" meanWaitingTime="180.03" meanTravelTime="269.17" meanSpeed="19.60" meanSpeedRelative="0.61" duration="3"/>
    <step time="25800.00" loaded="17328" inserted="15853" running="481" waiting="1475" ended="15372" arrived="15372" collisions="16" teleports="16" halting="2" stopped="0" meanWaitingTime="189.41" meanTravelTime="271.08" meanSpeed="19.76" meanSpeedRelative="0.62" duration="3"/>
    <step time="26100.00" loaded="17836" inserted="16298" running="501" waiting="1538" ended="15797" arrived="15797" collisions="17" teleports="17" halting="3" stopped="0" meanWaitingTime="200.33" meanTravelTime="272.70" meanSpeed="19.96" meanSpeedRelative="0.62" duration="3"/>
    <step time="26400.00" loaded="18395" inserted="16738" running="483" waiting="1657" ended="16255" arrived="16255" collisions="18" teleports="18" halting="2" stopped="0" meanWaitingTime="212.39" meanTravelTime="274.42" meanSpeed="19.44" meanSpeedRelative="0.61" duration="3"/>
    <step time="26700.00" loaded="18945" inserted="17159" running="483" waiting="1786" ended="16676" arrived="16676" collisions="18" teleports="18" halting="3" stopped="0" meanWaitingTime="223.82" meanTravelTime="275.83" meanSpeed="19.78" meanSpeedRelative="0.62" duration="2"/>
    <step time="27000.00" loaded="19515" inserted="17587" running="458" waiting="1928" ended="17129" arrived="17129" collisions="19" teleports="19" halting="1" stopped="0" meanWaitingTime="234.81" meanTravelTime="277.22" meanSpeed="20.34" meanSpeedRelative="0.64" duration="3"/>
    <step time="27300.00" loaded="20084" inserted="18042" running="493" waiting="2042" ended="17549" arrived="17549" collisions="19" teleports="19" halting="10" stopped="0" meanWaitingTime="246.47" meanTravelTime="278.09" meanSpeed="19.15" meanSpeedRelative="0.60" duration="4"/>
    <step time="27600.00" loaded="20690" inserted="18484" running="493" waiting="2206" ended="17991" arrived="17991" collisions="20" teleports="20" halting="6" stopped="0" meanWaitingTime="258.38" meanTravelTime="279.52" meanSpeed="19.33" meanSpeedRelative="0.60" duration="3"/>
    <step time="27900.00" loaded="21273" inserted="18912" running="469" waiting="2361" ended="18443" arrived="18443" collisions="21" teleports="21" halting="2" stopped="0" meanWaitingTime="270.72" meanTravelTime="281.01" meanSpeed="19.74" meanSpeedRelative="0.62" duration="4"/>
    <step time="28200.00" loaded="21846" inserted="19359" running="495" waiting="2487" ended="18864" arrived="18864" collisions="22" teleports="22" halting="4" stopped="0" meanWaitingTime="283.61" meanTravelTime="281.78" meanSpeed="19.15" meanSpeedRelative="0.60" duration="4"/>
    <step time="28500.00" loaded="22394" inserted="19771" running="495" waiting="2623" ended="19276" arrived="19276" collisions="22" teleports="22" halting="10" stopped="0" meanWaitingTime="295.76" meanTravelTime="283.53" meanSpeed="18.46" meanSpeedRelative="0.58" duration="3"/>
    <step time="28800.00" loaded="22951" inserted="20202" running="490" waiting="2749" ended="19712" arrived="19712" collisions="22" teleports="22" halting="4" stopped="0" meanWaitingTime="307.66" meanTravelTime="284.84" meanSpeed="18.61" meanSpeedRelative="0.58" duration="88"/>
    <step time="29100.00" loaded="23317" inserted="20579" running="443" waiting="2738" ended="20136" arrived="20136" collisions="24" teleports="24" halting="3" stopped="0" meanWaitingTime="321.11" meanTravelTime="286.21" meanSpeed="19.55" meanSpeedRelative="0.61" duration="7"/>
    <step time="29400.00" loaded="23686" inserted="20938" running="421" waiting="2748" ended="20517" arrived="20517" collisions="24" teleports="24" halting="4" stopped="0" meanWaitingTime="334.29" meanTravelTime="287.58" meanSpeed="20.73" meanSpeedRelative="0.65" duration="2"/>
    <step time="29700.00" loaded="24037" inserted="21316" running="403" waiting="2721" ended="20913" arrived="20913" collisions="24" teleports="24" halting="9" stopped="0" meanWaitingTime="347.88" meanTravelTime="288.70" meanSpeed="21.06" meanSpeedRelative="0.66" duration="3"/>
    <step time="30000.00" loaded="24398" inserted="21678" running="388" waiting="2720" ended="21290" arrived="21290" collisions="24" teleports="24" halting="8" stopped="0" meanWaitingTime="361.53" meanTravelTime="289.37" meanSpeed="20.39" meanSpeedRelative="0.64" duration="4"/>
    <step time="30300.00" loaded="24769" inserted="22067" running="397" waiting="2702" ended="21670" arrived="21670" collisions="24" teleports="24" halting="3" stopped="0" meanWaitingTime="374.43" meanTravelTime="289.94" meanSpeed="21.46" meanSpeedRelative="0.67" duration="2"/>
    <step time="30600.00" loaded="25100" inserted="22429" running="389" waiting="2671" ended="22040" arrived="22040" collisions="25" teleports="25" halting="1" stopped="0" meanWaitingTime="388.08" meanTravelTime="290.14" meanSpeed="22.07" meanSpeedRelative="0.69" duration="3"/>
    <step time="30900.00" loaded="25439" inserted="22799" running="379" waiting="2640" ended="22420" arrived="22420" collisions="26" teleports="26" halting="1" stopped="0" meanWaitingTime="399.84" meanTravelTime="290.49" meanSpeed="21.98" meanSpeedRelative="0.69" duration="2"/>
    <step time="31200.00" loaded="25805" inserted="23172" running="390" waiting="2633" ended="22782" arrived="22782" collisions="26" teleports="26" halting="4" stopped="0" meanWaitingTime="412.91" meanTravelTime="290.73" meanSpeed="21.88" meanSpeedRelative="0.68" duration="3"/>
    <step time="31500.00" loaded="26162" inserted="23539" running="370" waiting="2623" ended="23169" arrived="23169" collisions="27" teleports="27" halting="2" stopped="0" meanWaitingTime="423.58" meanTravelTime="291.29" meanSpeed="22.22" meanSpeedRelative="0.69" duration="2"/>
    <step time="31800.00" loaded="26527" inserted="23882" running="343" waiting="2645" ended="23539" arrived="23539" collisions="27" teleports="27" halting="6" stopped="0" meanWaitingTime="434.45" meanTravelTime="291.64" meanSpeed="21.84" meanSpeedRelative="0.68" duration="3"/>
    <step time="32100.00" loaded="26889" inserted="24229" running="337" waiting="2660" ended="23892" arrived="23892" collisions="28" teleports="28" halting="4" stopped="0" meanWaitingTime="445.46" meanTravelTime="291.69" meanSpeed="22.44" meanSpeedRelative="0.70" duration="3"/>
    <step time="32400.00" loaded="27234" inserted="24573" running="345" waiting="2661" ended="24228" arrived="24228" collisions="28" teleports="28" halting="0" stopped="0" meanWaitingTime="455.15" meanTravelTime="291.52" meanSpeed="21.79" meanSpeedRelative="0.68" duration="85"/>
    <step time="32700.00" loaded="27521" inserted="24849" running="277" waiting="2672" ended="24572" arrived="24572" collisions="29" teleports="29" halting="3" stopped="0" meanWaitingTime="466.02" meanTravelTime="291.73" meanSpeed="22.67" meanSpeedRelative="0.71" duration="2"/>
    <step time="33000.00" loaded="27782" inserted="25108" running="248" waiting="2674" ended="24860" arrived="24860" collisions="29" teleports="29" halting="7" stopped="0" meanWaitingTime="479.05" meanTravelTime="292.07" meanSpeed="23.11" meanSpeedRelative="0.72" duration="3"/>
    <step time="33300.00" loaded="28033" inserted="25356" running="249" waiting="2677" ended="25107" arrived="25107" collisions="29" teleports="29" halting="2" stopped="0" meanWaitingTime="491.47" meanTravelTime="292.14" meanSpeed="22.90" meanSpeedRelative="0.72" duration="2"/>
    <step time="33600.00" loaded="28283" inserted="25595" running="213" waiting="2688" ended="25382" arrived="25382" collisions="29" teleports="29" halting="1" stopped="0" meanWaitingTime="504.22" meanTravelTime="292.14" meanSpeed="23.08" meanSpeedRelative="0.72" duration="2"/>
    <step time="33900.00" loaded="28513" inserted="25840" running="206" waiting="2673" ended="25634" arrived="25634" collisions="29" teleports="29" halting="3" stopped="0" meanWaitingTime="517.73" meanTravelTime="292.00" meanSpeed="23.27" meanSpeedRelative="0.73" duration="2"/>
    <step time="34200.00" loaded="28765" inserted="26105" running="233" waiting="2660" ended="25872" arrived="25872" collisions="29" teleports="29" halting="3" stopped="0" meanWaitingTime="532.80" meanTravelTime="291.63" meanSpeed="23.56" meanSpeedRelative="0.74" duration="2"/>
    <step time="34500.00" loaded="29036" inserted="26355" running="221" waiting="2681" ended="26134" arrived="26134" collisions="29" teleports="29" halting="2" stopped="0" meanWaitingTime="544.51" meanTravelTime="291.54" meanSpeed="23.58" meanSpeedRelative="0.74" duration="1"/>
    <step time="34800.00" loaded="29286" inserted="26603" running="210" waiting="2683" ended="26393" arrived="26393" collisions="29" teleports="29" halting="4" stopped="0" meanWaitingTime="558.59" meanTravelTime="291.17" meanSpeed="23.45" meanSpeedRelative="0.73" duration="1"/>
    <step time="35100.00" loaded="29543" inserted="26861" running="222" waiting="2682" ended="26639" arrived="26639" collisions="30" teleports="30" halting="1" stopped="0" meanWaitingTime="573.91" meanTravelTime="290.72" meanSpeed="23.01" meanSpeedRelative="0.72" duration="2"/>
    <step time="35400.00" loaded="29796" inserted="27107" running="239" waiting="2689" ended="26868" arrived="26868" collisions="30" teleports="30" halting="5" stopped="0" meanWaitingTime="586.81" meanTravelTime="290.54" meanSpeed="23.45" meanSpeedRelative="0.73" duration="2"/>
    <step time="35700.00" loaded="30050" inserted="27351" running="223" waiting="2699" ended="27128" arrived="27128" collisions="30" teleports="30" halting="1" stopped="0" meanWaitingTime="600.36" meanTravelTime="290.53" meanSpeed="23.23" meanSpeedRelative="0.73" duration="2"/>
    <step time="36000.00" loaded="30284" inserted="27596" running="223" waiting="2688" ended="27373" arrived="27373" collisions="30" teleports="30" halting="5" stopped="0" meanWaitingTime="616.76" meanTravelTime="290.23" meanSpeed="22.69" meanSpeedRelative="0.71" duration="82"/>
    <step time="36300.00" loaded="30744" inserted="27993" running="334" waiting="2751" ended="27659" arrived="27659" collisions="33" teleports="33" halting="4" stopped="0" meanWaitingTime="630.43" meanTravelTime="289.91" meanSpeed="22.25" meanSpeedRelative="0.70" duration="2"/>
    <step time="36600.00" loaded="31225" inserted="28389" running="374" waiting="2836" ended="28015" arrived="28015" collisions="33" teleports="33" halting="6" stopped="0" meanWaitingTime="643.35" meanTravelTime="289.69" meanSpeed="21.62" meanSpeedRelative="0.68" duration="3"/>
    <step time="36900.00" loaded="31694" inserted="28762" running="383" waiting="2932" ended="28379" arrived="28379" collisions="33" teleports="33" halting="7" stopped="0" meanWaitingTime="656.96" meanTravelTime="289.59" meanSpeed="21.66" meanSpeedRelative="0.68" duration="2"/>
    <step time="37200.00" loaded="32139" inserted="29169" running="427" waiting="2970" ended="28742" arrived="28742" collisions="33" teleports="33" halting="3" stopped="0" meanWaitingTime="671.22" meanTravelTime="289.68" meanSpeed="21.32" meanSpeedRelative="0.67" duration="4"/>
    <step time="37500.00" loaded="32586" inserted="29542" running="397" waiting="3044" ended="29145" arrived="29145" collisions="33" teleports="33" halting="4" stopped="0" meanWaitingTime="685.53" meanTravelTime="290.09" meanSpeed="21.32" meanSpeedRelative="0.67" duration="3"/>
    <step time="37800.00" loaded="33063" inserted="29958" running="419" waiting="3105" ended="29539" arrived="29539" collisions="33" teleports="33" halting="2" stopped="0" meanWaitingTime="699.19" meanTravelTime="290.39" meanSpeed="20.98" meanSpeedRelative="0.66" duration="3"/>
    <step time="38100.00" loaded="33598" inserted="30379" running="424" waiting="3219" ended="29955" arrived="29955" collisions="33" teleports="33" halting="3" stopped="0" meanWaitingTime="712.71" meanTravelTime="290.59" meanSpeed="21.04" meanSpeedRelative="0.66" duration="4"/>
    <step time="38400.00" loaded="34053" inserted="30785" running="423" waiting="3268" ended="30362" arrived="30362" collisions="34" teleports="34" halting="10" stopped="0" meanWaitingTime="726.67" meanTravelTime="290.91" meanSpeed="20.79" meanSpeedRelative="0.65" duration="4"/>
    <step time="38700.00" loaded="34549" inserted="31187" running="396" waiting="3362" ended="30791" arrived="30791" collisions="34" teleports="34" halting="3" stopped="0" meanWaitingTime="740.31" meanTravelTime="291.12" meanSpeed="21.30" meanSpeedRelative="0.67" duration="3"/>
    <step time="39000.00" loaded="35006" inserted="31563" running="418" waiting="3443" ended="31145" arrived="31145" collisions="34" teleports="34" halting="4" stopped="0" meanWaitingTime="752.59" meanTravelTime="291.42" meanSpeed="21.05" meanSpeedRelative="0.66" duration="3"/>
    <step time="39300.00" loaded="35478" inserted="31934" running="393" waiting="3544" ended="31541" arrived="31541" collisions="36" teleports="36" halting="3" stopped="0" meanWaitingTime="766.44" meanTravelTime="291.81" meanSpeed="20.96" meanSpeedRelative="0.66" duration="4"/>
    <step time="39600.00" loaded="35978" inserted="32360" running="426" waiting="3618" ended="31934" arrived="31934" collisions="37" teleports="37" halting="8" stopped="0" meanWaitingTime="781.97" meanTravelTime="292.03" meanSpeed="20.91" meanSpeedRelative="0.65" duration="91"/>
    <step time="39900.00" loaded="36532" inserted="32822" running="492" waiting="3710" ended="32330" arrived="32330" collisions="37" teleports="37" halting="2" stopped="0" meanWaitingTime="797.11" meanTravelTime="292.05" meanSpeed="20.59" meanSpeedRelative="0.64" duration="4"/>
    <step time="40200.00" loaded="37048" inserted="33246" running="467" waiting="3802" ended="32779" arrived="32779" collisions="37" teleports="37" halting="5" stopped="0" meanWaitingTime="811.78" meanTravelTime="292.33" meanSpeed="20.16" meanSpeedRelative="0.63" duration="5"/>
    <step time="40500.00" loaded="37557" inserted="33663" running="450" waiting="3894" ended="33213" arrived="33213" collisions="38" teleports="38" halting="5" stopped="0" meanWaitingTime="826.89" meanTravelTime="292.89" meanSpeed="20.42" meanSpeedRelative="0.64" duration="4"/>
    <step time="40800.00" loaded="38035" inserted="34047" running="433" waiting="3988" ended="33614" arrived="33614" collisions="38" teleports="38" halting="3" stopped="0" meanWaitingTime="840.86" meanTravelTime="293.35" meanSpeed="21.07" meanSpeedRelative="0.66" duration="4"/>
    <step time="41100.00" loaded="38533" inserted="34482" running="448" waiting="4051" ended="34034" arrived="34034" collisions="39" teleports="39" halting="8" stopped="0" meanWaitingTime="855.09" meanTravelTime="293.64" meanSpeed="20.16" meanSpeedRelative="0.63" duration="3"/>
    <step time="41400.00" loaded="38997" inserted="34881" running="417" waiting="4116" ended="34464" arrived="34464" collisions="40" teleports="40" halting="4" stopped="0" meanWaitingTime="869.00" meanTravelTime="293.92" meanSpeed="21.40" meanSpeedRelative="0.67" duration="4"/>
    <step time="41700.00" loaded="39489" inserted="35271" running="431" waiting="4218" ended="34840" arrived="34840" collisions="40" teleports="40" halting="4" stopped="0" meanWaitingTime="881.43" meanTravelTime="294.18" meanSpeed="21.58" meanSpeedRelative="0.67" duration="5"/>
    <step time="42000.00" loaded="39996" inserted="35703" running="454" waiting="4293" ended="35249" arrived="35249" collisions="41" teleports="41" halting="4" stopped="0" meanWaitingTime="896.00" meanTravelTime="294.60" meanSpeed="20.42" meanSpeedRelative="0.64" duration="4"/>
    <step time="42300.00" loaded="40491" inserted="36116" running="452" waiting="4375" ended="35664" arrived="35664" collisions="41" teleports="41" halting="9" stopped="0" meanWaitingTime="910.77" meanTravelTime="294.94" meanSpeed="20.57" meanSpeedRelative="0.64" duration="4"/>
    <step time="42600.00" loaded="40988" inserted="36543" running="457" waiting="4445" ended="36086" arrived="36086" collisions="42" teleports="42" halting="0" stopped="0" meanWaitingTime="923.65" meanTravelTime="295.23" meanSpeed="20.59" meanSpeedRelative="0.64" duration="3"/>
    <step time="42900.00" loaded="41479" inserted="36979" running="495" waiting="4500" ended="36484" arrived="36484" collisions="42" teleports="42" halting="4" stopped="0" meanWaitingTime="939.40" meanTravelTime="295.48" meanSpeed="20.26" meanSpeedRelative="0.63" duration="6"/>
    <step time="43200.00" loaded="42002" inserted="37417" running="507" waiting="4585" ended="36910" arrived="36910" collisions="43" teleports="43" halting="8" stopped="0" meanWaitingTime="955.06" meanTravelTime="295.95" meanSpeed="19.75" meanSpeedRelative="0.62" duration="94"/>
    <step time="43500.00" loaded="42560" inserted="37894" running="554" waiting="4666" ended="37340" arrived="37340" collisions="44" teleports="44" halting="9" stopped="0" meanWaitingTime="970.06" meanTravelTime="296.39" meanSpeed="18.78" meanSpeedRelative="0.59" duration="4"/>
    <step time="43800.00" loaded="43067" inserted="38353" running="576" waiting="4714" ended="37777" arrived="37777" collisions="44" teleports="44" halting="4" stopped="0" meanWaitingTime="983.59" meanTravelTime="297.07" meanSpeed="18.92" meanSpeedRelative="0.59" duration="5"/>
    <step time="44100.00" loaded="43575" inserted="38786" running="541" waiting="4789" ended="38245" arrived="38245" collisions="44" teleports="44" halting="5" stopped="0" meanWaitingTime="999.15" meanTravelTime="298.12" meanSpeed="19.29" meanSpeedRelative="0.60" duration="4"/>
    <step time="44400.00" loaded="44133" inserted="39238" running="547" waiting="4895" ended="38691" arrived="38691" collisions="45" teleports="45" halting="9" stopped="0" meanWaitingTime="1014.36" meanTravelTime="298.72" meanSpeed="19.87" meanSpeedRelative="0.62" duration="4"/>
    <step time="44700.00" loaded="44681" inserted="39672" running="542" waiting="5009" ended="39130" arrived="39130" collisions="48" teleports="48" halting="5" stopped="0" meanWaitingTime="1025.98" meanTravelTime="299.48" meanSpeed="19.80" meanSpeedRelative="0.62" duration="6"/>
    <step time="45000.00" loaded="45213" inserted="40101" running="512" waiting="5112" ended="39589" arrived="39589" collisions="49" teleports="49" halting="3" stopped="0" meanWaitingTime="1038.97" meanTravelTime="300.28" meanSpeed="20.21" meanSpeedRelative="0.63" duration="5"/>
    <step time="45300.00" loaded="45735" inserted="40538" running="500" waiting="5197" ended="40038" arrived="40038" collisions="50" teleports="50" halting="4" stopped="0" meanWaitingTime="1054.05" meanTravelTime="301.09" meanSpeed="19.09" meanSpeedRelative="0.60" duration="4"/>
    <step time="45600.00" loaded="46248" inserted="40984" running="503" waiting="5264" ended="40481" arrived="40481" collisions="52" teleports="52" halting="6" stopped="0" meanWaitingTime="1066.60" meanTravelTime="301.50" meanSpeed="20.40" meanSpeedRelative="0.64" duration="4"/>
    <step time="45900.00" loaded="46789" inserted="41402" running="483" waiting="5387" ended="40919" arrived="40919" collisions="52" teleports="52" halting="6" stopped="0" meanWaitingTime="1077.88" meanTravelTime="301.94" meanSpeed="19.96" meanSpeedRelative="0.62" duration="3"/>
    <step time="46200.00" loaded="47335" inserted="41855" running="489" waiting="5480" ended="41366" arrived="41366" collisions="53" teleports="53" halting="2" stopped="0" meanWaitingTime="1089.52" meanTravelTime="302.44" meanSpeed="20.79" meanSpeedRelative="0.65" duration="5"/>
    <step time="46500.00" loaded="47862" inserted="42301" running="508" waiting="5561" ended="41793" arrived="41793" collisions="55" teleports="55" halting="5" stopped="0" meanWaitingTime="1101.60" meanTravelTime="302.62" meanSpeed="19.22" meanSpeedRelative="0.60" duration="5"/>
    <step time="46800.00" loaded="48453" inserted="42772" running="547" waiting="5681" ended="42225" arrived="42225" collisions="57" teleports="57" halting="3" stopped="0" meanWaitingTime="1112.97" meanTravelTime="303.01" meanSpeed="18.97" meanSpeedRelative="0.59" duration="94"/>
    <step time="47100.00" loaded="48977" inserted="43223" running="562" waiting="5754" ended="42661" arrived="42661" collisions="57" teleports="57" halting="5" stopped="0" meanWaitingTime="1125.17" meanTravelTime="303.63" meanSpeed="19.42" meanSpeedRelative="0.61" duration="6"/>
    <step time="47400.00" loaded="49457" inserted="43669" running="554" waiting="5788" ended="43115" arrived="43115" collisions="58" teleports="58" halting="6" stopped="0" meanWaitingTime="1140.40" meanTravelTime="304.32" meanSpeed="19.07" meanSpeedRelative="0.60" duration="6"/>
    <step time="47700.00" loaded="49989" inserted="44130" running="570" waiting="5859" ended="43560" arrived="43560" collisions="59" teleports="59" halting="6" stopped="0" meanWaitingTime="1153.18" meanTravelTime="304.82" meanSpeed="18.90" meanSpeedRelative="0.59" duration="5"/>
    <step time="48000.00" loaded="50504" inserted="44574" running="560" waiting="5930" ended="44014" arrived="44014" collisions="61" teleports="61" halting="9" stopped="0" meanWaitingTime="1167.44" meanTravelTime="305.70" meanSpeed="18.25" meanSpeedRelative="0.57" duration="4"/>
    <step time="48300.00" loaded="51018" inserted="45009" running="552" waiting="6009" ended="44457" arrived="44457" collisions="63" teleports="63" halting="7" stopped="0" meanWaitingTime="1180.23" meanTravelTime="306.20" meanSpeed="19.36" meanSpeedRelative="0.61" duration="4"/>
    <step time="48600.00" loaded="51599" inserted="45483" running="568" waiting="6116" ended="44915" arrived="44915" collisions="64" teleports="64" halting="2" stopped="0" meanWaitingTime="1192.23" meanTravelTime="306.87" meanSpeed="20.20" meanSpeedRelative="0.63" duration="7"/>
    <step time="48900.00" loaded="52133" inserted="45924" running="556" waiting="6209" ended="45368" arrived="45368" collisions="64" teleports="64" halting="5" stopped="0" meanWaitingTime="1205.51" meanTravelTime="307.63" meanSpeed="19.54" meanSpeedRelative="0.61" duration="6"/>
    <step time="49200.00" loaded="52676" inserted="46383" running="564" waiting="6293" ended="45819" arrived="45819" collisions="66" teleports="66" halting="9" stopped="0" meanWaitingTime="1219.37" meanTravelTime="308.09" meanSpeed="18.59" meanSpeedRelative="0.58" duration="4"/>
    <step time="49500.00" loaded="53199" inserted="46799" running="532" waiting="6400" ended="46267" arrived="46267" collisions="70" teleports="70" halting="4" stopped="0" meanWaitingTime="1233.08" meanTravelTime="308.95" meanSpeed="19.88" meanSpeedRelative="0.62" duration="6"/>
    <step time="49800.00" loaded="53696" inserted="47235" running="540" waiting="6461" ended="46695" arrived="46695" collisions="70" teleports="70" halting="7" stopped="0" meanWaitingTime="1247.44" meanTravelTime="309.50" meanSpeed="19.89" meanSpeedRelative="0.62" duration="6"/>
    <step time="50100.00" loaded="54200" inserted="47679" running="545" waiting="6521" ended="47134" arrived="47134" collisions="72" teleports="72" halting="4" stopped="0" meanWaitingTime="1259.32" meanTravelTime="310.19" meanSpeed="18.78" meanSpeedRelative="0.59" duration="5"/>
    <step time="50400.00" loaded="54718" inserted="48119" running="539" waiting="6599" ended="47580" arrived="47580" collisions="74" teleports="74" halting="9" stopped="0" meanWaitingTime="1272.65" meanTravelTime="310.70" meanSpeed="19.21" meanSpeedRelative="0.60" duration="97"/>
    <step time="50700.00" loaded="55472" inserted="48648" running="620" waiting="6824" ended="48028" arrived="48028" collisions="74" teleports="74" halting="6" stopped="0" meanWaitingTime="1286.49" meanTravelTime="311.08" meanSpeed="17.95" meanSpeedRelative="0.56" duration="6"/>
    <step time="51000.00" loaded="56156" inserted="49198" running="680" waiting="6958" ended="48518" arrived="48518" collisions="79" teleports="79" halting="5" stopped="0" meanWaitingTime="1301.85" meanTravelTime="311.53" meanSpeed="17.61" meanSpeedRelative="0.55" duration="8"/>
    <step time="51300.00" loaded="56866" inserted="49712" running="718" waiting="7154" ended="48994" arrived="48994" collisions="80" teleports="80" halting="7" stopped="0" meanWaitingTime="1314.71" meanTravelTime="312.18" meanSpeed="16.36" meanSpeedRelative="0.51" duration="7"/>
    <step time="51600.00" loaded="57539" inserted="50220" running="725" waiting="7319" ended="49495" arrived="49495" collisions="83" teleports="83" halting="4" stopped="0" meanWaitingTime="1329.33" meanTravelTime="313.25" meanSpeed="16.06" meanSpeedRelative="0.50" duration="7"/>
    <step time="51900.00" loaded="58240" inserted="50723" running="744" waiting="7517" ended="49979" arrived="49979" collisions="86" teleports="86" halting="7" stopped="0" meanWaitingTime="1341.80" meanTravelTime="314.24" meanSpeed="16.23" meanSpeedRelative="0.51" duration="8"/>
    <step time="52200.00" loaded="58953" inserted="51240" running="725" waiting="7713" ended="50515" arrived="50515" collisions="88" teleports="88" halting="3" stopped="0" meanWaitingTime="1355.89" meanTravelTime="315.48" meanSpeed="16.52" meanSpeedRelative="0.52" duration="9"/>
    <step time="52500.00" loaded="59696" inserted="51770" running="734" waiting="7926" ended="51036" arrived="51036" collisions="91" teleports="91" halting="4" stopped="0" meanWaitingTime="1368.73" meanTravelTime="316.66" meanSpeed="16.10" meanSpeedRelative="0.50" duration="8"/>
    <step time="52800.00" loaded="60428" inserted="52286" running="723" waiting="8142" ended="51563" arrived="51563" collisions="92" teleports="92" halting="4" stopped="0" meanWaitingTime="1383.49" meanTravelTime="317.82" meanSpeed="16.22" meanSpeedRelative="0.51" duration="9"/>
    <step time="53100.00" loaded="61145" inserted="52796" running="723" waiting="8349" ended="52073" arrived="52073" collisions="95" teleports="95" halting="8" stopped="0" meanWaitingTime="1397.63" meanTravelTime="318.96" meanSpeed="16.15" meanSpeedRelative="0.50" duration="9"/>
    <step time="53400.00" loaded="61853" inserted="53317" running="743" waiting="8536" ended="52574" arrived="52574" collisions="98" teleports="98" halting="10" stopped="0" meanWaitingTime="1411.86" meanTravelTime="319.90" meanSpeed="15.80" meanSpeedRelative="0.49" duration="6"/>
    <step time="53700.00" loaded="62600" inserted="53861" running="776" waiting="8739" ended="53085" arrived="53085" collisions="99" teleports="99" halting="7" stopped="0" meanWaitingTime="1424.81" meanTravelTime="321.04" meanSpeed="15.47" meanSpeedRelative="0.48" duration="6"/>
    <step time="54000.00" loaded="63290" inserted="54367" running="793" waiting="8923" ended="53574" arrived="53574" collisions="101" teleports="101" halting="7" stopped="0" meanWaitingTime="1438.73" meanTravelTime="322.06" meanSpeed="15.53" meanSpeedRelative="0.49" duration="95"/>
    <step time="54300.00" loaded="63754" inserted="54822" running="746" waiting="8932" ended="54076" arrived="54076" collisions="103" teleports="103" halting="7" stopped="0" meanWaitingTime="1453.95" meanTravelTime="323.21" meanSpeed="15.10" meanSpeedRelative="0.47" duration="6"/>
    <step time="54600.00" loaded="64232" inserted="55276" running="710" waiting="8956" ended="54566" arrived="54566" collisions="104" teleports="104" halting="11" stopped="0" meanWaitingTime="1470.82" meanTravelTime="324.46" meanSpeed="16.01" meanSpeedRelative="0.50" duration="6"/>
    <step time="54900.00" loaded="64697" inserted="55689" running="641" waiting="9008" ended="55048" arrived="55048" collisions="107" teleports="107" halting="8" stopped="0" meanWaitingTime="1485.52" meanTravelTime="325.95" meanSpeed="17.10" meanSpeedRelative="0.53" duration="9"/>
    <step time="55200.00" loaded="65160" inserted="56114" running="609" waiting="9046" ended="55505" arrived="55505" collisions="109" teleports="109" halting="7" stopped="0" meanWaitingTime="1502.45" meanTravelTime="326.83" meanSpeed="17.69" meanSpeedRelative="0.55" duration="8"/>
    <step time="55500.00" loaded="65602" inserted="56558" running="589" waiting="9044" ended="55969" arrived="55969" collisions="112" teleports="112" halting="8" stopped="0" meanWaitingTime="1520.95" meanTravelTime="327.69" meanSpeed="17.50" meanSpeedRelative="0.55" duration="8"/>
    <step time="55800.00" loaded="66030" inserted="56980" running="554" waiting="9050" ended="56426" arrived="56426" collisions="115" teleports="115" halting="4" stopped="0" meanWaitingTime="1537.74" meanTravelTime="328.41" meanSpeed="18.23" meanSpeedRelative="0.57" duration="7"/>
    <step time="56100.00" loaded="66488" inserted="57410" running="531" waiting="9078" ended="56879" arrived="56879" collisions="116" teleports="116" halting="8" stopped="0" meanWaitingTime="1554.72" meanTravelTime="328.96" meanSpeed="19.18" meanSpeedRelative="0.60" duration="5"/>
    <step time="56400.00" loaded="66918" inserted="57816" running="493" waiting="9102" ended="57323" arrived="57323" collisions="117" teleports="117" halting="3" stopped="0" meanWaitingTime="1572.87" meanTravelTime="329.35" meanSpeed="19.56" meanSpeedRelative="0.61" duration="7"/>
    <step time="56700.00" loaded="67364" inserted="58268" running="532" waiting="9096" ended="57736" arrived="57736" collisions="119" teleports="119" halting="5" stopped="0" meanWaitingTime="1590.04" meanTravelTime="329.67" meanSpeed="19.13" meanSpeedRelative="0.60" duration="6"/>
    <step time="57000.00" loaded="67774" inserted="58692" running="537" waiting="9082" ended="58155" arrived="58155" collisions="122" teleports="122" halting="4" stopped="0" meanWaitingTime="1606.70" meanTravelTime="329.92" meanSpeed="18.23" meanSpeedRelative="0.57" duration="8"/>
    <step time="57300.00" loaded="68242" inserted="59136" running="552" waiting="9106" ended="58584" arrived="58584" collisions="126" teleports="126" halting="4" stopped="0" meanWaitingTime="1623.65" meanTravelTime="330.19" meanSpeed="19.44" meanSpeedRelative="0.61" duration="6"/>
    <step time="57600.00" loaded="68697" inserted="59583" running="575" waiting="9114" ended="59008" arrived="59008" collisions="127" teleports="127" halting="6" stopped="0" meanWaitingTime="1639.88" meanTravelTime="330.53" meanSpeed="18.45" meanSpeedRelative="0.58" duration="85"/>
    <step time="57900.00" loaded="69261" inserted="60063" running="596" waiting="9198" ended="59467" arrived="59467" collisions="127" teleports="127" halting="10" stopped="0" meanWaitingTime="1656.25" meanTravelTime="330.91" meanSpeed="17.99" meanSpeedRelative="0.56" duration="8"/>
    <step time="58200.00" loaded="69817" inserted="60524" running="602" waiting="9293" ended="59922" arrived="59922" collisions="128" teleports="128" halting="5" stopped="0" meanWaitingTime="1672.67" meanTravelTime="331.24" meanSpeed="17.74" meanSpeedRelative="0.55" duration="8"/>
    <step time="58500.00" loaded="70375" inserted="60991" running="633" waiting="9384" ended="60358" arrived="60358" collisions="132" teleports="132" halting="8" stopped="0" meanWaitingTime="1689.65" meanTravelTime="331.58" meanSpeed="17.15" meanSpeedRelative="0.54" duration="10"/>
    <step time="58800.00" loaded="70969" inserted="61507" running="685" waiting="9462" ended="60822" arrived="60822" collisions="135" teleports="135" halting="5" stopped="0" meanWaitingTime="1706.36" meanTravelTime="331.97" meanSpeed="16.70" meanSpeedRelative="0.52" duration="9"/>
    <step time="59100.00" loaded="71538" inserted="61964" running="680" waiting="9574" ended="61284" arrived="61284" collisions="137" teleports="137" halting="10" stopped="0" meanWaitingTime="1720.43" meanTravelTime="332.66" meanSpeed="17.00" meanSpeedRelative="0.53" duration="10"/>
    <step time="59400.00" loaded="72099" inserted="62423" running="649" waiting="9676" ended="61774" arrived="61774" collisions="138" teleports="138" halting="7" stopped="0" meanWaitingTime="1737.94" meanTravelTime="333.33" meanSpeed="17.25" meanSpeedRelative="0.54" duration="7"/>
    <step time="59700.00" loaded="72662" inserted="62906" running="667" waiting="9756" ended="62239" arrived="62239" collisions="142" teleports="142" halting="7" stopped="0" meanWaitingTime="1753.46" meanTravelTime="334.12" meanSpeed="16.60" meanSpeedRelative="0.52" duration="10"/>
    <step time="60000.00" loaded="73226" inserted="63388" running="672" waiting="9838" ended="62716" arrived="62716" collisions="144" teleports="144" halting="4" stopped="0" meanWaitingTime="1768.30" meanTravelTime="334.64" meanSpeed="17.22" meanSpeedRelative="0.54" duration="7"/>
    <step time="60300.00" loaded="73802" inserted="63877" running="682" waiting="9925" ended="63195" arrived="63195" collisions="146" teleports="146" halting="7" stopped="0" meanWaitingTime="1784.23" meanTravelTime="335.40" meanSpeed="16.81" meanSpeedRelative="0.53" duration="8"/>
    <step time="60600.00" loaded="74376" inserted="64359" running="660" waiting="10017" ended="63699" arrived="63699" collisions="149" teleports="149" halting="5" stopped="0" meanWaitingTime="1798.06" meanTravelTime="336.02" meanSpeed="16.98" meanSpeedRelative="0.53" duration="7"/>
    <step time="60900.00" loaded="74973" inserted="64856" running="681" waiting="10117" ended="64175" arrived="64175" collisions="150" teleports="150" halting="10" stopped="0" meanWaitingTime="1814.13" meanTravelTime="336.61" meanSpeed="16.94" meanSpeedRelative="0.53" duration="11"/>
    <step time="61200.00" loaded="75528" inserted="65341" running="689" waiting="10187" ended="64652" arrived="64652" collisions="154" teleports="154" halting="6" stopped="0" meanWaitingTime="1828.28" meanTravelTime="337.21" meanSpeed="16.93" meanSpeedRelative="0.53" duration="88"/>
    <step time="61500.00" loaded="75592" inserted="65657" running="568" waiting="9935" ended="65089" arrived="65089" collisions="156" teleports="156" halting="7" stopped="0" meanWaitingTime="1849.62" meanTravelTime="338.02" meanSpeed="18.06" meanSpeedRelative="0.56" duration="9"/>
    <step time="61800.00" loaded="75660" inserted="65990" running="487" waiting="9670" ended="65503" arrived="65503" collisions="157" teleports="157" halting="2" stopped="0" meanWaitingTime="1876.20" meanTravelTime="338.88" meanSpeed="18.48" meanSpeedRelative="0.58" duration="7"/>
    <step time="62100.00" loaded="75734" inserted="66311" running="434" waiting="9423" ended="65877" arrived="65877" collisions="157" teleports="157" halting="4" stopped="0" meanWaitingTime="1898.91" meanTravelTime="339.51" meanSpeed="19.61" meanSpeedRelative="0.61" duration="5"/>
    <step time="62400.00" loaded="75806" inserted="66588" running="374" waiting="9218" ended="66214" arrived="66214" collisions="157" teleports="157" halting="4" stopped="0" meanWaitingTime="1919.73" meanTravelTime="339.91" meanSpeed="19.87" meanSpeedRelative="0.62" duration="7"/>
    <step time="62700.00" loaded="75869" inserted="66800" running="286" waiting="9069" ended="66514" arrived="66514" collisions="158" teleports="158" halting="3" stopped="0" meanWaitingTime="1941.99" meanTravelTime="340.18" meanSpeed="21.03" meanSpeedRelative="0.66" duration="3"/>
    <step time="63000.00" loaded="75944" inserted="67011" running="228" waiting="8933" ended="66783" arrived="66783" collisions="158" teleports="158" halting="6" stopped="0" meanWaitingTime="1962.16" meanTravelTime="340.44" meanSpeed="21.35" meanSpeedRelative="0.67" duration="3"/>
    <step time="63300.00" loaded="76006" inserted="67212" running="218" waiting="8794" ended="66994" arrived="66994" collisions="159" teleports="159" halting="7" stopped="0" meanWaitingTime="1982.36" meanTravelTime="340.45" meanSpeed="21.38" meanSpeedRelative="0.67" duration="4"/>
    <step time="63600.00" loaded="76080" inserted="67429" running="210" waiting="8651" ended="67219" arrived="67219" collisions="159" teleports="159" halting="6" stopped="0" meanWaitingTime="2004.87" meanTravelTime="340.40" meanSpeed="22.02" meanSpeedRelative="0.69" duration="3"/>
    <step time="63900.00" loaded="76149" inserted="67641" running="215" waiting="8508" ended="67426" arrived="67426" collisions="159" teleports="159" halting="0" stopped="0" meanWaitingTime="2028.75" meanTravelTime="340.23" meanSpeed="22.30" meanSpeedRelative="0.70" duration="2"/>
    <step time="64200.00" loaded="76227" inserted="67846" running="227" waiting="8381" ended="67619" arrived="67619" collisions="160" teleports="160" halting="7" stopped="0" meanWaitingTime="2046.32" meanTravelTime="340.20" meanSpeed="22.20" meanSpeedRelative="0.69" duration="4"/>
    <step time="64500.00" loaded="76289" inserted="68041" running="212" waiting="8248" ended="67829" arrived="67829" collisions="160" teleports="160" halting="5" stopped="0" meanWaitingTime="2064.79" meanTravelTime="340.16" meanSpeed="21.75" meanSpeedRelative="0.68" duration="4"/>
    <step time="64800.00" loaded="76347" inserted="68265" running="219" waiting="8082" ended="68046" arrived="68046" collisions="160" teleports="160" halting="6" stopped="0" meanWaitingTime="2089.01" meanTravelTime="340.02" meanSpeed="22.29" meanSpeedRelative="0.70" duration="94"/>
    <step time="65100.00" loaded="76407" inserted="68463" running="210" waiting="7944" ended="68253" arrived="68253" collisions="161" teleports="161" halting="1" stopped="0" meanWaitingTime="2108.67" meanTravelTime="339.92" meanSpeed="21.95" meanSpeedRelative="0.69" duration="3"/>
    <step time="65400.00" loaded="76463" inserted="68646" running="208" waiting="7817" ended="68438" arrived="68438" collisions="161" teleports="161" halting="11" stopped="0" meanWaitingTime="2126.29" meanTravelTime="339.89" meanSpeed="21.03" meanSpeedRelative="0.66" duration="4"/>
    <step time="65700.00" loaded="76509" inserted="68834" running="211" waiting="7675" ended="68623" arrived="68623" collisions="161" teleports="161" halting="10" stopped="0" meanWaitingTime="2144.42" meanTravelTime="339.94" meanSpeed="20.87" meanSpeedRelative="0.65" duration="3"/>
    <step time="66000.00" loaded="76560" inserted="69002" running="184" waiting="7558" ended="68818" arrived="68818" collisions="161" teleports="161" halting="4" stopped="0" meanWaitingTime="2158.68" meanTravelTime="339.86" meanSpeed="20.40" meanSpeedRelative="0.64" duration="3"/>
    <step time="66300.00" loaded="76608" inserted="69128" running="138" waiting="7480" ended="68990" arrived="68990" collisions="161" teleports="161" halting="4" stopped="0" meanWaitingTime="2176.30" meanTravelTime="339.84" meanSpeed="21.06" meanSpeedRelative="0.66" duration="3"/>
    <step time="66600.00" loaded="76664" inserted="69260" running="123" waiting="7404" ended="69137" arrived="69137" collisions="161" teleports="161" halting="6" stopped="0" meanWaitingTime="2193.79" meanTravelTime="339.81" meanSpeed="20.40" meanSpeedRelative="0.64" duration="2"/>
    <step time="66900.00" loaded="76707" inserted="69394" running="115" waiting="7313" ended="69279" arrived="69279" collisions="161" teleports="161" halting="10" stopped="0" meanWaitingTime="2214.77" meanTravelTime="339.63" meanSpeed="18.79" meanSpeedRelative="0.59" duration="2"/>
    <step time="67200.00" loaded="76747" inserted="69523" running="111" waiting="7224" ended="69412" arrived="69412" collisions="161" teleports="161" halting="0" stopped="0" meanWaitingTime="2234.00" meanTravelTime="339.50" meanSpeed="21.42" meanSpeedRelative="0.67" duration="2"/>
    <step time="67500.00" loaded="76807" inserted="69675" running="116" waiting="7132" ended="69559" arrived="69559" collisions="161" teleports="161" halting="2" stopped="0" meanWaitingTime="2255.84" meanTravelTime="339.32" meanSpeed="21.70" meanSpeedRelative="0.68" duration="2"/>
    <step time="67800.00" loaded="76859" inserted="69803" running="114" waiting="7056" ended="69689" arrived="69689" collisions="161" teleports="161" halting="8" stopped="0" meanWaitingTime="2274.22" meanTravelTime="339.16" meanSpeed="20.84" meanSpeedRelative="0.65" duration="2"/>
    <step time="68100.00" loaded="76914" inserted="69926" running="115" waiting="6988" ended="69811" arrived="69811" collisions="161" teleports="161" halting="1" stopped="0" meanWaitingTime="2291.07" meanTravelTime="339.04" meanSpeed="19.71" meanSpeedRelative="0.62" duration="2"/>
    <step time="68400.00" loaded="76972" inserted="70065" running="112" waiting="6907" ended="69953" arrived="69953" collisions="161" teleports="161" halting="5" stopped="0" meanWaitingTime="2312.11" meanTravelTime="338.88" meanSpeed="20.60" meanSpeedRelative="0.64" duration="92"/>
    <step time="68700.00" loaded="77143" inserted="70279" running="175" waiting="6864" ended="70104" arrived="70104" collisions="161" teleports="161" halting="6" stopped="0" meanWaitingTime="2326.69" meanTravelTime="338.65" meanSpeed="21.54" meanSpeedRelative="0.67" duration="2"/>
    <step time="69000.00" loaded="77307" inserted="70481" running="181" waiting="6826" ended="70300" arrived="70300" collisions="161" teleports="161" halting="5" stopped="0" meanWaitingTime="2342.59" meanTravelTime="338.39" meanSpeed="21.58" meanSpeedRelative="0.67" duration="4"/>
    <step time="69300.00" loaded="77493" inserted="70705" running="208" waiting="6788" ended="70497" arrived="70497" collisions="161" teleports="161" halting="6" stopped="0" meanWaitingTime="2357.94" meanTravelTime="338.17" meanSpeed="21.97" meanSpeedRelative="0.69" duration="2"/>
    <step time="69600.00" loaded="77674" inserted="70912" running="214" waiting="6762" ended="70698" arrived="70698" collisions="161" teleports="161" halting="5" stopped="0" meanWaitingTime="2372.51" meanTravelTime="338.05" meanSpeed="22.21" meanSpeedRelative="0.69" duration="3"/>
    <step time="69900.00" loaded="77836" inserted="71121" running="210" waiting="6715" ended="70911" arrived="70911" collisions="161" teleports="161" halting="3" stopped="0" meanWaitingTime="2388.31" meanTravelTime="337.95" meanSpeed="21.10" meanSpeedRelative="0.66" duration="3"/>
    <step time="70200.00" loaded="77994" inserted="71326" running="186" waiting="6668" ended="71140" arrived="71140" collisions="161" teleports="161" halting="8" stopped="0" meanWaitingTime="2404.00" meanTravelTime="337.78" meanSpeed="21.36" meanSpeedRelative="0.67" duration="4"/>
    <step time="70500.00" loaded="78155" inserted="71521" running="180" waiting="6634" ended="71341" arrived="71341" collisions="161" teleports="161" halting="3" stopped="0" meanWaitingTime="2419.85" meanTravelTime="337.66" meanSpeed="21.96" meanSpeedRelative="0.69" duration="2"/>
    <step time="70800.00" loaded="78303" inserted="71715" running="186" waiting="6588" ended="71529" arrived="71529" collisions="161" teleports="161" halting="3" stopped="0" meanWaitingTime="2436.89" meanTravelTime="337.54" meanSpeed="21.67" meanSpeedRelative="0.68" duration="2"/>
    <step time="71100.00" loaded="78457" inserted="71910" running="177" waiting="6547" ended="71733" arrived="71733" collisions="161" teleports="161" halting="5" stopped="0" meanWaitingTime="2454.93" meanTravelTime="337.35" meanSpeed="22.14" meanSpeedRelative="0.69" duration="2"/>
    <step time="71400.00" loaded="78616" inserted="72111" running="166" waiting="6505" ended="71945" arrived="71945" collisions="162" teleports="162" halting="6" stopped="0" meanWaitingTime="2472.23" meanTravelTime="337.15" meanSpeed="20.77" meanSpeedRelative="0.65" duration="3"/>
    <step time="71700.00" loaded="78757" inserted="72309" running="199" waiting="6448" ended="72110" arrived="72110" collisions="162" teleports="162" halting="4" stopped="0" meanWaitingTime="2489.79" meanTravelTime="336.96" meanSpeed="22.29" meanSpeedRelative="0.70" duration="2"/>
    <step time="72000.00" loaded="78877" inserted="72479" running="157" waiting="6398" ended="72322" arrived="72322" collisions="163" teleports="163" halting="6" stopped="0" meanWaitingTime="2506.90" meanTravelTime="336.84" meanSpeed="22.28" meanSpeedRelative="0.70" duration="86"/>
    <step time="72300.00" loaded="78997" inserted="72654" running="158" waiting="6343" ended="72496" arrived="72496" collisions="163" teleports="163" halting="7" stopped="0" meanWaitingTime="2526.53" meanTravelTime="336.71" meanSpeed="21.11" meanSpeedRelative="0.66" duration="2"/>
    <step time="72600.00" loaded="79133" inserted="72847" running="170" waiting="6286" ended="72677" arrived="72677" collisions="163" teleports="163" halting="6" stopped="0" meanWaitingTime="2544.14" meanTravelTime="336.56" meanSpeed="21.69" meanSpeedRelative="0.68" duration="2"/>
    <step time="72900.00" loaded="79281" inserted="73037" running="173" waiting="6244" ended="72864" arrived="72864" collisions="163" teleports="163" halting="3" stopped="0" meanWaitingTime="2560.62" meanTravelTime="336.42" meanSpeed="22.51" meanSpeedRelative="0.70" duration="2"/>
    <step time="73200.00" loaded="79408" inserted="73218" running="182" waiting="6190" ended="73036" arrived="73036" collisions="163" teleports="163" halting="4" stopped="0" meanWaitingTime="2579.29" meanTravelTime="336.27" meanSpeed="22.12" meanSpeedRelative="0.69" duration="2"/>
    <step time="73500.00" loaded="79568" inserted="73415" running="190" waiting="6153" ended="73225" arrived="73225" collisions="163" teleports="163" halting="7" stopped="0" meanWaitingTime="2595.44" meanTravelTime="336.16" meanSpeed="21.60" meanSpeedRelative="0.67" duration="3"/>
    <step time="73800.00" loaded="79716" inserted="73614" running="181" waiting="6102" ended="73433" arrived="73433" collisions="163" teleports="163" halting="2" stopped="0" meanWaitingTime="2614.99" meanTravelTime="335.98" meanSpeed="21.76" meanSpeedRelative="0.68" duration="4"/>
    <step time="74100.00" loaded="79882" inserted="73823" running="190" waiting="6059" ended="73633" arrived="73633" collisions="163" teleports="163" halting="3" stopped="0" meanWaitingTime="2632.43" meanTravelTime="335.78" meanSpeed="20.98" meanSpeedRelative="0.66" duration="4"/>
    <step time="74400.00" loaded="79999" inserted="74008" running="177" waiting="5991" ended="73831" arrived="73831" collisions="163" teleports="163" halting="5" stopped="0" meanWaitingTime="2652.41" meanTravelTime="335.62" meanSpeed="22.61" meanSpeedRelative="0.71" duration="3"/>
    <step time="74700.00" loaded="80134" inserted="74195" running="167" waiting="5939" ended="74028" arrived="74028" collisions="163" teleports="163" halting="7" stopped="0" meanWaitingTime="2670.92" meanTravelTime="335.49" meanSpeed="21.59" meanSpeedRelative="0.67" duration="2"/>
    <step time="75000.00" loaded="80276" inserted="74388" running="173" waiting="5888" ended="74215" arrived="74215" collisions="163" teleports="163" halting="4" stopped="0" meanWaitingTime="2690.44" meanTravelTime="335.38" meanSpeed="21.60" meanSpeedRelative="0.68" duration="2"/>
    <step time="75300.00" loaded="80424" inserted="74578" running="171" waiting="5846" ended="74407" arrived="74407" collisions="163" teleports="163" halting="4" stopped="0" meanWaitingTime="2707.05" meanTravelTime="335.25" meanSpeed="21.61" meanSpeedRelative="0.68" duration="4"/>
    <step time="75600.00" loaded="80565" inserted="74759" running="171" waiting="5806" ended="74588" arrived="74588" collisions="165" teleports="165" halting="4" stopped="0" meanWaitingTime="2725.89" meanTravelTime="335.08" meanSpeed="21.48" meanSpeedRelative="0.67" duration="85"/>
    <step time="75900.00" loaded="80757" inserted="74976" running="197" waiting="5781" ended="74779" arrived="74779" collisions="165" teleports="165" halting="7" stopped="0" meanWaitingTime="2744.31" meanTravelTime="334.95" meanSpeed="21.73" meanSpeedRelative="0.68" duration="3"/>
    <step time="76200.00" loaded="80935" inserted="75196" running="198" waiting="5739" ended="74998" arrived="74998" collisions="165" teleports="165" halting="4" stopped="0" meanWaitingTime="2762.88" meanTravelTime="334.77" meanSpeed="23.11" meanSpeedRelative="0.72" duration="2"/>
    <step time="76500.00" loaded="81136" inserted="75429" running="206" waiting="5707" ended="75223" arrived="75223" collisions="165" teleports="165" halting="4" stopped="0" meanWaitingTime="2777.18" meanTravelTime="334.58" meanSpeed="22.24" meanSpeedRelative="0.69" duration="2"/>
    <step time="76800.00" loaded="81346" inserted="75654" running="220" waiting="5692" ended="75434" arrived="75434" collisions="165" teleports="165" halting="6" stopped="0" meanWaitingTime="2793.94" meanTravelTime="334.42" meanSpeed="21.57" meanSpeedRelative="0.67" duration="2"/>
    <step time="77100.00" loaded="81556" inserted="75878" running="214" waiting="5678" ended="75664" arrived="75664" collisions="165" teleports="165" halting="2" stopped="0" meanWaitingTime="2809.09" meanTravelTime="334.27" meanSpeed="22.49" meanSpeedRelative="0.70" duration="3"/>
    <step time="77400.00" loaded="81764" inserted="76120" running="249" waiting="5644" ended="75871" arrived="75871" collisions="165" teleports="165" halting="4" stopped="0" meanWaitingTime="2823.60" meanTravelTime="334.12" meanSpeed="22.78" meanSpeedRelative="0.71" duration="3"/>
    <step time="77700.00" loaded="81983" inserted="76355" running="229" waiting="5628" ended="76126" arrived="76126" collisions="165" teleports="165" halting="6" stopped="0" meanWaitingTime="2838.35" meanTravelTime="333.98" meanSpeed="22.16" meanSpeedRelative="0.69" duration="3"/>
    <step time="78000.00" loaded="82156" inserted="76565" running="199" waiting="5591" ended="76366" arrived="76366" collisions="165" teleports="165" halting="4" stopped="0" meanWaitingTime="2855.84" meanTravelTime="333.87" meanSpeed="21.81" meanSpeedRelative="0.68" duration="5"/>
    <step time="78300.00" loaded="82359" inserted="76803" running="212" waiting="5556" ended="76591" arrived="76591" collisions="165" teleports="165" halting="5" stopped="0" meanWaitingTime="2871.71" meanTravelTime="333.73" meanSpeed="21.67" meanSpeedRelative="0.68" duration="2"/>
    <step time="78600.00" loaded="82577" inserted="77022" running="202" waiting="5555" ended="76820" arrived="76820" collisions="165" teleports="165" halting="8" stopped="0" meanWaitingTime="2884.27" meanTravelTime="333.52" meanSpeed="21.29" meanSpeedRelative="0.67" duration="2"/>
    <step time="78900.00" loaded="82787" inserted="77256" running="214" waiting="5531" ended="77042" arrived="77042" collisions="165" teleports="165" halting="8" stopped="0" meanWaitingTime="2899.68" meanTravelTime="333.33" meanSpeed="22.06" meanSpeedRelative="0.69" duration="3"/>
    <step time="79200.00" loaded="83001" inserted="77492" running="231" waiting="5509" ended="77261" arrived="77261" collisions="165" teleports="165" halting="6" stopped="0" meanWaitingTime="2915.76" meanTravelTime="333.14" meanSpeed="22.55" meanSpeedRelative="0.70" duration="84"/>
    <step time="79500.00" loaded="83164" inserted="77687" running="187" waiting="5477" ended="77500" arrived="77500" collisions="165" teleports="165" halting="4" stopped="0" meanWaitingTime="2930.92" meanTravelTime="333.00" meanSpeed="22.47" meanSpeedRelative="0.70" duration="2"/>
    <step time="79800.00" loaded="83337" inserted="77888" running="180" waiting="5449" ended="77708" arrived="77708" collisions="165" teleports="165" halting="5" stopped="0" meanWaitingTime="2946.49" meanTravelTime="332.86" meanSpeed="21.43" meanSpeedRelative="0.67" duration="3"/>
    <step time="80100.00" loaded="83510" inserted="78107" running="192" waiting="5403" ended="77915" arrived="77915" collisions="165" teleports="165" halting="8" stopped="0" meanWaitingTime="2963.90" meanTravelTime="332.75" meanSpeed="21.54" meanSpeedRelative="0.67" duration="2"/>
    <step time="80400.00" loaded="83709" inserted="78343" running="221" waiting="5366" ended="78122" arrived="78122" collisions="165" teleports="165" halting="5" stopped="0" meanWaitingTime="2978.89" meanTravelTime="332.57" meanSpeed="21.93" meanSpeedRelative="0.69" duration="3"/>
    <step time="80700.00" loaded="83884" inserted="78550" running="193" waiting="5334" ended="78357" arrived="78357" collisions="165" teleports="165" halting="5" stopped="0" meanWaitingTime="2993.72" meanTravelTime="332.45" meanSpeed="20.88" meanSpeedRelative="0.65" duration="2"/>
    <step time="81000.00" loaded="84054" inserted="78757" running="190" waiting="5297" ended="78567" arrived="78567" collisions="166" teleports="166" halting="7" stopped="0" meanWaitingTime="3009.90" meanTravelTime="332.31" meanSpeed="21.56" meanSpeedRelative="0.67" duration="2"/>
    <step time="81300.00" loaded="84230" inserted="78975" running="199" waiting="5255" ended="78776" arrived="78776" collisions="166" teleports="166" halting="6" stopped="0" meanWaitingTime="3026.31" meanTravelTime="332.15" meanSpeed="22.81" meanSpeedRelative="0.71" duration="2"/>
    <step time="81600.00" loaded="84425" inserted="79211" running="227" waiting="5214" ended="78984" arrived="78984" collisions="166" teleports="166" halting="3" stopped="0" meanWaitingTime="3040.37" meanTravelTime="331.99" meanSpeed="21.73" meanSpeedRelative="0.68" duration="3"/>
    <step time="81900.00" loaded="84608" inserted="79428" running="212" waiting="5180" ended="79216" arrived="79216" collisions="166" teleports="166" halting="5" stopped="0" meanWaitingTime="3055.19" meanTravelTime="331.92" meanSpeed="22.21" meanSpeedRelative="0.69" duration="3"/>
    <step time="82200.00" loaded="84754" inserted="79608" running="173" waiting="5146" ended="79435" arrived="79435" collisions="166" teleports="166" halting="6" stopped="0" meanWaitingTime="3070.65" meanTravelTime="331.80" meanSpeed="21.45" meanSpeedRelative="0.67" duration="1"/>
    <step time="82500.00" loaded="84928" inserted="79816" running="188" waiting="5112" ended="79628" arrived="79628" collisions="166" teleports="166" halting="5" stopped="0" meanWaitingTime="3085.51" meanTravelTime="331.72" meanSpeed="21.42" meanSpeedRelative="0.67" duration="2"/>
</summary>
