<?xml version="1.0" encoding="UTF-8"?>

<!-- generated on 2025-08-08 07:21:48 by Eclipse SUMO sumo Version 1.23.1
<sumoConfiguration xmlns:xsi="http://www.w3.org/2001/XMLSchema-instance" xsi:noNamespaceSchemaLocation="http://sumo.dlr.de/xsd/sumoConfiguration.xsd">

    <input>
        <net-file value="Desktop\Master Thesis\Network_fin.net.xml"/>
        <route-files value="Desktop\Master Thesis\demand_model_amsterdam.rou.xml"/>
        <additional-files value="Desktop\Master Thesis\Additionnal.add.xml"/>
    </input>

    <output>
        <summary-output value="outputf/summary_coor_alinea_3neigh_method1_K80_target5_56618.xml"/>
        <summary-output.period value="300"/>
        <tripinfo-output value="outputf/tripinfo_coor_alinea_3neigh_method1_K80_target5_56618.xml"/>
    </output>

    <time>
        <begin value="0"/>
        <end value="82800"/>
        <step-length value="1"/>
    </time>

    <processing>
        <time-to-teleport value="-1"/>
    </processing>

    <report>
        <verbose value="true"/>
        <no-step-log value="true"/>
    </report>

    <emissions>
        <device.emissions.period value="10"/>
    </emissions>

    <traci_server>
        <remote-port value="50624"/>
    </traci_server>

    <random_number>
        <seed value="56618"/>
    </random_number>

</sumoConfiguration>
-->

<summary xmlns:xsi="http://www.w3.org/2001/XMLSchema-instance" xsi:noNamespaceSchemaLocation="http://sumo.dlr.de/xsd/summary_file.xsd">
    <step time="0.00" loaded="0" inserted="0" running="0" waiting="0" ended="0" arrived="0" collisions="0" teleports="0" halting="0" stopped="0" meanWaitingTime="-1.00" meanTravelTime="-1.00" meanSpeed="-1.00" meanSpeedRelative="-1.00" duration="1"/>
    <step time="300.00" loaded="174" inserted="174" running="105" waiting="0" ended="69" arrived="69" collisions="0" teleports="0" halting="1" stopped="0" meanWaitingTime="0.36" meanTravelTime="97.19" meanSpeed="26.25" meanSpeedRelative="0.82" duration="1"/>
    <step time="600.00" loaded="365" inserted="364" running="134" waiting="1" ended="230" arrived="230" collisions="0" teleports="0" halting="0" stopped="0" meanWaitingTime="0.50" meanTravelTime="151.33" meanSpeed="24.35" meanSpeedRelative="0.76" duration="1"/>
    <step time="900.00" loaded="541" inserted="541" running="149" waiting="0" ended="392" arrived="392" collisions="0" teleports="0" halting="1" stopped="0" meanWaitingTime="0.43" meanTravelTime="185.07" meanSpeed="25.61" meanSpeedRelative="0.80" duration="1"/>
    <step time="1200.00" loaded="715" inserted="715" running="146" waiting="0" ended="569" arrived="569" collisions="0" teleports="0" halting="0" stopped="0" meanWaitingTime="0.43" meanTravelTime="206.73" meanSpeed="25.52" meanSpeedRelative="0.80" duration="2"/>
    <step time="1500.00" loaded="889" inserted="889" running="141" waiting="0" ended="748" arrived="748" collisions="0" teleports="0" halting="0" stopped="0" meanWaitingTime="0.44" meanTravelTime="215.64" meanSpeed="25.48" meanSpeedRelative="0.80" duration="1"/>
    <step time="1800.00" loaded="1072" inserted="1071" running="154" waiting="1" ended="917" arrived="917" collisions="0" teleports="0" halting="2" stopped="0" meanWaitingTime="0.42" meanTravelTime="222.46" meanSpeed="25.94" meanSpeedRelative="0.81" duration="1"/>
    <step time="2100.00" loaded="1257" inserted="1257" running="170" waiting="0" ended="1087" arrived="1087" collisions="0" teleports="0" halting="0" stopped="0" meanWaitingTime="0.42" meanTravelTime="224.61" meanSpeed="24.71" meanSpeedRelative="0.77" duration="1"/>
    <step time="2400.00" loaded="1446" inserted="1446" running="175" waiting="0" ended="1271" arrived="1271" collisions="1" teleports="1" halting="2" stopped="0" meanWaitingTime="0.42" meanTravelTime="230.43" meanSpeed="25.33" meanSpeedRelative="0.79" duration="1"/>
    <step time="2700.00" loaded="1617" inserted="1616" running="159" waiting="1" ended="1457" arrived="1457" collisions="1" teleports="1" halting="1" stopped="0" meanWaitingTime="0.44" meanTravelTime="234.98" meanSpeed="25.30" meanSpeedRelative="0.79" duration="1"/>
    <step time="3000.00" loaded="1787" inserted="1787" running="138" waiting="0" ended="1649" arrived="1649" collisions="1" teleports="1" halting="2" stopped="0" meanWaitingTime="0.42" meanTravelTime="239.64" meanSpeed="25.43" meanSpeedRelative="0.79" duration="1"/>
    <step time="3300.00" loaded="1952" inserted="1950" running="161" waiting="2" ended="1789" arrived="1789" collisions="1" teleports="1" halting="1" stopped="0" meanWaitingTime="0.42" meanTravelTime="239.60" meanSpeed="24.93" meanSpeedRelative="0.78" duration="1"/>
    <step time="3600.00" loaded="2145" inserted="2145" running="172" waiting="0" ended="1973" arrived="1973" collisions="1" teleports="1" halting="1" stopped="0" meanWaitingTime="0.41" meanTravelTime="244.02" meanSpeed="25.62" meanSpeedRelative="0.80" duration="84"/>
    <step time="3900.00" loaded="2262" inserted="2262" running="109" waiting="0" ended="2153" arrived="2153" collisions="1" teleports="1" halting="1" stopped="0" meanWaitingTime="0.41" meanTravelTime="249.09" meanSpeed="24.87" meanSpeedRelative="0.78" duration="0"/>
    <step time="4200.00" loaded="2367" inserted="2363" running="98" waiting="4" ended="2265" arrived="2265" collisions="1" teleports="1" halting="1" stopped="0" meanWaitingTime="0.82" meanTravelTime="251.77" meanSpeed="25.38" meanSpeedRelative="0.79" duration="1"/>
    <step time="4500.00" loaded="2479" inserted="2479" running="92" waiting="0" ended="2387" arrived="2387" collisions="1" teleports="1" halting="1" stopped="0" meanWaitingTime="0.89" meanTravelTime="252.49" meanSpeed="24.15" meanSpeedRelative="0.75" duration="1"/>
    <step time="4800.00" loaded="2576" inserted="2576" running="90" waiting="0" ended="2486" arrived="2486" collisions="1" teleports="1" halting="0" stopped="0" meanWaitingTime="0.86" meanTravelTime="252.56" meanSpeed="24.17" meanSpeedRelative="0.76" duration="0"/>
    <step time="5100.00" loaded="2689" inserted="2683" running="91" waiting="6" ended="2592" arrived="2592" collisions="1" teleports="1" halting="0" stopped="0" meanWaitingTime="1.10" meanTravelTime="253.08" meanSpeed="24.38" meanSpeedRelative="0.76" duration="1"/>
    <step time="5400.00" loaded="2789" inserted="2785" running="90" waiting="4" ended="2695" arrived="2695" collisions="1" teleports="1" halting="1" stopped="0" meanWaitingTime="1.62" meanTravelTime="254.03" meanSpeed="25.16" meanSpeedRelative="0.79" duration="1"/>
    <step time="5700.00" loaded="2898" inserted="2898" running="97" waiting="0" ended="2801" arrived="2801" collisions="1" teleports="1" halting="1" stopped="0" meanWaitingTime="1.65" meanTravelTime="253.58" meanSpeed="26.06" meanSpeedRelative="0.81" duration="1"/>
    <step time="6000.00" loaded="2981" inserted="2981" running="72" waiting="0" ended="2909" arrived="2909" collisions="1" teleports="1" halting="0" stopped="0" meanWaitingTime="1.61" meanTravelTime="253.98" meanSpeed="26.09" meanSpeedRelative="0.82" duration="0"/>
    <step time="6300.00" loaded="3098" inserted="3098" running="86" waiting="0" ended="3012" arrived="3012" collisions="1" teleports="1" halting="1" stopped="0" meanWaitingTime="1.56" meanTravelTime="254.16" meanSpeed="25.69" meanSpeedRelative="0.80" duration="1"/>
    <step time="6600.00" loaded="3225" inserted="3225" running="108" waiting="0" ended="3117" arrived="3117" collisions="1" teleports="1" halting="0" stopped="0" meanWaitingTime="1.52" meanTravelTime="253.47" meanSpeed="24.47" meanSpeedRelative="0.76" duration="1"/>
    <step time="6900.00" loaded="3322" inserted="3322" running="97" waiting="0" ended="3225" arrived="3225" collisions="1" teleports="1" halting="0" stopped="0" meanWaitingTime="1.48" meanTravelTime="254.22" meanSpeed="25.97" meanSpeedRelative="0.81" duration="0"/>
    <step time="7200.00" loaded="3433" inserted="3433" running="83" waiting="0" ended="3350" arrived="3350" collisions="1" teleports="1" halting="1" stopped="0" meanWaitingTime="1.44" meanTravelTime="254.64" meanSpeed="24.24" meanSpeedRelative="0.76" duration="86"/>
    <step time="7500.00" loaded="3588" inserted="3582" running="107" waiting="6" ended="3475" arrived="3475" collisions="1" teleports="1" halting="2" stopped="0" meanWaitingTime="1.45" meanTravelTime="253.59" meanSpeed="23.81" meanSpeedRelative="0.74" duration="0"/>
    <step time="7800.00" loaded="3725" inserted="3718" running="119" waiting="7" ended="3599" arrived="3599" collisions="1" teleports="1" halting="3" stopped="0" meanWaitingTime="1.86" meanTravelTime="253.22" meanSpeed="23.13" meanSpeedRelative="0.72" duration="1"/>
    <step time="8100.00" loaded="3890" inserted="3875" running="137" waiting="15" ended="3738" arrived="3738" collisions="1" teleports="1" halting="1" stopped="0" meanWaitingTime="2.45" meanTravelTime="252.91" meanSpeed="24.51" meanSpeedRelative="0.77" duration="1"/>
    <step time="8400.00" loaded="4039" inserted="4013" running="132" waiting="26" ended="3881" arrived="3881" collisions="1" teleports="1" halting="4" stopped="0" meanWaitingTime="3.38" meanTravelTime="253.82" meanSpeed="24.73" meanSpeedRelative="0.77" duration="1"/>
    <step time="8700.00" loaded="4186" inserted="4158" running="126" waiting="28" ended="4032" arrived="4032" collisions="1" teleports="1" halting="1" stopped="0" meanWaitingTime="4.95" meanTravelTime="254.33" meanSpeed="25.08" meanSpeedRelative="0.78" duration="0"/>
    <step time="9000.00" loaded="4339" inserted="4315" running="133" waiting="24" ended="4182" arrived="4182" collisions="1" teleports="1" halting="0" stopped="0" meanWaitingTime="6.66" meanTravelTime="254.45" meanSpeed="24.43" meanSpeedRelative="0.76" duration="0"/>
    <step time="9300.00" loaded="4499" inserted="4461" running="133" waiting="38" ended="4328" arrived="4328" collisions="1" teleports="1" halting="3" stopped="0" meanWaitingTime="8.30" meanTravelTime="255.23" meanSpeed="23.82" meanSpeedRelative="0.74" duration="1"/>
    <step time="9600.00" loaded="4644" inserted="4599" running="122" waiting="45" ended="4477" arrived="4477" collisions="1" teleports="1" halting="4" stopped="0" meanWaitingTime="9.97" meanTravelTime="256.25" meanSpeed="24.45" meanSpeedRelative="0.76" duration="1"/>
    <step time="9900.00" loaded="4807" inserted="4749" running="119" waiting="58" ended="4630" arrived="4630" collisions="1" teleports="1" halting="0" stopped="0" meanWaitingTime="12.14" meanTravelTime="256.67" meanSpeed="24.77" meanSpeedRelative="0.77" duration="0"/>
    <step time="10200.00" loaded="4963" inserted="4902" running="141" waiting="61" ended="4761" arrived="4761" collisions="1" teleports="1" halting="3" stopped="0" meanWaitingTime="14.48" meanTravelTime="256.66" meanSpeed="24.08" meanSpeedRelative="0.75" duration="1"/>
    <step time="10500.00" loaded="5119" inserted="5049" running="129" waiting="70" ended="4920" arrived="4920" collisions="1" teleports="1" halting="4" stopped="0" meanWaitingTime="16.97" meanTravelTime="256.53" meanSpeed="24.11" meanSpeedRelative="0.75" duration="1"/>
    <step time="10800.00" loaded="5275" inserted="5206" running="128" waiting="69" ended="5078" arrived="5078" collisions="1" teleports="1" halting="1" stopped="0" meanWaitingTime="19.94" meanTravelTime="256.93" meanSpeed="25.27" meanSpeedRelative="0.79" duration="86"/>
    <step time="11100.00" loaded="5432" inserted="5353" running="122" waiting="79" ended="5231" arrived="5231" collisions="1" teleports="1" halting="5" stopped="0" meanWaitingTime="22.82" meanTravelTime="256.76" meanSpeed="22.92" meanSpeedRelative="0.72" duration="0"/>
    <step time="11400.00" loaded="5578" inserted="5496" running="122" waiting="82" ended="5374" arrived="5374" collisions="1" teleports="1" halting="0" stopped="0" meanWaitingTime="25.61" meanTravelTime="255.67" meanSpeed="25.09" meanSpeedRelative="0.78" duration="1"/>
    <step time="11700.00" loaded="5735" inserted="5644" running="115" waiting="91" ended="5529" arrived="5529" collisions="1" teleports="1" halting="2" stopped="0" meanWaitingTime="28.80" meanTravelTime="255.63" meanSpeed="24.78" meanSpeedRelative="0.77" duration="1"/>
    <step time="12000.00" loaded="5905" inserted="5795" running="107" waiting="110" ended="5688" arrived="5688" collisions="1" teleports="1" halting="3" stopped="0" meanWaitingTime="32.07" meanTravelTime="254.95" meanSpeed="23.89" meanSpeedRelative="0.75" duration="0"/>
    <step time="12300.00" loaded="6058" inserted="5940" running="114" waiting="118" ended="5826" arrived="5826" collisions="1" teleports="1" halting="4" stopped="0" meanWaitingTime="34.86" meanTravelTime="253.81" meanSpeed="24.76" meanSpeedRelative="0.77" duration="1"/>
    <step time="12600.00" loaded="6216" inserted="6086" running="109" waiting="130" ended="5977" arrived="5977" collisions="2" teleports="2" halting="3" stopped="0" meanWaitingTime="38.40" meanTravelTime="253.46" meanSpeed="23.86" meanSpeedRelative="0.75" duration="1"/>
    <step time="12900.00" loaded="6378" inserted="6244" running="137" waiting="134" ended="6107" arrived="6107" collisions="2" teleports="2" halting="2" stopped="0" meanWaitingTime="41.98" meanTravelTime="253.12" meanSpeed="24.61" meanSpeedRelative="0.77" duration="1"/>
    <step time="13200.00" loaded="6546" inserted="6403" running="134" waiting="143" ended="6269" arrived="6269" collisions="2" teleports="2" halting="0" stopped="0" meanWaitingTime="45.54" meanTravelTime="253.20" meanSpeed="25.04" meanSpeedRelative="0.78" duration="1"/>
    <step time="13500.00" loaded="6695" inserted="6541" running="112" waiting="154" ended="6429" arrived="6429" collisions="2" teleports="2" halting="0" stopped="0" meanWaitingTime="49.66" meanTravelTime="252.94" meanSpeed="25.38" meanSpeedRelative="0.79" duration="1"/>
    <step time="13800.00" loaded="6864" inserted="6708" running="138" waiting="156" ended="6570" arrived="6570" collisions="2" teleports="2" halting="1" stopped="0" meanWaitingTime="54.12" meanTravelTime="253.05" meanSpeed="24.18" meanSpeedRelative="0.76" duration="0"/>
    <step time="14100.00" loaded="7008" inserted="6833" running="113" waiting="175" ended="6720" arrived="6720" collisions="2" teleports="2" halting="6" stopped="0" meanWaitingTime="58.49" meanTravelTime="252.92" meanSpeed="22.71" meanSpeedRelative="0.71" duration="1"/>
    <step time="14400.00" loaded="7158" inserted="6980" running="120" waiting="178" ended="6860" arrived="6860" collisions="2" teleports="2" halting="1" stopped="0" meanWaitingTime="63.35" meanTravelTime="253.24" meanSpeed="25.24" meanSpeedRelative="0.79" duration="85"/>
    <step time="14700.00" loaded="7259" inserted="7083" running="93" waiting="176" ended="6990" arrived="6990" collisions="2" teleports="2" halting="1" stopped="0" meanWaitingTime="67.97" meanTravelTime="253.05" meanSpeed="24.24" meanSpeedRelative="0.76" duration="1"/>
    <step time="15000.00" loaded="7343" inserted="7173" running="80" waiting="170" ended="7093" arrived="7093" collisions="2" teleports="2" halting="3" stopped="0" meanWaitingTime="72.33" meanTravelTime="253.46" meanSpeed="23.56" meanSpeedRelative="0.74" duration="1"/>
    <step time="15300.00" loaded="7445" inserted="7268" running="74" waiting="177" ended="7194" arrived="7194" collisions="2" teleports="2" halting="7" stopped="0" meanWaitingTime="76.93" meanTravelTime="254.00" meanSpeed="22.43" meanSpeedRelative="0.70" duration="0"/>
    <step time="15600.00" loaded="7550" inserted="7375" running="87" waiting="175" ended="7288" arrived="7288" collisions="2" teleports="2" halting="2" stopped="0" meanWaitingTime="81.59" meanTravelTime="253.66" meanSpeed="23.76" meanSpeedRelative="0.74" duration="1"/>
    <step time="15900.00" loaded="7640" inserted="7469" running="61" waiting="171" ended="7408" arrived="7408" collisions="2" teleports="2" halting="1" stopped="0" meanWaitingTime="87.01" meanTravelTime="253.41" meanSpeed="24.44" meanSpeedRelative="0.76" duration="1"/>
    <step time="16200.00" loaded="7752" inserted="7586" running="88" waiting="166" ended="7498" arrived="7498" collisions="2" teleports="2" halting="2" stopped="0" meanWaitingTime="92.93" meanTravelTime="252.90" meanSpeed="24.56" meanSpeedRelative="0.77" duration="0"/>
    <step time="16500.00" loaded="7852" inserted="7689" running="76" waiting="163" ended="7613" arrived="7613" collisions="2" teleports="2" halting="4" stopped="0" meanWaitingTime="98.34" meanTravelTime="252.46" meanSpeed="25.04" meanSpeedRelative="0.78" duration="1"/>
    <step time="16800.00" loaded="7946" inserted="7783" running="70" waiting="163" ended="7713" arrived="7713" collisions="2" teleports="2" halting="0" stopped="0" meanWaitingTime="103.81" meanTravelTime="252.22" meanSpeed="25.42" meanSpeedRelative="0.79" duration="1"/>
    <step time="17100.00" loaded="8037" inserted="7881" running="79" waiting="156" ended="7802" arrived="7802" collisions="2" teleports="2" halting="2" stopped="0" meanWaitingTime="110.29" meanTravelTime="251.80" meanSpeed="25.40" meanSpeedRelative="0.79" duration="1"/>
    <step time="17400.00" loaded="8143" inserted="7987" running="80" waiting="156" ended="7907" arrived="7907" collisions="2" teleports="2" halting="2" stopped="0" meanWaitingTime="115.16" meanTravelTime="251.42" meanSpeed="23.98" meanSpeedRelative="0.75" duration="1"/>
    <step time="17700.00" loaded="8246" inserted="8094" running="83" waiting="152" ended="8011" arrived="8011" collisions="3" teleports="3" halting="4" stopped="0" meanWaitingTime="119.64" meanTravelTime="251.11" meanSpeed="22.76" meanSpeedRelative="0.71" duration="0"/>
    <step time="18000.00" loaded="8349" inserted="8197" running="72" waiting="152" ended="8125" arrived="8125" collisions="3" teleports="3" halting="0" stopped="0" meanWaitingTime="124.14" meanTravelTime="250.79" meanSpeed="24.73" meanSpeedRelative="0.77" duration="79"/>
    <step time="18300.00" loaded="8554" inserted="8382" running="138" waiting="172" ended="8244" arrived="8244" collisions="3" teleports="3" halting="1" stopped="0" meanWaitingTime="127.71" meanTravelTime="249.93" meanSpeed="25.02" meanSpeedRelative="0.78" duration="1"/>
    <step time="18600.00" loaded="8754" inserted="8562" running="153" waiting="192" ended="8409" arrived="8409" collisions="3" teleports="3" halting="3" stopped="0" meanWaitingTime="130.77" meanTravelTime="249.26" meanSpeed="24.19" meanSpeedRelative="0.76" duration="1"/>
    <step time="18900.00" loaded="8935" inserted="8731" running="145" waiting="204" ended="8586" arrived="8586" collisions="3" teleports="3" halting="1" stopped="0" meanWaitingTime="134.42" meanTravelTime="249.28" meanSpeed="23.65" meanSpeedRelative="0.74" duration="0"/>
    <step time="19200.00" loaded="9113" inserted="8900" running="134" waiting="213" ended="8766" arrived="8766" collisions="3" teleports="3" halting="1" stopped="0" meanWaitingTime="137.30" meanTravelTime="249.60" meanSpeed="24.83" meanSpeedRelative="0.78" duration="1"/>
    <step time="19500.00" loaded="9297" inserted="9066" running="135" waiting="231" ended="8931" arrived="8931" collisions="3" teleports="3" halting="7" stopped="0" meanWaitingTime="139.60" meanTravelTime="249.50" meanSpeed="24.45" meanSpeedRelative="0.76" duration="1"/>
    <step time="19800.00" loaded="9498" inserted="9257" running="138" waiting="241" ended="9119" arrived="9119" collisions="3" teleports="3" halting="1" stopped="0" meanWaitingTime="142.22" meanTravelTime="249.46" meanSpeed="24.81" meanSpeedRelative="0.78" duration="1"/>
    <step time="20100.00" loaded="9687" inserted="9435" running="148" waiting="252" ended="9287" arrived="9287" collisions="3" teleports="3" halting="1" stopped="0" meanWaitingTime="145.15" meanTravelTime="248.81" meanSpeed="24.83" meanSpeedRelative="0.78" duration="1"/>
    <step time="20400.00" loaded="9881" inserted="9612" running="150" waiting="269" ended="9462" arrived="9462" collisions="3" teleports="3" halting="2" stopped="0" meanWaitingTime="147.77" meanTravelTime="248.88" meanSpeed="23.49" meanSpeedRelative="0.73" duration="1"/>
    <step time="20700.00" loaded="10075" inserted="9801" running="142" waiting="274" ended="9659" arrived="9659" collisions="3" teleports="3" halting="2" stopped="0" meanWaitingTime="151.05" meanTravelTime="248.62" meanSpeed="23.88" meanSpeedRelative="0.75" duration="1"/>
    <step time="21000.00" loaded="10266" inserted="9973" running="150" waiting="293" ended="9823" arrived="9823" collisions="3" teleports="3" halting="2" stopped="0" meanWaitingTime="154.68" meanTravelTime="248.53" meanSpeed="25.45" meanSpeedRelative="0.80" duration="1"/>
    <step time="21300.00" loaded="10462" inserted="10161" running="153" waiting="301" ended="10008" arrived="10008" collisions="3" teleports="3" halting="7" stopped="0" meanWaitingTime="158.22" meanTravelTime="248.66" meanSpeed="23.20" meanSpeedRelative="0.73" duration="1"/>
    <step time="21600.00" loaded="10654" inserted="10340" running="131" waiting="314" ended="10209" arrived="10209" collisions="3" teleports="3" halting="3" stopped="0" meanWaitingTime="161.73" meanTravelTime="248.44" meanSpeed="24.62" meanSpeedRelative="0.77" duration="79"/>
    <step time="21900.00" loaded="11136" inserted="10722" running="296" waiting="414" ended="10426" arrived="10426" collisions="3" teleports="3" halting="5" stopped="0" meanWaitingTime="164.40" meanTravelTime="247.71" meanSpeed="22.21" meanSpeedRelative="0.69" duration="2"/>
    <step time="22200.00" loaded="11637" inserted="11105" running="370" waiting="532" ended="10735" arrived="10735" collisions="3" teleports="3" halting="2" stopped="0" meanWaitingTime="169.33" meanTravelTime="247.37" meanSpeed="22.33" meanSpeedRelative="0.70" duration="2"/>
    <step time="22500.00" loaded="12109" inserted="11482" running="402" waiting="627" ended="11080" arrived="11080" collisions="4" teleports="4" halting="5" stopped="0" meanWaitingTime="174.11" meanTravelTime="249.03" meanSpeed="21.41" meanSpeedRelative="0.67" duration="2"/>
    <step time="22800.00" loaded="12575" inserted="11853" running="393" waiting="722" ended="11460" arrived="11460" collisions="5" teleports="5" halting="5" stopped="0" meanWaitingTime="179.74" meanTravelTime="251.14" meanSpeed="21.80" meanSpeedRelative="0.68" duration="2"/>
    <step time="23100.00" loaded="13083" inserted="12264" running="438" waiting="819" ended="11826" arrived="11826" collisions="6" teleports="6" halting="5" stopped="0" meanWaitingTime="185.80" meanTravelTime="252.86" meanSpeed="21.76" meanSpeedRelative="0.68" duration="3"/>
    <step time="23400.00" loaded="13537" inserted="12615" running="420" waiting="922" ended="12195" arrived="12195" collisions="7" teleports="7" halting="9" stopped="0" meanWaitingTime="191.75" meanTravelTime="255.05" meanSpeed="21.43" meanSpeedRelative="0.67" duration="4"/>
    <step time="23700.00" loaded="14025" inserted="13007" running="418" waiting="1018" ended="12589" arrived="12589" collisions="9" teleports="9" halting="4" stopped="0" meanWaitingTime="197.70" meanTravelTime="258.09" meanSpeed="20.87" meanSpeedRelative="0.65" duration="3"/>
    <step time="24000.00" loaded="14454" inserted="13384" running="404" waiting="1070" ended="12980" arrived="12980" collisions="10" teleports="10" halting="7" stopped="0" meanWaitingTime="204.69" meanTravelTime="260.13" meanSpeed="21.18" meanSpeedRelative="0.66" duration="2"/>
    <step time="24300.00" loaded="14935" inserted="13788" running="428" waiting="1147" ended="13360" arrived="13360" collisions="11" teleports="11" halting="3" stopped="0" meanWaitingTime="210.98" meanTravelTime="261.65" meanSpeed="20.90" meanSpeedRelative="0.65" duration="3"/>
    <step time="24600.00" loaded="15396" inserted="14166" running="432" waiting="1230" ended="13734" arrived="13734" collisions="11" teleports="11" halting="2" stopped="0" meanWaitingTime="217.69" meanTravelTime="262.85" meanSpeed="20.62" meanSpeedRelative="0.64" duration="2"/>
    <step time="24900.00" loaded="15861" inserted="14546" running="416" waiting="1315" ended="14130" arrived="14130" collisions="14" teleports="14" halting="5" stopped="0" meanWaitingTime="226.00" meanTravelTime="265.12" meanSpeed="21.26" meanSpeedRelative="0.66" duration="2"/>
    <step time="25200.00" loaded="16270" inserted="14893" running="398" waiting="1377" ended="14495" arrived="14495" collisions="16" teleports="16" halting="8" stopped="0" meanWaitingTime="234.57" meanTravelTime="266.90" meanSpeed="20.82" meanSpeedRelative="0.65" duration="86"/>
    <step time="25500.00" loaded="16809" inserted="15298" running="428" waiting="1511" ended="14870" arrived="14870" collisions="16" teleports="16" halting="2" stopped="0" meanWaitingTime="243.34" meanTravelTime="268.77" meanSpeed="20.70" meanSpeedRelative="0.65" duration="4"/>
    <step time="25800.00" loaded="17339" inserted="15712" running="450" waiting="1627" ended="15262" arrived="15262" collisions="16" teleports="16" halting="5" stopped="0" meanWaitingTime="253.06" meanTravelTime="269.81" meanSpeed="20.67" meanSpeedRelative="0.65" duration="3"/>
    <step time="26100.00" loaded="17899" inserted="16135" running="448" waiting="1764" ended="15687" arrived="15687" collisions="19" teleports="19" halting="6" stopped="0" meanWaitingTime="263.00" meanTravelTime="271.14" meanSpeed="20.01" meanSpeedRelative="0.63" duration="2"/>
    <step time="26400.00" loaded="18464" inserted="16583" running="483" waiting="1881" ended="16100" arrived="16100" collisions="21" teleports="21" halting="12" stopped="0" meanWaitingTime="272.85" meanTravelTime="272.41" meanSpeed="20.12" meanSpeedRelative="0.63" duration="3"/>
    <step time="26700.00" loaded="19018" inserted="17015" running="496" waiting="2003" ended="16519" arrived="16519" collisions="22" teleports="22" halting="4" stopped="0" meanWaitingTime="285.20" meanTravelTime="274.25" meanSpeed="19.63" meanSpeedRelative="0.61" duration="3"/>
    <step time="27000.00" loaded="19590" inserted="17452" running="490" waiting="2138" ended="16962" arrived="16962" collisions="22" teleports="22" halting="6" stopped="0" meanWaitingTime="296.36" meanTravelTime="275.74" meanSpeed="18.82" meanSpeedRelative="0.59" duration="3"/>
    <step time="27300.00" loaded="20177" inserted="17907" running="493" waiting="2270" ended="17414" arrived="17414" collisions="22" teleports="22" halting="4" stopped="0" meanWaitingTime="309.85" meanTravelTime="277.37" meanSpeed="19.53" meanSpeedRelative="0.61" duration="3"/>
    <step time="27600.00" loaded="20714" inserted="18334" running="469" waiting="2380" ended="17865" arrived="17865" collisions="22" teleports="22" halting="6" stopped="0" meanWaitingTime="324.00" meanTravelTime="278.55" meanSpeed="20.01" meanSpeedRelative="0.63" duration="6"/>
    <step time="27900.00" loaded="21273" inserted="18777" running="487" waiting="2496" ended="18290" arrived="18290" collisions="23" teleports="23" halting="8" stopped="0" meanWaitingTime="336.66" meanTravelTime="279.51" meanSpeed="19.69" meanSpeedRelative="0.62" duration="3"/>
    <step time="28200.00" loaded="21894" inserted="19220" running="502" waiting="2674" ended="18718" arrived="18718" collisions="23" teleports="23" halting="7" stopped="0" meanWaitingTime="349.03" meanTravelTime="280.98" meanSpeed="20.06" meanSpeedRelative="0.63" duration="4"/>
    <step time="28500.00" loaded="22444" inserted="19662" running="487" waiting="2782" ended="19175" arrived="19175" collisions="24" teleports="24" halting="6" stopped="0" meanWaitingTime="362.53" meanTravelTime="282.18" meanSpeed="20.47" meanSpeedRelative="0.64" duration="3"/>
    <step time="28800.00" loaded="23007" inserted="20102" running="487" waiting="2905" ended="19615" arrived="19615" collisions="26" teleports="26" halting="8" stopped="0" meanWaitingTime="376.54" meanTravelTime="283.24" meanSpeed="19.53" meanSpeedRelative="0.61" duration="91"/>
    <step time="29100.00" loaded="23376" inserted="20477" running="428" waiting="2899" ended="20049" arrived="20049" collisions="26" teleports="26" halting="3" stopped="0" meanWaitingTime="390.54" meanTravelTime="284.65" meanSpeed="20.51" meanSpeedRelative="0.64" duration="3"/>
    <step time="29400.00" loaded="23726" inserted="20857" running="422" waiting="2869" ended="20435" arrived="20435" collisions="26" teleports="26" halting="3" stopped="0" meanWaitingTime="406.76" meanTravelTime="285.55" meanSpeed="21.34" meanSpeedRelative="0.67" duration="3"/>
    <step time="29700.00" loaded="24102" inserted="21217" running="397" waiting="2885" ended="20820" arrived="20820" collisions="26" teleports="26" halting="3" stopped="0" meanWaitingTime="420.75" meanTravelTime="286.36" meanSpeed="21.37" meanSpeedRelative="0.67" duration="3"/>
    <step time="30000.00" loaded="24454" inserted="21576" running="392" waiting="2878" ended="21184" arrived="21184" collisions="26" teleports="26" halting="8" stopped="0" meanWaitingTime="435.25" meanTravelTime="287.41" meanSpeed="21.82" meanSpeedRelative="0.68" duration="3"/>
    <step time="30300.00" loaded="24837" inserted="21942" running="365" waiting="2895" ended="21577" arrived="21577" collisions="26" teleports="26" halting="3" stopped="0" meanWaitingTime="447.93" meanTravelTime="288.11" meanSpeed="22.33" meanSpeedRelative="0.70" duration="2"/>
    <step time="30600.00" loaded="25179" inserted="22322" running="381" waiting="2857" ended="21941" arrived="21941" collisions="27" teleports="27" halting="4" stopped="0" meanWaitingTime="462.07" meanTravelTime="288.22" meanSpeed="21.46" meanSpeedRelative="0.67" duration="3"/>
    <step time="30900.00" loaded="25550" inserted="22681" running="369" waiting="2869" ended="22312" arrived="22312" collisions="27" teleports="27" halting="6" stopped="0" meanWaitingTime="472.85" meanTravelTime="288.64" meanSpeed="21.82" meanSpeedRelative="0.68" duration="3"/>
    <step time="31200.00" loaded="25897" inserted="23042" running="354" waiting="2855" ended="22688" arrived="22688" collisions="27" teleports="27" halting="3" stopped="0" meanWaitingTime="484.51" meanTravelTime="288.66" meanSpeed="22.10" meanSpeedRelative="0.69" duration="3"/>
    <step time="31500.00" loaded="26223" inserted="23401" running="337" waiting="2822" ended="23064" arrived="23064" collisions="27" teleports="27" halting="3" stopped="0" meanWaitingTime="496.57" meanTravelTime="288.93" meanSpeed="22.64" meanSpeedRelative="0.71" duration="2"/>
    <step time="31800.00" loaded="26549" inserted="23755" running="350" waiting="2794" ended="23405" arrived="23405" collisions="27" teleports="27" halting="5" stopped="0" meanWaitingTime="506.81" meanTravelTime="288.81" meanSpeed="22.03" meanSpeedRelative="0.69" duration="3"/>
    <step time="32100.00" loaded="26877" inserted="24097" running="381" waiting="2780" ended="23716" arrived="23716" collisions="27" teleports="27" halting="2" stopped="0" meanWaitingTime="517.49" meanTravelTime="289.25" meanSpeed="21.46" meanSpeedRelative="0.67" duration="3"/>
    <step time="32400.00" loaded="27250" inserted="24449" running="353" waiting="2801" ended="24096" arrived="24096" collisions="27" teleports="27" halting="1" stopped="0" meanWaitingTime="525.52" meanTravelTime="289.68" meanSpeed="21.50" meanSpeedRelative="0.67" duration="89"/>
    <step time="32700.00" loaded="27511" inserted="24718" running="234" waiting="2793" ended="24484" arrived="24484" collisions="27" teleports="27" halting="2" stopped="0" meanWaitingTime="538.94" meanTravelTime="289.79" meanSpeed="23.46" meanSpeedRelative="0.73" duration="2"/>
    <step time="33000.00" loaded="27793" inserted="24995" running="216" waiting="2798" ended="24779" arrived="24779" collisions="27" teleports="27" halting="1" stopped="0" meanWaitingTime="552.04" meanTravelTime="289.50" meanSpeed="22.82" meanSpeedRelative="0.71" duration="2"/>
    <step time="33300.00" loaded="28044" inserted="25240" running="227" waiting="2804" ended="25013" arrived="25013" collisions="27" teleports="27" halting="4" stopped="0" meanWaitingTime="563.44" meanTravelTime="289.25" meanSpeed="23.52" meanSpeedRelative="0.74" duration="2"/>
    <step time="33600.00" loaded="28294" inserted="25486" running="212" waiting="2808" ended="25274" arrived="25274" collisions="29" teleports="29" halting="1" stopped="0" meanWaitingTime="576.65" meanTravelTime="288.99" meanSpeed="24.53" meanSpeedRelative="0.77" duration="2"/>
    <step time="33900.00" loaded="28556" inserted="25738" running="215" waiting="2818" ended="25523" arrived="25523" collisions="29" teleports="29" halting="5" stopped="0" meanWaitingTime="588.80" meanTravelTime="288.61" meanSpeed="23.62" meanSpeedRelative="0.74" duration="2"/>
    <step time="34200.00" loaded="28830" inserted="25992" running="210" waiting="2838" ended="25782" arrived="25782" collisions="29" teleports="29" halting="4" stopped="0" meanWaitingTime="600.23" meanTravelTime="288.42" meanSpeed="23.54" meanSpeedRelative="0.74" duration="2"/>
    <step time="34500.00" loaded="29076" inserted="26236" running="221" waiting="2840" ended="26015" arrived="26015" collisions="29" teleports="29" halting="4" stopped="0" meanWaitingTime="612.80" meanTravelTime="288.13" meanSpeed="23.25" meanSpeedRelative="0.73" duration="2"/>
    <step time="34800.00" loaded="29351" inserted="26510" running="235" waiting="2841" ended="26275" arrived="26275" collisions="29" teleports="29" halting="6" stopped="0" meanWaitingTime="627.66" meanTravelTime="287.77" meanSpeed="22.63" meanSpeedRelative="0.71" duration="2"/>
    <step time="35100.00" loaded="29591" inserted="26766" running="219" waiting="2825" ended="26547" arrived="26547" collisions="29" teleports="29" halting="2" stopped="0" meanWaitingTime="642.71" meanTravelTime="287.39" meanSpeed="23.23" meanSpeedRelative="0.73" duration="2"/>
    <step time="35400.00" loaded="29881" inserted="27054" running="263" waiting="2827" ended="26791" arrived="26791" collisions="31" teleports="31" halting="2" stopped="0" meanWaitingTime="654.96" meanTravelTime="287.29" meanSpeed="22.90" meanSpeedRelative="0.72" duration="2"/>
    <step time="35700.00" loaded="30155" inserted="27335" running="276" waiting="2820" ended="27059" arrived="27059" collisions="31" teleports="31" halting="2" stopped="0" meanWaitingTime="667.60" meanTravelTime="287.16" meanSpeed="22.64" meanSpeedRelative="0.71" duration="2"/>
    <step time="36000.00" loaded="30420" inserted="27599" running="244" waiting="2821" ended="27355" arrived="27355" collisions="31" teleports="31" halting="7" stopped="0" meanWaitingTime="684.00" meanTravelTime="287.23" meanSpeed="23.00" meanSpeedRelative="0.72" duration="86"/>
    <step time="36300.00" loaded="30907" inserted="28002" running="375" waiting="2905" ended="27627" arrived="27627" collisions="31" teleports="31" halting="4" stopped="0" meanWaitingTime="695.59" meanTravelTime="287.15" meanSpeed="21.55" meanSpeedRelative="0.67" duration="3"/>
    <step time="36600.00" loaded="31331" inserted="28384" running="400" waiting="2947" ended="27984" arrived="27984" collisions="32" teleports="32" halting="4" stopped="0" meanWaitingTime="707.74" meanTravelTime="287.09" meanSpeed="21.45" meanSpeedRelative="0.67" duration="3"/>
    <step time="36900.00" loaded="31823" inserted="28780" running="414" waiting="3043" ended="28366" arrived="28366" collisions="32" teleports="32" halting="6" stopped="0" meanWaitingTime="721.33" meanTravelTime="287.27" meanSpeed="21.00" meanSpeedRelative="0.66" duration="3"/>
    <step time="37200.00" loaded="32257" inserted="29169" running="411" waiting="3088" ended="28758" arrived="28758" collisions="32" teleports="32" halting="4" stopped="0" meanWaitingTime="734.88" meanTravelTime="287.73" meanSpeed="20.51" meanSpeedRelative="0.64" duration="3"/>
    <step time="37500.00" loaded="32724" inserted="29571" running="418" waiting="3153" ended="29153" arrived="29153" collisions="32" teleports="32" halting="10" stopped="0" meanWaitingTime="747.67" meanTravelTime="287.97" meanSpeed="21.17" meanSpeedRelative="0.66" duration="3"/>
    <step time="37800.00" loaded="33177" inserted="29978" running="414" waiting="3199" ended="29564" arrived="29564" collisions="34" teleports="34" halting="5" stopped="0" meanWaitingTime="759.83" meanTravelTime="288.38" meanSpeed="19.58" meanSpeedRelative="0.61" duration="4"/>
    <step time="38100.00" loaded="33653" inserted="30381" running="426" waiting="3272" ended="29955" arrived="29955" collisions="35" teleports="35" halting="5" stopped="0" meanWaitingTime="773.98" meanTravelTime="288.62" meanSpeed="20.73" meanSpeedRelative="0.65" duration="3"/>
    <step time="38400.00" loaded="34110" inserted="30781" running="433" waiting="3329" ended="30348" arrived="30348" collisions="35" teleports="35" halting="5" stopped="0" meanWaitingTime="787.49" meanTravelTime="288.98" meanSpeed="21.03" meanSpeedRelative="0.66" duration="4"/>
    <step time="38700.00" loaded="34618" inserted="31199" running="437" waiting="3419" ended="30762" arrived="30762" collisions="36" teleports="36" halting="7" stopped="0" meanWaitingTime="800.22" meanTravelTime="289.15" meanSpeed="21.07" meanSpeedRelative="0.66" duration="3"/>
    <step time="39000.00" loaded="35119" inserted="31624" running="476" waiting="3495" ended="31148" arrived="31148" collisions="36" teleports="36" halting="8" stopped="0" meanWaitingTime="812.86" meanTravelTime="289.39" meanSpeed="20.54" meanSpeedRelative="0.64" duration="3"/>
    <step time="39300.00" loaded="35554" inserted="31996" running="415" waiting="3558" ended="31581" arrived="31581" collisions="37" teleports="37" halting="8" stopped="0" meanWaitingTime="824.94" meanTravelTime="290.16" meanSpeed="20.38" meanSpeedRelative="0.64" duration="3"/>
    <step time="39600.00" loaded="36029" inserted="32385" running="414" waiting="3644" ended="31971" arrived="31971" collisions="37" teleports="37" halting="3" stopped="0" meanWaitingTime="838.73" meanTravelTime="290.85" meanSpeed="21.47" meanSpeedRelative="0.67" duration="89"/>
    <step time="39900.00" loaded="36524" inserted="32814" running="443" waiting="3710" ended="32371" arrived="32371" collisions="37" teleports="37" halting="6" stopped="0" meanWaitingTime="853.77" meanTravelTime="291.20" meanSpeed="20.81" meanSpeedRelative="0.65" duration="4"/>
    <step time="40200.00" loaded="37045" inserted="33234" running="448" waiting="3811" ended="32786" arrived="32786" collisions="37" teleports="37" halting="3" stopped="0" meanWaitingTime="867.26" meanTravelTime="291.69" meanSpeed="21.06" meanSpeedRelative="0.66" duration="5"/>
    <step time="40500.00" loaded="37551" inserted="33665" running="473" waiting="3886" ended="33192" arrived="33192" collisions="37" teleports="37" halting="5" stopped="0" meanWaitingTime="881.22" meanTravelTime="291.98" meanSpeed="20.25" meanSpeedRelative="0.63" duration="5"/>
    <step time="40800.00" loaded="38062" inserted="34073" running="469" waiting="3989" ended="33604" arrived="33604" collisions="37" teleports="37" halting="8" stopped="0" meanWaitingTime="894.55" meanTravelTime="292.51" meanSpeed="19.72" meanSpeedRelative="0.62" duration="4"/>
    <step time="41100.00" loaded="38589" inserted="34497" running="477" waiting="4092" ended="34020" arrived="34020" collisions="39" teleports="39" halting="5" stopped="0" meanWaitingTime="908.41" meanTravelTime="292.96" meanSpeed="20.63" meanSpeedRelative="0.64" duration="5"/>
    <step time="41400.00" loaded="39125" inserted="34927" running="488" waiting="4198" ended="34439" arrived="34439" collisions="39" teleports="39" halting="2" stopped="0" meanWaitingTime="920.46" meanTravelTime="293.48" meanSpeed="20.80" meanSpeedRelative="0.65" duration="3"/>
    <step time="41700.00" loaded="39623" inserted="35343" running="481" waiting="4280" ended="34862" arrived="34862" collisions="40" teleports="40" halting="5" stopped="0" meanWaitingTime="934.77" meanTravelTime="294.14" meanSpeed="20.43" meanSpeedRelative="0.64" duration="5"/>
    <step time="42000.00" loaded="40175" inserted="35785" running="483" waiting="4390" ended="35302" arrived="35302" collisions="40" teleports="40" halting="6" stopped="0" meanWaitingTime="948.25" meanTravelTime="294.76" meanSpeed="20.15" meanSpeedRelative="0.63" duration="5"/>
    <step time="42300.00" loaded="40724" inserted="36258" running="529" waiting="4466" ended="35729" arrived="35729" collisions="42" teleports="42" halting="7" stopped="0" meanWaitingTime="964.19" meanTravelTime="295.09" meanSpeed="19.83" meanSpeedRelative="0.62" duration="3"/>
    <step time="42600.00" loaded="41242" inserted="36656" running="471" waiting="4586" ended="36185" arrived="36185" collisions="42" teleports="42" halting="3" stopped="0" meanWaitingTime="975.84" meanTravelTime="295.66" meanSpeed="21.21" meanSpeedRelative="0.66" duration="4"/>
    <step time="42900.00" loaded="41765" inserted="37075" running="485" waiting="4690" ended="36590" arrived="36590" collisions="43" teleports="43" halting="4" stopped="0" meanWaitingTime="990.49" meanTravelTime="296.25" meanSpeed="20.41" meanSpeedRelative="0.64" duration="4"/>
    <step time="43200.00" loaded="42258" inserted="37499" running="473" waiting="4759" ended="37026" arrived="37026" collisions="43" teleports="43" halting="7" stopped="0" meanWaitingTime="1003.19" meanTravelTime="296.95" meanSpeed="20.64" meanSpeedRelative="0.64" duration="90"/>
    <step time="43500.00" loaded="42803" inserted="37962" running="510" waiting="4841" ended="37452" arrived="37452" collisions="43" teleports="43" halting="10" stopped="0" meanWaitingTime="1016.72" meanTravelTime="297.44" meanSpeed="19.64" meanSpeedRelative="0.61" duration="6"/>
    <step time="43800.00" loaded="43329" inserted="38368" running="477" waiting="4961" ended="37891" arrived="37891" collisions="43" teleports="43" halting="5" stopped="0" meanWaitingTime="1029.31" meanTravelTime="297.94" meanSpeed="20.99" meanSpeedRelative="0.66" duration="5"/>
    <step time="44100.00" loaded="43857" inserted="38802" running="502" waiting="5055" ended="38300" arrived="38300" collisions="44" teleports="44" halting="1" stopped="0" meanWaitingTime="1041.35" meanTravelTime="298.44" meanSpeed="19.79" meanSpeedRelative="0.62" duration="4"/>
    <step time="44400.00" loaded="44423" inserted="39281" running="527" waiting="5142" ended="38754" arrived="38754" collisions="44" teleports="44" halting="4" stopped="0" meanWaitingTime="1057.23" meanTravelTime="298.80" meanSpeed="19.63" meanSpeedRelative="0.61" duration="5"/>
    <step time="44700.00" loaded="44964" inserted="39751" running="545" waiting="5213" ended="39206" arrived="39206" collisions="45" teleports="45" halting="6" stopped="0" meanWaitingTime="1072.60" meanTravelTime="299.24" meanSpeed="20.18" meanSpeedRelative="0.63" duration="6"/>
    <step time="45000.00" loaded="45493" inserted="40195" running="545" waiting="5298" ended="39650" arrived="39650" collisions="46" teleports="46" halting="3" stopped="0" meanWaitingTime="1087.47" meanTravelTime="299.88" meanSpeed="18.74" meanSpeedRelative="0.59" duration="4"/>
    <step time="45300.00" loaded="46031" inserted="40646" running="526" waiting="5385" ended="40120" arrived="40120" collisions="46" teleports="46" halting="5" stopped="0" meanWaitingTime="1102.94" meanTravelTime="300.55" meanSpeed="19.08" meanSpeedRelative="0.60" duration="5"/>
    <step time="45600.00" loaded="46549" inserted="41073" running="506" waiting="5476" ended="40567" arrived="40567" collisions="47" teleports="47" halting="4" stopped="0" meanWaitingTime="1117.54" meanTravelTime="301.18" meanSpeed="20.14" meanSpeedRelative="0.63" duration="5"/>
    <step time="45900.00" loaded="47109" inserted="41541" running="548" waiting="5568" ended="40993" arrived="40993" collisions="49" teleports="49" halting="9" stopped="0" meanWaitingTime="1132.22" meanTravelTime="301.66" meanSpeed="20.20" meanSpeedRelative="0.63" duration="4"/>
    <step time="46200.00" loaded="47658" inserted="41995" running="553" waiting="5663" ended="41442" arrived="41442" collisions="54" teleports="54" halting="13" stopped="0" meanWaitingTime="1147.91" meanTravelTime="302.09" meanSpeed="18.98" meanSpeedRelative="0.59" duration="4"/>
    <step time="46500.00" loaded="48165" inserted="42438" running="533" waiting="5727" ended="41905" arrived="41905" collisions="56" teleports="56" halting="5" stopped="0" meanWaitingTime="1162.06" meanTravelTime="302.70" meanSpeed="20.08" meanSpeedRelative="0.63" duration="8"/>
    <step time="46800.00" loaded="48678" inserted="42873" running="545" waiting="5805" ended="42328" arrived="42328" collisions="57" teleports="57" halting="4" stopped="0" meanWaitingTime="1174.70" meanTravelTime="303.49" meanSpeed="19.45" meanSpeedRelative="0.61" duration="93"/>
    <step time="47100.00" loaded="49193" inserted="43344" running="561" waiting="5849" ended="42783" arrived="42783" collisions="57" teleports="57" halting="9" stopped="0" meanWaitingTime="1189.96" meanTravelTime="304.24" meanSpeed="18.22" meanSpeedRelative="0.57" duration="6"/>
    <step time="47400.00" loaded="49718" inserted="43787" running="602" waiting="5931" ended="43185" arrived="43185" collisions="58" teleports="58" halting="11" stopped="0" meanWaitingTime="1200.98" meanTravelTime="304.82" meanSpeed="17.32" meanSpeedRelative="0.54" duration="6"/>
    <step time="47700.00" loaded="50246" inserted="44220" running="598" waiting="6026" ended="43622" arrived="43622" collisions="59" teleports="59" halting="10" stopped="0" meanWaitingTime="1213.07" meanTravelTime="305.97" meanSpeed="17.58" meanSpeedRelative="0.55" duration="4"/>
    <step time="48000.00" loaded="50788" inserted="44655" running="577" waiting="6133" ended="44078" arrived="44078" collisions="60" teleports="60" halting="7" stopped="0" meanWaitingTime="1223.32" meanTravelTime="307.07" meanSpeed="18.88" meanSpeedRelative="0.59" duration="7"/>
    <step time="48300.00" loaded="51329" inserted="45072" running="548" waiting="6257" ended="44524" arrived="44524" collisions="60" teleports="60" halting="9" stopped="0" meanWaitingTime="1236.20" meanTravelTime="307.95" meanSpeed="19.25" meanSpeedRelative="0.60" duration="6"/>
    <step time="48600.00" loaded="51856" inserted="45514" running="546" waiting="6342" ended="44968" arrived="44968" collisions="60" teleports="60" halting="8" stopped="0" meanWaitingTime="1250.56" meanTravelTime="308.62" meanSpeed="18.17" meanSpeedRelative="0.57" duration="5"/>
    <step time="48900.00" loaded="52413" inserted="45961" running="572" waiting="6452" ended="45389" arrived="45389" collisions="61" teleports="61" halting="7" stopped="0" meanWaitingTime="1263.31" meanTravelTime="309.29" meanSpeed="18.53" meanSpeedRelative="0.58" duration="5"/>
    <step time="49200.00" loaded="52952" inserted="46410" running="574" waiting="6542" ended="45836" arrived="45836" collisions="62" teleports="62" halting="4" stopped="0" meanWaitingTime="1277.00" meanTravelTime="310.04" meanSpeed="18.61" meanSpeedRelative="0.58" duration="7"/>
    <step time="49500.00" loaded="53465" inserted="46848" running="559" waiting="6617" ended="46289" arrived="46289" collisions="62" teleports="62" halting="4" stopped="0" meanWaitingTime="1291.37" meanTravelTime="310.60" meanSpeed="19.30" meanSpeedRelative="0.60" duration="7"/>
    <step time="49800.00" loaded="54015" inserted="47298" running="554" waiting="6717" ended="46744" arrived="46744" collisions="62" teleports="62" halting="8" stopped="0" meanWaitingTime="1304.64" meanTravelTime="311.46" meanSpeed="18.83" meanSpeedRelative="0.59" duration="6"/>
    <step time="50100.00" loaded="54625" inserted="47780" running="580" waiting="6845" ended="47200" arrived="47200" collisions="64" teleports="64" halting="4" stopped="0" meanWaitingTime="1319.26" meanTravelTime="311.95" meanSpeed="18.88" meanSpeedRelative="0.59" duration="7"/>
    <step time="50400.00" loaded="55142" inserted="48228" running="547" waiting="6914" ended="47681" arrived="47681" collisions="66" teleports="66" halting="6" stopped="0" meanWaitingTime="1334.63" meanTravelTime="312.59" meanSpeed="19.06" meanSpeedRelative="0.60" duration="97"/>
    <step time="50700.00" loaded="55856" inserted="48736" running="584" waiting="7120" ended="48152" arrived="48152" collisions="66" teleports="66" halting="5" stopped="0" meanWaitingTime="1346.86" meanTravelTime="313.00" meanSpeed="18.95" meanSpeedRelative="0.59" duration="7"/>
    <step time="51000.00" loaded="56573" inserted="49262" running="632" waiting="7311" ended="48630" arrived="48630" collisions="68" teleports="68" halting="7" stopped="0" meanWaitingTime="1360.76" meanTravelTime="313.51" meanSpeed="17.77" meanSpeedRelative="0.56" duration="6"/>
    <step time="51300.00" loaded="57315" inserted="49762" running="664" waiting="7553" ended="49098" arrived="49098" collisions="68" teleports="68" halting="2" stopped="0" meanWaitingTime="1372.40" meanTravelTime="314.04" meanSpeed="16.65" meanSpeedRelative="0.52" duration="5"/>
    <step time="51600.00" loaded="58030" inserted="50268" running="701" waiting="7762" ended="49567" arrived="49567" collisions="69" teleports="69" halting="7" stopped="0" meanWaitingTime="1384.97" meanTravelTime="314.83" meanSpeed="15.92" meanSpeedRelative="0.50" duration="6"/>
    <step time="51900.00" loaded="58751" inserted="50771" running="728" waiting="7980" ended="50043" arrived="50043" collisions="70" teleports="70" halting="12" stopped="0" meanWaitingTime="1396.52" meanTravelTime="315.81" meanSpeed="16.44" meanSpeedRelative="0.51" duration="9"/>
    <step time="52200.00" loaded="59439" inserted="51283" running="758" waiting="8156" ended="50525" arrived="50525" collisions="70" teleports="70" halting="13" stopped="0" meanWaitingTime="1408.80" meanTravelTime="316.91" meanSpeed="16.25" meanSpeedRelative="0.51" duration="7"/>
    <step time="52500.00" loaded="60159" inserted="51766" running="759" waiting="8393" ended="51007" arrived="51007" collisions="71" teleports="71" halting="3" stopped="0" meanWaitingTime="1420.25" meanTravelTime="318.30" meanSpeed="15.08" meanSpeedRelative="0.47" duration="10"/>
    <step time="52800.00" loaded="60842" inserted="52281" running="783" waiting="8561" ended="51498" arrived="51498" collisions="71" teleports="71" halting="6" stopped="0" meanWaitingTime="1434.51" meanTravelTime="319.68" meanSpeed="14.97" meanSpeedRelative="0.47" duration="8"/>
    <step time="53100.00" loaded="61574" inserted="52797" running="795" waiting="8777" ended="52002" arrived="52002" collisions="72" teleports="72" halting="9" stopped="0" meanWaitingTime="1447.04" meanTravelTime="320.90" meanSpeed="15.04" meanSpeedRelative="0.47" duration="10"/>
    <step time="53400.00" loaded="62327" inserted="53314" running="809" waiting="9013" ended="52505" arrived="52505" collisions="75" teleports="75" halting="4" stopped="0" meanWaitingTime="1462.48" meanTravelTime="322.26" meanSpeed="14.08" meanSpeedRelative="0.44" duration="9"/>
    <step time="53700.00" loaded="63030" inserted="53815" running="816" waiting="9215" ended="52999" arrived="52999" collisions="78" teleports="78" halting="8" stopped="0" meanWaitingTime="1476.67" meanTravelTime="323.77" meanSpeed="14.36" meanSpeedRelative="0.45" duration="6"/>
    <step time="54000.00" loaded="63724" inserted="54330" running="799" waiting="9394" ended="53531" arrived="53531" collisions="79" teleports="79" halting="6" stopped="0" meanWaitingTime="1494.46" meanTravelTime="325.30" meanSpeed="15.21" meanSpeedRelative="0.48" duration="94"/>
    <step time="54300.00" loaded="64167" inserted="54767" running="697" waiting="9400" ended="54070" arrived="54070" collisions="80" teleports="80" halting="5" stopped="0" meanWaitingTime="1510.92" meanTravelTime="326.74" meanSpeed="15.40" meanSpeedRelative="0.48" duration="9"/>
    <step time="54600.00" loaded="64634" inserted="55215" running="660" waiting="9419" ended="54555" arrived="54555" collisions="80" teleports="80" halting="8" stopped="0" meanWaitingTime="1527.12" meanTravelTime="327.87" meanSpeed="16.06" meanSpeedRelative="0.50" duration="6"/>
    <step time="54900.00" loaded="65059" inserted="55649" running="625" waiting="9410" ended="55024" arrived="55024" collisions="82" teleports="82" halting="6" stopped="0" meanWaitingTime="1546.00" meanTravelTime="328.85" meanSpeed="16.70" meanSpeedRelative="0.52" duration="6"/>
    <step time="55200.00" loaded="65514" inserted="56069" running="603" waiting="9445" ended="55466" arrived="55466" collisions="82" teleports="82" halting="4" stopped="0" meanWaitingTime="1563.41" meanTravelTime="329.79" meanSpeed="17.52" meanSpeedRelative="0.55" duration="7"/>
    <step time="55500.00" loaded="65977" inserted="56525" running="580" waiting="9452" ended="55945" arrived="55945" collisions="85" teleports="85" halting="6" stopped="0" meanWaitingTime="1582.47" meanTravelTime="330.48" meanSpeed="18.46" meanSpeedRelative="0.58" duration="7"/>
    <step time="55800.00" loaded="66426" inserted="56949" running="560" waiting="9477" ended="56389" arrived="56389" collisions="86" teleports="86" halting="4" stopped="0" meanWaitingTime="1602.17" meanTravelTime="330.90" meanSpeed="19.17" meanSpeedRelative="0.60" duration="7"/>
    <step time="56100.00" loaded="66881" inserted="57381" running="585" waiting="9500" ended="56796" arrived="56796" collisions="86" teleports="86" halting="5" stopped="0" meanWaitingTime="1619.95" meanTravelTime="331.23" meanSpeed="18.11" meanSpeedRelative="0.57" duration="8"/>
    <step time="56400.00" loaded="67320" inserted="57826" running="583" waiting="9494" ended="57243" arrived="57243" collisions="88" teleports="88" halting="13" stopped="0" meanWaitingTime="1638.28" meanTravelTime="331.66" meanSpeed="18.23" meanSpeedRelative="0.57" duration="8"/>
    <step time="56700.00" loaded="67789" inserted="58259" running="543" waiting="9530" ended="57716" arrived="57716" collisions="89" teleports="89" halting="6" stopped="0" meanWaitingTime="1654.87" meanTravelTime="332.34" meanSpeed="18.33" meanSpeedRelative="0.57" duration="8"/>
    <step time="57000.00" loaded="68282" inserted="58706" running="557" waiting="9576" ended="58149" arrived="58149" collisions="89" teleports="89" halting="6" stopped="0" meanWaitingTime="1674.20" meanTravelTime="332.69" meanSpeed="19.41" meanSpeedRelative="0.61" duration="8"/>
    <step time="57300.00" loaded="68719" inserted="59131" running="566" waiting="9588" ended="58565" arrived="58565" collisions="90" teleports="90" halting="7" stopped="0" meanWaitingTime="1693.60" meanTravelTime="332.94" meanSpeed="18.46" meanSpeedRelative="0.58" duration="6"/>
    <step time="57600.00" loaded="69142" inserted="59555" running="559" waiting="9587" ended="58996" arrived="58996" collisions="91" teleports="91" halting="6" stopped="0" meanWaitingTime="1712.36" meanTravelTime="333.30" meanSpeed="18.51" meanSpeedRelative="0.58" duration="85"/>
    <step time="57900.00" loaded="69691" inserted="60027" running="583" waiting="9664" ended="59444" arrived="59444" collisions="92" teleports="92" halting="2" stopped="0" meanWaitingTime="1731.36" meanTravelTime="333.80" meanSpeed="18.78" meanSpeedRelative="0.59" duration="8"/>
    <step time="58200.00" loaded="70260" inserted="60489" running="582" waiting="9771" ended="59907" arrived="59907" collisions="92" teleports="92" halting="6" stopped="0" meanWaitingTime="1750.66" meanTravelTime="334.16" meanSpeed="18.52" meanSpeedRelative="0.58" duration="9"/>
    <step time="58500.00" loaded="70837" inserted="60970" running="602" waiting="9867" ended="60368" arrived="60368" collisions="94" teleports="94" halting="8" stopped="0" meanWaitingTime="1767.82" meanTravelTime="334.45" meanSpeed="18.66" meanSpeedRelative="0.58" duration="8"/>
    <step time="58800.00" loaded="71403" inserted="61455" running="626" waiting="9948" ended="60829" arrived="60829" collisions="95" teleports="95" halting="6" stopped="0" meanWaitingTime="1786.33" meanTravelTime="334.89" meanSpeed="18.49" meanSpeedRelative="0.58" duration="6"/>
    <step time="59100.00" loaded="71949" inserted="61910" running="610" waiting="10039" ended="61300" arrived="61300" collisions="97" teleports="97" halting="2" stopped="0" meanWaitingTime="1803.33" meanTravelTime="335.32" meanSpeed="18.39" meanSpeedRelative="0.57" duration="9"/>
    <step time="59400.00" loaded="72506" inserted="62370" running="592" waiting="10136" ended="61778" arrived="61778" collisions="99" teleports="99" halting="6" stopped="0" meanWaitingTime="1819.76" meanTravelTime="335.83" meanSpeed="18.23" meanSpeedRelative="0.57" duration="6"/>
    <step time="59700.00" loaded="73080" inserted="62851" running="620" waiting="10229" ended="62231" arrived="62231" collisions="99" teleports="99" halting="5" stopped="0" meanWaitingTime="1837.17" meanTravelTime="336.19" meanSpeed="18.15" meanSpeedRelative="0.57" duration="9"/>
    <step time="60000.00" loaded="73645" inserted="63305" running="621" waiting="10340" ended="62684" arrived="62684" collisions="101" teleports="101" halting="6" stopped="0" meanWaitingTime="1852.57" meanTravelTime="336.59" meanSpeed="17.91" meanSpeedRelative="0.56" duration="10"/>
    <step time="60300.00" loaded="74169" inserted="63756" running="611" waiting="10413" ended="63145" arrived="63145" collisions="101" teleports="101" halting="5" stopped="0" meanWaitingTime="1871.51" meanTravelTime="336.94" meanSpeed="19.03" meanSpeedRelative="0.59" duration="8"/>
    <step time="60600.00" loaded="74709" inserted="64214" running="623" waiting="10495" ended="63591" arrived="63591" collisions="104" teleports="104" halting="5" stopped="0" meanWaitingTime="1889.63" meanTravelTime="337.40" meanSpeed="17.82" meanSpeedRelative="0.56" duration="9"/>
    <step time="60900.00" loaded="75280" inserted="64699" running="655" waiting="10581" ended="64044" arrived="64044" collisions="104" teleports="104" halting="8" stopped="0" meanWaitingTime="1906.25" meanTravelTime="337.77" meanSpeed="17.20" meanSpeedRelative="0.54" duration="9"/>
    <step time="61200.00" loaded="75846" inserted="65199" running="675" waiting="10647" ended="64524" arrived="64524" collisions="108" teleports="108" halting="8" stopped="0" meanWaitingTime="1923.74" meanTravelTime="338.42" meanSpeed="17.32" meanSpeedRelative="0.54" duration="85"/>
    <step time="61500.00" loaded="75923" inserted="65524" running="539" waiting="10399" ended="64985" arrived="64985" collisions="113" teleports="113" halting="7" stopped="0" meanWaitingTime="1946.44" meanTravelTime="339.09" meanSpeed="18.16" meanSpeedRelative="0.57" duration="6"/>
    <step time="61800.00" loaded="75989" inserted="65820" running="461" waiting="10169" ended="65359" arrived="65359" collisions="114" teleports="114" halting="5" stopped="0" meanWaitingTime="1967.64" meanTravelTime="339.94" meanSpeed="19.84" meanSpeedRelative="0.62" duration="10"/>
    <step time="62100.00" loaded="76073" inserted="66155" running="416" waiting="9918" ended="65739" arrived="65739" collisions="114" teleports="114" halting="13" stopped="0" meanWaitingTime="1991.34" meanTravelTime="340.48" meanSpeed="20.12" meanSpeedRelative="0.63" duration="5"/>
    <step time="62400.00" loaded="76148" inserted="66431" running="344" waiting="9717" ended="66087" arrived="66087" collisions="114" teleports="114" halting="4" stopped="0" meanWaitingTime="2013.14" meanTravelTime="340.75" meanSpeed="20.79" meanSpeedRelative="0.65" duration="4"/>
    <step time="62700.00" loaded="76219" inserted="66689" running="311" waiting="9530" ended="66378" arrived="66378" collisions="114" teleports="114" halting="5" stopped="0" meanWaitingTime="2034.81" meanTravelTime="341.19" meanSpeed="20.63" meanSpeedRelative="0.64" duration="7"/>
    <step time="63000.00" loaded="76281" inserted="66947" running="294" waiting="9334" ended="66653" arrived="66653" collisions="114" teleports="114" halting="8" stopped="0" meanWaitingTime="2053.19" meanTravelTime="341.31" meanSpeed="20.43" meanSpeedRelative="0.64" duration="4"/>
    <step time="63300.00" loaded="76362" inserted="67207" running="300" waiting="9155" ended="66907" arrived="66907" collisions="114" teleports="114" halting="5" stopped="0" meanWaitingTime="2071.82" meanTravelTime="341.33" meanSpeed="21.75" meanSpeedRelative="0.68" duration="4"/>
    <step time="63600.00" loaded="76433" inserted="67447" running="275" waiting="8986" ended="67172" arrived="67172" collisions="114" teleports="114" halting="2" stopped="0" meanWaitingTime="2097.80" meanTravelTime="341.28" meanSpeed="20.81" meanSpeedRelative="0.65" duration="4"/>
    <step time="63900.00" loaded="76515" inserted="67645" running="229" waiting="8870" ended="67416" arrived="67416" collisions="114" teleports="114" halting="3" stopped="0" meanWaitingTime="2114.82" meanTravelTime="341.32" meanSpeed="21.81" meanSpeedRelative="0.68" duration="3"/>
    <step time="64200.00" loaded="76594" inserted="67851" running="212" waiting="8743" ended="67639" arrived="67639" collisions="114" teleports="114" halting="9" stopped="0" meanWaitingTime="2134.48" meanTravelTime="341.29" meanSpeed="21.50" meanSpeedRelative="0.67" duration="3"/>
    <step time="64500.00" loaded="76681" inserted="68059" running="222" waiting="8622" ended="67837" arrived="67837" collisions="114" teleports="114" halting="7" stopped="0" meanWaitingTime="2153.22" meanTravelTime="341.21" meanSpeed="22.24" meanSpeedRelative="0.69" duration="3"/>
    <step time="64800.00" loaded="76763" inserted="68266" running="212" waiting="8497" ended="68054" arrived="68054" collisions="115" teleports="115" halting="5" stopped="0" meanWaitingTime="2170.88" meanTravelTime="341.10" meanSpeed="21.90" meanSpeedRelative="0.68" duration="95"/>
    <step time="65100.00" loaded="76821" inserted="68450" running="195" waiting="8371" ended="68255" arrived="68255" collisions="115" teleports="115" halting="3" stopped="0" meanWaitingTime="2189.76" meanTravelTime="341.06" meanSpeed="21.28" meanSpeedRelative="0.67" duration="4"/>
    <step time="65400.00" loaded="76872" inserted="68655" running="210" waiting="8217" ended="68445" arrived="68445" collisions="115" teleports="115" halting="4" stopped="0" meanWaitingTime="2214.33" meanTravelTime="340.95" meanSpeed="21.92" meanSpeedRelative="0.69" duration="3"/>
    <step time="65700.00" loaded="76916" inserted="68854" running="201" waiting="8062" ended="68653" arrived="68653" collisions="115" teleports="115" halting="11" stopped="0" meanWaitingTime="2239.70" meanTravelTime="340.79" meanSpeed="20.32" meanSpeedRelative="0.63" duration="3"/>
    <step time="66000.00" loaded="76968" inserted="69058" running="210" waiting="7910" ended="68848" arrived="68848" collisions="115" teleports="115" halting="4" stopped="0" meanWaitingTime="2260.61" meanTravelTime="340.65" meanSpeed="22.09" meanSpeedRelative="0.69" duration="3"/>
    <step time="66300.00" loaded="77042" inserted="69196" running="151" waiting="7846" ended="69045" arrived="69045" collisions="115" teleports="115" halting="4" stopped="0" meanWaitingTime="2277.47" meanTravelTime="340.63" meanSpeed="21.15" meanSpeedRelative="0.66" duration="4"/>
    <step time="66600.00" loaded="77082" inserted="69337" running="116" waiting="7745" ended="69221" arrived="69221" collisions="115" teleports="115" halting="3" stopped="0" meanWaitingTime="2300.92" meanTravelTime="340.52" meanSpeed="20.98" meanSpeedRelative="0.66" duration="3"/>
    <step time="66900.00" loaded="77130" inserted="69495" running="115" waiting="7635" ended="69380" arrived="69380" collisions="115" teleports="115" halting="3" stopped="0" meanWaitingTime="2328.12" meanTravelTime="340.34" meanSpeed="21.68" meanSpeedRelative="0.68" duration="2"/>
    <step time="67200.00" loaded="77181" inserted="69629" running="120" waiting="7552" ended="69509" arrived="69509" collisions="115" teleports="115" halting="3" stopped="0" meanWaitingTime="2349.00" meanTravelTime="340.14" meanSpeed="21.09" meanSpeedRelative="0.66" duration="2"/>
    <step time="67500.00" loaded="77236" inserted="69755" running="111" waiting="7481" ended="69644" arrived="69644" collisions="115" teleports="115" halting="3" stopped="0" meanWaitingTime="2368.51" meanTravelTime="340.01" meanSpeed="21.72" meanSpeedRelative="0.68" duration="2"/>
    <step time="67800.00" loaded="77289" inserted="69893" running="120" waiting="7396" ended="69773" arrived="69773" collisions="115" teleports="115" halting="2" stopped="0" meanWaitingTime="2388.81" meanTravelTime="339.84" meanSpeed="20.30" meanSpeedRelative="0.63" duration="2"/>
    <step time="68100.00" loaded="77329" inserted="70025" running="109" waiting="7304" ended="69916" arrived="69916" collisions="115" teleports="115" halting="2" stopped="0" meanWaitingTime="2410.48" meanTravelTime="339.71" meanSpeed="19.41" meanSpeedRelative="0.61" duration="2"/>
    <step time="68400.00" loaded="77392" inserted="70185" running="122" waiting="7207" ended="70063" arrived="70063" collisions="115" teleports="115" halting="9" stopped="0" meanWaitingTime="2434.80" meanTravelTime="339.51" meanSpeed="20.40" meanSpeedRelative="0.64" duration="91"/>
    <step time="68700.00" loaded="77573" inserted="70400" running="186" waiting="7173" ended="70214" arrived="70214" collisions="115" teleports="115" halting="8" stopped="0" meanWaitingTime="2448.93" meanTravelTime="339.30" meanSpeed="21.85" meanSpeedRelative="0.68" duration="2"/>
    <step time="69000.00" loaded="77723" inserted="70584" running="176" waiting="7139" ended="70408" arrived="70408" collisions="116" teleports="116" halting="4" stopped="0" meanWaitingTime="2465.12" meanTravelTime="339.12" meanSpeed="21.10" meanSpeedRelative="0.66" duration="2"/>
    <step time="69300.00" loaded="77895" inserted="70802" running="202" waiting="7093" ended="70600" arrived="70600" collisions="116" teleports="116" halting="4" stopped="0" meanWaitingTime="2482.93" meanTravelTime="338.91" meanSpeed="22.06" meanSpeedRelative="0.69" duration="2"/>
    <step time="69600.00" loaded="78053" inserted="71003" running="192" waiting="7050" ended="70811" arrived="70811" collisions="116" teleports="116" halting="6" stopped="0" meanWaitingTime="2500.11" meanTravelTime="338.76" meanSpeed="21.68" meanSpeedRelative="0.68" duration="3"/>
    <step time="69900.00" loaded="78215" inserted="71202" running="191" waiting="7013" ended="71011" arrived="71011" collisions="116" teleports="116" halting="7" stopped="0" meanWaitingTime="2515.21" meanTravelTime="338.58" meanSpeed="21.17" meanSpeedRelative="0.66" duration="3"/>
    <step time="70200.00" loaded="78384" inserted="71420" running="194" waiting="6964" ended="71226" arrived="71226" collisions="116" teleports="116" halting="4" stopped="0" meanWaitingTime="2532.72" meanTravelTime="338.42" meanSpeed="22.85" meanSpeedRelative="0.71" duration="2"/>
    <step time="70500.00" loaded="78544" inserted="71613" running="181" waiting="6931" ended="71432" arrived="71432" collisions="116" teleports="116" halting="5" stopped="0" meanWaitingTime="2549.24" meanTravelTime="338.27" meanSpeed="21.77" meanSpeedRelative="0.68" duration="3"/>
    <step time="70800.00" loaded="78697" inserted="71817" running="191" waiting="6880" ended="71626" arrived="71626" collisions="116" teleports="116" halting="9" stopped="0" meanWaitingTime="2565.59" meanTravelTime="338.16" meanSpeed="21.86" meanSpeedRelative="0.68" duration="3"/>
    <step time="71100.00" loaded="78849" inserted="72014" running="187" waiting="6835" ended="71827" arrived="71827" collisions="116" teleports="116" halting="2" stopped="0" meanWaitingTime="2581.71" meanTravelTime="337.99" meanSpeed="21.97" meanSpeedRelative="0.69" duration="2"/>
    <step time="71400.00" loaded="79008" inserted="72205" running="182" waiting="6803" ended="72023" arrived="72023" collisions="116" teleports="116" halting="4" stopped="0" meanWaitingTime="2598.18" meanTravelTime="337.82" meanSpeed="22.22" meanSpeedRelative="0.69" duration="2"/>
    <step time="71700.00" loaded="79145" inserted="72383" running="167" waiting="6762" ended="72216" arrived="72216" collisions="116" teleports="116" halting="7" stopped="0" meanWaitingTime="2613.80" meanTravelTime="337.72" meanSpeed="21.51" meanSpeedRelative="0.67" duration="3"/>
    <step time="72000.00" loaded="79296" inserted="72582" running="176" waiting="6714" ended="72406" arrived="72406" collisions="116" teleports="116" halting="3" stopped="0" meanWaitingTime="2632.61" meanTravelTime="337.59" meanSpeed="21.75" meanSpeedRelative="0.68" duration="93"/>
    <step time="72300.00" loaded="79413" inserted="72748" running="149" waiting="6665" ended="72599" arrived="72599" collisions="116" teleports="116" halting="2" stopped="0" meanWaitingTime="2651.47" meanTravelTime="337.43" meanSpeed="21.18" meanSpeedRelative="0.66" duration="2"/>
    <step time="72600.00" loaded="79562" inserted="72940" running="160" waiting="6622" ended="72780" arrived="72780" collisions="116" teleports="116" halting="2" stopped="0" meanWaitingTime="2669.11" meanTravelTime="337.28" meanSpeed="21.97" meanSpeedRelative="0.69" duration="2"/>
    <step time="72900.00" loaded="79697" inserted="73117" running="152" waiting="6580" ended="72965" arrived="72965" collisions="116" teleports="116" halting="9" stopped="0" meanWaitingTime="2686.98" meanTravelTime="337.08" meanSpeed="21.18" meanSpeedRelative="0.66" duration="2"/>
    <step time="73200.00" loaded="79843" inserted="73305" running="166" waiting="6538" ended="73139" arrived="73139" collisions="117" teleports="117" halting="2" stopped="0" meanWaitingTime="2706.50" meanTravelTime="336.88" meanSpeed="21.38" meanSpeedRelative="0.67" duration="3"/>
    <step time="73500.00" loaded="79981" inserted="73474" running="163" waiting="6507" ended="73311" arrived="73311" collisions="117" teleports="117" halting="3" stopped="0" meanWaitingTime="2724.48" meanTravelTime="336.69" meanSpeed="21.36" meanSpeedRelative="0.67" duration="2"/>
    <step time="73800.00" loaded="80141" inserted="73675" running="190" waiting="6466" ended="73485" arrived="73485" collisions="117" teleports="117" halting="7" stopped="0" meanWaitingTime="2742.09" meanTravelTime="336.54" meanSpeed="21.56" meanSpeedRelative="0.67" duration="4"/>
    <step time="74100.00" loaded="80273" inserted="73859" running="179" waiting="6414" ended="73680" arrived="73680" collisions="117" teleports="117" halting="6" stopped="0" meanWaitingTime="2759.69" meanTravelTime="336.41" meanSpeed="22.00" meanSpeedRelative="0.69" duration="3"/>
    <step time="74400.00" loaded="80387" inserted="74024" running="164" waiting="6363" ended="73860" arrived="73860" collisions="117" teleports="117" halting="2" stopped="0" meanWaitingTime="2777.51" meanTravelTime="336.31" meanSpeed="21.32" meanSpeedRelative="0.67" duration="2"/>
    <step time="74700.00" loaded="80516" inserted="74208" running="156" waiting="6308" ended="74052" arrived="74052" collisions="117" teleports="117" halting="6" stopped="0" meanWaitingTime="2796.28" meanTravelTime="336.17" meanSpeed="21.88" meanSpeedRelative="0.68" duration="5"/>
    <step time="75000.00" loaded="80633" inserted="74374" running="148" waiting="6259" ended="74226" arrived="74226" collisions="117" teleports="117" halting="9" stopped="0" meanWaitingTime="2816.66" meanTravelTime="336.00" meanSpeed="21.25" meanSpeedRelative="0.66" duration="2"/>
    <step time="75300.00" loaded="80768" inserted="74560" running="166" waiting="6208" ended="74394" arrived="74394" collisions="117" teleports="117" halting="3" stopped="0" meanWaitingTime="2835.11" meanTravelTime="335.87" meanSpeed="21.97" meanSpeedRelative="0.69" duration="2"/>
    <step time="75600.00" loaded="80898" inserted="74740" running="168" waiting="6158" ended="74572" arrived="74572" collisions="117" teleports="117" halting="3" stopped="0" meanWaitingTime="2854.26" meanTravelTime="335.65" meanSpeed="22.46" meanSpeedRelative="0.70" duration="84"/>
    <step time="75900.00" loaded="81098" inserted="74981" running="193" waiting="6117" ended="74788" arrived="74788" collisions="118" teleports="118" halting="4" stopped="0" meanWaitingTime="2871.33" meanTravelTime="335.47" meanSpeed="21.96" meanSpeedRelative="0.69" duration="2"/>
    <step time="76200.00" loaded="81320" inserted="75224" running="209" waiting="6096" ended="75015" arrived="75015" collisions="119" teleports="119" halting="8" stopped="0" meanWaitingTime="2888.25" meanTravelTime="335.25" meanSpeed="22.12" meanSpeedRelative="0.69" duration="2"/>
    <step time="76500.00" loaded="81512" inserted="75461" running="215" waiting="6051" ended="75246" arrived="75246" collisions="120" teleports="120" halting="4" stopped="0" meanWaitingTime="2905.58" meanTravelTime="335.02" meanSpeed="22.83" meanSpeedRelative="0.71" duration="3"/>
    <step time="76800.00" loaded="81706" inserted="75691" running="217" waiting="6015" ended="75474" arrived="75474" collisions="120" teleports="120" halting="1" stopped="0" meanWaitingTime="2923.69" meanTravelTime="334.82" meanSpeed="22.95" meanSpeedRelative="0.72" duration="2"/>
    <step time="77100.00" loaded="81891" inserted="75907" running="205" waiting="5984" ended="75702" arrived="75702" collisions="120" teleports="120" halting="6" stopped="0" meanWaitingTime="2941.17" meanTravelTime="334.67" meanSpeed="22.63" meanSpeedRelative="0.71" duration="2"/>
    <step time="77400.00" loaded="82107" inserted="76137" running="219" waiting="5970" ended="75918" arrived="75918" collisions="120" teleports="120" halting="4" stopped="0" meanWaitingTime="2958.60" meanTravelTime="334.54" meanSpeed="21.64" meanSpeedRelative="0.68" duration="3"/>
    <step time="77700.00" loaded="82310" inserted="76357" running="221" waiting="5953" ended="76136" arrived="76136" collisions="121" teleports="121" halting="4" stopped="0" meanWaitingTime="2975.60" meanTravelTime="334.39" meanSpeed="21.68" meanSpeedRelative="0.68" duration="2"/>
    <step time="78000.00" loaded="82508" inserted="76583" running="221" waiting="5925" ended="76362" arrived="76362" collisions="123" teleports="123" halting="7" stopped="0" meanWaitingTime="2994.31" meanTravelTime="334.23" meanSpeed="21.37" meanSpeedRelative="0.67" duration="3"/>
    <step time="78300.00" loaded="82686" inserted="76789" running="210" waiting="5897" ended="76579" arrived="76579" collisions="124" teleports="124" halting="12" stopped="0" meanWaitingTime="3011.08" meanTravelTime="334.13" meanSpeed="21.46" meanSpeedRelative="0.67" duration="2"/>
    <step time="78600.00" loaded="82868" inserted="76986" running="185" waiting="5882" ended="76801" arrived="76801" collisions="124" teleports="124" halting="1" stopped="0" meanWaitingTime="3027.42" meanTravelTime="334.09" meanSpeed="21.96" meanSpeedRelative="0.69" duration="3"/>
    <step time="78900.00" loaded="83026" inserted="77194" running="185" waiting="5832" ended="77009" arrived="77009" collisions="124" teleports="124" halting="6" stopped="0" meanWaitingTime="3044.80" meanTravelTime="333.89" meanSpeed="22.24" meanSpeedRelative="0.69" duration="2"/>
    <step time="79200.00" loaded="83234" inserted="77443" running="227" waiting="5791" ended="77216" arrived="77216" collisions="125" teleports="125" halting="4" stopped="0" meanWaitingTime="3061.36" meanTravelTime="333.71" meanSpeed="22.62" meanSpeedRelative="0.71" duration="89"/>
    <step time="79500.00" loaded="83433" inserted="77661" running="216" waiting="5772" ended="77445" arrived="77445" collisions="125" teleports="125" halting="5" stopped="0" meanWaitingTime="3075.67" meanTravelTime="333.54" meanSpeed="21.93" meanSpeedRelative="0.69" duration="3"/>
    <step time="79800.00" loaded="83592" inserted="77861" running="188" waiting="5731" ended="77673" arrived="77673" collisions="125" teleports="125" halting="4" stopped="0" meanWaitingTime="3092.96" meanTravelTime="333.43" meanSpeed="22.54" meanSpeedRelative="0.70" duration="2"/>
    <step time="80100.00" loaded="83782" inserted="78084" running="219" waiting="5698" ended="77865" arrived="77865" collisions="126" teleports="126" halting="5" stopped="0" meanWaitingTime="3109.92" meanTravelTime="333.28" meanSpeed="22.99" meanSpeedRelative="0.72" duration="2"/>
    <step time="80400.00" loaded="83957" inserted="78294" running="196" waiting="5663" ended="78098" arrived="78098" collisions="126" teleports="126" halting="2" stopped="0" meanWaitingTime="3125.85" meanTravelTime="333.15" meanSpeed="22.14" meanSpeedRelative="0.69" duration="2"/>
    <step time="80700.00" loaded="84139" inserted="78525" running="208" waiting="5614" ended="78317" arrived="78317" collisions="127" teleports="127" halting="11" stopped="0" meanWaitingTime="3142.38" meanTravelTime="333.03" meanSpeed="22.03" meanSpeedRelative="0.69" duration="2"/>
    <step time="81000.00" loaded="84296" inserted="78725" running="194" waiting="5571" ended="78531" arrived="78531" collisions="127" teleports="127" halting="4" stopped="0" meanWaitingTime="3160.24" meanTravelTime="332.93" meanSpeed="20.15" meanSpeedRelative="0.63" duration="2"/>
    <step time="81300.00" loaded="84466" inserted="78943" running="203" waiting="5523" ended="78740" arrived="78740" collisions="128" teleports="128" halting="5" stopped="0" meanWaitingTime="3174.86" meanTravelTime="332.82" meanSpeed="22.31" meanSpeedRelative="0.70" duration="4"/>
    <step time="81600.00" loaded="84618" inserted="79150" running="173" waiting="5468" ended="78977" arrived="78977" collisions="129" teleports="129" halting="7" stopped="0" meanWaitingTime="3192.94" meanTravelTime="332.63" meanSpeed="21.87" meanSpeedRelative="0.68" duration="2"/>
    <step time="81900.00" loaded="84816" inserted="79385" running="213" waiting="5431" ended="79172" arrived="79172" collisions="130" teleports="130" halting="3" stopped="0" meanWaitingTime="3208.50" meanTravelTime="332.51" meanSpeed="22.54" meanSpeedRelative="0.70" duration="2"/>
    <step time="82200.00" loaded="84999" inserted="79604" running="198" waiting="5395" ended="79406" arrived="79406" collisions="131" teleports="131" halting="3" stopped="0" meanWaitingTime="3224.72" meanTravelTime="332.33" meanSpeed="22.37" meanSpeedRelative="0.70" duration="2"/>
    <step time="82500.00" loaded="85184" inserted="79823" running="190" waiting="5361" ended="79633" arrived="79633" collisions="131" teleports="131" halting="7" stopped="0" meanWaitingTime="3240.13" meanTravelTime="332.14" meanSpeed="22.23" meanSpeedRelative="0.69" duration="2"/>
</summary>
