<?xml version="1.0" encoding="UTF-8"?>

<!-- generated on 2025-08-08 07:44:20 by Eclipse SUMO sumo Version 1.23.1
<sumoConfiguration xmlns:xsi="http://www.w3.org/2001/XMLSchema-instance" xsi:noNamespaceSchemaLocation="http://sumo.dlr.de/xsd/sumoConfiguration.xsd">

    <input>
        <net-file value="Desktop\Master Thesis\Network_fin.net.xml"/>
        <route-files value="Desktop\Master Thesis\demand_model_amsterdam.rou.xml"/>
        <additional-files value="Desktop\Master Thesis\Additionnal.add.xml"/>
    </input>

    <output>
        <summary-output value="outputf/summary_coor_alinea_3neigh_method1_K80_target5_44835.xml"/>
        <summary-output.period value="300"/>
        <tripinfo-output value="outputf/tripinfo_coor_alinea_3neigh_method1_K80_target5_44835.xml"/>
    </output>

    <time>
        <begin value="0"/>
        <end value="82800"/>
        <step-length value="1"/>
    </time>

    <processing>
        <time-to-teleport value="-1"/>
    </processing>

    <report>
        <verbose value="true"/>
        <no-step-log value="true"/>
    </report>

    <emissions>
        <device.emissions.period value="10"/>
    </emissions>

    <traci_server>
        <remote-port value="50685"/>
    </traci_server>

    <random_number>
        <seed value="44835"/>
    </random_number>

</sumoConfiguration>
-->

<summary xmlns:xsi="http://www.w3.org/2001/XMLSchema-instance" xsi:noNamespaceSchemaLocation="http://sumo.dlr.de/xsd/summary_file.xsd">
    <step time="0.00" loaded="2" inserted="2" running="2" waiting="0" ended="0" arrived="0" collisions="0" teleports="0" halting="2" stopped="0" meanWaitingTime="0.00" meanTravelTime="-1.00" meanSpeed="0.00" meanSpeedRelative="0.00" duration="0"/>
    <step time="300.00" loaded="182" inserted="182" running="111" waiting="0" ended="71" arrived="71" collisions="0" teleports="0" halting="1" stopped="0" meanWaitingTime="0.24" meanTravelTime="106.62" meanSpeed="25.18" meanSpeedRelative="0.79" duration="1"/>
    <step time="600.00" loaded="397" inserted="397" running="164" waiting="0" ended="233" arrived="233" collisions="0" teleports="0" halting="0" stopped="0" meanWaitingTime="0.42" meanTravelTime="161.18" meanSpeed="25.70" meanSpeedRelative="0.80" duration="2"/>
    <step time="900.00" loaded="570" inserted="570" running="162" waiting="0" ended="408" arrived="408" collisions="2" teleports="2" halting="1" stopped="0" meanWaitingTime="0.39" meanTravelTime="187.78" meanSpeed="24.30" meanSpeedRelative="0.76" duration="2"/>
    <step time="1200.00" loaded="735" inserted="735" running="151" waiting="0" ended="584" arrived="584" collisions="2" teleports="2" halting="2" stopped="0" meanWaitingTime="0.38" meanTravelTime="213.22" meanSpeed="25.46" meanSpeedRelative="0.80" duration="1"/>
    <step time="1500.00" loaded="904" inserted="902" running="150" waiting="2" ended="752" arrived="752" collisions="2" teleports="2" halting="1" stopped="0" meanWaitingTime="0.39" meanTravelTime="228.34" meanSpeed="24.95" meanSpeedRelative="0.78" duration="1"/>
    <step time="1800.00" loaded="1087" inserted="1087" running="155" waiting="0" ended="932" arrived="932" collisions="2" teleports="2" halting="0" stopped="0" meanWaitingTime="0.39" meanTravelTime="228.31" meanSpeed="24.64" meanSpeedRelative="0.77" duration="1"/>
    <step time="2100.00" loaded="1266" inserted="1265" running="168" waiting="1" ended="1097" arrived="1097" collisions="2" teleports="2" halting="1" stopped="0" meanWaitingTime="0.39" meanTravelTime="234.39" meanSpeed="24.70" meanSpeedRelative="0.77" duration="1"/>
    <step time="2400.00" loaded="1450" inserted="1450" running="156" waiting="0" ended="1294" arrived="1294" collisions="2" teleports="2" halting="1" stopped="0" meanWaitingTime="0.40" meanTravelTime="240.79" meanSpeed="25.15" meanSpeedRelative="0.79" duration="1"/>
    <step time="2700.00" loaded="1625" inserted="1625" running="144" waiting="0" ended="1481" arrived="1481" collisions="2" teleports="2" halting="0" stopped="0" meanWaitingTime="0.39" meanTravelTime="240.90" meanSpeed="25.13" meanSpeedRelative="0.79" duration="0"/>
    <step time="3000.00" loaded="1807" inserted="1807" running="144" waiting="0" ended="1663" arrived="1663" collisions="3" teleports="3" halting="0" stopped="0" meanWaitingTime="0.37" meanTravelTime="243.10" meanSpeed="25.29" meanSpeedRelative="0.79" duration="0"/>
    <step time="3300.00" loaded="2006" inserted="1996" running="155" waiting="10" ended="1841" arrived="1841" collisions="3" teleports="3" halting="4" stopped="0" meanWaitingTime="0.75" meanTravelTime="244.76" meanSpeed="23.83" meanSpeedRelative="0.74" duration="1"/>
    <step time="3600.00" loaded="2159" inserted="2141" running="149" waiting="18" ended="1992" arrived="1992" collisions="3" teleports="3" halting="0" stopped="0" meanWaitingTime="2.23" meanTravelTime="248.62" meanSpeed="25.01" meanSpeedRelative="0.78" duration="85"/>
    <step time="3900.00" loaded="2260" inserted="2246" running="107" waiting="14" ended="2139" arrived="2139" collisions="3" teleports="3" halting="1" stopped="0" meanWaitingTime="4.38" meanTravelTime="252.05" meanSpeed="23.55" meanSpeedRelative="0.74" duration="1"/>
    <step time="4200.00" loaded="2365" inserted="2356" running="107" waiting="9" ended="2249" arrived="2249" collisions="3" teleports="3" halting="5" stopped="0" meanWaitingTime="5.79" meanTravelTime="255.03" meanSpeed="24.08" meanSpeedRelative="0.75" duration="0"/>
    <step time="4500.00" loaded="2493" inserted="2481" running="115" waiting="12" ended="2366" arrived="2366" collisions="4" teleports="4" halting="0" stopped="0" meanWaitingTime="6.93" meanTravelTime="254.77" meanSpeed="24.28" meanSpeedRelative="0.76" duration="1"/>
    <step time="4800.00" loaded="2619" inserted="2610" running="109" waiting="9" ended="2501" arrived="2501" collisions="4" teleports="4" halting="4" stopped="0" meanWaitingTime="8.02" meanTravelTime="256.20" meanSpeed="25.01" meanSpeedRelative="0.78" duration="1"/>
    <step time="5100.00" loaded="2714" inserted="2712" running="88" waiting="2" ended="2624" arrived="2624" collisions="4" teleports="4" halting="7" stopped="0" meanWaitingTime="8.71" meanTravelTime="257.49" meanSpeed="22.57" meanSpeedRelative="0.71" duration="0"/>
    <step time="5400.00" loaded="2828" inserted="2828" running="115" waiting="0" ended="2713" arrived="2713" collisions="4" teleports="4" halting="0" stopped="0" meanWaitingTime="8.47" meanTravelTime="258.23" meanSpeed="24.82" meanSpeedRelative="0.78" duration="0"/>
    <step time="5700.00" loaded="2933" inserted="2933" running="94" waiting="0" ended="2839" arrived="2839" collisions="4" teleports="4" halting="5" stopped="0" meanWaitingTime="8.24" meanTravelTime="258.61" meanSpeed="24.92" meanSpeedRelative="0.78" duration="0"/>
    <step time="6000.00" loaded="3046" inserted="3044" running="95" waiting="2" ended="2949" arrived="2949" collisions="4" teleports="4" halting="0" stopped="0" meanWaitingTime="8.00" meanTravelTime="258.42" meanSpeed="25.43" meanSpeedRelative="0.79" duration="0"/>
    <step time="6300.00" loaded="3143" inserted="3142" running="92" waiting="1" ended="3050" arrived="3050" collisions="4" teleports="4" halting="1" stopped="0" meanWaitingTime="7.78" meanTravelTime="259.37" meanSpeed="24.76" meanSpeedRelative="0.77" duration="0"/>
    <step time="6600.00" loaded="3259" inserted="3258" running="96" waiting="1" ended="3162" arrived="3162" collisions="4" teleports="4" halting="1" stopped="0" meanWaitingTime="7.57" meanTravelTime="259.68" meanSpeed="24.39" meanSpeedRelative="0.76" duration="0"/>
    <step time="6900.00" loaded="3386" inserted="3386" running="103" waiting="0" ended="3283" arrived="3283" collisions="4" teleports="4" halting="0" stopped="0" meanWaitingTime="7.36" meanTravelTime="259.04" meanSpeed="25.30" meanSpeedRelative="0.79" duration="1"/>
    <step time="7200.00" loaded="3496" inserted="3496" running="104" waiting="0" ended="3392" arrived="3392" collisions="4" teleports="4" halting="1" stopped="0" meanWaitingTime="7.14" meanTravelTime="259.15" meanSpeed="24.94" meanSpeedRelative="0.78" duration="86"/>
    <step time="7500.00" loaded="3628" inserted="3624" running="119" waiting="4" ended="3505" arrived="3505" collisions="4" teleports="4" halting="1" stopped="0" meanWaitingTime="6.98" meanTravelTime="259.03" meanSpeed="23.56" meanSpeedRelative="0.74" duration="1"/>
    <step time="7800.00" loaded="3785" inserted="3766" running="133" waiting="19" ended="3633" arrived="3633" collisions="4" teleports="4" halting="7" stopped="0" meanWaitingTime="7.31" meanTravelTime="259.10" meanSpeed="24.26" meanSpeedRelative="0.76" duration="1"/>
    <step time="8100.00" loaded="3953" inserted="3937" running="152" waiting="16" ended="3785" arrived="3785" collisions="4" teleports="4" halting="3" stopped="0" meanWaitingTime="8.44" meanTravelTime="259.58" meanSpeed="24.22" meanSpeedRelative="0.76" duration="1"/>
    <step time="8400.00" loaded="4103" inserted="4092" running="143" waiting="11" ended="3949" arrived="3949" collisions="4" teleports="4" halting="2" stopped="0" meanWaitingTime="9.13" meanTravelTime="259.69" meanSpeed="24.13" meanSpeedRelative="0.75" duration="1"/>
    <step time="8700.00" loaded="4244" inserted="4235" running="138" waiting="9" ended="4097" arrived="4097" collisions="4" teleports="4" halting="6" stopped="0" meanWaitingTime="9.48" meanTravelTime="260.76" meanSpeed="23.96" meanSpeedRelative="0.75" duration="1"/>
    <step time="9000.00" loaded="4409" inserted="4390" running="132" waiting="19" ended="4258" arrived="4258" collisions="4" teleports="4" halting="2" stopped="0" meanWaitingTime="9.87" meanTravelTime="261.15" meanSpeed="25.51" meanSpeedRelative="0.80" duration="1"/>
    <step time="9300.00" loaded="4558" inserted="4544" running="147" waiting="14" ended="4397" arrived="4397" collisions="4" teleports="4" halting="2" stopped="0" meanWaitingTime="10.59" meanTravelTime="260.85" meanSpeed="25.02" meanSpeedRelative="0.78" duration="1"/>
    <step time="9600.00" loaded="4714" inserted="4700" running="128" waiting="14" ended="4572" arrived="4572" collisions="4" teleports="4" halting="5" stopped="0" meanWaitingTime="11.16" meanTravelTime="261.80" meanSpeed="24.51" meanSpeedRelative="0.77" duration="1"/>
    <step time="9900.00" loaded="4872" inserted="4853" running="123" waiting="19" ended="4730" arrived="4730" collisions="4" teleports="4" halting="1" stopped="0" meanWaitingTime="11.72" meanTravelTime="261.24" meanSpeed="23.87" meanSpeedRelative="0.75" duration="0"/>
    <step time="10200.00" loaded="5049" inserted="5025" running="145" waiting="24" ended="4880" arrived="4880" collisions="4" teleports="4" halting="0" stopped="0" meanWaitingTime="12.40" meanTravelTime="261.05" meanSpeed="23.73" meanSpeedRelative="0.74" duration="0"/>
    <step time="10500.00" loaded="5211" inserted="5187" running="134" waiting="24" ended="5053" arrived="5053" collisions="4" teleports="4" halting="4" stopped="0" meanWaitingTime="13.36" meanTravelTime="260.28" meanSpeed="24.18" meanSpeedRelative="0.76" duration="1"/>
    <step time="10800.00" loaded="5379" inserted="5341" running="132" waiting="38" ended="5209" arrived="5209" collisions="5" teleports="5" halting="1" stopped="0" meanWaitingTime="14.18" meanTravelTime="260.06" meanSpeed="24.32" meanSpeedRelative="0.76" duration="88"/>
    <step time="11100.00" loaded="5535" inserted="5491" running="117" waiting="44" ended="5374" arrived="5374" collisions="5" teleports="5" halting="1" stopped="0" meanWaitingTime="15.67" meanTravelTime="260.40" meanSpeed="24.57" meanSpeedRelative="0.77" duration="1"/>
    <step time="11400.00" loaded="5682" inserted="5639" running="118" waiting="43" ended="5521" arrived="5521" collisions="5" teleports="5" halting="3" stopped="0" meanWaitingTime="17.44" meanTravelTime="260.80" meanSpeed="23.91" meanSpeedRelative="0.75" duration="1"/>
    <step time="11700.00" loaded="5829" inserted="5777" running="111" waiting="52" ended="5666" arrived="5666" collisions="5" teleports="5" halting="1" stopped="0" meanWaitingTime="19.13" meanTravelTime="259.14" meanSpeed="24.03" meanSpeedRelative="0.75" duration="1"/>
    <step time="12000.00" loaded="5964" inserted="5908" running="111" waiting="56" ended="5797" arrived="5797" collisions="5" teleports="5" halting="0" stopped="0" meanWaitingTime="20.91" meanTravelTime="259.27" meanSpeed="24.27" meanSpeedRelative="0.76" duration="0"/>
    <step time="12300.00" loaded="6112" inserted="6048" running="109" waiting="64" ended="5939" arrived="5939" collisions="5" teleports="5" halting="3" stopped="0" meanWaitingTime="22.89" meanTravelTime="259.25" meanSpeed="24.08" meanSpeedRelative="0.75" duration="0"/>
    <step time="12600.00" loaded="6250" inserted="6190" running="111" waiting="60" ended="6079" arrived="6079" collisions="5" teleports="5" halting="4" stopped="0" meanWaitingTime="25.32" meanTravelTime="258.52" meanSpeed="23.62" meanSpeedRelative="0.74" duration="0"/>
    <step time="12900.00" loaded="6380" inserted="6322" running="94" waiting="58" ended="6228" arrived="6228" collisions="5" teleports="5" halting="0" stopped="0" meanWaitingTime="27.22" meanTravelTime="257.32" meanSpeed="24.22" meanSpeedRelative="0.76" duration="1"/>
    <step time="13200.00" loaded="6525" inserted="6464" running="115" waiting="61" ended="6349" arrived="6349" collisions="5" teleports="5" halting="4" stopped="0" meanWaitingTime="29.79" meanTravelTime="256.65" meanSpeed="23.97" meanSpeedRelative="0.75" duration="1"/>
    <step time="13500.00" loaded="6662" inserted="6589" running="117" waiting="73" ended="6472" arrived="6472" collisions="5" teleports="5" halting="3" stopped="0" meanWaitingTime="31.75" meanTravelTime="256.48" meanSpeed="24.73" meanSpeedRelative="0.77" duration="1"/>
    <step time="13800.00" loaded="6824" inserted="6748" running="130" waiting="76" ended="6618" arrived="6618" collisions="6" teleports="6" halting="2" stopped="0" meanWaitingTime="33.60" meanTravelTime="256.37" meanSpeed="24.88" meanSpeedRelative="0.78" duration="1"/>
    <step time="14100.00" loaded="6976" inserted="6887" running="124" waiting="89" ended="6763" arrived="6763" collisions="6" teleports="6" halting="2" stopped="0" meanWaitingTime="35.84" meanTravelTime="256.44" meanSpeed="24.24" meanSpeedRelative="0.76" duration="1"/>
    <step time="14400.00" loaded="7121" inserted="7029" running="120" waiting="92" ended="6909" arrived="6909" collisions="6" teleports="6" halting="1" stopped="0" meanWaitingTime="38.31" meanTravelTime="256.16" meanSpeed="24.96" meanSpeedRelative="0.78" duration="87"/>
    <step time="14700.00" loaded="7213" inserted="7126" running="72" waiting="87" ended="7054" arrived="7054" collisions="6" teleports="6" halting="3" stopped="0" meanWaitingTime="40.49" meanTravelTime="256.21" meanSpeed="24.39" meanSpeedRelative="0.76" duration="1"/>
    <step time="15000.00" loaded="7316" inserted="7232" running="89" waiting="84" ended="7143" arrived="7143" collisions="6" teleports="6" halting="7" stopped="0" meanWaitingTime="43.46" meanTravelTime="256.05" meanSpeed="23.57" meanSpeedRelative="0.74" duration="0"/>
    <step time="15300.00" loaded="7425" inserted="7345" running="79" waiting="80" ended="7266" arrived="7266" collisions="6" teleports="6" halting="1" stopped="0" meanWaitingTime="46.31" meanTravelTime="255.70" meanSpeed="23.47" meanSpeedRelative="0.73" duration="0"/>
    <step time="15600.00" loaded="7518" inserted="7444" running="74" waiting="74" ended="7370" arrived="7370" collisions="6" teleports="6" halting="1" stopped="0" meanWaitingTime="49.54" meanTravelTime="255.37" meanSpeed="24.36" meanSpeedRelative="0.76" duration="1"/>
    <step time="15900.00" loaded="7607" inserted="7536" running="70" waiting="71" ended="7466" arrived="7466" collisions="6" teleports="6" halting="2" stopped="0" meanWaitingTime="52.09" meanTravelTime="254.97" meanSpeed="24.61" meanSpeedRelative="0.77" duration="0"/>
    <step time="16200.00" loaded="7710" inserted="7641" running="88" waiting="69" ended="7553" arrived="7553" collisions="6" teleports="6" halting="2" stopped="0" meanWaitingTime="54.33" meanTravelTime="254.54" meanSpeed="24.41" meanSpeedRelative="0.76" duration="1"/>
    <step time="16500.00" loaded="7817" inserted="7751" running="78" waiting="66" ended="7673" arrived="7673" collisions="6" teleports="6" halting="4" stopped="0" meanWaitingTime="56.83" meanTravelTime="254.23" meanSpeed="24.18" meanSpeedRelative="0.76" duration="0"/>
    <step time="16800.00" loaded="7916" inserted="7855" running="81" waiting="61" ended="7774" arrived="7774" collisions="6" teleports="6" halting="2" stopped="0" meanWaitingTime="58.58" meanTravelTime="254.29" meanSpeed="23.70" meanSpeedRelative="0.74" duration="1"/>
    <step time="17100.00" loaded="8009" inserted="7949" running="75" waiting="60" ended="7874" arrived="7874" collisions="6" teleports="6" halting="2" stopped="0" meanWaitingTime="60.60" meanTravelTime="253.90" meanSpeed="25.51" meanSpeedRelative="0.80" duration="1"/>
    <step time="17400.00" loaded="8100" inserted="8038" running="62" waiting="62" ended="7976" arrived="7976" collisions="6" teleports="6" halting="4" stopped="0" meanWaitingTime="62.31" meanTravelTime="253.41" meanSpeed="23.97" meanSpeedRelative="0.75" duration="1"/>
    <step time="17700.00" loaded="8197" inserted="8131" running="64" waiting="66" ended="8067" arrived="8067" collisions="6" teleports="6" halting="0" stopped="0" meanWaitingTime="63.58" meanTravelTime="253.25" meanSpeed="25.44" meanSpeedRelative="0.80" duration="0"/>
    <step time="18000.00" loaded="8293" inserted="8230" running="75" waiting="63" ended="8155" arrived="8155" collisions="6" teleports="6" halting="3" stopped="0" meanWaitingTime="65.33" meanTravelTime="252.73" meanSpeed="23.45" meanSpeedRelative="0.73" duration="82"/>
    <step time="18300.00" loaded="8491" inserted="8416" running="114" waiting="75" ended="8302" arrived="8302" collisions="6" teleports="6" halting="7" stopped="0" meanWaitingTime="66.50" meanTravelTime="251.65" meanSpeed="23.43" meanSpeedRelative="0.73" duration="1"/>
    <step time="18600.00" loaded="8684" inserted="8600" running="135" waiting="84" ended="8465" arrived="8465" collisions="6" teleports="6" halting="1" stopped="0" meanWaitingTime="67.17" meanTravelTime="250.64" meanSpeed="24.66" meanSpeedRelative="0.77" duration="1"/>
    <step time="18900.00" loaded="8902" inserted="8799" running="155" waiting="103" ended="8644" arrived="8644" collisions="6" teleports="6" halting="2" stopped="0" meanWaitingTime="68.01" meanTravelTime="250.55" meanSpeed="24.22" meanSpeedRelative="0.76" duration="0"/>
    <step time="19200.00" loaded="9093" inserted="8969" running="137" waiting="124" ended="8832" arrived="8832" collisions="7" teleports="7" halting="4" stopped="0" meanWaitingTime="68.89" meanTravelTime="249.88" meanSpeed="23.67" meanSpeedRelative="0.74" duration="1"/>
    <step time="19500.00" loaded="9276" inserted="9141" running="130" waiting="135" ended="9011" arrived="9011" collisions="7" teleports="7" halting="1" stopped="0" meanWaitingTime="70.10" meanTravelTime="249.85" meanSpeed="25.49" meanSpeedRelative="0.80" duration="1"/>
    <step time="19800.00" loaded="9476" inserted="9324" running="141" waiting="152" ended="9183" arrived="9183" collisions="7" teleports="7" halting="1" stopped="0" meanWaitingTime="72.05" meanTravelTime="249.88" meanSpeed="24.13" meanSpeedRelative="0.75" duration="1"/>
    <step time="20100.00" loaded="9692" inserted="9517" running="158" waiting="175" ended="9359" arrived="9359" collisions="7" teleports="7" halting="2" stopped="0" meanWaitingTime="73.72" meanTravelTime="249.58" meanSpeed="24.29" meanSpeedRelative="0.76" duration="1"/>
    <step time="20400.00" loaded="9861" inserted="9677" running="128" waiting="184" ended="9549" arrived="9549" collisions="8" teleports="8" halting="4" stopped="0" meanWaitingTime="75.81" meanTravelTime="249.40" meanSpeed="24.05" meanSpeedRelative="0.75" duration="2"/>
    <step time="20700.00" loaded="10069" inserted="9860" running="154" waiting="209" ended="9706" arrived="9706" collisions="8" teleports="8" halting="1" stopped="0" meanWaitingTime="77.37" meanTravelTime="249.39" meanSpeed="24.25" meanSpeedRelative="0.76" duration="1"/>
    <step time="21000.00" loaded="10259" inserted="10035" running="147" waiting="224" ended="9888" arrived="9888" collisions="10" teleports="10" halting="1" stopped="0" meanWaitingTime="80.12" meanTravelTime="249.34" meanSpeed="24.16" meanSpeedRelative="0.75" duration="1"/>
    <step time="21300.00" loaded="10450" inserted="10217" running="135" waiting="233" ended="10082" arrived="10082" collisions="10" teleports="10" halting="5" stopped="0" meanWaitingTime="82.70" meanTravelTime="249.71" meanSpeed="24.11" meanSpeedRelative="0.75" duration="1"/>
    <step time="21600.00" loaded="10630" inserted="10381" running="139" waiting="249" ended="10242" arrived="10242" collisions="10" teleports="10" halting="5" stopped="0" meanWaitingTime="85.32" meanTravelTime="249.53" meanSpeed="22.93" meanSpeedRelative="0.72" duration="80"/>
    <step time="21900.00" loaded="11091" inserted="10762" running="311" waiting="329" ended="10451" arrived="10451" collisions="12" teleports="12" halting="2" stopped="0" meanWaitingTime="88.96" meanTravelTime="248.92" meanSpeed="23.06" meanSpeedRelative="0.72" duration="2"/>
    <step time="22200.00" loaded="11574" inserted="11148" running="370" waiting="426" ended="10778" arrived="10778" collisions="13" teleports="13" halting="5" stopped="0" meanWaitingTime="93.19" meanTravelTime="248.75" meanSpeed="21.73" meanSpeedRelative="0.68" duration="2"/>
    <step time="22500.00" loaded="12050" inserted="11527" running="391" waiting="523" ended="11136" arrived="11136" collisions="13" teleports="13" halting="2" stopped="0" meanWaitingTime="98.13" meanTravelTime="250.12" meanSpeed="21.42" meanSpeedRelative="0.67" duration="2"/>
    <step time="22800.00" loaded="12503" inserted="11898" running="381" waiting="605" ended="11517" arrived="11517" collisions="13" teleports="13" halting="3" stopped="0" meanWaitingTime="103.93" meanTravelTime="251.86" meanSpeed="21.12" meanSpeedRelative="0.66" duration="3"/>
    <step time="23100.00" loaded="12959" inserted="12278" running="392" waiting="681" ended="11886" arrived="11886" collisions="13" teleports="13" halting="4" stopped="0" meanWaitingTime="110.36" meanTravelTime="253.39" meanSpeed="21.62" meanSpeedRelative="0.68" duration="2"/>
    <step time="23400.00" loaded="13407" inserted="12655" running="412" waiting="752" ended="12243" arrived="12243" collisions="13" teleports="13" halting="4" stopped="0" meanWaitingTime="116.53" meanTravelTime="254.99" meanSpeed="20.93" meanSpeedRelative="0.65" duration="2"/>
    <step time="23700.00" loaded="13903" inserted="13063" running="460" waiting="840" ended="12603" arrived="12603" collisions="15" teleports="15" halting="3" stopped="0" meanWaitingTime="123.10" meanTravelTime="257.20" meanSpeed="20.05" meanSpeedRelative="0.63" duration="3"/>
    <step time="24000.00" loaded="14382" inserted="13455" running="466" waiting="927" ended="12989" arrived="12989" collisions="18" teleports="18" halting="10" stopped="0" meanWaitingTime="130.49" meanTravelTime="259.39" meanSpeed="19.75" meanSpeedRelative="0.62" duration="3"/>
    <step time="24300.00" loaded="14810" inserted="13817" running="431" waiting="993" ended="13386" arrived="13386" collisions="20" teleports="20" halting="2" stopped="0" meanWaitingTime="138.44" meanTravelTime="262.36" meanSpeed="19.83" meanSpeedRelative="0.62" duration="3"/>
    <step time="24600.00" loaded="15270" inserted="14219" running="457" waiting="1051" ended="13762" arrived="13762" collisions="22" teleports="22" halting="6" stopped="0" meanWaitingTime="147.44" meanTravelTime="264.51" meanSpeed="19.68" meanSpeedRelative="0.62" duration="3"/>
    <step time="24900.00" loaded="15708" inserted="14608" running="450" waiting="1100" ended="14158" arrived="14158" collisions="23" teleports="23" halting="3" stopped="0" meanWaitingTime="155.39" meanTravelTime="266.53" meanSpeed="20.32" meanSpeedRelative="0.64" duration="3"/>
    <step time="25200.00" loaded="16163" inserted="14985" running="439" waiting="1178" ended="14546" arrived="14546" collisions="24" teleports="24" halting="7" stopped="0" meanWaitingTime="164.34" meanTravelTime="268.36" meanSpeed="20.14" meanSpeedRelative="0.63" duration="97"/>
    <step time="25500.00" loaded="16673" inserted="15384" running="412" waiting="1289" ended="14972" arrived="14972" collisions="25" teleports="25" halting="4" stopped="0" meanWaitingTime="173.38" meanTravelTime="270.34" meanSpeed="21.82" meanSpeedRelative="0.68" duration="2"/>
    <step time="25800.00" loaded="17217" inserted="15797" running="440" waiting="1420" ended="15357" arrived="15357" collisions="25" teleports="25" halting="5" stopped="0" meanWaitingTime="182.83" meanTravelTime="271.94" meanSpeed="20.82" meanSpeedRelative="0.65" duration="3"/>
    <step time="26100.00" loaded="17785" inserted="16240" running="474" waiting="1545" ended="15766" arrived="15766" collisions="25" teleports="25" halting="4" stopped="0" meanWaitingTime="193.09" meanTravelTime="272.80" meanSpeed="19.39" meanSpeedRelative="0.61" duration="3"/>
    <step time="26400.00" loaded="18350" inserted="16684" running="492" waiting="1666" ended="16192" arrived="16192" collisions="26" teleports="26" halting="2" stopped="0" meanWaitingTime="203.48" meanTravelTime="274.02" meanSpeed="20.55" meanSpeedRelative="0.64" duration="3"/>
    <step time="26700.00" loaded="18878" inserted="17117" running="492" waiting="1761" ended="16625" arrived="16625" collisions="27" teleports="27" halting="5" stopped="0" meanWaitingTime="214.40" meanTravelTime="275.97" meanSpeed="19.01" meanSpeedRelative="0.59" duration="3"/>
    <step time="27000.00" loaded="19478" inserted="17558" running="515" waiting="1920" ended="17043" arrived="17043" collisions="27" teleports="27" halting="4" stopped="0" meanWaitingTime="226.19" meanTravelTime="277.47" meanSpeed="19.25" meanSpeedRelative="0.60" duration="4"/>
    <step time="27300.00" loaded="20014" inserted="17983" running="490" waiting="2031" ended="17493" arrived="17493" collisions="28" teleports="28" halting="2" stopped="0" meanWaitingTime="237.81" meanTravelTime="279.31" meanSpeed="20.49" meanSpeedRelative="0.64" duration="4"/>
    <step time="27600.00" loaded="20544" inserted="18381" running="444" waiting="2163" ended="17937" arrived="17937" collisions="29" teleports="29" halting="2" stopped="0" meanWaitingTime="250.40" meanTravelTime="280.73" meanSpeed="20.75" meanSpeedRelative="0.65" duration="3"/>
    <step time="27900.00" loaded="21116" inserted="18820" running="454" waiting="2296" ended="18366" arrived="18366" collisions="30" teleports="30" halting="3" stopped="0" meanWaitingTime="262.16" meanTravelTime="281.56" meanSpeed="20.96" meanSpeedRelative="0.65" duration="5"/>
    <step time="28200.00" loaded="21651" inserted="19255" running="461" waiting="2396" ended="18794" arrived="18794" collisions="30" teleports="30" halting="6" stopped="0" meanWaitingTime="276.50" meanTravelTime="282.19" meanSpeed="20.91" meanSpeedRelative="0.65" duration="3"/>
    <step time="28500.00" loaded="22228" inserted="19682" running="477" waiting="2546" ended="19205" arrived="19205" collisions="31" teleports="31" halting="6" stopped="0" meanWaitingTime="288.79" meanTravelTime="283.41" meanSpeed="20.48" meanSpeedRelative="0.64" duration="3"/>
    <step time="28800.00" loaded="22776" inserted="20103" running="449" waiting="2673" ended="19654" arrived="19654" collisions="31" teleports="31" halting="2" stopped="0" meanWaitingTime="301.56" meanTravelTime="284.30" meanSpeed="20.15" meanSpeedRelative="0.63" duration="88"/>
    <step time="29100.00" loaded="23125" inserted="20472" running="425" waiting="2653" ended="20047" arrived="20047" collisions="31" teleports="31" halting="1" stopped="0" meanWaitingTime="315.29" meanTravelTime="285.21" meanSpeed="21.63" meanSpeedRelative="0.68" duration="4"/>
    <step time="29400.00" loaded="23507" inserted="20857" running="396" waiting="2650" ended="20461" arrived="20461" collisions="31" teleports="31" halting="2" stopped="0" meanWaitingTime="328.97" meanTravelTime="286.30" meanSpeed="21.10" meanSpeedRelative="0.66" duration="4"/>
    <step time="29700.00" loaded="23888" inserted="21242" running="377" waiting="2646" ended="20865" arrived="20865" collisions="31" teleports="31" halting="4" stopped="0" meanWaitingTime="342.65" meanTravelTime="286.68" meanSpeed="21.44" meanSpeedRelative="0.67" duration="2"/>
    <step time="30000.00" loaded="24250" inserted="21617" running="371" waiting="2633" ended="21246" arrived="21246" collisions="31" teleports="31" halting="0" stopped="0" meanWaitingTime="356.90" meanTravelTime="286.98" meanSpeed="22.02" meanSpeedRelative="0.69" duration="3"/>
    <step time="30300.00" loaded="24619" inserted="21983" running="379" waiting="2636" ended="21604" arrived="21604" collisions="33" teleports="33" halting="3" stopped="0" meanWaitingTime="369.84" meanTravelTime="287.17" meanSpeed="21.96" meanSpeedRelative="0.69" duration="3"/>
    <step time="30600.00" loaded="24960" inserted="22345" running="382" waiting="2615" ended="21963" arrived="21963" collisions="33" teleports="33" halting="5" stopped="0" meanWaitingTime="383.34" meanTravelTime="287.54" meanSpeed="21.14" meanSpeedRelative="0.66" duration="5"/>
    <step time="30900.00" loaded="25350" inserted="22725" running="377" waiting="2625" ended="22348" arrived="22348" collisions="33" teleports="33" halting="5" stopped="0" meanWaitingTime="395.15" meanTravelTime="288.12" meanSpeed="21.45" meanSpeedRelative="0.67" duration="3"/>
    <step time="31200.00" loaded="25712" inserted="23105" running="377" waiting="2607" ended="22728" arrived="22728" collisions="34" teleports="34" halting="1" stopped="0" meanWaitingTime="407.21" meanTravelTime="288.21" meanSpeed="22.33" meanSpeedRelative="0.70" duration="2"/>
    <step time="31500.00" loaded="26064" inserted="23474" running="359" waiting="2590" ended="23115" arrived="23115" collisions="34" teleports="34" halting="1" stopped="0" meanWaitingTime="418.80" meanTravelTime="288.62" meanSpeed="22.56" meanSpeedRelative="0.71" duration="3"/>
    <step time="31800.00" loaded="26404" inserted="23814" running="350" waiting="2590" ended="23464" arrived="23464" collisions="36" teleports="36" halting="4" stopped="0" meanWaitingTime="431.41" meanTravelTime="288.82" meanSpeed="22.24" meanSpeedRelative="0.70" duration="2"/>
    <step time="32100.00" loaded="26782" inserted="24174" running="349" waiting="2608" ended="23825" arrived="23825" collisions="36" teleports="36" halting="2" stopped="0" meanWaitingTime="443.03" meanTravelTime="289.22" meanSpeed="22.39" meanSpeedRelative="0.70" duration="3"/>
    <step time="32400.00" loaded="27140" inserted="24516" running="332" waiting="2624" ended="24184" arrived="24184" collisions="37" teleports="37" halting="6" stopped="0" meanWaitingTime="454.75" meanTravelTime="289.01" meanSpeed="21.71" meanSpeedRelative="0.68" duration="90"/>
    <step time="32700.00" loaded="27392" inserted="24801" running="281" waiting="2591" ended="24520" arrived="24520" collisions="37" teleports="37" halting="6" stopped="0" meanWaitingTime="466.27" meanTravelTime="289.20" meanSpeed="22.67" meanSpeedRelative="0.71" duration="2"/>
    <step time="33000.00" loaded="27639" inserted="25080" running="265" waiting="2559" ended="24815" arrived="24815" collisions="37" teleports="37" halting="2" stopped="0" meanWaitingTime="478.07" meanTravelTime="289.12" meanSpeed="22.49" meanSpeedRelative="0.70" duration="2"/>
    <step time="33300.00" loaded="27923" inserted="25365" running="266" waiting="2558" ended="25099" arrived="25099" collisions="37" teleports="37" halting="2" stopped="0" meanWaitingTime="490.12" meanTravelTime="289.11" meanSpeed="22.85" meanSpeedRelative="0.71" duration="2"/>
    <step time="33600.00" loaded="28190" inserted="25627" running="250" waiting="2563" ended="25377" arrived="25377" collisions="37" teleports="37" halting="4" stopped="0" meanWaitingTime="501.79" meanTravelTime="289.14" meanSpeed="23.06" meanSpeedRelative="0.72" duration="2"/>
    <step time="33900.00" loaded="28466" inserted="25904" running="258" waiting="2562" ended="25646" arrived="25646" collisions="37" teleports="37" halting="2" stopped="0" meanWaitingTime="514.70" meanTravelTime="288.92" meanSpeed="23.84" meanSpeedRelative="0.74" duration="2"/>
    <step time="34200.00" loaded="28740" inserted="26181" running="259" waiting="2559" ended="25922" arrived="25922" collisions="39" teleports="39" halting="4" stopped="0" meanWaitingTime="527.37" meanTravelTime="288.74" meanSpeed="22.99" meanSpeedRelative="0.72" duration="2"/>
    <step time="34500.00" loaded="29001" inserted="26440" running="241" waiting="2561" ended="26199" arrived="26199" collisions="39" teleports="39" halting="4" stopped="0" meanWaitingTime="539.91" meanTravelTime="288.54" meanSpeed="23.71" meanSpeedRelative="0.74" duration="2"/>
    <step time="34800.00" loaded="29262" inserted="26687" running="215" waiting="2575" ended="26472" arrived="26472" collisions="39" teleports="39" halting="2" stopped="0" meanWaitingTime="553.11" meanTravelTime="288.36" meanSpeed="23.45" meanSpeedRelative="0.73" duration="2"/>
    <step time="35100.00" loaded="29507" inserted="26939" running="233" waiting="2568" ended="26706" arrived="26706" collisions="39" teleports="39" halting="3" stopped="0" meanWaitingTime="568.83" meanTravelTime="288.22" meanSpeed="23.05" meanSpeedRelative="0.72" duration="2"/>
    <step time="35400.00" loaded="29762" inserted="27202" running="238" waiting="2560" ended="26964" arrived="26964" collisions="40" teleports="40" halting="3" stopped="0" meanWaitingTime="583.67" meanTravelTime="288.19" meanSpeed="24.18" meanSpeedRelative="0.76" duration="2"/>
    <step time="35700.00" loaded="30008" inserted="27437" running="209" waiting="2571" ended="27228" arrived="27228" collisions="40" teleports="40" halting="2" stopped="0" meanWaitingTime="597.10" meanTravelTime="288.01" meanSpeed="23.42" meanSpeedRelative="0.73" duration="2"/>
    <step time="36000.00" loaded="30258" inserted="27686" running="229" waiting="2572" ended="27457" arrived="27457" collisions="41" teleports="41" halting="4" stopped="0" meanWaitingTime="612.49" meanTravelTime="287.87" meanSpeed="23.41" meanSpeedRelative="0.73" duration="83"/>
    <step time="36300.00" loaded="30730" inserted="28104" running="355" waiting="2626" ended="27749" arrived="27749" collisions="41" teleports="41" halting="5" stopped="0" meanWaitingTime="626.74" meanTravelTime="287.43" meanSpeed="20.96" meanSpeedRelative="0.65" duration="3"/>
    <step time="36600.00" loaded="31229" inserted="28532" running="412" waiting="2697" ended="28120" arrived="28120" collisions="41" teleports="41" halting="5" stopped="0" meanWaitingTime="639.42" meanTravelTime="287.23" meanSpeed="21.31" meanSpeedRelative="0.67" duration="4"/>
    <step time="36900.00" loaded="31730" inserted="28959" running="424" waiting="2771" ended="28535" arrived="28535" collisions="41" teleports="41" halting="5" stopped="0" meanWaitingTime="652.80" meanTravelTime="286.93" meanSpeed="21.59" meanSpeedRelative="0.67" duration="6"/>
    <step time="37200.00" loaded="32220" inserted="29376" running="439" waiting="2844" ended="28937" arrived="28937" collisions="44" teleports="44" halting="5" stopped="0" meanWaitingTime="666.51" meanTravelTime="287.00" meanSpeed="21.14" meanSpeedRelative="0.66" duration="2"/>
    <step time="37500.00" loaded="32649" inserted="29758" running="414" waiting="2891" ended="29344" arrived="29344" collisions="44" teleports="44" halting="5" stopped="0" meanWaitingTime="680.30" meanTravelTime="287.55" meanSpeed="21.50" meanSpeedRelative="0.67" duration="3"/>
    <step time="37800.00" loaded="33061" inserted="30127" running="386" waiting="2934" ended="29741" arrived="29741" collisions="44" teleports="44" halting="5" stopped="0" meanWaitingTime="693.08" meanTravelTime="287.91" meanSpeed="21.90" meanSpeedRelative="0.68" duration="5"/>
    <step time="38100.00" loaded="33561" inserted="30545" running="430" waiting="3016" ended="30115" arrived="30115" collisions="46" teleports="46" halting="4" stopped="0" meanWaitingTime="705.47" meanTravelTime="288.22" meanSpeed="21.01" meanSpeedRelative="0.66" duration="3"/>
    <step time="38400.00" loaded="34071" inserted="30962" running="441" waiting="3109" ended="30521" arrived="30521" collisions="47" teleports="47" halting="3" stopped="0" meanWaitingTime="718.61" meanTravelTime="288.75" meanSpeed="20.94" meanSpeedRelative="0.65" duration="2"/>
    <step time="38700.00" loaded="34545" inserted="31356" running="436" waiting="3189" ended="30920" arrived="30920" collisions="48" teleports="48" halting="5" stopped="0" meanWaitingTime="731.16" meanTravelTime="289.03" meanSpeed="21.70" meanSpeedRelative="0.68" duration="5"/>
    <step time="39000.00" loaded="35047" inserted="31776" running="461" waiting="3271" ended="31315" arrived="31315" collisions="49" teleports="49" halting="7" stopped="0" meanWaitingTime="744.18" meanTravelTime="289.56" meanSpeed="20.80" meanSpeedRelative="0.65" duration="4"/>
    <step time="39300.00" loaded="35527" inserted="32183" running="455" waiting="3344" ended="31728" arrived="31728" collisions="50" teleports="50" halting="9" stopped="0" meanWaitingTime="759.87" meanTravelTime="290.09" meanSpeed="20.37" meanSpeedRelative="0.64" duration="3"/>
    <step time="39600.00" loaded="35997" inserted="32574" running="438" waiting="3423" ended="32136" arrived="32136" collisions="50" teleports="50" halting="5" stopped="0" meanWaitingTime="773.82" meanTravelTime="290.78" meanSpeed="21.32" meanSpeedRelative="0.67" duration="90"/>
    <step time="39900.00" loaded="36534" inserted="33011" running="481" waiting="3523" ended="32530" arrived="32530" collisions="52" teleports="52" halting="2" stopped="0" meanWaitingTime="787.67" meanTravelTime="291.24" meanSpeed="20.74" meanSpeedRelative="0.65" duration="3"/>
    <step time="40200.00" loaded="37073" inserted="33478" running="511" waiting="3595" ended="32967" arrived="32967" collisions="53" teleports="53" halting="7" stopped="0" meanWaitingTime="803.42" meanTravelTime="291.70" meanSpeed="19.85" meanSpeedRelative="0.62" duration="4"/>
    <step time="40500.00" loaded="37600" inserted="33915" running="485" waiting="3685" ended="33430" arrived="33430" collisions="54" teleports="54" halting="5" stopped="0" meanWaitingTime="819.01" meanTravelTime="292.23" meanSpeed="20.98" meanSpeedRelative="0.66" duration="3"/>
    <step time="40800.00" loaded="38143" inserted="34369" running="501" waiting="3774" ended="33868" arrived="33868" collisions="56" teleports="56" halting="6" stopped="0" meanWaitingTime="833.52" meanTravelTime="292.69" meanSpeed="20.35" meanSpeedRelative="0.64" duration="4"/>
    <step time="41100.00" loaded="38685" inserted="34794" running="471" waiting="3891" ended="34323" arrived="34323" collisions="57" teleports="57" halting="2" stopped="0" meanWaitingTime="848.37" meanTravelTime="293.11" meanSpeed="20.30" meanSpeedRelative="0.63" duration="5"/>
    <step time="41400.00" loaded="39234" inserted="35260" running="489" waiting="3974" ended="34771" arrived="34771" collisions="58" teleports="58" halting="4" stopped="0" meanWaitingTime="864.86" meanTravelTime="293.72" meanSpeed="20.26" meanSpeedRelative="0.63" duration="3"/>
    <step time="41700.00" loaded="39724" inserted="35678" running="483" waiting="4046" ended="35195" arrived="35195" collisions="58" teleports="58" halting="4" stopped="0" meanWaitingTime="878.51" meanTravelTime="294.23" meanSpeed="19.90" meanSpeedRelative="0.62" duration="3"/>
    <step time="42000.00" loaded="40250" inserted="36132" running="500" waiting="4118" ended="35632" arrived="35632" collisions="61" teleports="61" halting="8" stopped="0" meanWaitingTime="894.49" meanTravelTime="294.69" meanSpeed="19.96" meanSpeedRelative="0.62" duration="4"/>
    <step time="42300.00" loaded="40759" inserted="36569" running="488" waiting="4190" ended="36081" arrived="36081" collisions="62" teleports="62" halting="7" stopped="0" meanWaitingTime="909.42" meanTravelTime="295.18" meanSpeed="20.13" meanSpeedRelative="0.63" duration="4"/>
    <step time="42600.00" loaded="41277" inserted="37025" running="506" waiting="4252" ended="36519" arrived="36519" collisions="62" teleports="62" halting="5" stopped="0" meanWaitingTime="924.13" meanTravelTime="295.51" meanSpeed="20.48" meanSpeedRelative="0.64" duration="4"/>
    <step time="42900.00" loaded="41805" inserted="37448" running="489" waiting="4357" ended="36959" arrived="36959" collisions="62" teleports="62" halting="5" stopped="0" meanWaitingTime="938.02" meanTravelTime="296.05" meanSpeed="20.23" meanSpeedRelative="0.63" duration="5"/>
    <step time="43200.00" loaded="42337" inserted="37901" running="505" waiting="4436" ended="37396" arrived="37396" collisions="64" teleports="64" halting="9" stopped="0" meanWaitingTime="949.57" meanTravelTime="296.83" meanSpeed="19.90" meanSpeedRelative="0.62" duration="96"/>
    <step time="43500.00" loaded="42886" inserted="38362" running="521" waiting="4524" ended="37841" arrived="37841" collisions="65" teleports="65" halting="6" stopped="0" meanWaitingTime="964.23" meanTravelTime="297.15" meanSpeed="19.55" meanSpeedRelative="0.61" duration="4"/>
    <step time="43800.00" loaded="43433" inserted="38804" running="528" waiting="4629" ended="38276" arrived="38276" collisions="65" teleports="65" halting="1" stopped="0" meanWaitingTime="978.86" meanTravelTime="297.54" meanSpeed="20.08" meanSpeedRelative="0.63" duration="5"/>
    <step time="44100.00" loaded="43972" inserted="39263" running="533" waiting="4709" ended="38730" arrived="38730" collisions="66" teleports="66" halting="5" stopped="0" meanWaitingTime="991.63" meanTravelTime="298.25" meanSpeed="19.98" meanSpeedRelative="0.62" duration="4"/>
    <step time="44400.00" loaded="44531" inserted="39727" running="544" waiting="4804" ended="39183" arrived="39183" collisions="66" teleports="66" halting="5" stopped="0" meanWaitingTime="1002.48" meanTravelTime="298.76" meanSpeed="19.00" meanSpeedRelative="0.59" duration="4"/>
    <step time="44700.00" loaded="45109" inserted="40205" running="555" waiting="4904" ended="39650" arrived="39650" collisions="67" teleports="67" halting="1" stopped="0" meanWaitingTime="1014.06" meanTravelTime="299.49" meanSpeed="19.01" meanSpeedRelative="0.59" duration="6"/>
    <step time="45000.00" loaded="45682" inserted="40657" running="566" waiting="5025" ended="40091" arrived="40091" collisions="68" teleports="68" halting="2" stopped="0" meanWaitingTime="1026.62" meanTravelTime="300.12" meanSpeed="19.20" meanSpeedRelative="0.60" duration="7"/>
    <step time="45300.00" loaded="46206" inserted="41119" running="587" waiting="5087" ended="40532" arrived="40532" collisions="68" teleports="68" halting="5" stopped="0" meanWaitingTime="1039.53" meanTravelTime="300.76" meanSpeed="19.12" meanSpeedRelative="0.60" duration="4"/>
    <step time="45600.00" loaded="46732" inserted="41589" running="587" waiting="5143" ended="41002" arrived="41002" collisions="70" teleports="70" halting="5" stopped="0" meanWaitingTime="1052.89" meanTravelTime="301.64" meanSpeed="19.93" meanSpeedRelative="0.62" duration="8"/>
    <step time="45900.00" loaded="47269" inserted="42047" running="575" waiting="5222" ended="41472" arrived="41472" collisions="72" teleports="72" halting="3" stopped="0" meanWaitingTime="1065.87" meanTravelTime="302.55" meanSpeed="18.28" meanSpeedRelative="0.57" duration="5"/>
    <step time="46200.00" loaded="47817" inserted="42518" running="568" waiting="5299" ended="41950" arrived="41950" collisions="73" teleports="73" halting="2" stopped="0" meanWaitingTime="1077.22" meanTravelTime="303.53" meanSpeed="19.18" meanSpeedRelative="0.60" duration="5"/>
    <step time="46500.00" loaded="48381" inserted="42986" running="579" waiting="5395" ended="42407" arrived="42407" collisions="74" teleports="74" halting="8" stopped="0" meanWaitingTime="1090.07" meanTravelTime="304.00" meanSpeed="19.10" meanSpeedRelative="0.60" duration="6"/>
    <step time="46800.00" loaded="48919" inserted="43428" running="568" waiting="5491" ended="42860" arrived="42860" collisions="74" teleports="74" halting="6" stopped="0" meanWaitingTime="1102.77" meanTravelTime="304.93" meanSpeed="18.60" meanSpeedRelative="0.58" duration="92"/>
    <step time="47100.00" loaded="49429" inserted="43866" running="540" waiting="5563" ended="43326" arrived="43326" collisions="78" teleports="78" halting="6" stopped="0" meanWaitingTime="1115.19" meanTravelTime="305.73" meanSpeed="19.21" meanSpeedRelative="0.60" duration="6"/>
    <step time="47400.00" loaded="49985" inserted="44331" running="569" waiting="5654" ended="43762" arrived="43762" collisions="78" teleports="78" halting="5" stopped="0" meanWaitingTime="1126.86" meanTravelTime="306.21" meanSpeed="19.42" meanSpeedRelative="0.61" duration="4"/>
    <step time="47700.00" loaded="50522" inserted="44779" running="572" waiting="5743" ended="44207" arrived="44207" collisions="79" teleports="79" halting="3" stopped="0" meanWaitingTime="1138.47" meanTravelTime="306.86" meanSpeed="18.91" meanSpeedRelative="0.59" duration="6"/>
    <step time="48000.00" loaded="51052" inserted="45219" running="552" waiting="5833" ended="44667" arrived="44667" collisions="82" teleports="82" halting="4" stopped="0" meanWaitingTime="1151.89" meanTravelTime="307.60" meanSpeed="18.37" meanSpeedRelative="0.57" duration="5"/>
    <step time="48300.00" loaded="51559" inserted="45656" running="578" waiting="5903" ended="45078" arrived="45078" collisions="84" teleports="84" halting="8" stopped="0" meanWaitingTime="1162.97" meanTravelTime="308.17" meanSpeed="18.83" meanSpeedRelative="0.59" duration="4"/>
    <step time="48600.00" loaded="52097" inserted="46107" running="589" waiting="5990" ended="45518" arrived="45518" collisions="86" teleports="86" halting="4" stopped="0" meanWaitingTime="1175.88" meanTravelTime="308.73" meanSpeed="18.52" meanSpeedRelative="0.58" duration="7"/>
    <step time="48900.00" loaded="52624" inserted="46564" running="570" waiting="6060" ended="45994" arrived="45994" collisions="87" teleports="87" halting="7" stopped="0" meanWaitingTime="1187.65" meanTravelTime="309.51" meanSpeed="18.87" meanSpeedRelative="0.59" duration="4"/>
    <step time="49200.00" loaded="53168" inserted="47028" running="573" waiting="6140" ended="46455" arrived="46455" collisions="87" teleports="87" halting="4" stopped="0" meanWaitingTime="1199.52" meanTravelTime="310.25" meanSpeed="18.83" meanSpeedRelative="0.59" duration="6"/>
    <step time="49500.00" loaded="53656" inserted="47447" running="572" waiting="6209" ended="46875" arrived="46875" collisions="89" teleports="89" halting="6" stopped="0" meanWaitingTime="1212.44" meanTravelTime="310.80" meanSpeed="18.89" meanSpeedRelative="0.59" duration="4"/>
    <step time="49800.00" loaded="54179" inserted="47882" running="571" waiting="6297" ended="47311" arrived="47311" collisions="91" teleports="91" halting="6" stopped="0" meanWaitingTime="1224.86" meanTravelTime="311.67" meanSpeed="18.13" meanSpeedRelative="0.57" duration="6"/>
    <step time="50100.00" loaded="54711" inserted="48321" running="569" waiting="6390" ended="47752" arrived="47752" collisions="91" teleports="91" halting="5" stopped="0" meanWaitingTime="1237.97" meanTravelTime="312.44" meanSpeed="18.53" meanSpeedRelative="0.58" duration="7"/>
    <step time="50400.00" loaded="55242" inserted="48799" running="576" waiting="6443" ended="48223" arrived="48223" collisions="93" teleports="93" halting="6" stopped="0" meanWaitingTime="1252.48" meanTravelTime="313.21" meanSpeed="18.13" meanSpeedRelative="0.57" duration="95"/>
    <step time="50700.00" loaded="55975" inserted="49332" running="603" waiting="6643" ended="48729" arrived="48729" collisions="93" teleports="93" halting="5" stopped="0" meanWaitingTime="1265.83" meanTravelTime="313.65" meanSpeed="18.27" meanSpeedRelative="0.57" duration="6"/>
    <step time="51000.00" loaded="56684" inserted="49851" running="649" waiting="6833" ended="49202" arrived="49202" collisions="93" teleports="93" halting="5" stopped="0" meanWaitingTime="1277.84" meanTravelTime="313.90" meanSpeed="17.93" meanSpeedRelative="0.56" duration="6"/>
    <step time="51300.00" loaded="57413" inserted="50383" running="714" waiting="7030" ended="49669" arrived="49669" collisions="93" teleports="93" halting="8" stopped="0" meanWaitingTime="1290.02" meanTravelTime="314.56" meanSpeed="16.31" meanSpeedRelative="0.51" duration="8"/>
    <step time="51600.00" loaded="58097" inserted="50861" running="724" waiting="7236" ended="50137" arrived="50137" collisions="95" teleports="95" halting="9" stopped="0" meanWaitingTime="1302.15" meanTravelTime="315.55" meanSpeed="15.01" meanSpeedRelative="0.47" duration="8"/>
    <step time="51900.00" loaded="58828" inserted="51377" running="753" waiting="7451" ended="50624" arrived="50624" collisions="95" teleports="95" halting="2" stopped="0" meanWaitingTime="1317.66" meanTravelTime="316.60" meanSpeed="15.80" meanSpeedRelative="0.49" duration="9"/>
    <step time="52200.00" loaded="59518" inserted="51870" running="738" waiting="7648" ended="51132" arrived="51132" collisions="96" teleports="96" halting="6" stopped="0" meanWaitingTime="1330.91" meanTravelTime="317.98" meanSpeed="15.47" meanSpeedRelative="0.48" duration="9"/>
    <step time="52500.00" loaded="60260" inserted="52378" running="748" waiting="7882" ended="51630" arrived="51630" collisions="96" teleports="96" halting="6" stopped="0" meanWaitingTime="1344.12" meanTravelTime="319.33" meanSpeed="15.10" meanSpeedRelative="0.47" duration="6"/>
    <step time="52800.00" loaded="60963" inserted="52918" running="815" waiting="8045" ended="52103" arrived="52103" collisions="98" teleports="98" halting="6" stopped="0" meanWaitingTime="1359.74" meanTravelTime="320.40" meanSpeed="14.34" meanSpeedRelative="0.45" duration="8"/>
    <step time="53100.00" loaded="61725" inserted="53457" running="861" waiting="8268" ended="52596" arrived="52596" collisions="99" teleports="99" halting="7" stopped="0" meanWaitingTime="1371.90" meanTravelTime="321.68" meanSpeed="13.94" meanSpeedRelative="0.44" duration="9"/>
    <step time="53400.00" loaded="62437" inserted="53950" running="839" waiting="8487" ended="53111" arrived="53111" collisions="100" teleports="100" halting="12" stopped="0" meanWaitingTime="1383.82" meanTravelTime="323.05" meanSpeed="14.51" meanSpeedRelative="0.45" duration="8"/>
    <step time="53700.00" loaded="63130" inserted="54467" running="815" waiting="8663" ended="53652" arrived="53652" collisions="104" teleports="104" halting="6" stopped="0" meanWaitingTime="1396.89" meanTravelTime="324.89" meanSpeed="14.70" meanSpeedRelative="0.46" duration="7"/>
    <step time="54000.00" loaded="63834" inserted="55001" running="849" waiting="8833" ended="54152" arrived="54152" collisions="105" teleports="105" halting="4" stopped="0" meanWaitingTime="1410.77" meanTravelTime="326.23" meanSpeed="14.32" meanSpeedRelative="0.45" duration="96"/>
    <step time="54300.00" loaded="64263" inserted="55439" running="757" waiting="8824" ended="54682" arrived="54682" collisions="105" teleports="105" halting="11" stopped="0" meanWaitingTime="1425.85" meanTravelTime="327.77" meanSpeed="14.83" meanSpeedRelative="0.46" duration="9"/>
    <step time="54600.00" loaded="64723" inserted="55864" running="693" waiting="8859" ended="55171" arrived="55171" collisions="106" teleports="106" halting="2" stopped="0" meanWaitingTime="1440.37" meanTravelTime="329.20" meanSpeed="16.02" meanSpeedRelative="0.50" duration="6"/>
    <step time="54900.00" loaded="65155" inserted="56285" running="654" waiting="8870" ended="55631" arrived="55631" collisions="107" teleports="107" halting="4" stopped="0" meanWaitingTime="1456.40" meanTravelTime="330.49" meanSpeed="15.52" meanSpeedRelative="0.49" duration="7"/>
    <step time="55200.00" loaded="65590" inserted="56718" running="627" waiting="8872" ended="56091" arrived="56091" collisions="107" teleports="107" halting="4" stopped="0" meanWaitingTime="1473.17" meanTravelTime="331.67" meanSpeed="17.06" meanSpeedRelative="0.53" duration="8"/>
    <step time="55500.00" loaded="66055" inserted="57156" running="605" waiting="8899" ended="56551" arrived="56551" collisions="109" teleports="109" halting="4" stopped="0" meanWaitingTime="1490.52" meanTravelTime="332.68" meanSpeed="17.74" meanSpeedRelative="0.55" duration="8"/>
    <step time="55800.00" loaded="66501" inserted="57589" running="570" waiting="8912" ended="57019" arrived="57019" collisions="111" teleports="111" halting="8" stopped="0" meanWaitingTime="1508.93" meanTravelTime="333.26" meanSpeed="18.66" meanSpeedRelative="0.58" duration="8"/>
    <step time="56100.00" loaded="67003" inserted="58028" running="565" waiting="8975" ended="57463" arrived="57463" collisions="113" teleports="113" halting="1" stopped="0" meanWaitingTime="1525.91" meanTravelTime="333.52" meanSpeed="19.10" meanSpeedRelative="0.60" duration="7"/>
    <step time="56400.00" loaded="67467" inserted="58459" running="557" waiting="9008" ended="57902" arrived="57902" collisions="114" teleports="114" halting="2" stopped="0" meanWaitingTime="1542.89" meanTravelTime="333.85" meanSpeed="18.49" meanSpeedRelative="0.58" duration="5"/>
    <step time="56700.00" loaded="67938" inserted="58900" running="571" waiting="9038" ended="58329" arrived="58329" collisions="116" teleports="116" halting="7" stopped="0" meanWaitingTime="1560.00" meanTravelTime="334.32" meanSpeed="19.35" meanSpeedRelative="0.60" duration="8"/>
    <step time="57000.00" loaded="68391" inserted="59338" running="547" waiting="9053" ended="58791" arrived="58791" collisions="116" teleports="116" halting="9" stopped="0" meanWaitingTime="1577.40" meanTravelTime="334.60" meanSpeed="19.20" meanSpeedRelative="0.60" duration="10"/>
    <step time="57300.00" loaded="68808" inserted="59747" running="528" waiting="9061" ended="59219" arrived="59219" collisions="118" teleports="118" halting="7" stopped="0" meanWaitingTime="1596.83" meanTravelTime="335.14" meanSpeed="19.66" meanSpeedRelative="0.61" duration="5"/>
    <step time="57600.00" loaded="69257" inserted="60177" running="522" waiting="9080" ended="59655" arrived="59655" collisions="120" teleports="120" halting="4" stopped="0" meanWaitingTime="1615.32" meanTravelTime="335.45" meanSpeed="20.29" meanSpeedRelative="0.63" duration="86"/>
    <step time="57900.00" loaded="69851" inserted="60660" running="565" waiting="9191" ended="60095" arrived="60095" collisions="121" teleports="121" halting="6" stopped="0" meanWaitingTime="1630.77" meanTravelTime="335.69" meanSpeed="19.57" meanSpeedRelative="0.61" duration="6"/>
    <step time="58200.00" loaded="70432" inserted="61153" running="583" waiting="9279" ended="60570" arrived="60570" collisions="121" teleports="121" halting="7" stopped="0" meanWaitingTime="1646.40" meanTravelTime="335.75" meanSpeed="18.51" meanSpeedRelative="0.58" duration="8"/>
    <step time="58500.00" loaded="70987" inserted="61622" running="601" waiting="9365" ended="61021" arrived="61021" collisions="122" teleports="122" halting="6" stopped="0" meanWaitingTime="1663.14" meanTravelTime="336.01" meanSpeed="17.68" meanSpeedRelative="0.55" duration="5"/>
    <step time="58800.00" loaded="71556" inserted="62105" running="634" waiting="9451" ended="61471" arrived="61471" collisions="123" teleports="123" halting="10" stopped="0" meanWaitingTime="1680.09" meanTravelTime="336.27" meanSpeed="17.90" meanSpeedRelative="0.56" duration="8"/>
    <step time="59100.00" loaded="72084" inserted="62556" running="634" waiting="9528" ended="61922" arrived="61922" collisions="125" teleports="125" halting="7" stopped="0" meanWaitingTime="1696.56" meanTravelTime="336.75" meanSpeed="18.30" meanSpeedRelative="0.57" duration="6"/>
    <step time="59400.00" loaded="72661" inserted="63017" running="641" waiting="9644" ended="62376" arrived="62376" collisions="127" teleports="127" halting="5" stopped="0" meanWaitingTime="1713.19" meanTravelTime="337.30" meanSpeed="17.08" meanSpeedRelative="0.53" duration="8"/>
    <step time="59700.00" loaded="73226" inserted="63479" running="633" waiting="9747" ended="62846" arrived="62846" collisions="130" teleports="130" halting="9" stopped="0" meanWaitingTime="1728.35" meanTravelTime="337.88" meanSpeed="17.54" meanSpeedRelative="0.55" duration="8"/>
    <step time="60000.00" loaded="73793" inserted="63943" running="639" waiting="9850" ended="63304" arrived="63304" collisions="130" teleports="130" halting="6" stopped="0" meanWaitingTime="1744.74" meanTravelTime="338.46" meanSpeed="17.97" meanSpeedRelative="0.56" duration="11"/>
    <step time="60300.00" loaded="74349" inserted="64405" running="643" waiting="9944" ended="63762" arrived="63762" collisions="133" teleports="133" halting="7" stopped="0" meanWaitingTime="1761.61" meanTravelTime="339.00" meanSpeed="18.16" meanSpeedRelative="0.57" duration="6"/>
    <step time="60600.00" loaded="74911" inserted="64869" running="646" waiting="10042" ended="64223" arrived="64223" collisions="136" teleports="136" halting="6" stopped="0" meanWaitingTime="1777.52" meanTravelTime="339.57" meanSpeed="17.46" meanSpeedRelative="0.55" duration="9"/>
    <step time="60900.00" loaded="75518" inserted="65372" running="671" waiting="10146" ended="64701" arrived="64701" collisions="137" teleports="137" halting="7" stopped="0" meanWaitingTime="1792.16" meanTravelTime="340.30" meanSpeed="17.20" meanSpeedRelative="0.54" duration="10"/>
    <step time="61200.00" loaded="76019" inserted="65807" running="624" waiting="10212" ended="65183" arrived="65183" collisions="139" teleports="139" halting="4" stopped="0" meanWaitingTime="1806.96" meanTravelTime="340.78" meanSpeed="18.81" meanSpeedRelative="0.59" duration="89"/>
    <step time="61500.00" loaded="76101" inserted="66129" running="520" waiting="9972" ended="65609" arrived="65609" collisions="141" teleports="141" halting="3" stopped="0" meanWaitingTime="1829.11" meanTravelTime="341.37" meanSpeed="18.52" meanSpeedRelative="0.58" duration="8"/>
    <step time="61800.00" loaded="76176" inserted="66436" running="461" waiting="9740" ended="65975" arrived="65975" collisions="143" teleports="143" halting="2" stopped="0" meanWaitingTime="1851.02" meanTravelTime="342.01" meanSpeed="18.88" meanSpeedRelative="0.59" duration="8"/>
    <step time="62100.00" loaded="76239" inserted="66774" running="432" waiting="9465" ended="66342" arrived="66342" collisions="143" teleports="143" halting="9" stopped="0" meanWaitingTime="1879.11" meanTravelTime="342.53" meanSpeed="19.27" meanSpeedRelative="0.60" duration="5"/>
    <step time="62400.00" loaded="76308" inserted="67037" running="355" waiting="9271" ended="66682" arrived="66682" collisions="143" teleports="143" halting="5" stopped="0" meanWaitingTime="1899.63" meanTravelTime="343.07" meanSpeed="20.67" meanSpeedRelative="0.65" duration="6"/>
    <step time="62700.00" loaded="76368" inserted="67298" running="336" waiting="9070" ended="66962" arrived="66962" collisions="143" teleports="143" halting="3" stopped="0" meanWaitingTime="1920.63" meanTravelTime="343.40" meanSpeed="20.66" meanSpeedRelative="0.65" duration="3"/>
    <step time="63000.00" loaded="76437" inserted="67549" running="304" waiting="8888" ended="67245" arrived="67245" collisions="144" teleports="144" halting="4" stopped="0" meanWaitingTime="1937.15" meanTravelTime="343.64" meanSpeed="21.56" meanSpeedRelative="0.67" duration="5"/>
    <step time="63300.00" loaded="76512" inserted="67802" running="301" waiting="8710" ended="67501" arrived="67501" collisions="144" teleports="144" halting="3" stopped="0" meanWaitingTime="1955.85" meanTravelTime="343.68" meanSpeed="21.43" meanSpeedRelative="0.67" duration="3"/>
    <step time="63600.00" loaded="76587" inserted="68044" running="280" waiting="8543" ended="67764" arrived="67764" collisions="145" teleports="145" halting="3" stopped="0" meanWaitingTime="1975.94" meanTravelTime="343.69" meanSpeed="21.60" meanSpeedRelative="0.68" duration="4"/>
    <step time="63900.00" loaded="76662" inserted="68237" running="233" waiting="8425" ended="68004" arrived="68004" collisions="145" teleports="145" halting="2" stopped="0" meanWaitingTime="1991.90" meanTravelTime="343.69" meanSpeed="20.83" meanSpeedRelative="0.65" duration="3"/>
    <step time="64200.00" loaded="76736" inserted="68434" running="220" waiting="8302" ended="68214" arrived="68214" collisions="145" teleports="145" halting="5" stopped="0" meanWaitingTime="2009.75" meanTravelTime="343.71" meanSpeed="21.67" meanSpeedRelative="0.68" duration="4"/>
    <step time="64500.00" loaded="76810" inserted="68639" running="213" waiting="8171" ended="68426" arrived="68426" collisions="145" teleports="145" halting="10" stopped="0" meanWaitingTime="2029.56" meanTravelTime="343.62" meanSpeed="21.02" meanSpeedRelative="0.66" duration="3"/>
    <step time="64800.00" loaded="76884" inserted="68822" running="202" waiting="8062" ended="68620" arrived="68620" collisions="145" teleports="145" halting="4" stopped="0" meanWaitingTime="2046.34" meanTravelTime="343.65" meanSpeed="22.27" meanSpeedRelative="0.70" duration="97"/>
    <step time="65100.00" loaded="76938" inserted="69021" running="202" waiting="7917" ended="68819" arrived="68819" collisions="145" teleports="145" halting="5" stopped="0" meanWaitingTime="2067.28" meanTravelTime="343.56" meanSpeed="21.12" meanSpeedRelative="0.66" duration="3"/>
    <step time="65400.00" loaded="76986" inserted="69202" running="192" waiting="7784" ended="69010" arrived="69010" collisions="145" teleports="145" halting="8" stopped="0" meanWaitingTime="2087.22" meanTravelTime="343.53" meanSpeed="21.35" meanSpeedRelative="0.67" duration="2"/>
    <step time="65700.00" loaded="77043" inserted="69412" running="206" waiting="7631" ended="69206" arrived="69206" collisions="145" teleports="145" halting="7" stopped="0" meanWaitingTime="2111.28" meanTravelTime="343.39" meanSpeed="21.71" meanSpeedRelative="0.68" duration="4"/>
    <step time="66000.00" loaded="77096" inserted="69588" running="196" waiting="7508" ended="69392" arrived="69392" collisions="145" teleports="145" halting="4" stopped="0" meanWaitingTime="2128.68" meanTravelTime="343.29" meanSpeed="21.23" meanSpeedRelative="0.66" duration="5"/>
    <step time="66300.00" loaded="77139" inserted="69785" running="200" waiting="7354" ended="69585" arrived="69585" collisions="145" teleports="145" halting="2" stopped="0" meanWaitingTime="2150.47" meanTravelTime="343.22" meanSpeed="21.54" meanSpeedRelative="0.67" duration="3"/>
    <step time="66600.00" loaded="77187" inserted="69964" running="186" waiting="7223" ended="69778" arrived="69778" collisions="145" teleports="145" halting="6" stopped="0" meanWaitingTime="2167.30" meanTravelTime="343.12" meanSpeed="21.50" meanSpeedRelative="0.67" duration="3"/>
    <step time="66900.00" loaded="77252" inserted="70095" running="135" waiting="7157" ended="69960" arrived="69960" collisions="146" teleports="146" halting="8" stopped="0" meanWaitingTime="2186.18" meanTravelTime="343.07" meanSpeed="19.68" meanSpeedRelative="0.61" duration="3"/>
    <step time="67200.00" loaded="77303" inserted="70232" running="115" waiting="7071" ended="70117" arrived="70117" collisions="146" teleports="146" halting="2" stopped="0" meanWaitingTime="2206.76" meanTravelTime="342.91" meanSpeed="21.14" meanSpeedRelative="0.66" duration="2"/>
    <step time="67500.00" loaded="77357" inserted="70371" running="114" waiting="6986" ended="70257" arrived="70257" collisions="146" teleports="146" halting="7" stopped="0" meanWaitingTime="2226.52" meanTravelTime="342.75" meanSpeed="19.91" meanSpeedRelative="0.62" duration="2"/>
    <step time="67800.00" loaded="77413" inserted="70502" running="121" waiting="6911" ended="70381" arrived="70381" collisions="146" teleports="146" halting="6" stopped="0" meanWaitingTime="2243.88" meanTravelTime="342.64" meanSpeed="20.54" meanSpeedRelative="0.64" duration="2"/>
    <step time="68100.00" loaded="77450" inserted="70637" running="117" waiting="6813" ended="70520" arrived="70520" collisions="146" teleports="146" halting="3" stopped="0" meanWaitingTime="2266.85" meanTravelTime="342.49" meanSpeed="21.33" meanSpeedRelative="0.67" duration="2"/>
    <step time="68400.00" loaded="77504" inserted="70776" running="111" waiting="6728" ended="70665" arrived="70665" collisions="146" teleports="146" halting="2" stopped="0" meanWaitingTime="2287.12" meanTravelTime="342.28" meanSpeed="20.57" meanSpeedRelative="0.64" duration="93"/>
    <step time="68700.00" loaded="77675" inserted="70985" running="178" waiting="6690" ended="70807" arrived="70807" collisions="146" teleports="146" halting="10" stopped="0" meanWaitingTime="2301.60" meanTravelTime="342.08" meanSpeed="21.10" meanSpeedRelative="0.66" duration="3"/>
    <step time="69000.00" loaded="77817" inserted="71162" running="167" waiting="6655" ended="70995" arrived="70995" collisions="146" teleports="146" halting="4" stopped="0" meanWaitingTime="2316.83" meanTravelTime="341.88" meanSpeed="21.92" meanSpeedRelative="0.69" duration="3"/>
    <step time="69300.00" loaded="77979" inserted="71362" running="174" waiting="6617" ended="71188" arrived="71188" collisions="146" teleports="146" halting="5" stopped="0" meanWaitingTime="2333.24" meanTravelTime="341.65" meanSpeed="20.92" meanSpeedRelative="0.65" duration="2"/>
    <step time="69600.00" loaded="78141" inserted="71560" running="192" waiting="6581" ended="71368" arrived="71368" collisions="146" teleports="146" halting="11" stopped="0" meanWaitingTime="2349.01" meanTravelTime="341.56" meanSpeed="20.23" meanSpeedRelative="0.63" duration="4"/>
    <step time="69900.00" loaded="78311" inserted="71767" running="200" waiting="6544" ended="71567" arrived="71567" collisions="147" teleports="147" halting="3" stopped="0" meanWaitingTime="2364.61" meanTravelTime="341.39" meanSpeed="22.21" meanSpeedRelative="0.69" duration="3"/>
    <step time="70200.00" loaded="78467" inserted="71968" running="207" waiting="6499" ended="71761" arrived="71761" collisions="147" teleports="147" halting="3" stopped="0" meanWaitingTime="2379.56" meanTravelTime="341.24" meanSpeed="22.39" meanSpeedRelative="0.70" duration="3"/>
    <step time="70500.00" loaded="78632" inserted="72168" running="212" waiting="6464" ended="71956" arrived="71956" collisions="147" teleports="147" halting="5" stopped="0" meanWaitingTime="2394.31" meanTravelTime="341.13" meanSpeed="22.16" meanSpeedRelative="0.69" duration="3"/>
    <step time="70800.00" loaded="78794" inserted="72371" running="194" waiting="6423" ended="72177" arrived="72177" collisions="147" teleports="147" halting="6" stopped="0" meanWaitingTime="2411.91" meanTravelTime="341.02" meanSpeed="21.96" meanSpeedRelative="0.69" duration="2"/>
    <step time="71100.00" loaded="78940" inserted="72555" running="180" waiting="6385" ended="72375" arrived="72375" collisions="147" teleports="147" halting="3" stopped="0" meanWaitingTime="2427.73" meanTravelTime="340.95" meanSpeed="22.25" meanSpeedRelative="0.70" duration="2"/>
    <step time="71400.00" loaded="79104" inserted="72744" running="189" waiting="6360" ended="72555" arrived="72555" collisions="147" teleports="147" halting="5" stopped="0" meanWaitingTime="2441.90" meanTravelTime="340.85" meanSpeed="21.22" meanSpeedRelative="0.66" duration="2"/>
    <step time="71700.00" loaded="79266" inserted="72954" running="191" waiting="6312" ended="72763" arrived="72763" collisions="147" teleports="147" halting="7" stopped="0" meanWaitingTime="2458.16" meanTravelTime="340.65" meanSpeed="21.53" meanSpeedRelative="0.67" duration="2"/>
    <step time="72000.00" loaded="79436" inserted="73162" running="192" waiting="6274" ended="72970" arrived="72970" collisions="147" teleports="147" halting="4" stopped="0" meanWaitingTime="2473.68" meanTravelTime="340.51" meanSpeed="22.11" meanSpeedRelative="0.69" duration="85"/>
    <step time="72300.00" loaded="79566" inserted="73338" running="181" waiting="6228" ended="73157" arrived="73157" collisions="147" teleports="147" halting="5" stopped="0" meanWaitingTime="2490.34" meanTravelTime="340.38" meanSpeed="21.54" meanSpeedRelative="0.67" duration="2"/>
    <step time="72600.00" loaded="79708" inserted="73532" running="178" waiting="6176" ended="73354" arrived="73354" collisions="147" teleports="147" halting="5" stopped="0" meanWaitingTime="2508.15" meanTravelTime="340.23" meanSpeed="21.71" meanSpeedRelative="0.68" duration="2"/>
    <step time="72900.00" loaded="79840" inserted="73723" running="188" waiting="6117" ended="73535" arrived="73535" collisions="147" teleports="147" halting="9" stopped="0" meanWaitingTime="2527.05" meanTravelTime="340.07" meanSpeed="21.74" meanSpeedRelative="0.68" duration="3"/>
    <step time="73200.00" loaded="79960" inserted="73892" running="167" waiting="6068" ended="73725" arrived="73725" collisions="147" teleports="147" halting="3" stopped="0" meanWaitingTime="2545.13" meanTravelTime="339.96" meanSpeed="20.77" meanSpeedRelative="0.65" duration="2"/>
    <step time="73500.00" loaded="80101" inserted="74064" running="172" waiting="6037" ended="73892" arrived="73892" collisions="147" teleports="147" halting="3" stopped="0" meanWaitingTime="2561.51" meanTravelTime="339.91" meanSpeed="22.22" meanSpeedRelative="0.69" duration="2"/>
    <step time="73800.00" loaded="80259" inserted="74271" running="188" waiting="5988" ended="74083" arrived="74083" collisions="147" teleports="147" halting="7" stopped="0" meanWaitingTime="2578.14" meanTravelTime="339.82" meanSpeed="21.70" meanSpeedRelative="0.68" duration="2"/>
    <step time="74100.00" loaded="80383" inserted="74443" running="165" waiting="5940" ended="74278" arrived="74278" collisions="147" teleports="147" halting="4" stopped="0" meanWaitingTime="2594.85" meanTravelTime="339.64" meanSpeed="22.00" meanSpeedRelative="0.69" duration="2"/>
    <step time="74400.00" loaded="80501" inserted="74613" running="148" waiting="5888" ended="74465" arrived="74465" collisions="147" teleports="147" halting="4" stopped="0" meanWaitingTime="2614.12" meanTravelTime="339.46" meanSpeed="21.16" meanSpeedRelative="0.66" duration="2"/>
    <step time="74700.00" loaded="80653" inserted="74804" running="171" waiting="5849" ended="74633" arrived="74633" collisions="147" teleports="147" halting="4" stopped="0" meanWaitingTime="2631.74" meanTravelTime="339.30" meanSpeed="22.21" meanSpeedRelative="0.69" duration="2"/>
    <step time="75000.00" loaded="80785" inserted="74985" running="167" waiting="5800" ended="74818" arrived="74818" collisions="147" teleports="147" halting="4" stopped="0" meanWaitingTime="2648.88" meanTravelTime="339.19" meanSpeed="21.99" meanSpeedRelative="0.69" duration="2"/>
    <step time="75300.00" loaded="80905" inserted="75162" running="164" waiting="5743" ended="74998" arrived="74998" collisions="147" teleports="147" halting="7" stopped="0" meanWaitingTime="2668.42" meanTravelTime="339.02" meanSpeed="21.32" meanSpeedRelative="0.67" duration="2"/>
    <step time="75600.00" loaded="81033" inserted="75349" running="171" waiting="5684" ended="75178" arrived="75178" collisions="147" teleports="147" halting="2" stopped="0" meanWaitingTime="2686.22" meanTravelTime="338.86" meanSpeed="21.87" meanSpeedRelative="0.68" duration="85"/>
    <step time="75900.00" loaded="81228" inserted="75575" running="205" waiting="5653" ended="75370" arrived="75370" collisions="147" teleports="147" halting="5" stopped="0" meanWaitingTime="2703.01" meanTravelTime="338.65" meanSpeed="22.11" meanSpeedRelative="0.69" duration="2"/>
    <step time="76200.00" loaded="81423" inserted="75793" running="192" waiting="5630" ended="75601" arrived="75601" collisions="148" teleports="148" halting="8" stopped="0" meanWaitingTime="2718.90" meanTravelTime="338.49" meanSpeed="21.48" meanSpeedRelative="0.67" duration="2"/>
    <step time="76500.00" loaded="81600" inserted="76008" running="196" waiting="5592" ended="75812" arrived="75812" collisions="148" teleports="148" halting="11" stopped="0" meanWaitingTime="2735.84" meanTravelTime="338.34" meanSpeed="21.24" meanSpeedRelative="0.66" duration="2"/>
    <step time="76800.00" loaded="81790" inserted="76222" running="205" waiting="5568" ended="76017" arrived="76017" collisions="148" teleports="148" halting="4" stopped="0" meanWaitingTime="2751.66" meanTravelTime="338.16" meanSpeed="21.65" meanSpeedRelative="0.68" duration="2"/>
    <step time="77100.00" loaded="81999" inserted="76446" running="215" waiting="5553" ended="76231" arrived="76231" collisions="148" teleports="148" halting="6" stopped="0" meanWaitingTime="2766.66" meanTravelTime="337.99" meanSpeed="22.54" meanSpeedRelative="0.70" duration="2"/>
    <step time="77400.00" loaded="82193" inserted="76672" running="189" waiting="5521" ended="76483" arrived="76483" collisions="148" teleports="148" halting="6" stopped="0" meanWaitingTime="2783.66" meanTravelTime="337.79" meanSpeed="21.66" meanSpeedRelative="0.68" duration="2"/>
    <step time="77700.00" loaded="82398" inserted="76910" running="209" waiting="5488" ended="76701" arrived="76701" collisions="150" teleports="150" halting="5" stopped="0" meanWaitingTime="2798.83" meanTravelTime="337.53" meanSpeed="21.45" meanSpeedRelative="0.67" duration="2"/>
    <step time="78000.00" loaded="82596" inserted="77129" running="207" waiting="5467" ended="76922" arrived="76922" collisions="150" teleports="150" halting="2" stopped="0" meanWaitingTime="2811.83" meanTravelTime="337.35" meanSpeed="21.60" meanSpeedRelative="0.68" duration="3"/>
    <step time="78300.00" loaded="82796" inserted="77363" running="223" waiting="5433" ended="77140" arrived="77140" collisions="151" teleports="151" halting="8" stopped="0" meanWaitingTime="2826.96" meanTravelTime="337.25" meanSpeed="22.47" meanSpeedRelative="0.70" duration="2"/>
    <step time="78600.00" loaded="82981" inserted="77588" running="233" waiting="5393" ended="77355" arrived="77355" collisions="152" teleports="152" halting="8" stopped="0" meanWaitingTime="2841.97" meanTravelTime="337.04" meanSpeed="22.12" meanSpeedRelative="0.69" duration="2"/>
    <step time="78900.00" loaded="83165" inserted="77810" running="213" waiting="5355" ended="77597" arrived="77597" collisions="153" teleports="153" halting="6" stopped="0" meanWaitingTime="2856.74" meanTravelTime="336.90" meanSpeed="21.31" meanSpeedRelative="0.67" duration="2"/>
    <step time="79200.00" loaded="83358" inserted="78033" running="204" waiting="5325" ended="77829" arrived="77829" collisions="153" teleports="153" halting="3" stopped="0" meanWaitingTime="2871.24" meanTravelTime="336.78" meanSpeed="22.11" meanSpeedRelative="0.69" duration="129"/>
    <step time="79500.00" loaded="83533" inserted="78250" running="207" waiting="5283" ended="78043" arrived="78043" collisions="153" teleports="153" halting="6" stopped="0" meanWaitingTime="2887.98" meanTravelTime="336.64" meanSpeed="21.91" meanSpeedRelative="0.68" duration="3"/>
    <step time="79800.00" loaded="83714" inserted="78462" running="198" waiting="5252" ended="78264" arrived="78264" collisions="153" teleports="153" halting="8" stopped="0" meanWaitingTime="2902.90" meanTravelTime="336.49" meanSpeed="21.95" meanSpeedRelative="0.69" duration="2"/>
    <step time="80100.00" loaded="83885" inserted="78674" running="200" waiting="5211" ended="78474" arrived="78474" collisions="154" teleports="154" halting="2" stopped="0" meanWaitingTime="2918.15" meanTravelTime="336.35" meanSpeed="22.15" meanSpeedRelative="0.69" duration="3"/>
    <step time="80400.00" loaded="84069" inserted="78893" running="206" waiting="5176" ended="78687" arrived="78687" collisions="155" teleports="155" halting="4" stopped="0" meanWaitingTime="2934.82" meanTravelTime="336.26" meanSpeed="22.34" meanSpeedRelative="0.70" duration="3"/>
    <step time="80700.00" loaded="84230" inserted="79085" running="193" waiting="5145" ended="78892" arrived="78892" collisions="155" teleports="155" halting="9" stopped="0" meanWaitingTime="2951.48" meanTravelTime="336.05" meanSpeed="20.28" meanSpeedRelative="0.63" duration="3"/>
    <step time="81000.00" loaded="84396" inserted="79281" running="170" waiting="5115" ended="79111" arrived="79111" collisions="155" teleports="155" halting="6" stopped="0" meanWaitingTime="2965.41" meanTravelTime="335.97" meanSpeed="21.31" meanSpeedRelative="0.67" duration="3"/>
    <step time="81300.00" loaded="84555" inserted="79485" running="183" waiting="5070" ended="79302" arrived="79302" collisions="156" teleports="156" halting="1" stopped="0" meanWaitingTime="2981.12" meanTravelTime="335.82" meanSpeed="22.39" meanSpeedRelative="0.70" duration="2"/>
    <step time="81600.00" loaded="84735" inserted="79695" running="205" waiting="5040" ended="79490" arrived="79490" collisions="156" teleports="156" halting="7" stopped="0" meanWaitingTime="2995.78" meanTravelTime="335.67" meanSpeed="22.03" meanSpeedRelative="0.69" duration="3"/>
    <step time="81900.00" loaded="84893" inserted="79897" running="200" waiting="4996" ended="79697" arrived="79697" collisions="156" teleports="156" halting="6" stopped="0" meanWaitingTime="3010.22" meanTravelTime="335.57" meanSpeed="22.05" meanSpeedRelative="0.69" duration="2"/>
    <step time="82200.00" loaded="85069" inserted="80113" running="208" waiting="4956" ended="79905" arrived="79905" collisions="157" teleports="157" halting="3" stopped="0" meanWaitingTime="3023.72" meanTravelTime="335.40" meanSpeed="22.68" meanSpeedRelative="0.71" duration="1"/>
    <step time="82500.00" loaded="85221" inserted="80295" running="176" waiting="4926" ended="80119" arrived="80119" collisions="157" teleports="157" halting="6" stopped="0" meanWaitingTime="3038.40" meanTravelTime="335.31" meanSpeed="21.12" meanSpeedRelative="0.66" duration="1"/>
</summary>
