<?xml version="1.0" encoding="UTF-8"?>

<!-- generated on 2025-08-08 10:45:18 by Eclipse SUMO sumo Version 1.23.1
<sumoConfiguration xmlns:xsi="http://www.w3.org/2001/XMLSchema-instance" xsi:noNamespaceSchemaLocation="http://sumo.dlr.de/xsd/sumoConfiguration.xsd">

    <input>
        <net-file value="Desktop\Master Thesis\Network_fin.net.xml"/>
        <route-files value="Desktop\Master Thesis\demand_model_amsterdam.rou.xml"/>
        <additional-files value="Desktop\Master Thesis\Additionnal.add.xml"/>
    </input>

    <output>
        <summary-output value="outputf/summary_coor_alinea_3neigh_method1_K80_target5_92372.xml"/>
        <summary-output.period value="300"/>
        <tripinfo-output value="outputf/tripinfo_coor_alinea_3neigh_method1_K80_target5_92372.xml"/>
    </output>

    <time>
        <begin value="0"/>
        <end value="82800"/>
        <step-length value="1"/>
    </time>

    <processing>
        <time-to-teleport value="-1"/>
    </processing>

    <report>
        <verbose value="true"/>
        <no-step-log value="true"/>
    </report>

    <emissions>
        <device.emissions.period value="10"/>
    </emissions>

    <traci_server>
        <remote-port value="51231"/>
    </traci_server>

    <random_number>
        <seed value="92372"/>
    </random_number>

</sumoConfiguration>
-->

<summary xmlns:xsi="http://www.w3.org/2001/XMLSchema-instance" xsi:noNamespaceSchemaLocation="http://sumo.dlr.de/xsd/summary_file.xsd">
    <step time="0.00" loaded="0" inserted="0" running="0" waiting="0" ended="0" arrived="0" collisions="0" teleports="0" halting="0" stopped="0" meanWaitingTime="-1.00" meanTravelTime="-1.00" meanSpeed="-1.00" meanSpeedRelative="-1.00" duration="0"/>
    <step time="300.00" loaded="181" inserted="181" running="101" waiting="0" ended="80" arrived="80" collisions="0" teleports="0" halting="1" stopped="0" meanWaitingTime="0.54" meanTravelTime="97.45" meanSpeed="25.09" meanSpeedRelative="0.78" duration="1"/>
    <step time="600.00" loaded="369" inserted="367" running="141" waiting="2" ended="226" arrived="226" collisions="0" teleports="0" halting="0" stopped="0" meanWaitingTime="0.47" meanTravelTime="144.00" meanSpeed="24.57" meanSpeedRelative="0.77" duration="1"/>
    <step time="900.00" loaded="560" inserted="560" running="158" waiting="0" ended="402" arrived="402" collisions="0" teleports="0" halting="0" stopped="0" meanWaitingTime="0.43" meanTravelTime="171.27" meanSpeed="25.23" meanSpeedRelative="0.79" duration="2"/>
    <step time="1200.00" loaded="733" inserted="733" running="167" waiting="0" ended="566" arrived="566" collisions="0" teleports="0" halting="2" stopped="0" meanWaitingTime="0.43" meanTravelTime="192.59" meanSpeed="25.67" meanSpeedRelative="0.80" duration="2"/>
    <step time="1500.00" loaded="903" inserted="903" running="158" waiting="0" ended="745" arrived="745" collisions="0" teleports="0" halting="1" stopped="0" meanWaitingTime="0.44" meanTravelTime="213.33" meanSpeed="25.15" meanSpeedRelative="0.79" duration="2"/>
    <step time="1800.00" loaded="1104" inserted="1104" running="168" waiting="0" ended="936" arrived="936" collisions="0" teleports="0" halting="2" stopped="0" meanWaitingTime="0.43" meanTravelTime="220.57" meanSpeed="25.25" meanSpeedRelative="0.79" duration="2"/>
    <step time="2100.00" loaded="1309" inserted="1309" running="177" waiting="0" ended="1132" arrived="1132" collisions="0" teleports="0" halting="1" stopped="0" meanWaitingTime="0.43" meanTravelTime="226.95" meanSpeed="24.43" meanSpeedRelative="0.76" duration="1"/>
    <step time="2400.00" loaded="1486" inserted="1486" running="158" waiting="0" ended="1328" arrived="1328" collisions="0" teleports="0" halting="1" stopped="0" meanWaitingTime="0.44" meanTravelTime="229.48" meanSpeed="25.60" meanSpeedRelative="0.80" duration="1"/>
    <step time="2700.00" loaded="1667" inserted="1667" running="140" waiting="0" ended="1527" arrived="1527" collisions="0" teleports="0" halting="4" stopped="0" meanWaitingTime="0.45" meanTravelTime="234.60" meanSpeed="23.94" meanSpeedRelative="0.75" duration="0"/>
    <step time="3000.00" loaded="1836" inserted="1836" running="131" waiting="0" ended="1705" arrived="1705" collisions="1" teleports="1" halting="0" stopped="0" meanWaitingTime="0.43" meanTravelTime="236.23" meanSpeed="25.15" meanSpeedRelative="0.79" duration="1"/>
    <step time="3300.00" loaded="2018" inserted="2017" running="160" waiting="1" ended="1857" arrived="1857" collisions="2" teleports="2" halting="0" stopped="0" meanWaitingTime="0.48" meanTravelTime="235.25" meanSpeed="23.47" meanSpeedRelative="0.73" duration="1"/>
    <step time="3600.00" loaded="2205" inserted="2196" running="162" waiting="9" ended="2034" arrived="2034" collisions="2" teleports="2" halting="3" stopped="0" meanWaitingTime="1.03" meanTravelTime="237.11" meanSpeed="24.63" meanSpeedRelative="0.77" duration="86"/>
    <step time="3900.00" loaded="2319" inserted="2318" running="119" waiting="1" ended="2199" arrived="2199" collisions="2" teleports="2" halting="4" stopped="0" meanWaitingTime="1.95" meanTravelTime="239.81" meanSpeed="24.22" meanSpeedRelative="0.76" duration="1"/>
    <step time="4200.00" loaded="2422" inserted="2422" running="95" waiting="0" ended="2327" arrived="2327" collisions="2" teleports="2" halting="0" stopped="0" meanWaitingTime="1.91" meanTravelTime="242.30" meanSpeed="25.64" meanSpeedRelative="0.80" duration="1"/>
    <step time="4500.00" loaded="2529" inserted="2529" running="95" waiting="0" ended="2434" arrived="2434" collisions="2" teleports="2" halting="1" stopped="0" meanWaitingTime="1.85" meanTravelTime="244.62" meanSpeed="26.01" meanSpeedRelative="0.81" duration="1"/>
    <step time="4800.00" loaded="2662" inserted="2660" running="108" waiting="2" ended="2552" arrived="2552" collisions="2" teleports="2" halting="1" stopped="0" meanWaitingTime="1.79" meanTravelTime="244.82" meanSpeed="24.56" meanSpeedRelative="0.77" duration="1"/>
    <step time="5100.00" loaded="2766" inserted="2766" running="81" waiting="0" ended="2685" arrived="2685" collisions="2" teleports="2" halting="1" stopped="0" meanWaitingTime="1.74" meanTravelTime="244.46" meanSpeed="25.34" meanSpeedRelative="0.79" duration="0"/>
    <step time="5400.00" loaded="2868" inserted="2868" running="93" waiting="0" ended="2775" arrived="2775" collisions="3" teleports="3" halting="1" stopped="0" meanWaitingTime="1.69" meanTravelTime="245.53" meanSpeed="25.96" meanSpeedRelative="0.81" duration="1"/>
    <step time="5700.00" loaded="2974" inserted="2974" running="88" waiting="0" ended="2886" arrived="2886" collisions="3" teleports="3" halting="1" stopped="0" meanWaitingTime="1.63" meanTravelTime="245.36" meanSpeed="25.83" meanSpeedRelative="0.81" duration="1"/>
    <step time="6000.00" loaded="3081" inserted="3081" running="89" waiting="0" ended="2992" arrived="2992" collisions="3" teleports="3" halting="0" stopped="0" meanWaitingTime="1.58" meanTravelTime="244.54" meanSpeed="24.90" meanSpeedRelative="0.78" duration="0"/>
    <step time="6300.00" loaded="3191" inserted="3191" running="97" waiting="0" ended="3094" arrived="3094" collisions="3" teleports="3" halting="1" stopped="0" meanWaitingTime="1.53" meanTravelTime="243.29" meanSpeed="26.26" meanSpeedRelative="0.82" duration="1"/>
    <step time="6600.00" loaded="3313" inserted="3313" running="103" waiting="0" ended="3210" arrived="3210" collisions="3" teleports="3" halting="1" stopped="0" meanWaitingTime="1.49" meanTravelTime="244.70" meanSpeed="25.68" meanSpeedRelative="0.80" duration="0"/>
    <step time="6900.00" loaded="3414" inserted="3414" running="90" waiting="0" ended="3324" arrived="3324" collisions="3" teleports="3" halting="1" stopped="0" meanWaitingTime="1.45" meanTravelTime="245.24" meanSpeed="25.42" meanSpeedRelative="0.79" duration="1"/>
    <step time="7200.00" loaded="3528" inserted="3521" running="91" waiting="7" ended="3430" arrived="3430" collisions="3" teleports="3" halting="4" stopped="0" meanWaitingTime="1.57" meanTravelTime="245.82" meanSpeed="25.19" meanSpeedRelative="0.79" duration="86"/>
    <step time="7500.00" loaded="3685" inserted="3667" running="121" waiting="18" ended="3546" arrived="3546" collisions="3" teleports="3" halting="1" stopped="0" meanWaitingTime="2.08" meanTravelTime="245.69" meanSpeed="25.16" meanSpeedRelative="0.79" duration="0"/>
    <step time="7800.00" loaded="3845" inserted="3829" running="139" waiting="16" ended="3690" arrived="3690" collisions="3" teleports="3" halting="2" stopped="0" meanWaitingTime="3.22" meanTravelTime="246.18" meanSpeed="25.09" meanSpeedRelative="0.78" duration="1"/>
    <step time="8100.00" loaded="4018" inserted="3986" running="137" waiting="32" ended="3849" arrived="3849" collisions="3" teleports="3" halting="3" stopped="0" meanWaitingTime="4.30" meanTravelTime="246.22" meanSpeed="24.59" meanSpeedRelative="0.77" duration="0"/>
    <step time="8400.00" loaded="4169" inserted="4129" running="142" waiting="40" ended="3987" arrived="3987" collisions="3" teleports="3" halting="4" stopped="0" meanWaitingTime="6.04" meanTravelTime="246.07" meanSpeed="24.88" meanSpeedRelative="0.78" duration="1"/>
    <step time="8700.00" loaded="4317" inserted="4276" running="121" waiting="41" ended="4155" arrived="4155" collisions="3" teleports="3" halting="2" stopped="0" meanWaitingTime="8.20" meanTravelTime="248.30" meanSpeed="24.75" meanSpeedRelative="0.77" duration="0"/>
    <step time="9000.00" loaded="4477" inserted="4424" running="128" waiting="53" ended="4296" arrived="4296" collisions="3" teleports="3" halting="1" stopped="0" meanWaitingTime="10.50" meanTravelTime="248.08" meanSpeed="24.69" meanSpeedRelative="0.77" duration="1"/>
    <step time="9300.00" loaded="4637" inserted="4578" running="130" waiting="59" ended="4448" arrived="4448" collisions="3" teleports="3" halting="3" stopped="0" meanWaitingTime="12.88" meanTravelTime="248.62" meanSpeed="24.12" meanSpeedRelative="0.75" duration="1"/>
    <step time="9600.00" loaded="4793" inserted="4726" running="126" waiting="67" ended="4600" arrived="4600" collisions="3" teleports="3" halting="1" stopped="0" meanWaitingTime="15.44" meanTravelTime="248.77" meanSpeed="24.58" meanSpeedRelative="0.77" duration="1"/>
    <step time="9900.00" loaded="4953" inserted="4886" running="127" waiting="67" ended="4759" arrived="4759" collisions="3" teleports="3" halting="0" stopped="0" meanWaitingTime="18.30" meanTravelTime="248.94" meanSpeed="23.86" meanSpeedRelative="0.75" duration="1"/>
    <step time="10200.00" loaded="5102" inserted="5025" running="117" waiting="77" ended="4908" arrived="4908" collisions="3" teleports="3" halting="3" stopped="0" meanWaitingTime="21.34" meanTravelTime="249.06" meanSpeed="24.57" meanSpeedRelative="0.77" duration="1"/>
    <step time="10500.00" loaded="5246" inserted="5162" running="116" waiting="84" ended="5046" arrived="5046" collisions="3" teleports="3" halting="5" stopped="0" meanWaitingTime="24.42" meanTravelTime="249.14" meanSpeed="23.86" meanSpeedRelative="0.75" duration="1"/>
    <step time="10800.00" loaded="5391" inserted="5300" running="100" waiting="91" ended="5200" arrived="5200" collisions="3" teleports="3" halting="0" stopped="0" meanWaitingTime="27.70" meanTravelTime="248.50" meanSpeed="25.06" meanSpeedRelative="0.78" duration="88"/>
    <step time="11100.00" loaded="5531" inserted="5437" running="105" waiting="94" ended="5332" arrived="5332" collisions="3" teleports="3" halting="1" stopped="0" meanWaitingTime="31.80" meanTravelTime="248.56" meanSpeed="24.74" meanSpeedRelative="0.77" duration="1"/>
    <step time="11400.00" loaded="5674" inserted="5583" running="117" waiting="91" ended="5466" arrived="5466" collisions="3" teleports="3" halting="3" stopped="0" meanWaitingTime="35.30" meanTravelTime="247.90" meanSpeed="24.88" meanSpeedRelative="0.78" duration="1"/>
    <step time="11700.00" loaded="5832" inserted="5736" running="127" waiting="96" ended="5609" arrived="5609" collisions="3" teleports="3" halting="5" stopped="0" meanWaitingTime="38.51" meanTravelTime="247.64" meanSpeed="23.23" meanSpeedRelative="0.73" duration="1"/>
    <step time="12000.00" loaded="5972" inserted="5878" running="113" waiting="94" ended="5765" arrived="5765" collisions="3" teleports="3" halting="1" stopped="0" meanWaitingTime="42.55" meanTravelTime="247.56" meanSpeed="24.76" meanSpeedRelative="0.77" duration="1"/>
    <step time="12300.00" loaded="6105" inserted="6014" running="104" waiting="91" ended="5910" arrived="5910" collisions="3" teleports="3" halting="3" stopped="0" meanWaitingTime="46.38" meanTravelTime="247.38" meanSpeed="24.26" meanSpeedRelative="0.76" duration="1"/>
    <step time="12600.00" loaded="6250" inserted="6158" running="114" waiting="92" ended="6044" arrived="6044" collisions="3" teleports="3" halting="5" stopped="0" meanWaitingTime="49.42" meanTravelTime="247.29" meanSpeed="23.48" meanSpeedRelative="0.73" duration="1"/>
    <step time="12900.00" loaded="6391" inserted="6301" running="111" waiting="90" ended="6190" arrived="6190" collisions="3" teleports="3" halting="1" stopped="0" meanWaitingTime="52.91" meanTravelTime="246.49" meanSpeed="24.25" meanSpeedRelative="0.76" duration="1"/>
    <step time="13200.00" loaded="6539" inserted="6423" running="102" waiting="116" ended="6321" arrived="6321" collisions="3" teleports="3" halting="1" stopped="0" meanWaitingTime="55.45" meanTravelTime="246.86" meanSpeed="23.73" meanSpeedRelative="0.74" duration="1"/>
    <step time="13500.00" loaded="6675" inserted="6562" running="99" waiting="113" ended="6463" arrived="6463" collisions="3" teleports="3" halting="3" stopped="0" meanWaitingTime="58.91" meanTravelTime="246.43" meanSpeed="23.76" meanSpeedRelative="0.74" duration="1"/>
    <step time="13800.00" loaded="6834" inserted="6720" running="125" waiting="114" ended="6595" arrived="6595" collisions="3" teleports="3" halting="4" stopped="0" meanWaitingTime="61.90" meanTravelTime="245.76" meanSpeed="23.97" meanSpeedRelative="0.75" duration="1"/>
    <step time="14100.00" loaded="6988" inserted="6860" running="112" waiting="128" ended="6748" arrived="6748" collisions="3" teleports="3" halting="0" stopped="0" meanWaitingTime="64.81" meanTravelTime="245.23" meanSpeed="24.56" meanSpeedRelative="0.77" duration="1"/>
    <step time="14400.00" loaded="7164" inserted="7025" running="116" waiting="139" ended="6909" arrived="6909" collisions="3" teleports="3" halting="0" stopped="0" meanWaitingTime="68.07" meanTravelTime="245.43" meanSpeed="26.20" meanSpeedRelative="0.82" duration="89"/>
    <step time="14700.00" loaded="7263" inserted="7133" running="94" waiting="130" ended="7039" arrived="7039" collisions="3" teleports="3" halting="1" stopped="0" meanWaitingTime="71.51" meanTravelTime="245.23" meanSpeed="24.56" meanSpeedRelative="0.77" duration="1"/>
    <step time="15000.00" loaded="7371" inserted="7238" running="89" waiting="133" ended="7149" arrived="7149" collisions="3" teleports="3" halting="4" stopped="0" meanWaitingTime="75.07" meanTravelTime="245.22" meanSpeed="23.75" meanSpeedRelative="0.74" duration="1"/>
    <step time="15300.00" loaded="7477" inserted="7341" running="79" waiting="136" ended="7262" arrived="7262" collisions="3" teleports="3" halting="1" stopped="0" meanWaitingTime="78.22" meanTravelTime="245.05" meanSpeed="23.89" meanSpeedRelative="0.75" duration="1"/>
    <step time="15600.00" loaded="7559" inserted="7424" running="65" waiting="135" ended="7359" arrived="7359" collisions="3" teleports="3" halting="2" stopped="0" meanWaitingTime="81.98" meanTravelTime="245.25" meanSpeed="23.11" meanSpeedRelative="0.72" duration="0"/>
    <step time="15900.00" loaded="7661" inserted="7530" running="74" waiting="131" ended="7456" arrived="7456" collisions="3" teleports="3" halting="4" stopped="0" meanWaitingTime="85.81" meanTravelTime="245.24" meanSpeed="23.04" meanSpeedRelative="0.72" duration="0"/>
    <step time="16200.00" loaded="7781" inserted="7656" running="98" waiting="125" ended="7558" arrived="7558" collisions="3" teleports="3" halting="0" stopped="0" meanWaitingTime="90.20" meanTravelTime="244.63" meanSpeed="24.44" meanSpeedRelative="0.76" duration="1"/>
    <step time="16500.00" loaded="7884" inserted="7766" running="81" waiting="118" ended="7685" arrived="7685" collisions="3" teleports="3" halting="1" stopped="0" meanWaitingTime="94.41" meanTravelTime="244.06" meanSpeed="23.41" meanSpeedRelative="0.73" duration="1"/>
    <step time="16800.00" loaded="7987" inserted="7877" running="85" waiting="110" ended="7792" arrived="7792" collisions="3" teleports="3" halting="4" stopped="0" meanWaitingTime="98.34" meanTravelTime="243.78" meanSpeed="22.78" meanSpeedRelative="0.71" duration="0"/>
    <step time="17100.00" loaded="8084" inserted="7978" running="91" waiting="106" ended="7887" arrived="7887" collisions="3" teleports="3" halting="6" stopped="0" meanWaitingTime="101.88" meanTravelTime="243.75" meanSpeed="23.08" meanSpeedRelative="0.72" duration="0"/>
    <step time="17400.00" loaded="8183" inserted="8084" running="80" waiting="99" ended="8004" arrived="8004" collisions="3" teleports="3" halting="0" stopped="0" meanWaitingTime="105.19" meanTravelTime="243.97" meanSpeed="24.59" meanSpeedRelative="0.77" duration="1"/>
    <step time="17700.00" loaded="8285" inserted="8191" running="79" waiting="94" ended="8112" arrived="8112" collisions="3" teleports="3" halting="1" stopped="0" meanWaitingTime="108.86" meanTravelTime="243.64" meanSpeed="23.78" meanSpeedRelative="0.74" duration="0"/>
    <step time="18000.00" loaded="8384" inserted="8288" running="71" waiting="96" ended="8217" arrived="8217" collisions="3" teleports="3" halting="8" stopped="0" meanWaitingTime="111.38" meanTravelTime="243.56" meanSpeed="23.30" meanSpeedRelative="0.73" duration="82"/>
    <step time="18300.00" loaded="8595" inserted="8485" running="141" waiting="110" ended="8344" arrived="8344" collisions="3" teleports="3" halting="2" stopped="0" meanWaitingTime="113.02" meanTravelTime="242.86" meanSpeed="23.83" meanSpeedRelative="0.74" duration="1"/>
    <step time="18600.00" loaded="8805" inserted="8682" running="148" waiting="123" ended="8534" arrived="8534" collisions="3" teleports="3" halting="3" stopped="0" meanWaitingTime="114.43" meanTravelTime="242.08" meanSpeed="24.11" meanSpeedRelative="0.75" duration="1"/>
    <step time="18900.00" loaded="8989" inserted="8857" running="143" waiting="132" ended="8714" arrived="8714" collisions="3" teleports="3" halting="0" stopped="0" meanWaitingTime="115.38" meanTravelTime="241.87" meanSpeed="25.82" meanSpeedRelative="0.81" duration="1"/>
    <step time="19200.00" loaded="9182" inserted="9033" running="149" waiting="149" ended="8884" arrived="8884" collisions="3" teleports="3" halting="1" stopped="0" meanWaitingTime="116.28" meanTravelTime="242.27" meanSpeed="24.33" meanSpeedRelative="0.76" duration="1"/>
    <step time="19500.00" loaded="9372" inserted="9206" running="144" waiting="166" ended="9062" arrived="9062" collisions="3" teleports="3" halting="7" stopped="0" meanWaitingTime="117.25" meanTravelTime="242.47" meanSpeed="25.48" meanSpeedRelative="0.80" duration="1"/>
    <step time="19800.00" loaded="9588" inserted="9408" running="156" waiting="180" ended="9252" arrived="9252" collisions="3" teleports="3" halting="1" stopped="0" meanWaitingTime="118.60" meanTravelTime="242.27" meanSpeed="24.43" meanSpeedRelative="0.76" duration="1"/>
    <step time="20100.00" loaded="9774" inserted="9588" running="137" waiting="186" ended="9451" arrived="9451" collisions="3" teleports="3" halting="3" stopped="0" meanWaitingTime="120.53" meanTravelTime="242.12" meanSpeed="23.77" meanSpeedRelative="0.74" duration="0"/>
    <step time="20400.00" loaded="9986" inserted="9781" running="155" waiting="205" ended="9626" arrived="9626" collisions="3" teleports="3" halting="5" stopped="0" meanWaitingTime="122.06" meanTravelTime="242.32" meanSpeed="23.17" meanSpeedRelative="0.72" duration="1"/>
    <step time="20700.00" loaded="10186" inserted="9970" running="177" waiting="216" ended="9793" arrived="9793" collisions="3" teleports="3" halting="1" stopped="0" meanWaitingTime="123.96" meanTravelTime="242.37" meanSpeed="23.77" meanSpeedRelative="0.74" duration="1"/>
    <step time="21000.00" loaded="10363" inserted="10142" running="153" waiting="221" ended="9989" arrived="9989" collisions="3" teleports="3" halting="0" stopped="0" meanWaitingTime="126.64" meanTravelTime="243.07" meanSpeed="25.63" meanSpeedRelative="0.80" duration="1"/>
    <step time="21300.00" loaded="10564" inserted="10332" running="155" waiting="232" ended="10177" arrived="10177" collisions="3" teleports="3" halting="2" stopped="0" meanWaitingTime="129.30" meanTravelTime="243.36" meanSpeed="24.10" meanSpeedRelative="0.75" duration="1"/>
    <step time="21600.00" loaded="10764" inserted="10525" running="172" waiting="239" ended="10353" arrived="10353" collisions="3" teleports="3" halting="2" stopped="0" meanWaitingTime="132.31" meanTravelTime="243.64" meanSpeed="24.11" meanSpeedRelative="0.75" duration="80"/>
    <step time="21900.00" loaded="11237" inserted="10916" running="304" waiting="321" ended="10612" arrived="10612" collisions="5" teleports="5" halting="2" stopped="0" meanWaitingTime="133.81" meanTravelTime="243.49" meanSpeed="23.23" meanSpeedRelative="0.73" duration="1"/>
    <step time="22200.00" loaded="11720" inserted="11317" running="389" waiting="403" ended="10928" arrived="10928" collisions="5" teleports="5" halting="5" stopped="0" meanWaitingTime="136.59" meanTravelTime="243.58" meanSpeed="21.79" meanSpeedRelative="0.68" duration="2"/>
    <step time="22500.00" loaded="12185" inserted="11697" running="396" waiting="488" ended="11301" arrived="11301" collisions="5" teleports="5" halting="5" stopped="0" meanWaitingTime="139.34" meanTravelTime="244.98" meanSpeed="21.71" meanSpeedRelative="0.68" duration="2"/>
    <step time="22800.00" loaded="12655" inserted="12086" running="387" waiting="569" ended="11699" arrived="11699" collisions="5" teleports="5" halting="7" stopped="0" meanWaitingTime="143.04" meanTravelTime="247.17" meanSpeed="21.89" meanSpeedRelative="0.68" duration="3"/>
    <step time="23100.00" loaded="13155" inserted="12487" running="410" waiting="668" ended="12077" arrived="12077" collisions="5" teleports="5" halting="3" stopped="0" meanWaitingTime="146.39" meanTravelTime="248.78" meanSpeed="21.69" meanSpeedRelative="0.68" duration="2"/>
    <step time="23400.00" loaded="13593" inserted="12841" running="398" waiting="752" ended="12443" arrived="12443" collisions="5" teleports="5" halting="4" stopped="0" meanWaitingTime="150.45" meanTravelTime="251.02" meanSpeed="20.89" meanSpeedRelative="0.65" duration="2"/>
    <step time="23700.00" loaded="14038" inserted="13213" running="400" waiting="825" ended="12813" arrived="12813" collisions="5" teleports="5" halting="0" stopped="0" meanWaitingTime="154.94" meanTravelTime="252.85" meanSpeed="20.61" meanSpeedRelative="0.64" duration="2"/>
    <step time="24000.00" loaded="14487" inserted="13608" running="420" waiting="879" ended="13188" arrived="13188" collisions="6" teleports="6" halting="7" stopped="0" meanWaitingTime="160.17" meanTravelTime="254.94" meanSpeed="20.10" meanSpeedRelative="0.63" duration="2"/>
    <step time="24300.00" loaded="14947" inserted="13992" running="447" waiting="955" ended="13545" arrived="13545" collisions="7" teleports="7" halting="5" stopped="0" meanWaitingTime="166.32" meanTravelTime="256.64" meanSpeed="20.68" meanSpeedRelative="0.65" duration="3"/>
    <step time="24600.00" loaded="15441" inserted="14399" running="453" waiting="1042" ended="13946" arrived="13946" collisions="7" teleports="7" halting="3" stopped="0" meanWaitingTime="173.16" meanTravelTime="258.95" meanSpeed="20.86" meanSpeedRelative="0.65" duration="2"/>
    <step time="24900.00" loaded="15941" inserted="14789" running="440" waiting="1152" ended="14349" arrived="14349" collisions="7" teleports="7" halting="9" stopped="0" meanWaitingTime="180.00" meanTravelTime="260.67" meanSpeed="20.93" meanSpeedRelative="0.65" duration="2"/>
    <step time="25200.00" loaded="16415" inserted="15168" running="426" waiting="1247" ended="14742" arrived="14742" collisions="7" teleports="7" halting="2" stopped="0" meanWaitingTime="187.37" meanTravelTime="262.62" meanSpeed="19.74" meanSpeedRelative="0.62" duration="88"/>
    <step time="25500.00" loaded="17018" inserted="15612" running="508" waiting="1406" ended="15104" arrived="15104" collisions="8" teleports="8" halting="11" stopped="0" meanWaitingTime="195.37" meanTravelTime="264.19" meanSpeed="19.53" meanSpeedRelative="0.61" duration="4"/>
    <step time="25800.00" loaded="17554" inserted="16067" running="539" waiting="1487" ended="15528" arrived="15528" collisions="10" teleports="10" halting="5" stopped="0" meanWaitingTime="205.05" meanTravelTime="266.25" meanSpeed="19.25" meanSpeedRelative="0.60" duration="4"/>
    <step time="26100.00" loaded="18119" inserted="16505" running="538" waiting="1614" ended="15967" arrived="15967" collisions="11" teleports="11" halting="4" stopped="0" meanWaitingTime="215.60" meanTravelTime="269.01" meanSpeed="19.33" meanSpeedRelative="0.60" duration="5"/>
    <step time="26400.00" loaded="18693" inserted="16949" running="519" waiting="1744" ended="16430" arrived="16430" collisions="11" teleports="11" halting="5" stopped="0" meanWaitingTime="225.79" meanTravelTime="272.14" meanSpeed="19.16" meanSpeedRelative="0.60" duration="3"/>
    <step time="26700.00" loaded="19269" inserted="17381" running="470" waiting="1888" ended="16911" arrived="16911" collisions="11" teleports="11" halting="3" stopped="0" meanWaitingTime="237.81" meanTravelTime="273.83" meanSpeed="19.53" meanSpeedRelative="0.61" duration="3"/>
    <step time="27000.00" loaded="19837" inserted="17821" running="479" waiting="2016" ended="17342" arrived="17342" collisions="11" teleports="11" halting="3" stopped="0" meanWaitingTime="249.32" meanTravelTime="275.21" meanSpeed="19.98" meanSpeedRelative="0.62" duration="3"/>
    <step time="27300.00" loaded="20406" inserted="18263" running="483" waiting="2143" ended="17780" arrived="17780" collisions="11" teleports="11" halting="8" stopped="0" meanWaitingTime="261.28" meanTravelTime="276.54" meanSpeed="18.96" meanSpeedRelative="0.59" duration="4"/>
    <step time="27600.00" loaded="20946" inserted="18682" running="491" waiting="2264" ended="18191" arrived="18191" collisions="12" teleports="12" halting="4" stopped="0" meanWaitingTime="275.22" meanTravelTime="277.60" meanSpeed="19.46" meanSpeedRelative="0.61" duration="3"/>
    <step time="27900.00" loaded="21485" inserted="19134" running="505" waiting="2351" ended="18629" arrived="18629" collisions="14" teleports="14" halting="7" stopped="0" meanWaitingTime="288.75" meanTravelTime="279.54" meanSpeed="19.27" meanSpeedRelative="0.60" duration="4"/>
    <step time="28200.00" loaded="22033" inserted="19557" running="488" waiting="2476" ended="19069" arrived="19069" collisions="15" teleports="15" halting="6" stopped="0" meanWaitingTime="301.89" meanTravelTime="280.85" meanSpeed="20.63" meanSpeedRelative="0.64" duration="4"/>
    <step time="28500.00" loaded="22629" inserted="20009" running="483" waiting="2620" ended="19526" arrived="19526" collisions="15" teleports="15" halting="6" stopped="0" meanWaitingTime="315.00" meanTravelTime="282.05" meanSpeed="19.62" meanSpeedRelative="0.61" duration="3"/>
    <step time="28800.00" loaded="23189" inserted="20455" running="501" waiting="2734" ended="19954" arrived="19954" collisions="15" teleports="15" halting="10" stopped="0" meanWaitingTime="329.25" meanTravelTime="282.97" meanSpeed="19.09" meanSpeedRelative="0.60" duration="90"/>
    <step time="29100.00" loaded="23561" inserted="20848" running="456" waiting="2713" ended="20392" arrived="20392" collisions="15" teleports="15" halting="11" stopped="0" meanWaitingTime="343.12" meanTravelTime="284.27" meanSpeed="20.40" meanSpeedRelative="0.64" duration="3"/>
    <step time="29400.00" loaded="23901" inserted="21219" running="431" waiting="2682" ended="20788" arrived="20788" collisions="15" teleports="15" halting="6" stopped="0" meanWaitingTime="357.55" meanTravelTime="285.46" meanSpeed="20.55" meanSpeedRelative="0.64" duration="3"/>
    <step time="29700.00" loaded="24276" inserted="21617" running="434" waiting="2659" ended="21183" arrived="21183" collisions="17" teleports="17" halting="3" stopped="0" meanWaitingTime="369.05" meanTravelTime="286.56" meanSpeed="21.37" meanSpeedRelative="0.67" duration="4"/>
    <step time="30000.00" loaded="24603" inserted="21975" running="381" waiting="2628" ended="21594" arrived="21594" collisions="17" teleports="17" halting="4" stopped="0" meanWaitingTime="380.47" meanTravelTime="287.42" meanSpeed="22.00" meanSpeedRelative="0.69" duration="2"/>
    <step time="30300.00" loaded="24963" inserted="22364" running="385" waiting="2599" ended="21979" arrived="21979" collisions="17" teleports="17" halting="4" stopped="0" meanWaitingTime="393.19" meanTravelTime="287.77" meanSpeed="21.30" meanSpeedRelative="0.67" duration="3"/>
    <step time="30600.00" loaded="25310" inserted="22716" running="364" waiting="2594" ended="22352" arrived="22352" collisions="17" teleports="17" halting="6" stopped="0" meanWaitingTime="404.42" meanTravelTime="288.30" meanSpeed="21.34" meanSpeedRelative="0.67" duration="3"/>
    <step time="30900.00" loaded="25653" inserted="23044" running="312" waiting="2609" ended="22732" arrived="22732" collisions="17" teleports="17" halting="4" stopped="0" meanWaitingTime="415.03" meanTravelTime="288.63" meanSpeed="21.98" meanSpeedRelative="0.69" duration="3"/>
    <step time="31200.00" loaded="25995" inserted="23392" running="315" waiting="2603" ended="23077" arrived="23077" collisions="19" teleports="19" halting="5" stopped="0" meanWaitingTime="425.85" meanTravelTime="288.53" meanSpeed="22.68" meanSpeedRelative="0.71" duration="2"/>
    <step time="31500.00" loaded="26373" inserted="23754" running="335" waiting="2619" ended="23419" arrived="23419" collisions="20" teleports="20" halting="4" stopped="0" meanWaitingTime="435.98" meanTravelTime="288.31" meanSpeed="21.95" meanSpeedRelative="0.69" duration="2"/>
    <step time="31800.00" loaded="26724" inserted="24096" running="343" waiting="2628" ended="23753" arrived="23753" collisions="20" teleports="20" halting="3" stopped="0" meanWaitingTime="446.16" meanTravelTime="288.21" meanSpeed="22.57" meanSpeedRelative="0.71" duration="4"/>
    <step time="32100.00" loaded="27082" inserted="24451" running="346" waiting="2631" ended="24105" arrived="24105" collisions="21" teleports="21" halting="6" stopped="0" meanWaitingTime="457.19" meanTravelTime="288.19" meanSpeed="22.42" meanSpeedRelative="0.70" duration="3"/>
    <step time="32400.00" loaded="27439" inserted="24811" running="344" waiting="2628" ended="24467" arrived="24467" collisions="21" teleports="21" halting="1" stopped="0" meanWaitingTime="468.06" meanTravelTime="288.26" meanSpeed="22.20" meanSpeedRelative="0.69" duration="88"/>
    <step time="32700.00" loaded="27714" inserted="25091" running="286" waiting="2623" ended="24805" arrived="24805" collisions="22" teleports="22" halting="0" stopped="0" meanWaitingTime="479.50" meanTravelTime="288.43" meanSpeed="23.63" meanSpeedRelative="0.74" duration="2"/>
    <step time="33000.00" loaded="27969" inserted="25343" running="251" waiting="2626" ended="25092" arrived="25092" collisions="22" teleports="22" halting="3" stopped="0" meanWaitingTime="491.40" meanTravelTime="288.55" meanSpeed="23.97" meanSpeedRelative="0.75" duration="2"/>
    <step time="33300.00" loaded="28218" inserted="25595" running="241" waiting="2623" ended="25354" arrived="25354" collisions="22" teleports="22" halting="1" stopped="0" meanWaitingTime="504.88" meanTravelTime="288.57" meanSpeed="23.48" meanSpeedRelative="0.73" duration="1"/>
    <step time="33600.00" loaded="28499" inserted="25876" running="249" waiting="2623" ended="25627" arrived="25627" collisions="23" teleports="23" halting="5" stopped="0" meanWaitingTime="517.32" meanTravelTime="288.37" meanSpeed="23.33" meanSpeedRelative="0.73" duration="1"/>
    <step time="33900.00" loaded="28764" inserted="26135" running="219" waiting="2629" ended="25916" arrived="25916" collisions="23" teleports="23" halting="3" stopped="0" meanWaitingTime="529.88" meanTravelTime="288.26" meanSpeed="23.44" meanSpeedRelative="0.73" duration="2"/>
    <step time="34200.00" loaded="29052" inserted="26417" running="240" waiting="2635" ended="26177" arrived="26177" collisions="23" teleports="23" halting="3" stopped="0" meanWaitingTime="543.37" meanTravelTime="288.00" meanSpeed="23.50" meanSpeedRelative="0.73" duration="2"/>
    <step time="34500.00" loaded="29300" inserted="26658" running="223" waiting="2642" ended="26435" arrived="26435" collisions="23" teleports="23" halting="1" stopped="0" meanWaitingTime="555.94" meanTravelTime="287.73" meanSpeed="23.02" meanSpeedRelative="0.72" duration="1"/>
    <step time="34800.00" loaded="29591" inserted="26949" running="259" waiting="2642" ended="26690" arrived="26690" collisions="24" teleports="24" halting="3" stopped="0" meanWaitingTime="568.96" meanTravelTime="287.57" meanSpeed="23.01" meanSpeedRelative="0.72" duration="2"/>
    <step time="35100.00" loaded="29862" inserted="27209" running="250" waiting="2653" ended="26959" arrived="26959" collisions="25" teleports="25" halting="4" stopped="0" meanWaitingTime="582.22" meanTravelTime="287.51" meanSpeed="23.01" meanSpeedRelative="0.72" duration="2"/>
    <step time="35400.00" loaded="30122" inserted="27459" running="225" waiting="2663" ended="27234" arrived="27234" collisions="25" teleports="25" halting="6" stopped="0" meanWaitingTime="595.81" meanTravelTime="287.46" meanSpeed="23.03" meanSpeedRelative="0.72" duration="2"/>
    <step time="35700.00" loaded="30372" inserted="27708" running="224" waiting="2664" ended="27484" arrived="27484" collisions="25" teleports="25" halting="4" stopped="0" meanWaitingTime="610.54" meanTravelTime="287.22" meanSpeed="23.12" meanSpeedRelative="0.72" duration="2"/>
    <step time="36000.00" loaded="30623" inserted="27948" running="222" waiting="2675" ended="27726" arrived="27726" collisions="26" teleports="26" halting="3" stopped="0" meanWaitingTime="624.58" meanTravelTime="287.20" meanSpeed="23.66" meanSpeedRelative="0.74" duration="83"/>
    <step time="36300.00" loaded="31120" inserted="28365" running="341" waiting="2755" ended="28024" arrived="28024" collisions="26" teleports="26" halting="5" stopped="0" meanWaitingTime="636.07" meanTravelTime="286.74" meanSpeed="22.22" meanSpeedRelative="0.69" duration="2"/>
    <step time="36600.00" loaded="31582" inserted="28757" running="385" waiting="2825" ended="28372" arrived="28372" collisions="26" teleports="26" halting="6" stopped="0" meanWaitingTime="648.08" meanTravelTime="286.49" meanSpeed="21.11" meanSpeedRelative="0.66" duration="3"/>
    <step time="36900.00" loaded="32048" inserted="29167" running="394" waiting="2881" ended="28773" arrived="28773" collisions="26" teleports="26" halting="9" stopped="0" meanWaitingTime="663.03" meanTravelTime="286.41" meanSpeed="20.84" meanSpeedRelative="0.65" duration="3"/>
    <step time="37200.00" loaded="32480" inserted="29558" running="425" waiting="2922" ended="29133" arrived="29133" collisions="27" teleports="27" halting="2" stopped="0" meanWaitingTime="676.88" meanTravelTime="286.54" meanSpeed="21.30" meanSpeedRelative="0.67" duration="4"/>
    <step time="37500.00" loaded="32957" inserted="29974" running="440" waiting="2983" ended="29534" arrived="29534" collisions="28" teleports="28" halting="4" stopped="0" meanWaitingTime="690.09" meanTravelTime="286.87" meanSpeed="20.51" meanSpeedRelative="0.64" duration="4"/>
    <step time="37800.00" loaded="33414" inserted="30363" running="406" waiting="3051" ended="29957" arrived="29957" collisions="28" teleports="28" halting="7" stopped="0" meanWaitingTime="703.47" meanTravelTime="287.22" meanSpeed="20.94" meanSpeedRelative="0.65" duration="3"/>
    <step time="38100.00" loaded="33873" inserted="30737" running="394" waiting="3136" ended="30343" arrived="30343" collisions="30" teleports="30" halting="6" stopped="0" meanWaitingTime="715.51" meanTravelTime="287.82" meanSpeed="21.25" meanSpeedRelative="0.66" duration="2"/>
    <step time="38400.00" loaded="34345" inserted="31130" running="397" waiting="3215" ended="30733" arrived="30733" collisions="32" teleports="32" halting="6" stopped="0" meanWaitingTime="727.70" meanTravelTime="288.09" meanSpeed="21.89" meanSpeedRelative="0.68" duration="2"/>
    <step time="38700.00" loaded="34831" inserted="31552" running="426" waiting="3279" ended="31126" arrived="31126" collisions="32" teleports="32" halting="6" stopped="0" meanWaitingTime="742.24" meanTravelTime="288.36" meanSpeed="20.79" meanSpeedRelative="0.65" duration="4"/>
    <step time="39000.00" loaded="35294" inserted="31952" running="417" waiting="3342" ended="31535" arrived="31535" collisions="32" teleports="32" halting="4" stopped="0" meanWaitingTime="755.46" meanTravelTime="288.74" meanSpeed="21.27" meanSpeedRelative="0.66" duration="4"/>
    <step time="39300.00" loaded="35723" inserted="32318" running="392" waiting="3405" ended="31926" arrived="31926" collisions="32" teleports="32" halting="4" stopped="0" meanWaitingTime="769.18" meanTravelTime="288.96" meanSpeed="21.21" meanSpeedRelative="0.66" duration="3"/>
    <step time="39600.00" loaded="36202" inserted="32696" running="396" waiting="3506" ended="32300" arrived="32300" collisions="33" teleports="33" halting="4" stopped="0" meanWaitingTime="780.27" meanTravelTime="289.26" meanSpeed="21.52" meanSpeedRelative="0.67" duration="90"/>
    <step time="39900.00" loaded="36733" inserted="33114" running="452" waiting="3619" ended="32662" arrived="32662" collisions="34" teleports="34" halting="9" stopped="0" meanWaitingTime="792.80" meanTravelTime="289.66" meanSpeed="21.05" meanSpeedRelative="0.66" duration="3"/>
    <step time="40200.00" loaded="37227" inserted="33535" running="434" waiting="3692" ended="33101" arrived="33101" collisions="34" teleports="34" halting="5" stopped="0" meanWaitingTime="807.15" meanTravelTime="290.12" meanSpeed="20.69" meanSpeedRelative="0.65" duration="4"/>
    <step time="40500.00" loaded="37779" inserted="33983" running="460" waiting="3796" ended="33523" arrived="33523" collisions="34" teleports="34" halting="6" stopped="0" meanWaitingTime="820.93" meanTravelTime="290.26" meanSpeed="20.96" meanSpeedRelative="0.65" duration="3"/>
    <step time="40800.00" loaded="38308" inserted="34418" running="486" waiting="3890" ended="33932" arrived="33932" collisions="35" teleports="35" halting="3" stopped="0" meanWaitingTime="832.08" meanTravelTime="290.69" meanSpeed="20.56" meanSpeedRelative="0.64" duration="3"/>
    <step time="41100.00" loaded="38827" inserted="34859" running="494" waiting="3968" ended="34365" arrived="34365" collisions="35" teleports="35" halting="5" stopped="0" meanWaitingTime="843.83" meanTravelTime="291.13" meanSpeed="20.59" meanSpeedRelative="0.64" duration="4"/>
    <step time="41400.00" loaded="39350" inserted="35288" running="479" waiting="4062" ended="34809" arrived="34809" collisions="35" teleports="35" halting="8" stopped="0" meanWaitingTime="856.18" meanTravelTime="291.69" meanSpeed="20.83" meanSpeedRelative="0.65" duration="3"/>
    <step time="41700.00" loaded="39859" inserted="35714" running="468" waiting="4145" ended="35246" arrived="35246" collisions="35" teleports="35" halting="3" stopped="0" meanWaitingTime="869.95" meanTravelTime="292.38" meanSpeed="20.85" meanSpeedRelative="0.65" duration="4"/>
    <step time="42000.00" loaded="40370" inserted="36150" running="470" waiting="4220" ended="35680" arrived="35680" collisions="35" teleports="35" halting="6" stopped="0" meanWaitingTime="882.82" meanTravelTime="292.72" meanSpeed="20.47" meanSpeedRelative="0.64" duration="4"/>
    <step time="42300.00" loaded="40866" inserted="36568" running="467" waiting="4298" ended="36101" arrived="36101" collisions="35" teleports="35" halting="8" stopped="0" meanWaitingTime="896.30" meanTravelTime="292.96" meanSpeed="20.89" meanSpeedRelative="0.65" duration="5"/>
    <step time="42600.00" loaded="41348" inserted="36975" running="461" waiting="4373" ended="36514" arrived="36514" collisions="35" teleports="35" halting="2" stopped="0" meanWaitingTime="909.44" meanTravelTime="293.42" meanSpeed="20.33" meanSpeedRelative="0.64" duration="3"/>
    <step time="42900.00" loaded="41891" inserted="37423" running="506" waiting="4468" ended="36917" arrived="36917" collisions="35" teleports="35" halting="3" stopped="0" meanWaitingTime="922.49" meanTravelTime="294.09" meanSpeed="20.32" meanSpeedRelative="0.64" duration="5"/>
    <step time="43200.00" loaded="42420" inserted="37853" running="494" waiting="4567" ended="37359" arrived="37359" collisions="35" teleports="35" halting="6" stopped="0" meanWaitingTime="935.04" meanTravelTime="294.49" meanSpeed="20.24" meanSpeedRelative="0.63" duration="96"/>
    <step time="43500.00" loaded="42983" inserted="38306" running="532" waiting="4677" ended="37774" arrived="37774" collisions="35" teleports="35" halting="10" stopped="0" meanWaitingTime="945.66" meanTravelTime="295.08" meanSpeed="19.69" meanSpeedRelative="0.62" duration="4"/>
    <step time="43800.00" loaded="43524" inserted="38750" running="524" waiting="4774" ended="38226" arrived="38226" collisions="36" teleports="36" halting="2" stopped="0" meanWaitingTime="957.71" meanTravelTime="295.62" meanSpeed="19.78" meanSpeedRelative="0.62" duration="5"/>
    <step time="44100.00" loaded="44035" inserted="39169" running="484" waiting="4866" ended="38685" arrived="38685" collisions="37" teleports="37" halting="3" stopped="0" meanWaitingTime="970.24" meanTravelTime="296.55" meanSpeed="19.02" meanSpeedRelative="0.59" duration="5"/>
    <step time="44400.00" loaded="44551" inserted="39611" running="523" waiting="4940" ended="39088" arrived="39088" collisions="38" teleports="38" halting="5" stopped="0" meanWaitingTime="983.85" meanTravelTime="297.09" meanSpeed="19.71" meanSpeedRelative="0.62" duration="3"/>
    <step time="44700.00" loaded="45066" inserted="40067" running="547" waiting="4999" ended="39520" arrived="39520" collisions="38" teleports="38" halting="9" stopped="0" meanWaitingTime="997.65" meanTravelTime="297.51" meanSpeed="19.29" meanSpeedRelative="0.60" duration="5"/>
    <step time="45000.00" loaded="45618" inserted="40537" running="569" waiting="5081" ended="39968" arrived="39968" collisions="38" teleports="38" halting="9" stopped="0" meanWaitingTime="1010.86" meanTravelTime="298.19" meanSpeed="19.24" meanSpeedRelative="0.60" duration="4"/>
    <step time="45300.00" loaded="46162" inserted="40967" running="540" waiting="5195" ended="40427" arrived="40427" collisions="38" teleports="38" halting="3" stopped="0" meanWaitingTime="1023.32" meanTravelTime="298.99" meanSpeed="18.91" meanSpeedRelative="0.59" duration="4"/>
    <step time="45600.00" loaded="46698" inserted="41410" running="539" waiting="5288" ended="40871" arrived="40871" collisions="38" teleports="38" halting="3" stopped="0" meanWaitingTime="1034.66" meanTravelTime="299.98" meanSpeed="19.45" meanSpeedRelative="0.61" duration="5"/>
    <step time="45900.00" loaded="47251" inserted="41873" running="551" waiting="5378" ended="41322" arrived="41322" collisions="38" teleports="38" halting="3" stopped="0" meanWaitingTime="1048.65" meanTravelTime="300.52" meanSpeed="19.27" meanSpeedRelative="0.60" duration="4"/>
    <step time="46200.00" loaded="47784" inserted="42319" running="537" waiting="5465" ended="41782" arrived="41782" collisions="39" teleports="39" halting="2" stopped="0" meanWaitingTime="1063.74" meanTravelTime="301.26" meanSpeed="19.40" meanSpeedRelative="0.61" duration="5"/>
    <step time="46500.00" loaded="48311" inserted="42761" running="530" waiting="5550" ended="42231" arrived="42231" collisions="39" teleports="39" halting="9" stopped="0" meanWaitingTime="1075.28" meanTravelTime="301.93" meanSpeed="19.35" meanSpeedRelative="0.60" duration="7"/>
    <step time="46800.00" loaded="48840" inserted="43210" running="542" waiting="5630" ended="42668" arrived="42668" collisions="41" teleports="41" halting="5" stopped="0" meanWaitingTime="1088.01" meanTravelTime="302.52" meanSpeed="19.55" meanSpeedRelative="0.61" duration="99"/>
    <step time="47100.00" loaded="49370" inserted="43642" running="533" waiting="5728" ended="43109" arrived="43109" collisions="44" teleports="44" halting="1" stopped="0" meanWaitingTime="1099.54" meanTravelTime="303.21" meanSpeed="19.55" meanSpeedRelative="0.61" duration="6"/>
    <step time="47400.00" loaded="49891" inserted="44092" running="547" waiting="5799" ended="43545" arrived="43545" collisions="45" teleports="45" halting="8" stopped="0" meanWaitingTime="1113.67" meanTravelTime="303.82" meanSpeed="19.14" meanSpeedRelative="0.60" duration="4"/>
    <step time="47700.00" loaded="50429" inserted="44524" running="557" waiting="5905" ended="43967" arrived="43967" collisions="46" teleports="46" halting="5" stopped="0" meanWaitingTime="1126.79" meanTravelTime="304.43" meanSpeed="19.20" meanSpeedRelative="0.60" duration="5"/>
    <step time="48000.00" loaded="50934" inserted="44946" running="500" waiting="5988" ended="44446" arrived="44446" collisions="48" teleports="48" halting="10" stopped="0" meanWaitingTime="1138.43" meanTravelTime="305.23" meanSpeed="19.59" meanSpeedRelative="0.61" duration="4"/>
    <step time="48300.00" loaded="51469" inserted="45393" running="518" waiting="6076" ended="44875" arrived="44875" collisions="48" teleports="48" halting="6" stopped="0" meanWaitingTime="1150.65" meanTravelTime="305.73" meanSpeed="19.61" meanSpeedRelative="0.61" duration="7"/>
    <step time="48600.00" loaded="52025" inserted="45869" running="564" waiting="6156" ended="45305" arrived="45305" collisions="51" teleports="51" halting="8" stopped="0" meanWaitingTime="1163.01" meanTravelTime="306.19" meanSpeed="18.57" meanSpeedRelative="0.58" duration="4"/>
    <step time="48900.00" loaded="52563" inserted="46305" running="548" waiting="6258" ended="45757" arrived="45757" collisions="52" teleports="52" halting="4" stopped="0" meanWaitingTime="1176.54" meanTravelTime="306.78" meanSpeed="19.54" meanSpeedRelative="0.61" duration="5"/>
    <step time="49200.00" loaded="53100" inserted="46767" running="580" waiting="6333" ended="46187" arrived="46187" collisions="54" teleports="54" halting="8" stopped="0" meanWaitingTime="1190.63" meanTravelTime="307.15" meanSpeed="18.83" meanSpeedRelative="0.59" duration="6"/>
    <step time="49500.00" loaded="53609" inserted="47228" running="578" waiting="6381" ended="46650" arrived="46650" collisions="55" teleports="55" halting="4" stopped="0" meanWaitingTime="1204.80" meanTravelTime="307.76" meanSpeed="19.15" meanSpeedRelative="0.60" duration="7"/>
    <step time="49800.00" loaded="54148" inserted="47665" running="545" waiting="6483" ended="47120" arrived="47120" collisions="56" teleports="56" halting="2" stopped="0" meanWaitingTime="1217.86" meanTravelTime="308.51" meanSpeed="19.08" meanSpeedRelative="0.60" duration="5"/>
    <step time="50100.00" loaded="54668" inserted="48096" running="549" waiting="6572" ended="47547" arrived="47547" collisions="57" teleports="57" halting="7" stopped="0" meanWaitingTime="1230.30" meanTravelTime="309.32" meanSpeed="19.13" meanSpeedRelative="0.60" duration="7"/>
    <step time="50400.00" loaded="55165" inserted="48527" running="526" waiting="6638" ended="48001" arrived="48001" collisions="59" teleports="59" halting="6" stopped="0" meanWaitingTime="1242.86" meanTravelTime="309.85" meanSpeed="19.42" meanSpeedRelative="0.61" duration="96"/>
    <step time="50700.00" loaded="55865" inserted="49065" running="634" waiting="6800" ended="48431" arrived="48431" collisions="60" teleports="60" halting="7" stopped="0" meanWaitingTime="1255.25" meanTravelTime="310.32" meanSpeed="18.48" meanSpeedRelative="0.58" duration="5"/>
    <step time="51000.00" loaded="56620" inserted="49587" running="685" waiting="7033" ended="48902" arrived="48902" collisions="61" teleports="61" halting="9" stopped="0" meanWaitingTime="1268.99" meanTravelTime="310.81" meanSpeed="16.98" meanSpeedRelative="0.53" duration="6"/>
    <step time="51300.00" loaded="57350" inserted="50089" running="691" waiting="7261" ended="49398" arrived="49398" collisions="63" teleports="63" halting="5" stopped="0" meanWaitingTime="1281.40" meanTravelTime="311.60" meanSpeed="16.94" meanSpeedRelative="0.53" duration="8"/>
    <step time="51600.00" loaded="58094" inserted="50616" running="746" waiting="7478" ended="49870" arrived="49870" collisions="67" teleports="67" halting="4" stopped="0" meanWaitingTime="1295.39" meanTravelTime="312.55" meanSpeed="16.33" meanSpeedRelative="0.51" duration="8"/>
    <step time="51900.00" loaded="58819" inserted="51152" running="766" waiting="7667" ended="50386" arrived="50386" collisions="68" teleports="68" halting="10" stopped="0" meanWaitingTime="1308.97" meanTravelTime="313.53" meanSpeed="15.57" meanSpeedRelative="0.49" duration="5"/>
    <step time="52200.00" loaded="59515" inserted="51675" running="777" waiting="7840" ended="50898" arrived="50898" collisions="70" teleports="70" halting="8" stopped="0" meanWaitingTime="1321.86" meanTravelTime="314.75" meanSpeed="16.17" meanSpeedRelative="0.51" duration="7"/>
    <step time="52500.00" loaded="60204" inserted="52176" running="749" waiting="8028" ended="51427" arrived="51427" collisions="72" teleports="72" halting="3" stopped="0" meanWaitingTime="1332.58" meanTravelTime="316.20" meanSpeed="15.71" meanSpeedRelative="0.49" duration="9"/>
    <step time="52800.00" loaded="60944" inserted="52725" running="781" waiting="8219" ended="51944" arrived="51944" collisions="74" teleports="74" halting="14" stopped="0" meanWaitingTime="1347.69" meanTravelTime="317.44" meanSpeed="14.46" meanSpeedRelative="0.45" duration="8"/>
    <step time="53100.00" loaded="61699" inserted="53243" running="799" waiting="8456" ended="52444" arrived="52444" collisions="77" teleports="77" halting="12" stopped="0" meanWaitingTime="1359.53" meanTravelTime="318.65" meanSpeed="14.99" meanSpeedRelative="0.47" duration="9"/>
    <step time="53400.00" loaded="62434" inserted="53772" running="807" waiting="8662" ended="52965" arrived="52965" collisions="81" teleports="81" halting="9" stopped="0" meanWaitingTime="1375.06" meanTravelTime="319.98" meanSpeed="15.36" meanSpeedRelative="0.48" duration="8"/>
    <step time="53700.00" loaded="63135" inserted="54256" running="787" waiting="8879" ended="53469" arrived="53469" collisions="85" teleports="85" halting="7" stopped="0" meanWaitingTime="1388.50" meanTravelTime="321.09" meanSpeed="14.71" meanSpeedRelative="0.46" duration="9"/>
    <step time="54000.00" loaded="63857" inserted="54778" running="823" waiting="9079" ended="53955" arrived="53955" collisions="87" teleports="87" halting="16" stopped="0" meanWaitingTime="1404.62" meanTravelTime="322.38" meanSpeed="14.51" meanSpeedRelative="0.45" duration="92"/>
    <step time="54300.00" loaded="64303" inserted="55179" running="740" waiting="9124" ended="54439" arrived="54439" collisions="88" teleports="88" halting="4" stopped="0" meanWaitingTime="1421.12" meanTravelTime="323.85" meanSpeed="15.09" meanSpeedRelative="0.47" duration="9"/>
    <step time="54600.00" loaded="64801" inserted="55635" running="685" waiting="9166" ended="54950" arrived="54950" collisions="90" teleports="90" halting="4" stopped="0" meanWaitingTime="1437.62" meanTravelTime="325.67" meanSpeed="15.72" meanSpeedRelative="0.49" duration="8"/>
    <step time="54900.00" loaded="65268" inserted="56074" running="650" waiting="9194" ended="55424" arrived="55424" collisions="91" teleports="91" halting="6" stopped="0" meanWaitingTime="1454.78" meanTravelTime="326.90" meanSpeed="16.48" meanSpeedRelative="0.51" duration="9"/>
    <step time="55200.00" loaded="65736" inserted="56506" running="591" waiting="9230" ended="55915" arrived="55915" collisions="92" teleports="92" halting="5" stopped="0" meanWaitingTime="1471.38" meanTravelTime="327.84" meanSpeed="17.43" meanSpeedRelative="0.54" duration="7"/>
    <step time="55500.00" loaded="66184" inserted="56932" running="563" waiting="9252" ended="56369" arrived="56369" collisions="94" teleports="94" halting="5" stopped="0" meanWaitingTime="1488.13" meanTravelTime="328.49" meanSpeed="19.13" meanSpeedRelative="0.60" duration="8"/>
    <step time="55800.00" loaded="66672" inserted="57381" running="578" waiting="9291" ended="56803" arrived="56803" collisions="98" teleports="98" halting="3" stopped="0" meanWaitingTime="1504.09" meanTravelTime="328.81" meanSpeed="18.25" meanSpeedRelative="0.57" duration="6"/>
    <step time="56100.00" loaded="67102" inserted="57800" running="592" waiting="9302" ended="57208" arrived="57208" collisions="98" teleports="98" halting="6" stopped="0" meanWaitingTime="1521.19" meanTravelTime="329.29" meanSpeed="17.60" meanSpeedRelative="0.55" duration="8"/>
    <step time="56400.00" loaded="67548" inserted="58230" running="603" waiting="9318" ended="57627" arrived="57627" collisions="102" teleports="102" halting="9" stopped="0" meanWaitingTime="1538.22" meanTravelTime="329.91" meanSpeed="18.38" meanSpeedRelative="0.57" duration="9"/>
    <step time="56700.00" loaded="67999" inserted="58641" running="577" waiting="9358" ended="58064" arrived="58064" collisions="102" teleports="102" halting="10" stopped="0" meanWaitingTime="1555.34" meanTravelTime="330.44" meanSpeed="18.64" meanSpeedRelative="0.58" duration="6"/>
    <step time="57000.00" loaded="68441" inserted="59057" running="569" waiting="9384" ended="58488" arrived="58488" collisions="105" teleports="105" halting="5" stopped="0" meanWaitingTime="1573.16" meanTravelTime="330.99" meanSpeed="18.42" meanSpeedRelative="0.58" duration="6"/>
    <step time="57300.00" loaded="68887" inserted="59485" running="546" waiting="9402" ended="58939" arrived="58939" collisions="105" teleports="105" halting="6" stopped="0" meanWaitingTime="1591.42" meanTravelTime="331.67" meanSpeed="19.03" meanSpeedRelative="0.59" duration="6"/>
    <step time="57600.00" loaded="69318" inserted="59901" running="529" waiting="9417" ended="59372" arrived="59372" collisions="108" teleports="108" halting="4" stopped="0" meanWaitingTime="1611.01" meanTravelTime="332.32" meanSpeed="19.14" meanSpeedRelative="0.60" duration="90"/>
    <step time="57900.00" loaded="69840" inserted="60367" running="577" waiting="9473" ended="59790" arrived="59790" collisions="111" teleports="111" halting="7" stopped="0" meanWaitingTime="1628.83" meanTravelTime="332.54" meanSpeed="18.74" meanSpeedRelative="0.59" duration="9"/>
    <step time="58200.00" loaded="70444" inserted="60845" running="614" waiting="9599" ended="60231" arrived="60231" collisions="113" teleports="113" halting="8" stopped="0" meanWaitingTime="1647.12" meanTravelTime="332.76" meanSpeed="18.24" meanSpeedRelative="0.57" duration="9"/>
    <step time="58500.00" loaded="70967" inserted="61315" running="621" waiting="9652" ended="60694" arrived="60694" collisions="114" teleports="114" halting="4" stopped="0" meanWaitingTime="1665.33" meanTravelTime="333.07" meanSpeed="18.06" meanSpeedRelative="0.56" duration="10"/>
    <step time="58800.00" loaded="71548" inserted="61816" running="702" waiting="9732" ended="61114" arrived="61114" collisions="115" teleports="115" halting="10" stopped="0" meanWaitingTime="1681.97" meanTravelTime="333.40" meanSpeed="16.28" meanSpeedRelative="0.51" duration="7"/>
    <step time="59100.00" loaded="72121" inserted="62280" running="734" waiting="9841" ended="61546" arrived="61546" collisions="116" teleports="116" halting="6" stopped="0" meanWaitingTime="1698.88" meanTravelTime="334.08" meanSpeed="16.03" meanSpeedRelative="0.50" duration="9"/>
    <step time="59400.00" loaded="72638" inserted="62715" running="668" waiting="9923" ended="62047" arrived="62047" collisions="118" teleports="118" halting="3" stopped="0" meanWaitingTime="1716.72" meanTravelTime="335.09" meanSpeed="16.33" meanSpeedRelative="0.51" duration="9"/>
    <step time="59700.00" loaded="73209" inserted="63201" running="679" waiting="10008" ended="62522" arrived="62522" collisions="119" teleports="119" halting="8" stopped="0" meanWaitingTime="1734.78" meanTravelTime="335.81" meanSpeed="16.24" meanSpeedRelative="0.51" duration="10"/>
    <step time="60000.00" loaded="73773" inserted="63681" running="673" waiting="10092" ended="63008" arrived="63008" collisions="119" teleports="119" halting="8" stopped="0" meanWaitingTime="1751.39" meanTravelTime="336.65" meanSpeed="16.60" meanSpeedRelative="0.52" duration="9"/>
    <step time="60300.00" loaded="74323" inserted="64155" running="660" waiting="10168" ended="63495" arrived="63495" collisions="122" teleports="122" halting="4" stopped="0" meanWaitingTime="1769.85" meanTravelTime="337.36" meanSpeed="16.71" meanSpeedRelative="0.52" duration="10"/>
    <step time="60600.00" loaded="74895" inserted="64639" running="695" waiting="10256" ended="63944" arrived="63944" collisions="125" teleports="125" halting="11" stopped="0" meanWaitingTime="1786.83" meanTravelTime="338.02" meanSpeed="16.42" meanSpeedRelative="0.51" duration="9"/>
    <step time="60900.00" loaded="75501" inserted="65123" running="685" waiting="10378" ended="64438" arrived="64438" collisions="126" teleports="126" halting="7" stopped="0" meanWaitingTime="1803.17" meanTravelTime="338.75" meanSpeed="16.55" meanSpeedRelative="0.52" duration="9"/>
    <step time="61200.00" loaded="76060" inserted="65576" running="658" waiting="10484" ended="64918" arrived="64918" collisions="129" teleports="129" halting="8" stopped="0" meanWaitingTime="1820.96" meanTravelTime="339.35" meanSpeed="17.26" meanSpeedRelative="0.54" duration="88"/>
    <step time="61500.00" loaded="76135" inserted="65874" running="532" waiting="10261" ended="65342" arrived="65342" collisions="131" teleports="131" halting="8" stopped="0" meanWaitingTime="1840.93" meanTravelTime="340.10" meanSpeed="17.39" meanSpeedRelative="0.54" duration="7"/>
    <step time="61800.00" loaded="76210" inserted="66209" running="494" waiting="10001" ended="65715" arrived="65715" collisions="131" teleports="131" halting="6" stopped="0" meanWaitingTime="1867.43" meanTravelTime="340.83" meanSpeed="18.28" meanSpeedRelative="0.57" duration="6"/>
    <step time="62100.00" loaded="76301" inserted="66514" running="419" waiting="9787" ended="66095" arrived="66095" collisions="131" teleports="131" halting="2" stopped="0" meanWaitingTime="1888.14" meanTravelTime="341.60" meanSpeed="19.91" meanSpeedRelative="0.62" duration="6"/>
    <step time="62400.00" loaded="76371" inserted="66778" running="355" waiting="9593" ended="66423" arrived="66423" collisions="131" teleports="131" halting="3" stopped="0" meanWaitingTime="1908.52" meanTravelTime="342.02" meanSpeed="21.00" meanSpeedRelative="0.66" duration="4"/>
    <step time="62700.00" loaded="76439" inserted="67031" running="327" waiting="9408" ended="66704" arrived="66704" collisions="131" teleports="131" halting="5" stopped="0" meanWaitingTime="1926.67" meanTravelTime="342.33" meanSpeed="21.53" meanSpeedRelative="0.67" duration="3"/>
    <step time="63000.00" loaded="76522" inserted="67307" running="315" waiting="9215" ended="66992" arrived="66992" collisions="132" teleports="132" halting="2" stopped="0" meanWaitingTime="1947.34" meanTravelTime="342.49" meanSpeed="21.70" meanSpeedRelative="0.68" duration="4"/>
    <step time="63300.00" loaded="76590" inserted="67569" running="304" waiting="9021" ended="67265" arrived="67265" collisions="132" teleports="132" halting="8" stopped="0" meanWaitingTime="1966.10" meanTravelTime="342.58" meanSpeed="22.10" meanSpeedRelative="0.69" duration="4"/>
    <step time="63600.00" loaded="76660" inserted="67798" running="264" waiting="8862" ended="67534" arrived="67534" collisions="132" teleports="132" halting="7" stopped="0" meanWaitingTime="1984.14" meanTravelTime="342.62" meanSpeed="22.13" meanSpeedRelative="0.69" duration="3"/>
    <step time="63900.00" loaded="76731" inserted="68002" running="228" waiting="8729" ended="67774" arrived="67774" collisions="132" teleports="132" halting="4" stopped="0" meanWaitingTime="2002.94" meanTravelTime="342.65" meanSpeed="21.54" meanSpeedRelative="0.67" duration="3"/>
    <step time="64200.00" loaded="76800" inserted="68218" running="209" waiting="8582" ended="68009" arrived="68009" collisions="132" teleports="132" halting="2" stopped="0" meanWaitingTime="2027.41" meanTravelTime="342.54" meanSpeed="22.72" meanSpeedRelative="0.71" duration="3"/>
    <step time="64500.00" loaded="76868" inserted="68420" running="199" waiting="8448" ended="68221" arrived="68221" collisions="132" teleports="132" halting="5" stopped="0" meanWaitingTime="2049.71" meanTravelTime="342.46" meanSpeed="21.88" meanSpeedRelative="0.68" duration="3"/>
    <step time="64800.00" loaded="76946" inserted="68635" running="211" waiting="8311" ended="68424" arrived="68424" collisions="133" teleports="133" halting="7" stopped="0" meanWaitingTime="2071.00" meanTravelTime="342.35" meanSpeed="21.48" meanSpeedRelative="0.67" duration="97"/>
    <step time="65100.00" loaded="76997" inserted="68833" running="209" waiting="8164" ended="68624" arrived="68624" collisions="133" teleports="133" halting="3" stopped="0" meanWaitingTime="2092.72" meanTravelTime="342.21" meanSpeed="20.90" meanSpeedRelative="0.65" duration="3"/>
    <step time="65400.00" loaded="77052" inserted="69019" running="202" waiting="8033" ended="68817" arrived="68817" collisions="134" teleports="134" halting="1" stopped="0" meanWaitingTime="2112.69" meanTravelTime="342.11" meanSpeed="21.17" meanSpeedRelative="0.66" duration="3"/>
    <step time="65700.00" loaded="77105" inserted="69216" running="189" waiting="7889" ended="69027" arrived="69027" collisions="134" teleports="134" halting="6" stopped="0" meanWaitingTime="2134.87" meanTravelTime="342.04" meanSpeed="20.99" meanSpeedRelative="0.66" duration="2"/>
    <step time="66000.00" loaded="77151" inserted="69419" running="209" waiting="7732" ended="69210" arrived="69210" collisions="134" teleports="134" halting="7" stopped="0" meanWaitingTime="2158.14" meanTravelTime="341.92" meanSpeed="20.82" meanSpeedRelative="0.65" duration="3"/>
    <step time="66300.00" loaded="77196" inserted="69610" running="207" waiting="7586" ended="69403" arrived="69403" collisions="134" teleports="134" halting="2" stopped="0" meanWaitingTime="2177.39" meanTravelTime="341.83" meanSpeed="22.23" meanSpeedRelative="0.69" duration="3"/>
    <step time="66600.00" loaded="77259" inserted="69764" running="175" waiting="7495" ended="69589" arrived="69589" collisions="134" teleports="134" halting="3" stopped="0" meanWaitingTime="2194.64" meanTravelTime="341.74" meanSpeed="21.20" meanSpeedRelative="0.66" duration="3"/>
    <step time="66900.00" loaded="77304" inserted="69908" running="127" waiting="7396" ended="69781" arrived="69781" collisions="134" teleports="134" halting="5" stopped="0" meanWaitingTime="2217.50" meanTravelTime="341.62" meanSpeed="21.24" meanSpeedRelative="0.66" duration="3"/>
    <step time="67200.00" loaded="77358" inserted="70042" running="117" waiting="7316" ended="69925" arrived="69925" collisions="134" teleports="134" halting="2" stopped="0" meanWaitingTime="2236.44" meanTravelTime="341.53" meanSpeed="20.33" meanSpeedRelative="0.64" duration="2"/>
    <step time="67500.00" loaded="77414" inserted="70189" running="124" waiting="7225" ended="70065" arrived="70065" collisions="134" teleports="134" halting="4" stopped="0" meanWaitingTime="2256.76" meanTravelTime="341.35" meanSpeed="20.23" meanSpeedRelative="0.63" duration="3"/>
    <step time="67800.00" loaded="77465" inserted="70362" running="130" waiting="7103" ended="70232" arrived="70232" collisions="134" teleports="134" halting="4" stopped="0" meanWaitingTime="2283.60" meanTravelTime="341.12" meanSpeed="21.25" meanSpeedRelative="0.66" duration="2"/>
    <step time="68100.00" loaded="77519" inserted="70497" running="117" waiting="7022" ended="70380" arrived="70380" collisions="134" teleports="134" halting="6" stopped="0" meanWaitingTime="2301.50" meanTravelTime="340.88" meanSpeed="20.33" meanSpeedRelative="0.64" duration="1"/>
    <step time="68400.00" loaded="77584" inserted="70675" running="151" waiting="6909" ended="70524" arrived="70524" collisions="134" teleports="134" halting="7" stopped="0" meanWaitingTime="2326.50" meanTravelTime="340.75" meanSpeed="20.86" meanSpeedRelative="0.65" duration="94"/>
    <step time="68700.00" loaded="77759" inserted="70886" running="174" waiting="6873" ended="70712" arrived="70712" collisions="134" teleports="134" halting="2" stopped="0" meanWaitingTime="2339.77" meanTravelTime="340.45" meanSpeed="21.09" meanSpeedRelative="0.66" duration="2"/>
    <step time="69000.00" loaded="77921" inserted="71080" running="190" waiting="6841" ended="70890" arrived="70890" collisions="134" teleports="134" halting="7" stopped="0" meanWaitingTime="2354.83" meanTravelTime="340.28" meanSpeed="21.59" meanSpeedRelative="0.67" duration="3"/>
    <step time="69300.00" loaded="78083" inserted="71268" running="195" waiting="6815" ended="71073" arrived="71073" collisions="134" teleports="134" halting="9" stopped="0" meanWaitingTime="2369.08" meanTravelTime="340.16" meanSpeed="21.62" meanSpeedRelative="0.68" duration="3"/>
    <step time="69600.00" loaded="78248" inserted="71464" running="188" waiting="6784" ended="71276" arrived="71276" collisions="134" teleports="134" halting="7" stopped="0" meanWaitingTime="2386.71" meanTravelTime="340.04" meanSpeed="21.01" meanSpeedRelative="0.66" duration="2"/>
    <step time="69900.00" loaded="78390" inserted="71656" running="191" waiting="6734" ended="71465" arrived="71465" collisions="134" teleports="134" halting="6" stopped="0" meanWaitingTime="2403.26" meanTravelTime="339.85" meanSpeed="21.06" meanSpeedRelative="0.66" duration="3"/>
    <step time="70200.00" loaded="78546" inserted="71859" running="193" waiting="6687" ended="71666" arrived="71666" collisions="134" teleports="134" halting="8" stopped="0" meanWaitingTime="2420.92" meanTravelTime="339.70" meanSpeed="22.24" meanSpeedRelative="0.69" duration="2"/>
    <step time="70500.00" loaded="78695" inserted="72040" running="184" waiting="6655" ended="71856" arrived="71856" collisions="134" teleports="134" halting="3" stopped="0" meanWaitingTime="2437.55" meanTravelTime="339.60" meanSpeed="21.86" meanSpeedRelative="0.68" duration="2"/>
    <step time="70800.00" loaded="78855" inserted="72243" running="201" waiting="6612" ended="72042" arrived="72042" collisions="134" teleports="134" halting="0" stopped="0" meanWaitingTime="2452.71" meanTravelTime="339.46" meanSpeed="22.13" meanSpeedRelative="0.69" duration="2"/>
    <step time="71100.00" loaded="79026" inserted="72439" running="190" waiting="6587" ended="72249" arrived="72249" collisions="134" teleports="134" halting="5" stopped="0" meanWaitingTime="2468.80" meanTravelTime="339.36" meanSpeed="21.86" meanSpeedRelative="0.68" duration="2"/>
    <step time="71400.00" loaded="79173" inserted="72633" running="182" waiting="6540" ended="72451" arrived="72451" collisions="134" teleports="134" halting="6" stopped="0" meanWaitingTime="2486.08" meanTravelTime="339.20" meanSpeed="22.15" meanSpeedRelative="0.69" duration="3"/>
    <step time="71700.00" loaded="79319" inserted="72815" running="176" waiting="6504" ended="72639" arrived="72639" collisions="135" teleports="135" halting="6" stopped="0" meanWaitingTime="2503.15" meanTravelTime="339.05" meanSpeed="21.91" meanSpeedRelative="0.68" duration="2"/>
    <step time="72000.00" loaded="79487" inserted="73019" running="185" waiting="6468" ended="72834" arrived="72834" collisions="135" teleports="135" halting="5" stopped="0" meanWaitingTime="2518.71" meanTravelTime="338.91" meanSpeed="22.22" meanSpeedRelative="0.69" duration="86"/>
    <step time="72300.00" loaded="79627" inserted="73191" running="168" waiting="6436" ended="73023" arrived="73023" collisions="135" teleports="135" halting="7" stopped="0" meanWaitingTime="2536.05" meanTravelTime="338.80" meanSpeed="21.12" meanSpeedRelative="0.66" duration="2"/>
    <step time="72600.00" loaded="79752" inserted="73373" running="160" waiting="6379" ended="73213" arrived="73213" collisions="135" teleports="135" halting="5" stopped="0" meanWaitingTime="2552.93" meanTravelTime="338.65" meanSpeed="21.33" meanSpeedRelative="0.67" duration="2"/>
    <step time="72900.00" loaded="79881" inserted="73557" running="172" waiting="6324" ended="73385" arrived="73385" collisions="135" teleports="135" halting="4" stopped="0" meanWaitingTime="2572.00" meanTravelTime="338.46" meanSpeed="21.36" meanSpeedRelative="0.67" duration="2"/>
    <step time="73200.00" loaded="80006" inserted="73731" running="169" waiting="6275" ended="73562" arrived="73562" collisions="135" teleports="135" halting="4" stopped="0" meanWaitingTime="2588.85" meanTravelTime="338.32" meanSpeed="21.38" meanSpeedRelative="0.67" duration="2"/>
    <step time="73500.00" loaded="80130" inserted="73913" running="183" waiting="6217" ended="73730" arrived="73730" collisions="135" teleports="135" halting="5" stopped="0" meanWaitingTime="2606.58" meanTravelTime="338.22" meanSpeed="22.11" meanSpeedRelative="0.69" duration="2"/>
    <step time="73800.00" loaded="80280" inserted="74117" running="182" waiting="6163" ended="73935" arrived="73935" collisions="135" teleports="135" halting="5" stopped="0" meanWaitingTime="2626.90" meanTravelTime="338.05" meanSpeed="21.74" meanSpeedRelative="0.68" duration="3"/>
    <step time="74100.00" loaded="80395" inserted="74289" running="158" waiting="6106" ended="74131" arrived="74131" collisions="135" teleports="135" halting="4" stopped="0" meanWaitingTime="2648.73" meanTravelTime="337.88" meanSpeed="20.68" meanSpeedRelative="0.65" duration="3"/>
    <step time="74400.00" loaded="80540" inserted="74466" running="173" waiting="6074" ended="74293" arrived="74293" collisions="135" teleports="135" halting="6" stopped="0" meanWaitingTime="2663.38" meanTravelTime="337.77" meanSpeed="21.89" meanSpeedRelative="0.68" duration="2"/>
    <step time="74700.00" loaded="80672" inserted="74645" running="169" waiting="6027" ended="74476" arrived="74476" collisions="135" teleports="135" halting="10" stopped="0" meanWaitingTime="2682.09" meanTravelTime="337.68" meanSpeed="21.17" meanSpeedRelative="0.66" duration="3"/>
    <step time="75000.00" loaded="80803" inserted="74815" running="162" waiting="5988" ended="74653" arrived="74653" collisions="135" teleports="135" halting="2" stopped="0" meanWaitingTime="2700.23" meanTravelTime="337.53" meanSpeed="21.75" meanSpeedRelative="0.68" duration="2"/>
    <step time="75300.00" loaded="80909" inserted="74985" running="166" waiting="5924" ended="74819" arrived="74819" collisions="135" teleports="135" halting="5" stopped="0" meanWaitingTime="2719.62" meanTravelTime="337.43" meanSpeed="21.13" meanSpeedRelative="0.66" duration="2"/>
    <step time="75600.00" loaded="81038" inserted="75165" running="155" waiting="5873" ended="75010" arrived="75010" collisions="136" teleports="136" halting="6" stopped="0" meanWaitingTime="2737.63" meanTravelTime="337.25" meanSpeed="20.75" meanSpeedRelative="0.65" duration="86"/>
    <step time="75900.00" loaded="81220" inserted="75376" running="193" waiting="5844" ended="75183" arrived="75183" collisions="136" teleports="136" halting="7" stopped="0" meanWaitingTime="2754.42" meanTravelTime="337.10" meanSpeed="21.66" meanSpeedRelative="0.68" duration="2"/>
    <step time="76200.00" loaded="81389" inserted="75573" running="182" waiting="5816" ended="75391" arrived="75391" collisions="137" teleports="137" halting="3" stopped="0" meanWaitingTime="2771.19" meanTravelTime="336.93" meanSpeed="22.26" meanSpeedRelative="0.70" duration="2"/>
    <step time="76500.00" loaded="81604" inserted="75812" running="218" waiting="5792" ended="75594" arrived="75594" collisions="138" teleports="138" halting="5" stopped="0" meanWaitingTime="2788.17" meanTravelTime="336.77" meanSpeed="22.24" meanSpeedRelative="0.70" duration="4"/>
    <step time="76800.00" loaded="81823" inserted="76064" running="252" waiting="5759" ended="75812" arrived="75812" collisions="138" teleports="138" halting="8" stopped="0" meanWaitingTime="2804.00" meanTravelTime="336.59" meanSpeed="21.62" meanSpeedRelative="0.68" duration="3"/>
    <step time="77100.00" loaded="82016" inserted="76287" running="228" waiting="5729" ended="76059" arrived="76059" collisions="138" teleports="138" halting="5" stopped="0" meanWaitingTime="2819.35" meanTravelTime="336.39" meanSpeed="22.14" meanSpeedRelative="0.69" duration="3"/>
    <step time="77400.00" loaded="82205" inserted="76504" running="215" waiting="5701" ended="76289" arrived="76289" collisions="138" teleports="138" halting="6" stopped="0" meanWaitingTime="2836.57" meanTravelTime="336.24" meanSpeed="21.39" meanSpeedRelative="0.67" duration="3"/>
    <step time="77700.00" loaded="82390" inserted="76736" running="201" waiting="5654" ended="76535" arrived="76535" collisions="138" teleports="138" halting="12" stopped="0" meanWaitingTime="2852.26" meanTravelTime="336.08" meanSpeed="21.60" meanSpeedRelative="0.68" duration="2"/>
    <step time="78000.00" loaded="82585" inserted="76963" running="198" waiting="5622" ended="76765" arrived="76765" collisions="138" teleports="138" halting="5" stopped="0" meanWaitingTime="2866.75" meanTravelTime="335.90" meanSpeed="21.43" meanSpeedRelative="0.67" duration="2"/>
    <step time="78300.00" loaded="82779" inserted="77176" running="207" waiting="5603" ended="76969" arrived="76969" collisions="138" teleports="138" halting="4" stopped="0" meanWaitingTime="2882.73" meanTravelTime="335.74" meanSpeed="22.64" meanSpeedRelative="0.71" duration="2"/>
    <step time="78600.00" loaded="82972" inserted="77406" running="197" waiting="5566" ended="77209" arrived="77209" collisions="138" teleports="138" halting="3" stopped="0" meanWaitingTime="2898.22" meanTravelTime="335.63" meanSpeed="21.90" meanSpeedRelative="0.68" duration="2"/>
    <step time="78900.00" loaded="83170" inserted="77616" running="185" waiting="5554" ended="77431" arrived="77431" collisions="138" teleports="138" halting="2" stopped="0" meanWaitingTime="2913.82" meanTravelTime="335.45" meanSpeed="21.88" meanSpeedRelative="0.68" duration="2"/>
    <step time="79200.00" loaded="83359" inserted="77848" running="221" waiting="5511" ended="77627" arrived="77627" collisions="138" teleports="138" halting="2" stopped="0" meanWaitingTime="2929.58" meanTravelTime="335.24" meanSpeed="21.75" meanSpeedRelative="0.68" duration="87"/>
    <step time="79500.00" loaded="83513" inserted="78054" running="199" waiting="5459" ended="77855" arrived="77855" collisions="138" teleports="138" halting="6" stopped="0" meanWaitingTime="2946.32" meanTravelTime="335.10" meanSpeed="21.67" meanSpeedRelative="0.68" duration="3"/>
    <step time="79800.00" loaded="83680" inserted="78253" running="184" waiting="5427" ended="78069" arrived="78069" collisions="138" teleports="138" halting="4" stopped="0" meanWaitingTime="2961.11" meanTravelTime="334.97" meanSpeed="22.25" meanSpeedRelative="0.70" duration="2"/>
    <step time="80100.00" loaded="83851" inserted="78471" running="202" waiting="5380" ended="78269" arrived="78269" collisions="138" teleports="138" halting="9" stopped="0" meanWaitingTime="2977.47" meanTravelTime="334.84" meanSpeed="22.16" meanSpeedRelative="0.69" duration="2"/>
    <step time="80400.00" loaded="84029" inserted="78675" running="201" waiting="5354" ended="78474" arrived="78474" collisions="138" teleports="138" halting="3" stopped="0" meanWaitingTime="2994.22" meanTravelTime="334.68" meanSpeed="22.27" meanSpeedRelative="0.70" duration="2"/>
    <step time="80700.00" loaded="84190" inserted="78890" running="201" waiting="5300" ended="78689" arrived="78689" collisions="138" teleports="138" halting="7" stopped="0" meanWaitingTime="3009.62" meanTravelTime="334.56" meanSpeed="21.79" meanSpeedRelative="0.68" duration="2"/>
    <step time="81000.00" loaded="84362" inserted="79103" running="194" waiting="5259" ended="78909" arrived="78909" collisions="140" teleports="140" halting="6" stopped="0" meanWaitingTime="3024.42" meanTravelTime="334.40" meanSpeed="21.53" meanSpeedRelative="0.67" duration="2"/>
    <step time="81300.00" loaded="84508" inserted="79301" running="192" waiting="5207" ended="79109" arrived="79109" collisions="140" teleports="140" halting="1" stopped="0" meanWaitingTime="3041.88" meanTravelTime="334.26" meanSpeed="21.37" meanSpeedRelative="0.67" duration="2"/>
    <step time="81600.00" loaded="84667" inserted="79498" running="192" waiting="5169" ended="79306" arrived="79306" collisions="141" teleports="141" halting="2" stopped="0" meanWaitingTime="3054.26" meanTravelTime="334.10" meanSpeed="21.87" meanSpeedRelative="0.68" duration="2"/>
    <step time="81900.00" loaded="84836" inserted="79695" running="168" waiting="5141" ended="79527" arrived="79527" collisions="141" teleports="141" halting="7" stopped="0" meanWaitingTime="3068.67" meanTravelTime="333.96" meanSpeed="21.23" meanSpeedRelative="0.66" duration="2"/>
    <step time="82200.00" loaded="85001" inserted="79899" running="179" waiting="5102" ended="79720" arrived="79720" collisions="141" teleports="141" halting="8" stopped="0" meanWaitingTime="3082.63" meanTravelTime="333.80" meanSpeed="20.95" meanSpeedRelative="0.65" duration="4"/>
    <step time="82500.00" loaded="85166" inserted="80076" running="169" waiting="5090" ended="79907" arrived="79907" collisions="141" teleports="141" halting="2" stopped="0" meanWaitingTime="3094.24" meanTravelTime="333.64" meanSpeed="21.46" meanSpeedRelative="0.67" duration="2"/>
</summary>
