<?xml version="1.0" encoding="UTF-8"?>

<!-- generated on 2025-08-08 08:29:47 by Eclipse SUMO sumo Version 1.23.1
<sumoConfiguration xmlns:xsi="http://www.w3.org/2001/XMLSchema-instance" xsi:noNamespaceSchemaLocation="http://sumo.dlr.de/xsd/sumoConfiguration.xsd">

    <input>
        <net-file value="Desktop\Master Thesis\Network_fin.net.xml"/>
        <route-files value="Desktop\Master Thesis\demand_model_amsterdam.rou.xml"/>
        <additional-files value="Desktop\Master Thesis\Additionnal.add.xml"/>
    </input>

    <output>
        <summary-output value="outputf/summary_coor_alinea_3neigh_method1_K80_target5_40036.xml"/>
        <summary-output.period value="300"/>
        <tripinfo-output value="outputf/tripinfo_coor_alinea_3neigh_method1_K80_target5_40036.xml"/>
    </output>

    <time>
        <begin value="0"/>
        <end value="82800"/>
        <step-length value="1"/>
    </time>

    <processing>
        <time-to-teleport value="-1"/>
    </processing>

    <report>
        <verbose value="true"/>
        <no-step-log value="true"/>
    </report>

    <emissions>
        <device.emissions.period value="10"/>
    </emissions>

    <traci_server>
        <remote-port value="50846"/>
    </traci_server>

    <random_number>
        <seed value="40036"/>
    </random_number>

</sumoConfiguration>
-->

<summary xmlns:xsi="http://www.w3.org/2001/XMLSchema-instance" xsi:noNamespaceSchemaLocation="http://sumo.dlr.de/xsd/summary_file.xsd">
    <step time="0.00" loaded="0" inserted="0" running="0" waiting="0" ended="0" arrived="0" collisions="0" teleports="0" halting="0" stopped="0" meanWaitingTime="-1.00" meanTravelTime="-1.00" meanSpeed="-1.00" meanSpeedRelative="-1.00" duration="1"/>
    <step time="300.00" loaded="151" inserted="151" running="90" waiting="0" ended="61" arrived="61" collisions="0" teleports="0" halting="1" stopped="0" meanWaitingTime="0.32" meanTravelTime="101.31" meanSpeed="25.54" meanSpeedRelative="0.80" duration="1"/>
    <step time="600.00" loaded="316" inserted="316" running="132" waiting="0" ended="184" arrived="184" collisions="0" teleports="0" halting="0" stopped="0" meanWaitingTime="0.40" meanTravelTime="156.13" meanSpeed="24.75" meanSpeedRelative="0.77" duration="1"/>
    <step time="900.00" loaded="467" inserted="467" running="140" waiting="0" ended="327" arrived="327" collisions="0" teleports="0" halting="1" stopped="0" meanWaitingTime="0.39" meanTravelTime="185.46" meanSpeed="25.85" meanSpeedRelative="0.81" duration="2"/>
    <step time="1200.00" loaded="643" inserted="643" running="143" waiting="0" ended="500" arrived="500" collisions="0" teleports="0" halting="1" stopped="0" meanWaitingTime="0.34" meanTravelTime="207.11" meanSpeed="26.14" meanSpeedRelative="0.82" duration="1"/>
    <step time="1500.00" loaded="804" inserted="804" running="131" waiting="0" ended="673" arrived="673" collisions="0" teleports="0" halting="1" stopped="0" meanWaitingTime="0.33" meanTravelTime="218.17" meanSpeed="26.17" meanSpeedRelative="0.82" duration="1"/>
    <step time="1800.00" loaded="982" inserted="982" running="145" waiting="0" ended="837" arrived="837" collisions="0" teleports="0" halting="0" stopped="0" meanWaitingTime="0.32" meanTravelTime="223.65" meanSpeed="26.22" meanSpeedRelative="0.82" duration="1"/>
    <step time="2100.00" loaded="1171" inserted="1171" running="160" waiting="0" ended="1011" arrived="1011" collisions="0" teleports="0" halting="2" stopped="0" meanWaitingTime="0.35" meanTravelTime="227.99" meanSpeed="24.67" meanSpeedRelative="0.77" duration="1"/>
    <step time="2400.00" loaded="1348" inserted="1348" running="154" waiting="0" ended="1194" arrived="1194" collisions="0" teleports="0" halting="0" stopped="0" meanWaitingTime="0.37" meanTravelTime="231.94" meanSpeed="24.85" meanSpeedRelative="0.78" duration="1"/>
    <step time="2700.00" loaded="1528" inserted="1528" running="154" waiting="0" ended="1374" arrived="1374" collisions="1" teleports="1" halting="2" stopped="0" meanWaitingTime="0.35" meanTravelTime="235.49" meanSpeed="25.00" meanSpeedRelative="0.78" duration="2"/>
    <step time="3000.00" loaded="1697" inserted="1697" running="148" waiting="0" ended="1549" arrived="1549" collisions="2" teleports="2" halting="0" stopped="0" meanWaitingTime="0.37" meanTravelTime="240.89" meanSpeed="25.62" meanSpeedRelative="0.80" duration="0"/>
    <step time="3300.00" loaded="1861" inserted="1860" running="143" waiting="1" ended="1717" arrived="1717" collisions="2" teleports="2" halting="3" stopped="0" meanWaitingTime="0.38" meanTravelTime="246.70" meanSpeed="24.83" meanSpeedRelative="0.78" duration="0"/>
    <step time="3600.00" loaded="2039" inserted="2039" running="165" waiting="0" ended="1874" arrived="1874" collisions="2" teleports="2" halting="1" stopped="0" meanWaitingTime="0.39" meanTravelTime="247.99" meanSpeed="24.64" meanSpeedRelative="0.77" duration="87"/>
    <step time="3900.00" loaded="2141" inserted="2141" running="112" waiting="0" ended="2029" arrived="2029" collisions="2" teleports="2" halting="0" stopped="0" meanWaitingTime="0.38" meanTravelTime="251.48" meanSpeed="26.02" meanSpeedRelative="0.81" duration="1"/>
    <step time="4200.00" loaded="2263" inserted="2262" running="117" waiting="1" ended="2145" arrived="2145" collisions="2" teleports="2" halting="1" stopped="0" meanWaitingTime="0.37" meanTravelTime="255.52" meanSpeed="25.70" meanSpeedRelative="0.80" duration="1"/>
    <step time="4500.00" loaded="2392" inserted="2391" running="113" waiting="1" ended="2278" arrived="2278" collisions="2" teleports="2" halting="0" stopped="0" meanWaitingTime="0.36" meanTravelTime="255.67" meanSpeed="24.40" meanSpeedRelative="0.76" duration="1"/>
    <step time="4800.00" loaded="2501" inserted="2501" running="85" waiting="0" ended="2416" arrived="2416" collisions="2" teleports="2" halting="0" stopped="0" meanWaitingTime="0.36" meanTravelTime="257.62" meanSpeed="25.27" meanSpeedRelative="0.79" duration="1"/>
    <step time="5100.00" loaded="2609" inserted="2609" running="88" waiting="0" ended="2521" arrived="2521" collisions="2" teleports="2" halting="1" stopped="0" meanWaitingTime="0.36" meanTravelTime="258.35" meanSpeed="25.69" meanSpeedRelative="0.80" duration="0"/>
    <step time="5400.00" loaded="2717" inserted="2717" running="92" waiting="0" ended="2625" arrived="2625" collisions="2" teleports="2" halting="0" stopped="0" meanWaitingTime="0.35" meanTravelTime="257.36" meanSpeed="25.25" meanSpeedRelative="0.79" duration="1"/>
    <step time="5700.00" loaded="2812" inserted="2812" running="97" waiting="0" ended="2715" arrived="2715" collisions="2" teleports="2" halting="0" stopped="0" meanWaitingTime="0.34" meanTravelTime="257.13" meanSpeed="26.14" meanSpeedRelative="0.82" duration="1"/>
    <step time="6000.00" loaded="2916" inserted="2916" running="80" waiting="0" ended="2836" arrived="2836" collisions="2" teleports="2" halting="1" stopped="0" meanWaitingTime="0.34" meanTravelTime="258.10" meanSpeed="26.54" meanSpeedRelative="0.83" duration="1"/>
    <step time="6300.00" loaded="3017" inserted="3017" running="78" waiting="0" ended="2939" arrived="2939" collisions="2" teleports="2" halting="0" stopped="0" meanWaitingTime="0.34" meanTravelTime="258.23" meanSpeed="25.71" meanSpeedRelative="0.80" duration="0"/>
    <step time="6600.00" loaded="3130" inserted="3130" running="87" waiting="0" ended="3043" arrived="3043" collisions="2" teleports="2" halting="1" stopped="0" meanWaitingTime="0.34" meanTravelTime="257.36" meanSpeed="26.06" meanSpeedRelative="0.81" duration="1"/>
    <step time="6900.00" loaded="3228" inserted="3228" running="94" waiting="0" ended="3134" arrived="3134" collisions="2" teleports="2" halting="1" stopped="0" meanWaitingTime="0.33" meanTravelTime="256.67" meanSpeed="25.76" meanSpeedRelative="0.81" duration="1"/>
    <step time="7200.00" loaded="3341" inserted="3341" running="101" waiting="0" ended="3240" arrived="3240" collisions="2" teleports="2" halting="1" stopped="0" meanWaitingTime="0.33" meanTravelTime="256.73" meanSpeed="26.38" meanSpeedRelative="0.82" duration="86"/>
    <step time="7500.00" loaded="3502" inserted="3499" running="137" waiting="3" ended="3362" arrived="3362" collisions="2" teleports="2" halting="3" stopped="0" meanWaitingTime="0.35" meanTravelTime="255.85" meanSpeed="24.63" meanSpeedRelative="0.77" duration="0"/>
    <step time="7800.00" loaded="3651" inserted="3640" running="121" waiting="11" ended="3519" arrived="3519" collisions="2" teleports="2" halting="4" stopped="0" meanWaitingTime="0.80" meanTravelTime="257.37" meanSpeed="24.01" meanSpeedRelative="0.75" duration="1"/>
    <step time="8100.00" loaded="3809" inserted="3790" running="136" waiting="19" ended="3654" arrived="3654" collisions="2" teleports="2" halting="1" stopped="0" meanWaitingTime="1.65" meanTravelTime="257.96" meanSpeed="24.15" meanSpeedRelative="0.75" duration="0"/>
    <step time="8400.00" loaded="3951" inserted="3939" running="132" waiting="12" ended="3807" arrived="3807" collisions="2" teleports="2" halting="2" stopped="0" meanWaitingTime="2.78" meanTravelTime="258.18" meanSpeed="25.06" meanSpeedRelative="0.78" duration="1"/>
    <step time="8700.00" loaded="4105" inserted="4084" running="128" waiting="21" ended="3956" arrived="3956" collisions="2" teleports="2" halting="2" stopped="0" meanWaitingTime="3.61" meanTravelTime="258.22" meanSpeed="24.05" meanSpeedRelative="0.75" duration="1"/>
    <step time="9000.00" loaded="4274" inserted="4252" running="134" waiting="22" ended="4118" arrived="4118" collisions="2" teleports="2" halting="1" stopped="0" meanWaitingTime="4.75" meanTravelTime="257.54" meanSpeed="24.37" meanSpeedRelative="0.76" duration="1"/>
    <step time="9300.00" loaded="4408" inserted="4381" running="117" waiting="27" ended="4264" arrived="4264" collisions="4" teleports="4" halting="0" stopped="0" meanWaitingTime="6.03" meanTravelTime="257.70" meanSpeed="24.36" meanSpeedRelative="0.76" duration="1"/>
    <step time="9600.00" loaded="4552" inserted="4520" running="120" waiting="32" ended="4400" arrived="4400" collisions="4" teleports="4" halting="2" stopped="0" meanWaitingTime="7.36" meanTravelTime="257.64" meanSpeed="24.55" meanSpeedRelative="0.77" duration="1"/>
    <step time="9900.00" loaded="4736" inserted="4696" running="144" waiting="40" ended="4552" arrived="4552" collisions="5" teleports="5" halting="4" stopped="0" meanWaitingTime="8.91" meanTravelTime="257.36" meanSpeed="24.27" meanSpeedRelative="0.76" duration="1"/>
    <step time="10200.00" loaded="4874" inserted="4826" running="128" waiting="48" ended="4698" arrived="4698" collisions="5" teleports="5" halting="1" stopped="0" meanWaitingTime="10.69" meanTravelTime="258.13" meanSpeed="24.28" meanSpeedRelative="0.76" duration="1"/>
    <step time="10500.00" loaded="5032" inserted="4978" running="142" waiting="54" ended="4836" arrived="4836" collisions="5" teleports="5" halting="0" stopped="0" meanWaitingTime="12.97" meanTravelTime="258.00" meanSpeed="24.67" meanSpeedRelative="0.77" duration="1"/>
    <step time="10800.00" loaded="5199" inserted="5140" running="142" waiting="59" ended="4998" arrived="4998" collisions="5" teleports="5" halting="2" stopped="0" meanWaitingTime="15.44" meanTravelTime="259.36" meanSpeed="23.86" meanSpeedRelative="0.75" duration="85"/>
    <step time="11100.00" loaded="5363" inserted="5293" running="160" waiting="70" ended="5133" arrived="5133" collisions="5" teleports="5" halting="4" stopped="0" meanWaitingTime="17.70" meanTravelTime="259.22" meanSpeed="23.76" meanSpeedRelative="0.74" duration="1"/>
    <step time="11400.00" loaded="5514" inserted="5438" running="121" waiting="76" ended="5317" arrived="5317" collisions="5" teleports="5" halting="0" stopped="0" meanWaitingTime="20.32" meanTravelTime="259.77" meanSpeed="24.74" meanSpeedRelative="0.77" duration="1"/>
    <step time="11700.00" loaded="5650" inserted="5575" running="132" waiting="75" ended="5443" arrived="5443" collisions="6" teleports="6" halting="3" stopped="0" meanWaitingTime="23.15" meanTravelTime="259.50" meanSpeed="23.72" meanSpeedRelative="0.74" duration="1"/>
    <step time="12000.00" loaded="5797" inserted="5712" running="113" waiting="85" ended="5599" arrived="5599" collisions="6" teleports="6" halting="2" stopped="0" meanWaitingTime="26.22" meanTravelTime="260.20" meanSpeed="23.90" meanSpeedRelative="0.75" duration="1"/>
    <step time="12300.00" loaded="5931" inserted="5841" running="99" waiting="90" ended="5742" arrived="5742" collisions="6" teleports="6" halting="4" stopped="0" meanWaitingTime="29.33" meanTravelTime="260.02" meanSpeed="23.67" meanSpeedRelative="0.74" duration="1"/>
    <step time="12600.00" loaded="6080" inserted="5979" running="101" waiting="101" ended="5878" arrived="5878" collisions="6" teleports="6" halting="1" stopped="0" meanWaitingTime="32.31" meanTravelTime="259.78" meanSpeed="24.30" meanSpeedRelative="0.76" duration="1"/>
    <step time="12900.00" loaded="6207" inserted="6103" running="100" waiting="104" ended="6003" arrived="6003" collisions="6" teleports="6" halting="1" stopped="0" meanWaitingTime="35.79" meanTravelTime="259.04" meanSpeed="24.22" meanSpeedRelative="0.76" duration="0"/>
    <step time="13200.00" loaded="6339" inserted="6235" running="99" waiting="104" ended="6136" arrived="6136" collisions="6" teleports="6" halting="4" stopped="0" meanWaitingTime="39.12" meanTravelTime="258.28" meanSpeed="23.44" meanSpeedRelative="0.73" duration="1"/>
    <step time="13500.00" loaded="6474" inserted="6363" running="101" waiting="111" ended="6262" arrived="6262" collisions="6" teleports="6" halting="4" stopped="0" meanWaitingTime="42.28" meanTravelTime="258.00" meanSpeed="24.17" meanSpeedRelative="0.76" duration="0"/>
    <step time="13800.00" loaded="6631" inserted="6515" running="127" waiting="116" ended="6388" arrived="6388" collisions="6" teleports="6" halting="4" stopped="0" meanWaitingTime="45.54" meanTravelTime="258.03" meanSpeed="23.79" meanSpeedRelative="0.74" duration="1"/>
    <step time="14100.00" loaded="6774" inserted="6655" running="124" waiting="119" ended="6531" arrived="6531" collisions="6" teleports="6" halting="2" stopped="0" meanWaitingTime="49.67" meanTravelTime="257.54" meanSpeed="24.03" meanSpeedRelative="0.75" duration="1"/>
    <step time="14400.00" loaded="6897" inserted="6770" running="100" waiting="127" ended="6670" arrived="6670" collisions="6" teleports="6" halting="6" stopped="0" meanWaitingTime="53.00" meanTravelTime="257.06" meanSpeed="24.03" meanSpeedRelative="0.75" duration="86"/>
    <step time="14700.00" loaded="7011" inserted="6886" running="88" waiting="125" ended="6798" arrived="6798" collisions="6" teleports="6" halting="0" stopped="0" meanWaitingTime="56.68" meanTravelTime="257.63" meanSpeed="24.13" meanSpeedRelative="0.75" duration="0"/>
    <step time="15000.00" loaded="7102" inserted="6972" running="79" waiting="130" ended="6893" arrived="6893" collisions="6" teleports="6" halting="3" stopped="0" meanWaitingTime="60.95" meanTravelTime="258.01" meanSpeed="23.68" meanSpeedRelative="0.74" duration="0"/>
    <step time="15300.00" loaded="7216" inserted="7085" running="87" waiting="131" ended="6998" arrived="6998" collisions="6" teleports="6" halting="5" stopped="0" meanWaitingTime="64.68" meanTravelTime="257.61" meanSpeed="23.71" meanSpeedRelative="0.74" duration="1"/>
    <step time="15600.00" loaded="7309" inserted="7188" running="82" waiting="121" ended="7106" arrived="7106" collisions="6" teleports="6" halting="7" stopped="0" meanWaitingTime="68.76" meanTravelTime="258.02" meanSpeed="24.06" meanSpeedRelative="0.75" duration="0"/>
    <step time="15900.00" loaded="7409" inserted="7285" running="81" waiting="124" ended="7204" arrived="7204" collisions="6" teleports="6" halting="2" stopped="0" meanWaitingTime="72.57" meanTravelTime="257.84" meanSpeed="24.47" meanSpeedRelative="0.76" duration="1"/>
    <step time="16200.00" loaded="7510" inserted="7386" running="78" waiting="124" ended="7308" arrived="7308" collisions="6" teleports="6" halting="4" stopped="0" meanWaitingTime="77.33" meanTravelTime="257.18" meanSpeed="23.43" meanSpeedRelative="0.73" duration="1"/>
    <step time="16500.00" loaded="7629" inserted="7507" running="90" waiting="122" ended="7417" arrived="7417" collisions="6" teleports="6" halting="2" stopped="0" meanWaitingTime="81.47" meanTravelTime="256.88" meanSpeed="24.22" meanSpeedRelative="0.76" duration="1"/>
    <step time="16800.00" loaded="7731" inserted="7616" running="92" waiting="115" ended="7524" arrived="7524" collisions="6" teleports="6" halting="5" stopped="0" meanWaitingTime="85.22" meanTravelTime="256.07" meanSpeed="24.42" meanSpeedRelative="0.76" duration="1"/>
    <step time="17100.00" loaded="7826" inserted="7715" running="80" waiting="111" ended="7635" arrived="7635" collisions="6" teleports="6" halting="0" stopped="0" meanWaitingTime="88.59" meanTravelTime="255.88" meanSpeed="25.30" meanSpeedRelative="0.79" duration="1"/>
    <step time="17400.00" loaded="7923" inserted="7823" running="82" waiting="100" ended="7741" arrived="7741" collisions="6" teleports="6" halting="2" stopped="0" meanWaitingTime="92.69" meanTravelTime="255.84" meanSpeed="24.09" meanSpeedRelative="0.75" duration="1"/>
    <step time="17700.00" loaded="8032" inserted="7934" running="86" waiting="98" ended="7848" arrived="7848" collisions="6" teleports="6" halting="2" stopped="0" meanWaitingTime="96.17" meanTravelTime="255.72" meanSpeed="24.57" meanSpeedRelative="0.77" duration="0"/>
    <step time="18000.00" loaded="8124" inserted="8027" running="67" waiting="97" ended="7960" arrived="7960" collisions="6" teleports="6" halting="5" stopped="0" meanWaitingTime="99.10" meanTravelTime="255.46" meanSpeed="23.84" meanSpeedRelative="0.75" duration="80"/>
    <step time="18300.00" loaded="8325" inserted="8215" running="135" waiting="110" ended="8080" arrived="8080" collisions="6" teleports="6" halting="0" stopped="0" meanWaitingTime="100.99" meanTravelTime="254.32" meanSpeed="25.29" meanSpeedRelative="0.79" duration="1"/>
    <step time="18600.00" loaded="8536" inserted="8420" running="151" waiting="116" ended="8269" arrived="8269" collisions="6" teleports="6" halting="2" stopped="0" meanWaitingTime="102.91" meanTravelTime="253.49" meanSpeed="24.57" meanSpeedRelative="0.77" duration="1"/>
    <step time="18900.00" loaded="8747" inserted="8612" running="164" waiting="135" ended="8448" arrived="8448" collisions="6" teleports="6" halting="2" stopped="0" meanWaitingTime="103.95" meanTravelTime="253.18" meanSpeed="23.71" meanSpeedRelative="0.74" duration="1"/>
    <step time="19200.00" loaded="8951" inserted="8798" running="159" waiting="153" ended="8639" arrived="8639" collisions="6" teleports="6" halting="1" stopped="0" meanWaitingTime="105.11" meanTravelTime="252.95" meanSpeed="24.18" meanSpeedRelative="0.76" duration="1"/>
    <step time="19500.00" loaded="9168" inserted="9000" running="159" waiting="168" ended="8841" arrived="8841" collisions="6" teleports="6" halting="2" stopped="0" meanWaitingTime="106.43" meanTravelTime="252.80" meanSpeed="23.64" meanSpeedRelative="0.74" duration="1"/>
    <step time="19800.00" loaded="9395" inserted="9209" running="157" waiting="186" ended="9052" arrived="9052" collisions="6" teleports="6" halting="3" stopped="0" meanWaitingTime="108.05" meanTravelTime="253.11" meanSpeed="24.16" meanSpeedRelative="0.75" duration="1"/>
    <step time="20100.00" loaded="9575" inserted="9387" running="157" waiting="188" ended="9230" arrived="9230" collisions="6" teleports="6" halting="3" stopped="0" meanWaitingTime="110.28" meanTravelTime="253.07" meanSpeed="23.85" meanSpeedRelative="0.75" duration="1"/>
    <step time="20400.00" loaded="9781" inserted="9570" running="143" waiting="211" ended="9427" arrived="9427" collisions="6" teleports="6" halting="2" stopped="0" meanWaitingTime="112.17" meanTravelTime="252.75" meanSpeed="24.03" meanSpeedRelative="0.75" duration="1"/>
    <step time="20700.00" loaded="9957" inserted="9736" running="131" waiting="221" ended="9605" arrived="9605" collisions="6" teleports="6" halting="2" stopped="0" meanWaitingTime="114.91" meanTravelTime="252.88" meanSpeed="24.76" meanSpeedRelative="0.77" duration="1"/>
    <step time="21000.00" loaded="10149" inserted="9916" running="144" waiting="233" ended="9772" arrived="9772" collisions="6" teleports="6" halting="4" stopped="0" meanWaitingTime="117.43" meanTravelTime="252.58" meanSpeed="24.02" meanSpeedRelative="0.75" duration="0"/>
    <step time="21300.00" loaded="10358" inserted="10107" running="132" waiting="251" ended="9975" arrived="9975" collisions="6" teleports="6" halting="4" stopped="0" meanWaitingTime="119.88" meanTravelTime="252.24" meanSpeed="24.17" meanSpeedRelative="0.76" duration="1"/>
    <step time="21600.00" loaded="10551" inserted="10285" running="147" waiting="266" ended="10138" arrived="10138" collisions="7" teleports="7" halting="0" stopped="0" meanWaitingTime="122.47" meanTravelTime="252.20" meanSpeed="25.41" meanSpeedRelative="0.79" duration="79"/>
    <step time="21900.00" loaded="11030" inserted="10671" running="323" waiting="359" ended="10348" arrived="10348" collisions="8" teleports="8" halting="4" stopped="0" meanWaitingTime="125.08" meanTravelTime="251.49" meanSpeed="22.78" meanSpeedRelative="0.71" duration="2"/>
    <step time="22200.00" loaded="11511" inserted="11054" running="381" waiting="457" ended="10673" arrived="10673" collisions="8" teleports="8" halting="7" stopped="0" meanWaitingTime="129.23" meanTravelTime="251.69" meanSpeed="20.99" meanSpeedRelative="0.66" duration="3"/>
    <step time="22500.00" loaded="11950" inserted="11423" running="388" waiting="527" ended="11035" arrived="11035" collisions="9" teleports="9" halting="3" stopped="0" meanWaitingTime="133.24" meanTravelTime="253.24" meanSpeed="21.33" meanSpeedRelative="0.67" duration="2"/>
    <step time="22800.00" loaded="12394" inserted="11806" running="421" waiting="588" ended="11385" arrived="11385" collisions="11" teleports="11" halting="8" stopped="0" meanWaitingTime="138.28" meanTravelTime="254.67" meanSpeed="21.08" meanSpeedRelative="0.66" duration="2"/>
    <step time="23100.00" loaded="12856" inserted="12163" running="401" waiting="693" ended="11762" arrived="11762" collisions="12" teleports="12" halting="2" stopped="0" meanWaitingTime="143.31" meanTravelTime="256.84" meanSpeed="21.64" meanSpeedRelative="0.68" duration="3"/>
    <step time="23400.00" loaded="13278" inserted="12553" running="438" waiting="725" ended="12115" arrived="12115" collisions="13" teleports="13" halting="3" stopped="0" meanWaitingTime="148.10" meanTravelTime="259.10" meanSpeed="21.29" meanSpeedRelative="0.67" duration="2"/>
    <step time="23700.00" loaded="13743" inserted="12947" running="427" waiting="796" ended="12520" arrived="12520" collisions="14" teleports="14" halting="0" stopped="0" meanWaitingTime="152.97" meanTravelTime="261.94" meanSpeed="20.60" meanSpeedRelative="0.64" duration="2"/>
    <step time="24000.00" loaded="14227" inserted="13340" running="439" waiting="887" ended="12901" arrived="12901" collisions="17" teleports="17" halting="7" stopped="0" meanWaitingTime="158.68" meanTravelTime="263.54" meanSpeed="20.27" meanSpeedRelative="0.63" duration="2"/>
    <step time="24300.00" loaded="14679" inserted="13717" running="435" waiting="962" ended="13282" arrived="13282" collisions="18" teleports="18" halting="6" stopped="0" meanWaitingTime="165.05" meanTravelTime="265.75" meanSpeed="20.92" meanSpeedRelative="0.65" duration="2"/>
    <step time="24600.00" loaded="15124" inserted="14083" running="426" waiting="1041" ended="13657" arrived="13657" collisions="19" teleports="19" halting="9" stopped="0" meanWaitingTime="171.81" meanTravelTime="267.85" meanSpeed="19.39" meanSpeedRelative="0.61" duration="2"/>
    <step time="24900.00" loaded="15556" inserted="14453" running="422" waiting="1103" ended="14031" arrived="14031" collisions="19" teleports="19" halting="1" stopped="0" meanWaitingTime="178.92" meanTravelTime="270.34" meanSpeed="21.01" meanSpeedRelative="0.66" duration="3"/>
    <step time="25200.00" loaded="16006" inserted="14827" running="400" waiting="1179" ended="14427" arrived="14427" collisions="20" teleports="20" halting="7" stopped="0" meanWaitingTime="187.41" meanTravelTime="272.09" meanSpeed="20.83" meanSpeedRelative="0.65" duration="85"/>
    <step time="25500.00" loaded="16546" inserted="15247" running="430" waiting="1299" ended="14817" arrived="14817" collisions="20" teleports="20" halting="8" stopped="0" meanWaitingTime="195.73" meanTravelTime="273.36" meanSpeed="19.22" meanSpeedRelative="0.60" duration="2"/>
    <step time="25800.00" loaded="17073" inserted="15665" running="441" waiting="1408" ended="15224" arrived="15224" collisions="21" teleports="21" halting="4" stopped="0" meanWaitingTime="204.54" meanTravelTime="274.39" meanSpeed="21.61" meanSpeedRelative="0.68" duration="3"/>
    <step time="26100.00" loaded="17635" inserted="16080" running="452" waiting="1555" ended="15628" arrived="15628" collisions="22" teleports="22" halting="4" stopped="0" meanWaitingTime="212.18" meanTravelTime="275.17" meanSpeed="19.93" meanSpeedRelative="0.62" duration="3"/>
    <step time="26400.00" loaded="18180" inserted="16525" running="501" waiting="1655" ended="16024" arrived="16024" collisions="22" teleports="22" halting="9" stopped="0" meanWaitingTime="221.68" meanTravelTime="277.19" meanSpeed="19.07" meanSpeedRelative="0.60" duration="3"/>
    <step time="26700.00" loaded="18738" inserted="16954" running="468" waiting="1784" ended="16486" arrived="16486" collisions="22" teleports="22" halting="5" stopped="0" meanWaitingTime="231.41" meanTravelTime="278.52" meanSpeed="20.07" meanSpeedRelative="0.63" duration="4"/>
    <step time="27000.00" loaded="19300" inserted="17377" running="485" waiting="1923" ended="16892" arrived="16892" collisions="22" teleports="22" halting="5" stopped="0" meanWaitingTime="241.60" meanTravelTime="279.68" meanSpeed="19.51" meanSpeedRelative="0.61" duration="5"/>
    <step time="27300.00" loaded="19864" inserted="17822" running="517" waiting="2042" ended="17305" arrived="17305" collisions="22" teleports="22" halting="6" stopped="0" meanWaitingTime="253.78" meanTravelTime="281.40" meanSpeed="19.59" meanSpeedRelative="0.61" duration="3"/>
    <step time="27600.00" loaded="20413" inserted="18253" running="488" waiting="2160" ended="17765" arrived="17765" collisions="22" teleports="22" halting="5" stopped="0" meanWaitingTime="265.18" meanTravelTime="282.88" meanSpeed="19.39" meanSpeedRelative="0.61" duration="4"/>
    <step time="27900.00" loaded="20968" inserted="18705" running="484" waiting="2263" ended="18221" arrived="18221" collisions="23" teleports="23" halting="4" stopped="0" meanWaitingTime="277.00" meanTravelTime="284.05" meanSpeed="20.23" meanSpeedRelative="0.63" duration="3"/>
    <step time="28200.00" loaded="21530" inserted="19147" running="500" waiting="2383" ended="18647" arrived="18647" collisions="24" teleports="24" halting="8" stopped="0" meanWaitingTime="289.24" meanTravelTime="285.20" meanSpeed="19.80" meanSpeedRelative="0.62" duration="3"/>
    <step time="28500.00" loaded="22085" inserted="19597" running="497" waiting="2488" ended="19100" arrived="19100" collisions="24" teleports="24" halting="4" stopped="0" meanWaitingTime="302.37" meanTravelTime="286.33" meanSpeed="19.48" meanSpeedRelative="0.61" duration="3"/>
    <step time="28800.00" loaded="22600" inserted="20030" running="490" waiting="2570" ended="19540" arrived="19540" collisions="25" teleports="25" halting="7" stopped="0" meanWaitingTime="316.62" meanTravelTime="287.58" meanSpeed="20.70" meanSpeedRelative="0.65" duration="88"/>
    <step time="29100.00" loaded="22963" inserted="20429" running="444" waiting="2534" ended="19985" arrived="19985" collisions="26" teleports="26" halting="9" stopped="0" meanWaitingTime="329.86" meanTravelTime="288.34" meanSpeed="20.07" meanSpeedRelative="0.63" duration="3"/>
    <step time="29400.00" loaded="23302" inserted="20829" running="434" waiting="2473" ended="20395" arrived="20395" collisions="27" teleports="27" halting="4" stopped="0" meanWaitingTime="344.47" meanTravelTime="289.50" meanSpeed="21.37" meanSpeedRelative="0.67" duration="5"/>
    <step time="29700.00" loaded="23662" inserted="21214" running="415" waiting="2448" ended="20799" arrived="20799" collisions="28" teleports="28" halting="6" stopped="0" meanWaitingTime="356.92" meanTravelTime="289.94" meanSpeed="21.46" meanSpeedRelative="0.67" duration="2"/>
    <step time="30000.00" loaded="23987" inserted="21565" running="391" waiting="2422" ended="21174" arrived="21174" collisions="30" teleports="30" halting="4" stopped="0" meanWaitingTime="366.01" meanTravelTime="290.52" meanSpeed="22.34" meanSpeedRelative="0.70" duration="3"/>
    <step time="30300.00" loaded="24374" inserted="21932" running="396" waiting="2442" ended="21536" arrived="21536" collisions="30" teleports="30" halting="5" stopped="0" meanWaitingTime="374.79" meanTravelTime="291.27" meanSpeed="21.61" meanSpeedRelative="0.68" duration="3"/>
    <step time="30600.00" loaded="24754" inserted="22290" running="382" waiting="2464" ended="21908" arrived="21908" collisions="31" teleports="31" halting="4" stopped="0" meanWaitingTime="383.29" meanTravelTime="291.99" meanSpeed="21.62" meanSpeedRelative="0.68" duration="3"/>
    <step time="30900.00" loaded="25138" inserted="22661" running="377" waiting="2477" ended="22284" arrived="22284" collisions="32" teleports="32" halting="3" stopped="0" meanWaitingTime="393.24" meanTravelTime="292.24" meanSpeed="21.48" meanSpeedRelative="0.67" duration="3"/>
    <step time="31200.00" loaded="25486" inserted="22985" running="323" waiting="2501" ended="22662" arrived="22662" collisions="33" teleports="33" halting="7" stopped="0" meanWaitingTime="403.72" meanTravelTime="292.36" meanSpeed="22.39" meanSpeedRelative="0.70" duration="3"/>
    <step time="31500.00" loaded="25802" inserted="23277" running="288" waiting="2525" ended="22989" arrived="22989" collisions="35" teleports="35" halting="2" stopped="0" meanWaitingTime="413.14" meanTravelTime="292.38" meanSpeed="22.57" meanSpeedRelative="0.71" duration="3"/>
    <step time="31800.00" loaded="26180" inserted="23632" running="319" waiting="2548" ended="23313" arrived="23313" collisions="35" teleports="35" halting="3" stopped="0" meanWaitingTime="422.50" meanTravelTime="292.48" meanSpeed="23.20" meanSpeedRelative="0.73" duration="2"/>
    <step time="32100.00" loaded="26561" inserted="23976" running="327" waiting="2585" ended="23649" arrived="23649" collisions="35" teleports="35" halting="4" stopped="0" meanWaitingTime="431.97" meanTravelTime="292.14" meanSpeed="22.53" meanSpeedRelative="0.70" duration="2"/>
    <step time="32400.00" loaded="26911" inserted="24292" running="297" waiting="2619" ended="23995" arrived="23995" collisions="35" teleports="35" halting="1" stopped="0" meanWaitingTime="443.44" meanTravelTime="292.14" meanSpeed="23.35" meanSpeedRelative="0.73" duration="86"/>
    <step time="32700.00" loaded="27178" inserted="24548" running="244" waiting="2630" ended="24304" arrived="24304" collisions="35" teleports="35" halting="6" stopped="0" meanWaitingTime="454.56" meanTravelTime="292.20" meanSpeed="22.97" meanSpeedRelative="0.72" duration="2"/>
    <step time="33000.00" loaded="27452" inserted="24820" running="257" waiting="2632" ended="24563" arrived="24563" collisions="37" teleports="37" halting="4" stopped="0" meanWaitingTime="466.79" meanTravelTime="291.96" meanSpeed="23.55" meanSpeedRelative="0.74" duration="2"/>
    <step time="33300.00" loaded="27680" inserted="25059" running="216" waiting="2621" ended="24843" arrived="24843" collisions="37" teleports="37" halting="5" stopped="0" meanWaitingTime="479.82" meanTravelTime="291.81" meanSpeed="23.49" meanSpeedRelative="0.73" duration="2"/>
    <step time="33600.00" loaded="27956" inserted="25315" running="221" waiting="2641" ended="25094" arrived="25094" collisions="38" teleports="38" halting="3" stopped="0" meanWaitingTime="492.03" meanTravelTime="291.44" meanSpeed="23.06" meanSpeedRelative="0.72" duration="1"/>
    <step time="33900.00" loaded="28196" inserted="25566" running="223" waiting="2630" ended="25343" arrived="25343" collisions="38" teleports="38" halting="0" stopped="0" meanWaitingTime="504.79" meanTravelTime="291.39" meanSpeed="23.51" meanSpeedRelative="0.73" duration="2"/>
    <step time="34200.00" loaded="28458" inserted="25808" running="218" waiting="2650" ended="25590" arrived="25590" collisions="38" teleports="38" halting="2" stopped="0" meanWaitingTime="518.47" meanTravelTime="291.08" meanSpeed="23.47" meanSpeedRelative="0.73" duration="2"/>
    <step time="34500.00" loaded="28708" inserted="26053" running="215" waiting="2655" ended="25838" arrived="25838" collisions="38" teleports="38" halting="3" stopped="0" meanWaitingTime="532.56" meanTravelTime="291.10" meanSpeed="22.92" meanSpeedRelative="0.72" duration="2"/>
    <step time="34800.00" loaded="28979" inserted="26300" running="201" waiting="2679" ended="26099" arrived="26099" collisions="38" teleports="38" halting="5" stopped="0" meanWaitingTime="546.02" meanTravelTime="290.78" meanSpeed="22.82" meanSpeedRelative="0.71" duration="1"/>
    <step time="35100.00" loaded="29249" inserted="26573" running="239" waiting="2676" ended="26334" arrived="26334" collisions="38" teleports="38" halting="2" stopped="0" meanWaitingTime="559.01" meanTravelTime="290.44" meanSpeed="23.59" meanSpeedRelative="0.74" duration="2"/>
    <step time="35400.00" loaded="29502" inserted="26816" running="232" waiting="2686" ended="26584" arrived="26584" collisions="40" teleports="40" halting="1" stopped="0" meanWaitingTime="573.10" meanTravelTime="290.26" meanSpeed="24.02" meanSpeedRelative="0.75" duration="2"/>
    <step time="35700.00" loaded="29765" inserted="27074" running="234" waiting="2691" ended="26840" arrived="26840" collisions="40" teleports="40" halting="1" stopped="0" meanWaitingTime="588.43" meanTravelTime="290.10" meanSpeed="22.51" meanSpeedRelative="0.70" duration="2"/>
    <step time="36000.00" loaded="30017" inserted="27335" running="245" waiting="2682" ended="27090" arrived="27090" collisions="41" teleports="41" halting="3" stopped="0" meanWaitingTime="603.05" meanTravelTime="289.95" meanSpeed="23.53" meanSpeedRelative="0.74" duration="86"/>
    <step time="36300.00" loaded="30491" inserted="27717" running="325" waiting="2774" ended="27392" arrived="27392" collisions="41" teleports="41" halting="4" stopped="0" meanWaitingTime="614.77" meanTravelTime="289.85" meanSpeed="22.68" meanSpeedRelative="0.71" duration="2"/>
    <step time="36600.00" loaded="30946" inserted="28098" running="363" waiting="2848" ended="27735" arrived="27735" collisions="43" teleports="43" halting="6" stopped="0" meanWaitingTime="628.18" meanTravelTime="289.53" meanSpeed="22.22" meanSpeedRelative="0.69" duration="3"/>
    <step time="36900.00" loaded="31421" inserted="28494" running="393" waiting="2927" ended="28101" arrived="28101" collisions="44" teleports="44" halting="7" stopped="0" meanWaitingTime="641.72" meanTravelTime="289.50" meanSpeed="21.27" meanSpeedRelative="0.66" duration="3"/>
    <step time="37200.00" loaded="31881" inserted="28882" running="403" waiting="2999" ended="28479" arrived="28479" collisions="44" teleports="44" halting="1" stopped="0" meanWaitingTime="655.42" meanTravelTime="289.79" meanSpeed="21.43" meanSpeedRelative="0.67" duration="3"/>
    <step time="37500.00" loaded="32349" inserted="29274" running="425" waiting="3075" ended="28849" arrived="28849" collisions="44" teleports="44" halting="3" stopped="0" meanWaitingTime="669.66" meanTravelTime="289.81" meanSpeed="21.41" meanSpeedRelative="0.67" duration="3"/>
    <step time="37800.00" loaded="32804" inserted="29672" running="422" waiting="3132" ended="29250" arrived="29250" collisions="45" teleports="45" halting="6" stopped="0" meanWaitingTime="684.73" meanTravelTime="289.98" meanSpeed="21.29" meanSpeedRelative="0.67" duration="4"/>
    <step time="38100.00" loaded="33279" inserted="30084" running="424" waiting="3195" ended="29660" arrived="29660" collisions="46" teleports="46" halting="7" stopped="0" meanWaitingTime="696.96" meanTravelTime="290.74" meanSpeed="21.49" meanSpeedRelative="0.67" duration="3"/>
    <step time="38400.00" loaded="33775" inserted="30487" running="445" waiting="3288" ended="30042" arrived="30042" collisions="46" teleports="46" halting="0" stopped="0" meanWaitingTime="709.51" meanTravelTime="290.93" meanSpeed="21.09" meanSpeedRelative="0.66" duration="3"/>
    <step time="38700.00" loaded="34208" inserted="30872" running="419" waiting="3336" ended="30453" arrived="30453" collisions="47" teleports="47" halting="6" stopped="0" meanWaitingTime="723.35" meanTravelTime="291.28" meanSpeed="21.00" meanSpeedRelative="0.66" duration="3"/>
    <step time="39000.00" loaded="34649" inserted="31270" running="427" waiting="3379" ended="30843" arrived="30843" collisions="48" teleports="48" halting="6" stopped="0" meanWaitingTime="738.80" meanTravelTime="291.59" meanSpeed="20.36" meanSpeedRelative="0.64" duration="4"/>
    <step time="39300.00" loaded="35132" inserted="31687" running="432" waiting="3445" ended="31255" arrived="31255" collisions="50" teleports="50" halting="5" stopped="0" meanWaitingTime="752.82" meanTravelTime="292.03" meanSpeed="20.97" meanSpeedRelative="0.66" duration="3"/>
    <step time="39600.00" loaded="35587" inserted="32051" running="399" waiting="3536" ended="31652" arrived="31652" collisions="51" teleports="51" halting="2" stopped="0" meanWaitingTime="765.74" meanTravelTime="292.38" meanSpeed="21.81" meanSpeedRelative="0.68" duration="88"/>
    <step time="39900.00" loaded="36087" inserted="32504" running="442" waiting="3583" ended="32062" arrived="32062" collisions="53" teleports="53" halting="2" stopped="0" meanWaitingTime="781.70" meanTravelTime="292.66" meanSpeed="21.34" meanSpeedRelative="0.67" duration="3"/>
    <step time="40200.00" loaded="36638" inserted="32949" running="451" waiting="3689" ended="32498" arrived="32498" collisions="56" teleports="56" halting="8" stopped="0" meanWaitingTime="797.61" meanTravelTime="292.88" meanSpeed="20.01" meanSpeedRelative="0.63" duration="4"/>
    <step time="40500.00" loaded="37157" inserted="33384" running="462" waiting="3773" ended="32922" arrived="32922" collisions="56" teleports="56" halting="11" stopped="0" meanWaitingTime="813.62" meanTravelTime="292.92" meanSpeed="20.05" meanSpeedRelative="0.63" duration="6"/>
    <step time="40800.00" loaded="37627" inserted="33802" running="464" waiting="3825" ended="33338" arrived="33338" collisions="58" teleports="58" halting="2" stopped="0" meanWaitingTime="829.08" meanTravelTime="293.26" meanSpeed="20.19" meanSpeedRelative="0.63" duration="3"/>
    <step time="41100.00" loaded="38129" inserted="34226" running="465" waiting="3903" ended="33761" arrived="33761" collisions="59" teleports="59" halting="5" stopped="0" meanWaitingTime="845.45" meanTravelTime="293.75" meanSpeed="20.33" meanSpeedRelative="0.64" duration="3"/>
    <step time="41400.00" loaded="38655" inserted="34649" running="431" waiting="4006" ended="34218" arrived="34218" collisions="61" teleports="61" halting="7" stopped="0" meanWaitingTime="862.64" meanTravelTime="294.19" meanSpeed="21.15" meanSpeedRelative="0.66" duration="4"/>
    <step time="41700.00" loaded="39208" inserted="35122" running="477" waiting="4086" ended="34645" arrived="34645" collisions="62" teleports="62" halting="10" stopped="0" meanWaitingTime="877.86" meanTravelTime="294.29" meanSpeed="21.38" meanSpeedRelative="0.67" duration="3"/>
    <step time="42000.00" loaded="39679" inserted="35539" running="464" waiting="4140" ended="35075" arrived="35075" collisions="63" teleports="63" halting="5" stopped="0" meanWaitingTime="893.12" meanTravelTime="294.38" meanSpeed="20.21" meanSpeedRelative="0.63" duration="4"/>
    <step time="42300.00" loaded="40194" inserted="35983" running="505" waiting="4211" ended="35478" arrived="35478" collisions="64" teleports="64" halting="10" stopped="0" meanWaitingTime="906.02" meanTravelTime="294.98" meanSpeed="19.64" meanSpeedRelative="0.61" duration="3"/>
    <step time="42600.00" loaded="40713" inserted="36409" running="489" waiting="4304" ended="35920" arrived="35920" collisions="64" teleports="64" halting="6" stopped="0" meanWaitingTime="919.80" meanTravelTime="295.38" meanSpeed="20.43" meanSpeedRelative="0.64" duration="3"/>
    <step time="42900.00" loaded="41227" inserted="36840" running="491" waiting="4387" ended="36349" arrived="36349" collisions="64" teleports="64" halting="2" stopped="0" meanWaitingTime="931.69" meanTravelTime="295.92" meanSpeed="20.02" meanSpeedRelative="0.63" duration="3"/>
    <step time="43200.00" loaded="41782" inserted="37289" running="516" waiting="4493" ended="36773" arrived="36773" collisions="64" teleports="64" halting="3" stopped="0" meanWaitingTime="943.86" meanTravelTime="296.42" meanSpeed="19.91" meanSpeedRelative="0.62" duration="92"/>
    <step time="43500.00" loaded="42304" inserted="37721" running="500" waiting="4583" ended="37221" arrived="37221" collisions="65" teleports="65" halting="9" stopped="0" meanWaitingTime="956.04" meanTravelTime="296.98" meanSpeed="20.31" meanSpeedRelative="0.63" duration="3"/>
    <step time="43800.00" loaded="42895" inserted="38194" running="552" waiting="4701" ended="37642" arrived="37642" collisions="65" teleports="65" halting="7" stopped="0" meanWaitingTime="969.91" meanTravelTime="297.52" meanSpeed="19.60" meanSpeedRelative="0.61" duration="5"/>
    <step time="44100.00" loaded="43448" inserted="38635" running="546" waiting="4813" ended="38089" arrived="38089" collisions="67" teleports="67" halting="2" stopped="0" meanWaitingTime="981.35" meanTravelTime="298.29" meanSpeed="19.17" meanSpeedRelative="0.60" duration="5"/>
    <step time="44400.00" loaded="43981" inserted="39092" running="537" waiting="4889" ended="38555" arrived="38555" collisions="68" teleports="68" halting="4" stopped="0" meanWaitingTime="995.15" meanTravelTime="299.29" meanSpeed="19.64" meanSpeedRelative="0.61" duration="5"/>
    <step time="44700.00" loaded="44535" inserted="39555" running="551" waiting="4980" ended="39004" arrived="39004" collisions="69" teleports="69" halting="8" stopped="0" meanWaitingTime="1009.57" meanTravelTime="299.68" meanSpeed="18.64" meanSpeedRelative="0.58" duration="6"/>
    <step time="45000.00" loaded="45057" inserted="40013" running="561" waiting="5044" ended="39452" arrived="39452" collisions="70" teleports="70" halting="3" stopped="0" meanWaitingTime="1024.57" meanTravelTime="300.50" meanSpeed="19.23" meanSpeedRelative="0.60" duration="6"/>
    <step time="45300.00" loaded="45604" inserted="40463" running="554" waiting="5141" ended="39909" arrived="39909" collisions="73" teleports="73" halting="5" stopped="0" meanWaitingTime="1038.46" meanTravelTime="301.13" meanSpeed="19.59" meanSpeedRelative="0.61" duration="6"/>
    <step time="45600.00" loaded="46122" inserted="40905" running="536" waiting="5217" ended="40369" arrived="40369" collisions="76" teleports="76" halting="1" stopped="0" meanWaitingTime="1051.86" meanTravelTime="302.00" meanSpeed="19.50" meanSpeedRelative="0.61" duration="4"/>
    <step time="45900.00" loaded="46659" inserted="41329" running="521" waiting="5330" ended="40808" arrived="40808" collisions="77" teleports="77" halting="6" stopped="0" meanWaitingTime="1060.96" meanTravelTime="302.68" meanSpeed="19.00" meanSpeedRelative="0.59" duration="5"/>
    <step time="46200.00" loaded="47193" inserted="41758" running="497" waiting="5435" ended="41261" arrived="41261" collisions="78" teleports="78" halting="10" stopped="0" meanWaitingTime="1073.46" meanTravelTime="303.39" meanSpeed="19.88" meanSpeedRelative="0.62" duration="6"/>
    <step time="46500.00" loaded="47716" inserted="42193" running="507" waiting="5523" ended="41686" arrived="41686" collisions="78" teleports="78" halting="4" stopped="0" meanWaitingTime="1086.62" meanTravelTime="303.80" meanSpeed="19.65" meanSpeedRelative="0.61" duration="5"/>
    <step time="46800.00" loaded="48213" inserted="42627" running="501" waiting="5586" ended="42126" arrived="42126" collisions="80" teleports="80" halting="4" stopped="0" meanWaitingTime="1098.94" meanTravelTime="304.23" meanSpeed="20.33" meanSpeedRelative="0.64" duration="96"/>
    <step time="47100.00" loaded="48769" inserted="43102" running="529" waiting="5667" ended="42573" arrived="42573" collisions="81" teleports="81" halting="3" stopped="0" meanWaitingTime="1110.88" meanTravelTime="304.68" meanSpeed="20.22" meanSpeedRelative="0.63" duration="6"/>
    <step time="47400.00" loaded="49312" inserted="43550" running="541" waiting="5762" ended="43009" arrived="43009" collisions="82" teleports="82" halting="5" stopped="0" meanWaitingTime="1123.49" meanTravelTime="305.20" meanSpeed="20.21" meanSpeedRelative="0.63" duration="6"/>
    <step time="47700.00" loaded="49829" inserted="43990" running="524" waiting="5839" ended="43466" arrived="43466" collisions="83" teleports="83" halting="6" stopped="0" meanWaitingTime="1135.79" meanTravelTime="305.71" meanSpeed="20.31" meanSpeedRelative="0.63" duration="6"/>
    <step time="48000.00" loaded="50345" inserted="44423" running="516" waiting="5922" ended="43907" arrived="43907" collisions="86" teleports="86" halting="7" stopped="0" meanWaitingTime="1148.68" meanTravelTime="306.33" meanSpeed="19.77" meanSpeedRelative="0.62" duration="6"/>
    <step time="48300.00" loaded="50853" inserted="44862" running="514" waiting="5991" ended="44348" arrived="44348" collisions="87" teleports="87" halting="6" stopped="0" meanWaitingTime="1161.69" meanTravelTime="306.78" meanSpeed="19.95" meanSpeedRelative="0.62" duration="4"/>
    <step time="48600.00" loaded="51408" inserted="45307" running="501" waiting="6101" ended="44806" arrived="44806" collisions="87" teleports="87" halting="2" stopped="0" meanWaitingTime="1173.75" meanTravelTime="307.19" meanSpeed="19.79" meanSpeedRelative="0.62" duration="4"/>
    <step time="48900.00" loaded="51928" inserted="45725" running="499" waiting="6203" ended="45226" arrived="45226" collisions="88" teleports="88" halting="3" stopped="0" meanWaitingTime="1185.35" meanTravelTime="307.66" meanSpeed="20.28" meanSpeedRelative="0.63" duration="6"/>
    <step time="49200.00" loaded="52505" inserted="46194" running="557" waiting="6311" ended="45637" arrived="45637" collisions="90" teleports="90" halting="8" stopped="0" meanWaitingTime="1197.88" meanTravelTime="308.08" meanSpeed="18.59" meanSpeedRelative="0.58" duration="10"/>
    <step time="49500.00" loaded="53027" inserted="46654" running="554" waiting="6373" ended="46100" arrived="46100" collisions="91" teleports="91" halting="7" stopped="0" meanWaitingTime="1212.46" meanTravelTime="308.53" meanSpeed="19.45" meanSpeedRelative="0.61" duration="6"/>
    <step time="49800.00" loaded="53540" inserted="47095" running="531" waiting="6445" ended="46564" arrived="46564" collisions="91" teleports="91" halting="5" stopped="0" meanWaitingTime="1227.89" meanTravelTime="309.11" meanSpeed="19.32" meanSpeedRelative="0.60" duration="7"/>
    <step time="50100.00" loaded="54058" inserted="47548" running="522" waiting="6510" ended="47026" arrived="47026" collisions="92" teleports="92" halting="4" stopped="0" meanWaitingTime="1242.60" meanTravelTime="309.61" meanSpeed="19.58" meanSpeedRelative="0.61" duration="4"/>
    <step time="50400.00" loaded="54606" inserted="47992" running="528" waiting="6614" ended="47464" arrived="47464" collisions="93" teleports="93" halting="6" stopped="0" meanWaitingTime="1255.99" meanTravelTime="309.96" meanSpeed="19.54" meanSpeedRelative="0.61" duration="96"/>
    <step time="50700.00" loaded="55336" inserted="48520" running="603" waiting="6816" ended="47917" arrived="47917" collisions="93" teleports="93" halting="4" stopped="0" meanWaitingTime="1269.11" meanTravelTime="310.30" meanSpeed="18.80" meanSpeedRelative="0.59" duration="6"/>
    <step time="51000.00" loaded="56013" inserted="49032" running="638" waiting="6981" ended="48394" arrived="48394" collisions="95" teleports="95" halting="4" stopped="0" meanWaitingTime="1281.76" meanTravelTime="310.75" meanSpeed="17.95" meanSpeedRelative="0.56" duration="6"/>
    <step time="51300.00" loaded="56768" inserted="49590" running="711" waiting="7178" ended="48879" arrived="48879" collisions="95" teleports="95" halting="5" stopped="0" meanWaitingTime="1295.75" meanTravelTime="311.30" meanSpeed="16.63" meanSpeedRelative="0.52" duration="7"/>
    <step time="51600.00" loaded="57519" inserted="50124" running="744" waiting="7395" ended="49380" arrived="49380" collisions="95" teleports="95" halting="16" stopped="0" meanWaitingTime="1309.10" meanTravelTime="312.15" meanSpeed="15.62" meanSpeedRelative="0.49" duration="9"/>
    <step time="51900.00" loaded="58236" inserted="50626" running="753" waiting="7610" ended="49873" arrived="49873" collisions="96" teleports="96" halting="16" stopped="0" meanWaitingTime="1322.60" meanTravelTime="313.37" meanSpeed="15.72" meanSpeedRelative="0.49" duration="8"/>
    <step time="52200.00" loaded="58964" inserted="51095" running="727" waiting="7869" ended="50368" arrived="50368" collisions="97" teleports="97" halting="5" stopped="0" meanWaitingTime="1334.31" meanTravelTime="314.43" meanSpeed="15.91" meanSpeedRelative="0.50" duration="7"/>
    <step time="52500.00" loaded="59673" inserted="51598" running="724" waiting="8075" ended="50874" arrived="50874" collisions="100" teleports="100" halting="4" stopped="0" meanWaitingTime="1348.20" meanTravelTime="315.68" meanSpeed="15.63" meanSpeedRelative="0.49" duration="8"/>
    <step time="52800.00" loaded="60419" inserted="52112" running="768" waiting="8307" ended="51344" arrived="51344" collisions="102" teleports="102" halting="6" stopped="0" meanWaitingTime="1361.76" meanTravelTime="316.85" meanSpeed="15.37" meanSpeedRelative="0.48" duration="10"/>
    <step time="53100.00" loaded="61104" inserted="52622" running="795" waiting="8482" ended="51827" arrived="51827" collisions="102" teleports="102" halting="13" stopped="0" meanWaitingTime="1377.59" meanTravelTime="318.16" meanSpeed="15.64" meanSpeedRelative="0.49" duration="10"/>
    <step time="53400.00" loaded="61839" inserted="53156" running="803" waiting="8683" ended="52353" arrived="52353" collisions="105" teleports="105" halting="7" stopped="0" meanWaitingTime="1393.85" meanTravelTime="319.41" meanSpeed="14.84" meanSpeedRelative="0.46" duration="8"/>
    <step time="53700.00" loaded="62557" inserted="53649" running="793" waiting="8908" ended="52856" arrived="52856" collisions="109" teleports="109" halting="6" stopped="0" meanWaitingTime="1408.43" meanTravelTime="320.96" meanSpeed="14.85" meanSpeedRelative="0.46" duration="10"/>
    <step time="54000.00" loaded="63291" inserted="54160" running="811" waiting="9131" ended="53349" arrived="53349" collisions="111" teleports="111" halting="7" stopped="0" meanWaitingTime="1423.99" meanTravelTime="322.40" meanSpeed="14.73" meanSpeedRelative="0.46" duration="93"/>
    <step time="54300.00" loaded="63723" inserted="54578" running="725" waiting="9145" ended="53853" arrived="53853" collisions="115" teleports="115" halting="5" stopped="0" meanWaitingTime="1438.51" meanTravelTime="324.03" meanSpeed="15.27" meanSpeedRelative="0.48" duration="10"/>
    <step time="54600.00" loaded="64181" inserted="55007" running="677" waiting="9174" ended="54330" arrived="54330" collisions="116" teleports="116" halting="12" stopped="0" meanWaitingTime="1455.59" meanTravelTime="325.42" meanSpeed="16.19" meanSpeedRelative="0.51" duration="10"/>
    <step time="54900.00" loaded="64666" inserted="55451" running="664" waiting="9215" ended="54787" arrived="54787" collisions="120" teleports="120" halting="7" stopped="0" meanWaitingTime="1471.13" meanTravelTime="326.58" meanSpeed="15.87" meanSpeedRelative="0.50" duration="6"/>
    <step time="55200.00" loaded="65098" inserted="55849" running="566" waiting="9249" ended="55283" arrived="55283" collisions="120" teleports="120" halting="1" stopped="0" meanWaitingTime="1487.71" meanTravelTime="327.87" meanSpeed="17.94" meanSpeedRelative="0.56" duration="5"/>
    <step time="55500.00" loaded="65547" inserted="56285" running="558" waiting="9262" ended="55727" arrived="55727" collisions="121" teleports="121" halting="4" stopped="0" meanWaitingTime="1505.88" meanTravelTime="328.53" meanSpeed="18.94" meanSpeedRelative="0.59" duration="6"/>
    <step time="55800.00" loaded="66033" inserted="56745" running="593" waiting="9288" ended="56152" arrived="56152" collisions="121" teleports="121" halting="7" stopped="0" meanWaitingTime="1524.18" meanTravelTime="328.99" meanSpeed="18.41" meanSpeedRelative="0.58" duration="7"/>
    <step time="56100.00" loaded="66492" inserted="57171" running="565" waiting="9321" ended="56606" arrived="56606" collisions="121" teleports="121" halting="9" stopped="0" meanWaitingTime="1540.66" meanTravelTime="329.44" meanSpeed="18.70" meanSpeedRelative="0.58" duration="8"/>
    <step time="56400.00" loaded="66907" inserted="57588" running="532" waiting="9319" ended="57056" arrived="57056" collisions="122" teleports="122" halting="13" stopped="0" meanWaitingTime="1557.36" meanTravelTime="329.88" meanSpeed="19.09" meanSpeedRelative="0.60" duration="7"/>
    <step time="56700.00" loaded="67329" inserted="58011" running="534" waiting="9318" ended="57477" arrived="57477" collisions="124" teleports="124" halting="7" stopped="0" meanWaitingTime="1575.90" meanTravelTime="330.27" meanSpeed="19.24" meanSpeedRelative="0.60" duration="5"/>
    <step time="57000.00" loaded="67793" inserted="58444" running="545" waiting="9349" ended="57899" arrived="57899" collisions="126" teleports="126" halting="3" stopped="0" meanWaitingTime="1591.46" meanTravelTime="330.69" meanSpeed="17.94" meanSpeedRelative="0.56" duration="7"/>
    <step time="57300.00" loaded="68258" inserted="58892" running="547" waiting="9366" ended="58345" arrived="58345" collisions="127" teleports="127" halting="5" stopped="0" meanWaitingTime="1608.89" meanTravelTime="330.98" meanSpeed="18.66" meanSpeedRelative="0.58" duration="9"/>
    <step time="57600.00" loaded="68679" inserted="59313" running="547" waiting="9366" ended="58766" arrived="58766" collisions="130" teleports="130" halting="8" stopped="0" meanWaitingTime="1628.19" meanTravelTime="331.32" meanSpeed="18.54" meanSpeedRelative="0.58" duration="84"/>
    <step time="57900.00" loaded="69256" inserted="59803" running="601" waiting="9453" ended="59202" arrived="59202" collisions="130" teleports="130" halting="4" stopped="0" meanWaitingTime="1644.65" meanTravelTime="331.68" meanSpeed="18.85" meanSpeedRelative="0.59" duration="7"/>
    <step time="58200.00" loaded="69793" inserted="60259" running="610" waiting="9534" ended="59649" arrived="59649" collisions="132" teleports="132" halting="10" stopped="0" meanWaitingTime="1661.11" meanTravelTime="331.95" meanSpeed="17.78" meanSpeedRelative="0.56" duration="8"/>
    <step time="58500.00" loaded="70375" inserted="60734" running="621" waiting="9641" ended="60113" arrived="60113" collisions="133" teleports="133" halting="5" stopped="0" meanWaitingTime="1678.66" meanTravelTime="332.30" meanSpeed="17.86" meanSpeedRelative="0.56" duration="8"/>
    <step time="58800.00" loaded="70921" inserted="61212" running="637" waiting="9709" ended="60575" arrived="60575" collisions="133" teleports="133" halting="2" stopped="0" meanWaitingTime="1696.01" meanTravelTime="332.80" meanSpeed="16.84" meanSpeedRelative="0.53" duration="6"/>
    <step time="59100.00" loaded="71501" inserted="61682" running="632" waiting="9819" ended="61050" arrived="61050" collisions="134" teleports="134" halting="9" stopped="0" meanWaitingTime="1713.56" meanTravelTime="333.35" meanSpeed="17.23" meanSpeedRelative="0.54" duration="9"/>
    <step time="59400.00" loaded="72063" inserted="62143" running="627" waiting="9920" ended="61516" arrived="61516" collisions="136" teleports="136" halting="8" stopped="0" meanWaitingTime="1730.62" meanTravelTime="333.81" meanSpeed="17.74" meanSpeedRelative="0.55" duration="9"/>
    <step time="59700.00" loaded="72594" inserted="62633" running="631" waiting="9961" ended="62002" arrived="62002" collisions="136" teleports="136" halting="4" stopped="0" meanWaitingTime="1748.04" meanTravelTime="334.41" meanSpeed="17.54" meanSpeedRelative="0.55" duration="6"/>
    <step time="60000.00" loaded="73176" inserted="63117" running="633" waiting="10059" ended="62484" arrived="62484" collisions="137" teleports="137" halting="3" stopped="0" meanWaitingTime="1764.04" meanTravelTime="334.94" meanSpeed="17.85" meanSpeedRelative="0.56" duration="9"/>
    <step time="60300.00" loaded="73742" inserted="63575" running="614" waiting="10167" ended="62961" arrived="62961" collisions="138" teleports="138" halting="4" stopped="0" meanWaitingTime="1779.51" meanTravelTime="335.42" meanSpeed="18.28" meanSpeedRelative="0.57" duration="6"/>
    <step time="60600.00" loaded="74309" inserted="64052" running="617" waiting="10257" ended="63435" arrived="63435" collisions="140" teleports="140" halting="10" stopped="0" meanWaitingTime="1796.58" meanTravelTime="335.75" meanSpeed="17.91" meanSpeedRelative="0.56" duration="8"/>
    <step time="60900.00" loaded="74865" inserted="64511" running="614" waiting="10354" ended="63897" arrived="63897" collisions="142" teleports="142" halting="4" stopped="0" meanWaitingTime="1811.70" meanTravelTime="336.32" meanSpeed="18.20" meanSpeedRelative="0.57" duration="9"/>
    <step time="61200.00" loaded="75426" inserted="64985" running="591" waiting="10441" ended="64394" arrived="64394" collisions="143" teleports="143" halting="9" stopped="0" meanWaitingTime="1829.15" meanTravelTime="336.71" meanSpeed="18.90" meanSpeedRelative="0.59" duration="94"/>
    <step time="61500.00" loaded="75496" inserted="65300" running="475" waiting="10196" ended="64825" arrived="64825" collisions="143" teleports="143" halting="13" stopped="0" meanWaitingTime="1851.05" meanTravelTime="337.19" meanSpeed="18.82" meanSpeedRelative="0.59" duration="5"/>
    <step time="61800.00" loaded="75559" inserted="65648" running="429" waiting="9911" ended="65219" arrived="65219" collisions="143" teleports="143" halting="8" stopped="0" meanWaitingTime="1879.16" meanTravelTime="337.71" meanSpeed="18.99" meanSpeedRelative="0.59" duration="6"/>
    <step time="62100.00" loaded="75632" inserted="65977" running="395" waiting="9655" ended="65582" arrived="65582" collisions="145" teleports="145" halting="3" stopped="0" meanWaitingTime="1904.70" meanTravelTime="338.00" meanSpeed="19.15" meanSpeedRelative="0.60" duration="5"/>
    <step time="62400.00" loaded="75710" inserted="66321" running="391" waiting="9389" ended="65930" arrived="65930" collisions="148" teleports="148" halting="7" stopped="0" meanWaitingTime="1932.51" meanTravelTime="338.02" meanSpeed="19.55" meanSpeedRelative="0.61" duration="4"/>
    <step time="62700.00" loaded="75772" inserted="66634" running="366" waiting="9138" ended="66268" arrived="66268" collisions="148" teleports="148" halting="1" stopped="0" meanWaitingTime="1957.78" meanTravelTime="338.06" meanSpeed="21.08" meanSpeedRelative="0.66" duration="4"/>
    <step time="63000.00" loaded="75842" inserted="66861" running="294" waiting="8981" ended="66567" arrived="66567" collisions="150" teleports="150" halting="4" stopped="0" meanWaitingTime="1979.96" meanTravelTime="338.20" meanSpeed="22.14" meanSpeedRelative="0.69" duration="5"/>
    <step time="63300.00" loaded="75912" inserted="67058" running="246" waiting="8854" ended="66812" arrived="66812" collisions="150" teleports="150" halting="8" stopped="0" meanWaitingTime="1998.12" meanTravelTime="338.33" meanSpeed="20.91" meanSpeedRelative="0.65" duration="4"/>
    <step time="63600.00" loaded="75988" inserted="67260" running="226" waiting="8728" ended="67034" arrived="67034" collisions="150" teleports="150" halting="7" stopped="0" meanWaitingTime="2016.58" meanTravelTime="338.43" meanSpeed="21.48" meanSpeedRelative="0.67" duration="3"/>
    <step time="63900.00" loaded="76056" inserted="67459" running="211" waiting="8597" ended="67248" arrived="67248" collisions="150" teleports="150" halting="6" stopped="0" meanWaitingTime="2034.94" meanTravelTime="338.40" meanSpeed="21.27" meanSpeedRelative="0.66" duration="4"/>
    <step time="64200.00" loaded="76137" inserted="67657" running="193" waiting="8480" ended="67464" arrived="67464" collisions="150" teleports="150" halting="8" stopped="0" meanWaitingTime="2052.78" meanTravelTime="338.41" meanSpeed="21.61" meanSpeedRelative="0.68" duration="3"/>
    <step time="64500.00" loaded="76210" inserted="67858" running="199" waiting="8352" ended="67659" arrived="67659" collisions="151" teleports="151" halting="6" stopped="0" meanWaitingTime="2072.75" meanTravelTime="338.33" meanSpeed="21.69" meanSpeedRelative="0.68" duration="3"/>
    <step time="64800.00" loaded="76271" inserted="68070" running="209" waiting="8201" ended="67861" arrived="67861" collisions="151" teleports="151" halting="3" stopped="0" meanWaitingTime="2095.72" meanTravelTime="338.25" meanSpeed="20.98" meanSpeedRelative="0.66" duration="94"/>
    <step time="65100.00" loaded="76312" inserted="68266" running="205" waiting="8046" ended="68061" arrived="68061" collisions="151" teleports="151" halting="4" stopped="0" meanWaitingTime="2118.06" meanTravelTime="338.13" meanSpeed="22.32" meanSpeedRelative="0.70" duration="2"/>
    <step time="65400.00" loaded="76356" inserted="68490" running="200" waiting="7866" ended="68290" arrived="68290" collisions="151" teleports="151" halting="6" stopped="0" meanWaitingTime="2146.61" meanTravelTime="337.92" meanSpeed="21.73" meanSpeedRelative="0.68" duration="3"/>
    <step time="65700.00" loaded="76406" inserted="68680" running="196" waiting="7726" ended="68484" arrived="68484" collisions="151" teleports="151" halting="5" stopped="0" meanWaitingTime="2167.27" meanTravelTime="337.85" meanSpeed="21.09" meanSpeedRelative="0.66" duration="4"/>
    <step time="66000.00" loaded="76451" inserted="68887" running="219" waiting="7564" ended="68668" arrived="68668" collisions="151" teleports="151" halting="5" stopped="0" meanWaitingTime="2190.78" meanTravelTime="337.70" meanSpeed="21.26" meanSpeedRelative="0.66" duration="2"/>
    <step time="66300.00" loaded="76500" inserted="69083" running="216" waiting="7417" ended="68867" arrived="68867" collisions="151" teleports="151" halting="5" stopped="0" meanWaitingTime="2211.14" meanTravelTime="337.65" meanSpeed="22.23" meanSpeedRelative="0.69" duration="4"/>
    <step time="66600.00" loaded="76542" inserted="69241" running="176" waiting="7301" ended="69065" arrived="69065" collisions="151" teleports="151" halting="6" stopped="0" meanWaitingTime="2228.56" meanTravelTime="337.65" meanSpeed="21.53" meanSpeedRelative="0.67" duration="2"/>
    <step time="66900.00" loaded="76594" inserted="69384" running="125" waiting="7210" ended="69259" arrived="69259" collisions="151" teleports="151" halting="1" stopped="0" meanWaitingTime="2248.64" meanTravelTime="337.59" meanSpeed="20.19" meanSpeedRelative="0.63" duration="2"/>
    <step time="67200.00" loaded="76659" inserted="69517" running="115" waiting="7142" ended="69402" arrived="69402" collisions="151" teleports="151" halting="6" stopped="0" meanWaitingTime="2266.99" meanTravelTime="337.46" meanSpeed="19.47" meanSpeedRelative="0.61" duration="2"/>
    <step time="67500.00" loaded="76707" inserted="69637" running="101" waiting="7070" ended="69536" arrived="69536" collisions="151" teleports="151" halting="3" stopped="0" meanWaitingTime="2284.31" meanTravelTime="337.35" meanSpeed="19.33" meanSpeedRelative="0.60" duration="1"/>
    <step time="67800.00" loaded="76763" inserted="69776" running="120" waiting="6987" ended="69656" arrived="69656" collisions="151" teleports="151" halting="6" stopped="0" meanWaitingTime="2305.57" meanTravelTime="337.17" meanSpeed="21.07" meanSpeedRelative="0.66" duration="2"/>
    <step time="68100.00" loaded="76821" inserted="69917" running="113" waiting="6904" ended="69804" arrived="69804" collisions="151" teleports="151" halting="3" stopped="0" meanWaitingTime="2325.52" meanTravelTime="336.99" meanSpeed="20.75" meanSpeedRelative="0.65" duration="2"/>
    <step time="68400.00" loaded="76875" inserted="70061" running="113" waiting="6814" ended="69948" arrived="69948" collisions="151" teleports="151" halting="1" stopped="0" meanWaitingTime="2348.47" meanTravelTime="336.87" meanSpeed="20.50" meanSpeedRelative="0.64" duration="91"/>
    <step time="68700.00" loaded="77054" inserted="70268" running="173" waiting="6786" ended="70095" arrived="70095" collisions="152" teleports="152" halting="6" stopped="0" meanWaitingTime="2364.76" meanTravelTime="336.60" meanSpeed="21.38" meanSpeedRelative="0.67" duration="2"/>
    <step time="69000.00" loaded="77208" inserted="70471" running="195" waiting="6737" ended="70276" arrived="70276" collisions="152" teleports="152" halting="8" stopped="0" meanWaitingTime="2380.23" meanTravelTime="336.42" meanSpeed="22.31" meanSpeedRelative="0.70" duration="2"/>
    <step time="69300.00" loaded="77373" inserted="70666" running="165" waiting="6707" ended="70501" arrived="70501" collisions="152" teleports="152" halting="3" stopped="0" meanWaitingTime="2396.84" meanTravelTime="336.22" meanSpeed="21.88" meanSpeedRelative="0.68" duration="2"/>
    <step time="69600.00" loaded="77520" inserted="70852" running="167" waiting="6668" ended="70685" arrived="70685" collisions="152" teleports="152" halting="4" stopped="0" meanWaitingTime="2413.14" meanTravelTime="336.07" meanSpeed="21.39" meanSpeedRelative="0.67" duration="2"/>
    <step time="69900.00" loaded="77658" inserted="71030" running="165" waiting="6628" ended="70865" arrived="70865" collisions="152" teleports="152" halting="6" stopped="0" meanWaitingTime="2429.74" meanTravelTime="335.85" meanSpeed="21.40" meanSpeedRelative="0.67" duration="3"/>
    <step time="70200.00" loaded="77818" inserted="71239" running="191" waiting="6579" ended="71048" arrived="71048" collisions="153" teleports="153" halting="2" stopped="0" meanWaitingTime="2446.39" meanTravelTime="335.69" meanSpeed="22.44" meanSpeedRelative="0.70" duration="3"/>
    <step time="70500.00" loaded="77980" inserted="71432" running="197" waiting="6548" ended="71235" arrived="71235" collisions="153" teleports="153" halting="3" stopped="0" meanWaitingTime="2460.75" meanTravelTime="335.51" meanSpeed="22.32" meanSpeedRelative="0.70" duration="3"/>
    <step time="70800.00" loaded="78136" inserted="71629" running="186" waiting="6507" ended="71443" arrived="71443" collisions="153" teleports="153" halting="10" stopped="0" meanWaitingTime="2476.83" meanTravelTime="335.39" meanSpeed="21.74" meanSpeedRelative="0.68" duration="2"/>
    <step time="71100.00" loaded="78291" inserted="71833" running="200" waiting="6458" ended="71633" arrived="71633" collisions="153" teleports="153" halting="5" stopped="0" meanWaitingTime="2493.36" meanTravelTime="335.23" meanSpeed="21.87" meanSpeedRelative="0.68" duration="2"/>
    <step time="71400.00" loaded="78433" inserted="72020" running="179" waiting="6413" ended="71841" arrived="71841" collisions="153" teleports="153" halting="4" stopped="0" meanWaitingTime="2510.16" meanTravelTime="335.09" meanSpeed="21.98" meanSpeedRelative="0.69" duration="2"/>
    <step time="71700.00" loaded="78600" inserted="72224" running="189" waiting="6376" ended="72035" arrived="72035" collisions="153" teleports="153" halting="3" stopped="0" meanWaitingTime="2526.85" meanTravelTime="334.94" meanSpeed="21.76" meanSpeedRelative="0.68" duration="3"/>
    <step time="72000.00" loaded="78743" inserted="72407" running="160" waiting="6336" ended="72247" arrived="72247" collisions="154" teleports="154" halting="9" stopped="0" meanWaitingTime="2546.09" meanTravelTime="334.84" meanSpeed="20.46" meanSpeedRelative="0.64" duration="86"/>
    <step time="72300.00" loaded="78882" inserted="72597" running="177" waiting="6285" ended="72420" arrived="72420" collisions="154" teleports="154" halting="2" stopped="0" meanWaitingTime="2563.17" meanTravelTime="334.72" meanSpeed="22.90" meanSpeedRelative="0.72" duration="2"/>
    <step time="72600.00" loaded="79012" inserted="72776" running="162" waiting="6236" ended="72614" arrived="72614" collisions="154" teleports="154" halting="4" stopped="0" meanWaitingTime="2579.89" meanTravelTime="334.56" meanSpeed="21.92" meanSpeedRelative="0.69" duration="2"/>
    <step time="72900.00" loaded="79149" inserted="72965" running="173" waiting="6184" ended="72792" arrived="72792" collisions="154" teleports="154" halting="6" stopped="0" meanWaitingTime="2597.29" meanTravelTime="334.49" meanSpeed="22.31" meanSpeedRelative="0.70" duration="2"/>
    <step time="73200.00" loaded="79290" inserted="73149" running="170" waiting="6141" ended="72979" arrived="72979" collisions="154" teleports="154" halting="5" stopped="0" meanWaitingTime="2614.20" meanTravelTime="334.35" meanSpeed="21.50" meanSpeedRelative="0.67" duration="2"/>
    <step time="73500.00" loaded="79423" inserted="73331" running="157" waiting="6092" ended="73174" arrived="73174" collisions="154" teleports="154" halting="5" stopped="0" meanWaitingTime="2632.01" meanTravelTime="334.17" meanSpeed="21.01" meanSpeedRelative="0.66" duration="2"/>
    <step time="73800.00" loaded="79545" inserted="73514" running="155" waiting="6031" ended="73359" arrived="73359" collisions="154" teleports="154" halting="4" stopped="0" meanWaitingTime="2652.54" meanTravelTime="333.96" meanSpeed="21.46" meanSpeedRelative="0.67" duration="3"/>
    <step time="74100.00" loaded="79682" inserted="73701" running="172" waiting="5981" ended="73529" arrived="73529" collisions="154" teleports="154" halting="7" stopped="0" meanWaitingTime="2669.53" meanTravelTime="333.81" meanSpeed="21.92" meanSpeedRelative="0.69" duration="2"/>
    <step time="74400.00" loaded="79819" inserted="73891" running="171" waiting="5928" ended="73720" arrived="73720" collisions="155" teleports="155" halting="7" stopped="0" meanWaitingTime="2686.76" meanTravelTime="333.67" meanSpeed="21.75" meanSpeedRelative="0.68" duration="3"/>
    <step time="74700.00" loaded="79950" inserted="74072" running="168" waiting="5878" ended="73904" arrived="73904" collisions="155" teleports="155" halting="3" stopped="0" meanWaitingTime="2705.20" meanTravelTime="333.49" meanSpeed="22.38" meanSpeedRelative="0.70" duration="2"/>
    <step time="75000.00" loaded="80096" inserted="74267" running="165" waiting="5829" ended="74102" arrived="74102" collisions="155" teleports="155" halting="4" stopped="0" meanWaitingTime="2724.40" meanTravelTime="333.35" meanSpeed="22.57" meanSpeedRelative="0.71" duration="2"/>
    <step time="75300.00" loaded="80237" inserted="74462" running="176" waiting="5775" ended="74286" arrived="74286" collisions="155" teleports="155" halting="4" stopped="0" meanWaitingTime="2741.48" meanTravelTime="333.17" meanSpeed="21.99" meanSpeedRelative="0.69" duration="2"/>
    <step time="75600.00" loaded="80380" inserted="74656" running="182" waiting="5724" ended="74474" arrived="74474" collisions="155" teleports="155" halting="2" stopped="0" meanWaitingTime="2761.12" meanTravelTime="333.02" meanSpeed="22.57" meanSpeedRelative="0.71" duration="86"/>
    <step time="75900.00" loaded="80572" inserted="74871" running="210" waiting="5701" ended="74661" arrived="74661" collisions="155" teleports="155" halting="3" stopped="0" meanWaitingTime="2775.25" meanTravelTime="332.85" meanSpeed="22.81" meanSpeedRelative="0.71" duration="2"/>
    <step time="76200.00" loaded="80768" inserted="75105" running="198" waiting="5663" ended="74907" arrived="74907" collisions="155" teleports="155" halting="7" stopped="0" meanWaitingTime="2792.33" meanTravelTime="332.69" meanSpeed="22.38" meanSpeedRelative="0.70" duration="2"/>
    <step time="76500.00" loaded="80940" inserted="75309" running="187" waiting="5631" ended="75122" arrived="75122" collisions="155" teleports="155" halting="6" stopped="0" meanWaitingTime="2810.05" meanTravelTime="332.49" meanSpeed="21.51" meanSpeedRelative="0.67" duration="4"/>
    <step time="76800.00" loaded="81127" inserted="75515" running="191" waiting="5612" ended="75324" arrived="75324" collisions="155" teleports="155" halting="2" stopped="0" meanWaitingTime="2827.46" meanTravelTime="332.35" meanSpeed="22.02" meanSpeedRelative="0.69" duration="2"/>
    <step time="77100.00" loaded="81307" inserted="75728" running="183" waiting="5579" ended="75545" arrived="75545" collisions="155" teleports="155" halting="4" stopped="0" meanWaitingTime="2842.42" meanTravelTime="332.17" meanSpeed="21.23" meanSpeedRelative="0.66" duration="2"/>
    <step time="77400.00" loaded="81490" inserted="75951" running="205" waiting="5539" ended="75746" arrived="75746" collisions="155" teleports="155" halting="7" stopped="0" meanWaitingTime="2859.85" meanTravelTime="332.06" meanSpeed="21.68" meanSpeedRelative="0.68" duration="2"/>
    <step time="77700.00" loaded="81671" inserted="76159" running="202" waiting="5512" ended="75957" arrived="75957" collisions="155" teleports="155" halting="8" stopped="0" meanWaitingTime="2874.72" meanTravelTime="331.93" meanSpeed="21.07" meanSpeedRelative="0.66" duration="2"/>
    <step time="78000.00" loaded="81887" inserted="76407" running="218" waiting="5480" ended="76189" arrived="76189" collisions="156" teleports="156" halting="3" stopped="0" meanWaitingTime="2889.76" meanTravelTime="331.71" meanSpeed="21.78" meanSpeedRelative="0.68" duration="2"/>
    <step time="78300.00" loaded="82074" inserted="76626" running="218" waiting="5448" ended="76408" arrived="76408" collisions="156" teleports="156" halting="6" stopped="0" meanWaitingTime="2906.14" meanTravelTime="331.54" meanSpeed="22.33" meanSpeedRelative="0.70" duration="2"/>
    <step time="78600.00" loaded="82277" inserted="76867" running="223" waiting="5410" ended="76644" arrived="76644" collisions="156" teleports="156" halting="5" stopped="0" meanWaitingTime="2920.71" meanTravelTime="331.41" meanSpeed="21.92" meanSpeedRelative="0.68" duration="6"/>
    <step time="78900.00" loaded="82457" inserted="77076" running="186" waiting="5381" ended="76890" arrived="76890" collisions="156" teleports="156" halting="5" stopped="0" meanWaitingTime="2935.15" meanTravelTime="331.25" meanSpeed="21.78" meanSpeedRelative="0.68" duration="3"/>
    <step time="79200.00" loaded="82661" inserted="77312" running="213" waiting="5349" ended="77099" arrived="77099" collisions="156" teleports="156" halting="5" stopped="0" meanWaitingTime="2950.84" meanTravelTime="331.08" meanSpeed="23.11" meanSpeedRelative="0.72" duration="84"/>
    <step time="79500.00" loaded="82842" inserted="77529" running="207" waiting="5313" ended="77322" arrived="77322" collisions="156" teleports="156" halting="6" stopped="0" meanWaitingTime="2965.08" meanTravelTime="330.95" meanSpeed="22.33" meanSpeedRelative="0.70" duration="2"/>
    <step time="79800.00" loaded="83015" inserted="77739" running="202" waiting="5276" ended="77537" arrived="77537" collisions="156" teleports="156" halting="7" stopped="0" meanWaitingTime="2980.31" meanTravelTime="330.85" meanSpeed="21.54" meanSpeedRelative="0.67" duration="3"/>
    <step time="80100.00" loaded="83180" inserted="77940" running="190" waiting="5240" ended="77750" arrived="77750" collisions="157" teleports="157" halting="6" stopped="0" meanWaitingTime="2995.53" meanTravelTime="330.73" meanSpeed="22.82" meanSpeedRelative="0.71" duration="2"/>
    <step time="80400.00" loaded="83352" inserted="78154" running="202" waiting="5198" ended="77952" arrived="77952" collisions="158" teleports="158" halting="4" stopped="0" meanWaitingTime="3011.05" meanTravelTime="330.61" meanSpeed="22.38" meanSpeedRelative="0.70" duration="2"/>
    <step time="80700.00" loaded="83511" inserted="78355" running="202" waiting="5156" ended="78153" arrived="78153" collisions="158" teleports="158" halting="9" stopped="0" meanWaitingTime="3026.57" meanTravelTime="330.51" meanSpeed="21.63" meanSpeedRelative="0.68" duration="3"/>
    <step time="81000.00" loaded="83687" inserted="78565" running="197" waiting="5122" ended="78368" arrived="78368" collisions="158" teleports="158" halting="0" stopped="0" meanWaitingTime="3040.56" meanTravelTime="330.36" meanSpeed="22.42" meanSpeedRelative="0.70" duration="2"/>
    <step time="81300.00" loaded="83863" inserted="78783" running="198" waiting="5080" ended="78585" arrived="78585" collisions="158" teleports="158" halting="2" stopped="0" meanWaitingTime="3055.07" meanTravelTime="330.26" meanSpeed="22.75" meanSpeedRelative="0.71" duration="2"/>
    <step time="81600.00" loaded="84053" inserted="78996" running="189" waiting="5057" ended="78807" arrived="78807" collisions="159" teleports="159" halting="6" stopped="0" meanWaitingTime="3066.66" meanTravelTime="330.09" meanSpeed="22.95" meanSpeedRelative="0.72" duration="3"/>
    <step time="81900.00" loaded="84224" inserted="79202" running="184" waiting="5022" ended="79018" arrived="79018" collisions="159" teleports="159" halting="10" stopped="0" meanWaitingTime="3078.28" meanTravelTime="329.92" meanSpeed="22.15" meanSpeedRelative="0.69" duration="3"/>
    <step time="82200.00" loaded="84389" inserted="79412" running="181" waiting="4977" ended="79231" arrived="79231" collisions="159" teleports="159" halting="5" stopped="0" meanWaitingTime="3090.97" meanTravelTime="329.70" meanSpeed="21.96" meanSpeedRelative="0.69" duration="2"/>
    <step time="82500.00" loaded="84555" inserted="79613" running="175" waiting="4942" ended="79438" arrived="79438" collisions="160" teleports="160" halting="2" stopped="0" meanWaitingTime="3103.50" meanTravelTime="329.53" meanSpeed="21.47" meanSpeedRelative="0.67" duration="2"/>
</summary>
