<?xml version="1.0" encoding="UTF-8"?>

<!-- generated on 2025-08-08 10:22:29 by Eclipse SUMO sumo Version 1.23.1
<sumoConfiguration xmlns:xsi="http://www.w3.org/2001/XMLSchema-instance" xsi:noNamespaceSchemaLocation="http://sumo.dlr.de/xsd/sumoConfiguration.xsd">

    <input>
        <net-file value="Desktop\Master Thesis\Network_fin.net.xml"/>
        <route-files value="Desktop\Master Thesis\demand_model_amsterdam.rou.xml"/>
        <additional-files value="Desktop\Master Thesis\Additionnal.add.xml"/>
    </input>

    <output>
        <summary-output value="outputf/summary_coor_alinea_3neigh_method1_K80_target5_72390.xml"/>
        <summary-output.period value="300"/>
        <tripinfo-output value="outputf/tripinfo_coor_alinea_3neigh_method1_K80_target5_72390.xml"/>
    </output>

    <time>
        <begin value="0"/>
        <end value="82800"/>
        <step-length value="1"/>
    </time>

    <processing>
        <time-to-teleport value="-1"/>
    </processing>

    <report>
        <verbose value="true"/>
        <no-step-log value="true"/>
    </report>

    <emissions>
        <device.emissions.period value="10"/>
    </emissions>

    <traci_server>
        <remote-port value="51165"/>
    </traci_server>

    <random_number>
        <seed value="72390"/>
    </random_number>

</sumoConfiguration>
-->

<summary xmlns:xsi="http://www.w3.org/2001/XMLSchema-instance" xsi:noNamespaceSchemaLocation="http://sumo.dlr.de/xsd/summary_file.xsd">
    <step time="0.00" loaded="1" inserted="1" running="1" waiting="0" ended="0" arrived="0" collisions="0" teleports="0" halting="1" stopped="0" meanWaitingTime="0.00" meanTravelTime="-1.00" meanSpeed="0.00" meanSpeedRelative="0.00" duration="0"/>
    <step time="300.00" loaded="188" inserted="188" running="115" waiting="0" ended="73" arrived="73" collisions="0" teleports="0" halting="0" stopped="0" meanWaitingTime="0.41" meanTravelTime="90.78" meanSpeed="25.29" meanSpeedRelative="0.79" duration="1"/>
    <step time="600.00" loaded="368" inserted="368" running="162" waiting="0" ended="206" arrived="206" collisions="0" teleports="0" halting="0" stopped="0" meanWaitingTime="0.37" meanTravelTime="151.39" meanSpeed="25.51" meanSpeedRelative="0.80" duration="1"/>
    <step time="900.00" loaded="533" inserted="533" running="152" waiting="0" ended="381" arrived="381" collisions="0" teleports="0" halting="0" stopped="0" meanWaitingTime="0.38" meanTravelTime="199.27" meanSpeed="24.81" meanSpeedRelative="0.78" duration="2"/>
    <step time="1200.00" loaded="720" inserted="720" running="164" waiting="0" ended="556" arrived="556" collisions="1" teleports="1" halting="0" stopped="0" meanWaitingTime="0.36" meanTravelTime="216.79" meanSpeed="25.44" meanSpeedRelative="0.79" duration="2"/>
    <step time="1500.00" loaded="905" inserted="905" running="149" waiting="0" ended="756" arrived="756" collisions="1" teleports="1" halting="0" stopped="0" meanWaitingTime="0.43" meanTravelTime="226.28" meanSpeed="25.55" meanSpeedRelative="0.80" duration="1"/>
    <step time="1800.00" loaded="1069" inserted="1069" running="142" waiting="0" ended="927" arrived="927" collisions="2" teleports="2" halting="0" stopped="0" meanWaitingTime="0.43" meanTravelTime="238.38" meanSpeed="25.99" meanSpeedRelative="0.81" duration="1"/>
    <step time="2100.00" loaded="1244" inserted="1244" running="144" waiting="0" ended="1100" arrived="1100" collisions="2" teleports="2" halting="0" stopped="0" meanWaitingTime="0.41" meanTravelTime="240.77" meanSpeed="26.35" meanSpeedRelative="0.82" duration="1"/>
    <step time="2400.00" loaded="1438" inserted="1437" running="146" waiting="1" ended="1291" arrived="1291" collisions="2" teleports="2" halting="2" stopped="0" meanWaitingTime="0.41" meanTravelTime="244.56" meanSpeed="24.21" meanSpeedRelative="0.76" duration="1"/>
    <step time="2700.00" loaded="1610" inserted="1610" running="150" waiting="0" ended="1460" arrived="1460" collisions="2" teleports="2" halting="3" stopped="0" meanWaitingTime="0.41" meanTravelTime="243.48" meanSpeed="25.50" meanSpeedRelative="0.80" duration="1"/>
    <step time="3000.00" loaded="1799" inserted="1799" running="147" waiting="0" ended="1652" arrived="1652" collisions="2" teleports="2" halting="1" stopped="0" meanWaitingTime="0.42" meanTravelTime="241.81" meanSpeed="24.77" meanSpeedRelative="0.77" duration="0"/>
    <step time="3300.00" loaded="2004" inserted="1996" running="173" waiting="8" ended="1823" arrived="1823" collisions="2" teleports="2" halting="2" stopped="0" meanWaitingTime="0.70" meanTravelTime="244.08" meanSpeed="24.37" meanSpeedRelative="0.76" duration="2"/>
    <step time="3600.00" loaded="2170" inserted="2145" running="142" waiting="25" ended="2003" arrived="2003" collisions="2" teleports="2" halting="7" stopped="0" meanWaitingTime="1.86" meanTravelTime="247.22" meanSpeed="23.86" meanSpeedRelative="0.75" duration="85"/>
    <step time="3900.00" loaded="2281" inserted="2262" running="103" waiting="19" ended="2159" arrived="2159" collisions="2" teleports="2" halting="0" stopped="0" meanWaitingTime="4.33" meanTravelTime="252.19" meanSpeed="24.98" meanSpeedRelative="0.78" duration="1"/>
    <step time="4200.00" loaded="2402" inserted="2394" running="114" waiting="8" ended="2280" arrived="2280" collisions="2" teleports="2" halting="1" stopped="0" meanWaitingTime="6.79" meanTravelTime="254.19" meanSpeed="24.80" meanSpeedRelative="0.77" duration="1"/>
    <step time="4500.00" loaded="2493" inserted="2492" running="101" waiting="1" ended="2391" arrived="2391" collisions="2" teleports="2" halting="2" stopped="0" meanWaitingTime="7.35" meanTravelTime="255.76" meanSpeed="25.10" meanSpeedRelative="0.78" duration="1"/>
    <step time="4800.00" loaded="2604" inserted="2603" running="104" waiting="1" ended="2499" arrived="2499" collisions="2" teleports="2" halting="5" stopped="0" meanWaitingTime="7.16" meanTravelTime="257.16" meanSpeed="24.56" meanSpeedRelative="0.77" duration="1"/>
    <step time="5100.00" loaded="2720" inserted="2720" running="93" waiting="0" ended="2627" arrived="2627" collisions="2" teleports="2" halting="3" stopped="0" meanWaitingTime="6.88" meanTravelTime="258.19" meanSpeed="25.22" meanSpeedRelative="0.79" duration="1"/>
    <step time="5400.00" loaded="2823" inserted="2823" running="85" waiting="0" ended="2738" arrived="2738" collisions="3" teleports="3" halting="1" stopped="0" meanWaitingTime="6.64" meanTravelTime="259.48" meanSpeed="24.05" meanSpeedRelative="0.75" duration="0"/>
    <step time="5700.00" loaded="2925" inserted="2925" running="73" waiting="0" ended="2852" arrived="2852" collisions="3" teleports="3" halting="0" stopped="0" meanWaitingTime="6.41" meanTravelTime="256.94" meanSpeed="26.45" meanSpeedRelative="0.83" duration="0"/>
    <step time="6000.00" loaded="3024" inserted="3024" running="80" waiting="0" ended="2944" arrived="2944" collisions="3" teleports="3" halting="0" stopped="0" meanWaitingTime="6.21" meanTravelTime="257.13" meanSpeed="26.58" meanSpeedRelative="0.83" duration="1"/>
    <step time="6300.00" loaded="3119" inserted="3119" running="84" waiting="0" ended="3035" arrived="3035" collisions="3" teleports="3" halting="0" stopped="0" meanWaitingTime="6.02" meanTravelTime="257.12" meanSpeed="26.37" meanSpeedRelative="0.82" duration="0"/>
    <step time="6600.00" loaded="3242" inserted="3242" running="103" waiting="0" ended="3139" arrived="3139" collisions="3" teleports="3" halting="0" stopped="0" meanWaitingTime="5.80" meanTravelTime="257.10" meanSpeed="25.34" meanSpeedRelative="0.79" duration="0"/>
    <step time="6900.00" loaded="3342" inserted="3342" running="107" waiting="0" ended="3235" arrived="3235" collisions="3" teleports="3" halting="0" stopped="0" meanWaitingTime="5.63" meanTravelTime="257.58" meanSpeed="25.69" meanSpeedRelative="0.80" duration="0"/>
    <step time="7200.00" loaded="3460" inserted="3460" running="100" waiting="0" ended="3360" arrived="3360" collisions="3" teleports="3" halting="0" stopped="0" meanWaitingTime="5.45" meanTravelTime="258.26" meanSpeed="25.43" meanSpeedRelative="0.79" duration="87"/>
    <step time="7500.00" loaded="3604" inserted="3604" running="126" waiting="0" ended="3478" arrived="3478" collisions="3" teleports="3" halting="3" stopped="0" meanWaitingTime="5.33" meanTravelTime="257.92" meanSpeed="24.52" meanSpeedRelative="0.77" duration="1"/>
    <step time="7800.00" loaded="3779" inserted="3767" running="148" waiting="12" ended="3619" arrived="3619" collisions="3" teleports="3" halting="3" stopped="0" meanWaitingTime="5.44" meanTravelTime="257.93" meanSpeed="24.68" meanSpeedRelative="0.77" duration="1"/>
    <step time="8100.00" loaded="3929" inserted="3910" running="130" waiting="19" ended="3780" arrived="3780" collisions="3" teleports="3" halting="2" stopped="0" meanWaitingTime="6.34" meanTravelTime="257.51" meanSpeed="25.26" meanSpeedRelative="0.79" duration="1"/>
    <step time="8400.00" loaded="4074" inserted="4051" running="114" waiting="23" ended="3937" arrived="3937" collisions="4" teleports="4" halting="5" stopped="0" meanWaitingTime="7.58" meanTravelTime="257.92" meanSpeed="25.92" meanSpeedRelative="0.81" duration="0"/>
    <step time="8700.00" loaded="4230" inserted="4206" running="134" waiting="24" ended="4072" arrived="4072" collisions="4" teleports="4" halting="0" stopped="0" meanWaitingTime="8.64" meanTravelTime="257.44" meanSpeed="24.46" meanSpeedRelative="0.76" duration="0"/>
    <step time="9000.00" loaded="4386" inserted="4358" running="138" waiting="28" ended="4220" arrived="4220" collisions="4" teleports="4" halting="1" stopped="0" meanWaitingTime="9.99" meanTravelTime="257.31" meanSpeed="24.67" meanSpeedRelative="0.77" duration="1"/>
    <step time="9300.00" loaded="4560" inserted="4522" running="140" waiting="38" ended="4382" arrived="4382" collisions="4" teleports="4" halting="3" stopped="0" meanWaitingTime="11.32" meanTravelTime="258.09" meanSpeed="23.47" meanSpeedRelative="0.73" duration="1"/>
    <step time="9600.00" loaded="4706" inserted="4668" running="136" waiting="38" ended="4532" arrived="4532" collisions="4" teleports="4" halting="1" stopped="0" meanWaitingTime="13.10" meanTravelTime="257.97" meanSpeed="23.95" meanSpeedRelative="0.75" duration="0"/>
    <step time="9900.00" loaded="4847" inserted="4802" running="106" waiting="45" ended="4696" arrived="4696" collisions="4" teleports="4" halting="0" stopped="0" meanWaitingTime="15.05" meanTravelTime="258.64" meanSpeed="24.24" meanSpeedRelative="0.76" duration="1"/>
    <step time="10200.00" loaded="4993" inserted="4949" running="122" waiting="44" ended="4827" arrived="4827" collisions="4" teleports="4" halting="1" stopped="0" meanWaitingTime="16.94" meanTravelTime="257.53" meanSpeed="24.08" meanSpeedRelative="0.75" duration="0"/>
    <step time="10500.00" loaded="5126" inserted="5076" running="115" waiting="50" ended="4961" arrived="4961" collisions="4" teleports="4" halting="4" stopped="0" meanWaitingTime="19.04" meanTravelTime="257.28" meanSpeed="24.44" meanSpeedRelative="0.76" duration="1"/>
    <step time="10800.00" loaded="5278" inserted="5227" running="131" waiting="51" ended="5096" arrived="5096" collisions="4" teleports="4" halting="0" stopped="0" meanWaitingTime="21.04" meanTravelTime="257.81" meanSpeed="25.43" meanSpeedRelative="0.79" duration="101"/>
    <step time="11100.00" loaded="5418" inserted="5370" running="119" waiting="48" ended="5251" arrived="5251" collisions="4" teleports="4" halting="2" stopped="0" meanWaitingTime="23.19" meanTravelTime="257.46" meanSpeed="24.62" meanSpeedRelative="0.77" duration="1"/>
    <step time="11400.00" loaded="5571" inserted="5513" running="104" waiting="58" ended="5409" arrived="5409" collisions="4" teleports="4" halting="6" stopped="0" meanWaitingTime="25.42" meanTravelTime="257.42" meanSpeed="23.14" meanSpeedRelative="0.72" duration="1"/>
    <step time="11700.00" loaded="5728" inserted="5659" running="114" waiting="69" ended="5545" arrived="5545" collisions="4" teleports="4" halting="2" stopped="0" meanWaitingTime="27.06" meanTravelTime="256.32" meanSpeed="23.78" meanSpeedRelative="0.74" duration="1"/>
    <step time="12000.00" loaded="5865" inserted="5803" running="105" waiting="62" ended="5698" arrived="5698" collisions="4" teleports="4" halting="2" stopped="0" meanWaitingTime="29.70" meanTravelTime="255.36" meanSpeed="24.51" meanSpeedRelative="0.77" duration="1"/>
    <step time="12300.00" loaded="6016" inserted="5942" running="102" waiting="74" ended="5840" arrived="5840" collisions="4" teleports="4" halting="5" stopped="0" meanWaitingTime="31.99" meanTravelTime="254.69" meanSpeed="24.43" meanSpeedRelative="0.76" duration="1"/>
    <step time="12600.00" loaded="6178" inserted="6094" running="103" waiting="84" ended="5991" arrived="5991" collisions="4" teleports="4" halting="1" stopped="0" meanWaitingTime="34.04" meanTravelTime="254.46" meanSpeed="24.16" meanSpeedRelative="0.75" duration="1"/>
    <step time="12900.00" loaded="6326" inserted="6234" running="97" waiting="92" ended="6137" arrived="6137" collisions="4" teleports="4" halting="4" stopped="0" meanWaitingTime="36.48" meanTravelTime="253.22" meanSpeed="23.36" meanSpeedRelative="0.73" duration="1"/>
    <step time="13200.00" loaded="6474" inserted="6369" running="105" waiting="105" ended="6264" arrived="6264" collisions="4" teleports="4" halting="0" stopped="0" meanWaitingTime="38.47" meanTravelTime="252.92" meanSpeed="24.59" meanSpeedRelative="0.77" duration="1"/>
    <step time="13500.00" loaded="6622" inserted="6520" running="127" waiting="102" ended="6393" arrived="6393" collisions="4" teleports="4" halting="2" stopped="0" meanWaitingTime="41.85" meanTravelTime="252.49" meanSpeed="24.33" meanSpeedRelative="0.76" duration="1"/>
    <step time="13800.00" loaded="6751" inserted="6657" running="108" waiting="94" ended="6549" arrived="6549" collisions="4" teleports="4" halting="2" stopped="0" meanWaitingTime="44.93" meanTravelTime="251.84" meanSpeed="23.59" meanSpeedRelative="0.74" duration="0"/>
    <step time="14100.00" loaded="6912" inserted="6805" running="109" waiting="107" ended="6696" arrived="6696" collisions="4" teleports="4" halting="0" stopped="0" meanWaitingTime="47.46" meanTravelTime="251.61" meanSpeed="24.13" meanSpeedRelative="0.75" duration="1"/>
    <step time="14400.00" loaded="7065" inserted="6960" running="117" waiting="105" ended="6843" arrived="6843" collisions="4" teleports="4" halting="1" stopped="0" meanWaitingTime="51.07" meanTravelTime="250.68" meanSpeed="23.86" meanSpeedRelative="0.75" duration="87"/>
    <step time="14700.00" loaded="7163" inserted="7060" running="98" waiting="103" ended="6962" arrived="6962" collisions="4" teleports="4" halting="3" stopped="0" meanWaitingTime="54.22" meanTravelTime="250.49" meanSpeed="24.11" meanSpeedRelative="0.75" duration="1"/>
    <step time="15000.00" loaded="7276" inserted="7165" running="88" waiting="111" ended="7077" arrived="7077" collisions="4" teleports="4" halting="0" stopped="0" meanWaitingTime="56.75" meanTravelTime="250.79" meanSpeed="24.05" meanSpeedRelative="0.75" duration="0"/>
    <step time="15300.00" loaded="7389" inserted="7285" running="87" waiting="104" ended="7198" arrived="7198" collisions="4" teleports="4" halting="1" stopped="0" meanWaitingTime="60.44" meanTravelTime="251.06" meanSpeed="25.38" meanSpeedRelative="0.79" duration="1"/>
    <step time="15600.00" loaded="7490" inserted="7388" running="80" waiting="102" ended="7308" arrived="7308" collisions="4" teleports="4" halting="3" stopped="0" meanWaitingTime="64.10" meanTravelTime="250.51" meanSpeed="24.32" meanSpeedRelative="0.76" duration="1"/>
    <step time="15900.00" loaded="7599" inserted="7492" running="80" waiting="107" ended="7412" arrived="7412" collisions="4" teleports="4" halting="3" stopped="0" meanWaitingTime="67.28" meanTravelTime="250.21" meanSpeed="24.55" meanSpeedRelative="0.77" duration="0"/>
    <step time="16200.00" loaded="7703" inserted="7601" running="79" waiting="102" ended="7522" arrived="7522" collisions="4" teleports="4" halting="2" stopped="0" meanWaitingTime="69.96" meanTravelTime="249.72" meanSpeed="23.92" meanSpeedRelative="0.75" duration="1"/>
    <step time="16500.00" loaded="7809" inserted="7709" running="77" waiting="100" ended="7632" arrived="7632" collisions="4" teleports="4" halting="1" stopped="0" meanWaitingTime="72.76" meanTravelTime="249.24" meanSpeed="24.94" meanSpeedRelative="0.78" duration="0"/>
    <step time="16800.00" loaded="7897" inserted="7796" running="70" waiting="101" ended="7726" arrived="7726" collisions="4" teleports="4" halting="1" stopped="0" meanWaitingTime="76.08" meanTravelTime="249.39" meanSpeed="24.93" meanSpeedRelative="0.78" duration="0"/>
    <step time="17100.00" loaded="7998" inserted="7902" running="72" waiting="96" ended="7830" arrived="7830" collisions="4" teleports="4" halting="3" stopped="0" meanWaitingTime="79.21" meanTravelTime="248.81" meanSpeed="23.72" meanSpeedRelative="0.74" duration="0"/>
    <step time="17400.00" loaded="8113" inserted="8015" running="79" waiting="98" ended="7936" arrived="7936" collisions="4" teleports="4" halting="5" stopped="0" meanWaitingTime="82.06" meanTravelTime="248.31" meanSpeed="23.59" meanSpeedRelative="0.74" duration="0"/>
    <step time="17700.00" loaded="8219" inserted="8121" running="80" waiting="98" ended="8041" arrived="8041" collisions="4" teleports="4" halting="1" stopped="0" meanWaitingTime="84.48" meanTravelTime="248.35" meanSpeed="24.19" meanSpeedRelative="0.76" duration="0"/>
    <step time="18000.00" loaded="8317" inserted="8225" running="76" waiting="92" ended="8149" arrived="8149" collisions="4" teleports="4" halting="1" stopped="0" meanWaitingTime="87.43" meanTravelTime="248.22" meanSpeed="24.83" meanSpeedRelative="0.78" duration="80"/>
    <step time="18300.00" loaded="8506" inserted="8402" running="114" waiting="104" ended="8288" arrived="8288" collisions="6" teleports="6" halting="4" stopped="0" meanWaitingTime="89.68" meanTravelTime="247.23" meanSpeed="24.05" meanSpeedRelative="0.75" duration="1"/>
    <step time="18600.00" loaded="8706" inserted="8578" running="143" waiting="128" ended="8435" arrived="8435" collisions="6" teleports="6" halting="1" stopped="0" meanWaitingTime="91.18" meanTravelTime="246.35" meanSpeed="24.97" meanSpeedRelative="0.78" duration="1"/>
    <step time="18900.00" loaded="8885" inserted="8754" running="136" waiting="131" ended="8618" arrived="8618" collisions="6" teleports="6" halting="0" stopped="0" meanWaitingTime="92.87" meanTravelTime="246.60" meanSpeed="25.69" meanSpeedRelative="0.80" duration="1"/>
    <step time="19200.00" loaded="9054" inserted="8915" running="123" waiting="139" ended="8792" arrived="8792" collisions="6" teleports="6" halting="3" stopped="0" meanWaitingTime="94.46" meanTravelTime="245.89" meanSpeed="24.29" meanSpeedRelative="0.76" duration="1"/>
    <step time="19500.00" loaded="9242" inserted="9084" running="146" waiting="158" ended="8938" arrived="8938" collisions="6" teleports="6" halting="0" stopped="0" meanWaitingTime="95.28" meanTravelTime="245.83" meanSpeed="24.45" meanSpeedRelative="0.76" duration="1"/>
    <step time="19800.00" loaded="9456" inserted="9291" running="156" waiting="165" ended="9135" arrived="9135" collisions="6" teleports="6" halting="0" stopped="0" meanWaitingTime="97.46" meanTravelTime="245.38" meanSpeed="24.76" meanSpeedRelative="0.77" duration="1"/>
    <step time="20100.00" loaded="9666" inserted="9480" running="163" waiting="186" ended="9317" arrived="9317" collisions="7" teleports="7" halting="2" stopped="0" meanWaitingTime="99.78" meanTravelTime="245.25" meanSpeed="24.73" meanSpeedRelative="0.77" duration="1"/>
    <step time="20400.00" loaded="9859" inserted="9657" running="141" waiting="202" ended="9516" arrived="9516" collisions="8" teleports="8" halting="5" stopped="0" meanWaitingTime="102.03" meanTravelTime="245.34" meanSpeed="24.19" meanSpeedRelative="0.76" duration="1"/>
    <step time="20700.00" loaded="10056" inserted="9832" running="161" waiting="224" ended="9671" arrived="9671" collisions="8" teleports="8" halting="2" stopped="0" meanWaitingTime="104.18" meanTravelTime="245.32" meanSpeed="23.83" meanSpeedRelative="0.74" duration="1"/>
    <step time="21000.00" loaded="10294" inserted="10041" running="182" waiting="253" ended="9859" arrived="9859" collisions="8" teleports="8" halting="1" stopped="0" meanWaitingTime="106.01" meanTravelTime="245.60" meanSpeed="23.35" meanSpeedRelative="0.73" duration="1"/>
    <step time="21300.00" loaded="10479" inserted="10212" running="138" waiting="267" ended="10074" arrived="10074" collisions="8" teleports="8" halting="3" stopped="0" meanWaitingTime="109.21" meanTravelTime="245.59" meanSpeed="24.51" meanSpeedRelative="0.77" duration="1"/>
    <step time="21600.00" loaded="10670" inserted="10401" running="147" waiting="269" ended="10254" arrived="10254" collisions="8" teleports="8" halting="2" stopped="0" meanWaitingTime="112.59" meanTravelTime="245.56" meanSpeed="24.05" meanSpeedRelative="0.75" duration="82"/>
    <step time="21900.00" loaded="11117" inserted="10770" running="291" waiting="347" ended="10479" arrived="10479" collisions="8" teleports="8" halting="8" stopped="0" meanWaitingTime="114.87" meanTravelTime="244.90" meanSpeed="22.35" meanSpeedRelative="0.70" duration="1"/>
    <step time="22200.00" loaded="11537" inserted="11107" running="330" waiting="430" ended="10777" arrived="10777" collisions="8" teleports="8" halting="9" stopped="0" meanWaitingTime="118.22" meanTravelTime="244.73" meanSpeed="22.48" meanSpeedRelative="0.70" duration="4"/>
    <step time="22500.00" loaded="12024" inserted="11501" running="391" waiting="523" ended="11110" arrived="11110" collisions="8" teleports="8" halting="8" stopped="0" meanWaitingTime="122.64" meanTravelTime="245.70" meanSpeed="20.42" meanSpeedRelative="0.64" duration="2"/>
    <step time="22800.00" loaded="12478" inserted="11868" running="390" waiting="610" ended="11478" arrived="11478" collisions="8" teleports="8" halting="4" stopped="0" meanWaitingTime="126.62" meanTravelTime="247.90" meanSpeed="21.07" meanSpeedRelative="0.66" duration="3"/>
    <step time="23100.00" loaded="12980" inserted="12273" running="398" waiting="707" ended="11875" arrived="11875" collisions="10" teleports="10" halting="5" stopped="0" meanWaitingTime="131.48" meanTravelTime="249.87" meanSpeed="20.67" meanSpeedRelative="0.65" duration="2"/>
    <step time="23400.00" loaded="13458" inserted="12665" running="415" waiting="793" ended="12250" arrived="12250" collisions="10" teleports="10" halting="10" stopped="0" meanWaitingTime="136.92" meanTravelTime="251.67" meanSpeed="21.03" meanSpeedRelative="0.66" duration="5"/>
    <step time="23700.00" loaded="13920" inserted="13045" running="407" waiting="875" ended="12638" arrived="12638" collisions="11" teleports="11" halting="5" stopped="0" meanWaitingTime="142.14" meanTravelTime="253.38" meanSpeed="21.05" meanSpeedRelative="0.66" duration="3"/>
    <step time="24000.00" loaded="14406" inserted="13419" running="400" waiting="987" ended="13019" arrived="13019" collisions="12" teleports="12" halting="3" stopped="0" meanWaitingTime="147.42" meanTravelTime="255.16" meanSpeed="21.07" meanSpeedRelative="0.66" duration="3"/>
    <step time="24300.00" loaded="14870" inserted="13805" running="418" waiting="1065" ended="13387" arrived="13387" collisions="12" teleports="12" halting="7" stopped="0" meanWaitingTime="154.67" meanTravelTime="257.15" meanSpeed="21.40" meanSpeedRelative="0.67" duration="3"/>
    <step time="24600.00" loaded="15334" inserted="14165" running="407" waiting="1169" ended="13758" arrived="13758" collisions="12" teleports="12" halting="8" stopped="0" meanWaitingTime="162.21" meanTravelTime="258.93" meanSpeed="20.79" meanSpeedRelative="0.65" duration="4"/>
    <step time="24900.00" loaded="15789" inserted="14534" running="409" waiting="1255" ended="14125" arrived="14125" collisions="12" teleports="12" halting="11" stopped="0" meanWaitingTime="170.00" meanTravelTime="260.84" meanSpeed="20.82" meanSpeedRelative="0.65" duration="3"/>
    <step time="25200.00" loaded="16242" inserted="14926" running="433" waiting="1316" ended="14493" arrived="14493" collisions="13" teleports="13" halting="3" stopped="0" meanWaitingTime="176.91" meanTravelTime="262.27" meanSpeed="20.20" meanSpeedRelative="0.63" duration="87"/>
    <step time="25500.00" loaded="16808" inserted="15350" running="461" waiting="1458" ended="14889" arrived="14889" collisions="13" teleports="13" halting="10" stopped="0" meanWaitingTime="186.35" meanTravelTime="264.12" meanSpeed="19.81" meanSpeedRelative="0.62" duration="2"/>
    <step time="25800.00" loaded="17399" inserted="15786" running="504" waiting="1613" ended="15282" arrived="15282" collisions="14" teleports="14" halting="1" stopped="0" meanWaitingTime="196.08" meanTravelTime="265.95" meanSpeed="20.18" meanSpeedRelative="0.63" duration="4"/>
    <step time="26100.00" loaded="18003" inserted="16238" running="528" waiting="1765" ended="15710" arrived="15710" collisions="15" teleports="15" halting="12" stopped="0" meanWaitingTime="207.11" meanTravelTime="268.25" meanSpeed="19.15" meanSpeedRelative="0.60" duration="4"/>
    <step time="26400.00" loaded="18562" inserted="16667" running="505" waiting="1895" ended="16162" arrived="16162" collisions="16" teleports="16" halting="3" stopped="0" meanWaitingTime="218.37" meanTravelTime="270.51" meanSpeed="19.29" meanSpeedRelative="0.60" duration="3"/>
    <step time="26700.00" loaded="19106" inserted="17109" running="496" waiting="1997" ended="16613" arrived="16613" collisions="16" teleports="16" halting="5" stopped="0" meanWaitingTime="230.81" meanTravelTime="272.13" meanSpeed="19.80" meanSpeedRelative="0.62" duration="4"/>
    <step time="27000.00" loaded="19655" inserted="17542" running="473" waiting="2113" ended="17069" arrived="17069" collisions="16" teleports="16" halting="5" stopped="0" meanWaitingTime="243.74" meanTravelTime="274.12" meanSpeed="19.75" meanSpeedRelative="0.62" duration="2"/>
    <step time="27300.00" loaded="20261" inserted="17995" running="500" waiting="2266" ended="17495" arrived="17495" collisions="16" teleports="16" halting="3" stopped="0" meanWaitingTime="255.89" meanTravelTime="275.72" meanSpeed="19.60" meanSpeedRelative="0.61" duration="3"/>
    <step time="27600.00" loaded="20809" inserted="18423" running="506" waiting="2386" ended="17917" arrived="17917" collisions="16" teleports="16" halting="6" stopped="0" meanWaitingTime="269.12" meanTravelTime="277.47" meanSpeed="18.88" meanSpeedRelative="0.59" duration="3"/>
    <step time="27900.00" loaded="21387" inserted="18888" running="519" waiting="2499" ended="18369" arrived="18369" collisions="17" teleports="17" halting="8" stopped="0" meanWaitingTime="284.19" meanTravelTime="278.81" meanSpeed="18.98" meanSpeedRelative="0.59" duration="4"/>
    <step time="28200.00" loaded="21941" inserted="19342" running="519" waiting="2599" ended="18823" arrived="18823" collisions="19" teleports="19" halting="5" stopped="0" meanWaitingTime="297.27" meanTravelTime="280.25" meanSpeed="18.13" meanSpeedRelative="0.57" duration="3"/>
    <step time="28500.00" loaded="22540" inserted="19789" running="526" waiting="2751" ended="19263" arrived="19263" collisions="20" teleports="20" halting="5" stopped="0" meanWaitingTime="310.21" meanTravelTime="281.57" meanSpeed="18.59" meanSpeedRelative="0.58" duration="3"/>
    <step time="28800.00" loaded="23053" inserted="20190" running="480" waiting="2863" ended="19710" arrived="19710" collisions="20" teleports="20" halting="4" stopped="0" meanWaitingTime="322.74" meanTravelTime="283.48" meanSpeed="19.61" meanSpeedRelative="0.61" duration="87"/>
    <step time="29100.00" loaded="23438" inserted="20587" running="457" waiting="2851" ended="20130" arrived="20130" collisions="20" teleports="20" halting="6" stopped="0" meanWaitingTime="337.87" meanTravelTime="285.00" meanSpeed="20.05" meanSpeedRelative="0.63" duration="3"/>
    <step time="29400.00" loaded="23779" inserted="20958" running="406" waiting="2821" ended="20552" arrived="20552" collisions="20" teleports="20" halting="6" stopped="0" meanWaitingTime="352.10" meanTravelTime="286.02" meanSpeed="20.73" meanSpeedRelative="0.65" duration="3"/>
    <step time="29700.00" loaded="24151" inserted="21331" running="416" waiting="2820" ended="20915" arrived="20915" collisions="20" teleports="20" halting="4" stopped="0" meanWaitingTime="365.76" meanTravelTime="286.76" meanSpeed="20.06" meanSpeedRelative="0.63" duration="3"/>
    <step time="30000.00" loaded="24505" inserted="21708" running="405" waiting="2797" ended="21303" arrived="21303" collisions="20" teleports="20" halting="5" stopped="0" meanWaitingTime="378.47" meanTravelTime="287.74" meanSpeed="20.06" meanSpeedRelative="0.63" duration="2"/>
    <step time="30300.00" loaded="24864" inserted="22105" running="410" waiting="2759" ended="21695" arrived="21695" collisions="20" teleports="20" halting="7" stopped="0" meanWaitingTime="391.97" meanTravelTime="288.43" meanSpeed="20.46" meanSpeedRelative="0.64" duration="4"/>
    <step time="30600.00" loaded="25240" inserted="22474" running="400" waiting="2766" ended="22074" arrived="22074" collisions="20" teleports="20" halting="8" stopped="0" meanWaitingTime="404.23" meanTravelTime="288.87" meanSpeed="21.13" meanSpeedRelative="0.66" duration="3"/>
    <step time="30900.00" loaded="25617" inserted="22859" running="411" waiting="2758" ended="22448" arrived="22448" collisions="21" teleports="21" halting="3" stopped="0" meanWaitingTime="415.90" meanTravelTime="289.33" meanSpeed="20.72" meanSpeedRelative="0.65" duration="3"/>
    <step time="31200.00" loaded="25967" inserted="23211" running="387" waiting="2756" ended="22824" arrived="22824" collisions="21" teleports="21" halting="3" stopped="0" meanWaitingTime="427.99" meanTravelTime="289.65" meanSpeed="21.81" meanSpeedRelative="0.68" duration="4"/>
    <step time="31500.00" loaded="26350" inserted="23586" running="386" waiting="2764" ended="23200" arrived="23200" collisions="21" teleports="21" halting="7" stopped="0" meanWaitingTime="438.86" meanTravelTime="290.30" meanSpeed="20.70" meanSpeedRelative="0.65" duration="3"/>
    <step time="31800.00" loaded="26690" inserted="23929" running="325" waiting="2761" ended="23604" arrived="23604" collisions="22" teleports="22" halting="2" stopped="0" meanWaitingTime="450.40" meanTravelTime="290.53" meanSpeed="22.22" meanSpeedRelative="0.69" duration="3"/>
    <step time="32100.00" loaded="27025" inserted="24240" running="287" waiting="2785" ended="23953" arrived="23953" collisions="22" teleports="22" halting="7" stopped="0" meanWaitingTime="461.30" meanTravelTime="290.56" meanSpeed="23.08" meanSpeedRelative="0.72" duration="2"/>
    <step time="32400.00" loaded="27371" inserted="24563" running="296" waiting="2808" ended="24267" arrived="24267" collisions="24" teleports="24" halting="5" stopped="0" meanWaitingTime="472.55" meanTravelTime="290.48" meanSpeed="22.24" meanSpeedRelative="0.70" duration="88"/>
    <step time="32700.00" loaded="27636" inserted="24840" running="267" waiting="2796" ended="24573" arrived="24573" collisions="25" teleports="25" halting="3" stopped="0" meanWaitingTime="486.14" meanTravelTime="290.66" meanSpeed="23.10" meanSpeedRelative="0.72" duration="2"/>
    <step time="33000.00" loaded="27907" inserted="25096" running="218" waiting="2811" ended="24878" arrived="24878" collisions="26" teleports="26" halting="2" stopped="0" meanWaitingTime="499.22" meanTravelTime="290.47" meanSpeed="23.66" meanSpeedRelative="0.74" duration="2"/>
    <step time="33300.00" loaded="28192" inserted="25374" running="257" waiting="2818" ended="25117" arrived="25117" collisions="27" teleports="27" halting="4" stopped="0" meanWaitingTime="512.13" meanTravelTime="290.38" meanSpeed="23.20" meanSpeedRelative="0.73" duration="3"/>
    <step time="33600.00" loaded="28458" inserted="25628" running="238" waiting="2830" ended="25390" arrived="25390" collisions="27" teleports="27" halting="1" stopped="0" meanWaitingTime="526.43" meanTravelTime="290.11" meanSpeed="23.24" meanSpeedRelative="0.73" duration="3"/>
    <step time="33900.00" loaded="28712" inserted="25876" running="226" waiting="2836" ended="25650" arrived="25650" collisions="28" teleports="28" halting="5" stopped="0" meanWaitingTime="541.53" meanTravelTime="289.96" meanSpeed="22.79" meanSpeedRelative="0.71" duration="2"/>
    <step time="34200.00" loaded="28994" inserted="26153" running="224" waiting="2841" ended="25929" arrived="25929" collisions="28" teleports="28" halting="3" stopped="0" meanWaitingTime="555.11" meanTravelTime="289.73" meanSpeed="23.56" meanSpeedRelative="0.74" duration="2"/>
    <step time="34500.00" loaded="29243" inserted="26392" running="203" waiting="2851" ended="26189" arrived="26189" collisions="29" teleports="29" halting="1" stopped="0" meanWaitingTime="569.52" meanTravelTime="289.35" meanSpeed="23.54" meanSpeedRelative="0.74" duration="2"/>
    <step time="34800.00" loaded="29542" inserted="26683" running="263" waiting="2859" ended="26420" arrived="26420" collisions="29" teleports="29" halting="3" stopped="0" meanWaitingTime="583.53" meanTravelTime="289.08" meanSpeed="23.67" meanSpeedRelative="0.74" duration="3"/>
    <step time="35100.00" loaded="29815" inserted="26962" running="252" waiting="2853" ended="26710" arrived="26710" collisions="31" teleports="31" halting="2" stopped="0" meanWaitingTime="598.25" meanTravelTime="288.84" meanSpeed="23.47" meanSpeedRelative="0.73" duration="3"/>
    <step time="35400.00" loaded="30089" inserted="27229" running="244" waiting="2860" ended="26985" arrived="26985" collisions="31" teleports="31" halting="4" stopped="0" meanWaitingTime="612.73" meanTravelTime="288.70" meanSpeed="23.63" meanSpeedRelative="0.74" duration="2"/>
    <step time="35700.00" loaded="30358" inserted="27496" running="238" waiting="2862" ended="27258" arrived="27258" collisions="31" teleports="31" halting="3" stopped="0" meanWaitingTime="627.24" meanTravelTime="288.45" meanSpeed="23.05" meanSpeedRelative="0.72" duration="2"/>
    <step time="36000.00" loaded="30613" inserted="27756" running="245" waiting="2857" ended="27511" arrived="27511" collisions="31" teleports="31" halting="4" stopped="0" meanWaitingTime="641.98" meanTravelTime="288.39" meanSpeed="23.48" meanSpeedRelative="0.73" duration="84"/>
    <step time="36300.00" loaded="31109" inserted="28162" running="354" waiting="2947" ended="27808" arrived="27808" collisions="32" teleports="32" halting="3" stopped="0" meanWaitingTime="653.75" meanTravelTime="288.08" meanSpeed="22.87" meanSpeedRelative="0.71" duration="3"/>
    <step time="36600.00" loaded="31614" inserted="28593" running="429" waiting="3021" ended="28164" arrived="28164" collisions="33" teleports="33" halting="5" stopped="0" meanWaitingTime="668.07" meanTravelTime="287.96" meanSpeed="20.68" meanSpeedRelative="0.65" duration="2"/>
    <step time="36900.00" loaded="32049" inserted="28960" running="412" waiting="3089" ended="28548" arrived="28548" collisions="33" teleports="33" halting="4" stopped="0" meanWaitingTime="683.99" meanTravelTime="288.24" meanSpeed="20.90" meanSpeedRelative="0.65" duration="4"/>
    <step time="37200.00" loaded="32520" inserted="29361" running="412" waiting="3159" ended="28949" arrived="28949" collisions="34" teleports="34" halting="4" stopped="0" meanWaitingTime="697.86" meanTravelTime="288.71" meanSpeed="21.69" meanSpeedRelative="0.68" duration="3"/>
    <step time="37500.00" loaded="32956" inserted="29753" running="410" waiting="3203" ended="29343" arrived="29343" collisions="34" teleports="34" halting="9" stopped="0" meanWaitingTime="710.55" meanTravelTime="288.83" meanSpeed="22.01" meanSpeedRelative="0.69" duration="5"/>
    <step time="37800.00" loaded="33411" inserted="30167" running="434" waiting="3244" ended="29733" arrived="29733" collisions="35" teleports="35" halting="3" stopped="0" meanWaitingTime="724.93" meanTravelTime="289.28" meanSpeed="21.30" meanSpeedRelative="0.67" duration="3"/>
    <step time="38100.00" loaded="33869" inserted="30573" running="432" waiting="3296" ended="30141" arrived="30141" collisions="35" teleports="35" halting="6" stopped="0" meanWaitingTime="740.14" meanTravelTime="289.52" meanSpeed="21.07" meanSpeedRelative="0.66" duration="5"/>
    <step time="38400.00" loaded="34372" inserted="30978" running="440" waiting="3394" ended="30538" arrived="30538" collisions="35" teleports="35" halting="7" stopped="0" meanWaitingTime="752.68" meanTravelTime="289.97" meanSpeed="21.08" meanSpeedRelative="0.66" duration="3"/>
    <step time="38700.00" loaded="34864" inserted="31395" running="443" waiting="3469" ended="30952" arrived="30952" collisions="37" teleports="37" halting="8" stopped="0" meanWaitingTime="767.43" meanTravelTime="290.39" meanSpeed="21.01" meanSpeedRelative="0.66" duration="2"/>
    <step time="39000.00" loaded="35313" inserted="31786" running="416" waiting="3527" ended="31370" arrived="31370" collisions="37" teleports="37" halting="4" stopped="0" meanWaitingTime="781.34" meanTravelTime="290.67" meanSpeed="20.44" meanSpeedRelative="0.64" duration="3"/>
    <step time="39300.00" loaded="35809" inserted="32216" running="448" waiting="3593" ended="31768" arrived="31768" collisions="37" teleports="37" halting="8" stopped="0" meanWaitingTime="794.66" meanTravelTime="291.07" meanSpeed="20.73" meanSpeedRelative="0.65" duration="3"/>
    <step time="39600.00" loaded="36285" inserted="32620" running="442" waiting="3665" ended="32178" arrived="32178" collisions="40" teleports="40" halting="2" stopped="0" meanWaitingTime="808.59" meanTravelTime="291.52" meanSpeed="20.63" meanSpeedRelative="0.64" duration="89"/>
    <step time="39900.00" loaded="36819" inserted="33054" running="464" waiting="3765" ended="32590" arrived="32590" collisions="41" teleports="41" halting="6" stopped="0" meanWaitingTime="821.48" meanTravelTime="291.87" meanSpeed="20.73" meanSpeedRelative="0.65" duration="4"/>
    <step time="40200.00" loaded="37331" inserted="33498" running="488" waiting="3833" ended="33010" arrived="33010" collisions="42" teleports="42" halting="10" stopped="0" meanWaitingTime="833.30" meanTravelTime="292.51" meanSpeed="20.10" meanSpeedRelative="0.63" duration="4"/>
    <step time="40500.00" loaded="37868" inserted="33926" running="498" waiting="3942" ended="33428" arrived="33428" collisions="42" teleports="42" halting="1" stopped="0" meanWaitingTime="846.80" meanTravelTime="292.89" meanSpeed="20.26" meanSpeedRelative="0.63" duration="4"/>
    <step time="40800.00" loaded="38388" inserted="34337" running="485" waiting="4051" ended="33852" arrived="33852" collisions="42" teleports="42" halting="6" stopped="0" meanWaitingTime="861.50" meanTravelTime="293.60" meanSpeed="19.84" meanSpeedRelative="0.62" duration="5"/>
    <step time="41100.00" loaded="38952" inserted="34808" running="487" waiting="4144" ended="34321" arrived="34321" collisions="44" teleports="44" halting="5" stopped="0" meanWaitingTime="875.71" meanTravelTime="294.33" meanSpeed="20.01" meanSpeedRelative="0.63" duration="4"/>
    <step time="41400.00" loaded="39463" inserted="35241" running="489" waiting="4222" ended="34752" arrived="34752" collisions="45" teleports="45" halting="4" stopped="0" meanWaitingTime="888.74" meanTravelTime="294.69" meanSpeed="19.80" meanSpeedRelative="0.62" duration="3"/>
    <step time="41700.00" loaded="39957" inserted="35660" running="476" waiting="4297" ended="35184" arrived="35184" collisions="46" teleports="46" halting="8" stopped="0" meanWaitingTime="900.30" meanTravelTime="295.12" meanSpeed="20.05" meanSpeedRelative="0.63" duration="5"/>
    <step time="42000.00" loaded="40461" inserted="36077" running="467" waiting="4384" ended="35610" arrived="35610" collisions="48" teleports="48" halting="2" stopped="0" meanWaitingTime="914.96" meanTravelTime="295.49" meanSpeed="20.37" meanSpeedRelative="0.64" duration="4"/>
    <step time="42300.00" loaded="40946" inserted="36487" running="463" waiting="4459" ended="36024" arrived="36024" collisions="48" teleports="48" halting="4" stopped="0" meanWaitingTime="927.58" meanTravelTime="296.15" meanSpeed="20.90" meanSpeedRelative="0.65" duration="3"/>
    <step time="42600.00" loaded="41460" inserted="36918" running="462" waiting="4542" ended="36456" arrived="36456" collisions="50" teleports="50" halting="4" stopped="0" meanWaitingTime="941.49" meanTravelTime="296.60" meanSpeed="20.11" meanSpeedRelative="0.63" duration="3"/>
    <step time="42900.00" loaded="41983" inserted="37338" running="473" waiting="4645" ended="36865" arrived="36865" collisions="50" teleports="50" halting="10" stopped="0" meanWaitingTime="955.34" meanTravelTime="296.85" meanSpeed="18.91" meanSpeedRelative="0.59" duration="5"/>
    <step time="43200.00" loaded="42481" inserted="37727" running="459" waiting="4754" ended="37268" arrived="37268" collisions="50" teleports="50" halting="5" stopped="0" meanWaitingTime="968.70" meanTravelTime="297.59" meanSpeed="19.60" meanSpeedRelative="0.61" duration="97"/>
    <step time="43500.00" loaded="43012" inserted="38178" running="502" waiting="4834" ended="37676" arrived="37676" collisions="51" teleports="51" halting="4" stopped="0" meanWaitingTime="982.74" meanTravelTime="298.03" meanSpeed="20.18" meanSpeedRelative="0.63" duration="5"/>
    <step time="43800.00" loaded="43553" inserted="38626" running="526" waiting="4927" ended="38100" arrived="38100" collisions="51" teleports="51" halting="4" stopped="0" meanWaitingTime="995.75" meanTravelTime="298.30" meanSpeed="19.65" meanSpeedRelative="0.61" duration="5"/>
    <step time="44100.00" loaded="44066" inserted="39052" running="507" waiting="5014" ended="38545" arrived="38545" collisions="53" teleports="53" halting="7" stopped="0" meanWaitingTime="1010.69" meanTravelTime="298.91" meanSpeed="19.46" meanSpeedRelative="0.61" duration="4"/>
    <step time="44400.00" loaded="44614" inserted="39507" running="529" waiting="5107" ended="38978" arrived="38978" collisions="53" teleports="53" halting="7" stopped="0" meanWaitingTime="1024.29" meanTravelTime="299.53" meanSpeed="19.66" meanSpeedRelative="0.61" duration="4"/>
    <step time="44700.00" loaded="45185" inserted="39952" running="545" waiting="5233" ended="39407" arrived="39407" collisions="53" teleports="53" halting="8" stopped="0" meanWaitingTime="1036.39" meanTravelTime="300.07" meanSpeed="19.14" meanSpeedRelative="0.60" duration="5"/>
    <step time="45000.00" loaded="45694" inserted="40362" running="519" waiting="5332" ended="39843" arrived="39843" collisions="53" teleports="53" halting="3" stopped="0" meanWaitingTime="1049.35" meanTravelTime="300.81" meanSpeed="19.86" meanSpeedRelative="0.62" duration="5"/>
    <step time="45300.00" loaded="46233" inserted="40807" running="539" waiting="5426" ended="40268" arrived="40268" collisions="53" teleports="53" halting="6" stopped="0" meanWaitingTime="1061.86" meanTravelTime="301.73" meanSpeed="19.31" meanSpeedRelative="0.60" duration="4"/>
    <step time="45600.00" loaded="46745" inserted="41223" running="497" waiting="5522" ended="40726" arrived="40726" collisions="56" teleports="56" halting="8" stopped="0" meanWaitingTime="1074.10" meanTravelTime="302.47" meanSpeed="19.73" meanSpeedRelative="0.62" duration="4"/>
    <step time="45900.00" loaded="47306" inserted="41669" running="522" waiting="5637" ended="41147" arrived="41147" collisions="57" teleports="57" halting="5" stopped="0" meanWaitingTime="1087.99" meanTravelTime="303.00" meanSpeed="19.80" meanSpeedRelative="0.62" duration="5"/>
    <step time="46200.00" loaded="47847" inserted="42133" running="539" waiting="5714" ended="41594" arrived="41594" collisions="58" teleports="58" halting="8" stopped="0" meanWaitingTime="1102.48" meanTravelTime="303.62" meanSpeed="19.79" meanSpeedRelative="0.62" duration="4"/>
    <step time="46500.00" loaded="48379" inserted="42580" running="543" waiting="5799" ended="42037" arrived="42037" collisions="59" teleports="59" halting="4" stopped="0" meanWaitingTime="1115.78" meanTravelTime="304.09" meanSpeed="19.01" meanSpeedRelative="0.59" duration="4"/>
    <step time="46800.00" loaded="48906" inserted="43033" running="558" waiting="5873" ended="42475" arrived="42475" collisions="60" teleports="60" halting="5" stopped="0" meanWaitingTime="1129.63" meanTravelTime="304.62" meanSpeed="18.82" meanSpeedRelative="0.59" duration="94"/>
    <step time="47100.00" loaded="49419" inserted="43431" running="525" waiting="5988" ended="42906" arrived="42906" collisions="61" teleports="61" halting="5" stopped="0" meanWaitingTime="1144.24" meanTravelTime="305.24" meanSpeed="19.38" meanSpeedRelative="0.61" duration="5"/>
    <step time="47400.00" loaded="49920" inserted="43874" running="536" waiting="6046" ended="43338" arrived="43338" collisions="65" teleports="65" halting="3" stopped="0" meanWaitingTime="1156.78" meanTravelTime="305.93" meanSpeed="19.87" meanSpeedRelative="0.62" duration="5"/>
    <step time="47700.00" loaded="50457" inserted="44333" running="533" waiting="6124" ended="43800" arrived="43800" collisions="65" teleports="65" halting="7" stopped="0" meanWaitingTime="1170.94" meanTravelTime="306.55" meanSpeed="19.65" meanSpeedRelative="0.61" duration="4"/>
    <step time="48000.00" loaded="51015" inserted="44782" running="553" waiting="6233" ended="44229" arrived="44229" collisions="66" teleports="66" halting="8" stopped="0" meanWaitingTime="1181.67" meanTravelTime="307.15" meanSpeed="18.46" meanSpeedRelative="0.58" duration="7"/>
    <step time="48300.00" loaded="51527" inserted="45200" running="538" waiting="6327" ended="44662" arrived="44662" collisions="66" teleports="66" halting="2" stopped="0" meanWaitingTime="1193.76" meanTravelTime="307.83" meanSpeed="19.37" meanSpeedRelative="0.61" duration="5"/>
    <step time="48600.00" loaded="52084" inserted="45642" running="525" waiting="6442" ended="45117" arrived="45117" collisions="67" teleports="67" halting="1" stopped="0" meanWaitingTime="1207.34" meanTravelTime="308.29" meanSpeed="19.32" meanSpeedRelative="0.60" duration="4"/>
    <step time="48900.00" loaded="52579" inserted="46076" running="510" waiting="6503" ended="45566" arrived="45566" collisions="69" teleports="69" halting="4" stopped="0" meanWaitingTime="1222.13" meanTravelTime="308.85" meanSpeed="19.85" meanSpeedRelative="0.62" duration="7"/>
    <step time="49200.00" loaded="53131" inserted="46520" running="526" waiting="6611" ended="45994" arrived="45994" collisions="70" teleports="70" halting="13" stopped="0" meanWaitingTime="1236.73" meanTravelTime="309.48" meanSpeed="19.30" meanSpeedRelative="0.60" duration="7"/>
    <step time="49500.00" loaded="53651" inserted="46983" running="528" waiting="6668" ended="46455" arrived="46455" collisions="74" teleports="74" halting="4" stopped="0" meanWaitingTime="1253.92" meanTravelTime="309.82" meanSpeed="19.53" meanSpeedRelative="0.61" duration="6"/>
    <step time="49800.00" loaded="54182" inserted="47436" running="555" waiting="6746" ended="46881" arrived="46881" collisions="74" teleports="74" halting="10" stopped="0" meanWaitingTime="1269.23" meanTravelTime="310.09" meanSpeed="19.43" meanSpeedRelative="0.61" duration="5"/>
    <step time="50100.00" loaded="54743" inserted="47890" running="557" waiting="6853" ended="47333" arrived="47333" collisions="75" teleports="75" halting="5" stopped="0" meanWaitingTime="1283.01" meanTravelTime="310.55" meanSpeed="19.43" meanSpeedRelative="0.61" duration="6"/>
    <step time="50400.00" loaded="55278" inserted="48355" running="565" waiting="6923" ended="47790" arrived="47790" collisions="75" teleports="75" halting="5" stopped="0" meanWaitingTime="1298.96" meanTravelTime="310.99" meanSpeed="19.75" meanSpeedRelative="0.62" duration="95"/>
    <step time="50700.00" loaded="55980" inserted="48895" running="615" waiting="7085" ended="48280" arrived="48280" collisions="76" teleports="76" halting="9" stopped="0" meanWaitingTime="1313.68" meanTravelTime="311.62" meanSpeed="17.96" meanSpeedRelative="0.56" duration="7"/>
    <step time="51000.00" loaded="56708" inserted="49436" running="686" waiting="7272" ended="48750" arrived="48750" collisions="76" teleports="76" halting="2" stopped="0" meanWaitingTime="1328.53" meanTravelTime="311.98" meanSpeed="17.68" meanSpeedRelative="0.55" duration="9"/>
    <step time="51300.00" loaded="57456" inserted="49973" running="717" waiting="7483" ended="49256" arrived="49256" collisions="79" teleports="79" halting="4" stopped="0" meanWaitingTime="1343.84" meanTravelTime="312.64" meanSpeed="16.14" meanSpeedRelative="0.50" duration="8"/>
    <step time="51600.00" loaded="58154" inserted="50512" running="758" waiting="7642" ended="49754" arrived="49754" collisions="81" teleports="81" halting="10" stopped="0" meanWaitingTime="1359.35" meanTravelTime="313.59" meanSpeed="15.85" meanSpeedRelative="0.50" duration="8"/>
    <step time="51900.00" loaded="58894" inserted="51040" running="784" waiting="7854" ended="50256" arrived="50256" collisions="84" teleports="84" halting="7" stopped="0" meanWaitingTime="1372.35" meanTravelTime="314.70" meanSpeed="15.22" meanSpeedRelative="0.48" duration="9"/>
    <step time="52200.00" loaded="59627" inserted="51555" running="806" waiting="8072" ended="50749" arrived="50749" collisions="87" teleports="87" halting="5" stopped="0" meanWaitingTime="1385.55" meanTravelTime="316.07" meanSpeed="14.47" meanSpeedRelative="0.45" duration="8"/>
    <step time="52500.00" loaded="60355" inserted="52089" running="807" waiting="8266" ended="51282" arrived="51282" collisions="89" teleports="89" halting="10" stopped="0" meanWaitingTime="1398.46" meanTravelTime="317.78" meanSpeed="14.84" meanSpeedRelative="0.46" duration="8"/>
    <step time="52800.00" loaded="61091" inserted="52605" running="826" waiting="8486" ended="51779" arrived="51779" collisions="89" teleports="89" halting="7" stopped="0" meanWaitingTime="1411.42" meanTravelTime="319.27" meanSpeed="14.47" meanSpeedRelative="0.45" duration="7"/>
    <step time="53100.00" loaded="61801" inserted="53111" running="835" waiting="8690" ended="52276" arrived="52276" collisions="89" teleports="89" halting="10" stopped="0" meanWaitingTime="1424.10" meanTravelTime="320.87" meanSpeed="13.87" meanSpeedRelative="0.43" duration="9"/>
    <step time="53400.00" loaded="62492" inserted="53616" running="844" waiting="8876" ended="52772" arrived="52772" collisions="90" teleports="90" halting="4" stopped="0" meanWaitingTime="1439.95" meanTravelTime="322.36" meanSpeed="13.96" meanSpeedRelative="0.44" duration="12"/>
    <step time="53700.00" loaded="63174" inserted="54135" running="838" waiting="9039" ended="53297" arrived="53297" collisions="90" teleports="90" halting="12" stopped="0" meanWaitingTime="1456.88" meanTravelTime="323.91" meanSpeed="14.53" meanSpeedRelative="0.45" duration="9"/>
    <step time="54000.00" loaded="63849" inserted="54649" running="820" waiting="9200" ended="53829" arrived="53829" collisions="92" teleports="92" halting="10" stopped="0" meanWaitingTime="1472.73" meanTravelTime="325.68" meanSpeed="14.36" meanSpeedRelative="0.45" duration="94"/>
    <step time="54300.00" loaded="64320" inserted="55066" running="728" waiting="9254" ended="54338" arrived="54338" collisions="94" teleports="94" halting="5" stopped="0" meanWaitingTime="1486.62" meanTravelTime="327.14" meanSpeed="15.53" meanSpeedRelative="0.49" duration="6"/>
    <step time="54600.00" loaded="64808" inserted="55502" running="689" waiting="9306" ended="54813" arrived="54813" collisions="94" teleports="94" halting="4" stopped="0" meanWaitingTime="1503.48" meanTravelTime="328.36" meanSpeed="15.83" meanSpeedRelative="0.49" duration="10"/>
    <step time="54900.00" loaded="65266" inserted="55963" running="690" waiting="9303" ended="55273" arrived="55273" collisions="94" teleports="94" halting="9" stopped="0" meanWaitingTime="1521.50" meanTravelTime="329.47" meanSpeed="16.12" meanSpeedRelative="0.50" duration="6"/>
    <step time="55200.00" loaded="65726" inserted="56415" running="651" waiting="9311" ended="55764" arrived="55764" collisions="94" teleports="94" halting="4" stopped="0" meanWaitingTime="1538.84" meanTravelTime="330.65" meanSpeed="17.22" meanSpeedRelative="0.54" duration="8"/>
    <step time="55500.00" loaded="66202" inserted="56868" running="673" waiting="9334" ended="56195" arrived="56195" collisions="97" teleports="97" halting="8" stopped="0" meanWaitingTime="1557.25" meanTravelTime="331.49" meanSpeed="16.59" meanSpeedRelative="0.52" duration="6"/>
    <step time="55800.00" loaded="66659" inserted="57291" running="646" waiting="9368" ended="56645" arrived="56645" collisions="102" teleports="102" halting="3" stopped="0" meanWaitingTime="1573.30" meanTravelTime="332.34" meanSpeed="16.52" meanSpeedRelative="0.52" duration="6"/>
    <step time="56100.00" loaded="67101" inserted="57693" running="598" waiting="9408" ended="57095" arrived="57095" collisions="102" teleports="102" halting="4" stopped="0" meanWaitingTime="1590.19" meanTravelTime="333.04" meanSpeed="18.56" meanSpeedRelative="0.58" duration="6"/>
    <step time="56400.00" loaded="67556" inserted="58130" running="587" waiting="9426" ended="57543" arrived="57543" collisions="102" teleports="102" halting="8" stopped="0" meanWaitingTime="1608.33" meanTravelTime="333.91" meanSpeed="18.14" meanSpeedRelative="0.57" duration="6"/>
    <step time="56700.00" loaded="67999" inserted="58571" running="571" waiting="9428" ended="58000" arrived="58000" collisions="103" teleports="103" halting="3" stopped="0" meanWaitingTime="1625.12" meanTravelTime="334.67" meanSpeed="18.92" meanSpeedRelative="0.59" duration="7"/>
    <step time="57000.00" loaded="68423" inserted="59016" running="555" waiting="9407" ended="58461" arrived="58461" collisions="104" teleports="104" halting="3" stopped="0" meanWaitingTime="1643.50" meanTravelTime="334.99" meanSpeed="17.81" meanSpeedRelative="0.56" duration="6"/>
    <step time="57300.00" loaded="68909" inserted="59460" running="554" waiting="9449" ended="58906" arrived="58906" collisions="105" teleports="105" halting="5" stopped="0" meanWaitingTime="1661.28" meanTravelTime="335.48" meanSpeed="19.25" meanSpeedRelative="0.60" duration="9"/>
    <step time="57600.00" loaded="69348" inserted="59889" running="552" waiting="9459" ended="59337" arrived="59337" collisions="110" teleports="110" halting="9" stopped="0" meanWaitingTime="1679.86" meanTravelTime="335.46" meanSpeed="18.79" meanSpeedRelative="0.59" duration="88"/>
    <step time="57900.00" loaded="69903" inserted="60356" running="558" waiting="9547" ended="59798" arrived="59798" collisions="111" teleports="111" halting="9" stopped="0" meanWaitingTime="1697.07" meanTravelTime="336.01" meanSpeed="18.85" meanSpeedRelative="0.59" duration="7"/>
    <step time="58200.00" loaded="70453" inserted="60849" running="580" waiting="9604" ended="60269" arrived="60269" collisions="113" teleports="113" halting="2" stopped="0" meanWaitingTime="1715.68" meanTravelTime="336.18" meanSpeed="19.21" meanSpeedRelative="0.60" duration="5"/>
    <step time="58500.00" loaded="71025" inserted="61326" running="601" waiting="9699" ended="60725" arrived="60725" collisions="114" teleports="114" halting="7" stopped="0" meanWaitingTime="1732.14" meanTravelTime="336.28" meanSpeed="17.97" meanSpeedRelative="0.56" duration="6"/>
    <step time="58800.00" loaded="71578" inserted="61805" running="610" waiting="9773" ended="61195" arrived="61195" collisions="114" teleports="114" halting="8" stopped="0" meanWaitingTime="1748.75" meanTravelTime="336.52" meanSpeed="18.33" meanSpeedRelative="0.57" duration="9"/>
    <step time="59100.00" loaded="72130" inserted="62274" running="610" waiting="9856" ended="61664" arrived="61664" collisions="115" teleports="115" halting="6" stopped="0" meanWaitingTime="1766.51" meanTravelTime="336.97" meanSpeed="18.26" meanSpeedRelative="0.57" duration="7"/>
    <step time="59400.00" loaded="72674" inserted="62753" running="624" waiting="9921" ended="62129" arrived="62129" collisions="119" teleports="119" halting="10" stopped="0" meanWaitingTime="1783.09" meanTravelTime="337.38" meanSpeed="18.06" meanSpeedRelative="0.56" duration="10"/>
    <step time="59700.00" loaded="73229" inserted="63253" running="645" waiting="9976" ended="62608" arrived="62608" collisions="121" teleports="121" halting="4" stopped="0" meanWaitingTime="1801.17" meanTravelTime="337.76" meanSpeed="17.62" meanSpeedRelative="0.55" duration="9"/>
    <step time="60000.00" loaded="73750" inserted="63740" running="652" waiting="10010" ended="63088" arrived="63088" collisions="126" teleports="126" halting="7" stopped="0" meanWaitingTime="1817.04" meanTravelTime="338.21" meanSpeed="17.86" meanSpeedRelative="0.56" duration="6"/>
    <step time="60300.00" loaded="74306" inserted="64211" running="643" waiting="10095" ended="63568" arrived="63568" collisions="130" teleports="130" halting="5" stopped="0" meanWaitingTime="1835.33" meanTravelTime="338.67" meanSpeed="17.74" meanSpeedRelative="0.55" duration="9"/>
    <step time="60600.00" loaded="74833" inserted="64695" running="679" waiting="10138" ended="64016" arrived="64016" collisions="130" teleports="130" halting="6" stopped="0" meanWaitingTime="1852.60" meanTravelTime="339.01" meanSpeed="17.50" meanSpeedRelative="0.55" duration="8"/>
    <step time="60900.00" loaded="75440" inserted="65177" running="716" waiting="10263" ended="64461" arrived="64461" collisions="131" teleports="131" halting="7" stopped="0" meanWaitingTime="1868.12" meanTravelTime="339.49" meanSpeed="17.21" meanSpeedRelative="0.54" duration="7"/>
    <step time="61200.00" loaded="76017" inserted="65656" running="686" waiting="10361" ended="64970" arrived="64970" collisions="131" teleports="131" halting="13" stopped="0" meanWaitingTime="1884.75" meanTravelTime="340.42" meanSpeed="16.87" meanSpeedRelative="0.53" duration="87"/>
    <step time="61500.00" loaded="76085" inserted="65976" running="549" waiting="10109" ended="65427" arrived="65427" collisions="132" teleports="132" halting="7" stopped="0" meanWaitingTime="1906.25" meanTravelTime="341.34" meanSpeed="17.50" meanSpeedRelative="0.55" duration="8"/>
    <step time="61800.00" loaded="76141" inserted="66287" running="470" waiting="9854" ended="65817" arrived="65817" collisions="133" teleports="133" halting="7" stopped="0" meanWaitingTime="1928.85" meanTravelTime="342.07" meanSpeed="18.09" meanSpeedRelative="0.57" duration="7"/>
    <step time="62100.00" loaded="76220" inserted="66606" running="425" waiting="9614" ended="66181" arrived="66181" collisions="134" teleports="134" halting="4" stopped="0" meanWaitingTime="1952.62" meanTravelTime="342.66" meanSpeed="19.36" meanSpeedRelative="0.60" duration="6"/>
    <step time="62400.00" loaded="76285" inserted="66872" running="343" waiting="9413" ended="66529" arrived="66529" collisions="139" teleports="139" halting="2" stopped="0" meanWaitingTime="1972.82" meanTravelTime="343.12" meanSpeed="21.58" meanSpeedRelative="0.67" duration="4"/>
    <step time="62700.00" loaded="76364" inserted="67134" running="331" waiting="9230" ended="66803" arrived="66803" collisions="139" teleports="139" halting="4" stopped="0" meanWaitingTime="1991.41" meanTravelTime="343.35" meanSpeed="20.89" meanSpeedRelative="0.65" duration="3"/>
    <step time="63000.00" loaded="76448" inserted="67395" running="307" waiting="9053" ended="67088" arrived="67088" collisions="140" teleports="140" halting="2" stopped="0" meanWaitingTime="2008.96" meanTravelTime="343.49" meanSpeed="21.28" meanSpeedRelative="0.67" duration="4"/>
    <step time="63300.00" loaded="76522" inserted="67603" running="268" waiting="8919" ended="67335" arrived="67335" collisions="140" teleports="140" halting="5" stopped="0" meanWaitingTime="2025.86" meanTravelTime="343.58" meanSpeed="20.93" meanSpeedRelative="0.65" duration="3"/>
    <step time="63600.00" loaded="76592" inserted="67807" running="224" waiting="8785" ended="67583" arrived="67583" collisions="140" teleports="140" halting="2" stopped="0" meanWaitingTime="2045.83" meanTravelTime="343.68" meanSpeed="23.23" meanSpeedRelative="0.73" duration="3"/>
    <step time="63900.00" loaded="76664" inserted="68013" running="219" waiting="8651" ended="67794" arrived="67794" collisions="141" teleports="141" halting="7" stopped="0" meanWaitingTime="2066.35" meanTravelTime="343.67" meanSpeed="21.20" meanSpeedRelative="0.66" duration="6"/>
    <step time="64200.00" loaded="76749" inserted="68221" running="229" waiting="8528" ended="67992" arrived="67992" collisions="141" teleports="141" halting="2" stopped="0" meanWaitingTime="2085.56" meanTravelTime="343.65" meanSpeed="22.33" meanSpeedRelative="0.70" duration="3"/>
    <step time="64500.00" loaded="76821" inserted="68425" running="211" waiting="8396" ended="68214" arrived="68214" collisions="141" teleports="141" halting="3" stopped="0" meanWaitingTime="2105.80" meanTravelTime="343.56" meanSpeed="21.52" meanSpeedRelative="0.67" duration="4"/>
    <step time="64800.00" loaded="76888" inserted="68625" running="215" waiting="8263" ended="68410" arrived="68410" collisions="141" teleports="141" halting="4" stopped="0" meanWaitingTime="2127.70" meanTravelTime="343.49" meanSpeed="21.95" meanSpeedRelative="0.69" duration="94"/>
    <step time="65100.00" loaded="76931" inserted="68831" running="203" waiting="8100" ended="68628" arrived="68628" collisions="141" teleports="141" halting="9" stopped="0" meanWaitingTime="2150.75" meanTravelTime="343.37" meanSpeed="20.38" meanSpeedRelative="0.64" duration="3"/>
    <step time="65400.00" loaded="76982" inserted="69027" running="197" waiting="7955" ended="68830" arrived="68830" collisions="141" teleports="141" halting="4" stopped="0" meanWaitingTime="2172.23" meanTravelTime="343.30" meanSpeed="20.63" meanSpeedRelative="0.64" duration="2"/>
    <step time="65700.00" loaded="77041" inserted="69244" running="217" waiting="7797" ended="69027" arrived="69027" collisions="141" teleports="141" halting="5" stopped="0" meanWaitingTime="2195.56" meanTravelTime="343.12" meanSpeed="21.40" meanSpeedRelative="0.67" duration="4"/>
    <step time="66000.00" loaded="77089" inserted="69429" running="184" waiting="7660" ended="69245" arrived="69245" collisions="141" teleports="141" halting="6" stopped="0" meanWaitingTime="2216.56" meanTravelTime="342.95" meanSpeed="20.72" meanSpeedRelative="0.65" duration="2"/>
    <step time="66300.00" loaded="77140" inserted="69561" running="116" waiting="7579" ended="69445" arrived="69445" collisions="141" teleports="141" halting="2" stopped="0" meanWaitingTime="2236.05" meanTravelTime="342.80" meanSpeed="19.72" meanSpeedRelative="0.62" duration="2"/>
    <step time="66600.00" loaded="77196" inserted="69691" running="114" waiting="7505" ended="69577" arrived="69577" collisions="141" teleports="141" halting="4" stopped="0" meanWaitingTime="2253.57" meanTravelTime="342.69" meanSpeed="19.70" meanSpeedRelative="0.62" duration="2"/>
    <step time="66900.00" loaded="77255" inserted="69836" running="117" waiting="7419" ended="69719" arrived="69719" collisions="142" teleports="142" halting="5" stopped="0" meanWaitingTime="2275.53" meanTravelTime="342.51" meanSpeed="20.95" meanSpeedRelative="0.65" duration="2"/>
    <step time="67200.00" loaded="77324" inserted="69968" running="120" waiting="7356" ended="69848" arrived="69848" collisions="142" teleports="142" halting="7" stopped="0" meanWaitingTime="2291.82" meanTravelTime="342.37" meanSpeed="19.67" meanSpeedRelative="0.61" duration="2"/>
    <step time="67500.00" loaded="77374" inserted="70103" running="117" waiting="7271" ended="69986" arrived="69986" collisions="142" teleports="142" halting="1" stopped="0" meanWaitingTime="2312.39" meanTravelTime="342.22" meanSpeed="21.66" meanSpeedRelative="0.68" duration="2"/>
    <step time="67800.00" loaded="77430" inserted="70237" running="107" waiting="7193" ended="70130" arrived="70130" collisions="142" teleports="142" halting="3" stopped="0" meanWaitingTime="2333.15" meanTravelTime="342.04" meanSpeed="19.59" meanSpeedRelative="0.61" duration="2"/>
    <step time="68100.00" loaded="77469" inserted="70382" running="117" waiting="7087" ended="70265" arrived="70265" collisions="142" teleports="142" halting="9" stopped="0" meanWaitingTime="2358.49" meanTravelTime="341.84" meanSpeed="19.89" meanSpeedRelative="0.62" duration="2"/>
    <step time="68400.00" loaded="77531" inserted="70525" running="122" waiting="7006" ended="70403" arrived="70403" collisions="142" teleports="142" halting="2" stopped="0" meanWaitingTime="2378.54" meanTravelTime="341.61" meanSpeed="21.82" meanSpeedRelative="0.68" duration="92"/>
    <step time="68700.00" loaded="77685" inserted="70711" running="162" waiting="6974" ended="70549" arrived="70549" collisions="142" teleports="142" halting="3" stopped="0" meanWaitingTime="2395.93" meanTravelTime="341.41" meanSpeed="20.73" meanSpeedRelative="0.65" duration="2"/>
    <step time="69000.00" loaded="77831" inserted="70889" running="170" waiting="6942" ended="70719" arrived="70719" collisions="142" teleports="142" halting="5" stopped="0" meanWaitingTime="2409.76" meanTravelTime="341.24" meanSpeed="22.15" meanSpeedRelative="0.69" duration="2"/>
    <step time="69300.00" loaded="77986" inserted="71091" running="177" waiting="6895" ended="70914" arrived="70914" collisions="142" teleports="142" halting="5" stopped="0" meanWaitingTime="2426.41" meanTravelTime="341.06" meanSpeed="22.33" meanSpeedRelative="0.70" duration="3"/>
    <step time="69600.00" loaded="78134" inserted="71277" running="175" waiting="6857" ended="71102" arrived="71102" collisions="142" teleports="142" halting="3" stopped="0" meanWaitingTime="2442.33" meanTravelTime="340.87" meanSpeed="21.95" meanSpeedRelative="0.69" duration="4"/>
    <step time="69900.00" loaded="78295" inserted="71477" running="184" waiting="6818" ended="71293" arrived="71293" collisions="142" teleports="142" halting="2" stopped="0" meanWaitingTime="2457.96" meanTravelTime="340.72" meanSpeed="21.70" meanSpeedRelative="0.68" duration="2"/>
    <step time="70200.00" loaded="78453" inserted="71674" running="186" waiting="6779" ended="71488" arrived="71488" collisions="142" teleports="142" halting="7" stopped="0" meanWaitingTime="2475.72" meanTravelTime="340.51" meanSpeed="22.22" meanSpeedRelative="0.69" duration="2"/>
    <step time="70500.00" loaded="78586" inserted="71852" running="166" waiting="6734" ended="71686" arrived="71686" collisions="142" teleports="142" halting="5" stopped="0" meanWaitingTime="2495.21" meanTravelTime="340.38" meanSpeed="20.69" meanSpeedRelative="0.65" duration="2"/>
    <step time="70800.00" loaded="78733" inserted="72045" running="173" waiting="6688" ended="71872" arrived="71872" collisions="142" teleports="142" halting="4" stopped="0" meanWaitingTime="2514.20" meanTravelTime="340.19" meanSpeed="21.05" meanSpeedRelative="0.66" duration="2"/>
    <step time="71100.00" loaded="78879" inserted="72242" running="179" waiting="6637" ended="72063" arrived="72063" collisions="142" teleports="142" halting="4" stopped="0" meanWaitingTime="2531.45" meanTravelTime="339.98" meanSpeed="22.18" meanSpeedRelative="0.69" duration="2"/>
    <step time="71400.00" loaded="79043" inserted="72433" running="175" waiting="6610" ended="72258" arrived="72258" collisions="142" teleports="142" halting="5" stopped="0" meanWaitingTime="2549.58" meanTravelTime="339.79" meanSpeed="21.51" meanSpeedRelative="0.67" duration="3"/>
    <step time="71700.00" loaded="79202" inserted="72628" running="177" waiting="6574" ended="72451" arrived="72451" collisions="143" teleports="143" halting="8" stopped="0" meanWaitingTime="2566.63" meanTravelTime="339.65" meanSpeed="21.83" meanSpeedRelative="0.68" duration="2"/>
    <step time="72000.00" loaded="79360" inserted="72834" running="186" waiting="6526" ended="72648" arrived="72648" collisions="143" teleports="143" halting="2" stopped="0" meanWaitingTime="2584.48" meanTravelTime="339.43" meanSpeed="23.18" meanSpeedRelative="0.72" duration="86"/>
    <step time="72300.00" loaded="79496" inserted="73008" running="174" waiting="6488" ended="72834" arrived="72834" collisions="143" teleports="143" halting="3" stopped="0" meanWaitingTime="2602.55" meanTravelTime="339.28" meanSpeed="22.35" meanSpeedRelative="0.70" duration="2"/>
    <step time="72600.00" loaded="79618" inserted="73192" running="158" waiting="6426" ended="73034" arrived="73034" collisions="143" teleports="143" halting="9" stopped="0" meanWaitingTime="2622.19" meanTravelTime="339.14" meanSpeed="21.34" meanSpeedRelative="0.67" duration="2"/>
    <step time="72900.00" loaded="79740" inserted="73366" running="149" waiting="6374" ended="73217" arrived="73217" collisions="143" teleports="143" halting="3" stopped="0" meanWaitingTime="2640.91" meanTravelTime="338.94" meanSpeed="20.60" meanSpeedRelative="0.64" duration="2"/>
    <step time="73200.00" loaded="79892" inserted="73563" running="181" waiting="6329" ended="73382" arrived="73382" collisions="143" teleports="143" halting="4" stopped="0" meanWaitingTime="2656.32" meanTravelTime="338.78" meanSpeed="21.57" meanSpeedRelative="0.67" duration="2"/>
    <step time="73500.00" loaded="80046" inserted="73760" running="182" waiting="6286" ended="73578" arrived="73578" collisions="143" teleports="143" halting="8" stopped="0" meanWaitingTime="2674.93" meanTravelTime="338.54" meanSpeed="21.81" meanSpeedRelative="0.68" duration="3"/>
    <step time="73800.00" loaded="80163" inserted="73927" running="173" waiting="6236" ended="73754" arrived="73754" collisions="143" teleports="143" halting="7" stopped="0" meanWaitingTime="2693.32" meanTravelTime="338.45" meanSpeed="21.57" meanSpeedRelative="0.67" duration="2"/>
    <step time="74100.00" loaded="80298" inserted="74112" running="177" waiting="6186" ended="73935" arrived="73935" collisions="143" teleports="143" halting="6" stopped="0" meanWaitingTime="2712.27" meanTravelTime="338.38" meanSpeed="21.82" meanSpeedRelative="0.68" duration="3"/>
    <step time="74400.00" loaded="80426" inserted="74283" running="168" waiting="6143" ended="74115" arrived="74115" collisions="143" teleports="143" halting="2" stopped="0" meanWaitingTime="2729.05" meanTravelTime="338.29" meanSpeed="21.37" meanSpeedRelative="0.67" duration="2"/>
    <step time="74700.00" loaded="80553" inserted="74462" running="167" waiting="6091" ended="74295" arrived="74295" collisions="143" teleports="143" halting="5" stopped="0" meanWaitingTime="2748.18" meanTravelTime="338.19" meanSpeed="22.36" meanSpeedRelative="0.70" duration="2"/>
    <step time="75000.00" loaded="80685" inserted="74649" running="168" waiting="6036" ended="74481" arrived="74481" collisions="143" teleports="143" halting="3" stopped="0" meanWaitingTime="2767.68" meanTravelTime="338.02" meanSpeed="22.56" meanSpeedRelative="0.71" duration="2"/>
    <step time="75300.00" loaded="80820" inserted="74839" running="179" waiting="5981" ended="74660" arrived="74660" collisions="143" teleports="143" halting="8" stopped="0" meanWaitingTime="2786.50" meanTravelTime="337.87" meanSpeed="21.42" meanSpeedRelative="0.67" duration="2"/>
    <step time="75600.00" loaded="80960" inserted="75018" running="171" waiting="5942" ended="74847" arrived="74847" collisions="144" teleports="144" halting="6" stopped="0" meanWaitingTime="2801.34" meanTravelTime="337.77" meanSpeed="21.74" meanSpeedRelative="0.68" duration="85"/>
    <step time="75900.00" loaded="81199" inserted="75285" running="237" waiting="5914" ended="75048" arrived="75048" collisions="145" teleports="145" halting="4" stopped="0" meanWaitingTime="2817.19" meanTravelTime="337.57" meanSpeed="22.03" meanSpeedRelative="0.69" duration="3"/>
    <step time="76200.00" loaded="81410" inserted="75521" running="233" waiting="5889" ended="75288" arrived="75288" collisions="145" teleports="145" halting="3" stopped="0" meanWaitingTime="2833.02" meanTravelTime="337.35" meanSpeed="22.35" meanSpeedRelative="0.70" duration="3"/>
    <step time="76500.00" loaded="81604" inserted="75737" running="202" waiting="5867" ended="75535" arrived="75535" collisions="145" teleports="145" halting="6" stopped="0" meanWaitingTime="2847.01" meanTravelTime="337.23" meanSpeed="21.88" meanSpeedRelative="0.68" duration="2"/>
    <step time="76800.00" loaded="81832" inserted="75968" running="223" waiting="5864" ended="75745" arrived="75745" collisions="145" teleports="145" halting="6" stopped="0" meanWaitingTime="2860.91" meanTravelTime="337.15" meanSpeed="22.63" meanSpeedRelative="0.71" duration="4"/>
    <step time="77100.00" loaded="82048" inserted="76196" running="214" waiting="5852" ended="75982" arrived="75982" collisions="145" teleports="145" halting="2" stopped="0" meanWaitingTime="2875.76" meanTravelTime="336.97" meanSpeed="21.92" meanSpeedRelative="0.69" duration="2"/>
    <step time="77400.00" loaded="82264" inserted="76436" running="234" waiting="5828" ended="76202" arrived="76202" collisions="145" teleports="145" halting="1" stopped="0" meanWaitingTime="2889.57" meanTravelTime="336.78" meanSpeed="23.02" meanSpeedRelative="0.72" duration="3"/>
    <step time="77700.00" loaded="82458" inserted="76667" running="228" waiting="5791" ended="76439" arrived="76439" collisions="146" teleports="146" halting="3" stopped="0" meanWaitingTime="2903.99" meanTravelTime="336.61" meanSpeed="22.37" meanSpeedRelative="0.70" duration="3"/>
    <step time="78000.00" loaded="82667" inserted="76903" running="229" waiting="5764" ended="76674" arrived="76674" collisions="146" teleports="146" halting="7" stopped="0" meanWaitingTime="2919.40" meanTravelTime="336.48" meanSpeed="21.84" meanSpeedRelative="0.68" duration="2"/>
    <step time="78300.00" loaded="82858" inserted="77123" running="227" waiting="5735" ended="76896" arrived="76896" collisions="146" teleports="146" halting="4" stopped="0" meanWaitingTime="2936.02" meanTravelTime="336.37" meanSpeed="22.81" meanSpeedRelative="0.71" duration="2"/>
    <step time="78600.00" loaded="83077" inserted="77369" running="251" waiting="5708" ended="77118" arrived="77118" collisions="146" teleports="146" halting="3" stopped="0" meanWaitingTime="2949.81" meanTravelTime="336.25" meanSpeed="22.76" meanSpeedRelative="0.71" duration="3"/>
    <step time="78900.00" loaded="83274" inserted="77597" running="240" waiting="5677" ended="77357" arrived="77357" collisions="146" teleports="146" halting="6" stopped="0" meanWaitingTime="2963.92" meanTravelTime="336.21" meanSpeed="21.71" meanSpeedRelative="0.68" duration="2"/>
    <step time="79200.00" loaded="83470" inserted="77815" running="234" waiting="5655" ended="77581" arrived="77581" collisions="146" teleports="146" halting="6" stopped="0" meanWaitingTime="2978.51" meanTravelTime="336.15" meanSpeed="22.26" meanSpeedRelative="0.70" duration="86"/>
    <step time="79500.00" loaded="83648" inserted="78032" running="202" waiting="5616" ended="77830" arrived="77830" collisions="146" teleports="146" halting="2" stopped="0" meanWaitingTime="2993.24" meanTravelTime="336.03" meanSpeed="22.34" meanSpeedRelative="0.70" duration="2"/>
    <step time="79800.00" loaded="83816" inserted="78247" running="193" waiting="5569" ended="78054" arrived="78054" collisions="146" teleports="146" halting="5" stopped="0" meanWaitingTime="3009.66" meanTravelTime="335.91" meanSpeed="21.61" meanSpeedRelative="0.68" duration="2"/>
    <step time="80100.00" loaded="83997" inserted="78468" running="209" waiting="5529" ended="78259" arrived="78259" collisions="148" teleports="148" halting="4" stopped="0" meanWaitingTime="3022.74" meanTravelTime="335.73" meanSpeed="22.74" meanSpeedRelative="0.71" duration="2"/>
    <step time="80400.00" loaded="84163" inserted="78674" running="196" waiting="5489" ended="78478" arrived="78478" collisions="149" teleports="149" halting="6" stopped="0" meanWaitingTime="3037.70" meanTravelTime="335.57" meanSpeed="21.98" meanSpeedRelative="0.69" duration="2"/>
    <step time="80700.00" loaded="84342" inserted="78887" running="182" waiting="5455" ended="78705" arrived="78705" collisions="149" teleports="149" halting="3" stopped="0" meanWaitingTime="3053.68" meanTravelTime="335.48" meanSpeed="22.13" meanSpeedRelative="0.69" duration="2"/>
    <step time="81000.00" loaded="84514" inserted="79101" running="198" waiting="5413" ended="78903" arrived="78903" collisions="149" teleports="149" halting="4" stopped="0" meanWaitingTime="3068.55" meanTravelTime="335.36" meanSpeed="21.52" meanSpeedRelative="0.67" duration="2"/>
    <step time="81300.00" loaded="84671" inserted="79300" running="183" waiting="5371" ended="79117" arrived="79117" collisions="149" teleports="149" halting="7" stopped="0" meanWaitingTime="3083.57" meanTravelTime="335.21" meanSpeed="22.14" meanSpeedRelative="0.69" duration="2"/>
    <step time="81600.00" loaded="84845" inserted="79523" running="189" waiting="5322" ended="79334" arrived="79334" collisions="149" teleports="149" halting="8" stopped="0" meanWaitingTime="3100.13" meanTravelTime="334.96" meanSpeed="22.26" meanSpeedRelative="0.70" duration="2"/>
    <step time="81900.00" loaded="85032" inserted="79739" running="186" waiting="5293" ended="79553" arrived="79553" collisions="149" teleports="149" halting="2" stopped="0" meanWaitingTime="3116.80" meanTravelTime="334.82" meanSpeed="21.61" meanSpeedRelative="0.68" duration="3"/>
    <step time="82200.00" loaded="85230" inserted="79968" running="219" waiting="5262" ended="79749" arrived="79749" collisions="149" teleports="149" halting="6" stopped="0" meanWaitingTime="3131.04" meanTravelTime="334.65" meanSpeed="22.26" meanSpeedRelative="0.70" duration="3"/>
    <step time="82500.00" loaded="85415" inserted="80184" running="206" waiting="5231" ended="79978" arrived="79978" collisions="149" teleports="149" halting="6" stopped="0" meanWaitingTime="3144.18" meanTravelTime="334.47" meanSpeed="22.01" meanSpeedRelative="0.69" duration="2"/>
</summary>
