<?xml version="1.0" encoding="UTF-8"?>

<!-- generated on 2025-08-08 08:06:57 by Eclipse SUMO sumo Version 1.23.1
<sumoConfiguration xmlns:xsi="http://www.w3.org/2001/XMLSchema-instance" xsi:noNamespaceSchemaLocation="http://sumo.dlr.de/xsd/sumoConfiguration.xsd">

    <input>
        <net-file value="Desktop\Master Thesis\Network_fin.net.xml"/>
        <route-files value="Desktop\Master Thesis\demand_model_amsterdam.rou.xml"/>
        <additional-files value="Desktop\Master Thesis\Additionnal.add.xml"/>
    </input>

    <output>
        <summary-output value="outputf/summary_coor_alinea_3neigh_method1_K80_target5_22644.xml"/>
        <summary-output.period value="300"/>
        <tripinfo-output value="outputf/tripinfo_coor_alinea_3neigh_method1_K80_target5_22644.xml"/>
    </output>

    <time>
        <begin value="0"/>
        <end value="82800"/>
        <step-length value="1"/>
    </time>

    <processing>
        <time-to-teleport value="-1"/>
    </processing>

    <report>
        <verbose value="true"/>
        <no-step-log value="true"/>
    </report>

    <emissions>
        <device.emissions.period value="10"/>
    </emissions>

    <traci_server>
        <remote-port value="50783"/>
    </traci_server>

    <random_number>
        <seed value="22644"/>
    </random_number>

</sumoConfiguration>
-->

<summary xmlns:xsi="http://www.w3.org/2001/XMLSchema-instance" xsi:noNamespaceSchemaLocation="http://sumo.dlr.de/xsd/summary_file.xsd">
    <step time="0.00" loaded="0" inserted="0" running="0" waiting="0" ended="0" arrived="0" collisions="0" teleports="0" halting="0" stopped="0" meanWaitingTime="-1.00" meanTravelTime="-1.00" meanSpeed="-1.00" meanSpeedRelative="-1.00" duration="1"/>
    <step time="300.00" loaded="175" inserted="175" running="106" waiting="0" ended="69" arrived="69" collisions="0" teleports="0" halting="1" stopped="0" meanWaitingTime="0.31" meanTravelTime="98.09" meanSpeed="25.29" meanSpeedRelative="0.79" duration="1"/>
    <step time="600.00" loaded="339" inserted="339" running="141" waiting="0" ended="198" arrived="198" collisions="0" teleports="0" halting="1" stopped="0" meanWaitingTime="0.34" meanTravelTime="154.49" meanSpeed="24.91" meanSpeedRelative="0.78" duration="2"/>
    <step time="900.00" loaded="523" inserted="523" running="153" waiting="0" ended="370" arrived="370" collisions="1" teleports="1" halting="2" stopped="0" meanWaitingTime="0.48" meanTravelTime="184.34" meanSpeed="24.86" meanSpeedRelative="0.78" duration="2"/>
    <step time="1200.00" loaded="711" inserted="711" running="161" waiting="0" ended="550" arrived="550" collisions="1" teleports="1" halting="1" stopped="0" meanWaitingTime="0.46" meanTravelTime="212.04" meanSpeed="25.05" meanSpeedRelative="0.78" duration="2"/>
    <step time="1500.00" loaded="910" inserted="910" running="178" waiting="0" ended="732" arrived="732" collisions="1" teleports="1" halting="1" stopped="0" meanWaitingTime="0.46" meanTravelTime="223.66" meanSpeed="25.23" meanSpeedRelative="0.79" duration="1"/>
    <step time="1800.00" loaded="1107" inserted="1107" running="179" waiting="0" ended="928" arrived="928" collisions="1" teleports="1" halting="1" stopped="0" meanWaitingTime="0.46" meanTravelTime="231.91" meanSpeed="24.74" meanSpeedRelative="0.77" duration="1"/>
    <step time="2100.00" loaded="1270" inserted="1270" running="154" waiting="0" ended="1116" arrived="1116" collisions="1" teleports="1" halting="0" stopped="0" meanWaitingTime="0.44" meanTravelTime="238.55" meanSpeed="25.16" meanSpeedRelative="0.79" duration="2"/>
    <step time="2400.00" loaded="1443" inserted="1443" running="159" waiting="0" ended="1284" arrived="1284" collisions="1" teleports="1" halting="0" stopped="0" meanWaitingTime="0.43" meanTravelTime="242.14" meanSpeed="24.56" meanSpeedRelative="0.77" duration="0"/>
    <step time="2700.00" loaded="1617" inserted="1616" running="139" waiting="1" ended="1477" arrived="1477" collisions="1" teleports="1" halting="1" stopped="0" meanWaitingTime="0.41" meanTravelTime="248.42" meanSpeed="25.18" meanSpeedRelative="0.79" duration="0"/>
    <step time="3000.00" loaded="1799" inserted="1799" running="166" waiting="0" ended="1633" arrived="1633" collisions="1" teleports="1" halting="0" stopped="0" meanWaitingTime="0.42" meanTravelTime="248.64" meanSpeed="24.41" meanSpeedRelative="0.76" duration="0"/>
    <step time="3300.00" loaded="1961" inserted="1961" running="155" waiting="0" ended="1806" arrived="1806" collisions="1" teleports="1" halting="1" stopped="0" meanWaitingTime="0.52" meanTravelTime="250.12" meanSpeed="23.48" meanSpeedRelative="0.73" duration="1"/>
    <step time="3600.00" loaded="2150" inserted="2143" running="169" waiting="7" ended="1974" arrived="1974" collisions="1" teleports="1" halting="4" stopped="0" meanWaitingTime="0.63" meanTravelTime="251.63" meanSpeed="25.50" meanSpeedRelative="0.80" duration="84"/>
    <step time="3900.00" loaded="2276" inserted="2271" running="116" waiting="5" ended="2155" arrived="2155" collisions="1" teleports="1" halting="4" stopped="0" meanWaitingTime="1.63" meanTravelTime="255.77" meanSpeed="23.65" meanSpeedRelative="0.74" duration="1"/>
    <step time="4200.00" loaded="2398" inserted="2396" running="118" waiting="2" ended="2278" arrived="2278" collisions="1" teleports="1" halting="1" stopped="0" meanWaitingTime="2.03" meanTravelTime="258.99" meanSpeed="25.24" meanSpeedRelative="0.79" duration="0"/>
    <step time="4500.00" loaded="2530" inserted="2529" running="117" waiting="1" ended="2412" arrived="2412" collisions="1" teleports="1" halting="5" stopped="0" meanWaitingTime="1.98" meanTravelTime="259.42" meanSpeed="24.79" meanSpeedRelative="0.77" duration="1"/>
    <step time="4800.00" loaded="2632" inserted="2632" running="90" waiting="0" ended="2542" arrived="2542" collisions="1" teleports="1" halting="0" stopped="0" meanWaitingTime="1.92" meanTravelTime="260.70" meanSpeed="24.89" meanSpeedRelative="0.78" duration="1"/>
    <step time="5100.00" loaded="2730" inserted="2730" running="84" waiting="0" ended="2646" arrived="2646" collisions="1" teleports="1" halting="0" stopped="0" meanWaitingTime="1.85" meanTravelTime="261.02" meanSpeed="25.72" meanSpeedRelative="0.80" duration="1"/>
    <step time="5400.00" loaded="2824" inserted="2824" running="79" waiting="0" ended="2745" arrived="2745" collisions="1" teleports="1" halting="0" stopped="0" meanWaitingTime="1.80" meanTravelTime="260.18" meanSpeed="25.88" meanSpeedRelative="0.81" duration="0"/>
    <step time="5700.00" loaded="2940" inserted="2936" running="88" waiting="4" ended="2848" arrived="2848" collisions="1" teleports="1" halting="4" stopped="0" meanWaitingTime="1.87" meanTravelTime="259.72" meanSpeed="24.27" meanSpeedRelative="0.76" duration="1"/>
    <step time="6000.00" loaded="3044" inserted="3043" running="71" waiting="1" ended="2972" arrived="2972" collisions="2" teleports="2" halting="3" stopped="0" meanWaitingTime="2.13" meanTravelTime="258.91" meanSpeed="23.90" meanSpeedRelative="0.75" duration="0"/>
    <step time="6300.00" loaded="3166" inserted="3166" running="103" waiting="0" ended="3063" arrived="3063" collisions="2" teleports="2" halting="1" stopped="0" meanWaitingTime="2.09" meanTravelTime="257.64" meanSpeed="24.36" meanSpeedRelative="0.76" duration="1"/>
    <step time="6600.00" loaded="3286" inserted="3286" running="106" waiting="0" ended="3180" arrived="3180" collisions="2" teleports="2" halting="1" stopped="0" meanWaitingTime="2.16" meanTravelTime="257.45" meanSpeed="24.60" meanSpeedRelative="0.77" duration="0"/>
    <step time="6900.00" loaded="3415" inserted="3415" running="117" waiting="0" ended="3298" arrived="3298" collisions="2" teleports="2" halting="3" stopped="0" meanWaitingTime="2.14" meanTravelTime="256.35" meanSpeed="24.50" meanSpeedRelative="0.77" duration="1"/>
    <step time="7200.00" loaded="3543" inserted="3539" running="121" waiting="4" ended="3418" arrived="3418" collisions="2" teleports="2" halting="4" stopped="0" meanWaitingTime="2.10" meanTravelTime="257.17" meanSpeed="23.73" meanSpeedRelative="0.74" duration="87"/>
    <step time="7500.00" loaded="3692" inserted="3688" running="133" waiting="4" ended="3555" arrived="3555" collisions="2" teleports="2" halting="0" stopped="0" meanWaitingTime="2.15" meanTravelTime="257.16" meanSpeed="24.08" meanSpeedRelative="0.75" duration="1"/>
    <step time="7800.00" loaded="3842" inserted="3834" running="130" waiting="8" ended="3704" arrived="3704" collisions="2" teleports="2" halting="2" stopped="0" meanWaitingTime="2.54" meanTravelTime="257.35" meanSpeed="24.38" meanSpeedRelative="0.76" duration="1"/>
    <step time="8100.00" loaded="3983" inserted="3968" running="119" waiting="15" ended="3849" arrived="3849" collisions="2" teleports="2" halting="3" stopped="0" meanWaitingTime="3.12" meanTravelTime="258.86" meanSpeed="23.38" meanSpeedRelative="0.73" duration="0"/>
    <step time="8400.00" loaded="4152" inserted="4139" running="139" waiting="13" ended="4000" arrived="4000" collisions="2" teleports="2" halting="1" stopped="0" meanWaitingTime="3.89" meanTravelTime="257.76" meanSpeed="23.63" meanSpeedRelative="0.74" duration="0"/>
    <step time="8700.00" loaded="4326" inserted="4299" running="150" waiting="27" ended="4149" arrived="4149" collisions="2" teleports="2" halting="3" stopped="0" meanWaitingTime="4.77" meanTravelTime="257.85" meanSpeed="25.18" meanSpeedRelative="0.79" duration="0"/>
    <step time="9000.00" loaded="4483" inserted="4439" running="119" waiting="44" ended="4320" arrived="4320" collisions="2" teleports="2" halting="7" stopped="0" meanWaitingTime="6.27" meanTravelTime="258.31" meanSpeed="24.10" meanSpeedRelative="0.75" duration="1"/>
    <step time="9300.00" loaded="4612" inserted="4564" running="122" waiting="48" ended="4442" arrived="4442" collisions="3" teleports="3" halting="1" stopped="0" meanWaitingTime="8.09" meanTravelTime="257.75" meanSpeed="24.42" meanSpeedRelative="0.76" duration="0"/>
    <step time="9600.00" loaded="4758" inserted="4713" running="131" waiting="45" ended="4582" arrived="4582" collisions="3" teleports="3" halting="2" stopped="0" meanWaitingTime="10.73" meanTravelTime="258.25" meanSpeed="24.05" meanSpeedRelative="0.75" duration="1"/>
    <step time="9900.00" loaded="4908" inserted="4855" running="124" waiting="53" ended="4731" arrived="4731" collisions="3" teleports="3" halting="4" stopped="0" meanWaitingTime="13.40" meanTravelTime="259.19" meanSpeed="24.19" meanSpeedRelative="0.76" duration="1"/>
    <step time="10200.00" loaded="5058" inserted="4997" running="125" waiting="61" ended="4872" arrived="4872" collisions="3" teleports="3" halting="4" stopped="0" meanWaitingTime="15.70" meanTravelTime="258.83" meanSpeed="24.29" meanSpeedRelative="0.76" duration="1"/>
    <step time="10500.00" loaded="5221" inserted="5162" running="137" waiting="59" ended="5025" arrived="5025" collisions="3" teleports="3" halting="1" stopped="0" meanWaitingTime="18.11" meanTravelTime="258.69" meanSpeed="25.64" meanSpeedRelative="0.80" duration="1"/>
    <step time="10800.00" loaded="5380" inserted="5314" running="133" waiting="66" ended="5181" arrived="5181" collisions="3" teleports="3" halting="3" stopped="0" meanWaitingTime="20.72" meanTravelTime="258.80" meanSpeed="23.97" meanSpeedRelative="0.75" duration="90"/>
    <step time="11100.00" loaded="5522" inserted="5449" running="117" waiting="73" ended="5332" arrived="5332" collisions="3" teleports="3" halting="5" stopped="0" meanWaitingTime="23.36" meanTravelTime="259.15" meanSpeed="24.85" meanSpeedRelative="0.78" duration="1"/>
    <step time="11400.00" loaded="5674" inserted="5590" running="115" waiting="84" ended="5475" arrived="5475" collisions="3" teleports="3" halting="0" stopped="0" meanWaitingTime="25.77" meanTravelTime="259.02" meanSpeed="24.83" meanSpeedRelative="0.78" duration="1"/>
    <step time="11700.00" loaded="5838" inserted="5750" running="113" waiting="88" ended="5637" arrived="5637" collisions="3" teleports="3" halting="2" stopped="0" meanWaitingTime="29.13" meanTravelTime="258.07" meanSpeed="24.73" meanSpeedRelative="0.77" duration="1"/>
    <step time="12000.00" loaded="5978" inserted="5885" running="108" waiting="93" ended="5777" arrived="5777" collisions="3" teleports="3" halting="5" stopped="0" meanWaitingTime="32.14" meanTravelTime="257.69" meanSpeed="23.61" meanSpeedRelative="0.74" duration="1"/>
    <step time="12300.00" loaded="6140" inserted="6041" running="117" waiting="99" ended="5924" arrived="5924" collisions="3" teleports="3" halting="4" stopped="0" meanWaitingTime="35.11" meanTravelTime="257.24" meanSpeed="24.43" meanSpeedRelative="0.76" duration="1"/>
    <step time="12600.00" loaded="6267" inserted="6165" running="109" waiting="102" ended="6056" arrived="6056" collisions="3" teleports="3" halting="0" stopped="0" meanWaitingTime="38.35" meanTravelTime="256.73" meanSpeed="25.05" meanSpeedRelative="0.78" duration="0"/>
    <step time="12900.00" loaded="6417" inserted="6305" running="101" waiting="112" ended="6204" arrived="6204" collisions="3" teleports="3" halting="2" stopped="0" meanWaitingTime="41.76" meanTravelTime="256.50" meanSpeed="24.26" meanSpeedRelative="0.76" duration="1"/>
    <step time="13200.00" loaded="6564" inserted="6447" running="113" waiting="117" ended="6334" arrived="6334" collisions="3" teleports="3" halting="3" stopped="0" meanWaitingTime="44.93" meanTravelTime="256.34" meanSpeed="24.04" meanSpeedRelative="0.75" duration="1"/>
    <step time="13500.00" loaded="6693" inserted="6572" running="91" waiting="121" ended="6481" arrived="6481" collisions="3" teleports="3" halting="2" stopped="0" meanWaitingTime="48.36" meanTravelTime="255.38" meanSpeed="24.21" meanSpeedRelative="0.76" duration="1"/>
    <step time="13800.00" loaded="6825" inserted="6697" running="95" waiting="128" ended="6602" arrived="6602" collisions="3" teleports="3" halting="0" stopped="0" meanWaitingTime="52.04" meanTravelTime="254.89" meanSpeed="23.53" meanSpeedRelative="0.74" duration="1"/>
    <step time="14100.00" loaded="6960" inserted="6833" running="104" waiting="127" ended="6729" arrived="6729" collisions="3" teleports="3" halting="2" stopped="0" meanWaitingTime="55.78" meanTravelTime="253.62" meanSpeed="24.29" meanSpeedRelative="0.76" duration="1"/>
    <step time="14400.00" loaded="7120" inserted="6988" running="123" waiting="132" ended="6865" arrived="6865" collisions="3" teleports="3" halting="0" stopped="0" meanWaitingTime="58.82" meanTravelTime="253.20" meanSpeed="23.77" meanSpeedRelative="0.74" duration="86"/>
    <step time="14700.00" loaded="7227" inserted="7094" running="92" waiting="133" ended="7002" arrived="7002" collisions="3" teleports="3" halting="2" stopped="0" meanWaitingTime="62.59" meanTravelTime="253.45" meanSpeed="23.85" meanSpeedRelative="0.75" duration="0"/>
    <step time="15000.00" loaded="7328" inserted="7196" running="83" waiting="132" ended="7113" arrived="7113" collisions="3" teleports="3" halting="3" stopped="0" meanWaitingTime="66.52" meanTravelTime="253.69" meanSpeed="23.54" meanSpeedRelative="0.74" duration="1"/>
    <step time="15300.00" loaded="7417" inserted="7290" running="80" waiting="127" ended="7210" arrived="7210" collisions="3" teleports="3" halting="0" stopped="0" meanWaitingTime="70.23" meanTravelTime="253.71" meanSpeed="24.68" meanSpeedRelative="0.77" duration="1"/>
    <step time="15600.00" loaded="7507" inserted="7389" running="78" waiting="118" ended="7311" arrived="7311" collisions="3" teleports="3" halting="2" stopped="0" meanWaitingTime="74.96" meanTravelTime="253.63" meanSpeed="24.29" meanSpeedRelative="0.76" duration="1"/>
    <step time="15900.00" loaded="7588" inserted="7484" running="72" waiting="104" ended="7412" arrived="7412" collisions="3" teleports="3" halting="2" stopped="0" meanWaitingTime="79.31" meanTravelTime="253.62" meanSpeed="23.01" meanSpeedRelative="0.72" duration="0"/>
    <step time="16200.00" loaded="7676" inserted="7576" running="75" waiting="100" ended="7501" arrived="7501" collisions="3" teleports="3" halting="3" stopped="0" meanWaitingTime="83.85" meanTravelTime="253.07" meanSpeed="22.26" meanSpeedRelative="0.70" duration="1"/>
    <step time="16500.00" loaded="7786" inserted="7681" running="81" waiting="105" ended="7600" arrived="7600" collisions="3" teleports="3" halting="1" stopped="0" meanWaitingTime="87.33" meanTravelTime="253.20" meanSpeed="22.54" meanSpeedRelative="0.70" duration="1"/>
    <step time="16800.00" loaded="7905" inserted="7807" running="85" waiting="98" ended="7722" arrived="7722" collisions="3" teleports="3" halting="1" stopped="0" meanWaitingTime="91.45" meanTravelTime="252.55" meanSpeed="25.51" meanSpeedRelative="0.80" duration="0"/>
    <step time="17100.00" loaded="7998" inserted="7902" running="65" waiting="96" ended="7837" arrived="7837" collisions="3" teleports="3" halting="4" stopped="0" meanWaitingTime="94.54" meanTravelTime="251.98" meanSpeed="23.91" meanSpeedRelative="0.75" duration="0"/>
    <step time="17400.00" loaded="8096" inserted="8009" running="74" waiting="87" ended="7935" arrived="7935" collisions="3" teleports="3" halting="4" stopped="0" meanWaitingTime="97.02" meanTravelTime="251.55" meanSpeed="23.44" meanSpeedRelative="0.73" duration="1"/>
    <step time="17700.00" loaded="8193" inserted="8114" running="76" waiting="79" ended="8038" arrived="8038" collisions="3" teleports="3" halting="0" stopped="0" meanWaitingTime="99.28" meanTravelTime="250.88" meanSpeed="24.70" meanSpeedRelative="0.77" duration="1"/>
    <step time="18000.00" loaded="8297" inserted="8221" running="83" waiting="76" ended="8138" arrived="8138" collisions="4" teleports="4" halting="2" stopped="0" meanWaitingTime="101.60" meanTravelTime="250.45" meanSpeed="24.68" meanSpeedRelative="0.77" duration="79"/>
    <step time="18300.00" loaded="8474" inserted="8384" running="122" waiting="90" ended="8262" arrived="8262" collisions="5" teleports="5" halting="6" stopped="0" meanWaitingTime="103.47" meanTravelTime="249.83" meanSpeed="24.31" meanSpeedRelative="0.76" duration="1"/>
    <step time="18600.00" loaded="8676" inserted="8566" running="155" waiting="110" ended="8411" arrived="8411" collisions="5" teleports="5" halting="0" stopped="0" meanWaitingTime="104.25" meanTravelTime="249.34" meanSpeed="24.41" meanSpeedRelative="0.76" duration="0"/>
    <step time="18900.00" loaded="8850" inserted="8728" running="136" waiting="122" ended="8592" arrived="8592" collisions="6" teleports="6" halting="2" stopped="0" meanWaitingTime="105.37" meanTravelTime="249.10" meanSpeed="24.59" meanSpeedRelative="0.77" duration="0"/>
    <step time="19200.00" loaded="9035" inserted="8895" running="138" waiting="140" ended="8757" arrived="8757" collisions="6" teleports="6" halting="5" stopped="0" meanWaitingTime="105.95" meanTravelTime="249.61" meanSpeed="23.83" meanSpeedRelative="0.74" duration="1"/>
    <step time="19500.00" loaded="9226" inserted="9075" running="153" waiting="151" ended="8922" arrived="8922" collisions="6" teleports="6" halting="1" stopped="0" meanWaitingTime="106.71" meanTravelTime="249.36" meanSpeed="25.00" meanSpeedRelative="0.78" duration="1"/>
    <step time="19800.00" loaded="9416" inserted="9253" running="146" waiting="163" ended="9107" arrived="9107" collisions="6" teleports="6" halting="4" stopped="0" meanWaitingTime="108.30" meanTravelTime="249.34" meanSpeed="24.54" meanSpeedRelative="0.77" duration="1"/>
    <step time="20100.00" loaded="9608" inserted="9434" running="142" waiting="174" ended="9292" arrived="9292" collisions="6" teleports="6" halting="2" stopped="0" meanWaitingTime="109.57" meanTravelTime="248.93" meanSpeed="24.33" meanSpeedRelative="0.76" duration="1"/>
    <step time="20400.00" loaded="9803" inserted="9621" running="142" waiting="182" ended="9479" arrived="9479" collisions="6" teleports="6" halting="5" stopped="0" meanWaitingTime="111.64" meanTravelTime="248.63" meanSpeed="23.90" meanSpeedRelative="0.75" duration="1"/>
    <step time="20700.00" loaded="10003" inserted="9814" running="157" waiting="189" ended="9657" arrived="9657" collisions="6" teleports="6" halting="2" stopped="0" meanWaitingTime="113.72" meanTravelTime="248.64" meanSpeed="24.46" meanSpeedRelative="0.76" duration="1"/>
    <step time="21000.00" loaded="10212" inserted="10006" running="159" waiting="206" ended="9847" arrived="9847" collisions="6" teleports="6" halting="2" stopped="0" meanWaitingTime="115.59" meanTravelTime="248.43" meanSpeed="24.35" meanSpeedRelative="0.76" duration="1"/>
    <step time="21300.00" loaded="10394" inserted="10180" running="142" waiting="214" ended="10038" arrived="10038" collisions="6" teleports="6" halting="1" stopped="0" meanWaitingTime="117.83" meanTravelTime="248.76" meanSpeed="24.46" meanSpeedRelative="0.76" duration="1"/>
    <step time="21600.00" loaded="10614" inserted="10370" running="138" waiting="244" ended="10232" arrived="10232" collisions="6" teleports="6" halting="7" stopped="0" meanWaitingTime="119.92" meanTravelTime="248.65" meanSpeed="24.32" meanSpeedRelative="0.76" duration="79"/>
    <step time="21900.00" loaded="11069" inserted="10742" running="295" waiting="327" ended="10447" arrived="10447" collisions="6" teleports="6" halting="6" stopped="0" meanWaitingTime="122.62" meanTravelTime="247.88" meanSpeed="22.21" meanSpeedRelative="0.69" duration="2"/>
    <step time="22200.00" loaded="11548" inserted="11138" running="394" waiting="410" ended="10744" arrived="10744" collisions="6" teleports="6" halting="5" stopped="0" meanWaitingTime="126.00" meanTravelTime="247.51" meanSpeed="21.28" meanSpeedRelative="0.67" duration="2"/>
    <step time="22500.00" loaded="11989" inserted="11496" running="412" waiting="493" ended="11084" arrived="11084" collisions="6" teleports="6" halting="6" stopped="0" meanWaitingTime="129.28" meanTravelTime="249.32" meanSpeed="20.53" meanSpeedRelative="0.64" duration="3"/>
    <step time="22800.00" loaded="12477" inserted="11897" running="454" waiting="580" ended="11443" arrived="11443" collisions="6" teleports="6" halting="5" stopped="0" meanWaitingTime="133.29" meanTravelTime="251.09" meanSpeed="20.16" meanSpeedRelative="0.63" duration="2"/>
    <step time="23100.00" loaded="12936" inserted="12275" running="447" waiting="661" ended="11828" arrived="11828" collisions="7" teleports="7" halting="5" stopped="0" meanWaitingTime="137.58" meanTravelTime="254.66" meanSpeed="20.56" meanSpeedRelative="0.64" duration="2"/>
    <step time="23400.00" loaded="13418" inserted="12670" running="433" waiting="748" ended="12237" arrived="12237" collisions="8" teleports="8" halting="11" stopped="0" meanWaitingTime="142.35" meanTravelTime="257.73" meanSpeed="20.60" meanSpeedRelative="0.64" duration="4"/>
    <step time="23700.00" loaded="13828" inserted="13039" running="413" waiting="789" ended="12626" arrived="12626" collisions="8" teleports="8" halting="2" stopped="0" meanWaitingTime="147.69" meanTravelTime="259.66" meanSpeed="21.67" meanSpeedRelative="0.68" duration="2"/>
    <step time="24000.00" loaded="14334" inserted="13427" running="439" waiting="907" ended="12988" arrived="12988" collisions="8" teleports="8" halting="9" stopped="0" meanWaitingTime="152.82" meanTravelTime="261.95" meanSpeed="20.66" meanSpeedRelative="0.65" duration="3"/>
    <step time="24300.00" loaded="14790" inserted="13792" running="425" waiting="998" ended="13367" arrived="13367" collisions="9" teleports="9" halting="2" stopped="0" meanWaitingTime="158.19" meanTravelTime="263.78" meanSpeed="20.51" meanSpeedRelative="0.64" duration="2"/>
    <step time="24600.00" loaded="15241" inserted="14166" running="392" waiting="1075" ended="13774" arrived="13774" collisions="10" teleports="10" halting="8" stopped="0" meanWaitingTime="164.98" meanTravelTime="266.06" meanSpeed="20.80" meanSpeedRelative="0.65" duration="2"/>
    <step time="24900.00" loaded="15695" inserted="14537" running="406" waiting="1158" ended="14131" arrived="14131" collisions="10" teleports="10" halting="5" stopped="0" meanWaitingTime="172.64" meanTravelTime="267.77" meanSpeed="20.81" meanSpeedRelative="0.65" duration="3"/>
    <step time="25200.00" loaded="16150" inserted="14915" running="407" waiting="1235" ended="14508" arrived="14508" collisions="11" teleports="11" halting="9" stopped="0" meanWaitingTime="180.31" meanTravelTime="269.24" meanSpeed="21.41" meanSpeedRelative="0.67" duration="87"/>
    <step time="25500.00" loaded="16709" inserted="15361" running="456" waiting="1348" ended="14905" arrived="14905" collisions="13" teleports="13" halting="2" stopped="0" meanWaitingTime="190.00" meanTravelTime="270.00" meanSpeed="21.18" meanSpeedRelative="0.66" duration="2"/>
    <step time="25800.00" loaded="17262" inserted="15794" running="472" waiting="1468" ended="15322" arrived="15322" collisions="13" teleports="13" halting="4" stopped="0" meanWaitingTime="198.82" meanTravelTime="271.35" meanSpeed="19.70" meanSpeedRelative="0.62" duration="3"/>
    <step time="26100.00" loaded="17846" inserted="16242" running="519" waiting="1604" ended="15723" arrived="15723" collisions="15" teleports="15" halting="7" stopped="0" meanWaitingTime="208.52" meanTravelTime="273.15" meanSpeed="19.40" meanSpeedRelative="0.61" duration="3"/>
    <step time="26400.00" loaded="18392" inserted="16694" running="526" waiting="1698" ended="16168" arrived="16168" collisions="18" teleports="18" halting="4" stopped="0" meanWaitingTime="220.45" meanTravelTime="274.72" meanSpeed="19.10" meanSpeedRelative="0.60" duration="3"/>
    <step time="26700.00" loaded="18929" inserted="17098" running="489" waiting="1831" ended="16609" arrived="16609" collisions="19" teleports="19" halting="5" stopped="0" meanWaitingTime="229.56" meanTravelTime="276.92" meanSpeed="19.17" meanSpeedRelative="0.60" duration="2"/>
    <step time="27000.00" loaded="19488" inserted="17536" running="497" waiting="1952" ended="17039" arrived="17039" collisions="20" teleports="20" halting="4" stopped="0" meanWaitingTime="238.83" meanTravelTime="278.85" meanSpeed="19.04" meanSpeedRelative="0.59" duration="3"/>
    <step time="27300.00" loaded="20043" inserted="17957" running="511" waiting="2086" ended="17446" arrived="17446" collisions="21" teleports="21" halting="6" stopped="0" meanWaitingTime="249.62" meanTravelTime="280.42" meanSpeed="18.96" meanSpeedRelative="0.59" duration="4"/>
    <step time="27600.00" loaded="20605" inserted="18390" running="498" waiting="2215" ended="17892" arrived="17892" collisions="23" teleports="23" halting="4" stopped="0" meanWaitingTime="260.66" meanTravelTime="282.51" meanSpeed="19.79" meanSpeedRelative="0.62" duration="3"/>
    <step time="27900.00" loaded="21167" inserted="18872" running="532" waiting="2295" ended="18340" arrived="18340" collisions="24" teleports="24" halting="5" stopped="0" meanWaitingTime="272.05" meanTravelTime="284.00" meanSpeed="19.05" meanSpeedRelative="0.60" duration="4"/>
    <step time="28200.00" loaded="21713" inserted="19315" running="523" waiting="2398" ended="18792" arrived="18792" collisions="25" teleports="25" halting="2" stopped="0" meanWaitingTime="283.46" meanTravelTime="285.34" meanSpeed="18.35" meanSpeedRelative="0.57" duration="5"/>
    <step time="28500.00" loaded="22277" inserted="19738" running="494" waiting="2539" ended="19244" arrived="19244" collisions="25" teleports="25" halting="6" stopped="0" meanWaitingTime="295.29" meanTravelTime="287.16" meanSpeed="20.11" meanSpeedRelative="0.63" duration="3"/>
    <step time="28800.00" loaded="22807" inserted="20136" running="448" waiting="2671" ended="19688" arrived="19688" collisions="26" teleports="26" halting="5" stopped="0" meanWaitingTime="307.39" meanTravelTime="288.32" meanSpeed="20.59" meanSpeedRelative="0.64" duration="90"/>
    <step time="29100.00" loaded="23154" inserted="20487" running="425" waiting="2667" ended="20062" arrived="20062" collisions="26" teleports="26" halting="6" stopped="0" meanWaitingTime="319.05" meanTravelTime="289.42" meanSpeed="21.03" meanSpeedRelative="0.66" duration="3"/>
    <step time="29400.00" loaded="23513" inserted="20839" running="399" waiting="2674" ended="20440" arrived="20440" collisions="26" teleports="26" halting="3" stopped="0" meanWaitingTime="331.23" meanTravelTime="290.98" meanSpeed="21.27" meanSpeedRelative="0.66" duration="2"/>
    <step time="29700.00" loaded="23844" inserted="21202" running="384" waiting="2642" ended="20818" arrived="20818" collisions="27" teleports="27" halting="5" stopped="0" meanWaitingTime="344.19" meanTravelTime="291.54" meanSpeed="22.07" meanSpeedRelative="0.69" duration="3"/>
    <step time="30000.00" loaded="24201" inserted="21578" running="389" waiting="2623" ended="21189" arrived="21189" collisions="27" teleports="27" halting="3" stopped="0" meanWaitingTime="356.54" meanTravelTime="292.27" meanSpeed="21.95" meanSpeedRelative="0.69" duration="3"/>
    <step time="30300.00" loaded="24573" inserted="21967" running="399" waiting="2606" ended="21568" arrived="21568" collisions="28" teleports="28" halting="2" stopped="0" meanWaitingTime="369.54" meanTravelTime="292.37" meanSpeed="21.16" meanSpeedRelative="0.66" duration="3"/>
    <step time="30600.00" loaded="24932" inserted="22334" running="394" waiting="2598" ended="21940" arrived="21940" collisions="29" teleports="29" halting="2" stopped="0" meanWaitingTime="380.08" meanTravelTime="292.88" meanSpeed="21.72" meanSpeedRelative="0.68" duration="4"/>
    <step time="30900.00" loaded="25291" inserted="22669" running="346" waiting="2622" ended="22323" arrived="22323" collisions="29" teleports="29" halting="2" stopped="0" meanWaitingTime="391.45" meanTravelTime="293.22" meanSpeed="22.11" meanSpeedRelative="0.69" duration="3"/>
    <step time="31200.00" loaded="25636" inserted="23011" running="338" waiting="2625" ended="22673" arrived="22673" collisions="29" teleports="29" halting="5" stopped="0" meanWaitingTime="401.29" meanTravelTime="293.39" meanSpeed="22.84" meanSpeedRelative="0.71" duration="4"/>
    <step time="31500.00" loaded="25966" inserted="23348" running="326" waiting="2618" ended="23022" arrived="23022" collisions="29" teleports="29" halting="3" stopped="0" meanWaitingTime="411.12" meanTravelTime="293.24" meanSpeed="22.25" meanSpeedRelative="0.70" duration="2"/>
    <step time="31800.00" loaded="26340" inserted="23680" running="330" waiting="2660" ended="23350" arrived="23350" collisions="30" teleports="30" halting="2" stopped="0" meanWaitingTime="421.98" meanTravelTime="293.35" meanSpeed="22.74" meanSpeedRelative="0.71" duration="2"/>
    <step time="32100.00" loaded="26699" inserted="24010" running="306" waiting="2689" ended="23704" arrived="23704" collisions="30" teleports="30" halting="5" stopped="0" meanWaitingTime="433.75" meanTravelTime="293.34" meanSpeed="23.42" meanSpeedRelative="0.73" duration="2"/>
    <step time="32400.00" loaded="27063" inserted="24350" running="318" waiting="2713" ended="24032" arrived="24032" collisions="30" teleports="30" halting="2" stopped="0" meanWaitingTime="444.46" meanTravelTime="293.21" meanSpeed="22.72" meanSpeedRelative="0.71" duration="85"/>
    <step time="32700.00" loaded="27311" inserted="24603" running="240" waiting="2708" ended="24363" arrived="24363" collisions="32" teleports="32" halting="1" stopped="0" meanWaitingTime="457.92" meanTravelTime="292.94" meanSpeed="23.09" meanSpeedRelative="0.72" duration="2"/>
    <step time="33000.00" loaded="27603" inserted="24889" running="261" waiting="2714" ended="24628" arrived="24628" collisions="33" teleports="33" halting="3" stopped="0" meanWaitingTime="469.28" meanTravelTime="292.86" meanSpeed="23.93" meanSpeedRelative="0.75" duration="2"/>
    <step time="33300.00" loaded="27870" inserted="25155" running="247" waiting="2715" ended="24908" arrived="24908" collisions="33" teleports="33" halting="3" stopped="0" meanWaitingTime="482.72" meanTravelTime="292.55" meanSpeed="22.80" meanSpeedRelative="0.71" duration="2"/>
    <step time="33600.00" loaded="28148" inserted="25429" running="243" waiting="2719" ended="25186" arrived="25186" collisions="35" teleports="35" halting="4" stopped="0" meanWaitingTime="495.71" meanTravelTime="292.41" meanSpeed="23.42" meanSpeedRelative="0.73" duration="3"/>
    <step time="33900.00" loaded="28433" inserted="25703" running="260" waiting="2730" ended="25443" arrived="25443" collisions="35" teleports="35" halting="2" stopped="0" meanWaitingTime="509.18" meanTravelTime="292.13" meanSpeed="23.39" meanSpeedRelative="0.73" duration="3"/>
    <step time="34200.00" loaded="28701" inserted="25963" running="235" waiting="2738" ended="25728" arrived="25728" collisions="36" teleports="36" halting="3" stopped="0" meanWaitingTime="523.86" meanTravelTime="292.05" meanSpeed="22.88" meanSpeedRelative="0.71" duration="2"/>
    <step time="34500.00" loaded="28969" inserted="26224" running="228" waiting="2745" ended="25996" arrived="25996" collisions="36" teleports="36" halting="4" stopped="0" meanWaitingTime="537.03" meanTravelTime="291.92" meanSpeed="22.88" meanSpeedRelative="0.71" duration="1"/>
    <step time="34800.00" loaded="29222" inserted="26473" running="232" waiting="2749" ended="26241" arrived="26241" collisions="36" teleports="36" halting="3" stopped="0" meanWaitingTime="551.30" meanTravelTime="291.67" meanSpeed="22.66" meanSpeedRelative="0.71" duration="2"/>
    <step time="35100.00" loaded="29490" inserted="26733" running="231" waiting="2757" ended="26502" arrived="26502" collisions="36" teleports="36" halting="1" stopped="0" meanWaitingTime="565.62" meanTravelTime="291.45" meanSpeed="23.41" meanSpeedRelative="0.73" duration="1"/>
    <step time="35400.00" loaded="29765" inserted="26984" running="230" waiting="2781" ended="26754" arrived="26754" collisions="36" teleports="36" halting="3" stopped="0" meanWaitingTime="579.34" meanTravelTime="291.25" meanSpeed="23.18" meanSpeedRelative="0.72" duration="2"/>
    <step time="35700.00" loaded="30007" inserted="27232" running="222" waiting="2775" ended="27010" arrived="27010" collisions="36" teleports="36" halting="3" stopped="0" meanWaitingTime="594.26" meanTravelTime="291.00" meanSpeed="22.45" meanSpeedRelative="0.70" duration="2"/>
    <step time="36000.00" loaded="30273" inserted="27495" running="227" waiting="2778" ended="27268" arrived="27268" collisions="36" teleports="36" halting="3" stopped="0" meanWaitingTime="610.28" meanTravelTime="290.84" meanSpeed="23.00" meanSpeedRelative="0.72" duration="83"/>
    <step time="36300.00" loaded="30739" inserted="27925" running="377" waiting="2814" ended="27548" arrived="27548" collisions="37" teleports="37" halting="4" stopped="0" meanWaitingTime="625.29" meanTravelTime="290.29" meanSpeed="22.44" meanSpeedRelative="0.70" duration="2"/>
    <step time="36600.00" loaded="31229" inserted="28317" running="414" waiting="2912" ended="27903" arrived="27903" collisions="37" teleports="37" halting="1" stopped="0" meanWaitingTime="637.08" meanTravelTime="290.15" meanSpeed="21.92" meanSpeedRelative="0.68" duration="3"/>
    <step time="36900.00" loaded="31717" inserted="28730" running="418" waiting="2987" ended="28312" arrived="28312" collisions="37" teleports="37" halting="5" stopped="0" meanWaitingTime="652.42" meanTravelTime="290.15" meanSpeed="21.74" meanSpeedRelative="0.68" duration="2"/>
    <step time="37200.00" loaded="32184" inserted="29118" running="415" waiting="3066" ended="28703" arrived="28703" collisions="39" teleports="39" halting="7" stopped="0" meanWaitingTime="667.87" meanTravelTime="290.28" meanSpeed="21.96" meanSpeedRelative="0.69" duration="3"/>
    <step time="37500.00" loaded="32703" inserted="29545" running="455" waiting="3158" ended="29090" arrived="29090" collisions="40" teleports="40" halting="3" stopped="0" meanWaitingTime="682.19" meanTravelTime="290.75" meanSpeed="20.07" meanSpeedRelative="0.63" duration="3"/>
    <step time="37800.00" loaded="33123" inserted="29909" running="408" waiting="3214" ended="29501" arrived="29501" collisions="41" teleports="41" halting="3" stopped="0" meanWaitingTime="695.83" meanTravelTime="291.24" meanSpeed="21.43" meanSpeedRelative="0.67" duration="3"/>
    <step time="38100.00" loaded="33581" inserted="30318" running="413" waiting="3263" ended="29905" arrived="29905" collisions="41" teleports="41" halting="5" stopped="0" meanWaitingTime="711.66" meanTravelTime="291.55" meanSpeed="21.17" meanSpeedRelative="0.66" duration="4"/>
    <step time="38400.00" loaded="34066" inserted="30733" running="436" waiting="3333" ended="30297" arrived="30297" collisions="41" teleports="41" halting="3" stopped="0" meanWaitingTime="726.29" meanTravelTime="292.05" meanSpeed="21.27" meanSpeedRelative="0.66" duration="4"/>
    <step time="38700.00" loaded="34526" inserted="31115" running="421" waiting="3411" ended="30694" arrived="30694" collisions="41" teleports="41" halting="2" stopped="0" meanWaitingTime="739.96" meanTravelTime="292.37" meanSpeed="21.35" meanSpeedRelative="0.67" duration="4"/>
    <step time="39000.00" loaded="35007" inserted="31507" running="408" waiting="3500" ended="31099" arrived="31099" collisions="42" teleports="42" halting="6" stopped="0" meanWaitingTime="751.21" meanTravelTime="292.78" meanSpeed="20.74" meanSpeedRelative="0.65" duration="3"/>
    <step time="39300.00" loaded="35470" inserted="31893" running="425" waiting="3577" ended="31468" arrived="31468" collisions="43" teleports="43" halting="4" stopped="0" meanWaitingTime="765.85" meanTravelTime="293.00" meanSpeed="20.74" meanSpeedRelative="0.65" duration="3"/>
    <step time="39600.00" loaded="35957" inserted="32307" running="418" waiting="3650" ended="31889" arrived="31889" collisions="45" teleports="45" halting="6" stopped="0" meanWaitingTime="779.91" meanTravelTime="293.54" meanSpeed="21.09" meanSpeedRelative="0.66" duration="93"/>
    <step time="39900.00" loaded="36462" inserted="32734" running="445" waiting="3728" ended="32289" arrived="32289" collisions="46" teleports="46" halting="1" stopped="0" meanWaitingTime="796.02" meanTravelTime="293.43" meanSpeed="21.32" meanSpeedRelative="0.67" duration="3"/>
    <step time="40200.00" loaded="36966" inserted="33172" running="479" waiting="3794" ended="32693" arrived="32693" collisions="49" teleports="49" halting="5" stopped="0" meanWaitingTime="810.62" meanTravelTime="293.53" meanSpeed="21.00" meanSpeedRelative="0.66" duration="4"/>
    <step time="40500.00" loaded="37443" inserted="33572" running="458" waiting="3871" ended="33114" arrived="33114" collisions="49" teleports="49" halting="4" stopped="0" meanWaitingTime="825.28" meanTravelTime="294.15" meanSpeed="20.52" meanSpeedRelative="0.64" duration="3"/>
    <step time="40800.00" loaded="37958" inserted="33996" running="470" waiting="3962" ended="33526" arrived="33526" collisions="50" teleports="50" halting="4" stopped="0" meanWaitingTime="839.41" meanTravelTime="294.70" meanSpeed="20.37" meanSpeedRelative="0.64" duration="3"/>
    <step time="41100.00" loaded="38514" inserted="34453" running="483" waiting="4061" ended="33970" arrived="33970" collisions="52" teleports="52" halting="7" stopped="0" meanWaitingTime="855.01" meanTravelTime="295.10" meanSpeed="20.97" meanSpeedRelative="0.66" duration="3"/>
    <step time="41400.00" loaded="39030" inserted="34872" running="468" waiting="4158" ended="34404" arrived="34404" collisions="53" teleports="53" halting="8" stopped="0" meanWaitingTime="870.53" meanTravelTime="295.55" meanSpeed="20.45" meanSpeedRelative="0.64" duration="4"/>
    <step time="41700.00" loaded="39543" inserted="35290" running="470" waiting="4253" ended="34820" arrived="34820" collisions="53" teleports="53" halting="6" stopped="0" meanWaitingTime="884.47" meanTravelTime="295.97" meanSpeed="19.79" meanSpeedRelative="0.62" duration="3"/>
    <step time="42000.00" loaded="40061" inserted="35717" running="486" waiting="4344" ended="35231" arrived="35231" collisions="54" teleports="54" halting="4" stopped="0" meanWaitingTime="898.21" meanTravelTime="296.34" meanSpeed="20.95" meanSpeedRelative="0.65" duration="5"/>
    <step time="42300.00" loaded="40590" inserted="36142" running="470" waiting="4448" ended="35672" arrived="35672" collisions="56" teleports="56" halting="6" stopped="0" meanWaitingTime="909.85" meanTravelTime="296.97" meanSpeed="20.24" meanSpeedRelative="0.63" duration="3"/>
    <step time="42600.00" loaded="41114" inserted="36600" running="506" waiting="4514" ended="36094" arrived="36094" collisions="57" teleports="57" halting="4" stopped="0" meanWaitingTime="926.31" meanTravelTime="297.35" meanSpeed="20.11" meanSpeedRelative="0.63" duration="6"/>
    <step time="42900.00" loaded="41675" inserted="37034" running="487" waiting="4641" ended="36547" arrived="36547" collisions="58" teleports="58" halting="4" stopped="0" meanWaitingTime="940.86" meanTravelTime="297.73" meanSpeed="20.01" meanSpeedRelative="0.63" duration="4"/>
    <step time="43200.00" loaded="42174" inserted="37462" running="485" waiting="4712" ended="36977" arrived="36977" collisions="60" teleports="60" halting="4" stopped="0" meanWaitingTime="953.83" meanTravelTime="298.24" meanSpeed="20.21" meanSpeedRelative="0.63" duration="92"/>
    <step time="43500.00" loaded="42739" inserted="37911" running="491" waiting="4828" ended="37420" arrived="37420" collisions="62" teleports="62" halting="5" stopped="0" meanWaitingTime="967.12" meanTravelTime="298.60" meanSpeed="20.33" meanSpeedRelative="0.64" duration="5"/>
    <step time="43800.00" loaded="43285" inserted="38349" running="505" waiting="4936" ended="37844" arrived="37844" collisions="63" teleports="63" halting="3" stopped="0" meanWaitingTime="981.12" meanTravelTime="299.06" meanSpeed="20.25" meanSpeedRelative="0.63" duration="5"/>
    <step time="44100.00" loaded="43831" inserted="38799" running="527" waiting="5032" ended="38272" arrived="38272" collisions="64" teleports="64" halting="4" stopped="0" meanWaitingTime="996.08" meanTravelTime="299.60" meanSpeed="19.49" meanSpeedRelative="0.61" duration="5"/>
    <step time="44400.00" loaded="44358" inserted="39231" running="523" waiting="5127" ended="38708" arrived="38708" collisions="64" teleports="64" halting="7" stopped="0" meanWaitingTime="1009.99" meanTravelTime="300.38" meanSpeed="19.17" meanSpeedRelative="0.60" duration="5"/>
    <step time="44700.00" loaded="44890" inserted="39686" running="508" waiting="5204" ended="39178" arrived="39178" collisions="65" teleports="65" halting="7" stopped="0" meanWaitingTime="1025.88" meanTravelTime="300.95" meanSpeed="19.74" meanSpeedRelative="0.62" duration="6"/>
    <step time="45000.00" loaded="45412" inserted="40125" running="520" waiting="5287" ended="39605" arrived="39605" collisions="65" teleports="65" halting="5" stopped="0" meanWaitingTime="1040.40" meanTravelTime="301.31" meanSpeed="20.07" meanSpeedRelative="0.63" duration="6"/>
    <step time="45300.00" loaded="45953" inserted="40560" running="507" waiting="5393" ended="40053" arrived="40053" collisions="66" teleports="66" halting="6" stopped="0" meanWaitingTime="1053.96" meanTravelTime="301.98" meanSpeed="19.57" meanSpeedRelative="0.61" duration="3"/>
    <step time="45600.00" loaded="46475" inserted="40981" running="504" waiting="5494" ended="40477" arrived="40477" collisions="67" teleports="67" halting="9" stopped="0" meanWaitingTime="1066.56" meanTravelTime="302.55" meanSpeed="19.82" meanSpeedRelative="0.62" duration="3"/>
    <step time="45900.00" loaded="46984" inserted="41388" running="497" waiting="5596" ended="40891" arrived="40891" collisions="68" teleports="68" halting="9" stopped="0" meanWaitingTime="1078.87" meanTravelTime="303.22" meanSpeed="19.70" meanSpeedRelative="0.62" duration="6"/>
    <step time="46200.00" loaded="47553" inserted="41871" running="563" waiting="5682" ended="41308" arrived="41308" collisions="69" teleports="69" halting="4" stopped="0" meanWaitingTime="1095.44" meanTravelTime="303.62" meanSpeed="18.54" meanSpeedRelative="0.58" duration="4"/>
    <step time="46500.00" loaded="48062" inserted="42308" running="555" waiting="5754" ended="41753" arrived="41753" collisions="71" teleports="71" halting="3" stopped="0" meanWaitingTime="1110.84" meanTravelTime="304.05" meanSpeed="18.79" meanSpeedRelative="0.59" duration="6"/>
    <step time="46800.00" loaded="48638" inserted="42799" running="593" waiting="5839" ended="42206" arrived="42206" collisions="73" teleports="73" halting="2" stopped="0" meanWaitingTime="1125.01" meanTravelTime="304.94" meanSpeed="18.19" meanSpeedRelative="0.57" duration="95"/>
    <step time="47100.00" loaded="49163" inserted="43243" running="533" waiting="5920" ended="42710" arrived="42710" collisions="77" teleports="77" halting="6" stopped="0" meanWaitingTime="1136.67" meanTravelTime="305.75" meanSpeed="19.31" meanSpeedRelative="0.60" duration="4"/>
    <step time="47400.00" loaded="49746" inserted="43700" running="553" waiting="6046" ended="43147" arrived="43147" collisions="77" teleports="77" halting="10" stopped="0" meanWaitingTime="1149.14" meanTravelTime="306.04" meanSpeed="18.77" meanSpeedRelative="0.59" duration="6"/>
    <step time="47700.00" loaded="50290" inserted="44164" running="577" waiting="6126" ended="43587" arrived="43587" collisions="78" teleports="78" halting="3" stopped="0" meanWaitingTime="1164.38" meanTravelTime="306.93" meanSpeed="19.64" meanSpeedRelative="0.61" duration="5"/>
    <step time="48000.00" loaded="50812" inserted="44633" running="576" waiting="6179" ended="44057" arrived="44057" collisions="79" teleports="79" halting="4" stopped="0" meanWaitingTime="1180.22" meanTravelTime="307.44" meanSpeed="19.06" meanSpeedRelative="0.60" duration="5"/>
    <step time="48300.00" loaded="51325" inserted="45064" running="574" waiting="6261" ended="44490" arrived="44490" collisions="82" teleports="82" halting="8" stopped="0" meanWaitingTime="1194.24" meanTravelTime="308.18" meanSpeed="18.77" meanSpeedRelative="0.59" duration="6"/>
    <step time="48600.00" loaded="51872" inserted="45544" running="568" waiting="6328" ended="44976" arrived="44976" collisions="83" teleports="83" halting="2" stopped="0" meanWaitingTime="1209.45" meanTravelTime="309.06" meanSpeed="19.14" meanSpeedRelative="0.60" duration="7"/>
    <step time="48900.00" loaded="52411" inserted="46002" running="563" waiting="6409" ended="45439" arrived="45439" collisions="85" teleports="85" halting="3" stopped="0" meanWaitingTime="1223.54" meanTravelTime="309.48" meanSpeed="19.10" meanSpeedRelative="0.60" duration="4"/>
    <step time="49200.00" loaded="52917" inserted="46440" running="539" waiting="6477" ended="45901" arrived="45901" collisions="86" teleports="86" halting="5" stopped="0" meanWaitingTime="1238.11" meanTravelTime="310.17" meanSpeed="18.68" meanSpeedRelative="0.58" duration="5"/>
    <step time="49500.00" loaded="53395" inserted="46877" running="525" waiting="6518" ended="46352" arrived="46352" collisions="87" teleports="87" halting="9" stopped="0" meanWaitingTime="1252.73" meanTravelTime="310.73" meanSpeed="18.75" meanSpeedRelative="0.59" duration="5"/>
    <step time="49800.00" loaded="53920" inserted="47331" running="522" waiting="6589" ended="46809" arrived="46809" collisions="88" teleports="88" halting="4" stopped="0" meanWaitingTime="1267.98" meanTravelTime="311.22" meanSpeed="19.82" meanSpeedRelative="0.62" duration="6"/>
    <step time="50100.00" loaded="54447" inserted="47797" running="539" waiting="6650" ended="47258" arrived="47258" collisions="88" teleports="88" halting="5" stopped="0" meanWaitingTime="1284.55" meanTravelTime="311.48" meanSpeed="20.39" meanSpeedRelative="0.64" duration="5"/>
    <step time="50400.00" loaded="55029" inserted="48260" running="556" waiting="6769" ended="47704" arrived="47704" collisions="91" teleports="91" halting="10" stopped="0" meanWaitingTime="1297.77" meanTravelTime="311.95" meanSpeed="18.84" meanSpeedRelative="0.59" duration="97"/>
    <step time="50700.00" loaded="55725" inserted="48785" running="636" waiting="6940" ended="48149" arrived="48149" collisions="93" teleports="93" halting="10" stopped="0" meanWaitingTime="1311.58" meanTravelTime="312.26" meanSpeed="18.25" meanSpeedRelative="0.57" duration="6"/>
    <step time="51000.00" loaded="56388" inserted="49302" running="674" waiting="7086" ended="48628" arrived="48628" collisions="94" teleports="94" halting="3" stopped="0" meanWaitingTime="1326.49" meanTravelTime="312.92" meanSpeed="17.75" meanSpeedRelative="0.55" duration="8"/>
    <step time="51300.00" loaded="57124" inserted="49836" running="717" waiting="7288" ended="49119" arrived="49119" collisions="95" teleports="95" halting="7" stopped="0" meanWaitingTime="1338.70" meanTravelTime="313.62" meanSpeed="16.68" meanSpeedRelative="0.52" duration="7"/>
    <step time="51600.00" loaded="57851" inserted="50367" running="749" waiting="7484" ended="49618" arrived="49618" collisions="98" teleports="98" halting="5" stopped="0" meanWaitingTime="1351.16" meanTravelTime="314.53" meanSpeed="16.43" meanSpeedRelative="0.51" duration="8"/>
    <step time="51900.00" loaded="58566" inserted="50860" running="727" waiting="7706" ended="50133" arrived="50133" collisions="99" teleports="99" halting="12" stopped="0" meanWaitingTime="1364.68" meanTravelTime="315.63" meanSpeed="15.57" meanSpeedRelative="0.49" duration="6"/>
    <step time="52200.00" loaded="59294" inserted="51402" running="794" waiting="7892" ended="50608" arrived="50608" collisions="102" teleports="102" halting="8" stopped="0" meanWaitingTime="1375.07" meanTravelTime="316.77" meanSpeed="15.43" meanSpeedRelative="0.48" duration="9"/>
    <step time="52500.00" loaded="60026" inserted="51937" running="822" waiting="8089" ended="51115" arrived="51115" collisions="105" teleports="105" halting="4" stopped="0" meanWaitingTime="1386.66" meanTravelTime="318.16" meanSpeed="14.59" meanSpeedRelative="0.46" duration="10"/>
    <step time="52800.00" loaded="60740" inserted="52457" running="860" waiting="8283" ended="51597" arrived="51597" collisions="107" teleports="107" halting="7" stopped="0" meanWaitingTime="1398.02" meanTravelTime="319.55" meanSpeed="14.87" meanSpeedRelative="0.46" duration="10"/>
    <step time="53100.00" loaded="61457" inserted="52981" running="864" waiting="8476" ended="52117" arrived="52117" collisions="107" teleports="107" halting="14" stopped="0" meanWaitingTime="1410.52" meanTravelTime="321.34" meanSpeed="14.65" meanSpeedRelative="0.46" duration="10"/>
    <step time="53400.00" loaded="62171" inserted="53479" running="889" waiting="8692" ended="52590" arrived="52590" collisions="108" teleports="108" halting="12" stopped="0" meanWaitingTime="1423.49" meanTravelTime="322.82" meanSpeed="13.92" meanSpeedRelative="0.43" duration="10"/>
    <step time="53700.00" loaded="62885" inserted="54009" running="971" waiting="8876" ended="53038" arrived="53038" collisions="111" teleports="111" halting="11" stopped="0" meanWaitingTime="1435.94" meanTravelTime="324.42" meanSpeed="13.14" meanSpeedRelative="0.41" duration="13"/>
    <step time="54000.00" loaded="63626" inserted="54568" running="1020" waiting="9058" ended="53548" arrived="53548" collisions="114" teleports="114" halting="20" stopped="0" meanWaitingTime="1448.65" meanTravelTime="326.52" meanSpeed="12.49" meanSpeedRelative="0.39" duration="98"/>
    <step time="54300.00" loaded="64081" inserted="54977" running="905" waiting="9104" ended="54072" arrived="54072" collisions="116" teleports="116" halting="13" stopped="0" meanWaitingTime="1463.45" meanTravelTime="328.65" meanSpeed="13.31" meanSpeedRelative="0.42" duration="9"/>
    <step time="54600.00" loaded="64584" inserted="55408" running="831" waiting="9176" ended="54577" arrived="54577" collisions="117" teleports="117" halting="10" stopped="0" meanWaitingTime="1474.80" meanTravelTime="331.20" meanSpeed="14.25" meanSpeedRelative="0.45" duration="8"/>
    <step time="54900.00" loaded="65042" inserted="55855" running="764" waiting="9187" ended="55091" arrived="55091" collisions="121" teleports="121" halting="7" stopped="0" meanWaitingTime="1488.66" meanTravelTime="333.58" meanSpeed="14.39" meanSpeedRelative="0.45" duration="7"/>
    <step time="55200.00" loaded="65486" inserted="56266" running="693" waiting="9220" ended="55573" arrived="55573" collisions="122" teleports="122" halting="7" stopped="0" meanWaitingTime="1503.54" meanTravelTime="335.23" meanSpeed="15.67" meanSpeedRelative="0.49" duration="8"/>
    <step time="55500.00" loaded="65944" inserted="56694" running="640" waiting="9250" ended="56054" arrived="56054" collisions="123" teleports="123" halting="6" stopped="0" meanWaitingTime="1519.82" meanTravelTime="336.59" meanSpeed="16.29" meanSpeedRelative="0.51" duration="8"/>
    <step time="55800.00" loaded="66409" inserted="57144" running="622" waiting="9265" ended="56522" arrived="56522" collisions="125" teleports="125" halting="7" stopped="0" meanWaitingTime="1538.99" meanTravelTime="337.55" meanSpeed="17.08" meanSpeedRelative="0.53" duration="8"/>
    <step time="56100.00" loaded="66914" inserted="57597" running="620" waiting="9317" ended="56977" arrived="56977" collisions="129" teleports="129" halting="7" stopped="0" meanWaitingTime="1557.61" meanTravelTime="338.22" meanSpeed="16.95" meanSpeedRelative="0.53" duration="9"/>
    <step time="56400.00" loaded="67357" inserted="58023" running="592" waiting="9334" ended="57431" arrived="57431" collisions="130" teleports="130" halting="6" stopped="0" meanWaitingTime="1574.61" meanTravelTime="338.82" meanSpeed="18.08" meanSpeedRelative="0.57" duration="8"/>
    <step time="56700.00" loaded="67824" inserted="58460" running="574" waiting="9364" ended="57886" arrived="57886" collisions="134" teleports="134" halting="8" stopped="0" meanWaitingTime="1592.21" meanTravelTime="339.24" meanSpeed="19.16" meanSpeedRelative="0.60" duration="8"/>
    <step time="57000.00" loaded="68264" inserted="58902" running="553" waiting="9362" ended="58349" arrived="58349" collisions="136" teleports="136" halting="5" stopped="0" meanWaitingTime="1610.13" meanTravelTime="339.71" meanSpeed="19.03" meanSpeedRelative="0.59" duration="6"/>
    <step time="57300.00" loaded="68733" inserted="59358" running="561" waiting="9375" ended="58797" arrived="58797" collisions="137" teleports="137" halting="7" stopped="0" meanWaitingTime="1627.06" meanTravelTime="339.98" meanSpeed="19.10" meanSpeedRelative="0.60" duration="6"/>
    <step time="57600.00" loaded="69202" inserted="59793" running="547" waiting="9409" ended="59246" arrived="59246" collisions="138" teleports="138" halting="4" stopped="0" meanWaitingTime="1644.69" meanTravelTime="340.20" meanSpeed="19.49" meanSpeedRelative="0.61" duration="92"/>
    <step time="57900.00" loaded="69766" inserted="60282" running="595" waiting="9484" ended="59687" arrived="59687" collisions="138" teleports="138" halting="5" stopped="0" meanWaitingTime="1663.86" meanTravelTime="340.36" meanSpeed="17.80" meanSpeedRelative="0.56" duration="9"/>
    <step time="58200.00" loaded="70310" inserted="60724" running="579" waiting="9586" ended="60145" arrived="60145" collisions="140" teleports="140" halting="6" stopped="0" meanWaitingTime="1680.55" meanTravelTime="340.58" meanSpeed="18.81" meanSpeedRelative="0.59" duration="7"/>
    <step time="58500.00" loaded="70869" inserted="61194" running="587" waiting="9675" ended="60607" arrived="60607" collisions="142" teleports="142" halting="7" stopped="0" meanWaitingTime="1698.84" meanTravelTime="340.95" meanSpeed="18.41" meanSpeedRelative="0.58" duration="8"/>
    <step time="58800.00" loaded="71403" inserted="61641" running="593" waiting="9762" ended="61048" arrived="61048" collisions="143" teleports="143" halting="5" stopped="0" meanWaitingTime="1714.49" meanTravelTime="341.19" meanSpeed="18.28" meanSpeedRelative="0.57" duration="5"/>
    <step time="59100.00" loaded="71955" inserted="62108" running="589" waiting="9847" ended="61519" arrived="61519" collisions="144" teleports="144" halting="6" stopped="0" meanWaitingTime="1731.48" meanTravelTime="341.50" meanSpeed="17.99" meanSpeedRelative="0.56" duration="7"/>
    <step time="59400.00" loaded="72518" inserted="62564" running="597" waiting="9954" ended="61967" arrived="61967" collisions="145" teleports="145" halting="5" stopped="0" meanWaitingTime="1747.99" meanTravelTime="341.85" meanSpeed="17.75" meanSpeedRelative="0.55" duration="6"/>
    <step time="59700.00" loaded="73071" inserted="63033" running="629" waiting="10038" ended="62404" arrived="62404" collisions="145" teleports="145" halting="7" stopped="0" meanWaitingTime="1765.12" meanTravelTime="342.22" meanSpeed="17.76" meanSpeedRelative="0.56" duration="9"/>
    <step time="60000.00" loaded="73721" inserted="63521" running="666" waiting="10200" ended="62855" arrived="62855" collisions="145" teleports="145" halting="10" stopped="0" meanWaitingTime="1781.01" meanTravelTime="342.74" meanSpeed="18.10" meanSpeedRelative="0.57" duration="10"/>
    <step time="60300.00" loaded="74334" inserted="64036" running="737" waiting="10298" ended="63299" arrived="63299" collisions="145" teleports="145" halting="7" stopped="0" meanWaitingTime="1798.08" meanTravelTime="343.15" meanSpeed="16.46" meanSpeedRelative="0.51" duration="10"/>
    <step time="60600.00" loaded="74904" inserted="64515" running="739" waiting="10389" ended="63776" arrived="63776" collisions="149" teleports="149" halting="8" stopped="0" meanWaitingTime="1815.15" meanTravelTime="343.70" meanSpeed="16.10" meanSpeedRelative="0.50" duration="9"/>
    <step time="60900.00" loaded="75500" inserted="64994" running="724" waiting="10506" ended="64270" arrived="64270" collisions="150" teleports="150" halting="12" stopped="0" meanWaitingTime="1829.89" meanTravelTime="344.49" meanSpeed="16.75" meanSpeedRelative="0.52" duration="8"/>
    <step time="61200.00" loaded="76089" inserted="65473" running="717" waiting="10616" ended="64756" arrived="64756" collisions="151" teleports="151" halting="8" stopped="0" meanWaitingTime="1845.14" meanTravelTime="345.36" meanSpeed="16.47" meanSpeedRelative="0.51" duration="88"/>
    <step time="61500.00" loaded="76157" inserted="65795" running="583" waiting="10362" ended="65212" arrived="65212" collisions="151" teleports="151" halting="7" stopped="0" meanWaitingTime="1868.66" meanTravelTime="346.21" meanSpeed="17.89" meanSpeedRelative="0.56" duration="8"/>
    <step time="61800.00" loaded="76234" inserted="66119" running="506" waiting="10115" ended="65613" arrived="65613" collisions="152" teleports="152" halting="2" stopped="0" meanWaitingTime="1892.60" meanTravelTime="347.07" meanSpeed="17.98" meanSpeedRelative="0.56" duration="7"/>
    <step time="62100.00" loaded="76313" inserted="66406" running="395" waiting="9907" ended="66011" arrived="66011" collisions="154" teleports="154" halting="4" stopped="0" meanWaitingTime="1918.97" meanTravelTime="348.00" meanSpeed="20.48" meanSpeedRelative="0.64" duration="7"/>
    <step time="62400.00" loaded="76388" inserted="66666" running="349" waiting="9722" ended="66317" arrived="66317" collisions="158" teleports="158" halting="6" stopped="0" meanWaitingTime="1937.38" meanTravelTime="348.32" meanSpeed="20.98" meanSpeedRelative="0.66" duration="4"/>
    <step time="62700.00" loaded="76466" inserted="66927" running="316" waiting="9539" ended="66611" arrived="66611" collisions="159" teleports="159" halting="2" stopped="0" meanWaitingTime="1958.47" meanTravelTime="348.60" meanSpeed="22.48" meanSpeedRelative="0.70" duration="4"/>
    <step time="63000.00" loaded="76531" inserted="67194" running="308" waiting="9337" ended="66886" arrived="66886" collisions="159" teleports="159" halting="3" stopped="0" meanWaitingTime="1981.71" meanTravelTime="348.59" meanSpeed="22.02" meanSpeedRelative="0.69" duration="3"/>
    <step time="63300.00" loaded="76602" inserted="67448" running="302" waiting="9154" ended="67146" arrived="67146" collisions="159" teleports="159" halting="6" stopped="0" meanWaitingTime="2000.16" meanTravelTime="348.75" meanSpeed="21.99" meanSpeedRelative="0.69" duration="6"/>
    <step time="63600.00" loaded="76679" inserted="67687" running="298" waiting="8992" ended="67389" arrived="67389" collisions="159" teleports="159" halting="4" stopped="0" meanWaitingTime="2017.93" meanTravelTime="348.73" meanSpeed="22.14" meanSpeedRelative="0.69" duration="4"/>
    <step time="63900.00" loaded="76751" inserted="67892" running="228" waiting="8859" ended="67664" arrived="67664" collisions="159" teleports="159" halting="4" stopped="0" meanWaitingTime="2040.00" meanTravelTime="348.74" meanSpeed="21.85" meanSpeedRelative="0.68" duration="4"/>
    <step time="64200.00" loaded="76828" inserted="68094" running="205" waiting="8734" ended="67889" arrived="67889" collisions="160" teleports="160" halting="9" stopped="0" meanWaitingTime="2062.23" meanTravelTime="348.70" meanSpeed="20.61" meanSpeedRelative="0.64" duration="5"/>
    <step time="64500.00" loaded="76907" inserted="68288" running="201" waiting="8619" ended="68087" arrived="68087" collisions="160" teleports="160" halting="9" stopped="0" meanWaitingTime="2078.94" meanTravelTime="348.62" meanSpeed="21.26" meanSpeedRelative="0.66" duration="3"/>
    <step time="64800.00" loaded="76975" inserted="68481" running="189" waiting="8494" ended="68292" arrived="68292" collisions="160" teleports="160" halting="3" stopped="0" meanWaitingTime="2100.89" meanTravelTime="348.43" meanSpeed="21.44" meanSpeedRelative="0.67" duration="96"/>
    <step time="65100.00" loaded="77033" inserted="68657" running="198" waiting="8376" ended="68459" arrived="68459" collisions="160" teleports="160" halting="3" stopped="0" meanWaitingTime="2119.88" meanTravelTime="348.29" meanSpeed="21.17" meanSpeedRelative="0.66" duration="3"/>
    <step time="65400.00" loaded="77087" inserted="68879" running="219" waiting="8208" ended="68660" arrived="68660" collisions="160" teleports="160" halting="9" stopped="0" meanWaitingTime="2146.38" meanTravelTime="348.18" meanSpeed="20.75" meanSpeedRelative="0.65" duration="6"/>
    <step time="65700.00" loaded="77150" inserted="69081" running="220" waiting="8069" ended="68861" arrived="68861" collisions="160" teleports="160" halting="1" stopped="0" meanWaitingTime="2167.20" meanTravelTime="348.09" meanSpeed="21.67" meanSpeedRelative="0.68" duration="6"/>
    <step time="66000.00" loaded="77206" inserted="69289" running="221" waiting="7917" ended="69068" arrived="69068" collisions="160" teleports="160" halting="3" stopped="0" meanWaitingTime="2190.51" meanTravelTime="347.99" meanSpeed="21.82" meanSpeedRelative="0.68" duration="3"/>
    <step time="66300.00" loaded="77254" inserted="69521" running="217" waiting="7733" ended="69304" arrived="69304" collisions="160" teleports="160" halting="6" stopped="0" meanWaitingTime="2219.40" meanTravelTime="347.77" meanSpeed="21.33" meanSpeedRelative="0.67" duration="4"/>
    <step time="66600.00" loaded="77310" inserted="69745" running="214" waiting="7565" ended="69531" arrived="69531" collisions="160" teleports="160" halting="4" stopped="0" meanWaitingTime="2244.32" meanTravelTime="347.60" meanSpeed="21.46" meanSpeedRelative="0.67" duration="3"/>
    <step time="66900.00" loaded="77373" inserted="69882" running="149" waiting="7491" ended="69733" arrived="69733" collisions="160" teleports="160" halting="5" stopped="0" meanWaitingTime="2262.04" meanTravelTime="347.50" meanSpeed="21.41" meanSpeedRelative="0.67" duration="2"/>
    <step time="67200.00" loaded="77413" inserted="70005" running="108" waiting="7408" ended="69897" arrived="69897" collisions="160" teleports="160" halting="6" stopped="0" meanWaitingTime="2280.81" meanTravelTime="347.36" meanSpeed="19.67" meanSpeedRelative="0.61" duration="2"/>
    <step time="67500.00" loaded="77468" inserted="70146" running="117" waiting="7322" ended="70029" arrived="70029" collisions="160" teleports="160" halting="7" stopped="0" meanWaitingTime="2301.41" meanTravelTime="347.24" meanSpeed="20.60" meanSpeedRelative="0.64" duration="2"/>
    <step time="67800.00" loaded="77507" inserted="70287" running="120" waiting="7220" ended="70167" arrived="70167" collisions="160" teleports="160" halting="1" stopped="0" meanWaitingTime="2324.30" meanTravelTime="347.04" meanSpeed="20.97" meanSpeedRelative="0.66" duration="2"/>
    <step time="68100.00" loaded="77559" inserted="70425" running="115" waiting="7134" ended="70310" arrived="70310" collisions="160" teleports="160" halting="4" stopped="0" meanWaitingTime="2346.07" meanTravelTime="346.85" meanSpeed="18.80" meanSpeedRelative="0.59" duration="2"/>
    <step time="68400.00" loaded="77595" inserted="70547" running="103" waiting="7048" ended="70444" arrived="70444" collisions="160" teleports="160" halting="5" stopped="0" meanWaitingTime="2365.20" meanTravelTime="346.67" meanSpeed="19.37" meanSpeedRelative="0.61" duration="93"/>
    <step time="68700.00" loaded="77754" inserted="70742" running="158" waiting="7012" ended="70584" arrived="70584" collisions="160" teleports="160" halting="7" stopped="0" meanWaitingTime="2381.13" meanTravelTime="346.46" meanSpeed="21.51" meanSpeedRelative="0.67" duration="2"/>
    <step time="69000.00" loaded="77889" inserted="70931" running="174" waiting="6958" ended="70757" arrived="70757" collisions="160" teleports="160" halting="4" stopped="0" meanWaitingTime="2398.59" meanTravelTime="346.27" meanSpeed="22.19" meanSpeedRelative="0.69" duration="2"/>
    <step time="69300.00" loaded="78033" inserted="71127" running="178" waiting="6906" ended="70949" arrived="70949" collisions="160" teleports="160" halting="3" stopped="0" meanWaitingTime="2413.99" meanTravelTime="346.03" meanSpeed="22.65" meanSpeedRelative="0.71" duration="2"/>
    <step time="69600.00" loaded="78184" inserted="71322" running="176" waiting="6862" ended="71146" arrived="71146" collisions="160" teleports="160" halting="5" stopped="0" meanWaitingTime="2430.00" meanTravelTime="345.82" meanSpeed="21.74" meanSpeedRelative="0.68" duration="2"/>
    <step time="69900.00" loaded="78367" inserted="71544" running="207" waiting="6823" ended="71337" arrived="71337" collisions="160" teleports="160" halting="5" stopped="0" meanWaitingTime="2446.32" meanTravelTime="345.58" meanSpeed="21.19" meanSpeedRelative="0.66" duration="2"/>
    <step time="70200.00" loaded="78530" inserted="71761" running="202" waiting="6769" ended="71559" arrived="71559" collisions="161" teleports="161" halting="3" stopped="0" meanWaitingTime="2464.38" meanTravelTime="345.37" meanSpeed="22.09" meanSpeedRelative="0.69" duration="3"/>
    <step time="70500.00" loaded="78674" inserted="71946" running="181" waiting="6728" ended="71765" arrived="71765" collisions="161" teleports="161" halting="2" stopped="0" meanWaitingTime="2480.06" meanTravelTime="345.23" meanSpeed="22.07" meanSpeedRelative="0.69" duration="3"/>
    <step time="70800.00" loaded="78843" inserted="72140" running="178" waiting="6703" ended="71962" arrived="71962" collisions="161" teleports="161" halting="7" stopped="0" meanWaitingTime="2498.28" meanTravelTime="345.07" meanSpeed="22.40" meanSpeedRelative="0.70" duration="2"/>
    <step time="71100.00" loaded="79015" inserted="72352" running="188" waiting="6663" ended="72164" arrived="72164" collisions="161" teleports="161" halting="9" stopped="0" meanWaitingTime="2516.02" meanTravelTime="344.88" meanSpeed="21.30" meanSpeedRelative="0.67" duration="2"/>
    <step time="71400.00" loaded="79178" inserted="72559" running="185" waiting="6619" ended="72374" arrived="72374" collisions="161" teleports="161" halting="1" stopped="0" meanWaitingTime="2531.90" meanTravelTime="344.70" meanSpeed="22.15" meanSpeedRelative="0.69" duration="3"/>
    <step time="71700.00" loaded="79332" inserted="72754" running="176" waiting="6578" ended="72578" arrived="72578" collisions="161" teleports="161" halting="6" stopped="0" meanWaitingTime="2548.68" meanTravelTime="344.47" meanSpeed="22.06" meanSpeedRelative="0.69" duration="2"/>
    <step time="72000.00" loaded="79486" inserted="72942" running="179" waiting="6544" ended="72763" arrived="72763" collisions="161" teleports="161" halting="5" stopped="0" meanWaitingTime="2564.33" meanTravelTime="344.30" meanSpeed="21.92" meanSpeedRelative="0.68" duration="87"/>
    <step time="72300.00" loaded="79631" inserted="73123" running="169" waiting="6508" ended="72954" arrived="72954" collisions="161" teleports="161" halting="5" stopped="0" meanWaitingTime="2582.35" meanTravelTime="344.09" meanSpeed="21.19" meanSpeedRelative="0.66" duration="2"/>
    <step time="72600.00" loaded="79770" inserted="73327" running="173" waiting="6443" ended="73154" arrived="73154" collisions="161" teleports="161" halting="6" stopped="0" meanWaitingTime="2602.61" meanTravelTime="343.93" meanSpeed="21.75" meanSpeedRelative="0.68" duration="2"/>
    <step time="72900.00" loaded="79914" inserted="73516" running="173" waiting="6398" ended="73343" arrived="73343" collisions="163" teleports="163" halting="4" stopped="0" meanWaitingTime="2620.77" meanTravelTime="343.75" meanSpeed="22.12" meanSpeedRelative="0.69" duration="2"/>
    <step time="73200.00" loaded="80047" inserted="73699" running="170" waiting="6348" ended="73529" arrived="73529" collisions="164" teleports="164" halting="3" stopped="0" meanWaitingTime="2639.35" meanTravelTime="343.54" meanSpeed="21.88" meanSpeedRelative="0.68" duration="2"/>
    <step time="73500.00" loaded="80183" inserted="73898" running="175" waiting="6285" ended="73723" arrived="73723" collisions="164" teleports="164" halting="10" stopped="0" meanWaitingTime="2656.96" meanTravelTime="343.35" meanSpeed="21.25" meanSpeedRelative="0.66" duration="3"/>
    <step time="73800.00" loaded="80311" inserted="74077" running="172" waiting="6234" ended="73905" arrived="73905" collisions="165" teleports="165" halting="3" stopped="0" meanWaitingTime="2676.78" meanTravelTime="343.19" meanSpeed="21.91" meanSpeedRelative="0.68" duration="3"/>
    <step time="74100.00" loaded="80440" inserted="74250" running="178" waiting="6190" ended="74072" arrived="74072" collisions="165" teleports="165" halting="6" stopped="0" meanWaitingTime="2693.18" meanTravelTime="343.06" meanSpeed="22.07" meanSpeedRelative="0.69" duration="2"/>
    <step time="74400.00" loaded="80583" inserted="74428" running="163" waiting="6155" ended="74265" arrived="74265" collisions="165" teleports="165" halting="7" stopped="0" meanWaitingTime="2710.27" meanTravelTime="342.85" meanSpeed="21.50" meanSpeedRelative="0.67" duration="3"/>
    <step time="74700.00" loaded="80712" inserted="74618" running="175" waiting="6094" ended="74443" arrived="74443" collisions="165" teleports="165" halting="2" stopped="0" meanWaitingTime="2729.28" meanTravelTime="342.74" meanSpeed="22.06" meanSpeedRelative="0.69" duration="3"/>
    <step time="75000.00" loaded="80835" inserted="74793" running="155" waiting="6042" ended="74638" arrived="74638" collisions="165" teleports="165" halting="3" stopped="0" meanWaitingTime="2746.79" meanTravelTime="342.56" meanSpeed="21.54" meanSpeedRelative="0.67" duration="2"/>
    <step time="75300.00" loaded="80986" inserted="74971" running="162" waiting="6015" ended="74809" arrived="74809" collisions="165" teleports="165" halting="6" stopped="0" meanWaitingTime="2764.01" meanTravelTime="342.41" meanSpeed="21.54" meanSpeedRelative="0.67" duration="2"/>
    <step time="75600.00" loaded="81112" inserted="75153" running="175" waiting="5959" ended="74978" arrived="74978" collisions="165" teleports="165" halting="2" stopped="0" meanWaitingTime="2782.94" meanTravelTime="342.28" meanSpeed="22.37" meanSpeedRelative="0.70" duration="92"/>
    <step time="75900.00" loaded="81313" inserted="75385" running="209" waiting="5928" ended="75176" arrived="75176" collisions="165" teleports="165" halting="5" stopped="0" meanWaitingTime="2800.09" meanTravelTime="342.09" meanSpeed="22.14" meanSpeedRelative="0.69" duration="2"/>
    <step time="76200.00" loaded="81530" inserted="75629" running="228" waiting="5901" ended="75401" arrived="75401" collisions="166" teleports="166" halting="6" stopped="0" meanWaitingTime="2817.28" meanTravelTime="341.94" meanSpeed="22.28" meanSpeedRelative="0.70" duration="4"/>
    <step time="76500.00" loaded="81728" inserted="75855" running="218" waiting="5873" ended="75637" arrived="75637" collisions="166" teleports="166" halting="3" stopped="0" meanWaitingTime="2835.90" meanTravelTime="341.78" meanSpeed="21.86" meanSpeedRelative="0.68" duration="3"/>
    <step time="76800.00" loaded="81911" inserted="76081" running="206" waiting="5830" ended="75875" arrived="75875" collisions="166" teleports="166" halting="6" stopped="0" meanWaitingTime="2852.49" meanTravelTime="341.61" meanSpeed="21.55" meanSpeedRelative="0.67" duration="2"/>
    <step time="77100.00" loaded="82112" inserted="76307" running="217" waiting="5805" ended="76090" arrived="76090" collisions="167" teleports="167" halting="6" stopped="0" meanWaitingTime="2867.53" meanTravelTime="341.41" meanSpeed="21.94" meanSpeedRelative="0.69" duration="2"/>
    <step time="77400.00" loaded="82293" inserted="76521" running="211" waiting="5772" ended="76310" arrived="76310" collisions="167" teleports="167" halting="8" stopped="0" meanWaitingTime="2883.58" meanTravelTime="341.15" meanSpeed="21.28" meanSpeedRelative="0.66" duration="3"/>
    <step time="77700.00" loaded="82491" inserted="76752" running="224" waiting="5739" ended="76528" arrived="76528" collisions="167" teleports="167" halting="5" stopped="0" meanWaitingTime="2897.24" meanTravelTime="341.00" meanSpeed="21.89" meanSpeedRelative="0.68" duration="3"/>
    <step time="78000.00" loaded="82677" inserted="76970" running="232" waiting="5707" ended="76738" arrived="76738" collisions="167" teleports="167" halting="1" stopped="0" meanWaitingTime="2912.54" meanTravelTime="340.87" meanSpeed="22.13" meanSpeedRelative="0.69" duration="3"/>
    <step time="78300.00" loaded="82868" inserted="77197" running="226" waiting="5671" ended="76971" arrived="76971" collisions="167" teleports="167" halting="6" stopped="0" meanWaitingTime="2928.85" meanTravelTime="340.80" meanSpeed="21.98" meanSpeedRelative="0.69" duration="3"/>
    <step time="78600.00" loaded="83066" inserted="77416" running="196" waiting="5650" ended="77220" arrived="77220" collisions="167" teleports="167" halting="8" stopped="0" meanWaitingTime="2944.74" meanTravelTime="340.63" meanSpeed="20.82" meanSpeedRelative="0.65" duration="2"/>
    <step time="78900.00" loaded="83270" inserted="77630" running="201" waiting="5640" ended="77429" arrived="77429" collisions="167" teleports="167" halting="6" stopped="0" meanWaitingTime="2961.79" meanTravelTime="340.48" meanSpeed="21.28" meanSpeedRelative="0.66" duration="2"/>
    <step time="79200.00" loaded="83500" inserted="77887" running="228" waiting="5613" ended="77659" arrived="77659" collisions="167" teleports="167" halting="8" stopped="0" meanWaitingTime="2975.30" meanTravelTime="340.31" meanSpeed="22.94" meanSpeedRelative="0.72" duration="87"/>
    <step time="79500.00" loaded="83671" inserted="78107" running="205" waiting="5564" ended="77902" arrived="77902" collisions="167" teleports="167" halting="8" stopped="0" meanWaitingTime="2989.69" meanTravelTime="340.15" meanSpeed="22.16" meanSpeedRelative="0.69" duration="2"/>
    <step time="79800.00" loaded="83834" inserted="78312" running="184" waiting="5522" ended="78128" arrived="78128" collisions="167" teleports="167" halting="3" stopped="0" meanWaitingTime="3006.34" meanTravelTime="339.97" meanSpeed="21.25" meanSpeedRelative="0.66" duration="2"/>
    <step time="80100.00" loaded="83997" inserted="78522" running="182" waiting="5475" ended="78340" arrived="78340" collisions="167" teleports="167" halting="8" stopped="0" meanWaitingTime="3023.67" meanTravelTime="339.84" meanSpeed="21.41" meanSpeedRelative="0.67" duration="2"/>
    <step time="80400.00" loaded="84178" inserted="78739" running="205" waiting="5439" ended="78534" arrived="78534" collisions="167" teleports="167" halting="6" stopped="0" meanWaitingTime="3039.95" meanTravelTime="339.60" meanSpeed="21.92" meanSpeedRelative="0.69" duration="2"/>
    <step time="80700.00" loaded="84338" inserted="78927" running="179" waiting="5411" ended="78748" arrived="78748" collisions="167" teleports="167" halting="6" stopped="0" meanWaitingTime="3054.78" meanTravelTime="339.45" meanSpeed="21.22" meanSpeedRelative="0.66" duration="2"/>
    <step time="81000.00" loaded="84501" inserted="79126" running="180" waiting="5375" ended="78946" arrived="78946" collisions="167" teleports="167" halting="5" stopped="0" meanWaitingTime="3071.08" meanTravelTime="339.28" meanSpeed="22.06" meanSpeedRelative="0.69" duration="2"/>
    <step time="81300.00" loaded="84676" inserted="79344" running="199" waiting="5332" ended="79145" arrived="79145" collisions="167" teleports="167" halting="7" stopped="0" meanWaitingTime="3087.21" meanTravelTime="339.17" meanSpeed="20.95" meanSpeedRelative="0.65" duration="2"/>
    <step time="81600.00" loaded="84830" inserted="79541" running="180" waiting="5289" ended="79361" arrived="79361" collisions="167" teleports="167" halting="7" stopped="0" meanWaitingTime="3102.97" meanTravelTime="339.02" meanSpeed="20.58" meanSpeedRelative="0.64" duration="3"/>
    <step time="81900.00" loaded="85020" inserted="79768" running="206" waiting="5252" ended="79562" arrived="79562" collisions="167" teleports="167" halting="5" stopped="0" meanWaitingTime="3117.16" meanTravelTime="338.84" meanSpeed="21.93" meanSpeedRelative="0.69" duration="2"/>
    <step time="82200.00" loaded="85196" inserted="79982" running="208" waiting="5214" ended="79774" arrived="79774" collisions="167" teleports="167" halting="6" stopped="0" meanWaitingTime="3133.12" meanTravelTime="338.67" meanSpeed="22.34" meanSpeedRelative="0.70" duration="2"/>
    <step time="82500.00" loaded="85351" inserted="80178" running="174" waiting="5173" ended="80004" arrived="80004" collisions="167" teleports="167" halting="6" stopped="0" meanWaitingTime="3147.15" meanTravelTime="338.52" meanSpeed="21.70" meanSpeedRelative="0.68" duration="2"/>
</summary>
