<?xml version="1.0" encoding="UTF-8"?>

<!-- generated on 2025-08-08 01:07:41 by Eclipse SUMO sumo Version 1.23.1
<sumoConfiguration xmlns:xsi="http://www.w3.org/2001/XMLSchema-instance" xsi:noNamespaceSchemaLocation="http://sumo.dlr.de/xsd/sumoConfiguration.xsd">

    <input>
        <net-file value="Desktop\Master Thesis\Network_fin.net.xml"/>
        <route-files value="Desktop\Master Thesis\demand_model_amsterdam.rou.xml"/>
        <additional-files value="Desktop\Master Thesis\Additionnal.add.xml"/>
    </input>

    <output>
        <summary-output value="outputf/summary_coor_alinea_2neigh_method1_K80_target5_44835.xml"/>
        <summary-output.period value="300"/>
        <tripinfo-output value="outputf/tripinfo_coor_alinea_2neigh_method1_K80_target5_44835.xml"/>
    </output>

    <time>
        <begin value="0"/>
        <end value="82800"/>
        <step-length value="1"/>
    </time>

    <processing>
        <time-to-teleport value="-1"/>
    </processing>

    <report>
        <verbose value="true"/>
        <no-step-log value="true"/>
    </report>

    <emissions>
        <device.emissions.period value="10"/>
    </emissions>

    <traci_server>
        <remote-port value="49359"/>
    </traci_server>

    <random_number>
        <seed value="44835"/>
    </random_number>

</sumoConfiguration>
-->

<summary xmlns:xsi="http://www.w3.org/2001/XMLSchema-instance" xsi:noNamespaceSchemaLocation="http://sumo.dlr.de/xsd/summary_file.xsd">
    <step time="0.00" loaded="2" inserted="2" running="2" waiting="0" ended="0" arrived="0" collisions="0" teleports="0" halting="2" stopped="0" meanWaitingTime="0.00" meanTravelTime="-1.00" meanSpeed="0.00" meanSpeedRelative="0.00" duration="0"/>
    <step time="300.00" loaded="182" inserted="182" running="111" waiting="0" ended="71" arrived="71" collisions="0" teleports="0" halting="1" stopped="0" meanWaitingTime="0.24" meanTravelTime="106.62" meanSpeed="25.18" meanSpeedRelative="0.79" duration="1"/>
    <step time="600.00" loaded="397" inserted="397" running="164" waiting="0" ended="233" arrived="233" collisions="0" teleports="0" halting="0" stopped="0" meanWaitingTime="0.42" meanTravelTime="161.18" meanSpeed="25.70" meanSpeedRelative="0.80" duration="1"/>
    <step time="900.00" loaded="570" inserted="570" running="162" waiting="0" ended="408" arrived="408" collisions="2" teleports="2" halting="1" stopped="0" meanWaitingTime="0.39" meanTravelTime="187.78" meanSpeed="24.30" meanSpeedRelative="0.76" duration="1"/>
    <step time="1200.00" loaded="735" inserted="735" running="151" waiting="0" ended="584" arrived="584" collisions="2" teleports="2" halting="2" stopped="0" meanWaitingTime="0.38" meanTravelTime="213.22" meanSpeed="25.46" meanSpeedRelative="0.80" duration="1"/>
    <step time="1500.00" loaded="904" inserted="902" running="150" waiting="2" ended="752" arrived="752" collisions="2" teleports="2" halting="1" stopped="0" meanWaitingTime="0.39" meanTravelTime="228.34" meanSpeed="24.95" meanSpeedRelative="0.78" duration="1"/>
    <step time="1800.00" loaded="1087" inserted="1087" running="155" waiting="0" ended="932" arrived="932" collisions="2" teleports="2" halting="0" stopped="0" meanWaitingTime="0.39" meanTravelTime="228.31" meanSpeed="24.64" meanSpeedRelative="0.77" duration="1"/>
    <step time="2100.00" loaded="1266" inserted="1265" running="168" waiting="1" ended="1097" arrived="1097" collisions="2" teleports="2" halting="1" stopped="0" meanWaitingTime="0.39" meanTravelTime="234.39" meanSpeed="24.70" meanSpeedRelative="0.77" duration="1"/>
    <step time="2400.00" loaded="1450" inserted="1450" running="156" waiting="0" ended="1294" arrived="1294" collisions="2" teleports="2" halting="1" stopped="0" meanWaitingTime="0.40" meanTravelTime="240.79" meanSpeed="25.15" meanSpeedRelative="0.79" duration="1"/>
    <step time="2700.00" loaded="1625" inserted="1625" running="144" waiting="0" ended="1481" arrived="1481" collisions="2" teleports="2" halting="0" stopped="0" meanWaitingTime="0.39" meanTravelTime="240.90" meanSpeed="25.13" meanSpeedRelative="0.79" duration="1"/>
    <step time="3000.00" loaded="1807" inserted="1807" running="144" waiting="0" ended="1663" arrived="1663" collisions="3" teleports="3" halting="0" stopped="0" meanWaitingTime="0.37" meanTravelTime="243.10" meanSpeed="25.29" meanSpeedRelative="0.79" duration="1"/>
    <step time="3300.00" loaded="2006" inserted="2000" running="158" waiting="6" ended="1842" arrived="1842" collisions="4" teleports="4" halting="2" stopped="0" meanWaitingTime="0.76" meanTravelTime="244.76" meanSpeed="24.38" meanSpeedRelative="0.76" duration="1"/>
    <step time="3600.00" loaded="2159" inserted="2145" running="151" waiting="14" ended="1994" arrived="1994" collisions="5" teleports="5" halting="2" stopped="0" meanWaitingTime="2.00" meanTravelTime="248.54" meanSpeed="23.97" meanSpeedRelative="0.75" duration="85"/>
    <step time="3900.00" loaded="2260" inserted="2250" running="107" waiting="10" ended="2143" arrived="2143" collisions="5" teleports="5" halting="4" stopped="0" meanWaitingTime="3.76" meanTravelTime="251.96" meanSpeed="23.49" meanSpeedRelative="0.73" duration="1"/>
    <step time="4200.00" loaded="2365" inserted="2358" running="106" waiting="7" ended="2252" arrived="2252" collisions="6" teleports="6" halting="3" stopped="0" meanWaitingTime="4.65" meanTravelTime="254.75" meanSpeed="24.04" meanSpeedRelative="0.75" duration="0"/>
    <step time="4500.00" loaded="2493" inserted="2487" running="120" waiting="6" ended="2367" arrived="2367" collisions="6" teleports="6" halting="1" stopped="0" meanWaitingTime="5.67" meanTravelTime="254.46" meanSpeed="24.25" meanSpeedRelative="0.76" duration="1"/>
    <step time="4800.00" loaded="2619" inserted="2618" running="114" waiting="1" ended="2504" arrived="2504" collisions="6" teleports="6" halting="5" stopped="0" meanWaitingTime="6.00" meanTravelTime="256.20" meanSpeed="25.00" meanSpeedRelative="0.78" duration="1"/>
    <step time="5100.00" loaded="2714" inserted="2713" running="85" waiting="1" ended="2628" arrived="2628" collisions="8" teleports="8" halting="0" stopped="0" meanWaitingTime="5.85" meanTravelTime="256.99" meanSpeed="25.01" meanSpeedRelative="0.78" duration="1"/>
    <step time="5400.00" loaded="2828" inserted="2828" running="108" waiting="0" ended="2720" arrived="2720" collisions="8" teleports="8" halting="0" stopped="0" meanWaitingTime="5.62" meanTravelTime="257.47" meanSpeed="25.59" meanSpeedRelative="0.80" duration="0"/>
    <step time="5700.00" loaded="2933" inserted="2933" running="87" waiting="0" ended="2846" arrived="2846" collisions="8" teleports="8" halting="3" stopped="0" meanWaitingTime="5.43" meanTravelTime="257.83" meanSpeed="25.30" meanSpeedRelative="0.79" duration="0"/>
    <step time="6000.00" loaded="3046" inserted="3045" running="96" waiting="1" ended="2949" arrived="2949" collisions="8" teleports="8" halting="6" stopped="0" meanWaitingTime="5.25" meanTravelTime="257.56" meanSpeed="24.75" meanSpeedRelative="0.77" duration="0"/>
    <step time="6300.00" loaded="3143" inserted="3142" running="94" waiting="1" ended="3048" arrived="3048" collisions="8" teleports="8" halting="2" stopped="0" meanWaitingTime="5.12" meanTravelTime="258.28" meanSpeed="25.10" meanSpeedRelative="0.78" duration="1"/>
    <step time="6600.00" loaded="3259" inserted="3259" running="96" waiting="0" ended="3163" arrived="3163" collisions="8" teleports="8" halting="2" stopped="0" meanWaitingTime="4.96" meanTravelTime="258.61" meanSpeed="25.10" meanSpeedRelative="0.78" duration="1"/>
    <step time="6900.00" loaded="3386" inserted="3386" running="103" waiting="0" ended="3283" arrived="3283" collisions="8" teleports="8" halting="0" stopped="0" meanWaitingTime="4.78" meanTravelTime="257.96" meanSpeed="25.33" meanSpeedRelative="0.79" duration="1"/>
    <step time="7200.00" loaded="3496" inserted="3496" running="100" waiting="0" ended="3396" arrived="3396" collisions="8" teleports="8" halting="1" stopped="0" meanWaitingTime="4.64" meanTravelTime="258.22" meanSpeed="24.91" meanSpeedRelative="0.78" duration="86"/>
    <step time="7500.00" loaded="3628" inserted="3625" running="122" waiting="3" ended="3503" arrived="3503" collisions="8" teleports="8" halting="1" stopped="0" meanWaitingTime="4.57" meanTravelTime="257.77" meanSpeed="23.58" meanSpeedRelative="0.74" duration="1"/>
    <step time="7800.00" loaded="3785" inserted="3767" running="135" waiting="18" ended="3632" arrived="3632" collisions="8" teleports="8" halting="6" stopped="0" meanWaitingTime="4.98" meanTravelTime="258.04" meanSpeed="24.10" meanSpeedRelative="0.75" duration="1"/>
    <step time="8100.00" loaded="3953" inserted="3937" running="148" waiting="16" ended="3789" arrived="3789" collisions="8" teleports="8" halting="1" stopped="0" meanWaitingTime="6.08" meanTravelTime="258.54" meanSpeed="24.24" meanSpeedRelative="0.76" duration="0"/>
    <step time="8400.00" loaded="4103" inserted="4095" running="144" waiting="8" ended="3951" arrived="3951" collisions="8" teleports="8" halting="0" stopped="0" meanWaitingTime="6.70" meanTravelTime="258.67" meanSpeed="24.60" meanSpeedRelative="0.77" duration="1"/>
    <step time="8700.00" loaded="4244" inserted="4239" running="140" waiting="5" ended="4099" arrived="4099" collisions="8" teleports="8" halting="6" stopped="0" meanWaitingTime="6.90" meanTravelTime="259.67" meanSpeed="24.06" meanSpeedRelative="0.75" duration="1"/>
    <step time="9000.00" loaded="4409" inserted="4393" running="133" waiting="16" ended="4260" arrived="4260" collisions="8" teleports="8" halting="1" stopped="0" meanWaitingTime="7.23" meanTravelTime="259.99" meanSpeed="25.19" meanSpeedRelative="0.79" duration="1"/>
    <step time="9300.00" loaded="4558" inserted="4547" running="145" waiting="11" ended="4402" arrived="4402" collisions="9" teleports="9" halting="2" stopped="0" meanWaitingTime="7.79" meanTravelTime="260.17" meanSpeed="24.98" meanSpeedRelative="0.78" duration="0"/>
    <step time="9600.00" loaded="4714" inserted="4705" running="126" waiting="9" ended="4579" arrived="4579" collisions="9" teleports="9" halting="2" stopped="0" meanWaitingTime="8.28" meanTravelTime="260.88" meanSpeed="24.67" meanSpeedRelative="0.77" duration="1"/>
    <step time="9900.00" loaded="4872" inserted="4860" running="127" waiting="12" ended="4733" arrived="4733" collisions="9" teleports="9" halting="6" stopped="0" meanWaitingTime="8.68" meanTravelTime="260.28" meanSpeed="23.95" meanSpeedRelative="0.75" duration="1"/>
    <step time="10200.00" loaded="5049" inserted="5032" running="145" waiting="17" ended="4887" arrived="4887" collisions="9" teleports="9" halting="1" stopped="0" meanWaitingTime="9.24" meanTravelTime="259.98" meanSpeed="23.74" meanSpeedRelative="0.74" duration="1"/>
    <step time="10500.00" loaded="5211" inserted="5194" running="134" waiting="17" ended="5060" arrived="5060" collisions="9" teleports="9" halting="3" stopped="0" meanWaitingTime="9.94" meanTravelTime="259.33" meanSpeed="24.16" meanSpeedRelative="0.76" duration="1"/>
    <step time="10800.00" loaded="5379" inserted="5350" running="133" waiting="29" ended="5217" arrived="5217" collisions="9" teleports="9" halting="5" stopped="0" meanWaitingTime="10.58" meanTravelTime="258.93" meanSpeed="24.26" meanSpeedRelative="0.76" duration="86"/>
    <step time="11100.00" loaded="5535" inserted="5500" running="121" waiting="35" ended="5379" arrived="5379" collisions="10" teleports="10" halting="0" stopped="0" meanWaitingTime="11.76" meanTravelTime="259.24" meanSpeed="24.84" meanSpeedRelative="0.78" duration="0"/>
    <step time="11400.00" loaded="5682" inserted="5650" running="120" waiting="32" ended="5530" arrived="5530" collisions="10" teleports="10" halting="2" stopped="0" meanWaitingTime="13.21" meanTravelTime="259.78" meanSpeed="23.91" meanSpeedRelative="0.75" duration="1"/>
    <step time="11700.00" loaded="5829" inserted="5785" running="106" waiting="44" ended="5679" arrived="5679" collisions="10" teleports="10" halting="3" stopped="0" meanWaitingTime="14.31" meanTravelTime="258.31" meanSpeed="24.04" meanSpeedRelative="0.75" duration="0"/>
    <step time="12000.00" loaded="5964" inserted="5916" running="110" waiting="48" ended="5806" arrived="5806" collisions="10" teleports="10" halting="1" stopped="0" meanWaitingTime="15.83" meanTravelTime="258.44" meanSpeed="24.08" meanSpeedRelative="0.75" duration="0"/>
    <step time="12300.00" loaded="6112" inserted="6058" running="108" waiting="54" ended="5950" arrived="5950" collisions="10" teleports="10" halting="2" stopped="0" meanWaitingTime="17.76" meanTravelTime="258.47" meanSpeed="24.57" meanSpeedRelative="0.77" duration="1"/>
    <step time="12600.00" loaded="6250" inserted="6200" running="111" waiting="50" ended="6089" arrived="6089" collisions="10" teleports="10" halting="5" stopped="0" meanWaitingTime="19.77" meanTravelTime="257.61" meanSpeed="23.88" meanSpeedRelative="0.75" duration="1"/>
    <step time="12900.00" loaded="6380" inserted="6332" running="100" waiting="48" ended="6232" arrived="6232" collisions="10" teleports="10" halting="1" stopped="0" meanWaitingTime="21.50" meanTravelTime="256.62" meanSpeed="24.14" meanSpeedRelative="0.75" duration="0"/>
    <step time="13200.00" loaded="6525" inserted="6475" running="116" waiting="50" ended="6359" arrived="6359" collisions="10" teleports="10" halting="4" stopped="0" meanWaitingTime="23.76" meanTravelTime="255.76" meanSpeed="23.94" meanSpeedRelative="0.75" duration="1"/>
    <step time="13500.00" loaded="6662" inserted="6596" running="116" waiting="66" ended="6480" arrived="6480" collisions="10" teleports="10" halting="3" stopped="0" meanWaitingTime="25.00" meanTravelTime="255.61" meanSpeed="24.22" meanSpeedRelative="0.76" duration="1"/>
    <step time="13800.00" loaded="6824" inserted="6757" running="129" waiting="67" ended="6628" arrived="6628" collisions="10" teleports="10" halting="2" stopped="0" meanWaitingTime="26.89" meanTravelTime="255.56" meanSpeed="24.92" meanSpeedRelative="0.78" duration="1"/>
    <step time="14100.00" loaded="6976" inserted="6898" running="123" waiting="78" ended="6775" arrived="6775" collisions="10" teleports="10" halting="2" stopped="0" meanWaitingTime="29.18" meanTravelTime="255.78" meanSpeed="24.45" meanSpeedRelative="0.76" duration="1"/>
    <step time="14400.00" loaded="7121" inserted="7039" running="124" waiting="82" ended="6915" arrived="6915" collisions="10" teleports="10" halting="2" stopped="0" meanWaitingTime="31.30" meanTravelTime="255.31" meanSpeed="24.35" meanSpeedRelative="0.76" duration="87"/>
    <step time="14700.00" loaded="7213" inserted="7138" running="75" waiting="75" ended="7063" arrived="7063" collisions="10" teleports="10" halting="4" stopped="0" meanWaitingTime="33.51" meanTravelTime="255.32" meanSpeed="24.35" meanSpeedRelative="0.76" duration="1"/>
    <step time="15000.00" loaded="7316" inserted="7242" running="84" waiting="74" ended="7158" arrived="7158" collisions="10" teleports="10" halting="6" stopped="0" meanWaitingTime="36.03" meanTravelTime="255.42" meanSpeed="23.63" meanSpeedRelative="0.74" duration="1"/>
    <step time="15300.00" loaded="7425" inserted="7354" running="80" waiting="71" ended="7274" arrived="7274" collisions="10" teleports="10" halting="1" stopped="0" meanWaitingTime="38.58" meanTravelTime="254.95" meanSpeed="23.98" meanSpeedRelative="0.75" duration="1"/>
    <step time="15600.00" loaded="7518" inserted="7451" running="74" waiting="67" ended="7377" arrived="7377" collisions="10" teleports="10" halting="1" stopped="0" meanWaitingTime="41.30" meanTravelTime="254.70" meanSpeed="24.45" meanSpeedRelative="0.76" duration="1"/>
    <step time="15900.00" loaded="7607" inserted="7543" running="69" waiting="64" ended="7474" arrived="7474" collisions="10" teleports="10" halting="2" stopped="0" meanWaitingTime="43.70" meanTravelTime="254.29" meanSpeed="23.68" meanSpeedRelative="0.74" duration="1"/>
    <step time="16200.00" loaded="7710" inserted="7647" running="88" waiting="63" ended="7559" arrived="7559" collisions="10" teleports="10" halting="6" stopped="0" meanWaitingTime="45.66" meanTravelTime="253.76" meanSpeed="24.04" meanSpeedRelative="0.75" duration="1"/>
    <step time="16500.00" loaded="7817" inserted="7755" running="76" waiting="62" ended="7679" arrived="7679" collisions="10" teleports="10" halting="0" stopped="0" meanWaitingTime="47.77" meanTravelTime="253.72" meanSpeed="25.05" meanSpeedRelative="0.78" duration="0"/>
    <step time="16800.00" loaded="7916" inserted="7861" running="83" waiting="55" ended="7778" arrived="7778" collisions="10" teleports="10" halting="2" stopped="0" meanWaitingTime="49.63" meanTravelTime="253.57" meanSpeed="23.38" meanSpeedRelative="0.73" duration="1"/>
    <step time="17100.00" loaded="8009" inserted="7953" running="73" waiting="56" ended="7880" arrived="7880" collisions="10" teleports="10" halting="5" stopped="0" meanWaitingTime="51.44" meanTravelTime="253.14" meanSpeed="24.68" meanSpeedRelative="0.77" duration="0"/>
    <step time="17400.00" loaded="8100" inserted="8043" running="62" waiting="57" ended="7981" arrived="7981" collisions="10" teleports="10" halting="1" stopped="0" meanWaitingTime="53.14" meanTravelTime="252.73" meanSpeed="23.67" meanSpeedRelative="0.74" duration="0"/>
    <step time="17700.00" loaded="8197" inserted="8139" running="65" waiting="58" ended="8074" arrived="8074" collisions="10" teleports="10" halting="1" stopped="0" meanWaitingTime="54.51" meanTravelTime="252.54" meanSpeed="25.15" meanSpeedRelative="0.79" duration="1"/>
    <step time="18000.00" loaded="8293" inserted="8233" running="67" waiting="60" ended="8166" arrived="8166" collisions="10" teleports="10" halting="1" stopped="0" meanWaitingTime="55.72" meanTravelTime="252.11" meanSpeed="23.85" meanSpeedRelative="0.75" duration="80"/>
    <step time="18300.00" loaded="8491" inserted="8419" running="112" waiting="72" ended="8307" arrived="8307" collisions="10" teleports="10" halting="2" stopped="0" meanWaitingTime="56.91" meanTravelTime="250.96" meanSpeed="24.30" meanSpeedRelative="0.76" duration="0"/>
    <step time="18600.00" loaded="8684" inserted="8604" running="138" waiting="80" ended="8466" arrived="8466" collisions="10" teleports="10" halting="6" stopped="0" meanWaitingTime="57.75" meanTravelTime="250.00" meanSpeed="24.07" meanSpeedRelative="0.75" duration="1"/>
    <step time="18900.00" loaded="8902" inserted="8802" running="155" waiting="100" ended="8647" arrived="8647" collisions="10" teleports="10" halting="0" stopped="0" meanWaitingTime="58.61" meanTravelTime="249.91" meanSpeed="24.56" meanSpeedRelative="0.77" duration="1"/>
    <step time="19200.00" loaded="9093" inserted="8976" running="141" waiting="117" ended="8835" arrived="8835" collisions="10" teleports="10" halting="1" stopped="0" meanWaitingTime="59.85" meanTravelTime="249.24" meanSpeed="23.54" meanSpeedRelative="0.74" duration="1"/>
    <step time="19500.00" loaded="9276" inserted="9148" running="130" waiting="128" ended="9018" arrived="9018" collisions="10" teleports="10" halting="5" stopped="0" meanWaitingTime="61.09" meanTravelTime="249.29" meanSpeed="24.88" meanSpeedRelative="0.78" duration="1"/>
    <step time="19800.00" loaded="9476" inserted="9326" running="136" waiting="150" ended="9190" arrived="9190" collisions="10" teleports="10" halting="0" stopped="0" meanWaitingTime="62.66" meanTravelTime="249.39" meanSpeed="24.74" meanSpeedRelative="0.77" duration="1"/>
    <step time="20100.00" loaded="9692" inserted="9520" running="162" waiting="172" ended="9358" arrived="9358" collisions="10" teleports="10" halting="2" stopped="0" meanWaitingTime="64.57" meanTravelTime="249.08" meanSpeed="24.21" meanSpeedRelative="0.76" duration="1"/>
    <step time="20400.00" loaded="9861" inserted="9678" running="128" waiting="183" ended="9550" arrived="9550" collisions="10" teleports="10" halting="3" stopped="0" meanWaitingTime="66.56" meanTravelTime="248.88" meanSpeed="24.06" meanSpeedRelative="0.75" duration="1"/>
    <step time="20700.00" loaded="10069" inserted="9864" running="161" waiting="205" ended="9703" arrived="9703" collisions="10" teleports="10" halting="1" stopped="0" meanWaitingTime="68.64" meanTravelTime="248.77" meanSpeed="24.31" meanSpeedRelative="0.76" duration="1"/>
    <step time="21000.00" loaded="10259" inserted="10038" running="148" waiting="221" ended="9890" arrived="9890" collisions="10" teleports="10" halting="1" stopped="0" meanWaitingTime="71.31" meanTravelTime="248.81" meanSpeed="24.24" meanSpeedRelative="0.76" duration="1"/>
    <step time="21300.00" loaded="10450" inserted="10224" running="140" waiting="226" ended="10084" arrived="10084" collisions="11" teleports="11" halting="4" stopped="0" meanWaitingTime="74.57" meanTravelTime="249.24" meanSpeed="24.08" meanSpeedRelative="0.75" duration="1"/>
    <step time="21600.00" loaded="10630" inserted="10388" running="142" waiting="242" ended="10246" arrived="10246" collisions="12" teleports="12" halting="6" stopped="0" meanWaitingTime="77.20" meanTravelTime="248.99" meanSpeed="23.07" meanSpeedRelative="0.72" duration="82"/>
    <step time="21900.00" loaded="11091" inserted="10770" running="310" waiting="321" ended="10460" arrived="10460" collisions="14" teleports="14" halting="6" stopped="0" meanWaitingTime="80.96" meanTravelTime="248.25" meanSpeed="22.62" meanSpeedRelative="0.71" duration="2"/>
    <step time="22200.00" loaded="11574" inserted="11153" running="370" waiting="421" ended="10783" arrived="10783" collisions="15" teleports="15" halting="5" stopped="0" meanWaitingTime="85.33" meanTravelTime="248.01" meanSpeed="22.02" meanSpeedRelative="0.69" duration="2"/>
    <step time="22500.00" loaded="12050" inserted="11533" running="390" waiting="517" ended="11143" arrived="11143" collisions="17" teleports="17" halting="4" stopped="0" meanWaitingTime="91.49" meanTravelTime="249.62" meanSpeed="21.38" meanSpeedRelative="0.67" duration="2"/>
    <step time="22800.00" loaded="12503" inserted="11905" running="391" waiting="598" ended="11514" arrived="11514" collisions="17" teleports="17" halting="5" stopped="0" meanWaitingTime="98.66" meanTravelTime="251.57" meanSpeed="20.79" meanSpeedRelative="0.65" duration="2"/>
    <step time="23100.00" loaded="12959" inserted="12280" running="406" waiting="679" ended="11874" arrived="11874" collisions="17" teleports="17" halting="5" stopped="0" meanWaitingTime="105.12" meanTravelTime="253.37" meanSpeed="20.68" meanSpeedRelative="0.65" duration="3"/>
    <step time="23400.00" loaded="13407" inserted="12653" running="414" waiting="754" ended="12239" arrived="12239" collisions="20" teleports="20" halting="10" stopped="0" meanWaitingTime="112.30" meanTravelTime="255.06" meanSpeed="20.93" meanSpeedRelative="0.65" duration="3"/>
    <step time="23700.00" loaded="13903" inserted="13047" running="460" waiting="856" ended="12587" arrived="12587" collisions="21" teleports="21" halting="11" stopped="0" meanWaitingTime="120.00" meanTravelTime="257.87" meanSpeed="19.80" meanSpeedRelative="0.62" duration="3"/>
    <step time="24000.00" loaded="14382" inserted="13424" running="448" waiting="958" ended="12976" arrived="12976" collisions="22" teleports="22" halting="5" stopped="0" meanWaitingTime="128.28" meanTravelTime="260.31" meanSpeed="20.17" meanSpeedRelative="0.63" duration="3"/>
    <step time="24300.00" loaded="14810" inserted="13786" running="426" waiting="1024" ended="13360" arrived="13360" collisions="22" teleports="22" halting="10" stopped="0" meanWaitingTime="137.78" meanTravelTime="262.80" meanSpeed="19.37" meanSpeedRelative="0.61" duration="3"/>
    <step time="24600.00" loaded="15270" inserted="14179" running="452" waiting="1091" ended="13727" arrived="13727" collisions="23" teleports="23" halting="9" stopped="0" meanWaitingTime="148.63" meanTravelTime="265.03" meanSpeed="19.77" meanSpeedRelative="0.62" duration="3"/>
    <step time="24900.00" loaded="15708" inserted="14559" running="432" waiting="1149" ended="14127" arrived="14127" collisions="24" teleports="24" halting="8" stopped="0" meanWaitingTime="158.97" meanTravelTime="267.19" meanSpeed="20.39" meanSpeedRelative="0.64" duration="3"/>
    <step time="25200.00" loaded="16163" inserted="14930" running="424" waiting="1233" ended="14506" arrived="14506" collisions="24" teleports="24" halting="11" stopped="0" meanWaitingTime="169.81" meanTravelTime="269.03" meanSpeed="20.54" meanSpeedRelative="0.64" duration="85"/>
    <step time="25500.00" loaded="16673" inserted="15341" running="425" waiting="1332" ended="14916" arrived="14916" collisions="24" teleports="24" halting="5" stopped="0" meanWaitingTime="181.18" meanTravelTime="271.04" meanSpeed="20.13" meanSpeedRelative="0.63" duration="3"/>
    <step time="25800.00" loaded="17217" inserted="15777" running="474" waiting="1440" ended="15303" arrived="15303" collisions="24" teleports="24" halting="5" stopped="0" meanWaitingTime="194.20" meanTravelTime="272.14" meanSpeed="20.27" meanSpeedRelative="0.63" duration="3"/>
    <step time="26100.00" loaded="17785" inserted="16213" running="480" waiting="1572" ended="15733" arrived="15733" collisions="24" teleports="24" halting="7" stopped="0" meanWaitingTime="205.98" meanTravelTime="273.40" meanSpeed="19.95" meanSpeedRelative="0.62" duration="4"/>
    <step time="26400.00" loaded="18350" inserted="16670" running="505" waiting="1680" ended="16165" arrived="16165" collisions="24" teleports="24" halting="8" stopped="0" meanWaitingTime="218.97" meanTravelTime="274.60" meanSpeed="19.41" meanSpeedRelative="0.61" duration="3"/>
    <step time="26700.00" loaded="18878" inserted="17106" running="515" waiting="1772" ended="16591" arrived="16591" collisions="24" teleports="24" halting="4" stopped="0" meanWaitingTime="232.12" meanTravelTime="276.63" meanSpeed="18.84" meanSpeedRelative="0.59" duration="3"/>
    <step time="27000.00" loaded="19478" inserted="17544" running="506" waiting="1934" ended="17038" arrived="17038" collisions="25" teleports="25" halting="5" stopped="0" meanWaitingTime="245.15" meanTravelTime="278.38" meanSpeed="19.51" meanSpeedRelative="0.61" duration="3"/>
    <step time="27300.00" loaded="20014" inserted="17969" running="488" waiting="2045" ended="17481" arrived="17481" collisions="25" teleports="25" halting="8" stopped="0" meanWaitingTime="258.06" meanTravelTime="280.23" meanSpeed="19.70" meanSpeedRelative="0.62" duration="3"/>
    <step time="27600.00" loaded="20544" inserted="18394" running="456" waiting="2150" ended="17938" arrived="17938" collisions="27" teleports="27" halting="5" stopped="0" meanWaitingTime="273.98" meanTravelTime="281.59" meanSpeed="19.54" meanSpeedRelative="0.61" duration="3"/>
    <step time="27900.00" loaded="21116" inserted="18829" running="478" waiting="2287" ended="18351" arrived="18351" collisions="28" teleports="28" halting="6" stopped="0" meanWaitingTime="287.48" meanTravelTime="282.59" meanSpeed="20.09" meanSpeedRelative="0.63" duration="3"/>
    <step time="28200.00" loaded="21651" inserted="19256" running="463" waiting="2395" ended="18793" arrived="18793" collisions="28" teleports="28" halting="4" stopped="0" meanWaitingTime="303.06" meanTravelTime="283.88" meanSpeed="20.53" meanSpeedRelative="0.64" duration="4"/>
    <step time="28500.00" loaded="22228" inserted="19684" running="494" waiting="2544" ended="19190" arrived="19190" collisions="30" teleports="30" halting="10" stopped="0" meanWaitingTime="317.72" meanTravelTime="284.95" meanSpeed="20.37" meanSpeedRelative="0.64" duration="3"/>
    <step time="28800.00" loaded="22776" inserted="20096" running="452" waiting="2680" ended="19644" arrived="19644" collisions="30" teleports="30" halting="4" stopped="0" meanWaitingTime="332.49" meanTravelTime="286.18" meanSpeed="19.58" meanSpeedRelative="0.61" duration="88"/>
    <step time="29100.00" loaded="23125" inserted="20487" running="442" waiting="2638" ended="20045" arrived="20045" collisions="31" teleports="31" halting="10" stopped="0" meanWaitingTime="349.37" meanTravelTime="287.20" meanSpeed="21.21" meanSpeedRelative="0.66" duration="4"/>
    <step time="29400.00" loaded="23507" inserted="20890" running="427" waiting="2617" ended="20463" arrived="20463" collisions="31" teleports="31" halting="10" stopped="0" meanWaitingTime="364.47" meanTravelTime="288.01" meanSpeed="19.84" meanSpeedRelative="0.62" duration="3"/>
    <step time="29700.00" loaded="23888" inserted="21289" running="413" waiting="2599" ended="20876" arrived="20876" collisions="31" teleports="31" halting="5" stopped="0" meanWaitingTime="379.78" meanTravelTime="288.47" meanSpeed="20.59" meanSpeedRelative="0.64" duration="3"/>
    <step time="30000.00" loaded="24250" inserted="21678" running="403" waiting="2572" ended="21275" arrived="21275" collisions="32" teleports="32" halting="7" stopped="0" meanWaitingTime="395.26" meanTravelTime="289.09" meanSpeed="20.54" meanSpeedRelative="0.64" duration="3"/>
    <step time="30300.00" loaded="24619" inserted="22063" running="415" waiting="2556" ended="21648" arrived="21648" collisions="32" teleports="32" halting="10" stopped="0" meanWaitingTime="410.59" meanTravelTime="289.75" meanSpeed="21.06" meanSpeedRelative="0.66" duration="3"/>
    <step time="30600.00" loaded="24960" inserted="22439" running="408" waiting="2521" ended="22031" arrived="22031" collisions="33" teleports="33" halting="4" stopped="0" meanWaitingTime="424.90" meanTravelTime="290.22" meanSpeed="20.31" meanSpeedRelative="0.63" duration="3"/>
    <step time="30900.00" loaded="25350" inserted="22833" running="406" waiting="2517" ended="22427" arrived="22427" collisions="34" teleports="34" halting="6" stopped="0" meanWaitingTime="438.83" meanTravelTime="290.67" meanSpeed="20.69" meanSpeedRelative="0.65" duration="2"/>
    <step time="31200.00" loaded="25712" inserted="23227" running="426" waiting="2485" ended="22801" arrived="22801" collisions="34" teleports="34" halting="7" stopped="0" meanWaitingTime="453.39" meanTravelTime="290.96" meanSpeed="20.49" meanSpeedRelative="0.64" duration="4"/>
    <step time="31500.00" loaded="26064" inserted="23615" running="409" waiting="2449" ended="23206" arrived="23206" collisions="34" teleports="34" halting="11" stopped="0" meanWaitingTime="465.73" meanTravelTime="291.73" meanSpeed="20.80" meanSpeedRelative="0.65" duration="2"/>
    <step time="31800.00" loaded="26404" inserted="23977" running="374" waiting="2427" ended="23603" arrived="23603" collisions="34" teleports="34" halting="7" stopped="0" meanWaitingTime="478.55" meanTravelTime="292.13" meanSpeed="20.83" meanSpeedRelative="0.65" duration="3"/>
    <step time="32100.00" loaded="26782" inserted="24357" running="375" waiting="2425" ended="23982" arrived="23982" collisions="35" teleports="35" halting="6" stopped="0" meanWaitingTime="489.85" meanTravelTime="292.46" meanSpeed="21.81" meanSpeedRelative="0.68" duration="3"/>
    <step time="32400.00" loaded="27140" inserted="24703" running="359" waiting="2437" ended="24344" arrived="24344" collisions="35" teleports="35" halting="9" stopped="0" meanWaitingTime="501.12" meanTravelTime="292.49" meanSpeed="21.05" meanSpeedRelative="0.66" duration="89"/>
    <step time="32700.00" loaded="27392" inserted="25013" running="305" waiting="2379" ended="24708" arrived="24708" collisions="36" teleports="36" halting="6" stopped="0" meanWaitingTime="515.09" meanTravelTime="292.67" meanSpeed="21.66" meanSpeedRelative="0.68" duration="2"/>
    <step time="33000.00" loaded="27639" inserted="25323" running="298" waiting="2316" ended="25025" arrived="25025" collisions="36" teleports="36" halting="3" stopped="0" meanWaitingTime="526.98" meanTravelTime="292.69" meanSpeed="21.75" meanSpeedRelative="0.68" duration="2"/>
    <step time="33300.00" loaded="27923" inserted="25630" running="285" waiting="2293" ended="25345" arrived="25345" collisions="37" teleports="37" halting="6" stopped="0" meanWaitingTime="539.38" meanTravelTime="292.59" meanSpeed="21.70" meanSpeedRelative="0.68" duration="2"/>
    <step time="33600.00" loaded="28190" inserted="25914" running="271" waiting="2276" ended="25643" arrived="25643" collisions="37" teleports="37" halting="4" stopped="0" meanWaitingTime="553.03" meanTravelTime="292.62" meanSpeed="22.69" meanSpeedRelative="0.71" duration="2"/>
    <step time="33900.00" loaded="28466" inserted="26200" running="265" waiting="2266" ended="25935" arrived="25935" collisions="37" teleports="37" halting="4" stopped="0" meanWaitingTime="565.99" meanTravelTime="292.33" meanSpeed="22.93" meanSpeedRelative="0.72" duration="2"/>
    <step time="34200.00" loaded="28740" inserted="26494" running="276" waiting="2246" ended="26218" arrived="26218" collisions="37" teleports="37" halting="7" stopped="0" meanWaitingTime="578.56" meanTravelTime="292.00" meanSpeed="22.36" meanSpeedRelative="0.70" duration="2"/>
    <step time="34500.00" loaded="29001" inserted="26771" running="255" waiting="2230" ended="26516" arrived="26516" collisions="37" teleports="37" halting="2" stopped="0" meanWaitingTime="592.19" meanTravelTime="291.79" meanSpeed="23.50" meanSpeedRelative="0.73" duration="2"/>
    <step time="34800.00" loaded="29262" inserted="27044" running="239" waiting="2218" ended="26805" arrived="26805" collisions="37" teleports="37" halting="6" stopped="0" meanWaitingTime="606.16" meanTravelTime="291.57" meanSpeed="22.28" meanSpeedRelative="0.70" duration="1"/>
    <step time="35100.00" loaded="29507" inserted="27305" running="239" waiting="2202" ended="27066" arrived="27066" collisions="39" teleports="39" halting="4" stopped="0" meanWaitingTime="619.03" meanTravelTime="291.43" meanSpeed="22.46" meanSpeedRelative="0.70" duration="2"/>
    <step time="35400.00" loaded="29762" inserted="27583" running="250" waiting="2179" ended="27333" arrived="27333" collisions="39" teleports="39" halting="7" stopped="0" meanWaitingTime="633.41" meanTravelTime="291.24" meanSpeed="23.15" meanSpeedRelative="0.72" duration="3"/>
    <step time="35700.00" loaded="30008" inserted="27838" running="231" waiting="2170" ended="27607" arrived="27607" collisions="39" teleports="39" halting="4" stopped="0" meanWaitingTime="646.64" meanTravelTime="291.02" meanSpeed="23.16" meanSpeedRelative="0.72" duration="2"/>
    <step time="36000.00" loaded="30258" inserted="28086" running="221" waiting="2172" ended="27865" arrived="27865" collisions="41" teleports="41" halting="1" stopped="0" meanWaitingTime="658.27" meanTravelTime="290.89" meanSpeed="23.42" meanSpeedRelative="0.73" duration="83"/>
    <step time="36300.00" loaded="30730" inserted="28515" running="354" waiting="2215" ended="28161" arrived="28161" collisions="41" teleports="41" halting="9" stopped="0" meanWaitingTime="671.08" meanTravelTime="290.34" meanSpeed="20.43" meanSpeedRelative="0.64" duration="3"/>
    <step time="36600.00" loaded="31229" inserted="28957" running="428" waiting="2272" ended="28529" arrived="28529" collisions="41" teleports="41" halting="4" stopped="0" meanWaitingTime="683.63" meanTravelTime="290.10" meanSpeed="20.83" meanSpeedRelative="0.65" duration="2"/>
    <step time="36900.00" loaded="31730" inserted="29376" running="428" waiting="2354" ended="28948" arrived="28948" collisions="41" teleports="41" halting="6" stopped="0" meanWaitingTime="693.45" meanTravelTime="289.85" meanSpeed="21.62" meanSpeedRelative="0.68" duration="3"/>
    <step time="37200.00" loaded="32220" inserted="29804" running="447" waiting="2416" ended="29357" arrived="29357" collisions="41" teleports="41" halting="9" stopped="0" meanWaitingTime="705.21" meanTravelTime="289.88" meanSpeed="20.67" meanSpeedRelative="0.65" duration="2"/>
    <step time="37500.00" loaded="32649" inserted="30201" running="436" waiting="2448" ended="29765" arrived="29765" collisions="41" teleports="41" halting="7" stopped="0" meanWaitingTime="717.00" meanTravelTime="290.42" meanSpeed="21.01" meanSpeedRelative="0.66" duration="2"/>
    <step time="37800.00" loaded="33061" inserted="30581" running="398" waiting="2480" ended="30183" arrived="30183" collisions="42" teleports="42" halting="4" stopped="0" meanWaitingTime="728.83" meanTravelTime="290.82" meanSpeed="21.55" meanSpeedRelative="0.67" duration="4"/>
    <step time="38100.00" loaded="33561" inserted="31013" running="449" waiting="2548" ended="30564" arrived="30564" collisions="42" teleports="42" halting="4" stopped="0" meanWaitingTime="740.86" meanTravelTime="291.09" meanSpeed="20.99" meanSpeedRelative="0.66" duration="3"/>
    <step time="38400.00" loaded="34071" inserted="31438" running="461" waiting="2633" ended="30977" arrived="30977" collisions="44" teleports="44" halting="5" stopped="0" meanWaitingTime="752.23" meanTravelTime="291.52" meanSpeed="20.32" meanSpeedRelative="0.63" duration="3"/>
    <step time="38700.00" loaded="34545" inserted="31836" running="458" waiting="2709" ended="31378" arrived="31378" collisions="45" teleports="45" halting="13" stopped="0" meanWaitingTime="764.22" meanTravelTime="291.82" meanSpeed="20.81" meanSpeedRelative="0.65" duration="4"/>
    <step time="39000.00" loaded="35047" inserted="32267" running="468" waiting="2780" ended="31799" arrived="31799" collisions="45" teleports="45" halting="6" stopped="0" meanWaitingTime="775.65" meanTravelTime="292.43" meanSpeed="20.70" meanSpeedRelative="0.65" duration="3"/>
    <step time="39300.00" loaded="35527" inserted="32694" running="465" waiting="2833" ended="32229" arrived="32229" collisions="46" teleports="46" halting="5" stopped="0" meanWaitingTime="788.54" meanTravelTime="292.89" meanSpeed="19.78" meanSpeedRelative="0.62" duration="3"/>
    <step time="39600.00" loaded="35997" inserted="33103" running="461" waiting="2894" ended="32642" arrived="32642" collisions="47" teleports="47" halting="7" stopped="0" meanWaitingTime="801.41" meanTravelTime="293.55" meanSpeed="20.48" meanSpeedRelative="0.64" duration="89"/>
    <step time="39900.00" loaded="36534" inserted="33556" running="517" waiting="2978" ended="33039" arrived="33039" collisions="49" teleports="49" halting="2" stopped="0" meanWaitingTime="813.29" meanTravelTime="293.86" meanSpeed="20.07" meanSpeedRelative="0.63" duration="3"/>
    <step time="40200.00" loaded="37073" inserted="34034" running="537" waiting="3039" ended="33497" arrived="33497" collisions="49" teleports="49" halting="6" stopped="0" meanWaitingTime="824.00" meanTravelTime="294.49" meanSpeed="19.50" meanSpeedRelative="0.61" duration="4"/>
    <step time="40500.00" loaded="37600" inserted="34455" running="493" waiting="3145" ended="33962" arrived="33962" collisions="50" teleports="50" halting="2" stopped="0" meanWaitingTime="831.95" meanTravelTime="295.23" meanSpeed="20.34" meanSpeedRelative="0.64" duration="4"/>
    <step time="40800.00" loaded="38143" inserted="34905" running="480" waiting="3238" ended="34425" arrived="34425" collisions="52" teleports="52" halting="2" stopped="0" meanWaitingTime="841.00" meanTravelTime="295.74" meanSpeed="20.51" meanSpeedRelative="0.64" duration="4"/>
    <step time="41100.00" loaded="38685" inserted="35349" running="479" waiting="3336" ended="34870" arrived="34870" collisions="52" teleports="52" halting="4" stopped="0" meanWaitingTime="853.51" meanTravelTime="296.00" meanSpeed="20.37" meanSpeedRelative="0.64" duration="4"/>
    <step time="41400.00" loaded="39234" inserted="35822" running="494" waiting="3412" ended="35328" arrived="35328" collisions="52" teleports="52" halting="8" stopped="0" meanWaitingTime="866.79" meanTravelTime="296.51" meanSpeed="19.53" meanSpeedRelative="0.61" duration="3"/>
    <step time="41700.00" loaded="39724" inserted="36243" running="483" waiting="3481" ended="35760" arrived="35760" collisions="53" teleports="53" halting="6" stopped="0" meanWaitingTime="878.07" meanTravelTime="297.00" meanSpeed="20.44" meanSpeedRelative="0.64" duration="5"/>
    <step time="42000.00" loaded="40250" inserted="36694" running="495" waiting="3556" ended="36199" arrived="36199" collisions="56" teleports="56" halting="4" stopped="0" meanWaitingTime="889.48" meanTravelTime="297.34" meanSpeed="20.06" meanSpeedRelative="0.63" duration="5"/>
    <step time="42300.00" loaded="40759" inserted="37135" running="489" waiting="3624" ended="36646" arrived="36646" collisions="57" teleports="57" halting="4" stopped="0" meanWaitingTime="900.62" meanTravelTime="297.69" meanSpeed="20.00" meanSpeedRelative="0.62" duration="5"/>
    <step time="42600.00" loaded="41277" inserted="37582" running="514" waiting="3695" ended="37068" arrived="37068" collisions="57" teleports="57" halting="3" stopped="0" meanWaitingTime="911.93" meanTravelTime="298.04" meanSpeed="20.31" meanSpeedRelative="0.63" duration="3"/>
    <step time="42900.00" loaded="41805" inserted="38006" running="500" waiting="3799" ended="37506" arrived="37506" collisions="58" teleports="58" halting="9" stopped="0" meanWaitingTime="922.60" meanTravelTime="298.60" meanSpeed="20.40" meanSpeedRelative="0.64" duration="3"/>
    <step time="43200.00" loaded="42337" inserted="38471" running="525" waiting="3866" ended="37946" arrived="37946" collisions="58" teleports="58" halting="7" stopped="0" meanWaitingTime="932.57" meanTravelTime="299.29" meanSpeed="19.74" meanSpeedRelative="0.62" duration="91"/>
    <step time="43500.00" loaded="42886" inserted="38947" running="550" waiting="3939" ended="38397" arrived="38397" collisions="59" teleports="59" halting="3" stopped="0" meanWaitingTime="946.59" meanTravelTime="299.70" meanSpeed="19.21" meanSpeedRelative="0.60" duration="5"/>
    <step time="43800.00" loaded="43433" inserted="39400" running="561" waiting="4033" ended="38839" arrived="38839" collisions="61" teleports="61" halting="4" stopped="0" meanWaitingTime="959.32" meanTravelTime="300.06" meanSpeed="19.37" meanSpeedRelative="0.61" duration="5"/>
    <step time="44100.00" loaded="43972" inserted="39872" running="564" waiting="4100" ended="39308" arrived="39308" collisions="63" teleports="63" halting="2" stopped="0" meanWaitingTime="970.96" meanTravelTime="300.69" meanSpeed="19.15" meanSpeedRelative="0.60" duration="5"/>
    <step time="44400.00" loaded="44531" inserted="40356" running="574" waiting="4175" ended="39782" arrived="39782" collisions="63" teleports="63" halting="7" stopped="0" meanWaitingTime="982.30" meanTravelTime="301.23" meanSpeed="19.30" meanSpeedRelative="0.60" duration="4"/>
    <step time="44700.00" loaded="45109" inserted="40860" running="607" waiting="4249" ended="40253" arrived="40253" collisions="64" teleports="64" halting="9" stopped="0" meanWaitingTime="994.47" meanTravelTime="302.04" meanSpeed="18.24" meanSpeedRelative="0.57" duration="5"/>
    <step time="45000.00" loaded="45682" inserted="41328" running="618" waiting="4354" ended="40710" arrived="40710" collisions="65" teleports="65" halting="9" stopped="0" meanWaitingTime="1005.81" meanTravelTime="302.75" meanSpeed="17.93" meanSpeedRelative="0.56" duration="6"/>
    <step time="45300.00" loaded="46206" inserted="41775" running="599" waiting="4431" ended="41176" arrived="41176" collisions="66" teleports="66" halting="6" stopped="0" meanWaitingTime="1015.99" meanTravelTime="303.82" meanSpeed="18.29" meanSpeedRelative="0.57" duration="6"/>
    <step time="45600.00" loaded="46732" inserted="42247" running="607" waiting="4485" ended="41640" arrived="41640" collisions="67" teleports="67" halting="4" stopped="0" meanWaitingTime="1026.64" meanTravelTime="304.80" meanSpeed="18.64" meanSpeedRelative="0.58" duration="4"/>
    <step time="45900.00" loaded="47269" inserted="42721" running="616" waiting="4548" ended="42105" arrived="42105" collisions="68" teleports="68" halting="8" stopped="0" meanWaitingTime="1038.24" meanTravelTime="305.72" meanSpeed="17.69" meanSpeedRelative="0.55" duration="7"/>
    <step time="46200.00" loaded="47817" inserted="43200" running="606" waiting="4617" ended="42594" arrived="42594" collisions="68" teleports="68" halting="10" stopped="0" meanWaitingTime="1047.84" meanTravelTime="306.85" meanSpeed="18.53" meanSpeedRelative="0.58" duration="5"/>
    <step time="46500.00" loaded="48381" inserted="43656" running="574" waiting="4725" ended="43082" arrived="43082" collisions="68" teleports="68" halting="4" stopped="0" meanWaitingTime="1059.76" meanTravelTime="307.47" meanSpeed="18.81" meanSpeedRelative="0.59" duration="5"/>
    <step time="46800.00" loaded="48919" inserted="44111" running="551" waiting="4808" ended="43560" arrived="43560" collisions="71" teleports="71" halting="8" stopped="0" meanWaitingTime="1071.28" meanTravelTime="308.38" meanSpeed="19.38" meanSpeedRelative="0.61" duration="97"/>
    <step time="47100.00" loaded="49429" inserted="44562" running="547" waiting="4867" ended="44015" arrived="44015" collisions="72" teleports="72" halting="7" stopped="0" meanWaitingTime="1084.15" meanTravelTime="308.79" meanSpeed="18.83" meanSpeedRelative="0.59" duration="6"/>
    <step time="47400.00" loaded="49985" inserted="45049" running="599" waiting="4936" ended="44450" arrived="44450" collisions="73" teleports="73" halting="6" stopped="0" meanWaitingTime="1095.40" meanTravelTime="309.29" meanSpeed="18.87" meanSpeedRelative="0.59" duration="6"/>
    <step time="47700.00" loaded="50522" inserted="45504" running="599" waiting="5018" ended="44905" arrived="44905" collisions="75" teleports="75" halting="10" stopped="0" meanWaitingTime="1105.54" meanTravelTime="309.90" meanSpeed="18.14" meanSpeedRelative="0.57" duration="6"/>
    <step time="48000.00" loaded="51052" inserted="45963" running="601" waiting="5089" ended="45362" arrived="45362" collisions="76" teleports="76" halting="5" stopped="0" meanWaitingTime="1117.54" meanTravelTime="310.64" meanSpeed="17.85" meanSpeedRelative="0.56" duration="6"/>
    <step time="48300.00" loaded="51559" inserted="46427" running="616" waiting="5132" ended="45811" arrived="45811" collisions="78" teleports="78" halting="5" stopped="0" meanWaitingTime="1127.63" meanTravelTime="311.48" meanSpeed="17.86" meanSpeedRelative="0.56" duration="7"/>
    <step time="48600.00" loaded="52097" inserted="46899" running="626" waiting="5198" ended="46273" arrived="46273" collisions="78" teleports="78" halting="5" stopped="0" meanWaitingTime="1139.50" meanTravelTime="312.14" meanSpeed="18.04" meanSpeedRelative="0.56" duration="8"/>
    <step time="48900.00" loaded="52624" inserted="47364" running="615" waiting="5260" ended="46749" arrived="46749" collisions="78" teleports="78" halting="6" stopped="0" meanWaitingTime="1150.93" meanTravelTime="313.18" meanSpeed="17.67" meanSpeedRelative="0.55" duration="5"/>
    <step time="49200.00" loaded="53168" inserted="47831" running="628" waiting="5337" ended="47203" arrived="47203" collisions="79" teleports="79" halting="8" stopped="0" meanWaitingTime="1160.64" meanTravelTime="313.96" meanSpeed="17.61" meanSpeedRelative="0.55" duration="5"/>
    <step time="49500.00" loaded="53656" inserted="48250" running="605" waiting="5406" ended="47645" arrived="47645" collisions="81" teleports="81" halting="7" stopped="0" meanWaitingTime="1171.58" meanTravelTime="314.79" meanSpeed="18.34" meanSpeedRelative="0.57" duration="5"/>
    <step time="49800.00" loaded="54179" inserted="48709" running="619" waiting="5470" ended="48090" arrived="48090" collisions="83" teleports="83" halting="7" stopped="0" meanWaitingTime="1184.68" meanTravelTime="315.72" meanSpeed="17.98" meanSpeedRelative="0.56" duration="6"/>
    <step time="50100.00" loaded="54711" inserted="49160" running="593" waiting="5551" ended="48567" arrived="48567" collisions="84" teleports="84" halting="9" stopped="0" meanWaitingTime="1196.64" meanTravelTime="316.82" meanSpeed="18.10" meanSpeedRelative="0.57" duration="5"/>
    <step time="50400.00" loaded="55242" inserted="49638" running="593" waiting="5604" ended="49045" arrived="49045" collisions="85" teleports="85" halting="2" stopped="0" meanWaitingTime="1208.34" meanTravelTime="317.56" meanSpeed="18.34" meanSpeedRelative="0.57" duration="96"/>
    <step time="50700.00" loaded="55975" inserted="50171" running="636" waiting="5804" ended="49535" arrived="49535" collisions="85" teleports="85" halting="7" stopped="0" meanWaitingTime="1219.18" meanTravelTime="318.01" meanSpeed="17.71" meanSpeedRelative="0.55" duration="7"/>
    <step time="51000.00" loaded="56684" inserted="50685" running="653" waiting="5999" ended="50032" arrived="50032" collisions="86" teleports="86" halting="5" stopped="0" meanWaitingTime="1229.14" meanTravelTime="318.42" meanSpeed="17.64" meanSpeedRelative="0.55" duration="6"/>
    <step time="51300.00" loaded="57413" inserted="51222" running="710" waiting="6191" ended="50512" arrived="50512" collisions="86" teleports="86" halting="9" stopped="0" meanWaitingTime="1240.51" meanTravelTime="319.00" meanSpeed="16.27" meanSpeedRelative="0.51" duration="7"/>
    <step time="51600.00" loaded="58097" inserted="51725" running="722" waiting="6372" ended="51003" arrived="51003" collisions="89" teleports="89" halting="6" stopped="0" meanWaitingTime="1254.20" meanTravelTime="319.79" meanSpeed="16.21" meanSpeedRelative="0.51" duration="7"/>
    <step time="51900.00" loaded="58828" inserted="52260" running="755" waiting="6568" ended="51505" arrived="51505" collisions="91" teleports="91" halting="2" stopped="0" meanWaitingTime="1269.19" meanTravelTime="320.81" meanSpeed="16.36" meanSpeedRelative="0.51" duration="7"/>
    <step time="52200.00" loaded="59518" inserted="52754" running="726" waiting="6764" ended="52028" arrived="52028" collisions="95" teleports="95" halting="6" stopped="0" meanWaitingTime="1281.38" meanTravelTime="322.04" meanSpeed="15.67" meanSpeedRelative="0.49" duration="9"/>
    <step time="52500.00" loaded="60260" inserted="53245" running="717" waiting="7015" ended="52528" arrived="52528" collisions="95" teleports="95" halting="7" stopped="0" meanWaitingTime="1293.83" meanTravelTime="323.13" meanSpeed="15.66" meanSpeedRelative="0.49" duration="8"/>
    <step time="52800.00" loaded="60963" inserted="53787" running="777" waiting="7176" ended="53010" arrived="53010" collisions="98" teleports="98" halting="6" stopped="0" meanWaitingTime="1308.14" meanTravelTime="324.27" meanSpeed="15.10" meanSpeedRelative="0.47" duration="8"/>
    <step time="53100.00" loaded="61725" inserted="54337" running="816" waiting="7388" ended="53521" arrived="53521" collisions="102" teleports="102" halting="9" stopped="0" meanWaitingTime="1321.73" meanTravelTime="325.35" meanSpeed="14.79" meanSpeedRelative="0.46" duration="7"/>
    <step time="53400.00" loaded="62437" inserted="54849" running="817" waiting="7588" ended="54032" arrived="54032" collisions="104" teleports="104" halting="8" stopped="0" meanWaitingTime="1335.24" meanTravelTime="326.45" meanSpeed="14.80" meanSpeedRelative="0.46" duration="8"/>
    <step time="53700.00" loaded="63130" inserted="55376" running="829" waiting="7754" ended="54547" arrived="54547" collisions="108" teleports="108" halting="13" stopped="0" meanWaitingTime="1347.47" meanTravelTime="327.91" meanSpeed="14.48" meanSpeedRelative="0.45" duration="9"/>
    <step time="54000.00" loaded="63834" inserted="55916" running="849" waiting="7918" ended="55067" arrived="55067" collisions="109" teleports="109" halting="10" stopped="0" meanWaitingTime="1359.65" meanTravelTime="329.31" meanSpeed="14.62" meanSpeedRelative="0.46" duration="94"/>
    <step time="54300.00" loaded="64263" inserted="56371" running="778" waiting="7892" ended="55593" arrived="55593" collisions="112" teleports="112" halting="6" stopped="0" meanWaitingTime="1374.18" meanTravelTime="330.71" meanSpeed="15.27" meanSpeedRelative="0.48" duration="15"/>
    <step time="54600.00" loaded="64723" inserted="56819" running="735" waiting="7904" ended="56084" arrived="56084" collisions="113" teleports="113" halting="5" stopped="0" meanWaitingTime="1389.52" meanTravelTime="332.01" meanSpeed="15.12" meanSpeedRelative="0.47" duration="8"/>
    <step time="54900.00" loaded="65155" inserted="57255" running="710" waiting="7900" ended="56545" arrived="56545" collisions="114" teleports="114" halting="8" stopped="0" meanWaitingTime="1405.51" meanTravelTime="333.32" meanSpeed="14.79" meanSpeedRelative="0.46" duration="8"/>
    <step time="55200.00" loaded="65590" inserted="57697" running="653" waiting="7893" ended="57044" arrived="57044" collisions="116" teleports="116" halting="3" stopped="0" meanWaitingTime="1421.83" meanTravelTime="334.60" meanSpeed="16.29" meanSpeedRelative="0.51" duration="7"/>
    <step time="55500.00" loaded="66055" inserted="58149" running="626" waiting="7906" ended="57523" arrived="57523" collisions="120" teleports="120" halting="3" stopped="0" meanWaitingTime="1439.04" meanTravelTime="335.60" meanSpeed="17.70" meanSpeedRelative="0.55" duration="8"/>
    <step time="55800.00" loaded="66501" inserted="58585" running="584" waiting="7916" ended="58001" arrived="58001" collisions="121" teleports="121" halting="2" stopped="0" meanWaitingTime="1456.12" meanTravelTime="336.11" meanSpeed="18.37" meanSpeedRelative="0.57" duration="6"/>
    <step time="56100.00" loaded="67003" inserted="59044" running="588" waiting="7959" ended="58456" arrived="58456" collisions="121" teleports="121" halting="3" stopped="0" meanWaitingTime="1472.93" meanTravelTime="336.61" meanSpeed="18.85" meanSpeedRelative="0.59" duration="8"/>
    <step time="56400.00" loaded="67467" inserted="59489" running="578" waiting="7978" ended="58911" arrived="58911" collisions="123" teleports="123" halting="3" stopped="0" meanWaitingTime="1490.18" meanTravelTime="336.91" meanSpeed="17.60" meanSpeedRelative="0.55" duration="5"/>
    <step time="56700.00" loaded="67938" inserted="59946" running="611" waiting="7992" ended="59335" arrived="59335" collisions="128" teleports="128" halting="3" stopped="0" meanWaitingTime="1507.50" meanTravelTime="337.15" meanSpeed="18.37" meanSpeedRelative="0.57" duration="7"/>
    <step time="57000.00" loaded="68391" inserted="60407" running="597" waiting="7984" ended="59810" arrived="59810" collisions="132" teleports="132" halting="4" stopped="0" meanWaitingTime="1526.07" meanTravelTime="337.56" meanSpeed="17.79" meanSpeedRelative="0.56" duration="8"/>
    <step time="57300.00" loaded="68808" inserted="60826" running="578" waiting="7982" ended="60248" arrived="60248" collisions="134" teleports="134" halting="4" stopped="0" meanWaitingTime="1544.20" meanTravelTime="338.08" meanSpeed="18.68" meanSpeedRelative="0.58" duration="5"/>
    <step time="57600.00" loaded="69257" inserted="61276" running="588" waiting="7981" ended="60688" arrived="60688" collisions="134" teleports="134" halting="7" stopped="0" meanWaitingTime="1562.53" meanTravelTime="338.64" meanSpeed="18.33" meanSpeedRelative="0.57" duration="85"/>
    <step time="57900.00" loaded="69851" inserted="61775" running="624" waiting="8076" ended="61151" arrived="61151" collisions="135" teleports="135" halting="6" stopped="0" meanWaitingTime="1579.02" meanTravelTime="339.00" meanSpeed="18.17" meanSpeedRelative="0.57" duration="6"/>
    <step time="58200.00" loaded="70432" inserted="62279" running="621" waiting="8153" ended="61658" arrived="61658" collisions="135" teleports="135" halting="8" stopped="0" meanWaitingTime="1594.45" meanTravelTime="339.30" meanSpeed="17.57" meanSpeedRelative="0.55" duration="7"/>
    <step time="58500.00" loaded="70987" inserted="62760" running="604" waiting="8227" ended="62156" arrived="62156" collisions="139" teleports="139" halting="4" stopped="0" meanWaitingTime="1610.93" meanTravelTime="339.59" meanSpeed="18.11" meanSpeedRelative="0.57" duration="7"/>
    <step time="58800.00" loaded="71556" inserted="63265" running="642" waiting="8291" ended="62623" arrived="62623" collisions="143" teleports="143" halting="3" stopped="0" meanWaitingTime="1627.98" meanTravelTime="339.83" meanSpeed="17.98" meanSpeedRelative="0.56" duration="8"/>
    <step time="59100.00" loaded="72084" inserted="63726" running="620" waiting="8358" ended="63106" arrived="63106" collisions="144" teleports="144" halting="2" stopped="0" meanWaitingTime="1642.84" meanTravelTime="340.24" meanSpeed="18.30" meanSpeedRelative="0.57" duration="9"/>
    <step time="59400.00" loaded="72661" inserted="64206" running="635" waiting="8455" ended="63571" arrived="63571" collisions="147" teleports="147" halting="4" stopped="0" meanWaitingTime="1659.03" meanTravelTime="340.56" meanSpeed="17.92" meanSpeedRelative="0.56" duration="7"/>
    <step time="59700.00" loaded="73226" inserted="64673" running="652" waiting="8553" ended="64021" arrived="64021" collisions="150" teleports="150" halting="7" stopped="0" meanWaitingTime="1672.98" meanTravelTime="341.13" meanSpeed="17.40" meanSpeedRelative="0.54" duration="8"/>
    <step time="60000.00" loaded="73793" inserted="65144" running="643" waiting="8649" ended="64501" arrived="64501" collisions="152" teleports="152" halting="1" stopped="0" meanWaitingTime="1688.17" meanTravelTime="341.72" meanSpeed="18.44" meanSpeedRelative="0.58" duration="8"/>
    <step time="60300.00" loaded="74349" inserted="65612" running="646" waiting="8737" ended="64966" arrived="64966" collisions="153" teleports="153" halting="2" stopped="0" meanWaitingTime="1703.59" meanTravelTime="342.14" meanSpeed="18.24" meanSpeedRelative="0.57" duration="5"/>
    <step time="60600.00" loaded="74911" inserted="66101" running="667" waiting="8810" ended="65434" arrived="65434" collisions="154" teleports="154" halting="2" stopped="0" meanWaitingTime="1719.85" meanTravelTime="342.66" meanSpeed="17.61" meanSpeedRelative="0.55" duration="9"/>
    <step time="60900.00" loaded="75518" inserted="66603" running="691" waiting="8915" ended="65912" arrived="65912" collisions="155" teleports="155" halting="7" stopped="0" meanWaitingTime="1732.93" meanTravelTime="343.17" meanSpeed="17.12" meanSpeedRelative="0.53" duration="8"/>
    <step time="61200.00" loaded="76019" inserted="67076" running="662" waiting="8943" ended="66414" arrived="66414" collisions="158" teleports="158" halting="11" stopped="0" meanWaitingTime="1750.54" meanTravelTime="343.77" meanSpeed="17.77" meanSpeedRelative="0.56" duration="97"/>
    <step time="61500.00" loaded="76101" inserted="67399" running="564" waiting="8702" ended="66835" arrived="66835" collisions="159" teleports="159" halting="3" stopped="0" meanWaitingTime="1769.46" meanTravelTime="344.45" meanSpeed="17.59" meanSpeedRelative="0.55" duration="6"/>
    <step time="61800.00" loaded="76176" inserted="67713" running="484" waiting="8463" ended="67229" arrived="67229" collisions="162" teleports="162" halting="4" stopped="0" meanWaitingTime="1789.70" meanTravelTime="345.26" meanSpeed="18.20" meanSpeedRelative="0.57" duration="7"/>
    <step time="62100.00" loaded="76239" inserted="68070" running="460" waiting="8169" ended="67610" arrived="67610" collisions="163" teleports="163" halting="6" stopped="0" meanWaitingTime="1813.42" meanTravelTime="345.67" meanSpeed="18.63" meanSpeedRelative="0.58" duration="5"/>
    <step time="62400.00" loaded="76308" inserted="68438" running="467" waiting="7870" ended="67971" arrived="67971" collisions="164" teleports="164" halting="7" stopped="0" meanWaitingTime="1838.62" meanTravelTime="346.14" meanSpeed="19.11" meanSpeedRelative="0.60" duration="4"/>
    <step time="62700.00" loaded="76368" inserted="68712" running="414" waiting="7656" ended="68298" arrived="68298" collisions="164" teleports="164" halting="2" stopped="0" meanWaitingTime="1857.97" meanTravelTime="346.39" meanSpeed="20.21" meanSpeedRelative="0.63" duration="4"/>
    <step time="63000.00" loaded="76437" inserted="68971" running="356" waiting="7466" ended="68615" arrived="68615" collisions="168" teleports="168" halting="3" stopped="0" meanWaitingTime="1872.66" meanTravelTime="346.80" meanSpeed="21.13" meanSpeedRelative="0.66" duration="4"/>
    <step time="63300.00" loaded="76512" inserted="69249" running="338" waiting="7263" ended="68911" arrived="68911" collisions="170" teleports="170" halting="3" stopped="0" meanWaitingTime="1892.49" meanTravelTime="347.07" meanSpeed="21.67" meanSpeedRelative="0.68" duration="5"/>
    <step time="63600.00" loaded="76587" inserted="69507" running="298" waiting="7080" ended="69209" arrived="69209" collisions="170" teleports="170" halting="3" stopped="0" meanWaitingTime="1910.99" meanTravelTime="347.21" meanSpeed="21.67" meanSpeedRelative="0.68" duration="3"/>
    <step time="63900.00" loaded="76662" inserted="69707" running="243" waiting="6955" ended="69464" arrived="69464" collisions="170" teleports="170" halting="6" stopped="0" meanWaitingTime="1925.47" meanTravelTime="347.28" meanSpeed="21.19" meanSpeedRelative="0.66" duration="3"/>
    <step time="64200.00" loaded="76736" inserted="69909" running="230" waiting="6827" ended="69679" arrived="69679" collisions="170" teleports="170" halting="8" stopped="0" meanWaitingTime="1941.40" meanTravelTime="347.26" meanSpeed="21.76" meanSpeedRelative="0.68" duration="3"/>
    <step time="64500.00" loaded="76810" inserted="70117" running="216" waiting="6693" ended="69901" arrived="69901" collisions="171" teleports="171" halting="9" stopped="0" meanWaitingTime="1958.34" meanTravelTime="347.16" meanSpeed="21.30" meanSpeedRelative="0.67" duration="2"/>
    <step time="64800.00" loaded="76884" inserted="70313" running="213" waiting="6571" ended="70100" arrived="70100" collisions="171" teleports="171" halting="2" stopped="0" meanWaitingTime="1974.70" meanTravelTime="347.15" meanSpeed="22.09" meanSpeedRelative="0.69" duration="95"/>
    <step time="65100.00" loaded="76938" inserted="70546" running="227" waiting="6392" ended="70319" arrived="70319" collisions="171" teleports="171" halting="10" stopped="0" meanWaitingTime="1997.87" meanTravelTime="346.99" meanSpeed="21.64" meanSpeedRelative="0.68" duration="3"/>
    <step time="65400.00" loaded="76986" inserted="70737" running="202" waiting="6249" ended="70535" arrived="70535" collisions="171" teleports="171" halting="9" stopped="0" meanWaitingTime="2016.09" meanTravelTime="346.98" meanSpeed="21.49" meanSpeedRelative="0.67" duration="2"/>
    <step time="65700.00" loaded="77043" inserted="70945" running="214" waiting="6098" ended="70731" arrived="70731" collisions="171" teleports="171" halting="4" stopped="0" meanWaitingTime="2035.96" meanTravelTime="346.85" meanSpeed="21.59" meanSpeedRelative="0.67" duration="2"/>
    <step time="66000.00" loaded="77096" inserted="71146" running="205" waiting="5950" ended="70941" arrived="70941" collisions="171" teleports="171" halting="3" stopped="0" meanWaitingTime="2054.83" meanTravelTime="346.71" meanSpeed="21.02" meanSpeedRelative="0.66" duration="3"/>
    <step time="66300.00" loaded="77139" inserted="71364" running="215" waiting="5775" ended="71149" arrived="71149" collisions="171" teleports="171" halting="5" stopped="0" meanWaitingTime="2075.94" meanTravelTime="346.57" meanSpeed="20.56" meanSpeedRelative="0.64" duration="2"/>
    <step time="66600.00" loaded="77187" inserted="71553" running="199" waiting="5634" ended="71354" arrived="71354" collisions="171" teleports="171" halting="1" stopped="0" meanWaitingTime="2091.36" meanTravelTime="346.45" meanSpeed="22.27" meanSpeedRelative="0.70" duration="2"/>
    <step time="66900.00" loaded="77252" inserted="71693" running="138" waiting="5559" ended="71555" arrived="71555" collisions="171" teleports="171" halting="4" stopped="0" meanWaitingTime="2108.21" meanTravelTime="346.31" meanSpeed="19.51" meanSpeedRelative="0.61" duration="2"/>
    <step time="67200.00" loaded="77303" inserted="71849" running="121" waiting="5454" ended="71728" arrived="71728" collisions="171" teleports="171" halting="4" stopped="0" meanWaitingTime="2128.48" meanTravelTime="346.12" meanSpeed="20.98" meanSpeedRelative="0.66" duration="2"/>
    <step time="67500.00" loaded="77357" inserted="72004" running="121" waiting="5353" ended="71883" arrived="71883" collisions="171" teleports="171" halting="3" stopped="0" meanWaitingTime="2147.14" meanTravelTime="345.93" meanSpeed="21.41" meanSpeedRelative="0.67" duration="2"/>
    <step time="67800.00" loaded="77413" inserted="72149" running="126" waiting="5264" ended="72023" arrived="72023" collisions="171" teleports="171" halting="1" stopped="0" meanWaitingTime="2163.38" meanTravelTime="345.81" meanSpeed="21.64" meanSpeedRelative="0.68" duration="2"/>
    <step time="68100.00" loaded="77450" inserted="72316" running="125" waiting="5134" ended="72191" arrived="72191" collisions="171" teleports="171" halting="4" stopped="0" meanWaitingTime="2187.18" meanTravelTime="345.52" meanSpeed="20.88" meanSpeedRelative="0.65" duration="2"/>
    <step time="68400.00" loaded="77504" inserted="72465" running="114" waiting="5039" ended="72351" arrived="72351" collisions="171" teleports="171" halting="4" stopped="0" meanWaitingTime="2205.18" meanTravelTime="345.26" meanSpeed="20.17" meanSpeedRelative="0.63" duration="92"/>
    <step time="68700.00" loaded="77675" inserted="72688" running="171" waiting="4987" ended="72517" arrived="72517" collisions="172" teleports="172" halting="5" stopped="0" meanWaitingTime="2218.81" meanTravelTime="344.99" meanSpeed="22.14" meanSpeedRelative="0.69" duration="2"/>
    <step time="69000.00" loaded="77817" inserted="72885" running="176" waiting="4932" ended="72709" arrived="72709" collisions="172" teleports="172" halting="4" stopped="0" meanWaitingTime="2234.03" meanTravelTime="344.68" meanSpeed="21.92" meanSpeedRelative="0.68" duration="2"/>
    <step time="69300.00" loaded="77979" inserted="73082" running="175" waiting="4897" ended="72907" arrived="72907" collisions="172" teleports="172" halting="2" stopped="0" meanWaitingTime="2246.26" meanTravelTime="344.47" meanSpeed="22.14" meanSpeedRelative="0.69" duration="2"/>
    <step time="69600.00" loaded="78141" inserted="73289" running="197" waiting="4852" ended="73092" arrived="73092" collisions="172" teleports="172" halting="9" stopped="0" meanWaitingTime="2260.06" meanTravelTime="344.33" meanSpeed="21.20" meanSpeedRelative="0.66" duration="4"/>
    <step time="69900.00" loaded="78311" inserted="73510" running="199" waiting="4801" ended="73311" arrived="73311" collisions="173" teleports="173" halting="2" stopped="0" meanWaitingTime="2274.57" meanTravelTime="344.09" meanSpeed="21.58" meanSpeedRelative="0.67" duration="3"/>
    <step time="70200.00" loaded="78467" inserted="73725" running="205" waiting="4742" ended="73520" arrived="73520" collisions="173" teleports="173" halting="4" stopped="0" meanWaitingTime="2288.49" meanTravelTime="343.90" meanSpeed="22.28" meanSpeedRelative="0.70" duration="2"/>
    <step time="70500.00" loaded="78632" inserted="73936" running="199" waiting="4696" ended="73737" arrived="73737" collisions="173" teleports="173" halting="7" stopped="0" meanWaitingTime="2301.70" meanTravelTime="343.77" meanSpeed="22.38" meanSpeedRelative="0.70" duration="2"/>
    <step time="70800.00" loaded="78794" inserted="74148" running="191" waiting="4646" ended="73957" arrived="73957" collisions="173" teleports="173" halting="3" stopped="0" meanWaitingTime="2317.10" meanTravelTime="343.53" meanSpeed="21.91" meanSpeedRelative="0.68" duration="1"/>
    <step time="71100.00" loaded="78940" inserted="74350" running="175" waiting="4590" ended="74175" arrived="74175" collisions="173" teleports="173" halting="1" stopped="0" meanWaitingTime="2332.07" meanTravelTime="343.37" meanSpeed="21.89" meanSpeedRelative="0.68" duration="2"/>
    <step time="71400.00" loaded="79104" inserted="74545" running="175" waiting="4559" ended="74370" arrived="74370" collisions="173" teleports="173" halting="2" stopped="0" meanWaitingTime="2344.18" meanTravelTime="343.15" meanSpeed="22.29" meanSpeedRelative="0.70" duration="2"/>
    <step time="71700.00" loaded="79266" inserted="74765" running="194" waiting="4501" ended="74571" arrived="74571" collisions="174" teleports="174" halting="5" stopped="0" meanWaitingTime="2358.71" meanTravelTime="342.89" meanSpeed="22.01" meanSpeedRelative="0.69" duration="3"/>
    <step time="72000.00" loaded="79436" inserted="74985" running="190" waiting="4451" ended="74795" arrived="74795" collisions="174" teleports="174" halting="4" stopped="0" meanWaitingTime="2372.65" meanTravelTime="342.70" meanSpeed="22.23" meanSpeedRelative="0.69" duration="86"/>
    <step time="72300.00" loaded="79566" inserted="75173" running="185" waiting="4393" ended="74988" arrived="74988" collisions="174" teleports="174" halting="4" stopped="0" meanWaitingTime="2387.88" meanTravelTime="342.49" meanSpeed="22.07" meanSpeedRelative="0.69" duration="2"/>
    <step time="72600.00" loaded="79708" inserted="75371" running="188" waiting="4337" ended="75183" arrived="75183" collisions="174" teleports="174" halting="6" stopped="0" meanWaitingTime="2402.38" meanTravelTime="342.34" meanSpeed="21.36" meanSpeedRelative="0.67" duration="1"/>
    <step time="72900.00" loaded="79840" inserted="75570" running="183" waiting="4270" ended="75387" arrived="75387" collisions="174" teleports="174" halting="6" stopped="0" meanWaitingTime="2418.55" meanTravelTime="342.20" meanSpeed="22.20" meanSpeedRelative="0.69" duration="1"/>
    <step time="73200.00" loaded="79960" inserted="75754" running="173" waiting="4206" ended="75581" arrived="75581" collisions="175" teleports="175" halting="2" stopped="0" meanWaitingTime="2436.13" meanTravelTime="342.05" meanSpeed="21.50" meanSpeedRelative="0.67" duration="2"/>
    <step time="73500.00" loaded="80101" inserted="75933" running="173" waiting="4168" ended="75760" arrived="75760" collisions="175" teleports="175" halting="6" stopped="0" meanWaitingTime="2450.11" meanTravelTime="341.90" meanSpeed="22.17" meanSpeedRelative="0.69" duration="1"/>
    <step time="73800.00" loaded="80259" inserted="76152" running="183" waiting="4107" ended="75969" arrived="75969" collisions="175" teleports="175" halting="6" stopped="0" meanWaitingTime="2465.62" meanTravelTime="341.71" meanSpeed="22.45" meanSpeedRelative="0.70" duration="2"/>
    <step time="74100.00" loaded="80383" inserted="76346" running="170" waiting="4037" ended="76176" arrived="76176" collisions="175" teleports="175" halting="6" stopped="0" meanWaitingTime="2483.32" meanTravelTime="341.52" meanSpeed="21.62" meanSpeedRelative="0.68" duration="1"/>
    <step time="74400.00" loaded="80501" inserted="76519" running="153" waiting="3982" ended="76366" arrived="76366" collisions="176" teleports="176" halting="2" stopped="0" meanWaitingTime="2499.69" meanTravelTime="341.31" meanSpeed="22.21" meanSpeedRelative="0.69" duration="1"/>
    <step time="74700.00" loaded="80653" inserted="76715" running="178" waiting="3938" ended="76537" arrived="76537" collisions="176" teleports="176" halting="6" stopped="0" meanWaitingTime="2514.58" meanTravelTime="341.11" meanSpeed="21.88" meanSpeedRelative="0.68" duration="2"/>
    <step time="75000.00" loaded="80785" inserted="76906" running="162" waiting="3879" ended="76744" arrived="76744" collisions="176" teleports="176" halting="3" stopped="0" meanWaitingTime="2530.28" meanTravelTime="340.94" meanSpeed="20.85" meanSpeedRelative="0.65" duration="2"/>
    <step time="75300.00" loaded="80905" inserted="77087" running="179" waiting="3818" ended="76908" arrived="76908" collisions="176" teleports="176" halting="4" stopped="0" meanWaitingTime="2546.18" meanTravelTime="340.78" meanSpeed="22.15" meanSpeedRelative="0.69" duration="2"/>
    <step time="75600.00" loaded="81033" inserted="77283" running="180" waiting="3750" ended="77103" arrived="77103" collisions="176" teleports="176" halting="4" stopped="0" meanWaitingTime="2561.17" meanTravelTime="340.64" meanSpeed="22.25" meanSpeedRelative="0.70" duration="85"/>
    <step time="75900.00" loaded="81228" inserted="77520" running="214" waiting="3708" ended="77306" arrived="77306" collisions="176" teleports="176" halting="3" stopped="0" meanWaitingTime="2574.26" meanTravelTime="340.40" meanSpeed="21.77" meanSpeedRelative="0.68" duration="1"/>
    <step time="76200.00" loaded="81423" inserted="77748" running="211" waiting="3675" ended="77537" arrived="77537" collisions="176" teleports="176" halting="3" stopped="0" meanWaitingTime="2586.75" meanTravelTime="340.27" meanSpeed="21.98" meanSpeedRelative="0.69" duration="2"/>
    <step time="76500.00" loaded="81600" inserted="77968" running="202" waiting="3632" ended="77766" arrived="77766" collisions="176" teleports="176" halting="5" stopped="0" meanWaitingTime="2598.86" meanTravelTime="340.08" meanSpeed="22.84" meanSpeedRelative="0.71" duration="2"/>
    <step time="76800.00" loaded="81790" inserted="78194" running="213" waiting="3596" ended="77981" arrived="77981" collisions="176" teleports="176" halting="10" stopped="0" meanWaitingTime="2610.60" meanTravelTime="339.90" meanSpeed="21.86" meanSpeedRelative="0.68" duration="2"/>
    <step time="77100.00" loaded="81999" inserted="78431" running="217" waiting="3568" ended="78214" arrived="78214" collisions="177" teleports="177" halting="2" stopped="0" meanWaitingTime="2621.92" meanTravelTime="339.66" meanSpeed="22.51" meanSpeedRelative="0.70" duration="2"/>
    <step time="77400.00" loaded="82193" inserted="78658" running="200" waiting="3535" ended="78458" arrived="78458" collisions="178" teleports="178" halting="2" stopped="0" meanWaitingTime="2632.21" meanTravelTime="339.44" meanSpeed="22.39" meanSpeedRelative="0.70" duration="2"/>
    <step time="77700.00" loaded="82398" inserted="78902" running="219" waiting="3496" ended="78683" arrived="78683" collisions="178" teleports="178" halting="6" stopped="0" meanWaitingTime="2641.05" meanTravelTime="339.22" meanSpeed="22.24" meanSpeedRelative="0.70" duration="2"/>
    <step time="78000.00" loaded="82596" inserted="79137" running="219" waiting="3459" ended="78918" arrived="78918" collisions="179" teleports="179" halting="2" stopped="0" meanWaitingTime="2650.39" meanTravelTime="339.01" meanSpeed="21.85" meanSpeedRelative="0.68" duration="2"/>
    <step time="78300.00" loaded="82796" inserted="79372" running="226" waiting="3424" ended="79146" arrived="79146" collisions="180" teleports="180" halting="4" stopped="0" meanWaitingTime="2657.69" meanTravelTime="338.89" meanSpeed="22.01" meanSpeedRelative="0.69" duration="2"/>
    <step time="78600.00" loaded="82981" inserted="79611" running="235" waiting="3370" ended="79376" arrived="79376" collisions="180" teleports="180" halting="9" stopped="0" meanWaitingTime="2666.35" meanTravelTime="338.66" meanSpeed="21.85" meanSpeedRelative="0.68" duration="3"/>
    <step time="78900.00" loaded="83165" inserted="79845" running="217" waiting="3320" ended="79628" arrived="79628" collisions="180" teleports="180" halting="4" stopped="0" meanWaitingTime="2675.45" meanTravelTime="338.48" meanSpeed="20.97" meanSpeedRelative="0.66" duration="2"/>
    <step time="79200.00" loaded="83358" inserted="80076" running="219" waiting="3282" ended="79857" arrived="79857" collisions="180" teleports="180" halting="5" stopped="0" meanWaitingTime="2683.46" meanTravelTime="338.34" meanSpeed="22.29" meanSpeedRelative="0.70" duration="86"/>
    <step time="79500.00" loaded="83533" inserted="80302" running="223" waiting="3231" ended="80079" arrived="80079" collisions="180" teleports="180" halting="6" stopped="0" meanWaitingTime="2692.60" meanTravelTime="338.23" meanSpeed="22.22" meanSpeedRelative="0.69" duration="2"/>
    <step time="79800.00" loaded="83714" inserted="80527" running="222" waiting="3187" ended="80305" arrived="80305" collisions="180" teleports="180" halting="6" stopped="0" meanWaitingTime="2700.45" meanTravelTime="338.09" meanSpeed="21.93" meanSpeedRelative="0.69" duration="4"/>
    <step time="80100.00" loaded="83885" inserted="80745" running="217" waiting="3140" ended="80528" arrived="80528" collisions="180" teleports="180" halting="3" stopped="0" meanWaitingTime="2708.89" meanTravelTime="337.98" meanSpeed="22.77" meanSpeedRelative="0.71" duration="2"/>
    <step time="80400.00" loaded="84069" inserted="80965" running="206" waiting="3104" ended="80759" arrived="80759" collisions="180" teleports="180" halting="3" stopped="0" meanWaitingTime="2715.27" meanTravelTime="337.87" meanSpeed="22.55" meanSpeedRelative="0.70" duration="1"/>
    <step time="80700.00" loaded="84230" inserted="81168" running="198" waiting="3062" ended="80970" arrived="80970" collisions="180" teleports="180" halting="11" stopped="0" meanWaitingTime="2723.46" meanTravelTime="337.69" meanSpeed="20.77" meanSpeedRelative="0.65" duration="2"/>
    <step time="81000.00" loaded="84396" inserted="81370" running="173" waiting="3026" ended="81197" arrived="81197" collisions="181" teleports="181" halting="10" stopped="0" meanWaitingTime="2732.01" meanTravelTime="337.57" meanSpeed="21.72" meanSpeedRelative="0.68" duration="3"/>
    <step time="81300.00" loaded="84555" inserted="81539" running="173" waiting="3016" ended="81366" arrived="81366" collisions="181" teleports="181" halting="4" stopped="0" meanWaitingTime="2735.22" meanTravelTime="337.50" meanSpeed="22.97" meanSpeedRelative="0.72" duration="2"/>
    <step time="81600.00" loaded="84735" inserted="81731" running="189" waiting="3004" ended="81542" arrived="81542" collisions="181" teleports="181" halting="3" stopped="0" meanWaitingTime="2738.85" meanTravelTime="337.40" meanSpeed="23.88" meanSpeedRelative="0.75" duration="2"/>
    <step time="81900.00" loaded="84893" inserted="81909" running="179" waiting="2984" ended="81730" arrived="81730" collisions="181" teleports="181" halting="7" stopped="0" meanWaitingTime="2743.12" meanTravelTime="337.32" meanSpeed="22.81" meanSpeedRelative="0.71" duration="1"/>
    <step time="82200.00" loaded="85069" inserted="82100" running="179" waiting="2969" ended="81921" arrived="81921" collisions="181" teleports="181" halting="4" stopped="0" meanWaitingTime="2746.23" meanTravelTime="337.18" meanSpeed="22.57" meanSpeedRelative="0.71" duration="2"/>
    <step time="82500.00" loaded="85221" inserted="82260" running="151" waiting="2961" ended="82109" arrived="82109" collisions="181" teleports="181" halting="1" stopped="0" meanWaitingTime="2750.73" meanTravelTime="337.11" meanSpeed="22.58" meanSpeedRelative="0.71" duration="1"/>
</summary>
