<?xml version="1.0" encoding="UTF-8"?>

<!-- generated on 2025-08-08 01:27:41 by Eclipse SUMO sumo Version 1.23.1
<sumoConfiguration xmlns:xsi="http://www.w3.org/2001/XMLSchema-instance" xsi:noNamespaceSchemaLocation="http://sumo.dlr.de/xsd/sumoConfiguration.xsd">

    <input>
        <net-file value="Desktop\Master Thesis\Network_fin.net.xml"/>
        <route-files value="Desktop\Master Thesis\demand_model_amsterdam.rou.xml"/>
        <additional-files value="Desktop\Master Thesis\Additionnal.add.xml"/>
    </input>

    <output>
        <summary-output value="outputf/summary_coor_alinea_2neigh_method1_K80_target5_22644.xml"/>
        <summary-output.period value="300"/>
        <tripinfo-output value="outputf/tripinfo_coor_alinea_2neigh_method1_K80_target5_22644.xml"/>
    </output>

    <time>
        <begin value="0"/>
        <end value="82800"/>
        <step-length value="1"/>
    </time>

    <processing>
        <time-to-teleport value="-1"/>
    </processing>

    <report>
        <verbose value="true"/>
        <no-step-log value="true"/>
    </report>

    <emissions>
        <device.emissions.period value="10"/>
    </emissions>

    <traci_server>
        <remote-port value="49403"/>
    </traci_server>

    <random_number>
        <seed value="22644"/>
    </random_number>

</sumoConfiguration>
-->

<summary xmlns:xsi="http://www.w3.org/2001/XMLSchema-instance" xsi:noNamespaceSchemaLocation="http://sumo.dlr.de/xsd/summary_file.xsd">
    <step time="0.00" loaded="0" inserted="0" running="0" waiting="0" ended="0" arrived="0" collisions="0" teleports="0" halting="0" stopped="0" meanWaitingTime="-1.00" meanTravelTime="-1.00" meanSpeed="-1.00" meanSpeedRelative="-1.00" duration="0"/>
    <step time="300.00" loaded="175" inserted="175" running="106" waiting="0" ended="69" arrived="69" collisions="0" teleports="0" halting="1" stopped="0" meanWaitingTime="0.31" meanTravelTime="98.09" meanSpeed="25.29" meanSpeedRelative="0.79" duration="1"/>
    <step time="600.00" loaded="339" inserted="339" running="141" waiting="0" ended="198" arrived="198" collisions="0" teleports="0" halting="1" stopped="0" meanWaitingTime="0.34" meanTravelTime="154.49" meanSpeed="24.91" meanSpeedRelative="0.78" duration="1"/>
    <step time="900.00" loaded="523" inserted="523" running="153" waiting="0" ended="370" arrived="370" collisions="1" teleports="1" halting="2" stopped="0" meanWaitingTime="0.48" meanTravelTime="184.34" meanSpeed="24.86" meanSpeedRelative="0.78" duration="1"/>
    <step time="1200.00" loaded="711" inserted="711" running="161" waiting="0" ended="550" arrived="550" collisions="1" teleports="1" halting="1" stopped="0" meanWaitingTime="0.46" meanTravelTime="212.04" meanSpeed="25.05" meanSpeedRelative="0.78" duration="1"/>
    <step time="1500.00" loaded="910" inserted="910" running="178" waiting="0" ended="732" arrived="732" collisions="1" teleports="1" halting="1" stopped="0" meanWaitingTime="0.46" meanTravelTime="223.66" meanSpeed="25.23" meanSpeedRelative="0.79" duration="1"/>
    <step time="1800.00" loaded="1107" inserted="1107" running="179" waiting="0" ended="928" arrived="928" collisions="1" teleports="1" halting="1" stopped="0" meanWaitingTime="0.46" meanTravelTime="231.91" meanSpeed="24.74" meanSpeedRelative="0.77" duration="1"/>
    <step time="2100.00" loaded="1270" inserted="1270" running="154" waiting="0" ended="1116" arrived="1116" collisions="1" teleports="1" halting="0" stopped="0" meanWaitingTime="0.44" meanTravelTime="238.55" meanSpeed="25.16" meanSpeedRelative="0.79" duration="0"/>
    <step time="2400.00" loaded="1443" inserted="1443" running="159" waiting="0" ended="1284" arrived="1284" collisions="1" teleports="1" halting="0" stopped="0" meanWaitingTime="0.43" meanTravelTime="242.14" meanSpeed="24.56" meanSpeedRelative="0.77" duration="1"/>
    <step time="2700.00" loaded="1617" inserted="1616" running="139" waiting="1" ended="1477" arrived="1477" collisions="1" teleports="1" halting="1" stopped="0" meanWaitingTime="0.41" meanTravelTime="248.42" meanSpeed="25.18" meanSpeedRelative="0.79" duration="1"/>
    <step time="3000.00" loaded="1799" inserted="1799" running="166" waiting="0" ended="1633" arrived="1633" collisions="1" teleports="1" halting="0" stopped="0" meanWaitingTime="0.42" meanTravelTime="248.64" meanSpeed="24.41" meanSpeedRelative="0.76" duration="1"/>
    <step time="3300.00" loaded="1961" inserted="1960" running="154" waiting="1" ended="1806" arrived="1806" collisions="1" teleports="1" halting="2" stopped="0" meanWaitingTime="0.50" meanTravelTime="250.11" meanSpeed="23.74" meanSpeedRelative="0.74" duration="1"/>
    <step time="3600.00" loaded="2150" inserted="2141" running="166" waiting="9" ended="1975" arrived="1975" collisions="1" teleports="1" halting="4" stopped="0" meanWaitingTime="0.80" meanTravelTime="251.68" meanSpeed="24.94" meanSpeedRelative="0.78" duration="85"/>
    <step time="3900.00" loaded="2276" inserted="2264" running="111" waiting="12" ended="2153" arrived="2153" collisions="1" teleports="1" halting="0" stopped="0" meanWaitingTime="2.14" meanTravelTime="256.22" meanSpeed="24.67" meanSpeedRelative="0.77" duration="1"/>
    <step time="4200.00" loaded="2398" inserted="2392" running="119" waiting="6" ended="2273" arrived="2273" collisions="1" teleports="1" halting="3" stopped="0" meanWaitingTime="3.26" meanTravelTime="259.12" meanSpeed="25.18" meanSpeedRelative="0.79" duration="0"/>
    <step time="4500.00" loaded="2530" inserted="2526" running="116" waiting="4" ended="2410" arrived="2410" collisions="1" teleports="1" halting="6" stopped="0" meanWaitingTime="3.59" meanTravelTime="259.75" meanSpeed="23.82" meanSpeedRelative="0.74" duration="1"/>
    <step time="4800.00" loaded="2632" inserted="2632" running="95" waiting="0" ended="2537" arrived="2537" collisions="1" teleports="1" halting="0" stopped="0" meanWaitingTime="3.62" meanTravelTime="261.16" meanSpeed="25.07" meanSpeedRelative="0.78" duration="1"/>
    <step time="5100.00" loaded="2730" inserted="2730" running="83" waiting="0" ended="2647" arrived="2647" collisions="1" teleports="1" halting="0" stopped="0" meanWaitingTime="3.49" meanTravelTime="261.55" meanSpeed="25.74" meanSpeedRelative="0.80" duration="0"/>
    <step time="5400.00" loaded="2824" inserted="2824" running="80" waiting="0" ended="2744" arrived="2744" collisions="1" teleports="1" halting="0" stopped="0" meanWaitingTime="3.38" meanTravelTime="260.55" meanSpeed="25.91" meanSpeedRelative="0.81" duration="0"/>
    <step time="5700.00" loaded="2940" inserted="2936" running="90" waiting="4" ended="2846" arrived="2846" collisions="1" teleports="1" halting="3" stopped="0" meanWaitingTime="3.39" meanTravelTime="259.66" meanSpeed="24.09" meanSpeedRelative="0.75" duration="0"/>
    <step time="6000.00" loaded="3044" inserted="3041" running="72" waiting="3" ended="2969" arrived="2969" collisions="1" teleports="1" halting="1" stopped="0" meanWaitingTime="3.59" meanTravelTime="259.56" meanSpeed="24.34" meanSpeedRelative="0.76" duration="0"/>
    <step time="6300.00" loaded="3166" inserted="3166" running="103" waiting="0" ended="3063" arrived="3063" collisions="1" teleports="1" halting="2" stopped="0" meanWaitingTime="3.52" meanTravelTime="258.25" meanSpeed="24.56" meanSpeedRelative="0.77" duration="1"/>
    <step time="6600.00" loaded="3286" inserted="3286" running="106" waiting="0" ended="3180" arrived="3180" collisions="1" teleports="1" halting="1" stopped="0" meanWaitingTime="3.61" meanTravelTime="258.14" meanSpeed="24.18" meanSpeedRelative="0.76" duration="1"/>
    <step time="6900.00" loaded="3415" inserted="3413" running="117" waiting="2" ended="3296" arrived="3296" collisions="1" teleports="1" halting="4" stopped="0" meanWaitingTime="3.64" meanTravelTime="256.96" meanSpeed="24.31" meanSpeedRelative="0.76" duration="0"/>
    <step time="7200.00" loaded="3543" inserted="3536" running="118" waiting="7" ended="3418" arrived="3418" collisions="1" teleports="1" halting="1" stopped="0" meanWaitingTime="3.67" meanTravelTime="257.95" meanSpeed="23.77" meanSpeedRelative="0.74" duration="86"/>
    <step time="7500.00" loaded="3692" inserted="3688" running="133" waiting="4" ended="3555" arrived="3555" collisions="2" teleports="2" halting="1" stopped="0" meanWaitingTime="3.74" meanTravelTime="257.93" meanSpeed="23.81" meanSpeedRelative="0.74" duration="1"/>
    <step time="7800.00" loaded="3842" inserted="3831" running="132" waiting="11" ended="3699" arrived="3699" collisions="2" teleports="2" halting="5" stopped="0" meanWaitingTime="4.19" meanTravelTime="257.95" meanSpeed="23.90" meanSpeedRelative="0.75" duration="1"/>
    <step time="8100.00" loaded="3983" inserted="3963" running="115" waiting="20" ended="3848" arrived="3848" collisions="2" teleports="2" halting="0" stopped="0" meanWaitingTime="4.84" meanTravelTime="259.64" meanSpeed="23.66" meanSpeedRelative="0.74" duration="1"/>
    <step time="8400.00" loaded="4152" inserted="4139" running="137" waiting="13" ended="4002" arrived="4002" collisions="2" teleports="2" halting="2" stopped="0" meanWaitingTime="5.87" meanTravelTime="258.43" meanSpeed="23.60" meanSpeedRelative="0.74" duration="1"/>
    <step time="8700.00" loaded="4326" inserted="4301" running="152" waiting="25" ended="4149" arrived="4149" collisions="3" teleports="3" halting="3" stopped="0" meanWaitingTime="6.71" meanTravelTime="258.41" meanSpeed="25.10" meanSpeedRelative="0.78" duration="1"/>
    <step time="9000.00" loaded="4483" inserted="4442" running="123" waiting="41" ended="4319" arrived="4319" collisions="3" teleports="3" halting="5" stopped="0" meanWaitingTime="8.04" meanTravelTime="258.54" meanSpeed="24.05" meanSpeedRelative="0.75" duration="1"/>
    <step time="9300.00" loaded="4612" inserted="4567" running="120" waiting="45" ended="4447" arrived="4447" collisions="3" teleports="3" halting="2" stopped="0" meanWaitingTime="9.70" meanTravelTime="258.29" meanSpeed="24.95" meanSpeedRelative="0.78" duration="1"/>
    <step time="9600.00" loaded="4758" inserted="4718" running="131" waiting="40" ended="4587" arrived="4587" collisions="3" teleports="3" halting="1" stopped="0" meanWaitingTime="12.36" meanTravelTime="258.94" meanSpeed="23.85" meanSpeedRelative="0.75" duration="0"/>
    <step time="9900.00" loaded="4908" inserted="4860" running="125" waiting="48" ended="4735" arrived="4735" collisions="3" teleports="3" halting="3" stopped="0" meanWaitingTime="14.57" meanTravelTime="259.71" meanSpeed="24.20" meanSpeedRelative="0.76" duration="1"/>
    <step time="10200.00" loaded="5058" inserted="5000" running="123" waiting="58" ended="4877" arrived="4877" collisions="3" teleports="3" halting="2" stopped="0" meanWaitingTime="16.39" meanTravelTime="259.36" meanSpeed="24.68" meanSpeedRelative="0.77" duration="1"/>
    <step time="10500.00" loaded="5221" inserted="5165" running="135" waiting="56" ended="5030" arrived="5030" collisions="4" teleports="4" halting="2" stopped="0" meanWaitingTime="18.62" meanTravelTime="259.35" meanSpeed="25.30" meanSpeedRelative="0.79" duration="1"/>
    <step time="10800.00" loaded="5380" inserted="5317" running="133" waiting="63" ended="5184" arrived="5184" collisions="4" teleports="4" halting="5" stopped="0" meanWaitingTime="21.11" meanTravelTime="259.38" meanSpeed="24.59" meanSpeedRelative="0.77" duration="86"/>
    <step time="11100.00" loaded="5522" inserted="5451" running="112" waiting="71" ended="5339" arrived="5339" collisions="4" teleports="4" halting="6" stopped="0" meanWaitingTime="23.48" meanTravelTime="259.75" meanSpeed="24.52" meanSpeedRelative="0.77" duration="1"/>
    <step time="11400.00" loaded="5674" inserted="5593" running="114" waiting="81" ended="5479" arrived="5479" collisions="4" teleports="4" halting="0" stopped="0" meanWaitingTime="25.89" meanTravelTime="259.43" meanSpeed="24.47" meanSpeedRelative="0.76" duration="1"/>
    <step time="11700.00" loaded="5838" inserted="5753" running="117" waiting="85" ended="5636" arrived="5636" collisions="4" teleports="4" halting="1" stopped="0" meanWaitingTime="29.06" meanTravelTime="258.50" meanSpeed="24.75" meanSpeedRelative="0.77" duration="0"/>
    <step time="12000.00" loaded="5978" inserted="5886" running="109" waiting="92" ended="5777" arrived="5777" collisions="4" teleports="4" halting="1" stopped="0" meanWaitingTime="31.74" meanTravelTime="258.24" meanSpeed="24.24" meanSpeedRelative="0.76" duration="1"/>
    <step time="12300.00" loaded="6140" inserted="6043" running="116" waiting="97" ended="5927" arrived="5927" collisions="4" teleports="4" halting="2" stopped="0" meanWaitingTime="34.77" meanTravelTime="257.85" meanSpeed="24.54" meanSpeedRelative="0.77" duration="0"/>
    <step time="12600.00" loaded="6267" inserted="6168" running="108" waiting="99" ended="6060" arrived="6060" collisions="4" teleports="4" halting="3" stopped="0" meanWaitingTime="38.11" meanTravelTime="257.26" meanSpeed="24.41" meanSpeedRelative="0.76" duration="1"/>
    <step time="12900.00" loaded="6417" inserted="6306" running="100" waiting="111" ended="6206" arrived="6206" collisions="4" teleports="4" halting="5" stopped="0" meanWaitingTime="41.14" meanTravelTime="256.89" meanSpeed="23.69" meanSpeedRelative="0.74" duration="0"/>
    <step time="13200.00" loaded="6564" inserted="6447" running="108" waiting="117" ended="6339" arrived="6339" collisions="4" teleports="4" halting="0" stopped="0" meanWaitingTime="44.07" meanTravelTime="256.74" meanSpeed="24.33" meanSpeedRelative="0.76" duration="1"/>
    <step time="13500.00" loaded="6693" inserted="6576" running="91" waiting="117" ended="6485" arrived="6485" collisions="4" teleports="4" halting="2" stopped="0" meanWaitingTime="48.05" meanTravelTime="255.80" meanSpeed="24.67" meanSpeedRelative="0.77" duration="1"/>
    <step time="13800.00" loaded="6825" inserted="6702" running="96" waiting="123" ended="6606" arrived="6606" collisions="4" teleports="4" halting="3" stopped="0" meanWaitingTime="51.75" meanTravelTime="255.26" meanSpeed="23.04" meanSpeedRelative="0.72" duration="1"/>
    <step time="14100.00" loaded="6960" inserted="6836" running="97" waiting="124" ended="6739" arrived="6739" collisions="4" teleports="4" halting="0" stopped="0" meanWaitingTime="55.01" meanTravelTime="254.02" meanSpeed="23.81" meanSpeedRelative="0.74" duration="1"/>
    <step time="14400.00" loaded="7120" inserted="6995" running="126" waiting="125" ended="6869" arrived="6869" collisions="4" teleports="4" halting="1" stopped="0" meanWaitingTime="58.58" meanTravelTime="253.63" meanSpeed="24.08" meanSpeedRelative="0.75" duration="87"/>
    <step time="14700.00" loaded="7227" inserted="7102" running="93" waiting="125" ended="7009" arrived="7009" collisions="4" teleports="4" halting="3" stopped="0" meanWaitingTime="62.27" meanTravelTime="253.83" meanSpeed="23.18" meanSpeedRelative="0.72" duration="1"/>
    <step time="15000.00" loaded="7328" inserted="7205" running="83" waiting="123" ended="7122" arrived="7122" collisions="4" teleports="4" halting="4" stopped="0" meanWaitingTime="66.08" meanTravelTime="253.95" meanSpeed="23.69" meanSpeedRelative="0.74" duration="1"/>
    <step time="15300.00" loaded="7417" inserted="7301" running="83" waiting="116" ended="7218" arrived="7218" collisions="4" teleports="4" halting="1" stopped="0" meanWaitingTime="69.94" meanTravelTime="253.90" meanSpeed="24.60" meanSpeedRelative="0.77" duration="0"/>
    <step time="15600.00" loaded="7507" inserted="7400" running="80" waiting="107" ended="7320" arrived="7320" collisions="4" teleports="4" halting="2" stopped="0" meanWaitingTime="74.21" meanTravelTime="253.82" meanSpeed="24.30" meanSpeedRelative="0.76" duration="1"/>
    <step time="15900.00" loaded="7588" inserted="7495" running="74" waiting="93" ended="7421" arrived="7421" collisions="4" teleports="4" halting="6" stopped="0" meanWaitingTime="78.17" meanTravelTime="253.93" meanSpeed="22.87" meanSpeedRelative="0.71" duration="1"/>
    <step time="16200.00" loaded="7676" inserted="7587" running="76" waiting="89" ended="7511" arrived="7511" collisions="4" teleports="4" halting="3" stopped="0" meanWaitingTime="82.27" meanTravelTime="253.46" meanSpeed="22.15" meanSpeedRelative="0.69" duration="1"/>
    <step time="16500.00" loaded="7786" inserted="7693" running="82" waiting="93" ended="7611" arrived="7611" collisions="4" teleports="4" halting="1" stopped="0" meanWaitingTime="85.59" meanTravelTime="253.50" meanSpeed="22.76" meanSpeedRelative="0.71" duration="1"/>
    <step time="16800.00" loaded="7905" inserted="7820" running="86" waiting="85" ended="7734" arrived="7734" collisions="4" teleports="4" halting="1" stopped="0" meanWaitingTime="89.18" meanTravelTime="252.74" meanSpeed="25.33" meanSpeedRelative="0.79" duration="0"/>
    <step time="17100.00" loaded="7998" inserted="7916" running="66" waiting="82" ended="7850" arrived="7850" collisions="4" teleports="4" halting="2" stopped="0" meanWaitingTime="91.60" meanTravelTime="252.24" meanSpeed="24.09" meanSpeedRelative="0.75" duration="0"/>
    <step time="17400.00" loaded="8096" inserted="8021" running="68" waiting="75" ended="7953" arrived="7953" collisions="4" teleports="4" halting="4" stopped="0" meanWaitingTime="93.31" meanTravelTime="251.84" meanSpeed="23.41" meanSpeedRelative="0.73" duration="0"/>
    <step time="17700.00" loaded="8193" inserted="8127" running="74" waiting="66" ended="8053" arrived="8053" collisions="4" teleports="4" halting="1" stopped="0" meanWaitingTime="95.36" meanTravelTime="251.14" meanSpeed="24.08" meanSpeedRelative="0.75" duration="0"/>
    <step time="18000.00" loaded="8297" inserted="8236" running="82" waiting="61" ended="8154" arrived="8154" collisions="5" teleports="5" halting="1" stopped="0" meanWaitingTime="97.39" meanTravelTime="250.77" meanSpeed="25.28" meanSpeedRelative="0.79" duration="81"/>
    <step time="18300.00" loaded="8474" inserted="8397" running="121" waiting="77" ended="8276" arrived="8276" collisions="5" teleports="5" halting="5" stopped="0" meanWaitingTime="98.32" meanTravelTime="249.96" meanSpeed="24.57" meanSpeedRelative="0.77" duration="1"/>
    <step time="18600.00" loaded="8676" inserted="8580" running="155" waiting="96" ended="8425" arrived="8425" collisions="5" teleports="5" halting="0" stopped="0" meanWaitingTime="98.64" meanTravelTime="249.53" meanSpeed="24.52" meanSpeedRelative="0.77" duration="1"/>
    <step time="18900.00" loaded="8850" inserted="8743" running="132" waiting="107" ended="8611" arrived="8611" collisions="6" teleports="6" halting="2" stopped="0" meanWaitingTime="99.25" meanTravelTime="249.34" meanSpeed="24.28" meanSpeedRelative="0.76" duration="1"/>
    <step time="19200.00" loaded="9035" inserted="8910" running="140" waiting="125" ended="8770" arrived="8770" collisions="6" teleports="6" halting="5" stopped="0" meanWaitingTime="99.68" meanTravelTime="249.75" meanSpeed="24.26" meanSpeedRelative="0.76" duration="1"/>
    <step time="19500.00" loaded="9226" inserted="9088" running="153" waiting="138" ended="8935" arrived="8935" collisions="6" teleports="6" halting="2" stopped="0" meanWaitingTime="100.16" meanTravelTime="249.66" meanSpeed="24.36" meanSpeedRelative="0.76" duration="1"/>
    <step time="19800.00" loaded="9416" inserted="9265" running="149" waiting="151" ended="9116" arrived="9116" collisions="6" teleports="6" halting="4" stopped="0" meanWaitingTime="101.53" meanTravelTime="249.49" meanSpeed="24.59" meanSpeedRelative="0.77" duration="1"/>
    <step time="20100.00" loaded="9608" inserted="9447" running="147" waiting="161" ended="9300" arrived="9300" collisions="6" teleports="6" halting="2" stopped="0" meanWaitingTime="102.83" meanTravelTime="249.15" meanSpeed="24.08" meanSpeedRelative="0.75" duration="1"/>
    <step time="20400.00" loaded="9803" inserted="9632" running="139" waiting="171" ended="9493" arrived="9493" collisions="6" teleports="6" halting="6" stopped="0" meanWaitingTime="104.49" meanTravelTime="248.89" meanSpeed="23.82" meanSpeedRelative="0.74" duration="2"/>
    <step time="20700.00" loaded="10003" inserted="9823" running="159" waiting="180" ended="9664" arrived="9664" collisions="6" teleports="6" halting="3" stopped="0" meanWaitingTime="106.21" meanTravelTime="248.88" meanSpeed="24.46" meanSpeedRelative="0.76" duration="1"/>
    <step time="21000.00" loaded="10212" inserted="10014" running="159" waiting="198" ended="9855" arrived="9855" collisions="6" teleports="6" halting="1" stopped="0" meanWaitingTime="107.90" meanTravelTime="248.86" meanSpeed="24.63" meanSpeedRelative="0.77" duration="1"/>
    <step time="21300.00" loaded="10394" inserted="10189" running="147" waiting="205" ended="10042" arrived="10042" collisions="6" teleports="6" halting="3" stopped="0" meanWaitingTime="110.25" meanTravelTime="249.04" meanSpeed="24.15" meanSpeedRelative="0.75" duration="1"/>
    <step time="21600.00" loaded="10614" inserted="10383" running="147" waiting="231" ended="10236" arrived="10236" collisions="6" teleports="6" halting="1" stopped="0" meanWaitingTime="112.88" meanTravelTime="248.84" meanSpeed="24.24" meanSpeedRelative="0.76" duration="78"/>
    <step time="21900.00" loaded="11069" inserted="10754" running="285" waiting="315" ended="10469" arrived="10469" collisions="8" teleports="8" halting="2" stopped="0" meanWaitingTime="115.77" meanTravelTime="247.97" meanSpeed="21.66" meanSpeedRelative="0.68" duration="2"/>
    <step time="22200.00" loaded="11548" inserted="11137" running="381" waiting="411" ended="10756" arrived="10756" collisions="8" teleports="8" halting="3" stopped="0" meanWaitingTime="119.59" meanTravelTime="248.12" meanSpeed="21.63" meanSpeedRelative="0.68" duration="3"/>
    <step time="22500.00" loaded="11989" inserted="11495" running="411" waiting="494" ended="11084" arrived="11084" collisions="8" teleports="8" halting="7" stopped="0" meanWaitingTime="123.85" meanTravelTime="249.34" meanSpeed="20.27" meanSpeedRelative="0.63" duration="2"/>
    <step time="22800.00" loaded="12477" inserted="11888" running="444" waiting="589" ended="11444" arrived="11444" collisions="8" teleports="8" halting="6" stopped="0" meanWaitingTime="128.64" meanTravelTime="251.63" meanSpeed="20.61" meanSpeedRelative="0.64" duration="2"/>
    <step time="23100.00" loaded="12936" inserted="12263" running="431" waiting="673" ended="11832" arrived="11832" collisions="8" teleports="8" halting="10" stopped="0" meanWaitingTime="134.43" meanTravelTime="254.69" meanSpeed="21.07" meanSpeedRelative="0.66" duration="3"/>
    <step time="23400.00" loaded="13418" inserted="12642" running="403" waiting="776" ended="12239" arrived="12239" collisions="8" teleports="8" halting="4" stopped="0" meanWaitingTime="140.06" meanTravelTime="257.41" meanSpeed="21.29" meanSpeedRelative="0.67" duration="2"/>
    <step time="23700.00" loaded="13828" inserted="13004" running="414" waiting="824" ended="12590" arrived="12590" collisions="8" teleports="8" halting="1" stopped="0" meanWaitingTime="147.49" meanTravelTime="258.98" meanSpeed="21.67" meanSpeedRelative="0.68" duration="2"/>
    <step time="24000.00" loaded="14334" inserted="13396" running="435" waiting="938" ended="12961" arrived="12961" collisions="9" teleports="9" halting="8" stopped="0" meanWaitingTime="155.11" meanTravelTime="261.41" meanSpeed="20.68" meanSpeedRelative="0.65" duration="2"/>
    <step time="24300.00" loaded="14790" inserted="13767" running="420" waiting="1023" ended="13347" arrived="13347" collisions="10" teleports="10" halting="4" stopped="0" meanWaitingTime="162.55" meanTravelTime="263.27" meanSpeed="20.76" meanSpeedRelative="0.65" duration="2"/>
    <step time="24600.00" loaded="15241" inserted="14132" running="409" waiting="1109" ended="13723" arrived="13723" collisions="10" teleports="10" halting="9" stopped="0" meanWaitingTime="170.56" meanTravelTime="265.24" meanSpeed="20.96" meanSpeedRelative="0.65" duration="3"/>
    <step time="24900.00" loaded="15695" inserted="14505" running="412" waiting="1190" ended="14093" arrived="14093" collisions="12" teleports="12" halting="8" stopped="0" meanWaitingTime="179.93" meanTravelTime="267.27" meanSpeed="20.46" meanSpeedRelative="0.64" duration="3"/>
    <step time="25200.00" loaded="16150" inserted="14883" running="403" waiting="1267" ended="14480" arrived="14480" collisions="12" teleports="12" halting="4" stopped="0" meanWaitingTime="190.13" meanTravelTime="268.82" meanSpeed="20.78" meanSpeedRelative="0.65" duration="85"/>
    <step time="25500.00" loaded="16709" inserted="15334" running="474" waiting="1375" ended="14860" arrived="14860" collisions="13" teleports="13" halting="3" stopped="0" meanWaitingTime="201.06" meanTravelTime="270.20" meanSpeed="20.85" meanSpeedRelative="0.65" duration="3"/>
    <step time="25800.00" loaded="17262" inserted="15752" running="462" waiting="1510" ended="15290" arrived="15290" collisions="14" teleports="14" halting="7" stopped="0" meanWaitingTime="212.08" meanTravelTime="271.54" meanSpeed="20.11" meanSpeedRelative="0.63" duration="3"/>
    <step time="26100.00" loaded="17846" inserted="16197" running="510" waiting="1649" ended="15687" arrived="15687" collisions="14" teleports="14" halting="6" stopped="0" meanWaitingTime="224.78" meanTravelTime="273.40" meanSpeed="19.75" meanSpeedRelative="0.62" duration="4"/>
    <step time="26400.00" loaded="18392" inserted="16635" running="512" waiting="1757" ended="16123" arrived="16123" collisions="14" teleports="14" halting="6" stopped="0" meanWaitingTime="238.30" meanTravelTime="274.96" meanSpeed="19.85" meanSpeedRelative="0.62" duration="4"/>
    <step time="26700.00" loaded="18929" inserted="17037" running="472" waiting="1892" ended="16565" arrived="16565" collisions="14" teleports="14" halting="8" stopped="0" meanWaitingTime="250.56" meanTravelTime="276.80" meanSpeed="19.04" meanSpeedRelative="0.60" duration="3"/>
    <step time="27000.00" loaded="19488" inserted="17475" running="510" waiting="2013" ended="16965" arrived="16965" collisions="14" teleports="14" halting="7" stopped="0" meanWaitingTime="263.38" meanTravelTime="278.78" meanSpeed="19.17" meanSpeedRelative="0.60" duration="3"/>
    <step time="27300.00" loaded="20043" inserted="17887" running="494" waiting="2156" ended="17393" arrived="17393" collisions="18" teleports="18" halting="4" stopped="0" meanWaitingTime="276.67" meanTravelTime="280.45" meanSpeed="20.39" meanSpeedRelative="0.64" duration="4"/>
    <step time="27600.00" loaded="20605" inserted="18309" running="477" waiting="2296" ended="17832" arrived="17832" collisions="18" teleports="18" halting="5" stopped="0" meanWaitingTime="289.98" meanTravelTime="281.96" meanSpeed="20.22" meanSpeedRelative="0.63" duration="4"/>
    <step time="27900.00" loaded="21167" inserted="18779" running="504" waiting="2388" ended="18275" arrived="18275" collisions="21" teleports="21" halting="7" stopped="0" meanWaitingTime="304.13" meanTravelTime="283.65" meanSpeed="19.95" meanSpeedRelative="0.62" duration="4"/>
    <step time="28200.00" loaded="21713" inserted="19222" running="505" waiting="2491" ended="18717" arrived="18717" collisions="23" teleports="23" halting="7" stopped="0" meanWaitingTime="319.52" meanTravelTime="284.64" meanSpeed="18.78" meanSpeedRelative="0.59" duration="3"/>
    <step time="28500.00" loaded="22277" inserted="19636" running="472" waiting="2641" ended="19164" arrived="19164" collisions="23" teleports="23" halting="6" stopped="0" meanWaitingTime="333.90" meanTravelTime="286.36" meanSpeed="20.22" meanSpeedRelative="0.63" duration="3"/>
    <step time="28800.00" loaded="22807" inserted="20034" running="438" waiting="2773" ended="19596" arrived="19596" collisions="24" teleports="24" halting="10" stopped="0" meanWaitingTime="348.00" meanTravelTime="287.15" meanSpeed="19.80" meanSpeedRelative="0.62" duration="87"/>
    <step time="29100.00" loaded="23154" inserted="20396" running="442" waiting="2758" ended="19954" arrived="19954" collisions="24" teleports="24" halting="9" stopped="0" meanWaitingTime="362.81" meanTravelTime="288.18" meanSpeed="20.90" meanSpeedRelative="0.65" duration="3"/>
    <step time="29400.00" loaded="23513" inserted="20763" running="408" waiting="2750" ended="20355" arrived="20355" collisions="24" teleports="24" halting="3" stopped="0" meanWaitingTime="377.99" meanTravelTime="289.60" meanSpeed="20.78" meanSpeedRelative="0.65" duration="2"/>
    <step time="29700.00" loaded="23844" inserted="21134" running="417" waiting="2710" ended="20717" arrived="20717" collisions="27" teleports="27" halting="8" stopped="0" meanWaitingTime="392.85" meanTravelTime="290.38" meanSpeed="20.19" meanSpeedRelative="0.63" duration="3"/>
    <step time="30000.00" loaded="24201" inserted="21519" running="415" waiting="2682" ended="21104" arrived="21104" collisions="28" teleports="28" halting="7" stopped="0" meanWaitingTime="407.35" meanTravelTime="291.32" meanSpeed="20.53" meanSpeedRelative="0.64" duration="2"/>
    <step time="30300.00" loaded="24573" inserted="21914" running="424" waiting="2659" ended="21490" arrived="21490" collisions="28" teleports="28" halting="6" stopped="0" meanWaitingTime="423.24" meanTravelTime="291.85" meanSpeed="20.26" meanSpeedRelative="0.63" duration="2"/>
    <step time="30600.00" loaded="24932" inserted="22304" running="429" waiting="2628" ended="21875" arrived="21875" collisions="28" teleports="28" halting="7" stopped="0" meanWaitingTime="436.90" meanTravelTime="292.50" meanSpeed="20.81" meanSpeedRelative="0.65" duration="4"/>
    <step time="30900.00" loaded="25291" inserted="22660" running="376" waiting="2631" ended="22284" arrived="22284" collisions="29" teleports="29" halting="5" stopped="0" meanWaitingTime="451.02" meanTravelTime="292.97" meanSpeed="20.54" meanSpeedRelative="0.64" duration="2"/>
    <step time="31200.00" loaded="25636" inserted="23021" running="362" waiting="2615" ended="22659" arrived="22659" collisions="29" teleports="29" halting="3" stopped="0" meanWaitingTime="464.95" meanTravelTime="293.15" meanSpeed="22.08" meanSpeedRelative="0.69" duration="3"/>
    <step time="31500.00" loaded="25966" inserted="23378" running="348" waiting="2588" ended="23030" arrived="23030" collisions="30" teleports="30" halting="4" stopped="0" meanWaitingTime="477.88" meanTravelTime="293.34" meanSpeed="21.81" meanSpeedRelative="0.68" duration="2"/>
    <step time="31800.00" loaded="26340" inserted="23732" running="362" waiting="2608" ended="23370" arrived="23370" collisions="32" teleports="32" halting="6" stopped="0" meanWaitingTime="491.35" meanTravelTime="293.42" meanSpeed="21.07" meanSpeedRelative="0.66" duration="3"/>
    <step time="32100.00" loaded="26699" inserted="24075" running="341" waiting="2624" ended="23734" arrived="23734" collisions="32" teleports="32" halting="11" stopped="0" meanWaitingTime="505.46" meanTravelTime="293.61" meanSpeed="22.03" meanSpeedRelative="0.69" duration="2"/>
    <step time="32400.00" loaded="27063" inserted="24430" running="344" waiting="2633" ended="24086" arrived="24086" collisions="32" teleports="32" halting="8" stopped="0" meanWaitingTime="519.84" meanTravelTime="293.63" meanSpeed="21.80" meanSpeedRelative="0.68" duration="92"/>
    <step time="32700.00" loaded="27311" inserted="24710" running="282" waiting="2601" ended="24428" arrived="24428" collisions="32" teleports="32" halting="8" stopped="0" meanWaitingTime="535.69" meanTravelTime="293.27" meanSpeed="21.07" meanSpeedRelative="0.66" duration="2"/>
    <step time="33000.00" loaded="27603" inserted="25005" running="271" waiting="2598" ended="24734" arrived="24734" collisions="33" teleports="33" halting="5" stopped="0" meanWaitingTime="549.80" meanTravelTime="293.49" meanSpeed="21.57" meanSpeedRelative="0.67" duration="4"/>
    <step time="33300.00" loaded="27870" inserted="25300" running="275" waiting="2570" ended="25025" arrived="25025" collisions="33" teleports="33" halting="3" stopped="0" meanWaitingTime="565.78" meanTravelTime="293.16" meanSpeed="21.95" meanSpeedRelative="0.69" duration="2"/>
    <step time="33600.00" loaded="28148" inserted="25600" running="281" waiting="2548" ended="25319" arrived="25319" collisions="33" teleports="33" halting="8" stopped="0" meanWaitingTime="580.87" meanTravelTime="293.12" meanSpeed="22.77" meanSpeedRelative="0.71" duration="2"/>
    <step time="33900.00" loaded="28433" inserted="25887" running="277" waiting="2546" ended="25610" arrived="25610" collisions="33" teleports="33" halting="3" stopped="0" meanWaitingTime="596.07" meanTravelTime="292.93" meanSpeed="23.02" meanSpeedRelative="0.72" duration="3"/>
    <step time="34200.00" loaded="28701" inserted="26165" running="249" waiting="2536" ended="25916" arrived="25916" collisions="33" teleports="33" halting="5" stopped="0" meanWaitingTime="612.83" meanTravelTime="292.78" meanSpeed="22.99" meanSpeedRelative="0.72" duration="2"/>
    <step time="34500.00" loaded="28969" inserted="26454" running="262" waiting="2515" ended="26192" arrived="26192" collisions="34" teleports="34" halting="5" stopped="0" meanWaitingTime="629.13" meanTravelTime="292.73" meanSpeed="22.09" meanSpeedRelative="0.69" duration="2"/>
    <step time="34800.00" loaded="29222" inserted="26716" running="249" waiting="2506" ended="26467" arrived="26467" collisions="34" teleports="34" halting="1" stopped="0" meanWaitingTime="643.02" meanTravelTime="292.61" meanSpeed="22.76" meanSpeedRelative="0.71" duration="2"/>
    <step time="35100.00" loaded="29490" inserted="26995" running="252" waiting="2495" ended="26743" arrived="26743" collisions="34" teleports="34" halting="4" stopped="0" meanWaitingTime="658.39" meanTravelTime="292.54" meanSpeed="22.83" meanSpeedRelative="0.71" duration="2"/>
    <step time="35400.00" loaded="29765" inserted="27266" running="246" waiting="2499" ended="27020" arrived="27020" collisions="34" teleports="34" halting="7" stopped="0" meanWaitingTime="673.97" meanTravelTime="292.40" meanSpeed="22.73" meanSpeedRelative="0.71" duration="2"/>
    <step time="35700.00" loaded="30007" inserted="27525" running="247" waiting="2482" ended="27278" arrived="27278" collisions="34" teleports="34" halting="2" stopped="0" meanWaitingTime="688.35" meanTravelTime="292.11" meanSpeed="21.95" meanSpeedRelative="0.69" duration="2"/>
    <step time="36000.00" loaded="30273" inserted="27809" running="239" waiting="2464" ended="27570" arrived="27570" collisions="34" teleports="34" halting="6" stopped="0" meanWaitingTime="703.96" meanTravelTime="291.90" meanSpeed="23.58" meanSpeedRelative="0.74" duration="83"/>
    <step time="36300.00" loaded="30739" inserted="28254" running="371" waiting="2485" ended="27883" arrived="27883" collisions="34" teleports="34" halting="5" stopped="0" meanWaitingTime="718.82" meanTravelTime="291.26" meanSpeed="22.35" meanSpeedRelative="0.70" duration="2"/>
    <step time="36600.00" loaded="31229" inserted="28660" running="417" waiting="2569" ended="28243" arrived="28243" collisions="34" teleports="34" halting="3" stopped="0" meanWaitingTime="731.62" meanTravelTime="290.94" meanSpeed="20.66" meanSpeedRelative="0.65" duration="3"/>
    <step time="36900.00" loaded="31717" inserted="29072" running="421" waiting="2645" ended="28651" arrived="28651" collisions="34" teleports="34" halting="3" stopped="0" meanWaitingTime="744.29" meanTravelTime="290.96" meanSpeed="21.07" meanSpeedRelative="0.66" duration="3"/>
    <step time="37200.00" loaded="32184" inserted="29471" running="423" waiting="2713" ended="29048" arrived="29048" collisions="34" teleports="34" halting="14" stopped="0" meanWaitingTime="757.06" meanTravelTime="291.10" meanSpeed="21.43" meanSpeedRelative="0.67" duration="3"/>
    <step time="37500.00" loaded="32703" inserted="29904" running="450" waiting="2799" ended="29454" arrived="29454" collisions="36" teleports="36" halting="8" stopped="0" meanWaitingTime="769.13" meanTravelTime="291.53" meanSpeed="20.40" meanSpeedRelative="0.64" duration="3"/>
    <step time="37800.00" loaded="33123" inserted="30281" running="417" waiting="2842" ended="29864" arrived="29864" collisions="36" teleports="36" halting="7" stopped="0" meanWaitingTime="781.50" meanTravelTime="291.97" meanSpeed="21.07" meanSpeedRelative="0.66" duration="3"/>
    <step time="38100.00" loaded="33581" inserted="30694" running="416" waiting="2887" ended="30278" arrived="30278" collisions="37" teleports="37" halting="5" stopped="0" meanWaitingTime="795.95" meanTravelTime="292.29" meanSpeed="20.63" meanSpeedRelative="0.64" duration="3"/>
    <step time="38400.00" loaded="34066" inserted="31117" running="440" waiting="2949" ended="30677" arrived="30677" collisions="37" teleports="37" halting="2" stopped="0" meanWaitingTime="809.04" meanTravelTime="292.73" meanSpeed="20.79" meanSpeedRelative="0.65" duration="3"/>
    <step time="38700.00" loaded="34526" inserted="31522" running="458" waiting="3004" ended="31064" arrived="31064" collisions="38" teleports="38" halting="6" stopped="0" meanWaitingTime="823.14" meanTravelTime="292.99" meanSpeed="20.20" meanSpeedRelative="0.63" duration="4"/>
    <step time="39000.00" loaded="35007" inserted="31936" running="445" waiting="3071" ended="31491" arrived="31491" collisions="38" teleports="38" halting="10" stopped="0" meanWaitingTime="835.90" meanTravelTime="293.42" meanSpeed="20.27" meanSpeedRelative="0.63" duration="4"/>
    <step time="39300.00" loaded="35470" inserted="32336" running="450" waiting="3134" ended="31886" arrived="31886" collisions="38" teleports="38" halting="3" stopped="0" meanWaitingTime="850.02" meanTravelTime="293.83" meanSpeed="20.89" meanSpeedRelative="0.65" duration="4"/>
    <step time="39600.00" loaded="35957" inserted="32756" running="453" waiting="3201" ended="32303" arrived="32303" collisions="39" teleports="39" halting="6" stopped="0" meanWaitingTime="860.69" meanTravelTime="294.69" meanSpeed="20.20" meanSpeedRelative="0.63" duration="92"/>
    <step time="39900.00" loaded="36462" inserted="33183" running="467" waiting="3279" ended="32716" arrived="32716" collisions="40" teleports="40" halting="5" stopped="0" meanWaitingTime="873.74" meanTravelTime="294.74" meanSpeed="21.09" meanSpeedRelative="0.66" duration="4"/>
    <step time="40200.00" loaded="36966" inserted="33629" running="492" waiting="3337" ended="33137" arrived="33137" collisions="41" teleports="41" halting="4" stopped="0" meanWaitingTime="886.46" meanTravelTime="294.83" meanSpeed="20.73" meanSpeedRelative="0.65" duration="3"/>
    <step time="40500.00" loaded="37443" inserted="34042" running="470" waiting="3401" ended="33572" arrived="33572" collisions="44" teleports="44" halting="6" stopped="0" meanWaitingTime="899.20" meanTravelTime="295.53" meanSpeed="20.43" meanSpeedRelative="0.64" duration="5"/>
    <step time="40800.00" loaded="37958" inserted="34466" running="463" waiting="3492" ended="34003" arrived="34003" collisions="46" teleports="46" halting="4" stopped="0" meanWaitingTime="910.54" meanTravelTime="295.97" meanSpeed="21.02" meanSpeedRelative="0.66" duration="4"/>
    <step time="41100.00" loaded="38514" inserted="34935" running="481" waiting="3579" ended="34454" arrived="34454" collisions="48" teleports="48" halting="9" stopped="0" meanWaitingTime="922.01" meanTravelTime="296.27" meanSpeed="20.46" meanSpeedRelative="0.64" duration="3"/>
    <step time="41400.00" loaded="39030" inserted="35362" running="481" waiting="3668" ended="34881" arrived="34881" collisions="48" teleports="48" halting="6" stopped="0" meanWaitingTime="934.01" meanTravelTime="296.68" meanSpeed="20.30" meanSpeedRelative="0.63" duration="4"/>
    <step time="41700.00" loaded="39543" inserted="35799" running="475" waiting="3744" ended="35324" arrived="35324" collisions="50" teleports="50" halting="5" stopped="0" meanWaitingTime="945.50" meanTravelTime="297.00" meanSpeed="19.68" meanSpeedRelative="0.62" duration="4"/>
    <step time="42000.00" loaded="40061" inserted="36234" running="491" waiting="3827" ended="35743" arrived="35743" collisions="51" teleports="51" halting="5" stopped="0" meanWaitingTime="957.23" meanTravelTime="297.32" meanSpeed="20.24" meanSpeedRelative="0.63" duration="3"/>
    <step time="42300.00" loaded="40590" inserted="36672" running="485" waiting="3918" ended="36187" arrived="36187" collisions="52" teleports="52" halting="3" stopped="0" meanWaitingTime="967.40" meanTravelTime="297.80" meanSpeed="20.27" meanSpeedRelative="0.63" duration="5"/>
    <step time="42600.00" loaded="41114" inserted="37138" running="515" waiting="3976" ended="36623" arrived="36623" collisions="55" teleports="55" halting="1" stopped="0" meanWaitingTime="980.21" meanTravelTime="298.27" meanSpeed="19.70" meanSpeedRelative="0.62" duration="5"/>
    <step time="42900.00" loaded="41675" inserted="37578" running="503" waiting="4097" ended="37075" arrived="37075" collisions="57" teleports="57" halting="4" stopped="0" meanWaitingTime="991.56" meanTravelTime="298.61" meanSpeed="20.37" meanSpeedRelative="0.64" duration="7"/>
    <step time="43200.00" loaded="42174" inserted="38014" running="491" waiting="4160" ended="37523" arrived="37523" collisions="58" teleports="58" halting="7" stopped="0" meanWaitingTime="1003.70" meanTravelTime="299.20" meanSpeed="19.67" meanSpeedRelative="0.61" duration="92"/>
    <step time="43500.00" loaded="42739" inserted="38472" running="501" waiting="4267" ended="37971" arrived="37971" collisions="58" teleports="58" halting="6" stopped="0" meanWaitingTime="1014.88" meanTravelTime="299.49" meanSpeed="20.22" meanSpeedRelative="0.63" duration="4"/>
    <step time="43800.00" loaded="43285" inserted="38918" running="520" waiting="4367" ended="38398" arrived="38398" collisions="58" teleports="58" halting="1" stopped="0" meanWaitingTime="1026.52" meanTravelTime="300.02" meanSpeed="19.62" meanSpeedRelative="0.61" duration="5"/>
    <step time="44100.00" loaded="43831" inserted="39366" running="530" waiting="4465" ended="38836" arrived="38836" collisions="58" teleports="58" halting="5" stopped="0" meanWaitingTime="1038.13" meanTravelTime="300.44" meanSpeed="19.00" meanSpeedRelative="0.59" duration="4"/>
    <step time="44400.00" loaded="44358" inserted="39797" running="526" waiting="4561" ended="39271" arrived="39271" collisions="58" teleports="58" halting="3" stopped="0" meanWaitingTime="1047.67" meanTravelTime="301.22" meanSpeed="19.04" meanSpeedRelative="0.60" duration="3"/>
    <step time="44700.00" loaded="44890" inserted="40259" running="522" waiting="4631" ended="39737" arrived="39737" collisions="59" teleports="59" halting="7" stopped="0" meanWaitingTime="1060.65" meanTravelTime="301.73" meanSpeed="19.63" meanSpeedRelative="0.61" duration="4"/>
    <step time="45000.00" loaded="45412" inserted="40722" running="554" waiting="4690" ended="40168" arrived="40168" collisions="61" teleports="61" halting="6" stopped="0" meanWaitingTime="1074.13" meanTravelTime="302.11" meanSpeed="18.90" meanSpeedRelative="0.59" duration="4"/>
    <step time="45300.00" loaded="45953" inserted="41164" running="544" waiting="4789" ended="40620" arrived="40620" collisions="62" teleports="62" halting="7" stopped="0" meanWaitingTime="1084.09" meanTravelTime="302.96" meanSpeed="18.48" meanSpeedRelative="0.58" duration="6"/>
    <step time="45600.00" loaded="46475" inserted="41600" running="550" waiting="4875" ended="41050" arrived="41050" collisions="62" teleports="62" halting="5" stopped="0" meanWaitingTime="1094.33" meanTravelTime="303.63" meanSpeed="18.89" meanSpeedRelative="0.59" duration="4"/>
    <step time="45900.00" loaded="46984" inserted="42035" running="551" waiting="4949" ended="41484" arrived="41484" collisions="63" teleports="63" halting="7" stopped="0" meanWaitingTime="1105.49" meanTravelTime="304.33" meanSpeed="18.60" meanSpeedRelative="0.58" duration="4"/>
    <step time="46200.00" loaded="47553" inserted="42527" running="593" waiting="5026" ended="41934" arrived="41934" collisions="63" teleports="63" halting="8" stopped="0" meanWaitingTime="1119.51" meanTravelTime="305.11" meanSpeed="18.14" meanSpeedRelative="0.57" duration="5"/>
    <step time="46500.00" loaded="48062" inserted="42996" running="601" waiting="5066" ended="42395" arrived="42395" collisions="63" teleports="63" halting="9" stopped="0" meanWaitingTime="1133.30" meanTravelTime="305.74" meanSpeed="17.97" meanSpeedRelative="0.56" duration="6"/>
    <step time="46800.00" loaded="48638" inserted="43505" running="637" waiting="5133" ended="42868" arrived="42868" collisions="63" teleports="63" halting="6" stopped="0" meanWaitingTime="1144.91" meanTravelTime="306.68" meanSpeed="17.33" meanSpeedRelative="0.54" duration="98"/>
    <step time="47100.00" loaded="49163" inserted="43973" running="589" waiting="5190" ended="43384" arrived="43384" collisions="64" teleports="64" halting="4" stopped="0" meanWaitingTime="1156.55" meanTravelTime="307.63" meanSpeed="17.87" meanSpeedRelative="0.56" duration="7"/>
    <step time="47400.00" loaded="49746" inserted="44434" running="579" waiting="5312" ended="43855" arrived="43855" collisions="67" teleports="67" halting="12" stopped="0" meanWaitingTime="1169.08" meanTravelTime="308.39" meanSpeed="18.64" meanSpeedRelative="0.58" duration="6"/>
    <step time="47700.00" loaded="50290" inserted="44919" running="622" waiting="5371" ended="44297" arrived="44297" collisions="70" teleports="70" halting="6" stopped="0" meanWaitingTime="1181.73" meanTravelTime="309.19" meanSpeed="18.87" meanSpeedRelative="0.59" duration="6"/>
    <step time="48000.00" loaded="50812" inserted="45403" running="629" waiting="5409" ended="44774" arrived="44774" collisions="71" teleports="71" halting="4" stopped="0" meanWaitingTime="1193.49" meanTravelTime="309.88" meanSpeed="17.74" meanSpeedRelative="0.55" duration="6"/>
    <step time="48300.00" loaded="51325" inserted="45846" running="629" waiting="5479" ended="45217" arrived="45217" collisions="71" teleports="71" halting="7" stopped="0" meanWaitingTime="1205.36" meanTravelTime="310.82" meanSpeed="18.18" meanSpeedRelative="0.57" duration="4"/>
    <step time="48600.00" loaded="51872" inserted="46331" running="628" waiting="5541" ended="45703" arrived="45703" collisions="73" teleports="73" halting="5" stopped="0" meanWaitingTime="1217.36" meanTravelTime="311.76" meanSpeed="18.06" meanSpeedRelative="0.56" duration="4"/>
    <step time="48900.00" loaded="52411" inserted="46791" running="604" waiting="5620" ended="46187" arrived="46187" collisions="73" teleports="73" halting="2" stopped="0" meanWaitingTime="1229.42" meanTravelTime="312.61" meanSpeed="18.19" meanSpeedRelative="0.57" duration="5"/>
    <step time="49200.00" loaded="52917" inserted="47228" running="559" waiting="5689" ended="46669" arrived="46669" collisions="75" teleports="75" halting="3" stopped="0" meanWaitingTime="1241.93" meanTravelTime="313.49" meanSpeed="18.21" meanSpeedRelative="0.57" duration="6"/>
    <step time="49500.00" loaded="53395" inserted="47673" running="546" waiting="5722" ended="47127" arrived="47127" collisions="75" teleports="75" halting="6" stopped="0" meanWaitingTime="1255.76" meanTravelTime="314.17" meanSpeed="18.72" meanSpeedRelative="0.58" duration="7"/>
    <step time="49800.00" loaded="53920" inserted="48139" running="546" waiting="5781" ended="47593" arrived="47593" collisions="76" teleports="76" halting="2" stopped="0" meanWaitingTime="1269.34" meanTravelTime="314.69" meanSpeed="19.41" meanSpeedRelative="0.61" duration="6"/>
    <step time="50100.00" loaded="54447" inserted="48607" running="554" waiting="5840" ended="48053" arrived="48053" collisions="77" teleports="77" halting="7" stopped="0" meanWaitingTime="1283.75" meanTravelTime="314.98" meanSpeed="19.82" meanSpeedRelative="0.62" duration="7"/>
    <step time="50400.00" loaded="55029" inserted="49079" running="587" waiting="5950" ended="48492" arrived="48492" collisions="82" teleports="82" halting="8" stopped="0" meanWaitingTime="1296.70" meanTravelTime="315.41" meanSpeed="18.67" meanSpeedRelative="0.58" duration="93"/>
    <step time="50700.00" loaded="55725" inserted="49616" running="659" waiting="6109" ended="48957" arrived="48957" collisions="83" teleports="83" halting="8" stopped="0" meanWaitingTime="1310.24" meanTravelTime="315.71" meanSpeed="18.44" meanSpeedRelative="0.58" duration="6"/>
    <step time="51000.00" loaded="56388" inserted="50142" running="700" waiting="6246" ended="49442" arrived="49442" collisions="85" teleports="85" halting="8" stopped="0" meanWaitingTime="1323.97" meanTravelTime="316.23" meanSpeed="17.43" meanSpeedRelative="0.54" duration="7"/>
    <step time="51300.00" loaded="57124" inserted="50677" running="733" waiting="6447" ended="49944" arrived="49944" collisions="87" teleports="87" halting="9" stopped="0" meanWaitingTime="1335.67" meanTravelTime="317.19" meanSpeed="16.74" meanSpeedRelative="0.52" duration="8"/>
    <step time="51600.00" loaded="57851" inserted="51182" running="748" waiting="6669" ended="50434" arrived="50434" collisions="90" teleports="90" halting="8" stopped="0" meanWaitingTime="1346.66" meanTravelTime="318.34" meanSpeed="16.33" meanSpeedRelative="0.51" duration="7"/>
    <step time="51900.00" loaded="58566" inserted="51684" running="729" waiting="6882" ended="50955" arrived="50955" collisions="93" teleports="93" halting="7" stopped="0" meanWaitingTime="1358.22" meanTravelTime="319.43" meanSpeed="16.50" meanSpeedRelative="0.52" duration="8"/>
    <step time="52200.00" loaded="59294" inserted="52231" running="764" waiting="7063" ended="51467" arrived="51467" collisions="96" teleports="96" halting="7" stopped="0" meanWaitingTime="1368.81" meanTravelTime="320.58" meanSpeed="15.75" meanSpeedRelative="0.49" duration="6"/>
    <step time="52500.00" loaded="60026" inserted="52755" running="788" waiting="7271" ended="51967" arrived="51967" collisions="97" teleports="97" halting="9" stopped="0" meanWaitingTime="1378.94" meanTravelTime="321.66" meanSpeed="15.36" meanSpeedRelative="0.48" duration="8"/>
    <step time="52800.00" loaded="60740" inserted="53288" running="832" waiting="7452" ended="52456" arrived="52456" collisions="98" teleports="98" halting="2" stopped="0" meanWaitingTime="1390.72" meanTravelTime="323.01" meanSpeed="15.42" meanSpeedRelative="0.48" duration="7"/>
    <step time="53100.00" loaded="61457" inserted="53822" running="874" waiting="7635" ended="52948" arrived="52948" collisions="100" teleports="100" halting="11" stopped="0" meanWaitingTime="1403.71" meanTravelTime="324.25" meanSpeed="14.29" meanSpeedRelative="0.45" duration="7"/>
    <step time="53400.00" loaded="62171" inserted="54333" running="896" waiting="7838" ended="53437" arrived="53437" collisions="101" teleports="101" halting="18" stopped="0" meanWaitingTime="1415.20" meanTravelTime="325.55" meanSpeed="14.15" meanSpeedRelative="0.44" duration="10"/>
    <step time="53700.00" loaded="62885" inserted="54876" running="917" waiting="8009" ended="53959" arrived="53959" collisions="103" teleports="103" halting="11" stopped="0" meanWaitingTime="1426.04" meanTravelTime="327.29" meanSpeed="13.80" meanSpeedRelative="0.43" duration="10"/>
    <step time="54000.00" loaded="63626" inserted="55407" running="954" waiting="8219" ended="54453" arrived="54453" collisions="105" teleports="105" halting="15" stopped="0" meanWaitingTime="1438.83" meanTravelTime="329.10" meanSpeed="13.37" meanSpeedRelative="0.42" duration="93"/>
    <step time="54300.00" loaded="64081" inserted="55843" running="883" waiting="8238" ended="54960" arrived="54960" collisions="105" teleports="105" halting="10" stopped="0" meanWaitingTime="1451.12" meanTravelTime="331.10" meanSpeed="13.82" meanSpeedRelative="0.43" duration="11"/>
    <step time="54600.00" loaded="64584" inserted="56298" running="834" waiting="8286" ended="55464" arrived="55464" collisions="106" teleports="106" halting="15" stopped="0" meanWaitingTime="1463.05" meanTravelTime="333.33" meanSpeed="13.53" meanSpeedRelative="0.42" duration="9"/>
    <step time="54900.00" loaded="65042" inserted="56727" running="763" waiting="8315" ended="55964" arrived="55964" collisions="108" teleports="108" halting="6" stopped="0" meanWaitingTime="1477.57" meanTravelTime="335.17" meanSpeed="14.46" meanSpeedRelative="0.45" duration="6"/>
    <step time="55200.00" loaded="65486" inserted="57152" running="715" waiting="8334" ended="56437" arrived="56437" collisions="109" teleports="109" halting="8" stopped="0" meanWaitingTime="1492.65" meanTravelTime="336.86" meanSpeed="15.59" meanSpeedRelative="0.49" duration="7"/>
    <step time="55500.00" loaded="65944" inserted="57591" running="676" waiting="8353" ended="56915" arrived="56915" collisions="109" teleports="109" halting="12" stopped="0" meanWaitingTime="1508.19" meanTravelTime="338.14" meanSpeed="16.02" meanSpeedRelative="0.50" duration="8"/>
    <step time="55800.00" loaded="66409" inserted="58045" running="634" waiting="8364" ended="57411" arrived="57411" collisions="109" teleports="109" halting="5" stopped="0" meanWaitingTime="1525.44" meanTravelTime="339.19" meanSpeed="16.77" meanSpeedRelative="0.52" duration="8"/>
    <step time="56100.00" loaded="66914" inserted="58504" running="632" waiting="8410" ended="57872" arrived="57872" collisions="110" teleports="110" halting="3" stopped="0" meanWaitingTime="1542.26" meanTravelTime="339.85" meanSpeed="17.12" meanSpeedRelative="0.54" duration="6"/>
    <step time="56400.00" loaded="67357" inserted="58956" running="616" waiting="8401" ended="58340" arrived="58340" collisions="112" teleports="112" halting="5" stopped="0" meanWaitingTime="1562.27" meanTravelTime="340.36" meanSpeed="17.86" meanSpeedRelative="0.56" duration="5"/>
    <step time="56700.00" loaded="67824" inserted="59407" running="604" waiting="8417" ended="58803" arrived="58803" collisions="112" teleports="112" halting="7" stopped="0" meanWaitingTime="1581.91" meanTravelTime="340.70" meanSpeed="18.57" meanSpeedRelative="0.58" duration="8"/>
    <step time="57000.00" loaded="68264" inserted="59878" running="612" waiting="8386" ended="59266" arrived="59266" collisions="113" teleports="113" halting="8" stopped="0" meanWaitingTime="1601.10" meanTravelTime="341.25" meanSpeed="18.04" meanSpeedRelative="0.56" duration="8"/>
    <step time="57300.00" loaded="68733" inserted="60351" running="604" waiting="8382" ended="59747" arrived="59747" collisions="115" teleports="115" halting="6" stopped="0" meanWaitingTime="1618.02" meanTravelTime="341.66" meanSpeed="17.78" meanSpeedRelative="0.56" duration="7"/>
    <step time="57600.00" loaded="69202" inserted="60795" running="605" waiting="8407" ended="60190" arrived="60190" collisions="116" teleports="116" halting="1" stopped="0" meanWaitingTime="1635.83" meanTravelTime="341.96" meanSpeed="17.62" meanSpeedRelative="0.55" duration="87"/>
    <step time="57900.00" loaded="69766" inserted="61290" running="658" waiting="8476" ended="60632" arrived="60632" collisions="116" teleports="116" halting="4" stopped="0" meanWaitingTime="1652.25" meanTravelTime="342.52" meanSpeed="17.20" meanSpeedRelative="0.54" duration="9"/>
    <step time="58200.00" loaded="70310" inserted="61739" running="625" waiting="8571" ended="61114" arrived="61114" collisions="120" teleports="120" halting="5" stopped="0" meanWaitingTime="1667.61" meanTravelTime="342.92" meanSpeed="18.31" meanSpeedRelative="0.57" duration="7"/>
    <step time="58500.00" loaded="70869" inserted="62217" running="633" waiting="8652" ended="61584" arrived="61584" collisions="123" teleports="123" halting="3" stopped="0" meanWaitingTime="1684.41" meanTravelTime="343.39" meanSpeed="17.38" meanSpeedRelative="0.54" duration="7"/>
    <step time="58800.00" loaded="71403" inserted="62684" running="614" waiting="8719" ended="62070" arrived="62070" collisions="123" teleports="123" halting="5" stopped="0" meanWaitingTime="1700.76" meanTravelTime="343.68" meanSpeed="17.25" meanSpeedRelative="0.54" duration="9"/>
    <step time="59100.00" loaded="71955" inserted="63169" running="622" waiting="8786" ended="62547" arrived="62547" collisions="125" teleports="125" halting="4" stopped="0" meanWaitingTime="1718.21" meanTravelTime="344.01" meanSpeed="17.37" meanSpeedRelative="0.54" duration="7"/>
    <step time="59400.00" loaded="72518" inserted="63641" running="621" waiting="8877" ended="63020" arrived="63020" collisions="126" teleports="126" halting="6" stopped="0" meanWaitingTime="1735.16" meanTravelTime="344.45" meanSpeed="18.15" meanSpeedRelative="0.57" duration="5"/>
    <step time="59700.00" loaded="73071" inserted="64126" running="675" waiting="8945" ended="63451" arrived="63451" collisions="129" teleports="129" halting="4" stopped="0" meanWaitingTime="1751.85" meanTravelTime="344.75" meanSpeed="16.86" meanSpeedRelative="0.53" duration="6"/>
    <step time="60000.00" loaded="73721" inserted="64627" running="693" waiting="9094" ended="63934" arrived="63934" collisions="130" teleports="130" halting="7" stopped="0" meanWaitingTime="1768.25" meanTravelTime="345.25" meanSpeed="17.20" meanSpeedRelative="0.54" duration="9"/>
    <step time="60300.00" loaded="74334" inserted="65155" running="755" waiting="9179" ended="64400" arrived="64400" collisions="134" teleports="134" halting="6" stopped="0" meanWaitingTime="1784.62" meanTravelTime="345.60" meanSpeed="16.13" meanSpeedRelative="0.50" duration="7"/>
    <step time="60600.00" loaded="74904" inserted="65653" running="757" waiting="9251" ended="64896" arrived="64896" collisions="135" teleports="135" halting="6" stopped="0" meanWaitingTime="1800.96" meanTravelTime="346.40" meanSpeed="15.84" meanSpeedRelative="0.50" duration="10"/>
    <step time="60900.00" loaded="75500" inserted="66138" running="730" waiting="9362" ended="65408" arrived="65408" collisions="136" teleports="136" halting="5" stopped="0" meanWaitingTime="1814.93" meanTravelTime="347.24" meanSpeed="16.49" meanSpeedRelative="0.52" duration="10"/>
    <step time="61200.00" loaded="76089" inserted="66631" running="724" waiting="9458" ended="65907" arrived="65907" collisions="140" teleports="140" halting="3" stopped="0" meanWaitingTime="1830.78" meanTravelTime="347.89" meanSpeed="16.57" meanSpeedRelative="0.52" duration="97"/>
    <step time="61500.00" loaded="76157" inserted="66951" running="579" waiting="9206" ended="66372" arrived="66372" collisions="142" teleports="142" halting="4" stopped="0" meanWaitingTime="1851.61" meanTravelTime="348.75" meanSpeed="17.99" meanSpeedRelative="0.56" duration="8"/>
    <step time="61800.00" loaded="76234" inserted="67292" running="513" waiting="8942" ended="66779" arrived="66779" collisions="145" teleports="145" halting="4" stopped="0" meanWaitingTime="1874.45" meanTravelTime="349.71" meanSpeed="17.46" meanSpeedRelative="0.55" duration="5"/>
    <step time="62100.00" loaded="76313" inserted="67675" running="467" waiting="8638" ended="67208" arrived="67208" collisions="145" teleports="145" halting="9" stopped="0" meanWaitingTime="1901.32" meanTravelTime="350.29" meanSpeed="18.41" meanSpeedRelative="0.58" duration="4"/>
    <step time="62400.00" loaded="76388" inserted="68005" running="442" waiting="8383" ended="67563" arrived="67563" collisions="145" teleports="145" halting="2" stopped="0" meanWaitingTime="1923.66" meanTravelTime="350.57" meanSpeed="19.32" meanSpeedRelative="0.60" duration="4"/>
    <step time="62700.00" loaded="76466" inserted="68290" running="387" waiting="8176" ended="67903" arrived="67903" collisions="146" teleports="146" halting="2" stopped="0" meanWaitingTime="1945.42" meanTravelTime="350.90" meanSpeed="21.18" meanSpeedRelative="0.66" duration="5"/>
    <step time="63000.00" loaded="76531" inserted="68580" running="355" waiting="7951" ended="68225" arrived="68225" collisions="146" teleports="146" halting="3" stopped="0" meanWaitingTime="1968.33" meanTravelTime="350.96" meanSpeed="22.05" meanSpeedRelative="0.69" duration="5"/>
    <step time="63300.00" loaded="76602" inserted="68840" running="319" waiting="7762" ended="68521" arrived="68521" collisions="146" teleports="146" halting="8" stopped="0" meanWaitingTime="1984.44" meanTravelTime="351.16" meanSpeed="21.65" meanSpeedRelative="0.68" duration="3"/>
    <step time="63600.00" loaded="76679" inserted="69093" running="298" waiting="7586" ended="68795" arrived="68795" collisions="146" teleports="146" halting="5" stopped="0" meanWaitingTime="2001.29" meanTravelTime="351.30" meanSpeed="22.26" meanSpeedRelative="0.70" duration="3"/>
    <step time="63900.00" loaded="76751" inserted="69297" running="233" waiting="7454" ended="69064" arrived="69064" collisions="146" teleports="146" halting="5" stopped="0" meanWaitingTime="2019.23" meanTravelTime="351.37" meanSpeed="21.19" meanSpeedRelative="0.66" duration="4"/>
    <step time="64200.00" loaded="76828" inserted="69507" running="209" waiting="7321" ended="69298" arrived="69298" collisions="147" teleports="147" halting="3" stopped="0" meanWaitingTime="2039.29" meanTravelTime="351.29" meanSpeed="21.73" meanSpeedRelative="0.68" duration="2"/>
    <step time="64500.00" loaded="76907" inserted="69715" running="212" waiting="7192" ended="69503" arrived="69503" collisions="147" teleports="147" halting="6" stopped="0" meanWaitingTime="2055.61" meanTravelTime="351.17" meanSpeed="21.24" meanSpeedRelative="0.66" duration="3"/>
    <step time="64800.00" loaded="76975" inserted="69921" running="213" waiting="7054" ended="69708" arrived="69708" collisions="147" teleports="147" halting="4" stopped="0" meanWaitingTime="2076.35" meanTravelTime="351.01" meanSpeed="21.62" meanSpeedRelative="0.68" duration="94"/>
    <step time="65100.00" loaded="77033" inserted="70120" running="212" waiting="6913" ended="69908" arrived="69908" collisions="147" teleports="147" halting="5" stopped="0" meanWaitingTime="2096.19" meanTravelTime="350.82" meanSpeed="21.17" meanSpeedRelative="0.66" duration="3"/>
    <step time="65400.00" loaded="77087" inserted="70354" running="220" waiting="6733" ended="70134" arrived="70134" collisions="147" teleports="147" halting="5" stopped="0" meanWaitingTime="2120.58" meanTravelTime="350.69" meanSpeed="21.42" meanSpeedRelative="0.67" duration="3"/>
    <step time="65700.00" loaded="77150" inserted="70574" running="220" waiting="6576" ended="70354" arrived="70354" collisions="147" teleports="147" halting="0" stopped="0" meanWaitingTime="2141.03" meanTravelTime="350.49" meanSpeed="21.52" meanSpeedRelative="0.67" duration="3"/>
    <step time="66000.00" loaded="77206" inserted="70801" running="231" waiting="6405" ended="70570" arrived="70570" collisions="147" teleports="147" halting="3" stopped="0" meanWaitingTime="2163.49" meanTravelTime="350.34" meanSpeed="21.49" meanSpeedRelative="0.67" duration="4"/>
    <step time="66300.00" loaded="77254" inserted="71038" running="228" waiting="6216" ended="70810" arrived="70810" collisions="147" teleports="147" halting="4" stopped="0" meanWaitingTime="2188.35" meanTravelTime="350.06" meanSpeed="20.99" meanSpeedRelative="0.66" duration="2"/>
    <step time="66600.00" loaded="77310" inserted="71279" running="236" waiting="6031" ended="71043" arrived="71043" collisions="147" teleports="147" halting="10" stopped="0" meanWaitingTime="2211.50" meanTravelTime="349.86" meanSpeed="20.94" meanSpeedRelative="0.65" duration="3"/>
    <step time="66900.00" loaded="77373" inserted="71427" running="158" waiting="5946" ended="71269" arrived="71269" collisions="147" teleports="147" halting="2" stopped="0" meanWaitingTime="2227.94" meanTravelTime="349.76" meanSpeed="22.48" meanSpeedRelative="0.70" duration="2"/>
    <step time="67200.00" loaded="77413" inserted="71570" running="126" waiting="5843" ended="71444" arrived="71444" collisions="147" teleports="147" halting="10" stopped="0" meanWaitingTime="2246.74" meanTravelTime="349.62" meanSpeed="20.10" meanSpeedRelative="0.63" duration="1"/>
    <step time="67500.00" loaded="77468" inserted="71716" running="127" waiting="5752" ended="71589" arrived="71589" collisions="147" teleports="147" halting="4" stopped="0" meanWaitingTime="2264.65" meanTravelTime="349.51" meanSpeed="21.01" meanSpeedRelative="0.66" duration="2"/>
    <step time="67800.00" loaded="77507" inserted="71871" running="128" waiting="5636" ended="71743" arrived="71743" collisions="147" teleports="147" halting="0" stopped="0" meanWaitingTime="2286.20" meanTravelTime="349.31" meanSpeed="21.62" meanSpeedRelative="0.68" duration="2"/>
    <step time="68100.00" loaded="77559" inserted="72014" running="117" waiting="5545" ended="71897" arrived="71897" collisions="147" teleports="147" halting="3" stopped="0" meanWaitingTime="2304.91" meanTravelTime="349.14" meanSpeed="18.34" meanSpeedRelative="0.57" duration="1"/>
    <step time="68400.00" loaded="77595" inserted="72137" running="111" waiting="5458" ended="72026" arrived="72026" collisions="147" teleports="147" halting="4" stopped="0" meanWaitingTime="2320.75" meanTravelTime="348.96" meanSpeed="19.36" meanSpeedRelative="0.61" duration="92"/>
    <step time="68700.00" loaded="77754" inserted="72344" running="163" waiting="5410" ended="72181" arrived="72181" collisions="147" teleports="147" halting="4" stopped="0" meanWaitingTime="2335.77" meanTravelTime="348.70" meanSpeed="21.84" meanSpeedRelative="0.68" duration="1"/>
    <step time="69000.00" loaded="77889" inserted="72544" running="191" waiting="5345" ended="72353" arrived="72353" collisions="148" teleports="148" halting="3" stopped="0" meanWaitingTime="2351.72" meanTravelTime="348.52" meanSpeed="22.86" meanSpeedRelative="0.71" duration="2"/>
    <step time="69300.00" loaded="78033" inserted="72747" running="183" waiting="5286" ended="72564" arrived="72564" collisions="148" teleports="148" halting="6" stopped="0" meanWaitingTime="2365.20" meanTravelTime="348.26" meanSpeed="22.25" meanSpeedRelative="0.70" duration="2"/>
    <step time="69600.00" loaded="78184" inserted="72951" running="185" waiting="5233" ended="72766" arrived="72766" collisions="148" teleports="148" halting="6" stopped="0" meanWaitingTime="2379.82" meanTravelTime="348.05" meanSpeed="21.55" meanSpeedRelative="0.67" duration="4"/>
    <step time="69900.00" loaded="78367" inserted="73180" running="201" waiting="5187" ended="72979" arrived="72979" collisions="148" teleports="148" halting="1" stopped="0" meanWaitingTime="2393.97" meanTravelTime="347.82" meanSpeed="21.67" meanSpeedRelative="0.68" duration="3"/>
    <step time="70200.00" loaded="78530" inserted="73399" running="203" waiting="5131" ended="73196" arrived="73196" collisions="148" teleports="148" halting="4" stopped="0" meanWaitingTime="2408.87" meanTravelTime="347.55" meanSpeed="22.86" meanSpeedRelative="0.71" duration="2"/>
    <step time="70500.00" loaded="78674" inserted="73596" running="191" waiting="5078" ended="73405" arrived="73405" collisions="148" teleports="148" halting="3" stopped="0" meanWaitingTime="2424.05" meanTravelTime="347.39" meanSpeed="22.17" meanSpeedRelative="0.69" duration="2"/>
    <step time="70800.00" loaded="78843" inserted="73796" running="179" waiting="5047" ended="73617" arrived="73617" collisions="148" teleports="148" halting="6" stopped="0" meanWaitingTime="2439.73" meanTravelTime="347.27" meanSpeed="22.04" meanSpeedRelative="0.69" duration="2"/>
    <step time="71100.00" loaded="79015" inserted="74016" running="194" waiting="4999" ended="73822" arrived="73822" collisions="148" teleports="148" halting="1" stopped="0" meanWaitingTime="2455.46" meanTravelTime="347.00" meanSpeed="21.96" meanSpeedRelative="0.69" duration="2"/>
    <step time="71400.00" loaded="79178" inserted="74236" running="196" waiting="4942" ended="74040" arrived="74040" collisions="149" teleports="149" halting="2" stopped="0" meanWaitingTime="2470.73" meanTravelTime="346.81" meanSpeed="21.75" meanSpeedRelative="0.68" duration="2"/>
    <step time="71700.00" loaded="79332" inserted="74436" running="184" waiting="4896" ended="74252" arrived="74252" collisions="149" teleports="149" halting="9" stopped="0" meanWaitingTime="2485.28" meanTravelTime="346.60" meanSpeed="22.12" meanSpeedRelative="0.69" duration="3"/>
    <step time="72000.00" loaded="79486" inserted="74633" running="177" waiting="4853" ended="74456" arrived="74456" collisions="149" teleports="149" halting="3" stopped="0" meanWaitingTime="2499.83" meanTravelTime="346.40" meanSpeed="22.72" meanSpeedRelative="0.71" duration="88"/>
    <step time="72300.00" loaded="79631" inserted="74823" running="160" waiting="4808" ended="74663" arrived="74663" collisions="149" teleports="149" halting="5" stopped="0" meanWaitingTime="2516.47" meanTravelTime="346.17" meanSpeed="21.78" meanSpeedRelative="0.68" duration="2"/>
    <step time="72600.00" loaded="79770" inserted="75035" running="167" waiting="4735" ended="74868" arrived="74868" collisions="149" teleports="149" halting="8" stopped="0" meanWaitingTime="2534.03" meanTravelTime="345.98" meanSpeed="21.59" meanSpeedRelative="0.67" duration="2"/>
    <step time="72900.00" loaded="79914" inserted="75233" running="182" waiting="4681" ended="75051" arrived="75051" collisions="150" teleports="150" halting="4" stopped="0" meanWaitingTime="2550.38" meanTravelTime="345.73" meanSpeed="21.67" meanSpeedRelative="0.68" duration="2"/>
    <step time="73200.00" loaded="80047" inserted="75427" running="178" waiting="4620" ended="75249" arrived="75249" collisions="151" teleports="151" halting="5" stopped="0" meanWaitingTime="2567.44" meanTravelTime="345.52" meanSpeed="21.49" meanSpeedRelative="0.67" duration="2"/>
    <step time="73500.00" loaded="80183" inserted="75635" running="190" waiting="4548" ended="75445" arrived="75445" collisions="152" teleports="152" halting="9" stopped="0" meanWaitingTime="2583.22" meanTravelTime="345.34" meanSpeed="21.21" meanSpeedRelative="0.66" duration="2"/>
    <step time="73800.00" loaded="80311" inserted="75826" running="177" waiting="4485" ended="75649" arrived="75649" collisions="152" teleports="152" halting="3" stopped="0" meanWaitingTime="2601.81" meanTravelTime="345.14" meanSpeed="22.13" meanSpeedRelative="0.69" duration="2"/>
    <step time="74100.00" loaded="80440" inserted="76014" running="175" waiting="4426" ended="75839" arrived="75839" collisions="152" teleports="152" halting="5" stopped="0" meanWaitingTime="2617.96" meanTravelTime="344.95" meanSpeed="22.30" meanSpeedRelative="0.70" duration="4"/>
    <step time="74400.00" loaded="80583" inserted="76204" running="161" waiting="4379" ended="76043" arrived="76043" collisions="152" teleports="152" halting="6" stopped="0" meanWaitingTime="2634.12" meanTravelTime="344.69" meanSpeed="21.97" meanSpeedRelative="0.69" duration="1"/>
    <step time="74700.00" loaded="80712" inserted="76401" running="167" waiting="4311" ended="76234" arrived="76234" collisions="152" teleports="152" halting="6" stopped="0" meanWaitingTime="2650.99" meanTravelTime="344.51" meanSpeed="21.43" meanSpeedRelative="0.67" duration="2"/>
    <step time="75000.00" loaded="80835" inserted="76587" running="157" waiting="4248" ended="76430" arrived="76430" collisions="152" teleports="152" halting="0" stopped="0" meanWaitingTime="2667.03" meanTravelTime="344.29" meanSpeed="21.87" meanSpeedRelative="0.68" duration="1"/>
    <step time="75300.00" loaded="80986" inserted="76778" running="165" waiting="4208" ended="76613" arrived="76613" collisions="152" teleports="152" halting="4" stopped="0" meanWaitingTime="2683.70" meanTravelTime="344.06" meanSpeed="21.96" meanSpeedRelative="0.69" duration="1"/>
    <step time="75600.00" loaded="81112" inserted="76973" running="179" waiting="4139" ended="76794" arrived="76794" collisions="152" teleports="152" halting="5" stopped="0" meanWaitingTime="2701.77" meanTravelTime="343.84" meanSpeed="22.23" meanSpeedRelative="0.69" duration="85"/>
    <step time="75900.00" loaded="81313" inserted="77219" running="210" waiting="4094" ended="77009" arrived="77009" collisions="152" teleports="152" halting="5" stopped="0" meanWaitingTime="2718.45" meanTravelTime="343.61" meanSpeed="21.99" meanSpeedRelative="0.69" duration="2"/>
    <step time="76200.00" loaded="81530" inserted="77471" running="225" waiting="4059" ended="77246" arrived="77246" collisions="152" teleports="152" halting="7" stopped="0" meanWaitingTime="2734.20" meanTravelTime="343.42" meanSpeed="21.81" meanSpeedRelative="0.68" duration="2"/>
    <step time="76500.00" loaded="81728" inserted="77700" running="225" waiting="4028" ended="77475" arrived="77475" collisions="152" teleports="152" halting="5" stopped="0" meanWaitingTime="2750.38" meanTravelTime="343.21" meanSpeed="21.12" meanSpeedRelative="0.66" duration="2"/>
    <step time="76800.00" loaded="81911" inserted="77933" running="217" waiting="3978" ended="77716" arrived="77716" collisions="152" teleports="152" halting="3" stopped="0" meanWaitingTime="2765.73" meanTravelTime="342.98" meanSpeed="21.31" meanSpeedRelative="0.67" duration="2"/>
    <step time="77100.00" loaded="82112" inserted="78168" running="221" waiting="3944" ended="77947" arrived="77947" collisions="152" teleports="152" halting="4" stopped="0" meanWaitingTime="2780.64" meanTravelTime="342.83" meanSpeed="22.54" meanSpeedRelative="0.70" duration="2"/>
    <step time="77400.00" loaded="82293" inserted="78397" running="191" waiting="3896" ended="78206" arrived="78206" collisions="152" teleports="152" halting="7" stopped="0" meanWaitingTime="2796.62" meanTravelTime="342.53" meanSpeed="21.63" meanSpeedRelative="0.68" duration="2"/>
    <step time="77700.00" loaded="82491" inserted="78643" running="217" waiting="3848" ended="78426" arrived="78426" collisions="152" teleports="152" halting="7" stopped="0" meanWaitingTime="2809.64" meanTravelTime="342.32" meanSpeed="21.88" meanSpeedRelative="0.68" duration="3"/>
    <step time="78000.00" loaded="82677" inserted="78879" running="214" waiting="3798" ended="78665" arrived="78665" collisions="153" teleports="153" halting="1" stopped="0" meanWaitingTime="2823.52" meanTravelTime="342.08" meanSpeed="22.29" meanSpeedRelative="0.70" duration="1"/>
    <step time="78300.00" loaded="82868" inserted="79111" running="218" waiting="3757" ended="78893" arrived="78893" collisions="153" teleports="153" halting="1" stopped="0" meanWaitingTime="2835.84" meanTravelTime="341.95" meanSpeed="22.35" meanSpeedRelative="0.70" duration="3"/>
    <step time="78600.00" loaded="83066" inserted="79336" running="187" waiting="3730" ended="79149" arrived="79149" collisions="153" teleports="153" halting="4" stopped="0" meanWaitingTime="2846.47" meanTravelTime="341.65" meanSpeed="21.18" meanSpeedRelative="0.66" duration="2"/>
    <step time="78900.00" loaded="83270" inserted="79560" running="191" waiting="3710" ended="79369" arrived="79369" collisions="153" teleports="153" halting="5" stopped="0" meanWaitingTime="2859.17" meanTravelTime="341.47" meanSpeed="21.57" meanSpeedRelative="0.67" duration="1"/>
    <step time="79200.00" loaded="83500" inserted="79830" running="235" waiting="3670" ended="79595" arrived="79595" collisions="153" teleports="153" halting="6" stopped="0" meanWaitingTime="2868.86" meanTravelTime="341.21" meanSpeed="22.45" meanSpeedRelative="0.70" duration="85"/>
    <step time="79500.00" loaded="83671" inserted="80064" running="213" waiting="3607" ended="79851" arrived="79851" collisions="153" teleports="153" halting="4" stopped="0" meanWaitingTime="2878.68" meanTravelTime="340.99" meanSpeed="22.82" meanSpeedRelative="0.71" duration="2"/>
    <step time="79800.00" loaded="83834" inserted="80281" running="190" waiting="3553" ended="80091" arrived="80091" collisions="153" teleports="153" halting="6" stopped="0" meanWaitingTime="2889.94" meanTravelTime="340.74" meanSpeed="21.86" meanSpeedRelative="0.68" duration="2"/>
    <step time="80100.00" loaded="83997" inserted="80496" running="189" waiting="3501" ended="80307" arrived="80307" collisions="153" teleports="153" halting="6" stopped="0" meanWaitingTime="2900.30" meanTravelTime="340.63" meanSpeed="21.58" meanSpeedRelative="0.67" duration="2"/>
    <step time="80400.00" loaded="84178" inserted="80721" running="205" waiting="3457" ended="80516" arrived="80516" collisions="154" teleports="154" halting="2" stopped="0" meanWaitingTime="2910.07" meanTravelTime="340.42" meanSpeed="23.16" meanSpeedRelative="0.72" duration="2"/>
    <step time="80700.00" loaded="84338" inserted="80925" running="184" waiting="3413" ended="80741" arrived="80741" collisions="154" teleports="154" halting="5" stopped="0" meanWaitingTime="2920.65" meanTravelTime="340.21" meanSpeed="21.59" meanSpeedRelative="0.67" duration="2"/>
    <step time="81000.00" loaded="84501" inserted="81128" running="176" waiting="3373" ended="80952" arrived="80952" collisions="154" teleports="154" halting="9" stopped="0" meanWaitingTime="2929.73" meanTravelTime="340.03" meanSpeed="22.06" meanSpeedRelative="0.69" duration="2"/>
    <step time="81300.00" loaded="84676" inserted="81355" running="192" waiting="3321" ended="81163" arrived="81163" collisions="154" teleports="154" halting="6" stopped="0" meanWaitingTime="2938.44" meanTravelTime="339.87" meanSpeed="20.98" meanSpeedRelative="0.66" duration="2"/>
    <step time="81600.00" loaded="84830" inserted="81565" running="193" waiting="3265" ended="81372" arrived="81372" collisions="155" teleports="155" halting="1" stopped="0" meanWaitingTime="2947.72" meanTravelTime="339.67" meanSpeed="21.47" meanSpeedRelative="0.67" duration="3"/>
    <step time="81900.00" loaded="85020" inserted="81804" running="216" waiting="3216" ended="81588" arrived="81588" collisions="155" teleports="155" halting="6" stopped="0" meanWaitingTime="2954.71" meanTravelTime="339.48" meanSpeed="22.23" meanSpeedRelative="0.69" duration="2"/>
    <step time="82200.00" loaded="85196" inserted="82032" running="214" waiting="3164" ended="81818" arrived="81818" collisions="156" teleports="156" halting="4" stopped="0" meanWaitingTime="2962.93" meanTravelTime="339.29" meanSpeed="22.71" meanSpeedRelative="0.71" duration="1"/>
    <step time="82500.00" loaded="85351" inserted="82241" running="185" waiting="3110" ended="82056" arrived="82056" collisions="156" teleports="156" halting="8" stopped="0" meanWaitingTime="2970.24" meanTravelTime="339.14" meanSpeed="21.49" meanSpeedRelative="0.67" duration="1"/>
</summary>
