<?xml version="1.0" encoding="UTF-8"?>

<!-- generated on 2025-08-08 03:08:42 by Eclipse SUMO sumo Version 1.23.1
<sumoConfiguration xmlns:xsi="http://www.w3.org/2001/XMLSchema-instance" xsi:noNamespaceSchemaLocation="http://sumo.dlr.de/xsd/sumoConfiguration.xsd">

    <input>
        <net-file value="Desktop\Master Thesis\Network_fin.net.xml"/>
        <route-files value="Desktop\Master Thesis\demand_model_amsterdam.rou.xml"/>
        <additional-files value="Desktop\Master Thesis\Additionnal.add.xml"/>
    </input>

    <output>
        <summary-output value="outputf/summary_coor_alinea_2neigh_method1_K80_target5_84723.xml"/>
        <summary-output.period value="300"/>
        <tripinfo-output value="outputf/tripinfo_coor_alinea_2neigh_method1_K80_target5_84723.xml"/>
    </output>

    <time>
        <begin value="0"/>
        <end value="82800"/>
        <step-length value="1"/>
    </time>

    <processing>
        <time-to-teleport value="-1"/>
    </processing>

    <report>
        <verbose value="true"/>
        <no-step-log value="true"/>
    </report>

    <emissions>
        <device.emissions.period value="10"/>
    </emissions>

    <traci_server>
        <remote-port value="49770"/>
    </traci_server>

    <random_number>
        <seed value="84723"/>
    </random_number>

</sumoConfiguration>
-->

<summary xmlns:xsi="http://www.w3.org/2001/XMLSchema-instance" xsi:noNamespaceSchemaLocation="http://sumo.dlr.de/xsd/summary_file.xsd">
    <step time="0.00" loaded="1" inserted="1" running="1" waiting="0" ended="0" arrived="0" collisions="0" teleports="0" halting="1" stopped="0" meanWaitingTime="0.00" meanTravelTime="-1.00" meanSpeed="0.00" meanSpeedRelative="0.00" duration="0"/>
    <step time="300.00" loaded="200" inserted="200" running="126" waiting="0" ended="74" arrived="74" collisions="0" teleports="0" halting="0" stopped="0" meanWaitingTime="0.66" meanTravelTime="107.58" meanSpeed="25.45" meanSpeedRelative="0.80" duration="1"/>
    <step time="600.00" loaded="367" inserted="367" running="133" waiting="0" ended="234" arrived="234" collisions="0" teleports="0" halting="0" stopped="0" meanWaitingTime="0.50" meanTravelTime="156.97" meanSpeed="25.25" meanSpeedRelative="0.79" duration="1"/>
    <step time="900.00" loaded="545" inserted="545" running="143" waiting="0" ended="402" arrived="402" collisions="0" teleports="0" halting="1" stopped="0" meanWaitingTime="0.50" meanTravelTime="193.48" meanSpeed="25.54" meanSpeedRelative="0.80" duration="1"/>
    <step time="1200.00" loaded="732" inserted="732" running="166" waiting="0" ended="566" arrived="566" collisions="0" teleports="0" halting="0" stopped="0" meanWaitingTime="0.52" meanTravelTime="209.31" meanSpeed="26.04" meanSpeedRelative="0.81" duration="1"/>
    <step time="1500.00" loaded="907" inserted="907" running="160" waiting="0" ended="747" arrived="747" collisions="0" teleports="0" halting="0" stopped="0" meanWaitingTime="0.52" meanTravelTime="219.54" meanSpeed="25.42" meanSpeedRelative="0.79" duration="1"/>
    <step time="1800.00" loaded="1102" inserted="1102" running="190" waiting="0" ended="912" arrived="912" collisions="0" teleports="0" halting="0" stopped="0" meanWaitingTime="0.49" meanTravelTime="230.23" meanSpeed="25.59" meanSpeedRelative="0.80" duration="1"/>
    <step time="2100.00" loaded="1278" inserted="1278" running="159" waiting="0" ended="1119" arrived="1119" collisions="0" teleports="0" halting="1" stopped="0" meanWaitingTime="0.45" meanTravelTime="237.91" meanSpeed="25.03" meanSpeedRelative="0.78" duration="1"/>
    <step time="2400.00" loaded="1453" inserted="1453" running="143" waiting="0" ended="1310" arrived="1310" collisions="1" teleports="1" halting="0" stopped="0" meanWaitingTime="0.44" meanTravelTime="246.05" meanSpeed="25.11" meanSpeedRelative="0.78" duration="0"/>
    <step time="2700.00" loaded="1621" inserted="1621" running="144" waiting="0" ended="1477" arrived="1477" collisions="1" teleports="1" halting="2" stopped="0" meanWaitingTime="0.42" meanTravelTime="248.17" meanSpeed="24.99" meanSpeedRelative="0.78" duration="1"/>
    <step time="3000.00" loaded="1799" inserted="1798" running="149" waiting="1" ended="1649" arrived="1649" collisions="1" teleports="1" halting="1" stopped="0" meanWaitingTime="0.44" meanTravelTime="246.06" meanSpeed="24.58" meanSpeedRelative="0.77" duration="1"/>
    <step time="3300.00" loaded="2003" inserted="2003" running="165" waiting="0" ended="1838" arrived="1838" collisions="1" teleports="1" halting="2" stopped="0" meanWaitingTime="0.44" meanTravelTime="244.70" meanSpeed="24.59" meanSpeedRelative="0.77" duration="1"/>
    <step time="3600.00" loaded="2179" inserted="2174" running="144" waiting="5" ended="2030" arrived="2030" collisions="2" teleports="2" halting="1" stopped="0" meanWaitingTime="0.88" meanTravelTime="246.12" meanSpeed="23.99" meanSpeedRelative="0.75" duration="97"/>
    <step time="3900.00" loaded="2277" inserted="2277" running="113" waiting="0" ended="2164" arrived="2164" collisions="2" teleports="2" halting="1" stopped="0" meanWaitingTime="1.37" meanTravelTime="248.31" meanSpeed="26.22" meanSpeedRelative="0.82" duration="1"/>
    <step time="4200.00" loaded="2373" inserted="2373" running="97" waiting="0" ended="2276" arrived="2276" collisions="2" teleports="2" halting="0" stopped="0" meanWaitingTime="1.31" meanTravelTime="252.10" meanSpeed="25.70" meanSpeedRelative="0.80" duration="1"/>
    <step time="4500.00" loaded="2487" inserted="2487" running="93" waiting="0" ended="2394" arrived="2394" collisions="2" teleports="2" halting="1" stopped="0" meanWaitingTime="1.27" meanTravelTime="252.04" meanSpeed="24.65" meanSpeedRelative="0.77" duration="0"/>
    <step time="4800.00" loaded="2593" inserted="2593" running="95" waiting="0" ended="2498" arrived="2498" collisions="2" teleports="2" halting="1" stopped="0" meanWaitingTime="1.22" meanTravelTime="253.79" meanSpeed="25.33" meanSpeedRelative="0.79" duration="1"/>
    <step time="5100.00" loaded="2706" inserted="2702" running="101" waiting="4" ended="2601" arrived="2601" collisions="2" teleports="2" halting="3" stopped="0" meanWaitingTime="1.27" meanTravelTime="254.26" meanSpeed="24.37" meanSpeedRelative="0.76" duration="1"/>
    <step time="5400.00" loaded="2824" inserted="2822" running="104" waiting="2" ended="2718" arrived="2718" collisions="2" teleports="2" halting="2" stopped="0" meanWaitingTime="1.55" meanTravelTime="255.23" meanSpeed="24.63" meanSpeedRelative="0.77" duration="1"/>
    <step time="5700.00" loaded="2930" inserted="2930" running="99" waiting="0" ended="2831" arrived="2831" collisions="2" teleports="2" halting="0" stopped="0" meanWaitingTime="1.56" meanTravelTime="254.55" meanSpeed="25.06" meanSpeedRelative="0.78" duration="1"/>
    <step time="6000.00" loaded="3040" inserted="3040" running="106" waiting="0" ended="2934" arrived="2934" collisions="3" teleports="3" halting="0" stopped="0" meanWaitingTime="1.51" meanTravelTime="256.32" meanSpeed="25.52" meanSpeedRelative="0.80" duration="0"/>
    <step time="6300.00" loaded="3148" inserted="3148" running="96" waiting="0" ended="3052" arrived="3052" collisions="3" teleports="3" halting="0" stopped="0" meanWaitingTime="1.46" meanTravelTime="257.09" meanSpeed="25.77" meanSpeedRelative="0.81" duration="0"/>
    <step time="6600.00" loaded="3239" inserted="3239" running="76" waiting="0" ended="3163" arrived="3163" collisions="3" teleports="3" halting="0" stopped="0" meanWaitingTime="1.43" meanTravelTime="257.63" meanSpeed="26.11" meanSpeedRelative="0.82" duration="0"/>
    <step time="6900.00" loaded="3358" inserted="3358" running="104" waiting="0" ended="3254" arrived="3254" collisions="3" teleports="3" halting="0" stopped="0" meanWaitingTime="1.39" meanTravelTime="256.79" meanSpeed="25.42" meanSpeedRelative="0.79" duration="1"/>
    <step time="7200.00" loaded="3473" inserted="3473" running="103" waiting="0" ended="3370" arrived="3370" collisions="3" teleports="3" halting="0" stopped="0" meanWaitingTime="1.36" meanTravelTime="256.70" meanSpeed="25.36" meanSpeedRelative="0.79" duration="87"/>
    <step time="7500.00" loaded="3622" inserted="3622" running="113" waiting="0" ended="3509" arrived="3509" collisions="3" teleports="3" halting="1" stopped="0" meanWaitingTime="1.32" meanTravelTime="256.54" meanSpeed="25.49" meanSpeedRelative="0.80" duration="1"/>
    <step time="7800.00" loaded="3772" inserted="3770" running="145" waiting="2" ended="3625" arrived="3625" collisions="3" teleports="3" halting="4" stopped="0" meanWaitingTime="1.35" meanTravelTime="257.39" meanSpeed="23.46" meanSpeedRelative="0.73" duration="1"/>
    <step time="8100.00" loaded="3920" inserted="3918" running="130" waiting="2" ended="3788" arrived="3788" collisions="3" teleports="3" halting="0" stopped="0" meanWaitingTime="1.39" meanTravelTime="256.66" meanSpeed="25.39" meanSpeedRelative="0.79" duration="1"/>
    <step time="8400.00" loaded="4063" inserted="4056" running="116" waiting="7" ended="3940" arrived="3940" collisions="3" teleports="3" halting="3" stopped="0" meanWaitingTime="1.45" meanTravelTime="257.34" meanSpeed="23.97" meanSpeedRelative="0.75" duration="1"/>
    <step time="8700.00" loaded="4192" inserted="4184" running="113" waiting="8" ended="4071" arrived="4071" collisions="3" teleports="3" halting="4" stopped="0" meanWaitingTime="1.97" meanTravelTime="257.31" meanSpeed="24.21" meanSpeedRelative="0.76" duration="0"/>
    <step time="9000.00" loaded="4348" inserted="4342" running="124" waiting="6" ended="4218" arrived="4218" collisions="3" teleports="3" halting="3" stopped="0" meanWaitingTime="2.52" meanTravelTime="257.32" meanSpeed="23.70" meanSpeedRelative="0.74" duration="1"/>
    <step time="9300.00" loaded="4492" inserted="4476" running="117" waiting="16" ended="4359" arrived="4359" collisions="3" teleports="3" halting="1" stopped="0" meanWaitingTime="2.94" meanTravelTime="257.17" meanSpeed="24.52" meanSpeedRelative="0.77" duration="0"/>
    <step time="9600.00" loaded="4639" inserted="4613" running="108" waiting="26" ended="4505" arrived="4505" collisions="4" teleports="4" halting="4" stopped="0" meanWaitingTime="3.73" meanTravelTime="256.78" meanSpeed="25.57" meanSpeedRelative="0.80" duration="1"/>
    <step time="9900.00" loaded="4808" inserted="4780" running="133" waiting="28" ended="4647" arrived="4647" collisions="4" teleports="4" halting="0" stopped="0" meanWaitingTime="4.82" meanTravelTime="257.01" meanSpeed="24.64" meanSpeedRelative="0.77" duration="1"/>
    <step time="10200.00" loaded="4951" inserted="4928" running="128" waiting="23" ended="4800" arrived="4800" collisions="4" teleports="4" halting="0" stopped="0" meanWaitingTime="6.57" meanTravelTime="257.11" meanSpeed="25.39" meanSpeedRelative="0.79" duration="1"/>
    <step time="10500.00" loaded="5096" inserted="5072" running="110" waiting="24" ended="4962" arrived="4962" collisions="4" teleports="4" halting="4" stopped="0" meanWaitingTime="7.82" meanTravelTime="257.24" meanSpeed="23.83" meanSpeedRelative="0.74" duration="1"/>
    <step time="10800.00" loaded="5246" inserted="5213" running="126" waiting="33" ended="5087" arrived="5087" collisions="4" teleports="4" halting="6" stopped="0" meanWaitingTime="8.89" meanTravelTime="256.73" meanSpeed="23.76" meanSpeedRelative="0.74" duration="87"/>
    <step time="11100.00" loaded="5385" inserted="5351" running="106" waiting="34" ended="5245" arrived="5245" collisions="4" teleports="4" halting="0" stopped="0" meanWaitingTime="10.46" meanTravelTime="256.46" meanSpeed="24.17" meanSpeedRelative="0.76" duration="1"/>
    <step time="11400.00" loaded="5521" inserted="5490" running="117" waiting="31" ended="5373" arrived="5373" collisions="4" teleports="4" halting="1" stopped="0" meanWaitingTime="11.79" meanTravelTime="256.33" meanSpeed="23.87" meanSpeedRelative="0.75" duration="0"/>
    <step time="11700.00" loaded="5677" inserted="5644" running="117" waiting="33" ended="5527" arrived="5527" collisions="4" teleports="4" halting="3" stopped="0" meanWaitingTime="13.25" meanTravelTime="255.44" meanSpeed="24.25" meanSpeedRelative="0.76" duration="0"/>
    <step time="12000.00" loaded="5846" inserted="5797" running="112" waiting="49" ended="5685" arrived="5685" collisions="4" teleports="4" halting="2" stopped="0" meanWaitingTime="14.57" meanTravelTime="254.61" meanSpeed="23.84" meanSpeedRelative="0.74" duration="1"/>
    <step time="12300.00" loaded="5999" inserted="5948" running="113" waiting="51" ended="5835" arrived="5835" collisions="4" teleports="4" halting="1" stopped="0" meanWaitingTime="15.93" meanTravelTime="254.04" meanSpeed="24.54" meanSpeedRelative="0.77" duration="0"/>
    <step time="12600.00" loaded="6130" inserted="6064" running="101" waiting="66" ended="5963" arrived="5963" collisions="5" teleports="5" halting="2" stopped="0" meanWaitingTime="17.61" meanTravelTime="253.93" meanSpeed="24.49" meanSpeedRelative="0.77" duration="1"/>
    <step time="12900.00" loaded="6279" inserted="6208" running="107" waiting="71" ended="6101" arrived="6101" collisions="5" teleports="5" halting="0" stopped="0" meanWaitingTime="19.96" meanTravelTime="253.91" meanSpeed="25.52" meanSpeedRelative="0.80" duration="1"/>
    <step time="13200.00" loaded="6427" inserted="6348" running="98" waiting="79" ended="6250" arrived="6250" collisions="5" teleports="5" halting="2" stopped="0" meanWaitingTime="22.54" meanTravelTime="252.92" meanSpeed="23.44" meanSpeedRelative="0.73" duration="1"/>
    <step time="13500.00" loaded="6556" inserted="6482" running="98" waiting="74" ended="6384" arrived="6384" collisions="5" teleports="5" halting="4" stopped="0" meanWaitingTime="24.93" meanTravelTime="252.27" meanSpeed="23.50" meanSpeedRelative="0.73" duration="1"/>
    <step time="13800.00" loaded="6699" inserted="6617" running="106" waiting="82" ended="6511" arrived="6511" collisions="5" teleports="5" halting="4" stopped="0" meanWaitingTime="27.59" meanTravelTime="251.63" meanSpeed="24.64" meanSpeedRelative="0.77" duration="0"/>
    <step time="14100.00" loaded="6812" inserted="6732" running="93" waiting="80" ended="6639" arrived="6639" collisions="5" teleports="5" halting="3" stopped="0" meanWaitingTime="30.47" meanTravelTime="251.43" meanSpeed="24.46" meanSpeedRelative="0.76" duration="1"/>
    <step time="14400.00" loaded="6946" inserted="6869" running="112" waiting="77" ended="6757" arrived="6757" collisions="5" teleports="5" halting="3" stopped="0" meanWaitingTime="33.51" meanTravelTime="251.12" meanSpeed="23.75" meanSpeedRelative="0.74" duration="89"/>
    <step time="14700.00" loaded="7054" inserted="6980" running="91" waiting="74" ended="6889" arrived="6889" collisions="5" teleports="5" halting="3" stopped="0" meanWaitingTime="36.01" meanTravelTime="251.03" meanSpeed="23.46" meanSpeedRelative="0.73" duration="1"/>
    <step time="15000.00" loaded="7151" inserted="7081" running="74" waiting="70" ended="7007" arrived="7007" collisions="5" teleports="5" halting="1" stopped="0" meanWaitingTime="38.60" meanTravelTime="250.96" meanSpeed="24.98" meanSpeedRelative="0.78" duration="1"/>
    <step time="15300.00" loaded="7253" inserted="7187" running="75" waiting="66" ended="7112" arrived="7112" collisions="5" teleports="5" halting="3" stopped="0" meanWaitingTime="41.30" meanTravelTime="250.11" meanSpeed="24.03" meanSpeedRelative="0.75" duration="1"/>
    <step time="15600.00" loaded="7357" inserted="7298" running="75" waiting="59" ended="7223" arrived="7223" collisions="5" teleports="5" halting="3" stopped="0" meanWaitingTime="43.80" meanTravelTime="250.20" meanSpeed="23.34" meanSpeedRelative="0.73" duration="0"/>
    <step time="15900.00" loaded="7434" inserted="7383" running="68" waiting="51" ended="7315" arrived="7315" collisions="5" teleports="5" halting="1" stopped="0" meanWaitingTime="45.89" meanTravelTime="250.14" meanSpeed="25.39" meanSpeedRelative="0.79" duration="0"/>
    <step time="16200.00" loaded="7526" inserted="7477" running="75" waiting="49" ended="7402" arrived="7402" collisions="5" teleports="5" halting="3" stopped="0" meanWaitingTime="47.91" meanTravelTime="250.12" meanSpeed="24.42" meanSpeedRelative="0.76" duration="0"/>
    <step time="16500.00" loaded="7632" inserted="7583" running="74" waiting="49" ended="7509" arrived="7509" collisions="5" teleports="5" halting="3" stopped="0" meanWaitingTime="49.48" meanTravelTime="249.68" meanSpeed="24.23" meanSpeedRelative="0.76" duration="0"/>
    <step time="16800.00" loaded="7730" inserted="7682" running="72" waiting="48" ended="7610" arrived="7610" collisions="5" teleports="5" halting="0" stopped="0" meanWaitingTime="50.84" meanTravelTime="249.34" meanSpeed="23.55" meanSpeedRelative="0.74" duration="0"/>
    <step time="17100.00" loaded="7835" inserted="7783" running="84" waiting="52" ended="7699" arrived="7699" collisions="5" teleports="5" halting="3" stopped="0" meanWaitingTime="51.93" meanTravelTime="248.89" meanSpeed="23.97" meanSpeedRelative="0.75" duration="0"/>
    <step time="17400.00" loaded="7941" inserted="7888" running="77" waiting="53" ended="7811" arrived="7811" collisions="5" teleports="5" halting="4" stopped="0" meanWaitingTime="53.26" meanTravelTime="248.93" meanSpeed="23.70" meanSpeedRelative="0.74" duration="0"/>
    <step time="17700.00" loaded="8032" inserted="7979" running="73" waiting="53" ended="7906" arrived="7906" collisions="5" teleports="5" halting="0" stopped="0" meanWaitingTime="54.36" meanTravelTime="248.73" meanSpeed="24.50" meanSpeedRelative="0.77" duration="0"/>
    <step time="18000.00" loaded="8135" inserted="8089" running="77" waiting="46" ended="8012" arrived="8012" collisions="5" teleports="5" halting="0" stopped="0" meanWaitingTime="55.57" meanTravelTime="248.08" meanSpeed="25.09" meanSpeedRelative="0.78" duration="79"/>
    <step time="18300.00" loaded="8317" inserted="8261" running="128" waiting="56" ended="8133" arrived="8133" collisions="5" teleports="5" halting="1" stopped="0" meanWaitingTime="56.53" meanTravelTime="247.68" meanSpeed="24.97" meanSpeedRelative="0.78" duration="1"/>
    <step time="18600.00" loaded="8505" inserted="8436" running="134" waiting="69" ended="8302" arrived="8302" collisions="5" teleports="5" halting="3" stopped="0" meanWaitingTime="57.09" meanTravelTime="247.23" meanSpeed="24.92" meanSpeedRelative="0.78" duration="1"/>
    <step time="18900.00" loaded="8686" inserted="8603" running="130" waiting="83" ended="8473" arrived="8473" collisions="5" teleports="5" halting="0" stopped="0" meanWaitingTime="57.69" meanTravelTime="246.80" meanSpeed="25.02" meanSpeedRelative="0.78" duration="1"/>
    <step time="19200.00" loaded="8892" inserted="8803" running="162" waiting="89" ended="8641" arrived="8641" collisions="5" teleports="5" halting="0" stopped="0" meanWaitingTime="58.71" meanTravelTime="246.25" meanSpeed="24.36" meanSpeedRelative="0.76" duration="1"/>
    <step time="19500.00" loaded="9108" inserted="9004" running="161" waiting="104" ended="8843" arrived="8843" collisions="5" teleports="5" halting="4" stopped="0" meanWaitingTime="59.71" meanTravelTime="246.02" meanSpeed="22.73" meanSpeedRelative="0.71" duration="1"/>
    <step time="19800.00" loaded="9304" inserted="9181" running="147" waiting="123" ended="9034" arrived="9034" collisions="5" teleports="5" halting="3" stopped="0" meanWaitingTime="60.91" meanTravelTime="245.83" meanSpeed="24.62" meanSpeedRelative="0.77" duration="1"/>
    <step time="20100.00" loaded="9512" inserted="9378" running="153" waiting="134" ended="9225" arrived="9225" collisions="5" teleports="5" halting="1" stopped="0" meanWaitingTime="62.42" meanTravelTime="246.04" meanSpeed="23.89" meanSpeedRelative="0.75" duration="1"/>
    <step time="20400.00" loaded="9713" inserted="9568" running="160" waiting="145" ended="9408" arrived="9408" collisions="5" teleports="5" halting="1" stopped="0" meanWaitingTime="64.11" meanTravelTime="246.09" meanSpeed="23.71" meanSpeedRelative="0.74" duration="2"/>
    <step time="20700.00" loaded="9903" inserted="9752" running="159" waiting="151" ended="9593" arrived="9593" collisions="5" teleports="5" halting="4" stopped="0" meanWaitingTime="66.03" meanTravelTime="245.90" meanSpeed="24.27" meanSpeedRelative="0.76" duration="2"/>
    <step time="21000.00" loaded="10106" inserted="9936" running="162" waiting="170" ended="9774" arrived="9774" collisions="5" teleports="5" halting="5" stopped="0" meanWaitingTime="68.18" meanTravelTime="246.30" meanSpeed="23.77" meanSpeedRelative="0.74" duration="1"/>
    <step time="21300.00" loaded="10306" inserted="10132" running="164" waiting="174" ended="9968" arrived="9968" collisions="5" teleports="5" halting="0" stopped="0" meanWaitingTime="70.31" meanTravelTime="246.12" meanSpeed="23.38" meanSpeedRelative="0.73" duration="1"/>
    <step time="21600.00" loaded="10508" inserted="10322" running="162" waiting="186" ended="10160" arrived="10160" collisions="5" teleports="5" halting="6" stopped="0" meanWaitingTime="73.05" meanTravelTime="246.38" meanSpeed="23.39" meanSpeedRelative="0.73" duration="81"/>
    <step time="21900.00" loaded="10958" inserted="10690" running="299" waiting="268" ended="10391" arrived="10391" collisions="5" teleports="5" halting="6" stopped="0" meanWaitingTime="75.93" meanTravelTime="246.02" meanSpeed="22.68" meanSpeedRelative="0.71" duration="2"/>
    <step time="22200.00" loaded="11399" inserted="11048" running="357" waiting="351" ended="10691" arrived="10691" collisions="6" teleports="6" halting="6" stopped="0" meanWaitingTime="80.44" meanTravelTime="246.58" meanSpeed="21.66" meanSpeedRelative="0.68" duration="2"/>
    <step time="22500.00" loaded="11902" inserted="11425" running="408" waiting="477" ended="11017" arrived="11017" collisions="8" teleports="8" halting="4" stopped="0" meanWaitingTime="85.55" meanTravelTime="247.63" meanSpeed="21.37" meanSpeedRelative="0.67" duration="3"/>
    <step time="22800.00" loaded="12367" inserted="11788" running="405" waiting="579" ended="11383" arrived="11383" collisions="8" teleports="8" halting="8" stopped="0" meanWaitingTime="91.83" meanTravelTime="249.71" meanSpeed="20.79" meanSpeedRelative="0.65" duration="3"/>
    <step time="23100.00" loaded="12837" inserted="12168" running="411" waiting="669" ended="11757" arrived="11757" collisions="8" teleports="8" halting="9" stopped="0" meanWaitingTime="98.78" meanTravelTime="252.06" meanSpeed="20.49" meanSpeedRelative="0.64" duration="3"/>
    <step time="23400.00" loaded="13302" inserted="12564" running="437" waiting="738" ended="12127" arrived="12127" collisions="9" teleports="9" halting="10" stopped="0" meanWaitingTime="106.81" meanTravelTime="254.48" meanSpeed="20.14" meanSpeedRelative="0.63" duration="3"/>
    <step time="23700.00" loaded="13759" inserted="12935" running="406" waiting="824" ended="12529" arrived="12529" collisions="10" teleports="10" halting="6" stopped="0" meanWaitingTime="115.15" meanTravelTime="257.27" meanSpeed="21.23" meanSpeedRelative="0.66" duration="3"/>
    <step time="24000.00" loaded="14225" inserted="13322" running="426" waiting="903" ended="12896" arrived="12896" collisions="10" teleports="10" halting="10" stopped="0" meanWaitingTime="124.95" meanTravelTime="258.76" meanSpeed="20.84" meanSpeedRelative="0.65" duration="3"/>
    <step time="24300.00" loaded="14729" inserted="13713" running="419" waiting="1016" ended="13294" arrived="13294" collisions="12" teleports="12" halting="3" stopped="0" meanWaitingTime="135.09" meanTravelTime="260.63" meanSpeed="21.13" meanSpeedRelative="0.66" duration="3"/>
    <step time="24600.00" loaded="15149" inserted="14067" running="402" waiting="1082" ended="13665" arrived="13665" collisions="13" teleports="13" halting="10" stopped="0" meanWaitingTime="145.57" meanTravelTime="262.62" meanSpeed="21.32" meanSpeedRelative="0.67" duration="3"/>
    <step time="24900.00" loaded="15602" inserted="14436" running="424" waiting="1166" ended="14012" arrived="14012" collisions="15" teleports="15" halting="6" stopped="0" meanWaitingTime="156.26" meanTravelTime="264.64" meanSpeed="20.54" meanSpeedRelative="0.64" duration="3"/>
    <step time="25200.00" loaded="16114" inserted="14847" running="430" waiting="1267" ended="14417" arrived="14417" collisions="18" teleports="18" halting="7" stopped="0" meanWaitingTime="168.74" meanTravelTime="266.68" meanSpeed="21.10" meanSpeedRelative="0.66" duration="89"/>
    <step time="25500.00" loaded="16699" inserted="15297" running="463" waiting="1402" ended="14834" arrived="14834" collisions="18" teleports="18" halting="4" stopped="0" meanWaitingTime="181.03" meanTravelTime="267.35" meanSpeed="20.72" meanSpeedRelative="0.65" duration="4"/>
    <step time="25800.00" loaded="17246" inserted="15732" running="473" waiting="1514" ended="15259" arrived="15259" collisions="19" teleports="19" halting="7" stopped="0" meanWaitingTime="194.53" meanTravelTime="268.51" meanSpeed="20.69" meanSpeedRelative="0.65" duration="4"/>
    <step time="26100.00" loaded="17799" inserted="16168" running="487" waiting="1631" ended="15681" arrived="15681" collisions="19" teleports="19" halting="11" stopped="0" meanWaitingTime="208.06" meanTravelTime="269.64" meanSpeed="19.79" meanSpeedRelative="0.62" duration="4"/>
    <step time="26400.00" loaded="18368" inserted="16593" running="489" waiting="1775" ended="16104" arrived="16104" collisions="19" teleports="19" halting="2" stopped="0" meanWaitingTime="221.83" meanTravelTime="271.76" meanSpeed="20.12" meanSpeedRelative="0.63" duration="2"/>
    <step time="26700.00" loaded="18929" inserted="17035" running="504" waiting="1894" ended="16531" arrived="16531" collisions="22" teleports="22" halting="3" stopped="0" meanWaitingTime="237.79" meanTravelTime="273.69" meanSpeed="19.17" meanSpeedRelative="0.60" duration="3"/>
    <step time="27000.00" loaded="19468" inserted="17471" running="506" waiting="1997" ended="16965" arrived="16965" collisions="23" teleports="23" halting="8" stopped="0" meanWaitingTime="254.38" meanTravelTime="275.01" meanSpeed="19.33" meanSpeedRelative="0.60" duration="3"/>
    <step time="27300.00" loaded="20030" inserted="17906" running="504" waiting="2124" ended="17402" arrived="17402" collisions="24" teleports="24" halting="6" stopped="0" meanWaitingTime="270.98" meanTravelTime="277.02" meanSpeed="19.80" meanSpeedRelative="0.62" duration="3"/>
    <step time="27600.00" loaded="20610" inserted="18348" running="518" waiting="2262" ended="17830" arrived="17830" collisions="25" teleports="25" halting="6" stopped="0" meanWaitingTime="288.06" meanTravelTime="278.74" meanSpeed="19.16" meanSpeedRelative="0.60" duration="4"/>
    <step time="27900.00" loaded="21162" inserted="18778" running="493" waiting="2384" ended="18285" arrived="18285" collisions="26" teleports="26" halting="3" stopped="0" meanWaitingTime="304.32" meanTravelTime="280.40" meanSpeed="19.74" meanSpeedRelative="0.62" duration="3"/>
    <step time="28200.00" loaded="21741" inserted="19204" running="493" waiting="2537" ended="18711" arrived="18711" collisions="28" teleports="28" halting="12" stopped="0" meanWaitingTime="321.53" meanTravelTime="281.95" meanSpeed="18.91" meanSpeedRelative="0.59" duration="3"/>
    <step time="28500.00" loaded="22294" inserted="19652" running="519" waiting="2642" ended="19133" arrived="19133" collisions="29" teleports="29" halting="5" stopped="0" meanWaitingTime="339.26" meanTravelTime="283.31" meanSpeed="18.92" meanSpeedRelative="0.59" duration="5"/>
    <step time="28800.00" loaded="22912" inserted="20130" running="514" waiting="2782" ended="19616" arrived="19616" collisions="30" teleports="30" halting="7" stopped="0" meanWaitingTime="360.06" meanTravelTime="284.88" meanSpeed="18.50" meanSpeedRelative="0.58" duration="93"/>
    <step time="29100.00" loaded="23251" inserted="20520" running="493" waiting="2731" ended="20027" arrived="20027" collisions="30" teleports="30" halting="5" stopped="0" meanWaitingTime="377.80" meanTravelTime="285.97" meanSpeed="18.63" meanSpeedRelative="0.58" duration="4"/>
    <step time="29400.00" loaded="23628" inserted="20954" running="499" waiting="2674" ended="20455" arrived="20455" collisions="30" teleports="30" halting="5" stopped="0" meanWaitingTime="396.31" meanTravelTime="287.73" meanSpeed="19.62" meanSpeedRelative="0.61" duration="4"/>
    <step time="29700.00" loaded="23972" inserted="21338" running="448" waiting="2634" ended="20890" arrived="20890" collisions="31" teleports="31" halting="8" stopped="0" meanWaitingTime="415.03" meanTravelTime="288.80" meanSpeed="20.24" meanSpeedRelative="0.63" duration="3"/>
    <step time="30000.00" loaded="24314" inserted="21748" running="438" waiting="2566" ended="21310" arrived="21310" collisions="31" teleports="31" halting="4" stopped="0" meanWaitingTime="434.85" meanTravelTime="289.89" meanSpeed="19.97" meanSpeedRelative="0.62" duration="4"/>
    <step time="30300.00" loaded="24712" inserted="22134" running="414" waiting="2578" ended="21720" arrived="21720" collisions="32" teleports="32" halting="4" stopped="0" meanWaitingTime="449.94" meanTravelTime="290.80" meanSpeed="20.01" meanSpeedRelative="0.63" duration="2"/>
    <step time="30600.00" loaded="25071" inserted="22504" running="392" waiting="2567" ended="22112" arrived="22112" collisions="32" teleports="32" halting="6" stopped="0" meanWaitingTime="464.84" meanTravelTime="291.34" meanSpeed="20.79" meanSpeedRelative="0.65" duration="3"/>
    <step time="30900.00" loaded="25386" inserted="22885" running="394" waiting="2501" ended="22491" arrived="22491" collisions="32" teleports="32" halting="7" stopped="0" meanWaitingTime="479.58" meanTravelTime="291.98" meanSpeed="20.78" meanSpeedRelative="0.65" duration="4"/>
    <step time="31200.00" loaded="25728" inserted="23265" running="380" waiting="2463" ended="22885" arrived="22885" collisions="32" teleports="32" halting="11" stopped="0" meanWaitingTime="493.44" meanTravelTime="292.28" meanSpeed="21.31" meanSpeedRelative="0.67" duration="3"/>
    <step time="31500.00" loaded="26055" inserted="23631" running="382" waiting="2424" ended="23249" arrived="23249" collisions="32" teleports="32" halting="7" stopped="0" meanWaitingTime="506.65" meanTravelTime="292.51" meanSpeed="21.12" meanSpeedRelative="0.66" duration="4"/>
    <step time="31800.00" loaded="26392" inserted="24008" running="397" waiting="2384" ended="23611" arrived="23611" collisions="35" teleports="35" halting="3" stopped="0" meanWaitingTime="518.45" meanTravelTime="292.89" meanSpeed="21.37" meanSpeedRelative="0.67" duration="5"/>
    <step time="32100.00" loaded="26755" inserted="24393" running="397" waiting="2362" ended="23996" arrived="23996" collisions="36" teleports="36" halting="9" stopped="0" meanWaitingTime="530.31" meanTravelTime="293.10" meanSpeed="21.43" meanSpeedRelative="0.67" duration="2"/>
    <step time="32400.00" loaded="27101" inserted="24743" running="350" waiting="2358" ended="24393" arrived="24393" collisions="36" teleports="36" halting="7" stopped="0" meanWaitingTime="541.76" meanTravelTime="293.35" meanSpeed="21.30" meanSpeedRelative="0.67" duration="89"/>
    <step time="32700.00" loaded="27375" inserted="25064" running="308" waiting="2311" ended="24756" arrived="24756" collisions="38" teleports="38" halting="2" stopped="0" meanWaitingTime="553.82" meanTravelTime="293.55" meanSpeed="21.83" meanSpeedRelative="0.68" duration="2"/>
    <step time="33000.00" loaded="27633" inserted="25343" running="270" waiting="2290" ended="25073" arrived="25073" collisions="39" teleports="39" halting="8" stopped="0" meanWaitingTime="566.39" meanTravelTime="293.43" meanSpeed="22.61" meanSpeedRelative="0.71" duration="2"/>
    <step time="33300.00" loaded="27914" inserted="25634" running="261" waiting="2280" ended="25373" arrived="25373" collisions="39" teleports="39" halting="5" stopped="0" meanWaitingTime="580.45" meanTravelTime="293.25" meanSpeed="23.24" meanSpeedRelative="0.73" duration="2"/>
    <step time="33600.00" loaded="28180" inserted="25899" running="246" waiting="2281" ended="25653" arrived="25653" collisions="39" teleports="39" halting="1" stopped="0" meanWaitingTime="592.83" meanTravelTime="293.30" meanSpeed="22.80" meanSpeedRelative="0.71" duration="2"/>
    <step time="33900.00" loaded="28441" inserted="26165" running="245" waiting="2276" ended="25920" arrived="25920" collisions="39" teleports="39" halting="4" stopped="0" meanWaitingTime="605.99" meanTravelTime="293.05" meanSpeed="23.01" meanSpeedRelative="0.72" duration="1"/>
    <step time="34200.00" loaded="28697" inserted="26459" running="247" waiting="2238" ended="26212" arrived="26212" collisions="39" teleports="39" halting="7" stopped="0" meanWaitingTime="620.60" meanTravelTime="292.88" meanSpeed="22.02" meanSpeedRelative="0.69" duration="3"/>
    <step time="34500.00" loaded="28950" inserted="26725" running="238" waiting="2225" ended="26487" arrived="26487" collisions="40" teleports="40" halting="5" stopped="0" meanWaitingTime="634.30" meanTravelTime="292.68" meanSpeed="22.99" meanSpeedRelative="0.72" duration="1"/>
    <step time="34800.00" loaded="29226" inserted="27001" running="254" waiting="2225" ended="26747" arrived="26747" collisions="40" teleports="40" halting="5" stopped="0" meanWaitingTime="647.50" meanTravelTime="292.45" meanSpeed="22.44" meanSpeedRelative="0.70" duration="3"/>
    <step time="35100.00" loaded="29480" inserted="27274" running="246" waiting="2206" ended="27028" arrived="27028" collisions="40" teleports="40" halting="2" stopped="0" meanWaitingTime="660.26" meanTravelTime="292.18" meanSpeed="23.16" meanSpeedRelative="0.72" duration="2"/>
    <step time="35400.00" loaded="29752" inserted="27550" running="258" waiting="2202" ended="27292" arrived="27292" collisions="41" teleports="41" halting="3" stopped="0" meanWaitingTime="674.31" meanTravelTime="292.00" meanSpeed="22.73" meanSpeedRelative="0.71" duration="3"/>
    <step time="35700.00" loaded="30006" inserted="27832" running="262" waiting="2174" ended="27570" arrived="27570" collisions="41" teleports="41" halting="6" stopped="0" meanWaitingTime="686.59" meanTravelTime="291.68" meanSpeed="22.09" meanSpeedRelative="0.69" duration="2"/>
    <step time="36000.00" loaded="30265" inserted="28113" running="253" waiting="2152" ended="27860" arrived="27860" collisions="41" teleports="41" halting="5" stopped="0" meanWaitingTime="700.33" meanTravelTime="291.64" meanSpeed="22.07" meanSpeedRelative="0.69" duration="83"/>
    <step time="36300.00" loaded="30741" inserted="28564" running="376" waiting="2177" ended="28188" arrived="28188" collisions="42" teleports="42" halting="3" stopped="0" meanWaitingTime="712.83" meanTravelTime="291.16" meanSpeed="21.11" meanSpeedRelative="0.66" duration="3"/>
    <step time="36600.00" loaded="31197" inserted="28959" running="387" waiting="2238" ended="28572" arrived="28572" collisions="42" teleports="42" halting="6" stopped="0" meanWaitingTime="723.58" meanTravelTime="290.77" meanSpeed="21.46" meanSpeedRelative="0.67" duration="3"/>
    <step time="36900.00" loaded="31688" inserted="29375" running="414" waiting="2313" ended="28961" arrived="28961" collisions="42" teleports="42" halting="8" stopped="0" meanWaitingTime="734.38" meanTravelTime="290.68" meanSpeed="21.47" meanSpeedRelative="0.67" duration="4"/>
    <step time="37200.00" loaded="32164" inserted="29784" running="429" waiting="2380" ended="29355" arrived="29355" collisions="45" teleports="45" halting="9" stopped="0" meanWaitingTime="745.45" meanTravelTime="290.68" meanSpeed="20.97" meanSpeedRelative="0.66" duration="3"/>
    <step time="37500.00" loaded="32631" inserted="30193" running="437" waiting="2438" ended="29756" arrived="29756" collisions="45" teleports="45" halting="6" stopped="0" meanWaitingTime="755.38" meanTravelTime="291.02" meanSpeed="21.05" meanSpeedRelative="0.66" duration="3"/>
    <step time="37800.00" loaded="33095" inserted="30599" running="437" waiting="2496" ended="30162" arrived="30162" collisions="45" teleports="45" halting="6" stopped="0" meanWaitingTime="764.49" meanTravelTime="291.47" meanSpeed="20.91" meanSpeedRelative="0.65" duration="4"/>
    <step time="38100.00" loaded="33600" inserted="31022" running="437" waiting="2578" ended="30585" arrived="30585" collisions="47" teleports="47" halting="4" stopped="0" meanWaitingTime="775.80" meanTravelTime="291.73" meanSpeed="20.91" meanSpeedRelative="0.65" duration="4"/>
    <step time="38400.00" loaded="34083" inserted="31415" running="426" waiting="2668" ended="30989" arrived="30989" collisions="47" teleports="47" halting="8" stopped="0" meanWaitingTime="787.20" meanTravelTime="292.14" meanSpeed="20.75" meanSpeedRelative="0.65" duration="3"/>
    <step time="38700.00" loaded="34521" inserted="31818" running="405" waiting="2703" ended="31413" arrived="31413" collisions="49" teleports="49" halting="5" stopped="0" meanWaitingTime="797.91" meanTravelTime="292.46" meanSpeed="21.66" meanSpeedRelative="0.68" duration="3"/>
    <step time="39000.00" loaded="34962" inserted="32208" running="401" waiting="2754" ended="31807" arrived="31807" collisions="50" teleports="50" halting="6" stopped="0" meanWaitingTime="809.35" meanTravelTime="292.69" meanSpeed="21.16" meanSpeedRelative="0.66" duration="6"/>
    <step time="39300.00" loaded="35429" inserted="32628" running="451" waiting="2801" ended="32177" arrived="32177" collisions="50" teleports="50" halting="10" stopped="0" meanWaitingTime="819.67" meanTravelTime="292.84" meanSpeed="20.41" meanSpeedRelative="0.64" duration="5"/>
    <step time="39600.00" loaded="35889" inserted="33017" running="436" waiting="2872" ended="32581" arrived="32581" collisions="51" teleports="51" halting="4" stopped="0" meanWaitingTime="829.64" meanTravelTime="293.39" meanSpeed="20.86" meanSpeedRelative="0.65" duration="93"/>
    <step time="39900.00" loaded="36372" inserted="33426" running="445" waiting="2946" ended="32981" arrived="32981" collisions="51" teleports="51" halting="8" stopped="0" meanWaitingTime="840.50" meanTravelTime="293.94" meanSpeed="21.40" meanSpeedRelative="0.67" duration="3"/>
    <step time="40200.00" loaded="36875" inserted="33837" running="445" waiting="3038" ended="33392" arrived="33392" collisions="53" teleports="53" halting="2" stopped="0" meanWaitingTime="849.88" meanTravelTime="294.06" meanSpeed="20.50" meanSpeedRelative="0.64" duration="3"/>
    <step time="40500.00" loaded="37397" inserted="34279" running="472" waiting="3118" ended="33807" arrived="33807" collisions="53" teleports="53" halting="5" stopped="0" meanWaitingTime="859.10" meanTravelTime="294.53" meanSpeed="21.08" meanSpeedRelative="0.66" duration="4"/>
    <step time="40800.00" loaded="37877" inserted="34685" running="445" waiting="3192" ended="34240" arrived="34240" collisions="53" teleports="53" halting="5" stopped="0" meanWaitingTime="868.21" meanTravelTime="294.95" meanSpeed="21.08" meanSpeedRelative="0.66" duration="3"/>
    <step time="41100.00" loaded="38389" inserted="35126" running="482" waiting="3263" ended="34644" arrived="34644" collisions="55" teleports="55" halting="9" stopped="0" meanWaitingTime="877.64" meanTravelTime="295.27" meanSpeed="20.68" meanSpeedRelative="0.65" duration="4"/>
    <step time="41400.00" loaded="38883" inserted="35559" running="475" waiting="3324" ended="35084" arrived="35084" collisions="55" teleports="55" halting="4" stopped="0" meanWaitingTime="889.06" meanTravelTime="295.42" meanSpeed="20.35" meanSpeedRelative="0.64" duration="4"/>
    <step time="41700.00" loaded="39410" inserted="35989" running="447" waiting="3421" ended="35542" arrived="35542" collisions="57" teleports="57" halting="8" stopped="0" meanWaitingTime="899.60" meanTravelTime="295.98" meanSpeed="20.50" meanSpeedRelative="0.64" duration="3"/>
    <step time="42000.00" loaded="39938" inserted="36464" running="493" waiting="3474" ended="35971" arrived="35971" collisions="58" teleports="58" halting="8" stopped="0" meanWaitingTime="909.39" meanTravelTime="296.07" meanSpeed="20.67" meanSpeedRelative="0.65" duration="5"/>
    <step time="42300.00" loaded="40438" inserted="36891" running="491" waiting="3547" ended="36400" arrived="36400" collisions="60" teleports="60" halting="8" stopped="0" meanWaitingTime="919.01" meanTravelTime="296.39" meanSpeed="19.76" meanSpeedRelative="0.62" duration="3"/>
    <step time="42600.00" loaded="40963" inserted="37322" running="473" waiting="3641" ended="36849" arrived="36849" collisions="62" teleports="62" halting="7" stopped="0" meanWaitingTime="928.33" meanTravelTime="297.06" meanSpeed="20.69" meanSpeedRelative="0.65" duration="7"/>
    <step time="42900.00" loaded="41483" inserted="37752" running="472" waiting="3731" ended="37280" arrived="37280" collisions="64" teleports="64" halting="7" stopped="0" meanWaitingTime="937.58" meanTravelTime="297.35" meanSpeed="20.96" meanSpeedRelative="0.65" duration="5"/>
    <step time="43200.00" loaded="42041" inserted="38218" running="535" waiting="3823" ended="37683" arrived="37683" collisions="64" teleports="64" halting="6" stopped="0" meanWaitingTime="946.61" meanTravelTime="297.67" meanSpeed="20.21" meanSpeedRelative="0.63" duration="93"/>
    <step time="43500.00" loaded="42595" inserted="38690" running="543" waiting="3905" ended="38147" arrived="38147" collisions="64" teleports="64" halting="2" stopped="0" meanWaitingTime="955.51" meanTravelTime="298.36" meanSpeed="19.25" meanSpeedRelative="0.60" duration="5"/>
    <step time="43800.00" loaded="43134" inserted="39160" running="549" waiting="3974" ended="38611" arrived="38611" collisions="65" teleports="65" halting="6" stopped="0" meanWaitingTime="966.65" meanTravelTime="298.88" meanSpeed="19.75" meanSpeedRelative="0.62" duration="4"/>
    <step time="44100.00" loaded="43684" inserted="39618" running="571" waiting="4066" ended="39047" arrived="39047" collisions="66" teleports="66" halting="7" stopped="0" meanWaitingTime="976.78" meanTravelTime="299.47" meanSpeed="19.06" meanSpeedRelative="0.60" duration="6"/>
    <step time="44400.00" loaded="44278" inserted="40071" running="569" waiting="4207" ended="39502" arrived="39502" collisions="67" teleports="67" halting="10" stopped="0" meanWaitingTime="986.48" meanTravelTime="300.34" meanSpeed="19.04" meanSpeedRelative="0.59" duration="7"/>
    <step time="44700.00" loaded="44819" inserted="40552" running="593" waiting="4267" ended="39959" arrived="39959" collisions="68" teleports="68" halting="9" stopped="0" meanWaitingTime="998.92" meanTravelTime="301.15" meanSpeed="17.67" meanSpeedRelative="0.55" duration="5"/>
    <step time="45000.00" loaded="45340" inserted="41023" running="615" waiting="4317" ended="40408" arrived="40408" collisions="69" teleports="69" halting="3" stopped="0" meanWaitingTime="1007.83" meanTravelTime="302.03" meanSpeed="18.28" meanSpeedRelative="0.57" duration="7"/>
    <step time="45300.00" loaded="45872" inserted="41471" running="604" waiting="4401" ended="40867" arrived="40867" collisions="72" teleports="72" halting="7" stopped="0" meanWaitingTime="1016.55" meanTravelTime="302.95" meanSpeed="18.05" meanSpeedRelative="0.56" duration="4"/>
    <step time="45600.00" loaded="46385" inserted="41906" running="559" waiting="4479" ended="41347" arrived="41347" collisions="73" teleports="73" halting="6" stopped="0" meanWaitingTime="1024.76" meanTravelTime="303.93" meanSpeed="18.70" meanSpeedRelative="0.58" duration="6"/>
    <step time="45900.00" loaded="46941" inserted="42378" running="588" waiting="4563" ended="41790" arrived="41790" collisions="75" teleports="75" halting="11" stopped="0" meanWaitingTime="1032.80" meanTravelTime="304.99" meanSpeed="18.56" meanSpeedRelative="0.58" duration="6"/>
    <step time="46200.00" loaded="47475" inserted="42835" running="574" waiting="4640" ended="42261" arrived="42261" collisions="76" teleports="76" halting="6" stopped="0" meanWaitingTime="1041.48" meanTravelTime="305.71" meanSpeed="18.70" meanSpeedRelative="0.58" duration="5"/>
    <step time="46500.00" loaded="48000" inserted="43288" running="580" waiting="4712" ended="42708" arrived="42708" collisions="77" teleports="77" halting="3" stopped="0" meanWaitingTime="1052.03" meanTravelTime="306.24" meanSpeed="18.87" meanSpeedRelative="0.59" duration="6"/>
    <step time="46800.00" loaded="48532" inserted="43739" running="578" waiting="4793" ended="43161" arrived="43161" collisions="77" teleports="77" halting="3" stopped="0" meanWaitingTime="1061.64" meanTravelTime="307.07" meanSpeed="18.82" meanSpeedRelative="0.59" duration="95"/>
    <step time="47100.00" loaded="49075" inserted="44203" running="575" waiting="4872" ended="43628" arrived="43628" collisions="79" teleports="79" halting="11" stopped="0" meanWaitingTime="1073.12" meanTravelTime="307.92" meanSpeed="18.94" meanSpeedRelative="0.59" duration="7"/>
    <step time="47400.00" loaded="49563" inserted="44653" running="558" waiting="4910" ended="44095" arrived="44095" collisions="79" teleports="79" halting="7" stopped="0" meanWaitingTime="1082.93" meanTravelTime="308.68" meanSpeed="19.17" meanSpeedRelative="0.60" duration="4"/>
    <step time="47700.00" loaded="50131" inserted="45127" running="561" waiting="5004" ended="44566" arrived="44566" collisions="79" teleports="79" halting="11" stopped="0" meanWaitingTime="1092.24" meanTravelTime="309.29" meanSpeed="18.64" meanSpeedRelative="0.58" duration="5"/>
    <step time="48000.00" loaded="50646" inserted="45589" running="560" waiting="5057" ended="45029" arrived="45029" collisions="80" teleports="80" halting="7" stopped="0" meanWaitingTime="1104.07" meanTravelTime="309.77" meanSpeed="19.25" meanSpeedRelative="0.60" duration="6"/>
    <step time="48300.00" loaded="51153" inserted="46047" running="570" waiting="5106" ended="45477" arrived="45477" collisions="81" teleports="81" halting="8" stopped="0" meanWaitingTime="1116.42" meanTravelTime="310.13" meanSpeed="19.66" meanSpeedRelative="0.61" duration="6"/>
    <step time="48600.00" loaded="51751" inserted="46522" running="590" waiting="5229" ended="45932" arrived="45932" collisions="83" teleports="83" halting="4" stopped="0" meanWaitingTime="1126.98" meanTravelTime="310.77" meanSpeed="18.28" meanSpeedRelative="0.57" duration="9"/>
    <step time="48900.00" loaded="52274" inserted="46971" running="569" waiting="5303" ended="46402" arrived="46402" collisions="83" teleports="83" halting="4" stopped="0" meanWaitingTime="1138.32" meanTravelTime="311.56" meanSpeed="17.88" meanSpeedRelative="0.56" duration="5"/>
    <step time="49200.00" loaded="52816" inserted="47435" running="585" waiting="5381" ended="46850" arrived="46850" collisions="84" teleports="84" halting="7" stopped="0" meanWaitingTime="1150.45" meanTravelTime="312.13" meanSpeed="18.59" meanSpeedRelative="0.58" duration="7"/>
    <step time="49500.00" loaded="53344" inserted="47895" running="561" waiting="5449" ended="47334" arrived="47334" collisions="87" teleports="87" halting="3" stopped="0" meanWaitingTime="1163.85" meanTravelTime="312.84" meanSpeed="19.03" meanSpeedRelative="0.59" duration="5"/>
    <step time="49800.00" loaded="53886" inserted="48370" running="569" waiting="5516" ended="47801" arrived="47801" collisions="88" teleports="88" halting="6" stopped="0" meanWaitingTime="1176.88" meanTravelTime="313.21" meanSpeed="19.30" meanSpeedRelative="0.60" duration="7"/>
    <step time="50100.00" loaded="54421" inserted="48815" running="563" waiting="5606" ended="48252" arrived="48252" collisions="92" teleports="92" halting="5" stopped="0" meanWaitingTime="1189.00" meanTravelTime="313.48" meanSpeed="18.92" meanSpeedRelative="0.59" duration="6"/>
    <step time="50400.00" loaded="54932" inserted="49256" running="544" waiting="5676" ended="48712" arrived="48712" collisions="94" teleports="94" halting="4" stopped="0" meanWaitingTime="1200.89" meanTravelTime="314.32" meanSpeed="19.50" meanSpeedRelative="0.61" duration="99"/>
    <step time="50700.00" loaded="55697" inserted="49817" running="635" waiting="5880" ended="49182" arrived="49182" collisions="95" teleports="95" halting="1" stopped="0" meanWaitingTime="1214.77" meanTravelTime="314.60" meanSpeed="17.64" meanSpeedRelative="0.55" duration="7"/>
    <step time="51000.00" loaded="56369" inserted="50311" running="644" waiting="6058" ended="49667" arrived="49667" collisions="96" teleports="96" halting="2" stopped="0" meanWaitingTime="1226.35" meanTravelTime="315.20" meanSpeed="17.47" meanSpeedRelative="0.55" duration="5"/>
    <step time="51300.00" loaded="57102" inserted="50850" running="717" waiting="6252" ended="50133" arrived="50133" collisions="98" teleports="98" halting="7" stopped="0" meanWaitingTime="1240.34" meanTravelTime="315.73" meanSpeed="16.90" meanSpeedRelative="0.53" duration="7"/>
    <step time="51600.00" loaded="57826" inserted="51374" running="711" waiting="6452" ended="50663" arrived="50663" collisions="99" teleports="99" halting="10" stopped="0" meanWaitingTime="1252.26" meanTravelTime="316.53" meanSpeed="16.73" meanSpeedRelative="0.52" duration="9"/>
    <step time="51900.00" loaded="58511" inserted="51901" running="754" waiting="6610" ended="51147" arrived="51147" collisions="101" teleports="101" halting="5" stopped="0" meanWaitingTime="1264.15" meanTravelTime="317.47" meanSpeed="16.46" meanSpeedRelative="0.51" duration="9"/>
    <step time="52200.00" loaded="59242" inserted="52442" running="797" waiting="6800" ended="51645" arrived="51645" collisions="103" teleports="103" halting="5" stopped="0" meanWaitingTime="1276.84" meanTravelTime="318.49" meanSpeed="15.64" meanSpeedRelative="0.49" duration="10"/>
    <step time="52500.00" loaded="60031" inserted="53009" running="845" waiting="7022" ended="52164" arrived="52164" collisions="106" teleports="106" halting="4" stopped="0" meanWaitingTime="1288.91" meanTravelTime="319.70" meanSpeed="14.92" meanSpeedRelative="0.47" duration="8"/>
    <step time="52800.00" loaded="60726" inserted="53571" running="884" waiting="7155" ended="52687" arrived="52687" collisions="106" teleports="106" halting="12" stopped="0" meanWaitingTime="1302.37" meanTravelTime="320.81" meanSpeed="14.51" meanSpeedRelative="0.45" duration="9"/>
    <step time="53100.00" loaded="61432" inserted="54080" running="859" waiting="7352" ended="53221" arrived="53221" collisions="108" teleports="108" halting="13" stopped="0" meanWaitingTime="1313.55" meanTravelTime="322.32" meanSpeed="14.66" meanSpeedRelative="0.46" duration="11"/>
    <step time="53400.00" loaded="62111" inserted="54564" running="823" waiting="7547" ended="53741" arrived="53741" collisions="111" teleports="111" halting="12" stopped="0" meanWaitingTime="1324.95" meanTravelTime="324.12" meanSpeed="14.29" meanSpeedRelative="0.45" duration="10"/>
    <step time="53700.00" loaded="62784" inserted="55100" running="860" waiting="7684" ended="54240" arrived="54240" collisions="112" teleports="112" halting="7" stopped="0" meanWaitingTime="1336.62" meanTravelTime="325.76" meanSpeed="14.51" meanSpeedRelative="0.45" duration="11"/>
    <step time="54000.00" loaded="63482" inserted="55616" running="862" waiting="7866" ended="54754" arrived="54754" collisions="114" teleports="114" halting="13" stopped="0" meanWaitingTime="1349.51" meanTravelTime="327.49" meanSpeed="13.97" meanSpeedRelative="0.44" duration="104"/>
    <step time="54300.00" loaded="63924" inserted="56041" running="782" waiting="7883" ended="55259" arrived="55259" collisions="115" teleports="115" halting="3" stopped="0" meanWaitingTime="1363.39" meanTravelTime="329.30" meanSpeed="14.33" meanSpeedRelative="0.45" duration="10"/>
    <step time="54600.00" loaded="64392" inserted="56465" running="715" waiting="7927" ended="55750" arrived="55750" collisions="117" teleports="117" halting="6" stopped="0" meanWaitingTime="1375.96" meanTravelTime="330.97" meanSpeed="15.49" meanSpeedRelative="0.48" duration="9"/>
    <step time="54900.00" loaded="64834" inserted="56900" running="661" waiting="7934" ended="56239" arrived="56239" collisions="120" teleports="120" halting="7" stopped="0" meanWaitingTime="1389.97" meanTravelTime="332.24" meanSpeed="16.47" meanSpeedRelative="0.51" duration="9"/>
    <step time="55200.00" loaded="65243" inserted="57349" running="614" waiting="7894" ended="56735" arrived="56735" collisions="121" teleports="121" halting="5" stopped="0" meanWaitingTime="1407.37" meanTravelTime="333.31" meanSpeed="17.70" meanSpeedRelative="0.55" duration="8"/>
    <step time="55500.00" loaded="65693" inserted="57799" running="592" waiting="7894" ended="57207" arrived="57207" collisions="123" teleports="123" halting="5" stopped="0" meanWaitingTime="1423.30" meanTravelTime="333.93" meanSpeed="18.40" meanSpeedRelative="0.58" duration="8"/>
    <step time="55800.00" loaded="66120" inserted="58246" running="569" waiting="7874" ended="57677" arrived="57677" collisions="123" teleports="123" halting="8" stopped="0" meanWaitingTime="1440.28" meanTravelTime="334.41" meanSpeed="17.87" meanSpeedRelative="0.56" duration="9"/>
    <step time="56100.00" loaded="66571" inserted="58671" running="541" waiting="7900" ended="58130" arrived="58130" collisions="125" teleports="125" halting="9" stopped="0" meanWaitingTime="1458.28" meanTravelTime="334.99" meanSpeed="19.07" meanSpeedRelative="0.60" duration="9"/>
    <step time="56400.00" loaded="67003" inserted="59096" running="530" waiting="7907" ended="58566" arrived="58566" collisions="126" teleports="126" halting="2" stopped="0" meanWaitingTime="1474.98" meanTravelTime="335.20" meanSpeed="18.58" meanSpeedRelative="0.58" duration="8"/>
    <step time="56700.00" loaded="67491" inserted="59545" running="565" waiting="7946" ended="58980" arrived="58980" collisions="128" teleports="128" halting="2" stopped="0" meanWaitingTime="1492.42" meanTravelTime="335.41" meanSpeed="18.62" meanSpeedRelative="0.58" duration="8"/>
    <step time="57000.00" loaded="67977" inserted="60009" running="571" waiting="7968" ended="59438" arrived="59438" collisions="132" teleports="132" halting="6" stopped="0" meanWaitingTime="1508.43" meanTravelTime="335.75" meanSpeed="19.22" meanSpeedRelative="0.60" duration="8"/>
    <step time="57300.00" loaded="68446" inserted="60476" running="582" waiting="7970" ended="59894" arrived="59894" collisions="132" teleports="132" halting="2" stopped="0" meanWaitingTime="1525.73" meanTravelTime="336.05" meanSpeed="17.95" meanSpeedRelative="0.56" duration="8"/>
    <step time="57600.00" loaded="68928" inserted="60952" running="608" waiting="7976" ended="60344" arrived="60344" collisions="132" teleports="132" halting="6" stopped="0" meanWaitingTime="1542.11" meanTravelTime="336.31" meanSpeed="17.77" meanSpeedRelative="0.56" duration="90"/>
    <step time="57900.00" loaded="69498" inserted="61447" running="610" waiting="8051" ended="60837" arrived="60837" collisions="133" teleports="133" halting="10" stopped="0" meanWaitingTime="1558.51" meanTravelTime="336.61" meanSpeed="17.93" meanSpeedRelative="0.56" duration="7"/>
    <step time="58200.00" loaded="70043" inserted="61925" running="625" waiting="8118" ended="61300" arrived="61300" collisions="134" teleports="134" halting="2" stopped="0" meanWaitingTime="1575.27" meanTravelTime="336.92" meanSpeed="17.88" meanSpeedRelative="0.56" duration="9"/>
    <step time="58500.00" loaded="70606" inserted="62387" running="605" waiting="8219" ended="61782" arrived="61782" collisions="135" teleports="135" halting="6" stopped="0" meanWaitingTime="1590.08" meanTravelTime="337.40" meanSpeed="18.62" meanSpeedRelative="0.58" duration="10"/>
    <step time="58800.00" loaded="71149" inserted="62872" running="626" waiting="8277" ended="62246" arrived="62246" collisions="135" teleports="135" halting="7" stopped="0" meanWaitingTime="1605.76" meanTravelTime="337.63" meanSpeed="17.70" meanSpeedRelative="0.55" duration="9"/>
    <step time="59100.00" loaded="71660" inserted="63346" running="621" waiting="8314" ended="62725" arrived="62725" collisions="136" teleports="136" halting="6" stopped="0" meanWaitingTime="1622.06" meanTravelTime="338.00" meanSpeed="17.80" meanSpeedRelative="0.56" duration="8"/>
    <step time="59400.00" loaded="72225" inserted="63833" running="608" waiting="8392" ended="63225" arrived="63225" collisions="136" teleports="136" halting="4" stopped="0" meanWaitingTime="1638.06" meanTravelTime="338.43" meanSpeed="18.22" meanSpeedRelative="0.57" duration="10"/>
    <step time="59700.00" loaded="72784" inserted="64334" running="634" waiting="8450" ended="63700" arrived="63700" collisions="136" teleports="136" halting="6" stopped="0" meanWaitingTime="1655.10" meanTravelTime="338.73" meanSpeed="17.56" meanSpeedRelative="0.55" duration="7"/>
    <step time="60000.00" loaded="73340" inserted="64803" running="621" waiting="8537" ended="64182" arrived="64182" collisions="138" teleports="138" halting="2" stopped="0" meanWaitingTime="1671.77" meanTravelTime="339.12" meanSpeed="18.53" meanSpeedRelative="0.58" duration="9"/>
    <step time="60300.00" loaded="73877" inserted="65284" running="615" waiting="8593" ended="64669" arrived="64669" collisions="139" teleports="139" halting="6" stopped="0" meanWaitingTime="1688.37" meanTravelTime="339.38" meanSpeed="19.01" meanSpeedRelative="0.59" duration="10"/>
    <step time="60600.00" loaded="74421" inserted="65775" running="611" waiting="8646" ended="65164" arrived="65164" collisions="140" teleports="140" halting="6" stopped="0" meanWaitingTime="1705.68" meanTravelTime="339.66" meanSpeed="17.68" meanSpeedRelative="0.55" duration="10"/>
    <step time="60900.00" loaded="74982" inserted="66280" running="635" waiting="8702" ended="65645" arrived="65645" collisions="140" teleports="140" halting="3" stopped="0" meanWaitingTime="1721.18" meanTravelTime="339.93" meanSpeed="17.64" meanSpeedRelative="0.55" duration="10"/>
    <step time="61200.00" loaded="75521" inserted="66761" running="634" waiting="8760" ended="66127" arrived="66127" collisions="141" teleports="141" halting="5" stopped="0" meanWaitingTime="1736.32" meanTravelTime="340.34" meanSpeed="17.98" meanSpeedRelative="0.56" duration="92"/>
    <step time="61500.00" loaded="75599" inserted="67085" running="520" waiting="8514" ended="66565" arrived="66565" collisions="142" teleports="142" halting="9" stopped="0" meanWaitingTime="1755.63" meanTravelTime="340.74" meanSpeed="18.78" meanSpeedRelative="0.59" duration="10"/>
    <step time="61800.00" loaded="75662" inserted="67411" running="461" waiting="8251" ended="66950" arrived="66950" collisions="144" teleports="144" halting="0" stopped="0" meanWaitingTime="1775.30" meanTravelTime="341.31" meanSpeed="19.22" meanSpeedRelative="0.60" duration="7"/>
    <step time="62100.00" loaded="75726" inserted="67752" running="446" waiting="7974" ended="67306" arrived="67306" collisions="146" teleports="146" halting="5" stopped="0" meanWaitingTime="1797.60" meanTravelTime="341.71" meanSpeed="19.93" meanSpeedRelative="0.62" duration="4"/>
    <step time="62400.00" loaded="75786" inserted="68097" running="424" waiting="7689" ended="67673" arrived="67673" collisions="146" teleports="146" halting="8" stopped="0" meanWaitingTime="1820.63" meanTravelTime="342.03" meanSpeed="19.84" meanSpeedRelative="0.62" duration="4"/>
    <step time="62700.00" loaded="75868" inserted="68372" running="364" waiting="7496" ended="68008" arrived="68008" collisions="148" teleports="148" halting="8" stopped="0" meanWaitingTime="1838.20" meanTravelTime="342.35" meanSpeed="21.05" meanSpeedRelative="0.66" duration="7"/>
    <step time="63000.00" loaded="75941" inserted="68636" running="322" waiting="7305" ended="68314" arrived="68314" collisions="148" teleports="148" halting="5" stopped="0" meanWaitingTime="1854.13" meanTravelTime="342.65" meanSpeed="21.75" meanSpeedRelative="0.68" duration="5"/>
    <step time="63300.00" loaded="76016" inserted="68875" running="282" waiting="7141" ended="68593" arrived="68593" collisions="149" teleports="149" halting="4" stopped="0" meanWaitingTime="1870.19" meanTravelTime="342.79" meanSpeed="21.13" meanSpeedRelative="0.66" duration="6"/>
    <step time="63600.00" loaded="76079" inserted="69059" running="215" waiting="7020" ended="68844" arrived="68844" collisions="149" teleports="149" halting="7" stopped="0" meanWaitingTime="1885.65" meanTravelTime="342.80" meanSpeed="20.85" meanSpeedRelative="0.65" duration="3"/>
    <step time="63900.00" loaded="76152" inserted="69269" running="225" waiting="6883" ended="69044" arrived="69044" collisions="149" teleports="149" halting="4" stopped="0" meanWaitingTime="1903.88" meanTravelTime="342.77" meanSpeed="21.13" meanSpeedRelative="0.66" duration="2"/>
    <step time="64200.00" loaded="76210" inserted="69493" running="215" waiting="6717" ended="69278" arrived="69278" collisions="149" teleports="149" halting="3" stopped="0" meanWaitingTime="1924.38" meanTravelTime="342.64" meanSpeed="21.66" meanSpeedRelative="0.68" duration="3"/>
    <step time="64500.00" loaded="76266" inserted="69703" running="229" waiting="6563" ended="69474" arrived="69474" collisions="149" teleports="149" halting="6" stopped="0" meanWaitingTime="1943.84" meanTravelTime="342.46" meanSpeed="21.59" meanSpeedRelative="0.67" duration="3"/>
    <step time="64800.00" loaded="76337" inserted="69929" running="222" waiting="6408" ended="69707" arrived="69707" collisions="149" teleports="149" halting="2" stopped="0" meanWaitingTime="1964.48" meanTravelTime="342.37" meanSpeed="21.93" meanSpeedRelative="0.69" duration="96"/>
    <step time="65100.00" loaded="76397" inserted="70143" running="207" waiting="6254" ended="69936" arrived="69936" collisions="149" teleports="149" halting="3" stopped="0" meanWaitingTime="1984.92" meanTravelTime="342.24" meanSpeed="22.25" meanSpeedRelative="0.70" duration="2"/>
    <step time="65400.00" loaded="76438" inserted="70351" running="215" waiting="6087" ended="70136" arrived="70136" collisions="149" teleports="149" halting="5" stopped="0" meanWaitingTime="2005.29" meanTravelTime="342.11" meanSpeed="21.74" meanSpeedRelative="0.68" duration="2"/>
    <step time="65700.00" loaded="76494" inserted="70561" running="214" waiting="5933" ended="70347" arrived="70347" collisions="149" teleports="149" halting="4" stopped="0" meanWaitingTime="2024.37" meanTravelTime="341.99" meanSpeed="21.84" meanSpeedRelative="0.68" duration="4"/>
    <step time="66000.00" loaded="76535" inserted="70755" running="188" waiting="5780" ended="70567" arrived="70567" collisions="149" teleports="149" halting="1" stopped="0" meanWaitingTime="2042.31" meanTravelTime="341.81" meanSpeed="22.30" meanSpeedRelative="0.70" duration="4"/>
    <step time="66300.00" loaded="76581" inserted="70899" running="110" waiting="5682" ended="70789" arrived="70789" collisions="149" teleports="149" halting="2" stopped="0" meanWaitingTime="2060.54" meanTravelTime="341.72" meanSpeed="19.34" meanSpeedRelative="0.60" duration="2"/>
    <step time="66600.00" loaded="76642" inserted="71046" running="121" waiting="5596" ended="70925" arrived="70925" collisions="149" teleports="149" halting="4" stopped="0" meanWaitingTime="2076.22" meanTravelTime="341.66" meanSpeed="21.24" meanSpeedRelative="0.66" duration="2"/>
    <step time="66900.00" loaded="76694" inserted="71190" running="142" waiting="5504" ended="71048" arrived="71048" collisions="149" teleports="149" halting="4" stopped="0" meanWaitingTime="2094.01" meanTravelTime="341.47" meanSpeed="21.07" meanSpeedRelative="0.66" duration="1"/>
    <step time="67200.00" loaded="76746" inserted="71354" running="140" waiting="5392" ended="71214" arrived="71214" collisions="149" teleports="149" halting="1" stopped="0" meanWaitingTime="2114.46" meanTravelTime="341.27" meanSpeed="21.59" meanSpeedRelative="0.67" duration="1"/>
    <step time="67500.00" loaded="76796" inserted="71514" running="135" waiting="5282" ended="71379" arrived="71379" collisions="149" teleports="149" halting="7" stopped="0" meanWaitingTime="2134.71" meanTravelTime="341.06" meanSpeed="20.46" meanSpeedRelative="0.64" duration="1"/>
    <step time="67800.00" loaded="76850" inserted="71660" running="114" waiting="5190" ended="71546" arrived="71546" collisions="149" teleports="149" halting="7" stopped="0" meanWaitingTime="2152.04" meanTravelTime="340.91" meanSpeed="19.72" meanSpeedRelative="0.62" duration="1"/>
    <step time="68100.00" loaded="76905" inserted="71795" running="110" waiting="5110" ended="71685" arrived="71685" collisions="149" teleports="149" halting="10" stopped="0" meanWaitingTime="2168.22" meanTravelTime="340.74" meanSpeed="19.06" meanSpeedRelative="0.60" duration="1"/>
    <step time="68400.00" loaded="76963" inserted="71953" running="119" waiting="5010" ended="71834" arrived="71834" collisions="149" teleports="149" halting="1" stopped="0" meanWaitingTime="2187.00" meanTravelTime="340.55" meanSpeed="21.88" meanSpeedRelative="0.68" duration="93"/>
    <step time="68700.00" loaded="77104" inserted="72159" running="155" waiting="4945" ended="72004" arrived="72004" collisions="149" teleports="149" halting="3" stopped="0" meanWaitingTime="2204.81" meanTravelTime="340.22" meanSpeed="21.41" meanSpeedRelative="0.67" duration="3"/>
    <step time="69000.00" loaded="77257" inserted="72359" running="182" waiting="4898" ended="72177" arrived="72177" collisions="149" teleports="149" halting="8" stopped="0" meanWaitingTime="2218.62" meanTravelTime="339.96" meanSpeed="22.50" meanSpeedRelative="0.70" duration="2"/>
    <step time="69300.00" loaded="77401" inserted="72566" running="185" waiting="4835" ended="72381" arrived="72381" collisions="150" teleports="150" halting="6" stopped="0" meanWaitingTime="2234.43" meanTravelTime="339.76" meanSpeed="21.97" meanSpeedRelative="0.69" duration="2"/>
    <step time="69600.00" loaded="77561" inserted="72773" running="187" waiting="4788" ended="72586" arrived="72586" collisions="150" teleports="150" halting="1" stopped="0" meanWaitingTime="2247.97" meanTravelTime="339.55" meanSpeed="22.46" meanSpeedRelative="0.70" duration="2"/>
    <step time="69900.00" loaded="77717" inserted="72975" running="177" waiting="4742" ended="72798" arrived="72798" collisions="150" teleports="150" halting="3" stopped="0" meanWaitingTime="2263.24" meanTravelTime="339.32" meanSpeed="21.50" meanSpeedRelative="0.67" duration="1"/>
    <step time="70200.00" loaded="77872" inserted="73185" running="177" waiting="4687" ended="73008" arrived="73008" collisions="150" teleports="150" halting="7" stopped="0" meanWaitingTime="2277.74" meanTravelTime="339.12" meanSpeed="22.49" meanSpeedRelative="0.70" duration="2"/>
    <step time="70500.00" loaded="78012" inserted="73388" running="177" waiting="4624" ended="73211" arrived="73211" collisions="151" teleports="151" halting="4" stopped="0" meanWaitingTime="2293.62" meanTravelTime="338.90" meanSpeed="21.66" meanSpeedRelative="0.68" duration="2"/>
    <step time="70800.00" loaded="78154" inserted="73583" running="174" waiting="4571" ended="73409" arrived="73409" collisions="151" teleports="151" halting="2" stopped="0" meanWaitingTime="2307.32" meanTravelTime="338.71" meanSpeed="23.30" meanSpeedRelative="0.73" duration="2"/>
    <step time="71100.00" loaded="78319" inserted="73804" running="186" waiting="4515" ended="73618" arrived="73618" collisions="151" teleports="151" halting="10" stopped="0" meanWaitingTime="2324.06" meanTravelTime="338.43" meanSpeed="21.59" meanSpeedRelative="0.67" duration="1"/>
    <step time="71400.00" loaded="78483" inserted="74015" running="204" waiting="4468" ended="73811" arrived="73811" collisions="151" teleports="151" halting="4" stopped="0" meanWaitingTime="2336.82" meanTravelTime="338.26" meanSpeed="22.19" meanSpeedRelative="0.69" duration="3"/>
    <step time="71700.00" loaded="78654" inserted="74220" running="195" waiting="4434" ended="74025" arrived="74025" collisions="153" teleports="153" halting="4" stopped="0" meanWaitingTime="2353.10" meanTravelTime="338.06" meanSpeed="21.64" meanSpeedRelative="0.68" duration="2"/>
    <step time="72000.00" loaded="78817" inserted="74440" running="192" waiting="4377" ended="74248" arrived="74248" collisions="154" teleports="154" halting="8" stopped="0" meanWaitingTime="2368.73" meanTravelTime="337.92" meanSpeed="21.95" meanSpeedRelative="0.69" duration="85"/>
    <step time="72300.00" loaded="78961" inserted="74639" running="186" waiting="4322" ended="74453" arrived="74453" collisions="154" teleports="154" halting="3" stopped="0" meanWaitingTime="2384.61" meanTravelTime="337.75" meanSpeed="22.72" meanSpeedRelative="0.71" duration="2"/>
    <step time="72600.00" loaded="79091" inserted="74839" running="174" waiting="4252" ended="74665" arrived="74665" collisions="154" teleports="154" halting="2" stopped="0" meanWaitingTime="2400.45" meanTravelTime="337.57" meanSpeed="21.96" meanSpeedRelative="0.69" duration="3"/>
    <step time="72900.00" loaded="79230" inserted="75034" running="175" waiting="4196" ended="74859" arrived="74859" collisions="154" teleports="154" halting="6" stopped="0" meanWaitingTime="2415.92" meanTravelTime="337.39" meanSpeed="21.46" meanSpeedRelative="0.67" duration="2"/>
    <step time="73200.00" loaded="79357" inserted="75220" running="176" waiting="4137" ended="75044" arrived="75044" collisions="154" teleports="154" halting="3" stopped="0" meanWaitingTime="2431.78" meanTravelTime="337.22" meanSpeed="21.26" meanSpeedRelative="0.66" duration="2"/>
    <step time="73500.00" loaded="79508" inserted="75432" running="184" waiting="4076" ended="75248" arrived="75248" collisions="154" teleports="154" halting="2" stopped="0" meanWaitingTime="2447.98" meanTravelTime="337.03" meanSpeed="22.02" meanSpeedRelative="0.69" duration="2"/>
    <step time="73800.00" loaded="79647" inserted="75624" running="177" waiting="4023" ended="75447" arrived="75447" collisions="154" teleports="154" halting="4" stopped="0" meanWaitingTime="2463.91" meanTravelTime="336.80" meanSpeed="21.93" meanSpeedRelative="0.69" duration="2"/>
    <step time="74100.00" loaded="79782" inserted="75812" running="167" waiting="3970" ended="75645" arrived="75645" collisions="154" teleports="154" halting="3" stopped="0" meanWaitingTime="2480.07" meanTravelTime="336.65" meanSpeed="21.73" meanSpeedRelative="0.68" duration="2"/>
    <step time="74400.00" loaded="79905" inserted="75996" running="171" waiting="3909" ended="75825" arrived="75825" collisions="154" teleports="154" halting="7" stopped="0" meanWaitingTime="2496.01" meanTravelTime="336.53" meanSpeed="20.75" meanSpeedRelative="0.65" duration="2"/>
    <step time="74700.00" loaded="80060" inserted="76201" running="178" waiting="3859" ended="76023" arrived="76023" collisions="154" teleports="154" halting="2" stopped="0" meanWaitingTime="2511.88" meanTravelTime="336.34" meanSpeed="22.13" meanSpeedRelative="0.69" duration="1"/>
    <step time="75000.00" loaded="80189" inserted="76387" running="161" waiting="3802" ended="76226" arrived="76226" collisions="154" teleports="154" halting="2" stopped="0" meanWaitingTime="2528.01" meanTravelTime="336.18" meanSpeed="22.30" meanSpeedRelative="0.70" duration="2"/>
    <step time="75300.00" loaded="80311" inserted="76575" running="171" waiting="3736" ended="76404" arrived="76404" collisions="154" teleports="154" halting="6" stopped="0" meanWaitingTime="2544.98" meanTravelTime="336.03" meanSpeed="20.85" meanSpeedRelative="0.65" duration="2"/>
    <step time="75600.00" loaded="80450" inserted="76773" running="166" waiting="3677" ended="76607" arrived="76607" collisions="154" teleports="154" halting="5" stopped="0" meanWaitingTime="2559.92" meanTravelTime="335.86" meanSpeed="22.48" meanSpeedRelative="0.70" duration="84"/>
    <step time="75900.00" loaded="80661" inserted="77021" running="204" waiting="3640" ended="76817" arrived="76817" collisions="154" teleports="154" halting="3" stopped="0" meanWaitingTime="2574.22" meanTravelTime="335.59" meanSpeed="22.35" meanSpeedRelative="0.70" duration="2"/>
    <step time="76200.00" loaded="80847" inserted="77249" running="203" waiting="3598" ended="77046" arrived="77046" collisions="154" teleports="154" halting="5" stopped="0" meanWaitingTime="2585.93" meanTravelTime="335.33" meanSpeed="22.77" meanSpeedRelative="0.71" duration="2"/>
    <step time="76500.00" loaded="81008" inserted="77469" running="207" waiting="3539" ended="77262" arrived="77262" collisions="154" teleports="154" halting="7" stopped="0" meanWaitingTime="2599.38" meanTravelTime="335.12" meanSpeed="21.90" meanSpeedRelative="0.68" duration="2"/>
    <step time="76800.00" loaded="81196" inserted="77705" running="210" waiting="3491" ended="77495" arrived="77495" collisions="154" teleports="154" halting="2" stopped="0" meanWaitingTime="2610.77" meanTravelTime="334.95" meanSpeed="23.20" meanSpeedRelative="0.72" duration="2"/>
    <step time="77100.00" loaded="81403" inserted="77947" running="223" waiting="3456" ended="77724" arrived="77724" collisions="154" teleports="154" halting="4" stopped="0" meanWaitingTime="2620.64" meanTravelTime="334.73" meanSpeed="23.08" meanSpeedRelative="0.72" duration="2"/>
    <step time="77400.00" loaded="81614" inserted="78192" running="199" waiting="3422" ended="77993" arrived="77993" collisions="155" teleports="155" halting="6" stopped="0" meanWaitingTime="2631.55" meanTravelTime="334.50" meanSpeed="22.05" meanSpeedRelative="0.69" duration="2"/>
    <step time="77700.00" loaded="81811" inserted="78420" running="198" waiting="3391" ended="78222" arrived="78222" collisions="155" teleports="155" halting="2" stopped="0" meanWaitingTime="2642.11" meanTravelTime="334.25" meanSpeed="22.19" meanSpeedRelative="0.69" duration="2"/>
    <step time="78000.00" loaded="82013" inserted="78679" running="232" waiting="3334" ended="78447" arrived="78447" collisions="155" teleports="155" halting="5" stopped="0" meanWaitingTime="2651.22" meanTravelTime="334.06" meanSpeed="21.84" meanSpeedRelative="0.68" duration="2"/>
    <step time="78300.00" loaded="82223" inserted="78924" running="231" waiting="3299" ended="78693" arrived="78693" collisions="155" teleports="155" halting="7" stopped="0" meanWaitingTime="2659.89" meanTravelTime="333.87" meanSpeed="22.47" meanSpeedRelative="0.70" duration="2"/>
    <step time="78600.00" loaded="82443" inserted="79181" running="226" waiting="3262" ended="78955" arrived="78955" collisions="155" teleports="155" halting="1" stopped="0" meanWaitingTime="2668.11" meanTravelTime="333.69" meanSpeed="22.84" meanSpeedRelative="0.71" duration="1"/>
    <step time="78900.00" loaded="82652" inserted="79409" running="233" waiting="3243" ended="79176" arrived="79176" collisions="156" teleports="156" halting="5" stopped="0" meanWaitingTime="2675.50" meanTravelTime="333.50" meanSpeed="22.74" meanSpeedRelative="0.71" duration="2"/>
    <step time="79200.00" loaded="82844" inserted="79639" running="209" waiting="3205" ended="79430" arrived="79430" collisions="156" teleports="156" halting="3" stopped="0" meanWaitingTime="2684.20" meanTravelTime="333.35" meanSpeed="22.93" meanSpeedRelative="0.72" duration="84"/>
    <step time="79500.00" loaded="83023" inserted="79859" running="205" waiting="3164" ended="79654" arrived="79654" collisions="156" teleports="156" halting="5" stopped="0" meanWaitingTime="2692.00" meanTravelTime="333.18" meanSpeed="21.94" meanSpeedRelative="0.69" duration="1"/>
    <step time="79800.00" loaded="83190" inserted="80091" running="232" waiting="3099" ended="79859" arrived="79859" collisions="156" teleports="156" halting="3" stopped="0" meanWaitingTime="2700.11" meanTravelTime="333.08" meanSpeed="22.19" meanSpeedRelative="0.69" duration="2"/>
    <step time="80100.00" loaded="83347" inserted="80288" running="217" waiting="3059" ended="80071" arrived="80071" collisions="156" teleports="156" halting="3" stopped="0" meanWaitingTime="2707.75" meanTravelTime="333.00" meanSpeed="21.84" meanSpeedRelative="0.68" duration="2"/>
    <step time="80400.00" loaded="83543" inserted="80522" running="216" waiting="3021" ended="80306" arrived="80306" collisions="156" teleports="156" halting="5" stopped="0" meanWaitingTime="2715.02" meanTravelTime="332.89" meanSpeed="22.04" meanSpeedRelative="0.69" duration="1"/>
    <step time="80700.00" loaded="83711" inserted="80724" running="193" waiting="2987" ended="80531" arrived="80531" collisions="156" teleports="156" halting="7" stopped="0" meanWaitingTime="2722.54" meanTravelTime="332.76" meanSpeed="21.23" meanSpeedRelative="0.66" duration="2"/>
    <step time="81000.00" loaded="83868" inserted="80942" running="207" waiting="2926" ended="80735" arrived="80735" collisions="156" teleports="156" halting="4" stopped="0" meanWaitingTime="2728.96" meanTravelTime="332.64" meanSpeed="21.76" meanSpeedRelative="0.68" duration="2"/>
    <step time="81300.00" loaded="84014" inserted="81117" running="181" waiting="2897" ended="80936" arrived="80936" collisions="156" teleports="156" halting="3" stopped="0" meanWaitingTime="2735.01" meanTravelTime="332.56" meanSpeed="22.78" meanSpeedRelative="0.71" duration="1"/>
    <step time="81600.00" loaded="84183" inserted="81299" running="176" waiting="2884" ended="81123" arrived="81123" collisions="156" teleports="156" halting="2" stopped="0" meanWaitingTime="2737.73" meanTravelTime="332.49" meanSpeed="22.76" meanSpeedRelative="0.71" duration="2"/>
    <step time="81900.00" loaded="84344" inserted="81475" running="186" waiting="2869" ended="81289" arrived="81289" collisions="156" teleports="156" halting="6" stopped="0" meanWaitingTime="2741.60" meanTravelTime="332.41" meanSpeed="21.27" meanSpeedRelative="0.66" duration="2"/>
    <step time="82200.00" loaded="84515" inserted="81655" running="198" waiting="2860" ended="81457" arrived="81457" collisions="157" teleports="157" halting="7" stopped="0" meanWaitingTime="2743.50" meanTravelTime="332.33" meanSpeed="21.94" meanSpeedRelative="0.69" duration="2"/>
    <step time="82500.00" loaded="84657" inserted="81805" running="164" waiting="2852" ended="81641" arrived="81641" collisions="157" teleports="157" halting="2" stopped="0" meanWaitingTime="2746.98" meanTravelTime="332.34" meanSpeed="23.51" meanSpeedRelative="0.73" duration="1"/>
</summary>
