<?xml version="1.0" encoding="UTF-8"?>

<!-- generated on 2025-08-08 02:47:59 by Eclipse SUMO sumo Version 1.23.1
<sumoConfiguration xmlns:xsi="http://www.w3.org/2001/XMLSchema-instance" xsi:noNamespaceSchemaLocation="http://sumo.dlr.de/xsd/sumoConfiguration.xsd">

    <input>
        <net-file value="Desktop\Master Thesis\Network_fin.net.xml"/>
        <route-files value="Desktop\Master Thesis\demand_model_amsterdam.rou.xml"/>
        <additional-files value="Desktop\Master Thesis\Additionnal.add.xml"/>
    </input>

    <output>
        <summary-output value="outputf/summary_coor_alinea_2neigh_method1_K80_target5_20120.xml"/>
        <summary-output.period value="300"/>
        <tripinfo-output value="outputf/tripinfo_coor_alinea_2neigh_method1_K80_target5_20120.xml"/>
    </output>

    <time>
        <begin value="0"/>
        <end value="82800"/>
        <step-length value="1"/>
    </time>

    <processing>
        <time-to-teleport value="-1"/>
    </processing>

    <report>
        <verbose value="true"/>
        <no-step-log value="true"/>
    </report>

    <emissions>
        <device.emissions.period value="10"/>
    </emissions>

    <traci_server>
        <remote-port value="49679"/>
    </traci_server>

    <random_number>
        <seed value="20120"/>
    </random_number>

</sumoConfiguration>
-->

<summary xmlns:xsi="http://www.w3.org/2001/XMLSchema-instance" xsi:noNamespaceSchemaLocation="http://sumo.dlr.de/xsd/summary_file.xsd">
    <step time="0.00" loaded="0" inserted="0" running="0" waiting="0" ended="0" arrived="0" collisions="0" teleports="0" halting="0" stopped="0" meanWaitingTime="-1.00" meanTravelTime="-1.00" meanSpeed="-1.00" meanSpeedRelative="-1.00" duration="0"/>
    <step time="300.00" loaded="178" inserted="178" running="117" waiting="0" ended="61" arrived="61" collisions="0" teleports="0" halting="3" stopped="0" meanWaitingTime="0.57" meanTravelTime="103.44" meanSpeed="25.81" meanSpeedRelative="0.81" duration="1"/>
    <step time="600.00" loaded="350" inserted="349" running="128" waiting="1" ended="221" arrived="221" collisions="0" teleports="0" halting="0" stopped="0" meanWaitingTime="0.43" meanTravelTime="168.64" meanSpeed="25.35" meanSpeedRelative="0.79" duration="1"/>
    <step time="900.00" loaded="516" inserted="516" running="130" waiting="0" ended="386" arrived="386" collisions="0" teleports="0" halting="0" stopped="0" meanWaitingTime="0.41" meanTravelTime="190.71" meanSpeed="25.59" meanSpeedRelative="0.80" duration="1"/>
    <step time="1200.00" loaded="708" inserted="708" running="161" waiting="0" ended="547" arrived="547" collisions="0" teleports="0" halting="0" stopped="0" meanWaitingTime="0.42" meanTravelTime="201.38" meanSpeed="25.09" meanSpeedRelative="0.78" duration="1"/>
    <step time="1500.00" loaded="886" inserted="886" running="148" waiting="0" ended="738" arrived="738" collisions="1" teleports="1" halting="1" stopped="0" meanWaitingTime="0.39" meanTravelTime="208.99" meanSpeed="25.53" meanSpeedRelative="0.80" duration="1"/>
    <step time="1800.00" loaded="1061" inserted="1061" running="161" waiting="0" ended="900" arrived="900" collisions="1" teleports="1" halting="0" stopped="0" meanWaitingTime="0.37" meanTravelTime="214.82" meanSpeed="25.19" meanSpeedRelative="0.79" duration="1"/>
    <step time="2100.00" loaded="1231" inserted="1231" running="157" waiting="0" ended="1074" arrived="1074" collisions="1" teleports="1" halting="0" stopped="0" meanWaitingTime="0.36" meanTravelTime="225.25" meanSpeed="25.42" meanSpeedRelative="0.79" duration="1"/>
    <step time="2400.00" loaded="1431" inserted="1431" running="168" waiting="0" ended="1263" arrived="1263" collisions="1" teleports="1" halting="1" stopped="0" meanWaitingTime="0.37" meanTravelTime="230.44" meanSpeed="25.44" meanSpeedRelative="0.79" duration="1"/>
    <step time="2700.00" loaded="1604" inserted="1603" running="152" waiting="1" ended="1451" arrived="1451" collisions="1" teleports="1" halting="2" stopped="0" meanWaitingTime="0.40" meanTravelTime="235.81" meanSpeed="25.56" meanSpeedRelative="0.80" duration="1"/>
    <step time="3000.00" loaded="1787" inserted="1787" running="154" waiting="0" ended="1633" arrived="1633" collisions="1" teleports="1" halting="1" stopped="0" meanWaitingTime="0.41" meanTravelTime="235.04" meanSpeed="25.54" meanSpeedRelative="0.80" duration="1"/>
    <step time="3300.00" loaded="1955" inserted="1951" running="158" waiting="4" ended="1793" arrived="1793" collisions="1" teleports="1" halting="1" stopped="0" meanWaitingTime="0.78" meanTravelTime="237.16" meanSpeed="24.40" meanSpeedRelative="0.76" duration="1"/>
    <step time="3600.00" loaded="2150" inserted="2141" running="178" waiting="9" ended="1963" arrived="1963" collisions="1" teleports="1" halting="0" stopped="0" meanWaitingTime="1.38" meanTravelTime="239.99" meanSpeed="23.71" meanSpeedRelative="0.74" duration="85"/>
    <step time="3900.00" loaded="2257" inserted="2255" running="118" waiting="2" ended="2137" arrived="2137" collisions="1" teleports="1" halting="1" stopped="0" meanWaitingTime="2.32" meanTravelTime="244.50" meanSpeed="24.61" meanSpeedRelative="0.77" duration="1"/>
    <step time="4200.00" loaded="2385" inserted="2378" running="104" waiting="7" ended="2274" arrived="2274" collisions="1" teleports="1" halting="3" stopped="0" meanWaitingTime="2.68" meanTravelTime="248.26" meanSpeed="24.34" meanSpeedRelative="0.76" duration="1"/>
    <step time="4500.00" loaded="2482" inserted="2480" running="87" waiting="2" ended="2393" arrived="2393" collisions="1" teleports="1" halting="3" stopped="0" meanWaitingTime="3.51" meanTravelTime="249.58" meanSpeed="24.94" meanSpeedRelative="0.78" duration="1"/>
    <step time="4800.00" loaded="2581" inserted="2574" running="85" waiting="7" ended="2489" arrived="2489" collisions="1" teleports="1" halting="0" stopped="0" meanWaitingTime="3.74" meanTravelTime="251.98" meanSpeed="25.55" meanSpeedRelative="0.80" duration="1"/>
    <step time="5100.00" loaded="2700" inserted="2700" running="89" waiting="0" ended="2611" arrived="2611" collisions="1" teleports="1" halting="0" stopped="0" meanWaitingTime="3.88" meanTravelTime="251.34" meanSpeed="26.65" meanSpeedRelative="0.83" duration="1"/>
    <step time="5400.00" loaded="2825" inserted="2825" running="111" waiting="0" ended="2714" arrived="2714" collisions="1" teleports="1" halting="3" stopped="0" meanWaitingTime="3.80" meanTravelTime="251.34" meanSpeed="24.62" meanSpeedRelative="0.77" duration="1"/>
    <step time="5700.00" loaded="2938" inserted="2938" running="99" waiting="0" ended="2839" arrived="2839" collisions="1" teleports="1" halting="0" stopped="0" meanWaitingTime="3.67" meanTravelTime="251.40" meanSpeed="25.37" meanSpeedRelative="0.79" duration="1"/>
    <step time="6000.00" loaded="3054" inserted="3054" running="97" waiting="0" ended="2957" arrived="2957" collisions="1" teleports="1" halting="0" stopped="0" meanWaitingTime="3.54" meanTravelTime="251.18" meanSpeed="25.37" meanSpeedRelative="0.79" duration="1"/>
    <step time="6300.00" loaded="3155" inserted="3155" running="102" waiting="0" ended="3053" arrived="3053" collisions="1" teleports="1" halting="1" stopped="0" meanWaitingTime="3.44" meanTravelTime="252.65" meanSpeed="25.99" meanSpeedRelative="0.81" duration="1"/>
    <step time="6600.00" loaded="3262" inserted="3262" running="107" waiting="0" ended="3155" arrived="3155" collisions="2" teleports="2" halting="1" stopped="0" meanWaitingTime="3.33" meanTravelTime="253.16" meanSpeed="25.28" meanSpeedRelative="0.79" duration="0"/>
    <step time="6900.00" loaded="3382" inserted="3382" running="107" waiting="0" ended="3275" arrived="3275" collisions="2" teleports="2" halting="0" stopped="0" meanWaitingTime="3.23" meanTravelTime="253.80" meanSpeed="25.89" meanSpeedRelative="0.81" duration="1"/>
    <step time="7200.00" loaded="3488" inserted="3488" running="99" waiting="0" ended="3389" arrived="3389" collisions="2" teleports="2" halting="0" stopped="0" meanWaitingTime="3.13" meanTravelTime="254.83" meanSpeed="25.40" meanSpeedRelative="0.79" duration="85"/>
    <step time="7500.00" loaded="3638" inserted="3630" running="123" waiting="8" ended="3507" arrived="3507" collisions="2" teleports="2" halting="3" stopped="0" meanWaitingTime="3.14" meanTravelTime="255.06" meanSpeed="24.75" meanSpeedRelative="0.77" duration="0"/>
    <step time="7800.00" loaded="3797" inserted="3794" running="134" waiting="3" ended="3660" arrived="3660" collisions="2" teleports="2" halting="4" stopped="0" meanWaitingTime="3.42" meanTravelTime="254.63" meanSpeed="25.31" meanSpeedRelative="0.79" duration="1"/>
    <step time="8100.00" loaded="3960" inserted="3955" running="143" waiting="5" ended="3812" arrived="3812" collisions="2" teleports="2" halting="0" stopped="0" meanWaitingTime="3.59" meanTravelTime="253.64" meanSpeed="23.90" meanSpeedRelative="0.75" duration="1"/>
    <step time="8400.00" loaded="4099" inserted="4091" running="132" waiting="8" ended="3959" arrived="3959" collisions="2" teleports="2" halting="3" stopped="0" meanWaitingTime="3.86" meanTravelTime="254.03" meanSpeed="24.82" meanSpeedRelative="0.78" duration="1"/>
    <step time="8700.00" loaded="4234" inserted="4223" running="118" waiting="11" ended="4105" arrived="4105" collisions="3" teleports="3" halting="3" stopped="0" meanWaitingTime="4.32" meanTravelTime="255.05" meanSpeed="24.71" meanSpeedRelative="0.77" duration="1"/>
    <step time="9000.00" loaded="4385" inserted="4364" running="116" waiting="21" ended="4248" arrived="4248" collisions="3" teleports="3" halting="3" stopped="0" meanWaitingTime="4.95" meanTravelTime="256.20" meanSpeed="25.22" meanSpeedRelative="0.79" duration="1"/>
    <step time="9300.00" loaded="4537" inserted="4509" running="123" waiting="28" ended="4386" arrived="4386" collisions="3" teleports="3" halting="0" stopped="0" meanWaitingTime="6.00" meanTravelTime="255.85" meanSpeed="24.80" meanSpeedRelative="0.77" duration="0"/>
    <step time="9600.00" loaded="4672" inserted="4650" running="117" waiting="22" ended="4533" arrived="4533" collisions="3" teleports="3" halting="1" stopped="0" meanWaitingTime="7.54" meanTravelTime="255.29" meanSpeed="25.34" meanSpeedRelative="0.79" duration="1"/>
    <step time="9900.00" loaded="4829" inserted="4796" running="120" waiting="33" ended="4676" arrived="4676" collisions="3" teleports="3" halting="5" stopped="0" meanWaitingTime="8.86" meanTravelTime="254.79" meanSpeed="24.02" meanSpeedRelative="0.75" duration="1"/>
    <step time="10200.00" loaded="4984" inserted="4939" running="131" waiting="45" ended="4808" arrived="4808" collisions="3" teleports="3" halting="2" stopped="0" meanWaitingTime="10.21" meanTravelTime="254.08" meanSpeed="24.26" meanSpeedRelative="0.76" duration="0"/>
    <step time="10500.00" loaded="5121" inserted="5065" running="119" waiting="56" ended="4946" arrived="4946" collisions="3" teleports="3" halting="2" stopped="0" meanWaitingTime="12.08" meanTravelTime="254.67" meanSpeed="25.13" meanSpeedRelative="0.79" duration="1"/>
    <step time="10800.00" loaded="5263" inserted="5197" running="128" waiting="66" ended="5069" arrived="5069" collisions="3" teleports="3" halting="3" stopped="0" meanWaitingTime="14.25" meanTravelTime="255.64" meanSpeed="25.09" meanSpeedRelative="0.78" duration="87"/>
    <step time="11100.00" loaded="5411" inserted="5330" running="107" waiting="81" ended="5223" arrived="5223" collisions="3" teleports="3" halting="2" stopped="0" meanWaitingTime="16.57" meanTravelTime="256.27" meanSpeed="24.36" meanSpeedRelative="0.76" duration="0"/>
    <step time="11400.00" loaded="5553" inserted="5469" running="124" waiting="84" ended="5345" arrived="5345" collisions="3" teleports="3" halting="0" stopped="0" meanWaitingTime="19.13" meanTravelTime="256.28" meanSpeed="25.55" meanSpeedRelative="0.80" duration="0"/>
    <step time="11700.00" loaded="5709" inserted="5634" running="124" waiting="75" ended="5510" arrived="5510" collisions="3" teleports="3" halting="1" stopped="0" meanWaitingTime="22.93" meanTravelTime="255.77" meanSpeed="25.10" meanSpeedRelative="0.78" duration="1"/>
    <step time="12000.00" loaded="5854" inserted="5770" running="101" waiting="84" ended="5669" arrived="5669" collisions="3" teleports="3" halting="4" stopped="0" meanWaitingTime="26.00" meanTravelTime="254.94" meanSpeed="24.18" meanSpeedRelative="0.76" duration="1"/>
    <step time="12300.00" loaded="5993" inserted="5910" running="109" waiting="83" ended="5801" arrived="5801" collisions="3" teleports="3" halting="1" stopped="0" meanWaitingTime="29.43" meanTravelTime="254.57" meanSpeed="23.75" meanSpeedRelative="0.74" duration="1"/>
    <step time="12600.00" loaded="6143" inserted="6051" running="119" waiting="92" ended="5932" arrived="5932" collisions="3" teleports="3" halting="1" stopped="0" meanWaitingTime="32.70" meanTravelTime="254.46" meanSpeed="25.18" meanSpeedRelative="0.79" duration="0"/>
    <step time="12900.00" loaded="6295" inserted="6198" running="116" waiting="97" ended="6082" arrived="6082" collisions="3" teleports="3" halting="4" stopped="0" meanWaitingTime="35.91" meanTravelTime="253.70" meanSpeed="24.58" meanSpeedRelative="0.77" duration="0"/>
    <step time="13200.00" loaded="6437" inserted="6345" running="116" waiting="92" ended="6229" arrived="6229" collisions="3" teleports="3" halting="2" stopped="0" meanWaitingTime="39.08" meanTravelTime="253.19" meanSpeed="23.35" meanSpeedRelative="0.73" duration="1"/>
    <step time="13500.00" loaded="6579" inserted="6494" running="114" waiting="85" ended="6380" arrived="6380" collisions="3" teleports="3" halting="1" stopped="0" meanWaitingTime="42.18" meanTravelTime="253.34" meanSpeed="24.33" meanSpeedRelative="0.76" duration="1"/>
    <step time="13800.00" loaded="6715" inserted="6642" running="111" waiting="73" ended="6531" arrived="6531" collisions="3" teleports="3" halting="2" stopped="0" meanWaitingTime="45.58" meanTravelTime="252.41" meanSpeed="24.72" meanSpeedRelative="0.77" duration="1"/>
    <step time="14100.00" loaded="6844" inserted="6765" running="95" waiting="79" ended="6670" arrived="6670" collisions="3" teleports="3" halting="4" stopped="0" meanWaitingTime="48.50" meanTravelTime="252.51" meanSpeed="24.33" meanSpeedRelative="0.76" duration="0"/>
    <step time="14400.00" loaded="6969" inserted="6891" running="100" waiting="78" ended="6791" arrived="6791" collisions="3" teleports="3" halting="0" stopped="0" meanWaitingTime="51.27" meanTravelTime="252.09" meanSpeed="25.85" meanSpeedRelative="0.81" duration="86"/>
    <step time="14700.00" loaded="7084" inserted="7006" running="90" waiting="78" ended="6916" arrived="6916" collisions="3" teleports="3" halting="4" stopped="0" meanWaitingTime="54.08" meanTravelTime="251.57" meanSpeed="24.11" meanSpeedRelative="0.75" duration="0"/>
    <step time="15000.00" loaded="7183" inserted="7101" running="88" waiting="82" ended="7013" arrived="7013" collisions="3" teleports="3" halting="4" stopped="0" meanWaitingTime="56.23" meanTravelTime="252.07" meanSpeed="23.42" meanSpeedRelative="0.73" duration="0"/>
    <step time="15300.00" loaded="7289" inserted="7204" running="82" waiting="85" ended="7122" arrived="7122" collisions="3" teleports="3" halting="2" stopped="0" meanWaitingTime="58.34" meanTravelTime="251.85" meanSpeed="24.37" meanSpeedRelative="0.76" duration="1"/>
    <step time="15600.00" loaded="7380" inserted="7298" running="73" waiting="82" ended="7225" arrived="7225" collisions="3" teleports="3" halting="2" stopped="0" meanWaitingTime="60.66" meanTravelTime="251.93" meanSpeed="23.86" meanSpeedRelative="0.75" duration="1"/>
    <step time="15900.00" loaded="7475" inserted="7401" running="70" waiting="74" ended="7331" arrived="7331" collisions="3" teleports="3" halting="4" stopped="0" meanWaitingTime="63.24" meanTravelTime="251.45" meanSpeed="22.61" meanSpeedRelative="0.71" duration="1"/>
    <step time="16200.00" loaded="7583" inserted="7512" running="74" waiting="71" ended="7438" arrived="7438" collisions="3" teleports="3" halting="1" stopped="0" meanWaitingTime="65.54" meanTravelTime="250.78" meanSpeed="24.71" meanSpeedRelative="0.77" duration="0"/>
    <step time="16500.00" loaded="7685" inserted="7614" running="76" waiting="71" ended="7538" arrived="7538" collisions="3" teleports="3" halting="2" stopped="0" meanWaitingTime="68.22" meanTravelTime="250.63" meanSpeed="24.02" meanSpeedRelative="0.75" duration="1"/>
    <step time="16800.00" loaded="7763" inserted="7708" running="67" waiting="55" ended="7641" arrived="7641" collisions="3" teleports="3" halting="4" stopped="0" meanWaitingTime="70.80" meanTravelTime="249.97" meanSpeed="23.66" meanSpeedRelative="0.74" duration="1"/>
    <step time="17100.00" loaded="7855" inserted="7804" running="64" waiting="51" ended="7740" arrived="7740" collisions="3" teleports="3" halting="1" stopped="0" meanWaitingTime="72.41" meanTravelTime="249.89" meanSpeed="24.75" meanSpeedRelative="0.77" duration="0"/>
    <step time="17400.00" loaded="7956" inserted="7910" running="69" waiting="46" ended="7841" arrived="7841" collisions="3" teleports="3" halting="1" stopped="0" meanWaitingTime="74.36" meanTravelTime="248.96" meanSpeed="24.79" meanSpeedRelative="0.77" duration="1"/>
    <step time="17700.00" loaded="8059" inserted="8021" running="80" waiting="38" ended="7941" arrived="7941" collisions="3" teleports="3" halting="4" stopped="0" meanWaitingTime="75.29" meanTravelTime="248.55" meanSpeed="23.56" meanSpeedRelative="0.74" duration="1"/>
    <step time="18000.00" loaded="8162" inserted="8117" running="71" waiting="45" ended="8046" arrived="8046" collisions="3" teleports="3" halting="3" stopped="0" meanWaitingTime="75.93" meanTravelTime="248.41" meanSpeed="23.15" meanSpeedRelative="0.72" duration="81"/>
    <step time="18300.00" loaded="8353" inserted="8298" running="117" waiting="55" ended="8181" arrived="8181" collisions="3" teleports="3" halting="1" stopped="0" meanWaitingTime="76.04" meanTravelTime="247.59" meanSpeed="24.91" meanSpeedRelative="0.78" duration="1"/>
    <step time="18600.00" loaded="8572" inserted="8507" running="156" waiting="65" ended="8351" arrived="8351" collisions="3" teleports="3" halting="3" stopped="0" meanWaitingTime="75.77" meanTravelTime="246.15" meanSpeed="25.37" meanSpeedRelative="0.79" duration="1"/>
    <step time="18900.00" loaded="8775" inserted="8701" running="157" waiting="74" ended="8544" arrived="8544" collisions="3" teleports="3" halting="2" stopped="0" meanWaitingTime="75.72" meanTravelTime="246.19" meanSpeed="24.20" meanSpeedRelative="0.76" duration="1"/>
    <step time="19200.00" loaded="8977" inserted="8892" running="138" waiting="85" ended="8754" arrived="8754" collisions="3" teleports="3" halting="1" stopped="0" meanWaitingTime="76.08" meanTravelTime="245.81" meanSpeed="24.49" meanSpeedRelative="0.77" duration="1"/>
    <step time="19500.00" loaded="9204" inserted="9091" running="165" waiting="113" ended="8926" arrived="8926" collisions="3" teleports="3" halting="6" stopped="0" meanWaitingTime="76.47" meanTravelTime="245.39" meanSpeed="23.12" meanSpeedRelative="0.72" duration="1"/>
    <step time="19800.00" loaded="9390" inserted="9262" running="129" waiting="128" ended="9133" arrived="9133" collisions="3" teleports="3" halting="0" stopped="0" meanWaitingTime="77.18" meanTravelTime="245.23" meanSpeed="24.57" meanSpeedRelative="0.77" duration="0"/>
    <step time="20100.00" loaded="9620" inserted="9475" running="154" waiting="145" ended="9321" arrived="9321" collisions="3" teleports="3" halting="3" stopped="0" meanWaitingTime="78.37" meanTravelTime="244.77" meanSpeed="24.59" meanSpeedRelative="0.77" duration="1"/>
    <step time="20400.00" loaded="9834" inserted="9680" running="162" waiting="154" ended="9518" arrived="9518" collisions="3" teleports="3" halting="3" stopped="0" meanWaitingTime="79.88" meanTravelTime="244.17" meanSpeed="23.99" meanSpeedRelative="0.75" duration="2"/>
    <step time="20700.00" loaded="10020" inserted="9853" running="151" waiting="167" ended="9702" arrived="9702" collisions="3" teleports="3" halting="7" stopped="0" meanWaitingTime="81.74" meanTravelTime="244.26" meanSpeed="23.91" meanSpeedRelative="0.75" duration="1"/>
    <step time="21000.00" loaded="10229" inserted="10052" running="169" waiting="177" ended="9883" arrived="9883" collisions="3" teleports="3" halting="1" stopped="0" meanWaitingTime="83.56" meanTravelTime="244.24" meanSpeed="22.81" meanSpeedRelative="0.71" duration="1"/>
    <step time="21300.00" loaded="10413" inserted="10224" running="141" waiting="189" ended="10083" arrived="10083" collisions="3" teleports="3" halting="1" stopped="0" meanWaitingTime="85.98" meanTravelTime="244.42" meanSpeed="24.26" meanSpeedRelative="0.76" duration="1"/>
    <step time="21600.00" loaded="10616" inserted="10422" running="141" waiting="194" ended="10281" arrived="10281" collisions="3" teleports="3" halting="4" stopped="0" meanWaitingTime="88.49" meanTravelTime="244.20" meanSpeed="23.60" meanSpeedRelative="0.74" duration="81"/>
    <step time="21900.00" loaded="11080" inserted="10813" running="307" waiting="267" ended="10506" arrived="10506" collisions="4" teleports="4" halting="4" stopped="0" meanWaitingTime="90.21" meanTravelTime="243.85" meanSpeed="22.14" meanSpeedRelative="0.69" duration="1"/>
    <step time="22200.00" loaded="11554" inserted="11192" running="388" waiting="362" ended="10804" arrived="10804" collisions="4" teleports="4" halting="5" stopped="0" meanWaitingTime="93.54" meanTravelTime="243.96" meanSpeed="21.73" meanSpeedRelative="0.68" duration="3"/>
    <step time="22500.00" loaded="12007" inserted="11565" running="398" waiting="442" ended="11167" arrived="11167" collisions="4" teleports="4" halting="5" stopped="0" meanWaitingTime="97.60" meanTravelTime="245.10" meanSpeed="21.65" meanSpeedRelative="0.68" duration="2"/>
    <step time="22800.00" loaded="12455" inserted="11948" running="396" waiting="507" ended="11552" arrived="11552" collisions="4" teleports="4" halting="6" stopped="0" meanWaitingTime="102.82" meanTravelTime="247.60" meanSpeed="21.04" meanSpeedRelative="0.66" duration="3"/>
    <step time="23100.00" loaded="12890" inserted="12321" running="402" waiting="569" ended="11919" arrived="11919" collisions="5" teleports="5" halting="4" stopped="0" meanWaitingTime="108.10" meanTravelTime="249.85" meanSpeed="20.72" meanSpeedRelative="0.65" duration="2"/>
    <step time="23400.00" loaded="13373" inserted="12709" running="420" waiting="664" ended="12289" arrived="12289" collisions="6" teleports="6" halting="5" stopped="0" meanWaitingTime="113.83" meanTravelTime="252.01" meanSpeed="20.67" meanSpeedRelative="0.65" duration="3"/>
    <step time="23700.00" loaded="13801" inserted="13079" running="414" waiting="722" ended="12665" arrived="12665" collisions="6" teleports="6" halting="10" stopped="0" meanWaitingTime="120.60" meanTravelTime="253.98" meanSpeed="20.41" meanSpeedRelative="0.64" duration="3"/>
    <step time="24000.00" loaded="14239" inserted="13454" running="420" waiting="785" ended="13034" arrived="13034" collisions="7" teleports="7" halting="5" stopped="0" meanWaitingTime="128.21" meanTravelTime="256.24" meanSpeed="20.67" meanSpeedRelative="0.65" duration="2"/>
    <step time="24300.00" loaded="14672" inserted="13802" running="403" waiting="870" ended="13399" arrived="13399" collisions="7" teleports="7" halting="5" stopped="0" meanWaitingTime="135.84" meanTravelTime="258.45" meanSpeed="22.08" meanSpeedRelative="0.69" duration="2"/>
    <step time="24600.00" loaded="15140" inserted="14194" running="442" waiting="946" ended="13752" arrived="13752" collisions="9" teleports="9" halting="8" stopped="0" meanWaitingTime="143.50" meanTravelTime="260.61" meanSpeed="20.64" meanSpeedRelative="0.65" duration="4"/>
    <step time="24900.00" loaded="15608" inserted="14591" running="436" waiting="1017" ended="14155" arrived="14155" collisions="9" teleports="9" halting="7" stopped="0" meanWaitingTime="151.62" meanTravelTime="262.53" meanSpeed="20.30" meanSpeedRelative="0.63" duration="3"/>
    <step time="25200.00" loaded="16054" inserted="14974" running="427" waiting="1080" ended="14547" arrived="14547" collisions="9" teleports="9" halting="7" stopped="0" meanWaitingTime="160.46" meanTravelTime="264.64" meanSpeed="20.41" meanSpeedRelative="0.64" duration="85"/>
    <step time="25500.00" loaded="16635" inserted="15400" running="458" waiting="1235" ended="14942" arrived="14942" collisions="11" teleports="11" halting="2" stopped="0" meanWaitingTime="169.41" meanTravelTime="266.33" meanSpeed="20.69" meanSpeedRelative="0.65" duration="3"/>
    <step time="25800.00" loaded="17158" inserted="15846" running="473" waiting="1312" ended="15373" arrived="15373" collisions="11" teleports="11" halting="3" stopped="0" meanWaitingTime="179.63" meanTravelTime="267.56" meanSpeed="19.54" meanSpeedRelative="0.61" duration="3"/>
    <step time="26100.00" loaded="17744" inserted="16325" running="524" waiting="1419" ended="15801" arrived="15801" collisions="13" teleports="13" halting="7" stopped="0" meanWaitingTime="190.84" meanTravelTime="269.37" meanSpeed="19.69" meanSpeedRelative="0.62" duration="5"/>
    <step time="26400.00" loaded="18290" inserted="16773" running="538" waiting="1517" ended="16235" arrived="16235" collisions="16" teleports="16" halting="6" stopped="0" meanWaitingTime="201.85" meanTravelTime="271.41" meanSpeed="18.99" meanSpeedRelative="0.59" duration="4"/>
    <step time="26700.00" loaded="18830" inserted="17201" running="528" waiting="1629" ended="16673" arrived="16673" collisions="16" teleports="16" halting="2" stopped="0" meanWaitingTime="212.64" meanTravelTime="273.48" meanSpeed="19.15" meanSpeedRelative="0.60" duration="4"/>
    <step time="27000.00" loaded="19383" inserted="17621" running="509" waiting="1762" ended="17112" arrived="17112" collisions="17" teleports="17" halting="6" stopped="0" meanWaitingTime="223.15" meanTravelTime="276.15" meanSpeed="18.91" meanSpeedRelative="0.59" duration="4"/>
    <step time="27300.00" loaded="19945" inserted="18060" running="512" waiting="1885" ended="17548" arrived="17548" collisions="17" teleports="17" halting="18" stopped="0" meanWaitingTime="235.04" meanTravelTime="278.24" meanSpeed="19.29" meanSpeedRelative="0.60" duration="3"/>
    <step time="27600.00" loaded="20503" inserted="18493" running="513" waiting="2010" ended="17980" arrived="17980" collisions="19" teleports="19" halting="7" stopped="0" meanWaitingTime="246.79" meanTravelTime="280.06" meanSpeed="18.43" meanSpeedRelative="0.58" duration="4"/>
    <step time="27900.00" loaded="21063" inserted="18929" running="514" waiting="2134" ended="18415" arrived="18415" collisions="21" teleports="21" halting="6" stopped="0" meanWaitingTime="261.28" meanTravelTime="281.35" meanSpeed="18.94" meanSpeedRelative="0.59" duration="4"/>
    <step time="28200.00" loaded="21643" inserted="19374" running="516" waiting="2269" ended="18858" arrived="18858" collisions="23" teleports="23" halting="8" stopped="0" meanWaitingTime="276.47" meanTravelTime="283.17" meanSpeed="19.02" meanSpeedRelative="0.59" duration="4"/>
    <step time="28500.00" loaded="22236" inserted="19847" running="532" waiting="2389" ended="19315" arrived="19315" collisions="23" teleports="23" halting="3" stopped="0" meanWaitingTime="292.55" meanTravelTime="284.45" meanSpeed="19.07" meanSpeedRelative="0.60" duration="4"/>
    <step time="28800.00" loaded="22798" inserted="20288" running="529" waiting="2510" ended="19759" arrived="19759" collisions="23" teleports="23" halting="3" stopped="0" meanWaitingTime="307.09" meanTravelTime="285.73" meanSpeed="19.53" meanSpeedRelative="0.61" duration="89"/>
    <step time="29100.00" loaded="23157" inserted="20683" running="464" waiting="2474" ended="20219" arrived="20219" collisions="24" teleports="24" halting="4" stopped="0" meanWaitingTime="321.88" meanTravelTime="287.47" meanSpeed="19.73" meanSpeedRelative="0.62" duration="4"/>
    <step time="29400.00" loaded="23526" inserted="21059" running="416" waiting="2467" ended="20643" arrived="20643" collisions="25" teleports="25" halting="8" stopped="0" meanWaitingTime="333.74" meanTravelTime="288.64" meanSpeed="20.42" meanSpeedRelative="0.64" duration="3"/>
    <step time="29700.00" loaded="23898" inserted="21441" running="412" waiting="2457" ended="21029" arrived="21029" collisions="27" teleports="27" halting="9" stopped="0" meanWaitingTime="346.96" meanTravelTime="289.57" meanSpeed="20.53" meanSpeedRelative="0.64" duration="4"/>
    <step time="30000.00" loaded="24259" inserted="21825" running="404" waiting="2434" ended="21421" arrived="21421" collisions="27" teleports="27" halting="3" stopped="0" meanWaitingTime="359.07" meanTravelTime="290.59" meanSpeed="21.30" meanSpeedRelative="0.67" duration="2"/>
    <step time="30300.00" loaded="24592" inserted="22187" running="389" waiting="2405" ended="21798" arrived="21798" collisions="28" teleports="28" halting="8" stopped="0" meanWaitingTime="372.30" meanTravelTime="290.98" meanSpeed="21.91" meanSpeedRelative="0.68" duration="3"/>
    <step time="30600.00" loaded="24944" inserted="22551" running="359" waiting="2393" ended="22192" arrived="22192" collisions="29" teleports="29" halting="8" stopped="0" meanWaitingTime="385.05" meanTravelTime="291.44" meanSpeed="21.25" meanSpeedRelative="0.66" duration="3"/>
    <step time="30900.00" loaded="25313" inserted="22916" running="356" waiting="2397" ended="22560" arrived="22560" collisions="31" teleports="31" halting="12" stopped="0" meanWaitingTime="397.10" meanTravelTime="291.64" meanSpeed="20.94" meanSpeedRelative="0.65" duration="2"/>
    <step time="31200.00" loaded="25665" inserted="23277" running="351" waiting="2388" ended="22926" arrived="22926" collisions="32" teleports="32" halting="3" stopped="0" meanWaitingTime="409.59" meanTravelTime="291.74" meanSpeed="21.59" meanSpeedRelative="0.67" duration="4"/>
    <step time="31500.00" loaded="25985" inserted="23615" running="324" waiting="2370" ended="23291" arrived="23291" collisions="32" teleports="32" halting="5" stopped="0" meanWaitingTime="422.08" meanTravelTime="291.78" meanSpeed="22.25" meanSpeedRelative="0.70" duration="3"/>
    <step time="31800.00" loaded="26355" inserted="23953" running="311" waiting="2402" ended="23642" arrived="23642" collisions="32" teleports="32" halting="5" stopped="0" meanWaitingTime="433.63" meanTravelTime="291.66" meanSpeed="22.61" meanSpeedRelative="0.71" duration="2"/>
    <step time="32100.00" loaded="26726" inserted="24276" running="310" waiting="2450" ended="23966" arrived="23966" collisions="33" teleports="33" halting="4" stopped="0" meanWaitingTime="445.20" meanTravelTime="291.57" meanSpeed="22.83" meanSpeedRelative="0.71" duration="2"/>
    <step time="32400.00" loaded="27070" inserted="24601" running="291" waiting="2469" ended="24310" arrived="24310" collisions="33" teleports="33" halting="6" stopped="0" meanWaitingTime="458.32" meanTravelTime="291.35" meanSpeed="22.92" meanSpeedRelative="0.72" duration="87"/>
    <step time="32700.00" loaded="27346" inserted="24893" running="277" waiting="2453" ended="24616" arrived="24616" collisions="34" teleports="34" halting="2" stopped="0" meanWaitingTime="471.84" meanTravelTime="291.36" meanSpeed="22.65" meanSpeedRelative="0.71" duration="3"/>
    <step time="33000.00" loaded="27627" inserted="25172" running="269" waiting="2455" ended="24903" arrived="24903" collisions="34" teleports="34" halting="7" stopped="0" meanWaitingTime="485.59" meanTravelTime="291.18" meanSpeed="22.76" meanSpeedRelative="0.71" duration="2"/>
    <step time="33300.00" loaded="27885" inserted="25450" running="257" waiting="2435" ended="25193" arrived="25193" collisions="34" teleports="34" halting="5" stopped="0" meanWaitingTime="499.64" meanTravelTime="290.94" meanSpeed="22.81" meanSpeedRelative="0.71" duration="2"/>
    <step time="33600.00" loaded="28154" inserted="25738" running="243" waiting="2416" ended="25495" arrived="25495" collisions="34" teleports="34" halting="5" stopped="0" meanWaitingTime="514.81" meanTravelTime="290.84" meanSpeed="22.81" meanSpeedRelative="0.71" duration="2"/>
    <step time="33900.00" loaded="28382" inserted="25992" running="231" waiting="2390" ended="25761" arrived="25761" collisions="34" teleports="34" halting="9" stopped="0" meanWaitingTime="530.66" meanTravelTime="290.48" meanSpeed="22.13" meanSpeedRelative="0.69" duration="3"/>
    <step time="34200.00" loaded="28643" inserted="26281" running="261" waiting="2362" ended="26020" arrived="26020" collisions="34" teleports="34" halting="6" stopped="0" meanWaitingTime="543.41" meanTravelTime="290.51" meanSpeed="22.10" meanSpeedRelative="0.69" duration="2"/>
    <step time="34500.00" loaded="28891" inserted="26556" running="260" waiting="2335" ended="26296" arrived="26296" collisions="34" teleports="34" halting="3" stopped="0" meanWaitingTime="558.41" meanTravelTime="290.26" meanSpeed="22.45" meanSpeedRelative="0.70" duration="3"/>
    <step time="34800.00" loaded="29182" inserted="26836" running="240" waiting="2346" ended="26596" arrived="26596" collisions="34" teleports="34" halting="5" stopped="0" meanWaitingTime="573.11" meanTravelTime="289.94" meanSpeed="22.70" meanSpeedRelative="0.71" duration="1"/>
    <step time="35100.00" loaded="29439" inserted="27100" running="246" waiting="2339" ended="26854" arrived="26854" collisions="34" teleports="34" halting="2" stopped="0" meanWaitingTime="587.44" meanTravelTime="289.66" meanSpeed="22.63" meanSpeedRelative="0.71" duration="1"/>
    <step time="35400.00" loaded="29686" inserted="27370" running="248" waiting="2316" ended="27122" arrived="27122" collisions="34" teleports="34" halting="4" stopped="0" meanWaitingTime="601.35" meanTravelTime="289.74" meanSpeed="22.01" meanSpeedRelative="0.69" duration="2"/>
    <step time="35700.00" loaded="29928" inserted="27626" running="232" waiting="2302" ended="27394" arrived="27394" collisions="34" teleports="34" halting="8" stopped="0" meanWaitingTime="615.80" meanTravelTime="289.57" meanSpeed="22.35" meanSpeedRelative="0.70" duration="2"/>
    <step time="36000.00" loaded="30195" inserted="27897" running="234" waiting="2298" ended="27663" arrived="27663" collisions="34" teleports="34" halting="2" stopped="0" meanWaitingTime="629.21" meanTravelTime="289.36" meanSpeed="22.69" meanSpeedRelative="0.71" duration="84"/>
    <step time="36300.00" loaded="30650" inserted="28311" running="346" waiting="2339" ended="27965" arrived="27965" collisions="34" teleports="34" halting="5" stopped="0" meanWaitingTime="642.02" meanTravelTime="288.93" meanSpeed="22.65" meanSpeedRelative="0.71" duration="3"/>
    <step time="36600.00" loaded="31126" inserted="28735" running="379" waiting="2391" ended="28356" arrived="28356" collisions="34" teleports="34" halting="6" stopped="0" meanWaitingTime="655.72" meanTravelTime="288.51" meanSpeed="22.02" meanSpeedRelative="0.69" duration="4"/>
    <step time="36900.00" loaded="31631" inserted="29160" running="420" waiting="2471" ended="28740" arrived="28740" collisions="35" teleports="35" halting="5" stopped="0" meanWaitingTime="667.26" meanTravelTime="288.31" meanSpeed="20.98" meanSpeedRelative="0.66" duration="3"/>
    <step time="37200.00" loaded="32110" inserted="29569" running="441" waiting="2541" ended="29128" arrived="29128" collisions="36" teleports="36" halting="8" stopped="0" meanWaitingTime="679.04" meanTravelTime="288.35" meanSpeed="21.17" meanSpeedRelative="0.66" duration="3"/>
    <step time="37500.00" loaded="32581" inserted="29976" running="426" waiting="2605" ended="29550" arrived="29550" collisions="39" teleports="39" halting="8" stopped="0" meanWaitingTime="691.38" meanTravelTime="288.89" meanSpeed="21.10" meanSpeedRelative="0.66" duration="3"/>
    <step time="37800.00" loaded="33041" inserted="30392" running="434" waiting="2649" ended="29958" arrived="29958" collisions="39" teleports="39" halting="9" stopped="0" meanWaitingTime="705.58" meanTravelTime="289.27" meanSpeed="20.66" meanSpeedRelative="0.65" duration="5"/>
    <step time="38100.00" loaded="33500" inserted="30807" running="437" waiting="2693" ended="30370" arrived="30370" collisions="39" teleports="39" halting="6" stopped="0" meanWaitingTime="717.93" meanTravelTime="289.59" meanSpeed="20.38" meanSpeedRelative="0.64" duration="5"/>
    <step time="38400.00" loaded="33994" inserted="31237" running="433" waiting="2757" ended="30804" arrived="30804" collisions="41" teleports="41" halting="4" stopped="0" meanWaitingTime="729.63" meanTravelTime="289.85" meanSpeed="21.65" meanSpeedRelative="0.68" duration="4"/>
    <step time="38700.00" loaded="34451" inserted="31629" running="419" waiting="2822" ended="31210" arrived="31210" collisions="41" teleports="41" halting="9" stopped="0" meanWaitingTime="741.95" meanTravelTime="290.16" meanSpeed="20.43" meanSpeedRelative="0.64" duration="5"/>
    <step time="39000.00" loaded="34898" inserted="32040" running="453" waiting="2858" ended="31587" arrived="31587" collisions="41" teleports="41" halting="4" stopped="0" meanWaitingTime="754.48" meanTravelTime="290.58" meanSpeed="19.59" meanSpeedRelative="0.61" duration="4"/>
    <step time="39300.00" loaded="35390" inserted="32454" running="478" waiting="2936" ended="31976" arrived="31976" collisions="41" teleports="41" halting="7" stopped="0" meanWaitingTime="766.03" meanTravelTime="290.97" meanSpeed="19.45" meanSpeedRelative="0.61" duration="4"/>
    <step time="39600.00" loaded="35888" inserted="32859" running="471" waiting="3029" ended="32388" arrived="32388" collisions="43" teleports="43" halting="7" stopped="0" meanWaitingTime="776.25" meanTravelTime="291.40" meanSpeed="20.09" meanSpeedRelative="0.63" duration="90"/>
    <step time="39900.00" loaded="36454" inserted="33306" running="480" waiting="3148" ended="32826" arrived="32826" collisions="43" teleports="43" halting="6" stopped="0" meanWaitingTime="787.17" meanTravelTime="291.95" meanSpeed="20.61" meanSpeedRelative="0.64" duration="4"/>
    <step time="40200.00" loaded="36954" inserted="33712" running="462" waiting="3242" ended="33250" arrived="33250" collisions="43" teleports="43" halting="7" stopped="0" meanWaitingTime="799.46" meanTravelTime="292.87" meanSpeed="20.42" meanSpeedRelative="0.64" duration="4"/>
    <step time="40500.00" loaded="37510" inserted="34182" running="502" waiting="3328" ended="33680" arrived="33680" collisions="44" teleports="44" halting="3" stopped="0" meanWaitingTime="810.24" meanTravelTime="293.12" meanSpeed="20.39" meanSpeedRelative="0.64" duration="6"/>
    <step time="40800.00" loaded="38057" inserted="34634" running="495" waiting="3423" ended="34139" arrived="34139" collisions="47" teleports="47" halting="7" stopped="0" meanWaitingTime="822.69" meanTravelTime="293.61" meanSpeed="19.75" meanSpeedRelative="0.62" duration="5"/>
    <step time="41100.00" loaded="38608" inserted="35080" running="507" waiting="3528" ended="34573" arrived="34573" collisions="49" teleports="49" halting="6" stopped="0" meanWaitingTime="832.79" meanTravelTime="293.99" meanSpeed="19.90" meanSpeedRelative="0.62" duration="5"/>
    <step time="41400.00" loaded="39167" inserted="35524" running="532" waiting="3643" ended="34992" arrived="34992" collisions="51" teleports="51" halting="7" stopped="0" meanWaitingTime="844.59" meanTravelTime="294.52" meanSpeed="19.56" meanSpeedRelative="0.61" duration="5"/>
    <step time="41700.00" loaded="39729" inserted="35981" running="530" waiting="3748" ended="35451" arrived="35451" collisions="51" teleports="51" halting="5" stopped="0" meanWaitingTime="856.72" meanTravelTime="295.27" meanSpeed="19.54" meanSpeedRelative="0.61" duration="5"/>
    <step time="42000.00" loaded="40228" inserted="36403" running="489" waiting="3825" ended="35914" arrived="35914" collisions="51" teleports="51" halting="10" stopped="0" meanWaitingTime="869.40" meanTravelTime="296.14" meanSpeed="19.79" meanSpeedRelative="0.62" duration="4"/>
    <step time="42300.00" loaded="40773" inserted="36843" running="502" waiting="3930" ended="36341" arrived="36341" collisions="53" teleports="53" halting="8" stopped="0" meanWaitingTime="884.40" meanTravelTime="296.75" meanSpeed="19.88" meanSpeedRelative="0.62" duration="5"/>
    <step time="42600.00" loaded="41317" inserted="37292" running="520" waiting="4025" ended="36772" arrived="36772" collisions="54" teleports="54" halting="4" stopped="0" meanWaitingTime="897.56" meanTravelTime="297.50" meanSpeed="19.48" meanSpeedRelative="0.61" duration="5"/>
    <step time="42900.00" loaded="41808" inserted="37720" running="496" waiting="4088" ended="37224" arrived="37224" collisions="54" teleports="54" halting="7" stopped="0" meanWaitingTime="911.36" meanTravelTime="297.85" meanSpeed="19.88" meanSpeedRelative="0.62" duration="5"/>
    <step time="43200.00" loaded="42315" inserted="38162" running="506" waiting="4153" ended="37656" arrived="37656" collisions="54" teleports="54" halting="10" stopped="0" meanWaitingTime="922.45" meanTravelTime="298.32" meanSpeed="19.99" meanSpeedRelative="0.62" duration="92"/>
    <step time="43500.00" loaded="42875" inserted="38624" running="553" waiting="4251" ended="38071" arrived="38071" collisions="55" teleports="55" halting="1" stopped="0" meanWaitingTime="934.26" meanTravelTime="298.91" meanSpeed="20.16" meanSpeedRelative="0.63" duration="5"/>
    <step time="43800.00" loaded="43387" inserted="39078" running="558" waiting="4309" ended="38520" arrived="38520" collisions="56" teleports="56" halting="6" stopped="0" meanWaitingTime="945.50" meanTravelTime="299.33" meanSpeed="18.57" meanSpeedRelative="0.58" duration="5"/>
    <step time="44100.00" loaded="43915" inserted="39527" running="556" waiting="4388" ended="38971" arrived="38971" collisions="59" teleports="59" halting="11" stopped="0" meanWaitingTime="958.55" meanTravelTime="300.21" meanSpeed="18.20" meanSpeedRelative="0.57" duration="7"/>
    <step time="44400.00" loaded="44424" inserted="39975" running="564" waiting="4449" ended="39411" arrived="39411" collisions="59" teleports="59" halting="8" stopped="0" meanWaitingTime="969.41" meanTravelTime="301.03" meanSpeed="18.97" meanSpeedRelative="0.59" duration="5"/>
    <step time="44700.00" loaded="44955" inserted="40438" running="561" waiting="4517" ended="39877" arrived="39877" collisions="60" teleports="60" halting="9" stopped="0" meanWaitingTime="982.27" meanTravelTime="301.65" meanSpeed="18.93" meanSpeedRelative="0.59" duration="9"/>
    <step time="45000.00" loaded="45457" inserted="40879" running="540" waiting="4578" ended="40339" arrived="40339" collisions="64" teleports="64" halting="4" stopped="0" meanWaitingTime="995.64" meanTravelTime="302.39" meanSpeed="18.84" meanSpeedRelative="0.59" duration="4"/>
    <step time="45300.00" loaded="45964" inserted="41338" running="540" waiting="4626" ended="40798" arrived="40798" collisions="64" teleports="64" halting="8" stopped="0" meanWaitingTime="1008.49" meanTravelTime="303.32" meanSpeed="19.37" meanSpeedRelative="0.61" duration="4"/>
    <step time="45600.00" loaded="46487" inserted="41815" running="551" waiting="4672" ended="41264" arrived="41264" collisions="65" teleports="65" halting="6" stopped="0" meanWaitingTime="1022.10" meanTravelTime="303.74" meanSpeed="19.18" meanSpeedRelative="0.60" duration="7"/>
    <step time="45900.00" loaded="47022" inserted="42254" running="524" waiting="4768" ended="41730" arrived="41730" collisions="66" teleports="66" halting="3" stopped="0" meanWaitingTime="1032.93" meanTravelTime="304.35" meanSpeed="19.74" meanSpeedRelative="0.62" duration="6"/>
    <step time="46200.00" loaded="47553" inserted="42699" running="528" waiting="4854" ended="42171" arrived="42171" collisions="66" teleports="66" halting="9" stopped="0" meanWaitingTime="1043.91" meanTravelTime="304.89" meanSpeed="19.31" meanSpeedRelative="0.60" duration="6"/>
    <step time="46500.00" loaded="48103" inserted="43159" running="533" waiting="4944" ended="42626" arrived="42626" collisions="67" teleports="67" halting="8" stopped="0" meanWaitingTime="1053.26" meanTravelTime="305.31" meanSpeed="19.14" meanSpeedRelative="0.60" duration="7"/>
    <step time="46800.00" loaded="48625" inserted="43612" running="543" waiting="5013" ended="43069" arrived="43069" collisions="68" teleports="68" halting="3" stopped="0" meanWaitingTime="1064.35" meanTravelTime="305.77" meanSpeed="18.98" meanSpeedRelative="0.59" duration="100"/>
    <step time="47100.00" loaded="49173" inserted="44103" running="565" waiting="5070" ended="43538" arrived="43538" collisions="69" teleports="69" halting="8" stopped="0" meanWaitingTime="1075.57" meanTravelTime="306.21" meanSpeed="19.68" meanSpeedRelative="0.61" duration="5"/>
    <step time="47400.00" loaded="49681" inserted="44547" running="571" waiting="5134" ended="43976" arrived="43976" collisions="70" teleports="70" halting="5" stopped="0" meanWaitingTime="1085.81" meanTravelTime="306.92" meanSpeed="18.83" meanSpeedRelative="0.59" duration="5"/>
    <step time="47700.00" loaded="50194" inserted="45010" running="568" waiting="5184" ended="44442" arrived="44442" collisions="71" teleports="71" halting="9" stopped="0" meanWaitingTime="1096.33" meanTravelTime="307.55" meanSpeed="18.98" meanSpeedRelative="0.59" duration="7"/>
    <step time="48000.00" loaded="50714" inserted="45454" running="576" waiting="5260" ended="44878" arrived="44878" collisions="71" teleports="71" halting="4" stopped="0" meanWaitingTime="1107.87" meanTravelTime="308.10" meanSpeed="18.71" meanSpeedRelative="0.58" duration="6"/>
    <step time="48300.00" loaded="51201" inserted="45895" running="558" waiting="5306" ended="45337" arrived="45337" collisions="72" teleports="72" halting="5" stopped="0" meanWaitingTime="1119.80" meanTravelTime="308.79" meanSpeed="19.23" meanSpeedRelative="0.60" duration="7"/>
    <step time="48600.00" loaded="51752" inserted="46383" running="601" waiting="5369" ended="45782" arrived="45782" collisions="73" teleports="73" halting="5" stopped="0" meanWaitingTime="1130.21" meanTravelTime="309.30" meanSpeed="18.60" meanSpeedRelative="0.58" duration="4"/>
    <step time="48900.00" loaded="52267" inserted="46848" running="604" waiting="5419" ended="46244" arrived="46244" collisions="75" teleports="75" halting="7" stopped="0" meanWaitingTime="1141.94" meanTravelTime="310.00" meanSpeed="18.15" meanSpeedRelative="0.57" duration="8"/>
    <step time="49200.00" loaded="52801" inserted="47296" running="568" waiting="5505" ended="46728" arrived="46728" collisions="77" teleports="77" halting="5" stopped="0" meanWaitingTime="1152.69" meanTravelTime="310.95" meanSpeed="18.41" meanSpeedRelative="0.58" duration="7"/>
    <step time="49500.00" loaded="53302" inserted="47748" running="593" waiting="5554" ended="47155" arrived="47155" collisions="78" teleports="78" halting="3" stopped="0" meanWaitingTime="1162.74" meanTravelTime="311.64" meanSpeed="17.96" meanSpeedRelative="0.56" duration="4"/>
    <step time="49800.00" loaded="53816" inserted="48169" running="576" waiting="5647" ended="47593" arrived="47593" collisions="80" teleports="80" halting="7" stopped="0" meanWaitingTime="1171.87" meanTravelTime="312.56" meanSpeed="18.59" meanSpeedRelative="0.58" duration="7"/>
    <step time="50100.00" loaded="54388" inserted="48603" running="566" waiting="5785" ended="48037" arrived="48037" collisions="83" teleports="83" halting="10" stopped="0" meanWaitingTime="1180.55" meanTravelTime="313.26" meanSpeed="18.41" meanSpeedRelative="0.58" duration="6"/>
    <step time="50400.00" loaded="54947" inserted="49053" running="570" waiting="5894" ended="48483" arrived="48483" collisions="83" teleports="83" halting="6" stopped="0" meanWaitingTime="1190.93" meanTravelTime="313.98" meanSpeed="18.52" meanSpeedRelative="0.58" duration="96"/>
    <step time="50700.00" loaded="55610" inserted="49541" running="596" waiting="6069" ended="48945" arrived="48945" collisions="83" teleports="83" halting="9" stopped="0" meanWaitingTime="1201.65" meanTravelTime="314.54" meanSpeed="18.33" meanSpeedRelative="0.57" duration="6"/>
    <step time="51000.00" loaded="56365" inserted="50095" running="671" waiting="6270" ended="49424" arrived="49424" collisions="87" teleports="87" halting="7" stopped="0" meanWaitingTime="1214.08" meanTravelTime="315.06" meanSpeed="16.96" meanSpeedRelative="0.53" duration="9"/>
    <step time="51300.00" loaded="57110" inserted="50624" running="691" waiting="6486" ended="49933" arrived="49933" collisions="90" teleports="90" halting="5" stopped="0" meanWaitingTime="1229.14" meanTravelTime="315.64" meanSpeed="17.30" meanSpeedRelative="0.54" duration="9"/>
    <step time="51600.00" loaded="57861" inserted="51154" running="721" waiting="6707" ended="50433" arrived="50433" collisions="92" teleports="92" halting="6" stopped="0" meanWaitingTime="1242.83" meanTravelTime="316.42" meanSpeed="16.48" meanSpeedRelative="0.52" duration="11"/>
    <step time="51900.00" loaded="58575" inserted="51690" running="736" waiting="6885" ended="50954" arrived="50954" collisions="95" teleports="95" halting="4" stopped="0" meanWaitingTime="1255.65" meanTravelTime="317.32" meanSpeed="15.88" meanSpeedRelative="0.50" duration="9"/>
    <step time="52200.00" loaded="59317" inserted="52262" running="827" waiting="7055" ended="51435" arrived="51435" collisions="97" teleports="97" halting="7" stopped="0" meanWaitingTime="1270.90" meanTravelTime="318.13" meanSpeed="15.11" meanSpeedRelative="0.47" duration="15"/>
    <step time="52500.00" loaded="60055" inserted="52813" running="887" waiting="7242" ended="51926" arrived="51926" collisions="97" teleports="97" halting="11" stopped="0" meanWaitingTime="1282.91" meanTravelTime="319.51" meanSpeed="13.73" meanSpeedRelative="0.43" duration="10"/>
    <step time="52800.00" loaded="60784" inserted="53336" running="882" waiting="7448" ended="52454" arrived="52454" collisions="101" teleports="101" halting="8" stopped="0" meanWaitingTime="1296.23" meanTravelTime="321.03" meanSpeed="13.98" meanSpeedRelative="0.44" duration="11"/>
    <step time="53100.00" loaded="61528" inserted="53873" running="915" waiting="7655" ended="52958" arrived="52958" collisions="104" teleports="104" halting="14" stopped="0" meanWaitingTime="1309.64" meanTravelTime="322.93" meanSpeed="13.78" meanSpeedRelative="0.43" duration="11"/>
    <step time="53400.00" loaded="62294" inserted="54382" running="895" waiting="7912" ended="53487" arrived="53487" collisions="108" teleports="108" halting="6" stopped="0" meanWaitingTime="1322.98" meanTravelTime="324.51" meanSpeed="14.31" meanSpeedRelative="0.45" duration="11"/>
    <step time="53700.00" loaded="62993" inserted="54927" running="935" waiting="8066" ended="53992" arrived="53992" collisions="110" teleports="110" halting="9" stopped="0" meanWaitingTime="1341.11" meanTravelTime="326.19" meanSpeed="13.17" meanSpeedRelative="0.41" duration="10"/>
    <step time="54000.00" loaded="63683" inserted="55449" running="928" waiting="8234" ended="54521" arrived="54521" collisions="112" teleports="112" halting="11" stopped="0" meanWaitingTime="1356.82" meanTravelTime="328.28" meanSpeed="13.42" meanSpeedRelative="0.42" duration="92"/>
    <step time="54300.00" loaded="64160" inserted="55893" running="852" waiting="8267" ended="55041" arrived="55041" collisions="116" teleports="116" halting="9" stopped="0" meanWaitingTime="1370.56" meanTravelTime="330.34" meanSpeed="13.77" meanSpeedRelative="0.43" duration="10"/>
    <step time="54600.00" loaded="64603" inserted="56303" running="786" waiting="8300" ended="55517" arrived="55517" collisions="118" teleports="118" halting="9" stopped="0" meanWaitingTime="1384.33" meanTravelTime="332.07" meanSpeed="13.82" meanSpeedRelative="0.43" duration="10"/>
    <step time="54900.00" loaded="65081" inserted="56756" running="756" waiting="8325" ended="56000" arrived="56000" collisions="121" teleports="121" halting="7" stopped="0" meanWaitingTime="1402.71" meanTravelTime="333.61" meanSpeed="14.78" meanSpeedRelative="0.46" duration="8"/>
    <step time="55200.00" loaded="65550" inserted="57223" running="691" waiting="8327" ended="56532" arrived="56532" collisions="123" teleports="123" halting="5" stopped="0" meanWaitingTime="1421.40" meanTravelTime="335.21" meanSpeed="16.15" meanSpeedRelative="0.50" duration="10"/>
    <step time="55500.00" loaded="66006" inserted="57687" running="686" waiting="8319" ended="57001" arrived="57001" collisions="125" teleports="125" halting="7" stopped="0" meanWaitingTime="1439.50" meanTravelTime="336.49" meanSpeed="17.11" meanSpeedRelative="0.53" duration="9"/>
    <step time="55800.00" loaded="66467" inserted="58142" running="657" waiting="8325" ended="57485" arrived="57485" collisions="125" teleports="125" halting="3" stopped="0" meanWaitingTime="1456.17" meanTravelTime="337.43" meanSpeed="16.16" meanSpeedRelative="0.51" duration="9"/>
    <step time="56100.00" loaded="66922" inserted="58575" running="641" waiting="8347" ended="57934" arrived="57934" collisions="128" teleports="128" halting="8" stopped="0" meanWaitingTime="1474.08" meanTravelTime="338.18" meanSpeed="17.29" meanSpeedRelative="0.54" duration="8"/>
    <step time="56400.00" loaded="67401" inserted="59030" running="596" waiting="8371" ended="58434" arrived="58434" collisions="130" teleports="130" halting="1" stopped="0" meanWaitingTime="1491.79" meanTravelTime="338.66" meanSpeed="18.53" meanSpeedRelative="0.58" duration="9"/>
    <step time="56700.00" loaded="67821" inserted="59456" running="552" waiting="8365" ended="58904" arrived="58904" collisions="132" teleports="132" halting="3" stopped="0" meanWaitingTime="1510.81" meanTravelTime="339.42" meanSpeed="18.13" meanSpeedRelative="0.57" duration="7"/>
    <step time="57000.00" loaded="68253" inserted="59912" running="564" waiting="8341" ended="59348" arrived="59348" collisions="133" teleports="133" halting="5" stopped="0" meanWaitingTime="1530.06" meanTravelTime="339.89" meanSpeed="18.51" meanSpeedRelative="0.58" duration="8"/>
    <step time="57300.00" loaded="68718" inserted="60364" running="558" waiting="8354" ended="59806" arrived="59806" collisions="135" teleports="135" halting="9" stopped="0" meanWaitingTime="1547.41" meanTravelTime="340.19" meanSpeed="17.93" meanSpeedRelative="0.56" duration="7"/>
    <step time="57600.00" loaded="69172" inserted="60825" running="570" waiting="8347" ended="60255" arrived="60255" collisions="135" teleports="135" halting="5" stopped="0" meanWaitingTime="1566.58" meanTravelTime="340.36" meanSpeed="17.89" meanSpeedRelative="0.56" duration="92"/>
    <step time="57900.00" loaded="69727" inserted="61296" running="591" waiting="8431" ended="60705" arrived="60705" collisions="135" teleports="135" halting="4" stopped="0" meanWaitingTime="1584.08" meanTravelTime="340.62" meanSpeed="18.56" meanSpeedRelative="0.58" duration="9"/>
    <step time="58200.00" loaded="70251" inserted="61755" running="608" waiting="8496" ended="61147" arrived="61147" collisions="137" teleports="137" halting="6" stopped="0" meanWaitingTime="1601.32" meanTravelTime="340.84" meanSpeed="17.74" meanSpeedRelative="0.55" duration="8"/>
    <step time="58500.00" loaded="70815" inserted="62235" running="617" waiting="8580" ended="61618" arrived="61618" collisions="140" teleports="140" halting="6" stopped="0" meanWaitingTime="1618.23" meanTravelTime="341.22" meanSpeed="18.07" meanSpeedRelative="0.56" duration="9"/>
    <step time="58800.00" loaded="71391" inserted="62744" running="646" waiting="8647" ended="62098" arrived="62098" collisions="141" teleports="141" halting="2" stopped="0" meanWaitingTime="1636.13" meanTravelTime="341.54" meanSpeed="17.27" meanSpeedRelative="0.54" duration="10"/>
    <step time="59100.00" loaded="71949" inserted="63233" running="681" waiting="8716" ended="62552" arrived="62552" collisions="143" teleports="143" halting="4" stopped="0" meanWaitingTime="1653.39" meanTravelTime="341.78" meanSpeed="17.19" meanSpeedRelative="0.54" duration="9"/>
    <step time="59400.00" loaded="72508" inserted="63715" running="681" waiting="8793" ended="63034" arrived="63034" collisions="145" teleports="145" halting="5" stopped="0" meanWaitingTime="1670.61" meanTravelTime="342.31" meanSpeed="17.13" meanSpeedRelative="0.54" duration="9"/>
    <step time="59700.00" loaded="73089" inserted="64201" running="682" waiting="8888" ended="63519" arrived="63519" collisions="147" teleports="147" halting="3" stopped="0" meanWaitingTime="1685.80" meanTravelTime="343.11" meanSpeed="16.44" meanSpeedRelative="0.51" duration="9"/>
    <step time="60000.00" loaded="73652" inserted="64681" running="655" waiting="8971" ended="64026" arrived="64026" collisions="150" teleports="150" halting="8" stopped="0" meanWaitingTime="1701.94" meanTravelTime="343.61" meanSpeed="17.37" meanSpeedRelative="0.54" duration="10"/>
    <step time="60300.00" loaded="74200" inserted="65174" running="682" waiting="9026" ended="64492" arrived="64492" collisions="153" teleports="153" halting="1" stopped="0" meanWaitingTime="1717.84" meanTravelTime="344.15" meanSpeed="17.34" meanSpeedRelative="0.54" duration="11"/>
    <step time="60600.00" loaded="74762" inserted="65669" running="695" waiting="9093" ended="64974" arrived="64974" collisions="156" teleports="156" halting="3" stopped="0" meanWaitingTime="1735.01" meanTravelTime="344.57" meanSpeed="17.66" meanSpeedRelative="0.55" duration="7"/>
    <step time="60900.00" loaded="75286" inserted="66158" running="690" waiting="9128" ended="65468" arrived="65468" collisions="158" teleports="158" halting="6" stopped="0" meanWaitingTime="1751.25" meanTravelTime="345.07" meanSpeed="16.94" meanSpeedRelative="0.53" duration="9"/>
    <step time="61200.00" loaded="75875" inserted="66654" running="719" waiting="9221" ended="65935" arrived="65935" collisions="158" teleports="158" halting="9" stopped="0" meanWaitingTime="1768.00" meanTravelTime="345.56" meanSpeed="16.74" meanSpeedRelative="0.52" duration="98"/>
    <step time="61500.00" loaded="75941" inserted="66974" running="583" waiting="8967" ended="66391" arrived="66391" collisions="160" teleports="160" halting="9" stopped="0" meanWaitingTime="1788.10" meanTravelTime="346.33" meanSpeed="16.79" meanSpeedRelative="0.52" duration="8"/>
    <step time="61800.00" loaded="76014" inserted="67322" running="535" waiting="8692" ended="66787" arrived="66787" collisions="161" teleports="161" halting="6" stopped="0" meanWaitingTime="1812.03" meanTravelTime="347.14" meanSpeed="17.16" meanSpeedRelative="0.54" duration="9"/>
    <step time="62100.00" loaded="76087" inserted="67661" running="479" waiting="8426" ended="67182" arrived="67182" collisions="162" teleports="162" halting="2" stopped="0" meanWaitingTime="1834.69" meanTravelTime="348.17" meanSpeed="19.35" meanSpeedRelative="0.60" duration="7"/>
    <step time="62400.00" loaded="76171" inserted="67981" running="436" waiting="8190" ended="67545" arrived="67545" collisions="165" teleports="165" halting="2" stopped="0" meanWaitingTime="1854.68" meanTravelTime="348.53" meanSpeed="19.83" meanSpeedRelative="0.62" duration="8"/>
    <step time="62700.00" loaded="76244" inserted="68253" running="377" waiting="7991" ended="67876" arrived="67876" collisions="168" teleports="168" halting="5" stopped="0" meanWaitingTime="1873.46" meanTravelTime="348.97" meanSpeed="21.09" meanSpeedRelative="0.66" duration="7"/>
    <step time="63000.00" loaded="76311" inserted="68458" running="276" waiting="7853" ended="68182" arrived="68182" collisions="168" teleports="168" halting="4" stopped="0" meanWaitingTime="1891.90" meanTravelTime="349.24" meanSpeed="22.23" meanSpeedRelative="0.69" duration="5"/>
    <step time="63300.00" loaded="76381" inserted="68681" running="224" waiting="7700" ended="68457" arrived="68457" collisions="168" teleports="168" halting="1" stopped="0" meanWaitingTime="1911.40" meanTravelTime="349.37" meanSpeed="21.83" meanSpeedRelative="0.68" duration="5"/>
    <step time="63600.00" loaded="76455" inserted="68895" running="224" waiting="7560" ended="68671" arrived="68671" collisions="168" teleports="168" halting="3" stopped="0" meanWaitingTime="1930.85" meanTravelTime="349.39" meanSpeed="22.16" meanSpeedRelative="0.69" duration="4"/>
    <step time="63900.00" loaded="76515" inserted="69109" running="208" waiting="7406" ended="68901" arrived="68901" collisions="168" teleports="168" halting="7" stopped="0" meanWaitingTime="1951.09" meanTravelTime="349.22" meanSpeed="21.02" meanSpeedRelative="0.66" duration="4"/>
    <step time="64200.00" loaded="76592" inserted="69312" running="221" waiting="7280" ended="69091" arrived="69091" collisions="168" teleports="168" halting="4" stopped="0" meanWaitingTime="1967.67" meanTravelTime="349.07" meanSpeed="21.53" meanSpeedRelative="0.67" duration="3"/>
    <step time="64500.00" loaded="76653" inserted="69527" running="224" waiting="7126" ended="69303" arrived="69303" collisions="168" teleports="168" halting="2" stopped="0" meanWaitingTime="1987.55" meanTravelTime="348.93" meanSpeed="22.24" meanSpeedRelative="0.70" duration="2"/>
    <step time="64800.00" loaded="76747" inserted="69755" running="228" waiting="6992" ended="69527" arrived="69527" collisions="168" teleports="168" halting="3" stopped="0" meanWaitingTime="2006.55" meanTravelTime="348.82" meanSpeed="22.07" meanSpeedRelative="0.69" duration="95"/>
    <step time="65100.00" loaded="76788" inserted="69957" running="221" waiting="6831" ended="69736" arrived="69736" collisions="168" teleports="168" halting="8" stopped="0" meanWaitingTime="2027.79" meanTravelTime="348.73" meanSpeed="21.20" meanSpeedRelative="0.66" duration="6"/>
    <step time="65400.00" loaded="76863" inserted="70156" running="220" waiting="6707" ended="69936" arrived="69936" collisions="168" teleports="168" halting="4" stopped="0" meanWaitingTime="2045.15" meanTravelTime="348.64" meanSpeed="21.82" meanSpeedRelative="0.68" duration="3"/>
    <step time="65700.00" loaded="76923" inserted="70364" running="215" waiting="6559" ended="70149" arrived="70149" collisions="168" teleports="168" halting="3" stopped="0" meanWaitingTime="2064.91" meanTravelTime="348.56" meanSpeed="22.18" meanSpeedRelative="0.69" duration="3"/>
    <step time="66000.00" loaded="76968" inserted="70591" running="229" waiting="6377" ended="70362" arrived="70362" collisions="168" teleports="168" halting="8" stopped="0" meanWaitingTime="2091.59" meanTravelTime="348.37" meanSpeed="20.91" meanSpeedRelative="0.65" duration="3"/>
    <step time="66300.00" loaded="77016" inserted="70779" running="217" waiting="6237" ended="70562" arrived="70562" collisions="168" teleports="168" halting="1" stopped="0" meanWaitingTime="2109.20" meanTravelTime="348.29" meanSpeed="21.12" meanSpeedRelative="0.66" duration="4"/>
    <step time="66600.00" loaded="77069" inserted="71022" running="229" waiting="6047" ended="70793" arrived="70793" collisions="168" teleports="168" halting="2" stopped="0" meanWaitingTime="2133.03" meanTravelTime="348.17" meanSpeed="21.72" meanSpeedRelative="0.68" duration="4"/>
    <step time="66900.00" loaded="77122" inserted="71191" running="170" waiting="5931" ended="71021" arrived="71021" collisions="168" teleports="168" halting="4" stopped="0" meanWaitingTime="2153.22" meanTravelTime="347.97" meanSpeed="21.42" meanSpeedRelative="0.67" duration="3"/>
    <step time="67200.00" loaded="77163" inserted="71337" running="125" waiting="5826" ended="71212" arrived="71212" collisions="168" teleports="168" halting="9" stopped="0" meanWaitingTime="2174.52" meanTravelTime="347.81" meanSpeed="20.07" meanSpeedRelative="0.63" duration="1"/>
    <step time="67500.00" loaded="77216" inserted="71475" running="118" waiting="5741" ended="71357" arrived="71357" collisions="168" teleports="168" halting="3" stopped="0" meanWaitingTime="2191.09" meanTravelTime="347.67" meanSpeed="21.00" meanSpeedRelative="0.66" duration="2"/>
    <step time="67800.00" loaded="77265" inserted="71613" running="114" waiting="5652" ended="71499" arrived="71499" collisions="168" teleports="168" halting="6" stopped="0" meanWaitingTime="2208.27" meanTravelTime="347.51" meanSpeed="20.45" meanSpeedRelative="0.64" duration="2"/>
    <step time="68100.00" loaded="77318" inserted="71753" running="109" waiting="5565" ended="71644" arrived="71644" collisions="168" teleports="168" halting="6" stopped="0" meanWaitingTime="2225.39" meanTravelTime="347.31" meanSpeed="21.44" meanSpeedRelative="0.67" duration="2"/>
    <step time="68400.00" loaded="77363" inserted="71909" running="120" waiting="5454" ended="71789" arrived="71789" collisions="168" teleports="168" halting="0" stopped="0" meanWaitingTime="2246.50" meanTravelTime="347.10" meanSpeed="20.11" meanSpeedRelative="0.63" duration="91"/>
    <step time="68700.00" loaded="77519" inserted="72128" running="167" waiting="5391" ended="71961" arrived="71961" collisions="168" teleports="168" halting="2" stopped="0" meanWaitingTime="2263.28" meanTravelTime="346.78" meanSpeed="22.19" meanSpeedRelative="0.69" duration="3"/>
    <step time="69000.00" loaded="77678" inserted="72328" running="179" waiting="5350" ended="72149" arrived="72149" collisions="168" teleports="168" halting="4" stopped="0" meanWaitingTime="2275.96" meanTravelTime="346.49" meanSpeed="22.80" meanSpeedRelative="0.71" duration="2"/>
    <step time="69300.00" loaded="77821" inserted="72515" running="168" waiting="5306" ended="72347" arrived="72347" collisions="168" teleports="168" halting="7" stopped="0" meanWaitingTime="2289.77" meanTravelTime="346.27" meanSpeed="21.84" meanSpeedRelative="0.68" duration="2"/>
    <step time="69600.00" loaded="77954" inserted="72704" running="178" waiting="5250" ended="72526" arrived="72526" collisions="168" teleports="168" halting="2" stopped="0" meanWaitingTime="2304.47" meanTravelTime="346.08" meanSpeed="22.49" meanSpeedRelative="0.70" duration="2"/>
    <step time="69900.00" loaded="78112" inserted="72916" running="190" waiting="5196" ended="72726" arrived="72726" collisions="168" teleports="168" halting="2" stopped="0" meanWaitingTime="2317.53" meanTravelTime="345.92" meanSpeed="22.81" meanSpeedRelative="0.71" duration="2"/>
    <step time="70200.00" loaded="78259" inserted="73134" running="208" waiting="5125" ended="72926" arrived="72926" collisions="168" teleports="168" halting="10" stopped="0" meanWaitingTime="2333.37" meanTravelTime="345.70" meanSpeed="21.96" meanSpeedRelative="0.69" duration="2"/>
    <step time="70500.00" loaded="78396" inserted="73329" running="191" waiting="5067" ended="73138" arrived="73138" collisions="168" teleports="168" halting="2" stopped="0" meanWaitingTime="2350.41" meanTravelTime="345.47" meanSpeed="22.18" meanSpeedRelative="0.69" duration="2"/>
    <step time="70800.00" loaded="78555" inserted="73523" running="174" waiting="5032" ended="73349" arrived="73349" collisions="169" teleports="169" halting="2" stopped="0" meanWaitingTime="2363.82" meanTravelTime="345.28" meanSpeed="22.65" meanSpeedRelative="0.71" duration="2"/>
    <step time="71100.00" loaded="78702" inserted="73729" running="182" waiting="4973" ended="73547" arrived="73547" collisions="169" teleports="169" halting="3" stopped="0" meanWaitingTime="2379.02" meanTravelTime="345.11" meanSpeed="21.74" meanSpeedRelative="0.68" duration="1"/>
    <step time="71400.00" loaded="78858" inserted="73930" running="184" waiting="4928" ended="73746" arrived="73746" collisions="169" teleports="169" halting="3" stopped="0" meanWaitingTime="2394.16" meanTravelTime="344.90" meanSpeed="21.87" meanSpeedRelative="0.68" duration="2"/>
    <step time="71700.00" loaded="79020" inserted="74131" running="174" waiting="4889" ended="73957" arrived="73957" collisions="169" teleports="169" halting="6" stopped="0" meanWaitingTime="2409.96" meanTravelTime="344.65" meanSpeed="21.43" meanSpeedRelative="0.67" duration="2"/>
    <step time="72000.00" loaded="79167" inserted="74332" running="175" waiting="4835" ended="74157" arrived="74157" collisions="170" teleports="170" halting="4" stopped="0" meanWaitingTime="2425.20" meanTravelTime="344.41" meanSpeed="21.11" meanSpeedRelative="0.66" duration="87"/>
    <step time="72300.00" loaded="79308" inserted="74527" running="181" waiting="4781" ended="74346" arrived="74346" collisions="170" teleports="170" halting="3" stopped="0" meanWaitingTime="2440.39" meanTravelTime="344.29" meanSpeed="22.61" meanSpeedRelative="0.71" duration="2"/>
    <step time="72600.00" loaded="79433" inserted="74719" running="174" waiting="4714" ended="74545" arrived="74545" collisions="170" teleports="170" halting="4" stopped="0" meanWaitingTime="2456.99" meanTravelTime="344.05" meanSpeed="22.03" meanSpeedRelative="0.69" duration="2"/>
    <step time="72900.00" loaded="79586" inserted="74932" running="190" waiting="4654" ended="74742" arrived="74742" collisions="171" teleports="171" halting="2" stopped="0" meanWaitingTime="2473.58" meanTravelTime="343.89" meanSpeed="22.72" meanSpeedRelative="0.71" duration="2"/>
    <step time="73200.00" loaded="79731" inserted="75139" running="182" waiting="4592" ended="74957" arrived="74957" collisions="171" teleports="171" halting="1" stopped="0" meanWaitingTime="2489.44" meanTravelTime="343.69" meanSpeed="22.74" meanSpeedRelative="0.71" duration="2"/>
    <step time="73500.00" loaded="79879" inserted="75353" running="185" waiting="4526" ended="75168" arrived="75168" collisions="171" teleports="171" halting="8" stopped="0" meanWaitingTime="2506.34" meanTravelTime="343.44" meanSpeed="22.15" meanSpeedRelative="0.69" duration="2"/>
    <step time="73800.00" loaded="80025" inserted="75556" running="186" waiting="4469" ended="75370" arrived="75370" collisions="171" teleports="171" halting="7" stopped="0" meanWaitingTime="2521.83" meanTravelTime="343.22" meanSpeed="22.09" meanSpeedRelative="0.69" duration="2"/>
    <step time="74100.00" loaded="80160" inserted="75754" running="171" waiting="4406" ended="75583" arrived="75583" collisions="171" teleports="171" halting="1" stopped="0" meanWaitingTime="2539.64" meanTravelTime="343.01" meanSpeed="22.35" meanSpeedRelative="0.70" duration="2"/>
    <step time="74400.00" loaded="80317" inserted="75952" running="168" waiting="4365" ended="75784" arrived="75784" collisions="171" teleports="171" halting="5" stopped="0" meanWaitingTime="2553.78" meanTravelTime="342.77" meanSpeed="21.77" meanSpeedRelative="0.68" duration="4"/>
    <step time="74700.00" loaded="80441" inserted="76132" running="172" waiting="4309" ended="75960" arrived="75960" collisions="171" teleports="171" halting="6" stopped="0" meanWaitingTime="2570.57" meanTravelTime="342.61" meanSpeed="21.90" meanSpeedRelative="0.68" duration="2"/>
    <step time="75000.00" loaded="80572" inserted="76314" running="160" waiting="4258" ended="76154" arrived="76154" collisions="171" teleports="171" halting="4" stopped="0" meanWaitingTime="2587.21" meanTravelTime="342.42" meanSpeed="21.29" meanSpeedRelative="0.67" duration="3"/>
    <step time="75300.00" loaded="80705" inserted="76499" running="165" waiting="4206" ended="76334" arrived="76334" collisions="171" teleports="171" halting="3" stopped="0" meanWaitingTime="2604.41" meanTravelTime="342.27" meanSpeed="21.60" meanSpeedRelative="0.68" duration="2"/>
    <step time="75600.00" loaded="80841" inserted="76697" running="182" waiting="4144" ended="76515" arrived="76515" collisions="171" teleports="171" halting="1" stopped="0" meanWaitingTime="2620.81" meanTravelTime="342.02" meanSpeed="21.97" meanSpeedRelative="0.69" duration="86"/>
    <step time="75900.00" loaded="81035" inserted="76915" running="200" waiting="4120" ended="76715" arrived="76715" collisions="172" teleports="172" halting="8" stopped="0" meanWaitingTime="2633.86" meanTravelTime="341.82" meanSpeed="22.06" meanSpeedRelative="0.69" duration="2"/>
    <step time="76200.00" loaded="81208" inserted="77121" running="188" waiting="4087" ended="76933" arrived="76933" collisions="172" teleports="172" halting="1" stopped="0" meanWaitingTime="2648.25" meanTravelTime="341.64" meanSpeed="22.44" meanSpeedRelative="0.70" duration="2"/>
    <step time="76500.00" loaded="81404" inserted="77360" running="206" waiting="4044" ended="77154" arrived="77154" collisions="173" teleports="173" halting="4" stopped="0" meanWaitingTime="2661.57" meanTravelTime="341.42" meanSpeed="22.80" meanSpeedRelative="0.71" duration="2"/>
    <step time="76800.00" loaded="81586" inserted="77575" running="197" waiting="4011" ended="77378" arrived="77378" collisions="173" teleports="173" halting="4" stopped="0" meanWaitingTime="2673.21" meanTravelTime="341.23" meanSpeed="21.85" meanSpeedRelative="0.68" duration="2"/>
    <step time="77100.00" loaded="81797" inserted="77821" running="206" waiting="3976" ended="77615" arrived="77615" collisions="173" teleports="173" halting="0" stopped="0" meanWaitingTime="2685.76" meanTravelTime="341.05" meanSpeed="22.21" meanSpeedRelative="0.69" duration="2"/>
    <step time="77400.00" loaded="81995" inserted="78060" running="214" waiting="3935" ended="77846" arrived="77846" collisions="173" teleports="173" halting="4" stopped="0" meanWaitingTime="2698.47" meanTravelTime="340.84" meanSpeed="22.30" meanSpeedRelative="0.70" duration="2"/>
    <step time="77700.00" loaded="82177" inserted="78292" running="220" waiting="3885" ended="78072" arrived="78072" collisions="173" teleports="173" halting="4" stopped="0" meanWaitingTime="2711.11" meanTravelTime="340.54" meanSpeed="22.91" meanSpeedRelative="0.72" duration="3"/>
    <step time="78000.00" loaded="82399" inserted="78551" running="246" waiting="3848" ended="78305" arrived="78305" collisions="175" teleports="175" halting="5" stopped="0" meanWaitingTime="2723.10" meanTravelTime="340.37" meanSpeed="21.95" meanSpeedRelative="0.69" duration="2"/>
    <step time="78300.00" loaded="82605" inserted="78798" running="236" waiting="3807" ended="78562" arrived="78562" collisions="175" teleports="175" halting="3" stopped="0" meanWaitingTime="2734.15" meanTravelTime="340.15" meanSpeed="22.47" meanSpeedRelative="0.70" duration="2"/>
    <step time="78600.00" loaded="82819" inserted="79069" running="232" waiting="3750" ended="78837" arrived="78837" collisions="175" teleports="175" halting="4" stopped="0" meanWaitingTime="2744.98" meanTravelTime="339.88" meanSpeed="22.14" meanSpeedRelative="0.69" duration="2"/>
    <step time="78900.00" loaded="82995" inserted="79306" running="224" waiting="3689" ended="79082" arrived="79082" collisions="175" teleports="175" halting="4" stopped="0" meanWaitingTime="2755.45" meanTravelTime="339.66" meanSpeed="22.56" meanSpeedRelative="0.70" duration="2"/>
    <step time="79200.00" loaded="83180" inserted="79525" running="214" waiting="3655" ended="79311" arrived="79311" collisions="175" teleports="175" halting="5" stopped="0" meanWaitingTime="2766.15" meanTravelTime="339.56" meanSpeed="22.68" meanSpeedRelative="0.71" duration="85"/>
    <step time="79500.00" loaded="83350" inserted="79744" running="193" waiting="3606" ended="79551" arrived="79551" collisions="175" teleports="175" halting="3" stopped="0" meanWaitingTime="2776.71" meanTravelTime="339.44" meanSpeed="22.27" meanSpeedRelative="0.70" duration="3"/>
    <step time="79800.00" loaded="83529" inserted="79965" running="197" waiting="3564" ended="79768" arrived="79768" collisions="175" teleports="175" halting="4" stopped="0" meanWaitingTime="2785.71" meanTravelTime="339.26" meanSpeed="22.65" meanSpeedRelative="0.71" duration="2"/>
    <step time="80100.00" loaded="83706" inserted="80183" running="194" waiting="3523" ended="79989" arrived="79989" collisions="176" teleports="176" halting="5" stopped="0" meanWaitingTime="2795.11" meanTravelTime="339.10" meanSpeed="22.28" meanSpeedRelative="0.70" duration="2"/>
    <step time="80400.00" loaded="83884" inserted="80410" running="207" waiting="3474" ended="80203" arrived="80203" collisions="176" teleports="176" halting="9" stopped="0" meanWaitingTime="2804.53" meanTravelTime="338.82" meanSpeed="21.73" meanSpeedRelative="0.68" duration="2"/>
    <step time="80700.00" loaded="84064" inserted="80645" running="205" waiting="3419" ended="80440" arrived="80440" collisions="176" teleports="176" halting="1" stopped="0" meanWaitingTime="2814.43" meanTravelTime="338.64" meanSpeed="22.32" meanSpeedRelative="0.70" duration="2"/>
    <step time="81000.00" loaded="84245" inserted="80854" running="204" waiting="3391" ended="80650" arrived="80650" collisions="177" teleports="177" halting="5" stopped="0" meanWaitingTime="2822.03" meanTravelTime="338.47" meanSpeed="21.52" meanSpeedRelative="0.67" duration="2"/>
    <step time="81300.00" loaded="84416" inserted="81078" running="190" waiting="3338" ended="80888" arrived="80888" collisions="177" teleports="177" halting="4" stopped="0" meanWaitingTime="2829.86" meanTravelTime="338.38" meanSpeed="21.68" meanSpeedRelative="0.68" duration="2"/>
    <step time="81600.00" loaded="84566" inserted="81297" running="193" waiting="3269" ended="81104" arrived="81104" collisions="177" teleports="177" halting="9" stopped="0" meanWaitingTime="2838.37" meanTravelTime="338.14" meanSpeed="21.18" meanSpeedRelative="0.66" duration="2"/>
    <step time="81900.00" loaded="84723" inserted="81464" running="178" waiting="3259" ended="81286" arrived="81286" collisions="177" teleports="177" halting="5" stopped="0" meanWaitingTime="2844.21" meanTravelTime="338.02" meanSpeed="23.48" meanSpeedRelative="0.73" duration="1"/>
    <step time="82200.00" loaded="84884" inserted="81624" running="160" waiting="3260" ended="81464" arrived="81464" collisions="177" teleports="177" halting="5" stopped="0" meanWaitingTime="2848.67" meanTravelTime="337.96" meanSpeed="22.37" meanSpeedRelative="0.70" duration="2"/>
    <step time="82500.00" loaded="85056" inserted="81804" running="180" waiting="3252" ended="81624" arrived="81624" collisions="177" teleports="177" halting="8" stopped="0" meanWaitingTime="2853.30" meanTravelTime="337.90" meanSpeed="22.47" meanSpeedRelative="0.70" duration="2"/>
</summary>
