<?xml version="1.0" encoding="UTF-8"?>

<!-- generated on 2025-08-08 00:47:39 by Eclipse SUMO sumo Version 1.23.1
<sumoConfiguration xmlns:xsi="http://www.w3.org/2001/XMLSchema-instance" xsi:noNamespaceSchemaLocation="http://sumo.dlr.de/xsd/sumoConfiguration.xsd">

    <input>
        <net-file value="Desktop\Master Thesis\Network_fin.net.xml"/>
        <route-files value="Desktop\Master Thesis\demand_model_amsterdam.rou.xml"/>
        <additional-files value="Desktop\Master Thesis\Additionnal.add.xml"/>
    </input>

    <output>
        <summary-output value="outputf/summary_coor_alinea_2neigh_method1_K80_target5_56618.xml"/>
        <summary-output.period value="300"/>
        <tripinfo-output value="outputf/tripinfo_coor_alinea_2neigh_method1_K80_target5_56618.xml"/>
    </output>

    <time>
        <begin value="0"/>
        <end value="82800"/>
        <step-length value="1"/>
    </time>

    <processing>
        <time-to-teleport value="-1"/>
    </processing>

    <report>
        <verbose value="true"/>
        <no-step-log value="true"/>
    </report>

    <emissions>
        <device.emissions.period value="10"/>
    </emissions>

    <traci_server>
        <remote-port value="49305"/>
    </traci_server>

    <random_number>
        <seed value="56618"/>
    </random_number>

</sumoConfiguration>
-->

<summary xmlns:xsi="http://www.w3.org/2001/XMLSchema-instance" xsi:noNamespaceSchemaLocation="http://sumo.dlr.de/xsd/summary_file.xsd">
    <step time="0.00" loaded="0" inserted="0" running="0" waiting="0" ended="0" arrived="0" collisions="0" teleports="0" halting="0" stopped="0" meanWaitingTime="-1.00" meanTravelTime="-1.00" meanSpeed="-1.00" meanSpeedRelative="-1.00" duration="1"/>
    <step time="300.00" loaded="174" inserted="174" running="105" waiting="0" ended="69" arrived="69" collisions="0" teleports="0" halting="1" stopped="0" meanWaitingTime="0.36" meanTravelTime="97.19" meanSpeed="26.25" meanSpeedRelative="0.82" duration="1"/>
    <step time="600.00" loaded="365" inserted="364" running="134" waiting="1" ended="230" arrived="230" collisions="0" teleports="0" halting="0" stopped="0" meanWaitingTime="0.50" meanTravelTime="151.33" meanSpeed="24.35" meanSpeedRelative="0.76" duration="2"/>
    <step time="900.00" loaded="541" inserted="541" running="149" waiting="0" ended="392" arrived="392" collisions="0" teleports="0" halting="1" stopped="0" meanWaitingTime="0.43" meanTravelTime="185.07" meanSpeed="25.61" meanSpeedRelative="0.80" duration="1"/>
    <step time="1200.00" loaded="715" inserted="715" running="146" waiting="0" ended="569" arrived="569" collisions="0" teleports="0" halting="0" stopped="0" meanWaitingTime="0.43" meanTravelTime="206.73" meanSpeed="25.52" meanSpeedRelative="0.80" duration="1"/>
    <step time="1500.00" loaded="889" inserted="889" running="141" waiting="0" ended="748" arrived="748" collisions="0" teleports="0" halting="0" stopped="0" meanWaitingTime="0.44" meanTravelTime="215.64" meanSpeed="25.48" meanSpeedRelative="0.80" duration="0"/>
    <step time="1800.00" loaded="1072" inserted="1071" running="154" waiting="1" ended="917" arrived="917" collisions="0" teleports="0" halting="2" stopped="0" meanWaitingTime="0.42" meanTravelTime="222.46" meanSpeed="25.94" meanSpeedRelative="0.81" duration="1"/>
    <step time="2100.00" loaded="1257" inserted="1257" running="170" waiting="0" ended="1087" arrived="1087" collisions="0" teleports="0" halting="0" stopped="0" meanWaitingTime="0.42" meanTravelTime="224.61" meanSpeed="24.71" meanSpeedRelative="0.77" duration="1"/>
    <step time="2400.00" loaded="1446" inserted="1446" running="175" waiting="0" ended="1271" arrived="1271" collisions="1" teleports="1" halting="2" stopped="0" meanWaitingTime="0.42" meanTravelTime="230.43" meanSpeed="25.33" meanSpeedRelative="0.79" duration="1"/>
    <step time="2700.00" loaded="1617" inserted="1616" running="159" waiting="1" ended="1457" arrived="1457" collisions="1" teleports="1" halting="1" stopped="0" meanWaitingTime="0.44" meanTravelTime="234.98" meanSpeed="25.30" meanSpeedRelative="0.79" duration="1"/>
    <step time="3000.00" loaded="1787" inserted="1787" running="138" waiting="0" ended="1649" arrived="1649" collisions="1" teleports="1" halting="2" stopped="0" meanWaitingTime="0.42" meanTravelTime="239.64" meanSpeed="25.43" meanSpeedRelative="0.79" duration="1"/>
    <step time="3300.00" loaded="1952" inserted="1950" running="161" waiting="2" ended="1789" arrived="1789" collisions="1" teleports="1" halting="1" stopped="0" meanWaitingTime="0.42" meanTravelTime="239.59" meanSpeed="25.08" meanSpeedRelative="0.78" duration="1"/>
    <step time="3600.00" loaded="2145" inserted="2145" running="171" waiting="0" ended="1974" arrived="1974" collisions="1" teleports="1" halting="1" stopped="0" meanWaitingTime="0.42" meanTravelTime="243.98" meanSpeed="25.77" meanSpeedRelative="0.81" duration="86"/>
    <step time="3900.00" loaded="2262" inserted="2262" running="110" waiting="0" ended="2152" arrived="2152" collisions="1" teleports="1" halting="1" stopped="0" meanWaitingTime="0.42" meanTravelTime="248.97" meanSpeed="24.94" meanSpeedRelative="0.78" duration="1"/>
    <step time="4200.00" loaded="2367" inserted="2362" running="98" waiting="5" ended="2264" arrived="2264" collisions="1" teleports="1" halting="1" stopped="0" meanWaitingTime="0.79" meanTravelTime="251.55" meanSpeed="25.38" meanSpeedRelative="0.79" duration="1"/>
    <step time="4500.00" loaded="2479" inserted="2479" running="95" waiting="0" ended="2384" arrived="2384" collisions="1" teleports="1" halting="1" stopped="0" meanWaitingTime="0.98" meanTravelTime="252.26" meanSpeed="24.35" meanSpeedRelative="0.76" duration="1"/>
    <step time="4800.00" loaded="2576" inserted="2576" running="91" waiting="0" ended="2485" arrived="2485" collisions="1" teleports="1" halting="3" stopped="0" meanWaitingTime="0.95" meanTravelTime="252.66" meanSpeed="24.00" meanSpeedRelative="0.75" duration="1"/>
    <step time="5100.00" loaded="2689" inserted="2681" running="92" waiting="8" ended="2589" arrived="2589" collisions="1" teleports="1" halting="0" stopped="0" meanWaitingTime="1.31" meanTravelTime="253.17" meanSpeed="24.20" meanSpeedRelative="0.76" duration="1"/>
    <step time="5400.00" loaded="2789" inserted="2784" running="89" waiting="5" ended="2695" arrived="2695" collisions="1" teleports="1" halting="1" stopped="0" meanWaitingTime="1.98" meanTravelTime="254.04" meanSpeed="24.91" meanSpeedRelative="0.78" duration="0"/>
    <step time="5700.00" loaded="2898" inserted="2898" running="98" waiting="0" ended="2800" arrived="2800" collisions="1" teleports="1" halting="1" stopped="0" meanWaitingTime="2.07" meanTravelTime="253.66" meanSpeed="26.37" meanSpeedRelative="0.82" duration="0"/>
    <step time="6000.00" loaded="2981" inserted="2981" running="73" waiting="0" ended="2908" arrived="2908" collisions="1" teleports="1" halting="0" stopped="0" meanWaitingTime="2.02" meanTravelTime="253.84" meanSpeed="26.31" meanSpeedRelative="0.82" duration="0"/>
    <step time="6300.00" loaded="3098" inserted="3098" running="84" waiting="0" ended="3014" arrived="3014" collisions="1" teleports="1" halting="1" stopped="0" meanWaitingTime="1.96" meanTravelTime="254.29" meanSpeed="25.56" meanSpeedRelative="0.80" duration="0"/>
    <step time="6600.00" loaded="3225" inserted="3225" running="108" waiting="0" ended="3117" arrived="3117" collisions="1" teleports="1" halting="0" stopped="0" meanWaitingTime="1.90" meanTravelTime="253.40" meanSpeed="24.54" meanSpeedRelative="0.77" duration="0"/>
    <step time="6900.00" loaded="3322" inserted="3322" running="97" waiting="0" ended="3225" arrived="3225" collisions="1" teleports="1" halting="0" stopped="0" meanWaitingTime="1.85" meanTravelTime="254.16" meanSpeed="25.85" meanSpeedRelative="0.81" duration="0"/>
    <step time="7200.00" loaded="3433" inserted="3433" running="83" waiting="0" ended="3350" arrived="3350" collisions="1" teleports="1" halting="1" stopped="0" meanWaitingTime="1.80" meanTravelTime="254.56" meanSpeed="24.59" meanSpeedRelative="0.77" duration="86"/>
    <step time="7500.00" loaded="3588" inserted="3582" running="106" waiting="6" ended="3476" arrived="3476" collisions="2" teleports="2" halting="3" stopped="0" meanWaitingTime="1.77" meanTravelTime="253.42" meanSpeed="23.87" meanSpeedRelative="0.75" duration="0"/>
    <step time="7800.00" loaded="3725" inserted="3722" running="121" waiting="3" ended="3601" arrived="3601" collisions="2" teleports="2" halting="5" stopped="0" meanWaitingTime="2.06" meanTravelTime="252.95" meanSpeed="23.04" meanSpeedRelative="0.72" duration="1"/>
    <step time="8100.00" loaded="3890" inserted="3879" running="139" waiting="11" ended="3740" arrived="3740" collisions="2" teleports="2" halting="0" stopped="0" meanWaitingTime="2.38" meanTravelTime="252.69" meanSpeed="23.81" meanSpeedRelative="0.74" duration="1"/>
    <step time="8400.00" loaded="4039" inserted="4020" running="138" waiting="19" ended="3882" arrived="3882" collisions="2" teleports="2" halting="2" stopped="0" meanWaitingTime="3.17" meanTravelTime="253.66" meanSpeed="24.75" meanSpeedRelative="0.77" duration="1"/>
    <step time="8700.00" loaded="4186" inserted="4166" running="126" waiting="20" ended="4040" arrived="4040" collisions="2" teleports="2" halting="1" stopped="0" meanWaitingTime="4.41" meanTravelTime="254.36" meanSpeed="24.76" meanSpeedRelative="0.77" duration="1"/>
    <step time="9000.00" loaded="4339" inserted="4325" running="136" waiting="14" ended="4189" arrived="4189" collisions="2" teleports="2" halting="4" stopped="0" meanWaitingTime="5.74" meanTravelTime="254.43" meanSpeed="24.12" meanSpeedRelative="0.75" duration="1"/>
    <step time="9300.00" loaded="4499" inserted="4471" running="140" waiting="28" ended="4331" arrived="4331" collisions="2" teleports="2" halting="0" stopped="0" meanWaitingTime="6.79" meanTravelTime="255.01" meanSpeed="23.78" meanSpeedRelative="0.74" duration="1"/>
    <step time="9600.00" loaded="4644" inserted="4611" running="120" waiting="33" ended="4491" arrived="4491" collisions="2" teleports="2" halting="2" stopped="0" meanWaitingTime="8.12" meanTravelTime="256.15" meanSpeed="25.23" meanSpeedRelative="0.79" duration="1"/>
    <step time="9900.00" loaded="4807" inserted="4763" running="123" waiting="44" ended="4640" arrived="4640" collisions="2" teleports="2" halting="2" stopped="0" meanWaitingTime="9.93" meanTravelTime="256.40" meanSpeed="24.52" meanSpeedRelative="0.77" duration="1"/>
    <step time="10200.00" loaded="4963" inserted="4915" running="139" waiting="48" ended="4776" arrived="4776" collisions="2" teleports="2" halting="6" stopped="0" meanWaitingTime="11.48" meanTravelTime="256.53" meanSpeed="23.33" meanSpeedRelative="0.73" duration="1"/>
    <step time="10500.00" loaded="5119" inserted="5062" running="128" waiting="57" ended="4934" arrived="4934" collisions="2" teleports="2" halting="1" stopped="0" meanWaitingTime="13.56" meanTravelTime="256.44" meanSpeed="24.67" meanSpeedRelative="0.77" duration="1"/>
    <step time="10800.00" loaded="5275" inserted="5220" running="133" waiting="55" ended="5087" arrived="5087" collisions="2" teleports="2" halting="1" stopped="0" meanWaitingTime="15.91" meanTravelTime="256.74" meanSpeed="25.07" meanSpeedRelative="0.78" duration="87"/>
    <step time="11100.00" loaded="5432" inserted="5370" running="119" waiting="62" ended="5251" arrived="5251" collisions="2" teleports="2" halting="4" stopped="0" meanWaitingTime="18.59" meanTravelTime="256.70" meanSpeed="22.92" meanSpeedRelative="0.72" duration="1"/>
    <step time="11400.00" loaded="5578" inserted="5516" running="121" waiting="62" ended="5395" arrived="5395" collisions="2" teleports="2" halting="2" stopped="0" meanWaitingTime="20.93" meanTravelTime="255.69" meanSpeed="24.51" meanSpeedRelative="0.77" duration="0"/>
    <step time="11700.00" loaded="5735" inserted="5662" running="112" waiting="73" ended="5550" arrived="5550" collisions="2" teleports="2" halting="0" stopped="0" meanWaitingTime="23.16" meanTravelTime="255.73" meanSpeed="25.56" meanSpeedRelative="0.80" duration="1"/>
    <step time="12000.00" loaded="5905" inserted="5814" running="109" waiting="91" ended="5705" arrived="5705" collisions="2" teleports="2" halting="3" stopped="0" meanWaitingTime="25.87" meanTravelTime="254.75" meanSpeed="23.83" meanSpeedRelative="0.74" duration="1"/>
    <step time="12300.00" loaded="6058" inserted="5964" running="120" waiting="94" ended="5844" arrived="5844" collisions="2" teleports="2" halting="3" stopped="0" meanWaitingTime="28.66" meanTravelTime="253.64" meanSpeed="24.82" meanSpeedRelative="0.78" duration="1"/>
    <step time="12600.00" loaded="6216" inserted="6109" running="114" waiting="107" ended="5995" arrived="5995" collisions="2" teleports="2" halting="1" stopped="0" meanWaitingTime="31.28" meanTravelTime="253.41" meanSpeed="24.36" meanSpeedRelative="0.76" duration="1"/>
    <step time="12900.00" loaded="6378" inserted="6267" running="134" waiting="111" ended="6133" arrived="6133" collisions="2" teleports="2" halting="2" stopped="0" meanWaitingTime="34.39" meanTravelTime="253.24" meanSpeed="25.11" meanSpeedRelative="0.78" duration="0"/>
    <step time="13200.00" loaded="6546" inserted="6428" running="135" waiting="118" ended="6293" arrived="6293" collisions="2" teleports="2" halting="3" stopped="0" meanWaitingTime="37.73" meanTravelTime="253.03" meanSpeed="24.91" meanSpeedRelative="0.78" duration="0"/>
    <step time="13500.00" loaded="6695" inserted="6567" running="113" waiting="128" ended="6454" arrived="6454" collisions="3" teleports="3" halting="1" stopped="0" meanWaitingTime="41.35" meanTravelTime="252.88" meanSpeed="25.05" meanSpeedRelative="0.78" duration="0"/>
    <step time="13800.00" loaded="6864" inserted="6732" running="141" waiting="132" ended="6591" arrived="6591" collisions="3" teleports="3" halting="4" stopped="0" meanWaitingTime="44.92" meanTravelTime="253.02" meanSpeed="23.52" meanSpeedRelative="0.73" duration="1"/>
    <step time="14100.00" loaded="7008" inserted="6859" running="118" waiting="149" ended="6741" arrived="6741" collisions="3" teleports="3" halting="1" stopped="0" meanWaitingTime="48.78" meanTravelTime="252.86" meanSpeed="23.82" meanSpeedRelative="0.74" duration="1"/>
    <step time="14400.00" loaded="7158" inserted="7006" running="120" waiting="152" ended="6886" arrived="6886" collisions="3" teleports="3" halting="3" stopped="0" meanWaitingTime="52.87" meanTravelTime="253.36" meanSpeed="24.55" meanSpeedRelative="0.77" duration="86"/>
    <step time="14700.00" loaded="7259" inserted="7105" running="94" waiting="154" ended="7011" arrived="7011" collisions="3" teleports="3" halting="3" stopped="0" meanWaitingTime="56.26" meanTravelTime="253.11" meanSpeed="23.54" meanSpeedRelative="0.74" duration="0"/>
    <step time="15000.00" loaded="7343" inserted="7195" running="80" waiting="148" ended="7115" arrived="7115" collisions="3" teleports="3" halting="2" stopped="0" meanWaitingTime="60.19" meanTravelTime="253.80" meanSpeed="23.72" meanSpeedRelative="0.74" duration="0"/>
    <step time="15300.00" loaded="7445" inserted="7292" running="71" waiting="153" ended="7221" arrived="7221" collisions="3" teleports="3" halting="2" stopped="0" meanWaitingTime="64.69" meanTravelTime="254.11" meanSpeed="23.08" meanSpeedRelative="0.72" duration="0"/>
    <step time="15600.00" loaded="7550" inserted="7401" running="84" waiting="149" ended="7317" arrived="7317" collisions="3" teleports="3" halting="1" stopped="0" meanWaitingTime="69.22" meanTravelTime="253.81" meanSpeed="24.07" meanSpeedRelative="0.75" duration="0"/>
    <step time="15900.00" loaded="7640" inserted="7497" running="68" waiting="143" ended="7429" arrived="7429" collisions="3" teleports="3" halting="3" stopped="0" meanWaitingTime="74.57" meanTravelTime="253.35" meanSpeed="23.91" meanSpeedRelative="0.75" duration="1"/>
    <step time="16200.00" loaded="7752" inserted="7609" running="87" waiting="143" ended="7522" arrived="7522" collisions="3" teleports="3" halting="3" stopped="0" meanWaitingTime="78.79" meanTravelTime="252.86" meanSpeed="25.08" meanSpeedRelative="0.78" duration="1"/>
    <step time="16500.00" loaded="7852" inserted="7714" running="74" waiting="138" ended="7640" arrived="7640" collisions="3" teleports="3" halting="1" stopped="0" meanWaitingTime="83.98" meanTravelTime="252.52" meanSpeed="25.36" meanSpeedRelative="0.79" duration="1"/>
    <step time="16800.00" loaded="7946" inserted="7810" running="67" waiting="136" ended="7743" arrived="7743" collisions="3" teleports="3" halting="1" stopped="0" meanWaitingTime="88.99" meanTravelTime="252.32" meanSpeed="25.42" meanSpeedRelative="0.79" duration="0"/>
    <step time="17100.00" loaded="8037" inserted="7905" running="82" waiting="132" ended="7823" arrived="7823" collisions="3" teleports="3" halting="2" stopped="0" meanWaitingTime="93.88" meanTravelTime="251.79" meanSpeed="24.77" meanSpeedRelative="0.77" duration="1"/>
    <step time="17400.00" loaded="8143" inserted="8012" running="76" waiting="131" ended="7936" arrived="7936" collisions="3" teleports="3" halting="5" stopped="0" meanWaitingTime="98.29" meanTravelTime="251.45" meanSpeed="23.58" meanSpeedRelative="0.74" duration="0"/>
    <step time="17700.00" loaded="8246" inserted="8118" running="83" waiting="128" ended="8035" arrived="8035" collisions="4" teleports="4" halting="1" stopped="0" meanWaitingTime="101.71" meanTravelTime="251.07" meanSpeed="23.36" meanSpeedRelative="0.73" duration="1"/>
    <step time="18000.00" loaded="8349" inserted="8222" running="75" waiting="127" ended="8147" arrived="8147" collisions="4" teleports="4" halting="2" stopped="0" meanWaitingTime="105.68" meanTravelTime="250.75" meanSpeed="24.62" meanSpeedRelative="0.77" duration="80"/>
    <step time="18300.00" loaded="8554" inserted="8408" running="141" waiting="146" ended="8267" arrived="8267" collisions="4" teleports="4" halting="2" stopped="0" meanWaitingTime="108.77" meanTravelTime="250.08" meanSpeed="24.85" meanSpeedRelative="0.78" duration="1"/>
    <step time="18600.00" loaded="8754" inserted="8587" running="153" waiting="167" ended="8434" arrived="8434" collisions="4" teleports="4" halting="1" stopped="0" meanWaitingTime="111.12" meanTravelTime="249.46" meanSpeed="24.14" meanSpeedRelative="0.75" duration="1"/>
    <step time="18900.00" loaded="8935" inserted="8755" running="143" waiting="180" ended="8612" arrived="8612" collisions="4" teleports="4" halting="2" stopped="0" meanWaitingTime="113.88" meanTravelTime="249.42" meanSpeed="22.95" meanSpeedRelative="0.72" duration="1"/>
    <step time="19200.00" loaded="9113" inserted="8926" running="140" waiting="187" ended="8786" arrived="8786" collisions="4" teleports="4" halting="1" stopped="0" meanWaitingTime="116.39" meanTravelTime="249.62" meanSpeed="24.66" meanSpeedRelative="0.77" duration="1"/>
    <step time="19500.00" loaded="9297" inserted="9096" running="136" waiting="201" ended="8960" arrived="8960" collisions="4" teleports="4" halting="7" stopped="0" meanWaitingTime="118.66" meanTravelTime="249.65" meanSpeed="24.12" meanSpeedRelative="0.75" duration="1"/>
    <step time="19800.00" loaded="9498" inserted="9289" running="141" waiting="209" ended="9148" arrived="9148" collisions="4" teleports="4" halting="1" stopped="0" meanWaitingTime="121.22" meanTravelTime="249.49" meanSpeed="24.89" meanSpeedRelative="0.78" duration="1"/>
    <step time="20100.00" loaded="9687" inserted="9467" running="148" waiting="220" ended="9319" arrived="9319" collisions="4" teleports="4" halting="1" stopped="0" meanWaitingTime="123.89" meanTravelTime="249.00" meanSpeed="24.80" meanSpeedRelative="0.78" duration="0"/>
    <step time="20400.00" loaded="9881" inserted="9645" running="144" waiting="236" ended="9501" arrived="9501" collisions="4" teleports="4" halting="2" stopped="0" meanWaitingTime="126.50" meanTravelTime="249.21" meanSpeed="24.05" meanSpeedRelative="0.75" duration="1"/>
    <step time="20700.00" loaded="10075" inserted="9837" running="145" waiting="238" ended="9692" arrived="9692" collisions="4" teleports="4" halting="5" stopped="0" meanWaitingTime="129.89" meanTravelTime="248.84" meanSpeed="23.81" meanSpeedRelative="0.74" duration="1"/>
    <step time="21000.00" loaded="10266" inserted="10007" running="155" waiting="259" ended="9852" arrived="9852" collisions="4" teleports="4" halting="0" stopped="0" meanWaitingTime="132.75" meanTravelTime="248.51" meanSpeed="25.31" meanSpeedRelative="0.79" duration="2"/>
    <step time="21300.00" loaded="10462" inserted="10198" running="150" waiting="264" ended="10048" arrived="10048" collisions="4" teleports="4" halting="5" stopped="0" meanWaitingTime="136.36" meanTravelTime="248.64" meanSpeed="24.28" meanSpeedRelative="0.76" duration="0"/>
    <step time="21600.00" loaded="10654" inserted="10376" running="130" waiting="278" ended="10246" arrived="10246" collisions="4" teleports="4" halting="3" stopped="0" meanWaitingTime="139.31" meanTravelTime="248.57" meanSpeed="24.18" meanSpeedRelative="0.76" duration="79"/>
    <step time="21900.00" loaded="11136" inserted="10762" running="302" waiting="374" ended="10460" arrived="10460" collisions="5" teleports="5" halting="4" stopped="0" meanWaitingTime="142.30" meanTravelTime="247.85" meanSpeed="22.67" meanSpeedRelative="0.71" duration="2"/>
    <step time="22200.00" loaded="11637" inserted="11144" running="370" waiting="493" ended="10774" arrived="10774" collisions="5" teleports="5" halting="3" stopped="0" meanWaitingTime="147.29" meanTravelTime="247.52" meanSpeed="22.41" meanSpeedRelative="0.70" duration="2"/>
    <step time="22500.00" loaded="12109" inserted="11528" running="393" waiting="581" ended="11135" arrived="11135" collisions="5" teleports="5" halting="8" stopped="0" meanWaitingTime="152.92" meanTravelTime="248.77" meanSpeed="21.95" meanSpeedRelative="0.69" duration="2"/>
    <step time="22800.00" loaded="12575" inserted="11899" running="399" waiting="676" ended="11500" arrived="11500" collisions="5" teleports="5" halting="5" stopped="0" meanWaitingTime="158.69" meanTravelTime="250.96" meanSpeed="21.38" meanSpeedRelative="0.67" duration="2"/>
    <step time="23100.00" loaded="13083" inserted="12303" running="425" waiting="780" ended="11878" arrived="11878" collisions="7" teleports="7" halting="5" stopped="0" meanWaitingTime="164.66" meanTravelTime="252.91" meanSpeed="21.93" meanSpeedRelative="0.69" duration="3"/>
    <step time="23400.00" loaded="13537" inserted="12661" running="415" waiting="876" ended="12246" arrived="12246" collisions="8" teleports="8" halting="10" stopped="0" meanWaitingTime="171.07" meanTravelTime="254.95" meanSpeed="20.74" meanSpeedRelative="0.65" duration="2"/>
    <step time="23700.00" loaded="14025" inserted="13039" running="422" waiting="986" ended="12617" arrived="12617" collisions="8" teleports="8" halting="6" stopped="0" meanWaitingTime="178.11" meanTravelTime="257.89" meanSpeed="20.76" meanSpeedRelative="0.65" duration="3"/>
    <step time="24000.00" loaded="14454" inserted="13407" running="399" waiting="1047" ended="13008" arrived="13008" collisions="8" teleports="8" halting="8" stopped="0" meanWaitingTime="185.93" meanTravelTime="260.15" meanSpeed="21.01" meanSpeedRelative="0.66" duration="2"/>
    <step time="24300.00" loaded="14935" inserted="13793" running="431" waiting="1142" ended="13362" arrived="13362" collisions="8" teleports="8" halting="8" stopped="0" meanWaitingTime="194.35" meanTravelTime="261.90" meanSpeed="20.36" meanSpeedRelative="0.64" duration="2"/>
    <step time="24600.00" loaded="15396" inserted="14188" running="452" waiting="1208" ended="13736" arrived="13736" collisions="8" teleports="8" halting="10" stopped="0" meanWaitingTime="204.49" meanTravelTime="263.13" meanSpeed="20.54" meanSpeedRelative="0.64" duration="3"/>
    <step time="24900.00" loaded="15861" inserted="14571" running="417" waiting="1290" ended="14154" arrived="14154" collisions="9" teleports="9" halting="3" stopped="0" meanWaitingTime="215.10" meanTravelTime="266.11" meanSpeed="20.90" meanSpeedRelative="0.65" duration="3"/>
    <step time="25200.00" loaded="16270" inserted="14922" running="396" waiting="1348" ended="14526" arrived="14526" collisions="10" teleports="10" halting="2" stopped="0" meanWaitingTime="225.55" meanTravelTime="267.40" meanSpeed="21.14" meanSpeedRelative="0.66" duration="84"/>
    <step time="25500.00" loaded="16809" inserted="15327" running="432" waiting="1482" ended="14895" arrived="14895" collisions="10" teleports="10" halting="5" stopped="0" meanWaitingTime="236.29" meanTravelTime="269.07" meanSpeed="21.11" meanSpeedRelative="0.66" duration="2"/>
    <step time="25800.00" loaded="17339" inserted="15742" running="463" waiting="1597" ended="15279" arrived="15279" collisions="11" teleports="11" halting="8" stopped="0" meanWaitingTime="248.38" meanTravelTime="270.18" meanSpeed="20.65" meanSpeedRelative="0.65" duration="3"/>
    <step time="26100.00" loaded="17899" inserted="16184" running="464" waiting="1715" ended="15720" arrived="15720" collisions="11" teleports="11" halting="7" stopped="0" meanWaitingTime="261.23" meanTravelTime="271.82" meanSpeed="19.51" meanSpeedRelative="0.61" duration="2"/>
    <step time="26400.00" loaded="18464" inserted="16621" running="489" waiting="1843" ended="16132" arrived="16132" collisions="12" teleports="12" halting="7" stopped="0" meanWaitingTime="272.78" meanTravelTime="273.12" meanSpeed="19.68" meanSpeedRelative="0.61" duration="4"/>
    <step time="26700.00" loaded="19018" inserted="17051" running="482" waiting="1967" ended="16569" arrived="16569" collisions="13" teleports="13" halting="5" stopped="0" meanWaitingTime="288.12" meanTravelTime="274.63" meanSpeed="19.87" meanSpeedRelative="0.62" duration="4"/>
    <step time="27000.00" loaded="19590" inserted="17517" running="510" waiting="2073" ended="17007" arrived="17007" collisions="13" teleports="13" halting="6" stopped="0" meanWaitingTime="303.81" meanTravelTime="275.90" meanSpeed="19.40" meanSpeedRelative="0.61" duration="5"/>
    <step time="27300.00" loaded="20177" inserted="17974" running="512" waiting="2203" ended="17462" arrived="17462" collisions="15" teleports="15" halting="6" stopped="0" meanWaitingTime="318.95" meanTravelTime="277.61" meanSpeed="19.45" meanSpeedRelative="0.61" duration="3"/>
    <step time="27600.00" loaded="20714" inserted="18398" running="484" waiting="2316" ended="17914" arrived="17914" collisions="18" teleports="18" halting="5" stopped="0" meanWaitingTime="334.25" meanTravelTime="278.79" meanSpeed="19.49" meanSpeedRelative="0.61" duration="4"/>
    <step time="27900.00" loaded="21273" inserted="18851" running="490" waiting="2422" ended="18361" arrived="18361" collisions="19" teleports="19" halting="4" stopped="0" meanWaitingTime="350.44" meanTravelTime="279.78" meanSpeed="19.77" meanSpeedRelative="0.62" duration="3"/>
    <step time="28200.00" loaded="21894" inserted="19297" running="496" waiting="2597" ended="18801" arrived="18801" collisions="19" teleports="19" halting="6" stopped="0" meanWaitingTime="366.85" meanTravelTime="281.28" meanSpeed="19.28" meanSpeedRelative="0.60" duration="4"/>
    <step time="28500.00" loaded="22444" inserted="19748" running="497" waiting="2696" ended="19251" arrived="19251" collisions="20" teleports="20" halting="7" stopped="0" meanWaitingTime="383.96" meanTravelTime="282.40" meanSpeed="19.54" meanSpeedRelative="0.61" duration="3"/>
    <step time="28800.00" loaded="23007" inserted="20202" running="509" waiting="2805" ended="19693" arrived="19693" collisions="20" teleports="20" halting="4" stopped="0" meanWaitingTime="400.80" meanTravelTime="283.61" meanSpeed="19.94" meanSpeedRelative="0.62" duration="90"/>
    <step time="29100.00" loaded="23376" inserted="20605" running="468" waiting="2771" ended="20137" arrived="20137" collisions="20" teleports="20" halting="7" stopped="0" meanWaitingTime="417.57" meanTravelTime="284.86" meanSpeed="19.17" meanSpeedRelative="0.60" duration="3"/>
    <step time="29400.00" loaded="23726" inserted="21021" running="483" waiting="2705" ended="20538" arrived="20538" collisions="20" teleports="20" halting="10" stopped="0" meanWaitingTime="436.00" meanTravelTime="285.98" meanSpeed="20.01" meanSpeedRelative="0.63" duration="4"/>
    <step time="29700.00" loaded="24102" inserted="21414" running="454" waiting="2688" ended="20960" arrived="20960" collisions="20" teleports="20" halting="7" stopped="0" meanWaitingTime="453.50" meanTravelTime="287.04" meanSpeed="19.37" meanSpeedRelative="0.61" duration="3"/>
    <step time="30000.00" loaded="24454" inserted="21788" running="428" waiting="2666" ended="21360" arrived="21360" collisions="21" teleports="21" halting="11" stopped="0" meanWaitingTime="468.61" meanTravelTime="288.52" meanSpeed="20.64" meanSpeedRelative="0.65" duration="3"/>
    <step time="30300.00" loaded="24837" inserted="22158" running="413" waiting="2679" ended="21745" arrived="21745" collisions="23" teleports="23" halting="2" stopped="0" meanWaitingTime="481.08" meanTravelTime="289.60" meanSpeed="21.03" meanSpeedRelative="0.66" duration="2"/>
    <step time="30600.00" loaded="25179" inserted="22562" running="425" waiting="2617" ended="22137" arrived="22137" collisions="23" teleports="23" halting="8" stopped="0" meanWaitingTime="495.45" meanTravelTime="290.11" meanSpeed="20.39" meanSpeedRelative="0.64" duration="2"/>
    <step time="30900.00" loaded="25550" inserted="22943" running="406" waiting="2607" ended="22537" arrived="22537" collisions="23" teleports="23" halting="9" stopped="0" meanWaitingTime="507.59" meanTravelTime="291.06" meanSpeed="20.90" meanSpeedRelative="0.65" duration="3"/>
    <step time="31200.00" loaded="25897" inserted="23316" running="392" waiting="2581" ended="22924" arrived="22924" collisions="24" teleports="24" halting="9" stopped="0" meanWaitingTime="519.15" meanTravelTime="291.36" meanSpeed="20.99" meanSpeedRelative="0.66" duration="3"/>
    <step time="31500.00" loaded="26223" inserted="23693" running="375" waiting="2530" ended="23318" arrived="23318" collisions="24" teleports="24" halting="4" stopped="0" meanWaitingTime="532.10" meanTravelTime="291.68" meanSpeed="22.00" meanSpeedRelative="0.69" duration="3"/>
    <step time="31800.00" loaded="26549" inserted="24055" running="369" waiting="2494" ended="23686" arrived="23686" collisions="25" teleports="25" halting="4" stopped="0" meanWaitingTime="542.79" meanTravelTime="291.70" meanSpeed="22.51" meanSpeedRelative="0.70" duration="3"/>
    <step time="32100.00" loaded="26877" inserted="24403" running="368" waiting="2474" ended="24035" arrived="24035" collisions="26" teleports="26" halting="3" stopped="0" meanWaitingTime="553.47" meanTravelTime="292.31" meanSpeed="21.71" meanSpeedRelative="0.68" duration="3"/>
    <step time="32400.00" loaded="27250" inserted="24753" running="349" waiting="2497" ended="24404" arrived="24404" collisions="26" teleports="26" halting="3" stopped="0" meanWaitingTime="562.42" meanTravelTime="292.58" meanSpeed="21.67" meanSpeedRelative="0.68" duration="86"/>
    <step time="32700.00" loaded="27511" inserted="25029" running="245" waiting="2482" ended="24784" arrived="24784" collisions="26" teleports="26" halting="10" stopped="0" meanWaitingTime="575.03" meanTravelTime="292.39" meanSpeed="22.24" meanSpeedRelative="0.69" duration="2"/>
    <step time="33000.00" loaded="27793" inserted="25307" running="229" waiting="2486" ended="25078" arrived="25078" collisions="26" teleports="26" halting="3" stopped="0" meanWaitingTime="587.04" meanTravelTime="292.13" meanSpeed="22.59" meanSpeedRelative="0.71" duration="1"/>
    <step time="33300.00" loaded="28044" inserted="25575" running="236" waiting="2469" ended="25339" arrived="25339" collisions="26" teleports="26" halting="4" stopped="0" meanWaitingTime="600.36" meanTravelTime="291.85" meanSpeed="22.89" meanSpeedRelative="0.72" duration="2"/>
    <step time="33600.00" loaded="28294" inserted="25837" running="224" waiting="2457" ended="25613" arrived="25613" collisions="26" teleports="26" halting="9" stopped="0" meanWaitingTime="613.83" meanTravelTime="291.56" meanSpeed="22.81" meanSpeedRelative="0.71" duration="1"/>
    <step time="33900.00" loaded="28556" inserted="26105" running="235" waiting="2451" ended="25870" arrived="25870" collisions="26" teleports="26" halting="7" stopped="0" meanWaitingTime="626.40" meanTravelTime="291.17" meanSpeed="22.00" meanSpeedRelative="0.69" duration="2"/>
    <step time="34200.00" loaded="28830" inserted="26375" running="238" waiting="2455" ended="26137" arrived="26137" collisions="26" teleports="26" halting="1" stopped="0" meanWaitingTime="639.14" meanTravelTime="290.87" meanSpeed="23.00" meanSpeedRelative="0.72" duration="3"/>
    <step time="34500.00" loaded="29076" inserted="26646" running="239" waiting="2430" ended="26407" arrived="26407" collisions="27" teleports="27" halting="5" stopped="0" meanWaitingTime="654.58" meanTravelTime="290.56" meanSpeed="23.72" meanSpeedRelative="0.74" duration="2"/>
    <step time="34800.00" loaded="29351" inserted="26934" running="252" waiting="2417" ended="26682" arrived="26682" collisions="28" teleports="28" halting="9" stopped="0" meanWaitingTime="668.98" meanTravelTime="290.28" meanSpeed="22.24" meanSpeedRelative="0.70" duration="2"/>
    <step time="35100.00" loaded="29591" inserted="27194" running="235" waiting="2397" ended="26959" arrived="26959" collisions="28" teleports="28" halting="5" stopped="0" meanWaitingTime="683.23" meanTravelTime="290.08" meanSpeed="22.22" meanSpeedRelative="0.69" duration="2"/>
    <step time="35400.00" loaded="29881" inserted="27498" running="274" waiting="2383" ended="27224" arrived="27224" collisions="28" teleports="28" halting="2" stopped="0" meanWaitingTime="696.28" meanTravelTime="289.95" meanSpeed="23.01" meanSpeedRelative="0.72" duration="2"/>
    <step time="35700.00" loaded="30155" inserted="27798" running="294" waiting="2357" ended="27504" arrived="27504" collisions="28" teleports="28" halting="5" stopped="0" meanWaitingTime="710.94" meanTravelTime="289.70" meanSpeed="22.47" meanSpeedRelative="0.70" duration="1"/>
    <step time="36000.00" loaded="30420" inserted="28069" running="264" waiting="2351" ended="27805" arrived="27805" collisions="29" teleports="29" halting="4" stopped="0" meanWaitingTime="724.61" meanTravelTime="289.76" meanSpeed="22.55" meanSpeedRelative="0.70" duration="84"/>
    <step time="36300.00" loaded="30907" inserted="28486" running="388" waiting="2421" ended="28098" arrived="28098" collisions="29" teleports="29" halting="5" stopped="0" meanWaitingTime="735.46" meanTravelTime="289.62" meanSpeed="21.69" meanSpeedRelative="0.68" duration="3"/>
    <step time="36600.00" loaded="31331" inserted="28890" running="413" waiting="2441" ended="28477" arrived="28477" collisions="29" teleports="29" halting="6" stopped="0" meanWaitingTime="747.96" meanTravelTime="289.68" meanSpeed="21.39" meanSpeedRelative="0.67" duration="3"/>
    <step time="36900.00" loaded="31823" inserted="29309" running="429" waiting="2514" ended="28880" arrived="28880" collisions="30" teleports="30" halting="4" stopped="0" meanWaitingTime="760.91" meanTravelTime="289.67" meanSpeed="20.29" meanSpeedRelative="0.63" duration="3"/>
    <step time="37200.00" loaded="32257" inserted="29703" running="422" waiting="2554" ended="29281" arrived="29281" collisions="31" teleports="31" halting="4" stopped="0" meanWaitingTime="772.15" meanTravelTime="290.01" meanSpeed="20.93" meanSpeedRelative="0.65" duration="3"/>
    <step time="37500.00" loaded="32724" inserted="30121" running="422" waiting="2603" ended="29699" arrived="29699" collisions="31" teleports="31" halting="1" stopped="0" meanWaitingTime="783.36" meanTravelTime="290.29" meanSpeed="21.11" meanSpeedRelative="0.66" duration="3"/>
    <step time="37800.00" loaded="33177" inserted="30543" running="432" waiting="2634" ended="30111" arrived="30111" collisions="32" teleports="32" halting="5" stopped="0" meanWaitingTime="795.25" meanTravelTime="290.58" meanSpeed="20.66" meanSpeedRelative="0.65" duration="2"/>
    <step time="38100.00" loaded="33653" inserted="30951" running="436" waiting="2702" ended="30515" arrived="30515" collisions="33" teleports="33" halting="12" stopped="0" meanWaitingTime="806.30" meanTravelTime="290.78" meanSpeed="20.69" meanSpeedRelative="0.65" duration="3"/>
    <step time="38400.00" loaded="34110" inserted="31363" running="437" waiting="2747" ended="30926" arrived="30926" collisions="34" teleports="34" halting="4" stopped="0" meanWaitingTime="818.99" meanTravelTime="291.14" meanSpeed="20.83" meanSpeedRelative="0.65" duration="4"/>
    <step time="38700.00" loaded="34618" inserted="31797" running="444" waiting="2821" ended="31353" arrived="31353" collisions="36" teleports="36" halting="6" stopped="0" meanWaitingTime="831.14" meanTravelTime="291.34" meanSpeed="20.67" meanSpeedRelative="0.65" duration="3"/>
    <step time="39000.00" loaded="35119" inserted="32215" running="497" waiting="2904" ended="31718" arrived="31718" collisions="37" teleports="37" halting="8" stopped="0" meanWaitingTime="843.28" meanTravelTime="291.61" meanSpeed="18.91" meanSpeedRelative="0.59" duration="3"/>
    <step time="39300.00" loaded="35554" inserted="32596" running="465" waiting="2958" ended="32131" arrived="32131" collisions="37" teleports="37" halting="7" stopped="0" meanWaitingTime="854.13" meanTravelTime="292.11" meanSpeed="19.16" meanSpeedRelative="0.60" duration="4"/>
    <step time="39600.00" loaded="36029" inserted="32990" running="440" waiting="3039" ended="32550" arrived="32550" collisions="38" teleports="38" halting="3" stopped="0" meanWaitingTime="866.16" meanTravelTime="293.09" meanSpeed="20.47" meanSpeedRelative="0.64" duration="89"/>
    <step time="39900.00" loaded="36524" inserted="33430" running="457" waiting="3094" ended="32973" arrived="32973" collisions="38" teleports="38" halting="8" stopped="0" meanWaitingTime="879.47" meanTravelTime="293.90" meanSpeed="20.41" meanSpeedRelative="0.64" duration="3"/>
    <step time="40200.00" loaded="37045" inserted="33855" running="459" waiting="3190" ended="33396" arrived="33396" collisions="41" teleports="41" halting="7" stopped="0" meanWaitingTime="889.07" meanTravelTime="294.42" meanSpeed="20.35" meanSpeedRelative="0.64" duration="4"/>
    <step time="40500.00" loaded="37551" inserted="34289" running="484" waiting="3262" ended="33805" arrived="33805" collisions="42" teleports="42" halting="6" stopped="0" meanWaitingTime="899.64" meanTravelTime="294.73" meanSpeed="19.91" meanSpeedRelative="0.62" duration="4"/>
    <step time="40800.00" loaded="38062" inserted="34706" running="477" waiting="3356" ended="34229" arrived="34229" collisions="43" teleports="43" halting="10" stopped="0" meanWaitingTime="910.60" meanTravelTime="295.19" meanSpeed="20.00" meanSpeedRelative="0.62" duration="3"/>
    <step time="41100.00" loaded="38589" inserted="35139" running="488" waiting="3450" ended="34651" arrived="34651" collisions="44" teleports="44" halting="5" stopped="0" meanWaitingTime="919.91" meanTravelTime="295.61" meanSpeed="20.63" meanSpeedRelative="0.64" duration="5"/>
    <step time="41400.00" loaded="39125" inserted="35598" running="513" waiting="3527" ended="35085" arrived="35085" collisions="46" teleports="46" halting="7" stopped="0" meanWaitingTime="930.56" meanTravelTime="296.03" meanSpeed="19.84" meanSpeedRelative="0.62" duration="5"/>
    <step time="41700.00" loaded="39623" inserted="36019" running="490" waiting="3604" ended="35529" arrived="35529" collisions="46" teleports="46" halting="2" stopped="0" meanWaitingTime="940.63" meanTravelTime="296.72" meanSpeed="20.57" meanSpeedRelative="0.64" duration="3"/>
    <step time="42000.00" loaded="40175" inserted="36475" running="492" waiting="3700" ended="35983" arrived="35983" collisions="46" teleports="46" halting="1" stopped="0" meanWaitingTime="950.91" meanTravelTime="297.26" meanSpeed="20.23" meanSpeedRelative="0.63" duration="4"/>
    <step time="42300.00" loaded="40724" inserted="36946" running="517" waiting="3778" ended="36429" arrived="36429" collisions="47" teleports="47" halting="3" stopped="0" meanWaitingTime="961.71" meanTravelTime="297.53" meanSpeed="20.25" meanSpeedRelative="0.63" duration="3"/>
    <step time="42600.00" loaded="41242" inserted="37345" running="480" waiting="3897" ended="36865" arrived="36865" collisions="50" teleports="50" halting="6" stopped="0" meanWaitingTime="971.92" meanTravelTime="298.18" meanSpeed="21.05" meanSpeedRelative="0.66" duration="3"/>
    <step time="42900.00" loaded="41765" inserted="37773" running="503" waiting="3992" ended="37270" arrived="37270" collisions="53" teleports="53" halting="9" stopped="0" meanWaitingTime="983.11" meanTravelTime="298.71" meanSpeed="19.07" meanSpeedRelative="0.60" duration="4"/>
    <step time="43200.00" loaded="42258" inserted="38197" running="478" waiting="4061" ended="37719" arrived="37719" collisions="54" teleports="54" halting="12" stopped="0" meanWaitingTime="992.62" meanTravelTime="299.31" meanSpeed="20.99" meanSpeedRelative="0.66" duration="91"/>
    <step time="43500.00" loaded="42803" inserted="38676" running="527" waiting="4127" ended="38149" arrived="38149" collisions="55" teleports="55" halting="9" stopped="0" meanWaitingTime="1003.41" meanTravelTime="299.80" meanSpeed="20.23" meanSpeedRelative="0.63" duration="4"/>
    <step time="43800.00" loaded="43329" inserted="39094" running="502" waiting="4235" ended="38592" arrived="38592" collisions="58" teleports="58" halting="4" stopped="0" meanWaitingTime="1013.44" meanTravelTime="300.34" meanSpeed="20.29" meanSpeedRelative="0.63" duration="3"/>
    <step time="44100.00" loaded="43857" inserted="39537" running="523" waiting="4320" ended="39014" arrived="39014" collisions="59" teleports="59" halting="2" stopped="0" meanWaitingTime="1023.92" meanTravelTime="300.85" meanSpeed="19.89" meanSpeedRelative="0.62" duration="5"/>
    <step time="44400.00" loaded="44423" inserted="40031" running="554" waiting="4392" ended="39477" arrived="39477" collisions="59" teleports="59" halting="7" stopped="0" meanWaitingTime="1035.51" meanTravelTime="301.35" meanSpeed="18.83" meanSpeedRelative="0.59" duration="5"/>
    <step time="44700.00" loaded="44964" inserted="40528" running="590" waiting="4436" ended="39938" arrived="39938" collisions="59" teleports="59" halting="8" stopped="0" meanWaitingTime="1049.78" meanTravelTime="301.74" meanSpeed="19.16" meanSpeedRelative="0.60" duration="5"/>
    <step time="45000.00" loaded="45493" inserted="40986" running="578" waiting="4507" ended="40408" arrived="40408" collisions="59" teleports="59" halting="6" stopped="0" meanWaitingTime="1061.86" meanTravelTime="302.43" meanSpeed="18.22" meanSpeedRelative="0.57" duration="6"/>
    <step time="45300.00" loaded="46031" inserted="41465" running="571" waiting="4566" ended="40894" arrived="40894" collisions="60" teleports="60" halting="6" stopped="0" meanWaitingTime="1075.37" meanTravelTime="303.22" meanSpeed="18.55" meanSpeedRelative="0.58" duration="5"/>
    <step time="45600.00" loaded="46549" inserted="41916" running="548" waiting="4633" ended="41368" arrived="41368" collisions="60" teleports="60" halting="4" stopped="0" meanWaitingTime="1087.76" meanTravelTime="303.88" meanSpeed="18.61" meanSpeedRelative="0.58" duration="5"/>
    <step time="45900.00" loaded="47109" inserted="42398" running="595" waiting="4711" ended="41803" arrived="41803" collisions="61" teleports="61" halting="9" stopped="0" meanWaitingTime="1100.30" meanTravelTime="304.51" meanSpeed="19.18" meanSpeedRelative="0.60" duration="4"/>
    <step time="46200.00" loaded="47658" inserted="42855" running="593" waiting="4803" ended="42262" arrived="42262" collisions="61" teleports="61" halting="6" stopped="0" meanWaitingTime="1111.55" meanTravelTime="305.09" meanSpeed="19.08" meanSpeedRelative="0.60" duration="6"/>
    <step time="46500.00" loaded="48165" inserted="43314" running="563" waiting="4851" ended="42751" arrived="42751" collisions="63" teleports="63" halting="8" stopped="0" meanWaitingTime="1123.70" meanTravelTime="305.68" meanSpeed="19.14" meanSpeedRelative="0.60" duration="5"/>
    <step time="46800.00" loaded="48678" inserted="43770" running="574" waiting="4908" ended="43196" arrived="43196" collisions="63" teleports="63" halting="8" stopped="0" meanWaitingTime="1136.60" meanTravelTime="306.58" meanSpeed="19.21" meanSpeedRelative="0.60" duration="94"/>
    <step time="47100.00" loaded="49193" inserted="44249" running="578" waiting="4944" ended="43671" arrived="43671" collisions="63" teleports="63" halting="10" stopped="0" meanWaitingTime="1149.72" meanTravelTime="307.58" meanSpeed="18.26" meanSpeedRelative="0.57" duration="5"/>
    <step time="47400.00" loaded="49718" inserted="44693" running="579" waiting="5025" ended="44114" arrived="44114" collisions="65" teleports="65" halting="7" stopped="0" meanWaitingTime="1158.84" meanTravelTime="308.27" meanSpeed="17.98" meanSpeedRelative="0.56" duration="7"/>
    <step time="47700.00" loaded="50246" inserted="45133" running="604" waiting="5113" ended="44529" arrived="44529" collisions="65" teleports="65" halting="5" stopped="0" meanWaitingTime="1168.74" meanTravelTime="309.17" meanSpeed="18.43" meanSpeedRelative="0.58" duration="5"/>
    <step time="48000.00" loaded="50788" inserted="45585" running="563" waiting="5203" ended="45022" arrived="45022" collisions="68" teleports="68" halting="4" stopped="0" meanWaitingTime="1179.22" meanTravelTime="310.02" meanSpeed="18.87" meanSpeedRelative="0.59" duration="5"/>
    <step time="48300.00" loaded="51329" inserted="46031" running="565" waiting="5298" ended="45466" arrived="45466" collisions="69" teleports="69" halting="9" stopped="0" meanWaitingTime="1192.69" meanTravelTime="310.60" meanSpeed="19.56" meanSpeedRelative="0.61" duration="6"/>
    <step time="48600.00" loaded="51856" inserted="46486" running="568" waiting="5370" ended="45918" arrived="45918" collisions="69" teleports="69" halting="8" stopped="0" meanWaitingTime="1205.35" meanTravelTime="311.21" meanSpeed="18.41" meanSpeedRelative="0.58" duration="4"/>
    <step time="48900.00" loaded="52413" inserted="46945" running="584" waiting="5468" ended="46361" arrived="46361" collisions="69" teleports="69" halting="6" stopped="0" meanWaitingTime="1216.83" meanTravelTime="311.83" meanSpeed="18.41" meanSpeedRelative="0.58" duration="4"/>
    <step time="49200.00" loaded="52952" inserted="47392" running="598" waiting="5560" ended="46794" arrived="46794" collisions="69" teleports="69" halting="12" stopped="0" meanWaitingTime="1227.40" meanTravelTime="312.54" meanSpeed="17.88" meanSpeedRelative="0.56" duration="6"/>
    <step time="49500.00" loaded="53465" inserted="47850" running="592" waiting="5615" ended="47258" arrived="47258" collisions="70" teleports="70" halting="8" stopped="0" meanWaitingTime="1239.79" meanTravelTime="313.21" meanSpeed="18.31" meanSpeedRelative="0.57" duration="6"/>
    <step time="49800.00" loaded="54015" inserted="48323" running="594" waiting="5692" ended="47729" arrived="47729" collisions="70" teleports="70" halting="6" stopped="0" meanWaitingTime="1252.47" meanTravelTime="314.08" meanSpeed="18.29" meanSpeedRelative="0.57" duration="7"/>
    <step time="50100.00" loaded="54625" inserted="48809" running="607" waiting="5816" ended="48202" arrived="48202" collisions="71" teleports="71" halting="6" stopped="0" meanWaitingTime="1264.37" meanTravelTime="314.80" meanSpeed="18.05" meanSpeedRelative="0.56" duration="6"/>
    <step time="50400.00" loaded="55142" inserted="49262" running="578" waiting="5880" ended="48684" arrived="48684" collisions="72" teleports="72" halting="8" stopped="0" meanWaitingTime="1277.67" meanTravelTime="315.34" meanSpeed="18.54" meanSpeedRelative="0.58" duration="97"/>
    <step time="50700.00" loaded="55856" inserted="49788" running="634" waiting="6068" ended="49154" arrived="49154" collisions="74" teleports="74" halting="4" stopped="0" meanWaitingTime="1290.15" meanTravelTime="315.91" meanSpeed="18.67" meanSpeedRelative="0.58" duration="6"/>
    <step time="51000.00" loaded="56573" inserted="50313" running="659" waiting="6260" ended="49654" arrived="49654" collisions="77" teleports="77" halting="8" stopped="0" meanWaitingTime="1303.02" meanTravelTime="316.43" meanSpeed="17.13" meanSpeedRelative="0.54" duration="7"/>
    <step time="51300.00" loaded="57315" inserted="50824" running="676" waiting="6491" ended="50148" arrived="50148" collisions="78" teleports="78" halting="1" stopped="0" meanWaitingTime="1314.43" meanTravelTime="317.17" meanSpeed="16.60" meanSpeedRelative="0.52" duration="5"/>
    <step time="51600.00" loaded="58030" inserted="51339" running="711" waiting="6691" ended="50628" arrived="50628" collisions="82" teleports="82" halting="6" stopped="0" meanWaitingTime="1327.03" meanTravelTime="317.95" meanSpeed="16.36" meanSpeedRelative="0.51" duration="8"/>
    <step time="51900.00" loaded="58751" inserted="51855" running="731" waiting="6896" ended="51124" arrived="51124" collisions="84" teleports="84" halting="7" stopped="0" meanWaitingTime="1337.96" meanTravelTime="318.91" meanSpeed="16.44" meanSpeedRelative="0.51" duration="7"/>
    <step time="52200.00" loaded="59439" inserted="52379" running="766" waiting="7060" ended="51613" arrived="51613" collisions="85" teleports="85" halting="14" stopped="0" meanWaitingTime="1349.50" meanTravelTime="319.98" meanSpeed="16.39" meanSpeedRelative="0.51" duration="10"/>
    <step time="52500.00" loaded="60159" inserted="52889" running="784" waiting="7270" ended="52105" arrived="52105" collisions="86" teleports="86" halting="13" stopped="0" meanWaitingTime="1363.05" meanTravelTime="321.02" meanSpeed="15.41" meanSpeedRelative="0.48" duration="7"/>
    <step time="52800.00" loaded="60842" inserted="53413" running="796" waiting="7429" ended="52617" arrived="52617" collisions="90" teleports="90" halting="7" stopped="0" meanWaitingTime="1375.41" meanTravelTime="322.34" meanSpeed="15.48" meanSpeedRelative="0.48" duration="8"/>
    <step time="53100.00" loaded="61574" inserted="53926" running="803" waiting="7648" ended="53123" arrived="53123" collisions="93" teleports="93" halting="15" stopped="0" meanWaitingTime="1386.17" meanTravelTime="323.66" meanSpeed="15.03" meanSpeedRelative="0.47" duration="7"/>
    <step time="53400.00" loaded="62327" inserted="54420" running="821" waiting="7907" ended="53599" arrived="53599" collisions="94" teleports="94" halting="9" stopped="0" meanWaitingTime="1399.36" meanTravelTime="324.99" meanSpeed="14.54" meanSpeedRelative="0.45" duration="11"/>
    <step time="53700.00" loaded="63030" inserted="54942" running="819" waiting="8088" ended="54123" arrived="54123" collisions="96" teleports="96" halting="6" stopped="0" meanWaitingTime="1412.55" meanTravelTime="326.69" meanSpeed="14.98" meanSpeedRelative="0.47" duration="9"/>
    <step time="54000.00" loaded="63724" inserted="55476" running="839" waiting="8248" ended="54637" arrived="54637" collisions="97" teleports="97" halting="3" stopped="0" meanWaitingTime="1428.99" meanTravelTime="327.99" meanSpeed="14.70" meanSpeedRelative="0.46" duration="90"/>
    <step time="54300.00" loaded="64167" inserted="55931" running="785" waiting="8236" ended="55146" arrived="55146" collisions="100" teleports="100" halting="6" stopped="0" meanWaitingTime="1444.88" meanTravelTime="329.27" meanSpeed="14.04" meanSpeedRelative="0.44" duration="9"/>
    <step time="54600.00" loaded="64634" inserted="56400" running="761" waiting="8234" ended="55639" arrived="55639" collisions="101" teleports="101" halting="7" stopped="0" meanWaitingTime="1459.95" meanTravelTime="330.77" meanSpeed="14.74" meanSpeedRelative="0.46" duration="8"/>
    <step time="54900.00" loaded="65059" inserted="56834" running="691" waiting="8225" ended="56143" arrived="56143" collisions="103" teleports="103" halting="3" stopped="0" meanWaitingTime="1476.64" meanTravelTime="332.23" meanSpeed="15.18" meanSpeedRelative="0.47" duration="8"/>
    <step time="55200.00" loaded="65514" inserted="57264" running="668" waiting="8250" ended="56596" arrived="56596" collisions="104" teleports="104" halting="3" stopped="0" meanWaitingTime="1493.25" meanTravelTime="333.39" meanSpeed="16.25" meanSpeedRelative="0.51" duration="6"/>
    <step time="55500.00" loaded="65977" inserted="57728" running="651" waiting="8249" ended="57077" arrived="57077" collisions="105" teleports="105" halting="8" stopped="0" meanWaitingTime="1510.44" meanTravelTime="334.41" meanSpeed="16.71" meanSpeedRelative="0.52" duration="10"/>
    <step time="55800.00" loaded="66426" inserted="58159" running="627" waiting="8267" ended="57532" arrived="57532" collisions="108" teleports="108" halting="9" stopped="0" meanWaitingTime="1527.54" meanTravelTime="335.18" meanSpeed="17.02" meanSpeedRelative="0.53" duration="9"/>
    <step time="56100.00" loaded="66881" inserted="58604" running="619" waiting="8277" ended="57985" arrived="57985" collisions="111" teleports="111" halting="3" stopped="0" meanWaitingTime="1544.20" meanTravelTime="335.89" meanSpeed="17.52" meanSpeedRelative="0.55" duration="8"/>
    <step time="56400.00" loaded="67320" inserted="59070" running="616" waiting="8250" ended="58454" arrived="58454" collisions="113" teleports="113" halting="6" stopped="0" meanWaitingTime="1562.25" meanTravelTime="336.25" meanSpeed="17.52" meanSpeedRelative="0.55" duration="5"/>
    <step time="56700.00" loaded="67789" inserted="59510" running="571" waiting="8279" ended="58939" arrived="58939" collisions="115" teleports="115" halting="6" stopped="0" meanWaitingTime="1578.12" meanTravelTime="336.86" meanSpeed="18.37" meanSpeedRelative="0.57" duration="7"/>
    <step time="57000.00" loaded="68282" inserted="59968" running="582" waiting="8314" ended="59386" arrived="59386" collisions="115" teleports="115" halting="4" stopped="0" meanWaitingTime="1596.40" meanTravelTime="337.36" meanSpeed="18.48" meanSpeedRelative="0.58" duration="6"/>
    <step time="57300.00" loaded="68719" inserted="60411" running="577" waiting="8308" ended="59834" arrived="59834" collisions="115" teleports="115" halting="6" stopped="0" meanWaitingTime="1614.62" meanTravelTime="337.64" meanSpeed="18.30" meanSpeedRelative="0.57" duration="5"/>
    <step time="57600.00" loaded="69142" inserted="60853" running="564" waiting="8289" ended="60289" arrived="60289" collisions="116" teleports="116" halting="4" stopped="0" meanWaitingTime="1633.75" meanTravelTime="337.97" meanSpeed="17.73" meanSpeedRelative="0.55" duration="85"/>
    <step time="57900.00" loaded="69691" inserted="61333" running="599" waiting="8358" ended="60734" arrived="60734" collisions="117" teleports="117" halting="6" stopped="0" meanWaitingTime="1650.44" meanTravelTime="338.25" meanSpeed="18.92" meanSpeedRelative="0.59" duration="8"/>
    <step time="58200.00" loaded="70260" inserted="61806" running="612" waiting="8454" ended="61194" arrived="61194" collisions="117" teleports="117" halting="4" stopped="0" meanWaitingTime="1667.79" meanTravelTime="338.46" meanSpeed="17.71" meanSpeedRelative="0.55" duration="10"/>
    <step time="58500.00" loaded="70837" inserted="62312" running="636" waiting="8525" ended="61676" arrived="61676" collisions="120" teleports="120" halting="11" stopped="0" meanWaitingTime="1685.07" meanTravelTime="338.88" meanSpeed="18.46" meanSpeedRelative="0.58" duration="8"/>
    <step time="58800.00" loaded="71403" inserted="62808" running="669" waiting="8595" ended="62139" arrived="62139" collisions="121" teleports="121" halting="4" stopped="0" meanWaitingTime="1701.76" meanTravelTime="339.16" meanSpeed="17.92" meanSpeedRelative="0.56" duration="9"/>
    <step time="59100.00" loaded="71949" inserted="63276" running="641" waiting="8673" ended="62635" arrived="62635" collisions="121" teleports="121" halting="2" stopped="0" meanWaitingTime="1717.44" meanTravelTime="339.71" meanSpeed="17.59" meanSpeedRelative="0.55" duration="5"/>
    <step time="59400.00" loaded="72506" inserted="63758" running="659" waiting="8748" ended="63099" arrived="63099" collisions="123" teleports="123" halting="9" stopped="0" meanWaitingTime="1734.12" meanTravelTime="340.20" meanSpeed="17.15" meanSpeedRelative="0.54" duration="9"/>
    <step time="59700.00" loaded="73080" inserted="64250" running="677" waiting="8830" ended="63573" arrived="63573" collisions="124" teleports="124" halting="1" stopped="0" meanWaitingTime="1750.57" meanTravelTime="340.70" meanSpeed="17.12" meanSpeedRelative="0.53" duration="9"/>
    <step time="60000.00" loaded="73645" inserted="64737" running="688" waiting="8908" ended="64049" arrived="64049" collisions="125" teleports="125" halting="4" stopped="0" meanWaitingTime="1767.78" meanTravelTime="341.25" meanSpeed="17.08" meanSpeedRelative="0.53" duration="9"/>
    <step time="60300.00" loaded="74169" inserted="65196" running="670" waiting="8973" ended="64526" arrived="64526" collisions="129" teleports="129" halting="6" stopped="0" meanWaitingTime="1784.92" meanTravelTime="341.78" meanSpeed="17.78" meanSpeedRelative="0.56" duration="8"/>
    <step time="60600.00" loaded="74709" inserted="65665" running="642" waiting="9044" ended="65023" arrived="65023" collisions="133" teleports="133" halting="3" stopped="0" meanWaitingTime="1800.57" meanTravelTime="342.35" meanSpeed="17.62" meanSpeedRelative="0.55" duration="7"/>
    <step time="60900.00" loaded="75280" inserted="66168" running="685" waiting="9112" ended="65483" arrived="65483" collisions="139" teleports="139" halting="8" stopped="0" meanWaitingTime="1816.68" meanTravelTime="342.83" meanSpeed="17.21" meanSpeedRelative="0.54" duration="9"/>
    <step time="61200.00" loaded="75846" inserted="66666" running="697" waiting="9180" ended="65969" arrived="65969" collisions="139" teleports="139" halting="10" stopped="0" meanWaitingTime="1829.88" meanTravelTime="343.42" meanSpeed="16.69" meanSpeedRelative="0.52" duration="89"/>
    <step time="61500.00" loaded="75923" inserted="67006" running="594" waiting="8917" ended="66412" arrived="66412" collisions="142" teleports="142" halting="12" stopped="0" meanWaitingTime="1849.83" meanTravelTime="344.24" meanSpeed="16.79" meanSpeedRelative="0.52" duration="8"/>
    <step time="61800.00" loaded="75989" inserted="67311" running="496" waiting="8678" ended="66815" arrived="66815" collisions="145" teleports="145" halting="2" stopped="0" meanWaitingTime="1869.04" meanTravelTime="345.14" meanSpeed="18.92" meanSpeedRelative="0.59" duration="5"/>
    <step time="62100.00" loaded="76073" inserted="67655" running="438" waiting="8418" ended="67217" arrived="67217" collisions="146" teleports="146" halting="2" stopped="0" meanWaitingTime="1890.98" meanTravelTime="345.86" meanSpeed="19.41" meanSpeedRelative="0.61" duration="4"/>
    <step time="62400.00" loaded="76148" inserted="67988" running="410" waiting="8160" ended="67578" arrived="67578" collisions="147" teleports="147" halting="8" stopped="0" meanWaitingTime="1913.60" meanTravelTime="346.10" meanSpeed="19.22" meanSpeedRelative="0.60" duration="4"/>
    <step time="62700.00" loaded="76219" inserted="68266" running="357" waiting="7953" ended="67909" arrived="67909" collisions="149" teleports="149" halting="3" stopped="0" meanWaitingTime="1934.37" meanTravelTime="346.43" meanSpeed="20.22" meanSpeedRelative="0.63" duration="3"/>
    <step time="63000.00" loaded="76281" inserted="68538" running="316" waiting="7743" ended="68222" arrived="68222" collisions="151" teleports="151" halting="1" stopped="0" meanWaitingTime="1951.55" meanTravelTime="346.62" meanSpeed="20.96" meanSpeedRelative="0.66" duration="3"/>
    <step time="63300.00" loaded="76362" inserted="68807" running="303" waiting="7555" ended="68504" arrived="68504" collisions="151" teleports="151" halting="6" stopped="0" meanWaitingTime="1968.18" meanTravelTime="346.64" meanSpeed="21.36" meanSpeedRelative="0.67" duration="3"/>
    <step time="63600.00" loaded="76433" inserted="69068" running="289" waiting="7365" ended="68779" arrived="68779" collisions="152" teleports="152" halting="5" stopped="0" meanWaitingTime="1991.76" meanTravelTime="346.60" meanSpeed="20.53" meanSpeedRelative="0.64" duration="4"/>
    <step time="63900.00" loaded="76515" inserted="69286" running="231" waiting="7229" ended="69055" arrived="69055" collisions="152" teleports="152" halting="1" stopped="0" meanWaitingTime="2009.25" meanTravelTime="346.60" meanSpeed="22.11" meanSpeedRelative="0.69" duration="2"/>
    <step time="64200.00" loaded="76594" inserted="69516" running="228" waiting="7078" ended="69288" arrived="69288" collisions="153" teleports="153" halting="5" stopped="0" meanWaitingTime="2029.22" meanTravelTime="346.44" meanSpeed="21.03" meanSpeedRelative="0.66" duration="2"/>
    <step time="64500.00" loaded="76681" inserted="69738" running="230" waiting="6943" ended="69508" arrived="69508" collisions="153" teleports="153" halting="7" stopped="0" meanWaitingTime="2047.02" meanTravelTime="346.29" meanSpeed="21.85" meanSpeedRelative="0.68" duration="3"/>
    <step time="64800.00" loaded="76763" inserted="69962" running="228" waiting="6801" ended="69734" arrived="69734" collisions="154" teleports="154" halting="4" stopped="0" meanWaitingTime="2064.51" meanTravelTime="346.15" meanSpeed="21.31" meanSpeedRelative="0.67" duration="95"/>
    <step time="65100.00" loaded="76821" inserted="70152" running="204" waiting="6669" ended="69948" arrived="69948" collisions="154" teleports="154" halting="3" stopped="0" meanWaitingTime="2080.94" meanTravelTime="346.10" meanSpeed="21.71" meanSpeedRelative="0.68" duration="3"/>
    <step time="65400.00" loaded="76872" inserted="70379" running="220" waiting="6493" ended="70159" arrived="70159" collisions="154" teleports="154" halting="3" stopped="0" meanWaitingTime="2104.76" meanTravelTime="345.94" meanSpeed="22.15" meanSpeedRelative="0.69" duration="2"/>
    <step time="65700.00" loaded="76916" inserted="70589" running="204" waiting="6327" ended="70385" arrived="70385" collisions="155" teleports="155" halting="5" stopped="0" meanWaitingTime="2126.82" meanTravelTime="345.74" meanSpeed="20.29" meanSpeedRelative="0.63" duration="2"/>
    <step time="66000.00" loaded="76968" inserted="70808" running="215" waiting="6160" ended="70593" arrived="70593" collisions="155" teleports="155" halting="3" stopped="0" meanWaitingTime="2145.85" meanTravelTime="345.60" meanSpeed="21.22" meanSpeedRelative="0.66" duration="2"/>
    <step time="66300.00" loaded="77042" inserted="70948" running="152" waiting="6094" ended="70796" arrived="70796" collisions="157" teleports="157" halting="7" stopped="0" meanWaitingTime="2159.51" meanTravelTime="345.56" meanSpeed="21.20" meanSpeedRelative="0.66" duration="6"/>
    <step time="66600.00" loaded="77082" inserted="71104" running="120" waiting="5978" ended="70984" arrived="70984" collisions="157" teleports="157" halting="2" stopped="0" meanWaitingTime="2180.89" meanTravelTime="345.42" meanSpeed="21.68" meanSpeedRelative="0.68" duration="1"/>
    <step time="66900.00" loaded="77130" inserted="71279" running="125" waiting="5851" ended="71154" arrived="71154" collisions="157" teleports="157" halting="2" stopped="0" meanWaitingTime="2205.23" meanTravelTime="345.12" meanSpeed="21.99" meanSpeedRelative="0.69" duration="1"/>
    <step time="67200.00" loaded="77181" inserted="71442" running="122" waiting="5739" ended="71320" arrived="71320" collisions="157" teleports="157" halting="4" stopped="0" meanWaitingTime="2227.09" meanTravelTime="344.85" meanSpeed="22.08" meanSpeedRelative="0.69" duration="2"/>
    <step time="67500.00" loaded="77236" inserted="71577" running="110" waiting="5659" ended="71467" arrived="71467" collisions="157" teleports="157" halting="4" stopped="0" meanWaitingTime="2244.10" meanTravelTime="344.65" meanSpeed="20.48" meanSpeedRelative="0.64" duration="2"/>
    <step time="67800.00" loaded="77289" inserted="71733" running="123" waiting="5556" ended="71610" arrived="71610" collisions="157" teleports="157" halting="0" stopped="0" meanWaitingTime="2263.59" meanTravelTime="344.40" meanSpeed="20.88" meanSpeedRelative="0.65" duration="2"/>
    <step time="68100.00" loaded="77329" inserted="71889" running="120" waiting="5440" ended="71769" arrived="71769" collisions="157" teleports="157" halting="2" stopped="0" meanWaitingTime="2285.47" meanTravelTime="344.15" meanSpeed="19.94" meanSpeedRelative="0.62" duration="2"/>
    <step time="68400.00" loaded="77392" inserted="72073" running="126" waiting="5319" ended="71947" arrived="71947" collisions="157" teleports="157" halting="4" stopped="0" meanWaitingTime="2308.93" meanTravelTime="343.87" meanSpeed="20.39" meanSpeedRelative="0.64" duration="92"/>
    <step time="68700.00" loaded="77573" inserted="72290" running="178" waiting="5283" ended="72112" arrived="72112" collisions="157" teleports="157" halting="7" stopped="0" meanWaitingTime="2320.47" meanTravelTime="343.61" meanSpeed="20.94" meanSpeedRelative="0.65" duration="2"/>
    <step time="69000.00" loaded="77723" inserted="72475" running="164" waiting="5248" ended="72311" arrived="72311" collisions="157" teleports="157" halting="2" stopped="0" meanWaitingTime="2333.39" meanTravelTime="343.39" meanSpeed="21.52" meanSpeedRelative="0.67" duration="2"/>
    <step time="69300.00" loaded="77895" inserted="72690" running="197" waiting="5205" ended="72493" arrived="72493" collisions="157" teleports="157" halting="2" stopped="0" meanWaitingTime="2346.47" meanTravelTime="343.16" meanSpeed="23.14" meanSpeedRelative="0.72" duration="2"/>
    <step time="69600.00" loaded="78053" inserted="72902" running="198" waiting="5151" ended="72704" arrived="72704" collisions="157" teleports="157" halting="5" stopped="0" meanWaitingTime="2362.07" meanTravelTime="342.97" meanSpeed="21.88" meanSpeedRelative="0.68" duration="2"/>
    <step time="69900.00" loaded="78215" inserted="73110" running="205" waiting="5105" ended="72905" arrived="72905" collisions="158" teleports="158" halting="5" stopped="0" meanWaitingTime="2375.41" meanTravelTime="342.81" meanSpeed="21.51" meanSpeedRelative="0.67" duration="2"/>
    <step time="70200.00" loaded="78384" inserted="73343" running="209" waiting="5041" ended="73134" arrived="73134" collisions="159" teleports="159" halting="7" stopped="0" meanWaitingTime="2391.91" meanTravelTime="342.64" meanSpeed="22.62" meanSpeedRelative="0.71" duration="2"/>
    <step time="70500.00" loaded="78544" inserted="73543" running="178" waiting="5001" ended="73365" arrived="73365" collisions="159" teleports="159" halting="6" stopped="0" meanWaitingTime="2406.22" meanTravelTime="342.48" meanSpeed="22.10" meanSpeedRelative="0.69" duration="2"/>
    <step time="70800.00" loaded="78697" inserted="73758" running="187" waiting="4939" ended="73571" arrived="73571" collisions="159" teleports="159" halting="2" stopped="0" meanWaitingTime="2421.02" meanTravelTime="342.32" meanSpeed="22.87" meanSpeedRelative="0.71" duration="2"/>
    <step time="71100.00" loaded="78849" inserted="73966" running="194" waiting="4883" ended="73772" arrived="73772" collisions="159" teleports="159" halting="3" stopped="0" meanWaitingTime="2435.54" meanTravelTime="342.05" meanSpeed="22.13" meanSpeedRelative="0.69" duration="1"/>
    <step time="71400.00" loaded="79008" inserted="74168" running="180" waiting="4840" ended="73988" arrived="73988" collisions="159" teleports="159" halting="7" stopped="0" meanWaitingTime="2450.33" meanTravelTime="341.85" meanSpeed="22.04" meanSpeedRelative="0.69" duration="2"/>
    <step time="71700.00" loaded="79145" inserted="74366" running="180" waiting="4779" ended="74186" arrived="74186" collisions="159" teleports="159" halting="2" stopped="0" meanWaitingTime="2466.32" meanTravelTime="341.70" meanSpeed="21.35" meanSpeedRelative="0.67" duration="2"/>
    <step time="72000.00" loaded="79296" inserted="74572" running="169" waiting="4724" ended="74403" arrived="74403" collisions="159" teleports="159" halting="3" stopped="0" meanWaitingTime="2482.05" meanTravelTime="341.47" meanSpeed="21.74" meanSpeedRelative="0.68" duration="87"/>
    <step time="72300.00" loaded="79413" inserted="74743" running="148" waiting="4670" ended="74595" arrived="74595" collisions="159" teleports="159" halting="4" stopped="0" meanWaitingTime="2497.73" meanTravelTime="341.26" meanSpeed="20.90" meanSpeedRelative="0.65" duration="2"/>
    <step time="72600.00" loaded="79562" inserted="74944" running="169" waiting="4618" ended="74775" arrived="74775" collisions="159" teleports="159" halting="5" stopped="0" meanWaitingTime="2513.07" meanTravelTime="341.06" meanSpeed="21.19" meanSpeedRelative="0.66" duration="1"/>
    <step time="72900.00" loaded="79697" inserted="75132" running="155" waiting="4565" ended="74977" arrived="74977" collisions="159" teleports="159" halting="4" stopped="0" meanWaitingTime="2529.22" meanTravelTime="340.85" meanSpeed="21.20" meanSpeedRelative="0.66" duration="2"/>
    <step time="73200.00" loaded="79843" inserted="75330" running="170" waiting="4513" ended="75160" arrived="75160" collisions="159" teleports="159" halting="4" stopped="0" meanWaitingTime="2546.46" meanTravelTime="340.59" meanSpeed="21.39" meanSpeedRelative="0.67" duration="1"/>
    <step time="73500.00" loaded="79981" inserted="75513" running="169" waiting="4468" ended="75344" arrived="75344" collisions="159" teleports="159" halting="8" stopped="0" meanWaitingTime="2563.11" meanTravelTime="340.33" meanSpeed="20.49" meanSpeedRelative="0.64" duration="1"/>
    <step time="73800.00" loaded="80141" inserted="75726" running="198" waiting="4415" ended="75528" arrived="75528" collisions="161" teleports="161" halting="3" stopped="0" meanWaitingTime="2579.37" meanTravelTime="340.17" meanSpeed="21.11" meanSpeedRelative="0.66" duration="2"/>
    <step time="74100.00" loaded="80273" inserted="75919" running="196" waiting="4354" ended="75723" arrived="75723" collisions="161" teleports="161" halting="2" stopped="0" meanWaitingTime="2595.10" meanTravelTime="339.99" meanSpeed="23.16" meanSpeedRelative="0.72" duration="2"/>
    <step time="74400.00" loaded="80387" inserted="76098" running="160" waiting="4289" ended="75938" arrived="75938" collisions="161" teleports="161" halting="8" stopped="0" meanWaitingTime="2612.31" meanTravelTime="339.89" meanSpeed="20.75" meanSpeedRelative="0.65" duration="2"/>
    <step time="74700.00" loaded="80516" inserted="76293" running="152" waiting="4223" ended="76141" arrived="76141" collisions="161" teleports="161" halting="7" stopped="0" meanWaitingTime="2629.29" meanTravelTime="339.68" meanSpeed="21.37" meanSpeedRelative="0.67" duration="1"/>
    <step time="75000.00" loaded="80633" inserted="76464" running="150" waiting="4169" ended="76314" arrived="76314" collisions="161" teleports="161" halting="3" stopped="0" meanWaitingTime="2646.34" meanTravelTime="339.49" meanSpeed="21.13" meanSpeedRelative="0.66" duration="1"/>
    <step time="75300.00" loaded="80768" inserted="76666" running="165" waiting="4102" ended="76501" arrived="76501" collisions="161" teleports="161" halting="4" stopped="0" meanWaitingTime="2664.25" meanTravelTime="339.31" meanSpeed="21.98" meanSpeedRelative="0.69" duration="1"/>
    <step time="75600.00" loaded="80898" inserted="76845" running="166" waiting="4053" ended="76679" arrived="76679" collisions="161" teleports="161" halting="8" stopped="0" meanWaitingTime="2679.46" meanTravelTime="339.06" meanSpeed="21.43" meanSpeedRelative="0.67" duration="84"/>
    <step time="75900.00" loaded="81098" inserted="77091" running="198" waiting="4007" ended="76893" arrived="76893" collisions="161" teleports="161" halting="3" stopped="0" meanWaitingTime="2694.05" meanTravelTime="338.85" meanSpeed="22.52" meanSpeedRelative="0.70" duration="2"/>
    <step time="76200.00" loaded="81320" inserted="77351" running="228" waiting="3969" ended="77123" arrived="77123" collisions="161" teleports="161" halting="4" stopped="0" meanWaitingTime="2709.88" meanTravelTime="338.59" meanSpeed="22.41" meanSpeedRelative="0.70" duration="2"/>
    <step time="76500.00" loaded="81512" inserted="77593" running="224" waiting="3919" ended="77369" arrived="77369" collisions="161" teleports="161" halting="6" stopped="0" meanWaitingTime="2723.79" meanTravelTime="338.39" meanSpeed="21.81" meanSpeedRelative="0.68" duration="2"/>
    <step time="76800.00" loaded="81706" inserted="77832" running="234" waiting="3874" ended="77598" arrived="77598" collisions="161" teleports="161" halting="3" stopped="0" meanWaitingTime="2737.66" meanTravelTime="338.19" meanSpeed="22.22" meanSpeedRelative="0.69" duration="2"/>
    <step time="77100.00" loaded="81891" inserted="78061" running="221" waiting="3830" ended="77840" arrived="77840" collisions="161" teleports="161" halting="8" stopped="0" meanWaitingTime="2751.27" meanTravelTime="338.05" meanSpeed="22.79" meanSpeedRelative="0.71" duration="2"/>
    <step time="77400.00" loaded="82107" inserted="78306" running="236" waiting="3801" ended="78070" arrived="78070" collisions="161" teleports="161" halting="5" stopped="0" meanWaitingTime="2764.93" meanTravelTime="337.89" meanSpeed="21.34" meanSpeedRelative="0.67" duration="2"/>
    <step time="77700.00" loaded="82310" inserted="78533" running="230" waiting="3777" ended="78303" arrived="78303" collisions="161" teleports="161" halting="1" stopped="0" meanWaitingTime="2776.54" meanTravelTime="337.78" meanSpeed="21.95" meanSpeedRelative="0.69" duration="3"/>
    <step time="78000.00" loaded="82508" inserted="78770" running="235" waiting="3738" ended="78535" arrived="78535" collisions="161" teleports="161" halting="4" stopped="0" meanWaitingTime="2790.19" meanTravelTime="337.64" meanSpeed="21.37" meanSpeedRelative="0.67" duration="2"/>
    <step time="78300.00" loaded="82686" inserted="78989" running="215" waiting="3697" ended="78774" arrived="78774" collisions="161" teleports="161" halting="3" stopped="0" meanWaitingTime="2803.22" meanTravelTime="337.53" meanSpeed="22.30" meanSpeedRelative="0.70" duration="2"/>
    <step time="78600.00" loaded="82868" inserted="79197" running="198" waiting="3671" ended="78999" arrived="78999" collisions="161" teleports="161" halting="9" stopped="0" meanWaitingTime="2815.49" meanTravelTime="337.41" meanSpeed="21.53" meanSpeedRelative="0.67" duration="2"/>
    <step time="78900.00" loaded="83026" inserted="79409" running="196" waiting="3617" ended="79213" arrived="79213" collisions="161" teleports="161" halting="7" stopped="0" meanWaitingTime="2827.38" meanTravelTime="337.27" meanSpeed="21.70" meanSpeedRelative="0.68" duration="1"/>
    <step time="79200.00" loaded="83234" inserted="79662" running="223" waiting="3572" ended="79439" arrived="79439" collisions="161" teleports="161" halting="5" stopped="0" meanWaitingTime="2837.89" meanTravelTime="337.07" meanSpeed="23.05" meanSpeedRelative="0.72" duration="84"/>
    <step time="79500.00" loaded="83433" inserted="79895" running="222" waiting="3538" ended="79673" arrived="79673" collisions="162" teleports="162" halting="4" stopped="0" meanWaitingTime="2847.55" meanTravelTime="336.86" meanSpeed="22.52" meanSpeedRelative="0.70" duration="2"/>
    <step time="79800.00" loaded="83592" inserted="80110" running="202" waiting="3482" ended="79908" arrived="79908" collisions="162" teleports="162" halting="7" stopped="0" meanWaitingTime="2859.57" meanTravelTime="336.70" meanSpeed="22.15" meanSpeedRelative="0.69" duration="2"/>
    <step time="80100.00" loaded="83782" inserted="80343" running="208" waiting="3439" ended="80135" arrived="80135" collisions="163" teleports="163" halting="3" stopped="0" meanWaitingTime="2869.50" meanTravelTime="336.53" meanSpeed="22.56" meanSpeedRelative="0.70" duration="2"/>
    <step time="80400.00" loaded="83957" inserted="80562" running="194" waiting="3395" ended="80368" arrived="80368" collisions="163" teleports="163" halting="2" stopped="0" meanWaitingTime="2878.32" meanTravelTime="336.33" meanSpeed="22.17" meanSpeedRelative="0.69" duration="1"/>
    <step time="80700.00" loaded="84139" inserted="80798" running="202" waiting="3341" ended="80596" arrived="80596" collisions="163" teleports="163" halting="9" stopped="0" meanWaitingTime="2887.19" meanTravelTime="336.16" meanSpeed="22.49" meanSpeedRelative="0.70" duration="1"/>
    <step time="81000.00" loaded="84296" inserted="81004" running="196" waiting="3292" ended="80808" arrived="80808" collisions="163" teleports="163" halting="3" stopped="0" meanWaitingTime="2897.20" meanTravelTime="335.98" meanSpeed="20.49" meanSpeedRelative="0.64" duration="1"/>
    <step time="81300.00" loaded="84466" inserted="81233" running="216" waiting="3233" ended="81017" arrived="81017" collisions="163" teleports="163" halting="3" stopped="0" meanWaitingTime="2905.37" meanTravelTime="335.83" meanSpeed="22.64" meanSpeedRelative="0.71" duration="2"/>
    <step time="81600.00" loaded="84618" inserted="81451" running="191" waiting="3167" ended="81260" arrived="81260" collisions="164" teleports="164" halting="7" stopped="0" meanWaitingTime="2914.76" meanTravelTime="335.64" meanSpeed="21.97" meanSpeedRelative="0.69" duration="2"/>
    <step time="81900.00" loaded="84816" inserted="81700" running="227" waiting="3116" ended="81473" arrived="81473" collisions="164" teleports="164" halting="3" stopped="0" meanWaitingTime="2922.68" meanTravelTime="335.50" meanSpeed="21.77" meanSpeedRelative="0.68" duration="2"/>
    <step time="82200.00" loaded="84999" inserted="81924" running="205" waiting="3075" ended="81719" arrived="81719" collisions="164" teleports="164" halting="4" stopped="0" meanWaitingTime="2930.23" meanTravelTime="335.31" meanSpeed="21.86" meanSpeedRelative="0.68" duration="2"/>
    <step time="82500.00" loaded="85184" inserted="82148" running="190" waiting="3036" ended="81958" arrived="81958" collisions="164" teleports="164" halting="3" stopped="0" meanWaitingTime="2937.33" meanTravelTime="335.13" meanSpeed="23.09" meanSpeedRelative="0.72" duration="1"/>
</summary>
