<?xml version="1.0" encoding="UTF-8"?>

<!-- generated on 2025-08-08 02:08:02 by Eclipse SUMO sumo Version 1.23.1
<sumoConfiguration xmlns:xsi="http://www.w3.org/2001/XMLSchema-instance" xsi:noNamespaceSchemaLocation="http://sumo.dlr.de/xsd/sumoConfiguration.xsd">

    <input>
        <net-file value="Desktop\Master Thesis\Network_fin.net.xml"/>
        <route-files value="Desktop\Master Thesis\demand_model_amsterdam.rou.xml"/>
        <additional-files value="Desktop\Master Thesis\Additionnal.add.xml"/>
    </input>

    <output>
        <summary-output value="outputf/summary_coor_alinea_2neigh_method1_K80_target5_66189.xml"/>
        <summary-output.period value="300"/>
        <tripinfo-output value="outputf/tripinfo_coor_alinea_2neigh_method1_K80_target5_66189.xml"/>
    </output>

    <time>
        <begin value="0"/>
        <end value="82800"/>
        <step-length value="1"/>
    </time>

    <processing>
        <time-to-teleport value="-1"/>
    </processing>

    <report>
        <verbose value="true"/>
        <no-step-log value="true"/>
    </report>

    <emissions>
        <device.emissions.period value="10"/>
    </emissions>

    <traci_server>
        <remote-port value="49533"/>
    </traci_server>

    <random_number>
        <seed value="66189"/>
    </random_number>

</sumoConfiguration>
-->

<summary xmlns:xsi="http://www.w3.org/2001/XMLSchema-instance" xsi:noNamespaceSchemaLocation="http://sumo.dlr.de/xsd/summary_file.xsd">
    <step time="0.00" loaded="2" inserted="1" running="1" waiting="1" ended="0" arrived="0" collisions="0" teleports="0" halting="1" stopped="0" meanWaitingTime="0.00" meanTravelTime="-1.00" meanSpeed="0.00" meanSpeedRelative="0.00" duration="1"/>
    <step time="300.00" loaded="188" inserted="188" running="114" waiting="0" ended="74" arrived="74" collisions="0" teleports="0" halting="1" stopped="0" meanWaitingTime="0.77" meanTravelTime="111.73" meanSpeed="25.20" meanSpeedRelative="0.79" duration="1"/>
    <step time="600.00" loaded="367" inserted="367" running="147" waiting="0" ended="220" arrived="220" collisions="0" teleports="0" halting="0" stopped="0" meanWaitingTime="0.50" meanTravelTime="166.80" meanSpeed="25.41" meanSpeedRelative="0.79" duration="1"/>
    <step time="900.00" loaded="564" inserted="564" running="189" waiting="0" ended="375" arrived="375" collisions="0" teleports="0" halting="0" stopped="0" meanWaitingTime="0.47" meanTravelTime="200.72" meanSpeed="25.07" meanSpeedRelative="0.78" duration="1"/>
    <step time="1200.00" loaded="766" inserted="766" running="185" waiting="0" ended="581" arrived="581" collisions="0" teleports="0" halting="1" stopped="0" meanWaitingTime="0.49" meanTravelTime="217.89" meanSpeed="24.43" meanSpeedRelative="0.76" duration="1"/>
    <step time="1500.00" loaded="926" inserted="926" running="153" waiting="0" ended="773" arrived="773" collisions="0" teleports="0" halting="0" stopped="0" meanWaitingTime="0.48" meanTravelTime="235.04" meanSpeed="24.26" meanSpeedRelative="0.76" duration="1"/>
    <step time="1800.00" loaded="1108" inserted="1108" running="173" waiting="0" ended="935" arrived="935" collisions="1" teleports="1" halting="0" stopped="0" meanWaitingTime="0.49" meanTravelTime="241.37" meanSpeed="25.32" meanSpeedRelative="0.79" duration="1"/>
    <step time="2100.00" loaded="1302" inserted="1302" running="169" waiting="0" ended="1133" arrived="1133" collisions="1" teleports="1" halting="3" stopped="0" meanWaitingTime="0.47" meanTravelTime="248.22" meanSpeed="23.72" meanSpeedRelative="0.74" duration="2"/>
    <step time="2400.00" loaded="1497" inserted="1497" running="186" waiting="0" ended="1311" arrived="1311" collisions="1" teleports="1" halting="1" stopped="0" meanWaitingTime="0.48" meanTravelTime="249.44" meanSpeed="25.06" meanSpeedRelative="0.78" duration="1"/>
    <step time="2700.00" loaded="1680" inserted="1680" running="159" waiting="0" ended="1521" arrived="1521" collisions="2" teleports="2" halting="0" stopped="0" meanWaitingTime="0.46" meanTravelTime="254.81" meanSpeed="25.42" meanSpeedRelative="0.79" duration="0"/>
    <step time="3000.00" loaded="1865" inserted="1865" running="161" waiting="0" ended="1704" arrived="1704" collisions="2" teleports="2" halting="0" stopped="0" meanWaitingTime="0.46" meanTravelTime="256.28" meanSpeed="26.10" meanSpeedRelative="0.82" duration="1"/>
    <step time="3300.00" loaded="2033" inserted="2029" running="150" waiting="4" ended="1879" arrived="1879" collisions="2" teleports="2" halting="1" stopped="0" meanWaitingTime="0.55" meanTravelTime="256.70" meanSpeed="24.67" meanSpeedRelative="0.77" duration="1"/>
    <step time="3600.00" loaded="2234" inserted="2214" running="177" waiting="20" ended="2037" arrived="2037" collisions="2" teleports="2" halting="1" stopped="0" meanWaitingTime="1.50" meanTravelTime="258.19" meanSpeed="24.15" meanSpeedRelative="0.75" duration="93"/>
    <step time="3900.00" loaded="2355" inserted="2340" running="111" waiting="15" ended="2229" arrived="2229" collisions="2" teleports="2" halting="4" stopped="0" meanWaitingTime="3.97" meanTravelTime="259.87" meanSpeed="24.19" meanSpeedRelative="0.76" duration="1"/>
    <step time="4200.00" loaded="2464" inserted="2454" running="100" waiting="10" ended="2354" arrived="2354" collisions="2" teleports="2" halting="5" stopped="0" meanWaitingTime="6.14" meanTravelTime="260.28" meanSpeed="23.50" meanSpeedRelative="0.73" duration="1"/>
    <step time="4500.00" loaded="2583" inserted="2563" running="101" waiting="20" ended="2462" arrived="2462" collisions="2" teleports="2" halting="4" stopped="0" meanWaitingTime="7.11" meanTravelTime="261.96" meanSpeed="23.96" meanSpeedRelative="0.75" duration="1"/>
    <step time="4800.00" loaded="2689" inserted="2670" running="99" waiting="19" ended="2571" arrived="2571" collisions="2" teleports="2" halting="1" stopped="0" meanWaitingTime="8.77" meanTravelTime="261.81" meanSpeed="24.77" meanSpeedRelative="0.77" duration="1"/>
    <step time="5100.00" loaded="2794" inserted="2782" running="93" waiting="12" ended="2689" arrived="2689" collisions="2" teleports="2" halting="1" stopped="0" meanWaitingTime="10.55" meanTravelTime="261.26" meanSpeed="24.14" meanSpeedRelative="0.75" duration="1"/>
    <step time="5400.00" loaded="2911" inserted="2906" running="111" waiting="5" ended="2795" arrived="2795" collisions="2" teleports="2" halting="5" stopped="0" meanWaitingTime="11.33" meanTravelTime="260.99" meanSpeed="23.97" meanSpeedRelative="0.75" duration="0"/>
    <step time="5700.00" loaded="3013" inserted="3013" running="100" waiting="0" ended="2913" arrived="2913" collisions="2" teleports="2" halting="1" stopped="0" meanWaitingTime="11.08" meanTravelTime="261.82" meanSpeed="26.14" meanSpeedRelative="0.82" duration="1"/>
    <step time="6000.00" loaded="3119" inserted="3119" running="98" waiting="0" ended="3021" arrived="3021" collisions="2" teleports="2" halting="0" stopped="0" meanWaitingTime="10.71" meanTravelTime="261.68" meanSpeed="26.32" meanSpeedRelative="0.82" duration="0"/>
    <step time="6300.00" loaded="3226" inserted="3226" running="94" waiting="0" ended="3132" arrived="3132" collisions="2" teleports="2" halting="0" stopped="0" meanWaitingTime="10.36" meanTravelTime="261.46" meanSpeed="25.00" meanSpeedRelative="0.78" duration="0"/>
    <step time="6600.00" loaded="3335" inserted="3335" running="85" waiting="0" ended="3250" arrived="3250" collisions="2" teleports="2" halting="1" stopped="0" meanWaitingTime="10.03" meanTravelTime="261.07" meanSpeed="26.13" meanSpeedRelative="0.82" duration="0"/>
    <step time="6900.00" loaded="3440" inserted="3440" running="88" waiting="0" ended="3352" arrived="3352" collisions="2" teleports="2" halting="0" stopped="0" meanWaitingTime="9.73" meanTravelTime="261.03" meanSpeed="26.35" meanSpeedRelative="0.82" duration="1"/>
    <step time="7200.00" loaded="3566" inserted="3566" running="94" waiting="0" ended="3472" arrived="3472" collisions="2" teleports="2" halting="1" stopped="0" meanWaitingTime="9.41" meanTravelTime="260.47" meanSpeed="25.07" meanSpeedRelative="0.78" duration="86"/>
    <step time="7500.00" loaded="3730" inserted="3730" running="121" waiting="0" ended="3609" arrived="3609" collisions="2" teleports="2" halting="1" stopped="0" meanWaitingTime="9.01" meanTravelTime="260.21" meanSpeed="24.99" meanSpeedRelative="0.78" duration="1"/>
    <step time="7800.00" loaded="3896" inserted="3884" running="125" waiting="12" ended="3759" arrived="3759" collisions="2" teleports="2" halting="5" stopped="0" meanWaitingTime="8.84" meanTravelTime="258.16" meanSpeed="24.37" meanSpeedRelative="0.76" duration="1"/>
    <step time="8100.00" loaded="4058" inserted="4042" running="130" waiting="16" ended="3912" arrived="3912" collisions="2" teleports="2" halting="3" stopped="0" meanWaitingTime="9.44" meanTravelTime="258.56" meanSpeed="23.40" meanSpeedRelative="0.73" duration="1"/>
    <step time="8400.00" loaded="4210" inserted="4193" running="138" waiting="17" ended="4055" arrived="4055" collisions="2" teleports="2" halting="1" stopped="0" meanWaitingTime="10.10" meanTravelTime="258.64" meanSpeed="24.43" meanSpeedRelative="0.76" duration="1"/>
    <step time="8700.00" loaded="4369" inserted="4349" running="127" waiting="20" ended="4222" arrived="4222" collisions="2" teleports="2" halting="4" stopped="0" meanWaitingTime="10.95" meanTravelTime="257.75" meanSpeed="24.79" meanSpeedRelative="0.77" duration="1"/>
    <step time="9000.00" loaded="4518" inserted="4494" running="128" waiting="24" ended="4366" arrived="4366" collisions="2" teleports="2" halting="4" stopped="0" meanWaitingTime="11.91" meanTravelTime="257.65" meanSpeed="23.55" meanSpeedRelative="0.74" duration="1"/>
    <step time="9300.00" loaded="4662" inserted="4639" running="120" waiting="23" ended="4519" arrived="4519" collisions="2" teleports="2" halting="1" stopped="0" meanWaitingTime="13.06" meanTravelTime="258.05" meanSpeed="25.18" meanSpeedRelative="0.79" duration="1"/>
    <step time="9600.00" loaded="4822" inserted="4796" running="132" waiting="26" ended="4664" arrived="4664" collisions="2" teleports="2" halting="7" stopped="0" meanWaitingTime="13.90" meanTravelTime="258.57" meanSpeed="23.97" meanSpeedRelative="0.75" duration="1"/>
    <step time="9900.00" loaded="4972" inserted="4943" running="125" waiting="29" ended="4818" arrived="4818" collisions="2" teleports="2" halting="1" stopped="0" meanWaitingTime="15.05" meanTravelTime="259.02" meanSpeed="23.89" meanSpeedRelative="0.75" duration="1"/>
    <step time="10200.00" loaded="5133" inserted="5089" running="113" waiting="44" ended="4976" arrived="4976" collisions="2" teleports="2" halting="3" stopped="0" meanWaitingTime="16.17" meanTravelTime="258.41" meanSpeed="23.83" meanSpeedRelative="0.74" duration="1"/>
    <step time="10500.00" loaded="5273" inserted="5228" running="107" waiting="45" ended="5121" arrived="5121" collisions="2" teleports="2" halting="4" stopped="0" meanWaitingTime="17.65" meanTravelTime="258.08" meanSpeed="23.74" meanSpeedRelative="0.74" duration="1"/>
    <step time="10800.00" loaded="5421" inserted="5363" running="104" waiting="58" ended="5259" arrived="5259" collisions="3" teleports="3" halting="1" stopped="0" meanWaitingTime="19.45" meanTravelTime="257.70" meanSpeed="24.47" meanSpeedRelative="0.76" duration="88"/>
    <step time="11100.00" loaded="5576" inserted="5513" running="132" waiting="63" ended="5381" arrived="5381" collisions="3" teleports="3" halting="2" stopped="0" meanWaitingTime="21.55" meanTravelTime="256.86" meanSpeed="24.12" meanSpeedRelative="0.75" duration="0"/>
    <step time="11400.00" loaded="5729" inserted="5656" running="119" waiting="73" ended="5537" arrived="5537" collisions="3" teleports="3" halting="5" stopped="0" meanWaitingTime="23.78" meanTravelTime="257.30" meanSpeed="23.39" meanSpeedRelative="0.73" duration="1"/>
    <step time="11700.00" loaded="5883" inserted="5808" running="111" waiting="75" ended="5697" arrived="5697" collisions="4" teleports="4" halting="0" stopped="0" meanWaitingTime="26.18" meanTravelTime="256.39" meanSpeed="24.49" meanSpeedRelative="0.77" duration="1"/>
    <step time="12000.00" loaded="6040" inserted="5965" running="118" waiting="75" ended="5847" arrived="5847" collisions="4" teleports="4" halting="2" stopped="0" meanWaitingTime="28.89" meanTravelTime="255.50" meanSpeed="25.23" meanSpeedRelative="0.79" duration="1"/>
    <step time="12300.00" loaded="6184" inserted="6102" running="108" waiting="82" ended="5994" arrived="5994" collisions="4" teleports="4" halting="4" stopped="0" meanWaitingTime="31.76" meanTravelTime="254.89" meanSpeed="23.85" meanSpeedRelative="0.75" duration="0"/>
    <step time="12600.00" loaded="6340" inserted="6255" running="123" waiting="85" ended="6132" arrived="6132" collisions="4" teleports="4" halting="3" stopped="0" meanWaitingTime="34.63" meanTravelTime="254.54" meanSpeed="23.41" meanSpeedRelative="0.73" duration="0"/>
    <step time="12900.00" loaded="6495" inserted="6409" running="119" waiting="86" ended="6290" arrived="6290" collisions="4" teleports="4" halting="2" stopped="0" meanWaitingTime="37.29" meanTravelTime="253.37" meanSpeed="24.47" meanSpeedRelative="0.76" duration="0"/>
    <step time="13200.00" loaded="6661" inserted="6561" running="129" waiting="100" ended="6432" arrived="6432" collisions="4" teleports="4" halting="2" stopped="0" meanWaitingTime="40.23" meanTravelTime="252.75" meanSpeed="24.40" meanSpeedRelative="0.76" duration="0"/>
    <step time="13500.00" loaded="6816" inserted="6716" running="120" waiting="100" ended="6596" arrived="6596" collisions="4" teleports="4" halting="6" stopped="0" meanWaitingTime="43.00" meanTravelTime="252.64" meanSpeed="23.40" meanSpeedRelative="0.73" duration="0"/>
    <step time="13800.00" loaded="6956" inserted="6852" running="99" waiting="104" ended="6753" arrived="6753" collisions="4" teleports="4" halting="3" stopped="0" meanWaitingTime="45.85" meanTravelTime="252.05" meanSpeed="24.78" meanSpeedRelative="0.77" duration="0"/>
    <step time="14100.00" loaded="7092" inserted="6979" running="98" waiting="113" ended="6881" arrived="6881" collisions="4" teleports="4" halting="1" stopped="0" meanWaitingTime="48.52" meanTravelTime="251.69" meanSpeed="25.31" meanSpeedRelative="0.79" duration="0"/>
    <step time="14400.00" loaded="7246" inserted="7122" running="106" waiting="124" ended="7016" arrived="7016" collisions="4" teleports="4" halting="2" stopped="0" meanWaitingTime="51.70" meanTravelTime="251.46" meanSpeed="24.31" meanSpeedRelative="0.76" duration="87"/>
    <step time="14700.00" loaded="7350" inserted="7223" running="83" waiting="127" ended="7140" arrived="7140" collisions="4" teleports="4" halting="2" stopped="0" meanWaitingTime="55.19" meanTravelTime="251.26" meanSpeed="24.70" meanSpeedRelative="0.77" duration="1"/>
    <step time="15000.00" loaded="7446" inserted="7314" running="73" waiting="132" ended="7241" arrived="7241" collisions="5" teleports="5" halting="1" stopped="0" meanWaitingTime="58.15" meanTravelTime="251.00" meanSpeed="24.72" meanSpeedRelative="0.77" duration="1"/>
    <step time="15300.00" loaded="7544" inserted="7416" running="78" waiting="128" ended="7338" arrived="7338" collisions="5" teleports="5" halting="2" stopped="0" meanWaitingTime="61.51" meanTravelTime="251.19" meanSpeed="24.11" meanSpeedRelative="0.75" duration="1"/>
    <step time="15600.00" loaded="7624" inserted="7498" running="73" waiting="126" ended="7425" arrived="7425" collisions="5" teleports="5" halting="2" stopped="0" meanWaitingTime="65.32" meanTravelTime="250.87" meanSpeed="24.14" meanSpeedRelative="0.75" duration="1"/>
    <step time="15900.00" loaded="7722" inserted="7599" running="65" waiting="123" ended="7534" arrived="7534" collisions="5" teleports="5" halting="2" stopped="0" meanWaitingTime="68.71" meanTravelTime="250.66" meanSpeed="22.73" meanSpeedRelative="0.71" duration="0"/>
    <step time="16200.00" loaded="7814" inserted="7694" running="66" waiting="120" ended="7628" arrived="7628" collisions="5" teleports="5" halting="2" stopped="0" meanWaitingTime="72.89" meanTravelTime="250.44" meanSpeed="24.08" meanSpeedRelative="0.75" duration="0"/>
    <step time="16500.00" loaded="7903" inserted="7793" running="77" waiting="110" ended="7716" arrived="7716" collisions="5" teleports="5" halting="3" stopped="0" meanWaitingTime="77.13" meanTravelTime="249.87" meanSpeed="23.95" meanSpeedRelative="0.75" duration="1"/>
    <step time="16800.00" loaded="8002" inserted="7896" running="79" waiting="106" ended="7817" arrived="7817" collisions="5" teleports="5" halting="5" stopped="0" meanWaitingTime="81.33" meanTravelTime="249.46" meanSpeed="23.63" meanSpeedRelative="0.74" duration="0"/>
    <step time="17100.00" loaded="8089" inserted="7991" running="76" waiting="98" ended="7915" arrived="7915" collisions="5" teleports="5" halting="0" stopped="0" meanWaitingTime="84.96" meanTravelTime="249.40" meanSpeed="23.19" meanSpeedRelative="0.72" duration="1"/>
    <step time="17400.00" loaded="8198" inserted="8103" running="84" waiting="95" ended="8019" arrived="8019" collisions="5" teleports="5" halting="1" stopped="0" meanWaitingTime="88.87" meanTravelTime="248.74" meanSpeed="24.05" meanSpeedRelative="0.75" duration="1"/>
    <step time="17700.00" loaded="8291" inserted="8196" running="75" waiting="95" ended="8121" arrived="8121" collisions="5" teleports="5" halting="3" stopped="0" meanWaitingTime="92.54" meanTravelTime="249.08" meanSpeed="22.68" meanSpeedRelative="0.71" duration="1"/>
    <step time="18000.00" loaded="8380" inserted="8285" running="62" waiting="95" ended="8223" arrived="8223" collisions="5" teleports="5" halting="3" stopped="0" meanWaitingTime="95.20" meanTravelTime="248.76" meanSpeed="23.16" meanSpeedRelative="0.72" duration="81"/>
    <step time="18300.00" loaded="8577" inserted="8470" running="113" waiting="107" ended="8357" arrived="8357" collisions="5" teleports="5" halting="1" stopped="0" meanWaitingTime="97.35" meanTravelTime="247.82" meanSpeed="24.64" meanSpeedRelative="0.77" duration="1"/>
    <step time="18600.00" loaded="8783" inserted="8653" running="138" waiting="130" ended="8515" arrived="8515" collisions="5" teleports="5" halting="4" stopped="0" meanWaitingTime="98.81" meanTravelTime="246.63" meanSpeed="24.57" meanSpeedRelative="0.77" duration="1"/>
    <step time="18900.00" loaded="8949" inserted="8815" running="138" waiting="134" ended="8677" arrived="8677" collisions="5" teleports="5" halting="5" stopped="0" meanWaitingTime="100.44" meanTravelTime="246.59" meanSpeed="24.37" meanSpeedRelative="0.76" duration="1"/>
    <step time="19200.00" loaded="9141" inserted="9012" running="155" waiting="129" ended="8857" arrived="8857" collisions="5" teleports="5" halting="1" stopped="0" meanWaitingTime="101.53" meanTravelTime="246.51" meanSpeed="25.10" meanSpeedRelative="0.78" duration="1"/>
    <step time="19500.00" loaded="9326" inserted="9180" running="133" waiting="146" ended="9047" arrived="9047" collisions="5" teleports="5" halting="4" stopped="0" meanWaitingTime="103.02" meanTravelTime="246.31" meanSpeed="24.84" meanSpeedRelative="0.78" duration="1"/>
    <step time="19800.00" loaded="9536" inserted="9370" running="172" waiting="166" ended="9198" arrived="9198" collisions="5" teleports="5" halting="1" stopped="0" meanWaitingTime="104.44" meanTravelTime="246.25" meanSpeed="24.03" meanSpeedRelative="0.75" duration="1"/>
    <step time="20100.00" loaded="9721" inserted="9542" running="158" waiting="179" ended="9384" arrived="9384" collisions="5" teleports="5" halting="1" stopped="0" meanWaitingTime="106.40" meanTravelTime="246.43" meanSpeed="24.32" meanSpeedRelative="0.76" duration="1"/>
    <step time="20400.00" loaded="9910" inserted="9723" running="153" waiting="187" ended="9570" arrived="9570" collisions="6" teleports="6" halting="2" stopped="0" meanWaitingTime="108.12" meanTravelTime="246.26" meanSpeed="23.44" meanSpeedRelative="0.73" duration="1"/>
    <step time="20700.00" loaded="10111" inserted="9902" running="141" waiting="209" ended="9761" arrived="9761" collisions="6" teleports="6" halting="1" stopped="0" meanWaitingTime="109.98" meanTravelTime="246.64" meanSpeed="24.24" meanSpeedRelative="0.76" duration="1"/>
    <step time="21000.00" loaded="10301" inserted="10083" running="133" waiting="218" ended="9950" arrived="9950" collisions="6" teleports="6" halting="2" stopped="0" meanWaitingTime="112.64" meanTravelTime="246.34" meanSpeed="24.45" meanSpeedRelative="0.76" duration="1"/>
    <step time="21300.00" loaded="10484" inserted="10252" running="142" waiting="232" ended="10110" arrived="10110" collisions="6" teleports="6" halting="3" stopped="0" meanWaitingTime="115.25" meanTravelTime="246.19" meanSpeed="24.18" meanSpeedRelative="0.76" duration="1"/>
    <step time="21600.00" loaded="10692" inserted="10454" running="163" waiting="238" ended="10291" arrived="10291" collisions="6" teleports="6" halting="2" stopped="0" meanWaitingTime="118.06" meanTravelTime="245.91" meanSpeed="24.63" meanSpeedRelative="0.77" duration="80"/>
    <step time="21900.00" loaded="11141" inserted="10836" running="326" waiting="305" ended="10510" arrived="10510" collisions="6" teleports="6" halting="3" stopped="0" meanWaitingTime="121.02" meanTravelTime="245.77" meanSpeed="22.57" meanSpeedRelative="0.71" duration="1"/>
    <step time="22200.00" loaded="11608" inserted="11229" running="392" waiting="379" ended="10837" arrived="10837" collisions="6" teleports="6" halting="3" stopped="0" meanWaitingTime="124.32" meanTravelTime="246.40" meanSpeed="20.87" meanSpeedRelative="0.65" duration="3"/>
    <step time="22500.00" loaded="12065" inserted="11596" running="375" waiting="469" ended="11221" arrived="11221" collisions="6" teleports="6" halting="11" stopped="0" meanWaitingTime="128.29" meanTravelTime="248.47" meanSpeed="21.28" meanSpeedRelative="0.67" duration="2"/>
    <step time="22800.00" loaded="12503" inserted="11973" running="418" waiting="530" ended="11555" arrived="11555" collisions="8" teleports="8" halting="3" stopped="0" meanWaitingTime="132.39" meanTravelTime="250.36" meanSpeed="21.30" meanSpeedRelative="0.67" duration="2"/>
    <step time="23100.00" loaded="13003" inserted="12362" running="420" waiting="641" ended="11942" arrived="11942" collisions="8" teleports="8" halting="9" stopped="0" meanWaitingTime="137.53" meanTravelTime="252.32" meanSpeed="20.51" meanSpeedRelative="0.64" duration="2"/>
    <step time="23400.00" loaded="13460" inserted="12735" running="407" waiting="725" ended="12328" arrived="12328" collisions="10" teleports="10" halting="5" stopped="0" meanWaitingTime="142.99" meanTravelTime="255.10" meanSpeed="21.09" meanSpeedRelative="0.66" duration="2"/>
    <step time="23700.00" loaded="13912" inserted="13105" running="441" waiting="807" ended="12664" arrived="12664" collisions="10" teleports="10" halting="13" stopped="0" meanWaitingTime="149.20" meanTravelTime="257.11" meanSpeed="19.66" meanSpeedRelative="0.61" duration="3"/>
    <step time="24000.00" loaded="14387" inserted="13483" running="435" waiting="904" ended="13048" arrived="13048" collisions="10" teleports="10" halting="7" stopped="0" meanWaitingTime="156.16" meanTravelTime="259.85" meanSpeed="19.93" meanSpeedRelative="0.62" duration="3"/>
    <step time="24300.00" loaded="14850" inserted="13844" running="421" waiting="1006" ended="13423" arrived="13423" collisions="10" teleports="10" halting="6" stopped="0" meanWaitingTime="164.30" meanTravelTime="261.72" meanSpeed="19.73" meanSpeedRelative="0.62" duration="2"/>
    <step time="24600.00" loaded="15332" inserted="14230" running="407" waiting="1102" ended="13823" arrived="13823" collisions="10" teleports="10" halting="4" stopped="0" meanWaitingTime="172.68" meanTravelTime="264.42" meanSpeed="20.49" meanSpeedRelative="0.64" duration="3"/>
    <step time="24900.00" loaded="15799" inserted="14620" running="423" waiting="1179" ended="14197" arrived="14197" collisions="13" teleports="13" halting="5" stopped="0" meanWaitingTime="182.20" meanTravelTime="265.89" meanSpeed="21.16" meanSpeedRelative="0.66" duration="2"/>
    <step time="25200.00" loaded="16289" inserted="15009" running="436" waiting="1280" ended="14573" arrived="14573" collisions="14" teleports="14" halting="9" stopped="0" meanWaitingTime="192.07" meanTravelTime="267.58" meanSpeed="20.37" meanSpeedRelative="0.64" duration="90"/>
    <step time="25500.00" loaded="16841" inserted="15450" running="478" waiting="1391" ended="14972" arrived="14972" collisions="14" teleports="14" halting="5" stopped="0" meanWaitingTime="203.30" meanTravelTime="269.17" meanSpeed="20.28" meanSpeedRelative="0.63" duration="4"/>
    <step time="25800.00" loaded="17408" inserted="15894" running="500" waiting="1514" ended="15394" arrived="15394" collisions="15" teleports="15" halting="4" stopped="0" meanWaitingTime="215.72" meanTravelTime="270.40" meanSpeed="19.98" meanSpeedRelative="0.62" duration="3"/>
    <step time="26100.00" loaded="17934" inserted="16339" running="503" waiting="1595" ended="15836" arrived="15836" collisions="15" teleports="15" halting="6" stopped="0" meanWaitingTime="229.00" meanTravelTime="272.08" meanSpeed="19.58" meanSpeedRelative="0.61" duration="4"/>
    <step time="26400.00" loaded="18526" inserted="16765" running="504" waiting="1761" ended="16261" arrived="16261" collisions="16" teleports="16" halting="10" stopped="0" meanWaitingTime="239.93" meanTravelTime="273.67" meanSpeed="20.08" meanSpeedRelative="0.63" duration="3"/>
    <step time="26700.00" loaded="19077" inserted="17215" running="512" waiting="1862" ended="16703" arrived="16703" collisions="17" teleports="17" halting="7" stopped="0" meanWaitingTime="253.20" meanTravelTime="275.74" meanSpeed="19.41" meanSpeedRelative="0.61" duration="3"/>
    <step time="27000.00" loaded="19635" inserted="17666" running="515" waiting="1969" ended="17151" arrived="17151" collisions="19" teleports="19" halting="5" stopped="0" meanWaitingTime="267.41" meanTravelTime="277.27" meanSpeed="19.23" meanSpeedRelative="0.60" duration="3"/>
    <step time="27300.00" loaded="20207" inserted="18093" running="517" waiting="2114" ended="17576" arrived="17576" collisions="22" teleports="22" halting="5" stopped="0" meanWaitingTime="280.12" meanTravelTime="279.34" meanSpeed="18.78" meanSpeedRelative="0.59" duration="3"/>
    <step time="27600.00" loaded="20786" inserted="18534" running="490" waiting="2252" ended="18044" arrived="18044" collisions="24" teleports="24" halting="4" stopped="0" meanWaitingTime="294.05" meanTravelTime="281.12" meanSpeed="18.67" meanSpeedRelative="0.58" duration="3"/>
    <step time="27900.00" loaded="21329" inserted="18941" running="470" waiting="2388" ended="18471" arrived="18471" collisions="26" teleports="26" halting="4" stopped="0" meanWaitingTime="308.80" meanTravelTime="282.58" meanSpeed="19.65" meanSpeedRelative="0.61" duration="3"/>
    <step time="28200.00" loaded="21869" inserted="19362" running="486" waiting="2507" ended="18876" arrived="18876" collisions="27" teleports="27" halting="6" stopped="0" meanWaitingTime="323.80" meanTravelTime="283.74" meanSpeed="19.62" meanSpeedRelative="0.61" duration="3"/>
    <step time="28500.00" loaded="22431" inserted="19799" running="498" waiting="2632" ended="19301" arrived="19301" collisions="27" teleports="27" halting="10" stopped="0" meanWaitingTime="340.24" meanTravelTime="285.26" meanSpeed="19.54" meanSpeedRelative="0.61" duration="3"/>
    <step time="28800.00" loaded="22987" inserted="20256" running="484" waiting="2731" ended="19772" arrived="19772" collisions="28" teleports="28" halting="11" stopped="0" meanWaitingTime="356.83" meanTravelTime="286.30" meanSpeed="19.59" meanSpeedRelative="0.61" duration="87"/>
    <step time="29100.00" loaded="23336" inserted="20649" running="455" waiting="2687" ended="20194" arrived="20194" collisions="29" teleports="29" halting="9" stopped="0" meanWaitingTime="372.44" meanTravelTime="287.30" meanSpeed="20.61" meanSpeedRelative="0.64" duration="4"/>
    <step time="29400.00" loaded="23713" inserted="21019" running="430" waiting="2694" ended="20589" arrived="20589" collisions="29" teleports="29" halting="6" stopped="0" meanWaitingTime="387.80" meanTravelTime="288.58" meanSpeed="20.72" meanSpeedRelative="0.65" duration="3"/>
    <step time="29700.00" loaded="24064" inserted="21402" running="413" waiting="2662" ended="20989" arrived="20989" collisions="29" teleports="29" halting="7" stopped="0" meanWaitingTime="404.59" meanTravelTime="289.55" meanSpeed="20.92" meanSpeedRelative="0.65" duration="2"/>
    <step time="30000.00" loaded="24442" inserted="21788" running="409" waiting="2654" ended="21379" arrived="21379" collisions="29" teleports="29" halting="6" stopped="0" meanWaitingTime="421.41" meanTravelTime="290.14" meanSpeed="21.08" meanSpeedRelative="0.66" duration="2"/>
    <step time="30300.00" loaded="24795" inserted="22158" running="397" waiting="2637" ended="21761" arrived="21761" collisions="29" teleports="29" halting="7" stopped="0" meanWaitingTime="437.13" meanTravelTime="290.58" meanSpeed="20.58" meanSpeedRelative="0.64" duration="3"/>
    <step time="30600.00" loaded="25157" inserted="22546" running="404" waiting="2611" ended="22142" arrived="22142" collisions="29" teleports="29" halting="6" stopped="0" meanWaitingTime="452.79" meanTravelTime="291.06" meanSpeed="20.95" meanSpeedRelative="0.65" duration="3"/>
    <step time="30900.00" loaded="25518" inserted="22942" running="425" waiting="2576" ended="22517" arrived="22517" collisions="29" teleports="29" halting="5" stopped="0" meanWaitingTime="468.00" meanTravelTime="291.61" meanSpeed="21.92" meanSpeedRelative="0.68" duration="2"/>
    <step time="31200.00" loaded="25885" inserted="23309" running="385" waiting="2576" ended="22924" arrived="22924" collisions="29" teleports="29" halting="2" stopped="0" meanWaitingTime="482.23" meanTravelTime="292.11" meanSpeed="20.98" meanSpeedRelative="0.66" duration="3"/>
    <step time="31500.00" loaded="26224" inserted="23654" running="333" waiting="2570" ended="23321" arrived="23321" collisions="30" teleports="30" halting="8" stopped="0" meanWaitingTime="496.48" meanTravelTime="292.46" meanSpeed="21.55" meanSpeedRelative="0.67" duration="2"/>
    <step time="31800.00" loaded="26591" inserted="24026" running="367" waiting="2565" ended="23659" arrived="23659" collisions="31" teleports="31" halting="3" stopped="0" meanWaitingTime="510.73" meanTravelTime="292.59" meanSpeed="21.09" meanSpeedRelative="0.66" duration="2"/>
    <step time="32100.00" loaded="26931" inserted="24372" running="357" waiting="2559" ended="24015" arrived="24015" collisions="31" teleports="31" halting="9" stopped="0" meanWaitingTime="524.26" meanTravelTime="292.43" meanSpeed="21.28" meanSpeedRelative="0.67" duration="3"/>
    <step time="32400.00" loaded="27309" inserted="24719" running="349" waiting="2590" ended="24370" arrived="24370" collisions="31" teleports="31" halting="4" stopped="0" meanWaitingTime="536.92" meanTravelTime="292.75" meanSpeed="21.88" meanSpeedRelative="0.68" duration="87"/>
    <step time="32700.00" loaded="27558" inserted="25057" running="344" waiting="2501" ended="24713" arrived="24713" collisions="31" teleports="31" halting="4" stopped="0" meanWaitingTime="552.19" meanTravelTime="292.97" meanSpeed="20.98" meanSpeedRelative="0.66" duration="3"/>
    <step time="33000.00" loaded="27814" inserted="25365" running="295" waiting="2449" ended="25070" arrived="25070" collisions="31" teleports="31" halting="3" stopped="0" meanWaitingTime="565.92" meanTravelTime="293.01" meanSpeed="22.13" meanSpeedRelative="0.69" duration="2"/>
    <step time="33300.00" loaded="28068" inserted="25648" running="293" waiting="2420" ended="25355" arrived="25355" collisions="31" teleports="31" halting="6" stopped="0" meanWaitingTime="579.37" meanTravelTime="293.13" meanSpeed="22.51" meanSpeedRelative="0.70" duration="3"/>
    <step time="33600.00" loaded="28342" inserted="25914" running="239" waiting="2428" ended="25675" arrived="25675" collisions="31" teleports="31" halting="4" stopped="0" meanWaitingTime="593.66" meanTravelTime="293.09" meanSpeed="22.41" meanSpeedRelative="0.70" duration="1"/>
    <step time="33900.00" loaded="28606" inserted="26208" running="262" waiting="2398" ended="25946" arrived="25946" collisions="31" teleports="31" halting="2" stopped="0" meanWaitingTime="608.14" meanTravelTime="292.96" meanSpeed="22.73" meanSpeedRelative="0.71" duration="3"/>
    <step time="34200.00" loaded="28874" inserted="26484" running="259" waiting="2390" ended="26225" arrived="26225" collisions="31" teleports="31" halting="2" stopped="0" meanWaitingTime="622.07" meanTravelTime="292.78" meanSpeed="22.91" meanSpeedRelative="0.72" duration="2"/>
    <step time="34500.00" loaded="29126" inserted="26740" running="223" waiting="2386" ended="26517" arrived="26517" collisions="31" teleports="31" halting="5" stopped="0" meanWaitingTime="636.91" meanTravelTime="292.71" meanSpeed="22.12" meanSpeedRelative="0.69" duration="2"/>
    <step time="34800.00" loaded="29387" inserted="27023" running="243" waiting="2364" ended="26780" arrived="26780" collisions="31" teleports="31" halting="1" stopped="0" meanWaitingTime="651.63" meanTravelTime="292.30" meanSpeed="23.25" meanSpeedRelative="0.73" duration="2"/>
    <step time="35100.00" loaded="29673" inserted="27336" running="285" waiting="2337" ended="27051" arrived="27051" collisions="32" teleports="32" halting="4" stopped="0" meanWaitingTime="666.99" meanTravelTime="291.86" meanSpeed="22.19" meanSpeedRelative="0.69" duration="2"/>
    <step time="35400.00" loaded="29962" inserted="27622" running="288" waiting="2340" ended="27334" arrived="27334" collisions="32" teleports="32" halting="5" stopped="0" meanWaitingTime="680.82" meanTravelTime="291.89" meanSpeed="22.74" meanSpeedRelative="0.71" duration="2"/>
    <step time="35700.00" loaded="30234" inserted="27898" running="266" waiting="2336" ended="27632" arrived="27632" collisions="32" teleports="32" halting="5" stopped="0" meanWaitingTime="695.25" meanTravelTime="291.88" meanSpeed="22.86" meanSpeedRelative="0.71" duration="2"/>
    <step time="36000.00" loaded="30512" inserted="28168" running="244" waiting="2344" ended="27924" arrived="27924" collisions="32" teleports="32" halting="8" stopped="0" meanWaitingTime="708.69" meanTravelTime="291.85" meanSpeed="22.50" meanSpeedRelative="0.70" duration="83"/>
    <step time="36300.00" loaded="31000" inserted="28576" running="357" waiting="2424" ended="28219" arrived="28219" collisions="32" teleports="32" halting="5" stopped="0" meanWaitingTime="721.71" meanTravelTime="291.52" meanSpeed="21.34" meanSpeedRelative="0.67" duration="2"/>
    <step time="36600.00" loaded="31483" inserted="28994" running="425" waiting="2489" ended="28569" arrived="28569" collisions="32" teleports="32" halting="8" stopped="0" meanWaitingTime="734.97" meanTravelTime="291.23" meanSpeed="20.69" meanSpeedRelative="0.65" duration="4"/>
    <step time="36900.00" loaded="31962" inserted="29409" running="423" waiting="2553" ended="28986" arrived="28986" collisions="32" teleports="32" halting="7" stopped="0" meanWaitingTime="746.26" meanTravelTime="291.36" meanSpeed="20.47" meanSpeedRelative="0.64" duration="3"/>
    <step time="37200.00" loaded="32439" inserted="29827" running="427" waiting="2612" ended="29400" arrived="29400" collisions="33" teleports="33" halting="7" stopped="0" meanWaitingTime="759.31" meanTravelTime="291.46" meanSpeed="21.05" meanSpeedRelative="0.66" duration="2"/>
    <step time="37500.00" loaded="32921" inserted="30236" running="425" waiting="2685" ended="29811" arrived="29811" collisions="34" teleports="34" halting="9" stopped="0" meanWaitingTime="772.84" meanTravelTime="291.82" meanSpeed="21.21" meanSpeedRelative="0.66" duration="3"/>
    <step time="37800.00" loaded="33383" inserted="30630" running="436" waiting="2753" ended="30194" arrived="30194" collisions="34" teleports="34" halting="8" stopped="0" meanWaitingTime="783.09" meanTravelTime="292.15" meanSpeed="20.53" meanSpeedRelative="0.64" duration="3"/>
    <step time="38100.00" loaded="33808" inserted="31004" running="403" waiting="2804" ended="30601" arrived="30601" collisions="34" teleports="34" halting="2" stopped="0" meanWaitingTime="795.23" meanTravelTime="292.78" meanSpeed="21.75" meanSpeedRelative="0.68" duration="3"/>
    <step time="38400.00" loaded="34267" inserted="31415" running="432" waiting="2852" ended="30983" arrived="30983" collisions="34" teleports="34" halting="6" stopped="0" meanWaitingTime="807.86" meanTravelTime="293.06" meanSpeed="21.56" meanSpeedRelative="0.67" duration="2"/>
    <step time="38700.00" loaded="34728" inserted="31818" running="421" waiting="2910" ended="31397" arrived="31397" collisions="35" teleports="35" halting="10" stopped="0" meanWaitingTime="819.98" meanTravelTime="293.18" meanSpeed="21.19" meanSpeedRelative="0.66" duration="3"/>
    <step time="39000.00" loaded="35224" inserted="32228" running="424" waiting="2996" ended="31804" arrived="31804" collisions="36" teleports="36" halting="7" stopped="0" meanWaitingTime="830.56" meanTravelTime="293.69" meanSpeed="21.01" meanSpeedRelative="0.66" duration="3"/>
    <step time="39300.00" loaded="35676" inserted="32622" running="420" waiting="3054" ended="32202" arrived="32202" collisions="37" teleports="37" halting="8" stopped="0" meanWaitingTime="842.19" meanTravelTime="293.96" meanSpeed="20.92" meanSpeedRelative="0.65" duration="3"/>
    <step time="39600.00" loaded="36140" inserted="33024" running="444" waiting="3116" ended="32580" arrived="32580" collisions="39" teleports="39" halting="8" stopped="0" meanWaitingTime="854.53" meanTravelTime="294.09" meanSpeed="20.73" meanSpeedRelative="0.65" duration="89"/>
    <step time="39900.00" loaded="36671" inserted="33462" running="479" waiting="3209" ended="32983" arrived="32983" collisions="42" teleports="42" halting="2" stopped="0" meanWaitingTime="866.25" meanTravelTime="294.43" meanSpeed="20.62" meanSpeedRelative="0.64" duration="3"/>
    <step time="40200.00" loaded="37180" inserted="33902" running="486" waiting="3278" ended="33416" arrived="33416" collisions="42" teleports="42" halting="8" stopped="0" meanWaitingTime="877.26" meanTravelTime="294.91" meanSpeed="20.23" meanSpeedRelative="0.63" duration="5"/>
    <step time="40500.00" loaded="37698" inserted="34346" running="501" waiting="3352" ended="33845" arrived="33845" collisions="45" teleports="45" halting="7" stopped="0" meanWaitingTime="888.11" meanTravelTime="295.41" meanSpeed="19.95" meanSpeedRelative="0.62" duration="4"/>
    <step time="40800.00" loaded="38230" inserted="34792" running="505" waiting="3438" ended="34287" arrived="34287" collisions="46" teleports="46" halting="9" stopped="0" meanWaitingTime="897.62" meanTravelTime="296.02" meanSpeed="19.37" meanSpeedRelative="0.61" duration="4"/>
    <step time="41100.00" loaded="38739" inserted="35248" running="502" waiting="3491" ended="34746" arrived="34746" collisions="48" teleports="48" halting="5" stopped="0" meanWaitingTime="909.06" meanTravelTime="296.54" meanSpeed="20.42" meanSpeedRelative="0.64" duration="4"/>
    <step time="41400.00" loaded="39257" inserted="35678" running="502" waiting="3579" ended="35176" arrived="35176" collisions="48" teleports="48" halting="2" stopped="0" meanWaitingTime="918.91" meanTravelTime="296.97" meanSpeed="20.62" meanSpeedRelative="0.64" duration="3"/>
    <step time="41700.00" loaded="39785" inserted="36102" running="477" waiting="3683" ended="35625" arrived="35625" collisions="50" teleports="50" halting="6" stopped="0" meanWaitingTime="929.41" meanTravelTime="297.53" meanSpeed="20.64" meanSpeedRelative="0.64" duration="4"/>
    <step time="42000.00" loaded="40296" inserted="36550" running="502" waiting="3746" ended="36048" arrived="36048" collisions="53" teleports="53" halting="9" stopped="0" meanWaitingTime="941.12" meanTravelTime="298.15" meanSpeed="20.21" meanSpeedRelative="0.63" duration="5"/>
    <step time="42300.00" loaded="40835" inserted="37010" running="519" waiting="3825" ended="36491" arrived="36491" collisions="55" teleports="55" halting="4" stopped="0" meanWaitingTime="954.22" meanTravelTime="298.60" meanSpeed="19.80" meanSpeedRelative="0.62" duration="4"/>
    <step time="42600.00" loaded="41360" inserted="37473" running="509" waiting="3887" ended="36964" arrived="36964" collisions="56" teleports="56" halting="5" stopped="0" meanWaitingTime="966.85" meanTravelTime="299.06" meanSpeed="20.08" meanSpeedRelative="0.63" duration="6"/>
    <step time="42900.00" loaded="41898" inserted="37932" running="504" waiting="3966" ended="37428" arrived="37428" collisions="56" teleports="56" halting="3" stopped="0" meanWaitingTime="977.02" meanTravelTime="299.42" meanSpeed="19.84" meanSpeedRelative="0.62" duration="5"/>
    <step time="43200.00" loaded="42491" inserted="38398" running="523" waiting="4093" ended="37875" arrived="37875" collisions="57" teleports="57" halting="5" stopped="0" meanWaitingTime="990.61" meanTravelTime="299.96" meanSpeed="19.43" meanSpeedRelative="0.61" duration="90"/>
    <step time="43500.00" loaded="43028" inserted="38868" running="519" waiting="4160" ended="38349" arrived="38349" collisions="59" teleports="59" halting="6" stopped="0" meanWaitingTime="1004.20" meanTravelTime="300.41" meanSpeed="19.82" meanSpeedRelative="0.62" duration="4"/>
    <step time="43800.00" loaded="43583" inserted="39342" running="554" waiting="4241" ended="38788" arrived="38788" collisions="59" teleports="59" halting="5" stopped="0" meanWaitingTime="1017.29" meanTravelTime="300.74" meanSpeed="19.78" meanSpeedRelative="0.62" duration="5"/>
    <step time="44100.00" loaded="44092" inserted="39810" running="562" waiting="4282" ended="39248" arrived="39248" collisions="60" teleports="60" halting="9" stopped="0" meanWaitingTime="1031.91" meanTravelTime="301.22" meanSpeed="18.52" meanSpeedRelative="0.58" duration="5"/>
    <step time="44400.00" loaded="44606" inserted="40286" running="568" waiting="4320" ended="39718" arrived="39718" collisions="66" teleports="66" halting="10" stopped="0" meanWaitingTime="1043.25" meanTravelTime="301.86" meanSpeed="18.27" meanSpeedRelative="0.57" duration="5"/>
    <step time="44700.00" loaded="45176" inserted="40773" running="581" waiting="4403" ended="40192" arrived="40192" collisions="69" teleports="69" halting="3" stopped="0" meanWaitingTime="1053.24" meanTravelTime="302.62" meanSpeed="18.34" meanSpeedRelative="0.57" duration="6"/>
    <step time="45000.00" loaded="45766" inserted="41247" running="584" waiting="4519" ended="40663" arrived="40663" collisions="69" teleports="69" halting="8" stopped="0" meanWaitingTime="1065.40" meanTravelTime="303.25" meanSpeed="18.90" meanSpeedRelative="0.59" duration="5"/>
    <step time="45300.00" loaded="46298" inserted="41696" running="575" waiting="4602" ended="41121" arrived="41121" collisions="74" teleports="74" halting="6" stopped="0" meanWaitingTime="1078.01" meanTravelTime="304.03" meanSpeed="18.25" meanSpeedRelative="0.57" duration="4"/>
    <step time="45600.00" loaded="46849" inserted="42156" running="594" waiting="4693" ended="41562" arrived="41562" collisions="74" teleports="74" halting="8" stopped="0" meanWaitingTime="1088.10" meanTravelTime="304.89" meanSpeed="17.95" meanSpeedRelative="0.56" duration="6"/>
    <step time="45900.00" loaded="47390" inserted="42622" running="586" waiting="4768" ended="42036" arrived="42036" collisions="76" teleports="76" halting="7" stopped="0" meanWaitingTime="1099.36" meanTravelTime="305.78" meanSpeed="18.63" meanSpeedRelative="0.58" duration="5"/>
    <step time="46200.00" loaded="47917" inserted="43088" running="566" waiting="4829" ended="42522" arrived="42522" collisions="76" teleports="76" halting="8" stopped="0" meanWaitingTime="1111.87" meanTravelTime="306.45" meanSpeed="18.66" meanSpeedRelative="0.58" duration="4"/>
    <step time="46500.00" loaded="48475" inserted="43572" running="602" waiting="4903" ended="42970" arrived="42970" collisions="78" teleports="78" halting="4" stopped="0" meanWaitingTime="1122.83" meanTravelTime="307.05" meanSpeed="18.23" meanSpeedRelative="0.57" duration="5"/>
    <step time="46800.00" loaded="49002" inserted="44039" running="625" waiting="4963" ended="43414" arrived="43414" collisions="78" teleports="78" halting="6" stopped="0" meanWaitingTime="1134.65" meanTravelTime="307.94" meanSpeed="17.20" meanSpeedRelative="0.54" duration="97"/>
    <step time="47100.00" loaded="49541" inserted="44504" running="613" waiting="5037" ended="43891" arrived="43891" collisions="79" teleports="79" halting="3" stopped="0" meanWaitingTime="1145.84" meanTravelTime="308.71" meanSpeed="17.52" meanSpeedRelative="0.55" duration="6"/>
    <step time="47400.00" loaded="50038" inserted="44960" running="631" waiting="5078" ended="44329" arrived="44329" collisions="81" teleports="81" halting="7" stopped="0" meanWaitingTime="1157.99" meanTravelTime="309.55" meanSpeed="17.80" meanSpeedRelative="0.56" duration="5"/>
    <step time="47700.00" loaded="50570" inserted="45404" running="592" waiting="5166" ended="44812" arrived="44812" collisions="82" teleports="82" halting="4" stopped="0" meanWaitingTime="1168.17" meanTravelTime="310.56" meanSpeed="18.04" meanSpeedRelative="0.56" duration="6"/>
    <step time="48000.00" loaded="51078" inserted="45864" running="601" waiting="5214" ended="45263" arrived="45263" collisions="83" teleports="83" halting="2" stopped="0" meanWaitingTime="1180.63" meanTravelTime="311.45" meanSpeed="17.94" meanSpeedRelative="0.56" duration="6"/>
    <step time="48300.00" loaded="51610" inserted="46345" running="629" waiting="5265" ended="45716" arrived="45716" collisions="84" teleports="84" halting="7" stopped="0" meanWaitingTime="1192.20" meanTravelTime="312.03" meanSpeed="17.77" meanSpeedRelative="0.56" duration="8"/>
    <step time="48600.00" loaded="52161" inserted="46845" running="636" waiting="5316" ended="46209" arrived="46209" collisions="85" teleports="85" halting="10" stopped="0" meanWaitingTime="1202.89" meanTravelTime="313.06" meanSpeed="18.05" meanSpeedRelative="0.56" duration="5"/>
    <step time="48900.00" loaded="52683" inserted="47311" running="596" waiting="5372" ended="46715" arrived="46715" collisions="86" teleports="86" halting="9" stopped="0" meanWaitingTime="1215.44" meanTravelTime="313.82" meanSpeed="18.20" meanSpeedRelative="0.57" duration="5"/>
    <step time="49200.00" loaded="53199" inserted="47791" running="610" waiting="5408" ended="47181" arrived="47181" collisions="86" teleports="86" halting="4" stopped="0" meanWaitingTime="1226.61" meanTravelTime="314.47" meanSpeed="18.64" meanSpeedRelative="0.58" duration="6"/>
    <step time="49500.00" loaded="53717" inserted="48249" running="587" waiting="5468" ended="47662" arrived="47662" collisions="86" teleports="86" halting="9" stopped="0" meanWaitingTime="1238.30" meanTravelTime="315.07" meanSpeed="18.29" meanSpeedRelative="0.57" duration="6"/>
    <step time="49800.00" loaded="54299" inserted="48717" running="580" waiting="5582" ended="48137" arrived="48137" collisions="88" teleports="88" halting="5" stopped="0" meanWaitingTime="1250.95" meanTravelTime="315.77" meanSpeed="18.14" meanSpeedRelative="0.57" duration="4"/>
    <step time="50100.00" loaded="54817" inserted="49178" running="607" waiting="5639" ended="48571" arrived="48571" collisions="88" teleports="88" halting="6" stopped="0" meanWaitingTime="1263.17" meanTravelTime="316.33" meanSpeed="17.40" meanSpeedRelative="0.54" duration="6"/>
    <step time="50400.00" loaded="55348" inserted="49635" running="602" waiting="5713" ended="49033" arrived="49033" collisions="89" teleports="89" halting="5" stopped="0" meanWaitingTime="1274.13" meanTravelTime="316.97" meanSpeed="18.46" meanSpeedRelative="0.58" duration="96"/>
    <step time="50700.00" loaded="56088" inserted="50191" running="684" waiting="5897" ended="49507" arrived="49507" collisions="90" teleports="90" halting="13" stopped="0" meanWaitingTime="1285.89" meanTravelTime="317.55" meanSpeed="16.66" meanSpeedRelative="0.52" duration="4"/>
    <step time="51000.00" loaded="56804" inserted="50716" running="738" waiting="6088" ended="49978" arrived="49978" collisions="93" teleports="93" halting="18" stopped="0" meanWaitingTime="1297.48" meanTravelTime="318.38" meanSpeed="16.28" meanSpeedRelative="0.51" duration="6"/>
    <step time="51300.00" loaded="57518" inserted="51249" running="783" waiting="6269" ended="50466" arrived="50466" collisions="96" teleports="96" halting="10" stopped="0" meanWaitingTime="1309.37" meanTravelTime="319.09" meanSpeed="15.76" meanSpeedRelative="0.49" duration="8"/>
    <step time="51600.00" loaded="58228" inserted="51757" running="795" waiting="6471" ended="50962" arrived="50962" collisions="99" teleports="99" halting="8" stopped="0" meanWaitingTime="1322.13" meanTravelTime="320.33" meanSpeed="15.30" meanSpeedRelative="0.48" duration="7"/>
    <step time="51900.00" loaded="58903" inserted="52253" running="762" waiting="6650" ended="51491" arrived="51491" collisions="102" teleports="102" halting="5" stopped="0" meanWaitingTime="1333.31" meanTravelTime="321.63" meanSpeed="15.38" meanSpeedRelative="0.48" duration="6"/>
    <step time="52200.00" loaded="59677" inserted="52830" running="814" waiting="6847" ended="52016" arrived="52016" collisions="105" teleports="105" halting="6" stopped="0" meanWaitingTime="1344.57" meanTravelTime="323.11" meanSpeed="15.14" meanSpeedRelative="0.47" duration="6"/>
    <step time="52500.00" loaded="60388" inserted="53378" running="837" waiting="7010" ended="52541" arrived="52541" collisions="106" teleports="106" halting="6" stopped="0" meanWaitingTime="1358.25" meanTravelTime="324.27" meanSpeed="13.97" meanSpeedRelative="0.44" duration="9"/>
    <step time="52800.00" loaded="61115" inserted="53905" running="865" waiting="7210" ended="53040" arrived="53040" collisions="110" teleports="110" halting="10" stopped="0" meanWaitingTime="1367.68" meanTravelTime="325.74" meanSpeed="13.66" meanSpeedRelative="0.43" duration="6"/>
    <step time="53100.00" loaded="61865" inserted="54446" running="921" waiting="7419" ended="53525" arrived="53525" collisions="112" teleports="112" halting="7" stopped="0" meanWaitingTime="1379.23" meanTravelTime="327.15" meanSpeed="13.82" meanSpeedRelative="0.43" duration="8"/>
    <step time="53400.00" loaded="62592" inserted="54954" running="903" waiting="7638" ended="54051" arrived="54051" collisions="114" teleports="114" halting="5" stopped="0" meanWaitingTime="1392.17" meanTravelTime="328.80" meanSpeed="13.25" meanSpeedRelative="0.41" duration="8"/>
    <step time="53700.00" loaded="63311" inserted="55465" running="888" waiting="7846" ended="54577" arrived="54577" collisions="114" teleports="114" halting="11" stopped="0" meanWaitingTime="1406.37" meanTravelTime="330.48" meanSpeed="13.29" meanSpeedRelative="0.42" duration="9"/>
    <step time="54000.00" loaded="64054" inserted="55980" running="889" waiting="8074" ended="55091" arrived="55091" collisions="117" teleports="117" halting="9" stopped="0" meanWaitingTime="1418.36" meanTravelTime="332.48" meanSpeed="13.16" meanSpeedRelative="0.41" duration="96"/>
    <step time="54300.00" loaded="64513" inserted="56430" running="833" waiting="8083" ended="55597" arrived="55597" collisions="118" teleports="118" halting="10" stopped="0" meanWaitingTime="1432.30" meanTravelTime="334.38" meanSpeed="13.39" meanSpeedRelative="0.42" duration="9"/>
    <step time="54600.00" loaded="64982" inserted="56903" running="812" waiting="8079" ended="56091" arrived="56091" collisions="121" teleports="121" halting="6" stopped="0" meanWaitingTime="1446.72" meanTravelTime="336.02" meanSpeed="14.50" meanSpeedRelative="0.45" duration="7"/>
    <step time="54900.00" loaded="65462" inserted="57392" running="796" waiting="8070" ended="56596" arrived="56596" collisions="122" teleports="122" halting="4" stopped="0" meanWaitingTime="1462.52" meanTravelTime="337.62" meanSpeed="14.03" meanSpeedRelative="0.44" duration="8"/>
    <step time="55200.00" loaded="65911" inserted="57834" running="742" waiting="8077" ended="57092" arrived="57092" collisions="124" teleports="124" halting="12" stopped="0" meanWaitingTime="1480.13" meanTravelTime="338.97" meanSpeed="15.34" meanSpeedRelative="0.48" duration="9"/>
    <step time="55500.00" loaded="66361" inserted="58271" running="701" waiting="8090" ended="57570" arrived="57570" collisions="126" teleports="126" halting="1" stopped="0" meanWaitingTime="1497.19" meanTravelTime="340.22" meanSpeed="15.99" meanSpeedRelative="0.50" duration="8"/>
    <step time="55800.00" loaded="66834" inserted="58722" running="659" waiting="8112" ended="58063" arrived="58063" collisions="127" teleports="127" halting="4" stopped="0" meanWaitingTime="1513.86" meanTravelTime="341.45" meanSpeed="16.45" meanSpeedRelative="0.51" duration="5"/>
    <step time="56100.00" loaded="67284" inserted="59149" running="593" waiting="8135" ended="58556" arrived="58556" collisions="127" teleports="127" halting="9" stopped="0" meanWaitingTime="1531.00" meanTravelTime="342.41" meanSpeed="17.31" meanSpeedRelative="0.54" duration="7"/>
    <step time="56400.00" loaded="67713" inserted="59578" running="567" waiting="8135" ended="59011" arrived="59011" collisions="132" teleports="132" halting="7" stopped="0" meanWaitingTime="1547.85" meanTravelTime="343.14" meanSpeed="18.33" meanSpeedRelative="0.57" duration="9"/>
    <step time="56700.00" loaded="68195" inserted="60039" running="602" waiting="8156" ended="59437" arrived="59437" collisions="135" teleports="135" halting="2" stopped="0" meanWaitingTime="1564.72" meanTravelTime="343.37" meanSpeed="18.26" meanSpeedRelative="0.57" duration="6"/>
    <step time="57000.00" loaded="68631" inserted="60483" running="568" waiting="8148" ended="59915" arrived="59915" collisions="138" teleports="138" halting="5" stopped="0" meanWaitingTime="1581.58" meanTravelTime="343.81" meanSpeed="18.44" meanSpeedRelative="0.58" duration="7"/>
    <step time="57300.00" loaded="69093" inserted="60950" running="585" waiting="8143" ended="60365" arrived="60365" collisions="138" teleports="138" halting="6" stopped="0" meanWaitingTime="1598.83" meanTravelTime="343.97" meanSpeed="18.12" meanSpeedRelative="0.57" duration="8"/>
    <step time="57600.00" loaded="69550" inserted="61377" running="548" waiting="8173" ended="60829" arrived="60829" collisions="139" teleports="139" halting="7" stopped="0" meanWaitingTime="1615.27" meanTravelTime="344.30" meanSpeed="18.60" meanSpeedRelative="0.58" duration="88"/>
    <step time="57900.00" loaded="70123" inserted="61871" running="596" waiting="8252" ended="61275" arrived="61275" collisions="140" teleports="140" halting="6" stopped="0" meanWaitingTime="1631.37" meanTravelTime="344.60" meanSpeed="18.82" meanSpeedRelative="0.59" duration="7"/>
    <step time="58200.00" loaded="70623" inserted="62342" running="585" waiting="8281" ended="61757" arrived="61757" collisions="142" teleports="142" halting="6" stopped="0" meanWaitingTime="1648.13" meanTravelTime="344.86" meanSpeed="18.25" meanSpeedRelative="0.57" duration="8"/>
    <step time="58500.00" loaded="71182" inserted="62834" running="598" waiting="8348" ended="62236" arrived="62236" collisions="143" teleports="143" halting="10" stopped="0" meanWaitingTime="1663.95" meanTravelTime="344.96" meanSpeed="18.34" meanSpeedRelative="0.57" duration="5"/>
    <step time="58800.00" loaded="71733" inserted="63314" running="607" waiting="8419" ended="62707" arrived="62707" collisions="144" teleports="144" halting="1" stopped="0" meanWaitingTime="1679.22" meanTravelTime="345.21" meanSpeed="18.47" meanSpeedRelative="0.58" duration="8"/>
    <step time="59100.00" loaded="72304" inserted="63797" running="609" waiting="8507" ended="63188" arrived="63188" collisions="146" teleports="146" halting="3" stopped="0" meanWaitingTime="1693.96" meanTravelTime="345.40" meanSpeed="18.60" meanSpeedRelative="0.58" duration="5"/>
    <step time="59400.00" loaded="72876" inserted="64324" running="664" waiting="8552" ended="63660" arrived="63660" collisions="146" teleports="146" halting="2" stopped="0" meanWaitingTime="1710.17" meanTravelTime="345.42" meanSpeed="18.18" meanSpeedRelative="0.57" duration="7"/>
    <step time="59700.00" loaded="73451" inserted="64807" running="667" waiting="8644" ended="64140" arrived="64140" collisions="147" teleports="147" halting="6" stopped="0" meanWaitingTime="1724.96" meanTravelTime="345.90" meanSpeed="17.43" meanSpeedRelative="0.54" duration="6"/>
    <step time="60000.00" loaded="73995" inserted="65267" running="646" waiting="8728" ended="64621" arrived="64621" collisions="147" teleports="147" halting="7" stopped="0" meanWaitingTime="1739.58" meanTravelTime="346.41" meanSpeed="17.78" meanSpeedRelative="0.56" duration="5"/>
    <step time="60300.00" loaded="74601" inserted="65750" running="655" waiting="8851" ended="65095" arrived="65095" collisions="149" teleports="149" halting="8" stopped="0" meanWaitingTime="1754.11" meanTravelTime="347.00" meanSpeed="17.14" meanSpeedRelative="0.54" duration="9"/>
    <step time="60600.00" loaded="75163" inserted="66254" running="708" waiting="8909" ended="65546" arrived="65546" collisions="150" teleports="150" halting="9" stopped="0" meanWaitingTime="1768.63" meanTravelTime="347.40" meanSpeed="16.54" meanSpeedRelative="0.52" duration="9"/>
    <step time="60900.00" loaded="75726" inserted="66691" running="676" waiting="9035" ended="66015" arrived="66015" collisions="150" teleports="150" halting="7" stopped="0" meanWaitingTime="1781.71" meanTravelTime="347.98" meanSpeed="16.55" meanSpeedRelative="0.52" duration="9"/>
    <step time="61200.00" loaded="76269" inserted="67174" running="687" waiting="9095" ended="66487" arrived="66487" collisions="154" teleports="154" halting="9" stopped="0" meanWaitingTime="1794.32" meanTravelTime="348.53" meanSpeed="16.35" meanSpeedRelative="0.51" duration="89"/>
    <step time="61500.00" loaded="76331" inserted="67494" running="561" waiting="8837" ended="66933" arrived="66933" collisions="156" teleports="156" halting="7" stopped="0" meanWaitingTime="1815.23" meanTravelTime="349.23" meanSpeed="17.72" meanSpeedRelative="0.55" duration="7"/>
    <step time="61800.00" loaded="76417" inserted="67838" running="492" waiting="8579" ended="67346" arrived="67346" collisions="158" teleports="158" halting="10" stopped="0" meanWaitingTime="1837.60" meanTravelTime="349.91" meanSpeed="18.60" meanSpeedRelative="0.58" duration="5"/>
    <step time="62100.00" loaded="76481" inserted="68171" running="467" waiting="8310" ended="67704" arrived="67704" collisions="160" teleports="160" halting="4" stopped="0" meanWaitingTime="1859.72" meanTravelTime="350.49" meanSpeed="18.83" meanSpeedRelative="0.59" duration="6"/>
    <step time="62400.00" loaded="76557" inserted="68511" running="446" waiting="8046" ended="68065" arrived="68065" collisions="161" teleports="161" halting="6" stopped="0" meanWaitingTime="1882.61" meanTravelTime="350.93" meanSpeed="19.50" meanSpeedRelative="0.61" duration="5"/>
    <step time="62700.00" loaded="76624" inserted="68866" running="456" waiting="7758" ended="68410" arrived="68410" collisions="164" teleports="164" halting="5" stopped="0" meanWaitingTime="1906.58" meanTravelTime="351.05" meanSpeed="19.59" meanSpeedRelative="0.61" duration="3"/>
    <step time="63000.00" loaded="76692" inserted="69228" running="462" waiting="7464" ended="68766" arrived="68766" collisions="165" teleports="165" halting="6" stopped="0" meanWaitingTime="1930.70" meanTravelTime="351.25" meanSpeed="18.30" meanSpeedRelative="0.57" duration="5"/>
    <step time="63300.00" loaded="76767" inserted="69518" running="366" waiting="7249" ended="69152" arrived="69152" collisions="168" teleports="168" halting="3" stopped="0" meanWaitingTime="1953.14" meanTravelTime="351.39" meanSpeed="19.19" meanSpeedRelative="0.60" duration="4"/>
    <step time="63600.00" loaded="76856" inserted="69735" running="269" waiting="7121" ended="69466" arrived="69466" collisions="169" teleports="169" halting="3" stopped="0" meanWaitingTime="1970.67" meanTravelTime="351.63" meanSpeed="21.43" meanSpeedRelative="0.67" duration="3"/>
    <step time="63900.00" loaded="76935" inserted="69939" running="218" waiting="6996" ended="69721" arrived="69721" collisions="169" teleports="169" halting="8" stopped="0" meanWaitingTime="1986.19" meanTravelTime="351.68" meanSpeed="20.50" meanSpeedRelative="0.64" duration="4"/>
    <step time="64200.00" loaded="77003" inserted="70162" running="229" waiting="6841" ended="69933" arrived="69933" collisions="169" teleports="169" halting="3" stopped="0" meanWaitingTime="2004.09" meanTravelTime="351.68" meanSpeed="21.28" meanSpeedRelative="0.67" duration="3"/>
    <step time="64500.00" loaded="77065" inserted="70356" running="208" waiting="6709" ended="70148" arrived="70148" collisions="169" teleports="169" halting="2" stopped="0" meanWaitingTime="2020.13" meanTravelTime="351.53" meanSpeed="21.47" meanSpeedRelative="0.67" duration="2"/>
    <step time="64800.00" loaded="77118" inserted="70555" running="207" waiting="6563" ended="70348" arrived="70348" collisions="169" teleports="169" halting="9" stopped="0" meanWaitingTime="2039.18" meanTravelTime="351.42" meanSpeed="21.23" meanSpeedRelative="0.66" duration="94"/>
    <step time="65100.00" loaded="77168" inserted="70767" running="216" waiting="6401" ended="70551" arrived="70551" collisions="169" teleports="169" halting="3" stopped="0" meanWaitingTime="2060.53" meanTravelTime="351.25" meanSpeed="22.31" meanSpeedRelative="0.70" duration="2"/>
    <step time="65400.00" loaded="77209" inserted="71002" running="223" waiting="6207" ended="70779" arrived="70779" collisions="169" teleports="169" halting="6" stopped="0" meanWaitingTime="2085.53" meanTravelTime="351.13" meanSpeed="21.78" meanSpeedRelative="0.68" duration="4"/>
    <step time="65700.00" loaded="77269" inserted="71199" running="221" waiting="6070" ended="70978" arrived="70978" collisions="169" teleports="169" halting="6" stopped="0" meanWaitingTime="2100.86" meanTravelTime="350.98" meanSpeed="22.31" meanSpeedRelative="0.70" duration="2"/>
    <step time="66000.00" loaded="77311" inserted="71403" running="221" waiting="5908" ended="71182" arrived="71182" collisions="169" teleports="169" halting="5" stopped="0" meanWaitingTime="2120.12" meanTravelTime="350.92" meanSpeed="21.27" meanSpeedRelative="0.66" duration="3"/>
    <step time="66300.00" loaded="77362" inserted="71608" running="205" waiting="5754" ended="71403" arrived="71403" collisions="169" teleports="169" halting="0" stopped="0" meanWaitingTime="2139.03" meanTravelTime="350.73" meanSpeed="23.17" meanSpeedRelative="0.72" duration="2"/>
    <step time="66600.00" loaded="77417" inserted="71766" running="137" waiting="5651" ended="71629" arrived="71629" collisions="169" teleports="169" halting="3" stopped="0" meanWaitingTime="2159.21" meanTravelTime="350.59" meanSpeed="22.22" meanSpeedRelative="0.69" duration="2"/>
    <step time="66900.00" loaded="77472" inserted="71920" running="122" waiting="5552" ended="71798" arrived="71798" collisions="169" teleports="169" halting="6" stopped="0" meanWaitingTime="2177.92" meanTravelTime="350.41" meanSpeed="20.12" meanSpeedRelative="0.63" duration="2"/>
    <step time="67200.00" loaded="77526" inserted="72052" running="121" waiting="5474" ended="71931" arrived="71931" collisions="169" teleports="169" halting="3" stopped="0" meanWaitingTime="2192.54" meanTravelTime="350.35" meanSpeed="20.41" meanSpeedRelative="0.64" duration="1"/>
    <step time="67500.00" loaded="77575" inserted="72208" running="114" waiting="5367" ended="72094" arrived="72094" collisions="169" teleports="169" halting="3" stopped="0" meanWaitingTime="2213.28" meanTravelTime="350.07" meanSpeed="19.83" meanSpeedRelative="0.62" duration="2"/>
    <step time="67800.00" loaded="77631" inserted="72341" running="118" waiting="5290" ended="72223" arrived="72223" collisions="169" teleports="169" halting="4" stopped="0" meanWaitingTime="2227.83" meanTravelTime="349.92" meanSpeed="21.44" meanSpeedRelative="0.67" duration="2"/>
    <step time="68100.00" loaded="77680" inserted="72490" running="128" waiting="5190" ended="72362" arrived="72362" collisions="169" teleports="169" halting="5" stopped="0" meanWaitingTime="2246.70" meanTravelTime="349.71" meanSpeed="20.51" meanSpeedRelative="0.64" duration="2"/>
    <step time="68400.00" loaded="77716" inserted="72657" running="127" waiting="5059" ended="72530" arrived="72530" collisions="169" teleports="169" halting="5" stopped="0" meanWaitingTime="2269.48" meanTravelTime="349.40" meanSpeed="20.28" meanSpeedRelative="0.63" duration="91"/>
    <step time="68700.00" loaded="77870" inserted="72849" running="162" waiting="5021" ended="72687" arrived="72687" collisions="169" teleports="169" halting="2" stopped="0" meanWaitingTime="2281.64" meanTravelTime="349.19" meanSpeed="21.22" meanSpeedRelative="0.66" duration="2"/>
    <step time="69000.00" loaded="78036" inserted="73055" running="183" waiting="4981" ended="72872" arrived="72872" collisions="170" teleports="170" halting="6" stopped="0" meanWaitingTime="2293.65" meanTravelTime="348.94" meanSpeed="21.54" meanSpeedRelative="0.67" duration="2"/>
    <step time="69300.00" loaded="78187" inserted="73252" running="189" waiting="4935" ended="73063" arrived="73063" collisions="171" teleports="171" halting="1" stopped="0" meanWaitingTime="2306.34" meanTravelTime="348.75" meanSpeed="21.96" meanSpeedRelative="0.69" duration="2"/>
    <step time="69600.00" loaded="78340" inserted="73456" running="174" waiting="4884" ended="73282" arrived="73282" collisions="171" teleports="171" halting="2" stopped="0" meanWaitingTime="2319.25" meanTravelTime="348.50" meanSpeed="22.83" meanSpeedRelative="0.71" duration="2"/>
    <step time="69900.00" loaded="78495" inserted="73658" running="169" waiting="4837" ended="73489" arrived="73489" collisions="171" teleports="171" halting="4" stopped="0" meanWaitingTime="2333.84" meanTravelTime="348.29" meanSpeed="21.90" meanSpeedRelative="0.68" duration="2"/>
    <step time="70200.00" loaded="78658" inserted="73872" running="188" waiting="4786" ended="73684" arrived="73684" collisions="171" teleports="171" halting="6" stopped="0" meanWaitingTime="2348.08" meanTravelTime="348.04" meanSpeed="22.01" meanSpeedRelative="0.69" duration="2"/>
    <step time="70500.00" loaded="78839" inserted="74097" running="196" waiting="4742" ended="73901" arrived="73901" collisions="171" teleports="171" halting="5" stopped="0" meanWaitingTime="2362.45" meanTravelTime="347.80" meanSpeed="22.13" meanSpeedRelative="0.69" duration="2"/>
    <step time="70800.00" loaded="78995" inserted="74305" running="197" waiting="4690" ended="74108" arrived="74108" collisions="171" teleports="171" halting="4" stopped="0" meanWaitingTime="2375.90" meanTravelTime="347.58" meanSpeed="22.30" meanSpeedRelative="0.70" duration="2"/>
    <step time="71100.00" loaded="79134" inserted="74499" running="185" waiting="4635" ended="74314" arrived="74314" collisions="171" teleports="171" halting="8" stopped="0" meanWaitingTime="2390.29" meanTravelTime="347.40" meanSpeed="21.66" meanSpeedRelative="0.68" duration="1"/>
    <step time="71400.00" loaded="79295" inserted="74715" running="191" waiting="4580" ended="74524" arrived="74524" collisions="173" teleports="173" halting="3" stopped="0" meanWaitingTime="2405.33" meanTravelTime="347.19" meanSpeed="22.26" meanSpeedRelative="0.70" duration="2"/>
    <step time="71700.00" loaded="79426" inserted="74904" running="181" waiting="4522" ended="74723" arrived="74723" collisions="173" teleports="173" halting="6" stopped="0" meanWaitingTime="2421.03" meanTravelTime="347.03" meanSpeed="21.76" meanSpeedRelative="0.68" duration="2"/>
    <step time="72000.00" loaded="79590" inserted="75125" running="203" waiting="4465" ended="74922" arrived="74922" collisions="173" teleports="173" halting="8" stopped="0" meanWaitingTime="2435.80" meanTravelTime="346.79" meanSpeed="20.44" meanSpeedRelative="0.64" duration="86"/>
    <step time="72300.00" loaded="79721" inserted="75313" running="188" waiting="4408" ended="75125" arrived="75125" collisions="174" teleports="174" halting="3" stopped="0" meanWaitingTime="2450.12" meanTravelTime="346.59" meanSpeed="20.89" meanSpeedRelative="0.65" duration="1"/>
    <step time="72600.00" loaded="79856" inserted="75504" running="172" waiting="4352" ended="75332" arrived="75332" collisions="174" teleports="174" halting="3" stopped="0" meanWaitingTime="2465.48" meanTravelTime="346.43" meanSpeed="21.95" meanSpeedRelative="0.69" duration="2"/>
    <step time="72900.00" loaded="79984" inserted="75685" running="149" waiting="4299" ended="75536" arrived="75536" collisions="174" teleports="174" halting="9" stopped="0" meanWaitingTime="2477.62" meanTravelTime="346.25" meanSpeed="20.87" meanSpeedRelative="0.65" duration="2"/>
    <step time="73200.00" loaded="80127" inserted="75882" running="169" waiting="4245" ended="75713" arrived="75713" collisions="174" teleports="174" halting="1" stopped="0" meanWaitingTime="2493.39" meanTravelTime="346.02" meanSpeed="21.53" meanSpeedRelative="0.67" duration="2"/>
    <step time="73500.00" loaded="80262" inserted="76062" running="162" waiting="4200" ended="75900" arrived="75900" collisions="174" teleports="174" halting="2" stopped="0" meanWaitingTime="2507.95" meanTravelTime="345.83" meanSpeed="21.82" meanSpeedRelative="0.68" duration="2"/>
    <step time="73800.00" loaded="80388" inserted="76228" running="153" waiting="4160" ended="76075" arrived="76075" collisions="174" teleports="174" halting="2" stopped="0" meanWaitingTime="2523.15" meanTravelTime="345.64" meanSpeed="21.80" meanSpeedRelative="0.68" duration="2"/>
    <step time="74100.00" loaded="80546" inserted="76435" running="174" waiting="4111" ended="76261" arrived="76261" collisions="174" teleports="174" halting="5" stopped="0" meanWaitingTime="2538.19" meanTravelTime="345.42" meanSpeed="21.16" meanSpeedRelative="0.66" duration="2"/>
    <step time="74400.00" loaded="80686" inserted="76629" running="175" waiting="4057" ended="76454" arrived="76454" collisions="175" teleports="175" halting="1" stopped="0" meanWaitingTime="2552.91" meanTravelTime="345.20" meanSpeed="21.94" meanSpeedRelative="0.69" duration="2"/>
    <step time="74700.00" loaded="80819" inserted="76829" running="165" waiting="3990" ended="76664" arrived="76664" collisions="175" teleports="175" halting="3" stopped="0" meanWaitingTime="2570.56" meanTravelTime="344.99" meanSpeed="22.25" meanSpeedRelative="0.70" duration="2"/>
    <step time="75000.00" loaded="80937" inserted="77002" running="140" waiting="3935" ended="76862" arrived="76862" collisions="175" teleports="175" halting="3" stopped="0" meanWaitingTime="2585.89" meanTravelTime="344.76" meanSpeed="21.74" meanSpeedRelative="0.68" duration="1"/>
    <step time="75300.00" loaded="81080" inserted="77204" running="164" waiting="3876" ended="77040" arrived="77040" collisions="175" teleports="175" halting="3" stopped="0" meanWaitingTime="2601.58" meanTravelTime="344.52" meanSpeed="22.41" meanSpeedRelative="0.70" duration="1"/>
    <step time="75600.00" loaded="81226" inserted="77402" running="173" waiting="3824" ended="77229" arrived="77229" collisions="175" teleports="175" halting="2" stopped="0" meanWaitingTime="2617.18" meanTravelTime="344.25" meanSpeed="21.87" meanSpeedRelative="0.68" duration="85"/>
    <step time="75900.00" loaded="81412" inserted="77641" running="202" waiting="3771" ended="77439" arrived="77439" collisions="175" teleports="175" halting="6" stopped="0" meanWaitingTime="2631.18" meanTravelTime="344.03" meanSpeed="21.34" meanSpeedRelative="0.67" duration="2"/>
    <step time="76200.00" loaded="81625" inserted="77895" running="224" waiting="3730" ended="77671" arrived="77671" collisions="175" teleports="175" halting="4" stopped="0" meanWaitingTime="2643.78" meanTravelTime="343.82" meanSpeed="22.02" meanSpeedRelative="0.69" duration="2"/>
    <step time="76500.00" loaded="81820" inserted="78136" running="219" waiting="3684" ended="77917" arrived="77917" collisions="176" teleports="176" halting="1" stopped="0" meanWaitingTime="2655.48" meanTravelTime="343.52" meanSpeed="21.90" meanSpeedRelative="0.68" duration="2"/>
    <step time="76800.00" loaded="82035" inserted="78404" running="239" waiting="3631" ended="78165" arrived="78165" collisions="177" teleports="177" halting="4" stopped="0" meanWaitingTime="2666.72" meanTravelTime="343.24" meanSpeed="20.78" meanSpeedRelative="0.65" duration="2"/>
    <step time="77100.00" loaded="82219" inserted="78636" running="237" waiting="3583" ended="78399" arrived="78399" collisions="177" teleports="177" halting="3" stopped="0" meanWaitingTime="2678.64" meanTravelTime="343.04" meanSpeed="21.34" meanSpeedRelative="0.67" duration="2"/>
    <step time="77400.00" loaded="82406" inserted="78849" running="217" waiting="3557" ended="78632" arrived="78632" collisions="177" teleports="177" halting="1" stopped="0" meanWaitingTime="2690.01" meanTravelTime="342.92" meanSpeed="22.24" meanSpeedRelative="0.70" duration="2"/>
    <step time="77700.00" loaded="82617" inserted="79091" running="214" waiting="3526" ended="78877" arrived="78877" collisions="178" teleports="178" halting="3" stopped="0" meanWaitingTime="2701.54" meanTravelTime="342.79" meanSpeed="21.83" meanSpeedRelative="0.68" duration="2"/>
    <step time="78000.00" loaded="82798" inserted="79314" running="213" waiting="3484" ended="79101" arrived="79101" collisions="178" teleports="178" halting="5" stopped="0" meanWaitingTime="2712.51" meanTravelTime="342.58" meanSpeed="22.43" meanSpeedRelative="0.70" duration="2"/>
    <step time="78300.00" loaded="82980" inserted="79536" running="189" waiting="3444" ended="79347" arrived="79347" collisions="178" teleports="178" halting="6" stopped="0" meanWaitingTime="2722.69" meanTravelTime="342.29" meanSpeed="21.46" meanSpeedRelative="0.67" duration="1"/>
    <step time="78600.00" loaded="83195" inserted="79778" running="218" waiting="3417" ended="79560" arrived="79560" collisions="178" teleports="178" halting="3" stopped="0" meanWaitingTime="2732.39" meanTravelTime="342.12" meanSpeed="22.00" meanSpeedRelative="0.69" duration="2"/>
    <step time="78900.00" loaded="83382" inserted="80000" running="201" waiting="3382" ended="79799" arrived="79799" collisions="178" teleports="178" halting="1" stopped="0" meanWaitingTime="2742.83" meanTravelTime="341.91" meanSpeed="22.66" meanSpeedRelative="0.71" duration="1"/>
    <step time="79200.00" loaded="83552" inserted="80214" running="204" waiting="3338" ended="80010" arrived="80010" collisions="178" teleports="178" halting="5" stopped="0" meanWaitingTime="2752.71" meanTravelTime="341.70" meanSpeed="21.77" meanSpeedRelative="0.68" duration="87"/>
    <step time="79500.00" loaded="83744" inserted="80440" running="215" waiting="3304" ended="80225" arrived="80225" collisions="178" teleports="178" halting="4" stopped="0" meanWaitingTime="2761.08" meanTravelTime="341.53" meanSpeed="22.96" meanSpeedRelative="0.72" duration="2"/>
    <step time="79800.00" loaded="83927" inserted="80683" running="225" waiting="3244" ended="80458" arrived="80458" collisions="179" teleports="179" halting="8" stopped="0" meanWaitingTime="2770.09" meanTravelTime="341.38" meanSpeed="22.02" meanSpeedRelative="0.69" duration="2"/>
    <step time="80100.00" loaded="84113" inserted="80916" running="210" waiting="3197" ended="80706" arrived="80706" collisions="179" teleports="179" halting="2" stopped="0" meanWaitingTime="2777.68" meanTravelTime="341.20" meanSpeed="22.29" meanSpeedRelative="0.70" duration="2"/>
    <step time="80400.00" loaded="84283" inserted="81141" running="212" waiting="3142" ended="80929" arrived="80929" collisions="179" teleports="179" halting="7" stopped="0" meanWaitingTime="2786.56" meanTravelTime="340.96" meanSpeed="21.98" meanSpeedRelative="0.69" duration="1"/>
    <step time="80700.00" loaded="84457" inserted="81352" running="175" waiting="3105" ended="81177" arrived="81177" collisions="179" teleports="179" halting="3" stopped="0" meanWaitingTime="2793.46" meanTravelTime="340.79" meanSpeed="21.77" meanSpeedRelative="0.68" duration="2"/>
    <step time="81000.00" loaded="84606" inserted="81521" running="161" waiting="3085" ended="81360" arrived="81360" collisions="179" teleports="179" halting="9" stopped="0" meanWaitingTime="2801.12" meanTravelTime="340.61" meanSpeed="22.33" meanSpeedRelative="0.70" duration="1"/>
    <step time="81300.00" loaded="84792" inserted="81715" running="178" waiting="3077" ended="81537" arrived="81537" collisions="179" teleports="179" halting="4" stopped="0" meanWaitingTime="2804.54" meanTravelTime="340.46" meanSpeed="23.02" meanSpeedRelative="0.72" duration="2"/>
    <step time="81600.00" loaded="84952" inserted="81885" running="166" waiting="3067" ended="81719" arrived="81719" collisions="179" teleports="179" halting="2" stopped="0" meanWaitingTime="2809.32" meanTravelTime="340.33" meanSpeed="22.13" meanSpeedRelative="0.69" duration="1"/>
    <step time="81900.00" loaded="85147" inserted="82081" running="178" waiting="3066" ended="81903" arrived="81903" collisions="180" teleports="180" halting="7" stopped="0" meanWaitingTime="2813.25" meanTravelTime="340.16" meanSpeed="22.13" meanSpeedRelative="0.69" duration="1"/>
    <step time="82200.00" loaded="85329" inserted="82267" running="180" waiting="3062" ended="82087" arrived="82087" collisions="180" teleports="180" halting="6" stopped="0" meanWaitingTime="2817.00" meanTravelTime="340.10" meanSpeed="22.81" meanSpeedRelative="0.71" duration="2"/>
    <step time="82500.00" loaded="85501" inserted="82435" running="177" waiting="3066" ended="82258" arrived="82258" collisions="180" teleports="180" halting="2" stopped="0" meanWaitingTime="2821.70" meanTravelTime="339.99" meanSpeed="23.44" meanSpeedRelative="0.73" duration="2"/>
</summary>
