<?xml version="1.0" encoding="UTF-8"?>

<!-- generated on 2025-08-08 02:28:07 by Eclipse SUMO sumo Version 1.23.1
<sumoConfiguration xmlns:xsi="http://www.w3.org/2001/XMLSchema-instance" xsi:noNamespaceSchemaLocation="http://sumo.dlr.de/xsd/sumoConfiguration.xsd">

    <input>
        <net-file value="Desktop\Master Thesis\Network_fin.net.xml"/>
        <route-files value="Desktop\Master Thesis\demand_model_amsterdam.rou.xml"/>
        <additional-files value="Desktop\Master Thesis\Additionnal.add.xml"/>
    </input>

    <output>
        <summary-output value="outputf/summary_coor_alinea_2neigh_method1_K80_target5_38349.xml"/>
        <summary-output.period value="300"/>
        <tripinfo-output value="outputf/tripinfo_coor_alinea_2neigh_method1_K80_target5_38349.xml"/>
    </output>

    <time>
        <begin value="0"/>
        <end value="82800"/>
        <step-length value="1"/>
    </time>

    <processing>
        <time-to-teleport value="-1"/>
    </processing>

    <report>
        <verbose value="true"/>
        <no-step-log value="true"/>
    </report>

    <emissions>
        <device.emissions.period value="10"/>
    </emissions>

    <traci_server>
        <remote-port value="49575"/>
    </traci_server>

    <random_number>
        <seed value="38349"/>
    </random_number>

</sumoConfiguration>
-->

<summary xmlns:xsi="http://www.w3.org/2001/XMLSchema-instance" xsi:noNamespaceSchemaLocation="http://sumo.dlr.de/xsd/summary_file.xsd">
    <step time="0.00" loaded="0" inserted="0" running="0" waiting="0" ended="0" arrived="0" collisions="0" teleports="0" halting="0" stopped="0" meanWaitingTime="-1.00" meanTravelTime="-1.00" meanSpeed="-1.00" meanSpeedRelative="-1.00" duration="0"/>
    <step time="300.00" loaded="149" inserted="149" running="95" waiting="0" ended="54" arrived="54" collisions="0" teleports="0" halting="0" stopped="0" meanWaitingTime="0.21" meanTravelTime="98.39" meanSpeed="25.52" meanSpeedRelative="0.80" duration="0"/>
    <step time="600.00" loaded="335" inserted="335" running="148" waiting="0" ended="187" arrived="187" collisions="0" teleports="0" halting="1" stopped="0" meanWaitingTime="0.34" meanTravelTime="149.30" meanSpeed="24.98" meanSpeedRelative="0.78" duration="1"/>
    <step time="900.00" loaded="510" inserted="510" running="159" waiting="0" ended="351" arrived="351" collisions="1" teleports="1" halting="0" stopped="0" meanWaitingTime="0.36" meanTravelTime="176.68" meanSpeed="24.57" meanSpeedRelative="0.77" duration="1"/>
    <step time="1200.00" loaded="677" inserted="677" running="154" waiting="0" ended="523" arrived="523" collisions="2" teleports="2" halting="0" stopped="0" meanWaitingTime="0.35" meanTravelTime="206.27" meanSpeed="25.54" meanSpeedRelative="0.80" duration="0"/>
    <step time="1500.00" loaded="840" inserted="840" running="144" waiting="0" ended="696" arrived="696" collisions="2" teleports="2" halting="0" stopped="0" meanWaitingTime="0.33" meanTravelTime="225.19" meanSpeed="25.73" meanSpeedRelative="0.80" duration="1"/>
    <step time="1800.00" loaded="1044" inserted="1044" running="168" waiting="0" ended="876" arrived="876" collisions="3" teleports="3" halting="1" stopped="0" meanWaitingTime="0.38" meanTravelTime="234.49" meanSpeed="23.88" meanSpeedRelative="0.75" duration="1"/>
    <step time="2100.00" loaded="1218" inserted="1218" running="160" waiting="0" ended="1058" arrived="1058" collisions="3" teleports="3" halting="1" stopped="0" meanWaitingTime="0.37" meanTravelTime="240.15" meanSpeed="24.92" meanSpeedRelative="0.78" duration="1"/>
    <step time="2400.00" loaded="1413" inserted="1413" running="173" waiting="0" ended="1240" arrived="1240" collisions="3" teleports="3" halting="0" stopped="0" meanWaitingTime="0.42" meanTravelTime="242.04" meanSpeed="25.03" meanSpeedRelative="0.78" duration="1"/>
    <step time="2700.00" loaded="1567" inserted="1567" running="145" waiting="0" ended="1422" arrived="1422" collisions="3" teleports="3" halting="1" stopped="0" meanWaitingTime="0.40" meanTravelTime="247.41" meanSpeed="24.78" meanSpeedRelative="0.77" duration="1"/>
    <step time="3000.00" loaded="1744" inserted="1743" running="161" waiting="1" ended="1582" arrived="1582" collisions="3" teleports="3" halting="0" stopped="0" meanWaitingTime="0.40" meanTravelTime="250.73" meanSpeed="25.49" meanSpeedRelative="0.80" duration="1"/>
    <step time="3300.00" loaded="1933" inserted="1933" running="169" waiting="0" ended="1764" arrived="1764" collisions="4" teleports="4" halting="3" stopped="0" meanWaitingTime="0.44" meanTravelTime="250.76" meanSpeed="24.60" meanSpeedRelative="0.77" duration="1"/>
    <step time="3600.00" loaded="2111" inserted="2100" running="160" waiting="11" ended="1940" arrived="1940" collisions="4" teleports="4" halting="1" stopped="0" meanWaitingTime="0.99" meanTravelTime="253.14" meanSpeed="25.01" meanSpeedRelative="0.78" duration="86"/>
    <step time="3900.00" loaded="2208" inserted="2200" running="97" waiting="8" ended="2103" arrived="2103" collisions="4" teleports="4" halting="6" stopped="0" meanWaitingTime="2.18" meanTravelTime="255.36" meanSpeed="23.46" meanSpeedRelative="0.73" duration="1"/>
    <step time="4200.00" loaded="2323" inserted="2323" running="99" waiting="0" ended="2224" arrived="2224" collisions="4" teleports="4" halting="0" stopped="0" meanWaitingTime="2.79" meanTravelTime="258.49" meanSpeed="25.14" meanSpeedRelative="0.79" duration="1"/>
    <step time="4500.00" loaded="2431" inserted="2431" running="103" waiting="0" ended="2328" arrived="2328" collisions="4" teleports="4" halting="1" stopped="0" meanWaitingTime="2.67" meanTravelTime="257.61" meanSpeed="24.92" meanSpeedRelative="0.78" duration="0"/>
    <step time="4800.00" loaded="2531" inserted="2531" running="76" waiting="0" ended="2455" arrived="2455" collisions="4" teleports="4" halting="1" stopped="0" meanWaitingTime="2.57" meanTravelTime="259.11" meanSpeed="26.25" meanSpeedRelative="0.82" duration="1"/>
    <step time="5100.00" loaded="2633" inserted="2633" running="77" waiting="0" ended="2556" arrived="2556" collisions="4" teleports="4" halting="0" stopped="0" meanWaitingTime="2.48" meanTravelTime="257.38" meanSpeed="25.56" meanSpeedRelative="0.80" duration="1"/>
    <step time="5400.00" loaded="2751" inserted="2751" running="86" waiting="0" ended="2665" arrived="2665" collisions="4" teleports="4" halting="0" stopped="0" meanWaitingTime="2.38" meanTravelTime="256.71" meanSpeed="26.04" meanSpeedRelative="0.81" duration="0"/>
    <step time="5700.00" loaded="2876" inserted="2876" running="99" waiting="0" ended="2777" arrived="2777" collisions="4" teleports="4" halting="2" stopped="0" meanWaitingTime="2.28" meanTravelTime="256.53" meanSpeed="25.42" meanSpeedRelative="0.79" duration="0"/>
    <step time="6000.00" loaded="2977" inserted="2977" running="90" waiting="0" ended="2887" arrived="2887" collisions="4" teleports="4" halting="0" stopped="0" meanWaitingTime="2.21" meanTravelTime="255.57" meanSpeed="25.62" meanSpeedRelative="0.80" duration="1"/>
    <step time="6300.00" loaded="3093" inserted="3093" running="101" waiting="0" ended="2992" arrived="2992" collisions="4" teleports="4" halting="2" stopped="0" meanWaitingTime="2.14" meanTravelTime="255.74" meanSpeed="24.58" meanSpeedRelative="0.77" duration="0"/>
    <step time="6600.00" loaded="3194" inserted="3194" running="85" waiting="0" ended="3109" arrived="3109" collisions="4" teleports="4" halting="0" stopped="0" meanWaitingTime="2.09" meanTravelTime="255.32" meanSpeed="25.55" meanSpeedRelative="0.80" duration="1"/>
    <step time="6900.00" loaded="3319" inserted="3319" running="94" waiting="0" ended="3225" arrived="3225" collisions="5" teleports="5" halting="0" stopped="0" meanWaitingTime="2.01" meanTravelTime="254.41" meanSpeed="25.62" meanSpeedRelative="0.80" duration="1"/>
    <step time="7200.00" loaded="3428" inserted="3428" running="80" waiting="0" ended="3348" arrived="3348" collisions="5" teleports="5" halting="0" stopped="0" meanWaitingTime="1.96" meanTravelTime="254.01" meanSpeed="25.86" meanSpeedRelative="0.81" duration="85"/>
    <step time="7500.00" loaded="3572" inserted="3569" running="117" waiting="3" ended="3452" arrived="3452" collisions="5" teleports="5" halting="4" stopped="0" meanWaitingTime="1.91" meanTravelTime="253.52" meanSpeed="23.62" meanSpeedRelative="0.74" duration="1"/>
    <step time="7800.00" loaded="3713" inserted="3704" running="115" waiting="9" ended="3589" arrived="3589" collisions="5" teleports="5" halting="5" stopped="0" meanWaitingTime="2.14" meanTravelTime="253.70" meanSpeed="23.94" meanSpeedRelative="0.75" duration="1"/>
    <step time="8100.00" loaded="3862" inserted="3852" running="126" waiting="10" ended="3726" arrived="3726" collisions="6" teleports="6" halting="1" stopped="0" meanWaitingTime="2.70" meanTravelTime="252.63" meanSpeed="24.82" meanSpeedRelative="0.78" duration="1"/>
    <step time="8400.00" loaded="4014" inserted="4001" running="119" waiting="13" ended="3882" arrived="3882" collisions="6" teleports="6" halting="2" stopped="0" meanWaitingTime="3.50" meanTravelTime="252.08" meanSpeed="24.04" meanSpeedRelative="0.75" duration="1"/>
    <step time="8700.00" loaded="4162" inserted="4151" running="125" waiting="11" ended="4026" arrived="4026" collisions="6" teleports="6" halting="4" stopped="0" meanWaitingTime="4.33" meanTravelTime="251.87" meanSpeed="24.69" meanSpeedRelative="0.77" duration="1"/>
    <step time="9000.00" loaded="4324" inserted="4298" running="134" waiting="26" ended="4164" arrived="4164" collisions="7" teleports="7" halting="0" stopped="0" meanWaitingTime="5.01" meanTravelTime="252.26" meanSpeed="25.42" meanSpeedRelative="0.79" duration="1"/>
    <step time="9300.00" loaded="4472" inserted="4449" running="122" waiting="23" ended="4327" arrived="4327" collisions="7" teleports="7" halting="1" stopped="0" meanWaitingTime="6.26" meanTravelTime="252.37" meanSpeed="25.11" meanSpeedRelative="0.78" duration="1"/>
    <step time="9600.00" loaded="4613" inserted="4593" running="115" waiting="20" ended="4478" arrived="4478" collisions="7" teleports="7" halting="4" stopped="0" meanWaitingTime="7.54" meanTravelTime="252.58" meanSpeed="24.72" meanSpeedRelative="0.77" duration="0"/>
    <step time="9900.00" loaded="4744" inserted="4725" running="114" waiting="19" ended="4611" arrived="4611" collisions="7" teleports="7" halting="2" stopped="0" meanWaitingTime="8.47" meanTravelTime="252.62" meanSpeed="25.05" meanSpeedRelative="0.78" duration="1"/>
    <step time="10200.00" loaded="4885" inserted="4861" running="118" waiting="24" ended="4743" arrived="4743" collisions="7" teleports="7" halting="3" stopped="0" meanWaitingTime="9.49" meanTravelTime="251.95" meanSpeed="24.41" meanSpeedRelative="0.76" duration="0"/>
    <step time="10500.00" loaded="5036" inserted="5010" running="134" waiting="26" ended="4876" arrived="4876" collisions="7" teleports="7" halting="8" stopped="0" meanWaitingTime="10.66" meanTravelTime="251.95" meanSpeed="23.17" meanSpeedRelative="0.72" duration="1"/>
    <step time="10800.00" loaded="5189" inserted="5162" running="136" waiting="27" ended="5026" arrived="5026" collisions="7" teleports="7" halting="1" stopped="0" meanWaitingTime="11.95" meanTravelTime="251.89" meanSpeed="25.16" meanSpeedRelative="0.79" duration="87"/>
    <step time="11100.00" loaded="5343" inserted="5311" running="118" waiting="32" ended="5193" arrived="5193" collisions="7" teleports="7" halting="2" stopped="0" meanWaitingTime="13.12" meanTravelTime="252.47" meanSpeed="24.71" meanSpeedRelative="0.77" duration="0"/>
    <step time="11400.00" loaded="5494" inserted="5441" running="114" waiting="53" ended="5327" arrived="5327" collisions="7" teleports="7" halting="5" stopped="0" meanWaitingTime="14.33" meanTravelTime="252.91" meanSpeed="25.28" meanSpeedRelative="0.79" duration="1"/>
    <step time="11700.00" loaded="5629" inserted="5586" running="105" waiting="43" ended="5481" arrived="5481" collisions="7" teleports="7" halting="1" stopped="0" meanWaitingTime="16.14" meanTravelTime="252.69" meanSpeed="24.67" meanSpeedRelative="0.77" duration="1"/>
    <step time="12000.00" loaded="5752" inserted="5708" running="102" waiting="44" ended="5606" arrived="5606" collisions="7" teleports="7" halting="0" stopped="0" meanWaitingTime="18.10" meanTravelTime="252.04" meanSpeed="25.28" meanSpeedRelative="0.79" duration="1"/>
    <step time="12300.00" loaded="5887" inserted="5841" running="101" waiting="46" ended="5740" arrived="5740" collisions="7" teleports="7" halting="2" stopped="0" meanWaitingTime="20.16" meanTravelTime="252.48" meanSpeed="23.89" meanSpeedRelative="0.75" duration="1"/>
    <step time="12600.00" loaded="6018" inserted="5971" running="99" waiting="47" ended="5872" arrived="5872" collisions="7" teleports="7" halting="2" stopped="0" meanWaitingTime="21.70" meanTravelTime="252.07" meanSpeed="24.79" meanSpeedRelative="0.77" duration="1"/>
    <step time="12900.00" loaded="6154" inserted="6105" running="108" waiting="49" ended="5997" arrived="5997" collisions="7" teleports="7" halting="0" stopped="0" meanWaitingTime="23.64" meanTravelTime="251.25" meanSpeed="24.38" meanSpeedRelative="0.76" duration="0"/>
    <step time="13200.00" loaded="6300" inserted="6245" running="110" waiting="55" ended="6135" arrived="6135" collisions="7" teleports="7" halting="3" stopped="0" meanWaitingTime="25.36" meanTravelTime="251.13" meanSpeed="24.81" meanSpeedRelative="0.78" duration="1"/>
    <step time="13500.00" loaded="6454" inserted="6389" running="112" waiting="65" ended="6277" arrived="6277" collisions="7" teleports="7" halting="2" stopped="0" meanWaitingTime="26.88" meanTravelTime="250.40" meanSpeed="24.75" meanSpeedRelative="0.77" duration="0"/>
    <step time="13800.00" loaded="6626" inserted="6552" running="119" waiting="74" ended="6433" arrived="6433" collisions="7" teleports="7" halting="0" stopped="0" meanWaitingTime="28.57" meanTravelTime="249.58" meanSpeed="25.05" meanSpeedRelative="0.78" duration="1"/>
    <step time="14100.00" loaded="6784" inserted="6703" running="106" waiting="81" ended="6597" arrived="6597" collisions="7" teleports="7" halting="0" stopped="0" meanWaitingTime="30.68" meanTravelTime="249.07" meanSpeed="25.29" meanSpeedRelative="0.79" duration="1"/>
    <step time="14400.00" loaded="6936" inserted="6852" running="113" waiting="84" ended="6739" arrived="6739" collisions="7" teleports="7" halting="2" stopped="0" meanWaitingTime="33.01" meanTravelTime="248.36" meanSpeed="24.49" meanSpeedRelative="0.77" duration="87"/>
    <step time="14700.00" loaded="7033" inserted="6951" running="90" waiting="82" ended="6861" arrived="6861" collisions="7" teleports="7" halting="5" stopped="0" meanWaitingTime="35.57" meanTravelTime="248.19" meanSpeed="23.81" meanSpeedRelative="0.74" duration="1"/>
    <step time="15000.00" loaded="7137" inserted="7060" running="84" waiting="77" ended="6976" arrived="6976" collisions="7" teleports="7" halting="0" stopped="0" meanWaitingTime="37.89" meanTravelTime="248.67" meanSpeed="23.53" meanSpeedRelative="0.74" duration="1"/>
    <step time="15300.00" loaded="7246" inserted="7169" running="88" waiting="77" ended="7081" arrived="7081" collisions="7" teleports="7" halting="1" stopped="0" meanWaitingTime="40.81" meanTravelTime="248.78" meanSpeed="24.34" meanSpeedRelative="0.76" duration="0"/>
    <step time="15600.00" loaded="7348" inserted="7270" running="84" waiting="78" ended="7186" arrived="7186" collisions="7" teleports="7" halting="3" stopped="0" meanWaitingTime="43.46" meanTravelTime="248.55" meanSpeed="24.09" meanSpeedRelative="0.75" duration="1"/>
    <step time="15900.00" loaded="7455" inserted="7367" running="80" waiting="88" ended="7287" arrived="7287" collisions="7" teleports="7" halting="6" stopped="0" meanWaitingTime="46.05" meanTravelTime="248.45" meanSpeed="24.30" meanSpeedRelative="0.76" duration="1"/>
    <step time="16200.00" loaded="7557" inserted="7473" running="87" waiting="84" ended="7386" arrived="7386" collisions="7" teleports="7" halting="0" stopped="0" meanWaitingTime="48.59" meanTravelTime="248.09" meanSpeed="23.47" meanSpeedRelative="0.73" duration="1"/>
    <step time="16500.00" loaded="7658" inserted="7578" running="72" waiting="80" ended="7506" arrived="7506" collisions="7" teleports="7" halting="0" stopped="0" meanWaitingTime="51.09" meanTravelTime="247.97" meanSpeed="25.74" meanSpeedRelative="0.80" duration="1"/>
    <step time="16800.00" loaded="7758" inserted="7686" running="79" waiting="72" ended="7607" arrived="7607" collisions="7" teleports="7" halting="1" stopped="0" meanWaitingTime="54.04" meanTravelTime="247.72" meanSpeed="23.90" meanSpeedRelative="0.75" duration="1"/>
    <step time="17100.00" loaded="7864" inserted="7796" running="79" waiting="68" ended="7717" arrived="7717" collisions="7" teleports="7" halting="3" stopped="0" meanWaitingTime="56.38" meanTravelTime="247.02" meanSpeed="24.24" meanSpeedRelative="0.76" duration="1"/>
    <step time="17400.00" loaded="7976" inserted="7913" running="86" waiting="63" ended="7827" arrived="7827" collisions="7" teleports="7" halting="7" stopped="0" meanWaitingTime="58.74" meanTravelTime="246.78" meanSpeed="23.72" meanSpeedRelative="0.74" duration="0"/>
    <step time="17700.00" loaded="8080" inserted="8021" running="87" waiting="59" ended="7934" arrived="7934" collisions="7" teleports="7" halting="0" stopped="0" meanWaitingTime="60.68" meanTravelTime="246.72" meanSpeed="23.91" meanSpeedRelative="0.75" duration="1"/>
    <step time="18000.00" loaded="8176" inserted="8127" running="73" waiting="49" ended="8054" arrived="8054" collisions="7" teleports="7" halting="2" stopped="0" meanWaitingTime="62.50" meanTravelTime="246.35" meanSpeed="23.35" meanSpeedRelative="0.73" duration="79"/>
    <step time="18300.00" loaded="8370" inserted="8307" running="117" waiting="63" ended="8190" arrived="8190" collisions="7" teleports="7" halting="5" stopped="0" meanWaitingTime="63.42" meanTravelTime="245.51" meanSpeed="24.29" meanSpeedRelative="0.76" duration="1"/>
    <step time="18600.00" loaded="8569" inserted="8486" running="141" waiting="83" ended="8345" arrived="8345" collisions="7" teleports="7" halting="2" stopped="0" meanWaitingTime="64.06" meanTravelTime="244.72" meanSpeed="24.27" meanSpeedRelative="0.76" duration="1"/>
    <step time="18900.00" loaded="8774" inserted="8679" running="161" waiting="95" ended="8518" arrived="8518" collisions="7" teleports="7" halting="3" stopped="0" meanWaitingTime="64.89" meanTravelTime="244.82" meanSpeed="24.27" meanSpeedRelative="0.76" duration="1"/>
    <step time="19200.00" loaded="8982" inserted="8868" running="149" waiting="114" ended="8719" arrived="8719" collisions="7" teleports="7" halting="5" stopped="0" meanWaitingTime="65.84" meanTravelTime="244.55" meanSpeed="23.82" meanSpeedRelative="0.74" duration="1"/>
    <step time="19500.00" loaded="9181" inserted="9041" running="136" waiting="140" ended="8905" arrived="8905" collisions="8" teleports="8" halting="3" stopped="0" meanWaitingTime="66.78" meanTravelTime="244.57" meanSpeed="24.65" meanSpeedRelative="0.77" duration="1"/>
    <step time="19800.00" loaded="9392" inserted="9235" running="154" waiting="157" ended="9081" arrived="9081" collisions="8" teleports="8" halting="1" stopped="0" meanWaitingTime="67.95" meanTravelTime="244.58" meanSpeed="24.89" meanSpeedRelative="0.78" duration="1"/>
    <step time="20100.00" loaded="9599" inserted="9428" running="170" waiting="171" ended="9258" arrived="9258" collisions="8" teleports="8" halting="2" stopped="0" meanWaitingTime="69.79" meanTravelTime="244.66" meanSpeed="24.51" meanSpeedRelative="0.77" duration="1"/>
    <step time="20400.00" loaded="9782" inserted="9608" running="151" waiting="174" ended="9457" arrived="9457" collisions="8" teleports="8" halting="4" stopped="0" meanWaitingTime="71.77" meanTravelTime="245.28" meanSpeed="23.57" meanSpeedRelative="0.74" duration="1"/>
    <step time="20700.00" loaded="9999" inserted="9812" running="158" waiting="187" ended="9654" arrived="9654" collisions="8" teleports="8" halting="2" stopped="0" meanWaitingTime="73.54" meanTravelTime="244.96" meanSpeed="24.41" meanSpeedRelative="0.76" duration="1"/>
    <step time="21000.00" loaded="10192" inserted="9985" running="147" waiting="207" ended="9838" arrived="9838" collisions="8" teleports="8" halting="3" stopped="0" meanWaitingTime="76.39" meanTravelTime="245.06" meanSpeed="24.74" meanSpeedRelative="0.77" duration="1"/>
    <step time="21300.00" loaded="10402" inserted="10182" running="155" waiting="220" ended="10027" arrived="10027" collisions="8" teleports="8" halting="5" stopped="0" meanWaitingTime="79.03" meanTravelTime="244.85" meanSpeed="23.73" meanSpeedRelative="0.74" duration="1"/>
    <step time="21600.00" loaded="10592" inserted="10357" running="144" waiting="235" ended="10213" arrived="10213" collisions="8" teleports="8" halting="3" stopped="0" meanWaitingTime="82.22" meanTravelTime="245.22" meanSpeed="25.55" meanSpeedRelative="0.80" duration="79"/>
    <step time="21900.00" loaded="11090" inserted="10764" running="326" waiting="326" ended="10438" arrived="10438" collisions="9" teleports="9" halting="5" stopped="0" meanWaitingTime="85.77" meanTravelTime="244.96" meanSpeed="22.24" meanSpeedRelative="0.70" duration="1"/>
    <step time="22200.00" loaded="11537" inserted="11140" running="375" waiting="397" ended="10765" arrived="10765" collisions="10" teleports="10" halting="5" stopped="0" meanWaitingTime="90.82" meanTravelTime="245.13" meanSpeed="21.60" meanSpeedRelative="0.67" duration="3"/>
    <step time="22500.00" loaded="11997" inserted="11537" running="402" waiting="460" ended="11135" arrived="11135" collisions="10" teleports="10" halting="6" stopped="0" meanWaitingTime="97.58" meanTravelTime="246.70" meanSpeed="20.96" meanSpeedRelative="0.66" duration="2"/>
    <step time="22800.00" loaded="12458" inserted="11916" running="425" waiting="542" ended="11491" arrived="11491" collisions="12" teleports="12" halting="5" stopped="0" meanWaitingTime="102.69" meanTravelTime="248.78" meanSpeed="21.29" meanSpeedRelative="0.67" duration="2"/>
    <step time="23100.00" loaded="12929" inserted="12303" running="413" waiting="626" ended="11890" arrived="11890" collisions="13" teleports="13" halting="6" stopped="0" meanWaitingTime="108.20" meanTravelTime="251.17" meanSpeed="21.00" meanSpeedRelative="0.66" duration="2"/>
    <step time="23400.00" loaded="13429" inserted="12691" running="415" waiting="738" ended="12276" arrived="12276" collisions="13" teleports="13" halting="7" stopped="0" meanWaitingTime="114.43" meanTravelTime="253.38" meanSpeed="20.16" meanSpeedRelative="0.63" duration="4"/>
    <step time="23700.00" loaded="13903" inserted="13078" running="424" waiting="825" ended="12654" arrived="12654" collisions="13" teleports="13" halting="13" stopped="0" meanWaitingTime="121.98" meanTravelTime="255.80" meanSpeed="19.36" meanSpeedRelative="0.60" duration="2"/>
    <step time="24000.00" loaded="14376" inserted="13468" running="433" waiting="908" ended="13035" arrived="13035" collisions="13" teleports="13" halting="11" stopped="0" meanWaitingTime="129.13" meanTravelTime="258.19" meanSpeed="19.65" meanSpeedRelative="0.61" duration="3"/>
    <step time="24300.00" loaded="14802" inserted="13846" running="428" waiting="956" ended="13418" arrived="13418" collisions="16" teleports="16" halting="4" stopped="0" meanWaitingTime="137.62" meanTravelTime="260.28" meanSpeed="20.96" meanSpeedRelative="0.65" duration="3"/>
    <step time="24600.00" loaded="15292" inserted="14230" running="446" waiting="1062" ended="13784" arrived="13784" collisions="17" teleports="17" halting="7" stopped="0" meanWaitingTime="146.61" meanTravelTime="262.69" meanSpeed="20.74" meanSpeedRelative="0.65" duration="3"/>
    <step time="24900.00" loaded="15755" inserted="14614" running="441" waiting="1141" ended="14173" arrived="14173" collisions="18" teleports="18" halting="9" stopped="0" meanWaitingTime="156.46" meanTravelTime="264.86" meanSpeed="20.63" meanSpeedRelative="0.64" duration="3"/>
    <step time="25200.00" loaded="16218" inserted="14981" running="420" waiting="1237" ended="14561" arrived="14561" collisions="19" teleports="19" halting="8" stopped="0" meanWaitingTime="165.26" meanTravelTime="266.87" meanSpeed="20.54" meanSpeedRelative="0.64" duration="85"/>
    <step time="25500.00" loaded="16762" inserted="15428" running="465" waiting="1334" ended="14963" arrived="14963" collisions="20" teleports="20" halting="10" stopped="0" meanWaitingTime="176.32" meanTravelTime="268.54" meanSpeed="19.87" meanSpeedRelative="0.62" duration="4"/>
    <step time="25800.00" loaded="17328" inserted="15864" running="481" waiting="1464" ended="15383" arrived="15383" collisions="21" teleports="21" halting="3" stopped="0" meanWaitingTime="188.80" meanTravelTime="270.43" meanSpeed="19.70" meanSpeedRelative="0.62" duration="3"/>
    <step time="26100.00" loaded="17836" inserted="16313" running="512" waiting="1523" ended="15801" arrived="15801" collisions="22" teleports="22" halting="9" stopped="0" meanWaitingTime="201.97" meanTravelTime="271.81" meanSpeed="20.17" meanSpeedRelative="0.63" duration="6"/>
    <step time="26400.00" loaded="18395" inserted="16754" running="496" waiting="1641" ended="16258" arrived="16258" collisions="22" teleports="22" halting="4" stopped="0" meanWaitingTime="214.70" meanTravelTime="273.43" meanSpeed="19.03" meanSpeedRelative="0.59" duration="3"/>
    <step time="26700.00" loaded="18945" inserted="17197" running="509" waiting="1748" ended="16688" arrived="16688" collisions="23" teleports="23" halting="6" stopped="0" meanWaitingTime="228.86" meanTravelTime="274.87" meanSpeed="19.31" meanSpeedRelative="0.60" duration="3"/>
    <step time="27000.00" loaded="19515" inserted="17635" running="486" waiting="1880" ended="17149" arrived="17149" collisions="24" teleports="24" halting="7" stopped="0" meanWaitingTime="242.01" meanTravelTime="276.59" meanSpeed="19.70" meanSpeedRelative="0.62" duration="4"/>
    <step time="27300.00" loaded="20084" inserted="18090" running="495" waiting="1994" ended="17595" arrived="17595" collisions="25" teleports="25" halting="10" stopped="0" meanWaitingTime="254.65" meanTravelTime="277.91" meanSpeed="19.31" meanSpeedRelative="0.60" duration="4"/>
    <step time="27600.00" loaded="20690" inserted="18525" running="498" waiting="2165" ended="18027" arrived="18027" collisions="25" teleports="25" halting="4" stopped="0" meanWaitingTime="267.69" meanTravelTime="279.46" meanSpeed="19.17" meanSpeedRelative="0.60" duration="3"/>
    <step time="27900.00" loaded="21273" inserted="18962" running="494" waiting="2311" ended="18468" arrived="18468" collisions="26" teleports="26" halting="6" stopped="0" meanWaitingTime="281.70" meanTravelTime="281.03" meanSpeed="19.29" meanSpeedRelative="0.60" duration="5"/>
    <step time="28200.00" loaded="21846" inserted="19405" running="501" waiting="2441" ended="18904" arrived="18904" collisions="28" teleports="28" halting="4" stopped="0" meanWaitingTime="294.88" meanTravelTime="282.13" meanSpeed="18.97" meanSpeedRelative="0.59" duration="3"/>
    <step time="28500.00" loaded="22394" inserted="19817" running="474" waiting="2577" ended="19343" arrived="19343" collisions="29" teleports="29" halting="9" stopped="0" meanWaitingTime="308.69" meanTravelTime="283.89" meanSpeed="18.71" meanSpeedRelative="0.58" duration="3"/>
    <step time="28800.00" loaded="22951" inserted="20247" running="475" waiting="2704" ended="19772" arrived="19772" collisions="30" teleports="30" halting="4" stopped="0" meanWaitingTime="323.67" meanTravelTime="284.96" meanSpeed="18.97" meanSpeedRelative="0.59" duration="87"/>
    <step time="29100.00" loaded="23317" inserted="20629" running="437" waiting="2688" ended="20192" arrived="20192" collisions="31" teleports="31" halting="10" stopped="0" meanWaitingTime="338.09" meanTravelTime="285.92" meanSpeed="20.77" meanSpeedRelative="0.65" duration="3"/>
    <step time="29400.00" loaded="23686" inserted="21002" running="433" waiting="2684" ended="20569" arrived="20569" collisions="31" teleports="31" halting="6" stopped="0" meanWaitingTime="353.55" meanTravelTime="286.76" meanSpeed="20.87" meanSpeedRelative="0.65" duration="3"/>
    <step time="29700.00" loaded="24037" inserted="21383" running="427" waiting="2654" ended="20956" arrived="20956" collisions="31" teleports="31" halting="10" stopped="0" meanWaitingTime="368.82" meanTravelTime="287.99" meanSpeed="21.31" meanSpeedRelative="0.67" duration="3"/>
    <step time="30000.00" loaded="24398" inserted="21744" running="388" waiting="2654" ended="21356" arrived="21356" collisions="32" teleports="32" halting="6" stopped="0" meanWaitingTime="383.36" meanTravelTime="288.96" meanSpeed="20.96" meanSpeedRelative="0.66" duration="3"/>
    <step time="30300.00" loaded="24769" inserted="22138" running="406" waiting="2631" ended="21732" arrived="21732" collisions="32" teleports="32" halting="7" stopped="0" meanWaitingTime="397.98" meanTravelTime="289.67" meanSpeed="20.91" meanSpeedRelative="0.65" duration="3"/>
    <step time="30600.00" loaded="25100" inserted="22516" running="407" waiting="2584" ended="22109" arrived="22109" collisions="32" teleports="32" halting="10" stopped="0" meanWaitingTime="413.07" meanTravelTime="290.10" meanSpeed="20.95" meanSpeedRelative="0.65" duration="3"/>
    <step time="30900.00" loaded="25439" inserted="22918" running="408" waiting="2521" ended="22510" arrived="22510" collisions="33" teleports="33" halting="4" stopped="0" meanWaitingTime="427.97" meanTravelTime="290.52" meanSpeed="21.37" meanSpeedRelative="0.67" duration="3"/>
    <step time="31200.00" loaded="25805" inserted="23292" running="407" waiting="2513" ended="22885" arrived="22885" collisions="33" teleports="33" halting="4" stopped="0" meanWaitingTime="441.07" meanTravelTime="290.99" meanSpeed="21.21" meanSpeedRelative="0.66" duration="2"/>
    <step time="31500.00" loaded="26162" inserted="23671" running="400" waiting="2491" ended="23271" arrived="23271" collisions="34" teleports="34" halting="5" stopped="0" meanWaitingTime="454.24" meanTravelTime="291.35" meanSpeed="21.02" meanSpeedRelative="0.66" duration="3"/>
    <step time="31800.00" loaded="26527" inserted="24023" running="374" waiting="2504" ended="23649" arrived="23649" collisions="34" teleports="34" halting="9" stopped="0" meanWaitingTime="467.77" meanTravelTime="292.00" meanSpeed="21.55" meanSpeedRelative="0.67" duration="2"/>
    <step time="32100.00" loaded="26889" inserted="24380" running="354" waiting="2509" ended="24026" arrived="24026" collisions="34" teleports="34" halting="9" stopped="0" meanWaitingTime="480.58" meanTravelTime="292.24" meanSpeed="22.24" meanSpeedRelative="0.70" duration="2"/>
    <step time="32400.00" loaded="27234" inserted="24730" running="355" waiting="2504" ended="24375" arrived="24375" collisions="34" teleports="34" halting="1" stopped="0" meanWaitingTime="492.65" meanTravelTime="292.15" meanSpeed="21.95" meanSpeedRelative="0.69" duration="87"/>
    <step time="32700.00" loaded="27521" inserted="25036" running="291" waiting="2485" ended="24745" arrived="24745" collisions="35" teleports="35" halting="7" stopped="0" meanWaitingTime="506.40" meanTravelTime="292.34" meanSpeed="22.14" meanSpeedRelative="0.69" duration="2"/>
    <step time="33000.00" loaded="27782" inserted="25308" running="255" waiting="2474" ended="25053" arrived="25053" collisions="35" teleports="35" halting="3" stopped="0" meanWaitingTime="520.01" meanTravelTime="292.43" meanSpeed="22.66" meanSpeedRelative="0.71" duration="2"/>
    <step time="33300.00" loaded="28033" inserted="25571" running="258" waiting="2462" ended="25313" arrived="25313" collisions="35" teleports="35" halting="8" stopped="0" meanWaitingTime="533.41" meanTravelTime="292.56" meanSpeed="21.98" meanSpeedRelative="0.69" duration="2"/>
    <step time="33600.00" loaded="28283" inserted="25824" running="228" waiting="2459" ended="25596" arrived="25596" collisions="36" teleports="36" halting="1" stopped="0" meanWaitingTime="547.45" meanTravelTime="292.56" meanSpeed="22.50" meanSpeedRelative="0.70" duration="2"/>
    <step time="33900.00" loaded="28513" inserted="26096" running="223" waiting="2417" ended="25873" arrived="25873" collisions="37" teleports="37" halting="1" stopped="0" meanWaitingTime="562.83" meanTravelTime="292.31" meanSpeed="23.11" meanSpeedRelative="0.72" duration="2"/>
    <step time="34200.00" loaded="28765" inserted="26380" running="264" waiting="2385" ended="26116" arrived="26116" collisions="37" teleports="37" halting="4" stopped="0" meanWaitingTime="579.14" meanTravelTime="291.87" meanSpeed="22.57" meanSpeedRelative="0.71" duration="2"/>
    <step time="34500.00" loaded="29036" inserted="26651" running="246" waiting="2385" ended="26405" arrived="26405" collisions="37" teleports="37" halting="5" stopped="0" meanWaitingTime="594.28" meanTravelTime="291.68" meanSpeed="22.64" meanSpeedRelative="0.71" duration="2"/>
    <step time="34800.00" loaded="29286" inserted="26913" running="236" waiting="2373" ended="26677" arrived="26677" collisions="38" teleports="38" halting="4" stopped="0" meanWaitingTime="608.67" meanTravelTime="291.43" meanSpeed="22.25" meanSpeedRelative="0.70" duration="1"/>
    <step time="35100.00" loaded="29543" inserted="27188" running="240" waiting="2355" ended="26948" arrived="26948" collisions="39" teleports="39" halting="7" stopped="0" meanWaitingTime="624.19" meanTravelTime="291.16" meanSpeed="22.53" meanSpeedRelative="0.70" duration="2"/>
    <step time="35400.00" loaded="29796" inserted="27454" running="260" waiting="2342" ended="27194" arrived="27194" collisions="39" teleports="39" halting="2" stopped="0" meanWaitingTime="638.49" meanTravelTime="290.93" meanSpeed="23.10" meanSpeedRelative="0.72" duration="2"/>
    <step time="35700.00" loaded="30050" inserted="27723" running="248" waiting="2327" ended="27475" arrived="27475" collisions="39" teleports="39" halting="3" stopped="0" meanWaitingTime="652.48" meanTravelTime="290.91" meanSpeed="23.26" meanSpeedRelative="0.73" duration="2"/>
    <step time="36000.00" loaded="30284" inserted="27976" running="234" waiting="2308" ended="27742" arrived="27742" collisions="39" teleports="39" halting="8" stopped="0" meanWaitingTime="666.99" meanTravelTime="290.74" meanSpeed="22.20" meanSpeedRelative="0.69" duration="83"/>
    <step time="36300.00" loaded="30744" inserted="28384" running="336" waiting="2360" ended="28048" arrived="28048" collisions="39" teleports="39" halting="2" stopped="0" meanWaitingTime="679.92" meanTravelTime="290.48" meanSpeed="22.36" meanSpeedRelative="0.70" duration="2"/>
    <step time="36600.00" loaded="31225" inserted="28798" running="379" waiting="2427" ended="28419" arrived="28419" collisions="40" teleports="40" halting="6" stopped="0" meanWaitingTime="692.55" meanTravelTime="290.12" meanSpeed="21.65" meanSpeedRelative="0.68" duration="3"/>
    <step time="36900.00" loaded="31694" inserted="29193" running="401" waiting="2501" ended="28792" arrived="28792" collisions="40" teleports="40" halting="7" stopped="0" meanWaitingTime="705.57" meanTravelTime="289.91" meanSpeed="21.89" meanSpeedRelative="0.68" duration="3"/>
    <step time="37200.00" loaded="32139" inserted="29616" running="443" waiting="2523" ended="29173" arrived="29173" collisions="42" teleports="42" halting="4" stopped="0" meanWaitingTime="718.52" meanTravelTime="289.96" meanSpeed="21.09" meanSpeedRelative="0.66" duration="4"/>
    <step time="37500.00" loaded="32586" inserted="29997" running="405" waiting="2589" ended="29592" arrived="29592" collisions="42" teleports="42" halting="9" stopped="0" meanWaitingTime="730.62" meanTravelTime="290.40" meanSpeed="20.96" meanSpeedRelative="0.66" duration="4"/>
    <step time="37800.00" loaded="33063" inserted="30419" running="447" waiting="2644" ended="29972" arrived="29972" collisions="42" teleports="42" halting="6" stopped="0" meanWaitingTime="740.94" meanTravelTime="290.76" meanSpeed="20.11" meanSpeedRelative="0.63" duration="3"/>
    <step time="38100.00" loaded="33598" inserted="30842" running="441" waiting="2756" ended="30401" arrived="30401" collisions="44" teleports="44" halting="2" stopped="0" meanWaitingTime="753.36" meanTravelTime="291.06" meanSpeed="20.90" meanSpeedRelative="0.65" duration="4"/>
    <step time="38400.00" loaded="34053" inserted="31258" running="457" waiting="2795" ended="30801" arrived="30801" collisions="45" teleports="45" halting="6" stopped="0" meanWaitingTime="767.88" meanTravelTime="291.37" meanSpeed="20.46" meanSpeedRelative="0.64" duration="4"/>
    <step time="38700.00" loaded="34549" inserted="31667" running="424" waiting="2882" ended="31243" arrived="31243" collisions="46" teleports="46" halting="9" stopped="0" meanWaitingTime="779.77" meanTravelTime="291.91" meanSpeed="20.44" meanSpeedRelative="0.64" duration="3"/>
    <step time="39000.00" loaded="35006" inserted="32044" running="418" waiting="2962" ended="31626" arrived="31626" collisions="48" teleports="48" halting="5" stopped="0" meanWaitingTime="790.85" meanTravelTime="292.31" meanSpeed="20.94" meanSpeedRelative="0.65" duration="4"/>
    <step time="39300.00" loaded="35478" inserted="32426" running="406" waiting="3052" ended="32020" arrived="32020" collisions="49" teleports="49" halting="8" stopped="0" meanWaitingTime="803.60" meanTravelTime="292.65" meanSpeed="20.50" meanSpeedRelative="0.64" duration="4"/>
    <step time="39600.00" loaded="35978" inserted="32870" running="460" waiting="3108" ended="32410" arrived="32410" collisions="49" teleports="49" halting="7" stopped="0" meanWaitingTime="817.42" meanTravelTime="292.93" meanSpeed="19.88" meanSpeedRelative="0.62" duration="89"/>
    <step time="39900.00" loaded="36532" inserted="33328" running="494" waiting="3204" ended="32834" arrived="32834" collisions="50" teleports="50" halting="4" stopped="0" meanWaitingTime="828.72" meanTravelTime="292.99" meanSpeed="20.72" meanSpeedRelative="0.65" duration="3"/>
    <step time="40200.00" loaded="37048" inserted="33764" running="482" waiting="3284" ended="33282" arrived="33282" collisions="50" teleports="50" halting="6" stopped="0" meanWaitingTime="839.63" meanTravelTime="293.36" meanSpeed="19.90" meanSpeedRelative="0.62" duration="6"/>
    <step time="40500.00" loaded="37557" inserted="34199" running="473" waiting="3358" ended="33726" arrived="33726" collisions="50" teleports="50" halting="5" stopped="0" meanWaitingTime="852.43" meanTravelTime="293.85" meanSpeed="20.03" meanSpeedRelative="0.63" duration="4"/>
    <step time="40800.00" loaded="38035" inserted="34582" running="451" waiting="3453" ended="34131" arrived="34131" collisions="50" teleports="50" halting="4" stopped="0" meanWaitingTime="863.94" meanTravelTime="294.34" meanSpeed="21.07" meanSpeedRelative="0.66" duration="3"/>
    <step time="41100.00" loaded="38533" inserted="35031" running="459" waiting="3502" ended="34572" arrived="34572" collisions="52" teleports="52" halting="10" stopped="0" meanWaitingTime="875.20" meanTravelTime="294.76" meanSpeed="20.00" meanSpeedRelative="0.62" duration="3"/>
    <step time="41400.00" loaded="38997" inserted="35457" running="481" waiting="3540" ended="34976" arrived="34976" collisions="53" teleports="53" halting="6" stopped="0" meanWaitingTime="886.59" meanTravelTime="295.16" meanSpeed="20.43" meanSpeedRelative="0.64" duration="5"/>
    <step time="41700.00" loaded="39489" inserted="35862" running="460" waiting="3627" ended="35402" arrived="35402" collisions="54" teleports="54" halting="10" stopped="0" meanWaitingTime="898.63" meanTravelTime="295.62" meanSpeed="20.64" meanSpeedRelative="0.65" duration="3"/>
    <step time="42000.00" loaded="39996" inserted="36303" running="474" waiting="3693" ended="35829" arrived="35829" collisions="54" teleports="54" halting="2" stopped="0" meanWaitingTime="910.74" meanTravelTime="296.11" meanSpeed="20.49" meanSpeedRelative="0.64" duration="4"/>
    <step time="42300.00" loaded="40491" inserted="36732" running="459" waiting="3759" ended="36273" arrived="36273" collisions="55" teleports="55" halting="7" stopped="0" meanWaitingTime="922.13" meanTravelTime="296.38" meanSpeed="20.56" meanSpeedRelative="0.64" duration="4"/>
    <step time="42600.00" loaded="40988" inserted="37170" running="469" waiting="3818" ended="36701" arrived="36701" collisions="57" teleports="57" halting="6" stopped="0" meanWaitingTime="933.60" meanTravelTime="296.71" meanSpeed="20.51" meanSpeedRelative="0.64" duration="5"/>
    <step time="42900.00" loaded="41479" inserted="37642" running="534" waiting="3837" ended="37108" arrived="37108" collisions="59" teleports="59" halting="3" stopped="0" meanWaitingTime="948.54" meanTravelTime="296.91" meanSpeed="20.41" meanSpeedRelative="0.64" duration="4"/>
    <step time="43200.00" loaded="42002" inserted="38090" running="528" waiting="3912" ended="37562" arrived="37562" collisions="59" teleports="59" halting="10" stopped="0" meanWaitingTime="960.55" meanTravelTime="297.33" meanSpeed="19.31" meanSpeedRelative="0.60" duration="90"/>
    <step time="43500.00" loaded="42560" inserted="38574" running="558" waiting="3986" ended="38016" arrived="38016" collisions="62" teleports="62" halting="6" stopped="0" meanWaitingTime="970.89" meanTravelTime="297.89" meanSpeed="18.82" meanSpeedRelative="0.59" duration="4"/>
    <step time="43800.00" loaded="43067" inserted="39030" running="576" waiting="4037" ended="38454" arrived="38454" collisions="63" teleports="63" halting="6" stopped="0" meanWaitingTime="980.02" meanTravelTime="298.54" meanSpeed="19.40" meanSpeedRelative="0.61" duration="4"/>
    <step time="44100.00" loaded="43575" inserted="39453" running="524" waiting="4122" ended="38929" arrived="38929" collisions="64" teleports="64" halting="10" stopped="0" meanWaitingTime="990.37" meanTravelTime="299.49" meanSpeed="19.48" meanSpeedRelative="0.61" duration="4"/>
    <step time="44400.00" loaded="44133" inserted="39910" running="537" waiting="4223" ended="39373" arrived="39373" collisions="64" teleports="64" halting="5" stopped="0" meanWaitingTime="1001.10" meanTravelTime="300.15" meanSpeed="19.73" meanSpeedRelative="0.62" duration="6"/>
    <step time="44700.00" loaded="44681" inserted="40341" running="534" waiting="4340" ended="39807" arrived="39807" collisions="65" teleports="65" halting="4" stopped="0" meanWaitingTime="1009.16" meanTravelTime="300.76" meanSpeed="20.08" meanSpeedRelative="0.63" duration="5"/>
    <step time="45000.00" loaded="45213" inserted="40787" running="533" waiting="4426" ended="40254" arrived="40254" collisions="65" teleports="65" halting="3" stopped="0" meanWaitingTime="1021.23" meanTravelTime="301.48" meanSpeed="19.50" meanSpeedRelative="0.61" duration="5"/>
    <step time="45300.00" loaded="45735" inserted="41234" running="535" waiting="4501" ended="40699" arrived="40699" collisions="65" teleports="65" halting="8" stopped="0" meanWaitingTime="1034.41" meanTravelTime="302.22" meanSpeed="18.68" meanSpeedRelative="0.58" duration="5"/>
    <step time="45600.00" loaded="46248" inserted="41682" running="530" waiting="4566" ended="41152" arrived="41152" collisions="67" teleports="67" halting="5" stopped="0" meanWaitingTime="1043.73" meanTravelTime="302.79" meanSpeed="19.45" meanSpeedRelative="0.61" duration="3"/>
    <step time="45900.00" loaded="46789" inserted="42107" running="502" waiting="4682" ended="41605" arrived="41605" collisions="67" teleports="67" halting="3" stopped="0" meanWaitingTime="1051.71" meanTravelTime="303.34" meanSpeed="19.92" meanSpeedRelative="0.62" duration="5"/>
    <step time="46200.00" loaded="47335" inserted="42564" running="508" waiting="4771" ended="42056" arrived="42056" collisions="68" teleports="68" halting="1" stopped="0" meanWaitingTime="1059.42" meanTravelTime="303.88" meanSpeed="19.60" meanSpeedRelative="0.61" duration="3"/>
    <step time="46500.00" loaded="47862" inserted="43019" running="521" waiting="4843" ended="42498" arrived="42498" collisions="68" teleports="68" halting="4" stopped="0" meanWaitingTime="1069.17" meanTravelTime="304.20" meanSpeed="19.26" meanSpeedRelative="0.60" duration="6"/>
    <step time="46800.00" loaded="48453" inserted="43498" running="554" waiting="4955" ended="42944" arrived="42944" collisions="68" teleports="68" halting="6" stopped="0" meanWaitingTime="1078.15" meanTravelTime="304.62" meanSpeed="18.90" meanSpeedRelative="0.59" duration="97"/>
    <step time="47100.00" loaded="48977" inserted="43973" running="571" waiting="5004" ended="43402" arrived="43402" collisions="69" teleports="69" halting="5" stopped="0" meanWaitingTime="1089.47" meanTravelTime="305.14" meanSpeed="18.78" meanSpeedRelative="0.59" duration="5"/>
    <step time="47400.00" loaded="49457" inserted="44425" running="569" waiting="5032" ended="43856" arrived="43856" collisions="70" teleports="70" halting="5" stopped="0" meanWaitingTime="1101.82" meanTravelTime="305.78" meanSpeed="18.77" meanSpeedRelative="0.59" duration="6"/>
    <step time="47700.00" loaded="49989" inserted="44901" running="584" waiting="5088" ended="44317" arrived="44317" collisions="71" teleports="71" halting="2" stopped="0" meanWaitingTime="1114.25" meanTravelTime="306.36" meanSpeed="18.59" meanSpeedRelative="0.58" duration="4"/>
    <step time="48000.00" loaded="50504" inserted="45360" running="563" waiting="5144" ended="44797" arrived="44797" collisions="71" teleports="71" halting="3" stopped="0" meanWaitingTime="1128.12" meanTravelTime="307.15" meanSpeed="18.80" meanSpeedRelative="0.59" duration="7"/>
    <step time="48300.00" loaded="51018" inserted="45808" running="553" waiting="5210" ended="45255" arrived="45255" collisions="72" teleports="72" halting="6" stopped="0" meanWaitingTime="1141.37" meanTravelTime="307.60" meanSpeed="19.15" meanSpeedRelative="0.60" duration="4"/>
    <step time="48600.00" loaded="51599" inserted="46300" running="591" waiting="5299" ended="45709" arrived="45709" collisions="74" teleports="74" halting="1" stopped="0" meanWaitingTime="1153.49" meanTravelTime="308.18" meanSpeed="19.40" meanSpeedRelative="0.61" duration="8"/>
    <step time="48900.00" loaded="52133" inserted="46758" running="581" waiting="5375" ended="46177" arrived="46177" collisions="74" teleports="74" halting="1" stopped="0" meanWaitingTime="1166.83" meanTravelTime="308.97" meanSpeed="18.88" meanSpeedRelative="0.59" duration="4"/>
    <step time="49200.00" loaded="52676" inserted="47231" running="593" waiting="5445" ended="46638" arrived="46638" collisions="76" teleports="76" halting="5" stopped="0" meanWaitingTime="1179.57" meanTravelTime="309.43" meanSpeed="18.61" meanSpeedRelative="0.58" duration="6"/>
    <step time="49500.00" loaded="53199" inserted="47660" running="555" waiting="5539" ended="47105" arrived="47105" collisions="79" teleports="79" halting="5" stopped="0" meanWaitingTime="1192.85" meanTravelTime="310.41" meanSpeed="18.94" meanSpeedRelative="0.59" duration="5"/>
    <step time="49800.00" loaded="53696" inserted="48096" running="579" waiting="5600" ended="47517" arrived="47517" collisions="84" teleports="84" halting="9" stopped="0" meanWaitingTime="1204.44" meanTravelTime="311.09" meanSpeed="18.45" meanSpeedRelative="0.58" duration="6"/>
    <step time="50100.00" loaded="54200" inserted="48547" running="586" waiting="5653" ended="47961" arrived="47961" collisions="86" teleports="86" halting="6" stopped="0" meanWaitingTime="1216.84" meanTravelTime="311.89" meanSpeed="18.22" meanSpeedRelative="0.57" duration="5"/>
    <step time="50400.00" loaded="54718" inserted="49005" running="568" waiting="5713" ended="48437" arrived="48437" collisions="89" teleports="89" halting="4" stopped="0" meanWaitingTime="1231.14" meanTravelTime="312.53" meanSpeed="18.99" meanSpeedRelative="0.59" duration="98"/>
    <step time="50700.00" loaded="55472" inserted="49547" running="670" waiting="5925" ended="48877" arrived="48877" collisions="90" teleports="90" halting="6" stopped="0" meanWaitingTime="1244.21" meanTravelTime="312.93" meanSpeed="16.75" meanSpeedRelative="0.52" duration="9"/>
    <step time="51000.00" loaded="56156" inserted="50116" running="739" waiting="6040" ended="49377" arrived="49377" collisions="91" teleports="91" halting="3" stopped="0" meanWaitingTime="1259.86" meanTravelTime="313.71" meanSpeed="16.84" meanSpeedRelative="0.53" duration="10"/>
    <step time="51300.00" loaded="56866" inserted="50655" running="781" waiting="6211" ended="49874" arrived="49874" collisions="95" teleports="95" halting="6" stopped="0" meanWaitingTime="1273.76" meanTravelTime="314.34" meanSpeed="16.10" meanSpeedRelative="0.50" duration="7"/>
    <step time="51600.00" loaded="57539" inserted="51144" running="728" waiting="6395" ended="50416" arrived="50416" collisions="97" teleports="97" halting="4" stopped="0" meanWaitingTime="1283.86" meanTravelTime="315.77" meanSpeed="15.60" meanSpeedRelative="0.49" duration="8"/>
    <step time="51900.00" loaded="58240" inserted="51656" running="739" waiting="6584" ended="50917" arrived="50917" collisions="98" teleports="98" halting="5" stopped="0" meanWaitingTime="1295.13" meanTravelTime="316.93" meanSpeed="16.77" meanSpeedRelative="0.52" duration="9"/>
    <step time="52200.00" loaded="58953" inserted="52178" running="747" waiting="6775" ended="51431" arrived="51431" collisions="102" teleports="102" halting="7" stopped="0" meanWaitingTime="1308.90" meanTravelTime="317.95" meanSpeed="16.27" meanSpeedRelative="0.51" duration="8"/>
    <step time="52500.00" loaded="59696" inserted="52713" running="781" waiting="6983" ended="51932" arrived="51932" collisions="105" teleports="105" halting="7" stopped="0" meanWaitingTime="1321.91" meanTravelTime="319.20" meanSpeed="15.42" meanSpeedRelative="0.48" duration="9"/>
    <step time="52800.00" loaded="60428" inserted="53247" running="775" waiting="7181" ended="52472" arrived="52472" collisions="107" teleports="107" halting="4" stopped="0" meanWaitingTime="1334.52" meanTravelTime="320.46" meanSpeed="15.49" meanSpeedRelative="0.48" duration="7"/>
    <step time="53100.00" loaded="61145" inserted="53764" running="764" waiting="7381" ended="53000" arrived="53000" collisions="109" teleports="109" halting="4" stopped="0" meanWaitingTime="1347.35" meanTravelTime="321.64" meanSpeed="15.06" meanSpeedRelative="0.47" duration="8"/>
    <step time="53400.00" loaded="61853" inserted="54296" running="814" waiting="7557" ended="53482" arrived="53482" collisions="111" teleports="111" halting="13" stopped="0" meanWaitingTime="1361.46" meanTravelTime="322.90" meanSpeed="14.09" meanSpeedRelative="0.44" duration="11"/>
    <step time="53700.00" loaded="62600" inserted="54852" running="858" waiting="7748" ended="53994" arrived="53994" collisions="114" teleports="114" halting="4" stopped="0" meanWaitingTime="1372.92" meanTravelTime="324.02" meanSpeed="14.06" meanSpeedRelative="0.44" duration="7"/>
    <step time="54000.00" loaded="63290" inserted="55372" running="848" waiting="7918" ended="54524" arrived="54524" collisions="114" teleports="114" halting="9" stopped="0" meanWaitingTime="1386.70" meanTravelTime="325.51" meanSpeed="14.05" meanSpeedRelative="0.44" duration="95"/>
    <step time="54300.00" loaded="63754" inserted="55817" running="778" waiting="7937" ended="55039" arrived="55039" collisions="114" teleports="114" halting="3" stopped="0" meanWaitingTime="1399.91" meanTravelTime="326.97" meanSpeed="14.74" meanSpeedRelative="0.46" duration="10"/>
    <step time="54600.00" loaded="64232" inserted="56270" running="736" waiting="7962" ended="55534" arrived="55534" collisions="118" teleports="118" halting="7" stopped="0" meanWaitingTime="1415.12" meanTravelTime="328.60" meanSpeed="14.49" meanSpeedRelative="0.45" duration="9"/>
    <step time="54900.00" loaded="64697" inserted="56684" running="674" waiting="8013" ended="56010" arrived="56010" collisions="121" teleports="121" halting="6" stopped="0" meanWaitingTime="1428.91" meanTravelTime="329.94" meanSpeed="17.11" meanSpeedRelative="0.53" duration="7"/>
    <step time="55200.00" loaded="65160" inserted="57114" running="623" waiting="8046" ended="56491" arrived="56491" collisions="125" teleports="125" halting="6" stopped="0" meanWaitingTime="1446.44" meanTravelTime="330.97" meanSpeed="17.61" meanSpeedRelative="0.55" duration="8"/>
    <step time="55500.00" loaded="65602" inserted="57562" running="593" waiting="8040" ended="56969" arrived="56969" collisions="127" teleports="127" halting="3" stopped="0" meanWaitingTime="1463.78" meanTravelTime="331.74" meanSpeed="17.78" meanSpeedRelative="0.56" duration="5"/>
    <step time="55800.00" loaded="66030" inserted="57992" running="593" waiting="8038" ended="57399" arrived="57399" collisions="128" teleports="128" halting="9" stopped="0" meanWaitingTime="1479.02" meanTravelTime="332.49" meanSpeed="17.76" meanSpeedRelative="0.56" duration="9"/>
    <step time="56100.00" loaded="66488" inserted="58441" running="586" waiting="8047" ended="57855" arrived="57855" collisions="128" teleports="128" halting="4" stopped="0" meanWaitingTime="1495.70" meanTravelTime="332.94" meanSpeed="18.02" meanSpeedRelative="0.56" duration="8"/>
    <step time="56400.00" loaded="66918" inserted="58868" running="540" waiting="8050" ended="58328" arrived="58328" collisions="131" teleports="131" halting="3" stopped="0" meanWaitingTime="1514.09" meanTravelTime="333.66" meanSpeed="19.29" meanSpeedRelative="0.60" duration="9"/>
    <step time="56700.00" loaded="67364" inserted="59332" running="553" waiting="8032" ended="58779" arrived="58779" collisions="133" teleports="133" halting="4" stopped="0" meanWaitingTime="1531.04" meanTravelTime="334.07" meanSpeed="18.68" meanSpeedRelative="0.58" duration="6"/>
    <step time="57000.00" loaded="67774" inserted="59766" running="563" waiting="8008" ended="59203" arrived="59203" collisions="134" teleports="134" halting="6" stopped="0" meanWaitingTime="1547.26" meanTravelTime="334.31" meanSpeed="17.42" meanSpeedRelative="0.54" duration="8"/>
    <step time="57300.00" loaded="68242" inserted="60233" running="567" waiting="8009" ended="59666" arrived="59666" collisions="136" teleports="136" halting="4" stopped="0" meanWaitingTime="1564.82" meanTravelTime="334.60" meanSpeed="18.36" meanSpeedRelative="0.57" duration="6"/>
    <step time="57600.00" loaded="68697" inserted="60698" running="604" waiting="7999" ended="60094" arrived="60094" collisions="138" teleports="138" halting="7" stopped="0" meanWaitingTime="1581.59" meanTravelTime="334.93" meanSpeed="18.31" meanSpeedRelative="0.57" duration="90"/>
    <step time="57900.00" loaded="69261" inserted="61181" running="626" waiting="8080" ended="60555" arrived="60555" collisions="138" teleports="138" halting="9" stopped="0" meanWaitingTime="1596.30" meanTravelTime="335.26" meanSpeed="17.85" meanSpeedRelative="0.56" duration="8"/>
    <step time="58200.00" loaded="69817" inserted="61657" running="641" waiting="8160" ended="61016" arrived="61016" collisions="139" teleports="139" halting="10" stopped="0" meanWaitingTime="1611.59" meanTravelTime="335.77" meanSpeed="17.47" meanSpeedRelative="0.55" duration="8"/>
    <step time="58500.00" loaded="70375" inserted="62126" running="650" waiting="8249" ended="61476" arrived="61476" collisions="142" teleports="142" halting="12" stopped="0" meanWaitingTime="1627.33" meanTravelTime="336.20" meanSpeed="17.19" meanSpeedRelative="0.54" duration="10"/>
    <step time="58800.00" loaded="70969" inserted="62645" running="684" waiting="8324" ended="61961" arrived="61961" collisions="144" teleports="144" halting="4" stopped="0" meanWaitingTime="1642.24" meanTravelTime="336.69" meanSpeed="16.87" meanSpeedRelative="0.53" duration="9"/>
    <step time="59100.00" loaded="71538" inserted="63132" running="702" waiting="8406" ended="62430" arrived="62430" collisions="148" teleports="148" halting="11" stopped="0" meanWaitingTime="1658.82" meanTravelTime="337.21" meanSpeed="16.84" meanSpeedRelative="0.53" duration="11"/>
    <step time="59400.00" loaded="72099" inserted="63602" running="677" waiting="8497" ended="62925" arrived="62925" collisions="150" teleports="150" halting="6" stopped="0" meanWaitingTime="1675.71" meanTravelTime="337.72" meanSpeed="17.09" meanSpeedRelative="0.53" duration="7"/>
    <step time="59700.00" loaded="72662" inserted="64089" running="675" waiting="8573" ended="63414" arrived="63414" collisions="151" teleports="151" halting="3" stopped="0" meanWaitingTime="1690.08" meanTravelTime="338.66" meanSpeed="16.89" meanSpeedRelative="0.53" duration="8"/>
    <step time="60000.00" loaded="73226" inserted="64573" running="668" waiting="8653" ended="63905" arrived="63905" collisions="152" teleports="152" halting="2" stopped="0" meanWaitingTime="1704.30" meanTravelTime="339.38" meanSpeed="17.22" meanSpeedRelative="0.54" duration="11"/>
    <step time="60300.00" loaded="73802" inserted="65063" running="652" waiting="8739" ended="64411" arrived="64411" collisions="155" teleports="155" halting="4" stopped="0" meanWaitingTime="1719.15" meanTravelTime="339.89" meanSpeed="17.22" meanSpeedRelative="0.54" duration="9"/>
    <step time="60600.00" loaded="74376" inserted="65556" running="663" waiting="8820" ended="64893" arrived="64893" collisions="155" teleports="155" halting="7" stopped="0" meanWaitingTime="1733.04" meanTravelTime="340.29" meanSpeed="17.18" meanSpeedRelative="0.54" duration="8"/>
    <step time="60900.00" loaded="74973" inserted="66062" running="681" waiting="8911" ended="65381" arrived="65381" collisions="156" teleports="156" halting="9" stopped="0" meanWaitingTime="1747.61" meanTravelTime="340.88" meanSpeed="16.28" meanSpeedRelative="0.51" duration="7"/>
    <step time="61200.00" loaded="75528" inserted="66575" running="712" waiting="8953" ended="65863" arrived="65863" collisions="157" teleports="157" halting="9" stopped="0" meanWaitingTime="1764.01" meanTravelTime="341.18" meanSpeed="16.80" meanSpeedRelative="0.52" duration="92"/>
    <step time="61500.00" loaded="75592" inserted="66909" running="571" waiting="8683" ended="66338" arrived="66338" collisions="158" teleports="158" halting="1" stopped="0" meanWaitingTime="1784.89" meanTravelTime="342.10" meanSpeed="18.18" meanSpeedRelative="0.57" duration="8"/>
    <step time="61800.00" loaded="75660" inserted="67248" running="502" waiting="8412" ended="66746" arrived="66746" collisions="158" teleports="158" halting="5" stopped="0" meanWaitingTime="1807.34" meanTravelTime="342.97" meanSpeed="18.30" meanSpeedRelative="0.57" duration="8"/>
    <step time="62100.00" loaded="75734" inserted="67584" running="455" waiting="8150" ended="67129" arrived="67129" collisions="160" teleports="160" halting="2" stopped="0" meanWaitingTime="1828.64" meanTravelTime="343.49" meanSpeed="19.54" meanSpeedRelative="0.61" duration="7"/>
    <step time="62400.00" loaded="75806" inserted="67896" running="417" waiting="7910" ended="67479" arrived="67479" collisions="161" teleports="161" halting="8" stopped="0" meanWaitingTime="1849.52" meanTravelTime="343.95" meanSpeed="19.35" meanSpeedRelative="0.60" duration="8"/>
    <step time="62700.00" loaded="75869" inserted="68185" running="348" waiting="7684" ended="67837" arrived="67837" collisions="162" teleports="162" halting="5" stopped="0" meanWaitingTime="1874.27" meanTravelTime="344.10" meanSpeed="19.73" meanSpeedRelative="0.62" duration="4"/>
    <step time="63000.00" loaded="75944" inserted="68480" running="313" waiting="7464" ended="68167" arrived="68167" collisions="162" teleports="162" halting="2" stopped="0" meanWaitingTime="1898.68" meanTravelTime="344.20" meanSpeed="19.23" meanSpeedRelative="0.60" duration="5"/>
    <step time="63300.00" loaded="76006" inserted="68699" running="274" waiting="7307" ended="68425" arrived="68425" collisions="162" teleports="162" halting="3" stopped="0" meanWaitingTime="1918.10" meanTravelTime="344.28" meanSpeed="21.23" meanSpeedRelative="0.66" duration="4"/>
    <step time="63600.00" loaded="76080" inserted="68936" running="249" waiting="7144" ended="68687" arrived="68687" collisions="162" teleports="162" halting="4" stopped="0" meanWaitingTime="1940.08" meanTravelTime="344.28" meanSpeed="21.87" meanSpeedRelative="0.68" duration="2"/>
    <step time="63900.00" loaded="76149" inserted="69162" running="228" waiting="6987" ended="68934" arrived="68934" collisions="162" teleports="162" halting="1" stopped="0" meanWaitingTime="1962.00" meanTravelTime="344.20" meanSpeed="22.37" meanSpeedRelative="0.70" duration="3"/>
    <step time="64200.00" loaded="76227" inserted="69372" running="229" waiting="6855" ended="69143" arrived="69143" collisions="162" teleports="162" halting="3" stopped="0" meanWaitingTime="1977.17" meanTravelTime="344.15" meanSpeed="22.20" meanSpeedRelative="0.69" duration="3"/>
    <step time="64500.00" loaded="76289" inserted="69579" running="222" waiting="6710" ended="69357" arrived="69357" collisions="162" teleports="162" halting="5" stopped="0" meanWaitingTime="1994.70" meanTravelTime="344.09" meanSpeed="22.10" meanSpeedRelative="0.69" duration="3"/>
    <step time="64800.00" loaded="76347" inserted="69817" running="231" waiting="6530" ended="69586" arrived="69586" collisions="162" teleports="162" halting="5" stopped="0" meanWaitingTime="2016.73" meanTravelTime="343.98" meanSpeed="22.07" meanSpeedRelative="0.69" duration="94"/>
    <step time="65100.00" loaded="76407" inserted="70027" running="209" waiting="6380" ended="69818" arrived="69818" collisions="162" teleports="162" halting="1" stopped="0" meanWaitingTime="2035.46" meanTravelTime="343.87" meanSpeed="21.66" meanSpeedRelative="0.68" duration="3"/>
    <step time="65400.00" loaded="76463" inserted="70218" running="209" waiting="6245" ended="70009" arrived="70009" collisions="162" teleports="162" halting="5" stopped="0" meanWaitingTime="2051.52" meanTravelTime="343.80" meanSpeed="21.06" meanSpeedRelative="0.66" duration="2"/>
    <step time="65700.00" loaded="76509" inserted="70412" running="211" waiting="6097" ended="70201" arrived="70201" collisions="162" teleports="162" halting="7" stopped="0" meanWaitingTime="2067.54" meanTravelTime="343.74" meanSpeed="21.55" meanSpeedRelative="0.67" duration="3"/>
    <step time="66000.00" loaded="76560" inserted="70598" running="187" waiting="5962" ended="70411" arrived="70411" collisions="162" teleports="162" halting="5" stopped="0" meanWaitingTime="2082.30" meanTravelTime="343.61" meanSpeed="22.33" meanSpeedRelative="0.70" duration="5"/>
    <step time="66300.00" loaded="76608" inserted="70739" running="145" waiting="5869" ended="70594" arrived="70594" collisions="162" teleports="162" halting="5" stopped="0" meanWaitingTime="2099.04" meanTravelTime="343.51" meanSpeed="20.79" meanSpeedRelative="0.65" duration="2"/>
    <step time="66600.00" loaded="76664" inserted="70888" running="120" waiting="5776" ended="70768" arrived="70768" collisions="162" teleports="162" halting="3" stopped="0" meanWaitingTime="2116.00" meanTravelTime="343.37" meanSpeed="20.93" meanSpeedRelative="0.65" duration="2"/>
    <step time="66900.00" loaded="76707" inserted="71035" running="115" waiting="5672" ended="70920" arrived="70920" collisions="162" teleports="162" halting="2" stopped="0" meanWaitingTime="2135.37" meanTravelTime="343.23" meanSpeed="20.21" meanSpeedRelative="0.63" duration="2"/>
    <step time="67200.00" loaded="76747" inserted="71180" running="114" waiting="5567" ended="71066" arrived="71066" collisions="162" teleports="162" halting="2" stopped="0" meanWaitingTime="2153.74" meanTravelTime="342.99" meanSpeed="21.50" meanSpeedRelative="0.67" duration="1"/>
    <step time="67500.00" loaded="76807" inserted="71339" running="125" waiting="5468" ended="71214" arrived="71214" collisions="162" teleports="162" halting="4" stopped="0" meanWaitingTime="2172.65" meanTravelTime="342.74" meanSpeed="21.30" meanSpeedRelative="0.67" duration="3"/>
    <step time="67800.00" loaded="76859" inserted="71481" running="122" waiting="5378" ended="71359" arrived="71359" collisions="162" teleports="162" halting="3" stopped="0" meanWaitingTime="2190.19" meanTravelTime="342.54" meanSpeed="21.57" meanSpeedRelative="0.67" duration="2"/>
    <step time="68100.00" loaded="76914" inserted="71616" running="119" waiting="5298" ended="71497" arrived="71497" collisions="162" teleports="162" halting="6" stopped="0" meanWaitingTime="2205.42" meanTravelTime="342.39" meanSpeed="20.17" meanSpeedRelative="0.63" duration="2"/>
    <step time="68400.00" loaded="76972" inserted="71762" running="120" waiting="5210" ended="71642" arrived="71642" collisions="162" teleports="162" halting="4" stopped="0" meanWaitingTime="2223.50" meanTravelTime="342.22" meanSpeed="22.25" meanSpeedRelative="0.70" duration="96"/>
    <step time="68700.00" loaded="77143" inserted="71985" running="168" waiting="5158" ended="71817" arrived="71817" collisions="162" teleports="162" halting="5" stopped="0" meanWaitingTime="2236.46" meanTravelTime="341.95" meanSpeed="22.21" meanSpeedRelative="0.69" duration="2"/>
    <step time="69000.00" loaded="77307" inserted="72203" running="177" waiting="5104" ended="72026" arrived="72026" collisions="162" teleports="162" halting="3" stopped="0" meanWaitingTime="2251.66" meanTravelTime="341.61" meanSpeed="21.22" meanSpeedRelative="0.66" duration="2"/>
    <step time="69300.00" loaded="77493" inserted="72436" running="211" waiting="5057" ended="72225" arrived="72225" collisions="162" teleports="162" halting="5" stopped="0" meanWaitingTime="2265.04" meanTravelTime="341.33" meanSpeed="22.17" meanSpeedRelative="0.69" duration="2"/>
    <step time="69600.00" loaded="77674" inserted="72655" running="217" waiting="5019" ended="72438" arrived="72438" collisions="162" teleports="162" halting="5" stopped="0" meanWaitingTime="2278.14" meanTravelTime="341.16" meanSpeed="22.23" meanSpeedRelative="0.69" duration="2"/>
    <step time="69900.00" loaded="77836" inserted="72882" running="215" waiting="4954" ended="72667" arrived="72667" collisions="162" teleports="162" halting="7" stopped="0" meanWaitingTime="2293.37" meanTravelTime="340.99" meanSpeed="21.45" meanSpeedRelative="0.67" duration="2"/>
    <step time="70200.00" loaded="77994" inserted="73098" running="205" waiting="4896" ended="72893" arrived="72893" collisions="162" teleports="162" halting="4" stopped="0" meanWaitingTime="2307.52" meanTravelTime="340.79" meanSpeed="21.42" meanSpeedRelative="0.67" duration="2"/>
    <step time="70500.00" loaded="78155" inserted="73304" running="205" waiting="4851" ended="73099" arrived="73099" collisions="162" teleports="162" halting="2" stopped="0" meanWaitingTime="2321.94" meanTravelTime="340.66" meanSpeed="22.55" meanSpeedRelative="0.70" duration="2"/>
    <step time="70800.00" loaded="78303" inserted="73506" running="189" waiting="4797" ended="73317" arrived="73317" collisions="163" teleports="163" halting="5" stopped="0" meanWaitingTime="2336.49" meanTravelTime="340.56" meanSpeed="21.58" meanSpeedRelative="0.67" duration="2"/>
    <step time="71100.00" loaded="78457" inserted="73717" running="182" waiting="4740" ended="73535" arrived="73535" collisions="164" teleports="164" halting="7" stopped="0" meanWaitingTime="2353.72" meanTravelTime="340.34" meanSpeed="21.77" meanSpeedRelative="0.68" duration="2"/>
    <step time="71400.00" loaded="78616" inserted="73923" running="177" waiting="4693" ended="73746" arrived="73746" collisions="164" teleports="164" halting="6" stopped="0" meanWaitingTime="2368.28" meanTravelTime="340.16" meanSpeed="21.07" meanSpeedRelative="0.66" duration="2"/>
    <step time="71700.00" loaded="78757" inserted="74124" running="199" waiting="4633" ended="73925" arrived="73925" collisions="164" teleports="164" halting="2" stopped="0" meanWaitingTime="2382.57" meanTravelTime="339.95" meanSpeed="22.13" meanSpeedRelative="0.69" duration="2"/>
    <step time="72000.00" loaded="78877" inserted="74306" running="167" waiting="4571" ended="74139" arrived="74139" collisions="164" teleports="164" halting="6" stopped="0" meanWaitingTime="2398.20" meanTravelTime="339.76" meanSpeed="22.18" meanSpeedRelative="0.69" duration="88"/>
    <step time="72300.00" loaded="78997" inserted="74482" running="163" waiting="4515" ended="74319" arrived="74319" collisions="164" teleports="164" halting="8" stopped="0" meanWaitingTime="2414.08" meanTravelTime="339.65" meanSpeed="21.45" meanSpeedRelative="0.67" duration="2"/>
    <step time="72600.00" loaded="79133" inserted="74678" running="162" waiting="4455" ended="74516" arrived="74516" collisions="165" teleports="165" halting="3" stopped="0" meanWaitingTime="2428.16" meanTravelTime="339.46" meanSpeed="21.87" meanSpeedRelative="0.68" duration="2"/>
    <step time="72900.00" loaded="79281" inserted="74883" running="182" waiting="4398" ended="74701" arrived="74701" collisions="165" teleports="165" halting="4" stopped="0" meanWaitingTime="2443.97" meanTravelTime="339.24" meanSpeed="22.87" meanSpeedRelative="0.71" duration="2"/>
    <step time="73200.00" loaded="79408" inserted="75067" running="179" waiting="4341" ended="74888" arrived="74888" collisions="165" teleports="165" halting="7" stopped="0" meanWaitingTime="2459.30" meanTravelTime="339.07" meanSpeed="22.44" meanSpeedRelative="0.70" duration="2"/>
    <step time="73500.00" loaded="79568" inserted="75280" running="191" waiting="4288" ended="75089" arrived="75089" collisions="165" teleports="165" halting="8" stopped="0" meanWaitingTime="2474.90" meanTravelTime="338.91" meanSpeed="21.57" meanSpeedRelative="0.67" duration="2"/>
    <step time="73800.00" loaded="79716" inserted="75492" running="187" waiting="4224" ended="75305" arrived="75305" collisions="166" teleports="166" halting="3" stopped="0" meanWaitingTime="2492.52" meanTravelTime="338.65" meanSpeed="21.64" meanSpeedRelative="0.68" duration="3"/>
    <step time="74100.00" loaded="79882" inserted="75705" running="193" waiting="4177" ended="75512" arrived="75512" collisions="166" teleports="166" halting="3" stopped="0" meanWaitingTime="2506.90" meanTravelTime="338.45" meanSpeed="21.77" meanSpeedRelative="0.68" duration="3"/>
    <step time="74400.00" loaded="79999" inserted="75901" running="171" waiting="4098" ended="75730" arrived="75730" collisions="166" teleports="166" halting="7" stopped="0" meanWaitingTime="2524.97" meanTravelTime="338.28" meanSpeed="22.28" meanSpeedRelative="0.70" duration="2"/>
    <step time="74700.00" loaded="80134" inserted="76090" running="162" waiting="4044" ended="75928" arrived="75928" collisions="167" teleports="167" halting="7" stopped="0" meanWaitingTime="2540.25" meanTravelTime="338.13" meanSpeed="21.64" meanSpeedRelative="0.68" duration="2"/>
    <step time="75000.00" loaded="80276" inserted="76284" running="166" waiting="3992" ended="76118" arrived="76118" collisions="167" teleports="167" halting="2" stopped="0" meanWaitingTime="2556.01" meanTravelTime="337.98" meanSpeed="22.20" meanSpeedRelative="0.69" duration="2"/>
    <step time="75300.00" loaded="80424" inserted="76492" running="181" waiting="3932" ended="76311" arrived="76311" collisions="167" teleports="167" halting="3" stopped="0" meanWaitingTime="2572.75" meanTravelTime="337.79" meanSpeed="22.44" meanSpeedRelative="0.70" duration="1"/>
    <step time="75600.00" loaded="80565" inserted="76673" running="165" waiting="3892" ended="76508" arrived="76508" collisions="167" teleports="167" halting="5" stopped="0" meanWaitingTime="2586.72" meanTravelTime="337.62" meanSpeed="21.67" meanSpeedRelative="0.68" duration="84"/>
    <step time="75900.00" loaded="80757" inserted="76896" running="204" waiting="3861" ended="76692" arrived="76692" collisions="167" teleports="167" halting="2" stopped="0" meanWaitingTime="2599.94" meanTravelTime="337.45" meanSpeed="22.03" meanSpeedRelative="0.69" duration="2"/>
    <step time="76200.00" loaded="80935" inserted="77123" running="207" waiting="3812" ended="76916" arrived="76916" collisions="167" teleports="167" halting="3" stopped="0" meanWaitingTime="2612.91" meanTravelTime="337.28" meanSpeed="22.38" meanSpeedRelative="0.70" duration="2"/>
    <step time="76500.00" loaded="81136" inserted="77370" running="218" waiting="3766" ended="77152" arrived="77152" collisions="167" teleports="167" halting="5" stopped="0" meanWaitingTime="2624.58" meanTravelTime="337.07" meanSpeed="22.00" meanSpeedRelative="0.69" duration="1"/>
    <step time="76800.00" loaded="81346" inserted="77606" running="220" waiting="3740" ended="77386" arrived="77386" collisions="167" teleports="167" halting="6" stopped="0" meanWaitingTime="2637.08" meanTravelTime="336.93" meanSpeed="21.63" meanSpeedRelative="0.68" duration="2"/>
    <step time="77100.00" loaded="81556" inserted="77847" running="227" waiting="3709" ended="77620" arrived="77620" collisions="167" teleports="167" halting="5" stopped="0" meanWaitingTime="2649.32" meanTravelTime="336.72" meanSpeed="21.70" meanSpeedRelative="0.68" duration="2"/>
    <step time="77400.00" loaded="81764" inserted="78098" running="244" waiting="3666" ended="77854" arrived="77854" collisions="168" teleports="168" halting="7" stopped="0" meanWaitingTime="2659.54" meanTravelTime="336.51" meanSpeed="22.71" meanSpeedRelative="0.71" duration="2"/>
    <step time="77700.00" loaded="81983" inserted="78337" running="225" waiting="3646" ended="78112" arrived="78112" collisions="168" teleports="168" halting="8" stopped="0" meanWaitingTime="2668.63" meanTravelTime="336.36" meanSpeed="21.67" meanSpeedRelative="0.68" duration="2"/>
    <step time="78000.00" loaded="82156" inserted="78553" running="199" waiting="3603" ended="78354" arrived="78354" collisions="168" teleports="168" halting="2" stopped="0" meanWaitingTime="2679.01" meanTravelTime="336.22" meanSpeed="22.18" meanSpeedRelative="0.69" duration="4"/>
    <step time="78300.00" loaded="82359" inserted="78804" running="216" waiting="3555" ended="78588" arrived="78588" collisions="168" teleports="168" halting="3" stopped="0" meanWaitingTime="2688.21" meanTravelTime="336.04" meanSpeed="22.16" meanSpeedRelative="0.69" duration="2"/>
    <step time="78600.00" loaded="82577" inserted="79042" running="216" waiting="3535" ended="78826" arrived="78826" collisions="169" teleports="169" halting="5" stopped="0" meanWaitingTime="2696.93" meanTravelTime="335.81" meanSpeed="22.21" meanSpeedRelative="0.69" duration="3"/>
    <step time="78900.00" loaded="82787" inserted="79285" running="225" waiting="3502" ended="79060" arrived="79060" collisions="169" teleports="169" halting="7" stopped="0" meanWaitingTime="2706.07" meanTravelTime="335.61" meanSpeed="21.77" meanSpeedRelative="0.68" duration="2"/>
    <step time="79200.00" loaded="83001" inserted="79526" running="228" waiting="3475" ended="79298" arrived="79298" collisions="170" teleports="170" halting="6" stopped="0" meanWaitingTime="2714.25" meanTravelTime="335.41" meanSpeed="22.26" meanSpeedRelative="0.70" duration="85"/>
    <step time="79500.00" loaded="83164" inserted="79738" running="183" waiting="3426" ended="79555" arrived="79555" collisions="170" teleports="170" halting="3" stopped="0" meanWaitingTime="2724.29" meanTravelTime="335.25" meanSpeed="22.79" meanSpeedRelative="0.71" duration="2"/>
    <step time="79800.00" loaded="83337" inserted="79954" running="178" waiting="3383" ended="79776" arrived="79776" collisions="170" teleports="170" halting="2" stopped="0" meanWaitingTime="2733.82" meanTravelTime="335.02" meanSpeed="21.80" meanSpeedRelative="0.68" duration="2"/>
    <step time="80100.00" loaded="83510" inserted="80171" running="187" waiting="3339" ended="79984" arrived="79984" collisions="172" teleports="172" halting="11" stopped="0" meanWaitingTime="2741.35" meanTravelTime="334.86" meanSpeed="21.42" meanSpeedRelative="0.67" duration="1"/>
    <step time="80400.00" loaded="83709" inserted="80416" running="222" waiting="3293" ended="80194" arrived="80194" collisions="172" teleports="172" halting="5" stopped="0" meanWaitingTime="2747.92" meanTravelTime="334.63" meanSpeed="21.96" meanSpeedRelative="0.69" duration="2"/>
    <step time="80700.00" loaded="83884" inserted="80640" running="208" waiting="3244" ended="80432" arrived="80432" collisions="173" teleports="173" halting="2" stopped="0" meanWaitingTime="2756.51" meanTravelTime="334.49" meanSpeed="21.77" meanSpeedRelative="0.68" duration="2"/>
    <step time="81000.00" loaded="84054" inserted="80839" running="189" waiting="3215" ended="80650" arrived="80650" collisions="174" teleports="174" halting="4" stopped="0" meanWaitingTime="2764.18" meanTravelTime="334.34" meanSpeed="22.40" meanSpeedRelative="0.70" duration="1"/>
    <step time="81300.00" loaded="84230" inserted="81025" running="184" waiting="3205" ended="80841" arrived="80841" collisions="175" teleports="175" halting="7" stopped="0" meanWaitingTime="2767.02" meanTravelTime="334.29" meanSpeed="22.67" meanSpeedRelative="0.71" duration="2"/>
    <step time="81600.00" loaded="84425" inserted="81231" running="198" waiting="3194" ended="81033" arrived="81033" collisions="176" teleports="176" halting="1" stopped="0" meanWaitingTime="2769.38" meanTravelTime="334.20" meanSpeed="22.28" meanSpeedRelative="0.70" duration="3"/>
    <step time="81900.00" loaded="84608" inserted="81420" running="193" waiting="3188" ended="81227" arrived="81227" collisions="176" teleports="176" halting="3" stopped="0" meanWaitingTime="2773.45" meanTravelTime="334.13" meanSpeed="23.15" meanSpeedRelative="0.72" duration="2"/>
    <step time="82200.00" loaded="84754" inserted="81575" running="154" waiting="3179" ended="81421" arrived="81421" collisions="176" teleports="176" halting="5" stopped="0" meanWaitingTime="2777.75" meanTravelTime="334.03" meanSpeed="22.70" meanSpeedRelative="0.71" duration="2"/>
    <step time="82500.00" loaded="84928" inserted="81754" running="165" waiting="3174" ended="81589" arrived="81589" collisions="176" teleports="176" halting="4" stopped="0" meanWaitingTime="2781.42" meanTravelTime="333.98" meanSpeed="22.06" meanSpeedRelative="0.69" duration="2"/>
</summary>
