<?xml version="1.0" encoding="UTF-8"?>

<!-- generated on 2025-08-08 01:48:06 by Eclipse SUMO sumo Version 1.23.1
<sumoConfiguration xmlns:xsi="http://www.w3.org/2001/XMLSchema-instance" xsi:noNamespaceSchemaLocation="http://sumo.dlr.de/xsd/sumoConfiguration.xsd">

    <input>
        <net-file value="Desktop\Master Thesis\Network_fin.net.xml"/>
        <route-files value="Desktop\Master Thesis\demand_model_amsterdam.rou.xml"/>
        <additional-files value="Desktop\Master Thesis\Additionnal.add.xml"/>
    </input>

    <output>
        <summary-output value="outputf/summary_coor_alinea_2neigh_method1_K80_target5_40036.xml"/>
        <summary-output.period value="300"/>
        <tripinfo-output value="outputf/tripinfo_coor_alinea_2neigh_method1_K80_target5_40036.xml"/>
    </output>

    <time>
        <begin value="0"/>
        <end value="82800"/>
        <step-length value="1"/>
    </time>

    <processing>
        <time-to-teleport value="-1"/>
    </processing>

    <report>
        <verbose value="true"/>
        <no-step-log value="true"/>
    </report>

    <emissions>
        <device.emissions.period value="10"/>
    </emissions>

    <traci_server>
        <remote-port value="49474"/>
    </traci_server>

    <random_number>
        <seed value="40036"/>
    </random_number>

</sumoConfiguration>
-->

<summary xmlns:xsi="http://www.w3.org/2001/XMLSchema-instance" xsi:noNamespaceSchemaLocation="http://sumo.dlr.de/xsd/summary_file.xsd">
    <step time="0.00" loaded="0" inserted="0" running="0" waiting="0" ended="0" arrived="0" collisions="0" teleports="0" halting="0" stopped="0" meanWaitingTime="-1.00" meanTravelTime="-1.00" meanSpeed="-1.00" meanSpeedRelative="-1.00" duration="1"/>
    <step time="300.00" loaded="151" inserted="151" running="90" waiting="0" ended="61" arrived="61" collisions="0" teleports="0" halting="1" stopped="0" meanWaitingTime="0.32" meanTravelTime="101.31" meanSpeed="25.54" meanSpeedRelative="0.80" duration="0"/>
    <step time="600.00" loaded="316" inserted="316" running="132" waiting="0" ended="184" arrived="184" collisions="0" teleports="0" halting="0" stopped="0" meanWaitingTime="0.40" meanTravelTime="156.13" meanSpeed="24.75" meanSpeedRelative="0.77" duration="1"/>
    <step time="900.00" loaded="467" inserted="467" running="140" waiting="0" ended="327" arrived="327" collisions="0" teleports="0" halting="1" stopped="0" meanWaitingTime="0.39" meanTravelTime="185.46" meanSpeed="25.85" meanSpeedRelative="0.81" duration="1"/>
    <step time="1200.00" loaded="643" inserted="643" running="143" waiting="0" ended="500" arrived="500" collisions="0" teleports="0" halting="1" stopped="0" meanWaitingTime="0.34" meanTravelTime="207.11" meanSpeed="26.14" meanSpeedRelative="0.82" duration="1"/>
    <step time="1500.00" loaded="804" inserted="804" running="131" waiting="0" ended="673" arrived="673" collisions="0" teleports="0" halting="1" stopped="0" meanWaitingTime="0.33" meanTravelTime="218.17" meanSpeed="26.17" meanSpeedRelative="0.82" duration="1"/>
    <step time="1800.00" loaded="982" inserted="982" running="145" waiting="0" ended="837" arrived="837" collisions="0" teleports="0" halting="0" stopped="0" meanWaitingTime="0.32" meanTravelTime="223.65" meanSpeed="26.22" meanSpeedRelative="0.82" duration="1"/>
    <step time="2100.00" loaded="1171" inserted="1171" running="160" waiting="0" ended="1011" arrived="1011" collisions="0" teleports="0" halting="2" stopped="0" meanWaitingTime="0.35" meanTravelTime="227.99" meanSpeed="24.67" meanSpeedRelative="0.77" duration="1"/>
    <step time="2400.00" loaded="1348" inserted="1348" running="154" waiting="0" ended="1194" arrived="1194" collisions="0" teleports="0" halting="0" stopped="0" meanWaitingTime="0.37" meanTravelTime="231.94" meanSpeed="24.85" meanSpeedRelative="0.78" duration="1"/>
    <step time="2700.00" loaded="1528" inserted="1528" running="154" waiting="0" ended="1374" arrived="1374" collisions="1" teleports="1" halting="2" stopped="0" meanWaitingTime="0.35" meanTravelTime="235.49" meanSpeed="25.00" meanSpeedRelative="0.78" duration="1"/>
    <step time="3000.00" loaded="1697" inserted="1697" running="148" waiting="0" ended="1549" arrived="1549" collisions="2" teleports="2" halting="0" stopped="0" meanWaitingTime="0.37" meanTravelTime="240.89" meanSpeed="25.62" meanSpeedRelative="0.80" duration="1"/>
    <step time="3300.00" loaded="1861" inserted="1860" running="143" waiting="1" ended="1717" arrived="1717" collisions="2" teleports="2" halting="0" stopped="0" meanWaitingTime="0.40" meanTravelTime="246.70" meanSpeed="24.93" meanSpeedRelative="0.78" duration="1"/>
    <step time="3600.00" loaded="2039" inserted="2039" running="164" waiting="0" ended="1875" arrived="1875" collisions="3" teleports="3" halting="0" stopped="0" meanWaitingTime="0.41" meanTravelTime="247.99" meanSpeed="24.89" meanSpeedRelative="0.78" duration="86"/>
    <step time="3900.00" loaded="2141" inserted="2141" running="112" waiting="0" ended="2029" arrived="2029" collisions="3" teleports="3" halting="0" stopped="0" meanWaitingTime="0.40" meanTravelTime="251.41" meanSpeed="25.93" meanSpeedRelative="0.81" duration="0"/>
    <step time="4200.00" loaded="2263" inserted="2262" running="115" waiting="1" ended="2147" arrived="2147" collisions="3" teleports="3" halting="1" stopped="0" meanWaitingTime="0.39" meanTravelTime="255.60" meanSpeed="25.46" meanSpeedRelative="0.80" duration="0"/>
    <step time="4500.00" loaded="2392" inserted="2391" running="114" waiting="1" ended="2277" arrived="2277" collisions="3" teleports="3" halting="0" stopped="0" meanWaitingTime="0.38" meanTravelTime="255.59" meanSpeed="24.35" meanSpeedRelative="0.76" duration="0"/>
    <step time="4800.00" loaded="2501" inserted="2501" running="85" waiting="0" ended="2416" arrived="2416" collisions="3" teleports="3" halting="0" stopped="0" meanWaitingTime="0.37" meanTravelTime="257.53" meanSpeed="25.28" meanSpeedRelative="0.79" duration="0"/>
    <step time="5100.00" loaded="2609" inserted="2609" running="87" waiting="0" ended="2522" arrived="2522" collisions="3" teleports="3" halting="1" stopped="0" meanWaitingTime="0.37" meanTravelTime="258.17" meanSpeed="25.72" meanSpeedRelative="0.80" duration="0"/>
    <step time="5400.00" loaded="2717" inserted="2717" running="92" waiting="0" ended="2625" arrived="2625" collisions="3" teleports="3" halting="0" stopped="0" meanWaitingTime="0.36" meanTravelTime="257.24" meanSpeed="25.17" meanSpeedRelative="0.79" duration="0"/>
    <step time="5700.00" loaded="2812" inserted="2812" running="95" waiting="0" ended="2717" arrived="2717" collisions="3" teleports="3" halting="0" stopped="0" meanWaitingTime="0.35" meanTravelTime="257.20" meanSpeed="26.11" meanSpeedRelative="0.82" duration="1"/>
    <step time="6000.00" loaded="2916" inserted="2916" running="80" waiting="0" ended="2836" arrived="2836" collisions="3" teleports="3" halting="1" stopped="0" meanWaitingTime="0.35" meanTravelTime="257.95" meanSpeed="26.32" meanSpeedRelative="0.82" duration="1"/>
    <step time="6300.00" loaded="3017" inserted="3017" running="77" waiting="0" ended="2940" arrived="2940" collisions="3" teleports="3" halting="0" stopped="0" meanWaitingTime="0.35" meanTravelTime="258.15" meanSpeed="25.81" meanSpeedRelative="0.81" duration="0"/>
    <step time="6600.00" loaded="3130" inserted="3130" running="88" waiting="0" ended="3042" arrived="3042" collisions="3" teleports="3" halting="1" stopped="0" meanWaitingTime="0.35" meanTravelTime="257.23" meanSpeed="26.45" meanSpeedRelative="0.83" duration="1"/>
    <step time="6900.00" loaded="3228" inserted="3228" running="93" waiting="0" ended="3135" arrived="3135" collisions="3" teleports="3" halting="1" stopped="0" meanWaitingTime="0.34" meanTravelTime="256.61" meanSpeed="25.87" meanSpeedRelative="0.81" duration="0"/>
    <step time="7200.00" loaded="3341" inserted="3341" running="101" waiting="0" ended="3240" arrived="3240" collisions="4" teleports="4" halting="1" stopped="0" meanWaitingTime="0.34" meanTravelTime="256.93" meanSpeed="26.37" meanSpeedRelative="0.82" duration="86"/>
    <step time="7500.00" loaded="3502" inserted="3499" running="138" waiting="3" ended="3361" arrived="3361" collisions="4" teleports="4" halting="3" stopped="0" meanWaitingTime="0.36" meanTravelTime="255.82" meanSpeed="24.76" meanSpeedRelative="0.77" duration="1"/>
    <step time="7800.00" loaded="3651" inserted="3640" running="121" waiting="11" ended="3519" arrived="3519" collisions="4" teleports="4" halting="3" stopped="0" meanWaitingTime="0.80" meanTravelTime="257.33" meanSpeed="24.14" meanSpeedRelative="0.75" duration="1"/>
    <step time="8100.00" loaded="3809" inserted="3790" running="136" waiting="19" ended="3654" arrived="3654" collisions="4" teleports="4" halting="1" stopped="0" meanWaitingTime="1.65" meanTravelTime="257.93" meanSpeed="24.03" meanSpeedRelative="0.75" duration="1"/>
    <step time="8400.00" loaded="3951" inserted="3939" running="135" waiting="12" ended="3804" arrived="3804" collisions="4" teleports="4" halting="2" stopped="0" meanWaitingTime="2.78" meanTravelTime="258.15" meanSpeed="24.98" meanSpeedRelative="0.78" duration="1"/>
    <step time="8700.00" loaded="4105" inserted="4086" running="126" waiting="19" ended="3960" arrived="3960" collisions="4" teleports="4" halting="3" stopped="0" meanWaitingTime="3.62" meanTravelTime="258.07" meanSpeed="24.06" meanSpeedRelative="0.75" duration="1"/>
    <step time="9000.00" loaded="4274" inserted="4256" running="135" waiting="18" ended="4121" arrived="4121" collisions="4" teleports="4" halting="4" stopped="0" meanWaitingTime="4.77" meanTravelTime="257.58" meanSpeed="23.57" meanSpeedRelative="0.74" duration="0"/>
    <step time="9300.00" loaded="4408" inserted="4383" running="116" waiting="25" ended="4267" arrived="4267" collisions="4" teleports="4" halting="0" stopped="0" meanWaitingTime="5.76" meanTravelTime="257.54" meanSpeed="23.98" meanSpeedRelative="0.75" duration="1"/>
    <step time="9600.00" loaded="4552" inserted="4522" running="119" waiting="30" ended="4403" arrived="4403" collisions="4" teleports="4" halting="3" stopped="0" meanWaitingTime="7.02" meanTravelTime="257.65" meanSpeed="24.29" meanSpeedRelative="0.76" duration="1"/>
    <step time="9900.00" loaded="4736" inserted="4698" running="147" waiting="38" ended="4551" arrived="4551" collisions="4" teleports="4" halting="2" stopped="0" meanWaitingTime="8.50" meanTravelTime="257.46" meanSpeed="24.34" meanSpeedRelative="0.76" duration="1"/>
    <step time="10200.00" loaded="4874" inserted="4829" running="131" waiting="45" ended="4698" arrived="4698" collisions="4" teleports="4" halting="3" stopped="0" meanWaitingTime="10.25" meanTravelTime="258.07" meanSpeed="24.25" meanSpeedRelative="0.76" duration="1"/>
    <step time="10500.00" loaded="5032" inserted="4980" running="143" waiting="52" ended="4837" arrived="4837" collisions="4" teleports="4" halting="2" stopped="0" meanWaitingTime="12.37" meanTravelTime="258.12" meanSpeed="24.90" meanSpeedRelative="0.78" duration="1"/>
    <step time="10800.00" loaded="5199" inserted="5142" running="144" waiting="57" ended="4998" arrived="4998" collisions="4" teleports="4" halting="4" stopped="0" meanWaitingTime="14.79" meanTravelTime="259.59" meanSpeed="23.82" meanSpeedRelative="0.74" duration="89"/>
    <step time="11100.00" loaded="5363" inserted="5293" running="158" waiting="70" ended="5135" arrived="5135" collisions="4" teleports="4" halting="0" stopped="0" meanWaitingTime="16.87" meanTravelTime="259.33" meanSpeed="24.38" meanSpeedRelative="0.76" duration="1"/>
    <step time="11400.00" loaded="5514" inserted="5445" running="126" waiting="69" ended="5319" arrived="5319" collisions="5" teleports="5" halting="3" stopped="0" meanWaitingTime="20.07" meanTravelTime="259.94" meanSpeed="24.49" meanSpeedRelative="0.77" duration="1"/>
    <step time="11700.00" loaded="5650" inserted="5583" running="133" waiting="67" ended="5450" arrived="5450" collisions="5" teleports="5" halting="4" stopped="0" meanWaitingTime="22.72" meanTravelTime="259.43" meanSpeed="23.81" meanSpeedRelative="0.74" duration="1"/>
    <step time="12000.00" loaded="5797" inserted="5719" running="113" waiting="78" ended="5606" arrived="5606" collisions="5" teleports="5" halting="1" stopped="0" meanWaitingTime="25.35" meanTravelTime="260.05" meanSpeed="24.01" meanSpeedRelative="0.75" duration="2"/>
    <step time="12300.00" loaded="5931" inserted="5851" running="100" waiting="80" ended="5751" arrived="5751" collisions="5" teleports="5" halting="0" stopped="0" meanWaitingTime="28.42" meanTravelTime="260.05" meanSpeed="24.71" meanSpeedRelative="0.77" duration="0"/>
    <step time="12600.00" loaded="6080" inserted="5990" running="99" waiting="90" ended="5891" arrived="5891" collisions="5" teleports="5" halting="3" stopped="0" meanWaitingTime="31.12" meanTravelTime="259.62" meanSpeed="23.57" meanSpeedRelative="0.74" duration="1"/>
    <step time="12900.00" loaded="6207" inserted="6114" running="101" waiting="93" ended="6013" arrived="6013" collisions="5" teleports="5" halting="1" stopped="0" meanWaitingTime="34.16" meanTravelTime="259.00" meanSpeed="23.70" meanSpeedRelative="0.74" duration="1"/>
    <step time="13200.00" loaded="6339" inserted="6246" running="99" waiting="93" ended="6147" arrived="6147" collisions="5" teleports="5" halting="2" stopped="0" meanWaitingTime="37.12" meanTravelTime="258.37" meanSpeed="24.61" meanSpeedRelative="0.77" duration="0"/>
    <step time="13500.00" loaded="6474" inserted="6377" running="106" waiting="97" ended="6271" arrived="6271" collisions="5" teleports="5" halting="4" stopped="0" meanWaitingTime="40.37" meanTravelTime="257.91" meanSpeed="23.81" meanSpeedRelative="0.74" duration="1"/>
    <step time="13800.00" loaded="6631" inserted="6531" running="127" waiting="100" ended="6404" arrived="6404" collisions="5" teleports="5" halting="4" stopped="0" meanWaitingTime="43.48" meanTravelTime="257.88" meanSpeed="23.25" meanSpeedRelative="0.73" duration="0"/>
    <step time="14100.00" loaded="6774" inserted="6668" running="121" waiting="106" ended="6547" arrived="6547" collisions="5" teleports="5" halting="0" stopped="0" meanWaitingTime="46.45" meanTravelTime="257.47" meanSpeed="24.73" meanSpeedRelative="0.77" duration="0"/>
    <step time="14400.00" loaded="6897" inserted="6790" running="106" waiting="107" ended="6684" arrived="6684" collisions="5" teleports="5" halting="1" stopped="0" meanWaitingTime="50.22" meanTravelTime="257.39" meanSpeed="24.53" meanSpeedRelative="0.77" duration="86"/>
    <step time="14700.00" loaded="7011" inserted="6904" running="86" waiting="107" ended="6818" arrived="6818" collisions="5" teleports="5" halting="5" stopped="0" meanWaitingTime="53.01" meanTravelTime="257.43" meanSpeed="23.81" meanSpeedRelative="0.74" duration="0"/>
    <step time="15000.00" loaded="7102" inserted="6991" running="81" waiting="111" ended="6910" arrived="6910" collisions="5" teleports="5" halting="4" stopped="0" meanWaitingTime="56.77" meanTravelTime="257.99" meanSpeed="23.08" meanSpeedRelative="0.72" duration="1"/>
    <step time="15300.00" loaded="7216" inserted="7104" running="81" waiting="112" ended="7023" arrived="7023" collisions="5" teleports="5" halting="1" stopped="0" meanWaitingTime="59.87" meanTravelTime="257.86" meanSpeed="24.90" meanSpeedRelative="0.78" duration="1"/>
    <step time="15600.00" loaded="7309" inserted="7209" running="81" waiting="100" ended="7128" arrived="7128" collisions="5" teleports="5" halting="1" stopped="0" meanWaitingTime="63.59" meanTravelTime="257.89" meanSpeed="25.72" meanSpeedRelative="0.80" duration="1"/>
    <step time="15900.00" loaded="7409" inserted="7309" running="82" waiting="100" ended="7227" arrived="7227" collisions="5" teleports="5" halting="5" stopped="0" meanWaitingTime="67.18" meanTravelTime="257.70" meanSpeed="23.45" meanSpeedRelative="0.73" duration="1"/>
    <step time="16200.00" loaded="7510" inserted="7406" running="76" waiting="104" ended="7330" arrived="7330" collisions="5" teleports="5" halting="4" stopped="0" meanWaitingTime="70.32" meanTravelTime="257.02" meanSpeed="23.05" meanSpeedRelative="0.72" duration="1"/>
    <step time="16500.00" loaded="7629" inserted="7524" running="91" waiting="105" ended="7433" arrived="7433" collisions="5" teleports="5" halting="1" stopped="0" meanWaitingTime="73.45" meanTravelTime="256.86" meanSpeed="24.87" meanSpeedRelative="0.78" duration="1"/>
    <step time="16800.00" loaded="7731" inserted="7636" running="93" waiting="95" ended="7543" arrived="7543" collisions="5" teleports="5" halting="2" stopped="0" meanWaitingTime="76.94" meanTravelTime="255.99" meanSpeed="24.77" meanSpeedRelative="0.77" duration="1"/>
    <step time="17100.00" loaded="7826" inserted="7735" running="82" waiting="91" ended="7653" arrived="7653" collisions="6" teleports="6" halting="5" stopped="0" meanWaitingTime="79.63" meanTravelTime="256.06" meanSpeed="24.10" meanSpeedRelative="0.75" duration="0"/>
    <step time="17400.00" loaded="7923" inserted="7838" running="80" waiting="85" ended="7758" arrived="7758" collisions="6" teleports="6" halting="0" stopped="0" meanWaitingTime="82.36" meanTravelTime="255.85" meanSpeed="24.20" meanSpeedRelative="0.76" duration="1"/>
    <step time="17700.00" loaded="8032" inserted="7951" running="85" waiting="81" ended="7866" arrived="7866" collisions="6" teleports="6" halting="1" stopped="0" meanWaitingTime="85.61" meanTravelTime="255.58" meanSpeed="24.95" meanSpeedRelative="0.78" duration="1"/>
    <step time="18000.00" loaded="8124" inserted="8045" running="70" waiting="79" ended="7975" arrived="7975" collisions="6" teleports="6" halting="6" stopped="0" meanWaitingTime="88.00" meanTravelTime="255.36" meanSpeed="23.62" meanSpeedRelative="0.74" duration="80"/>
    <step time="18300.00" loaded="8325" inserted="8233" running="134" waiting="92" ended="8099" arrived="8099" collisions="6" teleports="6" halting="0" stopped="0" meanWaitingTime="89.33" meanTravelTime="254.41" meanSpeed="25.31" meanSpeedRelative="0.79" duration="0"/>
    <step time="18600.00" loaded="8536" inserted="8436" running="152" waiting="100" ended="8284" arrived="8284" collisions="8" teleports="8" halting="1" stopped="0" meanWaitingTime="90.43" meanTravelTime="253.39" meanSpeed="25.11" meanSpeedRelative="0.78" duration="1"/>
    <step time="18900.00" loaded="8747" inserted="8634" running="166" waiting="113" ended="8468" arrived="8468" collisions="8" teleports="8" halting="1" stopped="0" meanWaitingTime="91.58" meanTravelTime="253.09" meanSpeed="24.11" meanSpeedRelative="0.75" duration="1"/>
    <step time="19200.00" loaded="8951" inserted="8819" running="165" waiting="132" ended="8654" arrived="8654" collisions="8" teleports="8" halting="4" stopped="0" meanWaitingTime="92.26" meanTravelTime="252.77" meanSpeed="24.10" meanSpeedRelative="0.75" duration="1"/>
    <step time="19500.00" loaded="9168" inserted="9020" running="158" waiting="148" ended="8862" arrived="8862" collisions="8" teleports="8" halting="1" stopped="0" meanWaitingTime="93.33" meanTravelTime="252.80" meanSpeed="23.65" meanSpeedRelative="0.74" duration="1"/>
    <step time="19800.00" loaded="9395" inserted="9231" running="157" waiting="164" ended="9074" arrived="9074" collisions="8" teleports="8" halting="2" stopped="0" meanWaitingTime="94.87" meanTravelTime="253.22" meanSpeed="24.30" meanSpeedRelative="0.76" duration="1"/>
    <step time="20100.00" loaded="9575" inserted="9408" running="153" waiting="167" ended="9255" arrived="9255" collisions="8" teleports="8" halting="3" stopped="0" meanWaitingTime="96.73" meanTravelTime="253.08" meanSpeed="23.82" meanSpeedRelative="0.74" duration="1"/>
    <step time="20400.00" loaded="9781" inserted="9593" running="143" waiting="188" ended="9450" arrived="9450" collisions="8" teleports="8" halting="2" stopped="0" meanWaitingTime="98.66" meanTravelTime="252.71" meanSpeed="24.55" meanSpeedRelative="0.77" duration="1"/>
    <step time="20700.00" loaded="9957" inserted="9759" running="138" waiting="198" ended="9621" arrived="9621" collisions="8" teleports="8" halting="1" stopped="0" meanWaitingTime="101.16" meanTravelTime="252.85" meanSpeed="24.99" meanSpeedRelative="0.78" duration="1"/>
    <step time="21000.00" loaded="10149" inserted="9940" running="144" waiting="209" ended="9796" arrived="9796" collisions="8" teleports="8" halting="2" stopped="0" meanWaitingTime="103.64" meanTravelTime="252.67" meanSpeed="24.41" meanSpeedRelative="0.76" duration="0"/>
    <step time="21300.00" loaded="10358" inserted="10132" running="134" waiting="226" ended="9998" arrived="9998" collisions="9" teleports="9" halting="2" stopped="0" meanWaitingTime="106.00" meanTravelTime="252.41" meanSpeed="24.33" meanSpeedRelative="0.76" duration="1"/>
    <step time="21600.00" loaded="10551" inserted="10312" running="144" waiting="239" ended="10168" arrived="10168" collisions="9" teleports="9" halting="1" stopped="0" meanWaitingTime="108.70" meanTravelTime="252.16" meanSpeed="25.11" meanSpeedRelative="0.78" duration="80"/>
    <step time="21900.00" loaded="11030" inserted="10700" running="315" waiting="330" ended="10385" arrived="10385" collisions="9" teleports="9" halting="4" stopped="0" meanWaitingTime="111.44" meanTravelTime="251.31" meanSpeed="22.48" meanSpeedRelative="0.70" duration="2"/>
    <step time="22200.00" loaded="11511" inserted="11089" running="387" waiting="422" ended="10702" arrived="10702" collisions="11" teleports="11" halting="8" stopped="0" meanWaitingTime="115.61" meanTravelTime="251.42" meanSpeed="21.04" meanSpeedRelative="0.66" duration="2"/>
    <step time="22500.00" loaded="11950" inserted="11459" running="401" waiting="491" ended="11058" arrived="11058" collisions="13" teleports="13" halting="12" stopped="0" meanWaitingTime="120.30" meanTravelTime="252.93" meanSpeed="20.67" meanSpeedRelative="0.65" duration="3"/>
    <step time="22800.00" loaded="12394" inserted="11832" running="420" waiting="562" ended="11412" arrived="11412" collisions="14" teleports="14" halting="6" stopped="0" meanWaitingTime="125.42" meanTravelTime="254.53" meanSpeed="21.19" meanSpeedRelative="0.66" duration="2"/>
    <step time="23100.00" loaded="12856" inserted="12195" running="427" waiting="661" ended="11768" arrived="11768" collisions="14" teleports="14" halting="2" stopped="0" meanWaitingTime="130.37" meanTravelTime="257.11" meanSpeed="20.50" meanSpeedRelative="0.64" duration="3"/>
    <step time="23400.00" loaded="13278" inserted="12589" running="450" waiting="689" ended="12139" arrived="12139" collisions="15" teleports="15" halting="6" stopped="0" meanWaitingTime="136.15" meanTravelTime="259.64" meanSpeed="20.91" meanSpeedRelative="0.65" duration="3"/>
    <step time="23700.00" loaded="13743" inserted="12982" running="437" waiting="761" ended="12545" arrived="12545" collisions="15" teleports="15" halting="4" stopped="0" meanWaitingTime="141.80" meanTravelTime="262.52" meanSpeed="20.99" meanSpeedRelative="0.66" duration="2"/>
    <step time="24000.00" loaded="14227" inserted="13364" running="428" waiting="863" ended="12936" arrived="12936" collisions="16" teleports="16" halting="9" stopped="0" meanWaitingTime="148.54" meanTravelTime="264.51" meanSpeed="20.75" meanSpeedRelative="0.65" duration="2"/>
    <step time="24300.00" loaded="14679" inserted="13732" running="414" waiting="947" ended="13318" arrived="13318" collisions="17" teleports="17" halting="0" stopped="0" meanWaitingTime="155.79" meanTravelTime="266.66" meanSpeed="20.97" meanSpeedRelative="0.66" duration="3"/>
    <step time="24600.00" loaded="15124" inserted="14090" running="400" waiting="1034" ended="13690" arrived="13690" collisions="17" teleports="17" halting="9" stopped="0" meanWaitingTime="163.80" meanTravelTime="268.65" meanSpeed="20.03" meanSpeedRelative="0.63" duration="3"/>
    <step time="24900.00" loaded="15556" inserted="14469" running="419" waiting="1087" ended="14050" arrived="14050" collisions="18" teleports="18" halting="3" stopped="0" meanWaitingTime="173.27" meanTravelTime="270.43" meanSpeed="21.35" meanSpeedRelative="0.67" duration="2"/>
    <step time="25200.00" loaded="16006" inserted="14839" running="399" waiting="1167" ended="14440" arrived="14440" collisions="19" teleports="19" halting="12" stopped="0" meanWaitingTime="182.34" meanTravelTime="272.13" meanSpeed="19.94" meanSpeedRelative="0.62" duration="87"/>
    <step time="25500.00" loaded="16546" inserted="15254" running="446" waiting="1292" ended="14808" arrived="14808" collisions="19" teleports="19" halting="9" stopped="0" meanWaitingTime="191.84" meanTravelTime="273.34" meanSpeed="19.64" meanSpeedRelative="0.61" duration="5"/>
    <step time="25800.00" loaded="17073" inserted="15674" running="450" waiting="1399" ended="15224" arrived="15224" collisions="20" teleports="20" halting="7" stopped="0" meanWaitingTime="202.80" meanTravelTime="274.42" meanSpeed="20.41" meanSpeedRelative="0.64" duration="2"/>
    <step time="26100.00" loaded="17635" inserted="16081" running="453" waiting="1554" ended="15628" arrived="15628" collisions="21" teleports="21" halting="0" stopped="0" meanWaitingTime="212.81" meanTravelTime="275.65" meanSpeed="20.47" meanSpeedRelative="0.64" duration="3"/>
    <step time="26400.00" loaded="18180" inserted="16527" running="507" waiting="1653" ended="16020" arrived="16020" collisions="21" teleports="21" halting="5" stopped="0" meanWaitingTime="223.56" meanTravelTime="277.47" meanSpeed="19.45" meanSpeedRelative="0.61" duration="3"/>
    <step time="26700.00" loaded="18738" inserted="16957" running="482" waiting="1781" ended="16475" arrived="16475" collisions="21" teleports="21" halting="9" stopped="0" meanWaitingTime="235.28" meanTravelTime="279.25" meanSpeed="19.50" meanSpeedRelative="0.61" duration="3"/>
    <step time="27000.00" loaded="19300" inserted="17378" running="490" waiting="1922" ended="16888" arrived="16888" collisions="22" teleports="22" halting="4" stopped="0" meanWaitingTime="248.27" meanTravelTime="280.39" meanSpeed="19.75" meanSpeedRelative="0.62" duration="2"/>
    <step time="27300.00" loaded="19864" inserted="17833" running="514" waiting="2031" ended="17319" arrived="17319" collisions="22" teleports="22" halting="5" stopped="0" meanWaitingTime="263.86" meanTravelTime="282.18" meanSpeed="19.84" meanSpeedRelative="0.62" duration="4"/>
    <step time="27600.00" loaded="20413" inserted="18273" running="508" waiting="2140" ended="17765" arrived="17765" collisions="22" teleports="22" halting="2" stopped="0" meanWaitingTime="279.32" meanTravelTime="283.77" meanSpeed="19.29" meanSpeedRelative="0.60" duration="3"/>
    <step time="27900.00" loaded="20968" inserted="18725" running="517" waiting="2243" ended="18208" arrived="18208" collisions="22" teleports="22" halting="5" stopped="0" meanWaitingTime="294.38" meanTravelTime="285.27" meanSpeed="19.02" meanSpeedRelative="0.59" duration="4"/>
    <step time="28200.00" loaded="21530" inserted="19158" running="501" waiting="2372" ended="18657" arrived="18657" collisions="24" teleports="24" halting="13" stopped="0" meanWaitingTime="309.24" meanTravelTime="286.76" meanSpeed="18.91" meanSpeedRelative="0.59" duration="3"/>
    <step time="28500.00" loaded="22085" inserted="19595" running="488" waiting="2490" ended="19107" arrived="19107" collisions="24" teleports="24" halting="7" stopped="0" meanWaitingTime="325.05" meanTravelTime="287.87" meanSpeed="19.41" meanSpeedRelative="0.61" duration="2"/>
    <step time="28800.00" loaded="22600" inserted="20016" running="479" waiting="2584" ended="19537" arrived="19537" collisions="25" teleports="25" halting="2" stopped="0" meanWaitingTime="340.51" meanTravelTime="289.20" meanSpeed="20.59" meanSpeedRelative="0.64" duration="88"/>
    <step time="29100.00" loaded="22963" inserted="20454" running="488" waiting="2509" ended="19966" arrived="19966" collisions="27" teleports="27" halting="9" stopped="0" meanWaitingTime="357.70" meanTravelTime="289.53" meanSpeed="19.39" meanSpeedRelative="0.61" duration="4"/>
    <step time="29400.00" loaded="23302" inserted="20871" running="467" waiting="2431" ended="20404" arrived="20404" collisions="28" teleports="28" halting="7" stopped="0" meanWaitingTime="374.35" meanTravelTime="291.08" meanSpeed="19.82" meanSpeedRelative="0.62" duration="3"/>
    <step time="29700.00" loaded="23662" inserted="21291" running="473" waiting="2371" ended="20818" arrived="20818" collisions="30" teleports="30" halting="2" stopped="0" meanWaitingTime="390.06" meanTravelTime="291.89" meanSpeed="20.61" meanSpeedRelative="0.64" duration="5"/>
    <step time="30000.00" loaded="23987" inserted="21706" running="478" waiting="2281" ended="21228" arrived="21228" collisions="30" teleports="30" halting="4" stopped="0" meanWaitingTime="404.47" meanTravelTime="292.64" meanSpeed="20.46" meanSpeedRelative="0.64" duration="3"/>
    <step time="30300.00" loaded="24374" inserted="22099" running="441" waiting="2275" ended="21658" arrived="21658" collisions="31" teleports="31" halting="10" stopped="0" meanWaitingTime="417.98" meanTravelTime="293.46" meanSpeed="20.14" meanSpeedRelative="0.63" duration="3"/>
    <step time="30600.00" loaded="24754" inserted="22458" running="400" waiting="2296" ended="22058" arrived="22058" collisions="32" teleports="32" halting="6" stopped="0" meanWaitingTime="428.30" meanTravelTime="294.74" meanSpeed="20.83" meanSpeedRelative="0.65" duration="5"/>
    <step time="30900.00" loaded="25138" inserted="22838" running="394" waiting="2300" ended="22444" arrived="22444" collisions="32" teleports="32" halting="3" stopped="0" meanWaitingTime="437.91" meanTravelTime="295.26" meanSpeed="20.97" meanSpeedRelative="0.66" duration="2"/>
    <step time="31200.00" loaded="25486" inserted="23184" running="351" waiting="2302" ended="22833" arrived="22833" collisions="33" teleports="33" halting="9" stopped="0" meanWaitingTime="448.75" meanTravelTime="295.46" meanSpeed="21.40" meanSpeedRelative="0.67" duration="3"/>
    <step time="31500.00" loaded="25802" inserted="23506" running="329" waiting="2296" ended="23177" arrived="23177" collisions="35" teleports="35" halting="7" stopped="0" meanWaitingTime="459.99" meanTravelTime="295.48" meanSpeed="21.75" meanSpeedRelative="0.68" duration="3"/>
    <step time="31800.00" loaded="26180" inserted="23867" running="324" waiting="2313" ended="23543" arrived="23543" collisions="36" teleports="36" halting="6" stopped="0" meanWaitingTime="470.73" meanTravelTime="295.80" meanSpeed="22.50" meanSpeedRelative="0.70" duration="2"/>
    <step time="32100.00" loaded="26561" inserted="24226" running="339" waiting="2335" ended="23887" arrived="23887" collisions="36" teleports="36" halting="4" stopped="0" meanWaitingTime="480.95" meanTravelTime="295.38" meanSpeed="22.44" meanSpeedRelative="0.70" duration="3"/>
    <step time="32400.00" loaded="26911" inserted="24552" running="314" waiting="2359" ended="24238" arrived="24238" collisions="36" teleports="36" halting="1" stopped="0" meanWaitingTime="493.26" meanTravelTime="295.36" meanSpeed="22.40" meanSpeedRelative="0.70" duration="88"/>
    <step time="32700.00" loaded="27178" inserted="24816" running="252" waiting="2362" ended="24564" arrived="24564" collisions="36" teleports="36" halting="8" stopped="0" meanWaitingTime="506.27" meanTravelTime="295.44" meanSpeed="22.45" meanSpeedRelative="0.70" duration="2"/>
    <step time="33000.00" loaded="27452" inserted="25096" running="264" waiting="2356" ended="24832" arrived="24832" collisions="36" teleports="36" halting="4" stopped="0" meanWaitingTime="519.08" meanTravelTime="295.10" meanSpeed="23.33" meanSpeedRelative="0.73" duration="1"/>
    <step time="33300.00" loaded="27680" inserted="25352" running="219" waiting="2328" ended="25133" arrived="25133" collisions="36" teleports="36" halting="7" stopped="0" meanWaitingTime="533.12" meanTravelTime="294.87" meanSpeed="22.50" meanSpeedRelative="0.70" duration="2"/>
    <step time="33600.00" loaded="27956" inserted="25629" running="246" waiting="2327" ended="25383" arrived="25383" collisions="36" teleports="36" halting="2" stopped="0" meanWaitingTime="546.36" meanTravelTime="294.56" meanSpeed="22.66" meanSpeedRelative="0.71" duration="2"/>
    <step time="33900.00" loaded="28196" inserted="25893" running="242" waiting="2303" ended="25651" arrived="25651" collisions="36" teleports="36" halting="2" stopped="0" meanWaitingTime="560.38" meanTravelTime="294.45" meanSpeed="22.79" meanSpeedRelative="0.71" duration="2"/>
    <step time="34200.00" loaded="28458" inserted="26161" running="240" waiting="2297" ended="25921" arrived="25921" collisions="36" teleports="36" halting="4" stopped="0" meanWaitingTime="575.05" meanTravelTime="294.20" meanSpeed="23.03" meanSpeedRelative="0.72" duration="2"/>
    <step time="34500.00" loaded="28708" inserted="26418" running="229" waiting="2290" ended="26189" arrived="26189" collisions="36" teleports="36" halting="5" stopped="0" meanWaitingTime="590.08" meanTravelTime="294.12" meanSpeed="22.85" meanSpeedRelative="0.71" duration="2"/>
    <step time="34800.00" loaded="28979" inserted="26681" running="227" waiting="2298" ended="26454" arrived="26454" collisions="36" teleports="36" halting="3" stopped="0" meanWaitingTime="603.64" meanTravelTime="293.82" meanSpeed="22.64" meanSpeedRelative="0.71" duration="3"/>
    <step time="35100.00" loaded="29249" inserted="26977" running="253" waiting="2272" ended="26724" arrived="26724" collisions="36" teleports="36" halting="3" stopped="0" meanWaitingTime="618.18" meanTravelTime="293.46" meanSpeed="23.09" meanSpeedRelative="0.72" duration="2"/>
    <step time="35400.00" loaded="29502" inserted="27234" running="258" waiting="2268" ended="26976" arrived="26976" collisions="37" teleports="37" halting="4" stopped="0" meanWaitingTime="632.63" meanTravelTime="293.29" meanSpeed="23.18" meanSpeedRelative="0.72" duration="2"/>
    <step time="35700.00" loaded="29765" inserted="27505" running="244" waiting="2260" ended="27261" arrived="27261" collisions="37" teleports="37" halting="4" stopped="0" meanWaitingTime="647.34" meanTravelTime="293.13" meanSpeed="22.72" meanSpeedRelative="0.71" duration="1"/>
    <step time="36000.00" loaded="30017" inserted="27783" running="261" waiting="2234" ended="27522" arrived="27522" collisions="38" teleports="38" halting="7" stopped="0" meanWaitingTime="660.77" meanTravelTime="292.83" meanSpeed="22.75" meanSpeedRelative="0.71" duration="85"/>
    <step time="36300.00" loaded="30491" inserted="28167" running="334" waiting="2324" ended="27833" arrived="27833" collisions="38" teleports="38" halting="4" stopped="0" meanWaitingTime="671.82" meanTravelTime="292.81" meanSpeed="21.90" meanSpeedRelative="0.68" duration="2"/>
    <step time="36600.00" loaded="30946" inserted="28557" running="385" waiting="2389" ended="28172" arrived="28172" collisions="39" teleports="39" halting="5" stopped="0" meanWaitingTime="684.43" meanTravelTime="292.49" meanSpeed="21.41" meanSpeedRelative="0.67" duration="4"/>
    <step time="36900.00" loaded="31421" inserted="28971" running="428" waiting="2450" ended="28543" arrived="28543" collisions="39" teleports="39" halting="11" stopped="0" meanWaitingTime="697.13" meanTravelTime="292.45" meanSpeed="20.61" meanSpeedRelative="0.64" duration="3"/>
    <step time="37200.00" loaded="31881" inserted="29371" running="417" waiting="2510" ended="28954" arrived="28954" collisions="42" teleports="42" halting="7" stopped="0" meanWaitingTime="709.32" meanTravelTime="292.81" meanSpeed="20.36" meanSpeedRelative="0.64" duration="3"/>
    <step time="37500.00" loaded="32349" inserted="29772" running="433" waiting="2577" ended="29339" arrived="29339" collisions="44" teleports="44" halting="4" stopped="0" meanWaitingTime="723.08" meanTravelTime="292.71" meanSpeed="21.39" meanSpeedRelative="0.67" duration="3"/>
    <step time="37800.00" loaded="32804" inserted="30172" running="421" waiting="2632" ended="29751" arrived="29751" collisions="44" teleports="44" halting="4" stopped="0" meanWaitingTime="736.60" meanTravelTime="292.94" meanSpeed="20.67" meanSpeedRelative="0.65" duration="4"/>
    <step time="38100.00" loaded="33279" inserted="30597" running="439" waiting="2682" ended="30158" arrived="30158" collisions="44" teleports="44" halting="7" stopped="0" meanWaitingTime="747.00" meanTravelTime="293.64" meanSpeed="21.34" meanSpeedRelative="0.67" duration="2"/>
    <step time="38400.00" loaded="33775" inserted="31015" running="448" waiting="2760" ended="30567" arrived="30567" collisions="44" teleports="44" halting="4" stopped="0" meanWaitingTime="758.66" meanTravelTime="293.86" meanSpeed="21.07" meanSpeedRelative="0.66" duration="3"/>
    <step time="38700.00" loaded="34208" inserted="31411" running="434" waiting="2797" ended="30977" arrived="30977" collisions="44" teleports="44" halting="4" stopped="0" meanWaitingTime="770.18" meanTravelTime="294.14" meanSpeed="21.17" meanSpeedRelative="0.66" duration="3"/>
    <step time="39000.00" loaded="34649" inserted="31813" running="440" waiting="2836" ended="31373" arrived="31373" collisions="44" teleports="44" halting="9" stopped="0" meanWaitingTime="783.22" meanTravelTime="294.39" meanSpeed="20.23" meanSpeedRelative="0.63" duration="3"/>
    <step time="39300.00" loaded="35132" inserted="32241" running="446" waiting="2891" ended="31795" arrived="31795" collisions="44" teleports="44" halting="7" stopped="0" meanWaitingTime="795.93" meanTravelTime="294.82" meanSpeed="20.79" meanSpeedRelative="0.65" duration="4"/>
    <step time="39600.00" loaded="35587" inserted="32623" running="412" waiting="2964" ended="32211" arrived="32211" collisions="46" teleports="46" halting="5" stopped="0" meanWaitingTime="807.19" meanTravelTime="295.15" meanSpeed="21.08" meanSpeedRelative="0.66" duration="89"/>
    <step time="39900.00" loaded="36087" inserted="33076" running="462" waiting="3011" ended="32614" arrived="32614" collisions="46" teleports="46" halting="3" stopped="0" meanWaitingTime="818.76" meanTravelTime="295.35" meanSpeed="19.79" meanSpeedRelative="0.62" duration="5"/>
    <step time="40200.00" loaded="36638" inserted="33550" running="488" waiting="3088" ended="33062" arrived="33062" collisions="46" teleports="46" halting="6" stopped="0" meanWaitingTime="833.56" meanTravelTime="295.60" meanSpeed="19.23" meanSpeedRelative="0.60" duration="3"/>
    <step time="40500.00" loaded="37157" inserted="34000" running="500" waiting="3157" ended="33500" arrived="33500" collisions="46" teleports="46" halting="12" stopped="0" meanWaitingTime="846.15" meanTravelTime="295.63" meanSpeed="19.44" meanSpeedRelative="0.61" duration="3"/>
    <step time="40800.00" loaded="37627" inserted="34436" running="501" waiting="3191" ended="33935" arrived="33935" collisions="48" teleports="48" halting="9" stopped="0" meanWaitingTime="857.87" meanTravelTime="296.10" meanSpeed="20.01" meanSpeedRelative="0.63" duration="3"/>
    <step time="41100.00" loaded="38129" inserted="34866" running="499" waiting="3263" ended="34367" arrived="34367" collisions="48" teleports="48" halting="7" stopped="0" meanWaitingTime="868.56" meanTravelTime="296.74" meanSpeed="20.42" meanSpeedRelative="0.64" duration="3"/>
    <step time="41400.00" loaded="38655" inserted="35309" running="462" waiting="3346" ended="34847" arrived="34847" collisions="49" teleports="49" halting="6" stopped="0" meanWaitingTime="879.99" meanTravelTime="297.17" meanSpeed="20.96" meanSpeedRelative="0.66" duration="5"/>
    <step time="41700.00" loaded="39208" inserted="35793" running="496" waiting="3415" ended="35297" arrived="35297" collisions="50" teleports="50" halting="8" stopped="0" meanWaitingTime="890.92" meanTravelTime="297.42" meanSpeed="20.47" meanSpeedRelative="0.64" duration="5"/>
    <step time="42000.00" loaded="39679" inserted="36214" running="476" waiting="3465" ended="35738" arrived="35738" collisions="52" teleports="52" halting="6" stopped="0" meanWaitingTime="901.68" meanTravelTime="297.58" meanSpeed="19.80" meanSpeedRelative="0.62" duration="3"/>
    <step time="42300.00" loaded="40194" inserted="36662" running="505" waiting="3532" ended="36157" arrived="36157" collisions="53" teleports="53" halting="6" stopped="0" meanWaitingTime="910.57" meanTravelTime="298.13" meanSpeed="19.90" meanSpeedRelative="0.62" duration="3"/>
    <step time="42600.00" loaded="40713" inserted="37081" running="484" waiting="3632" ended="36597" arrived="36597" collisions="55" teleports="55" halting="8" stopped="0" meanWaitingTime="921.21" meanTravelTime="298.53" meanSpeed="19.72" meanSpeedRelative="0.62" duration="5"/>
    <step time="42900.00" loaded="41227" inserted="37534" running="497" waiting="3693" ended="37037" arrived="37037" collisions="55" teleports="55" halting="5" stopped="0" meanWaitingTime="931.48" meanTravelTime="298.86" meanSpeed="20.00" meanSpeedRelative="0.62" duration="5"/>
    <step time="43200.00" loaded="41782" inserted="37993" running="515" waiting="3789" ended="37478" arrived="37478" collisions="57" teleports="57" halting="3" stopped="0" meanWaitingTime="940.95" meanTravelTime="299.24" meanSpeed="19.74" meanSpeedRelative="0.62" duration="91"/>
    <step time="43500.00" loaded="42304" inserted="38456" running="524" waiting="3848" ended="37932" arrived="37932" collisions="58" teleports="58" halting="12" stopped="0" meanWaitingTime="950.97" meanTravelTime="299.68" meanSpeed="19.92" meanSpeedRelative="0.62" duration="3"/>
    <step time="43800.00" loaded="42895" inserted="38937" running="567" waiting="3958" ended="38370" arrived="38370" collisions="59" teleports="59" halting="9" stopped="0" meanWaitingTime="961.25" meanTravelTime="300.17" meanSpeed="19.22" meanSpeedRelative="0.60" duration="4"/>
    <step time="44100.00" loaded="43448" inserted="39375" running="549" waiting="4073" ended="38826" arrived="38826" collisions="59" teleports="59" halting="5" stopped="0" meanWaitingTime="969.82" meanTravelTime="300.89" meanSpeed="19.59" meanSpeedRelative="0.61" duration="5"/>
    <step time="44400.00" loaded="43981" inserted="39838" running="557" waiting="4143" ended="39281" arrived="39281" collisions="60" teleports="60" halting="3" stopped="0" meanWaitingTime="980.96" meanTravelTime="301.76" meanSpeed="19.09" meanSpeedRelative="0.60" duration="5"/>
    <step time="44700.00" loaded="44535" inserted="40328" running="592" waiting="4207" ended="39736" arrived="39736" collisions="61" teleports="61" halting="3" stopped="0" meanWaitingTime="992.56" meanTravelTime="302.13" meanSpeed="18.20" meanSpeedRelative="0.57" duration="4"/>
    <step time="45000.00" loaded="45057" inserted="40795" running="599" waiting="4262" ended="40196" arrived="40196" collisions="63" teleports="63" halting="10" stopped="0" meanWaitingTime="1005.17" meanTravelTime="303.13" meanSpeed="18.20" meanSpeedRelative="0.57" duration="4"/>
    <step time="45300.00" loaded="45604" inserted="41251" running="583" waiting="4353" ended="40668" arrived="40668" collisions="64" teleports="64" halting="8" stopped="0" meanWaitingTime="1016.33" meanTravelTime="303.92" meanSpeed="18.39" meanSpeedRelative="0.57" duration="5"/>
    <step time="45600.00" loaded="46122" inserted="41687" running="574" waiting="4435" ended="41113" arrived="41113" collisions="67" teleports="67" halting="5" stopped="0" meanWaitingTime="1025.17" meanTravelTime="304.82" meanSpeed="18.73" meanSpeedRelative="0.59" duration="6"/>
    <step time="45900.00" loaded="46659" inserted="42129" running="547" waiting="4530" ended="41582" arrived="41582" collisions="67" teleports="67" halting="7" stopped="0" meanWaitingTime="1033.20" meanTravelTime="305.78" meanSpeed="19.43" meanSpeedRelative="0.61" duration="4"/>
    <step time="46200.00" loaded="47193" inserted="42564" running="520" waiting="4629" ended="42044" arrived="42044" collisions="67" teleports="67" halting="5" stopped="0" meanWaitingTime="1043.51" meanTravelTime="306.47" meanSpeed="19.53" meanSpeedRelative="0.61" duration="5"/>
    <step time="46500.00" loaded="47716" inserted="43017" running="536" waiting="4699" ended="42481" arrived="42481" collisions="69" teleports="69" halting="7" stopped="0" meanWaitingTime="1054.37" meanTravelTime="306.98" meanSpeed="19.58" meanSpeedRelative="0.61" duration="4"/>
    <step time="46800.00" loaded="48213" inserted="43449" running="517" waiting="4764" ended="42932" arrived="42932" collisions="71" teleports="71" halting="4" stopped="0" meanWaitingTime="1064.42" meanTravelTime="307.51" meanSpeed="19.75" meanSpeedRelative="0.62" duration="96"/>
    <step time="47100.00" loaded="48769" inserted="43940" running="558" waiting="4829" ended="43382" arrived="43382" collisions="72" teleports="72" halting="4" stopped="0" meanWaitingTime="1072.58" meanTravelTime="307.92" meanSpeed="19.28" meanSpeedRelative="0.60" duration="5"/>
    <step time="47400.00" loaded="49312" inserted="44394" running="556" waiting="4918" ended="43838" arrived="43838" collisions="74" teleports="74" halting="5" stopped="0" meanWaitingTime="1081.96" meanTravelTime="308.56" meanSpeed="19.49" meanSpeedRelative="0.61" duration="5"/>
    <step time="47700.00" loaded="49829" inserted="44838" running="536" waiting="4991" ended="44302" arrived="44302" collisions="75" teleports="75" halting="11" stopped="0" meanWaitingTime="1091.38" meanTravelTime="309.04" meanSpeed="19.32" meanSpeedRelative="0.60" duration="6"/>
    <step time="48000.00" loaded="50345" inserted="45285" running="532" waiting="5060" ended="44753" arrived="44753" collisions="75" teleports="75" halting="10" stopped="0" meanWaitingTime="1103.25" meanTravelTime="309.74" meanSpeed="19.79" meanSpeedRelative="0.62" duration="5"/>
    <step time="48300.00" loaded="50853" inserted="45744" running="531" waiting="5109" ended="45213" arrived="45213" collisions="75" teleports="75" halting="7" stopped="0" meanWaitingTime="1114.01" meanTravelTime="310.22" meanSpeed="19.32" meanSpeedRelative="0.60" duration="4"/>
    <step time="48600.00" loaded="51408" inserted="46198" running="523" waiting="5210" ended="45675" arrived="45675" collisions="76" teleports="76" halting="2" stopped="0" meanWaitingTime="1123.63" meanTravelTime="310.53" meanSpeed="19.32" meanSpeedRelative="0.60" duration="6"/>
    <step time="48900.00" loaded="51928" inserted="46621" running="513" waiting="5307" ended="46108" arrived="46108" collisions="78" teleports="78" halting="5" stopped="0" meanWaitingTime="1132.98" meanTravelTime="311.01" meanSpeed="19.51" meanSpeedRelative="0.61" duration="3"/>
    <step time="49200.00" loaded="52505" inserted="47096" running="563" waiting="5409" ended="46533" arrived="46533" collisions="79" teleports="79" halting="9" stopped="0" meanWaitingTime="1143.37" meanTravelTime="311.40" meanSpeed="18.56" meanSpeedRelative="0.58" duration="6"/>
    <step time="49500.00" loaded="53027" inserted="47574" running="589" waiting="5453" ended="46985" arrived="46985" collisions="81" teleports="81" halting="3" stopped="0" meanWaitingTime="1156.57" meanTravelTime="311.83" meanSpeed="19.03" meanSpeedRelative="0.59" duration="6"/>
    <step time="49800.00" loaded="53540" inserted="48033" running="551" waiting="5507" ended="47482" arrived="47482" collisions="81" teleports="81" halting="5" stopped="0" meanWaitingTime="1170.61" meanTravelTime="312.46" meanSpeed="18.45" meanSpeedRelative="0.58" duration="5"/>
    <step time="50100.00" loaded="54058" inserted="48506" running="563" waiting="5552" ended="47943" arrived="47943" collisions="84" teleports="84" halting="6" stopped="0" meanWaitingTime="1184.08" meanTravelTime="312.92" meanSpeed="19.34" meanSpeedRelative="0.60" duration="4"/>
    <step time="50400.00" loaded="54606" inserted="48947" running="565" waiting="5659" ended="48382" arrived="48382" collisions="86" teleports="86" halting="6" stopped="0" meanWaitingTime="1194.36" meanTravelTime="313.32" meanSpeed="18.52" meanSpeedRelative="0.58" duration="100"/>
    <step time="50700.00" loaded="55336" inserted="49476" running="627" waiting="5860" ended="48849" arrived="48849" collisions="87" teleports="87" halting="10" stopped="0" meanWaitingTime="1205.46" meanTravelTime="313.84" meanSpeed="17.85" meanSpeedRelative="0.56" duration="5"/>
    <step time="51000.00" loaded="56013" inserted="49996" running="660" waiting="6017" ended="49336" arrived="49336" collisions="88" teleports="88" halting="7" stopped="0" meanWaitingTime="1217.94" meanTravelTime="314.37" meanSpeed="17.11" meanSpeedRelative="0.53" duration="6"/>
    <step time="51300.00" loaded="56768" inserted="50555" running="735" waiting="6213" ended="49820" arrived="49820" collisions="89" teleports="89" halting="8" stopped="0" meanWaitingTime="1230.50" meanTravelTime="315.02" meanSpeed="16.66" meanSpeedRelative="0.52" duration="6"/>
    <step time="51600.00" loaded="57519" inserted="51116" running="785" waiting="6403" ended="50331" arrived="50331" collisions="90" teleports="90" halting="10" stopped="0" meanWaitingTime="1245.44" meanTravelTime="315.86" meanSpeed="15.31" meanSpeedRelative="0.48" duration="8"/>
    <step time="51900.00" loaded="58236" inserted="51657" running="813" waiting="6579" ended="50844" arrived="50844" collisions="91" teleports="91" halting="8" stopped="0" meanWaitingTime="1259.31" meanTravelTime="316.98" meanSpeed="14.95" meanSpeedRelative="0.47" duration="8"/>
    <step time="52200.00" loaded="58964" inserted="52149" running="800" waiting="6815" ended="51349" arrived="51349" collisions="92" teleports="92" halting="8" stopped="0" meanWaitingTime="1270.52" meanTravelTime="318.34" meanSpeed="15.05" meanSpeedRelative="0.47" duration="9"/>
    <step time="52500.00" loaded="59673" inserted="52664" running="817" waiting="7009" ended="51847" arrived="51847" collisions="94" teleports="94" halting="6" stopped="0" meanWaitingTime="1283.45" meanTravelTime="319.75" meanSpeed="14.76" meanSpeedRelative="0.46" duration="9"/>
    <step time="52800.00" loaded="60419" inserted="53190" running="815" waiting="7229" ended="52375" arrived="52375" collisions="96" teleports="96" halting="6" stopped="0" meanWaitingTime="1295.80" meanTravelTime="321.13" meanSpeed="15.52" meanSpeedRelative="0.49" duration="8"/>
    <step time="53100.00" loaded="61104" inserted="53702" running="829" waiting="7402" ended="52873" arrived="52873" collisions="97" teleports="97" halting="11" stopped="0" meanWaitingTime="1308.86" meanTravelTime="322.37" meanSpeed="14.88" meanSpeedRelative="0.46" duration="7"/>
    <step time="53400.00" loaded="61839" inserted="54249" running="843" waiting="7590" ended="53406" arrived="53406" collisions="100" teleports="100" halting="14" stopped="0" meanWaitingTime="1324.11" meanTravelTime="323.88" meanSpeed="13.68" meanSpeedRelative="0.43" duration="6"/>
    <step time="53700.00" loaded="62557" inserted="54750" running="847" waiting="7807" ended="53903" arrived="53903" collisions="104" teleports="104" halting="7" stopped="0" meanWaitingTime="1338.44" meanTravelTime="325.62" meanSpeed="14.14" meanSpeedRelative="0.44" duration="9"/>
    <step time="54000.00" loaded="63291" inserted="55245" running="825" waiting="8046" ended="54420" arrived="54420" collisions="105" teleports="105" halting="12" stopped="0" meanWaitingTime="1350.94" meanTravelTime="327.37" meanSpeed="14.20" meanSpeedRelative="0.44" duration="90"/>
    <step time="54300.00" loaded="63723" inserted="55667" running="763" waiting="8056" ended="54904" arrived="54904" collisions="108" teleports="108" halting="10" stopped="0" meanWaitingTime="1365.60" meanTravelTime="329.02" meanSpeed="14.52" meanSpeedRelative="0.45" duration="6"/>
    <step time="54600.00" loaded="64181" inserted="56081" running="687" waiting="8100" ended="55394" arrived="55394" collisions="114" teleports="114" halting="6" stopped="0" meanWaitingTime="1378.96" meanTravelTime="330.59" meanSpeed="16.31" meanSpeedRelative="0.51" duration="7"/>
    <step time="54900.00" loaded="64666" inserted="56531" running="646" waiting="8135" ended="55885" arrived="55885" collisions="117" teleports="117" halting="2" stopped="0" meanWaitingTime="1393.94" meanTravelTime="331.86" meanSpeed="17.15" meanSpeedRelative="0.54" duration="6"/>
    <step time="55200.00" loaded="65098" inserted="56946" running="573" waiting="8152" ended="56373" arrived="56373" collisions="119" teleports="119" halting="1" stopped="0" meanWaitingTime="1411.76" meanTravelTime="332.76" meanSpeed="18.22" meanSpeedRelative="0.57" duration="6"/>
    <step time="55500.00" loaded="65547" inserted="57393" running="560" waiting="8154" ended="56833" arrived="56833" collisions="120" teleports="120" halting="4" stopped="0" meanWaitingTime="1429.49" meanTravelTime="333.26" meanSpeed="18.87" meanSpeedRelative="0.59" duration="5"/>
    <step time="55800.00" loaded="66033" inserted="57868" running="611" waiting="8165" ended="57257" arrived="57257" collisions="120" teleports="120" halting="11" stopped="0" meanWaitingTime="1446.23" meanTravelTime="333.74" meanSpeed="18.39" meanSpeedRelative="0.57" duration="8"/>
    <step time="56100.00" loaded="66492" inserted="58313" running="574" waiting="8179" ended="57739" arrived="57739" collisions="121" teleports="121" halting="8" stopped="0" meanWaitingTime="1462.94" meanTravelTime="334.16" meanSpeed="19.50" meanSpeedRelative="0.61" duration="8"/>
    <step time="56400.00" loaded="66907" inserted="58744" running="553" waiting="8163" ended="58191" arrived="58191" collisions="123" teleports="123" halting="6" stopped="0" meanWaitingTime="1479.16" meanTravelTime="334.47" meanSpeed="18.19" meanSpeedRelative="0.57" duration="6"/>
    <step time="56700.00" loaded="67329" inserted="59191" running="552" waiting="8138" ended="58639" arrived="58639" collisions="123" teleports="123" halting="7" stopped="0" meanWaitingTime="1499.08" meanTravelTime="334.88" meanSpeed="18.34" meanSpeedRelative="0.57" duration="8"/>
    <step time="57000.00" loaded="67793" inserted="59643" running="549" waiting="8150" ended="59094" arrived="59094" collisions="126" teleports="126" halting="3" stopped="0" meanWaitingTime="1515.62" meanTravelTime="335.23" meanSpeed="18.66" meanSpeedRelative="0.58" duration="8"/>
    <step time="57300.00" loaded="68258" inserted="60119" running="561" waiting="8139" ended="59558" arrived="59558" collisions="128" teleports="128" halting="8" stopped="0" meanWaitingTime="1534.25" meanTravelTime="335.39" meanSpeed="19.06" meanSpeedRelative="0.60" duration="7"/>
    <step time="57600.00" loaded="68679" inserted="60551" running="535" waiting="8128" ended="60016" arrived="60016" collisions="128" teleports="128" halting="6" stopped="0" meanWaitingTime="1550.62" meanTravelTime="335.68" meanSpeed="19.19" meanSpeedRelative="0.60" duration="89"/>
    <step time="57900.00" loaded="69256" inserted="61059" running="603" waiting="8197" ended="60456" arrived="60456" collisions="128" teleports="128" halting="6" stopped="0" meanWaitingTime="1567.08" meanTravelTime="335.83" meanSpeed="18.55" meanSpeedRelative="0.58" duration="9"/>
    <step time="58200.00" loaded="69793" inserted="61539" running="622" waiting="8254" ended="60917" arrived="60917" collisions="129" teleports="129" halting="11" stopped="0" meanWaitingTime="1584.09" meanTravelTime="335.85" meanSpeed="17.79" meanSpeedRelative="0.56" duration="6"/>
    <step time="58500.00" loaded="70375" inserted="62017" running="633" waiting="8358" ended="61384" arrived="61384" collisions="129" teleports="129" halting="7" stopped="0" meanWaitingTime="1600.16" meanTravelTime="336.19" meanSpeed="17.35" meanSpeedRelative="0.54" duration="7"/>
    <step time="58800.00" loaded="70921" inserted="62498" running="646" waiting="8423" ended="61852" arrived="61852" collisions="131" teleports="131" halting="4" stopped="0" meanWaitingTime="1615.81" meanTravelTime="336.59" meanSpeed="16.83" meanSpeedRelative="0.53" duration="8"/>
    <step time="59100.00" loaded="71501" inserted="62984" running="661" waiting="8517" ended="62323" arrived="62323" collisions="132" teleports="132" halting="7" stopped="0" meanWaitingTime="1631.72" meanTravelTime="337.19" meanSpeed="17.58" meanSpeedRelative="0.55" duration="6"/>
    <step time="59400.00" loaded="72063" inserted="63453" running="643" waiting="8610" ended="62810" arrived="62810" collisions="132" teleports="132" halting="5" stopped="0" meanWaitingTime="1647.25" meanTravelTime="337.61" meanSpeed="17.70" meanSpeedRelative="0.55" duration="8"/>
    <step time="59700.00" loaded="72594" inserted="63957" running="670" waiting="8637" ended="63287" arrived="63287" collisions="133" teleports="133" halting="6" stopped="0" meanWaitingTime="1663.83" meanTravelTime="338.10" meanSpeed="16.75" meanSpeedRelative="0.52" duration="9"/>
    <step time="60000.00" loaded="73176" inserted="64443" running="656" waiting="8733" ended="63787" arrived="63787" collisions="133" teleports="133" halting="5" stopped="0" meanWaitingTime="1678.52" meanTravelTime="338.80" meanSpeed="17.49" meanSpeedRelative="0.55" duration="8"/>
    <step time="60300.00" loaded="73742" inserted="64927" running="656" waiting="8815" ended="64271" arrived="64271" collisions="136" teleports="136" halting="3" stopped="0" meanWaitingTime="1694.78" meanTravelTime="339.35" meanSpeed="18.40" meanSpeedRelative="0.57" duration="8"/>
    <step time="60600.00" loaded="74309" inserted="65415" running="636" waiting="8894" ended="64779" arrived="64779" collisions="139" teleports="139" halting="4" stopped="0" meanWaitingTime="1710.56" meanTravelTime="339.77" meanSpeed="17.85" meanSpeedRelative="0.56" duration="7"/>
    <step time="60900.00" loaded="74865" inserted="65898" running="641" waiting="8967" ended="65257" arrived="65257" collisions="141" teleports="141" halting="8" stopped="0" meanWaitingTime="1725.98" meanTravelTime="340.32" meanSpeed="17.31" meanSpeedRelative="0.54" duration="8"/>
    <step time="61200.00" loaded="75426" inserted="66382" running="641" waiting="9044" ended="65741" arrived="65741" collisions="142" teleports="142" halting="7" stopped="0" meanWaitingTime="1742.39" meanTravelTime="340.60" meanSpeed="17.17" meanSpeedRelative="0.54" duration="86"/>
    <step time="61500.00" loaded="75496" inserted="66706" running="522" waiting="8790" ended="66184" arrived="66184" collisions="142" teleports="142" halting="6" stopped="0" meanWaitingTime="1762.02" meanTravelTime="341.10" meanSpeed="17.57" meanSpeedRelative="0.55" duration="7"/>
    <step time="61800.00" loaded="75559" inserted="67058" running="460" waiting="8501" ended="66598" arrived="66598" collisions="142" teleports="142" halting="2" stopped="0" meanWaitingTime="1785.38" meanTravelTime="341.83" meanSpeed="18.75" meanSpeedRelative="0.59" duration="6"/>
    <step time="62100.00" loaded="75632" inserted="67402" running="424" waiting="8230" ended="66978" arrived="66978" collisions="142" teleports="142" halting="4" stopped="0" meanWaitingTime="1808.60" meanTravelTime="342.30" meanSpeed="19.21" meanSpeedRelative="0.60" duration="4"/>
    <step time="62400.00" loaded="75710" inserted="67772" running="432" waiting="7938" ended="67340" arrived="67340" collisions="142" teleports="142" halting="7" stopped="0" meanWaitingTime="1834.20" meanTravelTime="342.37" meanSpeed="18.57" meanSpeedRelative="0.58" duration="6"/>
    <step time="62700.00" loaded="75772" inserted="68116" running="395" waiting="7656" ended="67721" arrived="67721" collisions="144" teleports="144" halting="2" stopped="0" meanWaitingTime="1859.04" meanTravelTime="342.37" meanSpeed="19.88" meanSpeedRelative="0.62" duration="3"/>
    <step time="63000.00" loaded="75842" inserted="68389" running="349" waiting="7453" ended="68040" arrived="68040" collisions="146" teleports="146" halting="5" stopped="0" meanWaitingTime="1882.26" meanTravelTime="342.43" meanSpeed="20.59" meanSpeedRelative="0.64" duration="3"/>
    <step time="63300.00" loaded="75912" inserted="68588" running="268" waiting="7324" ended="68320" arrived="68320" collisions="146" teleports="146" halting="8" stopped="0" meanWaitingTime="1898.02" meanTravelTime="342.67" meanSpeed="21.65" meanSpeedRelative="0.68" duration="4"/>
    <step time="63600.00" loaded="75988" inserted="68805" running="242" waiting="7183" ended="68563" arrived="68563" collisions="148" teleports="148" halting="9" stopped="0" meanWaitingTime="1915.61" meanTravelTime="342.76" meanSpeed="21.01" meanSpeedRelative="0.66" duration="3"/>
    <step time="63900.00" loaded="76056" inserted="69017" running="225" waiting="7039" ended="68792" arrived="68792" collisions="148" teleports="148" halting="5" stopped="0" meanWaitingTime="1933.43" meanTravelTime="342.77" meanSpeed="21.81" meanSpeedRelative="0.68" duration="3"/>
    <step time="64200.00" loaded="76137" inserted="69230" running="214" waiting="6907" ended="69016" arrived="69016" collisions="148" teleports="148" halting="2" stopped="0" meanWaitingTime="1950.70" meanTravelTime="342.78" meanSpeed="21.95" meanSpeedRelative="0.69" duration="5"/>
    <step time="64500.00" loaded="76210" inserted="69432" running="205" waiting="6778" ended="69227" arrived="69227" collisions="148" teleports="148" halting="4" stopped="0" meanWaitingTime="1967.77" meanTravelTime="342.68" meanSpeed="21.92" meanSpeedRelative="0.68" duration="3"/>
    <step time="64800.00" loaded="76271" inserted="69663" running="222" waiting="6608" ended="69441" arrived="69441" collisions="149" teleports="149" halting="6" stopped="0" meanWaitingTime="1990.60" meanTravelTime="342.56" meanSpeed="21.78" meanSpeedRelative="0.68" duration="94"/>
    <step time="65100.00" loaded="76312" inserted="69884" running="221" waiting="6428" ended="69663" arrived="69663" collisions="149" teleports="149" halting="3" stopped="0" meanWaitingTime="2013.64" meanTravelTime="342.39" meanSpeed="22.93" meanSpeedRelative="0.72" duration="3"/>
    <step time="65400.00" loaded="76356" inserted="70115" running="212" waiting="6241" ended="69903" arrived="69903" collisions="149" teleports="149" halting="7" stopped="0" meanWaitingTime="2038.32" meanTravelTime="342.17" meanSpeed="21.14" meanSpeedRelative="0.66" duration="2"/>
    <step time="65700.00" loaded="76406" inserted="70320" running="224" waiting="6086" ended="70096" arrived="70096" collisions="149" teleports="149" halting="6" stopped="0" meanWaitingTime="2058.45" meanTravelTime="342.08" meanSpeed="20.29" meanSpeedRelative="0.63" duration="3"/>
    <step time="66000.00" loaded="76451" inserted="70539" running="221" waiting="5912" ended="70318" arrived="70318" collisions="149" teleports="149" halting="3" stopped="0" meanWaitingTime="2080.05" meanTravelTime="341.93" meanSpeed="21.67" meanSpeedRelative="0.68" duration="2"/>
    <step time="66300.00" loaded="76500" inserted="70763" running="222" waiting="5737" ended="70541" arrived="70541" collisions="149" teleports="149" halting="1" stopped="0" meanWaitingTime="2101.38" meanTravelTime="341.74" meanSpeed="22.10" meanSpeedRelative="0.69" duration="3"/>
    <step time="66600.00" loaded="76542" inserted="70941" running="192" waiting="5601" ended="70749" arrived="70749" collisions="149" teleports="149" halting="4" stopped="0" meanWaitingTime="2119.01" meanTravelTime="341.66" meanSpeed="21.74" meanSpeedRelative="0.68" duration="2"/>
    <step time="66900.00" loaded="76594" inserted="71114" running="138" waiting="5480" ended="70976" arrived="70976" collisions="149" teleports="149" halting="6" stopped="0" meanWaitingTime="2140.10" meanTravelTime="341.52" meanSpeed="20.17" meanSpeedRelative="0.63" duration="3"/>
    <step time="67200.00" loaded="76659" inserted="71270" running="121" waiting="5389" ended="71149" arrived="71149" collisions="149" teleports="149" halting="2" stopped="0" meanWaitingTime="2158.83" meanTravelTime="341.38" meanSpeed="20.25" meanSpeedRelative="0.63" duration="2"/>
    <step time="67500.00" loaded="76707" inserted="71404" running="106" waiting="5303" ended="71298" arrived="71298" collisions="149" teleports="149" halting="2" stopped="0" meanWaitingTime="2174.89" meanTravelTime="341.19" meanSpeed="19.72" meanSpeedRelative="0.62" duration="2"/>
    <step time="67800.00" loaded="76763" inserted="71553" running="123" waiting="5210" ended="71430" arrived="71430" collisions="149" teleports="149" halting="4" stopped="0" meanWaitingTime="2193.22" meanTravelTime="340.98" meanSpeed="21.96" meanSpeedRelative="0.69" duration="1"/>
    <step time="68100.00" loaded="76821" inserted="71701" running="100" waiting="5120" ended="71601" arrived="71601" collisions="149" teleports="149" halting="3" stopped="0" meanWaitingTime="2210.01" meanTravelTime="340.73" meanSpeed="19.32" meanSpeedRelative="0.60" duration="2"/>
    <step time="68400.00" loaded="76875" inserted="71856" running="129" waiting="5019" ended="71727" arrived="71727" collisions="149" teleports="149" halting="0" stopped="0" meanWaitingTime="2230.03" meanTravelTime="340.57" meanSpeed="20.17" meanSpeedRelative="0.63" duration="92"/>
    <step time="68700.00" loaded="77054" inserted="72070" running="171" waiting="4984" ended="71899" arrived="71899" collisions="149" teleports="149" halting="4" stopped="0" meanWaitingTime="2243.88" meanTravelTime="340.28" meanSpeed="21.27" meanSpeedRelative="0.66" duration="2"/>
    <step time="69000.00" loaded="77208" inserted="72283" running="193" waiting="4925" ended="72090" arrived="72090" collisions="149" teleports="149" halting="8" stopped="0" meanWaitingTime="2257.67" meanTravelTime="340.07" meanSpeed="22.81" meanSpeedRelative="0.71" duration="2"/>
    <step time="69300.00" loaded="77373" inserted="72485" running="169" waiting="4888" ended="72316" arrived="72316" collisions="150" teleports="150" halting="1" stopped="0" meanWaitingTime="2271.88" meanTravelTime="339.81" meanSpeed="22.53" meanSpeedRelative="0.70" duration="2"/>
    <step time="69600.00" loaded="77520" inserted="72678" running="172" waiting="4842" ended="72506" arrived="72506" collisions="150" teleports="150" halting="3" stopped="0" meanWaitingTime="2285.56" meanTravelTime="339.65" meanSpeed="22.05" meanSpeedRelative="0.69" duration="3"/>
    <step time="69900.00" loaded="77658" inserted="72865" running="162" waiting="4793" ended="72703" arrived="72703" collisions="150" teleports="150" halting="8" stopped="0" meanWaitingTime="2299.99" meanTravelTime="339.47" meanSpeed="21.93" meanSpeedRelative="0.69" duration="2"/>
    <step time="70200.00" loaded="77818" inserted="73087" running="199" waiting="4731" ended="72888" arrived="72888" collisions="150" teleports="150" halting="2" stopped="0" meanWaitingTime="2314.69" meanTravelTime="339.24" meanSpeed="22.31" meanSpeedRelative="0.70" duration="2"/>
    <step time="70500.00" loaded="77980" inserted="73296" running="199" waiting="4684" ended="73097" arrived="73097" collisions="151" teleports="151" halting="2" stopped="0" meanWaitingTime="2328.27" meanTravelTime="338.98" meanSpeed="22.08" meanSpeedRelative="0.69" duration="2"/>
    <step time="70800.00" loaded="78136" inserted="73504" running="195" waiting="4632" ended="73309" arrived="73309" collisions="151" teleports="151" halting="5" stopped="0" meanWaitingTime="2342.50" meanTravelTime="338.83" meanSpeed="21.87" meanSpeedRelative="0.68" duration="3"/>
    <step time="71100.00" loaded="78291" inserted="73720" running="194" waiting="4571" ended="73526" arrived="73526" collisions="151" teleports="151" halting="9" stopped="0" meanWaitingTime="2357.18" meanTravelTime="338.68" meanSpeed="21.74" meanSpeedRelative="0.68" duration="2"/>
    <step time="71400.00" loaded="78433" inserted="73913" running="171" waiting="4520" ended="73742" arrived="73742" collisions="151" teleports="151" halting="2" stopped="0" meanWaitingTime="2370.88" meanTravelTime="338.50" meanSpeed="22.26" meanSpeedRelative="0.70" duration="2"/>
    <step time="71700.00" loaded="78600" inserted="74128" running="191" waiting="4472" ended="73937" arrived="73937" collisions="152" teleports="152" halting="4" stopped="0" meanWaitingTime="2385.50" meanTravelTime="338.30" meanSpeed="21.78" meanSpeedRelative="0.68" duration="2"/>
    <step time="72000.00" loaded="78743" inserted="74319" running="159" waiting="4424" ended="74160" arrived="74160" collisions="152" teleports="152" halting="5" stopped="0" meanWaitingTime="2402.06" meanTravelTime="338.12" meanSpeed="22.15" meanSpeedRelative="0.69" duration="86"/>
    <step time="72300.00" loaded="78882" inserted="74518" running="174" waiting="4364" ended="74344" arrived="74344" collisions="152" teleports="152" halting="3" stopped="0" meanWaitingTime="2416.53" meanTravelTime="337.93" meanSpeed="22.34" meanSpeedRelative="0.70" duration="1"/>
    <step time="72600.00" loaded="79012" inserted="74711" running="166" waiting="4301" ended="74545" arrived="74545" collisions="152" teleports="152" halting="2" stopped="0" meanWaitingTime="2432.51" meanTravelTime="337.74" meanSpeed="22.34" meanSpeedRelative="0.70" duration="2"/>
    <step time="72900.00" loaded="79149" inserted="74912" running="178" waiting="4237" ended="74734" arrived="74734" collisions="152" teleports="152" halting="4" stopped="0" meanWaitingTime="2448.18" meanTravelTime="337.61" meanSpeed="22.57" meanSpeedRelative="0.71" duration="1"/>
    <step time="73200.00" loaded="79290" inserted="75107" running="178" waiting="4183" ended="74929" arrived="74929" collisions="152" teleports="152" halting="6" stopped="0" meanWaitingTime="2463.46" meanTravelTime="337.42" meanSpeed="21.70" meanSpeedRelative="0.68" duration="2"/>
    <step time="73500.00" loaded="79423" inserted="75296" running="164" waiting="4127" ended="75132" arrived="75132" collisions="152" teleports="152" halting="4" stopped="0" meanWaitingTime="2478.73" meanTravelTime="337.21" meanSpeed="21.04" meanSpeedRelative="0.66" duration="2"/>
    <step time="73800.00" loaded="79545" inserted="75476" running="157" waiting="4069" ended="75319" arrived="75319" collisions="152" teleports="152" halting="3" stopped="0" meanWaitingTime="2494.09" meanTravelTime="336.99" meanSpeed="21.84" meanSpeedRelative="0.68" duration="2"/>
    <step time="74100.00" loaded="79682" inserted="75674" running="174" waiting="4008" ended="75500" arrived="75500" collisions="152" teleports="152" halting="4" stopped="0" meanWaitingTime="2509.47" meanTravelTime="336.84" meanSpeed="23.05" meanSpeedRelative="0.72" duration="1"/>
    <step time="74400.00" loaded="79819" inserted="75868" running="175" waiting="3951" ended="75693" arrived="75693" collisions="152" teleports="152" halting="5" stopped="0" meanWaitingTime="2523.17" meanTravelTime="336.69" meanSpeed="22.72" meanSpeedRelative="0.71" duration="2"/>
    <step time="74700.00" loaded="79950" inserted="76056" running="166" waiting="3894" ended="75890" arrived="75890" collisions="152" teleports="152" halting="4" stopped="0" meanWaitingTime="2537.29" meanTravelTime="336.53" meanSpeed="22.51" meanSpeedRelative="0.70" duration="1"/>
    <step time="75000.00" loaded="80096" inserted="76269" running="171" waiting="3827" ended="76098" arrived="76098" collisions="152" teleports="152" halting="1" stopped="0" meanWaitingTime="2553.28" meanTravelTime="336.34" meanSpeed="22.62" meanSpeedRelative="0.71" duration="1"/>
    <step time="75300.00" loaded="80237" inserted="76471" running="176" waiting="3766" ended="76295" arrived="76295" collisions="152" teleports="152" halting="3" stopped="0" meanWaitingTime="2564.76" meanTravelTime="336.12" meanSpeed="22.30" meanSpeedRelative="0.70" duration="1"/>
    <step time="75600.00" loaded="80380" inserted="76676" running="194" waiting="3704" ended="76482" arrived="76482" collisions="152" teleports="152" halting="4" stopped="0" meanWaitingTime="2579.01" meanTravelTime="335.90" meanSpeed="22.84" meanSpeedRelative="0.71" duration="85"/>
    <step time="75900.00" loaded="80572" inserted="76903" running="215" waiting="3669" ended="76688" arrived="76688" collisions="152" teleports="152" halting="1" stopped="0" meanWaitingTime="2589.02" meanTravelTime="335.74" meanSpeed="22.81" meanSpeedRelative="0.71" duration="2"/>
    <step time="76200.00" loaded="80768" inserted="77148" running="212" waiting="3620" ended="76936" arrived="76936" collisions="154" teleports="154" halting="6" stopped="0" meanWaitingTime="2600.36" meanTravelTime="335.55" meanSpeed="21.97" meanSpeedRelative="0.69" duration="2"/>
    <step time="76500.00" loaded="80940" inserted="77365" running="199" waiting="3575" ended="77166" arrived="77166" collisions="154" teleports="154" halting="5" stopped="0" meanWaitingTime="2612.72" meanTravelTime="335.29" meanSpeed="22.11" meanSpeedRelative="0.69" duration="2"/>
    <step time="76800.00" loaded="81127" inserted="77575" running="197" waiting="3552" ended="77378" arrived="77378" collisions="154" teleports="154" halting="5" stopped="0" meanWaitingTime="2623.56" meanTravelTime="335.22" meanSpeed="21.62" meanSpeedRelative="0.68" duration="2"/>
    <step time="77100.00" loaded="81307" inserted="77800" running="198" waiting="3507" ended="77602" arrived="77602" collisions="154" teleports="154" halting="2" stopped="0" meanWaitingTime="2634.96" meanTravelTime="335.00" meanSpeed="21.41" meanSpeedRelative="0.67" duration="2"/>
    <step time="77400.00" loaded="81490" inserted="78032" running="209" waiting="3458" ended="77823" arrived="77823" collisions="154" teleports="154" halting="7" stopped="0" meanWaitingTime="2646.06" meanTravelTime="334.89" meanSpeed="21.50" meanSpeedRelative="0.67" duration="1"/>
    <step time="77700.00" loaded="81671" inserted="78249" running="216" waiting="3422" ended="78033" arrived="78033" collisions="154" teleports="154" halting="5" stopped="0" meanWaitingTime="2654.96" meanTravelTime="334.73" meanSpeed="22.06" meanSpeedRelative="0.69" duration="1"/>
    <step time="78000.00" loaded="81887" inserted="78514" running="235" waiting="3373" ended="78279" arrived="78279" collisions="154" teleports="154" halting="4" stopped="0" meanWaitingTime="2664.35" meanTravelTime="334.49" meanSpeed="22.22" meanSpeedRelative="0.69" duration="2"/>
    <step time="78300.00" loaded="82074" inserted="78747" running="218" waiting="3327" ended="78529" arrived="78529" collisions="155" teleports="155" halting="4" stopped="0" meanWaitingTime="2674.49" meanTravelTime="334.28" meanSpeed="21.89" meanSpeedRelative="0.68" duration="2"/>
    <step time="78600.00" loaded="82277" inserted="78997" running="223" waiting="3280" ended="78774" arrived="78774" collisions="155" teleports="155" halting="4" stopped="0" meanWaitingTime="2682.32" meanTravelTime="334.14" meanSpeed="22.08" meanSpeedRelative="0.69" duration="2"/>
    <step time="78900.00" loaded="82457" inserted="79220" running="198" waiting="3237" ended="79022" arrived="79022" collisions="155" teleports="155" halting="3" stopped="0" meanWaitingTime="2690.95" meanTravelTime="333.92" meanSpeed="22.80" meanSpeedRelative="0.71" duration="2"/>
    <step time="79200.00" loaded="82661" inserted="79465" running="225" waiting="3196" ended="79240" arrived="79240" collisions="155" teleports="155" halting="6" stopped="0" meanWaitingTime="2699.53" meanTravelTime="333.77" meanSpeed="22.39" meanSpeedRelative="0.70" duration="83"/>
    <step time="79500.00" loaded="82842" inserted="79671" running="186" waiting="3171" ended="79485" arrived="79485" collisions="155" teleports="155" halting="3" stopped="0" meanWaitingTime="2704.93" meanTravelTime="333.63" meanSpeed="22.82" meanSpeedRelative="0.71" duration="2"/>
    <step time="79800.00" loaded="83015" inserted="79852" running="186" waiting="3163" ended="79666" arrived="79666" collisions="155" teleports="155" halting="1" stopped="0" meanWaitingTime="2709.35" meanTravelTime="333.57" meanSpeed="23.23" meanSpeedRelative="0.73" duration="2"/>
    <step time="80100.00" loaded="83180" inserted="80019" running="162" waiting="3161" ended="79857" arrived="79857" collisions="155" teleports="155" halting="5" stopped="0" meanWaitingTime="2713.35" meanTravelTime="333.49" meanSpeed="22.57" meanSpeedRelative="0.71" duration="2"/>
    <step time="80400.00" loaded="83352" inserted="80200" running="180" waiting="3152" ended="80020" arrived="80020" collisions="156" teleports="156" halting="8" stopped="0" meanWaitingTime="2717.64" meanTravelTime="333.45" meanSpeed="22.40" meanSpeedRelative="0.70" duration="1"/>
    <step time="80700.00" loaded="83511" inserted="80379" running="179" waiting="3132" ended="80200" arrived="80200" collisions="157" teleports="157" halting="5" stopped="0" meanWaitingTime="2721.90" meanTravelTime="333.34" meanSpeed="22.82" meanSpeedRelative="0.71" duration="2"/>
    <step time="81000.00" loaded="83687" inserted="80558" running="167" waiting="3129" ended="80391" arrived="80391" collisions="157" teleports="157" halting="1" stopped="0" meanWaitingTime="2726.57" meanTravelTime="333.20" meanSpeed="24.40" meanSpeedRelative="0.76" duration="2"/>
    <step time="81300.00" loaded="83863" inserted="80742" running="171" waiting="3121" ended="80571" arrived="80571" collisions="157" teleports="157" halting="8" stopped="0" meanWaitingTime="2730.37" meanTravelTime="333.10" meanSpeed="22.43" meanSpeedRelative="0.70" duration="2"/>
    <step time="81600.00" loaded="84053" inserted="80937" running="180" waiting="3116" ended="80757" arrived="80757" collisions="159" teleports="159" halting="4" stopped="0" meanWaitingTime="2733.86" meanTravelTime="332.97" meanSpeed="23.76" meanSpeedRelative="0.74" duration="2"/>
    <step time="81900.00" loaded="84224" inserted="81124" running="164" waiting="3100" ended="80960" arrived="80960" collisions="160" teleports="160" halting="2" stopped="0" meanWaitingTime="2738.19" meanTravelTime="332.79" meanSpeed="23.97" meanSpeedRelative="0.75" duration="2"/>
    <step time="82200.00" loaded="84389" inserted="81314" running="155" waiting="3075" ended="81159" arrived="81159" collisions="160" teleports="160" halting="6" stopped="0" meanWaitingTime="2742.97" meanTravelTime="332.59" meanSpeed="23.57" meanSpeedRelative="0.74" duration="1"/>
    <step time="82500.00" loaded="84555" inserted="81480" running="159" waiting="3075" ended="81321" arrived="81321" collisions="160" teleports="160" halting="8" stopped="0" meanWaitingTime="2746.94" meanTravelTime="332.47" meanSpeed="22.21" meanSpeedRelative="0.69" duration="2"/>
</summary>
