<?xml version="1.0" encoding="UTF-8"?>

<!-- generated on 2025-08-08 03:49:52 by Eclipse SUMO sumo Version 1.23.1
<sumoConfiguration xmlns:xsi="http://www.w3.org/2001/XMLSchema-instance" xsi:noNamespaceSchemaLocation="http://sumo.dlr.de/xsd/sumoConfiguration.xsd">

    <input>
        <net-file value="Desktop\Master Thesis\Network_fin.net.xml"/>
        <route-files value="Desktop\Master Thesis\demand_model_amsterdam.rou.xml"/>
        <additional-files value="Desktop\Master Thesis\Additionnal.add.xml"/>
    </input>

    <output>
        <summary-output value="outputf/summary_coor_alinea_2neigh_method1_K80_target5_92372.xml"/>
        <summary-output.period value="300"/>
        <tripinfo-output value="outputf/tripinfo_coor_alinea_2neigh_method1_K80_target5_92372.xml"/>
    </output>

    <time>
        <begin value="0"/>
        <end value="82800"/>
        <step-length value="1"/>
    </time>

    <processing>
        <time-to-teleport value="-1"/>
    </processing>

    <report>
        <verbose value="true"/>
        <no-step-log value="true"/>
    </report>

    <emissions>
        <device.emissions.period value="10"/>
    </emissions>

    <traci_server>
        <remote-port value="49967"/>
    </traci_server>

    <random_number>
        <seed value="92372"/>
    </random_number>

</sumoConfiguration>
-->

<summary xmlns:xsi="http://www.w3.org/2001/XMLSchema-instance" xsi:noNamespaceSchemaLocation="http://sumo.dlr.de/xsd/summary_file.xsd">
    <step time="0.00" loaded="0" inserted="0" running="0" waiting="0" ended="0" arrived="0" collisions="0" teleports="0" halting="0" stopped="0" meanWaitingTime="-1.00" meanTravelTime="-1.00" meanSpeed="-1.00" meanSpeedRelative="-1.00" duration="1"/>
    <step time="300.00" loaded="181" inserted="181" running="101" waiting="0" ended="80" arrived="80" collisions="0" teleports="0" halting="1" stopped="0" meanWaitingTime="0.54" meanTravelTime="97.45" meanSpeed="25.09" meanSpeedRelative="0.78" duration="1"/>
    <step time="600.00" loaded="369" inserted="367" running="141" waiting="2" ended="226" arrived="226" collisions="0" teleports="0" halting="0" stopped="0" meanWaitingTime="0.47" meanTravelTime="144.00" meanSpeed="24.57" meanSpeedRelative="0.77" duration="1"/>
    <step time="900.00" loaded="560" inserted="560" running="158" waiting="0" ended="402" arrived="402" collisions="0" teleports="0" halting="0" stopped="0" meanWaitingTime="0.43" meanTravelTime="171.27" meanSpeed="25.23" meanSpeedRelative="0.79" duration="1"/>
    <step time="1200.00" loaded="733" inserted="733" running="167" waiting="0" ended="566" arrived="566" collisions="0" teleports="0" halting="2" stopped="0" meanWaitingTime="0.43" meanTravelTime="192.59" meanSpeed="25.67" meanSpeedRelative="0.80" duration="1"/>
    <step time="1500.00" loaded="903" inserted="903" running="158" waiting="0" ended="745" arrived="745" collisions="0" teleports="0" halting="1" stopped="0" meanWaitingTime="0.44" meanTravelTime="213.33" meanSpeed="25.15" meanSpeedRelative="0.79" duration="1"/>
    <step time="1800.00" loaded="1104" inserted="1104" running="168" waiting="0" ended="936" arrived="936" collisions="0" teleports="0" halting="2" stopped="0" meanWaitingTime="0.43" meanTravelTime="220.57" meanSpeed="25.25" meanSpeedRelative="0.79" duration="2"/>
    <step time="2100.00" loaded="1309" inserted="1309" running="177" waiting="0" ended="1132" arrived="1132" collisions="0" teleports="0" halting="1" stopped="0" meanWaitingTime="0.43" meanTravelTime="226.95" meanSpeed="24.43" meanSpeedRelative="0.76" duration="1"/>
    <step time="2400.00" loaded="1486" inserted="1486" running="158" waiting="0" ended="1328" arrived="1328" collisions="0" teleports="0" halting="1" stopped="0" meanWaitingTime="0.44" meanTravelTime="229.48" meanSpeed="25.60" meanSpeedRelative="0.80" duration="1"/>
    <step time="2700.00" loaded="1667" inserted="1667" running="140" waiting="0" ended="1527" arrived="1527" collisions="0" teleports="0" halting="4" stopped="0" meanWaitingTime="0.45" meanTravelTime="234.60" meanSpeed="23.94" meanSpeedRelative="0.75" duration="1"/>
    <step time="3000.00" loaded="1836" inserted="1836" running="131" waiting="0" ended="1705" arrived="1705" collisions="1" teleports="1" halting="0" stopped="0" meanWaitingTime="0.43" meanTravelTime="236.23" meanSpeed="25.15" meanSpeedRelative="0.79" duration="1"/>
    <step time="3300.00" loaded="2018" inserted="2017" running="160" waiting="1" ended="1857" arrived="1857" collisions="2" teleports="2" halting="1" stopped="0" meanWaitingTime="0.49" meanTravelTime="235.25" meanSpeed="23.48" meanSpeedRelative="0.73" duration="1"/>
    <step time="3600.00" loaded="2205" inserted="2196" running="160" waiting="9" ended="2036" arrived="2036" collisions="2" teleports="2" halting="4" stopped="0" meanWaitingTime="1.07" meanTravelTime="236.98" meanSpeed="24.51" meanSpeedRelative="0.77" duration="86"/>
    <step time="3900.00" loaded="2319" inserted="2317" running="121" waiting="2" ended="2196" arrived="2196" collisions="2" teleports="2" halting="2" stopped="0" meanWaitingTime="1.99" meanTravelTime="239.65" meanSpeed="24.22" meanSpeedRelative="0.76" duration="1"/>
    <step time="4200.00" loaded="2422" inserted="2422" running="95" waiting="0" ended="2327" arrived="2327" collisions="2" teleports="2" halting="0" stopped="0" meanWaitingTime="1.96" meanTravelTime="242.32" meanSpeed="25.56" meanSpeedRelative="0.80" duration="1"/>
    <step time="4500.00" loaded="2529" inserted="2529" running="95" waiting="0" ended="2434" arrived="2434" collisions="2" teleports="2" halting="1" stopped="0" meanWaitingTime="1.90" meanTravelTime="244.63" meanSpeed="25.91" meanSpeedRelative="0.81" duration="1"/>
    <step time="4800.00" loaded="2662" inserted="2661" running="108" waiting="1" ended="2553" arrived="2553" collisions="2" teleports="2" halting="1" stopped="0" meanWaitingTime="1.83" meanTravelTime="244.94" meanSpeed="24.62" meanSpeedRelative="0.77" duration="0"/>
    <step time="5100.00" loaded="2766" inserted="2766" running="83" waiting="0" ended="2683" arrived="2683" collisions="2" teleports="2" halting="1" stopped="0" meanWaitingTime="1.77" meanTravelTime="244.06" meanSpeed="25.51" meanSpeedRelative="0.80" duration="1"/>
    <step time="5400.00" loaded="2868" inserted="2868" running="92" waiting="0" ended="2776" arrived="2776" collisions="2" teleports="2" halting="1" stopped="0" meanWaitingTime="1.72" meanTravelTime="245.78" meanSpeed="26.10" meanSpeedRelative="0.82" duration="0"/>
    <step time="5700.00" loaded="2974" inserted="2974" running="88" waiting="0" ended="2886" arrived="2886" collisions="2" teleports="2" halting="1" stopped="0" meanWaitingTime="1.66" meanTravelTime="245.42" meanSpeed="26.00" meanSpeedRelative="0.81" duration="1"/>
    <step time="6000.00" loaded="3081" inserted="3081" running="90" waiting="0" ended="2991" arrived="2991" collisions="2" teleports="2" halting="1" stopped="0" meanWaitingTime="1.61" meanTravelTime="244.63" meanSpeed="24.43" meanSpeedRelative="0.76" duration="0"/>
    <step time="6300.00" loaded="3191" inserted="3191" running="97" waiting="0" ended="3094" arrived="3094" collisions="2" teleports="2" halting="1" stopped="0" meanWaitingTime="1.56" meanTravelTime="243.33" meanSpeed="26.06" meanSpeedRelative="0.81" duration="1"/>
    <step time="6600.00" loaded="3313" inserted="3313" running="103" waiting="0" ended="3210" arrived="3210" collisions="2" teleports="2" halting="1" stopped="0" meanWaitingTime="1.52" meanTravelTime="244.76" meanSpeed="25.66" meanSpeedRelative="0.80" duration="1"/>
    <step time="6900.00" loaded="3414" inserted="3414" running="91" waiting="0" ended="3323" arrived="3323" collisions="3" teleports="3" halting="1" stopped="0" meanWaitingTime="1.48" meanTravelTime="245.30" meanSpeed="25.31" meanSpeedRelative="0.79" duration="1"/>
    <step time="7200.00" loaded="3528" inserted="3521" running="91" waiting="7" ended="3430" arrived="3430" collisions="3" teleports="3" halting="4" stopped="0" meanWaitingTime="1.60" meanTravelTime="245.89" meanSpeed="25.01" meanSpeedRelative="0.78" duration="87"/>
    <step time="7500.00" loaded="3685" inserted="3667" running="121" waiting="18" ended="3546" arrived="3546" collisions="3" teleports="3" halting="1" stopped="0" meanWaitingTime="2.09" meanTravelTime="245.38" meanSpeed="25.06" meanSpeedRelative="0.78" duration="0"/>
    <step time="7800.00" loaded="3845" inserted="3830" running="139" waiting="15" ended="3691" arrived="3691" collisions="3" teleports="3" halting="0" stopped="0" meanWaitingTime="3.25" meanTravelTime="246.24" meanSpeed="25.45" meanSpeedRelative="0.80" duration="1"/>
    <step time="8100.00" loaded="4018" inserted="3986" running="136" waiting="32" ended="3850" arrived="3850" collisions="3" teleports="3" halting="5" stopped="0" meanWaitingTime="4.19" meanTravelTime="246.30" meanSpeed="24.41" meanSpeedRelative="0.76" duration="1"/>
    <step time="8400.00" loaded="4169" inserted="4129" running="143" waiting="40" ended="3986" arrived="3986" collisions="3" teleports="3" halting="0" stopped="0" meanWaitingTime="5.92" meanTravelTime="246.13" meanSpeed="25.20" meanSpeedRelative="0.79" duration="1"/>
    <step time="8700.00" loaded="4317" inserted="4276" running="122" waiting="41" ended="4154" arrived="4154" collisions="3" teleports="3" halting="1" stopped="0" meanWaitingTime="8.11" meanTravelTime="248.63" meanSpeed="24.67" meanSpeedRelative="0.77" duration="1"/>
    <step time="9000.00" loaded="4477" inserted="4420" running="125" waiting="57" ended="4295" arrived="4295" collisions="3" teleports="3" halting="5" stopped="0" meanWaitingTime="10.16" meanTravelTime="248.37" meanSpeed="24.07" meanSpeedRelative="0.75" duration="1"/>
    <step time="9300.00" loaded="4637" inserted="4571" running="128" waiting="66" ended="4443" arrived="4443" collisions="3" teleports="3" halting="0" stopped="0" meanWaitingTime="12.54" meanTravelTime="248.88" meanSpeed="24.18" meanSpeedRelative="0.76" duration="1"/>
    <step time="9600.00" loaded="4793" inserted="4721" running="129" waiting="72" ended="4592" arrived="4592" collisions="3" teleports="3" halting="1" stopped="0" meanWaitingTime="15.54" meanTravelTime="249.09" meanSpeed="24.82" meanSpeedRelative="0.78" duration="1"/>
    <step time="9900.00" loaded="4953" inserted="4882" running="127" waiting="71" ended="4755" arrived="4755" collisions="3" teleports="3" halting="3" stopped="0" meanWaitingTime="18.82" meanTravelTime="249.26" meanSpeed="23.94" meanSpeedRelative="0.75" duration="0"/>
    <step time="10200.00" loaded="5102" inserted="5022" running="115" waiting="80" ended="4907" arrived="4907" collisions="3" teleports="3" halting="1" stopped="0" meanWaitingTime="22.10" meanTravelTime="249.24" meanSpeed="25.22" meanSpeedRelative="0.79" duration="1"/>
    <step time="10500.00" loaded="5246" inserted="5162" running="116" waiting="84" ended="5046" arrived="5046" collisions="3" teleports="3" halting="1" stopped="0" meanWaitingTime="25.65" meanTravelTime="249.36" meanSpeed="24.32" meanSpeedRelative="0.76" duration="1"/>
    <step time="10800.00" loaded="5391" inserted="5300" running="102" waiting="91" ended="5198" arrived="5198" collisions="3" teleports="3" halting="4" stopped="0" meanWaitingTime="28.95" meanTravelTime="248.70" meanSpeed="24.45" meanSpeedRelative="0.76" duration="87"/>
    <step time="11100.00" loaded="5531" inserted="5432" running="101" waiting="99" ended="5331" arrived="5331" collisions="3" teleports="3" halting="0" stopped="0" meanWaitingTime="32.29" meanTravelTime="248.84" meanSpeed="24.55" meanSpeedRelative="0.77" duration="0"/>
    <step time="11400.00" loaded="5674" inserted="5582" running="122" waiting="92" ended="5460" arrived="5460" collisions="3" teleports="3" halting="2" stopped="0" meanWaitingTime="36.59" meanTravelTime="248.24" meanSpeed="24.70" meanSpeedRelative="0.77" duration="1"/>
    <step time="11700.00" loaded="5832" inserted="5737" running="123" waiting="95" ended="5614" arrived="5614" collisions="3" teleports="3" halting="5" stopped="0" meanWaitingTime="40.11" meanTravelTime="247.83" meanSpeed="23.24" meanSpeedRelative="0.73" duration="1"/>
    <step time="12000.00" loaded="5972" inserted="5876" running="113" waiting="96" ended="5763" arrived="5763" collisions="3" teleports="3" halting="2" stopped="0" meanWaitingTime="43.54" meanTravelTime="247.61" meanSpeed="24.19" meanSpeedRelative="0.76" duration="1"/>
    <step time="12300.00" loaded="6105" inserted="6011" running="104" waiting="94" ended="5907" arrived="5907" collisions="3" teleports="3" halting="2" stopped="0" meanWaitingTime="47.29" meanTravelTime="247.61" meanSpeed="24.75" meanSpeedRelative="0.77" duration="1"/>
    <step time="12600.00" loaded="6250" inserted="6156" running="115" waiting="94" ended="6041" arrived="6041" collisions="3" teleports="3" halting="2" stopped="0" meanWaitingTime="50.58" meanTravelTime="247.58" meanSpeed="23.50" meanSpeedRelative="0.73" duration="1"/>
    <step time="12900.00" loaded="6391" inserted="6298" running="113" waiting="93" ended="6185" arrived="6185" collisions="3" teleports="3" halting="0" stopped="0" meanWaitingTime="53.98" meanTravelTime="246.89" meanSpeed="24.27" meanSpeedRelative="0.76" duration="1"/>
    <step time="13200.00" loaded="6539" inserted="6425" running="105" waiting="114" ended="6320" arrived="6320" collisions="3" teleports="3" halting="0" stopped="0" meanWaitingTime="57.29" meanTravelTime="246.97" meanSpeed="24.62" meanSpeedRelative="0.77" duration="1"/>
    <step time="13500.00" loaded="6675" inserted="6568" running="105" waiting="107" ended="6463" arrived="6463" collisions="3" teleports="3" halting="3" stopped="0" meanWaitingTime="61.16" meanTravelTime="246.63" meanSpeed="24.26" meanSpeedRelative="0.76" duration="1"/>
    <step time="13800.00" loaded="6834" inserted="6726" running="122" waiting="108" ended="6604" arrived="6604" collisions="3" teleports="3" halting="4" stopped="0" meanWaitingTime="63.79" meanTravelTime="245.88" meanSpeed="23.98" meanSpeedRelative="0.75" duration="1"/>
    <step time="14100.00" loaded="6988" inserted="6868" running="116" waiting="120" ended="6752" arrived="6752" collisions="3" teleports="3" halting="1" stopped="0" meanWaitingTime="66.72" meanTravelTime="245.50" meanSpeed="24.29" meanSpeedRelative="0.76" duration="1"/>
    <step time="14400.00" loaded="7164" inserted="7034" running="117" waiting="130" ended="6917" arrived="6917" collisions="3" teleports="3" halting="1" stopped="0" meanWaitingTime="69.91" meanTravelTime="245.59" meanSpeed="25.57" meanSpeedRelative="0.80" duration="89"/>
    <step time="14700.00" loaded="7263" inserted="7142" running="97" waiting="121" ended="7045" arrived="7045" collisions="3" teleports="3" halting="2" stopped="0" meanWaitingTime="72.92" meanTravelTime="245.41" meanSpeed="24.44" meanSpeedRelative="0.76" duration="1"/>
    <step time="15000.00" loaded="7371" inserted="7245" running="88" waiting="126" ended="7157" arrived="7157" collisions="3" teleports="3" halting="4" stopped="0" meanWaitingTime="75.81" meanTravelTime="245.45" meanSpeed="23.41" meanSpeedRelative="0.73" duration="1"/>
    <step time="15300.00" loaded="7477" inserted="7350" running="79" waiting="127" ended="7271" arrived="7271" collisions="3" teleports="3" halting="0" stopped="0" meanWaitingTime="79.03" meanTravelTime="245.30" meanSpeed="24.70" meanSpeedRelative="0.77" duration="0"/>
    <step time="15600.00" loaded="7559" inserted="7433" running="63" waiting="126" ended="7370" arrived="7370" collisions="3" teleports="3" halting="2" stopped="0" meanWaitingTime="82.56" meanTravelTime="245.50" meanSpeed="23.05" meanSpeedRelative="0.72" duration="1"/>
    <step time="15900.00" loaded="7661" inserted="7544" running="80" waiting="117" ended="7464" arrived="7464" collisions="3" teleports="3" halting="2" stopped="0" meanWaitingTime="87.06" meanTravelTime="245.27" meanSpeed="23.99" meanSpeedRelative="0.75" duration="1"/>
    <step time="16200.00" loaded="7781" inserted="7668" running="97" waiting="113" ended="7571" arrived="7571" collisions="3" teleports="3" halting="0" stopped="0" meanWaitingTime="90.51" meanTravelTime="244.81" meanSpeed="24.03" meanSpeedRelative="0.75" duration="1"/>
    <step time="16500.00" loaded="7884" inserted="7778" running="84" waiting="106" ended="7694" arrived="7694" collisions="3" teleports="3" halting="1" stopped="0" meanWaitingTime="94.26" meanTravelTime="244.19" meanSpeed="23.23" meanSpeedRelative="0.73" duration="1"/>
    <step time="16800.00" loaded="7987" inserted="7889" running="88" waiting="98" ended="7801" arrived="7801" collisions="3" teleports="3" halting="2" stopped="0" meanWaitingTime="97.74" meanTravelTime="243.85" meanSpeed="22.93" meanSpeedRelative="0.72" duration="0"/>
    <step time="17100.00" loaded="8084" inserted="7987" running="91" waiting="97" ended="7896" arrived="7896" collisions="3" teleports="3" halting="2" stopped="0" meanWaitingTime="100.39" meanTravelTime="243.84" meanSpeed="23.71" meanSpeedRelative="0.74" duration="1"/>
    <step time="17400.00" loaded="8183" inserted="8094" running="82" waiting="89" ended="8012" arrived="8012" collisions="3" teleports="3" halting="1" stopped="0" meanWaitingTime="103.50" meanTravelTime="244.06" meanSpeed="24.80" meanSpeedRelative="0.77" duration="1"/>
    <step time="17700.00" loaded="8285" inserted="8203" running="78" waiting="82" ended="8125" arrived="8125" collisions="3" teleports="3" halting="1" stopped="0" meanWaitingTime="106.93" meanTravelTime="244.16" meanSpeed="23.75" meanSpeedRelative="0.74" duration="1"/>
    <step time="18000.00" loaded="8384" inserted="8303" running="75" waiting="81" ended="8228" arrived="8228" collisions="3" teleports="3" halting="6" stopped="0" meanWaitingTime="109.34" meanTravelTime="243.58" meanSpeed="23.53" meanSpeedRelative="0.74" duration="81"/>
    <step time="18300.00" loaded="8595" inserted="8501" running="140" waiting="94" ended="8361" arrived="8361" collisions="3" teleports="3" halting="1" stopped="0" meanWaitingTime="110.35" meanTravelTime="242.98" meanSpeed="23.88" meanSpeedRelative="0.75" duration="1"/>
    <step time="18600.00" loaded="8805" inserted="8701" running="152" waiting="104" ended="8549" arrived="8549" collisions="3" teleports="3" halting="0" stopped="0" meanWaitingTime="111.09" meanTravelTime="241.97" meanSpeed="24.74" meanSpeedRelative="0.77" duration="2"/>
    <step time="18900.00" loaded="8989" inserted="8878" running="144" waiting="111" ended="8734" arrived="8734" collisions="3" teleports="3" halting="1" stopped="0" meanWaitingTime="111.59" meanTravelTime="241.83" meanSpeed="25.70" meanSpeedRelative="0.80" duration="1"/>
    <step time="19200.00" loaded="9182" inserted="9054" running="150" waiting="128" ended="8904" arrived="8904" collisions="3" teleports="3" halting="5" stopped="0" meanWaitingTime="112.02" meanTravelTime="242.41" meanSpeed="23.71" meanSpeedRelative="0.74" duration="1"/>
    <step time="19500.00" loaded="9372" inserted="9228" running="145" waiting="144" ended="9083" arrived="9083" collisions="3" teleports="3" halting="1" stopped="0" meanWaitingTime="112.79" meanTravelTime="242.60" meanSpeed="25.87" meanSpeedRelative="0.81" duration="1"/>
    <step time="19800.00" loaded="9588" inserted="9430" running="161" waiting="158" ended="9269" arrived="9269" collisions="3" teleports="3" halting="1" stopped="0" meanWaitingTime="113.77" meanTravelTime="242.28" meanSpeed="24.30" meanSpeedRelative="0.76" duration="0"/>
    <step time="20100.00" loaded="9774" inserted="9608" running="132" waiting="166" ended="9476" arrived="9476" collisions="3" teleports="3" halting="7" stopped="0" meanWaitingTime="115.06" meanTravelTime="242.37" meanSpeed="22.90" meanSpeedRelative="0.72" duration="0"/>
    <step time="20400.00" loaded="9986" inserted="9802" running="158" waiting="184" ended="9644" arrived="9644" collisions="3" teleports="3" halting="2" stopped="0" meanWaitingTime="116.36" meanTravelTime="242.36" meanSpeed="24.22" meanSpeedRelative="0.76" duration="1"/>
    <step time="20700.00" loaded="10186" inserted="9995" running="180" waiting="191" ended="9815" arrived="9815" collisions="3" teleports="3" halting="4" stopped="0" meanWaitingTime="118.65" meanTravelTime="242.56" meanSpeed="23.51" meanSpeedRelative="0.73" duration="1"/>
    <step time="21000.00" loaded="10363" inserted="10168" running="155" waiting="195" ended="10013" arrived="10013" collisions="4" teleports="4" halting="6" stopped="0" meanWaitingTime="120.93" meanTravelTime="243.38" meanSpeed="23.81" meanSpeedRelative="0.74" duration="1"/>
    <step time="21300.00" loaded="10564" inserted="10355" running="155" waiting="209" ended="10200" arrived="10200" collisions="4" teleports="4" halting="3" stopped="0" meanWaitingTime="122.66" meanTravelTime="243.45" meanSpeed="23.61" meanSpeedRelative="0.74" duration="1"/>
    <step time="21600.00" loaded="10764" inserted="10549" running="172" waiting="215" ended="10377" arrived="10377" collisions="4" teleports="4" halting="0" stopped="0" meanWaitingTime="125.40" meanTravelTime="243.91" meanSpeed="24.52" meanSpeedRelative="0.77" duration="83"/>
    <step time="21900.00" loaded="11237" inserted="10946" running="308" waiting="291" ended="10638" arrived="10638" collisions="5" teleports="5" halting="6" stopped="0" meanWaitingTime="126.78" meanTravelTime="243.73" meanSpeed="22.32" meanSpeedRelative="0.70" duration="1"/>
    <step time="22200.00" loaded="11720" inserted="11342" running="391" waiting="378" ended="10951" arrived="10951" collisions="5" teleports="5" halting="5" stopped="0" meanWaitingTime="129.70" meanTravelTime="244.08" meanSpeed="21.94" meanSpeedRelative="0.69" duration="3"/>
    <step time="22500.00" loaded="12185" inserted="11719" running="388" waiting="466" ended="11331" arrived="11331" collisions="5" teleports="5" halting="10" stopped="0" meanWaitingTime="132.85" meanTravelTime="245.52" meanSpeed="21.16" meanSpeedRelative="0.66" duration="2"/>
    <step time="22800.00" loaded="12655" inserted="12110" running="398" waiting="545" ended="11712" arrived="11712" collisions="6" teleports="6" halting="3" stopped="0" meanWaitingTime="136.68" meanTravelTime="247.26" meanSpeed="21.66" meanSpeedRelative="0.68" duration="3"/>
    <step time="23100.00" loaded="13155" inserted="12505" running="411" waiting="650" ended="12094" arrived="12094" collisions="7" teleports="7" halting="2" stopped="0" meanWaitingTime="140.18" meanTravelTime="249.17" meanSpeed="21.26" meanSpeedRelative="0.66" duration="2"/>
    <step time="23400.00" loaded="13593" inserted="12849" running="385" waiting="744" ended="12464" arrived="12464" collisions="9" teleports="9" halting="6" stopped="0" meanWaitingTime="145.09" meanTravelTime="251.33" meanSpeed="20.01" meanSpeedRelative="0.63" duration="2"/>
    <step time="23700.00" loaded="14038" inserted="13220" running="403" waiting="818" ended="12817" arrived="12817" collisions="9" teleports="9" halting="6" stopped="0" meanWaitingTime="151.07" meanTravelTime="253.68" meanSpeed="20.16" meanSpeedRelative="0.63" duration="2"/>
    <step time="24000.00" loaded="14487" inserted="13603" running="407" waiting="884" ended="13196" arrived="13196" collisions="9" teleports="9" halting="5" stopped="0" meanWaitingTime="157.46" meanTravelTime="255.76" meanSpeed="20.37" meanSpeedRelative="0.64" duration="2"/>
    <step time="24300.00" loaded="14947" inserted="13980" running="427" waiting="967" ended="13553" arrived="13553" collisions="10" teleports="10" halting="3" stopped="0" meanWaitingTime="164.79" meanTravelTime="257.29" meanSpeed="21.25" meanSpeedRelative="0.66" duration="3"/>
    <step time="24600.00" loaded="15441" inserted="14386" running="437" waiting="1055" ended="13949" arrived="13949" collisions="12" teleports="12" halting="3" stopped="0" meanWaitingTime="173.41" meanTravelTime="259.56" meanSpeed="21.53" meanSpeedRelative="0.67" duration="3"/>
    <step time="24900.00" loaded="15941" inserted="14784" running="448" waiting="1157" ended="14336" arrived="14336" collisions="12" teleports="12" halting="6" stopped="0" meanWaitingTime="182.71" meanTravelTime="261.39" meanSpeed="20.41" meanSpeedRelative="0.64" duration="2"/>
    <step time="25200.00" loaded="16415" inserted="15152" running="425" waiting="1263" ended="14727" arrived="14727" collisions="13" teleports="13" halting="6" stopped="0" meanWaitingTime="191.12" meanTravelTime="263.01" meanSpeed="20.04" meanSpeedRelative="0.63" duration="85"/>
    <step time="25500.00" loaded="17018" inserted="15574" running="468" waiting="1444" ended="15106" arrived="15106" collisions="14" teleports="14" halting="9" stopped="0" meanWaitingTime="200.79" meanTravelTime="264.82" meanSpeed="20.30" meanSpeedRelative="0.63" duration="2"/>
    <step time="25800.00" loaded="17554" inserted="16032" running="522" waiting="1522" ended="15510" arrived="15510" collisions="15" teleports="15" halting="5" stopped="0" meanWaitingTime="212.94" meanTravelTime="266.85" meanSpeed="19.57" meanSpeedRelative="0.61" duration="4"/>
    <step time="26100.00" loaded="18119" inserted="16463" running="520" waiting="1656" ended="15943" arrived="15943" collisions="15" teleports="15" halting="3" stopped="0" meanWaitingTime="224.47" meanTravelTime="269.08" meanSpeed="19.87" meanSpeedRelative="0.62" duration="4"/>
    <step time="26400.00" loaded="18693" inserted="16924" running="535" waiting="1769" ended="16389" arrived="16389" collisions="16" teleports="16" halting="5" stopped="0" meanWaitingTime="237.68" meanTravelTime="271.34" meanSpeed="19.22" meanSpeedRelative="0.60" duration="3"/>
    <step time="26700.00" loaded="19269" inserted="17375" running="486" waiting="1894" ended="16889" arrived="16889" collisions="19" teleports="19" halting="4" stopped="0" meanWaitingTime="253.91" meanTravelTime="273.48" meanSpeed="19.20" meanSpeedRelative="0.60" duration="3"/>
    <step time="27000.00" loaded="19837" inserted="17824" running="497" waiting="2013" ended="17327" arrived="17327" collisions="19" teleports="19" halting="5" stopped="0" meanWaitingTime="268.47" meanTravelTime="275.09" meanSpeed="18.79" meanSpeedRelative="0.59" duration="2"/>
    <step time="27300.00" loaded="20406" inserted="18258" running="506" waiting="2148" ended="17752" arrived="17752" collisions="19" teleports="19" halting="8" stopped="0" meanWaitingTime="282.76" meanTravelTime="276.49" meanSpeed="19.22" meanSpeedRelative="0.60" duration="2"/>
    <step time="27600.00" loaded="20946" inserted="18700" running="492" waiting="2246" ended="18208" arrived="18208" collisions="20" teleports="20" halting="5" stopped="0" meanWaitingTime="298.76" meanTravelTime="277.96" meanSpeed="19.91" meanSpeedRelative="0.62" duration="3"/>
    <step time="27900.00" loaded="21485" inserted="19167" running="518" waiting="2318" ended="18649" arrived="18649" collisions="20" teleports="20" halting="6" stopped="0" meanWaitingTime="315.31" meanTravelTime="279.57" meanSpeed="18.53" meanSpeedRelative="0.58" duration="3"/>
    <step time="28200.00" loaded="22033" inserted="19597" running="496" waiting="2436" ended="19101" arrived="19101" collisions="20" teleports="20" halting="2" stopped="0" meanWaitingTime="331.17" meanTravelTime="280.92" meanSpeed="20.13" meanSpeedRelative="0.63" duration="3"/>
    <step time="28500.00" loaded="22629" inserted="20059" running="496" waiting="2570" ended="19563" arrived="19563" collisions="21" teleports="21" halting="3" stopped="0" meanWaitingTime="347.24" meanTravelTime="282.06" meanSpeed="19.55" meanSpeedRelative="0.61" duration="3"/>
    <step time="28800.00" loaded="23189" inserted="20513" running="528" waiting="2676" ended="19985" arrived="19985" collisions="22" teleports="22" halting="21" stopped="0" meanWaitingTime="365.12" meanTravelTime="283.23" meanSpeed="18.78" meanSpeedRelative="0.59" duration="87"/>
    <step time="29100.00" loaded="23561" inserted="20910" running="469" waiting="2651" ended="20441" arrived="20441" collisions="22" teleports="22" halting="9" stopped="0" meanWaitingTime="380.26" meanTravelTime="284.63" meanSpeed="19.95" meanSpeedRelative="0.62" duration="3"/>
    <step time="29400.00" loaded="23901" inserted="21294" running="449" waiting="2607" ended="20845" arrived="20845" collisions="22" teleports="22" halting="8" stopped="0" meanWaitingTime="396.74" meanTravelTime="285.98" meanSpeed="20.44" meanSpeedRelative="0.64" duration="4"/>
    <step time="29700.00" loaded="24276" inserted="21728" running="457" waiting="2548" ended="21271" arrived="21271" collisions="23" teleports="23" halting="4" stopped="0" meanWaitingTime="413.43" meanTravelTime="287.02" meanSpeed="19.99" meanSpeedRelative="0.62" duration="3"/>
    <step time="30000.00" loaded="24603" inserted="22104" running="414" waiting="2499" ended="21690" arrived="21690" collisions="25" teleports="25" halting="8" stopped="0" meanWaitingTime="428.34" meanTravelTime="287.70" meanSpeed="21.05" meanSpeedRelative="0.66" duration="3"/>
    <step time="30300.00" loaded="24963" inserted="22489" running="402" waiting="2474" ended="22087" arrived="22087" collisions="26" teleports="26" halting="6" stopped="0" meanWaitingTime="441.36" meanTravelTime="288.50" meanSpeed="21.16" meanSpeedRelative="0.66" duration="3"/>
    <step time="30600.00" loaded="25310" inserted="22854" running="386" waiting="2456" ended="22468" arrived="22468" collisions="28" teleports="28" halting="10" stopped="0" meanWaitingTime="454.43" meanTravelTime="288.98" meanSpeed="20.86" meanSpeedRelative="0.65" duration="3"/>
    <step time="30900.00" loaded="25653" inserted="23209" running="340" waiting="2444" ended="22869" arrived="22869" collisions="29" teleports="29" halting="9" stopped="0" meanWaitingTime="468.39" meanTravelTime="289.31" meanSpeed="20.96" meanSpeedRelative="0.65" duration="2"/>
    <step time="31200.00" loaded="25995" inserted="23573" running="341" waiting="2422" ended="23232" arrived="23232" collisions="29" teleports="29" halting="3" stopped="0" meanWaitingTime="481.09" meanTravelTime="289.29" meanSpeed="20.90" meanSpeedRelative="0.65" duration="3"/>
    <step time="31500.00" loaded="26373" inserted="23964" running="378" waiting="2409" ended="23586" arrived="23586" collisions="29" teleports="29" halting="5" stopped="0" meanWaitingTime="493.33" meanTravelTime="289.12" meanSpeed="20.94" meanSpeedRelative="0.65" duration="3"/>
    <step time="31800.00" loaded="26724" inserted="24318" running="370" waiting="2406" ended="23948" arrived="23948" collisions="29" teleports="29" halting="2" stopped="0" meanWaitingTime="505.45" meanTravelTime="289.18" meanSpeed="21.11" meanSpeedRelative="0.66" duration="3"/>
    <step time="32100.00" loaded="27082" inserted="24678" running="353" waiting="2404" ended="24325" arrived="24325" collisions="31" teleports="31" halting="5" stopped="0" meanWaitingTime="518.44" meanTravelTime="289.38" meanSpeed="21.63" meanSpeedRelative="0.68" duration="2"/>
    <step time="32400.00" loaded="27439" inserted="25061" running="380" waiting="2378" ended="24681" arrived="24681" collisions="31" teleports="31" halting="10" stopped="0" meanWaitingTime="530.03" meanTravelTime="289.34" meanSpeed="21.05" meanSpeedRelative="0.66" duration="87"/>
    <step time="32700.00" loaded="27714" inserted="25369" running="331" waiting="2345" ended="25038" arrived="25038" collisions="31" teleports="31" halting="4" stopped="0" meanWaitingTime="541.79" meanTravelTime="289.72" meanSpeed="22.21" meanSpeedRelative="0.69" duration="2"/>
    <step time="33000.00" loaded="27969" inserted="25640" running="275" waiting="2329" ended="25365" arrived="25365" collisions="31" teleports="31" halting="3" stopped="0" meanWaitingTime="554.09" meanTravelTime="290.27" meanSpeed="22.25" meanSpeedRelative="0.70" duration="2"/>
    <step time="33300.00" loaded="28218" inserted="25931" running="294" waiting="2287" ended="25637" arrived="25637" collisions="31" teleports="31" halting="3" stopped="0" meanWaitingTime="566.78" meanTravelTime="290.28" meanSpeed="21.51" meanSpeedRelative="0.67" duration="3"/>
    <step time="33600.00" loaded="28499" inserted="26237" running="291" waiting="2262" ended="25946" arrived="25946" collisions="31" teleports="31" halting="10" stopped="0" meanWaitingTime="578.76" meanTravelTime="290.35" meanSpeed="21.42" meanSpeedRelative="0.67" duration="2"/>
    <step time="33900.00" loaded="28764" inserted="26524" running="255" waiting="2240" ended="26269" arrived="26269" collisions="32" teleports="32" halting="5" stopped="0" meanWaitingTime="591.24" meanTravelTime="290.29" meanSpeed="22.12" meanSpeedRelative="0.69" duration="2"/>
    <step time="34200.00" loaded="29052" inserted="26817" running="271" waiting="2235" ended="26546" arrived="26546" collisions="33" teleports="33" halting="6" stopped="0" meanWaitingTime="604.66" meanTravelTime="290.15" meanSpeed="22.49" meanSpeedRelative="0.70" duration="2"/>
    <step time="34500.00" loaded="29300" inserted="27080" running="242" waiting="2220" ended="26838" arrived="26838" collisions="33" teleports="33" halting="2" stopped="0" meanWaitingTime="617.65" meanTravelTime="289.99" meanSpeed="22.95" meanSpeedRelative="0.72" duration="1"/>
    <step time="34800.00" loaded="29591" inserted="27388" running="260" waiting="2203" ended="27128" arrived="27128" collisions="33" teleports="33" halting="2" stopped="0" meanWaitingTime="630.23" meanTravelTime="289.77" meanSpeed="22.70" meanSpeedRelative="0.71" duration="2"/>
    <step time="35100.00" loaded="29862" inserted="27660" running="257" waiting="2202" ended="27403" arrived="27403" collisions="33" teleports="33" halting="2" stopped="0" meanWaitingTime="642.27" meanTravelTime="289.57" meanSpeed="22.46" meanSpeedRelative="0.70" duration="2"/>
    <step time="35400.00" loaded="30122" inserted="27938" running="240" waiting="2184" ended="27698" arrived="27698" collisions="33" teleports="33" halting="3" stopped="0" meanWaitingTime="656.12" meanTravelTime="289.49" meanSpeed="23.16" meanSpeedRelative="0.72" duration="2"/>
    <step time="35700.00" loaded="30372" inserted="28198" running="234" waiting="2174" ended="27964" arrived="27964" collisions="33" teleports="33" halting="7" stopped="0" meanWaitingTime="667.23" meanTravelTime="289.14" meanSpeed="22.28" meanSpeedRelative="0.70" duration="3"/>
    <step time="36000.00" loaded="30623" inserted="28462" running="233" waiting="2161" ended="28229" arrived="28229" collisions="33" teleports="33" halting="4" stopped="0" meanWaitingTime="679.79" meanTravelTime="289.04" meanSpeed="23.41" meanSpeedRelative="0.73" duration="83"/>
    <step time="36300.00" loaded="31120" inserted="28891" running="353" waiting="2229" ended="28538" arrived="28538" collisions="34" teleports="34" halting="6" stopped="0" meanWaitingTime="690.03" meanTravelTime="288.51" meanSpeed="21.47" meanSpeedRelative="0.67" duration="2"/>
    <step time="36600.00" loaded="31582" inserted="29290" running="402" waiting="2292" ended="28888" arrived="28888" collisions="34" teleports="34" halting="5" stopped="0" meanWaitingTime="698.98" meanTravelTime="288.25" meanSpeed="21.64" meanSpeedRelative="0.68" duration="2"/>
    <step time="36900.00" loaded="32048" inserted="29717" running="414" waiting="2331" ended="29303" arrived="29303" collisions="34" teleports="34" halting="5" stopped="0" meanWaitingTime="710.62" meanTravelTime="288.29" meanSpeed="20.17" meanSpeedRelative="0.63" duration="3"/>
    <step time="37200.00" loaded="32480" inserted="30115" running="431" waiting="2365" ended="29684" arrived="29684" collisions="34" teleports="34" halting="6" stopped="0" meanWaitingTime="721.48" meanTravelTime="288.42" meanSpeed="20.93" meanSpeedRelative="0.65" duration="3"/>
    <step time="37500.00" loaded="32957" inserted="30544" running="453" waiting="2413" ended="30091" arrived="30091" collisions="35" teleports="35" halting="9" stopped="0" meanWaitingTime="731.58" meanTravelTime="288.80" meanSpeed="19.94" meanSpeedRelative="0.62" duration="3"/>
    <step time="37800.00" loaded="33414" inserted="30934" running="409" waiting="2480" ended="30525" arrived="30525" collisions="36" teleports="36" halting="6" stopped="0" meanWaitingTime="741.12" meanTravelTime="289.17" meanSpeed="21.54" meanSpeedRelative="0.67" duration="3"/>
    <step time="38100.00" loaded="33873" inserted="31319" running="408" waiting="2554" ended="30911" arrived="30911" collisions="37" teleports="37" halting="9" stopped="0" meanWaitingTime="750.71" meanTravelTime="289.71" meanSpeed="20.92" meanSpeedRelative="0.65" duration="3"/>
    <step time="38400.00" loaded="34345" inserted="31716" running="417" waiting="2629" ended="31299" arrived="31299" collisions="38" teleports="38" halting="10" stopped="0" meanWaitingTime="759.79" meanTravelTime="289.85" meanSpeed="20.80" meanSpeedRelative="0.65" duration="4"/>
    <step time="38700.00" loaded="34831" inserted="32139" running="437" waiting="2692" ended="31702" arrived="31702" collisions="38" teleports="38" halting="5" stopped="0" meanWaitingTime="769.82" meanTravelTime="290.36" meanSpeed="20.21" meanSpeedRelative="0.63" duration="3"/>
    <step time="39000.00" loaded="35294" inserted="32547" running="405" waiting="2747" ended="32142" arrived="32142" collisions="40" teleports="40" halting="3" stopped="0" meanWaitingTime="780.10" meanTravelTime="290.72" meanSpeed="21.38" meanSpeedRelative="0.67" duration="4"/>
    <step time="39300.00" loaded="35723" inserted="32928" running="384" waiting="2795" ended="32544" arrived="32544" collisions="40" teleports="40" halting="3" stopped="0" meanWaitingTime="791.36" meanTravelTime="290.68" meanSpeed="21.52" meanSpeedRelative="0.67" duration="3"/>
    <step time="39600.00" loaded="36202" inserted="33319" running="409" waiting="2883" ended="32910" arrived="32910" collisions="41" teleports="41" halting="3" stopped="0" meanWaitingTime="800.57" meanTravelTime="290.79" meanSpeed="21.33" meanSpeedRelative="0.67" duration="88"/>
    <step time="39900.00" loaded="36733" inserted="33746" running="456" waiting="2987" ended="33290" arrived="33290" collisions="41" teleports="41" halting="5" stopped="0" meanWaitingTime="809.94" meanTravelTime="291.12" meanSpeed="21.32" meanSpeedRelative="0.67" duration="3"/>
    <step time="40200.00" loaded="37227" inserted="34171" running="450" waiting="3056" ended="33721" arrived="33721" collisions="43" teleports="43" halting="6" stopped="0" meanWaitingTime="820.65" meanTravelTime="291.54" meanSpeed="20.36" meanSpeedRelative="0.64" duration="3"/>
    <step time="40500.00" loaded="37779" inserted="34625" running="469" waiting="3154" ended="34156" arrived="34156" collisions="43" teleports="43" halting="8" stopped="0" meanWaitingTime="831.08" meanTravelTime="291.76" meanSpeed="20.43" meanSpeedRelative="0.64" duration="3"/>
    <step time="40800.00" loaded="38308" inserted="35068" running="506" waiting="3240" ended="34562" arrived="34562" collisions="43" teleports="43" halting="10" stopped="0" meanWaitingTime="841.07" meanTravelTime="292.29" meanSpeed="19.65" meanSpeedRelative="0.61" duration="4"/>
    <step time="41100.00" loaded="38827" inserted="35521" running="528" waiting="3306" ended="34993" arrived="34993" collisions="43" teleports="43" halting="9" stopped="0" meanWaitingTime="850.34" meanTravelTime="292.71" meanSpeed="19.80" meanSpeedRelative="0.62" duration="4"/>
    <step time="41400.00" loaded="39350" inserted="35971" running="515" waiting="3379" ended="35456" arrived="35456" collisions="43" teleports="43" halting="6" stopped="0" meanWaitingTime="861.96" meanTravelTime="293.35" meanSpeed="19.44" meanSpeedRelative="0.61" duration="5"/>
    <step time="41700.00" loaded="39859" inserted="36408" running="498" waiting="3451" ended="35910" arrived="35910" collisions="44" teleports="44" halting="4" stopped="0" meanWaitingTime="872.10" meanTravelTime="294.20" meanSpeed="20.26" meanSpeedRelative="0.63" duration="4"/>
    <step time="42000.00" loaded="40370" inserted="36844" running="481" waiting="3526" ended="36363" arrived="36363" collisions="44" teleports="44" halting="2" stopped="0" meanWaitingTime="881.73" meanTravelTime="294.71" meanSpeed="20.51" meanSpeedRelative="0.64" duration="5"/>
    <step time="42300.00" loaded="40866" inserted="37270" running="467" waiting="3596" ended="36803" arrived="36803" collisions="44" teleports="44" halting="6" stopped="0" meanWaitingTime="892.23" meanTravelTime="294.99" meanSpeed="20.49" meanSpeedRelative="0.64" duration="5"/>
    <step time="42600.00" loaded="41348" inserted="37687" running="474" waiting="3661" ended="37213" arrived="37213" collisions="47" teleports="47" halting="5" stopped="0" meanWaitingTime="903.15" meanTravelTime="295.49" meanSpeed="20.35" meanSpeedRelative="0.64" duration="4"/>
    <step time="42900.00" loaded="41891" inserted="38146" running="519" waiting="3745" ended="37627" arrived="37627" collisions="49" teleports="49" halting="5" stopped="0" meanWaitingTime="914.31" meanTravelTime="296.11" meanSpeed="19.45" meanSpeedRelative="0.61" duration="5"/>
    <step time="43200.00" loaded="42420" inserted="38583" running="500" waiting="3837" ended="38083" arrived="38083" collisions="50" teleports="50" halting="8" stopped="0" meanWaitingTime="924.14" meanTravelTime="296.49" meanSpeed="20.28" meanSpeedRelative="0.63" duration="94"/>
    <step time="43500.00" loaded="42983" inserted="39052" running="542" waiting="3931" ended="38510" arrived="38510" collisions="52" teleports="52" halting="8" stopped="0" meanWaitingTime="933.80" meanTravelTime="296.99" meanSpeed="19.11" meanSpeedRelative="0.60" duration="4"/>
    <step time="43800.00" loaded="43524" inserted="39512" running="551" waiting="4012" ended="38961" arrived="38961" collisions="52" teleports="52" halting="8" stopped="0" meanWaitingTime="943.96" meanTravelTime="297.60" meanSpeed="18.80" meanSpeedRelative="0.59" duration="3"/>
    <step time="44100.00" loaded="44035" inserted="39945" running="512" waiting="4090" ended="39433" arrived="39433" collisions="52" teleports="52" halting="4" stopped="0" meanWaitingTime="954.92" meanTravelTime="298.46" meanSpeed="19.15" meanSpeedRelative="0.60" duration="4"/>
    <step time="44400.00" loaded="44551" inserted="40388" running="537" waiting="4163" ended="39851" arrived="39851" collisions="53" teleports="53" halting="7" stopped="0" meanWaitingTime="963.98" meanTravelTime="299.06" meanSpeed="19.03" meanSpeedRelative="0.59" duration="5"/>
    <step time="44700.00" loaded="45066" inserted="40841" running="540" waiting="4225" ended="40301" arrived="40301" collisions="56" teleports="56" halting="7" stopped="0" meanWaitingTime="973.41" meanTravelTime="299.54" meanSpeed="19.72" meanSpeedRelative="0.62" duration="4"/>
    <step time="45000.00" loaded="45618" inserted="41317" running="586" waiting="4301" ended="40731" arrived="40731" collisions="58" teleports="58" halting="5" stopped="0" meanWaitingTime="983.14" meanTravelTime="300.25" meanSpeed="19.09" meanSpeedRelative="0.60" duration="6"/>
    <step time="45300.00" loaded="46162" inserted="41755" running="560" waiting="4407" ended="41195" arrived="41195" collisions="59" teleports="59" halting="2" stopped="0" meanWaitingTime="993.30" meanTravelTime="300.90" meanSpeed="19.28" meanSpeedRelative="0.60" duration="3"/>
    <step time="45600.00" loaded="46698" inserted="42206" running="549" waiting="4492" ended="41657" arrived="41657" collisions="60" teleports="60" halting="8" stopped="0" meanWaitingTime="1002.70" meanTravelTime="302.04" meanSpeed="18.93" meanSpeedRelative="0.59" duration="3"/>
    <step time="45900.00" loaded="47251" inserted="42675" running="558" waiting="4576" ended="42117" arrived="42117" collisions="60" teleports="60" halting="5" stopped="0" meanWaitingTime="1012.62" meanTravelTime="302.54" meanSpeed="18.30" meanSpeedRelative="0.57" duration="5"/>
    <step time="46200.00" loaded="47784" inserted="43131" running="551" waiting="4653" ended="42580" arrived="42580" collisions="61" teleports="61" halting="2" stopped="0" meanWaitingTime="1025.10" meanTravelTime="303.31" meanSpeed="18.95" meanSpeedRelative="0.59" duration="5"/>
    <step time="46500.00" loaded="48311" inserted="43595" running="556" waiting="4716" ended="43039" arrived="43039" collisions="62" teleports="62" halting="8" stopped="0" meanWaitingTime="1037.52" meanTravelTime="304.02" meanSpeed="18.88" meanSpeedRelative="0.59" duration="5"/>
    <step time="46800.00" loaded="48840" inserted="44056" running="559" waiting="4784" ended="43497" arrived="43497" collisions="65" teleports="65" halting="7" stopped="0" meanWaitingTime="1049.59" meanTravelTime="304.59" meanSpeed="19.13" meanSpeedRelative="0.60" duration="94"/>
    <step time="47100.00" loaded="49370" inserted="44511" running="561" waiting="4859" ended="43950" arrived="43950" collisions="65" teleports="65" halting="7" stopped="0" meanWaitingTime="1061.11" meanTravelTime="305.21" meanSpeed="18.73" meanSpeedRelative="0.59" duration="4"/>
    <step time="47400.00" loaded="49891" inserted="44971" running="572" waiting="4920" ended="44399" arrived="44399" collisions="66" teleports="66" halting="6" stopped="0" meanWaitingTime="1072.93" meanTravelTime="305.76" meanSpeed="18.44" meanSpeedRelative="0.58" duration="5"/>
    <step time="47700.00" loaded="50429" inserted="45419" running="562" waiting="5010" ended="44857" arrived="44857" collisions="69" teleports="69" halting="5" stopped="0" meanWaitingTime="1085.43" meanTravelTime="306.35" meanSpeed="19.50" meanSpeedRelative="0.61" duration="7"/>
    <step time="48000.00" loaded="50934" inserted="45872" running="526" waiting="5062" ended="45346" arrived="45346" collisions="69" teleports="69" halting="5" stopped="0" meanWaitingTime="1097.00" meanTravelTime="307.17" meanSpeed="19.30" meanSpeedRelative="0.60" duration="5"/>
    <step time="48300.00" loaded="51469" inserted="46325" running="534" waiting="5144" ended="45791" arrived="45791" collisions="69" teleports="69" halting="4" stopped="0" meanWaitingTime="1107.36" meanTravelTime="307.66" meanSpeed="19.74" meanSpeedRelative="0.62" duration="5"/>
    <step time="48600.00" loaded="52025" inserted="46808" running="572" waiting="5217" ended="46236" arrived="46236" collisions="70" teleports="70" halting="6" stopped="0" meanWaitingTime="1117.23" meanTravelTime="308.06" meanSpeed="19.03" meanSpeedRelative="0.59" duration="6"/>
    <step time="48900.00" loaded="52563" inserted="47255" running="556" waiting="5308" ended="46699" arrived="46699" collisions="70" teleports="70" halting="8" stopped="0" meanWaitingTime="1129.36" meanTravelTime="308.60" meanSpeed="19.42" meanSpeedRelative="0.61" duration="6"/>
    <step time="49200.00" loaded="53100" inserted="47720" running="587" waiting="5380" ended="47133" arrived="47133" collisions="70" teleports="70" halting="5" stopped="0" meanWaitingTime="1141.96" meanTravelTime="309.04" meanSpeed="18.82" meanSpeedRelative="0.59" duration="6"/>
    <step time="49500.00" loaded="53609" inserted="48188" running="588" waiting="5421" ended="47600" arrived="47600" collisions="70" teleports="70" halting="6" stopped="0" meanWaitingTime="1153.80" meanTravelTime="309.59" meanSpeed="18.85" meanSpeedRelative="0.59" duration="5"/>
    <step time="49800.00" loaded="54148" inserted="48647" running="563" waiting="5501" ended="48084" arrived="48084" collisions="71" teleports="71" halting="1" stopped="0" meanWaitingTime="1166.89" meanTravelTime="310.24" meanSpeed="18.99" meanSpeedRelative="0.59" duration="4"/>
    <step time="50100.00" loaded="54668" inserted="49101" running="569" waiting="5567" ended="48532" arrived="48532" collisions="74" teleports="74" halting="5" stopped="0" meanWaitingTime="1180.27" meanTravelTime="311.05" meanSpeed="18.63" meanSpeedRelative="0.58" duration="6"/>
    <step time="50400.00" loaded="55165" inserted="49563" running="573" waiting="5602" ended="48990" arrived="48990" collisions="78" teleports="78" halting="10" stopped="0" meanWaitingTime="1193.26" meanTravelTime="311.66" meanSpeed="18.32" meanSpeedRelative="0.57" duration="94"/>
    <step time="50700.00" loaded="55865" inserted="50105" running="648" waiting="5760" ended="49457" arrived="49457" collisions="79" teleports="79" halting="13" stopped="0" meanWaitingTime="1204.83" meanTravelTime="312.04" meanSpeed="18.24" meanSpeedRelative="0.57" duration="5"/>
    <step time="51000.00" loaded="56620" inserted="50636" running="709" waiting="5984" ended="49927" arrived="49927" collisions="79" teleports="79" halting="7" stopped="0" meanWaitingTime="1216.18" meanTravelTime="312.58" meanSpeed="16.15" meanSpeedRelative="0.50" duration="8"/>
    <step time="51300.00" loaded="57350" inserted="51154" running="733" waiting="6196" ended="50421" arrived="50421" collisions="81" teleports="81" halting="5" stopped="0" meanWaitingTime="1228.46" meanTravelTime="313.41" meanSpeed="16.17" meanSpeedRelative="0.51" duration="5"/>
    <step time="51600.00" loaded="58094" inserted="51686" running="788" waiting="6408" ended="50898" arrived="50898" collisions="83" teleports="83" halting="9" stopped="0" meanWaitingTime="1240.32" meanTravelTime="314.53" meanSpeed="15.33" meanSpeedRelative="0.48" duration="6"/>
    <step time="51900.00" loaded="58819" inserted="52216" running="826" waiting="6603" ended="51390" arrived="51390" collisions="87" teleports="87" halting="10" stopped="0" meanWaitingTime="1251.77" meanTravelTime="315.49" meanSpeed="15.04" meanSpeedRelative="0.47" duration="7"/>
    <step time="52200.00" loaded="59515" inserted="52742" running="828" waiting="6773" ended="51914" arrived="51914" collisions="94" teleports="94" halting="5" stopped="0" meanWaitingTime="1263.54" meanTravelTime="317.03" meanSpeed="15.27" meanSpeedRelative="0.48" duration="5"/>
    <step time="52500.00" loaded="60204" inserted="53257" running="799" waiting="6947" ended="52458" arrived="52458" collisions="95" teleports="95" halting="6" stopped="0" meanWaitingTime="1276.07" meanTravelTime="318.69" meanSpeed="15.35" meanSpeedRelative="0.48" duration="8"/>
    <step time="52800.00" loaded="60944" inserted="53816" running="833" waiting="7128" ended="52983" arrived="52983" collisions="96" teleports="96" halting="5" stopped="0" meanWaitingTime="1290.82" meanTravelTime="320.20" meanSpeed="14.34" meanSpeedRelative="0.45" duration="7"/>
    <step time="53100.00" loaded="61699" inserted="54353" running="854" waiting="7346" ended="53499" arrived="53499" collisions="96" teleports="96" halting="11" stopped="0" meanWaitingTime="1303.57" meanTravelTime="321.67" meanSpeed="14.70" meanSpeedRelative="0.46" duration="7"/>
    <step time="53400.00" loaded="62434" inserted="54874" running="855" waiting="7560" ended="54019" arrived="54019" collisions="98" teleports="98" halting="14" stopped="0" meanWaitingTime="1315.95" meanTravelTime="323.04" meanSpeed="14.15" meanSpeedRelative="0.44" duration="8"/>
    <step time="53700.00" loaded="63135" inserted="55361" running="819" waiting="7774" ended="54542" arrived="54542" collisions="99" teleports="99" halting="4" stopped="0" meanWaitingTime="1328.93" meanTravelTime="324.57" meanSpeed="14.68" meanSpeedRelative="0.46" duration="6"/>
    <step time="54000.00" loaded="63857" inserted="55881" running="829" waiting="7976" ended="55052" arrived="55052" collisions="100" teleports="100" halting="11" stopped="0" meanWaitingTime="1344.01" meanTravelTime="326.00" meanSpeed="14.07" meanSpeedRelative="0.44" duration="92"/>
    <step time="54300.00" loaded="64303" inserted="56293" running="749" waiting="8010" ended="55544" arrived="55544" collisions="103" teleports="103" halting="10" stopped="0" meanWaitingTime="1358.20" meanTravelTime="327.61" meanSpeed="14.79" meanSpeedRelative="0.46" duration="9"/>
    <step time="54600.00" loaded="64801" inserted="56763" running="737" waiting="8038" ended="56026" arrived="56026" collisions="103" teleports="103" halting="6" stopped="0" meanWaitingTime="1373.99" meanTravelTime="329.22" meanSpeed="14.66" meanSpeedRelative="0.46" duration="6"/>
    <step time="54900.00" loaded="65268" inserted="57216" running="725" waiting="8052" ended="56491" arrived="56491" collisions="103" teleports="103" halting="7" stopped="0" meanWaitingTime="1390.46" meanTravelTime="330.51" meanSpeed="15.14" meanSpeedRelative="0.47" duration="10"/>
    <step time="55200.00" loaded="65736" inserted="57658" running="667" waiting="8078" ended="56991" arrived="56991" collisions="103" teleports="103" halting="3" stopped="0" meanWaitingTime="1406.34" meanTravelTime="331.58" meanSpeed="16.50" meanSpeedRelative="0.52" duration="6"/>
    <step time="55500.00" loaded="66184" inserted="58101" running="636" waiting="8083" ended="57465" arrived="57465" collisions="104" teleports="104" halting="4" stopped="0" meanWaitingTime="1423.44" meanTravelTime="332.53" meanSpeed="17.34" meanSpeedRelative="0.54" duration="7"/>
    <step time="55800.00" loaded="66672" inserted="58572" running="618" waiting="8100" ended="57954" arrived="57954" collisions="105" teleports="105" halting="7" stopped="0" meanWaitingTime="1440.70" meanTravelTime="333.25" meanSpeed="17.53" meanSpeedRelative="0.55" duration="5"/>
    <step time="56100.00" loaded="67102" inserted="59008" running="584" waiting="8094" ended="58424" arrived="58424" collisions="106" teleports="106" halting="2" stopped="0" meanWaitingTime="1458.00" meanTravelTime="333.81" meanSpeed="18.62" meanSpeedRelative="0.58" duration="8"/>
    <step time="56400.00" loaded="67548" inserted="59452" running="590" waiting="8096" ended="58862" arrived="58862" collisions="107" teleports="107" halting="4" stopped="0" meanWaitingTime="1473.77" meanTravelTime="334.28" meanSpeed="19.10" meanSpeedRelative="0.60" duration="8"/>
    <step time="56700.00" loaded="67999" inserted="59892" running="574" waiting="8107" ended="59318" arrived="59318" collisions="109" teleports="109" halting="3" stopped="0" meanWaitingTime="1492.34" meanTravelTime="334.66" meanSpeed="19.44" meanSpeedRelative="0.61" duration="6"/>
    <step time="57000.00" loaded="68441" inserted="60331" running="564" waiting="8110" ended="59767" arrived="59767" collisions="109" teleports="109" halting="5" stopped="0" meanWaitingTime="1509.35" meanTravelTime="334.99" meanSpeed="18.78" meanSpeedRelative="0.59" duration="4"/>
    <step time="57300.00" loaded="68887" inserted="60762" running="551" waiting="8125" ended="60211" arrived="60211" collisions="111" teleports="111" halting="6" stopped="0" meanWaitingTime="1525.56" meanTravelTime="335.38" meanSpeed="19.43" meanSpeedRelative="0.61" duration="8"/>
    <step time="57600.00" loaded="69318" inserted="61195" running="561" waiting="8123" ended="60634" arrived="60634" collisions="111" teleports="111" halting="8" stopped="0" meanWaitingTime="1543.46" meanTravelTime="335.86" meanSpeed="17.99" meanSpeedRelative="0.56" duration="86"/>
    <step time="57900.00" loaded="69840" inserted="61675" running="631" waiting="8165" ended="61044" arrived="61044" collisions="112" teleports="112" halting="3" stopped="0" meanWaitingTime="1559.91" meanTravelTime="336.23" meanSpeed="17.47" meanSpeedRelative="0.55" duration="9"/>
    <step time="58200.00" loaded="70444" inserted="62170" running="659" waiting="8274" ended="61511" arrived="61511" collisions="113" teleports="113" halting="3" stopped="0" meanWaitingTime="1577.17" meanTravelTime="336.52" meanSpeed="18.24" meanSpeedRelative="0.57" duration="6"/>
    <step time="58500.00" loaded="70967" inserted="62650" running="657" waiting="8317" ended="61993" arrived="61993" collisions="115" teleports="115" halting="8" stopped="0" meanWaitingTime="1593.51" meanTravelTime="336.94" meanSpeed="17.52" meanSpeedRelative="0.55" duration="7"/>
    <step time="58800.00" loaded="71548" inserted="63161" running="686" waiting="8387" ended="62475" arrived="62475" collisions="117" teleports="117" halting="14" stopped="0" meanWaitingTime="1609.49" meanTravelTime="337.42" meanSpeed="17.56" meanSpeedRelative="0.55" duration="6"/>
    <step time="59100.00" loaded="72121" inserted="63647" running="708" waiting="8474" ended="62939" arrived="62939" collisions="121" teleports="121" halting="6" stopped="0" meanWaitingTime="1626.14" meanTravelTime="338.07" meanSpeed="16.78" meanSpeedRelative="0.52" duration="8"/>
    <step time="59400.00" loaded="72638" inserted="64105" running="693" waiting="8533" ended="63412" arrived="63412" collisions="123" teleports="123" halting="8" stopped="0" meanWaitingTime="1643.22" meanTravelTime="338.67" meanSpeed="16.42" meanSpeedRelative="0.51" duration="8"/>
    <step time="59700.00" loaded="73209" inserted="64614" running="705" waiting="8595" ended="63909" arrived="63909" collisions="123" teleports="123" halting="6" stopped="0" meanWaitingTime="1660.03" meanTravelTime="339.24" meanSpeed="16.27" meanSpeedRelative="0.51" duration="7"/>
    <step time="60000.00" loaded="73773" inserted="65101" running="721" waiting="8672" ended="64380" arrived="64380" collisions="123" teleports="123" halting="4" stopped="0" meanWaitingTime="1675.34" meanTravelTime="339.95" meanSpeed="15.30" meanSpeedRelative="0.48" duration="8"/>
    <step time="60300.00" loaded="74323" inserted="65590" running="747" waiting="8733" ended="64843" arrived="64843" collisions="126" teleports="126" halting="10" stopped="0" meanWaitingTime="1692.00" meanTravelTime="340.47" meanSpeed="15.28" meanSpeedRelative="0.48" duration="7"/>
    <step time="60600.00" loaded="74895" inserted="66074" running="751" waiting="8821" ended="65323" arrived="65323" collisions="128" teleports="128" halting="4" stopped="0" meanWaitingTime="1707.10" meanTravelTime="341.42" meanSpeed="14.96" meanSpeedRelative="0.47" duration="9"/>
    <step time="60900.00" loaded="75501" inserted="66580" running="743" waiting="8921" ended="65837" arrived="65837" collisions="129" teleports="129" halting="6" stopped="0" meanWaitingTime="1722.97" meanTravelTime="342.47" meanSpeed="15.38" meanSpeedRelative="0.48" duration="8"/>
    <step time="61200.00" loaded="76060" inserted="67038" running="729" waiting="9022" ended="66309" arrived="66309" collisions="133" teleports="133" halting="5" stopped="0" meanWaitingTime="1738.08" meanTravelTime="343.34" meanSpeed="15.33" meanSpeedRelative="0.48" duration="89"/>
    <step time="61500.00" loaded="76135" inserted="67347" running="604" waiting="8788" ended="66743" arrived="66743" collisions="137" teleports="137" halting="7" stopped="0" meanWaitingTime="1756.70" meanTravelTime="344.30" meanSpeed="15.38" meanSpeedRelative="0.48" duration="7"/>
    <step time="61800.00" loaded="76210" inserted="67700" running="593" waiting="8510" ended="67107" arrived="67107" collisions="140" teleports="140" halting="1" stopped="0" meanWaitingTime="1780.14" meanTravelTime="345.06" meanSpeed="16.55" meanSpeedRelative="0.52" duration="7"/>
    <step time="62100.00" loaded="76301" inserted="68031" running="497" waiting="8270" ended="67534" arrived="67534" collisions="142" teleports="142" halting="2" stopped="0" meanWaitingTime="1801.36" meanTravelTime="346.24" meanSpeed="18.02" meanSpeedRelative="0.56" duration="6"/>
    <step time="62400.00" loaded="76371" inserted="68357" running="459" waiting="8014" ended="67898" arrived="67898" collisions="144" teleports="144" halting="6" stopped="0" meanWaitingTime="1822.43" meanTravelTime="346.94" meanSpeed="18.62" meanSpeedRelative="0.58" duration="6"/>
    <step time="62700.00" loaded="76439" inserted="68648" running="411" waiting="7791" ended="68237" arrived="68237" collisions="144" teleports="144" halting="4" stopped="0" meanWaitingTime="1841.78" meanTravelTime="347.42" meanSpeed="19.95" meanSpeedRelative="0.62" duration="6"/>
    <step time="63000.00" loaded="76522" inserted="68949" running="363" waiting="7573" ended="68586" arrived="68586" collisions="144" teleports="144" halting="2" stopped="0" meanWaitingTime="1862.53" meanTravelTime="347.77" meanSpeed="20.66" meanSpeedRelative="0.65" duration="4"/>
    <step time="63300.00" loaded="76590" inserted="69221" running="329" waiting="7369" ended="68892" arrived="68892" collisions="145" teleports="145" halting="3" stopped="0" meanWaitingTime="1879.44" meanTravelTime="348.05" meanSpeed="21.63" meanSpeedRelative="0.68" duration="10"/>
    <step time="63600.00" loaded="76660" inserted="69462" running="277" waiting="7198" ended="69185" arrived="69185" collisions="145" teleports="145" halting="6" stopped="0" meanWaitingTime="1895.68" meanTravelTime="348.13" meanSpeed="22.17" meanSpeedRelative="0.69" duration="3"/>
    <step time="63900.00" loaded="76731" inserted="69680" running="238" waiting="7051" ended="69442" arrived="69442" collisions="145" teleports="145" halting="3" stopped="0" meanWaitingTime="1913.30" meanTravelTime="348.19" meanSpeed="21.48" meanSpeedRelative="0.67" duration="3"/>
    <step time="64200.00" loaded="76800" inserted="69925" running="243" waiting="6875" ended="69682" arrived="69682" collisions="146" teleports="146" halting="1" stopped="0" meanWaitingTime="1938.37" meanTravelTime="348.07" meanSpeed="22.58" meanSpeedRelative="0.71" duration="3"/>
    <step time="64500.00" loaded="76868" inserted="70138" running="221" waiting="6730" ended="69917" arrived="69917" collisions="146" teleports="146" halting="3" stopped="0" meanWaitingTime="1958.20" meanTravelTime="347.83" meanSpeed="22.11" meanSpeedRelative="0.69" duration="3"/>
    <step time="64800.00" loaded="76946" inserted="70365" running="216" waiting="6581" ended="70149" arrived="70149" collisions="147" teleports="147" halting="8" stopped="0" meanWaitingTime="1977.54" meanTravelTime="347.74" meanSpeed="21.58" meanSpeedRelative="0.67" duration="93"/>
    <step time="65100.00" loaded="76997" inserted="70582" running="214" waiting="6415" ended="70368" arrived="70368" collisions="147" teleports="147" halting="2" stopped="0" meanWaitingTime="1998.38" meanTravelTime="347.59" meanSpeed="21.19" meanSpeedRelative="0.66" duration="2"/>
    <step time="65400.00" loaded="77052" inserted="70780" running="205" waiting="6272" ended="70575" arrived="70575" collisions="147" teleports="147" halting="1" stopped="0" meanWaitingTime="2016.90" meanTravelTime="347.45" meanSpeed="21.25" meanSpeedRelative="0.66" duration="3"/>
    <step time="65700.00" loaded="77105" inserted="70982" running="200" waiting="6123" ended="70782" arrived="70782" collisions="147" teleports="147" halting="7" stopped="0" meanWaitingTime="2035.83" meanTravelTime="347.36" meanSpeed="20.54" meanSpeedRelative="0.64" duration="2"/>
    <step time="66000.00" loaded="77151" inserted="71192" running="202" waiting="5959" ended="70990" arrived="70990" collisions="147" teleports="147" halting="2" stopped="0" meanWaitingTime="2055.86" meanTravelTime="347.18" meanSpeed="20.84" meanSpeedRelative="0.65" duration="2"/>
    <step time="66300.00" loaded="77196" inserted="71398" running="212" waiting="5798" ended="71186" arrived="71186" collisions="147" teleports="147" halting="5" stopped="0" meanWaitingTime="2073.91" meanTravelTime="347.02" meanSpeed="21.35" meanSpeedRelative="0.67" duration="2"/>
    <step time="66600.00" loaded="77259" inserted="71554" running="173" waiting="5705" ended="71381" arrived="71381" collisions="147" teleports="147" halting="5" stopped="0" meanWaitingTime="2088.32" meanTravelTime="346.96" meanSpeed="21.43" meanSpeedRelative="0.67" duration="3"/>
    <step time="66900.00" loaded="77304" inserted="71701" running="126" waiting="5603" ended="71575" arrived="71575" collisions="147" teleports="147" halting="3" stopped="0" meanWaitingTime="2106.85" meanTravelTime="346.79" meanSpeed="21.47" meanSpeedRelative="0.67" duration="2"/>
    <step time="67200.00" loaded="77358" inserted="71855" running="125" waiting="5503" ended="71730" arrived="71730" collisions="147" teleports="147" halting="2" stopped="0" meanWaitingTime="2125.57" meanTravelTime="346.64" meanSpeed="20.21" meanSpeedRelative="0.63" duration="2"/>
    <step time="67500.00" loaded="77414" inserted="72018" running="129" waiting="5396" ended="71889" arrived="71889" collisions="147" teleports="147" halting="5" stopped="0" meanWaitingTime="2144.58" meanTravelTime="346.34" meanSpeed="20.76" meanSpeedRelative="0.65" duration="2"/>
    <step time="67800.00" loaded="77465" inserted="72200" running="137" waiting="5265" ended="72063" arrived="72063" collisions="147" teleports="147" halting="4" stopped="0" meanWaitingTime="2167.16" meanTravelTime="346.11" meanSpeed="22.08" meanSpeedRelative="0.69" duration="2"/>
    <step time="68100.00" loaded="77519" inserted="72352" running="124" waiting="5167" ended="72228" arrived="72228" collisions="147" teleports="147" halting="4" stopped="0" meanWaitingTime="2184.19" meanTravelTime="345.84" meanSpeed="21.03" meanSpeedRelative="0.66" duration="2"/>
    <step time="68400.00" loaded="77584" inserted="72534" running="152" waiting="5050" ended="72382" arrived="72382" collisions="148" teleports="148" halting="6" stopped="0" meanWaitingTime="2204.41" meanTravelTime="345.66" meanSpeed="21.26" meanSpeedRelative="0.66" duration="92"/>
    <step time="68700.00" loaded="77759" inserted="72758" running="178" waiting="5001" ended="72580" arrived="72580" collisions="148" teleports="148" halting="7" stopped="0" meanWaitingTime="2216.86" meanTravelTime="345.40" meanSpeed="21.58" meanSpeedRelative="0.67" duration="2"/>
    <step time="69000.00" loaded="77921" inserted="72973" running="204" waiting="4948" ended="72769" arrived="72769" collisions="148" teleports="148" halting="9" stopped="0" meanWaitingTime="2231.79" meanTravelTime="345.12" meanSpeed="21.39" meanSpeedRelative="0.67" duration="2"/>
    <step time="69300.00" loaded="78083" inserted="73173" running="188" waiting="4910" ended="72985" arrived="72985" collisions="148" teleports="148" halting="2" stopped="0" meanWaitingTime="2245.04" meanTravelTime="344.90" meanSpeed="22.00" meanSpeedRelative="0.69" duration="1"/>
    <step time="69600.00" loaded="78248" inserted="73378" running="194" waiting="4870" ended="73184" arrived="73184" collisions="148" teleports="148" halting="5" stopped="0" meanWaitingTime="2259.85" meanTravelTime="344.75" meanSpeed="21.10" meanSpeedRelative="0.66" duration="2"/>
    <step time="69900.00" loaded="78390" inserted="73585" running="193" waiting="4805" ended="73392" arrived="73392" collisions="150" teleports="150" halting="8" stopped="0" meanWaitingTime="2274.99" meanTravelTime="344.51" meanSpeed="21.20" meanSpeedRelative="0.66" duration="3"/>
    <step time="70200.00" loaded="78546" inserted="73797" running="199" waiting="4749" ended="73598" arrived="73598" collisions="150" teleports="150" halting="3" stopped="0" meanWaitingTime="2289.69" meanTravelTime="344.32" meanSpeed="22.25" meanSpeedRelative="0.70" duration="2"/>
    <step time="70500.00" loaded="78695" inserted="73990" running="183" waiting="4705" ended="73807" arrived="73807" collisions="150" teleports="150" halting="4" stopped="0" meanWaitingTime="2304.16" meanTravelTime="344.19" meanSpeed="21.99" meanSpeedRelative="0.69" duration="2"/>
    <step time="70800.00" loaded="78855" inserted="74210" running="205" waiting="4645" ended="74005" arrived="74005" collisions="150" teleports="150" halting="7" stopped="0" meanWaitingTime="2318.42" meanTravelTime="343.94" meanSpeed="21.74" meanSpeedRelative="0.68" duration="2"/>
    <step time="71100.00" loaded="79026" inserted="74417" running="181" waiting="4609" ended="74236" arrived="74236" collisions="150" teleports="150" halting="4" stopped="0" meanWaitingTime="2332.50" meanTravelTime="343.80" meanSpeed="22.20" meanSpeedRelative="0.69" duration="2"/>
    <step time="71400.00" loaded="79173" inserted="74614" running="182" waiting="4559" ended="74432" arrived="74432" collisions="150" teleports="150" halting="7" stopped="0" meanWaitingTime="2345.95" meanTravelTime="343.61" meanSpeed="21.70" meanSpeedRelative="0.68" duration="2"/>
    <step time="71700.00" loaded="79319" inserted="74807" running="179" waiting="4512" ended="74628" arrived="74628" collisions="152" teleports="152" halting="8" stopped="0" meanWaitingTime="2360.70" meanTravelTime="343.44" meanSpeed="22.36" meanSpeedRelative="0.70" duration="1"/>
    <step time="72000.00" loaded="79487" inserted="75018" running="186" waiting="4469" ended="74832" arrived="74832" collisions="152" teleports="152" halting="2" stopped="0" meanWaitingTime="2373.62" meanTravelTime="343.25" meanSpeed="21.94" meanSpeedRelative="0.69" duration="90"/>
    <step time="72300.00" loaded="79627" inserted="75199" running="169" waiting="4428" ended="75030" arrived="75030" collisions="152" teleports="152" halting="5" stopped="0" meanWaitingTime="2388.44" meanTravelTime="343.08" meanSpeed="22.93" meanSpeedRelative="0.72" duration="1"/>
    <step time="72600.00" loaded="79752" inserted="75388" running="163" waiting="4364" ended="75225" arrived="75225" collisions="152" teleports="152" halting="4" stopped="0" meanWaitingTime="2402.53" meanTravelTime="342.89" meanSpeed="21.17" meanSpeedRelative="0.66" duration="1"/>
    <step time="72900.00" loaded="79881" inserted="75585" running="175" waiting="4296" ended="75410" arrived="75410" collisions="152" teleports="152" halting="7" stopped="0" meanWaitingTime="2420.16" meanTravelTime="342.70" meanSpeed="21.36" meanSpeedRelative="0.67" duration="2"/>
    <step time="73200.00" loaded="80006" inserted="75769" running="165" waiting="4237" ended="75604" arrived="75604" collisions="153" teleports="153" halting="5" stopped="0" meanWaitingTime="2434.47" meanTravelTime="342.48" meanSpeed="21.69" meanSpeedRelative="0.68" duration="2"/>
    <step time="73500.00" loaded="80130" inserted="75964" running="189" waiting="4166" ended="75775" arrived="75775" collisions="153" teleports="153" halting="4" stopped="0" meanWaitingTime="2450.92" meanTravelTime="342.32" meanSpeed="22.25" meanSpeedRelative="0.70" duration="1"/>
    <step time="73800.00" loaded="80280" inserted="76172" running="187" waiting="4108" ended="75985" arrived="75985" collisions="153" teleports="153" halting="4" stopped="0" meanWaitingTime="2467.34" meanTravelTime="342.10" meanSpeed="22.09" meanSpeedRelative="0.69" duration="2"/>
    <step time="74100.00" loaded="80395" inserted="76369" running="167" waiting="4026" ended="76202" arrived="76202" collisions="153" teleports="153" halting="5" stopped="0" meanWaitingTime="2488.93" meanTravelTime="341.85" meanSpeed="21.00" meanSpeedRelative="0.66" duration="2"/>
    <step time="74400.00" loaded="80540" inserted="76556" running="172" waiting="3984" ended="76384" arrived="76384" collisions="153" teleports="153" halting="5" stopped="0" meanWaitingTime="2501.45" meanTravelTime="341.72" meanSpeed="22.16" meanSpeedRelative="0.69" duration="2"/>
    <step time="74700.00" loaded="80672" inserted="76736" running="171" waiting="3936" ended="76565" arrived="76565" collisions="153" teleports="153" halting="3" stopped="0" meanWaitingTime="2514.63" meanTravelTime="341.60" meanSpeed="21.89" meanSpeedRelative="0.68" duration="3"/>
    <step time="75000.00" loaded="80803" inserted="76915" running="165" waiting="3888" ended="76750" arrived="76750" collisions="153" teleports="153" halting="5" stopped="0" meanWaitingTime="2528.25" meanTravelTime="341.44" meanSpeed="21.09" meanSpeedRelative="0.66" duration="2"/>
    <step time="75300.00" loaded="80909" inserted="77092" running="163" waiting="3817" ended="76929" arrived="76929" collisions="153" teleports="153" halting="5" stopped="0" meanWaitingTime="2541.51" meanTravelTime="341.31" meanSpeed="21.27" meanSpeedRelative="0.66" duration="2"/>
    <step time="75600.00" loaded="81038" inserted="77284" running="159" waiting="3754" ended="77125" arrived="77125" collisions="153" teleports="153" halting="3" stopped="0" meanWaitingTime="2554.62" meanTravelTime="341.13" meanSpeed="22.09" meanSpeedRelative="0.69" duration="83"/>
    <step time="75900.00" loaded="81220" inserted="77509" running="187" waiting="3711" ended="77322" arrived="77322" collisions="153" teleports="153" halting="7" stopped="0" meanWaitingTime="2566.68" meanTravelTime="340.84" meanSpeed="22.16" meanSpeedRelative="0.69" duration="2"/>
    <step time="76200.00" loaded="81389" inserted="77718" running="188" waiting="3671" ended="77530" arrived="77530" collisions="153" teleports="153" halting="8" stopped="0" meanWaitingTime="2577.83" meanTravelTime="340.65" meanSpeed="21.67" meanSpeedRelative="0.68" duration="1"/>
    <step time="76500.00" loaded="81604" inserted="77967" running="221" waiting="3637" ended="77746" arrived="77746" collisions="153" teleports="153" halting="2" stopped="0" meanWaitingTime="2588.58" meanTravelTime="340.46" meanSpeed="22.09" meanSpeedRelative="0.69" duration="2"/>
    <step time="76800.00" loaded="81823" inserted="78227" running="253" waiting="3596" ended="77974" arrived="77974" collisions="153" teleports="153" halting="4" stopped="0" meanWaitingTime="2598.96" meanTravelTime="340.25" meanSpeed="22.04" meanSpeedRelative="0.69" duration="1"/>
    <step time="77100.00" loaded="82016" inserted="78462" running="240" waiting="3554" ended="78222" arrived="78222" collisions="153" teleports="153" halting="9" stopped="0" meanWaitingTime="2609.43" meanTravelTime="340.03" meanSpeed="22.39" meanSpeedRelative="0.70" duration="2"/>
    <step time="77400.00" loaded="82205" inserted="78683" running="227" waiting="3522" ended="78456" arrived="78456" collisions="153" teleports="153" halting="7" stopped="0" meanWaitingTime="2619.65" meanTravelTime="339.86" meanSpeed="21.62" meanSpeedRelative="0.68" duration="2"/>
    <step time="77700.00" loaded="82390" inserted="78928" running="213" waiting="3462" ended="78715" arrived="78715" collisions="153" teleports="153" halting="6" stopped="0" meanWaitingTime="2630.43" meanTravelTime="339.72" meanSpeed="21.72" meanSpeedRelative="0.68" duration="1"/>
    <step time="78000.00" loaded="82585" inserted="79164" running="218" waiting="3421" ended="78946" arrived="78946" collisions="153" teleports="153" halting="1" stopped="0" meanWaitingTime="2638.93" meanTravelTime="339.54" meanSpeed="22.21" meanSpeedRelative="0.69" duration="2"/>
    <step time="78300.00" loaded="82779" inserted="79383" running="203" waiting="3396" ended="79180" arrived="79180" collisions="153" teleports="153" halting="3" stopped="0" meanWaitingTime="2647.82" meanTravelTime="339.37" meanSpeed="22.26" meanSpeedRelative="0.70" duration="2"/>
    <step time="78600.00" loaded="82972" inserted="79620" running="196" waiting="3352" ended="79424" arrived="79424" collisions="154" teleports="154" halting="4" stopped="0" meanWaitingTime="2656.24" meanTravelTime="339.23" meanSpeed="22.26" meanSpeedRelative="0.70" duration="2"/>
    <step time="78900.00" loaded="83170" inserted="79844" running="213" waiting="3326" ended="79631" arrived="79631" collisions="154" teleports="154" halting="3" stopped="0" meanWaitingTime="2664.73" meanTravelTime="339.00" meanSpeed="21.87" meanSpeedRelative="0.68" duration="2"/>
    <step time="79200.00" loaded="83359" inserted="80085" running="229" waiting="3274" ended="79856" arrived="79856" collisions="154" teleports="154" halting="4" stopped="0" meanWaitingTime="2672.07" meanTravelTime="338.80" meanSpeed="22.05" meanSpeedRelative="0.69" duration="84"/>
    <step time="79500.00" loaded="83513" inserted="80295" running="203" waiting="3218" ended="80092" arrived="80092" collisions="154" teleports="154" halting="5" stopped="0" meanWaitingTime="2680.62" meanTravelTime="338.69" meanSpeed="22.25" meanSpeedRelative="0.70" duration="2"/>
    <step time="79800.00" loaded="83680" inserted="80483" running="175" waiting="3197" ended="80308" arrived="80308" collisions="154" teleports="154" halting="6" stopped="0" meanWaitingTime="2687.77" meanTravelTime="338.54" meanSpeed="22.35" meanSpeedRelative="0.70" duration="2"/>
    <step time="80100.00" loaded="83851" inserted="80665" running="188" waiting="3186" ended="80477" arrived="80477" collisions="154" teleports="154" halting="5" stopped="0" meanWaitingTime="2692.09" meanTravelTime="338.49" meanSpeed="22.67" meanSpeedRelative="0.71" duration="1"/>
    <step time="80400.00" loaded="84029" inserted="80841" running="177" waiting="3188" ended="80664" arrived="80664" collisions="154" teleports="154" halting="3" stopped="0" meanWaitingTime="2696.34" meanTravelTime="338.39" meanSpeed="22.77" meanSpeedRelative="0.71" duration="1"/>
    <step time="80700.00" loaded="84190" inserted="81026" running="174" waiting="3164" ended="80852" arrived="80852" collisions="154" teleports="154" halting="3" stopped="0" meanWaitingTime="2701.05" meanTravelTime="338.30" meanSpeed="22.47" meanSpeedRelative="0.70" duration="1"/>
    <step time="81000.00" loaded="84362" inserted="81206" running="165" waiting="3156" ended="81041" arrived="81041" collisions="155" teleports="155" halting="3" stopped="0" meanWaitingTime="2705.65" meanTravelTime="338.18" meanSpeed="21.99" meanSpeedRelative="0.69" duration="1"/>
    <step time="81300.00" loaded="84508" inserted="81369" running="162" waiting="3139" ended="81207" arrived="81207" collisions="155" teleports="155" halting="5" stopped="0" meanWaitingTime="2710.17" meanTravelTime="338.08" meanSpeed="23.08" meanSpeedRelative="0.72" duration="1"/>
    <step time="81600.00" loaded="84667" inserted="81545" running="176" waiting="3122" ended="81369" arrived="81369" collisions="156" teleports="156" halting="4" stopped="0" meanWaitingTime="2714.81" meanTravelTime="337.96" meanSpeed="22.25" meanSpeedRelative="0.70" duration="2"/>
    <step time="81900.00" loaded="84836" inserted="81721" running="165" waiting="3115" ended="81556" arrived="81556" collisions="157" teleports="157" halting="5" stopped="0" meanWaitingTime="2718.68" meanTravelTime="337.85" meanSpeed="23.04" meanSpeedRelative="0.72" duration="1"/>
    <step time="82200.00" loaded="85001" inserted="81888" running="158" waiting="3113" ended="81730" arrived="81730" collisions="158" teleports="158" halting="3" stopped="0" meanWaitingTime="2722.47" meanTravelTime="337.73" meanSpeed="22.14" meanSpeedRelative="0.69" duration="1"/>
    <step time="82500.00" loaded="85166" inserted="82049" running="150" waiting="3117" ended="81899" arrived="81899" collisions="158" teleports="158" halting="5" stopped="0" meanWaitingTime="2727.35" meanTravelTime="337.60" meanSpeed="21.91" meanSpeedRelative="0.68" duration="2"/>
</summary>
