<?xml version="1.0" encoding="UTF-8"?>

<!-- generated on 2025-08-08 03:29:12 by Eclipse SUMO sumo Version 1.23.1
<sumoConfiguration xmlns:xsi="http://www.w3.org/2001/XMLSchema-instance" xsi:noNamespaceSchemaLocation="http://sumo.dlr.de/xsd/sumoConfiguration.xsd">

    <input>
        <net-file value="Desktop\Master Thesis\Network_fin.net.xml"/>
        <route-files value="Desktop\Master Thesis\demand_model_amsterdam.rou.xml"/>
        <additional-files value="Desktop\Master Thesis\Additionnal.add.xml"/>
    </input>

    <output>
        <summary-output value="outputf/summary_coor_alinea_2neigh_method1_K80_target5_72390.xml"/>
        <summary-output.period value="300"/>
        <tripinfo-output value="outputf/tripinfo_coor_alinea_2neigh_method1_K80_target5_72390.xml"/>
    </output>

    <time>
        <begin value="0"/>
        <end value="82800"/>
        <step-length value="1"/>
    </time>

    <processing>
        <time-to-teleport value="-1"/>
    </processing>

    <report>
        <verbose value="true"/>
        <no-step-log value="true"/>
    </report>

    <emissions>
        <device.emissions.period value="10"/>
    </emissions>

    <traci_server>
        <remote-port value="49820"/>
    </traci_server>

    <random_number>
        <seed value="72390"/>
    </random_number>

</sumoConfiguration>
-->

<summary xmlns:xsi="http://www.w3.org/2001/XMLSchema-instance" xsi:noNamespaceSchemaLocation="http://sumo.dlr.de/xsd/summary_file.xsd">
    <step time="0.00" loaded="1" inserted="1" running="1" waiting="0" ended="0" arrived="0" collisions="0" teleports="0" halting="1" stopped="0" meanWaitingTime="0.00" meanTravelTime="-1.00" meanSpeed="0.00" meanSpeedRelative="0.00" duration="1"/>
    <step time="300.00" loaded="188" inserted="188" running="115" waiting="0" ended="73" arrived="73" collisions="0" teleports="0" halting="0" stopped="0" meanWaitingTime="0.41" meanTravelTime="90.78" meanSpeed="25.29" meanSpeedRelative="0.79" duration="1"/>
    <step time="600.00" loaded="368" inserted="368" running="162" waiting="0" ended="206" arrived="206" collisions="0" teleports="0" halting="0" stopped="0" meanWaitingTime="0.37" meanTravelTime="151.39" meanSpeed="25.51" meanSpeedRelative="0.80" duration="1"/>
    <step time="900.00" loaded="533" inserted="533" running="152" waiting="0" ended="381" arrived="381" collisions="0" teleports="0" halting="0" stopped="0" meanWaitingTime="0.38" meanTravelTime="199.27" meanSpeed="24.81" meanSpeedRelative="0.78" duration="1"/>
    <step time="1200.00" loaded="720" inserted="720" running="164" waiting="0" ended="556" arrived="556" collisions="1" teleports="1" halting="0" stopped="0" meanWaitingTime="0.36" meanTravelTime="216.79" meanSpeed="25.44" meanSpeedRelative="0.79" duration="1"/>
    <step time="1500.00" loaded="905" inserted="905" running="149" waiting="0" ended="756" arrived="756" collisions="1" teleports="1" halting="0" stopped="0" meanWaitingTime="0.43" meanTravelTime="226.28" meanSpeed="25.55" meanSpeedRelative="0.80" duration="1"/>
    <step time="1800.00" loaded="1069" inserted="1069" running="142" waiting="0" ended="927" arrived="927" collisions="2" teleports="2" halting="0" stopped="0" meanWaitingTime="0.43" meanTravelTime="238.38" meanSpeed="25.99" meanSpeedRelative="0.81" duration="1"/>
    <step time="2100.00" loaded="1244" inserted="1244" running="144" waiting="0" ended="1100" arrived="1100" collisions="2" teleports="2" halting="0" stopped="0" meanWaitingTime="0.41" meanTravelTime="240.77" meanSpeed="26.35" meanSpeedRelative="0.82" duration="1"/>
    <step time="2400.00" loaded="1438" inserted="1437" running="146" waiting="1" ended="1291" arrived="1291" collisions="2" teleports="2" halting="2" stopped="0" meanWaitingTime="0.41" meanTravelTime="244.56" meanSpeed="24.21" meanSpeedRelative="0.76" duration="1"/>
    <step time="2700.00" loaded="1610" inserted="1610" running="150" waiting="0" ended="1460" arrived="1460" collisions="2" teleports="2" halting="3" stopped="0" meanWaitingTime="0.41" meanTravelTime="243.48" meanSpeed="25.50" meanSpeedRelative="0.80" duration="1"/>
    <step time="3000.00" loaded="1799" inserted="1799" running="147" waiting="0" ended="1652" arrived="1652" collisions="2" teleports="2" halting="1" stopped="0" meanWaitingTime="0.42" meanTravelTime="241.81" meanSpeed="24.77" meanSpeedRelative="0.77" duration="1"/>
    <step time="3300.00" loaded="2004" inserted="1994" running="169" waiting="10" ended="1825" arrived="1825" collisions="2" teleports="2" halting="0" stopped="0" meanWaitingTime="0.68" meanTravelTime="244.09" meanSpeed="24.31" meanSpeedRelative="0.76" duration="1"/>
    <step time="3600.00" loaded="2170" inserted="2144" running="146" waiting="26" ended="1998" arrived="1998" collisions="2" teleports="2" halting="4" stopped="0" meanWaitingTime="2.04" meanTravelTime="247.42" meanSpeed="24.38" meanSpeedRelative="0.76" duration="86"/>
    <step time="3900.00" loaded="2281" inserted="2263" running="106" waiting="18" ended="2157" arrived="2157" collisions="2" teleports="2" halting="5" stopped="0" meanWaitingTime="4.91" meanTravelTime="252.54" meanSpeed="24.71" meanSpeedRelative="0.77" duration="1"/>
    <step time="4200.00" loaded="2402" inserted="2392" running="112" waiting="10" ended="2280" arrived="2280" collisions="2" teleports="2" halting="1" stopped="0" meanWaitingTime="7.11" meanTravelTime="254.08" meanSpeed="24.56" meanSpeedRelative="0.77" duration="1"/>
    <step time="4500.00" loaded="2493" inserted="2488" running="98" waiting="5" ended="2390" arrived="2390" collisions="2" teleports="2" halting="1" stopped="0" meanWaitingTime="7.96" meanTravelTime="255.70" meanSpeed="25.31" meanSpeedRelative="0.79" duration="1"/>
    <step time="4800.00" loaded="2604" inserted="2602" running="106" waiting="2" ended="2496" arrived="2496" collisions="2" teleports="2" halting="3" stopped="0" meanWaitingTime="8.04" meanTravelTime="256.89" meanSpeed="24.72" meanSpeedRelative="0.77" duration="1"/>
    <step time="5100.00" loaded="2720" inserted="2720" running="93" waiting="0" ended="2627" arrived="2627" collisions="2" teleports="2" halting="3" stopped="0" meanWaitingTime="7.74" meanTravelTime="257.76" meanSpeed="24.91" meanSpeedRelative="0.78" duration="1"/>
    <step time="5400.00" loaded="2823" inserted="2823" running="86" waiting="0" ended="2737" arrived="2737" collisions="2" teleports="2" halting="0" stopped="0" meanWaitingTime="7.47" meanTravelTime="259.28" meanSpeed="24.19" meanSpeedRelative="0.76" duration="0"/>
    <step time="5700.00" loaded="2925" inserted="2925" running="72" waiting="0" ended="2853" arrived="2853" collisions="2" teleports="2" halting="0" stopped="0" meanWaitingTime="7.21" meanTravelTime="256.57" meanSpeed="25.89" meanSpeedRelative="0.81" duration="0"/>
    <step time="6000.00" loaded="3024" inserted="3024" running="78" waiting="0" ended="2946" arrived="2946" collisions="2" teleports="2" halting="0" stopped="0" meanWaitingTime="6.98" meanTravelTime="256.84" meanSpeed="26.48" meanSpeedRelative="0.83" duration="1"/>
    <step time="6300.00" loaded="3119" inserted="3119" running="84" waiting="0" ended="3035" arrived="3035" collisions="2" teleports="2" halting="0" stopped="0" meanWaitingTime="6.77" meanTravelTime="256.62" meanSpeed="26.17" meanSpeedRelative="0.82" duration="1"/>
    <step time="6600.00" loaded="3242" inserted="3242" running="102" waiting="0" ended="3140" arrived="3140" collisions="2" teleports="2" halting="0" stopped="0" meanWaitingTime="6.52" meanTravelTime="256.66" meanSpeed="25.39" meanSpeedRelative="0.79" duration="1"/>
    <step time="6900.00" loaded="3342" inserted="3342" running="104" waiting="0" ended="3238" arrived="3238" collisions="2" teleports="2" halting="0" stopped="0" meanWaitingTime="6.33" meanTravelTime="256.92" meanSpeed="25.93" meanSpeedRelative="0.81" duration="1"/>
    <step time="7200.00" loaded="3460" inserted="3460" running="99" waiting="0" ended="3361" arrived="3361" collisions="2" teleports="2" halting="0" stopped="0" meanWaitingTime="6.12" meanTravelTime="257.74" meanSpeed="25.38" meanSpeedRelative="0.79" duration="86"/>
    <step time="7500.00" loaded="3604" inserted="3604" running="126" waiting="0" ended="3478" arrived="3478" collisions="2" teleports="2" halting="4" stopped="0" meanWaitingTime="5.95" meanTravelTime="257.25" meanSpeed="24.77" meanSpeedRelative="0.77" duration="1"/>
    <step time="7800.00" loaded="3779" inserted="3767" running="147" waiting="12" ended="3620" arrived="3620" collisions="2" teleports="2" halting="2" stopped="0" meanWaitingTime="5.99" meanTravelTime="257.24" meanSpeed="24.63" meanSpeedRelative="0.77" duration="1"/>
    <step time="8100.00" loaded="3929" inserted="3910" running="130" waiting="19" ended="3780" arrived="3780" collisions="2" teleports="2" halting="3" stopped="0" meanWaitingTime="6.81" meanTravelTime="256.83" meanSpeed="25.22" meanSpeedRelative="0.79" duration="1"/>
    <step time="8400.00" loaded="4074" inserted="4050" running="113" waiting="24" ended="3937" arrived="3937" collisions="2" teleports="2" halting="5" stopped="0" meanWaitingTime="7.93" meanTravelTime="257.28" meanSpeed="26.00" meanSpeedRelative="0.81" duration="1"/>
    <step time="8700.00" loaded="4230" inserted="4208" running="133" waiting="22" ended="4075" arrived="4075" collisions="2" teleports="2" halting="0" stopped="0" meanWaitingTime="9.04" meanTravelTime="256.79" meanSpeed="24.65" meanSpeedRelative="0.77" duration="0"/>
    <step time="9000.00" loaded="4386" inserted="4362" running="140" waiting="24" ended="4222" arrived="4222" collisions="2" teleports="2" halting="2" stopped="0" meanWaitingTime="10.33" meanTravelTime="256.67" meanSpeed="24.75" meanSpeedRelative="0.77" duration="0"/>
    <step time="9300.00" loaded="4560" inserted="4527" running="141" waiting="33" ended="4386" arrived="4386" collisions="3" teleports="3" halting="3" stopped="0" meanWaitingTime="11.46" meanTravelTime="257.55" meanSpeed="23.38" meanSpeedRelative="0.73" duration="1"/>
    <step time="9600.00" loaded="4706" inserted="4672" running="138" waiting="34" ended="4534" arrived="4534" collisions="3" teleports="3" halting="0" stopped="0" meanWaitingTime="12.96" meanTravelTime="257.23" meanSpeed="24.21" meanSpeedRelative="0.76" duration="1"/>
    <step time="9900.00" loaded="4847" inserted="4806" running="104" waiting="41" ended="4702" arrived="4702" collisions="3" teleports="3" halting="1" stopped="0" meanWaitingTime="14.67" meanTravelTime="258.06" meanSpeed="23.51" meanSpeedRelative="0.73" duration="0"/>
    <step time="10200.00" loaded="4993" inserted="4954" running="125" waiting="39" ended="4829" arrived="4829" collisions="3" teleports="3" halting="4" stopped="0" meanWaitingTime="16.48" meanTravelTime="256.82" meanSpeed="24.02" meanSpeedRelative="0.75" duration="1"/>
    <step time="10500.00" loaded="5126" inserted="5084" running="113" waiting="42" ended="4971" arrived="4971" collisions="3" teleports="3" halting="1" stopped="0" meanWaitingTime="18.48" meanTravelTime="256.40" meanSpeed="24.71" meanSpeedRelative="0.77" duration="0"/>
    <step time="10800.00" loaded="5278" inserted="5238" running="135" waiting="40" ended="5103" arrived="5103" collisions="3" teleports="3" halting="0" stopped="0" meanWaitingTime="20.11" meanTravelTime="257.12" meanSpeed="25.29" meanSpeedRelative="0.79" duration="86"/>
    <step time="11100.00" loaded="5418" inserted="5383" running="122" waiting="35" ended="5261" arrived="5261" collisions="3" teleports="3" halting="2" stopped="0" meanWaitingTime="21.80" meanTravelTime="256.83" meanSpeed="24.17" meanSpeedRelative="0.76" duration="1"/>
    <step time="11400.00" loaded="5571" inserted="5525" running="105" waiting="46" ended="5420" arrived="5420" collisions="3" teleports="3" halting="4" stopped="0" meanWaitingTime="23.23" meanTravelTime="256.74" meanSpeed="23.91" meanSpeedRelative="0.75" duration="1"/>
    <step time="11700.00" loaded="5728" inserted="5673" running="107" waiting="55" ended="5566" arrived="5566" collisions="3" teleports="3" halting="2" stopped="0" meanWaitingTime="24.56" meanTravelTime="255.79" meanSpeed="23.46" meanSpeedRelative="0.73" duration="1"/>
    <step time="12000.00" loaded="5865" inserted="5815" running="104" waiting="50" ended="5711" arrived="5711" collisions="3" teleports="3" halting="1" stopped="0" meanWaitingTime="26.46" meanTravelTime="254.66" meanSpeed="25.15" meanSpeedRelative="0.79" duration="1"/>
    <step time="12300.00" loaded="6016" inserted="5952" running="99" waiting="64" ended="5853" arrived="5853" collisions="3" teleports="3" halting="3" stopped="0" meanWaitingTime="28.19" meanTravelTime="254.24" meanSpeed="24.45" meanSpeedRelative="0.76" duration="1"/>
    <step time="12600.00" loaded="6178" inserted="6109" running="106" waiting="69" ended="6003" arrived="6003" collisions="3" teleports="3" halting="0" stopped="0" meanWaitingTime="30.07" meanTravelTime="253.88" meanSpeed="25.06" meanSpeedRelative="0.78" duration="0"/>
    <step time="12900.00" loaded="6326" inserted="6251" running="99" waiting="75" ended="6152" arrived="6152" collisions="3" teleports="3" halting="4" stopped="0" meanWaitingTime="32.24" meanTravelTime="252.79" meanSpeed="23.23" meanSpeedRelative="0.73" duration="1"/>
    <step time="13200.00" loaded="6474" inserted="6389" running="108" waiting="85" ended="6281" arrived="6281" collisions="3" teleports="3" halting="4" stopped="0" meanWaitingTime="34.19" meanTravelTime="252.19" meanSpeed="23.77" meanSpeedRelative="0.74" duration="1"/>
    <step time="13500.00" loaded="6622" inserted="6537" running="124" waiting="85" ended="6413" arrived="6413" collisions="3" teleports="3" halting="2" stopped="0" meanWaitingTime="36.51" meanTravelTime="251.88" meanSpeed="24.51" meanSpeedRelative="0.77" duration="1"/>
    <step time="13800.00" loaded="6751" inserted="6674" running="110" waiting="77" ended="6564" arrived="6564" collisions="4" teleports="4" halting="3" stopped="0" meanWaitingTime="39.12" meanTravelTime="251.31" meanSpeed="24.12" meanSpeedRelative="0.75" duration="1"/>
    <step time="14100.00" loaded="6912" inserted="6825" running="109" waiting="87" ended="6716" arrived="6716" collisions="4" teleports="4" halting="3" stopped="0" meanWaitingTime="41.69" meanTravelTime="251.08" meanSpeed="23.42" meanSpeedRelative="0.73" duration="1"/>
    <step time="14400.00" loaded="7065" inserted="6979" running="120" waiting="86" ended="6859" arrived="6859" collisions="4" teleports="4" halting="4" stopped="0" meanWaitingTime="44.48" meanTravelTime="249.95" meanSpeed="23.41" meanSpeedRelative="0.73" duration="86"/>
    <step time="14700.00" loaded="7163" inserted="7078" running="93" waiting="85" ended="6985" arrived="6985" collisions="4" teleports="4" halting="1" stopped="0" meanWaitingTime="46.83" meanTravelTime="249.91" meanSpeed="24.32" meanSpeedRelative="0.76" duration="0"/>
    <step time="15000.00" loaded="7276" inserted="7186" running="88" waiting="90" ended="7098" arrived="7098" collisions="4" teleports="4" halting="3" stopped="0" meanWaitingTime="49.13" meanTravelTime="250.09" meanSpeed="23.97" meanSpeedRelative="0.75" duration="0"/>
    <step time="15300.00" loaded="7389" inserted="7302" running="84" waiting="87" ended="7218" arrived="7218" collisions="5" teleports="5" halting="4" stopped="0" meanWaitingTime="51.83" meanTravelTime="250.33" meanSpeed="24.05" meanSpeedRelative="0.75" duration="0"/>
    <step time="15600.00" loaded="7490" inserted="7403" running="78" waiting="87" ended="7325" arrived="7325" collisions="5" teleports="5" halting="1" stopped="0" meanWaitingTime="54.70" meanTravelTime="249.80" meanSpeed="24.97" meanSpeedRelative="0.78" duration="0"/>
    <step time="15900.00" loaded="7599" inserted="7509" running="78" waiting="90" ended="7431" arrived="7431" collisions="5" teleports="5" halting="1" stopped="0" meanWaitingTime="57.55" meanTravelTime="249.68" meanSpeed="24.66" meanSpeedRelative="0.77" duration="1"/>
    <step time="16200.00" loaded="7703" inserted="7620" running="79" waiting="83" ended="7541" arrived="7541" collisions="5" teleports="5" halting="5" stopped="0" meanWaitingTime="60.02" meanTravelTime="248.96" meanSpeed="23.97" meanSpeedRelative="0.75" duration="0"/>
    <step time="16500.00" loaded="7809" inserted="7728" running="75" waiting="81" ended="7653" arrived="7653" collisions="5" teleports="5" halting="6" stopped="0" meanWaitingTime="62.32" meanTravelTime="248.98" meanSpeed="23.51" meanSpeedRelative="0.73" duration="0"/>
    <step time="16800.00" loaded="7897" inserted="7812" running="69" waiting="85" ended="7743" arrived="7743" collisions="6" teleports="6" halting="0" stopped="0" meanWaitingTime="64.75" meanTravelTime="248.80" meanSpeed="25.15" meanSpeedRelative="0.79" duration="1"/>
    <step time="17100.00" loaded="7998" inserted="7919" running="78" waiting="79" ended="7841" arrived="7841" collisions="6" teleports="6" halting="1" stopped="0" meanWaitingTime="67.52" meanTravelTime="248.18" meanSpeed="25.00" meanSpeedRelative="0.78" duration="0"/>
    <step time="17400.00" loaded="8113" inserted="8033" running="78" waiting="80" ended="7955" arrived="7955" collisions="6" teleports="6" halting="2" stopped="0" meanWaitingTime="69.78" meanTravelTime="247.75" meanSpeed="23.49" meanSpeedRelative="0.73" duration="0"/>
    <step time="17700.00" loaded="8219" inserted="8140" running="78" waiting="79" ended="8062" arrived="8062" collisions="6" teleports="6" halting="4" stopped="0" meanWaitingTime="71.82" meanTravelTime="247.96" meanSpeed="23.54" meanSpeedRelative="0.74" duration="1"/>
    <step time="18000.00" loaded="8317" inserted="8241" running="74" waiting="76" ended="8167" arrived="8167" collisions="6" teleports="6" halting="0" stopped="0" meanWaitingTime="73.93" meanTravelTime="247.76" meanSpeed="24.97" meanSpeedRelative="0.78" duration="80"/>
    <step time="18300.00" loaded="8506" inserted="8417" running="116" waiting="89" ended="8301" arrived="8301" collisions="7" teleports="7" halting="2" stopped="0" meanWaitingTime="75.60" meanTravelTime="246.68" meanSpeed="24.53" meanSpeedRelative="0.77" duration="0"/>
    <step time="18600.00" loaded="8706" inserted="8593" running="140" waiting="113" ended="8453" arrived="8453" collisions="7" teleports="7" halting="5" stopped="0" meanWaitingTime="76.83" meanTravelTime="245.99" meanSpeed="24.57" meanSpeedRelative="0.77" duration="0"/>
    <step time="18900.00" loaded="8885" inserted="8766" running="134" waiting="119" ended="8632" arrived="8632" collisions="7" teleports="7" halting="1" stopped="0" meanWaitingTime="77.98" meanTravelTime="246.10" meanSpeed="25.63" meanSpeedRelative="0.80" duration="0"/>
    <step time="19200.00" loaded="9054" inserted="8927" running="121" waiting="127" ended="8806" arrived="8806" collisions="7" teleports="7" halting="5" stopped="0" meanWaitingTime="79.50" meanTravelTime="245.43" meanSpeed="23.93" meanSpeedRelative="0.75" duration="1"/>
    <step time="19500.00" loaded="9242" inserted="9100" running="149" waiting="142" ended="8951" arrived="8951" collisions="7" teleports="7" halting="0" stopped="0" meanWaitingTime="80.81" meanTravelTime="245.35" meanSpeed="24.53" meanSpeedRelative="0.77" duration="1"/>
    <step time="19800.00" loaded="9456" inserted="9309" running="158" waiting="147" ended="9151" arrived="9151" collisions="7" teleports="7" halting="2" stopped="0" meanWaitingTime="83.24" meanTravelTime="245.04" meanSpeed="23.53" meanSpeedRelative="0.74" duration="1"/>
    <step time="20100.00" loaded="9666" inserted="9493" running="161" waiting="173" ended="9332" arrived="9332" collisions="7" teleports="7" halting="1" stopped="0" meanWaitingTime="84.85" meanTravelTime="244.92" meanSpeed="24.17" meanSpeedRelative="0.76" duration="1"/>
    <step time="20400.00" loaded="9859" inserted="9671" running="143" waiting="188" ended="9528" arrived="9528" collisions="7" teleports="7" halting="2" stopped="0" meanWaitingTime="87.03" meanTravelTime="245.04" meanSpeed="24.67" meanSpeedRelative="0.77" duration="1"/>
    <step time="20700.00" loaded="10056" inserted="9847" running="162" waiting="209" ended="9685" arrived="9685" collisions="7" teleports="7" halting="3" stopped="0" meanWaitingTime="89.33" meanTravelTime="244.99" meanSpeed="23.38" meanSpeedRelative="0.73" duration="1"/>
    <step time="21000.00" loaded="10294" inserted="10058" running="179" waiting="236" ended="9879" arrived="9879" collisions="7" teleports="7" halting="1" stopped="0" meanWaitingTime="91.43" meanTravelTime="245.35" meanSpeed="23.70" meanSpeedRelative="0.74" duration="1"/>
    <step time="21300.00" loaded="10479" inserted="10229" running="141" waiting="250" ended="10088" arrived="10088" collisions="7" teleports="7" halting="2" stopped="0" meanWaitingTime="94.53" meanTravelTime="245.19" meanSpeed="25.04" meanSpeedRelative="0.78" duration="2"/>
    <step time="21600.00" loaded="10670" inserted="10416" running="141" waiting="254" ended="10275" arrived="10275" collisions="7" teleports="7" halting="1" stopped="0" meanWaitingTime="97.43" meanTravelTime="245.27" meanSpeed="24.71" meanSpeedRelative="0.77" duration="80"/>
    <step time="21900.00" loaded="11117" inserted="10790" running="289" waiting="327" ended="10501" arrived="10501" collisions="7" teleports="7" halting="2" stopped="0" meanWaitingTime="100.65" meanTravelTime="244.37" meanSpeed="22.27" meanSpeedRelative="0.70" duration="2"/>
    <step time="22200.00" loaded="11537" inserted="11131" running="325" waiting="406" ended="10806" arrived="10806" collisions="7" teleports="7" halting="4" stopped="0" meanWaitingTime="104.53" meanTravelTime="244.23" meanSpeed="22.55" meanSpeedRelative="0.70" duration="2"/>
    <step time="22500.00" loaded="12024" inserted="11522" running="372" waiting="502" ended="11150" arrived="11150" collisions="7" teleports="7" halting="7" stopped="0" meanWaitingTime="109.20" meanTravelTime="245.37" meanSpeed="21.16" meanSpeedRelative="0.66" duration="2"/>
    <step time="22800.00" loaded="12478" inserted="11883" running="382" waiting="595" ended="11501" arrived="11501" collisions="8" teleports="8" halting="2" stopped="0" meanWaitingTime="114.26" meanTravelTime="247.20" meanSpeed="21.05" meanSpeedRelative="0.66" duration="3"/>
    <step time="23100.00" loaded="12980" inserted="12280" running="385" waiting="700" ended="11895" arrived="11895" collisions="8" teleports="8" halting="7" stopped="0" meanWaitingTime="120.15" meanTravelTime="249.02" meanSpeed="21.06" meanSpeedRelative="0.66" duration="3"/>
    <step time="23400.00" loaded="13458" inserted="12666" running="397" waiting="792" ended="12269" arrived="12269" collisions="8" teleports="8" halting="4" stopped="0" meanWaitingTime="126.59" meanTravelTime="250.79" meanSpeed="21.50" meanSpeedRelative="0.67" duration="2"/>
    <step time="23700.00" loaded="13920" inserted="13042" running="398" waiting="878" ended="12644" arrived="12644" collisions="9" teleports="9" halting="10" stopped="0" meanWaitingTime="132.82" meanTravelTime="252.28" meanSpeed="20.53" meanSpeedRelative="0.64" duration="2"/>
    <step time="24000.00" loaded="14406" inserted="13418" running="413" waiting="988" ended="13005" arrived="13005" collisions="10" teleports="10" halting="3" stopped="0" meanWaitingTime="139.92" meanTravelTime="253.82" meanSpeed="20.67" meanSpeedRelative="0.65" duration="2"/>
    <step time="24300.00" loaded="14870" inserted="13815" running="420" waiting="1055" ended="13395" arrived="13395" collisions="11" teleports="11" halting="3" stopped="0" meanWaitingTime="148.99" meanTravelTime="256.12" meanSpeed="21.84" meanSpeedRelative="0.68" duration="2"/>
    <step time="24600.00" loaded="15334" inserted="14172" running="404" waiting="1162" ended="13768" arrived="13768" collisions="12" teleports="12" halting="5" stopped="0" meanWaitingTime="157.31" meanTravelTime="257.83" meanSpeed="21.24" meanSpeedRelative="0.66" duration="3"/>
    <step time="24900.00" loaded="15789" inserted="14538" running="399" waiting="1251" ended="14139" arrived="14139" collisions="12" teleports="12" halting="5" stopped="0" meanWaitingTime="166.64" meanTravelTime="260.05" meanSpeed="21.64" meanSpeedRelative="0.68" duration="3"/>
    <step time="25200.00" loaded="16242" inserted="14950" running="423" waiting="1292" ended="14527" arrived="14527" collisions="13" teleports="13" halting="4" stopped="0" meanWaitingTime="177.92" meanTravelTime="261.11" meanSpeed="20.56" meanSpeedRelative="0.64" duration="85"/>
    <step time="25500.00" loaded="16808" inserted="15370" running="454" waiting="1438" ended="14916" arrived="14916" collisions="15" teleports="15" halting="10" stopped="0" meanWaitingTime="188.43" meanTravelTime="262.97" meanSpeed="20.33" meanSpeedRelative="0.64" duration="3"/>
    <step time="25800.00" loaded="17399" inserted="15805" running="503" waiting="1594" ended="15302" arrived="15302" collisions="15" teleports="15" halting="9" stopped="0" meanWaitingTime="198.24" meanTravelTime="264.59" meanSpeed="19.92" meanSpeedRelative="0.62" duration="4"/>
    <step time="26100.00" loaded="18003" inserted="16247" running="520" waiting="1756" ended="15727" arrived="15727" collisions="15" teleports="15" halting="8" stopped="0" meanWaitingTime="211.65" meanTravelTime="266.82" meanSpeed="19.47" meanSpeedRelative="0.61" duration="3"/>
    <step time="26400.00" loaded="18562" inserted="16674" running="503" waiting="1888" ended="16171" arrived="16171" collisions="15" teleports="15" halting="4" stopped="0" meanWaitingTime="224.60" meanTravelTime="269.21" meanSpeed="19.95" meanSpeedRelative="0.62" duration="3"/>
    <step time="26700.00" loaded="19106" inserted="17120" running="491" waiting="1986" ended="16629" arrived="16629" collisions="16" teleports="16" halting="4" stopped="0" meanWaitingTime="240.70" meanTravelTime="270.86" meanSpeed="19.11" meanSpeedRelative="0.60" duration="5"/>
    <step time="27000.00" loaded="19655" inserted="17557" running="487" waiting="2098" ended="17070" arrived="17070" collisions="17" teleports="17" halting="3" stopped="0" meanWaitingTime="256.74" meanTravelTime="272.66" meanSpeed="19.25" meanSpeedRelative="0.60" duration="3"/>
    <step time="27300.00" loaded="20261" inserted="18022" running="515" waiting="2239" ended="17507" arrived="17507" collisions="17" teleports="17" halting="0" stopped="0" meanWaitingTime="272.68" meanTravelTime="274.63" meanSpeed="19.37" meanSpeedRelative="0.61" duration="4"/>
    <step time="27600.00" loaded="20809" inserted="18466" running="512" waiting="2343" ended="17954" arrived="17954" collisions="17" teleports="17" halting="6" stopped="0" meanWaitingTime="288.37" meanTravelTime="275.92" meanSpeed="18.96" meanSpeedRelative="0.59" duration="3"/>
    <step time="27900.00" loaded="21387" inserted="18928" running="517" waiting="2459" ended="18411" arrived="18411" collisions="17" teleports="17" halting="7" stopped="0" meanWaitingTime="304.69" meanTravelTime="277.28" meanSpeed="18.82" meanSpeedRelative="0.59" duration="5"/>
    <step time="28200.00" loaded="21941" inserted="19388" running="518" waiting="2553" ended="18870" arrived="18870" collisions="18" teleports="18" halting="4" stopped="0" meanWaitingTime="321.75" meanTravelTime="278.77" meanSpeed="18.69" meanSpeedRelative="0.58" duration="3"/>
    <step time="28500.00" loaded="22540" inserted="19833" running="510" waiting="2707" ended="19323" arrived="19323" collisions="20" teleports="20" halting="2" stopped="0" meanWaitingTime="340.04" meanTravelTime="279.92" meanSpeed="19.12" meanSpeedRelative="0.60" duration="4"/>
    <step time="28800.00" loaded="23053" inserted="20267" running="500" waiting="2786" ended="19767" arrived="19767" collisions="20" teleports="20" halting="4" stopped="0" meanWaitingTime="358.91" meanTravelTime="281.77" meanSpeed="19.06" meanSpeedRelative="0.60" duration="92"/>
    <step time="29100.00" loaded="23438" inserted="20682" running="481" waiting="2756" ended="20201" arrived="20201" collisions="23" teleports="23" halting="6" stopped="0" meanWaitingTime="376.41" meanTravelTime="283.12" meanSpeed="19.43" meanSpeedRelative="0.61" duration="4"/>
    <step time="29400.00" loaded="23779" inserted="21080" running="450" waiting="2699" ended="20630" arrived="20630" collisions="23" teleports="23" halting="4" stopped="0" meanWaitingTime="393.94" meanTravelTime="284.43" meanSpeed="19.71" meanSpeedRelative="0.62" duration="5"/>
    <step time="29700.00" loaded="24151" inserted="21468" running="431" waiting="2683" ended="21037" arrived="21037" collisions="24" teleports="24" halting="3" stopped="0" meanWaitingTime="409.99" meanTravelTime="285.35" meanSpeed="19.97" meanSpeedRelative="0.62" duration="5"/>
    <step time="30000.00" loaded="24505" inserted="21854" running="425" waiting="2651" ended="21429" arrived="21429" collisions="24" teleports="24" halting="6" stopped="0" meanWaitingTime="423.91" meanTravelTime="286.27" meanSpeed="20.11" meanSpeedRelative="0.63" duration="3"/>
    <step time="30300.00" loaded="24864" inserted="22239" running="428" waiting="2625" ended="21811" arrived="21811" collisions="24" teleports="24" halting="9" stopped="0" meanWaitingTime="436.61" meanTravelTime="287.37" meanSpeed="20.21" meanSpeedRelative="0.63" duration="3"/>
    <step time="30600.00" loaded="25240" inserted="22621" running="412" waiting="2619" ended="22209" arrived="22209" collisions="25" teleports="25" halting="8" stopped="0" meanWaitingTime="451.16" meanTravelTime="288.10" meanSpeed="20.56" meanSpeedRelative="0.64" duration="4"/>
    <step time="30900.00" loaded="25617" inserted="23014" running="435" waiting="2603" ended="22579" arrived="22579" collisions="25" teleports="25" halting="2" stopped="0" meanWaitingTime="464.63" meanTravelTime="288.74" meanSpeed="20.83" meanSpeedRelative="0.65" duration="3"/>
    <step time="31200.00" loaded="25967" inserted="23382" running="402" waiting="2585" ended="22980" arrived="22980" collisions="26" teleports="26" halting="7" stopped="0" meanWaitingTime="478.73" meanTravelTime="289.11" meanSpeed="21.19" meanSpeedRelative="0.66" duration="4"/>
    <step time="31500.00" loaded="26350" inserted="23751" running="391" waiting="2599" ended="23360" arrived="23360" collisions="27" teleports="27" halting="9" stopped="0" meanWaitingTime="491.12" meanTravelTime="289.68" meanSpeed="20.74" meanSpeedRelative="0.65" duration="4"/>
    <step time="31800.00" loaded="26690" inserted="24116" running="345" waiting="2574" ended="23771" arrived="23771" collisions="28" teleports="28" halting="4" stopped="0" meanWaitingTime="503.97" meanTravelTime="290.09" meanSpeed="21.29" meanSpeedRelative="0.67" duration="3"/>
    <step time="32100.00" loaded="27025" inserted="24464" running="338" waiting="2561" ended="24126" arrived="24126" collisions="28" teleports="28" halting="5" stopped="0" meanWaitingTime="516.11" meanTravelTime="290.30" meanSpeed="22.02" meanSpeedRelative="0.69" duration="3"/>
    <step time="32400.00" loaded="27371" inserted="24815" running="331" waiting="2556" ended="24484" arrived="24484" collisions="29" teleports="29" halting="4" stopped="0" meanWaitingTime="529.17" meanTravelTime="290.21" meanSpeed="21.47" meanSpeedRelative="0.67" duration="90"/>
    <step time="32700.00" loaded="27636" inserted="25120" running="303" waiting="2516" ended="24817" arrived="24817" collisions="30" teleports="30" halting="7" stopped="0" meanWaitingTime="544.07" meanTravelTime="290.25" meanSpeed="21.54" meanSpeedRelative="0.67" duration="3"/>
    <step time="33000.00" loaded="27907" inserted="25391" running="258" waiting="2516" ended="25133" arrived="25133" collisions="30" teleports="30" halting="6" stopped="0" meanWaitingTime="556.58" meanTravelTime="290.31" meanSpeed="22.25" meanSpeedRelative="0.70" duration="2"/>
    <step time="33300.00" loaded="28192" inserted="25688" running="284" waiting="2504" ended="25404" arrived="25404" collisions="30" teleports="30" halting="8" stopped="0" meanWaitingTime="569.90" meanTravelTime="290.25" meanSpeed="22.10" meanSpeedRelative="0.69" duration="2"/>
    <step time="33600.00" loaded="28458" inserted="25959" running="261" waiting="2499" ended="25698" arrived="25698" collisions="31" teleports="31" halting="5" stopped="0" meanWaitingTime="585.07" meanTravelTime="290.28" meanSpeed="22.81" meanSpeedRelative="0.71" duration="2"/>
    <step time="33900.00" loaded="28712" inserted="26218" running="229" waiting="2494" ended="25989" arrived="25989" collisions="32" teleports="32" halting="3" stopped="0" meanWaitingTime="600.18" meanTravelTime="290.14" meanSpeed="22.57" meanSpeedRelative="0.71" duration="3"/>
    <step time="34200.00" loaded="28994" inserted="26504" running="248" waiting="2490" ended="26256" arrived="26256" collisions="32" teleports="32" halting="4" stopped="0" meanWaitingTime="612.73" meanTravelTime="289.87" meanSpeed="23.25" meanSpeedRelative="0.73" duration="1"/>
    <step time="34500.00" loaded="29243" inserted="26770" running="232" waiting="2473" ended="26538" arrived="26538" collisions="33" teleports="33" halting="5" stopped="0" meanWaitingTime="628.80" meanTravelTime="289.53" meanSpeed="22.41" meanSpeedRelative="0.70" duration="2"/>
    <step time="34800.00" loaded="29542" inserted="27075" running="278" waiting="2467" ended="26797" arrived="26797" collisions="33" teleports="33" halting="3" stopped="0" meanWaitingTime="642.33" meanTravelTime="289.27" meanSpeed="22.75" meanSpeedRelative="0.71" duration="3"/>
    <step time="35100.00" loaded="29815" inserted="27362" running="266" waiting="2453" ended="27096" arrived="27096" collisions="34" teleports="34" halting="2" stopped="0" meanWaitingTime="658.10" meanTravelTime="289.08" meanSpeed="23.15" meanSpeedRelative="0.72" duration="1"/>
    <step time="35400.00" loaded="30089" inserted="27644" running="265" waiting="2445" ended="27379" arrived="27379" collisions="34" teleports="34" halting="4" stopped="0" meanWaitingTime="672.79" meanTravelTime="288.95" meanSpeed="23.48" meanSpeedRelative="0.73" duration="2"/>
    <step time="35700.00" loaded="30358" inserted="27933" running="270" waiting="2425" ended="27663" arrived="27663" collisions="34" teleports="34" halting="5" stopped="0" meanWaitingTime="688.68" meanTravelTime="288.77" meanSpeed="22.96" meanSpeedRelative="0.72" duration="3"/>
    <step time="36000.00" loaded="30613" inserted="28200" running="259" waiting="2413" ended="27941" arrived="27941" collisions="34" teleports="34" halting="6" stopped="0" meanWaitingTime="702.17" meanTravelTime="288.73" meanSpeed="23.20" meanSpeedRelative="0.73" duration="84"/>
    <step time="36300.00" loaded="31109" inserted="28620" running="357" waiting="2489" ended="28263" arrived="28263" collisions="34" teleports="34" halting="2" stopped="0" meanWaitingTime="713.13" meanTravelTime="288.49" meanSpeed="22.52" meanSpeedRelative="0.70" duration="4"/>
    <step time="36600.00" loaded="31614" inserted="29068" running="447" waiting="2546" ended="28621" arrived="28621" collisions="34" teleports="34" halting="6" stopped="0" meanWaitingTime="728.04" meanTravelTime="288.29" meanSpeed="21.25" meanSpeedRelative="0.66" duration="4"/>
    <step time="36900.00" loaded="32049" inserted="29464" running="424" waiting="2585" ended="29040" arrived="29040" collisions="35" teleports="35" halting="7" stopped="0" meanWaitingTime="742.05" meanTravelTime="288.35" meanSpeed="21.09" meanSpeedRelative="0.66" duration="4"/>
    <step time="37200.00" loaded="32520" inserted="29862" running="420" waiting="2658" ended="29442" arrived="29442" collisions="36" teleports="36" halting="7" stopped="0" meanWaitingTime="751.96" meanTravelTime="288.85" meanSpeed="21.78" meanSpeedRelative="0.68" duration="4"/>
    <step time="37500.00" loaded="32956" inserted="30271" running="426" waiting="2685" ended="29845" arrived="29845" collisions="37" teleports="37" halting="10" stopped="0" meanWaitingTime="765.23" meanTravelTime="289.11" meanSpeed="21.30" meanSpeedRelative="0.67" duration="4"/>
    <step time="37800.00" loaded="33411" inserted="30690" running="443" waiting="2721" ended="30247" arrived="30247" collisions="39" teleports="39" halting="2" stopped="0" meanWaitingTime="776.32" meanTravelTime="289.56" meanSpeed="21.13" meanSpeedRelative="0.66" duration="3"/>
    <step time="38100.00" loaded="33869" inserted="31094" running="432" waiting="2775" ended="30662" arrived="30662" collisions="42" teleports="42" halting="5" stopped="0" meanWaitingTime="787.13" meanTravelTime="289.89" meanSpeed="21.71" meanSpeedRelative="0.68" duration="4"/>
    <step time="38400.00" loaded="34372" inserted="31520" running="440" waiting="2852" ended="31080" arrived="31080" collisions="42" teleports="42" halting="9" stopped="0" meanWaitingTime="797.97" meanTravelTime="290.26" meanSpeed="20.94" meanSpeedRelative="0.65" duration="4"/>
    <step time="38700.00" loaded="34864" inserted="31949" running="455" waiting="2915" ended="31494" arrived="31494" collisions="42" teleports="42" halting="6" stopped="0" meanWaitingTime="811.09" meanTravelTime="290.55" meanSpeed="20.38" meanSpeedRelative="0.64" duration="4"/>
    <step time="39000.00" loaded="35313" inserted="32343" running="435" waiting="2970" ended="31908" arrived="31908" collisions="43" teleports="43" halting="8" stopped="0" meanWaitingTime="821.81" meanTravelTime="290.93" meanSpeed="20.76" meanSpeedRelative="0.65" duration="4"/>
    <step time="39300.00" loaded="35809" inserted="32779" running="452" waiting="3030" ended="32327" arrived="32327" collisions="46" teleports="46" halting="5" stopped="0" meanWaitingTime="832.17" meanTravelTime="291.33" meanSpeed="20.96" meanSpeedRelative="0.66" duration="3"/>
    <step time="39600.00" loaded="36285" inserted="33189" running="446" waiting="3096" ended="32743" arrived="32743" collisions="47" teleports="47" halting="6" stopped="0" meanWaitingTime="843.62" meanTravelTime="291.74" meanSpeed="20.94" meanSpeedRelative="0.65" duration="91"/>
    <step time="39900.00" loaded="36819" inserted="33641" running="480" waiting="3178" ended="33161" arrived="33161" collisions="47" teleports="47" halting="9" stopped="0" meanWaitingTime="855.00" meanTravelTime="292.03" meanSpeed="20.21" meanSpeedRelative="0.63" duration="3"/>
    <step time="40200.00" loaded="37331" inserted="34099" running="505" waiting="3232" ended="33594" arrived="33594" collisions="47" teleports="47" halting="8" stopped="0" meanWaitingTime="864.60" meanTravelTime="292.60" meanSpeed="19.59" meanSpeedRelative="0.61" duration="3"/>
    <step time="40500.00" loaded="37868" inserted="34535" running="542" waiting="3333" ended="33993" arrived="33993" collisions="47" teleports="47" halting="4" stopped="0" meanWaitingTime="874.70" meanTravelTime="293.00" meanSpeed="19.11" meanSpeedRelative="0.60" duration="5"/>
    <step time="40800.00" loaded="38388" inserted="34944" running="516" waiting="3444" ended="34428" arrived="34428" collisions="48" teleports="48" halting="6" stopped="0" meanWaitingTime="884.99" meanTravelTime="294.12" meanSpeed="19.26" meanSpeedRelative="0.60" duration="5"/>
    <step time="41100.00" loaded="38952" inserted="35416" running="522" waiting="3536" ended="34894" arrived="34894" collisions="48" teleports="48" halting="6" stopped="0" meanWaitingTime="894.64" meanTravelTime="294.92" meanSpeed="19.63" meanSpeedRelative="0.61" duration="5"/>
    <step time="41400.00" loaded="39463" inserted="35851" running="505" waiting="3612" ended="35346" arrived="35346" collisions="49" teleports="49" halting="1" stopped="0" meanWaitingTime="903.50" meanTravelTime="295.51" meanSpeed="19.76" meanSpeedRelative="0.62" duration="5"/>
    <step time="41700.00" loaded="39957" inserted="36280" running="488" waiting="3677" ended="35792" arrived="35792" collisions="50" teleports="50" halting="5" stopped="0" meanWaitingTime="913.28" meanTravelTime="296.11" meanSpeed="19.65" meanSpeedRelative="0.61" duration="4"/>
    <step time="42000.00" loaded="40461" inserted="36713" running="493" waiting="3748" ended="36220" arrived="36220" collisions="50" teleports="50" halting="7" stopped="0" meanWaitingTime="924.33" meanTravelTime="296.51" meanSpeed="20.21" meanSpeedRelative="0.63" duration="5"/>
    <step time="42300.00" loaded="40946" inserted="37129" running="477" waiting="3817" ended="36652" arrived="36652" collisions="50" teleports="50" halting="8" stopped="0" meanWaitingTime="934.81" meanTravelTime="297.27" meanSpeed="20.52" meanSpeedRelative="0.64" duration="4"/>
    <step time="42600.00" loaded="41460" inserted="37562" running="477" waiting="3898" ended="37085" arrived="37085" collisions="50" teleports="50" halting="5" stopped="0" meanWaitingTime="945.99" meanTravelTime="297.78" meanSpeed="20.08" meanSpeedRelative="0.63" duration="6"/>
    <step time="42900.00" loaded="41983" inserted="37999" running="479" waiting="3984" ended="37520" arrived="37520" collisions="52" teleports="52" halting="7" stopped="0" meanWaitingTime="957.35" meanTravelTime="298.01" meanSpeed="20.00" meanSpeedRelative="0.62" duration="6"/>
    <step time="43200.00" loaded="42481" inserted="38402" running="457" waiting="4079" ended="37945" arrived="37945" collisions="54" teleports="54" halting="6" stopped="0" meanWaitingTime="969.29" meanTravelTime="298.72" meanSpeed="20.27" meanSpeedRelative="0.63" duration="95"/>
    <step time="43500.00" loaded="43012" inserted="38866" running="503" waiting="4146" ended="38363" arrived="38363" collisions="54" teleports="54" halting="9" stopped="0" meanWaitingTime="980.90" meanTravelTime="299.01" meanSpeed="19.86" meanSpeedRelative="0.62" duration="5"/>
    <step time="43800.00" loaded="43553" inserted="39325" running="519" waiting="4228" ended="38806" arrived="38806" collisions="57" teleports="57" halting="2" stopped="0" meanWaitingTime="992.06" meanTravelTime="299.23" meanSpeed="19.33" meanSpeedRelative="0.60" duration="4"/>
    <step time="44100.00" loaded="44066" inserted="39765" running="526" waiting="4301" ended="39239" arrived="39239" collisions="58" teleports="58" halting="6" stopped="0" meanWaitingTime="1003.24" meanTravelTime="299.59" meanSpeed="19.27" meanSpeedRelative="0.60" duration="4"/>
    <step time="44400.00" loaded="44614" inserted="40227" running="557" waiting="4387" ended="39670" arrived="39670" collisions="58" teleports="58" halting="8" stopped="0" meanWaitingTime="1012.94" meanTravelTime="300.28" meanSpeed="19.34" meanSpeedRelative="0.60" duration="6"/>
    <step time="44700.00" loaded="45185" inserted="40691" running="570" waiting="4494" ended="40121" arrived="40121" collisions="58" teleports="58" halting="7" stopped="0" meanWaitingTime="1022.33" meanTravelTime="300.90" meanSpeed="18.67" meanSpeedRelative="0.58" duration="7"/>
    <step time="45000.00" loaded="45694" inserted="41110" running="530" waiting="4584" ended="40580" arrived="40580" collisions="58" teleports="58" halting="4" stopped="0" meanWaitingTime="1032.63" meanTravelTime="301.70" meanSpeed="19.12" meanSpeedRelative="0.60" duration="6"/>
    <step time="45300.00" loaded="46233" inserted="41552" running="549" waiting="4681" ended="41003" arrived="41003" collisions="58" teleports="58" halting="7" stopped="0" meanWaitingTime="1042.76" meanTravelTime="302.50" meanSpeed="18.75" meanSpeedRelative="0.59" duration="6"/>
    <step time="45600.00" loaded="46745" inserted="41977" running="527" waiting="4768" ended="41450" arrived="41450" collisions="59" teleports="59" halting="13" stopped="0" meanWaitingTime="1052.19" meanTravelTime="303.36" meanSpeed="19.21" meanSpeedRelative="0.60" duration="6"/>
    <step time="45900.00" loaded="47306" inserted="42428" running="526" waiting="4878" ended="41902" arrived="41902" collisions="59" teleports="59" halting="2" stopped="0" meanWaitingTime="1063.03" meanTravelTime="303.97" meanSpeed="19.43" meanSpeedRelative="0.61" duration="8"/>
    <step time="46200.00" loaded="47847" inserted="42898" running="549" waiting="4949" ended="42349" arrived="42349" collisions="59" teleports="59" halting="7" stopped="0" meanWaitingTime="1072.85" meanTravelTime="304.81" meanSpeed="19.47" meanSpeedRelative="0.61" duration="7"/>
    <step time="46500.00" loaded="48379" inserted="43344" running="551" waiting="5035" ended="42793" arrived="42793" collisions="61" teleports="61" halting="9" stopped="0" meanWaitingTime="1083.44" meanTravelTime="305.30" meanSpeed="19.02" meanSpeedRelative="0.59" duration="4"/>
    <step time="46800.00" loaded="48906" inserted="43808" running="571" waiting="5098" ended="43237" arrived="43237" collisions="62" teleports="62" halting="6" stopped="0" meanWaitingTime="1094.78" meanTravelTime="305.78" meanSpeed="19.41" meanSpeedRelative="0.61" duration="98"/>
    <step time="47100.00" loaded="49419" inserted="44220" running="534" waiting="5199" ended="43686" arrived="43686" collisions="63" teleports="63" halting="11" stopped="0" meanWaitingTime="1105.04" meanTravelTime="306.32" meanSpeed="19.80" meanSpeedRelative="0.62" duration="5"/>
    <step time="47400.00" loaded="49920" inserted="44680" running="562" waiting="5240" ended="44118" arrived="44118" collisions="64" teleports="64" halting="6" stopped="0" meanWaitingTime="1115.03" meanTravelTime="307.07" meanSpeed="19.28" meanSpeedRelative="0.60" duration="7"/>
    <step time="47700.00" loaded="50457" inserted="45128" running="535" waiting="5329" ended="44593" arrived="44593" collisions="65" teleports="65" halting="6" stopped="0" meanWaitingTime="1125.94" meanTravelTime="307.63" meanSpeed="19.81" meanSpeedRelative="0.62" duration="7"/>
    <step time="48000.00" loaded="51015" inserted="45598" running="568" waiting="5417" ended="45030" arrived="45030" collisions="65" teleports="65" halting="10" stopped="0" meanWaitingTime="1135.54" meanTravelTime="308.32" meanSpeed="18.54" meanSpeedRelative="0.58" duration="5"/>
    <step time="48300.00" loaded="51527" inserted="46027" running="559" waiting="5500" ended="45468" arrived="45468" collisions="66" teleports="66" halting="3" stopped="0" meanWaitingTime="1145.86" meanTravelTime="308.86" meanSpeed="19.02" meanSpeedRelative="0.59" duration="5"/>
    <step time="48600.00" loaded="52084" inserted="46473" running="514" waiting="5611" ended="45959" arrived="45959" collisions="66" teleports="66" halting="2" stopped="0" meanWaitingTime="1157.51" meanTravelTime="309.37" meanSpeed="19.89" meanSpeedRelative="0.62" duration="6"/>
    <step time="48900.00" loaded="52579" inserted="46925" running="514" waiting="5654" ended="46411" arrived="46411" collisions="67" teleports="67" halting="4" stopped="0" meanWaitingTime="1172.64" meanTravelTime="309.83" meanSpeed="19.44" meanSpeedRelative="0.61" duration="7"/>
    <step time="49200.00" loaded="53131" inserted="47389" running="539" waiting="5742" ended="46850" arrived="46850" collisions="67" teleports="67" halting="7" stopped="0" meanWaitingTime="1186.58" meanTravelTime="310.28" meanSpeed="19.08" meanSpeedRelative="0.60" duration="6"/>
    <step time="49500.00" loaded="53651" inserted="47859" running="540" waiting="5792" ended="47319" arrived="47319" collisions="67" teleports="67" halting="5" stopped="0" meanWaitingTime="1201.48" meanTravelTime="310.55" meanSpeed="19.39" meanSpeedRelative="0.61" duration="7"/>
    <step time="49800.00" loaded="54182" inserted="48336" running="563" waiting="5846" ended="47773" arrived="47773" collisions="69" teleports="69" halting="6" stopped="0" meanWaitingTime="1216.65" meanTravelTime="310.80" meanSpeed="19.41" meanSpeedRelative="0.61" duration="6"/>
    <step time="50100.00" loaded="54743" inserted="48795" running="569" waiting="5948" ended="48226" arrived="48226" collisions="74" teleports="74" halting="5" stopped="0" meanWaitingTime="1229.22" meanTravelTime="311.27" meanSpeed="19.19" meanSpeedRelative="0.60" duration="11"/>
    <step time="50400.00" loaded="55278" inserted="49273" running="593" waiting="6005" ended="48680" arrived="48680" collisions="77" teleports="77" halting="4" stopped="0" meanWaitingTime="1243.91" meanTravelTime="311.70" meanSpeed="19.27" meanSpeedRelative="0.60" duration="99"/>
    <step time="50700.00" loaded="55980" inserted="49826" running="654" waiting="6154" ended="49172" arrived="49172" collisions="78" teleports="78" halting="7" stopped="0" meanWaitingTime="1257.95" meanTravelTime="312.24" meanSpeed="17.40" meanSpeedRelative="0.54" duration="8"/>
    <step time="51000.00" loaded="56708" inserted="50371" running="708" waiting="6337" ended="49663" arrived="49663" collisions="80" teleports="80" halting="8" stopped="0" meanWaitingTime="1271.29" meanTravelTime="312.61" meanSpeed="17.29" meanSpeedRelative="0.54" duration="10"/>
    <step time="51300.00" loaded="57456" inserted="50903" running="735" waiting="6553" ended="50168" arrived="50168" collisions="81" teleports="81" halting="2" stopped="0" meanWaitingTime="1284.79" meanTravelTime="313.60" meanSpeed="15.84" meanSpeedRelative="0.49" duration="7"/>
    <step time="51600.00" loaded="58154" inserted="51446" running="793" waiting="6708" ended="50653" arrived="50653" collisions="81" teleports="81" halting="7" stopped="0" meanWaitingTime="1297.51" meanTravelTime="314.58" meanSpeed="15.12" meanSpeedRelative="0.47" duration="10"/>
    <step time="51900.00" loaded="58894" inserted="51967" running="824" waiting="6927" ended="51143" arrived="51143" collisions="81" teleports="81" halting="8" stopped="0" meanWaitingTime="1309.60" meanTravelTime="315.86" meanSpeed="14.50" meanSpeedRelative="0.45" duration="10"/>
    <step time="52200.00" loaded="59627" inserted="52469" running="831" waiting="7158" ended="51638" arrived="51638" collisions="83" teleports="83" halting="16" stopped="0" meanWaitingTime="1322.28" meanTravelTime="317.32" meanSpeed="13.85" meanSpeedRelative="0.43" duration="9"/>
    <step time="52500.00" loaded="60355" inserted="53014" running="820" waiting="7341" ended="52194" arrived="52194" collisions="85" teleports="85" halting="8" stopped="0" meanWaitingTime="1335.82" meanTravelTime="319.11" meanSpeed="15.36" meanSpeedRelative="0.48" duration="9"/>
    <step time="52800.00" loaded="61091" inserted="53563" running="845" waiting="7528" ended="52718" arrived="52718" collisions="85" teleports="85" halting="6" stopped="0" meanWaitingTime="1349.21" meanTravelTime="320.64" meanSpeed="14.05" meanSpeedRelative="0.44" duration="9"/>
    <step time="53100.00" loaded="61801" inserted="54068" running="854" waiting="7733" ended="53214" arrived="53214" collisions="86" teleports="86" halting="10" stopped="0" meanWaitingTime="1362.56" meanTravelTime="322.06" meanSpeed="13.73" meanSpeedRelative="0.43" duration="9"/>
    <step time="53400.00" loaded="62492" inserted="54590" running="880" waiting="7902" ended="53710" arrived="53710" collisions="87" teleports="87" halting="8" stopped="0" meanWaitingTime="1376.33" meanTravelTime="323.69" meanSpeed="13.70" meanSpeedRelative="0.43" duration="12"/>
    <step time="53700.00" loaded="63174" inserted="55100" running="856" waiting="8074" ended="54244" arrived="54244" collisions="92" teleports="92" halting="11" stopped="0" meanWaitingTime="1392.51" meanTravelTime="325.27" meanSpeed="14.08" meanSpeedRelative="0.44" duration="8"/>
    <step time="54000.00" loaded="63849" inserted="55610" running="851" waiting="8239" ended="54759" arrived="54759" collisions="95" teleports="95" halting="16" stopped="0" meanWaitingTime="1407.73" meanTravelTime="327.04" meanSpeed="13.60" meanSpeedRelative="0.42" duration="91"/>
    <step time="54300.00" loaded="64320" inserted="56052" running="792" waiting="8268" ended="55260" arrived="55260" collisions="98" teleports="98" halting="7" stopped="0" meanWaitingTime="1421.18" meanTravelTime="328.72" meanSpeed="14.72" meanSpeedRelative="0.46" duration="8"/>
    <step time="54600.00" loaded="64808" inserted="56494" running="731" waiting="8314" ended="55763" arrived="55763" collisions="100" teleports="100" halting="6" stopped="0" meanWaitingTime="1437.42" meanTravelTime="330.14" meanSpeed="15.18" meanSpeedRelative="0.47" duration="8"/>
    <step time="54900.00" loaded="65266" inserted="56958" running="707" waiting="8308" ended="56251" arrived="56251" collisions="101" teleports="101" halting="5" stopped="0" meanWaitingTime="1454.38" meanTravelTime="331.44" meanSpeed="15.91" meanSpeedRelative="0.50" duration="11"/>
    <step time="55200.00" loaded="65726" inserted="57423" running="677" waiting="8303" ended="56746" arrived="56746" collisions="104" teleports="104" halting="7" stopped="0" meanWaitingTime="1470.15" meanTravelTime="332.79" meanSpeed="16.82" meanSpeedRelative="0.53" duration="9"/>
    <step time="55500.00" loaded="66202" inserted="57883" running="692" waiting="8319" ended="57191" arrived="57191" collisions="106" teleports="106" halting="3" stopped="0" meanWaitingTime="1486.88" meanTravelTime="333.64" meanSpeed="16.55" meanSpeedRelative="0.52" duration="9"/>
    <step time="55800.00" loaded="66659" inserted="58322" running="655" waiting="8337" ended="57667" arrived="57667" collisions="107" teleports="107" halting="2" stopped="0" meanWaitingTime="1503.53" meanTravelTime="334.62" meanSpeed="16.90" meanSpeedRelative="0.53" duration="7"/>
    <step time="56100.00" loaded="67101" inserted="58754" running="613" waiting="8347" ended="58141" arrived="58141" collisions="110" teleports="110" halting="4" stopped="0" meanWaitingTime="1522.89" meanTravelTime="335.33" meanSpeed="18.77" meanSpeedRelative="0.59" duration="6"/>
    <step time="56400.00" loaded="67556" inserted="59214" running="602" waiting="8342" ended="58612" arrived="58612" collisions="111" teleports="111" halting="6" stopped="0" meanWaitingTime="1541.84" meanTravelTime="336.05" meanSpeed="18.02" meanSpeedRelative="0.56" duration="8"/>
    <step time="56700.00" loaded="67999" inserted="59676" running="599" waiting="8323" ended="59077" arrived="59077" collisions="112" teleports="112" halting="10" stopped="0" meanWaitingTime="1559.96" meanTravelTime="336.65" meanSpeed="18.53" meanSpeedRelative="0.58" duration="8"/>
    <step time="57000.00" loaded="68423" inserted="60142" running="581" waiting="8281" ended="59561" arrived="59561" collisions="113" teleports="113" halting="8" stopped="0" meanWaitingTime="1578.96" meanTravelTime="336.93" meanSpeed="17.72" meanSpeedRelative="0.55" duration="7"/>
    <step time="57300.00" loaded="68909" inserted="60601" running="584" waiting="8308" ended="60017" arrived="60017" collisions="117" teleports="117" halting="6" stopped="0" meanWaitingTime="1596.73" meanTravelTime="337.35" meanSpeed="18.58" meanSpeedRelative="0.58" duration="8"/>
    <step time="57600.00" loaded="69348" inserted="61047" running="560" waiting="8301" ended="60487" arrived="60487" collisions="118" teleports="118" halting="3" stopped="0" meanWaitingTime="1614.52" meanTravelTime="337.47" meanSpeed="19.01" meanSpeedRelative="0.59" duration="87"/>
    <step time="57900.00" loaded="69903" inserted="61533" running="568" waiting="8370" ended="60965" arrived="60965" collisions="121" teleports="121" halting="10" stopped="0" meanWaitingTime="1632.08" meanTravelTime="337.97" meanSpeed="18.11" meanSpeedRelative="0.57" duration="7"/>
    <step time="58200.00" loaded="70453" inserted="62038" running="611" waiting="8415" ended="61427" arrived="61427" collisions="123" teleports="123" halting="8" stopped="0" meanWaitingTime="1648.73" meanTravelTime="338.04" meanSpeed="18.71" meanSpeedRelative="0.58" duration="8"/>
    <step time="58500.00" loaded="71025" inserted="62530" running="623" waiting="8495" ended="61907" arrived="61907" collisions="123" teleports="123" halting="4" stopped="0" meanWaitingTime="1664.70" meanTravelTime="338.23" meanSpeed="17.20" meanSpeedRelative="0.54" duration="9"/>
    <step time="58800.00" loaded="71578" inserted="63026" running="640" waiting="8552" ended="62386" arrived="62386" collisions="125" teleports="125" halting="6" stopped="0" meanWaitingTime="1680.74" meanTravelTime="338.45" meanSpeed="18.23" meanSpeedRelative="0.57" duration="5"/>
    <step time="59100.00" loaded="72130" inserted="63505" running="634" waiting="8625" ended="62871" arrived="62871" collisions="125" teleports="125" halting="9" stopped="0" meanWaitingTime="1697.27" meanTravelTime="338.81" meanSpeed="17.76" meanSpeedRelative="0.56" duration="6"/>
    <step time="59400.00" loaded="72674" inserted="64005" running="632" waiting="8669" ended="63373" arrived="63373" collisions="127" teleports="127" halting="4" stopped="0" meanWaitingTime="1714.45" meanTravelTime="339.19" meanSpeed="17.14" meanSpeedRelative="0.54" duration="8"/>
    <step time="59700.00" loaded="73229" inserted="64512" running="662" waiting="8717" ended="63850" arrived="63850" collisions="130" teleports="130" halting="5" stopped="0" meanWaitingTime="1730.25" meanTravelTime="339.51" meanSpeed="17.35" meanSpeedRelative="0.54" duration="10"/>
    <step time="60000.00" loaded="73750" inserted="65016" running="673" waiting="8734" ended="64343" arrived="64343" collisions="132" teleports="132" halting="5" stopped="0" meanWaitingTime="1746.66" meanTravelTime="339.95" meanSpeed="17.64" meanSpeedRelative="0.55" duration="9"/>
    <step time="60300.00" loaded="74306" inserted="65488" running="673" waiting="8818" ended="64815" arrived="64815" collisions="133" teleports="133" halting="7" stopped="0" meanWaitingTime="1761.96" meanTravelTime="340.38" meanSpeed="17.35" meanSpeedRelative="0.54" duration="9"/>
    <step time="60600.00" loaded="74833" inserted="65981" running="693" waiting="8852" ended="65288" arrived="65288" collisions="133" teleports="133" halting="3" stopped="0" meanWaitingTime="1778.25" meanTravelTime="340.75" meanSpeed="17.39" meanSpeedRelative="0.54" duration="9"/>
    <step time="60900.00" loaded="75440" inserted="66483" running="729" waiting="8957" ended="65754" arrived="65754" collisions="136" teleports="136" halting="5" stopped="0" meanWaitingTime="1793.95" meanTravelTime="341.42" meanSpeed="16.98" meanSpeedRelative="0.53" duration="10"/>
    <step time="61200.00" loaded="76017" inserted="66974" running="728" waiting="9043" ended="66246" arrived="66246" collisions="137" teleports="137" halting="3" stopped="0" meanWaitingTime="1809.97" meanTravelTime="342.13" meanSpeed="16.58" meanSpeedRelative="0.52" duration="86"/>
    <step time="61500.00" loaded="76085" inserted="67308" running="598" waiting="8777" ended="66710" arrived="66710" collisions="142" teleports="142" halting="7" stopped="0" meanWaitingTime="1831.18" meanTravelTime="343.22" meanSpeed="16.02" meanSpeedRelative="0.50" duration="10"/>
    <step time="61800.00" loaded="76141" inserted="67632" running="545" waiting="8509" ended="67087" arrived="67087" collisions="145" teleports="145" halting="2" stopped="0" meanWaitingTime="1851.87" meanTravelTime="343.88" meanSpeed="17.17" meanSpeedRelative="0.54" duration="9"/>
    <step time="62100.00" loaded="76220" inserted="67969" running="501" waiting="8251" ended="67468" arrived="67468" collisions="147" teleports="147" halting="5" stopped="0" meanWaitingTime="1875.47" meanTravelTime="344.60" meanSpeed="17.23" meanSpeedRelative="0.54" duration="8"/>
    <step time="62400.00" loaded="76285" inserted="68292" running="443" waiting="7993" ended="67849" arrived="67849" collisions="149" teleports="149" halting="9" stopped="0" meanWaitingTime="1898.42" meanTravelTime="345.48" meanSpeed="18.27" meanSpeedRelative="0.57" duration="4"/>
    <step time="62700.00" loaded="76364" inserted="68562" running="368" waiting="7802" ended="68194" arrived="68194" collisions="149" teleports="149" halting="3" stopped="0" meanWaitingTime="1915.56" meanTravelTime="345.83" meanSpeed="20.21" meanSpeedRelative="0.63" duration="3"/>
    <step time="63000.00" loaded="76448" inserted="68834" running="331" waiting="7614" ended="68503" arrived="68503" collisions="150" teleports="150" halting="5" stopped="0" meanWaitingTime="1931.95" meanTravelTime="346.10" meanSpeed="20.80" meanSpeedRelative="0.65" duration="4"/>
    <step time="63300.00" loaded="76522" inserted="69049" running="272" waiting="7473" ended="68777" arrived="68777" collisions="150" teleports="150" halting="7" stopped="0" meanWaitingTime="1946.85" meanTravelTime="346.27" meanSpeed="21.28" meanSpeedRelative="0.66" duration="3"/>
    <step time="63600.00" loaded="76592" inserted="69269" running="236" waiting="7323" ended="69033" arrived="69033" collisions="150" teleports="150" halting="4" stopped="0" meanWaitingTime="1966.26" meanTravelTime="346.34" meanSpeed="22.07" meanSpeedRelative="0.69" duration="4"/>
    <step time="63900.00" loaded="76664" inserted="69500" running="235" waiting="7164" ended="69265" arrived="69265" collisions="150" teleports="150" halting="4" stopped="0" meanWaitingTime="1988.40" meanTravelTime="346.28" meanSpeed="21.74" meanSpeedRelative="0.68" duration="4"/>
    <step time="64200.00" loaded="76749" inserted="69720" running="244" waiting="7029" ended="69476" arrived="69476" collisions="150" teleports="150" halting="4" stopped="0" meanWaitingTime="2006.64" meanTravelTime="346.22" meanSpeed="22.03" meanSpeedRelative="0.69" duration="4"/>
    <step time="64500.00" loaded="76821" inserted="69929" running="223" waiting="6892" ended="69706" arrived="69706" collisions="150" teleports="150" halting="2" stopped="0" meanWaitingTime="2024.46" meanTravelTime="346.16" meanSpeed="22.20" meanSpeedRelative="0.69" duration="2"/>
    <step time="64800.00" loaded="76888" inserted="70135" running="214" waiting="6753" ended="69921" arrived="69921" collisions="150" teleports="150" halting="4" stopped="0" meanWaitingTime="2043.71" meanTravelTime="346.06" meanSpeed="21.84" meanSpeedRelative="0.68" duration="106"/>
    <step time="65100.00" loaded="76931" inserted="70350" running="212" waiting="6581" ended="70138" arrived="70138" collisions="150" teleports="150" halting="9" stopped="0" meanWaitingTime="2064.86" meanTravelTime="345.93" meanSpeed="20.16" meanSpeedRelative="0.63" duration="4"/>
    <step time="65400.00" loaded="76982" inserted="70558" running="207" waiting="6424" ended="70351" arrived="70351" collisions="150" teleports="150" halting="1" stopped="0" meanWaitingTime="2084.93" meanTravelTime="345.81" meanSpeed="20.97" meanSpeedRelative="0.66" duration="4"/>
    <step time="65700.00" loaded="77041" inserted="70777" running="217" waiting="6264" ended="70560" arrived="70560" collisions="150" teleports="150" halting="2" stopped="0" meanWaitingTime="2104.49" meanTravelTime="345.64" meanSpeed="22.13" meanSpeedRelative="0.69" duration="3"/>
    <step time="66000.00" loaded="77089" inserted="70972" running="197" waiting="6117" ended="70775" arrived="70775" collisions="150" teleports="150" halting="4" stopped="0" meanWaitingTime="2123.70" meanTravelTime="345.46" meanSpeed="21.22" meanSpeedRelative="0.66" duration="4"/>
    <step time="66300.00" loaded="77140" inserted="71121" running="130" waiting="6019" ended="70991" arrived="70991" collisions="150" teleports="150" halting="9" stopped="0" meanWaitingTime="2142.97" meanTravelTime="345.39" meanSpeed="19.91" meanSpeedRelative="0.62" duration="2"/>
    <step time="66600.00" loaded="77196" inserted="71262" running="118" waiting="5934" ended="71144" arrived="71144" collisions="150" teleports="150" halting="3" stopped="0" meanWaitingTime="2159.29" meanTravelTime="345.23" meanSpeed="20.06" meanSpeedRelative="0.63" duration="2"/>
    <step time="66900.00" loaded="77255" inserted="71435" running="134" waiting="5820" ended="71301" arrived="71301" collisions="151" teleports="151" halting="2" stopped="0" meanWaitingTime="2182.58" meanTravelTime="344.99" meanSpeed="21.36" meanSpeedRelative="0.67" duration="2"/>
    <step time="67200.00" loaded="77324" inserted="71586" running="127" waiting="5738" ended="71459" arrived="71459" collisions="151" teleports="151" halting="8" stopped="0" meanWaitingTime="2199.42" meanTravelTime="344.76" meanSpeed="19.85" meanSpeedRelative="0.62" duration="2"/>
    <step time="67500.00" loaded="77374" inserted="71733" running="123" waiting="5641" ended="71610" arrived="71610" collisions="151" teleports="151" halting="4" stopped="0" meanWaitingTime="2218.50" meanTravelTime="344.56" meanSpeed="21.53" meanSpeedRelative="0.67" duration="1"/>
    <step time="67800.00" loaded="77430" inserted="71888" running="122" waiting="5542" ended="71766" arrived="71766" collisions="151" teleports="151" halting="2" stopped="0" meanWaitingTime="2239.13" meanTravelTime="344.31" meanSpeed="21.75" meanSpeedRelative="0.68" duration="3"/>
    <step time="68100.00" loaded="77469" inserted="72051" running="116" waiting="5418" ended="71935" arrived="71935" collisions="151" teleports="151" halting="4" stopped="0" meanWaitingTime="2262.92" meanTravelTime="344.05" meanSpeed="19.27" meanSpeedRelative="0.60" duration="2"/>
    <step time="68400.00" loaded="77531" inserted="72199" running="118" waiting="5332" ended="72081" arrived="72081" collisions="151" teleports="151" halting="5" stopped="0" meanWaitingTime="2279.82" meanTravelTime="343.77" meanSpeed="21.33" meanSpeedRelative="0.67" duration="93"/>
    <step time="68700.00" loaded="77685" inserted="72402" running="171" waiting="5283" ended="72231" arrived="72231" collisions="151" teleports="151" halting="6" stopped="0" meanWaitingTime="2296.81" meanTravelTime="343.53" meanSpeed="20.69" meanSpeedRelative="0.65" duration="2"/>
    <step time="69000.00" loaded="77831" inserted="72589" running="180" waiting="5242" ended="72409" arrived="72409" collisions="151" teleports="151" halting="3" stopped="0" meanWaitingTime="2309.15" meanTravelTime="343.28" meanSpeed="22.47" meanSpeedRelative="0.70" duration="2"/>
    <step time="69300.00" loaded="77986" inserted="72796" running="181" waiting="5190" ended="72615" arrived="72615" collisions="151" teleports="151" halting="3" stopped="0" meanWaitingTime="2323.01" meanTravelTime="343.08" meanSpeed="22.42" meanSpeedRelative="0.70" duration="1"/>
    <step time="69600.00" loaded="78134" inserted="72995" running="187" waiting="5139" ended="72808" arrived="72808" collisions="151" teleports="151" halting="8" stopped="0" meanWaitingTime="2338.03" meanTravelTime="342.93" meanSpeed="21.81" meanSpeedRelative="0.68" duration="2"/>
    <step time="69900.00" loaded="78295" inserted="73207" running="201" waiting="5088" ended="73006" arrived="73006" collisions="151" teleports="151" halting="5" stopped="0" meanWaitingTime="2352.26" meanTravelTime="342.77" meanSpeed="21.68" meanSpeedRelative="0.68" duration="2"/>
    <step time="70200.00" loaded="78453" inserted="73409" running="201" waiting="5044" ended="73208" arrived="73208" collisions="151" teleports="151" halting="5" stopped="0" meanWaitingTime="2366.99" meanTravelTime="342.59" meanSpeed="22.47" meanSpeedRelative="0.70" duration="2"/>
    <step time="70500.00" loaded="78586" inserted="73597" running="187" waiting="4989" ended="73410" arrived="73410" collisions="151" teleports="151" halting="4" stopped="0" meanWaitingTime="2384.43" meanTravelTime="342.44" meanSpeed="21.54" meanSpeedRelative="0.67" duration="2"/>
    <step time="70800.00" loaded="78733" inserted="73806" running="175" waiting="4927" ended="73631" arrived="73631" collisions="152" teleports="152" halting="3" stopped="0" meanWaitingTime="2402.10" meanTravelTime="342.19" meanSpeed="21.24" meanSpeedRelative="0.66" duration="2"/>
    <step time="71100.00" loaded="78879" inserted="74008" running="182" waiting="4871" ended="73826" arrived="73826" collisions="153" teleports="153" halting="4" stopped="0" meanWaitingTime="2416.25" meanTravelTime="341.98" meanSpeed="21.75" meanSpeedRelative="0.68" duration="2"/>
    <step time="71400.00" loaded="79043" inserted="74226" running="187" waiting="4817" ended="74039" arrived="74039" collisions="154" teleports="154" halting="9" stopped="0" meanWaitingTime="2435.51" meanTravelTime="341.70" meanSpeed="20.47" meanSpeedRelative="0.64" duration="3"/>
    <step time="71700.00" loaded="79202" inserted="74424" running="177" waiting="4778" ended="74247" arrived="74247" collisions="155" teleports="155" halting="3" stopped="0" meanWaitingTime="2449.41" meanTravelTime="341.55" meanSpeed="21.72" meanSpeedRelative="0.68" duration="1"/>
    <step time="72000.00" loaded="79360" inserted="74635" running="194" waiting="4725" ended="74441" arrived="74441" collisions="155" teleports="155" halting="4" stopped="0" meanWaitingTime="2464.17" meanTravelTime="341.30" meanSpeed="23.03" meanSpeedRelative="0.72" duration="86"/>
    <step time="72300.00" loaded="79496" inserted="74821" running="173" waiting="4675" ended="74648" arrived="74648" collisions="156" teleports="156" halting="5" stopped="0" meanWaitingTime="2480.24" meanTravelTime="341.15" meanSpeed="22.80" meanSpeedRelative="0.71" duration="2"/>
    <step time="72600.00" loaded="79618" inserted="75004" running="163" waiting="4614" ended="74841" arrived="74841" collisions="156" teleports="156" halting="7" stopped="0" meanWaitingTime="2495.34" meanTravelTime="341.00" meanSpeed="21.07" meanSpeedRelative="0.66" duration="2"/>
    <step time="72900.00" loaded="79740" inserted="75187" running="160" waiting="4553" ended="75027" arrived="75027" collisions="156" teleports="156" halting="3" stopped="0" meanWaitingTime="2511.59" meanTravelTime="340.75" meanSpeed="20.59" meanSpeedRelative="0.64" duration="1"/>
    <step time="73200.00" loaded="79892" inserted="75400" running="187" waiting="4492" ended="75213" arrived="75213" collisions="156" teleports="156" halting="4" stopped="0" meanWaitingTime="2526.58" meanTravelTime="340.57" meanSpeed="21.46" meanSpeedRelative="0.67" duration="2"/>
    <step time="73500.00" loaded="80046" inserted="75601" running="189" waiting="4445" ended="75412" arrived="75412" collisions="156" teleports="156" halting="7" stopped="0" meanWaitingTime="2542.03" meanTravelTime="340.33" meanSpeed="21.94" meanSpeedRelative="0.69" duration="2"/>
    <step time="73800.00" loaded="80163" inserted="75780" running="172" waiting="4383" ended="75608" arrived="75608" collisions="156" teleports="156" halting="6" stopped="0" meanWaitingTime="2558.62" meanTravelTime="340.24" meanSpeed="21.12" meanSpeedRelative="0.66" duration="1"/>
    <step time="74100.00" loaded="80298" inserted="75978" running="173" waiting="4320" ended="75805" arrived="75805" collisions="156" teleports="156" halting="2" stopped="0" meanWaitingTime="2576.51" meanTravelTime="340.08" meanSpeed="22.59" meanSpeedRelative="0.71" duration="2"/>
    <step time="74400.00" loaded="80426" inserted="76163" running="163" waiting="4263" ended="76000" arrived="76000" collisions="156" teleports="156" halting="4" stopped="0" meanWaitingTime="2592.79" meanTravelTime="339.98" meanSpeed="22.31" meanSpeedRelative="0.70" duration="2"/>
    <step time="74700.00" loaded="80553" inserted="76351" running="168" waiting="4202" ended="76183" arrived="76183" collisions="156" teleports="156" halting="5" stopped="0" meanWaitingTime="2609.61" meanTravelTime="339.79" meanSpeed="22.52" meanSpeedRelative="0.70" duration="1"/>
    <step time="75000.00" loaded="80685" inserted="76548" running="181" waiting="4137" ended="76367" arrived="76367" collisions="156" teleports="156" halting="7" stopped="0" meanWaitingTime="2627.00" meanTravelTime="339.59" meanSpeed="21.92" meanSpeedRelative="0.68" duration="2"/>
    <step time="75300.00" loaded="80820" inserted="76749" running="178" waiting="4071" ended="76571" arrived="76571" collisions="156" teleports="156" halting="4" stopped="0" meanWaitingTime="2643.63" meanTravelTime="339.42" meanSpeed="22.07" meanSpeedRelative="0.69" duration="2"/>
    <step time="75600.00" loaded="80960" inserted="76944" running="181" waiting="4016" ended="76763" arrived="76763" collisions="157" teleports="157" halting="4" stopped="0" meanWaitingTime="2658.18" meanTravelTime="339.25" meanSpeed="22.43" meanSpeedRelative="0.70" duration="86"/>
    <step time="75900.00" loaded="81199" inserted="77220" running="238" waiting="3979" ended="76982" arrived="76982" collisions="157" teleports="157" halting="5" stopped="0" meanWaitingTime="2671.03" meanTravelTime="339.08" meanSpeed="21.70" meanSpeedRelative="0.68" duration="3"/>
    <step time="76200.00" loaded="81410" inserted="77465" running="228" waiting="3945" ended="77237" arrived="77237" collisions="157" teleports="157" halting="4" stopped="0" meanWaitingTime="2683.36" meanTravelTime="338.82" meanSpeed="22.09" meanSpeedRelative="0.69" duration="2"/>
    <step time="76500.00" loaded="81604" inserted="77695" running="219" waiting="3909" ended="77476" arrived="77476" collisions="157" teleports="157" halting="5" stopped="0" meanWaitingTime="2694.91" meanTravelTime="338.63" meanSpeed="21.85" meanSpeedRelative="0.68" duration="2"/>
    <step time="76800.00" loaded="81832" inserted="77940" running="237" waiting="3892" ended="77703" arrived="77703" collisions="158" teleports="158" halting="2" stopped="0" meanWaitingTime="2706.34" meanTravelTime="338.50" meanSpeed="22.79" meanSpeedRelative="0.71" duration="2"/>
    <step time="77100.00" loaded="82048" inserted="78179" running="237" waiting="3869" ended="77942" arrived="77942" collisions="158" teleports="158" halting="9" stopped="0" meanWaitingTime="2717.84" meanTravelTime="338.31" meanSpeed="22.28" meanSpeedRelative="0.70" duration="2"/>
    <step time="77400.00" loaded="82264" inserted="78427" running="243" waiting="3837" ended="78184" arrived="78184" collisions="159" teleports="159" halting="3" stopped="0" meanWaitingTime="2727.52" meanTravelTime="338.15" meanSpeed="22.96" meanSpeedRelative="0.72" duration="2"/>
    <step time="77700.00" loaded="82458" inserted="78668" running="232" waiting="3790" ended="78436" arrived="78436" collisions="160" teleports="160" halting="5" stopped="0" meanWaitingTime="2738.03" meanTravelTime="338.01" meanSpeed="22.02" meanSpeedRelative="0.69" duration="2"/>
    <step time="78000.00" loaded="82667" inserted="78904" running="225" waiting="3763" ended="78679" arrived="78679" collisions="160" teleports="160" halting="5" stopped="0" meanWaitingTime="2746.48" meanTravelTime="337.85" meanSpeed="22.99" meanSpeedRelative="0.72" duration="2"/>
    <step time="78300.00" loaded="82858" inserted="79134" running="222" waiting="3724" ended="78912" arrived="78912" collisions="160" teleports="160" halting="7" stopped="0" meanWaitingTime="2757.03" meanTravelTime="337.73" meanSpeed="23.25" meanSpeedRelative="0.73" duration="2"/>
    <step time="78600.00" loaded="83077" inserted="79388" running="256" waiting="3689" ended="79132" arrived="79132" collisions="160" teleports="160" halting="6" stopped="0" meanWaitingTime="2765.58" meanTravelTime="337.55" meanSpeed="22.25" meanSpeedRelative="0.70" duration="3"/>
    <step time="78900.00" loaded="83274" inserted="79625" running="242" waiting="3649" ended="79383" arrived="79383" collisions="160" teleports="160" halting="6" stopped="0" meanWaitingTime="2773.85" meanTravelTime="337.44" meanSpeed="21.88" meanSpeedRelative="0.68" duration="2"/>
    <step time="79200.00" loaded="83470" inserted="79855" running="227" waiting="3615" ended="79628" arrived="79628" collisions="161" teleports="161" halting="2" stopped="0" meanWaitingTime="2782.96" meanTravelTime="337.34" meanSpeed="22.36" meanSpeedRelative="0.70" duration="85"/>
    <step time="79500.00" loaded="83648" inserted="80074" running="191" waiting="3574" ended="79883" arrived="79883" collisions="161" teleports="161" halting="1" stopped="0" meanWaitingTime="2790.22" meanTravelTime="337.16" meanSpeed="22.97" meanSpeedRelative="0.72" duration="2"/>
    <step time="79800.00" loaded="83816" inserted="80295" running="196" waiting="3521" ended="80099" arrived="80099" collisions="161" teleports="161" halting="9" stopped="0" meanWaitingTime="2798.31" meanTravelTime="337.01" meanSpeed="22.24" meanSpeedRelative="0.69" duration="2"/>
    <step time="80100.00" loaded="83997" inserted="80527" running="217" waiting="3470" ended="80310" arrived="80310" collisions="162" teleports="162" halting="2" stopped="0" meanWaitingTime="2806.66" meanTravelTime="336.84" meanSpeed="22.61" meanSpeedRelative="0.71" duration="2"/>
    <step time="80400.00" loaded="84163" inserted="80741" running="200" waiting="3422" ended="80541" arrived="80541" collisions="162" teleports="162" halting="1" stopped="0" meanWaitingTime="2813.81" meanTravelTime="336.63" meanSpeed="22.64" meanSpeedRelative="0.71" duration="2"/>
    <step time="80700.00" loaded="84342" inserted="80959" running="188" waiting="3383" ended="80771" arrived="80771" collisions="162" teleports="162" halting="6" stopped="0" meanWaitingTime="2821.01" meanTravelTime="336.53" meanSpeed="22.01" meanSpeedRelative="0.69" duration="2"/>
    <step time="81000.00" loaded="84514" inserted="81186" running="210" waiting="3328" ended="80976" arrived="80976" collisions="162" teleports="162" halting="3" stopped="0" meanWaitingTime="2829.68" meanTravelTime="336.37" meanSpeed="21.75" meanSpeedRelative="0.68" duration="2"/>
    <step time="81300.00" loaded="84671" inserted="81390" running="188" waiting="3281" ended="81202" arrived="81202" collisions="162" teleports="162" halting="4" stopped="0" meanWaitingTime="2836.75" meanTravelTime="336.21" meanSpeed="21.69" meanSpeedRelative="0.68" duration="3"/>
    <step time="81600.00" loaded="84845" inserted="81616" running="189" waiting="3229" ended="81427" arrived="81427" collisions="162" teleports="162" halting="3" stopped="0" meanWaitingTime="2844.01" meanTravelTime="335.97" meanSpeed="22.17" meanSpeedRelative="0.69" duration="2"/>
    <step time="81900.00" loaded="85032" inserted="81810" running="165" waiting="3222" ended="81645" arrived="81645" collisions="162" teleports="162" halting="7" stopped="0" meanWaitingTime="2850.20" meanTravelTime="335.80" meanSpeed="22.74" meanSpeedRelative="0.71" duration="2"/>
    <step time="82200.00" loaded="85230" inserted="82007" running="187" waiting="3223" ended="81820" arrived="81820" collisions="162" teleports="162" halting="3" stopped="0" meanWaitingTime="2853.23" meanTravelTime="335.68" meanSpeed="23.13" meanSpeedRelative="0.72" duration="2"/>
    <step time="82500.00" loaded="85415" inserted="82195" running="185" waiting="3220" ended="82010" arrived="82010" collisions="163" teleports="163" halting="7" stopped="0" meanWaitingTime="2856.97" meanTravelTime="335.55" meanSpeed="22.18" meanSpeedRelative="0.69" duration="2"/>
</summary>
